channel_id,label,eligibility_status,reason_code,strict_surface,identity_review_status,identity_event_type,identity_event_date,identity_source_url,identity_source_title,role_review_status,role_entity_type,role_roles
UC_4Kw9UFTDz_Hv7K_rH9DQg,I'm a Mee,STRICT_VIRTUAL,IDENTITY_EVENT_WITH_EXPLICIT_VIRTUAL_SIGNAL,true,SUPPORTED,identity_start,2022-02-12T12:59:24+00:00,https://www.youtube.com/watch?v=TIkga2DW2Es,[ Live Debut ] หมีที่ไม่ได้เป็นหมีแต่เป็นจิ้งจอกน้ำแข็ง ❄️🦊 (≧w≦),,,[]
UC_djfyZ7N_-hPSxtrSsBNfQ,Victor Hoshino【GRADUATED】,HOLD_NEEDS_CHANNEL_REVIEW,NO_AFFIRMATIVE_CHANNEL_LEVEL_VIRTUAL_EVIDENCE_IN_CURRENT_REVIEW,false,REJECTED_AS_IDENTITY_EVENT,not_identity_event,,https://www.youtube.com/watch?v=PEYWgDndMjQ,〚Debut PV〛 Victor Hoshino ✨💫 | The Celestial Prince 【Vtuber】,,,[]
UC_LTVw7bj_wFH4n8POeSNbw,Faminé Ch.【ARP】,STRICT_VIRTUAL,IDENTITY_EVENT_WITH_EXPLICIT_VIRTUAL_SIGNAL,true,SUPPORTED,identity_start,2023-08-06T09:01:58+00:00,https://www.youtube.com/watch?v=ZVAQiCGfH0w,「🔴LIVE DEBUT」 ฉันอดอยากเพราะเปย์ไปหนักยังไงล่ะ 「Faminé」 #ARProject,,,[]
UC_RrxXP6eSLxgYYmoV4QdmA,Keressa Zoulfia Ch. Pixela-Mystic,STRICT_VIRTUAL,IDENTITY_EVENT_WITH_EXPLICIT_VIRTUAL_SIGNAL,true,SUPPORTED,identity_start,2023-05-31T12:00:19+00:00,https://www.youtube.com/watch?v=TYfsDgB3tSY,【Debut】วิญญาณของคุณ เป็นของฉันแล้ว,,,[]
UC_RvJQOjfm-vgtMRRXeq7mQ,Whyte Ch.,HOLD_NEEDS_CHANNEL_REVIEW,NO_AFFIRMATIVE_CHANNEL_LEVEL_VIRTUAL_EVIDENCE_IN_CURRENT_REVIEW,false,REJECTED_AS_IDENTITY_EVENT,not_identity_event,,https://www.youtube.com/watch?v=Pc8s8PH2p7Y,"[Debut Announcement🌸] ""All New Sakura Bloom🕊️",,,[]
UC_s_7eBay8mKkA8L7HBtzHQ,Anthia Ch.,STRICT_VIRTUAL,IDENTITY_EVENT_WITH_EXPLICIT_VIRTUAL_SIGNAL,true,SUPPORTED,identity_start,2022-11-09T13:05:35+00:00,https://www.youtube.com/watch?v=NxfNoSvd-cA,【Debut Stream】❖ อยากกินเย็นตาโฟใส่เครื่องเยอะๆจะได้ไหม ❖「 Anthia | Elpis 」,,,[]
UC_Tz70m-NMqHHkblzKa9v6A,วายุ สวรรค์,HOLD_NEEDS_CHANNEL_REVIEW,NO_AFFIRMATIVE_CHANNEL_LEVEL_VIRTUAL_EVIDENCE_IN_CURRENT_REVIEW,false,REJECTED_AS_IDENTITY_EVENT,not_identity_event,,https://www.youtube.com/watch?v=T3qmYydBq5c,[ PV Debut ] วายุสวรรค์  #vtuber #vtuberth  #vtuberdebut,,,[]
UC-KdQvTPC9k3pLjy4Y1PBkg,Aventurine Ch,PROVISIONAL_VIRTUAL,REVIEWED_PERSONA_EVENT_VIRTUAL_MEDIUM_NOT_SEPARATELY_CONFIRMED,false,SUPPORTED,identity_start,2022-04-29T14:05:37+00:00,https://www.youtube.com/watch?v=XOf0DC9c9xE,❈ DEBUT STREAM ❈ โรงเตี้ยมที่มีเจ้าของเป็นเทพี รึเปล่านะ ?,,,[]
UC05R2CcQn2TqvrgZRp-RF6w,Navy Lucifer | V.W.Y,STRICT_VIRTUAL,IDENTITY_EVENT_WITH_INDIVIDUAL_VIRTUAL_ROSTER_SIGNAL,true,SUPPORTED,identity_start,2024-02-18T14:00:07+00:00,https://www.youtube.com/watch?v=dhIy_qAdefw,[🔴Debut] Navy Lucifer เทวตกสวรรค์ปรากฏกาย | V.W.Y,,,[]
UC06ZTttwwgmmMdc6ZMkOOgg,Akimoto Yuma Ch. [SOON],STRICT_VIRTUAL,IDENTITY_EVENT_WITH_EXPLICIT_VIRTUAL_SIGNAL,true,SUPPORTED,identity_start,2021-02-18T13:31:53+00:00,https://www.youtube.com/watch?v=4ndFYd_U14c,🔴 First Debut Live NO.02 ' Akimoto Yuma ' @NEVVER,,,[]
UC0cpWaYfZHppuIXGN6on59Q,Nisa Ch. นิสาปี้,HOLD_NEEDS_CHANNEL_REVIEW,NO_AFFIRMATIVE_CHANNEL_LEVEL_VIRTUAL_EVIDENCE_IN_CURRENT_REVIEW,false,REJECTED_AS_IDENTITY_EVENT,not_identity_event,,https://www.youtube.com/watch?v=t_MROCvHJw0,【MiNi Talk】EP.3 SPECIAL ยูนิตมินิเดบิวต์ครบ 6 เดือน 【🕛🌃⭐👅】,,,[]
UC0CvHQnIDi7-Pk5nyc09EYw,Kyubi Nine キュビ ナイン,STRICT_VIRTUAL,IDENTITY_EVENT_WITH_EXPLICIT_VIRTUAL_SIGNAL,true,SUPPORTED,identity_start,2022-12-07T13:04:37+00:00,https://www.youtube.com/watch?v=mIE_zEXq9Vg,【DEBUT STREAM】มาเริ่มต้นเรื่องราวของเรากันเถอะ !!,,,[]
UC0D7SuIVLYoD1hU3dxNxdMg,Ziika ⌜VZ⌟,STRICT_VIRTUAL,IDENTITY_EVENT_WITH_EXPLICIT_VIRTUAL_SIGNAL,true,SUPPORTED,identity_start,2023-09-09T12:01:38+00:00,https://www.youtube.com/watch?v=sUloq4azcPU,🌊 [DEBUT] คลื่นลูกใหม่.. พร้อมจะมาซัดหัวใจคุณ 💙#VIRTUALZEVEN,,,[]
UC0FTyntIoEvvpfQOe75zJXA,Marine Ch. マリン • チャリオット,STRICT_VIRTUAL,IDENTITY_EVENT_WITH_EXPLICIT_VIRTUAL_SIGNAL,true,VERIFIED,identity_start,2023-04-15T08:00:11+00:00,https://www.youtube.com/watch?v=kq6z98TDZYs,【DEBUT STREAM】🦋 Marine Ojou-sama Arrival !  -  Vtuber คุณหนูเนโครแมนเซอร์ #Vtuber,,,[]
UC0OQFhAPY9bgfKqi6u8MI7Q,Ryoukucha CH〖DPX〗,STRICT_VIRTUAL,IDENTITY_EVENT_WITH_EXPLICIT_VIRTUAL_SIGNAL,true,SUPPORTED,identity_start,2024-09-18T13:02:39+00:00,https://www.youtube.com/watch?v=-y4WoC-Lchg,[LIVE🔴]- DEBUT Human transcendence - Ryoukucha,,,[]
UC0XEfbSBJTqH5sH79R7ZXKw,Muay​ The Barista ,HOLD_NEEDS_CHANNEL_REVIEW,NO_AFFIRMATIVE_CHANNEL_LEVEL_VIRTUAL_EVIDENCE_IN_CURRENT_REVIEW,false,AMBIGUOUS,unknown,,https://www.youtube.com/watch?v=tYSAMBcDjSY,[DEBUT] เปิดร้านกาแฟมาหาเงินใช้หนี้แล้วครับ🥺,,,[]
UC1893R8hjcc2zIu1KPT4MGw,Waririn Channel ⌜VZ⌟,STRICT_VIRTUAL,IDENTITY_EVENT_WITH_EXPLICIT_VIRTUAL_SIGNAL,true,VERIFIED,identity_start,2024-04-26T13:00:00+00:00,https://www.youtube.com/watch?v=wRj2mkVkDEM,【🔴 DEBUT】พร้อมทะลุจอมหาคุณแล้วค่ะ !!✨ #VIRTUALZEVEN,,,[]
UC1Ow3RRt6TlD5__a3t-UYLQ,Kurosegawa Renjimaru 黒瀬川 櫺子丸 Ch.,HOLD_NEEDS_CHANNEL_REVIEW,NO_AFFIRMATIVE_CHANNEL_LEVEL_VIRTUAL_EVIDENCE_IN_CURRENT_REVIEW,false,REJECTED_AS_IDENTITY_EVENT,not_identity_event,,https://www.youtube.com/watch?v=u1gv74lV3rE,Kurosegawa Renjimaru Vtuber Type ZEPETO Debut 15/06/24,,,[]
UC1pSe5kxpCK1BwA_bZQ97-g,Fancy Ch.,HOLD_NEEDS_CHANNEL_REVIEW,NO_AFFIRMATIVE_CHANNEL_LEVEL_VIRTUAL_EVIDENCE_IN_CURRENT_REVIEW,false,REJECTED_AS_IDENTITY_EVENT,not_identity_event,,https://www.youtube.com/watch?v=n5gXtyxDW0E,็Hello April Fool Day【VtuberTH】 - newSEKAI Project -【Fancy West】debut PV0,,,[]
UC2erQwP2foSQARjw5zUbrnQ,Sirris Goddess Ch.,HOLD_NEEDS_CHANNEL_REVIEW,NO_AFFIRMATIVE_CHANNEL_LEVEL_VIRTUAL_EVIDENCE_IN_CURRENT_REVIEW,false,REJECTED_AS_IDENTITY_EVENT,not_identity_event,,https://www.youtube.com/watch?v=8pELivaPt8I,【Short PV Debut】✦ Sirris Goddess ✦,,,[]
UC2iD3jxz5srvHoV7gXtBYvQ,Davina V.,STRICT_VIRTUAL,IDENTITY_EVENT_WITH_EXPLICIT_VIRTUAL_SIGNAL,true,SUPPORTED,identity_start,2021-02-28T12:00:51+00:00,https://www.youtube.com/watch?v=eEstC5TlvuA,【VTUBER DEBUT】เปิดเซิฟ Davina VarReise ✨,,,[]
UC2mkbeIUVeIZeV7E2_dNCSg,Cersei Lezlie,HOLD_NEEDS_CHANNEL_REVIEW,NO_AFFIRMATIVE_CHANNEL_LEVEL_VIRTUAL_EVIDENCE_IN_CURRENT_REVIEW,false,REJECTED_AS_IDENTITY_EVENT,not_identity_event,,https://www.youtube.com/watch?v=9SF2AXr80cM,PV  Debut Cersei,,,[]
UC2mSWpVqjjQ7G7gEIfQ7p9w,Zeraphina Hana,STRICT_VIRTUAL,IDENTITY_EVENT_WITH_EXPLICIT_VIRTUAL_SIGNAL,true,SUPPORTED,identity_start,2024-08-27T12:53:52+00:00,https://www.youtube.com/watch?v=Rdd3qxAhQ3E,【🔴Free Talk/DEBUT 】อะแห่ม! มานั่งทำความรู้จักกันหน่อยดีกว่า!!,,,[]
UC2q-fPPrsyKOjRpmm--vzPQ,Kuroyoru Yami,HOLD_NEEDS_CHANNEL_REVIEW,NO_AFFIRMATIVE_CHANNEL_LEVEL_VIRTUAL_EVIDENCE_IN_CURRENT_REVIEW,false,AMBIGUOUS,unknown,,https://www.youtube.com/watch?v=cn5NDYAoWyY,Debut,,,[]
UC2sAw3h-IzU3JOtvXVzTjxw,叶龙 Yelong CH.,STRICT_VIRTUAL,IDENTITY_EVENT_WITH_EXPLICIT_VIRTUAL_SIGNAL,true,SUPPORTED,identity_start,2024-10-22T13:05:44+00:00,https://www.youtube.com/watch?v=imnNLbSIPDw,[ LIVE DEBUT ] YELONG มังกรสุดหล่อเท่มาหาคุณแล้วครับ #Yelongvth,,,[]
UC31Hn_T44_qvI_yTY-BFbPw,LIN Darling Ch.,STRICT_VIRTUAL,IDENTITY_EVENT_WITH_EXPLICIT_VIRTUAL_SIGNAL,true,SUPPORTED,identity_start,2021-07-30T13:02:28+00:00,https://www.youtube.com/watch?v=KeK4rvH8B9s,[DEBUT]  ลินลินเอลฟ์แสบซ่า มาแนะนำตัวกับทุกคนแน้ววว!,,,[]
UC35EDRwjO07DpevXGxo3Y0g,IKUTO ch.,STRICT_VIRTUAL,IDENTITY_EVENT_WITH_EXPLICIT_VIRTUAL_SIGNAL,true,SUPPORTED,identity_start,2022-05-15T12:55:47+00:00,https://www.youtube.com/watch?v=-IQGqj6NX_M,[ 🔴Debut ]  พร้อมแล้วถือเคียวไปกันเลย !!!!,,,[]
UC3O5wAgEVyNA1Jw3gyi-_jA,MOLLY,STRICT_VIRTUAL,IDENTITY_EVENT_WITH_EXPLICIT_VIRTUAL_SIGNAL,true,VERIFIED,identity_start,2022-12-23T13:00:46+00:00,https://www.youtube.com/watch?v=YvHFeG9IW-c,[DEBUT STREAM] เคยเห็นวีพระเจ้าที่ชื่อมอลลี่มะ? #vestiny,,,[]
UC3qnb4Sgo4QtiOi8iS7jOsQ,Kumoku Tsururu Ch. Lumina-World-End,STRICT_VIRTUAL,IDENTITY_EVENT_WITH_EXPLICIT_VIRTUAL_SIGNAL,true,SUPPORTED,identity_start,2024-05-22T11:00:32+00:00,https://www.youtube.com/watch?v=yfbe2VeDrAY,【Debut】น่ารักอะป่าว,,,[]
UC3sqLdjV0uxXfAzLE-fJeXw,Cresent Ansel Ch.,STRICT_VIRTUAL,IDENTITY_EVENT_WITH_EXPLICIT_VIRTUAL_SIGNAL,true,SUPPORTED,identity_start,2023-02-25T13:00:50+00:00,https://www.youtube.com/watch?v=6NX0W_u1k-E,【Live Debut】Cresent Ansel สวัสดีครับ มาใหม่ครับ,,,[]
UC48D7EILUGrBeffDrXXJAIQ,Langler Ch.,STRICT_VIRTUAL,IDENTITY_EVENT_WITH_EXPLICIT_VIRTUAL_SIGNAL,true,SUPPORTED,identity_start,2024-06-16T12:28:15+00:00,https://www.youtube.com/watch?v=_GoI6GdHQT8,【🔴DEBUT STREAM】ปลาน้ำลึกขึ้นบกมาแล้ววววววว【Forry NPX | Langler Oceanbite】,,,[]
UC4Ceq8atGdQu58Dn3YKF1Ig,T หมาป่าบลูเบอร์รี่ Wolfficial,HOLD_NEEDS_CHANNEL_REVIEW,NO_AFFIRMATIVE_CHANNEL_LEVEL_VIRTUAL_EVIDENCE_IN_CURRENT_REVIEW,false,REJECTED_AS_IDENTITY_EVENT,not_identity_event,,https://www.youtube.com/watch?v=US72gsjZxUo,[ทดลอง Live🔴] ทดลองไลฟ์รอบสุดท้ายพรุ่งนี้Debut #หมาป่าบลูเบอร์รี่,,,[]
UC4EiUVIMjw-SE6_6Kt0Mk-g, เช่ค้าบ 𝗟𝗨𝗖𝗛𝗘,HOLD_NEEDS_CHANNEL_REVIEW,NO_AFFIRMATIVE_CHANNEL_LEVEL_VIRTUAL_EVIDENCE_IN_CURRENT_REVIEW,false,REJECTED_AS_IDENTITY_EVENT,not_identity_event,,https://www.youtube.com/watch?v=uzZX_UvfaiY,เจ้าหลงจะเดบิวต์แล้วนะ อย่าลืมมาเจอกันนะครับ✨ #pngtuber #Vtuberuprising #VtuberTH #VtuberDebut #fyp,,,[]
UC4g_aNYnbZ564FUrzHvoFQA,Moe Kaori  ⌜VZ⌟,STRICT_VIRTUAL,IDENTITY_EVENT_WITH_EXPLICIT_VIRTUAL_SIGNAL,true,SUPPORTED,identity_start,2023-09-09T14:00:00+00:00,https://www.youtube.com/watch?v=UHhC7JHrqMM,⭐[DEBUT] มาเล่นเกมห้องเรามั้ย.. ไม่มา โกดนะ !? 💗 #VIRTUALZEVEN,,,[]
UC4kKR_Kstzo__dyqZa-95Ig,King Slime VTH ,STRICT_VIRTUAL,IDENTITY_EVENT_WITH_EXPLICIT_VIRTUAL_SIGNAL,true,SUPPORTED,identity_start,2024-09-28T12:30:46+00:00,https://www.youtube.com/watch?v=t86opYNaBp0,🔴 [Live Debut] มาแล้วววววววววววววววววววววววววว,,,[]
UC4P6ez9eO2Lv8Jun5zXaVMg,sSolarly Ch.,HOLD_NEEDS_CHANNEL_REVIEW,NO_AFFIRMATIVE_CHANNEL_LEVEL_VIRTUAL_EVIDENCE_IN_CURRENT_REVIEW,false,REJECTED_AS_IDENTITY_EVENT,not_identity_event,,https://www.youtube.com/watch?v=NxfMZNNRxS8,Debut Announcement sSolarly,,,[]
UC4plXkAtJdWilZ7-YqWT7Zw,GINYADOM,STRICT_VIRTUAL,IDENTITY_EVENT_WITH_EXPLICIT_VIRTUAL_SIGNAL,true,SUPPORTED,identity_start,2021-08-31T12:54:29+00:00,https://www.youtube.com/watch?v=NGjaq0-YBoY,[Live Debut] - ห่านMarkaที่มีความฝันว่าอยากจะบินได้,,,[]
UC4sCp51x2lBXf7x2Uy_fj_A,Sistra Lyrics《 OTL 》,HOLD_NEEDS_CHANNEL_REVIEW,NO_AFFIRMATIVE_CHANNEL_LEVEL_VIRTUAL_EVIDENCE_IN_CURRENT_REVIEW,false,REJECTED_AS_IDENTITY_EVENT,not_identity_event,,https://www.youtube.com/watch?v=vRe8Jjp3nvE,「 PV DEBUT」Sistra Lyrics The Goddess of Abundance,,,[]
UC4t1p_Eg0GcjdrdctUIAaug,MAYANuT,HOLD_NEEDS_CHANNEL_REVIEW,NO_AFFIRMATIVE_CHANNEL_LEVEL_VIRTUAL_EVIDENCE_IN_CURRENT_REVIEW,false,AMBIGUOUS,unknown,,https://www.youtube.com/watch?v=GWhHtYV6e60,【Debut】ความพยายามในการเป็นวี,,,[]
UC4x2o7dyxOqFLoA9NKxf0Iw,Ivy Ch.【ARP】,STRICT_VIRTUAL,IDENTITY_EVENT_WITH_EXPLICIT_VIRTUAL_SIGNAL,true,SUPPORTED,identity_start,2023-08-06T09:59:55+00:00,https://www.youtube.com/watch?v=tmSRlIrdpIE,【🔴LIVE DEBUT】ไลฟ์เดบิวต์ ปิ้ว ปิ้ว ปิ้ว「Ivy」 #ARProject,,,[]
UC4zIwNmfURhIO5Pj-ccmKBA,Amu V Ch.,STRICT_VIRTUAL,IDENTITY_EVENT_WITH_EXPLICIT_VIRTUAL_SIGNAL,true,SUPPORTED,identity_start,2021-04-24T14:59:28+00:00,https://www.youtube.com/watch?v=CqfUqjcOe1M,【DEBUT STREAM】เอ็ม แนะนำตัวครับ! | AmuVCh,,,[]
UC5cOcO_LxT0ZQ7Q2qQEM4Og,Shiba Inuri Ch.,STRICT_VIRTUAL,IDENTITY_EVENT_WITH_EXPLICIT_VIRTUAL_SIGNAL,true,SUPPORTED,identity_start,2024-04-21T12:01:10+00:00,https://www.youtube.com/watch?v=dyrAdWtqytw,【🔴LIVE DEBUT】ในที่สุดก็ได้Debutแล้ว ยินที่ได้เจอทุกคนนะ 【Shiba Inuri🐶🍮】,,,[]
UC5I-HucSFSRsYl3HYMxtgEA,TiernSay,STRICT_VIRTUAL,IDENTITY_EVENT_WITH_EXPLICIT_VIRTUAL_SIGNAL,true,SUPPORTED,identity_start,2022-09-22T13:00:07+00:00,https://www.youtube.com/watch?v=EXt2kMWDTWs,👄【Debut】👄 เจ๊เทียรคนสวยข้างบ้านเองค่า #เทียร #Vtory,,,[]
UC5iFCwUMeeZX9KLCTOIKItQ,Mirinku ,STRICT_VIRTUAL,IDENTITY_EVENT_WITH_EXPLICIT_VIRTUAL_SIGNAL,true,VERIFIED,identity_start,2022-06-03T12:29:07+00:00,https://www.youtube.com/watch?v=YWVIPTOCdtw,【DEBUT STREAM】♥ The Dimensional Witch has arrived/แม่มดคนนี้ไม่ได้ถือปืนนะรู้ยัง? | Mirinku,,,[]
UC5JlD3YtvbCaAeU3TWSpW6A,Kisa l FoxRabbitC4T,PROVISIONAL_VIRTUAL,REVIEWED_PERSONA_EVENT_VIRTUAL_MEDIUM_NOT_SEPARATELY_CONFIRMED,false,SUPPORTED,identity_start,2021-07-15T13:29:36+00:00,https://www.youtube.com/watch?v=KMn-nOcsjMY,[🦊Debut🐰Kisa | FoxRabbitC4T🐱] ค้นพบคนลก1ea,,,[]
UC5OXcxq6ab6RlhHqNyHws_w,M a l l o w  Ch.,STRICT_VIRTUAL,IDENTITY_EVENT_WITH_EXPLICIT_VIRTUAL_SIGNAL,true,SUPPORTED,identity_start,2021-06-27T12:57:29+00:00,https://www.youtube.com/watch?v=qU8LWQSHey8,[ Debut Stream l Marsh Mallow VhamsterTH 🐹🧋 ] จะล่กไหมนะ uwu,,,[]
UC5wA30Tc9ONbRjj6QNinH9w,Kayo Ch. 【かよCh.】◣PLO◥,HOLD_NEEDS_CHANNEL_REVIEW,NO_AFFIRMATIVE_CHANNEL_LEVEL_VIRTUAL_EVIDENCE_IN_CURRENT_REVIEW,false,AMBIGUOUS,unknown,,https://www.youtube.com/watch?v=iG-m4g7HwIU,「LIVE」Kayoko's Debut!! การมาถึงของน้องสาวแมวส้มสุดป่วน!!,,,[]
UC5zC3ZIFihxnJBNaJU9cZcQ,Elphylia CH.,HOLD_NEEDS_CHANNEL_REVIEW,NO_AFFIRMATIVE_CHANNEL_LEVEL_VIRTUAL_EVIDENCE_IN_CURRENT_REVIEW,false,REJECTED_AS_IDENTITY_EVENT,not_identity_event,,https://www.youtube.com/watch?v=RoWhSZD7lf0,[ 🔴Drawing ] นั่งวาดรูปเตรียมงานเดบิวต์ไปด้วยคุยไปด้วย #vtuber #vtuberth,,,[]
UC60htQi5nenKGnv6lEdGF_g,Kamienø Stąr Ch.【PSM】,HOLD_NEEDS_CHANNEL_REVIEW,NO_AFFIRMATIVE_CHANNEL_LEVEL_VIRTUAL_EVIDENCE_IN_CURRENT_REVIEW,false,AMBIGUOUS,unknown,,https://www.youtube.com/watch?v=e61If2ZXK4s,"[🌟LIVE DEBUT] เทพผู้ที่น่า ""นับถือ"" มาแล้วค่าาาา!!!!!",,,[]
UC61qTNWVk4mkDXe01xgudpA,MurkilyCH.,STRICT_VIRTUAL,IDENTITY_EVENT_WITH_EXPLICIT_VIRTUAL_SIGNAL,true,SUPPORTED,identity_start,2024-04-04T11:57:29+00:00,https://www.youtube.com/watch?v=AvEdkGISEfI,【 Debut🔴】Murkily Calhoun พ่อมดจากป่ามืด,,,[]
UC65MNFVWnrkOpg04LBHVvzw,Bishamon Kuroneko Ch. / AStars Chrono prince,STRICT_VIRTUAL,IDENTITY_EVENT_WITH_INDIVIDUAL_VIRTUAL_ROSTER_SIGNAL,true,SUPPORTED,identity_start,2024-07-27T11:00:04+00:00,https://www.youtube.com/watch?v=A2etYkszr_w,🐈‍⬛ 【DEBUT Stream】กำลังรออยู่เลยครับ【Bishamon | Chrono prince】,,,[]
UC6iflr_8DNUZl0hY0FUXWbQ,XIAOLI《小莉》,HOLD_NEEDS_CHANNEL_REVIEW,NO_AFFIRMATIVE_CHANNEL_LEVEL_VIRTUAL_EVIDENCE_IN_CURRENT_REVIEW,false,AMBIGUOUS,unknown,,https://www.youtube.com/watch?v=FzK5B3rw8R4,[🔴LIVE] DEBUT STREAM เปิดตัวจอมยุทธ์เต้าหู้,,,[]
UC6lZLAOgSYgJ6ZkW2ZTI75Q,Effy Ch.【ARP】,STRICT_VIRTUAL,IDENTITY_EVENT_WITH_INDIVIDUAL_VIRTUAL_ROSTER_SIGNAL,true,VERIFIED,identity_start,2023-06-21T12:07:39+00:00,https://www.youtube.com/watch?v=VbIbm4Ayoug,【🔴LIVE DEBUT】Our story starts today! 💌【Effy】#arproject,,,[]
UC6o7pFz9U9kcE9d8op_eUQQ,Delphyron,STRICT_VIRTUAL,IDENTITY_EVENT_WITH_EXPLICIT_VIRTUAL_SIGNAL,true,SUPPORTED,identity_start,2024-10-06T11:58:57+00:00,https://www.youtube.com/watch?v=EUkfk8CZqEk,【DEBUT STREAM】นี่เเหละ ! จิ้งจอกเเห่งความอ่อนโยนที่คุณตามหา【Delphyron🦊📱】,,,[]
UC6Q4UI5mEjeZOIRoTtRoFJA,Midnight Ch.【ARP】,STRICT_VIRTUAL,IDENTITY_EVENT_WITH_EXPLICIT_VIRTUAL_SIGNAL,true,VERIFIED,identity_start,2021-03-17T14:01:43+00:00,https://www.youtube.com/watch?v=qwHmq2i6qoc,【Debut】Midnight / ไลฟ์ครั้งแรกของเมดเที่ยงคืน 🕛🌃,,,[]
UC6TOqqD-TLbPlnV5i3DiIrw,NEMI,PROVISIONAL_VIRTUAL,REVIEWED_PERSONA_EVENT_VIRTUAL_MEDIUM_NOT_SEPARATELY_CONFIRMED,false,VERIFIED,identity_start,2021-08-14T11:01:59+00:00,https://www.youtube.com/watch?v=bmgshvq3eNc,[ LIVE DEBUT! ] ยินดีที่ได้รู้จักนะคะ~💙,,,[]
UC6Zrmc0VG4gqQJ4jS58iKGw,Ezra Ch.,PROVISIONAL_VIRTUAL,REVIEWED_PERSONA_EVENT_VIRTUAL_MEDIUM_NOT_SEPARATELY_CONFIRMED,false,SUPPORTED,identity_start,2021-08-14T12:29:51+00:00,https://www.youtube.com/watch?v=xsCf_XBoTyQ,「Live Debut」Ezra ในที่สุดเราก็ได้เจอกัน,,,[]
UC7_cZ5j3JJRERezE3YHnm5w,Avisa Lopez Ch. [Autumnia],STRICT_VIRTUAL,IDENTITY_EVENT_WITH_EXPLICIT_VIRTUAL_SIGNAL,true,SUPPORTED,identity_start,2023-11-11T12:30:48+00:00,https://www.youtube.com/watch?v=CGcW0Uz3fH4,【DEBUT STREAM】Avisa at your service!【Avisa Lopez | Autumnia】,,,[]
UC72_UWR1CAQhC-Kg48e5mjA,Calista Ch.【ARP】,STRICT_VIRTUAL,IDENTITY_EVENT_WITH_EXPLICIT_VIRTUAL_SIGNAL,true,SUPPORTED,identity_start,2021-10-21T11:53:48+00:00,https://www.youtube.com/watch?v=uLXli8YX8qA,"[ 🔴 DEBUT LIVE] หมีบุก!! ""Calista""คุณหมีสีน้ำตาล🐻 แห่งทุ่งอัลกอร์ 🏕 (新人Vtuber)",,,[]
UC7BTojsUPC4JhxDYRgmuz2Q,Jiru ch. Euphora,STRICT_VIRTUAL,IDENTITY_EVENT_WITH_EXPLICIT_VIRTUAL_SIGNAL,true,SUPPORTED,identity_start,2022-08-05T12:00:58+00:00,https://www.youtube.com/watch?v=IRuH5Gol2f0,[Debut] โดดงานเฝ้าร้านมาหาพวกลูกเจี๊ยบ | Jiru (PowerPay),,,[]
UC7FpwTuRGribXTefl5SMkAg,AidenShia Ch.,STRICT_VIRTUAL,IDENTITY_EVENT_WITH_EXPLICIT_VIRTUAL_SIGNAL,true,SUPPORTED,identity_start,2023-03-12T13:04:31+00:00,https://www.youtube.com/watch?v=jeGhnrUyJms,【DEBUT STREAM】ตัวเปิดไอเดนเชีย - โห ได้เดบิวต์แล้ว | Kikorin,,,[]
UC7TOQpHWGhZ_mJ_KkdUazFg,Nayuta『VW』,STRICT_VIRTUAL,IDENTITY_EVENT_WITH_EXPLICIT_VIRTUAL_SIGNAL,true,SUPPORTED,identity_start,2021-10-10T13:30:19+00:00,https://www.youtube.com/watch?v=H8S2xkMTT9c,🔵「Live Debut」Debut แล้วนะ มาอยู่กับผมนะค้าบบ (❁´◡`❁),,,[]
UC7ZDXfdtafyoSwxXysGJU3A,Lumiel Ch. 【DPX】,STRICT_VIRTUAL,IDENTITY_EVENT_WITH_EXPLICIT_VIRTUAL_SIGNAL,true,VERIFIED,identity_start,2024-09-15T13:00:30+00:00,https://www.youtube.com/watch?v=x8ke7bwF_a8,[LIVE]-DEBUT Celestial Judgement- LUMIEL,,,[]
UC82qGW5XAba3LYqMEmiVBgg,Naoki Yuuto Ch.,HOLD_NEEDS_CHANNEL_REVIEW,NO_AFFIRMATIVE_CHANNEL_LEVEL_VIRTUAL_EVIDENCE_IN_CURRENT_REVIEW,false,AMBIGUOUS,unknown,,https://www.youtube.com/watch?v=gkB-6R3v6Qw,【 DEBUT STREAM 】อา...หวัดดีครับ | YuutoSEN,,,[]
UC89-GlmTgO8a9QyE0QL0q1w,Riko Phokaia,PROVISIONAL_VIRTUAL,REVIEWED_PERSONA_EVENT_VIRTUAL_MEDIUM_NOT_SEPARATELY_CONFIRMED,false,SUPPORTED,identity_start,2021-12-21T17:28:06+00:00,https://www.youtube.com/watch?v=2m4za7qhc-g,【DEBUT STREAM 】 จริง ๆแล้วผมคือ!?,,,[]
UC8DTBPbQq0NZNo2RtCtTXuw,Flora Vtuber Project,EXCLUDE_NON_PERSONA_ACCOUNT,REVIEWED_PROJECT_ACCOUNT_NOT_PERSONA,false,REJECTED_AS_IDENTITY_EVENT,not_identity_event,,https://www.youtube.com/watch?v=CxTODw7bsqo,MIPMIP Debut Announcement【11 March】,,,[]
UC8fneiVrSectPFlnumDMFaw,FuMoon Dayooo,STRICT_VIRTUAL,IDENTITY_EVENT_WITH_EXPLICIT_VIRTUAL_SIGNAL,true,SUPPORTED,identity_start,2022-08-05T13:59:04+00:00,https://www.youtube.com/watch?v=toERp4c0FbA,[ DEBUT ] Hello! Welcome to familyy,,,[]
UC8GsIgxeIHQMaTQgkEUXhMw,Ari Kate Ch.,STRICT_VIRTUAL,IDENTITY_EVENT_WITH_EXPLICIT_VIRTUAL_SIGNAL,true,SUPPORTED,identity_start,2022-08-12T13:56:54+00:00,https://www.youtube.com/watch?v=p4S9bAytfpU,【🔴Live DEBUT】 สาวข้างห้องคนที่ 2 จาก GND Project !! 【Ari Kate #GND】,,,[]
UC9dolQobrGWzLP2UNrkUbEw,Liz's | WISLIVE,STRICT_VIRTUAL,IDENTITY_EVENT_WITH_INDIVIDUAL_VIRTUAL_ROSTER_SIGNAL,true,SUPPORTED,identity_start,2023-02-19T14:12:48+00:00,https://www.youtube.com/watch?v=SdFM16oMTiE,【🔴Debut Stream】ไลฟ์แรกก็คอนเสิร์ตเลยค่ะ!! | WISLIVE,,,[]
UC9tPom2jf2B1qPCTOJ2o2uw,SakiMori Mikan,STRICT_VIRTUAL,IDENTITY_EVENT_WITH_EXPLICIT_VIRTUAL_SIGNAL,true,SUPPORTED,identity_start,2024-03-22T13:08:53+00:00,https://www.youtube.com/watch?v=Y-fP_qRbY5Y,『 LIVE DEBUT 』มิคังหมีปีศา-สวรรค์มาแล้วค่าาาาา,,,[]
UC9WXRLLO7DrcJvUTg69_lkA,Leox Ch. Genesis Project,STRICT_VIRTUAL,IDENTITY_EVENT_WITH_EXPLICIT_VIRTUAL_SIGNAL,true,SUPPORTED,identity_start,2024-01-07T13:00:46+00:00,https://www.youtube.com/watch?v=vFcdhQ5u86g,【Debut Stream】- บะโบ้เดบิวต์ | Leox 'Genesis Project',,,[]
UC9yPUw_aebcLI_oXNNh1wwQ,Ureinaz,STRICT_VIRTUAL,IDENTITY_EVENT_WITH_EXPLICIT_VIRTUAL_SIGNAL,true,VERIFIED,identity_start,2023-05-13T12:00:43+00:00,https://www.youtube.com/watch?v=0DbmrMgbUeo,【🔴Debut Stream】お待たせ！Nice to punch you【UREINAZ | WISLIVE】,,,[]
UCa-B3lVdQB9UOCAfVVoVcIA,Valak Ch.,STRICT_VIRTUAL,IDENTITY_EVENT_WITH_EXPLICIT_VIRTUAL_SIGNAL,true,SUPPORTED,identity_start,2021-07-31T14:00:49+00:00,https://www.youtube.com/watch?v=AE6oUZ_udZc,DEBUT STREAM l ปฏิเสธความเป็นคน หวนคืนสู่เนื้อแกะ,,,[]
UCa7Slk7_l3qK3YFGZWa2IsQ,Ponya Ch. - Parabellum,HOLD_NEEDS_CHANNEL_REVIEW,NO_AFFIRMATIVE_CHANNEL_LEVEL_VIRTUAL_EVIDENCE_IN_CURRENT_REVIEW,false,REJECTED_AS_IDENTITY_EVENT,not_identity_event,,https://www.youtube.com/watch?v=EAeJt6tRH0o,[ DEBUT PV ] Ponya ✦ Parabellum Project,,,[]
UCa8ILv94qHT6oar_jVzg9sQ,Beta AMI Ch. Lumina-World-End,STRICT_VIRTUAL,IDENTITY_EVENT_WITH_EXPLICIT_VIRTUAL_SIGNAL,true,SUPPORTED,identity_start,2024-05-21T11:02:44+00:00,https://www.youtube.com/watch?v=7xV-sCdz_kU,【Debut】เค้าเป็นหุ่นยนต์ขโมยหัวใจคุณ,,,[]
UCadBHNCSacgE3vePH8UtbMA,Chalong Ch.,STRICT_VIRTUAL,IDENTITY_EVENT_WITH_EXPLICIT_VIRTUAL_SIGNAL,true,VERIFIED,identity_start,2021-05-14T12:31:04+00:00,https://www.youtube.com/watch?v=InUKx0iThqc,ห้องลองชงกาแฟจิบ แก้วที่ 1 [Chalong Debut],,,[]
UCaGeOrKAIDWkmwp4MvPXVtg,Xanael,STRICT_VIRTUAL,IDENTITY_EVENT_WITH_EXPLICIT_VIRTUAL_SIGNAL,true,SUPPORTED,identity_start,2024-10-04T13:33:08+00:00,https://www.youtube.com/watch?v=vPBCgK2n96g,【DEBUT + BIRTHDAY STREAM】 กระต่ายแดงมาแล้ววว 🐰🌙💫,,,[]
UCaMhj4Q6-bx1IZE3izVtk6A,Saneko ch. Euphora,STRICT_VIRTUAL,IDENTITY_EVENT_WITH_EXPLICIT_VIRTUAL_SIGNAL,true,SUPPORTED,identity_start,2024-05-05T12:00:28+00:00,https://www.youtube.com/watch?v=9AB9gHQTw4A,『 Debut Stream 』โมจิมีหงอน ซาเนโกะ โมจิ !  𐐪 Saneko🐱🍡 ⌇ EPR 𐑂,,,[]
UCAnKhwx493i5myddnJFF_gg,Pengu Ch.【Ti19t】,STRICT_VIRTUAL,IDENTITY_EVENT_WITH_EXPLICIT_VIRTUAL_SIGNAL,true,SUPPORTED,identity_start,2021-01-08T13:56:44+00:00,https://www.youtube.com/watch?v=s9VR_FyvE2I,"🌏 Pengu | Live Debut เปิดตัว น้องเพนกวินจักรพรรดิ [ มาเป็นชาว ""กวิ๊ก"" ด้วยกันเถอะ ! ]",,,[]
UCAO6vSguYeBGpQvn3D9fpdw,Lanka Vtuber,STRICT_VIRTUAL,IDENTITY_EVENT_WITH_EXPLICIT_VIRTUAL_SIGNAL,true,SUPPORTED,identity_start,2022-07-24T12:50:13+00:00,https://www.youtube.com/watch?v=7O3YEZBILz0,[Debut] ผ่านมาแล้ว50ปี ในที่สุดก็ได้เด I Lanka [อ่านว่าลงกา],,,[]
UCaO7dcbFuHSol9_4g1driVg,Y' ม๋า Hunter,STRICT_VIRTUAL,IDENTITY_EVENT_WITH_EXPLICIT_VIRTUAL_SIGNAL,true,SUPPORTED,identity_start,2022-08-18T12:30:06+00:00,https://www.youtube.com/watch?v=UNc1hIseOkg,🐶【Debut】🐶 บ้านนี้สุนัขดุนะครับ #ฮันเต้อ #Vtory,,,[]
UCAoZkJiB43mNUD6aadeozRw,Asatsuyu Ch.,PROVISIONAL_VIRTUAL,REVIEWED_PERSONA_EVENT_VIRTUAL_MEDIUM_NOT_SEPARATELY_CONFIRMED,false,VERIFIED,identity_start,2021-11-21T13:04:04+00:00,https://www.youtube.com/watch?v=I6FtZ6MaTWA,【🔴LIVE Debut】ยินดีต้อนรับสู่ Husky Cafe ของ Asatsuyu !!,,,[]
UCapmEuEA_aL81YaihYO27vQ,Tsuku CH.,STRICT_VIRTUAL,IDENTITY_EVENT_WITH_EXPLICIT_VIRTUAL_SIGNAL,true,SUPPORTED,identity_start,2021-07-13T13:29:24+00:00,https://www.youtube.com/watch?v=8DeByCpi7IM,【Vtuber Debut】เมื่อคนหล่อไปสมัครงาน?!!!,,,[]
UCAr4U_HGMYXn1EZjdWiGSLQ,Baabel Ch.【ARP】,STRICT_VIRTUAL,IDENTITY_EVENT_WITH_EXPLICIT_VIRTUAL_SIGNAL,true,SUPPORTED,identity_start,2023-03-25T10:42:52+00:00,https://www.youtube.com/watch?v=ENk0OrE9vHk,【🔴LIVE DEBUT】บาทหลวงปีศาจ พร้อมรับฟังคำสารภาพบาปจากคุณแล้วครับ【Baabel】#arproject,,,[]
UCB5KUWdc5ttyglIgCYLLOJg,Zia Sylph Ch. / AStars Amakara,STRICT_VIRTUAL,IDENTITY_EVENT_WITH_INDIVIDUAL_VIRTUAL_ROSTER_SIGNAL,true,SUPPORTED,identity_start,2024-09-13T11:59:33+00:00,https://www.youtube.com/watch?v=R_WN85texG0,☄💙【DEBUT Stream】มาโบยบินไปด้วยกันได้หรือเปล่าคะ?【Zia Sylph | Amakara】,,,[]
UCBev9yAPNYhFM4ORPQb_LYQ,Rion Chitose Ch. / AStars Chrono prince,STRICT_VIRTUAL,IDENTITY_EVENT_WITH_INDIVIDUAL_VIRTUAL_ROSTER_SIGNAL,true,SUPPORTED,identity_start,2024-07-27T11:36:39+00:00,https://www.youtube.com/watch?v=xF3SbwTX4Zc,💴【DEBUT Stream】I will make your dreams come true【Rion Chitose | Chrono prince】,,,[]
UCbfARUSxU4X2o5_PwjRXezw,Mira Pilula,PROVISIONAL_VIRTUAL,REVIEWED_PERSONA_EVENT_VIRTUAL_MEDIUM_NOT_SEPARATELY_CONFIRMED,false,SUPPORTED,identity_start,2021-07-11T13:32:08+00:00,https://www.youtube.com/watch?v=jOIK97FpXVU,[DEBUT STREAM] 🌊สวัสดีเหล่าลูกปลาของมิร่าทุกคนนะคะ🐠,,,[]
UCbHVEzb9fr8DxWPUxCAEOVQ,Sebastos | Vtuber,STRICT_VIRTUAL,IDENTITY_EVENT_WITH_EXPLICIT_VIRTUAL_SIGNAL,true,SUPPORTED,identity_start,2024-07-28T09:00:02+00:00,https://www.youtube.com/watch?v=iO9VtycHQ-A,【🔴LIVE DEBUT】ได้เวลาเปิดงานนนนนนน #KARNIVERSE,,,[]
UCBi2sDv2HYYnCtEqldp0RFA,Astrea Ch. アストリア〖ECR〗,HOLD_NEEDS_CHANNEL_REVIEW,NO_AFFIRMATIVE_CHANNEL_LEVEL_VIRTUAL_EVIDENCE_IN_CURRENT_REVIEW,false,REJECTED_AS_IDENTITY_EVENT,not_identity_event,,https://www.youtube.com/watch?v=QS8jQycW6z0,[Debut PV] ท่ามกลางคํ่าคืนที่ดวงดาวเต็มท้องฟ้าเทรียรอพบทุกคนอยู่นะคะ🌟,,,[]
UCBsUODmi56ijq4o4imeZuwg,Oneiros Norr Ch.,HOLD_NEEDS_CHANNEL_REVIEW,NO_AFFIRMATIVE_CHANNEL_LEVEL_VIRTUAL_EVIDENCE_IN_CURRENT_REVIEW,false,REJECTED_AS_IDENTITY_EVENT,not_identity_event,,https://www.youtube.com/watch?v=Qe4W7yggK9Y,ก็คนมันเท่~😎✨#vtuber #vtuberth #oneirosnorr #debut,,,[]
UCbZDGjLa_Rc3TfPVXMR1Tog,Biscuit Blythe Ch. Pixela Destiny,STRICT_VIRTUAL,IDENTITY_EVENT_WITH_EXPLICIT_VIRTUAL_SIGNAL,true,SUPPORTED,identity_start,2023-11-12T10:47:17+00:00,https://www.youtube.com/watch?v=gZqB-q9arzE,【Debut】Biscuit Blythe วีทูปเบอร์พอดีคำ,,,[]
UCbzEo3V4jrYslgsDPXUV8-A,靖海 • J1ngHaii,HOLD_NEEDS_CHANNEL_REVIEW,NO_AFFIRMATIVE_CHANNEL_LEVEL_VIRTUAL_EVIDENCE_IN_CURRENT_REVIEW,false,REJECTED_AS_IDENTITY_EVENT,not_identity_event,,https://www.youtube.com/watch?v=YJoJk2nuCzg,【PV VTUBER DEBUT】Bianca B,,,[]
UCC8N_hO-iyfkS2uaJqkxfMA,KoriMisu Ch.  ,STRICT_VIRTUAL,IDENTITY_EVENT_WITH_EXPLICIT_VIRTUAL_SIGNAL,true,SUPPORTED,identity_start,2022-07-17T10:30:24+00:00,https://www.youtube.com/watch?v=TXNC3j-qL7Q,Live Debut : คุณปลานกแก้วแห่งหอสมุด Liber Tales,,,[]
UCcdu_2oQRES4yHL98BC4_fw,Souji Roy,HOLD_NEEDS_CHANNEL_REVIEW,NO_AFFIRMATIVE_CHANNEL_LEVEL_VIRTUAL_EVIDENCE_IN_CURRENT_REVIEW,false,AMBIGUOUS,unknown,,https://www.youtube.com/watch?v=-t_zZP9kfrM,[RP : DEBUT STREAM]  ในวันที่เราพบกันครั้งแรก 『Souji Roy I Room Number』,,,[]
UCcFIthTrwa6N-1ri9sQZstw,Poru Ch.【ARP】,STRICT_VIRTUAL,IDENTITY_EVENT_WITH_INDIVIDUAL_VIRTUAL_ROSTER_SIGNAL,true,SUPPORTED,identity_start,2023-12-11T10:56:21+00:00,https://www.youtube.com/watch?v=TLlXIBs0TRQ,【🔴LIVE DEBUT】สวัสดีครับพี่ๆ ยินดีต้อนรับสู่ไลฟ์เดบัทของวายร้ายสุดเท่ที่ยิ่งใหญ่สุด:)【Poru】#arproject,,,[]
UCcgDP2RmeCqW1GTms1mkUlQ,Karu Ch.【ARP】,STRICT_VIRTUAL,IDENTITY_EVENT_WITH_INDIVIDUAL_VIRTUAL_ROSTER_SIGNAL,true,SUPPORTED,identity_start,2023-12-11T09:55:49+00:00,https://www.youtube.com/watch?v=3wCJwS5-4-g,【🔴LIVE DEBUT】ก็เข้ามาดิ【Karu】#arproject,,,[]
UCchEIVkQk2tgdHiSc0LxGJQ,Dariela,STRICT_VIRTUAL,IDENTITY_EVENT_WITH_EXPLICIT_VIRTUAL_SIGNAL,true,SUPPORTED,identity_start,2024-09-13T11:53:23+00:00,https://www.youtube.com/watch?v=IacTWNQlYLM,【LIVE DEBUT】: DARIELA ตุ๊กตาที่น่ารักตัวนี้เป็นของคุณนะคะ ❤,,,[]
UCcjjQNj_XUhM1dH9TEXEpAg,มาลัย / Malai [EC19 Projekt],STRICT_VIRTUAL,IDENTITY_EVENT_WITH_EXPLICIT_VIRTUAL_SIGNAL,true,SUPPORTED,identity_start,2022-06-11T13:57:35+00:00,https://www.youtube.com/watch?v=RB04tID5qWo,[DEBUT] มาลัยขี่ม้าลายมาแล้ว!! [Malai/EC19 Projekt],,,[]
UCcKPhwmHkBGaYKBp50jPzzg,Venus Lapirus Ch.,HOLD_NEEDS_CHANNEL_REVIEW,NO_AFFIRMATIVE_CHANNEL_LEVEL_VIRTUAL_EVIDENCE_IN_CURRENT_REVIEW,false,REJECTED_AS_IDENTITY_EVENT,not_identity_event,,https://www.youtube.com/watch?v=Hc1TLrSJ8rs,[🌠 PV Debut ]  Venus Lapirus,,,[]
UCCKvp_oV10qcK5Abjaz4FrA,Tiggar Ch.,STRICT_VIRTUAL,IDENTITY_EVENT_WITH_EXPLICIT_VIRTUAL_SIGNAL,true,SUPPORTED,identity_start,2021-06-28T15:00:46+00:00,https://www.youtube.com/watch?v=Xy5mwwKCdtw,【 Debut Stream 】 Hi,,,[]
UCcM1cUyEXYmm13DgfwXS-oQ,Mysti Ch.,STRICT_VIRTUAL,IDENTITY_EVENT_WITH_EXPLICIT_VIRTUAL_SIGNAL,true,VERIFIED,identity_start,2022-05-13T12:59:14+00:00,https://www.youtube.com/watch?v=EvxMypNDnPk,🔴 LIVE | Debut Stream ! Mysti----------i is here!,,,[]
UCCnI25SLttKYJdVgno6qkYg,LVMP,HOLD_NEEDS_CHANNEL_REVIEW,NO_AFFIRMATIVE_CHANNEL_LEVEL_VIRTUAL_EVIDENCE_IN_CURRENT_REVIEW,false,REJECTED_AS_IDENTITY_EVENT,not_identity_event,,https://www.youtube.com/watch?v=hmo2Skapy_Y,「 PV DEBUT 」 LVMP The Goddess of War,,,[]
UCcPlWQeuFutZ8VllrN_O2YA,Ume Ch. しのはな❀梅,PROVISIONAL_VIRTUAL,REVIEWED_PERSONA_EVENT_VIRTUAL_MEDIUM_NOT_SEPARATELY_CONFIRMED,false,VERIFIED,identity_start,2021-07-03T05:00:12+00:00,https://www.youtube.com/watch?v=jjcnTaOXqFc,[DEBUT] เดบิวต์ Shinohana ume - ทำอย่างกะพี่เหลืองเป็นผี =w=,,,[]
UCCptqrhEdtJGBer1qWWRLnA,Lawiz Ch.,PROVISIONAL_VIRTUAL,REVIEWED_PERSONA_EVENT_VIRTUAL_MEDIUM_NOT_SEPARATELY_CONFIRMED,false,SUPPORTED,identity_start,2020-11-14T13:02:12+00:00,https://www.youtube.com/watch?v=_RzU7Uvq2z4,[DEBUT STREAM ]-LIVE🔴:  Lawiz Jackalope,,,[]
UCCQd9y8LSnnp09dF7Mrp5Jg,Leviaz Ch.,HOLD_NEEDS_CHANNEL_REVIEW,NO_AFFIRMATIVE_CHANNEL_LEVEL_VIRTUAL_EVIDENCE_IN_CURRENT_REVIEW,false,REJECTED_AS_IDENTITY_EVENT,not_identity_event,,https://www.youtube.com/watch?v=kTmeTsCKODg,【Debut PV】 Leviaz Feria 🕷️🔍l The Mysterious Detective【Debut 13 Sep】,,,[]
UCCsgAS-uqrGRdmvJzvfAXsw,Hanna Ch. ハンナー,HOLD_NEEDS_CHANNEL_REVIEW,NO_AFFIRMATIVE_CHANNEL_LEVEL_VIRTUAL_EVIDENCE_IN_CURRENT_REVIEW,false,REJECTED_AS_IDENTITY_EVENT,not_identity_event,,https://www.youtube.com/watch?v=pw_wL-Tl1Ws,【PV Vtuber】Hanna DEBUT,,,[]
UCCTu-nYFSFerCTEAQLwyRgA,Fo_Kuro「フォー黒」,PROVISIONAL_VIRTUAL,REVIEWED_PERSONA_EVENT_VIRTUAL_MEDIUM_NOT_SEPARATELY_CONFIRMED,false,SUPPORTED,identity_start,2021-03-21T12:58:51+00:00,https://www.youtube.com/watch?v=8plwOIjtjwE,[DEBUT STREAM] เวลาแม่มดซาเวจ--- แม่มดตื่นนอนแล้วค่า,,,[]
UCCwDLJmhL5pYyXzN7coVwTw,Hajikeru Haruno Ch,HOLD_NEEDS_CHANNEL_REVIEW,NO_AFFIRMATIVE_CHANNEL_LEVEL_VIRTUAL_EVIDENCE_IN_CURRENT_REVIEW,false,REJECTED_AS_IDENTITY_EVENT,not_identity_event,,https://www.youtube.com/watch?v=zG_o-kJpmIc,【PV Debut】 Hajikeru Haruno | จิ้งจอกน้อย ฮารุพร้อมมอบความสุข และความน่ารักให้ทุกคนแล้วฮะ!,,,[]
UCCXtKBc_KnKRtT-9qXu5Y7A,KOHAKU Ch.,HOLD_NEEDS_CHANNEL_REVIEW,NO_AFFIRMATIVE_CHANNEL_LEVEL_VIRTUAL_EVIDENCE_IN_CURRENT_REVIEW,false,AMBIGUOUS,unknown,,https://www.youtube.com/watch?v=A0S2g0AUyGA,Kohaku First Debut,,,[]
UCD_aBWFE2nsQB0Pb6Hj8Ksg,LittleBunnie Ch.,STRICT_VIRTUAL,IDENTITY_EVENT_WITH_EXPLICIT_VIRTUAL_SIGNAL,true,SUPPORTED,identity_start,2021-09-11T07:01:33+00:00,https://www.youtube.com/watch?v=l9I6awpL2JA,🌈🌸[ Debut Stream l LittleBunnie ]🌈🌸 มานี่ย์!!!!!! (ล้อเล่นมาน้อยๆนะกลัวเป็นเหมือนกัน…),,,[]
UCD0aj_PFkBK-LGaDIiXvBww,Regina Ch.,HOLD_NEEDS_CHANNEL_REVIEW,NO_AFFIRMATIVE_CHANNEL_LEVEL_VIRTUAL_EVIDENCE_IN_CURRENT_REVIEW,false,AMBIGUOUS,unknown,,https://www.youtube.com/watch?v=UXIrNZCGitE,{Debut ?} แสร้งว่าเป็น Vtuber,,,[]
UCD2BJUqKTEPOkxdTyxfvCuQ,AzuruVT,HOLD_NEEDS_CHANNEL_REVIEW,NO_AFFIRMATIVE_CHANNEL_LEVEL_VIRTUAL_EVIDENCE_IN_CURRENT_REVIEW,false,REJECTED_AS_IDENTITY_EVENT,not_identity_event,,https://www.youtube.com/watch?v=HWdUwjTSnU4,[Azuru Debut PV] Descendant of Craniser,,,[]
UCd6Tzh7ZpVnCysNMt4nPjAg,Sojuu S.,STRICT_VIRTUAL,IDENTITY_EVENT_WITH_EXPLICIT_VIRTUAL_SIGNAL,true,SUPPORTED,identity_start,2024-02-14T13:00:46+00:00,https://www.youtube.com/watch?v=wsUjxP0QXMQ,【DEBUT STREAM】 ยินดีต้อนรับสู่ดาวของผม!!【Sojuu S.】,SUPPORTED,unknown,"[""rigger""]"
UCDdYlO59uiphs8QUL7I88Rg,Kaneaki Arina Ch.,STRICT_VIRTUAL,IDENTITY_EVENT_WITH_EXPLICIT_VIRTUAL_SIGNAL,true,SUPPORTED,identity_start,2023-11-22T13:15:13+00:00,https://www.youtube.com/watch?v=HtmiMxbIRx8,【🔴 DEBUT STREAM】An amnesiac witch wants to sing แม่มดอยากร้องเพลง,,,[]
UCdF31qg1W2KsKxSuSFECflA,Copper Vtuber,STRICT_VIRTUAL,IDENTITY_EVENT_WITH_EXPLICIT_VIRTUAL_SIGNAL,true,SUPPORTED,identity_start,2023-07-06T12:29:25+00:00,https://www.youtube.com/watch?v=7MJ9K1yTrgs,【🔴DEBUT LIVE】จะโผล่หัวแล้วนะพร้อมยัง【Copper | Chark Project】,,,[]
UCDiyOEC0TGng4cudBJbMyWg,Celeste Ch.,STRICT_VIRTUAL,IDENTITY_EVENT_WITH_EXPLICIT_VIRTUAL_SIGNAL,true,SUPPORTED,identity_start,2023-12-23T13:59:23+00:00,https://www.youtube.com/watch?v=7xHPk1yD1rU,【 DEBUT STREAM】 จุดเริ่มต้นของความฝัน | Celeste,,,[]
UCdlsSG0fa6l_BQ9otNkHjMg,Ainam ch.,HOLD_NEEDS_CHANNEL_REVIEW,NO_AFFIRMATIVE_CHANNEL_LEVEL_VIRTUAL_EVIDENCE_IN_CURRENT_REVIEW,false,AMBIGUOUS,unknown,,https://www.youtube.com/watch?v=OMzNZ36q_-8,Ainam ch. Debut ยินต้อนร้บค่าาา,,,[]
UCdPOgLoE_grESHHrpHDNsEg,Idary tailor,PROVISIONAL_VIRTUAL,REVIEWED_PERSONA_EVENT_VIRTUAL_MEDIUM_NOT_SEPARATELY_CONFIRMED,false,SUPPORTED,model_change,2022-07-03T13:22:41+00:00,https://www.youtube.com/watch?v=ORw8td4UgAY,[DEBUT STREAM] Idary คนเดิม เพิ่มเติมคือมีโมเดลแล้ว!!!,,,[]
UCDrFZpqKkgV27Q1NcYYYU2w,Kiyomi Ch.,HOLD_NEEDS_CHANNEL_REVIEW,NO_AFFIRMATIVE_CHANNEL_LEVEL_VIRTUAL_EVIDENCE_IN_CURRENT_REVIEW,false,REJECTED_AS_IDENTITY_EVENT,not_identity_event,,https://www.youtube.com/watch?v=ddBi_CnmRiM,คำใบ้เดบิว242410/66,,,[]
UCDUdT8_IEOY-Z9KfLiCOfuQ,Zin'fandel「ZTP」,HOLD_NEEDS_CHANNEL_REVIEW,NO_AFFIRMATIVE_CHANNEL_LEVEL_VIRTUAL_EVIDENCE_IN_CURRENT_REVIEW,false,REJECTED_AS_IDENTITY_EVENT,not_identity_event,,https://www.youtube.com/watch?v=VLel6dtK58g,【Debut PV】Zin'fandel | Zanctuary project,,,[]
UCDVOWB_Fi5jmi6o-x5_uV8g,Deliva Kaga ch.,PROVISIONAL_VIRTUAL,REVIEWED_PERSONA_EVENT_VIRTUAL_MEDIUM_NOT_SEPARATELY_CONFIRMED,false,SUPPORTED,redebut,2022-08-24T13:29:07+00:00,https://www.youtube.com/watch?v=KH6krkX4o9k,【RE²-Debut】Deliva Kaga 2.0 a new look is here!!,,,[]
UCDx_VxFnDh_yxtff1akPpvg,Keelin Peryton『VW』,HOLD_NEEDS_CHANNEL_REVIEW,NO_AFFIRMATIVE_CHANNEL_LEVEL_VIRTUAL_EVIDENCE_IN_CURRENT_REVIEW,false,REJECTED_AS_IDENTITY_EVENT,not_identity_event,,https://www.youtube.com/watch?v=31lR739ZX4w,「PV Vtuber Debut」การเดินทางครั้งใหม่ของ KEELIN PERYTON,,,[]
UCDXW5zG-2aZXL9K1bkV3Ajw,IV_1386 ch.,STRICT_VIRTUAL,IDENTITY_EVENT_WITH_EXPLICIT_VIRTUAL_SIGNAL,true,SUPPORTED,identity_start,2021-09-10T14:34:37+00:00,https://www.youtube.com/watch?v=6iehLgLLUq8,[Live debut ] เเนะนำตัว ไว้มาเจอกันนะครับ,,,[]
UCE46-Cb8vr2ra-YAJ7UoOcA,Benny Ch.,HOLD_NEEDS_CHANNEL_REVIEW,NO_AFFIRMATIVE_CHANNEL_LEVEL_VIRTUAL_EVIDENCE_IN_CURRENT_REVIEW,false,REJECTED_AS_IDENTITY_EVENT,not_identity_event,,https://www.youtube.com/watch?v=c6IMBTdpoi0,【PV Vtuber Debut 】Benjamin ปรากฏกาย! | Benny,,,[]
UCei3lo9UhW4K9QE26iwuVjg,RUNA Ch.[Vtuber],STRICT_VIRTUAL,IDENTITY_EVENT_WITH_EXPLICIT_VIRTUAL_SIGNAL,true,SUPPORTED,identity_start,2021-09-02,https://www.youtube.com/watch?v=RYgxS0Qqglg,【🔴LIVE Debut】Runa 🌙👹TH/EN 🆗 Oni from Moons in other solar systems.,,,[]
UCeijqgCP9z3zLJ-uwQzvFtQ,Sora A.C.G.,STRICT_VIRTUAL,IDENTITY_EVENT_WITH_EXPLICIT_VIRTUAL_SIGNAL,true,VERIFIED,identity_start,2021-02-14T12:17:31+00:00,https://www.youtube.com/watch?v=ggqNRTGLYbE,🔴 DEBUT Sora A.C.G. l Virtual Timetraveler l อนาคต รูปแบบใหม่ ได้เริ่มต้นขี้นแล้ว !,,,[]
UCEjF-FvkrvMhQ7b6KT5UCAw,Azar《 OTL 》,HOLD_NEEDS_CHANNEL_REVIEW,NO_AFFIRMATIVE_CHANNEL_LEVEL_VIRTUAL_EVIDENCE_IN_CURRENT_REVIEW,false,REJECTED_AS_IDENTITY_EVENT,not_identity_event,,https://www.youtube.com/watch?v=Ap8IDnpq9cg,「 PV DEBUT 」 Azar l Bright fire dragon,,,[]
UCeMd3ACzZD2sVn2fYYWcuMQ,Chermy Ch.,HOLD_NEEDS_CHANNEL_REVIEW,NO_AFFIRMATIVE_CHANNEL_LEVEL_VIRTUAL_EVIDENCE_IN_CURRENT_REVIEW,false,REJECTED_AS_IDENTITY_EVENT,not_identity_event,,https://www.youtube.com/watch?v=_8w1s_gei_w,เดบิวต์สัปดาห์แรกก็เกิดเลย?!? วันเกิดที่แท้จริง #vtuber #วีทูปเบอร์ #vtubeTH,,,[]
UCeoHajHKBl5q-UvfIEeOm3g,Mizu Gracia Ch.,STRICT_VIRTUAL,IDENTITY_EVENT_WITH_EXPLICIT_VIRTUAL_SIGNAL,true,VERIFIED,identity_start,2021-08-11T15:02:36+00:00,https://www.youtube.com/watch?v=tKezqRPgUig,【🔴Live Debut】Gracia 🌙 - แมวขาวที่ขี้อาย? มาเจอทุกคนแล้วนะ,,,[]
UCeoR2ozI_rHNtMZyWyYWI6Q,Koru Ch.,PROVISIONAL_VIRTUAL,REVIEWED_PERSONA_EVENT_VIRTUAL_MEDIUM_NOT_SEPARATELY_CONFIRMED,false,SUPPORTED,redebut,2024-03-15T13:00:18+00:00,https://www.youtube.com/watch?v=hdrL1iiOfM4,【 RE - DEBUT 】ได้เวลาเข้าร่วมแก๊งทาสแมวกันแล้ว【RLM】 Koru Ch.,,,[]
UCEpxkPOevg0ItmSknvEcngg,Tamto Ch.,STRICT_VIRTUAL,IDENTITY_EVENT_WITH_EXPLICIT_VIRTUAL_SIGNAL,true,SUPPORTED,identity_start,2023-05-28T15:05:08+00:00,https://www.youtube.com/watch?v=vzSKE-2hG_o,🔴【DEBUT STREAM】ลุงโต้ ไม่ใช่ลุงตู้,,,[]
UCeZoMTRssGhbl9vS5lvYsQg,Rarin Ch.,STRICT_VIRTUAL,IDENTITY_EVENT_WITH_INDIVIDUAL_VIRTUAL_ROSTER_SIGNAL,true,VERIFIED,identity_start,2023-08-19T13:51:23+00:00,https://www.youtube.com/watch?v=_KAb-kcoVdc,「🔴LIVE DEBUT」ปฐมบทนาคที่รันทดสุดในสามโลก「Rarin / Vniverse Project」,,,[]
UCF19DHmsDiaB3P3Cbpdp14g,ChouxCream シュークリーム,HOLD_NEEDS_CHANNEL_REVIEW,NO_AFFIRMATIVE_CHANNEL_LEVEL_VIRTUAL_EVIDENCE_IN_CURRENT_REVIEW,false,REJECTED_AS_IDENTITY_EVENT,not_identity_event,,https://www.youtube.com/watch?v=XwbKNOhuHd0,貴方の恋人になりたい - ChouxCream【歌ってみた】/ Debut Cover Song,,,[]
UCf1aJaf0L0SXieSscG0qA9A,Miyao Ch. 夏日みやお,HOLD_NEEDS_CHANNEL_REVIEW,NO_AFFIRMATIVE_CHANNEL_LEVEL_VIRTUAL_EVIDENCE_IN_CURRENT_REVIEW,false,REJECTED_AS_IDENTITY_EVENT,not_identity_event,,https://www.youtube.com/watch?v=djdi1ZvYXlc,[SPOILER] Debut TODAY~~~~~,,,[]
UCf6P5ojQTWAgVNUvlu08DNw,Lukmai_PP,STRICT_VIRTUAL,IDENTITY_EVENT_WITH_EXPLICIT_VIRTUAL_SIGNAL,true,SUPPORTED,identity_start,2023-03-10T14:01:10+00:00,https://www.youtube.com/watch?v=xbKbcaeg59g,【DEBUT STREAM】เปิดตัวลูกไม้ - คนอยากนอนประจำห้อง 101 | Kikorin,,,[]
UCfe7Lxdn2PDp_xnnrC_RSzA,【graduated】Amaris Sayo Ch. / AStars Amakara,STRICT_VIRTUAL,IDENTITY_EVENT_WITH_INDIVIDUAL_VIRTUAL_ROSTER_SIGNAL,true,SUPPORTED,identity_start,2024-09-13T11:30:11+00:00,https://www.youtube.com/watch?v=EVtuMx4FwLE,"😈❤️【DEBUT Stream】Don't be scared, I just wanna play with you😘【Amaris Sayo | Amakara】",,,[]
UCfiD6DpIwPP4lQ4NPqZNOHg,Solar Ch.【ARP】,STRICT_VIRTUAL,IDENTITY_EVENT_WITH_EXPLICIT_VIRTUAL_SIGNAL,true,SUPPORTED,identity_start,2021-09-04T09:53:25+00:00,https://www.youtube.com/watch?v=Aeqp-M62rLQ,「LIVE DEBUT」 ธิดาแห่งตะวันมาโปรดคุณแล้วค่ะ,,,[]
UCFkljb428Byj00FxL_kwYyA,OZiK Ch.,PROVISIONAL_VIRTUAL,REVIEWED_PERSONA_EVENT_VIRTUAL_MEDIUM_NOT_SEPARATELY_CONFIRMED,false,SUPPORTED,identity_start,2021-07-17T12:32:16+00:00,https://www.youtube.com/watch?v=icH3cX5eR8M,[ ● DEBUT STREAM ] แ บ ะ แ บ ะ 🐐✨,,,[]
UCFLR42m7vGHPi3wSROWaepA,GoMu no Ch.,STRICT_VIRTUAL,IDENTITY_EVENT_WITH_EXPLICIT_VIRTUAL_SIGNAL,true,SUPPORTED,identity_start,2024-01-31T13:00:19+00:00,https://www.youtube.com/watch?v=Ne59dEdM6hI,【🏮LIVE DEBUT】ต้องการโชคลาภ? แวะมาบูชาข้าซะสิ!✨,,,[]
UCfpH7l2htEr8t_l6D3MbLpQ,NokiZen,HOLD_NEEDS_CHANNEL_REVIEW,NO_AFFIRMATIVE_CHANNEL_LEVEL_VIRTUAL_EVIDENCE_IN_CURRENT_REVIEW,false,AMBIGUOUS,unknown,,https://www.youtube.com/watch?v=hq7-56WozfQ,[Live DEBUT]  ไม่มีเปิดตัวอะไรทั้งนั้นเเหละ!!!!(ปล.โดเนทสั่งไรก็ได้),,,[]
UCfPtDFCs4PzDU_hy0usORnw,Reva Regalia『AST』,STRICT_VIRTUAL,IDENTITY_EVENT_WITH_EXPLICIT_VIRTUAL_SIGNAL,true,SUPPORTED,identity_start,2023-12-16T10:30:21+00:00,https://www.youtube.com/watch?v=uOpo1wCTnFI,【🦋LIVE DEBUT】โรงละครหุ่นเชิดแห่งคฤหาสน์เรกาเลียเปิดแล้วค่ะ 『REVA REGALIA』#WIRTANENAST #ASTProject,,,[]
UCfTaHjdctcy9veUwXK_GDBg,Takiya Ch.,STRICT_VIRTUAL,IDENTITY_EVENT_WITH_EXPLICIT_VIRTUAL_SIGNAL,true,SUPPORTED,identity_start,2024-04-18T11:50:40+00:00,https://www.youtube.com/watch?v=h2Hoa-uCK5c,【🔴 DEBUT STREAM】นักล่าค่าหัว มาหางานทำแล้วครับ...【Takiya 🐯💰 | PRIME UNIT 】,,,[]
UCfxVeSpEx_K1VwHIcdNX0rw,BOOKGAMER,HOLD_NEEDS_CHANNEL_REVIEW,NO_AFFIRMATIVE_CHANNEL_LEVEL_VIRTUAL_EVIDENCE_IN_CURRENT_REVIEW,false,AMBIGUOUS,unknown,,https://www.youtube.com/watch?v=T-y7BPJhAwk,[LIVE]DEBUT STREAM I BGRGameCaster,,,[]
UCg--DR1FShlr9BKjJ9OQc5g,Vina Olivia Ch.,HOLD_NEEDS_CHANNEL_REVIEW,NO_AFFIRMATIVE_CHANNEL_LEVEL_VIRTUAL_EVIDENCE_IN_CURRENT_REVIEW,false,REJECTED_AS_IDENTITY_EVENT,not_identity_event,,https://www.youtube.com/watch?v=CvNkh89X6lc,Vina Olivia 💜🍷 || Debut Soon【VTUBER TH】,,,[]
UCG1Dk3994tPaCIBJp8Cu2pg,Kamilla Lich,PROVISIONAL_VIRTUAL,REVIEWED_PERSONA_EVENT_VIRTUAL_MEDIUM_NOT_SEPARATELY_CONFIRMED,false,SUPPORTED,identity_start,2021-07-20T11:55:34+00:00,https://www.youtube.com/watch?v=JioBPJQDgNw,DEBUT Live - Hello World (Kamilla Lich | TH/EN),,,[]
UCg5zRBCc-X-O4ZPQQ3jDAIg,Estelle Wil Ch.,STRICT_VIRTUAL,IDENTITY_EVENT_WITH_EXPLICIT_VIRTUAL_SIGNAL,true,SUPPORTED,identity_start,2021-12-12T13:29:53+00:00,https://www.youtube.com/watch?v=xipjRldPB7A,[VTUBER DEBUT] เมื่อวันนี้นักเดินทางได้เดินทางมาถึงจุดหมายเเล้ว 😊💜,,,[]
UCGAtHjeWWgyWboVQ33ZQX6Q,Zenith Ch.【ARP】,STRICT_VIRTUAL,IDENTITY_EVENT_WITH_EXPLICIT_VIRTUAL_SIGNAL,true,SUPPORTED,identity_start,2021-09-05T11:50:21+00:00,https://www.youtube.com/watch?v=qC_irPr4TnI,「LIVE DEBUT」ดาวตกกำลังจะพุ่งตรงลงมาแล้วครับ,,,[]
UCgFEQdBjM12Cg-IY5tFzU_g,TOP【PRIME】,STRICT_VIRTUAL,IDENTITY_EVENT_WITH_EXPLICIT_VIRTUAL_SIGNAL,true,SUPPORTED,identity_start,2024-10-12T13:00:46+00:00,https://www.youtube.com/watch?v=TCKnRqrdoPs,【🔴LIVE DEBUT】มาค้นหาความลับของจักรวาลไปพร้อมกันกับ TOP นะครับ,,,[]
UCGhWfzi-1RoI9mJKzrCJGHQ,Sakamajimai / Sharky Ch.,STRICT_VIRTUAL,IDENTITY_EVENT_WITH_EXPLICIT_VIRTUAL_SIGNAL,true,VERIFIED,identity_start,2021-08-15T13:00:24+00:00,https://www.youtube.com/watch?v=VE0V0EN4NZo,「Live Debut」Sakamajimai / Sharky มาพบชาวประการังแล้ว!! (แถมเก็บตกกับ EZRA),,,[]
UCgiEVQfolrB4MExyzxq_L5Q,AquaMarinia 【BLP】,HOLD_NEEDS_CHANNEL_REVIEW,NO_AFFIRMATIVE_CHANNEL_LEVEL_VIRTUAL_EVIDENCE_IN_CURRENT_REVIEW,false,REJECTED_AS_IDENTITY_EVENT,not_identity_event,,https://www.youtube.com/watch?v=Z-_1rWqFXwo,🔴LIVE จับฉ่าย I ขอซ้อม DEBUT เป็นวีที่จริงใจ 【AquaMarinia】,,,[]
UCGjZDsjGu_BzQ_hPKTRBLLw,Aidin,HOLD_NEEDS_CHANNEL_REVIEW,NO_AFFIRMATIVE_CHANNEL_LEVEL_VIRTUAL_EVIDENCE_IN_CURRENT_REVIEW,false,AMBIGUOUS,unknown,,https://www.youtube.com/watch?v=5zv-Ol6Yolw,【DEBUT】กลับมาหาแล้วนะ  ◣ 𝗚𝗘𝗠𝗜𝗡𝗜𝗦 Project ◥,,,[]
UCGkGWo40A2iZKQl9ug1oXoA,Loxifyr,STRICT_VIRTUAL,IDENTITY_EVENT_WITH_EXPLICIT_VIRTUAL_SIGNAL,true,SUPPORTED,identity_start,2023-01-28T14:00:32+00:00,https://www.youtube.com/watch?v=TR1x_v3nMbo,【₍⑅ᐢ..ᐢ₎ Debut Stream ₍ᐢ..ᐢ⑅₎】 ล็อกซี่มาแล้ว!!,,,[]
UCgLadXz0sJbHQL98eoAd9ag,【graduated】Ice Shirakoi Ch. / AStars Amakara,HOLD_NEEDS_CHANNEL_REVIEW,NO_AFFIRMATIVE_CHANNEL_LEVEL_VIRTUAL_EVIDENCE_IN_CURRENT_REVIEW,false,REJECTED_AS_IDENTITY_EVENT,not_identity_event,,https://www.youtube.com/watch?v=8HAkA7vqMeU,DEBUT DAY 🎉 วันนี้เวลา 19.00 น. หรือ 1 ทุ่มตรง เรามีนัดกันที่ Debut Sream นะคะ ห้ามลืมน้า,,,[]
UCgM2ZDG20kYbeYrG1wy1MSQ,Norma Ch.,HOLD_NEEDS_CHANNEL_REVIEW,NO_AFFIRMATIVE_CHANNEL_LEVEL_VIRTUAL_EVIDENCE_IN_CURRENT_REVIEW,false,REJECTED_AS_IDENTITY_EVENT,not_identity_event,,https://www.youtube.com/watch?v=xyHLw590CaM,[Debut PV] Norma Wakami,,,[]
UCGmm95ZgqXrfS-0pu980_tA,Renai ai Ch.〖DPX〗,STRICT_VIRTUAL,IDENTITY_EVENT_WITH_EXPLICIT_VIRTUAL_SIGNAL,true,SUPPORTED,identity_start,2024-09-08T12:59:23+00:00,https://www.youtube.com/watch?v=wzEUMn81KvM,[LIVE🔴]-DEBUT Fairy deity - Renai,,,[]
UCGMSJFuXdNmswEPX4X6NnLQ,Mycara Melony Ch. Pixela-Mystic,HOLD_NEEDS_CHANNEL_REVIEW,NO_AFFIRMATIVE_CHANNEL_LEVEL_VIRTUAL_EVIDENCE_IN_CURRENT_REVIEW,false,REJECTED_AS_IDENTITY_EVENT,not_identity_event,,https://www.youtube.com/watch?v=yLLpWV-pVsM,มาเล่าเรื่องราวของ Mystic ก่อน Debut,,,[]
UCgmytgwJVDe74ewiHklGcBA,Minato Hatsuki【JVP】,PROVISIONAL_VIRTUAL,REVIEWED_PERSONA_EVENT_VIRTUAL_MEDIUM_NOT_SEPARATELY_CONFIRMED,false,SUPPORTED,identity_start,2024-02-23T13:01:30+00:00,https://www.youtube.com/watch?v=VriV46XqSQ0,【🔴 Debut : ZENTRION】ในที่สุดก็จะได้เจอกันเเล้วนะครับ,,,[]
UCGo7fnmWfGQewxZVDmC3iJQ,Xonebu X'thulhu Ch. Lumina-World-End,STRICT_VIRTUAL,IDENTITY_EVENT_WITH_EXPLICIT_VIRTUAL_SIGNAL,true,SUPPORTED,identity_start,2024-05-21T13:03:24+00:00,https://www.youtube.com/watch?v=7ORlKMZecoM,【Debut】มาลองฟังสักหนึ่งเพลงไหมคะ,,,[]
UCGOkjVQVJivJxDN7iSdQuLA,Moe Miyabi ⌜VZ⌟,STRICT_VIRTUAL,IDENTITY_EVENT_WITH_EXPLICIT_VIRTUAL_SIGNAL,true,SUPPORTED,model_change,2024-10-31T16:45:03+00:00,https://www.youtube.com/watch?v=I9SQTL12QK8,"3D: DEBUT - เจอกัน ""ที่ใหม่ เวลาเดิม"" 💜",,,[]
UCgQHTHlOXAX0PEVBeHTlSnA,Nero Ch.《CodeCreation》,HOLD_NEEDS_CHANNEL_REVIEW,NO_AFFIRMATIVE_CHANNEL_LEVEL_VIRTUAL_EVIDENCE_IN_CURRENT_REVIEW,false,REJECTED_AS_IDENTITY_EVENT,not_identity_event,,https://www.youtube.com/watch?v=cgwYMmR2MKE,|BEFORE DEBUT| Resident Evil Village ยินดีต้อนรับสู่หมู่บ้านที่สงบที่สุด #1,,,[]
UCGSthfh4W439C_2cQloVocw,Val 5332,STRICT_VIRTUAL,IDENTITY_EVENT_WITH_EXPLICIT_VIRTUAL_SIGNAL,true,SUPPORTED,identity_start,2022-03-12T13:29:35+00:00,https://www.youtube.com/watch?v=vhE_zx7hZQs,[Debut] เปิดตัวอาจารย์ผู้สอนไม่รู้เรื่องเน้นโม้ให้ฟัง,,,[]
UCgwH2no530s8Ios2doKELKw,DanDan,HOLD_NEEDS_CHANNEL_REVIEW,NO_AFFIRMATIVE_CHANNEL_LEVEL_VIRTUAL_EVIDENCE_IN_CURRENT_REVIEW,false,REJECTED_AS_IDENTITY_EVENT,not_identity_event,,https://www.youtube.com/watch?v=JdCmCkS77yM,《 Debut PV 》Dante - SECTION-13,,,[]
UCGwh4Fq6iBno7cSieXcgh0w,Saiko Ch.,STRICT_VIRTUAL,IDENTITY_EVENT_WITH_EXPLICIT_VIRTUAL_SIGNAL,true,VERIFIED,identity_start,2022-01-07T12:00:52+00:00,https://www.youtube.com/watch?v=iF0txLzs2TE,「DEBUT STREAM」นกกระจอกควรออกจากรัง,,,[]
UCgXcfaWl68A1gHWm4AiJXAQ,Yoshie Ch. Yoshie Teriri,STRICT_VIRTUAL,IDENTITY_EVENT_WITH_EXPLICIT_VIRTUAL_SIGNAL,true,SUPPORTED,identity_start,2020-07-10,https://www.youtube.com/watch?v=C_nHaXfrcfw,【Introducing】Yoshie Teriri Debut! มารู้จักกันเถอะ~!,,,[]
UCgZt2jUdPnEVCKQtnzS0ywg,Klangkhuen / กลางคืน,STRICT_VIRTUAL,IDENTITY_EVENT_WITH_EXPLICIT_VIRTUAL_SIGNAL,true,SUPPORTED,identity_start,2022-11-14T14:00:18+00:00,https://www.youtube.com/watch?v=ZjutQEvr3SI,[DEBUT STREAM] ผมเป็นผีนะกลัวผมสิ,,,[]
UCH6Fib1kQUaR2qurlEXnZMA,Zenaida XETA-102 Channel,PROVISIONAL_VIRTUAL,REVIEWED_PERSONA_EVENT_VIRTUAL_MEDIUM_NOT_SEPARATELY_CONFIRMED,false,SUPPORTED,identity_start,2022-12-05T12:01:13+00:00,https://www.youtube.com/watch?v=sdo8kgJYrCY,【⚙️Live】Zenaida XETA-102 Debut ⚠,,,[]
UCHBOkil-h2JiTQ2LEJtG7FA,Cerise Channel,STRICT_VIRTUAL,IDENTITY_EVENT_WITH_EXPLICIT_VIRTUAL_SIGNAL,true,SUPPORTED,identity_start,2024-10-13T07:22:44+00:00,https://www.youtube.com/watch?v=R5-03ujCUfw,【🔴LIVE DEBUT 】เชอรริสทหารหนุ่มโดนฆ่าตาย และถูกสาปให้เป็นแวมไพร์สูงใหญ่ [ข้าจะใหญ่ ใครอย่าขวาง],,,[]
UChBuxXl8poN1Jz8kZDdsfhw,Selene Ch.【ARP】,STRICT_VIRTUAL,IDENTITY_EVENT_WITH_EXPLICIT_VIRTUAL_SIGNAL,true,SUPPORTED,identity_start,2021-09-06T11:50:17+00:00,https://www.youtube.com/watch?v=vsxeysA9a9U,「LIVE DEBUT」ราชินีแห่งจันทราจะสำแดงฤทธา ณ บัดนี้,,,[]
UCHEnKuFdHAKL20IpCTi8l9Q,SeJi Ch.,HOLD_NEEDS_CHANNEL_REVIEW,NO_AFFIRMATIVE_CHANNEL_LEVEL_VIRTUAL_EVIDENCE_IN_CURRENT_REVIEW,false,REJECTED_AS_IDENTITY_EVENT,not_identity_event,,https://www.youtube.com/watch?v=-JGGtg8gYG8,Live debut  concert Liz's WISLIVE กิจกรรม part1: ทำยังไงให้ไม่เสียอาการ Ft. @LIZS-WIS,,,[]
UChgmNRdjJHlFaSm_xGmue9g,Konpe Ch. [Autumnia],STRICT_VIRTUAL,IDENTITY_EVENT_WITH_EXPLICIT_VIRTUAL_SIGNAL,true,SUPPORTED,identity_start,2022-12-20T13:03:20+00:00,https://www.youtube.com/watch?v=MPM4ojZkarM,[ Konpe Debut ] คอมเปะเป็นหมานุดคับ,,,[]
UChJCeUsXs42TOe1m4LZ_lJg,Cynthia Tepes Ch. [Autumnia],STRICT_VIRTUAL,IDENTITY_EVENT_WITH_EXPLICIT_VIRTUAL_SIGNAL,true,SUPPORTED,identity_start,2023-11-11T11:29:08+00:00,https://www.youtube.com/watch?v=JeQv4Fu-u2c,【DEBUT STREAM】Welcome to my manor【Cynthia Tepes | Autumnia】,,,[]
UCHJyN2D9QrjAujzsrDkguRA,Yuina Hoshi Ch.,STRICT_VIRTUAL,IDENTITY_EVENT_WITH_EXPLICIT_VIRTUAL_SIGNAL,true,SUPPORTED,identity_start,2021-07-28T13:00:35+00:00,https://www.youtube.com/watch?v=DFTTETcDz7g,[DEBUT] กวางดวงดาวยูอินะ มาแนะนำตัวกับทุกคนแล้วค่าาา~,,,[]
UCHNUhekh0u_TuF6vZ5S5j8w,MONGON. Association From 48 Dimension World (V.2),STRICT_VIRTUAL,IDENTITY_EVENT_WITH_EXPLICIT_VIRTUAL_SIGNAL,true,SUPPORTED,identity_start,2022-06-10T13:33:57+00:00,https://www.youtube.com/watch?v=QoU1HElGJpA,"🔴【Debut VTuber】| MONGON. ผู้มาจากมิติที่48 เพื่อมอบความ""กาว""ให้กับทุกคน #mongonlive",,,[]
UChrGwUGm1puXFhoC0lC7LFQ,Yukino Taifu Ch. ,PROVISIONAL_VIRTUAL,REVIEWED_PERSONA_EVENT_VIRTUAL_MEDIUM_NOT_SEPARATELY_CONFIRMED,false,SUPPORTED,identity_start,2024-11-06T12:30:40+00:00,https://www.youtube.com/watch?v=dRbMn1FVWcY,【LIVE DEBUT】Yukino-Taifu เจ้าหิมะตัวน้อยมาแย้ววค้าบบ❄️,,,[]
UCHUHJ0riRQWzPWdAchy6D4w,Besicka「ALF」,STRICT_VIRTUAL,IDENTITY_EVENT_WITH_INDIVIDUAL_VIRTUAL_ROSTER_SIGNAL,true,SUPPORTED,identity_start,2024-10-30T12:01:37+00:00,https://www.youtube.com/watch?v=4LS_lo121Ic,"【DEBUT stream】 ""เรื่องราวของฉันน่ะเธออยากมารวมเดินทางไปด้วยกันไหม"" - Besicka || Alorafia Academy",,,[]
UChy20fuMn3c_rB2NEZLQecA,Charlotty Ch. ,STRICT_VIRTUAL,IDENTITY_EVENT_WITH_EXPLICIT_VIRTUAL_SIGNAL,true,SUPPORTED,identity_start,2021-05-28T13:56:36+00:00,https://www.youtube.com/watch?v=GTkkKp9m3R8,【DEBUT STREAM】 อิฮึ อิฮึ อิฮึ  (Vtuber | TH/EN OK!),,,[]
UCHyAFq-CHcgrOte84Wvmorw,IKKI CHANNEL,STRICT_VIRTUAL,IDENTITY_EVENT_WITH_EXPLICIT_VIRTUAL_SIGNAL,true,SUPPORTED,identity_start,2021-12-11T11:01:08+00:00,https://www.youtube.com/watch?v=Jl-D-FntzUw,【DEBUT STREAM】IKKI FIRST LIVE เปิดตัวยักษ์แยงกี้ขี้เมา!!👹🍶,,,[]
UCHYMhyLCSsaZCRPzov6tHLg,Wilona Ch.,HOLD_NEEDS_CHANNEL_REVIEW,NO_AFFIRMATIVE_CHANNEL_LEVEL_VIRTUAL_EVIDENCE_IN_CURRENT_REVIEW,false,REJECTED_AS_IDENTITY_EVENT,not_identity_event,,https://www.youtube.com/watch?v=5Hn58OkS6ZA,【Debut PV】 Wilona The Goat | #VtuberTH,,,[]
UCHzQgT7k-UHxSo8oLQlf6Qg,VoidCat,HOLD_NEEDS_CHANNEL_REVIEW,NO_AFFIRMATIVE_CHANNEL_LEVEL_VIRTUAL_EVIDENCE_IN_CURRENT_REVIEW,false,AMBIGUOUS,unknown,,https://www.youtube.com/watch?v=l6vuVW1WSKw,『𝘼𝙧𝙧𝙞𝙫𝙖𝙡』VoidCat Animation Debut,,,[]
UChZv4NseLfZ98PmCA-gii7A,Grazia Ch.,STRICT_VIRTUAL,IDENTITY_EVENT_WITH_EXPLICIT_VIRTUAL_SIGNAL,true,SUPPORTED,identity_start,2023-11-25T11:55:10+00:00,https://www.youtube.com/watch?v=gll8Qm3yQVI,[🔴Debut ] debut ครั้งแรก กัวๆๆๆ,,,[]
UCI-P6wAQOviwsqMuVTVYKPQ,Benibanashi Gento | 紅話玄踪-VTuber,HOLD_NEEDS_CHANNEL_REVIEW,NO_AFFIRMATIVE_CHANNEL_LEVEL_VIRTUAL_EVIDENCE_IN_CURRENT_REVIEW,false,REJECTED_AS_IDENTITY_EVENT,not_identity_event,,https://www.youtube.com/watch?v=3qA4tLEcuXU,Debut PV,,,[]
UCiayPBsTG18EBsORDWmBOXQ,VitaOvO💊,HOLD_NEEDS_CHANNEL_REVIEW,NO_AFFIRMATIVE_CHANNEL_LEVEL_VIRTUAL_EVIDENCE_IN_CURRENT_REVIEW,false,AMBIGUOUS,unknown,,https://www.youtube.com/watch?v=3F5Pe37CCvE,[TH/日本語]Vita 1st LIVE Free Talk ทำความรู้จักกับทุกคน (Semi-Debut),,,[]
UCiG3hDSyLNx-tani2z03_Zg,AmiLLy,HOLD_NEEDS_CHANNEL_REVIEW,NO_AFFIRMATIVE_CHANNEL_LEVEL_VIRTUAL_EVIDENCE_IN_CURRENT_REVIEW,false,AMBIGUOUS,unknown,,https://www.youtube.com/watch?v=-iiEI-brTmo,【DEBUT】 ADSHJADAHJDFGHJLSK (EN),,,[]
UCiHID_2M0x_oEo62Kate2jQ,Zoomdesu,STRICT_VIRTUAL,IDENTITY_EVENT_WITH_EXPLICIT_VIRTUAL_SIGNAL,true,SUPPORTED,identity_start,2024-07-04T12:00:41+00:00,https://www.youtube.com/watch?v=BVRMHd454sE,[DEBUT STREAM] ในที่สุดเราก็ได้พบกันแล้วนะครับ!! | Zoomdesu,,,[]
UCijixp2pBTNrgkF5pDw0wPg,Neris Ch.,STRICT_VIRTUAL,IDENTITY_EVENT_WITH_EXPLICIT_VIRTUAL_SIGNAL,true,SUPPORTED,identity_start,2023-07-06T11:01:21+00:00,https://www.youtube.com/watch?v=z_1cco3lJE0,【🔴DEBUT 】ได้เวลากัดเปลือกไข่ออกมาแล้วครับ【Neris | Chark Project】,,,[]
UCIJlMF7bynSgi0G8Hy6j94g,SoDaChan | Vtuber,HOLD_NEEDS_CHANNEL_REVIEW,NO_AFFIRMATIVE_CHANNEL_LEVEL_VIRTUAL_EVIDENCE_IN_CURRENT_REVIEW,false,REJECTED_AS_IDENTITY_EVENT,not_identity_event,,https://www.youtube.com/watch?v=sPsEBR2SV-w,【VTUBER DEBUT PV】 A new Vtuber!? FLASH WARNING! 【SoDaChan】,,,[]
UCINPv9Ffoo7mgvEfKY8Ks2A,Pugko Ch.,STRICT_VIRTUAL,IDENTITY_EVENT_WITH_EXPLICIT_VIRTUAL_SIGNAL,true,SUPPORTED,identity_start,2023-03-11T12:59:41+00:00,https://www.youtube.com/watch?v=pUTq1nX2yCY,【DEBUT STREAM】เปิดตัวผีประจำคอนโด - ปั๊กโกะมาแล้วค่า | Kikorin,,,[]
UCiVNJohfCMYogqJ4EB6fB1g,Dragooooon Vtuber,STRICT_VIRTUAL,IDENTITY_EVENT_WITH_EXPLICIT_VIRTUAL_SIGNAL,true,SUPPORTED,identity_start,2024-01-28T12:59:58+00:00,https://www.youtube.com/watch?v=gPhn8ngHljg,『 Live Debut 🔴』มาดูหมากรเดย์กัน! 🔥,,,[]
UCj2sbvVwAQFjHPLZ47RoTOA,Tama OniiSan 【21PM】,STRICT_VIRTUAL,IDENTITY_EVENT_WITH_EXPLICIT_VIRTUAL_SIGNAL,true,SUPPORTED,identity_start,2024-11-07T14:55:25+00:00,https://www.youtube.com/watch?v=S1bQEzeOrLA,[ 🔴DEBUT LIVE] ได้เวลาเปิดร้านแล้ว !! #TamaOniiSan,,,[]
UCJ6HUQOWSjCHHdOgz13zFlA,TheQuillmon ⌜VZ⌟,STRICT_VIRTUAL,IDENTITY_EVENT_WITH_EXPLICIT_VIRTUAL_SIGNAL,true,SUPPORTED,redebut,2024-04-27T14:00:45+00:00,https://www.youtube.com/watch?v=Hs5Vj2zfGxo,【🔴 RE:DEBUT】วีทูปเบอร์ไทยคนแรก.. แค่พูดก็เท่แล้วป่ะ 😲 #VIRTUALZEVEN,,,[]
UCJ6kqLPI4aALUa0p3kJJUKQ,Mellowlop「Paralist」,HOLD_NEEDS_CHANNEL_REVIEW,NO_AFFIRMATIVE_CHANNEL_LEVEL_VIRTUAL_EVIDENCE_IN_CURRENT_REVIEW,false,REJECTED_AS_IDENTITY_EVENT,not_identity_event,,https://www.youtube.com/watch?v=4jcRwPS7H3k,【Debut PV】SayHi! I'm Mellowlop,,,[]
UCj9iuFhj63MZfS8ANBzBd9w,Renia Marinette Ch.【PSM】,STRICT_VIRTUAL,IDENTITY_EVENT_WITH_EXPLICIT_VIRTUAL_SIGNAL,true,SUPPORTED,identity_start,2024-01-27T12:00:21+00:00,https://www.youtube.com/watch?v=KThGgeyVSUI,【🔴LIVE DEBUT】กุ้งดองแซ่บๆ กุ้งดองตัวโตๆ【Renia】,,,[]
UCJAI6tpsee_w0sMV7-NB_Tw,SUIFONG CH〖DPX〗,HOLD_NEEDS_CHANNEL_REVIEW,NO_AFFIRMATIVE_CHANNEL_LEVEL_VIRTUAL_EVIDENCE_IN_CURRENT_REVIEW,false,REJECTED_AS_IDENTITY_EVENT,not_identity_event,,https://www.youtube.com/watch?v=g8uPc5M1fXA,[PV]  DEBUT Suifong มังกรวารีวีทูปเบอร์,,,[]
UCJCORIrObs3iTzSzCHHvlCA,Lyvea•Eve,STRICT_VIRTUAL,REVIEWED_ROLE_ENTITY_VIRTUAL,true,AMBIGUOUS,unknown,,https://www.youtube.com/watch?v=PF8KhSSpNcQ,【DEBUT STREAM 】ย่งโย่งหย่งยก,SUPPORTED,both,"[""performer"",""rigger""]"
UCJEy_y-4fO4j2D6RLANc25Q,Zetsuna Ch.,STRICT_VIRTUAL,IDENTITY_EVENT_WITH_EXPLICIT_VIRTUAL_SIGNAL,true,SUPPORTED,identity_start,2024-09-27T13:00:39+00:00,https://www.youtube.com/watch?v=jQZw1xTvqQ4,【Debut】ดีเพื่อน,,,[]
UCjGGp-gPhMgxgIKxjShbYtA,Terios Ch.,STRICT_VIRTUAL,IDENTITY_EVENT_WITH_EXPLICIT_VIRTUAL_SIGNAL,true,VERIFIED,identity_start,2021-02-17T12:30:49+00:00,https://www.youtube.com/watch?v=gedldStKjpE,🔴DEBUT Terios D. l Virtual Demon | การปรากฏกายครั้งแรกของราชาปีศาจ,,,[]
UCjgiHXaBeeuWfxZpNMCJioQ,Galactic Lunarr,PROVISIONAL_VIRTUAL,REVIEWED_PERSONA_EVENT_VIRTUAL_MEDIUM_NOT_SEPARATELY_CONFIRMED,false,SUPPORTED,identity_start,2023-09-03T12:57:56+00:00,https://www.youtube.com/watch?v=11w1xamEkSM,【🔴DEBUT】L U N A R R   L A N D I N G  🐰🚀🌍,,,[]
UCJH6IzDkIlz5Dw93LzEC_Nw,Cazzia Bakeriana Ch. - Parabellum,STRICT_VIRTUAL,IDENTITY_EVENT_WITH_EXPLICIT_VIRTUAL_SIGNAL,true,SUPPORTED,identity_start,2022-03-19T13:00:18+00:00,https://www.youtube.com/watch?v=qCW2PwxJ2YE,[ LIVE  DEBUT ]  Cazzia Bakeriana สวัสดีค่ะ แคสเซียมาแล้วนะคะ,,,[]
UCjNcr0lsW_G8u6zJjjHlBXw,Veena - OWG,HOLD_NEEDS_CHANNEL_REVIEW,NO_AFFIRMATIVE_CHANNEL_LEVEL_VIRTUAL_EVIDENCE_IN_CURRENT_REVIEW,false,REJECTED_AS_IDENTITY_EVENT,not_identity_event,,https://www.youtube.com/watch?v=SEnCBY_2zXc,[ Debut PV ] Veena Saraswati,,,[]
UCJNuYG7F5YzslTSYChWcKBw,Kousei Ch.,STRICT_VIRTUAL,IDENTITY_EVENT_WITH_EXPLICIT_VIRTUAL_SIGNAL,true,SUPPORTED,identity_start,2021-04-26T09:56:26+00:00,https://www.youtube.com/watch?v=uZ34UnCLtnU,【DEBUT STREAM 】It's Kouwinkle time!【Amanogawa Kousei🌠 ✨】,,,[]
UCjygfNCaicPNiP8HZyXY08w,Mina Nekogaki / 猫垣ミナ【MSV】,STRICT_VIRTUAL,IDENTITY_EVENT_WITH_EXPLICIT_VIRTUAL_SIGNAL,true,SUPPORTED,identity_start,2024-01-27T13:00:22+00:00,https://www.youtube.com/watch?v=QvCbk4NTA3w,『 🔴 LIVE DEBUT 』พรี่มีนา มาแล้วค้าบน้อน ๆ 😎【 Mina Nekogaki 】,,,[]
UCk0bJC1-V_BIE-FY8qYrVQA,Bingsujuseyo Ch.,HOLD_NEEDS_CHANNEL_REVIEW,NO_AFFIRMATIVE_CHANNEL_LEVEL_VIRTUAL_EVIDENCE_IN_CURRENT_REVIEW,false,REJECTED_AS_IDENTITY_EVENT,not_identity_event,,https://www.youtube.com/watch?v=BbxPPBau-OM,ถึงเวลาแล้วที่เจ้าหญิงจะออกจากถ้วยมาทักทายผู้คน! bingsujuseyo debut announcement,,,[]
UCk5hcuReSItZee785U4jMDA,Dear_759TH ◤VTP◢,HOLD_NEEDS_CHANNEL_REVIEW,NO_AFFIRMATIVE_CHANNEL_LEVEL_VIRTUAL_EVIDENCE_IN_CURRENT_REVIEW,false,REJECTED_AS_IDENTITY_EVENT,not_identity_event,,https://www.youtube.com/watch?v=z82hHbvMEoA,ꕥ  OFFICIAL PV ꕥ   ┇ Debut - 10/1/2567  ┇✨ .·:*¨Dear_759TH ◤VTP◢¨*:·. 🌻,,,[]
UCKCL2NsTO_FOaWHEE6OiHoA,Akira Ch. 狐川アキラ,STRICT_VIRTUAL,IDENTITY_EVENT_WITH_EXPLICIT_VIRTUAL_SIGNAL,true,SUPPORTED,identity_start,2023-03-25T12:31:37+00:00,https://www.youtube.com/watch?v=335M7BU8eLE,【🔴LIVE】DEBUT ยินดีที่ได้รู้จักนะ | Akira,,,[]
UCkF8r4_wvBnMm2mrdvcxU_g,Sunfish Ch.,PROVISIONAL_VIRTUAL,REVIEWED_PERSONA_EVENT_VIRTUAL_MEDIUM_NOT_SEPARATELY_CONFIRMED,false,SUPPORTED,identity_start,2021-08-17T13:02:25+00:00,https://www.youtube.com/watch?v=Mv-JCUApfxk,【初配信/DEBUT】TH/JP  MOLA MOLIDAE,,,[]
UCkf9IC_RAo1SSj4BvR7ahOA,Emiliaエミリア🌸🍡 ch.,STRICT_VIRTUAL,IDENTITY_EVENT_WITH_EXPLICIT_VIRTUAL_SIGNAL,true,VERIFIED,identity_start,2024-03-24T13:00:53+00:00,https://www.youtube.com/watch?v=wTWVFnjPZUI,『 LIVE DEBUT 』คุณลองหันมามองดอกไม้ในมือเอมิหน่อยสิคะ,,,[]
UCKg9vWWT_2yK3FFNNnnhhLw,Goozilla Ily Ch. [Autumnia],STRICT_VIRTUAL,IDENTITY_EVENT_WITH_EXPLICIT_VIRTUAL_SIGNAL,true,SUPPORTED,identity_start,2023-11-11T12:58:30+00:00,https://www.youtube.com/watch?v=d0_ego91MZc,【Debut Stream】 All hail your new villain  ✦ Goozilla Ily | Autumnia 【EN/TH】,,,[]
UCknOyz3O0-G6w5SJNAgO7uQ,Mild-R Ch. Lumina-World-End,STRICT_VIRTUAL,IDENTITY_EVENT_WITH_EXPLICIT_VIRTUAL_SIGNAL,true,SUPPORTED,identity_start,2024-05-22T13:00:42+00:00,https://www.youtube.com/watch?v=kNcWzy66pP0,【Debut】แหม จะให้เค้าจุ๊บตรงไหนดีคะ,,,[]
UCkNTg_9AatcdDorXO0ijfYQ,Fuyu Kaida,HOLD_NEEDS_CHANNEL_REVIEW,NO_AFFIRMATIVE_CHANNEL_LEVEL_VIRTUAL_EVIDENCE_IN_CURRENT_REVIEW,false,REJECTED_AS_IDENTITY_EVENT,not_identity_event,,https://www.youtube.com/watch?v=m6MvfVDqa0A,จากไลฟ์สตรีมเดบิวต์ ได้ชื่อแฟนคลับแล้วนะ#Fuyu #VtuberTH #เดบิวต์ #ชื่อแฟนคลับ,,,[]
UCkU6YBCs4dPsn1FlVzNVqNw,Punquix,STRICT_VIRTUAL,IDENTITY_EVENT_WITH_EXPLICIT_VIRTUAL_SIGNAL,true,SUPPORTED,identity_start,2023-12-01T12:01:49+00:00,https://www.youtube.com/watch?v=FI3Ah1XMHa0,[🔴Live Debut] มาม่าม้าา คุยคุ๋ยกันเตอะ อูวี้ด 🐧🐙,,,[]
UCKuzX7wNaRVXEI9a81xeNfA,Minami Lollipopza Ch. ʕ •ᴥ•ʔ,HOLD_NEEDS_CHANNEL_REVIEW,NO_AFFIRMATIVE_CHANNEL_LEVEL_VIRTUAL_EVIDENCE_IN_CURRENT_REVIEW,false,AMBIGUOUS,unknown,,https://www.youtube.com/watch?v=BNIl7D-WUZo,【VTUBER DEBUT】Minami หมีนามิ หมีหลุดโลก,,,[]
UCkWqUSYGks1CqOcCm-zwfzw,Lalia,HOLD_NEEDS_CHANNEL_REVIEW,NO_AFFIRMATIVE_CHANNEL_LEVEL_VIRTUAL_EVIDENCE_IN_CURRENT_REVIEW,false,AMBIGUOUS,unknown,,https://www.youtube.com/watch?v=yv6Vmyq7Ctc,LaLia: Happy First Time - Debut,,,[]
UCkYpaS7iE8B6r8xPBeo4sOg,Pinku no Megami - Virtual7『TH』,STRICT_VIRTUAL,IDENTITY_EVENT_WITH_EXPLICIT_VIRTUAL_SIGNAL,true,SUPPORTED,identity_start,2023-09-10T12:00:25+00:00,https://www.youtube.com/watch?v=hA_ragAVapM,🦋 [DEBUT] ปุอิ้ง ๆ ความลับของทางการ.. จะถูกเปิดเผยแล้วค่ะ 💖 #VIRTUALZEVEN,,,[]
UCL0LiR5zg3vRnIHp-CowVBg,KamiSaki Kuro Ch.,STRICT_VIRTUAL,IDENTITY_EVENT_WITH_EXPLICIT_VIRTUAL_SIGNAL,true,SUPPORTED,identity_start,2024-09-07T12:56:39+00:00,https://www.youtube.com/watch?v=-1jh7s_qDGY,【 🔴Debut Stream 】พร้อมมาเล่นกับแง้วรึยัง?,,,[]
UCL7lolCifod5V21pPzR3K-w,Magnum Ch.【ARP】,STRICT_VIRTUAL,IDENTITY_EVENT_WITH_EXPLICIT_VIRTUAL_SIGNAL,true,SUPPORTED,identity_start,2023-08-06T07:50:29+00:00,https://www.youtube.com/watch?v=MZR0eMcC6RE,「🔴LIVE DEBUT」อย่าเรียกว่าไอติม เดี๋ยวตบด้วยสันปืน「Magnum」 #ARProject,,,[]
UClCLRJrlg3F9FOPnUfItZSw,Tatsuki Ch.,PROVISIONAL_VIRTUAL,REVIEWED_PERSONA_EVENT_VIRTUAL_MEDIUM_NOT_SEPARATELY_CONFIRMED,false,SUPPORTED,identity_start,2021-07-03T11:58:06+00:00,https://www.youtube.com/watch?v=j_wHvIWVF8I,【DEBUT STREAM】มาแล้ว!? เจ้ากบน้อยจากต่างดาว!!?,,,[]
UCLEOU6NgYYoVmPV8MwbwOkg,RatoMatsudaラト松田 Ch.,STRICT_VIRTUAL,IDENTITY_EVENT_WITH_EXPLICIT_VIRTUAL_SIGNAL,true,SUPPORTED,identity_start,2021-04-15T09:57:34+00:00,https://www.youtube.com/watch?v=5WQg2EJbey4,【DEBUT】🔴ผู้นำของเหล่าตัวแทนบาปทั้ง 7 Lato di us Elabooz  Corfuend,,,[]
UCLEtK3UynAZPM7ODwPeveEw,LIRIN,STRICT_VIRTUAL,IDENTITY_EVENT_WITH_EXPLICIT_VIRTUAL_SIGNAL,true,SUPPORTED,identity_start,2022-01-22T13:00:14+00:00,https://www.youtube.com/watch?v=jPE5Xc-8ozE,【VTUBER DEBUT STREAM】กล้วยผู้นี้มีความฝัน【WISLIVE | LIRIN】,,,[]
UCLH2yQZY_yG165dVqtabtYw,Aki Masamune Ch. / AStars Chrono prince,STRICT_VIRTUAL,IDENTITY_EVENT_WITH_INDIVIDUAL_VIRTUAL_ROSTER_SIGNAL,true,SUPPORTED,identity_start,2024-07-27T12:01:56+00:00,https://www.youtube.com/watch?v=avXSQHf1qRo,👻【DEBUT Stream】นักล่าปีศาจมาปราบฝันร้ายในใจคุณแล้ว 【Aki Masamune | Chrono prince】,,,[]
UClHAmzOCBWpIxaeLoB1C3WQ,HottoMaya,HOLD_NEEDS_CHANNEL_REVIEW,NO_AFFIRMATIVE_CHANNEL_LEVEL_VIRTUAL_EVIDENCE_IN_CURRENT_REVIEW,false,AMBIGUOUS,unknown,,https://www.youtube.com/watch?v=RRmHaaTbjuA,Debut Vtuber ที่รอคอยมานานกว่าล้านชาติ {เรื่องจริง},,,[]
UClKKLcJYu3P7VdVVc4H8fUQ,Nicole BLANK,STRICT_VIRTUAL,IDENTITY_EVENT_WITH_EXPLICIT_VIRTUAL_SIGNAL,true,SUPPORTED,identity_start,2023-02-11T13:59:17+00:00,https://www.youtube.com/watch?v=pnOgt1Q13KI,【VTUBER DEBUT】Halo! กินข้าวกันยัง,,,[]
UCLrFWzD0xA5nDt4ZYUnbGew,Jorirynn 【PRIME】,STRICT_VIRTUAL,IDENTITY_EVENT_WITH_EXPLICIT_VIRTUAL_SIGNAL,true,SUPPORTED,identity_start,2024-10-12T14:00:38+00:00,https://www.youtube.com/watch?v=-8L4CspOzew,【🔴 LIVE DEBUT 】กำเนิดโจริริณทร์!!!,,,[]
UClsYXk5BW7YOdB9mnGzikyQ,Celestier Rolannda [crrda.ch],STRICT_VIRTUAL,IDENTITY_EVENT_WITH_EXPLICIT_VIRTUAL_SIGNAL,true,SUPPORTED,identity_start,2021-04-17T11:33:40+00:00,https://www.youtube.com/watch?v=mjrG8EKm9Mw,[DEBUT LIVE] ในที่สุดเราก็ได้เจอกันแล้วนะ ♥,,,[]
UCLT-U861QLvJmrlP7K6kv2w,Vulgtmnahog,STRICT_VIRTUAL,IDENTITY_EVENT_WITH_EXPLICIT_VIRTUAL_SIGNAL,true,SUPPORTED,identity_start,2024-05-24T12:54:11+00:00,https://www.youtube.com/watch?v=vf1myGjQaJY,Debut แบบคนไม่ปกติ,,,[]
UCLWpw8jaGYOVXV8cIu1WMqw,Fukai Lorn Ch.,STRICT_VIRTUAL,IDENTITY_EVENT_WITH_EXPLICIT_VIRTUAL_SIGNAL,true,SUPPORTED,identity_start,2022-08-29T13:59:56+00:00,https://www.youtube.com/watch?v=WU6xZSIhLJQ,[Debut Stream]: Fukai Lorn : ใครไม่เหงา แต่ผมเหงามาก มาม้ะ คัมๆ,,,[]
UCLWuDHSv5EWSQqAxar2YTlw,Akilah Ch.,STRICT_VIRTUAL,IDENTITY_EVENT_WITH_EXPLICIT_VIRTUAL_SIGNAL,true,SUPPORTED,identity_start,2022-11-01T12:00:33+00:00,https://www.youtube.com/watch?v=OL51UC_W_Ys,🔴 ⌈ DEBUT STREAM ⌋ สุริยันตะวันทอเเสง!! Akilah มาเเล้วค่ะ ☀🦅【Majinova】,,,[]
UClXPm_54oaVwVPKhewoDSQw,SHiA_4a,STRICT_VIRTUAL,IDENTITY_EVENT_WITH_EXPLICIT_VIRTUAL_SIGNAL,true,SUPPORTED,model_change,2022-10-01T13:00:38+00:00,https://www.youtube.com/watch?v=68yyk8-rWHA,[ Re Model & Debut ] รีโมเดล!!! แต่จะว่าไป ก็ยังไม่เคยเดบิ้ว ก็รวมเดบิ้วไปด้วยเลยก็ละกัน!!!,,,[]
UCmAObfjMAwE-nqr9D0ISAFw,Fufu15 Ch. 〖ST〗,PROVISIONAL_VIRTUAL,REVIEWED_PERSONA_EVENT_VIRTUAL_MEDIUM_NOT_SEPARATELY_CONFIRMED,false,SUPPORTED,identity_start,2022-05-02T13:00:08+00:00,https://www.youtube.com/watch?v=7cHyM3b9VSg,│Live Debut │ สิงโตสาวสุดเหล่ท่อ สักหมัดปะละ (‵▽′),,,[]
UCmg0gZHGn-zuq1JnYPB_EjQ,TEENIE | WISLIVE,HOLD_NEEDS_CHANNEL_REVIEW,NO_AFFIRMATIVE_CHANNEL_LEVEL_VIRTUAL_EVIDENCE_IN_CURRENT_REVIEW,false,AMBIGUOUS,unknown,,https://www.youtube.com/watch?v=cWK8OFCXfnE,น่ารักก็พอแล้วไง!! | TEENIE DEBUT,,,[]
UCMJcr4CRojJ_0Qkyd1a5ULQ,DeathEx Ch.,STRICT_VIRTUAL,IDENTITY_EVENT_WITH_EXPLICIT_VIRTUAL_SIGNAL,true,SUPPORTED,identity_start,2023-11-13T14:31:15+00:00,https://www.youtube.com/watch?v=253Tc8h7tx8,( Live Debut ) พ่อบ้านที่ไม่สมบูรณ์แบบมารับใช้คุณหนูแล้วนะคับ,,,[]
UCmmq-jL8gjo_J-KHYIXcLMQ,【123DP】 Ting Ting ch.,STRICT_VIRTUAL,IDENTITY_EVENT_WITH_EXPLICIT_VIRTUAL_SIGNAL,true,SUPPORTED,identity_start,2021-07-08T13:04:53+00:00,https://www.youtube.com/watch?v=cg9iJQOYjaM,🐾【DEBUT】ตื่นเต้นจังเล้ย !!! [TingTing]🎋,,,[]
UCmN7K6QnC46aah-_69EGksw,Lawrenze l Blessing,STRICT_VIRTUAL,IDENTITY_EVENT_WITH_EXPLICIT_VIRTUAL_SIGNAL,true,VERIFIED,identity_start,2021-10-13T11:59:52+00:00,https://www.youtube.com/watch?v=Xh7fo9EKTcU,『Law – The janitor First Live Debut 』,,,[]
UCmrINu03JIZLU04794Ril2w,C1EL ,STRICT_VIRTUAL,IDENTITY_EVENT_WITH_EXPLICIT_VIRTUAL_SIGNAL,true,SUPPORTED,identity_start,2023-12-23T13:54:59+00:00,https://www.youtube.com/watch?v=jlK-NZgC48g,『🧡LIVE DEBUT 』CIEL THE TANUKI  |  พวกพี่ที่มาดูอะ จองโต๊ะกันยาง,,,[]
UCMrMIuX-WYd9Tpr8E1-ryKQ,Neru - Gemini,HOLD_NEEDS_CHANNEL_REVIEW,NO_AFFIRMATIVE_CHANNEL_LEVEL_VIRTUAL_EVIDENCE_IN_CURRENT_REVIEW,false,REJECTED_AS_IDENTITY_EVENT,not_identity_event,,https://www.youtube.com/watch?v=6FhC440xU-o,🍨Neru Debut - 30/07 - 07.00 p.m. | Vtuber TH [Astalia],,,[]
UCmrTXPnIhAm-hosYsZ8rAHg,Yukito Hoshitoki Ch. / AStars Chrono prince,STRICT_VIRTUAL,IDENTITY_EVENT_WITH_INDIVIDUAL_VIRTUAL_ROSTER_SIGNAL,true,SUPPORTED,identity_start,2024-07-27T12:29:54+00:00,https://www.youtube.com/watch?v=d-AsfS8Ce9o,🌌【DEBUT Stream】เดินทางข้ามเวลา มาหาแล้วนะ 【Yukito Hoshitoki | Chrono prince】,,,[]
UCmTbPJp-N5R1KFvMO51giCg,SKarenNin,HOLD_NEEDS_CHANNEL_REVIEW,NO_AFFIRMATIVE_CHANNEL_LEVEL_VIRTUAL_EVIDENCE_IN_CURRENT_REVIEW,false,AMBIGUOUS,unknown,,https://www.youtube.com/watch?v=nuW-_bu0NdQ,[Live Debut] ทำความรู้จักกับผีของคุณ,,,[]
UCmU2ZpoUQNii8DSKuWR3qLQ,KoSaru_Ch,STRICT_VIRTUAL,IDENTITY_EVENT_WITH_EXPLICIT_VIRTUAL_SIGNAL,true,SUPPORTED,identity_start,2022-04-24T12:59:20+00:00,https://www.youtube.com/watch?v=aqT-FWFN0EY,[Live Debut] เรามาทำความรู้จักลิงน้อยกันดีกว่า,,,[]
UCMUtWzsjAQJgp6UlkbVSo1w,Laguna JuJu Ch. Pixela Project,PROVISIONAL_VIRTUAL,REVIEWED_PERSONA_EVENT_VIRTUAL_MEDIUM_NOT_SEPARATELY_CONFIRMED,false,SUPPORTED,identity_start,2021-03-14T07:58:35+00:00,https://www.youtube.com/watch?v=6nsRxaqaHuM,[LIVE DEBUT] จูจูไม่ใช่จิ้งจก,,,[]
UCMvc8BlQ7r5gRbz-D2EY0LA,HØRI 07 ⌜VZ⌟,HOLD_NEEDS_CHANNEL_REVIEW,NO_AFFIRMATIVE_CHANNEL_LEVEL_VIRTUAL_EVIDENCE_IN_CURRENT_REVIEW,false,AMBIGUOUS,unknown,,https://www.youtube.com/watch?v=oSYvIfRMSyo,☕【EN: DEBUT】Wanna grab a cøffee?  [- HØRI 07 // MyHolo TV -] #MonstarZ,,,[]
UCMVdzsLwVWc241rrjK78aXA,Pak LIGHT,STRICT_VIRTUAL,IDENTITY_EVENT_WITH_INDIVIDUAL_VIRTUAL_ROSTER_SIGNAL,true,SUPPORTED,identity_start,2024-02-03T15:00:14+00:00,https://www.youtube.com/watch?v=MbGIUi0q8MU,【🔴LIVE DEBUT】LIGHT “พร้อมเสี่ยงด้วยกันไหมครับ?” / DE-PHANTOM | WISLIVE,,,[]
UCmWdh_wjFaSdX7sZUWGNuDQ,Fallyn『VTG』,STRICT_VIRTUAL,IDENTITY_EVENT_WITH_EXPLICIT_VIRTUAL_SIGNAL,true,SUPPORTED,identity_start,2024-06-14T11:59:01+00:00,https://www.youtube.com/watch?v=EM37r0-g6so,『 DEBUT STREAM 』ปอบผีฟ้าที่ไม่ใช่ผีมาเจอกับทุกคนแล้วค้าบ Fallyn 🤌🏻『VTG』 #VTGวีผีไทย #VTG13TH,,,[]
UCN5KfrZRFVu6QbnPC3bl9qA,Mamushi Ene Ch.,HOLD_NEEDS_CHANNEL_REVIEW,NO_AFFIRMATIVE_CHANNEL_LEVEL_VIRTUAL_EVIDENCE_IN_CURRENT_REVIEW,false,REJECTED_AS_IDENTITY_EVENT,not_identity_event,,https://www.youtube.com/watch?v=g7YHGyNAluk,คุณได้รับจดหมายเชิญเข้าสู่ Debut stream ของเอเนะ,,,[]
UCn7S0uvqI3_5NYli07qxZCA,Alya Vestiny,HOLD_NEEDS_CHANNEL_REVIEW,NO_AFFIRMATIVE_CHANNEL_LEVEL_VIRTUAL_EVIDENCE_IN_CURRENT_REVIEW,false,AMBIGUOUS,unknown,,https://www.youtube.com/watch?v=xgRCc88b4OM,【Debut Stream】นากมหัศจรรย์ only in Ohio【Alya Esmeray l VESTINY 】,,,[]
UCn9yL4ihVNU-IxPRmpXDivg,Acintunz,HOLD_NEEDS_CHANNEL_REVIEW,NO_AFFIRMATIVE_CHANNEL_LEVEL_VIRTUAL_EVIDENCE_IN_CURRENT_REVIEW,false,REJECTED_AS_IDENTITY_EVENT,not_identity_event,,https://www.youtube.com/watch?v=E30UTot_Hho,[ PV Debut ] Acintunz : ภูติแกะฝึกหัดรายงานตัวงับ,,,[]
UCNEjPeYZ1R9xQEjHFU__Nhw,012CQ Ch. Ruka Inochizuna,STRICT_VIRTUAL,IDENTITY_EVENT_WITH_EXPLICIT_VIRTUAL_SIGNAL,true,SUPPORTED,identity_start,2021-06-08T14:01:28+00:00,https://www.youtube.com/watch?v=jpqEhUJ9zfs,【DEBUT】ในที่สุดก็ได้ออกมาดูโลกภายนอกสักที(🌊Inochizuna Ruka🐬),,,[]
UCnH5yoBy1jRySZ4uLcdX5Tw,NakiRiku Ch.,HOLD_NEEDS_CHANNEL_REVIEW,NO_AFFIRMATIVE_CHANNEL_LEVEL_VIRTUAL_EVIDENCE_IN_CURRENT_REVIEW,false,AMBIGUOUS,unknown,,https://www.youtube.com/watch?v=50wey6nnFBE,【🔴Debut】เปิดแผนการ Operation Koma,,,[]
UCni4SBfvmKlD7bu_ZWDmKiQ,CoolRin CH,STRICT_VIRTUAL,IDENTITY_EVENT_WITH_EXPLICIT_VIRTUAL_SIGNAL,true,SUPPORTED,identity_start,2022-11-28T13:00:01+00:00,https://www.youtube.com/watch?v=4XLgtmlNvoo,【Live Debut】เปิดตัว Vtuber CoolRin  !!,,,[]
UCNLd5kFDUcQyiiiV8f56Tlw,Hecate Ch.,HOLD_NEEDS_CHANNEL_REVIEW,NO_AFFIRMATIVE_CHANNEL_LEVEL_VIRTUAL_EVIDENCE_IN_CURRENT_REVIEW,false,AMBIGUOUS,unknown,,https://www.youtube.com/watch?v=eazqEKLUiNc,「🔴 LIVE DEBUT 」เราเคยเจอกันที่ไหนหรือป่าวคะ?,,,[]
UCNLRchQpCrJaUvYo731Y_vg,Callidora Ch.【VJN】,STRICT_VIRTUAL,IDENTITY_EVENT_WITH_INDIVIDUAL_VIRTUAL_ROSTER_SIGNAL,true,SUPPORTED,identity_start,2024-02-25T13:00:27+00:00,https://www.youtube.com/watch?v=YJpKXf9o8Ts,【🔴LIVE DEBUT】Callidora Angeni | V-Janai Project,,,[]
UCnOY70F34J77m2YzkW7B5qw,Hamiko Channel,HOLD_NEEDS_CHANNEL_REVIEW,NO_AFFIRMATIVE_CHANNEL_LEVEL_VIRTUAL_EVIDENCE_IN_CURRENT_REVIEW,false,AMBIGUOUS,unknown,,https://www.youtube.com/watch?v=o0IyqNZzZMA,【DEBUT STREAM】Hamiko มาเดินสำรวจใน Genshin Impact ล่ะ,,,[]
UCNW0brB5G5GcBDXuJ1iDglw,Megzis Ch.,PROVISIONAL_VIRTUAL,REVIEWED_PERSONA_EVENT_VIRTUAL_MEDIUM_NOT_SEPARATELY_CONFIRMED,false,SUPPORTED,identity_start,2024-04-18T12:57:24+00:00,https://www.youtube.com/watch?v=AdtdzfGGwc8,【🔴 DEBUT STREAM】ฉลามชอบงับคุณ ส่วนผมก็ชอบงับคุณนะ【Megzis 🦈🎵 | PRIME UNIT 】,,,[]
UCNxjqm_u1zOpgisojN5WoSw,zaczoa Twin Aliens,HOLD_NEEDS_CHANNEL_REVIEW,NO_AFFIRMATIVE_CHANNEL_LEVEL_VIRTUAL_EVIDENCE_IN_CURRENT_REVIEW,false,REJECTED_AS_IDENTITY_EVENT,not_identity_event,,https://www.youtube.com/watch?v=G4UldEyg7VI,【PV Debut】Zachielle ✨ Zoastelle【VTuber】TH/EN SUB CC,,,[]
UCoc4ArTO-yJUzpqufus_Pdg,Kokori 《 OTL 》,HOLD_NEEDS_CHANNEL_REVIEW,NO_AFFIRMATIVE_CHANNEL_LEVEL_VIRTUAL_EVIDENCE_IN_CURRENT_REVIEW,false,REJECTED_AS_IDENTITY_EVENT,not_identity_event,,https://www.youtube.com/watch?v=QHGV04roCMA,「 PV DEBUT 」 Kokori l Rabbit Spirit of Weather,,,[]
UCoekpBaMC20hpELSXrqRTzg,Fury.D [FRG],STRICT_VIRTUAL,IDENTITY_EVENT_WITH_EXPLICIT_VIRTUAL_SIGNAL,true,SUPPORTED,identity_start,2023-01-14T12:01:13+00:00,https://www.youtube.com/watch?v=TrdpRJ9FRuI,[🔴 LIVE Debut ] เจ้าเต่าฟิว!!ปรากฏกายยยยยย | Fury.D [TRIGONAL VProject ],,,[]
UCOFHRsSrDPOcdiz3Crc2ZBw,Hatsu ch〖DPX〗,HOLD_NEEDS_CHANNEL_REVIEW,NO_AFFIRMATIVE_CHANNEL_LEVEL_VIRTUAL_EVIDENCE_IN_CURRENT_REVIEW,false,AMBIGUOUS,unknown,,https://www.youtube.com/watch?v=W3hTd_YVFE8,🔴 [LIVE DEBUT]  ELLE K แอ๋ว…ได้เวลาท่องโลกกว้างแล้วสินะ,,,[]
UCOGGZpm2i6PXFI9yBvEueRA,ดอยล์,HOLD_NEEDS_CHANNEL_REVIEW,NO_AFFIRMATIVE_CHANNEL_LEVEL_VIRTUAL_EVIDENCE_IN_CURRENT_REVIEW,false,REJECTED_AS_IDENTITY_EVENT,not_identity_event,,https://www.youtube.com/watch?v=BfrPceZMhzg,風月 / Feng Yue | Thai lyrics : Ryarical (Short Cover)  #vtuber #vtuberth #shorts #DOYLE is DEBUT,,,[]
UCOH1TjDVrc5Mds_Xv3J8RFg,Akari Kanon,HOLD_NEEDS_CHANNEL_REVIEW,NO_AFFIRMATIVE_CHANNEL_LEVEL_VIRTUAL_EVIDENCE_IN_CURRENT_REVIEW,false,REJECTED_AS_IDENTITY_EVENT,not_identity_event,,https://www.youtube.com/watch?v=ent_vbW2bRY,【PV Vtuber Debut】Akari Canon ไอดอลคริสตัลคนสวยกำลังจะมาแล้ว!!,,,[]
UCoiKcLNgt7N9KIoBL-fx2YA,Alparu Vtuber ch.,STRICT_VIRTUAL,IDENTITY_EVENT_WITH_EXPLICIT_VIRTUAL_SIGNAL,true,SUPPORTED,identity_start,2021-02-27T11:59:58+00:00,https://www.youtube.com/watch?v=lHcikZOO0N0,【DEBUT STREAM】 ถึงเวลาเปิดบ้านแล้ว!,,,[]
UCOJiQA9afDpohgpxgKIKljA,RinREXGer,STRICT_VIRTUAL,IDENTITY_EVENT_WITH_EXPLICIT_VIRTUAL_SIGNAL,true,SUPPORTED,identity_start,2023-04-23T13:00:16+00:00,https://www.youtube.com/watch?v=psZYrwdVklM,【DEBUT STREAM】แอบซุ่มเข้าคอนโดค่ะ!!! ว่าแต่ทำไมต้องผู้พิทักษ์ห้องน้ำนะ? | Kikorin,,,[]
UCompe4fS2oUss8CGTuhOSxA,Gibpuri Ch,STRICT_VIRTUAL,IDENTITY_EVENT_WITH_EXPLICIT_VIRTUAL_SIGNAL,true,VERIFIED,identity_start,2021-02-15T11:59:52+00:00,https://www.youtube.com/watch?v=kz6FFZHvZ7I,🔴 DEBUT Gibpuri l Virtual Maid มาเปิดประตูสู่ความหวานกันเถอะค่ะ !,,,[]
UCoR4fWv6I7yN9uVgSO1hc1w,KZYU ReI『LIP』,HOLD_NEEDS_CHANNEL_REVIEW,NO_AFFIRMATIVE_CHANNEL_LEVEL_VIRTUAL_EVIDENCE_IN_CURRENT_REVIEW,false,AMBIGUOUS,unknown,,https://www.youtube.com/watch?v=jCTWoLeRURk,[DEBUT] ด้นสดเดบิล ขี้เกรียจทำแบบฟลอม,,,[]
UCot8DHNnZ2X0ARgaNYZopjw,Debirun Ch. Pixela-World-End,STRICT_VIRTUAL,IDENTITY_EVENT_WITH_EXPLICIT_VIRTUAL_SIGNAL,true,SUPPORTED,identity_start,2024-05-23T11:00:52+00:00,https://www.youtube.com/watch?v=_Jd-khz9nNA,【Debut】วันที่ข้าจะยึด เอ้ย! ปกป้องโลกได้มาถึงแล้ว!,,,[]
UCOuX_UFS7o1y-JJN7cmHl1A,YotChi,PROVISIONAL_VIRTUAL,REVIEWED_PERSONA_EVENT_VIRTUAL_MEDIUM_NOT_SEPARATELY_CONFIRMED,false,SUPPORTED,redebut,2021-09-09T10:56:58+00:00,https://www.youtube.com/watch?v=sALuaL-3vus,[ Re : Debut ] :  YotChi ไม่ตื่น ก็รอหน่อยนะครับ,,,[]
UCOWt5oD4DqoGowGNz0F6Gkw,Yumiiko CH.,HOLD_NEEDS_CHANNEL_REVIEW,NO_AFFIRMATIVE_CHANNEL_LEVEL_VIRTUAL_EVIDENCE_IN_CURRENT_REVIEW,false,REJECTED_AS_IDENTITY_EVENT,not_identity_event,,https://www.youtube.com/watch?v=a2BkYO9o1J8,【PV Vtuber Debut】RE - MODEL 🌟Yumiiko 💖🦇,,,[]
UCOY60szLyP_E8RuT6jVAVHg,Aruna Shuun Ch. Pixela Destiny,STRICT_VIRTUAL,IDENTITY_EVENT_WITH_EXPLICIT_VIRTUAL_SIGNAL,true,SUPPORTED,identity_start,2023-11-12T12:15:46+00:00,https://www.youtube.com/watch?v=iXZc--1gTUI,【Debut】Aruna Shuun เซียนผู้พิทักษ์ปะการัง,,,[]
UCp6qRWhZi2nDUSWKwV_V08Q,PaFeMiLK vtuber,STRICT_VIRTUAL,IDENTITY_EVENT_WITH_EXPLICIT_VIRTUAL_SIGNAL,true,SUPPORTED,identity_start,2022-04-10T13:00:17+00:00,https://www.youtube.com/watch?v=8wQdOETVTvk,[Debut Live] กำเนิดราชินีผึ้ง (10/04/2022) (TH  /  Eng  OK!),,,[]
UCP8tsYT8efX32P4WUlNrFOA,Aozora Sukai Ch.,STRICT_VIRTUAL,REVIEWED_ROLE_ENTITY_VIRTUAL,true,VERIFIED,identity_start,2021-11-27T13:00:26+00:00,https://www.youtube.com/watch?v=D3bsbC_P1sw,«Live Debut» | เรามาเป็นวีได้ไงอ่ะ..,VERIFIED,both,"[""performer"",""rigger""]"
UCPb2Vtt7YjjaNsqlk3Za9-A,Gojila Ch. ก็อตจิ,STRICT_VIRTUAL,IDENTITY_EVENT_WITH_EXPLICIT_VIRTUAL_SIGNAL,true,SUPPORTED,identity_start,2022-03-25T13:00:19+00:00,https://www.youtube.com/watch?v=Hod5cL6_j1M,【🔴DEBUT】First Live เรามาทำความรู้จักกันเถอะ,,,[]
UCPb3O6Vqyk7b5b1cpYXGxhQ,Moonique Ch.,STRICT_VIRTUAL,IDENTITY_EVENT_WITH_INDIVIDUAL_VIRTUAL_ROSTER_SIGNAL,true,SUPPORTED,identity_start,2023-12-24T11:28:00+00:00,https://www.youtube.com/watch?v=NOQmGCvrZy0,【DEBUT STREAM】นัดพบแพทย์ครั้งที่ 1 【Moonique | FLORA Project】,,,[]
UCpBjGiBLFJ8x-7kHDtPY74g,SE1 Ch.,PROVISIONAL_VIRTUAL,REVIEWED_PERSONA_EVENT_VIRTUAL_MEDIUM_NOT_SEPARATELY_CONFIRMED,false,VERIFIED,identity_start,2020-12-29T06:30:16+00:00,https://www.youtube.com/watch?v=70bc0-TMHhU,【First Live Debut】ไลฟ์เปิดตัวครั้งแรก ลองมาทำความรู้จักกันหน่อยนะ,,,[]
UCpD_Ds-YEOOhPobh2xOGBHA,ZAIN Ch.,HOLD_NEEDS_CHANNEL_REVIEW,NO_AFFIRMATIVE_CHANNEL_LEVEL_VIRTUAL_EVIDENCE_IN_CURRENT_REVIEW,false,REJECTED_AS_IDENTITY_EVENT,not_identity_event,,https://www.youtube.com/watch?v=NT5Oyz9y6u0,"❱ PV DEBUT ❰  ""มาสร้างตำนานบทใหม่ที่นี้กันเถอะ"" | DSS VTUBER GEN 1 Zain",,,[]
UCPdYJjRagj71zeEgh3v0R6Q,KuraAlan,HOLD_NEEDS_CHANNEL_REVIEW,NO_AFFIRMATIVE_CHANNEL_LEVEL_VIRTUAL_EVIDENCE_IN_CURRENT_REVIEW,false,REJECTED_AS_IDENTITY_EVENT,not_identity_event,,https://www.youtube.com/watch?v=pRC5Fa6DMZc,【PV Vtuber Debut】Kurayami Alan😈🤡,,,[]
UCPfqcgrqpaSMqxezIqf7DuQ,LilInk【VJN】,STRICT_VIRTUAL,IDENTITY_EVENT_WITH_EXPLICIT_VIRTUAL_SIGNAL,true,SUPPORTED,identity_start,2024-02-25T14:08:26+00:00,https://www.youtube.com/watch?v=IbQaw-s2kME,【🔴LIVE DEBUT】LilInk Alone Werewolf | V-Janai Project,,,[]
UCPgZ3g9jYeuj5mLBJ5APp0A,Sasaささ-Lucix,STRICT_VIRTUAL,IDENTITY_EVENT_WITH_EXPLICIT_VIRTUAL_SIGNAL,true,SUPPORTED,identity_start,2021-04-16T11:59:14+00:00,https://www.youtube.com/watch?v=jwVyccNffCA,[ 🍖DEBUT ] เดบิวต์ที่ไม่พูดอะไรเลย,,,[]
UCph_3mJbLtVYMFr4-n_rRgw,WINT3R ⌜VZ⌟,STRICT_VIRTUAL,IDENTITY_EVENT_WITH_EXPLICIT_VIRTUAL_SIGNAL,true,SUPPORTED,identity_start,2024-01-27T14:00:02+00:00,https://www.youtube.com/watch?v=rjvY6aXkXQ8,"「❄️ DEBUT 」คนเรียบร้อยแบบ ""คูล ๆ"" ที่พร้อมแช่แข็งหัวใจคุณ ☃ #VIRTUALZEVEN",,,[]
UCPHqJsNtOp94Vcol4DPKpSA,SiamNeko Ch.【ARP】,STRICT_VIRTUAL,IDENTITY_EVENT_WITH_EXPLICIT_VIRTUAL_SIGNAL,true,VERIFIED,identity_start,2024-02-10T12:59:21+00:00,https://www.youtube.com/watch?v=B78KP1u1_DQ,【🔴LIVE DEBUT】ARP เปิดรับพนง.ล้างจานแล้วหรอคะ?!「SiamNeko」,,,[]
UCpIlOwUGihEx-Qzie2JiMWw,Retsu_Red,PROVISIONAL_VIRTUAL,REVIEWED_PERSONA_EVENT_VIRTUAL_MEDIUM_NOT_SEPARATELY_CONFIRMED,false,SUPPORTED,identity_start,2024-11-04T13:31:11+00:00,https://www.youtube.com/watch?v=t504OXaRbvs,🔴 ¦ Live Debut 04.11.2024 || Collab with my friends ¦,,,[]
UCPiTBgk5j5A8wDdoyJ-01iA,Hoshino Tamami Ch. 【POLYGON】,HOLD_NEEDS_CHANNEL_REVIEW,NO_AFFIRMATIVE_CHANNEL_LEVEL_VIRTUAL_EVIDENCE_IN_CURRENT_REVIEW,false,AMBIGUOUS,unknown,,https://www.youtube.com/watch?v=dE4mYyHsmZI,Hoshino Tamami DEBUT 🔴 | ทามามิ ไอดอลมีไข่ ♥ | TAMAMI 🥚,,,[]
UCpke74KAbZIIj7KrNdPgxow,Ayelet Nocturna ch.,HOLD_NEEDS_CHANNEL_REVIEW,NO_AFFIRMATIVE_CHANNEL_LEVEL_VIRTUAL_EVIDENCE_IN_CURRENT_REVIEW,false,AMBIGUOUS,unknown,,https://www.youtube.com/watch?v=TrnlbxOxKns,Ayelet Nocturna's Debut stream!,,,[]
UCpNkVsMlsJRF792H-1_1vPA,Melita X Ch. Pixela Project,PROVISIONAL_VIRTUAL,REVIEWED_PERSONA_EVENT_VIRTUAL_MEDIUM_NOT_SEPARATELY_CONFIRMED,false,SUPPORTED,identity_start,2021-03-12T11:50:52+00:00,https://www.youtube.com/watch?v=RJ9SuAM9wLM,[LIVE DEBUT] เมดแมงมุมล่ะมั้งคะ,,,[]
UCPtO4Ttn7kqIaxDHBr15fNQ,Zelycia Le Chantel,HOLD_NEEDS_CHANNEL_REVIEW,NO_AFFIRMATIVE_CHANNEL_LEVEL_VIRTUAL_EVIDENCE_IN_CURRENT_REVIEW,false,AMBIGUOUS,unknown,,https://www.youtube.com/watch?v=0_BOikttgtI,[LIVE DEBUT] มารู้จักกับหมอผีพยัคฆ์ขาวจิตแข็งคนสวยกัน!,,,[]
UCPtSgQ5-yCPl9wbo5w7tmWQ,Evalia Ch.【ARP】,HOLD_NEEDS_CHANNEL_REVIEW,NO_AFFIRMATIVE_CHANNEL_LEVEL_VIRTUAL_EVIDENCE_IN_CURRENT_REVIEW,false,REJECTED_AS_IDENTITY_EVENT,not_identity_event,,https://www.youtube.com/watch?v=qzunzLtFkC8,「 🔴Donothon」2nd Debut Aniversary! อยู่ด้วยกันมา 2 ปีแล้วนะคะ「EVALIA LIVE」,,,[]
UCpuk3ld3rGWSsLOhuVlOFBQ,Kuzune Ch.,STRICT_VIRTUAL,IDENTITY_EVENT_WITH_EXPLICIT_VIRTUAL_SIGNAL,true,SUPPORTED,identity_start,2021-02-27T12:00:34+00:00,https://www.youtube.com/watch?v=rKgStcrh1Go,🔴【DEBUT STREAM】Adventurer of The TricksTer【Kurosaki Kuzune😈🧣】,,,[]
UCpWF1pMyJtMvlynspGnThdw,MamMam Ch. 真夢マム,HOLD_NEEDS_CHANNEL_REVIEW,NO_AFFIRMATIVE_CHANNEL_LEVEL_VIRTUAL_EVIDENCE_IN_CURRENT_REVIEW,false,AMBIGUOUS,unknown,,https://www.youtube.com/watch?v=pYx-WnwdeIw,[初配信:DEBUT STREAM] マムマムYouTubeデビュー配信! แหม่มๆเดบิวต์เดซู↑,,,[]
UCq1-zScAqUHmGQO9SYI5pIg,JellMellO,STRICT_VIRTUAL,IDENTITY_EVENT_WITH_EXPLICIT_VIRTUAL_SIGNAL,true,SUPPORTED,identity_start,2022-04-20T13:30:09+00:00,https://www.youtube.com/watch?v=jD9ntn1bcM0,[DEBUT] JellMellO [The Bishop of Chessrity] - เปิดตัววีทูปเบอร์สายบุญ,,,[]
UCQ71gJATjZSuE2-jCvBddog,Furorin Ch. ,HOLD_NEEDS_CHANNEL_REVIEW,NO_AFFIRMATIVE_CHANNEL_LEVEL_VIRTUAL_EVIDENCE_IN_CURRENT_REVIEW,false,REJECTED_AS_IDENTITY_EVENT,not_identity_event,,https://www.youtube.com/watch?v=jadaUTzqoAA,【Free Talk】ชุมนุมหลังเดบิวต์,,,[]
UCqDHOqlcApniKvQAPW2LlMQ,Herah Castor | AcastledProject,STRICT_VIRTUAL,IDENTITY_EVENT_WITH_EXPLICIT_VIRTUAL_SIGNAL,true,SUPPORTED,identity_start,2023-05-27T13:02:33+00:00,https://www.youtube.com/watch?v=qmIw5Cg0sRM,【DEBUT STREAM】“มีเพียงผู้ถูกเลือก ที่ได้ครอบครองแสงสว่างของกลุ่มดาว”【Herah Castor | AcastledProject】,,,[]
UCQGAawBLXuFEodAGOANkAdQ,J U $ T - Virtual7『TH』,STRICT_VIRTUAL,IDENTITY_EVENT_WITH_EXPLICIT_VIRTUAL_SIGNAL,true,SUPPORTED,identity_start,2023-09-08T14:00:32+00:00,https://www.youtube.com/watch?v=CoZQSye00G4,🐃 [DEBUT] See You อ่ะเจอกัน.. แต่ถ้า See กันอ่ะเจอเรา! 🧡 #VIRTUALZEVEN,,,[]
UCQGzkjj0cgwm5pOGVhzUs3A,Willow Ch.【 HZ 】,STRICT_VIRTUAL,IDENTITY_EVENT_WITH_INDIVIDUAL_VIRTUAL_ROSTER_SIGNAL,true,SUPPORTED,identity_start,2024-10-23T13:33:57+00:00,https://www.youtube.com/watch?v=SRK-UINw77Q,【🔴LIVE DEBUT】มารู้จักกันเยอะ ๆ เลยนะ 【Willow 】#WillowwLive,,,[]
UCqhhWjpw23dWhJ5rRwCCrMA,Aisha Channel,HOLD_NEEDS_CHANNEL_REVIEW,NO_AFFIRMATIVE_CHANNEL_LEVEL_VIRTUAL_EVIDENCE_IN_CURRENT_REVIEW,false,REJECTED_AS_IDENTITY_EVENT,not_identity_event,,https://www.youtube.com/watch?v=-pPNmwj-Q_o,New 3D Outfit Debut ☀️👙✨ เปิดตัวชุดว่ายน้ำใหม่ | BEACH VIBES [ Aisha Summer event ] #shorts,,,[]
UCqKKqKP-G8LYkWMQeJAc2vA,Noir Vinterny | V.W.Y,HOLD_NEEDS_CHANNEL_REVIEW,NO_AFFIRMATIVE_CHANNEL_LEVEL_VIRTUAL_EVIDENCE_IN_CURRENT_REVIEW,false,REJECTED_AS_IDENTITY_EVENT,not_identity_event,,https://www.youtube.com/watch?v=7g3yOfNdDOM,【 Debut PV 】Noir Vinterny | V.W.Y,,,[]
UCQMHAPgxhO634HZIJraHPTA,Linden Emilio,PROVISIONAL_VIRTUAL,REVIEWED_PERSONA_EVENT_VIRTUAL_MEDIUM_NOT_SEPARATELY_CONFIRMED,false,SUPPORTED,identity_start,2021-06-30T12:01:24+00:00,https://www.youtube.com/watch?v=q8-4jWOhbY4,ย้อนไลฟ์✨ [ DEBUT STREAM ] ยินดีที่ได้รู้จักค่ะ คุณดวงดาว ✨🔮,,,[]
UCQMUyz21FbKDC_8o-5iQ7ZA,ZhenLinxing ch. PowerPay,STRICT_VIRTUAL,IDENTITY_EVENT_WITH_EXPLICIT_VIRTUAL_SIGNAL,true,SUPPORTED,identity_start,2022-08-05T14:00:53+00:00,https://www.youtube.com/watch?v=YSr8EtxR32I,[Debut] เจ้าหญิงคริสตัลเสด็จ!! ชะวิ้งง~ | ZhenLinxing (PowerPay),,,[]
UCqq085DI0tDBblF3Q1nsdcg,Thuay_Fu Wolfcute【Mystery】,STRICT_VIRTUAL,IDENTITY_EVENT_WITH_EXPLICIT_VIRTUAL_SIGNAL,true,SUPPORTED,identity_start,2022-01-07T12:03:31+00:00,https://www.youtube.com/watch?v=nL6EY4bBBUM,[ Debut steam ] หมาป่าสวนหลังบ้านมาแล้วค้าบ ^ↀᴥↀ^,,,[]
UCQs4BC3S0KSw7i0ggHXn8TA,Quentin Ch.【ARP】,STRICT_VIRTUAL,IDENTITY_EVENT_WITH_INDIVIDUAL_VIRTUAL_ROSTER_SIGNAL,true,SUPPORTED,identity_start,2024-06-09T09:03:58+00:00,https://www.youtube.com/watch?v=_dHql0tC49s,【🔴LIVE DEBUT】สรุปว่าวันนี้ อยากให้ผมเสกอะไรเป็นพิเศษรึเปล่าครับ?【Quentin】#arproject,,,[]
UCqsUkQeicv0nEs5_d6DXYvQ,Shikár Dawg,STRICT_VIRTUAL,IDENTITY_EVENT_WITH_EXPLICIT_VIRTUAL_SIGNAL,true,SUPPORTED,identity_start,2023-12-24T11:15:28+00:00,https://www.youtube.com/watch?v=bPIlMwh9aNk,【 LIVE DEBUT 】Shiká Dawg แมวจรผู้คลั่งไคล้เสียงเพลง,,,[]
UCqu5twYqzKGrRyIrcvg4YXA,Rainnie Rgrada Ch.,PROVISIONAL_VIRTUAL,REVIEWED_PERSONA_EVENT_VIRTUAL_MEDIUM_NOT_SEPARATELY_CONFIRMED,false,VERIFIED,model_change,2022-02-02T11:06:09+00:00,https://www.youtube.com/watch?v=CFFnCASheXs,🔴LIVE DEBUT ☄️RAINNIE V2 👾 R U READY?,,,[]
UCqUHXBufAIuF9KI-OoMFUQw,EikiShiro ch.,STRICT_VIRTUAL,IDENTITY_EVENT_WITH_EXPLICIT_VIRTUAL_SIGNAL,true,SUPPORTED,identity_start,2024-07-05T13:01:29+00:00,https://www.youtube.com/watch?v=UYD8GcAlCUw,【LIVE DEBUT】ในที่สุดเราก็ได้เจอกันแล้วนะ [ EIKI SHIRO ],,,[]
UCqUKFVHfbb0ujmoxNfGSu1w,Magcro Ravencroft Ch.,HOLD_NEEDS_CHANNEL_REVIEW,NO_AFFIRMATIVE_CHANNEL_LEVEL_VIRTUAL_EVIDENCE_IN_CURRENT_REVIEW,false,REJECTED_AS_IDENTITY_EVENT,not_identity_event,,https://www.youtube.com/watch?v=C-P8jh0Ise0,แนะแนวสำหรับวีอิสระ จะเดบิวต์ทั้งที ต้องมีอะไรบ้าง?【Vtuber Academy】Episode 5,,,[]
UCqVbto9IH79DiJQab1nZ8CA,Dellons Ch.【𝐙𝐎𝐑𝐀】(REST),HOLD_NEEDS_CHANNEL_REVIEW,NO_AFFIRMATIVE_CHANNEL_LEVEL_VIRTUAL_EVIDENCE_IN_CURRENT_REVIEW,false,REJECTED_AS_IDENTITY_EVENT,not_identity_event,,https://www.youtube.com/watch?v=WH5kKlsQURY,"【Debut PV】𝘿𝙚𝙡𝙡𝙤𝙣𝙨 "" 𝙏𝙝𝙚 𝙨𝙦𝙪𝙞𝙧𝙧𝙚𝙡 𝙤𝙛 𝙧𝙚𝙙 𝙨𝙩𝙖𝙧 "" 🐿️✨",,,[]
UCQWJr6Du-UVmOwuEzDzfk_w,Junely Vtuber Ch.,STRICT_VIRTUAL,IDENTITY_EVENT_WITH_EXPLICIT_VIRTUAL_SIGNAL,true,SUPPORTED,identity_start,2021-09-06T12:01:47+00:00,https://www.youtube.com/watch?v=Ccptwj2E3Zk,"【DEBUT STREAM】 "" Vsinger🎤 "" คนแรก ของบ้านHOSEKI 🖤 | JUNELY CH.",,,[]
UCRaAduo6w37DoPahoaiVbTg,Chana チャナ,PROVISIONAL_VIRTUAL,REVIEWED_PERSONA_EVENT_VIRTUAL_MEDIUM_NOT_SEPARATELY_CONFIRMED,false,VERIFIED,identity_start,2022-03-22T12:55:43+00:00,https://www.youtube.com/watch?v=wBk1q4rscRo,[ LIVE DEBUT! ] ชาน่า พร้อมเจอกับทุกคนแล้วค่ะ มารู้จักกันเยอะๆ นะ!!,,,[]
UCRGaEF2NMlp0n3gTlPFj27Q,Kaamoria Ch.,HOLD_NEEDS_CHANNEL_REVIEW,NO_AFFIRMATIVE_CHANNEL_LEVEL_VIRTUAL_EVIDENCE_IN_CURRENT_REVIEW,false,REJECTED_AS_IDENTITY_EVENT,not_identity_event,,https://www.youtube.com/watch?v=ROecQD8eLVk,THVtuber Short Pv Debut | kaamoria 💀,,,[]
UCrICh9KpS2QHVWOkfJ7GO1g,AofEdits | オッフ【716RM】,STRICT_VIRTUAL,IDENTITY_EVENT_WITH_EXPLICIT_VIRTUAL_SIGNAL,true,SUPPORTED,identity_start,2024-09-24T12:00:56+00:00,https://www.youtube.com/watch?v=pT2AeidOZ_A,🔴【 Debut Stream 】เปิดตัวภูติจิ้งจอก มาแล้วว! | AofEdits【716RM】,,,[]
UCriNq8O70ubJVbUtJ9yoGNw,IRISS Ch.,STRICT_VIRTUAL,IDENTITY_EVENT_WITH_EXPLICIT_VIRTUAL_SIGNAL,true,VERIFIED,identity_start,2021-03-05T12:00:57+00:00,https://www.youtube.com/watch?v=rxDdoeH1MIU,【Debut】ไอริสซาหวัดด~ ยินดีที่ได้รู้จักทุกคนนะ 【IRISS⚡️】,,,[]
UCRiS4VWQedLfgE1g1AKD1DQ,Iryne Mau Ch. [Autumnia],STRICT_VIRTUAL,IDENTITY_EVENT_WITH_EXPLICIT_VIRTUAL_SIGNAL,true,VERIFIED,identity_start,2023-11-11T11:00:19+00:00,https://www.youtube.com/watch?v=V1HGTnuvbrM,【DEBUT STREAM】 The new journey begins! 【Iryne Mau | Autumnia】,,,[]
UCRjdIz5ngcJVDZ-bjs2mEzg,shiorichan,PROVISIONAL_VIRTUAL,REVIEWED_PERSONA_EVENT_VIRTUAL_MEDIUM_NOT_SEPARATELY_CONFIRMED,false,SUPPORTED,identity_start,2024-02-24T16:01:20+00:00,https://www.youtube.com/watch?v=NXtOQVLL29A,【DEBUT STREAM】Let's get the par-tea started!!,,,[]
UCrkmFl9WbotWvZMH8wQM2mw,Kisane Miko Ch,STRICT_VIRTUAL,IDENTITY_EVENT_WITH_EXPLICIT_VIRTUAL_SIGNAL,true,SUPPORTED,identity_start,2024-08-29T11:35:31+00:00,https://www.youtube.com/watch?v=mGZzjd-95uc,[Live Debut] ยินดีต้อนรับเหล่าวิญญาณแมวที่หลงทางเข้าสู่ศาลเจ้าแมวเหมียว~~ #debut #vtubers,,,[]
UCrkWEJaRE2eCpEpGZbpNhIQ,Ryusei Starlight Ch.,STRICT_VIRTUAL,IDENTITY_EVENT_WITH_EXPLICIT_VIRTUAL_SIGNAL,true,SUPPORTED,identity_start,2022-08-04T12:01:12+00:00,https://www.youtube.com/watch?v=WHBLzFRP8h4,[ Live Debut ] นักสำรวจดวงดาวมาแล้วครับ! [ Ryusei Starlight ],,,[]
UCRZE5IMKRUpTgfjaniVKpbg,ChazuminXD Ch.,STRICT_VIRTUAL,IDENTITY_EVENT_WITH_EXPLICIT_VIRTUAL_SIGNAL,true,SUPPORTED,identity_start,2024-10-19T12:53:00+00:00,https://www.youtube.com/watch?v=Ul75KLY3vcw,【🔴 Debut Stream 】 อยากเห็นผี ลองมาไลฟ์นี้สิ 👻🩸,,,[]
UCS1PrWcX95lKikSMIsm6eRg,Aki the Valkyrie Ch.,HOLD_NEEDS_CHANNEL_REVIEW,NO_AFFIRMATIVE_CHANNEL_LEVEL_VIRTUAL_EVIDENCE_IN_CURRENT_REVIEW,false,REJECTED_AS_IDENTITY_EVENT,not_identity_event,,https://www.youtube.com/watch?v=H0BGlGNQUAs,【PV Vtuber】Aki's debut PV,,,[]
UCS7XTVaCOg-rBOEM6Lyw5Jg,Myrrha Enchanté Ch. [Autumnia],STRICT_VIRTUAL,IDENTITY_EVENT_WITH_EXPLICIT_VIRTUAL_SIGNAL,true,SUPPORTED,identity_start,2023-11-11T11:58:50+00:00,https://www.youtube.com/watch?v=3u4SCWFe_C4,【DEBUT STREAM】LOST IN ME【Myrrha M. Enchanté | Autumnia】,,,[]
UCS9vgAEQSQDhgTRIskKA2tA,Ark Ch.【ARP】,STRICT_VIRTUAL,IDENTITY_EVENT_WITH_EXPLICIT_VIRTUAL_SIGNAL,true,SUPPORTED,identity_start,2023-08-06T11:08:15+00:00,https://www.youtube.com/watch?v=RenbudtXZf4,【🔴LIVE DEBUT 】 ถ้าอยากให้ไปรับก็เรียกดังๆสิครับ【 Ark 】#arproject,,,[]
UCSB3FXovZ5GLLAIfYyuXYJg,Maprang 【Vtuber】,STRICT_VIRTUAL,IDENTITY_EVENT_WITH_EXPLICIT_VIRTUAL_SIGNAL,true,SUPPORTED,identity_start,2024-08-03T13:00:46+00:00,https://www.youtube.com/watch?v=Hy7eOnCHDtY,【🔴LIVE DEBUT】มะปรางมาแล้วค่าา ไม่ใช่มะม่วงแล้วน้าา 😉 ✨,,,[]
UCsMUB8xL0-TcsBxpfb7LA8w,NepkoNova Ch.,STRICT_VIRTUAL,IDENTITY_EVENT_WITH_EXPLICIT_VIRTUAL_SIGNAL,true,SUPPORTED,identity_start,2021-07-18T13:00:43+00:00,https://www.youtube.com/watch?v=uiPxo4lR250,[🔴DEBUT] น้องแมวผู้มีความฝันอันยิ่งใหญ่ มาแล้ว!!!🌸 すごく夢がある子猫来たぞ！,,,[]
UCSPAN-WjdncItj4wMfi451g,Zalivia,HOLD_NEEDS_CHANNEL_REVIEW,NO_AFFIRMATIVE_CHANNEL_LEVEL_VIRTUAL_EVIDENCE_IN_CURRENT_REVIEW,false,REJECTED_AS_IDENTITY_EVENT,not_identity_event,,https://www.youtube.com/watch?v=auVKJEU_cJM,[PV DEBUT] Zalivia │ ' WELCOME TO MY COTTAGE ' 🪻🍃,,,[]
UCSpIYbnsnaXgRpIpipxJRcw,Laychlype「ALF」,HOLD_NEEDS_CHANNEL_REVIEW,NO_AFFIRMATIVE_CHANNEL_LEVEL_VIRTUAL_EVIDENCE_IN_CURRENT_REVIEW,false,AMBIGUOUS,unknown,,https://www.youtube.com/watch?v=teMrBKBVtUw,「DEBUT stream」เราจะเป็นแสงสว่างของคุณเองค่ะ! - Laychlype || Alorafia Academy,,,[]
UCsrQN_xHHIOLkPfQ-uP1zag,Kuro『VTG』,STRICT_VIRTUAL,IDENTITY_EVENT_WITH_EXPLICIT_VIRTUAL_SIGNAL,true,SUPPORTED,identity_start,2024-06-13T12:00:52+00:00,https://www.youtube.com/watch?v=B9n6T2_mSsw,【DEBUT】กุมารคุโระพร้อมออกป่วนเเล้ว『Kuro | VTG』,,,[]
UCt1L2vxqFD0xZeYHeHPZQoQ,CooGa,STRICT_VIRTUAL,IDENTITY_EVENT_WITH_EXPLICIT_VIRTUAL_SIGNAL,true,VERIFIED,identity_start,2021-02-16T12:01:39+00:00,https://www.youtube.com/watch?v=THnxzFA00GM,DEBUT CooGa | Virtual Homo | เข้ามาสิ! ผมจะทำให้คุณหวั่นไหว,,,[]
UCt3VBRNF3sR05y763RZx2xw,AELA CH. [EC19 Projekt],HOLD_NEEDS_CHANNEL_REVIEW,NO_AFFIRMATIVE_CHANNEL_LEVEL_VIRTUAL_EVIDENCE_IN_CURRENT_REVIEW,false,AMBIGUOUS,unknown,,https://www.youtube.com/watch?v=e2Y6j-3Pu6A,✦AELA Debut✦ เอล่ามารายงานตัวแล้วค่ะ! เจอกัน 19:30,,,[]
UCT6E1GD1uAXAG6fWQCGPVXA,Sarana Sapina Ch.,STRICT_VIRTUAL,IDENTITY_EVENT_WITH_EXPLICIT_VIRTUAL_SIGNAL,true,VERIFIED,identity_start,2022-07-28T07:00:28+00:00,https://www.youtube.com/watch?v=6Z8JrdelqqE,【DEBUT STREAM】เมดที่ วาดรูป เล่นเกม ไปวัน ๆ | Sarana Sapina,,,[]
UCt8NgIONfmrNcyJt26ntJQg,Yozora /星屑 夜空 Ch.,HOLD_NEEDS_CHANNEL_REVIEW,NO_AFFIRMATIVE_CHANNEL_LEVEL_VIRTUAL_EVIDENCE_IN_CURRENT_REVIEW,false,REJECTED_AS_IDENTITY_EVENT,not_identity_event,,https://www.youtube.com/watch?v=jAxKhiIfbMM,🌠คาราโอเกะครั้งแรกหลังเดบิวท์ !!,,,[]
UCtAwmDprhStjmfRwyF3znsQ,Warene Ch. [ヴァリーネー],PROVISIONAL_VIRTUAL,REVIEWED_PERSONA_EVENT_VIRTUAL_MEDIUM_NOT_SEPARATELY_CONFIRMED,false,SUPPORTED,identity_start,2021-07-31T13:04:43+00:00,https://www.youtube.com/watch?v=1s-2YxbVN0Y,Warene's Debut Stream - The voice from somewhere far away🌊,,,[]
UCTbgUT9_ipoQbiC7IxhJdoQ,Maimon CH,STRICT_VIRTUAL,IDENTITY_EVENT_WITH_EXPLICIT_VIRTUAL_SIGNAL,true,SUPPORTED,identity_start,2021-08-02T13:09:48+00:00,https://www.youtube.com/watch?v=jq1xc4QB0pA,【Debut Stream Maimon 】ทำความรู้จักปีศาจเขาเขียว 💰😈,,,[]
UCTc2h8nlS0U1LhCjMgHVFzw,Retsu Hasuki,STRICT_VIRTUAL,IDENTITY_EVENT_WITH_EXPLICIT_VIRTUAL_SIGNAL,true,VERIFIED,identity_start,2024-03-09T13:59:57+00:00,https://www.youtube.com/watch?v=f5nBU-U-xFo,【 DEBUT STREAM】Hasuki Retsu - ไม่มีใครหอนเก่งเท่าผมแล้ว เย้ย!,,,[]
UCTE0_50-t5vJqrC832LV2eQ,Laven Ch. Genesis Project,STRICT_VIRTUAL,IDENTITY_EVENT_WITH_EXPLICIT_VIRTUAL_SIGNAL,true,SUPPORTED,identity_start,2024-01-06T13:00:51+00:00,https://www.youtube.com/watch?v=izT5XEBwPS8,【Debut Stream】- Laven 'Genesis Project',,,[]
UCtI52RQ3VagjRMERxov_OxA,Nyamaru Yui,HOLD_NEEDS_CHANNEL_REVIEW,NO_AFFIRMATIVE_CHANNEL_LEVEL_VIRTUAL_EVIDENCE_IN_CURRENT_REVIEW,false,REJECTED_AS_IDENTITY_EVENT,not_identity_event,,https://www.youtube.com/watch?v=YrdJYsZTBak,[PV Vtuber Debut] จอมมารน้อย Nyamaru Yui,,,[]
UCtPjQ122cAR7pcv0NiSPhyQ,Thara Ocean Fae ,HOLD_NEEDS_CHANNEL_REVIEW,NO_AFFIRMATIVE_CHANNEL_LEVEL_VIRTUAL_EVIDENCE_IN_CURRENT_REVIEW,false,REJECTED_AS_IDENTITY_EVENT,not_identity_event,,https://www.youtube.com/watch?v=2ykpW9zGNC8,[ PV VTuber Debut : Thara Ocean Fae ] An Ocean Fae debut soon!,,,[]
UCTRQ7X-nxix3gjjXUb6ylvA,Ginnique Ch.【ARP】,STRICT_VIRTUAL,IDENTITY_EVENT_WITH_INDIVIDUAL_VIRTUAL_ROSTER_SIGNAL,true,SUPPORTED,identity_start,2024-06-09T09:57:11+00:00,https://www.youtube.com/watch?v=UoUels0llNs,【🔴LIVE DEBUT】สวัสดีฉันชื่อจินนิค【Ginnique】#arproject,,,[]
UCTtgiI6vO_zxlcOBLd3P7Jg,Xro Ch,PROVISIONAL_VIRTUAL,REVIEWED_PERSONA_EVENT_VIRTUAL_MEDIUM_NOT_SEPARATELY_CONFIRMED,false,SUPPORTED,identity_start,2023-10-31T11:59:15+00:00,https://www.youtube.com/watch?v=8HzSs0cytnA,《 🔴 Live Debut | XRO 》 Debut วันผีหล่อ,,,[]
UCttMAJHfOEXryNHnnDNG53g,MAMORI Ch.,STRICT_VIRTUAL,IDENTITY_EVENT_WITH_EXPLICIT_VIRTUAL_SIGNAL,true,SUPPORTED,identity_start,2021-12-04T11:58:45+00:00,https://www.youtube.com/watch?v=Ge1IMvG80Rc,MAMORI FIRST DEBUT,,,[]
UCTuKqG6tWqVKKWMGO1Uhdsg,ZAAB Ch. / QURSE,HOLD_NEEDS_CHANNEL_REVIEW,NO_AFFIRMATIVE_CHANNEL_LEVEL_VIRTUAL_EVIDENCE_IN_CURRENT_REVIEW,false,AMBIGUOUS,unknown,,https://www.youtube.com/watch?v=WfOwpSaGL0o,【🔴DEBUT】แซ๊บแซ๊บ มาเปิดค่ายเพลงแล้ว 321 โดด!! / ZÄÄB l Vibe ENT,,,[]
UCtunm6uij5wVkzTAfcH0aig,Dalphon_Vtuber ,STRICT_VIRTUAL,IDENTITY_EVENT_WITH_EXPLICIT_VIRTUAL_SIGNAL,true,SUPPORTED,identity_start,2024-01-14T07:55:49+00:00,https://www.youtube.com/watch?v=wbgXWkzhc_s,【DEBUT STREAM】 นี่....คุณช่วยบอกผมทีสิ ที่นี่ไม่มีซอมบี้ใช่ไหม.....ขอร้องหละ 【Dalphon】,,,[]
UCTxCJt6jtRKeLJys0AaSUew,ลุงขนุน《 SSR 》,HOLD_NEEDS_CHANNEL_REVIEW,NO_AFFIRMATIVE_CHANNEL_LEVEL_VIRTUAL_EVIDENCE_IN_CURRENT_REVIEW,false,REJECTED_AS_IDENTITY_EVENT,not_identity_event,,https://www.youtube.com/watch?v=fGNKlI2reAI,【PV Vtuber Debut】- Reborn,,,[]
UCu5HHrUzCcFmIgeIqImDUhQ,Rubii Ch.,HOLD_NEEDS_CHANNEL_REVIEW,NO_AFFIRMATIVE_CHANNEL_LEVEL_VIRTUAL_EVIDENCE_IN_CURRENT_REVIEW,false,REJECTED_AS_IDENTITY_EVENT,not_identity_event,,https://www.youtube.com/watch?v=3kP3-YPlwgg,Cosmo Debut PV,,,[]
UCU8-PjzR1iFtqdmATtRrYYQ,Tinsley Alaappaat Ch.,HOLD_NEEDS_CHANNEL_REVIEW,NO_AFFIRMATIVE_CHANNEL_LEVEL_VIRTUAL_EVIDENCE_IN_CURRENT_REVIEW,false,REJECTED_AS_IDENTITY_EVENT,not_identity_event,,https://www.youtube.com/watch?v=tECrTBtCAUY,【Announcement】Tinsley Alaappaat 【VTuber Debut】,,,[]
UCuGrBxlTZGYY7dpx9eLFsZw,Bak Land,STRICT_VIRTUAL,IDENTITY_EVENT_WITH_EXPLICIT_VIRTUAL_SIGNAL,true,SUPPORTED,identity_start,2024-07-28T08:02:02+00:00,https://www.youtube.com/watch?v=TQoJrFCrM2g,【🔴LIVE DEBUT】มาแดนซ์ด้วยกันเถอะ !~ #KARNIVERSE,,,[]
UCUGwdp5xDeKhuhHBgZLX_ng,PopKorn163 Vtuber Ch.,STRICT_VIRTUAL,IDENTITY_EVENT_WITH_EXPLICIT_VIRTUAL_SIGNAL,true,SUPPORTED,identity_start,2024-01-20T13:00:24+00:00,https://www.youtube.com/watch?v=aYHDx3_mlrU,[🔴 DEBUT LIVE ] เปิดตัวนักฟุตบอลเบอร์ 7 !! | PopKorn163 💙⚽️✨,,,[]
UCUHopfMWIslGzHiNMs-vtVw,Queenetta Indigo Night | ท่านควีน,STRICT_VIRTUAL,IDENTITY_EVENT_WITH_EXPLICIT_VIRTUAL_SIGNAL,true,SUPPORTED,identity_start,2022-05-01T14:00:34+00:00,https://www.youtube.com/watch?v=05EubxpELLw,【DEBUT STREAM】กุหลาบแท้อยู่ได้ไม่กี่วัน ส่วนกุหลาบแบงค์พันนั้นอยู่ได้นาน,,,[]
UCuMlvjC3BwkkmdLerrcFzrg,Nebula Faragonda 【 V-DragQueen 】,STRICT_VIRTUAL,IDENTITY_EVENT_WITH_EXPLICIT_VIRTUAL_SIGNAL,true,SUPPORTED,identity_start,2024-08-17T12:57:37+00:00,https://www.youtube.com/watch?v=5bbtk7gp6kY,【💋 DEBUT】ยัยเห็ดตัวแม่ขึ้นเวทีมาโชว์ตัวแล้วค่า 🍄💎 | Nebula Faragonda #RZ_P #Nebula_RZP,,,[]
UCUmR1YXqxbx1NXusY2ugj8A,Thear DreamWhale° 10Hz,STRICT_VIRTUAL,IDENTITY_EVENT_WITH_EXPLICIT_VIRTUAL_SIGNAL,true,SUPPORTED,identity_start,2024-10-29T12:57:23+00:00,https://www.youtube.com/watch?v=DFSZihXDFHc,【DEBUT STREAM】วาฬแห่งความฝันที่สัมผัสได้จริง !【ThearDreamWhale🐳🌟】,,,[]
UCURO2Hz8CWn0knwFbNTo2ng,RaneeTani『VTG』,STRICT_VIRTUAL,IDENTITY_EVENT_WITH_EXPLICIT_VIRTUAL_SIGNAL,true,SUPPORTED,identity_start,2024-06-14T14:01:27+00:00,https://www.youtube.com/watch?v=CzkizBmlEdI,【🔴DEBUT】โบราณว่าไว้ ผีหลอกให้รักตอบ รู้มั้ยคะ〖RaneeTani︱VTG 〗,,,[]
UCutz6S1DcEHPnEb_r9ztkzg,Hinabe HongFei Ch. Pixela Project,PROVISIONAL_VIRTUAL,REVIEWED_PERSONA_EVENT_VIRTUAL_MEDIUM_NOT_SEPARATELY_CONFIRMED,false,SUPPORTED,identity_start,2021-03-10T11:56:37+00:00,https://www.youtube.com/watch?v=qq1nxV_3LA0,[LIVE DEBUT] หมวยเตาแก๊สพร้อมลุยแล้วค่ะ !!!,,,[]
UCUUvW_FwpvBRsubHH7loRFA,【黒崎】Asmodeus Ch.,STRICT_VIRTUAL,IDENTITY_EVENT_WITH_EXPLICIT_VIRTUAL_SIGNAL,true,SUPPORTED,identity_start,2021-08-05T11:28:37+00:00,https://www.youtube.com/watch?v=4D0mzu9yE84,「🔴DEBUT LIVE」เปิดประตูนรกต้อนรับคนบาป 【黒崎】Asmodeus Ch.,,,[]
UCuwUVa1uz28eLDxeoe-CDCQ,SUMM3R ⌜VZ⌟,STRICT_VIRTUAL,IDENTITY_EVENT_WITH_EXPLICIT_VIRTUAL_SIGNAL,true,SUPPORTED,identity_start,2024-01-27T13:00:27+00:00,https://www.youtube.com/watch?v=i5dCz2fHbds,"「☀️ DEBUT」คนร่าเริงแบบ ""ฮอต ๆ"" ที่พร้อมเติมความสดใสให้ใจคุณ 🌻 #VIRTUALZEVEN",,,[]
UCuyrIzf_bCTnyJHktJVpe4g,Atlanteia Sireen Ch. Lumina-First-Myth,HOLD_NEEDS_CHANNEL_REVIEW,NO_AFFIRMATIVE_CHANNEL_LEVEL_VIRTUAL_EVIDENCE_IN_CURRENT_REVIEW,false,REJECTED_AS_IDENTITY_EVENT,not_identity_event,,https://www.youtube.com/watch?v=eEW_HPbOm4o,รีแอคไลฟ์ Debut ตัวเอง,,,[]
UCuZ1ajvlGFUMCHZAPdetKHw,Dacapo Ch.【ARP】,STRICT_VIRTUAL,IDENTITY_EVENT_WITH_EXPLICIT_VIRTUAL_SIGNAL,true,SUPPORTED,identity_start,2023-03-25T08:46:58+00:00,https://www.youtube.com/watch?v=LTy1ZNoAlXY,【🔴LIVE DEBUT】หัวหน้าแก๊งลูกนกมาเยือน จุ๊เม๊าะ【Dacapo】#arproject,,,[]
UCv8Jc5Icn5MIoBC1g-dXH8Q,- MINTKUNG XD -,HOLD_NEEDS_CHANNEL_REVIEW,NO_AFFIRMATIVE_CHANNEL_LEVEL_VIRTUAL_EVIDENCE_IN_CURRENT_REVIEW,false,REJECTED_AS_IDENTITY_EVENT,not_identity_event,,https://www.youtube.com/watch?v=XLnMRAH_bRM,【PV Vtuber Debut】MINTKUNG XD 😻🎮,,,[]
UCVEL1jAgCQNQcRN9Ble6lMw,Chaos Ch.,PROVISIONAL_VIRTUAL,REVIEWED_PERSONA_EVENT_VIRTUAL_MEDIUM_NOT_SEPARATELY_CONFIRMED,false,SUPPORTED,identity_start,2022-09-25T12:30:49+00:00,https://www.youtube.com/watch?v=6MiHlpMYKqA,【DEBUT STREAM】Chaos is here | Chaos,,,[]
UCvHE7qpAydoWR1vhT2-ZHFg,Taki Fugu Ch.,STRICT_VIRTUAL,IDENTITY_EVENT_WITH_EXPLICIT_VIRTUAL_SIGNAL,true,SUPPORTED,identity_start,2021-11-12T13:01:55+00:00,https://www.youtube.com/watch?v=mHjHspu8UzQ,🔴 Live Debut Taki Fugu,,,[]
UCVlgCh9B_0PI7COJ2tJ7hIw,Heiman Ch.,PROVISIONAL_VIRTUAL,REVIEWED_PERSONA_EVENT_VIRTUAL_MEDIUM_NOT_SEPARATELY_CONFIRMED,false,SUPPORTED,identity_start,2024-09-22T13:30:16+00:00,https://www.youtube.com/watch?v=4LZYLSl3wkk,【🔴Debut】Heiman's Interview and Orientation Day (Debut) And You're invited!,,,[]
UCVmZ-RvoPuxk9siBRctLwsA,NaNA Ch.,STRICT_VIRTUAL,IDENTITY_EVENT_WITH_EXPLICIT_VIRTUAL_SIGNAL,true,SUPPORTED,identity_start,2024-02-17T14:15:50+00:00,https://www.youtube.com/watch?v=cnnSCrPAYLM,【🔴Debut】ไดโนเสาร์ที่ถูกบรรพบุรุษสาปส่ง,,,[]
UCVQrivN2wzHYLNrsAquYjhg,Jaowayde,STRICT_VIRTUAL,REVIEWED_ROLE_ENTITY_VIRTUAL,true,VERIFIED,identity_start,2024-07-07T14:00:27+00:00,https://www.youtube.com/watch?v=_zN48bMDaJE,【 🔴LIVE DEBUT 】Jaowayde_VT - โรงเตี๊ยมเปิดแล้วจ้า เวลคัม เวลคัม,SUPPORTED,both,"[""performer"",""artist"",""rigger""]"
UCVX1q9x58mqu12j94cAwr0w,Kirine Ch.,HOLD_NEEDS_CHANNEL_REVIEW,NO_AFFIRMATIVE_CHANNEL_LEVEL_VIRTUAL_EVIDENCE_IN_CURRENT_REVIEW,false,REJECTED_AS_IDENTITY_EVENT,not_identity_event,,https://www.youtube.com/watch?v=52RUYLqwCpk,【Debut PV】Parabellum Project・Kirine,,,[]
UCvX83QsQu4NvT0pnEC6b9Hg,Daiji Inuyuki 《 OTL 》,HOLD_NEEDS_CHANNEL_REVIEW,NO_AFFIRMATIVE_CHANNEL_LEVEL_VIRTUAL_EVIDENCE_IN_CURRENT_REVIEW,false,REJECTED_AS_IDENTITY_EVENT,not_identity_event,,https://www.youtube.com/watch?v=Kc18XrAmi1o,「 PV DEBUT 」 Daiji | Frost Hunter,,,[]
UCvxN2R4-6hqHGYX-AL8Q7Qw,Owen Zwei Ch.,PROVISIONAL_VIRTUAL,REVIEWED_PERSONA_EVENT_VIRTUAL_MEDIUM_NOT_SEPARATELY_CONFIRMED,false,SUPPORTED,identity_start,2023-09-23T12:03:39+00:00,https://www.youtube.com/watch?v=gGCjSsuVoTs,【🔴LIVE DEBUT】ลูกมาเฟียมาไถ่ค่าที่ เธอมีให้เค้าซักแสนนึงมั้ย? #ZweiAKD #AKDRegalia,,,[]
UCVxPzerhZ7g_OL_5okEk08g,Nanako_SLR,STRICT_VIRTUAL,IDENTITY_EVENT_WITH_EXPLICIT_VIRTUAL_SIGNAL,true,SUPPORTED,identity_start,2024-10-26T14:20:56+00:00,https://www.youtube.com/watch?v=XfKRbaPCtMQ,[ Vtuber Debut stream ] NANAKO จะมีอะไรดีไปกว่า การได้รับความรักจากแมวกันคะ!,,,[]
UCVY-v0sCwEjE3V7dUOqkFZg,Camellia Ch.,STRICT_VIRTUAL,IDENTITY_EVENT_WITH_EXPLICIT_VIRTUAL_SIGNAL,true,SUPPORTED,identity_start,2022-02-27T13:01:08+00:00,https://www.youtube.com/watch?v=5D9-WASLZfw,[ 🌺Live - Debut ] มาแล้วลูกจ๋าาาา (TL),,,[]
UCvYUivIS4WcgfACH3xBJ0DQ,Zayn Ch【 HZ 】,HOLD_NEEDS_CHANNEL_REVIEW,NO_AFFIRMATIVE_CHANNEL_LEVEL_VIRTUAL_EVIDENCE_IN_CURRENT_REVIEW,false,AMBIGUOUS,unknown,,https://www.youtube.com/watch?v=kEjHLSbalxk,【LIVE DEBUT】อัศวินคุงมาเยือนแล้วครับ 【Zayn Gloucester】,,,[]
UCw_7F4A38u-T_craqX6_OpQ,LINCKIA Ch.,HOLD_NEEDS_CHANNEL_REVIEW,NO_AFFIRMATIVE_CHANNEL_LEVEL_VIRTUAL_EVIDENCE_IN_CURRENT_REVIEW,false,REJECTED_AS_IDENTITY_EVENT,not_identity_event,,https://www.youtube.com/watch?v=Abi5lksajFE,【PV Vtuber Debut】 LINCKIA 【IDYLLIC Project】,,,[]
UCW0EhUBJrTtjSywG4-MGgrQ,Grimus Grimm Ch. Pixela Destiny,STRICT_VIRTUAL,IDENTITY_EVENT_WITH_EXPLICIT_VIRTUAL_SIGNAL,true,SUPPORTED,identity_start,2023-11-12T11:30:43+00:00,https://www.youtube.com/watch?v=q1ULg-ljdPo,【Debut】Grimus Grimm ยมทูตแห่งความมืด,,,[]
UCw5SDGBx4mHpBtBj_qfupWg,Bunana (old channel),STRICT_VIRTUAL,IDENTITY_EVENT_WITH_EXPLICIT_VIRTUAL_SIGNAL,true,SUPPORTED,identity_start,2021-05-19T12:56:21+00:00,https://www.youtube.com/watch?v=U-z7Ir6VHU8,【DEBUT STREAM】 มีคนบอกว่าบันคือกระต้วย (Vtuber | TH/EN OK!),,,[]
UCw79Wj7JKNTtBiVqA8OJlSg,Geno Ch.『TST』,STRICT_VIRTUAL,IDENTITY_EVENT_WITH_EXPLICIT_VIRTUAL_SIGNAL,true,SUPPORTED,identity_start,2024-08-19T12:58:39+00:00,https://www.youtube.com/watch?v=Gqaof_uGwO8,【🔴LIVE DEBUT】กระต่ายนักปรุงยา ประจำกิลด์【Geno】#Solstice_PJ,,,[]
UCw7YDtEaJFn1cOoQdBx3lIA,Rainnimin,STRICT_VIRTUAL,IDENTITY_EVENT_WITH_EXPLICIT_VIRTUAL_SIGNAL,true,VERIFIED,identity_start,2024-07-20T13:19:13+00:00,https://www.youtube.com/watch?v=E31bk51BOn0,『🔴RAINNIMIN LIVE DEBUT 』เรนนิมินเป็นเอลฟ์?เป็นแมว? แล้วเป็นของเธอได้ป่าวล่ะ นี่ย์ ☁️🪄,AMBIGUOUS,unknown,[]
UCWLGTmRYmq283VD3QreyyLg,Alzena_SLR,STRICT_VIRTUAL,IDENTITY_EVENT_WITH_EXPLICIT_VIRTUAL_SIGNAL,true,SUPPORTED,identity_start,2024-10-26T12:10:06+00:00,https://www.youtube.com/watch?v=YdNYDHCUsdQ,[ Vtuber Debut Stream ] Alzena การเวกที่อยู่ในกรง จะขับขานให้เธอชมว่าไพเราะเพียงใด,,,[]
UCwSohSYD00uLV-kq_UFJb4g,Folpuzx Ch.,STRICT_VIRTUAL,IDENTITY_EVENT_WITH_EXPLICIT_VIRTUAL_SIGNAL,true,SUPPORTED,identity_start,2024-06-15T12:28:25+00:00,https://www.youtube.com/watch?v=_fnH6eFFZvM,【🔴 DEBUT STREAM】อยากเจอทุกคนแย้ววว【 Forry NPX | Folpuzx 】,,,[]
UCwtyxO7B0xIv3XdtSvdnYgQ,Aoi Crescent Ch.,STRICT_VIRTUAL,IDENTITY_EVENT_WITH_EXPLICIT_VIRTUAL_SIGNAL,true,VERIFIED,identity_start,2020-07-25T14:00:24+00:00,https://www.youtube.com/watch?v=w73CBUe65pI,【DEBUT】ไลฟ์แรก!!!! Aoi Crescent's First Live Stream! 【Aoi Crescent】,,,[]
UCWU7kvLd_JBaBqO_ilTYd_A,Zekai Ch.【ARP】,HOLD_NEEDS_CHANNEL_REVIEW,NO_AFFIRMATIVE_CHANNEL_LEVEL_VIRTUAL_EVIDENCE_IN_CURRENT_REVIEW,false,REJECTED_AS_IDENTITY_EVENT,not_identity_event,,https://www.youtube.com/watch?v=E-c_lYZRqr0,【🔴Zeka】เมดเซกะมารับใช้นายท่านแล้วค่ะ (ไม่เดบิวต์หรอกนะคะ!),,,[]
UCwv0DTchQQhKo7-C0VPu9yA,Nora Vanadiz 「univirsual」,PROVISIONAL_VIRTUAL,REVIEWED_PERSONA_EVENT_VIRTUAL_MEDIUM_NOT_SEPARATELY_CONFIRMED,false,SUPPORTED,identity_start,2024-05-10T12:00:26+00:00,https://www.youtube.com/watch?v=O6l8BbYrRqI,[DEBUT STREAM]  โปรดลดระดับความคาดหวังลงเล็กน้อยก่อนเข้าชม (EN/JP available),,,[]
UCWw9JzEA7hdBnSFR-_Y0DlA,Seina Ch.,HOLD_NEEDS_CHANNEL_REVIEW,NO_AFFIRMATIVE_CHANNEL_LEVEL_VIRTUAL_EVIDENCE_IN_CURRENT_REVIEW,false,REJECTED_AS_IDENTITY_EVENT,not_identity_event,,https://www.youtube.com/watch?v=6wwDoHk4rQM,【PV Vtuber Debut】Seina 💫🌠  |「IDYLLIC Project」,,,[]
UCx_E2v60IowRRNd5nb-4uBQ,Murkiel Ch.,HOLD_NEEDS_CHANNEL_REVIEW,NO_AFFIRMATIVE_CHANNEL_LEVEL_VIRTUAL_EVIDENCE_IN_CURRENT_REVIEW,false,REJECTED_AS_IDENTITY_EVENT,not_identity_event,,https://www.youtube.com/watch?v=wxNDpnOaVfY,【PV DEBUT】Murkiel Vtuber | เทพแมวเมอร์กี้มาแง้วว เข้ามาสู่โลกของปั่นๆของแมวกันเถอะค่ะ (Φ ᆺ Φ),,,[]
UCx4qz8NiVkQQj4x-7mhS9Dg,Eyez Benjaneth Ch.,STRICT_VIRTUAL,IDENTITY_EVENT_WITH_EXPLICIT_VIRTUAL_SIGNAL,true,VERIFIED,identity_start,2023-04-16T12:58:21+00:00,https://www.youtube.com/watch?v=B0RByXMuDS0,【🔴】Debut Stream【🔴】แมงดื้อตาใส พร้อมออกมาท่องโลกมนุษย์แล้ว จงบูชา! 👀✨,,,[]
UCx5NsY_dUUU2NHK2P8u10xQ,Ngerntong-เงินทอง,HOLD_NEEDS_CHANNEL_REVIEW,NO_AFFIRMATIVE_CHANNEL_LEVEL_VIRTUAL_EVIDENCE_IN_CURRENT_REVIEW,false,REJECTED_AS_IDENTITY_EVENT,not_identity_event,,https://www.youtube.com/watch?v=nWUu0FkzPpc,ใกล้จะได้เจอกันเเล้วน้าา Debut 24.02.24 #vtuberth #vtuber #ngerntongvtuber,,,[]
UCXddo8vgPHBsEkDMqRwcYSQ,"Peko the Witch ★ แม่มด""พีโกะ""",PROVISIONAL_VIRTUAL,REVIEWED_PERSONA_EVENT_VIRTUAL_MEDIUM_NOT_SEPARATELY_CONFIRMED,false,SUPPORTED,identity_start,2022-03-20T11:58:54+00:00,https://www.youtube.com/watch?v=gIw__JWfb-w,[⭐DEBUT] Peko the Witch แม่มดพีโกะมาแล้ว!,,,[]
UCxhTc8KCXqpWtvpBqx_Yi8g,Seijo Ch.,HOLD_NEEDS_CHANNEL_REVIEW,NO_AFFIRMATIVE_CHANNEL_LEVEL_VIRTUAL_EVIDENCE_IN_CURRENT_REVIEW,false,REJECTED_AS_IDENTITY_EVENT,not_identity_event,,https://www.youtube.com/watch?v=V0EmlE6M1sg,【Debut PV】Seijo the thief are here! 【Original Animation PV】,,,[]
UCXkoAHy8rg9tryYsD61IXOg,Morr Ch.【ARP】,STRICT_VIRTUAL,IDENTITY_EVENT_WITH_INDIVIDUAL_VIRTUAL_ROSTER_SIGNAL,true,SUPPORTED,identity_start,2024-06-09T10:59:13+00:00,https://www.youtube.com/watch?v=0bSMaWwlfv8,【🔴LIVE DEBUT】สองมือล้วงเท้า สองกระเป๋าก้าวเข้ามา【Morr】#arproject,,,[]
UCxLMvBlryxSsteqI9L8RmZg,NEBUEL | VTUBER,HOLD_NEEDS_CHANNEL_REVIEW,NO_AFFIRMATIVE_CHANNEL_LEVEL_VIRTUAL_EVIDENCE_IN_CURRENT_REVIEW,false,AMBIGUOUS,unknown,,https://www.youtube.com/watch?v=wimwkCAh0NA,【🔴LIVE DEBUT】NEBUEL “ไม่ได้หิวเเต่เเซ่บๆด้วยกันไหมค้าบ?” / DE-PHANTOM | WISLIVE,,,[]
UCxMjBu1cPzJpPWmGd0UdUhA,Maylyn Ch.【ARP】,STRICT_VIRTUAL,IDENTITY_EVENT_WITH_INDIVIDUAL_VIRTUAL_ROSTER_SIGNAL,true,SUPPORTED,identity_start,2022-11-27T13:00:10+00:00,https://www.youtube.com/watch?v=fmJq9NAJtT4,【🔴LIVE DEBUT】สนใจรับเลี้ยงชินชิล่าสักตัวไหมคะ【Maylyn】,,,[]
UCXOcqHz5rj8NGhNvAQfManw,unibunty,HOLD_NEEDS_CHANNEL_REVIEW,NO_AFFIRMATIVE_CHANNEL_LEVEL_VIRTUAL_EVIDENCE_IN_CURRENT_REVIEW,false,AMBIGUOUS,unknown,,https://www.youtube.com/watch?v=Uh-VQVltVAk,[ 🔴 Live Debut ] สวนสนุกเปิดแล้ว! l unibunty,,,[]
UCXtQTtPJedfjqEPysorbsMg,久檻夜くぅ / Qualia Qu Ch.,PROVISIONAL_VIRTUAL,REVIEWED_PERSONA_EVENT_VIRTUAL_MEDIUM_NOT_SEPARATELY_CONFIRMED,false,VERIFIED,identity_start,2020-07-01T11:00:01+00:00,https://www.youtube.com/watch?v=BR5l9mgxNpc,【Live Streaming】久檻夜くぅ / 初配信！【Jp/Eng/Th OK! 】,,,[]
UCxvd3oONCAAlvj5E6sbniuQ,xElizia,STRICT_VIRTUAL,IDENTITY_EVENT_WITH_EXPLICIT_VIRTUAL_SIGNAL,true,SUPPORTED,identity_start,2021-12-17T16:02:12+00:00,https://www.youtube.com/watch?v=IB0mGiYgjMc,[ 🌈 LIVE DEBUT  ] 𝕩𝔼𝕝𝕚𝕫𝕚𝕒 𝕝 𝕊𝕦𝕔𝕔𝕦𝕓𝕦𝕤 ℙ𝕣𝕚𝕟𝕔𝕖𝕤𝕤  #VtuberTH #EliLive_x,,,[]
UCxYJqN90g84gIwfCO2bUKLA,Nocturnaz Naar Ch. Pixela-Mystic,STRICT_VIRTUAL,IDENTITY_EVENT_WITH_EXPLICIT_VIRTUAL_SIGNAL,true,SUPPORTED,identity_start,2023-05-30T14:01:06+00:00,https://www.youtube.com/watch?v=7GT3f5_F8mY,【Debut】พวกมนุษย์ ต้องเรียกข้าว่า ท่านนาร์,,,[]
UCXyk13M_Y892ar9xTPNF75w,Helen Candleby ,STRICT_VIRTUAL,IDENTITY_EVENT_WITH_EXPLICIT_VIRTUAL_SIGNAL,true,SUPPORTED,identity_start,2022-11-08T13:00:39+00:00,https://www.youtube.com/watch?v=MVLZoi0qVqc,【DEBUT STREAM】❖ เห เมื่อกี้ว่าไงนะ ❖ 「 Helen | Elpis 」,,,[]
UCY-5Lf7AJKFj4fudzFi1AZw,TeenWISU,HOLD_NEEDS_CHANNEL_REVIEW,NO_AFFIRMATIVE_CHANNEL_LEVEL_VIRTUAL_EVIDENCE_IN_CURRENT_REVIEW,false,AMBIGUOUS,unknown,,https://www.youtube.com/watch?v=pSUSG6cAylI,ไลฟ์แรกของทีนมู Vtuber | WISLIVE Debut,,,[]
UCY3reV-jwagniwcghy1B4VA,Nicca Ch.,HOLD_NEEDS_CHANNEL_REVIEW,NO_AFFIRMATIVE_CHANNEL_LEVEL_VIRTUAL_EVIDENCE_IN_CURRENT_REVIEW,false,AMBIGUOUS,unknown,,https://www.youtube.com/watch?v=IYjNT2p9PH4,🔴[DEBUT STREAM] Lin Linaria สาวน้อย(หวาน)ร้อยล้าน🌱🐾,SUPPORTED,unknown,"[""artist""]"
UCY5HIZ97IaqeUGCQCh5yDpA,Clairederier,PROVISIONAL_VIRTUAL,REVIEWED_PERSONA_EVENT_VIRTUAL_MEDIUM_NOT_SEPARATELY_CONFIRMED,false,SUPPORTED,identity_start,2022-05-10T12:50:51+00:00,https://www.youtube.com/watch?v=CLtHAwWB54A,Claire Debut | 10 พฤษภา,,,[]
UCydCZ9HbM9TbvXwsoI8rSdQ,QDM. Nora 『VW』,HOLD_NEEDS_CHANNEL_REVIEW,NO_AFFIRMATIVE_CHANNEL_LEVEL_VIRTUAL_EVIDENCE_IN_CURRENT_REVIEW,false,REJECTED_AS_IDENTITY_EVENT,not_identity_event,,https://www.youtube.com/watch?v=6wKUxE1WMjs,[Debut] ทหาร A รายงานตัว!!,,,[]
UCYEWH_8lJYYxB_Ws5ee_ROw,Saniyah L. Ch.,HOLD_NEEDS_CHANNEL_REVIEW,NO_AFFIRMATIVE_CHANNEL_LEVEL_VIRTUAL_EVIDENCE_IN_CURRENT_REVIEW,false,REJECTED_AS_IDENTITY_EVENT,not_identity_event,,https://www.youtube.com/watch?v=ecuTT0pkCZs,【Debut PV】“ ผีเสื้อจะมีอายุไขสักเท่าไหร่กันคะ? ” | Rhoslyn Venus 🦋,,,[]
UCyHbGgiIiuzrZUX-VKVsmcw,MIINA Ch.,HOLD_NEEDS_CHANNEL_REVIEW,NO_AFFIRMATIVE_CHANNEL_LEVEL_VIRTUAL_EVIDENCE_IN_CURRENT_REVIEW,false,REJECTED_AS_IDENTITY_EVENT,not_identity_event,,https://www.youtube.com/watch?v=jUIZ4ZFWe_c,【MIINA Debut】วันจันทร์ของคุณ ขอมีนานะ 💖,,,[]
UCYknXN1ydnhJACllweXGd-w,Bitscuit La Cielhare,HOLD_NEEDS_CHANNEL_REVIEW,NO_AFFIRMATIVE_CHANNEL_LEVEL_VIRTUAL_EVIDENCE_IN_CURRENT_REVIEW,false,AMBIGUOUS,unknown,,https://www.youtube.com/watch?v=rxgjIm27_OI,【🔴LIVE DEBUT】บิสกิตที่ไม่ได้แปลว่าของกิน【Bitscuit】,,,[]
UCysbx8fVJc92SL4KtsakA8Q,CHACHACHALICE,STRICT_VIRTUAL,IDENTITY_EVENT_WITH_EXPLICIT_VIRTUAL_SIGNAL,true,SUPPORTED,identity_start,2023-01-18T13:00:56+00:00,https://www.youtube.com/watch?v=2M8tx8Q6YYc,🎲 [- DEBUT -] หนูเป็นถ้วยค่ะ 🤍,,,[]
UCySlA9Pv5IVXvkW_lN_NXRw,Tequila Ch.【ARP】,STRICT_VIRTUAL,IDENTITY_EVENT_WITH_EXPLICIT_VIRTUAL_SIGNAL,true,SUPPORTED,identity_start,2022-01-19T11:54:22+00:00,https://www.youtube.com/watch?v=cDUBachOK8o,🔴 LIVE DEBUT | มาเยี่ยมคุกกันมั่งดีกว่า [Tequila],,,[]
UCyTfmwqdhzlv9YD6-vmz2tQ,Biru [ビール],STRICT_VIRTUAL,IDENTITY_EVENT_WITH_EXPLICIT_VIRTUAL_SIGNAL,true,SUPPORTED,identity_start,2023-12-15T13:30:28+00:00,https://www.youtube.com/watch?v=aj9upUIxa9k,🔴 [DEBUT] ถึงเวลาเจอกันแล้วนะครับ | Biru「ビール」,,,[]
UCYu6pahmFwIki35ru8s62pQ,Destinesia Project,EXCLUDE_NON_PERSONA_ACCOUNT,REVIEWED_PROJECT_ACCOUNT_NOT_PERSONA,false,AMBIGUOUS,unknown,,https://www.youtube.com/watch?v=mnaISsYjw3c,🌏 Pengu | Live Debut เปิดตัว น้องเพนกวินจักรพรรดิ [ เมื่อกี้ขอโทษด้วยนะคะ ] Ver.2,,,[]
UCyv2oEiAXQp9xLlBr1Tn6Vg,Yokina Saori,PROVISIONAL_VIRTUAL,REVIEWED_PERSONA_EVENT_VIRTUAL_MEDIUM_NOT_SEPARATELY_CONFIRMED,false,SUPPORTED,identity_start,2022-01-29T12:29:17+00:00,https://www.youtube.com/watch?v=PSTx1dlLMJ4,【🔴Debut Stream】จะต้มจะผัดหรือจะรักเราดี | Yokina Saori,,,[]
UCyVnAtNZMl0S4x6F3msaElg,Makarov ch. 🐺,STRICT_VIRTUAL,IDENTITY_EVENT_WITH_EXPLICIT_VIRTUAL_SIGNAL,true,SUPPORTED,identity_start,2022-07-04T08:30:18+00:00,https://www.youtube.com/watch?v=es2F2CP_d0A,🐺DEBUT MAKAROV 🎮  ยินดีต้อนรับสู่ม้านเหล้กของผมน่ะ สหาย ขอผม,,,[]
UCYWG9ZKz94VcpEqvvhBXk0A,Tora Mochizuki ,PROVISIONAL_VIRTUAL,REVIEWED_PERSONA_EVENT_VIRTUAL_MEDIUM_NOT_SEPARATELY_CONFIRMED,false,VERIFIED,identity_start,2021-10-03T14:33:01+00:00,https://www.youtube.com/watch?v=QbCLz6jGR8c,"【LIVE🔴】Welcome miss , mister - Debut !",,,[]
UCYXMY8jostUgR-jf0tJD5dQ,Nithra Lapis Ch.,HOLD_NEEDS_CHANNEL_REVIEW,NO_AFFIRMATIVE_CHANNEL_LEVEL_VIRTUAL_EVIDENCE_IN_CURRENT_REVIEW,false,REJECTED_AS_IDENTITY_EVENT,not_identity_event,,https://www.youtube.com/watch?v=yxhWfUn9PKU,"[ Review ] เปิด ""มือ"" รีวิว REBIRTH'S DEBUT GOODS !",,,[]
UCZ3R0yNb7ktPu1hdjbyQ2lg,Yuu Ch.,STRICT_VIRTUAL,IDENTITY_EVENT_WITH_EXPLICIT_VIRTUAL_SIGNAL,true,SUPPORTED,identity_start,2023-02-27T14:25:11+00:00,https://www.youtube.com/watch?v=1sJHuH--DnA,【DEBUT】CYBERNETIC CONTROLLER「Hakugetsu Yuu🐾 」,,,[]
UCZBylMHjwaeTNJTLPxl6VgA,Aina VTuber,STRICT_VIRTUAL,IDENTITY_EVENT_WITH_EXPLICIT_VIRTUAL_SIGNAL,true,SUPPORTED,identity_start,2022-08-25T13:00:28+00:00,https://www.youtube.com/watch?v=-Hr_kdFrk-Y,【VTUBER DEBUT】Aina | ในที่สุดไอนะก็จะได้เจอกับทุกคนแล้วค่ะ!,,,[]
UCZgkeKMeSJ5-ETLvt1KGgmg,Jaqua Ch.,HOLD_NEEDS_CHANNEL_REVIEW,NO_AFFIRMATIVE_CHANNEL_LEVEL_VIRTUAL_EVIDENCE_IN_CURRENT_REVIEW,false,REJECTED_AS_IDENTITY_EVENT,not_identity_event,,https://www.youtube.com/watch?v=LdbA4jrql38,【PV Vtuber Debut】Hirose Akio (Jaqua),,,[]
UCzH5tEYALkblyTy99n3-YEA,Tsukiko かざん,HOLD_NEEDS_CHANNEL_REVIEW,NO_AFFIRMATIVE_CHANNEL_LEVEL_VIRTUAL_EVIDENCE_IN_CURRENT_REVIEW,false,AMBIGUOUS,unknown,,https://www.youtube.com/watch?v=FzbvAi9qIhE,【 Vtuber debut 】| Tsukiko かざん (Thai ver.),,,[]
UCzHbS7cXhke4di7y2RV8wyw,Inori Aijou Ch.,STRICT_VIRTUAL,IDENTITY_EVENT_WITH_EXPLICIT_VIRTUAL_SIGNAL,true,SUPPORTED,identity_start,2022-07-27T12:03:31+00:00,https://www.youtube.com/watch?v=ll4J6nG_EQI,【DEBUT】SHRINE AND BLESSING OF LOVE🌸,,,[]
UCZmQjdEL_PAGWvFlAm4hQMg,Karin Ch. 躑躅かりん,PROVISIONAL_VIRTUAL,REVIEWED_PERSONA_EVENT_VIRTUAL_MEDIUM_NOT_SEPARATELY_CONFIRMED,false,SUPPORTED,identity_start,2023-06-10T13:00:48+00:00,https://www.youtube.com/watch?v=2ZHjwGrVfsY,【DEBUT STREAM】สวัสดีค่า คาริน มาเดบิ้วแล้วค่าาาา | #Karintsutsuji,,,[]
UCzqqEpXJN-HMmFp-_hHyHGA,Ramoi Bonko,STRICT_VIRTUAL,IDENTITY_EVENT_WITH_EXPLICIT_VIRTUAL_SIGNAL,true,SUPPORTED,identity_start,2021-05-26T13:02:38+00:00,https://www.youtube.com/watch?v=W7CqZPTRDmA,【DEBUT STREAM】เค้าไม่ใช่ขโมยอย่างที่ใครเขาว่านะคะ!!! (Vtuber TH),,,[]
UCZSudswFZkaARozAZPFoC2Q,Azazel  Ch.,HOLD_NEEDS_CHANNEL_REVIEW,NO_AFFIRMATIVE_CHANNEL_LEVEL_VIRTUAL_EVIDENCE_IN_CURRENT_REVIEW,false,REJECTED_AS_IDENTITY_EVENT,not_identity_event,,https://www.youtube.com/watch?v=JBV3GC8o1u4,[PV] ✧✧  Azazel Debut soon  ✧✧,,,[]
UCZxNaWG_8Br9q1eTLSG5wPg,Blu-Chan GMOT ⌜VZ⌟,STRICT_VIRTUAL,IDENTITY_EVENT_WITH_EXPLICIT_VIRTUAL_SIGNAL,true,SUPPORTED,redebut,2024-04-26T14:01:15+00:00,https://www.youtube.com/watch?v=kPvZFgZNp1o,【🔴 RE:DEBUT】รสชาติการเกิดใหม่ อยากลองชิมดูมั้ยคะ 👀 #VIRTUALZEVEN,,,[]
UCZYTMrnVmu1iUVyGeqB6zJQ,T-Reina Ashyra Ch. Lumina-World-End,STRICT_VIRTUAL,IDENTITY_EVENT_WITH_EXPLICIT_VIRTUAL_SIGNAL,true,SUPPORTED,identity_start,2024-05-23T13:01:15+00:00,https://www.youtube.com/watch?v=OPt4GS5cnF8,【Debut】แอชี่เป็นคนพูดน้อย เรียบร้อย น่ารัก,,,[]
