channel_id,name,handle,agency,discovery_source,first_discovered_at,candidate_status,already_in_frozen_cohort,evidence_strength
UC1s5T_9sfGrRxHJhjEceVSg,Kafune CH.,@kafunech,Independent,Thai VTuber Ranking,2026-09-06T15:07:31.268816+00:00,hiatus,False,HIGH_CONFIDENCE
UC2IZur8-GAsn7gHQNTNOOgQ,Potia PBT,@potiaht,Independent,Thai VTuber Ranking,2026-09-06T15:07:31.268967+00:00,active,False,MEDIUM_CONFIDENCE
UC25e5qEqvVaG_VKrkTmJBmw,Lucene Ch.,@luceneplg,Independent,Thai VTuber Ranking; Virtual YouTuber Fandom Wiki,2026-09-06T15:07:31.269006+00:00,active,True,HIGH_CONFIDENCE
UC2AmIPun8jDuz1ksnxQTtcw,sunraindre,@sunraindre,Independent,Thai VTuber Ranking,2026-09-06T15:07:31.269053+00:00,active,False,HIGH_CONFIDENCE
UC2kjsGpKTwnFKZLLTUkK4Gw,BRRWYN Ch. / QURSE,@brrwynvibeent,Independent,Thai VTuber Ranking,2026-09-06T15:07:31.269073+00:00,active,False,MEDIUM_CONFIDENCE
UC32lsx7u7vqy63SguuuzmVg,Narelle ch. 【FIXIX VT】,@narellech.fixixvt,Independent,Thai VTuber Ranking,2026-09-06T15:07:31.269098+00:00,hiatus,False,MEDIUM_CONFIDENCE
UC3gREX7tB8vEhPFgAOGr9xg,1KFuu Ch.,@arashifuu,Independent,Thai VTuber Ranking,2026-09-06T15:07:31.269121+00:00,active,False,HIGH_CONFIDENCE
UC35EDRwjO07DpevXGxo3Y0g,IKUTO ch.,@ikutoch,Independent,Thai VTuber Ranking,2026-09-06T15:07:31.269152+00:00,active,False,HIGH_CONFIDENCE
UC3ZglUA0HEUCuGbe5b8zXKw,The Lupas,@lupasch,Independent,Thai VTuber Ranking,2026-09-06T15:07:31.269187+00:00,hiatus,False,MEDIUM_CONFIDENCE
UC2uv9lpMiz72v_qPVFDSZmA,Suiren Ch. ◣PLO◥,@tmr_suiren,Independent,Thai VTuber Ranking,2026-09-06T15:07:31.269208+00:00,active,False,HIGH_CONFIDENCE
UC3OnR-Tqd8dHmY-XNHO4iZw,kukiko hikaru,@kukikohikaru4454,Independent,Thai VTuber Ranking,2026-09-06T15:07:31.269225+00:00,active,False,MEDIUM_CONFIDENCE
UC1pYd8HCTuc8Kdh_8m_znpA,Freyrina,@freyrinavtuber,Independent,Thai VTuber Ranking,2026-09-06T15:07:31.269270+00:00,active,False,MEDIUM_CONFIDENCE
UC3H7_4Gz8PhHeMz0hHwuFTw,Morika Rei【ARRI】[Graduated],@morikareich,Independent,Thai VTuber Ranking,2026-09-06T15:07:31.269293+00:00,hiatus,True,MEDIUM_CONFIDENCE
UC1ypugJJiDakFeDlxQO2Tew,Smokesword Channel,@smokeswordch.,Independent,Thai VTuber Ranking,2026-09-06T15:07:31.269322+00:00,active,False,MEDIUM_CONFIDENCE
UC3QTic1iBGQN_LzWo7JfDKQ,CallistoSoCool Ch.,@callistosocool,Independent,Thai VTuber Ranking,2026-09-06T15:07:31.269350+00:00,active,False,MEDIUM_CONFIDENCE
UC3aHMGHRuQAonBUpE2a94bA,Ryoukatsu Ch.,@ryoukatsu_meow,Independent,Thai VTuber Ranking,2026-09-06T15:07:31.269372+00:00,active,False,HIGH_CONFIDENCE
UC3TQ2myWZR8pZiUZ6Cs0-Sw,Bianca Ch. 【ARP】,@bianca_arp,Algorhythm Project,Thai VTuber Ranking,2026-09-06T15:07:31.269414+00:00,hiatus,True,MEDIUM_CONFIDENCE
UC1z-ybaAe5LYfcnDdzp9SGw,กินข้าวแซ่บ,@ginkowzap,Independent,Thai VTuber Ranking,2026-09-06T15:07:31.269435+00:00,unknown,False,HIGH_CONFIDENCE
UC1o-4IZwxHOxGyUKN6xpNZA,KIMEWA_YUKI 【SOA】,@kimewa_yuki_soa,Independent,Thai VTuber Ranking,2026-09-06T15:07:31.269464+00:00,active,False,HIGH_CONFIDENCE
UC2z7pz25bgnqLHdTd7EvVoQ,Shishiou Seito Ch. / AStars,@shishiouseito_as,AStars Production,Thai VTuber Ranking; Virtual YouTuber Fandom Wiki,2026-09-06T15:07:31.269480+00:00,active,False,MEDIUM_CONFIDENCE
UC3it6w4G8eUA98J2w60gBDQ,Orca-Okaru CH,@kingorca,Independent,Thai VTuber Ranking,2026-09-06T15:07:31.269531+00:00,active,False,HIGH_CONFIDENCE
UC27OebwwE2AWaJF8fUSkDcA,Mooco Witchie,@moocowitchie,Independent,Thai VTuber Ranking; Virtual YouTuber Fandom Wiki,2026-09-06T15:07:31.269545+00:00,unknown,False,MEDIUM_CONFIDENCE
UC2iD3jxz5srvHoV7gXtBYvQ,Davina V.,@davinav,Independent,Thai VTuber Ranking,2026-09-06T15:07:31.269558+00:00,hiatus,False,MEDIUM_CONFIDENCE
UC3JqFoY66A90sdqe46mvbTA,Eli Aharon 「イーライ」,@eliaharon,Independent,Thai VTuber Ranking,2026-09-06T15:07:31.269594+00:00,active,True,HIGH_CONFIDENCE
UC2sAw3h-IzU3JOtvXVzTjxw,叶龙 Yelong CH.,@yelong_vth,Independent,Thai VTuber Ranking,2026-09-06T15:07:31.269612+00:00,active,False,HIGH_CONFIDENCE
UC2mSWpVqjjQ7G7gEIfQ7p9w,Zeraphina Hana,@zeraphinahn,Independent,Thai VTuber Ranking,2026-09-06T15:07:31.269629+00:00,active,False,MEDIUM_CONFIDENCE
UC3D2LNEOdYQq5mu9hjoQTZQ,ROOKCAN ch〖DPX〗,@rookcanch,DPX,Thai VTuber Ranking,2026-09-06T15:07:31.269648+00:00,active,False,MEDIUM_CONFIDENCE
UC2eai5waelgobAHgp20DEYg,Ardalita Lilibelle Ch. Lumina-First-Myth,@ardalitalilibelle,Lumina Live,Thai VTuber Ranking; Virtual YouTuber Fandom Wiki,2026-09-06T15:07:31.269691+00:00,active,True,HIGH_CONFIDENCE
UC33VkaWtUAg84eE1BfScpZg,PanBiBi,@panbibi,Independent,Thai VTuber Ranking,2026-09-06T15:07:31.269720+00:00,hiatus,False,HIGH_CONFIDENCE
UC1miE8rA7u3-CVPpuZGUT7g,Frozy Ch.,@frozyvtuber,Independent,Thai VTuber Ranking,2026-09-06T15:07:31.269739+00:00,hiatus,False,HIGH_CONFIDENCE
UC31Hn_T44_qvI_yTY-BFbPw,LIN Darling Ch.,@lindarlingch,Independent,Thai VTuber Ranking,2026-09-06T15:07:31.269780+00:00,active,False,HIGH_CONFIDENCE
UC2mkbeIUVeIZeV7E2_dNCSg,Cersei Lezlie,@cerseilezlie,Independent,Thai VTuber Ranking,2026-09-06T15:07:31.269823+00:00,active,False,HIGH_CONFIDENCE
UC3ea-AGQlCDx_XOMO58C0Jg,The Doll Tales,@thedolltales,Independent,Thai VTuber Ranking,2026-09-06T15:07:31.269850+00:00,active,False,MEDIUM_CONFIDENCE
UC3DORp_0MHcP00w2JxQ88_Q,SHIRO K. Channel,@shirokchannel,Independent,Thai VTuber Ranking,2026-09-06T15:07:31.269873+00:00,active,False,MEDIUM_CONFIDENCE
UC3cucsq4iSW-mU8-E18ESCQ,Cordelia Mairi Ch.,@cordeliamairich,Independent,Thai VTuber Ranking,2026-09-06T15:07:31.269895+00:00,active,False,MEDIUM_CONFIDENCE
UC2109-BUhq7iEs9k9PlCzsw,Cheryu Ch.,@cheryuch.1657,Independent,Thai VTuber Ranking,2026-09-06T15:07:31.269908+00:00,active,False,MEDIUM_CONFIDENCE
UC3HM8L5j53x0WsliGNTXhbQ,Shanaru Ch.,@shanaruch,Independent,Thai VTuber Ranking,2026-09-06T15:07:31.270005+00:00,hiatus,False,HIGH_CONFIDENCE
UC2erQwP2foSQARjw5zUbrnQ,Sirris Goddess Ch.,@sirrisgoddess,Independent,Thai VTuber Ranking,2026-09-06T15:07:31.270026+00:00,active,False,MEDIUM_CONFIDENCE
UC3O5wAgEVyNA1Jw3gyi-_jA,MOLLY,@mollyehe,Independent,Thai VTuber Ranking,2026-09-06T15:07:31.270046+00:00,active,True,MEDIUM_CONFIDENCE
UC1pSe5kxpCK1BwA_bZQ97-g,Fancy Ch.,@fancychnsk,Independent,Thai VTuber Ranking,2026-09-06T15:07:31.270069+00:00,hiatus,False,HIGH_CONFIDENCE
UC3K3Crh966nzLx41obfJhaA,Drako Nya Mio,@drakonyamio,Independent,Thai VTuber Ranking,2026-09-06T15:07:31.270089+00:00,active,False,MEDIUM_CONFIDENCE
UC3QIcnp1II_iCt-_JG8btKQ,Era Ch.【ARP】,@era_arp,Algorhythm Project,Thai VTuber Ranking; Virtual YouTuber Fandom Wiki,2026-09-06T15:07:31.270104+00:00,active,False,MEDIUM_CONFIDENCE
UC3PeUyEXBffDBFpOiuk0odQ,Jisooman Ch.,@jisoomansololove1818,Independent,Thai VTuber Ranking,2026-09-06T15:07:31.270248+00:00,active,False,HIGH_CONFIDENCE
UC3lFI2WTG-d0KrTRwAbjAlw,Aiden Leonheart【SRV】,@aidenleonheart_srv,Independent,Thai VTuber Ranking,2026-09-06T15:07:31.270268+00:00,hiatus,False,MEDIUM_CONFIDENCE
UC238YXwPe4b4T57pFWioIfA,Arine Vtuber,@arinevtuber,Independent,Thai VTuber Ranking,2026-09-06T15:07:31.270283+00:00,hiatus,False,MEDIUM_CONFIDENCE
UC1xmO5jVjOCeo02XCpq4WFA,Erima Channel,@erimach,Independent,Thai VTuber Ranking; Virtual YouTuber Fandom Wiki,2026-09-06T15:07:31.270322+00:00,active,False,MEDIUM_CONFIDENCE
UC1jZ0KuzFRgWD_s9E-KLcFQ,Yue Meili [ECR],@yuemeilich,Independent,Thai VTuber Ranking,2026-09-06T15:07:31.270393+00:00,active,False,MEDIUM_CONFIDENCE
UCGAtHjeWWgyWboVQ33ZQX6Q,Zenith Ch.【ARP】,@zenith_arp,Algorhythm Project,Thai VTuber Ranking,2026-09-06T15:07:31.270417+00:00,active,True,HIGH_CONFIDENCE
UCH9YSRP3hG56bs2lzmMoOVw,Kimhan Summer /คิมหันต์ [EC19 Projekt],@kimhansummerec19projekt49,Independent,Thai VTuber Ranking,2026-09-06T15:07:31.270442+00:00,active,False,HIGH_CONFIDENCE
UCG04BGkyQFQPV3jl5ANHPZA,Kyo Koi ,@kyokoi_vtuber,Independent,Thai VTuber Ranking,2026-09-06T15:07:31.270469+00:00,active,False,MEDIUM_CONFIDENCE
UCHCvUUDxEP1ve9Zg_tZP5ug,Luthia IONIX,@luthia_ionix,Independent,Thai VTuber Ranking,2026-09-06T15:07:31.270496+00:00,active,False,HIGH_CONFIDENCE
UCHJyN2D9QrjAujzsrDkguRA,Yuina Hoshi Ch.,@yuinahoshich,Independent,Thai VTuber Ranking,2026-09-06T15:07:31.270523+00:00,active,False,HIGH_CONFIDENCE
UCGFX2NZhsWp_hpZiYmyJnRQ,Elice Ch.,@eliciaa,Independent,Thai VTuber Ranking,2026-09-06T15:07:31.270539+00:00,active,False,HIGH_CONFIDENCE
UCGmm95ZgqXrfS-0pu980_tA,Renai ai Ch.〖DPX〗,@renaidivipj,DPX,Thai VTuber Ranking,2026-09-06T15:07:31.270556+00:00,active,False,MEDIUM_CONFIDENCE
UCGmvJX9TaHps4LB-J-cR6bQ,Sora Myojo《 EXia 》,@sora_myojo,EXia,Thai VTuber Ranking,2026-09-06T15:07:31.270573+00:00,active,False,MEDIUM_CONFIDENCE
UCGjZDsjGu_BzQ_hPKTRBLLw,Aidin,@aidinstreamer,Independent,Thai VTuber Ranking,2026-09-06T15:07:31.270611+00:00,active,False,MEDIUM_CONFIDENCE
UCGOkjVQVJivJxDN7iSdQuLA,Moe Miyabi ⌜VZ⌟,@moemiyabiv7,Virtual Zeven (VZ),Thai VTuber Ranking,2026-09-06T15:07:31.270671+00:00,active,False,HIGH_CONFIDENCE
UCGGJmwrqz9q6BAVK0VWYE8g,KDemon,@kdemon114,Independent,Thai VTuber Ranking,2026-09-06T15:07:31.270707+00:00,active,False,HIGH_CONFIDENCE
UCFjBM9wvCqb5wBLpp_cHxfA,JumpMy Ch.【XIRCONIA】,@jumpmy3,Independent,Thai VTuber Ranking,2026-09-06T15:07:31.270737+00:00,active,False,HIGH_CONFIDENCE
UCGMiAEmU8MB1-2abX_Tjkyw,Wine Ch. ,@winevylalun,Independent,Thai VTuber Ranking,2026-09-06T15:07:31.270764+00:00,active,False,MEDIUM_CONFIDENCE
UCGXguhCIYycPMOTZN9s4x6A,จู้จีนจุกจิก | Regene【RE:S】,@regene_res,Independent,Thai VTuber Ranking,2026-09-06T15:07:31.270801+00:00,hiatus,False,MEDIUM_CONFIDENCE
UCGWwz0WBEcGozJ6yZNGIsPw,Estxr Channel,@estxr_ch,Independent,Thai VTuber Ranking,2026-09-06T15:07:31.270830+00:00,active,False,MEDIUM_CONFIDENCE
UCH7h3T7J1ck7YgjbI2YPR7g,Akinori Eiji Ch.「TRR」 ,@akinorieiji_trr,Independent,Thai VTuber Ranking,2026-09-06T15:07:31.270852+00:00,active,False,HIGH_CONFIDENCE
UCH6Fib1kQUaR2qurlEXnZMA,Zenaida XETA-102 Channel,@zenaidaxeta-102,Independent,Thai VTuber Ranking,2026-09-06T15:07:31.270872+00:00,hiatus,False,MEDIUM_CONFIDENCE
UCGbMin84xisO1Yuq_guVlFA,NUTTY ROZE ,@nutty.roze-wis,Independent,Thai VTuber Ranking,2026-09-06T15:07:31.270890+00:00,hiatus,True,HIGH_CONFIDENCE
UCGofntRkNUAgXGqimLtLy4g,Reilim Channel,@reilimchannel,Independent,Thai VTuber Ranking,2026-09-06T15:07:31.270974+00:00,active,True,HIGH_CONFIDENCE
UCGgUYt_n_Uzi5xYAS12XDww,Kahel Kallas『AST』 ,@kahelkallasast,Independent,Thai VTuber Ranking,2026-09-06T15:07:31.270999+00:00,hiatus,False,MEDIUM_CONFIDENCE
UCGIDvgCG2v47r33D14QlasA,Jusia Ch. ASMR,@jusiaasmr,Independent,Thai VTuber Ranking,2026-09-06T15:07:31.271072+00:00,active,False,HIGH_CONFIDENCE
UCG-PEjbBmm82pBvWvJJfxgQ,Shinya Natonsai,@shinya_natonsai,Independent,Thai VTuber Ranking,2026-09-06T15:07:31.271095+00:00,active,False,HIGH_CONFIDENCE
UCGhWfzi-1RoI9mJKzrCJGHQ,Sakamajimai / Sharky Ch.,@sakamajimai,Independent,Thai VTuber Ranking,2026-09-06T15:07:31.271122+00:00,active,False,HIGH_CONFIDENCE
UCHBOkil-h2JiTQ2LEJtG7FA,Cerise Channel,@cerise_channel,Independent,Thai VTuber Ranking,2026-09-06T15:07:31.271235+00:00,active,False,HIGH_CONFIDENCE
UCGc2qf0Pkl7RyvqTyyP_o9w,MiYuu43 ch. みゆ,@miyuu43ch,Independent,Thai VTuber Ranking; Virtual YouTuber Fandom Wiki,2026-09-06T15:07:31.271258+00:00,active,True,HIGH_CONFIDENCE
UCG1UqDhwKiOIHHAhwZqJGQg,Lukami Ch. ルカミ [Lukami Stellaz],@lukamith,Independent,Thai VTuber Ranking,2026-09-06T15:07:31.271345+00:00,active,False,HIGH_CONFIDENCE
UCFkljb428Byj00FxL_kwYyA,OZiK Ch.,@ozik-the-goat,Independent,Thai VTuber Ranking,2026-09-06T15:07:31.271382+00:00,hiatus,False,MEDIUM_CONFIDENCE
UCGi7W6vbEJjPi1nzJfW-zOQ,Felixia-zorei-aixela Ch.,@felixia-zorei-aixela,Independent,Thai VTuber Ranking,2026-09-06T15:07:31.271397+00:00,hiatus,False,MEDIUM_CONFIDENCE
UCGRF7CYtM2Qvevmach7enPA,Seabunnyi,@seabunnyily,Independent,Thai VTuber Ranking,2026-09-06T15:07:31.271438+00:00,active,False,MEDIUM_CONFIDENCE
UCGMSJFuXdNmswEPX4X6NnLQ,Mycara Melony Ch. Pixela-Mystic,@mycaramelony,Pixela Project,Thai VTuber Ranking,2026-09-06T15:07:31.271488+00:00,active,True,HIGH_CONFIDENCE
UCGwh4Fq6iBno7cSieXcgh0w,Saiko Ch.,@saikoch.7416,Independent,Thai VTuber Ranking,2026-09-06T15:07:31.271501+00:00,hiatus,False,MEDIUM_CONFIDENCE
UCFycFPpGcrne7rAp_Xa6tbg,Patchay channel,@patchayvtuber,Independent,Thai VTuber Ranking,2026-09-06T15:07:31.271563+00:00,unknown,False,HIGH_CONFIDENCE
UCFuUpyt6u2UC90h1nAWuXkw,Trashythemeow,@trashythemeow,Independent,Thai VTuber Ranking,2026-09-06T15:07:31.271584+00:00,active,False,HIGH_CONFIDENCE
UCGSthfh4W439C_2cQloVocw,Val 5332,@valk5332,Independent,Thai VTuber Ranking,2026-09-06T15:07:31.271630+00:00,hiatus,False,MEDIUM_CONFIDENCE
UCGFON7MMs-K2rmM_TjNG82A,Aifei ch.,@aifeivtuber,Independent,Thai VTuber Ranking,2026-09-06T15:07:31.271649+00:00,active,False,HIGH_CONFIDENCE
UCHEnKuFdHAKL20IpCTi8l9Q,SeJi Ch.,@sejichaki,Independent,Thai VTuber Ranking,2026-09-06T15:07:31.271701+00:00,active,False,MEDIUM_CONFIDENCE
UCFd3ivp0P8uWR-SdnMLWDoQ,JaoGuin Ch.,@jaoguinch,Independent,Thai VTuber Ranking,2026-09-06T15:07:31.271759+00:00,active,False,MEDIUM_CONFIDENCE
UCHGviQ_8o_ZLS_k1vpFOtmQ,Cobalt HellHound Ch. (ฮาวนด์),@cobalthellhound,Independent,Thai VTuber Ranking,2026-09-06T15:07:31.271804+00:00,active,False,HIGH_CONFIDENCE
UCGo7fnmWfGQewxZVDmC3iJQ,Xonebu X'thulhu Ch. Lumina-World-End,@xonebuworldend,Lumina Live,Thai VTuber Ranking,2026-09-06T15:07:31.271836+00:00,active,True,HIGH_CONFIDENCE
UCGkGWo40A2iZKQl9ug1oXoA,Loxifyr,@loxifyr,Independent,Thai VTuber Ranking; Virtual YouTuber Fandom Wiki,2026-09-06T15:07:31.271871+00:00,active,False,HIGH_CONFIDENCE
UCGtHn0fmqCAp_8AzV_PWd6A,Eveshaiah Miraclover Ch. Lumina-Mutelu,@eveshaiahmiraclover,Lumina Live,Thai VTuber Ranking,2026-09-06T15:07:31.271904+00:00,active,False,HIGH_CONFIDENCE
UCGAxNdaCC9RI6-u3QabJ8Fg,MomaMae,@momay.allegrala,Independent,Thai VTuber Ranking,2026-09-06T15:07:31.271931+00:00,active,False,HIGH_CONFIDENCE
UCFr02a1OIuA1yrnJuB2dSpw,Shishiro Taiga Ch. (志白タイガ),@shishiro_taiga,Independent,Thai VTuber Ranking,2026-09-06T15:07:31.271991+00:00,active,False,MEDIUM_CONFIDENCE
UCGBkYTR4tMKS38TQHGWWLjg,Aito LH,@aitolh,Independent,Thai VTuber Ranking,2026-09-06T15:07:31.272036+00:00,active,True,HIGH_CONFIDENCE
UCG1Dk3994tPaCIBJp8Cu2pg,Kamilla Lich,@kamillalich,Independent,Thai VTuber Ranking,2026-09-06T15:07:31.272055+00:00,active,False,MEDIUM_CONFIDENCE
UCGIo_THCq5eGbEdb8f0z10Q,Shirowashi Ch.,@shirowashivtuber,Independent,Thai VTuber Ranking,2026-09-06T15:07:31.272088+00:00,active,False,MEDIUM_CONFIDENCE
UCGtjAVYcncs1AJ5hQY0gASQ,KAMAI,@kamaisanch,Independent,Thai VTuber Ranking; Virtual YouTuber Fandom Wiki,2026-09-06T15:07:31.272117+00:00,active,True,MEDIUM_CONFIDENCE
UCU8-PjzR1iFtqdmATtRrYYQ,Tinsley Alaappaat Ch.,@tinsleythefox,Independent,Thai VTuber Ranking,2026-09-06T15:07:31.272153+00:00,active,False,MEDIUM_CONFIDENCE
UCURO2Hz8CWn0knwFbNTo2ng,RaneeTani『VTG』,@raneetani,Independent,Thai VTuber Ranking,2026-09-06T15:07:31.272209+00:00,active,False,HIGH_CONFIDENCE
UCUPi3XlTX0rLUWjFHifNl-Q,Bloodyflora,@bloodyflora,Independent,Thai VTuber Ranking,2026-09-06T15:07:31.272242+00:00,active,True,MEDIUM_CONFIDENCE
UCUUvW_FwpvBRsubHH7loRFA,【黒崎】Asmodeus Ch.,@krsk963,Independent,Thai VTuber Ranking,2026-09-06T15:07:31.272290+00:00,active,False,HIGH_CONFIDENCE
UCTc2h8nlS0U1LhCjMgHVFzw,Retsu Hasuki,@hasukiretsu,Independent,Thai VTuber Ranking,2026-09-06T15:07:31.272310+00:00,active,False,MEDIUM_CONFIDENCE
UCTIi4NC8SvzUZDMExjCscVA,UCTIi4NC8SvzUZDMExjCscVA,@uctii4nc8svzuzdmexjcscva,Independent,Thai VTuber Ranking,2026-09-06T15:07:31.272328+00:00,hiatus,True,MEDIUM_CONFIDENCE
UCUR0HEtdHk4nx2WddW0Qthg,Verdelite PowerPay,@verdelitepowerpay,Independent,Thai VTuber Ranking,2026-09-06T15:07:31.272381+00:00,hiatus,False,HIGH_CONFIDENCE
UCTbgUT9_ipoQbiC7IxhJdoQ,Maimon CH,@demon_maimon,Independent,Thai VTuber Ranking,2026-09-06T15:07:31.272397+00:00,active,False,MEDIUM_CONFIDENCE
UCTt2KsR8ZwnsTyoebl3eXsQ,Yves Monet Deirdre【21PM】,@yvesmonet_21pm,Independent,Thai VTuber Ranking,2026-09-06T15:07:31.272416+00:00,active,False,MEDIUM_CONFIDENCE
UCTtgiI6vO_zxlcOBLd3P7Jg,Xro Ch,@xuri_xro,Independent,Thai VTuber Ranking,2026-09-06T15:07:31.272429+00:00,active,False,MEDIUM_CONFIDENCE
UCTE0_50-t5vJqrC832LV2eQ,Laven Ch. Genesis Project,@lavenchannel,Genesis Project,Thai VTuber Ranking,2026-09-06T15:07:31.272459+00:00,hiatus,False,HIGH_CONFIDENCE
UCUGwdp5xDeKhuhHBgZLX_ng,PopKorn163 Vtuber Ch.,@popkorn163,Independent,Thai VTuber Ranking,2026-09-06T15:07:31.272513+00:00,active,False,MEDIUM_CONFIDENCE
UCUBooBbB6GNYvQJEna3eRBQ,Beatrix CH. - ビアトリクス,@beatrix_monroe,Independent,Thai VTuber Ranking,2026-09-06T15:07:31.272556+00:00,active,False,MEDIUM_CONFIDENCE
UCUfM5IcATD5-AB1If9v7wTA,Den Trenton Ch. | OAL,@den_oal,OAL,Thai VTuber Ranking,2026-09-06T15:07:31.272575+00:00,active,False,MEDIUM_CONFIDENCE
UCUYOr3CaHR0XIv0FfM22CyA,Niew Lock ,@niewlocker,Independent,Thai VTuber Ranking,2026-09-06T15:07:31.272611+00:00,active,False,HIGH_CONFIDENCE
UCU5Bt3GkZmiYkazw37gJqIw,Lotte Ch.,@liselotte_ch,Independent,Thai VTuber Ranking; Virtual YouTuber Fandom Wiki,2026-09-06T15:07:31.272695+00:00,active,False,HIGH_CONFIDENCE
UCUHopfMWIslGzHiNMs-vtVw,Queenetta Indigo Night | ท่านควีน,@queenettaindigonight,Independent,Thai VTuber Ranking,2026-09-06T15:07:31.272964+00:00,active,False,MEDIUM_CONFIDENCE
UCV3mg1zXhXfWHcL2iq3z-Aw,Laurie Blisse Ch.,@laurie_blisse,Independent,Thai VTuber Ranking,2026-09-06T15:07:31.272983+00:00,active,False,MEDIUM_CONFIDENCE
UCULjjXc2IgdCBaEVD-Qgaqw,[ad] Khaow | ยุติบทบาท / ทอดทิ้งงาน,@adkhaow07,Independent,Thai VTuber Ranking,2026-09-06T15:07:31.273008+00:00,hiatus,False,HIGH_CONFIDENCE
UCTb15SroUenoP9Ckboz6s3g,Wahri【WahrheitIVIX】,@wahri_wahri,Independent,Thai VTuber Ranking,2026-09-06T15:07:31.273079+00:00,active,False,HIGH_CONFIDENCE
UCUXyd8UJv3jOudmtabpsRfQ,Thina Borboleta Ch.,@thinaborboletach,Independent,Thai VTuber Ranking,2026-09-06T15:07:31.273113+00:00,hiatus,False,HIGH_CONFIDENCE
UCTJ1Zw4hW6L7iZ1i9aaIF7A,Esme Nightingale,@esme_nightingale,Independent,Thai VTuber Ranking,2026-09-06T15:07:31.273133+00:00,active,False,MEDIUM_CONFIDENCE
UCTSWYTxXHbb_9sbz84xSR8Q,LIMESALTZ Ch.,@limesaltz,Independent,Thai VTuber Ranking,2026-09-06T15:07:31.273165+00:00,active,False,HIGH_CONFIDENCE
UCUaWCz3UX9XNdA97qPHuAYg,MamiMumei,@mamimumeich,Independent,Thai VTuber Ranking; Virtual YouTuber Fandom Wiki,2026-09-06T15:07:31.273196+00:00,active,True,HIGH_CONFIDENCE
UCTRQ7X-nxix3gjjXUb6ylvA,Ginnique Ch.【ARP】,@ginnique_arp,Algorhythm Project,Thai VTuber Ranking,2026-09-06T15:07:31.273223+00:00,active,True,MEDIUM_CONFIDENCE
UCTuKqG6tWqVKKWMGO1Uhdsg,ZAAB Ch. / QURSE,@zaabvibeent,Independent,Thai VTuber Ranking,2026-09-06T15:07:31.273238+00:00,active,False,MEDIUM_CONFIDENCE
UCU1t3KkZ6-ytH1stNylfv1Q,Rosánn Ch.,@rosann_myssiera,Independent,Thai VTuber Ranking,2026-09-06T15:07:31.273261+00:00,active,False,MEDIUM_CONFIDENCE
UCUqKneO3jlE5_HS6leBiXOw,Hope Popuri,@porichan,Independent,Thai VTuber Ranking,2026-09-06T15:07:31.273321+00:00,active,False,HIGH_CONFIDENCE
UCV7dVXp53A48-Iwqg5BezQA,Dubbing for fun,@natchan4838,Independent,Thai VTuber Ranking,2026-09-06T15:07:31.273340+00:00,active,False,MEDIUM_CONFIDENCE
UCURSzDgzFhYWhKDySspPisA,LittleG ch. Euphora,@littlegwarin,Euphora Project,Thai VTuber Ranking,2026-09-06T15:07:31.273366+00:00,active,False,HIGH_CONFIDENCE
UCU17NWo-I4dIYYbWBjU2cHg,RLanz Ch.,@rlanz_tn,Independent,Thai VTuber Ranking,2026-09-06T15:07:31.273381+00:00,active,False,MEDIUM_CONFIDENCE
UCUajlJqlGrWNNdCUEwgvI0g,Viola C. Ae,@violacae,Independent,Thai VTuber Ranking,2026-09-06T15:07:31.273395+00:00,hiatus,False,MEDIUM_CONFIDENCE
UCUmR1YXqxbx1NXusY2ugj8A,Thear DreamWhale° 10Hz,@theardreamwhale,Independent,Thai VTuber Ranking,2026-09-06T15:07:31.273438+00:00,active,False,HIGH_CONFIDENCE
UCUf34M2JBvh6JK-fNR34d6w,UnUn the Bat Ch.,@ununthebat,Independent,Thai VTuber Ranking,2026-09-06T15:07:31.273470+00:00,active,False,HIGH_CONFIDENCE
UCUUiRsJXOGaGUMsgwX1h_5g,Thicha ch.,@mthicha,Independent,Thai VTuber Ranking,2026-09-06T15:07:31.273510+00:00,active,False,HIGH_CONFIDENCE
UCTpRi8YKKMNfY_YviDeFNig,Urai [NecroMezza],@uraincg,Independent,Thai VTuber Ranking,2026-09-06T15:07:31.273545+00:00,active,False,HIGH_CONFIDENCE
UCTPI0_Vjw_vnKlbHXN1H-Tw,MALAI ch.【FIXIX TN】,@malaich.fixixtn,Independent,Thai VTuber Ranking,2026-09-06T15:07:31.273592+00:00,active,False,HIGH_CONFIDENCE
UCUTA8ZrTOZGUNezeAYWrajg,QueenSere.Physia Ch,@serevtuber,Independent,Thai VTuber Ranking,2026-09-06T15:07:31.273631+00:00,hiatus,False,MEDIUM_CONFIDENCE
UCTygto_BZDamXNv2YRqPNKg, Nor_Noir [นน.],@nor_noir,Independent,Thai VTuber Ranking,2026-09-06T15:07:31.273663+00:00,hiatus,False,HIGH_CONFIDENCE
UCTME5FbcsqcbWSZVIapkchA,MesiaReia Ch.,@mesiareiach.7385,Independent,Thai VTuber Ranking,2026-09-06T15:07:31.273694+00:00,unknown,False,MEDIUM_CONFIDENCE
UCUH2P2QP0-0wbHJkOQbK5WQ,Seiko Vtuber,@seikovtuberx,Independent,Thai VTuber Ranking,2026-09-06T15:07:31.273859+00:00,active,False,HIGH_CONFIDENCE
UCUz8QMqTQYtmKprSeGGKEkw,Kaylef Orion,@kaylef,Independent,Thai VTuber Ranking,2026-09-06T15:07:31.273911+00:00,active,False,HIGH_CONFIDENCE
UCUlyl-zRpqE1Dm0GYoKFEJw,เจ้าหญิงวารินทร์,@varinchannel,Independent,Thai VTuber Ranking; Virtual YouTuber Fandom Wiki,2026-09-06T15:07:31.273993+00:00,hiatus,False,HIGH_CONFIDENCE
UCUec0cPy5IPOXNODqho9wNw,TAeOH,@taeoh,Independent,Thai VTuber Ranking,2026-09-06T15:07:31.274083+00:00,active,False,MEDIUM_CONFIDENCE
UCU-O713Qgg5-OKKlt6nceiQ,MixerMaze,@mixermaze,Independent,Thai VTuber Ranking,2026-09-06T15:07:31.274171+00:00,active,False,HIGH_CONFIDENCE
UCTxCJt6jtRKeLJys0AaSUew,ลุงขนุน《 SSR 》,@unclekanun_ssr,Independent,Thai VTuber Ranking,2026-09-06T15:07:31.274242+00:00,active,False,HIGH_CONFIDENCE
UCU6UxFBQ19d2otSnCPeyykg,MamunzaaTV,@mamunzaatv,Independent,Thai VTuber Ranking,2026-09-06T15:07:31.274285+00:00,active,False,HIGH_CONFIDENCE
UCUhJEHIfPOZorfvJmvgievA,Drewiskiy,@drewiskiy,Independent,Thai VTuber Ranking,2026-09-06T15:07:31.274302+00:00,active,False,MEDIUM_CONFIDENCE
UCa8ILv94qHT6oar_jVzg9sQ,Beta AMI Ch. Lumina-World-End,@amiworldend,Lumina Live,Thai VTuber Ranking; Virtual YouTuber Fandom Wiki,2026-09-06T15:07:31.274434+00:00,active,True,MEDIUM_CONFIDENCE
UC_LTVw7bj_wFH4n8POeSNbw,Faminé Ch.【ARP】,@famine_arp,Algorhythm Project,Thai VTuber Ranking,2026-09-06T15:07:31.274478+00:00,active,True,HIGH_CONFIDENCE
UCadBHNCSacgE3vePH8UtbMA,Chalong Ch.,@chalongtheyam,Independent,Thai VTuber Ranking,2026-09-06T15:07:31.274525+00:00,active,False,MEDIUM_CONFIDENCE
UC_Wo8eYbNSxzzeIke7_ssSQ,PENELOPE PINK,@penelopepink,Independent,Thai VTuber Ranking,2026-09-06T15:07:31.274573+00:00,active,False,MEDIUM_CONFIDENCE
UC_s_7eBay8mKkA8L7HBtzHQ,Anthia Ch.,@anthia_vos,Independent,Thai VTuber Ranking,2026-09-06T15:07:31.274628+00:00,hiatus,False,MEDIUM_CONFIDENCE
UCaO7dcbFuHSol9_4g1driVg,Y' ม๋า Hunter,@yourdoghunter,Independent,Thai VTuber Ranking; Virtual YouTuber Fandom Wiki,2026-09-06T15:07:31.274657+00:00,active,False,HIGH_CONFIDENCE
UCa-n4r4lWEWFcAT95ptx44w,Kini キニ ch,@kini_hayami,Independent,Thai VTuber Ranking,2026-09-06T15:07:31.274675+00:00,hiatus,False,MEDIUM_CONFIDENCE
UCaNQI1xcU1ZC4W0guaIMgTg,ศาลเจ้ามังกรเนื้อทอง,@lnw_neuatong,Independent,Thai VTuber Ranking; Virtual YouTuber Fandom Wiki,2026-09-06T15:07:31.274736+00:00,active,True,HIGH_CONFIDENCE
UCaGeOrKAIDWkmwp4MvPXVtg,Xanael,@xanael-th,Independent,Thai VTuber Ranking,2026-09-06T15:07:31.274761+00:00,active,False,HIGH_CONFIDENCE
UCbE22G3pUiL9j0mY0-XAl7w,Mixzy Ch.【21PM】,@mixzy21pm,Independent,Thai VTuber Ranking,2026-09-06T15:07:31.274792+00:00,active,False,HIGH_CONFIDENCE
UCaazykhRsTDHw7zxowhbpiw,Noa / のあくん,@noakunrev,Independent,Thai VTuber Ranking,2026-09-06T15:07:31.274812+00:00,active,False,HIGH_CONFIDENCE
UCaKlXG2ijXoovTEOlSBRTHA,Chouya,@kobayashichouya,Independent,Thai VTuber Ranking,2026-09-06T15:07:31.274904+00:00,active,False,HIGH_CONFIDENCE
UC_VUntI6UYF-qEB0k9VRWoQ,Masumi Kyou Ch.,@masumikyou,Independent,Thai VTuber Ranking,2026-09-06T15:07:31.274935+00:00,active,False,MEDIUM_CONFIDENCE
UCa4xya8876A35_fQCrjO46g,Azenta Ch. [STP],@azenta_stp,STP,Thai VTuber Ranking,2026-09-06T15:07:31.274971+00:00,active,False,HIGH_CONFIDENCE
UC_f-4lGvlAXpBrN9vHertvA,Akiyama Zqiu Ch. | RPG 【GRADUATED】,@zqiurelife,RPG,Thai VTuber Ranking,2026-09-06T15:07:31.274995+00:00,unknown,True,MEDIUM_CONFIDENCE
UCaK_8j3AfLucrbABPzoqG8w,Hwaru,@hwaruuuuuuu,Independent,Thai VTuber Ranking,2026-09-06T15:07:31.275011+00:00,hiatus,False,MEDIUM_CONFIDENCE
UC_yoxmr7vWS7wD_ashIMaWg,Akane1120 CH.,@akane1120vtuber,Independent,Thai VTuber Ranking,2026-09-06T15:07:31.275068+00:00,hiatus,False,HIGH_CONFIDENCE
UCbEkHjG43yPMGq5W08jq1TQ,ChaAYM,@chaaymth,Independent,Thai VTuber Ranking; Virtual YouTuber Fandom Wiki,2026-09-06T15:07:31.275083+00:00,active,True,MEDIUM_CONFIDENCE
UCa-B3lVdQB9UOCAfVVoVcIA,Valak Ch.,@valakch.1435,Independent,Thai VTuber Ranking,2026-09-06T15:07:31.275104+00:00,hiatus,False,MEDIUM_CONFIDENCE
UC_XPgDT6i9evZc5uJF1tc8g,Enryu Horus Ch. 炎竜ホルス,@enryuhorus,Independent,Thai VTuber Ranking,2026-09-06T15:07:31.275133+00:00,active,False,MEDIUM_CONFIDENCE
UCatSdbBdnsXgFpCyhJ7jYGg,Darin V,@darinvmonster,Independent,Thai VTuber Ranking; Virtual YouTuber Fandom Wiki,2026-09-06T15:07:31.275183+00:00,active,True,HIGH_CONFIDENCE
UC_djfyZ7N_-hPSxtrSsBNfQ,Victor Hoshino【GRADUATED】,@victorrrhn,Independent,Thai VTuber Ranking,2026-09-06T15:07:31.275208+00:00,hiatus,True,MEDIUM_CONFIDENCE
UCaM7hDc5B6kte2T7P6_Fpnw,tomo_corn,@tomo_corn,Independent,Thai VTuber Ranking,2026-09-06T15:07:31.275241+00:00,active,False,HIGH_CONFIDENCE
UCa2Cm1mnIXZqcUkGBvOEAKw,Timetuba,@timetuba2002,Independent,Thai VTuber Ranking,2026-09-06T15:07:31.275297+00:00,active,False,MEDIUM_CONFIDENCE
UC_RrxXP6eSLxgYYmoV4QdmA,Keressa Zoulfia Ch. Pixela-Mystic,@keressazoulfia,Pixela Project,Thai VTuber Ranking,2026-09-06T15:07:31.275318+00:00,hiatus,False,HIGH_CONFIDENCE
UCa6vtZqjqy-qr4dOZty6xtQ,The Black Wolf (PoLin),@theblackwolf3047,Independent,Thai VTuber Ranking,2026-09-06T15:07:31.275347+00:00,active,False,HIGH_CONFIDENCE
UC_PZp8aADgJ9tiWMT44eUMg,Sirin 『VTG』,@sirinvtg,Independent,Thai VTuber Ranking,2026-09-06T15:07:31.275367+00:00,active,False,MEDIUM_CONFIDENCE
UCbFDpdmVcTy1weHo1KDU9uQ,Lattemelo,@lattemelo,Independent,Thai VTuber Ranking,2026-09-06T15:07:31.275443+00:00,active,False,MEDIUM_CONFIDENCE
UCantL0_E-ATsKZTmZmZ51tw,Millennia Ch.【ARP】,@millennia_arp,Algorhythm Project,Thai VTuber Ranking,2026-09-06T15:07:31.275466+00:00,active,True,HIGH_CONFIDENCE
UCapmEuEA_aL81YaihYO27vQ,Tsuku CH.,@tsukuch.2483,Independent,Thai VTuber Ranking,2026-09-06T15:07:31.275480+00:00,hiatus,True,MEDIUM_CONFIDENCE
UC_Tz70m-NMqHHkblzKa9v6A,วายุ สวรรค์,@wayusawan,Independent,Thai VTuber Ranking,2026-09-06T15:07:31.275525+00:00,active,False,HIGH_CONFIDENCE
UC_RvJQOjfm-vgtMRRXeq7mQ,Whyte Ch.,@whitepgz,Independent,Thai VTuber Ranking,2026-09-06T15:07:31.275549+00:00,active,False,MEDIUM_CONFIDENCE
UCbD0eVN3O-T7iBszxoBYwdA,Aida Ch.,@aidach,Independent,Thai VTuber Ranking,2026-09-06T15:07:31.275598+00:00,active,False,HIGH_CONFIDENCE
UCaq7JU0j74R0TsjlViB_-MA,Astia Ch.,@astianievestelarch,Independent,Thai VTuber Ranking,2026-09-06T15:07:31.275629+00:00,active,False,MEDIUM_CONFIDENCE
UCafG1bj6Qtcbn4bozcicWfA,ZONA Ch.,@zonaplg,Polygon Official,Thai VTuber Ranking; Virtual YouTuber Fandom Wiki,2026-09-06T15:07:31.275668+00:00,active,True,HIGH_CONFIDENCE
UCawpXTKN_jWyTXG97-DD1zQ,Bamboo Niffy,@uniff4,Independent,Thai VTuber Ranking,2026-09-06T15:07:31.275700+00:00,active,False,HIGH_CONFIDENCE
UCaCZ78DoDsPxejb_azg1hog,ITsMeYao,@itsmeyao,Independent,Thai VTuber Ranking; Virtual YouTuber Fandom Wiki,2026-09-06T15:07:31.275732+00:00,active,True,HIGH_CONFIDENCE
UCb6cL1o1-78FjrUOR-AVqMw,Chloe J. Park Ch. | VTUBER,@chloejparkvtuber,Independent,Thai VTuber Ranking,2026-09-06T15:07:31.275776+00:00,active,False,MEDIUM_CONFIDENCE
UC_oH76DShLob3sbdod-RF6Q,SHUA Ch. / QURSE,@shuavibeent,Independent,Thai VTuber Ranking,2026-09-06T15:07:31.275792+00:00,active,False,MEDIUM_CONFIDENCE
UCahw5ZcdjoFfS6WlfJButNg,Adrelis Zinya「ALF」,@adrelis_alf,ALF,Thai VTuber Ranking,2026-09-06T15:07:31.275815+00:00,active,False,MEDIUM_CONFIDENCE
UC_qD5kQNDIWdfeAR5pH3bBA,Asheria Ch.,@asheriabrumby,Independent,Thai VTuber Ranking,2026-09-06T15:07:31.275828+00:00,active,False,MEDIUM_CONFIDENCE
UCbE5PSt6dbI8_URxa7tl_TA,Carys Cordelia,@carys_eylz,Independent,Thai VTuber Ranking,2026-09-06T15:07:31.275876+00:00,active,False,MEDIUM_CONFIDENCE
UC_QxfkQ4RrWkiQmGeyYa1tQ,AelegosSunOfaeminch.,@aelegossunofaemin,Independent,Thai VTuber Ranking,2026-09-06T15:07:31.275899+00:00,active,False,MEDIUM_CONFIDENCE
UCaMhj4Q6-bx1IZE3izVtk6A,Saneko ch. Euphora,@sanekoepr,Euphora Project,Thai VTuber Ranking,2026-09-06T15:07:31.275940+00:00,hiatus,False,MEDIUM_CONFIDENCE
UCalvpWY2A2P4-h5UIs1jGgA,yoinmori,@yoinmori,Independent,Thai VTuber Ranking,2026-09-06T15:07:31.275964+00:00,active,True,HIGH_CONFIDENCE
UC_hrRvjp0dzI0W6goBxRMPA,XINPIA ⌜VZ⌟,@xinpia,Virtual Zeven (VZ),Thai VTuber Ranking,2026-09-06T15:07:31.276007+00:00,active,False,HIGH_CONFIDENCE
UCacSkKAhjz4pDmyee5IiL5A,Harumoon Ch.,@harumoonch,Independent,Thai VTuber Ranking,2026-09-06T15:07:31.276036+00:00,active,False,MEDIUM_CONFIDENCE
UCriNq8O70ubJVbUtJ9yoGNw,IRISS Ch.,@irissxofficer,Independent,Thai VTuber Ranking,2026-09-06T15:07:31.276074+00:00,active,False,HIGH_CONFIDENCE
UCtAwmDprhStjmfRwyF3znsQ,Warene Ch. [ヴァリーネー],@warenech.2253,Independent,Thai VTuber Ranking,2026-09-06T15:07:31.276115+00:00,hiatus,False,MEDIUM_CONFIDENCE
UCsZSZCsOh_00oTBLdk2w-GA,Haguruma,@hagurumavtuber,Independent,Thai VTuber Ranking,2026-09-06T15:07:31.276135+00:00,active,False,MEDIUM_CONFIDENCE
UCrOhfmfkwCUS5ibUehZpJtA,JUNEVY Ch.,@junevy888,Independent,Thai VTuber Ranking,2026-09-06T15:07:31.276185+00:00,hiatus,False,HIGH_CONFIDENCE
UCsBCAX4sd9ro4MhqVTyfOwg,Am,@am-lilden,Independent,Thai VTuber Ranking,2026-09-06T15:07:31.276208+00:00,active,False,MEDIUM_CONFIDENCE
UCtD7KwwGOSgFu4FEd46msMg,Mylah Ch.,@mylah_ch,Independent,Thai VTuber Ranking,2026-09-06T15:07:31.276223+00:00,active,False,MEDIUM_CONFIDENCE
UCsPn9TRLJIGDWPnfa32EX7Q,Este Ch.,@esteestella,Independent,Thai VTuber Ranking,2026-09-06T15:07:31.276258+00:00,active,False,HIGH_CONFIDENCE
UCtGhO6z6GxqtBZ4gP-3rUpA,TakumaRei「บ่นไปเรื่อย」,@takumarei,Independent,Thai VTuber Ranking,2026-09-06T15:07:31.276325+00:00,active,True,HIGH_CONFIDENCE
UCt6FZvZeGX7_0dFT5bibXig,Banpratou,@banpratou,Independent,Thai VTuber Ranking,2026-09-06T15:07:31.276378+00:00,hiatus,False,HIGH_CONFIDENCE
UCrKgRzwdpFIyoYBvyuacmPg,Nogi Sensei,@nogibynagi,Independent,Thai VTuber Ranking,2026-09-06T15:07:31.276401+00:00,hiatus,True,HIGH_CONFIDENCE
UCrUmEIK7jOgqVw5BPEDfQdQ,キラリKirari NeNe,@kirarinene,Independent,Thai VTuber Ranking,2026-09-06T15:07:31.276468+00:00,hiatus,False,HIGH_CONFIDENCE
UCsO3bLRlRtET6FMH0KIWvYQ,SCSugarZ.,@scsugarcute,Independent,Thai VTuber Ranking,2026-09-06T15:07:31.276521+00:00,hiatus,False,MEDIUM_CONFIDENCE
UCrQORO4YG9kd7FXl9nB-_Bw,Meiai ch.,@meiaimuguri,Independent,Thai VTuber Ranking,2026-09-06T15:07:31.276535+00:00,hiatus,False,MEDIUM_CONFIDENCE
UCsvM-x2McjES-pJMGfq8PuA,Rafinia Ch.,@rafiniach.,Independent,Thai VTuber Ranking,2026-09-06T15:07:31.276578+00:00,active,False,HIGH_CONFIDENCE
UCsopSzBjIt3naRqabJrXpRA,PRAEAM_SLX,@praeam_slx,Independent,Thai VTuber Ranking,2026-09-06T15:07:31.276627+00:00,active,False,MEDIUM_CONFIDENCE
UCrkmFl9WbotWvZMH8wQM2mw,Kisane Miko Ch,@kisanemikoch,Independent,Thai VTuber Ranking,2026-09-06T15:07:31.276670+00:00,active,False,HIGH_CONFIDENCE
UCrv90qmK4-Yxj_QyNMqBVQA,Faethon Uni. Jantra,@faethon_jantra,Independent,Thai VTuber Ranking,2026-09-06T15:07:31.276691+00:00,active,False,MEDIUM_CONFIDENCE
UCsQphFL62QU4XfvjN4B0kAQ,RuLaRaLan,@rularalan,Independent,Thai VTuber Ranking,2026-09-06T15:07:31.276734+00:00,active,False,HIGH_CONFIDENCE
UCroF8LjEdRGOerNXLR0ddLA,Saria Ch.,@sariachannal,Independent,Thai VTuber Ranking; Virtual YouTuber Fandom Wiki,2026-09-06T15:07:31.276756+00:00,hiatus,False,MEDIUM_CONFIDENCE
UCt483dpJFmpjRjADkNCWj1A,Bluwey Ch,@bluweyvgamer,Independent,Thai VTuber Ranking,2026-09-06T15:07:31.276803+00:00,active,False,HIGH_CONFIDENCE
UCsg4TnP4vfR82IvQ5FKC9Cg,Yasou Azrael Ch. / AStars,@yasouazrael_as,AStars Production,Thai VTuber Ranking; Virtual YouTuber Fandom Wiki,2026-09-06T15:07:31.276838+00:00,active,False,HIGH_CONFIDENCE
UCt-_7LOFGUhAQGzePZtbYZg,Renkon Ch.,@renkon12,Independent,Thai VTuber Ranking,2026-09-06T15:07:31.276863+00:00,active,True,MEDIUM_CONFIDENCE
UCt8NgIONfmrNcyJt26ntJQg,Yozora /星屑 夜空 Ch.,@yoru-no-zora,Independent,Thai VTuber Ranking,2026-09-06T15:07:31.276895+00:00,active,False,HIGH_CONFIDENCE
UCt2nUyG9wE579wkiik-bfHQ,Amy Chan ◤VTP◢,@amychan_vtp,Independent,Thai VTuber Ranking,2026-09-06T15:07:31.276916+00:00,active,False,MEDIUM_CONFIDENCE
UCrYkQnbL_OiYyGuiZyvcO7g,Hey Solly,@heysolly,Independent,Thai VTuber Ranking; Virtual YouTuber Fandom Wiki,2026-09-06T15:07:31.276991+00:00,hiatus,True,HIGH_CONFIDENCE
UCt3VBRNF3sR05y763RZx2xw,AELA CH. [EC19 Projekt],@aelachec19projekt,Independent,Thai VTuber Ranking; Virtual YouTuber Fandom Wiki,2026-09-06T15:07:31.277030+00:00,active,False,HIGH_CONFIDENCE
UCsQqb5obLoEfcDoiaZFM7LA,moujob,@aimoumoujob,Independent,Thai VTuber Ranking,2026-09-06T15:07:31.277057+00:00,active,True,MEDIUM_CONFIDENCE
UCtI52RQ3VagjRMERxov_OxA,Nyamaru Yui,@nyamaru_yui,Independent,Thai VTuber Ranking,2026-09-06T15:07:31.277076+00:00,active,False,MEDIUM_CONFIDENCE
UCsqbAJWvp5DMgg69Clc81pA,Devto Demon,@devtodemon,Independent,Thai VTuber Ranking,2026-09-06T15:07:31.277109+00:00,active,False,MEDIUM_CONFIDENCE
UCrrhPvH5ZB7UBcjCajs9OmQ,Valery Ch.【Ti19t】,@valery3nake,Ti19t,Thai VTuber Ranking,2026-09-06T15:07:31.277137+00:00,active,False,MEDIUM_CONFIDENCE
UCrvgFjRmdALKWipRU1MQBsQ,StormBullet,@stormbullet,Independent,Thai VTuber Ranking,2026-09-06T15:07:31.277173+00:00,active,False,HIGH_CONFIDENCE
UCrKHJptt9n65z_2UFZc-aMg,Kombucha Ch.,@kombuchach,Independent,Thai VTuber Ranking,2026-09-06T15:07:31.277196+00:00,unknown,False,MEDIUM_CONFIDENCE
UCrVrg-DbNYlz-1TMgthXWRA,Frounce Zebious,@zebiousfrounce,Independent,Thai VTuber Ranking,2026-09-06T15:07:31.277217+00:00,active,False,MEDIUM_CONFIDENCE
UCt5N-YObN60x8TQTMh6mvbw,Chiiaki Jellyfishkun,@chiiakijf,Independent,Thai VTuber Ranking,2026-09-06T15:07:31.277387+00:00,active,False,HIGH_CONFIDENCE
UCsrQN_xHHIOLkPfQ-uP1zag,Kuro『VTG』,@kuro_vtg,Independent,Thai VTuber Ranking,2026-09-06T15:07:31.277441+00:00,active,False,MEDIUM_CONFIDENCE
UCsyvaOTDKdgG_iglzRnWzOQ,Mr. Jameson,@mr.jameson9965,Independent,Thai VTuber Ranking,2026-09-06T15:07:31.277460+00:00,hiatus,False,MEDIUM_CONFIDENCE
UCrsyP6H1Ftqt503xKE7_CUg,Akemi Arlin Ch. Pixela Legends,@akemiarlin,Pixela Project,Thai VTuber Ranking; Virtual YouTuber Fandom Wiki,2026-09-06T15:07:31.277504+00:00,active,True,HIGH_CONFIDENCE
UCt27auVkfJgmTnKJI6UAZwg,Mali_SLR,@malislr,Independent,Thai VTuber Ranking,2026-09-06T15:07:31.277535+00:00,active,False,MEDIUM_CONFIDENCE
UCt1L2vxqFD0xZeYHeHPZQoQ,CooGa,@cooga,Independent,Thai VTuber Ranking,2026-09-06T15:07:31.277600+00:00,active,True,HIGH_CONFIDENCE
UCrkWEJaRE2eCpEpGZbpNhIQ,Ryusei Starlight Ch.,@ryuseistarlightch,Independent,Thai VTuber Ranking,2026-09-06T15:07:31.277623+00:00,active,False,MEDIUM_CONFIDENCE
UCrpZITOa4ElrYQ7bjSXn75w,Kealan Hmm [ECR],@kealanhmm,Independent,Thai VTuber Ranking,2026-09-06T15:07:31.277690+00:00,active,False,HIGH_CONFIDENCE
UCrZZ55RSNNZvURxjffvIDng,DieInGamez,@dieingamez,Independent,Thai VTuber Ranking,2026-09-06T15:07:31.277749+00:00,hiatus,False,HIGH_CONFIDENCE
UCsMUB8xL0-TcsBxpfb7LA8w,NepkoNova Ch.,@nepkonova,Independent,Thai VTuber Ranking,2026-09-06T15:07:31.277787+00:00,hiatus,False,HIGH_CONFIDENCE
UCs3O6VR89_-NPCUSj29jY3Q,gingerbelle,@ging3rbelle,Independent,Thai VTuber Ranking,2026-09-06T15:07:31.277915+00:00,hiatus,False,HIGH_CONFIDENCE
UCsrs6PQ6BxBGZbDuuD8i6iA,MerryKomori Lu.,@merrykomori,Independent,Thai VTuber Ranking,2026-09-06T15:07:31.277982+00:00,active,False,HIGH_CONFIDENCE
UCsI6assrGUpDX_TmSK4zehg,Layniazia Ch.,@layniazia,Independent,Thai VTuber Ranking,2026-09-06T15:07:31.278022+00:00,active,False,HIGH_CONFIDENCE
UCO-cQ0fuaInGZHIxSn9iO3g,Peace Ch.,@peacech16,Independent,Thai VTuber Ranking,2026-09-06T15:07:31.278067+00:00,active,False,MEDIUM_CONFIDENCE
UCMvIUZRjMYx-_U7_RRlQYqw,Zerin Ch. - ゼリン -,@zerindesu,Independent,Thai VTuber Ranking,2026-09-06T15:07:31.278105+00:00,hiatus,False,HIGH_CONFIDENCE
UCN3A90FXb4u4ZirE2LmB_9Q,HEADCHEF,@headlnwza,Independent,Thai VTuber Ranking,2026-09-06T15:07:31.278127+00:00,active,False,HIGH_CONFIDENCE
UCN6506blTCjlsfwnRBMRB0Q,Norigo Ch.,@norigoch,Independent,Thai VTuber Ranking,2026-09-06T15:07:31.278181+00:00,active,False,HIGH_CONFIDENCE
UCNbXahoA48lOdkSS9fAWmcQ,เกมส์เมอร์ขาอ่อน 【18 B 】,@gamerkaon,Independent,Thai VTuber Ranking,2026-09-06T15:07:31.278212+00:00,active,False,HIGH_CONFIDENCE
UCNLRchQpCrJaUvYo731Y_vg,Callidora Ch.【VJN】,@callidorajanaiyo,Independent,Thai VTuber Ranking,2026-09-06T15:07:31.278293+00:00,active,False,MEDIUM_CONFIDENCE
UCOWt5oD4DqoGowGNz0F6Gkw,Yumiiko CH.,@yumiiko,Independent,Thai VTuber Ranking,2026-09-06T15:07:31.278339+00:00,active,False,HIGH_CONFIDENCE
UCN0m7R88NRnqBdjIPcloOnw,Natsume [NEX],@natsumenex,Independent,Thai VTuber Ranking,2026-09-06T15:07:31.278370+00:00,active,False,MEDIUM_CONFIDENCE
UCMhUWTKBjrRSacizvjq3HLg,L4zyGone,@l4zygone,Independent,Thai VTuber Ranking,2026-09-06T15:07:31.278413+00:00,active,True,HIGH_CONFIDENCE
UCMZkIRSYq4NX-rBGs7n-3-g,Yena Hwang ch. 황예나,@yenahwangch,Independent,Thai VTuber Ranking,2026-09-06T15:07:31.278441+00:00,hiatus,False,HIGH_CONFIDENCE
UCMh4voylnr9h_UVZWJI5Vew,CandyCatdy CH.,@candycatdych,Independent,Thai VTuber Ranking,2026-09-06T15:07:31.278469+00:00,active,False,HIGH_CONFIDENCE
UCN2h2ov92AeTDv60a1mUr0g,Puffy Fluffy Ch.,@puffyvtuber,Independent,Thai VTuber Ranking,2026-09-06T15:07:31.278532+00:00,active,False,MEDIUM_CONFIDENCE
UCOVpD7MesZKe44ZvLVuwXvA,Asteroth Ch.【ARP】,@asteroth_arp,Algorhythm Project,Thai VTuber Ranking; Virtual YouTuber Fandom Wiki,2026-09-06T15:07:31.278570+00:00,hiatus,True,MEDIUM_CONFIDENCE
UCNMSbSb456HB-QHasfl7dtg,MEWRCCLUB Ch.,@mewrcclub,Independent,Thai VTuber Ranking,2026-09-06T15:07:31.278598+00:00,active,False,HIGH_CONFIDENCE
UCN2uHnFKm8CTbjFQ9H7Uotg,Nonghong,@nonghongv,Independent,Thai VTuber Ranking,2026-09-06T15:07:31.278612+00:00,active,False,MEDIUM_CONFIDENCE
UCNRhbYsDR35KlFvAeP_WmrA,NatchaLatte Official,@natchalatteofficial,Independent,Thai VTuber Ranking,2026-09-06T15:07:31.278679+00:00,hiatus,False,HIGH_CONFIDENCE
UCOHKuZWqnh7JOMMGn7tVlLw,Taka Melonpan,@takamelonpan,Independent,Thai VTuber Ranking,2026-09-06T15:07:31.278707+00:00,active,False,MEDIUM_CONFIDENCE
UCNy9BIHfr9iuvGdeQ0jm1gA,MaddoxTheOrder,@maddoxtheorder,Independent,Thai VTuber Ranking,2026-09-06T15:07:31.278736+00:00,active,False,MEDIUM_CONFIDENCE
UCO8YcEfbe_-_WlX9QTU6b0Q,Shua Channel,@shuachannel,Independent,Thai VTuber Ranking,2026-09-06T15:07:31.278769+00:00,hiatus,False,HIGH_CONFIDENCE
UCOMnre_EA7EoOVQEkBwWKRA,Mabelle.a,@mabelle.a,Independent,Thai VTuber Ranking,2026-09-06T15:07:31.278794+00:00,active,True,HIGH_CONFIDENCE
UCN5KfrZRFVu6QbnPC3bl9qA,Mamushi Ene Ch.,@mamushiene,Independent,Thai VTuber Ranking,2026-09-06T15:07:31.278816+00:00,active,False,HIGH_CONFIDENCE
UCMvc8BlQ7r5gRbz-D2EY0LA,HØRI 07 ⌜VZ⌟,@hori07,Virtual Zeven (VZ),Thai VTuber Ranking; Virtual YouTuber Fandom Wiki,2026-09-06T15:07:31.278877+00:00,active,True,HIGH_CONFIDENCE
UCN9xSRO9lXdzO3mM3BCEt9w,Nyann Nyatsume,@nnyatsume,Independent,Thai VTuber Ranking,2026-09-06T15:07:31.278913+00:00,active,False,MEDIUM_CONFIDENCE
UCNLd5kFDUcQyiiiV8f56Tlw,Hecate Ch.,@hecatevtuber,Independent,Thai VTuber Ranking,2026-09-06T15:07:31.278953+00:00,active,False,HIGH_CONFIDENCE
UCMVdzsLwVWc241rrjK78aXA,Pak LIGHT,@pak-light,Independent,Thai VTuber Ranking,2026-09-06T15:07:31.278983+00:00,hiatus,True,MEDIUM_CONFIDENCE
UCMoP04hETQT8gYkfCI675EQ,Memories of Munia ,@munia_momumupmip,Independent,Thai VTuber Ranking,2026-09-06T15:07:31.279004+00:00,active,False,MEDIUM_CONFIDENCE
UCNxjqm_u1zOpgisojN5WoSw,zaczoa Twin Aliens,@zaczoatwinaliens,Independent,Thai VTuber Ranking,2026-09-06T15:07:31.279094+00:00,active,False,MEDIUM_CONFIDENCE
UCO6R8Pc5g2R7ObJQPBGppdg,Baku Ch.【ARP】,@baku_arp,Algorhythm Project,Thai VTuber Ranking,2026-09-06T15:07:31.279146+00:00,active,True,HIGH_CONFIDENCE
UCNEjPeYZ1R9xQEjHFU__Nhw,012CQ Ch. Ruka Inochizuna,@012cq,Independent,Thai VTuber Ranking; Virtual YouTuber Fandom Wiki,2026-09-06T15:07:31.279190+00:00,active,False,HIGH_CONFIDENCE
UCMrMIuX-WYd9Tpr8E1-ryKQ,Neru - Gemini,@nerugemini,Independent,Thai VTuber Ranking,2026-09-06T15:07:31.279253+00:00,hiatus,False,HIGH_CONFIDENCE
UCN3ujjUVCDcAjX-wfkU00SQ,TomatoChan🍅,@wormtomato,Independent,Thai VTuber Ranking,2026-09-06T15:07:31.279308+00:00,active,False,HIGH_CONFIDENCE
UCO87oFEFK06LeevWL4WYEEA,Peeing Ch.,@peeingch,Independent,Thai VTuber Ranking,2026-09-06T15:07:31.279355+00:00,active,False,HIGH_CONFIDENCE
UCOH1TjDVrc5Mds_Xv3J8RFg,Akari Kanon,@akarikanon,Independent,Thai VTuber Ranking,2026-09-06T15:07:31.279432+00:00,active,False,HIGH_CONFIDENCE
UCMUtWzsjAQJgp6UlkbVSo1w,Laguna JuJu Ch. Pixela Project,@lagunajuju,Pixela Project,Thai VTuber Ranking; Virtual YouTuber Fandom Wiki,2026-09-06T15:07:31.279453+00:00,hiatus,True,HIGH_CONFIDENCE
UCOQXDZCXXd-05ikdDsNaPEQ,aimtraps,@aimt1964,Independent,Thai VTuber Ranking,2026-09-06T15:07:31.279468+00:00,hiatus,False,MEDIUM_CONFIDENCE
UCMdzC45Herdf2KXfEyhAjLg,MaewDam T. Mira,@maewdamtmira,Independent,Thai VTuber Ranking,2026-09-06T15:07:31.279575+00:00,active,False,HIGH_CONFIDENCE
UCO16Msf-IqFupuEiRYbmC7A,Niji Ch.,@kitsukaminijich-eastereggth,Independent,Thai VTuber Ranking; Virtual YouTuber Fandom Wiki,2026-09-06T15:07:31.279616+00:00,hiatus,False,MEDIUM_CONFIDENCE
UCNGyEYW2pFjhR_YqSuC4zjg,SAYU Ch. 小百合さゆ  ,@sayuchannel14,Independent,Thai VTuber Ranking,2026-09-06T15:07:31.279656+00:00,active,True,HIGH_CONFIDENCE
UCNvLBLJ0HtlmeEKsGC5F4PQ,OKAMI bwt,@okamibwt,Independent,Thai VTuber Ranking,2026-09-06T15:07:31.279780+00:00,hiatus,False,HIGH_CONFIDENCE
UCNDYUXSVC7ffBAGEktilzUQ,Hanami Lay CH.,@hanamilaych,Independent,Thai VTuber Ranking,2026-09-06T15:07:31.279943+00:00,active,True,HIGH_CONFIDENCE
UCMs5aPn2oecJGX0siIC3q0Q,Ayris Belle Melleri Ch.,@ayrisbelle,Independent,Thai VTuber Ranking,2026-09-06T15:07:31.279984+00:00,active,False,MEDIUM_CONFIDENCE
UCOJiQA9afDpohgpxgKIKljA,RinREXGer,@rinrexger,Independent,Thai VTuber Ranking,2026-09-06T15:07:31.280128+00:00,active,False,HIGH_CONFIDENCE
UCNmZMq-4asLHHd0WvdO2iRQ,Pheonyx Thea Ch.,@pheonyxthea,Independent,Thai VTuber Ranking,2026-09-06T15:07:31.280150+00:00,active,False,MEDIUM_CONFIDENCE
UCNW0brB5G5GcBDXuJ1iDglw,Megzis Ch.,@megzisln,Independent,Thai VTuber Ranking,2026-09-06T15:07:31.280199+00:00,active,False,HIGH_CONFIDENCE
UCNTEr2_96vJnXNazr5MwNLA,Schneider Ch.【ARP】,@schneider_arp,Algorhythm Project,Thai VTuber Ranking,2026-09-06T15:07:31.280247+00:00,active,True,MEDIUM_CONFIDENCE
UCOGGZpm2i6PXFI9yBvEueRA,ดอยล์,@ihatedoyle,Independent,Thai VTuber Ranking,2026-09-06T15:07:31.280286+00:00,active,True,HIGH_CONFIDENCE
UCNak-g6_mKH-UkDLnrvjyzw,MATSURII Ch.,@matsuriivt,Independent,Thai VTuber Ranking,2026-09-06T15:07:31.280360+00:00,active,False,HIGH_CONFIDENCE
UC8GsIgxeIHQMaTQgkEUXhMw,Ari Kate Ch.,@arikatech,Independent,Thai VTuber Ranking,2026-09-06T15:07:31.280405+00:00,hiatus,False,HIGH_CONFIDENCE
UC6V9R4VQTjewZj-xfnqrO_g,Xeran Ch,@xeranch,Independent,Thai VTuber Ranking,2026-09-06T15:07:31.280431+00:00,active,False,MEDIUM_CONFIDENCE
UC8F193K1kmD8_MB2F3wLVXQ,FoodieFo ch ⌜VZ⌟,@foodiefoch,Virtual Zeven (VZ),Thai VTuber Ranking,2026-09-06T15:07:31.280465+00:00,active,False,HIGH_CONFIDENCE
UC7_cZ5j3JJRERezE3YHnm5w,Avisa Lopez Ch. [Autumnia],@avisalpz,Autumnia,Thai VTuber Ranking,2026-09-06T15:07:31.280517+00:00,hiatus,False,HIGH_CONFIDENCE
UC6Zrmc0VG4gqQJ4jS58iKGw,Ezra Ch.,@ezrach,Independent,Thai VTuber Ranking,2026-09-06T15:07:31.280547+00:00,hiatus,False,HIGH_CONFIDENCE
UC7txsIaSjDTuvN7h9BzVAsw,Kiran Regalia『AST』 ,@kiranregaliaast,Independent,Thai VTuber Ranking,2026-09-06T15:07:31.280577+00:00,active,False,MEDIUM_CONFIDENCE
UC8DTBPbQq0NZNo2RtCtTXuw,Flora Vtuber Project,@floravtuberproject,Flora Project,Thai VTuber Ranking,2026-09-06T15:07:31.280627+00:00,hiatus,False,HIGH_CONFIDENCE
UC7ks6YhbNxNIJzJUKRH0OQA,In0suke,@in0suke,Independent,Thai VTuber Ranking,2026-09-06T15:07:31.280667+00:00,hiatus,False,MEDIUM_CONFIDENCE
UC65MNFVWnrkOpg04LBHVvzw,Bishamon Kuroneko Ch. / AStars Chrono prince,@bishamonkuroneko_as,AStars Production,Thai VTuber Ranking; Virtual YouTuber Fandom Wiki,2026-09-06T15:07:31.280701+00:00,active,False,MEDIUM_CONFIDENCE
UC6iflr_8DNUZl0hY0FUXWbQ,XIAOLI《小莉》,@xiaolivtofuth,Independent,Thai VTuber Ranking,2026-09-06T15:07:31.280742+00:00,active,False,MEDIUM_CONFIDENCE
UC6Ea68DSHlXrcy9uIw4oUIg,Lanlongying Ch.,@lanlongyingch.,Independent,Thai VTuber Ranking,2026-09-06T15:07:31.280835+00:00,active,False,HIGH_CONFIDENCE
UC7iCSRt7Jej2XE0MaM9gPgg,YuChan Channel ⌜VZ⌟,@yuchanvz,Virtual Zeven (VZ),Thai VTuber Ranking,2026-09-06T15:07:31.280902+00:00,hiatus,True,MEDIUM_CONFIDENCE
UC6Dl6t5ceRRpRx5VwkQWPTw,Lamppy,@lamppyz,Independent,Thai VTuber Ranking,2026-09-06T15:07:31.280931+00:00,active,False,MEDIUM_CONFIDENCE
UC7rJN7zzIdUfNogj1RnTXDw,SaySheath,@saysheath,Independent,Thai VTuber Ranking,2026-09-06T15:07:31.280972+00:00,active,False,HIGH_CONFIDENCE
UC7QHNjS_btGI8AhRkju_NxQ,Another Beariss,@anotherbeariss,Independent,Thai VTuber Ranking,2026-09-06T15:07:31.280991+00:00,hiatus,False,MEDIUM_CONFIDENCE
UC8Wd2kN3xc_c8ppnBON_luw,Pekorin SSR,@pekorin_ssr,Independent,Thai VTuber Ranking,2026-09-06T15:07:31.281034+00:00,active,False,HIGH_CONFIDENCE
UC7TOQpHWGhZ_mJ_KkdUazFg,Nayuta『VW』,@nayutavw,Independent,Thai VTuber Ranking,2026-09-06T15:07:31.281064+00:00,active,False,HIGH_CONFIDENCE
UC6KkQjryShrw6MRBPX6XMmw,Rahhatem Ch.【PSM】,@rahhatempsm,Independent,Thai VTuber Ranking,2026-09-06T15:07:31.281088+00:00,active,False,MEDIUM_CONFIDENCE
UC68XQCQ4MOys5hfxi3jW34g,Norik Garcia Ch.,@nor1k,Independent,Thai VTuber Ranking,2026-09-06T15:07:31.281110+00:00,active,False,MEDIUM_CONFIDENCE
UC7BTojsUPC4JhxDYRgmuz2Q,Jiru ch. Euphora,@jiruepr,Euphora Project,Thai VTuber Ranking,2026-09-06T15:07:31.281164+00:00,hiatus,True,HIGH_CONFIDENCE
UC8Qt3A_iRI_ShDDCtfHpZaA,Adama MiSE Ch.,@adamamise,Independent,Thai VTuber Ranking,2026-09-06T15:07:31.281185+00:00,hiatus,False,MEDIUM_CONFIDENCE
UC5zC3ZIFihxnJBNaJU9cZcQ,Elphylia CH.,@elphylia_el,Independent,Thai VTuber Ranking,2026-09-06T15:07:31.281261+00:00,active,False,HIGH_CONFIDENCE
UC7uttDpQDJ3bdnU8u8gZzbQ,Junichi Channel,@junichichannel,Independent,Thai VTuber Ranking; Virtual YouTuber Fandom Wiki,2026-09-06T15:07:31.281287+00:00,hiatus,False,HIGH_CONFIDENCE
UC6KTB79XRwx_iwxnrIEvHQA,Seiji San,@seijisan,Independent,Thai VTuber Ranking,2026-09-06T15:07:31.281312+00:00,hiatus,False,HIGH_CONFIDENCE
UC7ZDXfdtafyoSwxXysGJU3A,Lumiel Ch. 【DPX】,@lumiel_dpx,DPX,Thai VTuber Ranking,2026-09-06T15:07:31.281329+00:00,active,False,MEDIUM_CONFIDENCE
UC6uFH49ET-CCA_a4rMdfBdA,Merryl Wayne,@merryl_wayne,Independent,Thai VTuber Ranking,2026-09-06T15:07:31.281364+00:00,active,False,MEDIUM_CONFIDENCE
UC8-JXAccuh7DvI_A_lObw-w,Uniinu ch. Euphora,@uniinuepr,Euphora Project,Thai VTuber Ranking,2026-09-06T15:07:31.281399+00:00,active,True,MEDIUM_CONFIDENCE
UC64_YFnoPvaGUSv4fpozr1w,MONARICA ,@monarica,Independent,Thai VTuber Ranking,2026-09-06T15:07:31.281426+00:00,active,True,HIGH_CONFIDENCE
UC6Q4UI5mEjeZOIRoTtRoFJA,Midnight Ch.【ARP】,@midnight_arp,Algorhythm Project,Thai VTuber Ranking; Virtual YouTuber Fandom Wiki,2026-09-06T15:07:31.281480+00:00,active,True,HIGH_CONFIDENCE
UC6mMhtBN142AdbakQVDricQ,Elena Elle | AcastledProject,@ellevtuber,Independent,Thai VTuber Ranking,2026-09-06T15:07:31.281512+00:00,active,False,HIGH_CONFIDENCE
UC6zUAJO-4874qj9agP7idbg,Hugo Ch. Vprolive,@hugovprolive,Independent,Thai VTuber Ranking,2026-09-06T15:07:31.281529+00:00,hiatus,False,MEDIUM_CONFIDENCE
UC8A9JEM4P4ywcQvqo2ZDX-A,RIN_RINZ Ch.,@rin_rinz,Independent,Thai VTuber Ranking,2026-09-06T15:07:31.281548+00:00,active,False,MEDIUM_CONFIDENCE
UC61qTNWVk4mkDXe01xgudpA,MurkilyCH.,@murkilycalhoun,Independent,Thai VTuber Ranking,2026-09-06T15:07:31.281563+00:00,active,False,MEDIUM_CONFIDENCE
UC6o7pFz9U9kcE9d8op_eUQQ,Delphyron,@delphyron,Independent,Thai VTuber Ranking,2026-09-06T15:07:31.281591+00:00,active,False,HIGH_CONFIDENCE
UC60htQi5nenKGnv6lEdGF_g,Kamienø Stąr Ch.【PSM】,@stx03r,Independent,Thai VTuber Ranking,2026-09-06T15:07:31.281649+00:00,hiatus,False,HIGH_CONFIDENCE
UC72_UWR1CAQhC-Kg48e5mjA,Calista Ch.【ARP】,@calista_arp,Algorhythm Project,Thai VTuber Ranking,2026-09-06T15:07:31.281667+00:00,active,False,HIGH_CONFIDENCE
UC6TOqqD-TLbPlnV5i3DiIrw,NEMI,@nemi012,Independent,Thai VTuber Ranking,2026-09-06T15:07:31.281691+00:00,active,False,HIGH_CONFIDENCE
UC7BIFEORuYKNyE9d_Y2-sVw,RieLKurasaki  ,@rielkurasaki,Independent,Thai VTuber Ranking,2026-09-06T15:07:31.281712+00:00,active,False,MEDIUM_CONFIDENCE
UC7kqvU3tDlBUJlkpcB7252A,Yobi Shiro Ch.,@shiroyobi,Independent,Thai VTuber Ranking,2026-09-06T15:07:31.281730+00:00,hiatus,False,MEDIUM_CONFIDENCE
UC89-GlmTgO8a9QyE0QL0q1w,Riko Phokaia,@rikophokaia4134,Independent,Thai VTuber Ranking,2026-09-06T15:07:31.281748+00:00,hiatus,False,MEDIUM_CONFIDENCE
UC6JIG9kjnF3ml6gLudTyzuA,Zuii Ch.,@tatsugamizuiich-eastereggth,Independent,Thai VTuber Ranking; Virtual YouTuber Fandom Wiki,2026-09-06T15:07:31.281767+00:00,hiatus,False,MEDIUM_CONFIDENCE
UC7mdtnzH9kw4sBoZvmfcI9Q,SUWAPIS,@suwapis,Independent,Thai VTuber Ranking,2026-09-06T15:07:31.281848+00:00,hiatus,False,HIGH_CONFIDENCE
UC7-ZM8Wi1U6yerqHSEq5tlA,Pleiades Frontier【21PM】,@pleiades_frontier,Independent,Thai VTuber Ranking,2026-09-06T15:07:31.281889+00:00,active,False,HIGH_CONFIDENCE
UC7FpwTuRGribXTefl5SMkAg,AidenShia Ch.,@aidenshia,Independent,Thai VTuber Ranking,2026-09-06T15:07:31.281917+00:00,active,False,MEDIUM_CONFIDENCE
UC66RiI-qzUfCiZzcmjU8T3A,Snowfern_,@snowfern_,Independent,Thai VTuber Ranking,2026-09-06T15:07:31.281937+00:00,active,False,MEDIUM_CONFIDENCE
UC8JQQZeNeEmiFbgtYmuFTVQ,Masato Ch.😈 | VtuberTH,@masatomz,Independent,Thai VTuber Ranking,2026-09-06T15:07:31.281965+00:00,active,False,MEDIUM_CONFIDENCE
UC6kddWCoJL4IneTbHRFnViQ,Shin Inbox,@shininbox,Independent,Thai VTuber Ranking,2026-09-06T15:07:31.281981+00:00,hiatus,True,MEDIUM_CONFIDENCE
UCzyUybcviqNk9YXKuMhCXqQ,Green TH นายเขียว,@greenth,Independent,Thai VTuber Ranking,2026-09-06T15:07:31.282027+00:00,active,False,HIGH_CONFIDENCE
UCzqqEpXJN-HMmFp-_hHyHGA,Ramoi Bonko,@ramoibonko,Independent,Thai VTuber Ranking,2026-09-06T15:07:31.282058+00:00,hiatus,False,HIGH_CONFIDENCE
UCziNHXJm0dWUHoi6d0lfGXQ,Monmon Thedoggo Ch.,@monmonthedoggoch,Independent,Thai VTuber Ranking,2026-09-06T15:07:31.282083+00:00,active,False,HIGH_CONFIDENCE
UCzYQq6dHfzsNqBOwK1nw07A,CinCin Vtu,@cincinvtu,Independent,Thai VTuber Ranking,2026-09-06T15:07:31.282130+00:00,hiatus,False,HIGH_CONFIDENCE
UCzH5tEYALkblyTy99n3-YEA,Tsukiko かざん,@tsukikosui,Independent,Thai VTuber Ranking,2026-09-06T15:07:31.282177+00:00,active,False,HIGH_CONFIDENCE
UCzpxNuttbdXvtmZH4w5kRnA,JamMyChan ch.,@jammychanch,Independent,Thai VTuber Ranking,2026-09-06T15:07:31.282196+00:00,active,False,MEDIUM_CONFIDENCE
UCzgxF7sRv7n4V8l7uU-tdYQ,Azure Bluebell,@azurebluebell,Independent,Thai VTuber Ranking,2026-09-06T15:07:31.282215+00:00,hiatus,False,MEDIUM_CONFIDENCE
UCzM-6yhdmR4UGS_g_zzSf5Q,Sleepfii. 💤,@sleepfii_zzz,Independent,Thai VTuber Ranking,2026-09-06T15:07:31.282233+00:00,active,False,MEDIUM_CONFIDENCE
UCzHbS7cXhke4di7y2RV8wyw,Inori Aijou Ch.,@inoriaijouch,Independent,Thai VTuber Ranking; Virtual YouTuber Fandom Wiki,2026-09-06T15:07:31.282268+00:00,hiatus,False,MEDIUM_CONFIDENCE
UCzXQmOiroz8RwldLOFiuVAw,Shiroyasha Zerim Ch.,@zerimch,Independent,Thai VTuber Ranking,2026-09-06T15:07:31.282304+00:00,active,False,HIGH_CONFIDENCE
UCzfzVFRd81VcN7mseTpusIg,Sirena Ch.,@sirenavtuberth,Independent,Thai VTuber Ranking,2026-09-06T15:07:31.282327+00:00,active,False,HIGH_CONFIDENCE
UCzYPCWp1tiIXgQ_aj39Oddw,Akira Zaki Ch.,@akirazakich.2883,Independent,Thai VTuber Ranking,2026-09-06T15:07:31.282375+00:00,unknown,False,HIGH_CONFIDENCE
UCzc8C1vlN6t3ZfAkQLemjIg,Kurisumasu_ Ch.,@kurisumasu_tv,Independent,Thai VTuber Ranking,2026-09-06T15:07:31.282394+00:00,active,False,MEDIUM_CONFIDENCE
UCzVku8IXYwuk04hCXUh6nng,Anya Marshall Ch. 【POLYGON】,@anyaplg,Polygon Official,Thai VTuber Ranking,2026-09-06T15:07:31.282456+00:00,active,False,HIGH_CONFIDENCE
UCzOlFrxT8PsxRRA5E4MiMUQ,210Ri_CH,@210rich,Independent,Thai VTuber Ranking; Virtual YouTuber Fandom Wiki,2026-09-06T15:07:31.282520+00:00,hiatus,False,MEDIUM_CONFIDENCE
UCnH5yoBy1jRySZ4uLcdX5Tw,NakiRiku Ch.,@nakirikuch,Independent,Thai VTuber Ranking,2026-09-06T15:07:31.282550+00:00,active,False,HIGH_CONFIDENCE
UCnNZtWXxIpMK02DYkPMq8vA,Zhenzhen Ch. 【SSR】,@zhenzhen_ssr,Independent,Thai VTuber Ranking,2026-09-06T15:07:31.282611+00:00,active,False,MEDIUM_CONFIDENCE
UCn1m7XGKGyJ1B1Y_SRkISRA,MOMOMOTH,@momomoth.vtuber,Independent,Thai VTuber Ranking,2026-09-06T15:07:31.282640+00:00,active,False,MEDIUM_CONFIDENCE
UCoz4Uka8Yrr2SM8Ml_shIhg,ImsoGracechu!,@imsogracechu,Independent,Thai VTuber Ranking,2026-09-06T15:07:31.282663+00:00,active,False,MEDIUM_CONFIDENCE
UCmWdh_wjFaSdX7sZUWGNuDQ,Fallyn『VTG』,@fallyn_vtg,Independent,Thai VTuber Ranking,2026-09-06T15:07:31.282692+00:00,active,False,HIGH_CONFIDENCE
UCnfKwU2JKvFnZzjQGmzM2Kw,KhaiTun Ch.,@khaitunch.2617,Independent,Thai VTuber Ranking,2026-09-06T15:07:31.282714+00:00,unknown,False,MEDIUM_CONFIDENCE
UCn7M5AjjaC3Ajftlx9GMVLg,FAUST The Corelector,@faust_sinbiosis,Independent,Thai VTuber Ranking,2026-09-06T15:07:31.282744+00:00,hiatus,False,MEDIUM_CONFIDENCE
UCoWrleC-JaPnJLGU87F8OxQ,RIYA【璃夜】,@riyavtuberth,Independent,Thai VTuber Ranking,2026-09-06T15:07:31.282810+00:00,active,False,MEDIUM_CONFIDENCE
UCot8DHNnZ2X0ARgaNYZopjw,Debirun Ch. Pixela-World-End,@debirunworldend,Pixela Project,Thai VTuber Ranking,2026-09-06T15:07:31.282910+00:00,active,False,HIGH_CONFIDENCE
UCoBGfXR9OWCgLbsm01o55ZA,N4NAMi,@1tsn4nami,Independent,Thai VTuber Ranking,2026-09-06T15:07:31.282942+00:00,active,False,HIGH_CONFIDENCE
UCmrnmSL4OHsw_i0a5d2RUpg,Atsuko Meron【SRV】,@atsukomeron_srv,Independent,Thai VTuber Ranking,2026-09-06T15:07:31.283013+00:00,active,False,HIGH_CONFIDENCE
UCneBNeVOlRm-gHbSrqC9DYg,Timers TH,@timers_th,Independent,Thai VTuber Ranking,2026-09-06T15:07:31.283034+00:00,active,False,MEDIUM_CONFIDENCE
UCmo490psosEoBDv_hNHmmng,Lynze,@lynze_vvn,Independent,Thai VTuber Ranking,2026-09-06T15:07:31.283059+00:00,active,False,MEDIUM_CONFIDENCE
UCmi6wrDDb_2qXsMK4nyLgjA,Collie rinitta,@collierinitta,Independent,Thai VTuber Ranking,2026-09-06T15:07:31.283075+00:00,active,False,MEDIUM_CONFIDENCE
UCoWVH0zHK4XpY8oqEWZ1Thw,Salvia Ch.,@salviavtuber,Independent,Thai VTuber Ranking,2026-09-06T15:07:31.283103+00:00,active,False,MEDIUM_CONFIDENCE
UCmmq-jL8gjo_J-KHYIXcLMQ,【123DP】 Ting Ting ch.,@123dp.ch.,Independent,Thai VTuber Ranking,2026-09-06T15:07:31.283143+00:00,hiatus,False,HIGH_CONFIDENCE
UCmn9plmPAP1BsFyLe-Ji13g,Micaela Michelle Ch.,@micaelamichelleofficial,Independent,Thai VTuber Ranking,2026-09-06T15:07:31.283164+00:00,active,False,MEDIUM_CONFIDENCE
UCoTx4fCYIuOBrdK_rWGjqbA,Lana 89 ll Loveland Project,@lanaaa89,Loveland Project,Thai VTuber Ranking,2026-09-06T15:07:31.283186+00:00,hiatus,False,MEDIUM_CONFIDENCE
UCopYEIEfBeNiGMuDACD61xA,Ay1inND,@aylinnd22,Independent,Thai VTuber Ranking,2026-09-06T15:07:31.283206+00:00,active,False,HIGH_CONFIDENCE
UCnvBsJQ0TztZ4Mq7qDaL_FA,Xaniel Ch. Flora Project,@xaniel_vt,Flora Project,Thai VTuber Ranking,2026-09-06T15:07:31.283230+00:00,unknown,True,HIGH_CONFIDENCE
UCongbtOF4PDmJ-HOXx0jSIQ,MyxNyx I VtuberTH,@myxnyxx,Independent,Thai VTuber Ranking,2026-09-06T15:07:31.283269+00:00,active,False,HIGH_CONFIDENCE
UCni4SBfvmKlD7bu_ZWDmKiQ,CoolRin CH,@coolrinch,Independent,Thai VTuber Ranking,2026-09-06T15:07:31.283287+00:00,hiatus,True,MEDIUM_CONFIDENCE
UCoR4fWv6I7yN9uVgSO1hc1w,KZYU ReI『LIP』,@kzyureich8670,Independent,Thai VTuber Ranking,2026-09-06T15:07:31.283311+00:00,active,False,MEDIUM_CONFIDENCE
UCmuDlfckZosXYzs1B6Fyuyg,Alteria Channel,@alteriastareater,Independent,Thai VTuber Ranking,2026-09-06T15:07:31.283346+00:00,active,False,MEDIUM_CONFIDENCE
UCoyNRGf27kjzfmJiuXNLwrQ,Dayeon,@dayeon,Independent,Thai VTuber Ranking,2026-09-06T15:07:31.283366+00:00,active,False,MEDIUM_CONFIDENCE
UCompe4fS2oUss8CGTuhOSxA,Gibpuri Ch,@gibpurich,Independent,Thai VTuber Ranking,2026-09-06T15:07:31.283445+00:00,active,True,HIGH_CONFIDENCE
UCoVDjNrJWdIZ65qITyrseng,MonJi,@monji_ultimate,Independent,Thai VTuber Ranking,2026-09-06T15:07:31.283463+00:00,active,False,MEDIUM_CONFIDENCE
UCnJIpwyhPbMxAw2qdaQ8a2g,Kashina CH. ,@kashina_official,Independent,Thai VTuber Ranking,2026-09-06T15:07:31.283486+00:00,hiatus,False,HIGH_CONFIDENCE
UCnmykXkj5SVMQf75oyp7Lkg,Melody Sparkle【PajamaJa】,@melodypj21,Independent,Thai VTuber Ranking,2026-09-06T15:07:31.283519+00:00,active,False,MEDIUM_CONFIDENCE
UCo6cNRSdO6tsZ4IW-aMmsZg,YueQin Vtuber 『Berlina•ECR』,@yueqinvtuber,Independent,Thai VTuber Ranking,2026-09-06T15:07:31.283609+00:00,active,False,HIGH_CONFIDENCE
UCn7S0uvqI3_5NYli07qxZCA,Alya Vestiny,@alyavestiny,Independent,Thai VTuber Ranking,2026-09-06T15:07:31.283627+00:00,hiatus,False,MEDIUM_CONFIDENCE
UCmrINu03JIZLU04794Ril2w,C1EL ,@c1el_thecat,Independent,Thai VTuber Ranking,2026-09-06T15:07:31.283658+00:00,active,False,HIGH_CONFIDENCE
UCmfo9Rqc55Hpb5x_Cu2FrFw,Scentharmony,@scentharmony,Independent,Thai VTuber Ranking,2026-09-06T15:07:31.283678+00:00,active,False,HIGH_CONFIDENCE
UCmeYkTj7_pBYgWSJmM_eJPQ,Akimoto Yuna Ch.,@akimotoyuna,Independent,Thai VTuber Ranking,2026-09-06T15:07:31.283708+00:00,active,False,HIGH_CONFIDENCE
UCmrTXPnIhAm-hosYsZ8rAHg,Yukito Hoshitoki Ch. / AStars Chrono prince,@yukitohoshitoki_as,AStars Production,Thai VTuber Ranking; Virtual YouTuber Fandom Wiki,2026-09-06T15:07:31.283727+00:00,active,False,MEDIUM_CONFIDENCE
UCn1sslufP5oBkTGkIqL72ZQ,ลินน่าจะร้อง | Lynna Vsinger,@lynna_vtuber,Independent,Thai VTuber Ranking,2026-09-06T15:07:31.283753+00:00,active,False,MEDIUM_CONFIDENCE
UCn9yL4ihVNU-IxPRmpXDivg,Acintunz,@acintunz,Independent,Thai VTuber Ranking,2026-09-06T15:07:31.283795+00:00,active,False,MEDIUM_CONFIDENCE
UCnE5l4nDqoRA84HT5ZRXbig,Cylowless,@cylowless,Independent,Thai VTuber Ranking,2026-09-06T15:07:31.283822+00:00,active,False,MEDIUM_CONFIDENCE
UCn3Svapu91rgZVUsBajKTuA,khunCHANII,@khunchanii,Independent,Thai VTuber Ranking,2026-09-06T15:07:31.283844+00:00,active,False,MEDIUM_CONFIDENCE
UCp3WxJ4-xF8C9vJfvFs4ioQ,Silver VTH,@silvervth153,Independent,Thai VTuber Ranking,2026-09-06T15:07:31.283884+00:00,active,False,HIGH_CONFIDENCE
UCoekpBaMC20hpELSXrqRTzg,Fury.D [FRG],@furydfrigid,Independent,Thai VTuber Ranking,2026-09-06T15:07:31.283929+00:00,active,False,HIGH_CONFIDENCE
UCmnSx_jWSZKAlYUtutvY3dQ,Muendria_SLR,@muendria_slr,Independent,Thai VTuber Ranking,2026-09-06T15:07:31.283963+00:00,active,False,MEDIUM_CONFIDENCE
UCnPvPjGOanX6I3aqPNNJ-PA,Archbas Ch.,@archbas_slt,Independent,Thai VTuber Ranking,2026-09-06T15:07:31.283984+00:00,active,False,MEDIUM_CONFIDENCE
UCoiKcLNgt7N9KIoBL-fx2YA,Alparu Vtuber ch.,@alparuvtuberch,Independent,Thai VTuber Ranking,2026-09-06T15:07:31.284019+00:00,active,False,HIGH_CONFIDENCE
UCoVpEObbNlG_AVSz-K8yYTg,koshumu,@koshumu,Independent,Thai VTuber Ranking,2026-09-06T15:07:31.284035+00:00,active,False,MEDIUM_CONFIDENCE
UCoOMJUZ5plQtVQDYbicD3dw,Mortifer Bathory Ch.,@mortiferbathorych,Independent,Thai VTuber Ranking; Virtual YouTuber Fandom Wiki,2026-09-06T15:07:31.284062+00:00,hiatus,False,MEDIUM_CONFIDENCE
UCoc4ArTO-yJUzpqufus_Pdg,Kokori 《 OTL 》,@kokori_otl,Independent,Thai VTuber Ranking,2026-09-06T15:07:31.284101+00:00,active,False,HIGH_CONFIDENCE
UCmiO2DRc4e80eWfElzQfWyA,SORASAMA,@sorasamavtuber,Independent,Thai VTuber Ranking,2026-09-06T15:07:31.284151+00:00,active,False,MEDIUM_CONFIDENCE
UCmg0gZHGn-zuq1JnYPB_EjQ,TEENIE | WISLIVE,@teenie-wis,Independent,Thai VTuber Ranking,2026-09-06T15:07:31.284174+00:00,hiatus,True,HIGH_CONFIDENCE
UCnOY70F34J77m2YzkW7B5qw,Hamiko Channel,@hamikochannel,Independent,Thai VTuber Ranking,2026-09-06T15:07:31.284233+00:00,active,False,MEDIUM_CONFIDENCE
UCDki34ncCre0xPgf1JCkqCA,Shogo ⌜VZ⌟,@shogoch,Virtual Zeven (VZ),Thai VTuber Ranking; Virtual YouTuber Fandom Wiki,2026-09-06T15:07:31.284260+00:00,active,False,HIGH_CONFIDENCE
UCEI_LsIHnvFh0dN8KmVy7hg,Winter Apatite Ch.,@winterapatitech,Independent,Thai VTuber Ranking,2026-09-06T15:07:31.284282+00:00,hiatus,False,HIGH_CONFIDENCE
UCDb3FYf93LJEcswNeZ05uag,Kampaiii 《Vtuber》,@kampaiii_vtuber,Independent,Thai VTuber Ranking,2026-09-06T15:07:31.284307+00:00,active,False,HIGH_CONFIDENCE
UCEuU0EQj7eWL2-vf5hGFwXg,Narin  Vtuber TH,@narinvtuberth,Independent,Thai VTuber Ranking,2026-09-06T15:07:31.284353+00:00,active,False,HIGH_CONFIDENCE
UCEjF-FvkrvMhQ7b6KT5UCAw,Azar《 OTL 》,@azar_otl,Independent,Thai VTuber Ranking,2026-09-06T15:07:31.284388+00:00,active,False,HIGH_CONFIDENCE
UCDmlKuJkE2tIR-Q8bSWPvDw,HEXO Ch. / QURSE,@hexovibeent,Independent,Thai VTuber Ranking,2026-09-06T15:07:31.284404+00:00,active,False,MEDIUM_CONFIDENCE
UCFcV8AGufMRT7is-GX1Y9gQ,Puinoon プイヌン,@puinoondesu,Independent,Thai VTuber Ranking,2026-09-06T15:07:31.284424+00:00,hiatus,False,MEDIUM_CONFIDENCE
UCFLR42m7vGHPi3wSROWaepA,GoMu no Ch.,@gomu_channel,Independent,Thai VTuber Ranking,2026-09-06T15:07:31.284453+00:00,active,False,HIGH_CONFIDENCE
UCDgD6lN0SQJTfiy0y-7oFzw,the wanderer is not here anymore.,@ttangierch,Independent,Thai VTuber Ranking,2026-09-06T15:07:31.284471+00:00,active,False,MEDIUM_CONFIDENCE
UCDx_VxFnDh_yxtff1akPpvg,Keelin Peryton『VW』,@keelinperytonch,Independent,Thai VTuber Ranking; Virtual YouTuber Fandom Wiki,2026-09-06T15:07:31.284525+00:00,active,False,HIGH_CONFIDENCE
UCF_-M79ivR0lBcxI4VcYiWg,Lilia,@masurulilia,Independent,Thai VTuber Ranking,2026-09-06T15:07:31.284545+00:00,hiatus,False,MEDIUM_CONFIDENCE
UCEpxkPOevg0ItmSknvEcngg,Tamto Ch.,@tamto,Independent,Thai VTuber Ranking,2026-09-06T15:07:31.284570+00:00,active,False,HIGH_CONFIDENCE
UCDrFZpqKkgV27Q1NcYYYU2w,Kiyomi Ch.,@kiyomi_no_hikarijinja,Independent,Thai VTuber Ranking,2026-09-06T15:07:31.284646+00:00,hiatus,False,HIGH_CONFIDENCE
UCDgEY3e3hNge2XzFhFuYPYw,Maemi Nippy ⨳ECR⨳,@maeminippych,Independent,Thai VTuber Ranking,2026-09-06T15:07:31.284667+00:00,active,False,MEDIUM_CONFIDENCE
UCF81ZEcn0aKct7TJPZVINAw,BoonLan『VTG』,@boonlan_vtg,Independent,Thai VTuber Ranking,2026-09-06T15:07:31.284703+00:00,active,False,HIGH_CONFIDENCE
UCDwExMfrKLpB6j0vDUW-0WA,Minarin Sárkányszél Ch.,@minarinsarkany,Independent,Thai VTuber Ranking,2026-09-06T15:07:31.284729+00:00,active,False,MEDIUM_CONFIDENCE
UCEMqL-RYgeAEhTMUJeHfkaw,Toru Kumaトルくま,@torukuma,Independent,Thai VTuber Ranking,2026-09-06T15:07:31.284773+00:00,active,True,HIGH_CONFIDENCE
UCFRCQhHa_MUmmRaGUJVN8zA,Zenovaz Ch.,@zenovazch,Independent,Thai VTuber Ranking,2026-09-06T15:07:31.284791+00:00,active,False,MEDIUM_CONFIDENCE
UCDzIAHQJv3O2IN0u26bHlaw,Yukai Myoujou《 SSR 》,@yukaimyoujou_ssr,Independent,Thai VTuber Ranking,2026-09-06T15:07:31.284854+00:00,active,False,HIGH_CONFIDENCE
UCDiyOEC0TGng4cudBJbMyWg,Celeste Ch.,@celestevtuber,Independent,Thai VTuber Ranking,2026-09-06T15:07:31.284898+00:00,active,False,HIGH_CONFIDENCE
UCFBj6s8uT6nphkbV7UMVGsQ,CHUKOLIANG ch. 【FIXIX VT】,@chukoliangch.fixixvt,Independent,Thai VTuber Ranking,2026-09-06T15:07:31.284921+00:00,active,False,HIGH_CONFIDENCE
UCEk6QSUJhVf56A_VznMpKpg,PeachiView,@peachiview249,Independent,Thai VTuber Ranking,2026-09-06T15:07:31.284969+00:00,hiatus,True,HIGH_CONFIDENCE
UCDuv12N1-maTw7eemVA2hgQ,カエン KAEN Ch.,@kaen_official,Independent,Thai VTuber Ranking,2026-09-06T15:07:31.284995+00:00,active,False,HIGH_CONFIDENCE
UCFXP-2Bob2gW8rlEffW1hgA,Halon Hashi Ch.,@halonhashi,Independent,Thai VTuber Ranking,2026-09-06T15:07:31.285037+00:00,hiatus,False,HIGH_CONFIDENCE
UCEcSxWcQiyfpx7mRAdb_emg,Henry,@mynamehenry,Independent,Thai VTuber Ranking,2026-09-06T15:07:31.285070+00:00,active,False,HIGH_CONFIDENCE
UCDdYlO59uiphs8QUL7I88Rg,Kaneaki Arina Ch.,@kaneaki_arina,Independent,Thai VTuber Ranking,2026-09-06T15:07:31.285113+00:00,active,False,HIGH_CONFIDENCE
UCFB-5_h8i1373WvI7ElG2FA,VLazy,@vlazy2727,Independent,Thai VTuber Ranking,2026-09-06T15:07:31.285129+00:00,hiatus,False,MEDIUM_CONFIDENCE
UCFN4mdxw4ss6DMB6ZYPXPuw,Nora,@amamiyanora,Independent,Thai VTuber Ranking,2026-09-06T15:07:31.285156+00:00,active,False,HIGH_CONFIDENCE
UCFKBoyzpTZdu20o-O5XUf8g,Minwa.39,@minwa39,Independent,Thai VTuber Ranking,2026-09-06T15:07:31.285177+00:00,hiatus,False,HIGH_CONFIDENCE
UCDwGQS9PGoUV-yMRsQ5pBxw,Vi : Lieszen,@vi_lieszen,Independent,Thai VTuber Ranking,2026-09-06T15:07:31.285220+00:00,active,False,HIGH_CONFIDENCE
UCE010cVAgWFD24wIJ95sDKw,Fumi Hausu,@fumihausu,Independent,Thai VTuber Ranking; Virtual YouTuber Fandom Wiki,2026-09-06T15:07:31.285250+00:00,active,True,HIGH_CONFIDENCE
UCEAweQRj86ga-ymLA_L50BA,ToHu kheow Ch.,@tohukheowch,Independent,Thai VTuber Ranking,2026-09-06T15:07:31.285269+00:00,hiatus,False,HIGH_CONFIDENCE
UCFNsc_xre9fXD0-f8kyrUTQ,Sexy Salsa CH,@sexysalsa,Independent,Thai VTuber Ranking,2026-09-06T15:07:31.285286+00:00,hiatus,False,HIGH_CONFIDENCE
UCE46-Cb8vr2ra-YAJ7UoOcA,Benny Ch.,@benny7418ch,Independent,Thai VTuber Ranking,2026-09-06T15:07:31.285315+00:00,active,False,HIGH_CONFIDENCE
UCEvyDOkcGkzCTo62d9BrhkA,Minami Cera Ch. 【POLYGON】,@ceraplg,Polygon Official,Thai VTuber Ranking; Virtual YouTuber Fandom Wiki,2026-09-06T15:07:31.285373+00:00,active,False,HIGH_CONFIDENCE
UCEXxxuO6GnVJmwqIz9etkKA,Leviana Ch.,@levianach.9171,Independent,Thai VTuber Ranking; Virtual YouTuber Fandom Wiki,2026-09-06T15:07:31.285389+00:00,unknown,False,MEDIUM_CONFIDENCE
UCEbwSVZLmNpdgZPbeFL7chg,kevin TH,@kevinth,Independent,Thai VTuber Ranking,2026-09-06T15:07:31.285410+00:00,active,False,HIGH_CONFIDENCE
UCF19DHmsDiaB3P3Cbpdp14g,ChouxCream シュークリーム,@chouxcreamii,Independent,Thai VTuber Ranking,2026-09-06T15:07:31.285492+00:00,active,False,MEDIUM_CONFIDENCE
UCDhUZlrVbcdvac4SRLi3tXA,Shiro11,@shiro11c,Independent,Thai VTuber Ranking,2026-09-06T15:07:31.285555+00:00,active,False,HIGH_CONFIDENCE
UCER-4jqj3kUgY36i3FPAtJA,Tantaros,@tanthetantaros,Independent,Thai VTuber Ranking,2026-09-06T15:07:31.285583+00:00,active,False,HIGH_CONFIDENCE
UCDgptjggm1YvNSn7GQ19sEA,Lord Cha Zele Ch. ◤Graduation◢,@zelechavtp,Independent,Thai VTuber Ranking,2026-09-06T15:07:31.285609+00:00,hiatus,True,HIGH_CONFIDENCE
UCEZZl5ozactQATI4iIx2mOg,Maiyara 【21PM】,@maiyara_21pm,Independent,Thai VTuber Ranking,2026-09-06T15:07:31.285668+00:00,active,False,HIGH_CONFIDENCE
UCDcMQuBXmp3NByn3wD5lZog,Yw Vynter,@ywvynter,Independent,Thai VTuber Ranking,2026-09-06T15:07:31.285736+00:00,hiatus,False,HIGH_CONFIDENCE
UCEQ28ZgkC47h0jG8CWN_V2Q,TANTAN,@tanehasol,Independent,Thai VTuber Ranking,2026-09-06T15:07:31.285787+00:00,active,False,HIGH_CONFIDENCE
UCEZl6aWM_c93GHtB12UfxNA,SICXERZ : CORE Ch.,@sicxerz,Independent,Thai VTuber Ranking,2026-09-06T15:07:31.285805+00:00,active,True,MEDIUM_CONFIDENCE
UCFVbcS05rXwR7iLPl2K82Kw,SoLRuN Ch.,@nanatsukisolrun,Independent,Thai VTuber Ranking,2026-09-06T15:07:31.285843+00:00,active,False,MEDIUM_CONFIDENCE
UCyTfmwqdhzlv9YD6-vmz2tQ,Biru [ビール],@biru101,Independent,Thai VTuber Ranking,2026-09-06T15:07:31.285899+00:00,active,False,HIGH_CONFIDENCE
UCxsyPoIG4fruqHyq91UwIMQ,NICHA Ch. 【SSR】,@nicha_ssr,Independent,Thai VTuber Ranking,2026-09-06T15:07:31.285973+00:00,active,False,MEDIUM_CONFIDENCE
UCxk5wi2uWUh2hVlTuP7dW4A,A la Charmine,@alacharmine,Independent,Thai VTuber Ranking,2026-09-06T15:07:31.285989+00:00,hiatus,False,MEDIUM_CONFIDENCE
UCxLMvBlryxSsteqI9L8RmZg,NEBUEL | VTUBER,@nebuel-v,Independent,Thai VTuber Ranking,2026-09-06T15:07:31.286012+00:00,hiatus,True,HIGH_CONFIDENCE
UCxvd3oONCAAlvj5E6sbniuQ,xElizia,@xelizia8050,Independent,Thai VTuber Ranking,2026-09-06T15:07:31.286049+00:00,active,False,HIGH_CONFIDENCE
UCyA1KEXjcq2za_bsJp9KmZQ,RAF4EL,@raf4el,Independent,Thai VTuber Ranking,2026-09-06T15:07:31.286068+00:00,active,True,MEDIUM_CONFIDENCE
UCxcmm1lpyL1Z3o7SgPAM1nw,Haori Circinus Ch.,@haori_circinus,Independent,Thai VTuber Ranking,2026-09-06T15:07:31.286092+00:00,active,False,HIGH_CONFIDENCE
UCyBovYeA-FnqRz8sigBql8w,Nomu | Live2D,@nomuvtuber,Independent,Thai VTuber Ranking,2026-09-06T15:07:31.286108+00:00,hiatus,False,MEDIUM_CONFIDENCE
UCwv0DTchQQhKo7-C0VPu9yA,Nora Vanadiz 「univirsual」,@noravanadiz,Independent,Thai VTuber Ranking,2026-09-06T15:07:31.286139+00:00,active,False,HIGH_CONFIDENCE
UCyXcXkTe7XZYGvX7A3_f3Jw,ONOMIL Ch.,@onomil,Independent,Thai VTuber Ranking,2026-09-06T15:07:31.286192+00:00,active,False,HIGH_CONFIDENCE
UCyJplWD3_LWpNMOOkiVVurg,DEV Ch.【ARP】,@dev_arp,Algorhythm Project,Thai VTuber Ranking,2026-09-06T15:07:31.286220+00:00,active,True,HIGH_CONFIDENCE
UCwhHNYldCXfIX6UtRY0VTjw,Seren Channel,@seren_yukihoshi,Independent,Thai VTuber Ranking,2026-09-06T15:07:31.286264+00:00,active,False,MEDIUM_CONFIDENCE
UCxMjBu1cPzJpPWmGd0UdUhA,Maylyn Ch.【ARP】,@maylyn_arp,Algorhythm Project,Thai VTuber Ranking,2026-09-06T15:07:31.286310+00:00,active,False,MEDIUM_CONFIDENCE
UCx_2bHOqtU_pUtB62VDRF8Q,G_round,@g_roundv,Independent,Thai VTuber Ranking,2026-09-06T15:07:31.286336+00:00,active,False,MEDIUM_CONFIDENCE
UCx0dAEK6I00_Q7l9HJN86bQ,Chika Ch. Flora Project,@chikachfloraproject,Flora Project,Thai VTuber Ranking,2026-09-06T15:07:31.286374+00:00,hiatus,False,HIGH_CONFIDENCE
UCxH2k-7jm1hMVcujrnMMj0A,Ryouta OrcusX Ch.,@ryouta_vpj,Independent,Thai VTuber Ranking,2026-09-06T15:07:31.286391+00:00,unknown,True,MEDIUM_CONFIDENCE
UCwV_WXNH4iIvUJIVddjyhbg,RA1NY ⌜VZ⌟,@ra1ny_vz,Virtual Zeven (VZ),Thai VTuber Ranking,2026-09-06T15:07:31.286437+00:00,active,False,HIGH_CONFIDENCE
UCxsvotVZGKCimeSlzK9bSzA,deksammy,@deksammy,Independent,Thai VTuber Ranking,2026-09-06T15:07:31.286456+00:00,active,True,HIGH_CONFIDENCE
UCxvs-I90Ta71nqbT62ATU2A,Kuriimu Ch.,@kuriimuch,Independent,Thai VTuber Ranking,2026-09-06T15:07:31.286498+00:00,active,False,MEDIUM_CONFIDENCE
UCx_E2v60IowRRNd5nb-4uBQ,Murkiel Ch.,@murkielch,Independent,Thai VTuber Ranking,2026-09-06T15:07:31.286539+00:00,active,False,HIGH_CONFIDENCE
UCwUlSrFBV74QvDBE112cibw,Aii MangaPink ch,@aii_mangapinkch,Independent,Thai VTuber Ranking,2026-09-06T15:07:31.286575+00:00,active,False,MEDIUM_CONFIDENCE
UCxIaiSqWfGmUoAkcT6A8LAA,Lania Ch『VW』,@laniach,Independent,Thai VTuber Ranking,2026-09-06T15:07:31.286606+00:00,hiatus,False,HIGH_CONFIDENCE
UCyVnAtNZMl0S4x6F3msaElg,Makarov ch. 🐺,@makarovch.40k,Independent,Thai VTuber Ranking,2026-09-06T15:07:31.286637+00:00,active,False,HIGH_CONFIDENCE
UCxYJqN90g84gIwfCO2bUKLA,Nocturnaz Naar Ch. Pixela-Mystic,@nocturnaznaar,Pixela Project,Thai VTuber Ranking,2026-09-06T15:07:31.286670+00:00,hiatus,False,HIGH_CONFIDENCE
UCyHu19qHV0hFQyK3ZOhtcnA,Nuttiz,@nuttiz,Independent,Thai VTuber Ranking,2026-09-06T15:07:31.286719+00:00,active,False,HIGH_CONFIDENCE
UCxLACuzMdL0qGzmXBu1VwJg,Yuusa Ch. 優桜ヨルモ,@yuusayorumo,Independent,Thai VTuber Ranking,2026-09-06T15:07:31.286756+00:00,unknown,False,HIGH_CONFIDENCE
UCyPXMeC0RCQPGlImQXmN8xg,Oni Shinkim Ch.【PSM】,@onishinkim,Independent,Thai VTuber Ranking,2026-09-06T15:07:31.286799+00:00,active,False,MEDIUM_CONFIDENCE
UCz-_0-a_GPsU1-lrJJfYz7w,Little Lonita ⌜VZ⌟,@lonitach,Virtual Zeven (VZ),Thai VTuber Ranking; Virtual YouTuber Fandom Wiki,2026-09-06T15:07:31.286847+00:00,active,False,MEDIUM_CONFIDENCE
UCxWsr2bxzcNitGtnPk9hRbQ,StellarParticle,@stellarparticle,Algorhythm Project,Thai VTuber Ranking,2026-09-06T15:07:31.286862+00:00,hiatus,False,MEDIUM_CONFIDENCE
UCyZOcyIIrCmWMWlZCbPL9kw,ไดได ⨳ECR⨳,@ravia_d_princisia,Independent,Thai VTuber Ranking,2026-09-06T15:07:31.286909+00:00,active,False,HIGH_CONFIDENCE
UCxaiTOKjBqy0b9am_EGvexA,HoshinoKuroi Ch.,@hoshinokuroi440,Independent,Thai VTuber Ranking,2026-09-06T15:07:31.286984+00:00,active,False,HIGH_CONFIDENCE
UCz8nJz2tNY6dbNiQ0JlZnnw,Rayan ch.【FIXIX VT】,@rayanch.fixixvt,Independent,Thai VTuber Ranking,2026-09-06T15:07:31.287004+00:00,hiatus,False,MEDIUM_CONFIDENCE
UCyjuanhJSwS5h6edhGKmMbQ,Julius Kosmolatria Ch.,@julius_kosmolatria,Independent,Thai VTuber Ranking; Virtual YouTuber Fandom Wiki,2026-09-06T15:07:31.287096+00:00,active,False,HIGH_CONFIDENCE
UCxI2vEES81ViqI4xs7dnsnA,I'Shida,@ishida7489,Independent,Thai VTuber Ranking,2026-09-06T15:07:31.287140+00:00,hiatus,False,MEDIUM_CONFIDENCE
UCwtyxO7B0xIv3XdtSvdnYgQ,Aoi Crescent Ch.,@aoicrescent,Independent,Thai VTuber Ranking; Virtual YouTuber Fandom Wiki,2026-09-06T15:07:31.287209+00:00,active,True,HIGH_CONFIDENCE
UCx1g_QQFax29m6z1UXLTI3g,Fiatake,@fiatake1311,Independent,Thai VTuber Ranking,2026-09-06T15:07:31.287256+00:00,active,True,HIGH_CONFIDENCE
UCysbx8fVJc92SL4KtsakA8Q,CHACHACHALICE,@chachachalice,Independent,Thai VTuber Ranking,2026-09-06T15:07:31.287309+00:00,hiatus,False,MEDIUM_CONFIDENCE
UCxnehbcB4sU8tjcfRsKxqGw,Lana Vtuber,@lanach_lh,Independent,Thai VTuber Ranking,2026-09-06T15:07:31.287336+00:00,hiatus,False,HIGH_CONFIDENCE
UCydCZ9HbM9TbvXwsoI8rSdQ,QDM. Nora 『VW』,@qdmnora,Independent,Thai VTuber Ranking,2026-09-06T15:07:31.287389+00:00,active,False,MEDIUM_CONFIDENCE
UCxhTc8KCXqpWtvpBqx_Yi8g,Seijo Ch.,@seijoch,Independent,Thai VTuber Ranking,2026-09-06T15:07:31.287415+00:00,active,False,HIGH_CONFIDENCE
UCyMsZpmjEnQxpem3QEJ1G4Q,Arisa อาริสาและภาษาญี่ปุ่น,@arisa6033,Independent,Thai VTuber Ranking,2026-09-06T15:07:31.287482+00:00,hiatus,False,HIGH_CONFIDENCE
UCxn_EkDl0yi45LN2H00ddiQ,SEO A XAY,@seoaxay,Independent,Thai VTuber Ranking,2026-09-06T15:07:31.287554+00:00,active,True,HIGH_CONFIDENCE
UCyHbGgiIiuzrZUX-VKVsmcw,MIINA Ch.,@miina_manii,Independent,Thai VTuber Ranking,2026-09-06T15:07:31.287582+00:00,active,False,MEDIUM_CONFIDENCE
UCxfx5BudsoFOV-TLl0RdFNw,ChaoPlaThong,@chaoplathong,Independent,Thai VTuber Ranking,2026-09-06T15:07:31.287639+00:00,active,True,HIGH_CONFIDENCE
UCw_7F4A38u-T_craqX6_OpQ,LINCKIA Ch.,@linckia_idyp,Independent,Thai VTuber Ranking,2026-09-06T15:07:31.287692+00:00,active,False,MEDIUM_CONFIDENCE
UCx4qz8NiVkQQj4x-7mhS9Dg,Eyez Benjaneth Ch.,@eyezbenjaneth,Independent,Thai VTuber Ranking,2026-09-06T15:07:31.287727+00:00,active,False,MEDIUM_CONFIDENCE
UCySlA9Pv5IVXvkW_lN_NXRw,Tequila Ch.【ARP】,@tequila_arp,Algorhythm Project,Thai VTuber Ranking,2026-09-06T15:07:31.287763+00:00,active,False,MEDIUM_CONFIDENCE
UCx5NsY_dUUU2NHK2P8u10xQ,Ngerntong-เงินทอง,@ngern_tong,Independent,Thai VTuber Ranking,2026-09-06T15:07:31.287804+00:00,active,True,HIGH_CONFIDENCE
UCJ6HUQOWSjCHHdOgz13zFlA,TheQuillmon ⌜VZ⌟,@thequillmon,Virtual Zeven (VZ),Thai VTuber Ranking,2026-09-06T15:07:31.287880+00:00,active,True,MEDIUM_CONFIDENCE
UCI1SAgyaSIwdGf2uVbcmuvQ,Realiable Ch.,@realiablech,Independent,Thai VTuber Ranking,2026-09-06T15:07:31.287914+00:00,active,False,HIGH_CONFIDENCE
UCJ2Ahrr9QYJnrjYJkWccSzg,Kochiki Gram Ch.,@kochikigram,Independent,Thai VTuber Ranking,2026-09-06T15:07:31.287939+00:00,active,False,MEDIUM_CONFIDENCE
UCIgXtat0bKE5e8sXtUgutOw,Torakaze,@torakaze_13,Independent,Thai VTuber Ranking,2026-09-06T15:07:31.287967+00:00,active,False,HIGH_CONFIDENCE
UCJH6IzDkIlz5Dw93LzEC_Nw,Cazzia Bakeriana Ch. - Parabellum,@cazziabakerianachparabellum,Independent,Thai VTuber Ranking,2026-09-06T15:07:31.288000+00:00,hiatus,False,MEDIUM_CONFIDENCE
UCJL3R_l2-sxDQelzyQ6fHug, NiRu Channel ,@niru_ch,Independent,Thai VTuber Ranking,2026-09-06T15:07:31.288119+00:00,active,False,MEDIUM_CONFIDENCE
UCIcJV6J1HFf0cHKeswvTyaw,Navia Whale,@navii_whale,Independent,Thai VTuber Ranking,2026-09-06T15:07:31.288151+00:00,active,False,HIGH_CONFIDENCE
UCHeMMokpj5MpPVZwS121gZw,ヤマキ君,@muzusa1234,Independent,Thai VTuber Ranking,2026-09-06T15:07:31.288171+00:00,hiatus,False,MEDIUM_CONFIDENCE
UCHUHJ0riRQWzPWdAchy6D4w,Besicka「ALF」,@besicka_alf,ALF,Thai VTuber Ranking,2026-09-06T15:07:31.288194+00:00,active,False,MEDIUM_CONFIDENCE
UCIc2CW34mQ6eAlJoPV2Un4Q,Sonnenblume,@sonnenblume_helianthus,Independent,Thai VTuber Ranking,2026-09-06T15:07:31.288219+00:00,active,False,HIGH_CONFIDENCE
UCHL4mRfm4hZgmg4sPYRiYkg,Bombay Bergamot,@bombaybergamot8,Independent,Thai VTuber Ranking,2026-09-06T15:07:31.288243+00:00,hiatus,False,MEDIUM_CONFIDENCE
UCJCORIrObs3iTzSzCHHvlCA,Lyvea•Eve,@lyveaveve,Independent,Thai VTuber Ranking,2026-09-06T15:07:31.288263+00:00,active,False,MEDIUM_CONFIDENCE
UCHomiuTL8mMUPtDIbJw_TFg,Remisde || Vtuber,@remisde_vtuber,Independent,Thai VTuber Ranking,2026-09-06T15:07:31.288290+00:00,active,False,MEDIUM_CONFIDENCE
UCHYMhyLCSsaZCRPzov6tHLg,Wilona Ch.,@wilona.thegoat,Independent,Thai VTuber Ranking,2026-09-06T15:07:31.288310+00:00,active,False,MEDIUM_CONFIDENCE
UCI0fG0fCTx3iyzC6wv_hI3g,Hibana Nekomata,@hbnpoyo,Independent,Thai VTuber Ranking,2026-09-06T15:07:31.288393+00:00,active,False,HIGH_CONFIDENCE
UCINPv9Ffoo7mgvEfKY8Ks2A,Pugko Ch.,@pugko,Independent,Thai VTuber Ranking,2026-09-06T15:07:31.288426+00:00,active,False,MEDIUM_CONFIDENCE
UCJFoHpvvS4MLNsq0VeiEAyg,Yunes Ch ,@yunesch,Independent,Thai VTuber Ranking,2026-09-06T15:07:31.288474+00:00,active,False,MEDIUM_CONFIDENCE
UCJEy_y-4fO4j2D6RLANc25Q,Zetsuna Ch.,@zetsunach.7273,Independent,Thai VTuber Ranking,2026-09-06T15:07:31.288496+00:00,active,False,HIGH_CONFIDENCE
UCINz9FJcpcedlGsYKXQkopA,Hoshimura Himawari,@himawariwhiteowl,Independent,Thai VTuber Ranking,2026-09-06T15:07:31.288564+00:00,active,False,HIGH_CONFIDENCE
UCHhj6UP01456AHTAZkrKDrg,KIRIN,@kirin_vexorcist,Independent,Thai VTuber Ranking,2026-09-06T15:07:31.288587+00:00,active,False,MEDIUM_CONFIDENCE
UCJ8R9I1AWV94psG7gxLiU5Q,MaRinENaJa,@marinenaja,Independent,Thai VTuber Ranking,2026-09-06T15:07:31.288613+00:00,active,False,HIGH_CONFIDENCE
UCI7HyoyonuN4gh_Mgu6Kzbg,Hydejung 【21PM】,@hydejung21pm,Independent,Thai VTuber Ranking,2026-09-06T15:07:31.288648+00:00,active,False,HIGH_CONFIDENCE
UCIBdFlC2Fk3rID8CAETV35g,Kryspeia Cosmelis Ch. Lumina-Mutelu,@kryspeiacosmelis,Lumina Live,Thai VTuber Ranking,2026-09-06T15:07:31.288699+00:00,active,False,HIGH_CONFIDENCE
UCIWrMTsjxdx_V1zlBkbCVCg,MaRinE Channel,@marine_vtuber_,Independent,Thai VTuber Ranking,2026-09-06T15:07:31.288722+00:00,hiatus,False,MEDIUM_CONFIDENCE
UCI-P6wAQOviwsqMuVTVYKPQ,Benibanashi Gento | 紅話玄踪-VTuber,@benibanashigento,Independent,Thai VTuber Ranking,2026-09-06T15:07:31.288835+00:00,active,False,HIGH_CONFIDENCE
UCHONh9zedNOSdzUqUbSUQ-Q,baruru channel,@baruruchannel,Independent,Thai VTuber Ranking,2026-09-06T15:07:31.288877+00:00,active,False,MEDIUM_CONFIDENCE
UCI38FHfSdCBRlD90Np1mGSQ,Catta.,@catta4r,Independent,Thai VTuber Ranking,2026-09-06T15:07:31.288894+00:00,active,False,MEDIUM_CONFIDENCE
UCHRq9JfoPNIg5p1rMG02oqA,Zinnia,@zinnialy,Independent,Thai VTuber Ranking,2026-09-06T15:07:31.288939+00:00,active,False,HIGH_CONFIDENCE
UCJMSZ92fkCAzyWmkdpvCuQA,SZeroCh,@szeroatsushi,Independent,Thai VTuber Ranking,2026-09-06T15:07:31.288960+00:00,active,False,HIGH_CONFIDENCE
UCHa6wMUGqyur-ZWsUwDeQOg, Cliche Ch.〖SSR〗,@cliche_ssr,Independent,Thai VTuber Ranking,2026-09-06T15:07:31.288990+00:00,active,False,MEDIUM_CONFIDENCE
UCHzQgT7k-UHxSo8oLQlf6Qg,VoidCat,@voidcatfatbeans,Independent,Thai VTuber Ranking,2026-09-06T15:07:31.289010+00:00,hiatus,False,MEDIUM_CONFIDENCE
UCHlFbiJk0VWcT2dPwTqXcxw, JaoKat \ ジャオカットくん,@jaokat,Independent,Thai VTuber Ranking,2026-09-06T15:07:31.289041+00:00,active,False,MEDIUM_CONFIDENCE
UCJ9STJzDqEexCPnqAAHe5Cw,RINNPING,@rinnping8745,Independent,Thai VTuber Ranking,2026-09-06T15:07:31.289073+00:00,hiatus,False,HIGH_CONFIDENCE
UCHkNbiqY3dc4AcaiGxSq2_Q,Rosalyn Ch.,@rosettawitch,Independent,Thai VTuber Ranking,2026-09-06T15:07:31.289112+00:00,active,False,HIGH_CONFIDENCE
UCJ6kqLPI4aALUa0p3kJJUKQ,Mellowlop「Paralist」,@mellowlop,Paralist,Thai VTuber Ranking,2026-09-06T15:07:31.289173+00:00,active,False,HIGH_CONFIDENCE
UCIh-YIiPfxN0qPWAvIpfBXQ,Himari Hana Ch.,@himari_hana,Independent,Thai VTuber Ranking,2026-09-06T15:07:31.289261+00:00,hiatus,False,HIGH_CONFIDENCE
UCIxWJ7k2MWKT6sIg3mLjkTg,โป๊ะโกะ / PoKo ปลวกทูปเบ๋อ,@poko_vtuber,Independent,Thai VTuber Ranking,2026-09-06T15:07:31.289281+00:00,active,True,HIGH_CONFIDENCE
UCHhIQk2SuVBxR4H2PH_3j2Q,นานาโฮชิ นานะ / 七星ナナ,@nanahoshinana,Independent,Thai VTuber Ranking; Virtual YouTuber Fandom Wiki,2026-09-06T15:07:31.289324+00:00,active,True,HIGH_CONFIDENCE
UCI9bNMcvSiuq-bfjsPNomTA,Kana Ibera Ch.,@kanaiberachannel,Independent,Thai VTuber Ranking,2026-09-06T15:07:31.289354+00:00,active,False,HIGH_CONFIDENCE
UCJ8hefgtMDAtBo7NRSa90Zg,OwlMan Ch.,@owlmanch,Independent,Thai VTuber Ranking,2026-09-06T15:07:31.289392+00:00,active,False,MEDIUM_CONFIDENCE
UCIDkMzUr_JW5yoiq_Nx35_A,MaaeTheGreatest,@maaethegreatest,Independent,Thai VTuber Ranking,2026-09-06T15:07:31.289418+00:00,hiatus,False,HIGH_CONFIDENCE
UCHyAFq-CHcgrOte84Wvmorw,IKKI CHANNEL,@ikkichannel_,Independent,Thai VTuber Ranking,2026-09-06T15:07:31.289456+00:00,active,False,HIGH_CONFIDENCE
UCIGChk_c7ZNdtpOrmbHr2NA,Miibelle「ASMR VTUBER」,@mii__belle,Independent,Thai VTuber Ranking; Virtual YouTuber Fandom Wiki,2026-09-06T15:07:31.289478+00:00,active,False,HIGH_CONFIDENCE
UCJAI6tpsee_w0sMV7-NB_Tw,SUIFONG CH〖DPX〗,@suifong_ch,DPX,Thai VTuber Ranking,2026-09-06T15:07:31.289574+00:00,active,False,HIGH_CONFIDENCE
UCHhUajhm4zRg-_Ubw11otfw,NamiNe,@naminerakko,Independent,Thai VTuber Ranking,2026-09-06T15:07:31.289607+00:00,active,False,MEDIUM_CONFIDENCE
UCHudKjxLpwqHoqV-57uTRFw,FuwaFuwaSeal,@fuwafuwaseal,Independent,Thai VTuber Ranking,2026-09-06T15:07:31.289704+00:00,active,False,HIGH_CONFIDENCE
UCIMFIkXOGA7dWA903WdRKKg,Nezumi Elze Ch. Pixela Legends,@nezumielze,Pixela Project,Thai VTuber Ranking,2026-09-06T15:07:31.289736+00:00,active,True,HIGH_CONFIDENCE
UCIJlMF7bynSgi0G8Hy6j94g,SoDaChan | Vtuber,@sodachanvtuber,Independent,Thai VTuber Ranking,2026-09-06T15:07:31.289794+00:00,active,False,MEDIUM_CONFIDENCE
UCHNUhekh0u_TuF6vZ5S5j8w,MONGON. Association From 48 Dimension World (V.2),@mongon.af48dw.,Independent,Thai VTuber Ranking,2026-09-06T15:07:31.289881+00:00,active,False,HIGH_CONFIDENCE
UCpMuWBxMa6ttNgtylPTn3Hg,Nergal Near Ch.,@nergalnearch,Independent,Thai VTuber Ranking,2026-09-06T15:07:31.289945+00:00,active,True,HIGH_CONFIDENCE
UCq0Nq6SwDplj3OcuvwkE1Mg,Fuka CH.〔 DBT 〕,@kitsunefukadbt,Independent,Thai VTuber Ranking,2026-09-06T15:07:31.289976+00:00,active,False,HIGH_CONFIDENCE
UCq1-zScAqUHmGQO9SYI5pIg,JellMellO,@jellmello_j,Independent,Thai VTuber Ranking,2026-09-06T15:07:31.289993+00:00,active,False,MEDIUM_CONFIDENCE
UCqCv5pUmAMeoQMushiW3Csg,Lamu Ch.,@lamuch,Independent,Thai VTuber Ranking,2026-09-06T15:07:31.290031+00:00,active,False,HIGH_CONFIDENCE
UCqu5twYqzKGrRyIrcvg4YXA,Rainnie Rgrada Ch.,@rainniergradach,Independent,Thai VTuber Ranking,2026-09-06T15:07:31.290080+00:00,active,False,HIGH_CONFIDENCE
UCpWoDWpQSzhs3PMMU4WrfiQ,Zoe Specter Ch.,@zoespecter,Independent,Thai VTuber Ranking,2026-09-06T15:07:31.290141+00:00,active,False,MEDIUM_CONFIDENCE
UCr0-V3nBW3klbNrklD_1TPg,Hiyoribouzu Ch.,@hiyoribouzu,Independent,Thai VTuber Ranking,2026-09-06T15:07:31.290163+00:00,active,False,MEDIUM_CONFIDENCE
UCpaaIu52BVuInfJkO0-Ft3Q,Valent Soel S,@valentsoels,Independent,Thai VTuber Ranking,2026-09-06T15:07:31.290206+00:00,active,False,MEDIUM_CONFIDENCE
UCrICh9KpS2QHVWOkfJ7GO1g,AofEdits | オッフ【716RM】,@aofedits,Independent,Thai VTuber Ranking,2026-09-06T15:07:31.290226+00:00,active,False,MEDIUM_CONFIDENCE
UCpNAFq_PANbmcdfhzfuiekA,Sata Channel,@satachanneldayo,Independent,Thai VTuber Ranking,2026-09-06T15:07:31.290268+00:00,active,False,HIGH_CONFIDENCE
UCq97LOtWB1CgRVFzDF3FSSA,Langray Ch.,@langraych.2390,Independent,Thai VTuber Ranking,2026-09-06T15:07:31.290296+00:00,unknown,False,HIGH_CONFIDENCE
UCpke74KAbZIIj7KrNdPgxow,Ayelet Nocturna ch.,@ayeletnocturnach.,Independent,Thai VTuber Ranking,2026-09-06T15:07:31.290331+00:00,active,False,MEDIUM_CONFIDENCE
UCpIlOwUGihEx-Qzie2JiMWw,Retsu_Red,@retsured,Independent,Thai VTuber Ranking,2026-09-06T15:07:31.290356+00:00,active,False,MEDIUM_CONFIDENCE
UCpXRdlZ-aGpd9s2gFVl63lg,อเมะ,@amethyst_ame,Independent,Thai VTuber Ranking,2026-09-06T15:07:31.290385+00:00,active,False,HIGH_CONFIDENCE
UCpDj-ctDxLn5M5H5G_UxuRA,Deilliah Goodknight ,@deilliahgoodknight,Independent,Thai VTuber Ranking,2026-09-06T15:07:31.290416+00:00,active,False,HIGH_CONFIDENCE
UCpwaMGj7IdlttM_bP2iKZmw,Nz_Nezz Ch.,@nz_nezzch.8022,Independent,Thai VTuber Ranking,2026-09-06T15:07:31.290434+00:00,hiatus,False,MEDIUM_CONFIDENCE
UCr6JjOIjCAYFGJIW3_BznmA,Big M 4U 『ECR』,@bigm4u,Independent,Thai VTuber Ranking,2026-09-06T15:07:31.290460+00:00,active,False,HIGH_CONFIDENCE
UCprsCfEbSQRzd-mK4Cgd1Rg,RAY XILLIA,@rayxillia,Independent,Thai VTuber Ranking,2026-09-06T15:07:31.290478+00:00,hiatus,False,MEDIUM_CONFIDENCE
UCqfR7Nkz-wkfQgcMDsU7HnA,Pimkishy,@pimkishy,Independent,Thai VTuber Ranking,2026-09-06T15:07:31.290540+00:00,active,False,HIGH_CONFIDENCE
UCqMmxgXhKhZxIeIXSxho6mw,Lucky Vulpecula,@luckytime-v1204,Independent,Thai VTuber Ranking,2026-09-06T15:07:31.290565+00:00,active,False,HIGH_CONFIDENCE
UCpBjGiBLFJ8x-7kHDtPY74g,SE1 Ch.,@seikich,Independent,Thai VTuber Ranking,2026-09-06T15:07:31.290589+00:00,hiatus,False,HIGH_CONFIDENCE
UCq_POu51qgVp0O9EgcJgsDw,Sia Asmodeusia ch. ◈BLB◈,@asmodeusiablb,Independent,Thai VTuber Ranking,2026-09-06T15:07:31.290639+00:00,active,False,HIGH_CONFIDENCE
UCqbax9GTF0U2i7Fzk7HjOyg,Liztsu Hikake Ch.,@lizt_hikake,Independent,Thai VTuber Ranking,2026-09-06T15:07:31.290726+00:00,active,False,MEDIUM_CONFIDENCE
UCqDHOqlcApniKvQAPW2LlMQ,Herah Castor | AcastledProject,@herahvtuber,Independent,Thai VTuber Ranking,2026-09-06T15:07:31.290764+00:00,hiatus,False,HIGH_CONFIDENCE
UCqlIHZinRgdevuHuCILlgjA,MeowMiKe CH. 《19'S》,@meowmikech,Independent,Thai VTuber Ranking,2026-09-06T15:07:31.290788+00:00,active,False,MEDIUM_CONFIDENCE
UCpuk3ld3rGWSsLOhuVlOFBQ,Kuzune Ch.,@kuzunech.5390,Independent,Thai VTuber Ranking; Virtual YouTuber Fandom Wiki,2026-09-06T15:07:31.290809+00:00,hiatus,False,MEDIUM_CONFIDENCE
UCpSsKMbL7zvD87O8-57Mg7A,Aikaze,@shin_aikaze,Independent,Thai VTuber Ranking,2026-09-06T15:07:31.290859+00:00,active,False,HIGH_CONFIDENCE
UCqq085DI0tDBblF3Q1nsdcg,Thuay_Fu Wolfcute【Mystery】,@thuayfuwolfcute,Independent,Thai VTuber Ranking,2026-09-06T15:07:31.290885+00:00,active,False,HIGH_CONFIDENCE
UCqhhWjpw23dWhJ5rRwCCrMA,Aisha Channel,@aishachannel,Independent,Thai VTuber Ranking; Virtual YouTuber Fandom Wiki,2026-09-06T15:07:31.290927+00:00,active,True,HIGH_CONFIDENCE
UCqxS4qNzJUWdPgR2UdLpemA,Akito Q Flame『VW』,@akitoqflame,Independent,Thai VTuber Ranking,2026-09-06T15:07:31.290949+00:00,active,False,HIGH_CONFIDENCE
UCph_3mJbLtVYMFr4-n_rRgw,WINT3R ⌜VZ⌟,@wint3r_vz,Virtual Zeven (VZ),Thai VTuber Ranking,2026-09-06T15:07:31.291004+00:00,active,False,HIGH_CONFIDENCE
UCrDlc3CYB6TXFoU01jw0XPg,YumeMaTTy Ch.,@yumemattych,Independent,Thai VTuber Ranking,2026-09-06T15:07:31.291065+00:00,active,False,HIGH_CONFIDENCE
UCqCI_qpXBTlVO0kZhB51I6w,Elleusia,@elleusia,Independent,Thai VTuber Ranking,2026-09-06T15:07:31.291137+00:00,active,False,MEDIUM_CONFIDENCE
UCpWF1pMyJtMvlynspGnThdw,MamMam Ch. 真夢マム,@mammamch.,Independent,Thai VTuber Ranking,2026-09-06T15:07:31.291156+00:00,hiatus,True,MEDIUM_CONFIDENCE
UCqKKqKP-G8LYkWMQeJAc2vA,Noir Vinterny | V.W.Y,@noirvinterny,V.W.Y,Thai VTuber Ranking,2026-09-06T15:07:31.291175+00:00,active,False,MEDIUM_CONFIDENCE
UCpGtwNmbOtgmcKIY81MIX_w,Nongwan TV,@nongwantv,Independent,Thai VTuber Ranking,2026-09-06T15:07:31.291248+00:00,active,True,HIGH_CONFIDENCE
UCqUKFVHfbb0ujmoxNfGSu1w,Magcro Ravencroft Ch.,@magcroravencroftch,Independent,Thai VTuber Ranking,2026-09-06T15:07:31.291319+00:00,active,False,HIGH_CONFIDENCE
UCqTbc_8tl7ZFcEEuZtzfr2w,Leinn Channel,@leinnch,Independent,Thai VTuber Ranking,2026-09-06T15:07:31.291345+00:00,active,False,HIGH_CONFIDENCE
UCp6qRWhZi2nDUSWKwV_V08Q,PaFeMiLK vtuber,@pafemilkvtuber,Independent,Thai VTuber Ranking,2026-09-06T15:07:31.291381+00:00,hiatus,False,HIGH_CONFIDENCE
UCpNkVsMlsJRF792H-1_1vPA,Melita X Ch. Pixela Project,@melitax-san,Pixela Project,Thai VTuber Ranking; Virtual YouTuber Fandom Wiki,2026-09-06T15:07:31.291403+00:00,hiatus,True,HIGH_CONFIDENCE
UCqBG-DyjOA-llSpScSDOxqA,ApriRiru,@apririru,Independent,Thai VTuber Ranking; Virtual YouTuber Fandom Wiki,2026-09-06T15:07:31.291461+00:00,active,False,HIGH_CONFIDENCE
UCqozdR0DYubMg22jJV2eThQ,Anastasia Ch.「TRR」,@anastasia_trr,Independent,Thai VTuber Ranking,2026-09-06T15:07:31.291757+00:00,active,False,MEDIUM_CONFIDENCE
UCqsUkQeicv0nEs5_d6DXYvQ,Shikár Dawg,@shikar_dawg,Independent,Thai VTuber Ranking,2026-09-06T15:07:31.291787+00:00,active,False,HIGH_CONFIDENCE
UCqVbto9IH79DiJQab1nZ8CA,Dellons Ch.【𝐙𝐎𝐑𝐀】(REST),@dellonsch.,Independent,Thai VTuber Ranking,2026-09-06T15:07:31.291818+00:00,active,False,MEDIUM_CONFIDENCE
UCpZhmRU3HDKMau3Tv0_DsGg,[ 海姫 ]Marin Ch. ◈BLB◈,@marintera_blb,Independent,Thai VTuber Ranking,2026-09-06T15:07:31.291844+00:00,active,False,HIGH_CONFIDENCE
UCpv77tyTG6nJlO9oBIFZ5xQ,Meteona Mars Ch.,@meteonamarsch,Independent,Thai VTuber Ranking,2026-09-06T15:07:31.291901+00:00,active,False,MEDIUM_CONFIDENCE
UCSmwbpH_ZvRCn8-gbggGfTw,Kati Ch. กะทิ,@nagaminekati,Independent,Thai VTuber Ranking,2026-09-06T15:07:31.291940+00:00,active,False,HIGH_CONFIDENCE
UCSqQDeXi3tLW_MyHnwTgvDA,ช่องนี้ ซัน คุม อิอิ,@trustlnwvtuber,Independent,Thai VTuber Ranking,2026-09-06T15:07:31.291966+00:00,active,False,HIGH_CONFIDENCE
UCRpEzYWkJforn6YhvaSVXtA,Llewella Elias Ch.,@llewellaelias,Independent,Thai VTuber Ranking,2026-09-06T15:07:31.291995+00:00,hiatus,False,HIGH_CONFIDENCE
UCRpX7uvjkoy3-j_U_3atvog,Urara Momomi,@uraramomomi,Independent,Thai VTuber Ranking,2026-09-06T15:07:31.292026+00:00,hiatus,False,HIGH_CONFIDENCE
UCSZe92Gr5MIRyGSokkfOOzg,lullalull,@lullalulllalull,Independent,Thai VTuber Ranking,2026-09-06T15:07:31.292075+00:00,active,False,MEDIUM_CONFIDENCE
UCRZE5IMKRUpTgfjaniVKpbg,ChazuminXD Ch.,@chazuminxd,Independent,Thai VTuber Ranking,2026-09-06T15:07:31.292099+00:00,active,False,MEDIUM_CONFIDENCE
UCS7BVBZ3itZ0wqlEX8a2UBA,Remiel noch,@remielnoch492,Independent,Thai VTuber Ranking,2026-09-06T15:07:31.292127+00:00,unknown,False,MEDIUM_CONFIDENCE
UCRyGfYHjCHIeWZQRpdnDKMg,Katsuki Ch.,@katsuki_ch,Independent,Thai VTuber Ranking,2026-09-06T15:07:31.292171+00:00,active,False,HIGH_CONFIDENCE
UCS2-t9SC5UZ9kS_bhbAxPaw,Notaki Ch.,@notakich,Independent,Thai VTuber Ranking,2026-09-06T15:07:31.292243+00:00,active,False,HIGH_CONFIDENCE
UCRldXR7ASrCYYoxeqOU-_og,Varkin Ch,@varkinch,Independent,Thai VTuber Ranking,2026-09-06T15:07:31.292262+00:00,active,False,MEDIUM_CONFIDENCE
UCTD-nm97tb5Sh7_ou7LFSUQ,Euthalia Zéphyr Ch. Pixela Destiny,@zephyreuthalia,Pixela Project,Thai VTuber Ranking,2026-09-06T15:07:31.292283+00:00,hiatus,True,MEDIUM_CONFIDENCE
UCS2xtM_DkvYKVxBEQxIf2-g,MuMind Ch.,@mumindch,Independent,Thai VTuber Ranking,2026-09-06T15:07:31.292301+00:00,active,False,MEDIUM_CONFIDENCE
UCSoFIMz3y6jOVMg8nggpcMQ,Pixiang Meiyin Ch. Lumina-Mutelu,@pixiangmeiyin,Lumina Live,Thai VTuber Ranking,2026-09-06T15:07:31.292359+00:00,active,False,HIGH_CONFIDENCE
UCSQCuMGGicyB_QqG_mApH7w,Kaede Ch. [ Graduated],@kaedekh,Independent,Thai VTuber Ranking,2026-09-06T15:07:31.292396+00:00,unknown,True,HIGH_CONFIDENCE
UCSdtAY_t7uWTGhzka8QEO4Q,Arisu Jin Ch.【PSM】,@arisuinjin,Independent,Thai VTuber Ranking,2026-09-06T15:07:31.292432+00:00,active,False,HIGH_CONFIDENCE
UCSyG0x9lhNOi6hbyVy7hZ7g,Kumo Kuma ch.,@kumo_ma,Independent,Thai VTuber Ranking,2026-09-06T15:07:31.292466+00:00,active,False,MEDIUM_CONFIDENCE
UCSOxauTBY7eKbUnQ86W708Q,Supeacha ⌜VZ⌟,@supeacha,Virtual Zeven (VZ),Thai VTuber Ranking,2026-09-06T15:07:31.292492+00:00,active,True,HIGH_CONFIDENCE
UCRG5fX1v4b-3sUyKfAAtxxA,Luxia Ch.,@luxiaplg,Independent,Thai VTuber Ranking; Virtual YouTuber Fandom Wiki,2026-09-06T15:07:31.292525+00:00,active,True,HIGH_CONFIDENCE
UCSG5e3zBiGSZRvD42HSnbxw,PILA P.CROWEN Ch.【PSM】,@pilap.crowen,Independent,Thai VTuber Ranking,2026-09-06T15:07:31.292573+00:00,active,False,HIGH_CONFIDENCE
UCS1PrWcX95lKikSMIsm6eRg,Aki the Valkyrie Ch.,@akithevalkyrie,Independent,Thai VTuber Ranking,2026-09-06T15:07:31.292605+00:00,active,False,HIGH_CONFIDENCE
UCS7XTVaCOg-rBOEM6Lyw5Jg,Myrrha Enchanté Ch. [Autumnia],@myrrhaenchante,Autumnia,Thai VTuber Ranking,2026-09-06T15:07:31.292640+00:00,hiatus,False,HIGH_CONFIDENCE
UCSus3TGWTuMjiQWycSI1CaA,Pugmaru_VTube,@inukami_pugmaru,Independent,Thai VTuber Ranking,2026-09-06T15:07:31.292681+00:00,active,False,MEDIUM_CONFIDENCE
UCRaAduo6w37DoPahoaiVbTg,Chana チャナ,@chanavtuber,Independent,Thai VTuber Ranking; Virtual YouTuber Fandom Wiki,2026-09-06T15:07:31.292716+00:00,hiatus,False,HIGH_CONFIDENCE
UCT6E1GD1uAXAG6fWQCGPVXA,Sarana Sapina Ch.,@saranasapinach,Independent,Thai VTuber Ranking,2026-09-06T15:07:31.292743+00:00,active,False,HIGH_CONFIDENCE
UCSMH958kINERMdSx7u76Fmg,Nemuru 夜雲 ネムル,@nemuru_y,Independent,Thai VTuber Ranking,2026-09-06T15:07:31.292761+00:00,active,False,MEDIUM_CONFIDENCE
UCTAEz5besWbmV4xp13zc0HA,MoRin Ch.,@morinplanet,Independent,Thai VTuber Ranking,2026-09-06T15:07:31.292788+00:00,active,False,MEDIUM_CONFIDENCE
UCT6AsljeggMR6rqkQ5NSeRA,JosephineCres,@josephinecres,Independent,Thai VTuber Ranking,2026-09-06T15:07:31.292819+00:00,active,False,MEDIUM_CONFIDENCE
UCRGaEF2NMlp0n3gTlPFj27Q,Kaamoria Ch.,@kaamoria,Independent,Thai VTuber Ranking,2026-09-06T15:07:31.292866+00:00,active,False,MEDIUM_CONFIDENCE
UCSPAN-WjdncItj4wMfi451g,Zalivia,@zaly-zalivia,Independent,Thai VTuber Ranking,2026-09-06T15:07:31.292892+00:00,active,False,MEDIUM_CONFIDENCE
UCRNJOb6iROvOKqWiB9H1lBg,JayVounter,@jayvounter,Independent,Thai VTuber Ranking,2026-09-06T15:07:31.292915+00:00,active,True,MEDIUM_CONFIDENCE
UCSR9HXXmM7Er6ebxyIoBgpw,Stamp LMTY ⌜VZ⌟,@stamplmty,Virtual Zeven (VZ),Thai VTuber Ranking,2026-09-06T15:07:31.292983+00:00,active,True,HIGH_CONFIDENCE
UCSaQSMvF2aOoz6GTnrb6VXw,Koemi Eimii Ch.,@koemieimii,Independent,Thai VTuber Ranking,2026-09-06T15:07:31.293069+00:00,active,False,HIGH_CONFIDENCE
UCS9vgAEQSQDhgTRIskKA2tA,Ark Ch.【ARP】,@arkarproject,Algorhythm Project,Thai VTuber Ranking,2026-09-06T15:07:31.293100+00:00,active,True,MEDIUM_CONFIDENCE
UCRYa4rXZl4M4aXDVdRWamZA,Frayr《WAV》,@frayr_wav,Independent,Thai VTuber Ranking,2026-09-06T15:07:31.293143+00:00,active,False,HIGH_CONFIDENCE
UCSjgfxkp4S7l1BrUObNUzzw,MAD:HATTER ⌜VZ⌟,@madhattervz,Virtual Zeven (VZ),Thai VTuber Ranking,2026-09-06T15:07:31.293198+00:00,active,False,MEDIUM_CONFIDENCE
UCSy4T_D4xz0IcnrAoNKd8Sw,Dalinju モラー,@dalinju,Independent,Thai VTuber Ranking,2026-09-06T15:07:31.293230+00:00,hiatus,False,MEDIUM_CONFIDENCE
UCSB3FXovZ5GLLAIfYyuXYJg,Maprang 【Vtuber】,@maprang_vtuber,Independent,Thai VTuber Ranking,2026-09-06T15:07:31.293269+00:00,active,False,MEDIUM_CONFIDENCE
UCT-XhKtg0Ld-uAjsdf-qFMA,Orinnia ch.,@orinnia_vtuber,Independent,Thai VTuber Ranking,2026-09-06T15:07:31.293308+00:00,active,False,HIGH_CONFIDENCE
UCSFXk1n7GTDk6x_7HWlopjA,Nestor Ch.,@nestorch,Independent,Thai VTuber Ranking,2026-09-06T15:07:31.293337+00:00,active,False,MEDIUM_CONFIDENCE
UCSviD27_MRT7oAdJUi0StPQ,Yoino Buten Ch.,@yoinobuten,Independent,Thai VTuber Ranking,2026-09-06T15:07:31.293402+00:00,active,False,HIGH_CONFIDENCE
UCR4Vap93GIkE4zA4DrMW-Rw,NamwanVchan,@namwanvtuber,Independent,Thai VTuber Ranking,2026-09-06T15:07:31.293455+00:00,active,False,HIGH_CONFIDENCE
UCSXwfOj8mTDxE1ZaIEHXN2w,Meraki Keimii Ch. Pixela Legends,@merakikeimii,Pixela Project,Thai VTuber Ranking; Virtual YouTuber Fandom Wiki,2026-09-06T15:07:31.293496+00:00,hiatus,True,HIGH_CONFIDENCE
UCSlT8Mc_dty5c_cFmi1zz4Q,Mikotomi Maneneko Ch. Lumina-Mutelu,@mikotomimaneneko,Lumina Live,Thai VTuber Ranking,2026-09-06T15:07:31.293537+00:00,active,False,HIGH_CONFIDENCE
UCRq6GGcCP8sjIRfzIhfmv4w,AmaneRei Ch.,@amanerei_vth,Independent,Thai VTuber Ranking,2026-09-06T15:07:31.293581+00:00,active,False,HIGH_CONFIDENCE
UCRiS4VWQedLfgE1g1AKD1DQ,Iryne Mau Ch. [Autumnia],@irynemau,Autumnia,Thai VTuber Ranking,2026-09-06T15:07:31.293617+00:00,hiatus,False,HIGH_CONFIDENCE
UCRk9GF8RknJ1tfcgP2Rr2Vw,Ran [EC19 Projekt],@ranec19projekt,Independent,Thai VTuber Ranking,2026-09-06T15:07:31.293645+00:00,hiatus,False,MEDIUM_CONFIDENCE
UCSxxTmjwf04nMcIALS1RyMQ,Akito ch. アキト【SOA】,@akito_soa,Independent,Thai VTuber Ranking,2026-09-06T15:07:31.293750+00:00,active,False,HIGH_CONFIDENCE
UCJcfB-86rWM0NF2li1CqNNw,NutsuruSama ,@nutsurusama,Independent,Thai VTuber Ranking,2026-09-06T15:07:31.293816+00:00,active,True,HIGH_CONFIDENCE
UCLWpw8jaGYOVXV8cIu1WMqw,Fukai Lorn Ch.,@fukailorn,Independent,Thai VTuber Ranking,2026-09-06T15:07:31.293846+00:00,active,False,MEDIUM_CONFIDENCE
UCJcUPyHbfB_4evd9PhFyfXQ,AltairAlAl Ch.,@altairalal,Independent,Thai VTuber Ranking,2026-09-06T15:07:31.293875+00:00,active,False,HIGH_CONFIDENCE
UCLH2yQZY_yG165dVqtabtYw,Aki Masamune Ch. / AStars Chrono prince,@akimasamune_as,AStars Production,Thai VTuber Ranking; Virtual YouTuber Fandom Wiki,2026-09-06T15:07:31.293897+00:00,active,False,MEDIUM_CONFIDENCE
UCJV_fi2dwgLJLLkIIzsT4hg,StelLa Ch.【XEKIN】,@stellachannel,Independent,Thai VTuber Ranking; Virtual YouTuber Fandom Wiki,2026-09-06T15:07:31.293924+00:00,unknown,False,HIGH_CONFIDENCE
UCLEOU6NgYYoVmPV8MwbwOkg,RatoMatsudaラト松田 Ch.,@ratokungz,Independent,Thai VTuber Ranking,2026-09-06T15:07:31.293946+00:00,active,False,MEDIUM_CONFIDENCE
UCLrFWzD0xA5nDt4ZYUnbGew,Jorirynn 【PRIME】,@jorirynnjo,Independent,Thai VTuber Ranking,2026-09-06T15:07:31.293970+00:00,hiatus,False,MEDIUM_CONFIDENCE
UCM7lej36ZymXK4KGygFQN8w,MINI_lorii,@minilorri,Independent,Thai VTuber Ranking,2026-09-06T15:07:31.294008+00:00,active,False,MEDIUM_CONFIDENCE
UCLNBff3KDEUxdfH_lkvyOKQ,Kamiyu Reirin Ch. Lumina-First-Myth,@kamiyureirin,Lumina Live,Thai VTuber Ranking; Virtual YouTuber Fandom Wiki,2026-09-06T15:07:31.294065+00:00,active,True,HIGH_CONFIDENCE
UCLEtK3UynAZPM7ODwPeveEw,LIRIN,@lirin0suke,Independent,Thai VTuber Ranking,2026-09-06T15:07:31.294091+00:00,active,True,MEDIUM_CONFIDENCE
UCJVNjk7J4WxX4ccFl11SzDw,MOA - โมอา,@moaโมอา,Independent,Thai VTuber Ranking,2026-09-06T15:07:31.294138+00:00,hiatus,False,MEDIUM_CONFIDENCE
UCL9pGQHePabm2RkTgbFR7YQ,TayTungKeyVR,@taytungkeyvr,Independent,Thai VTuber Ranking,2026-09-06T15:07:31.294169+00:00,active,False,HIGH_CONFIDENCE
UCLplEzbrp6AFeZIyVp9EnRA,แก้วกษิรา [KAEWKASIRA] 🐍🌸,@kksr_vt,Independent,Thai VTuber Ranking,2026-09-06T15:07:31.294216+00:00,active,False,MEDIUM_CONFIDENCE
UCJZdSYHLTvG4d3yVd-NyasA,AYANE  SHIWAWA,@ayane_shiwawa_,Independent,Thai VTuber Ranking,2026-09-06T15:07:31.294250+00:00,active,False,MEDIUM_CONFIDENCE
UCL7lolCifod5V21pPzR3K-w,Magnum Ch.【ARP】,@magnum_arp,Algorhythm Project,Thai VTuber Ranking,2026-09-06T15:07:31.294277+00:00,active,True,MEDIUM_CONFIDENCE
UCKlC3deRExVS_eCuFg2ec2g,Yama 『VTG』,@yama_vtg,Independent,Thai VTuber Ranking,2026-09-06T15:07:31.294364+00:00,active,False,HIGH_CONFIDENCE
UCK8GmjIUCbl_qlRCfAR3yaA,Project R.,@projectrei,Independent,Thai VTuber Ranking; Virtual YouTuber Fandom Wiki,2026-09-06T15:07:31.294461+00:00,hiatus,False,MEDIUM_CONFIDENCE
UCMQwItTmnjFp1VK-v6aR15g,Rendell Druid Ch.,@rendelldruid,Independent,Thai VTuber Ranking,2026-09-06T15:07:31.294516+00:00,active,False,MEDIUM_CONFIDENCE
UCMQ21qN4qXA0sJf-kUK9ZjQ,SIXTEEN WATHATHAI ,@sixteen-c5l,Independent,Thai VTuber Ranking,2026-09-06T15:07:31.294585+00:00,hiatus,False,HIGH_CONFIDENCE
UCKKPleoe-EdGryxMCf0i9UA,DoMINO DDD.,@domino_non,Independent,Thai VTuber Ranking,2026-09-06T15:07:31.294624+00:00,active,False,HIGH_CONFIDENCE
UCJdXesaZYrQVSjhlYhme8rQ,Ayna Ch.【ARP】,@ayna_arp,Algorhythm Project,Thai VTuber Ranking; Virtual YouTuber Fandom Wiki,2026-09-06T15:07:31.294682+00:00,hiatus,True,MEDIUM_CONFIDENCE
UCL1yaSZue9dW_zyvhdI8C3w,Friskfitz,@friskfitz,Independent,Thai VTuber Ranking,2026-09-06T15:07:31.294736+00:00,active,True,HIGH_CONFIDENCE
UCMDaeugSCq7jNvWma9pa0ZQ,ReaTH Ch.,@reathchnsk,Independent,Thai VTuber Ranking,2026-09-06T15:07:31.294758+00:00,unknown,False,MEDIUM_CONFIDENCE
UCL6YKqCxZoo1ecno9Zn6RDg,Lynis ch. Euphora | Vtuber,@lynisepr,Euphora Project,Thai VTuber Ranking,2026-09-06T15:07:31.294791+00:00,active,False,HIGH_CONFIDENCE
UCKE7TdJhSFGM6eBxAOZrw8g,Urana Ch.,@uranach,Independent,Thai VTuber Ranking,2026-09-06T15:07:31.294848+00:00,active,False,MEDIUM_CONFIDENCE
UCMBxPwSlBQz2TxRnA2ogq0w,Jayda,@jayda_suaymak,Independent,Thai VTuber Ranking,2026-09-06T15:07:31.294902+00:00,active,False,MEDIUM_CONFIDENCE
UCM69uU9b_raR3mcACHeivgg,Pyork The Pork,@pyorkthepork,Independent,Thai VTuber Ranking,2026-09-06T15:07:31.294936+00:00,active,True,HIGH_CONFIDENCE
UCK0yR420GTebrHIJy1-ND2g,Zoey Ch.【 HZ 】,@zoeychanhz,HZ,Thai VTuber Ranking,2026-09-06T15:07:31.294968+00:00,active,False,MEDIUM_CONFIDENCE
UCL0LiR5zg3vRnIHp-CowVBg,KamiSaki Kuro Ch.,@kamisaki_kuro,Independent,Thai VTuber Ranking,2026-09-06T15:07:31.294993+00:00,active,False,MEDIUM_CONFIDENCE
UCKCL2NsTO_FOaWHEE6OiHoA,Akira Ch. 狐川アキラ,@kogawaakira,Independent,Thai VTuber Ranking,2026-09-06T15:07:31.295040+00:00,active,False,HIGH_CONFIDENCE
UCJu3OL7duainSbXcDvU-bUA,Kurosawa Karwara〖Autumnia〗,@kurosawasp,Autumnia,Thai VTuber Ranking,2026-09-06T15:07:31.295099+00:00,active,False,HIGH_CONFIDENCE
UCMJcr4CRojJ_0Qkyd1a5ULQ,DeathEx Ch.,@deathexch.,Independent,Thai VTuber Ranking,2026-09-06T15:07:31.295179+00:00,active,False,HIGH_CONFIDENCE
UCJMtmiajwsQXE4rpd2wuEyg,Chiharu ch.「TRR」,@chiharu_trr,Independent,Thai VTuber Ranking,2026-09-06T15:07:31.295212+00:00,active,False,MEDIUM_CONFIDENCE
UCJh1yHdhK6XA2brZ8EIuaaw,BlueMoon Ch. ,@demon_blxe,Independent,Thai VTuber Ranking,2026-09-06T15:07:31.295235+00:00,active,False,MEDIUM_CONFIDENCE
UCM96L0HabMkeIGyBViLZ4YQ,Cynthia Rowena Ch.,@cynthiarowena,Independent,Thai VTuber Ranking,2026-09-06T15:07:31.295257+00:00,active,True,HIGH_CONFIDENCE
UCLWuDHSv5EWSQqAxar2YTlw,Akilah Ch.,@akilah_mjnv,Independent,Thai VTuber Ranking,2026-09-06T15:07:31.295282+00:00,active,False,MEDIUM_CONFIDENCE
UCJxIZZSfV0u2b7p_bK7jOjw,Endoria Fia「ALF」,@endoria_alf,ALF,Thai VTuber Ranking,2026-09-06T15:07:31.295309+00:00,active,False,MEDIUM_CONFIDENCE
UCL4nWmMsqtYKN6OvcmskNtg,Rubellite ch. Euphora,@rubelliteeuphora,Euphora Project,Thai VTuber Ranking,2026-09-06T15:07:31.295349+00:00,active,False,MEDIUM_CONFIDENCE
UCL0sord1bwoWcg2M2WExpiA,Sullivan Ch. Vprolive,@sullivanvprolive,Independent,Thai VTuber Ranking,2026-09-06T15:07:31.295370+00:00,unknown,False,MEDIUM_CONFIDENCE
UCL2geAXXebwlFLe-dokNCkw,Phelita ch. Euphora • [On Hold],@phelitaepr,Euphora Project,Thai VTuber Ranking,2026-09-06T15:07:31.295460+00:00,hiatus,False,HIGH_CONFIDENCE
UCKSfn-s6fgSVkkNGcPPUuBQ,Sua Ch.,@sua_vtuber,Independent,Thai VTuber Ranking,2026-09-06T15:07:31.295494+00:00,active,False,HIGH_CONFIDENCE
UCKPcwla_mvpdBnyjHYTiwoQ,Puipui Memory,@puipuimemory,Independent,Thai VTuber Ranking,2026-09-06T15:07:31.295572+00:00,hiatus,True,HIGH_CONFIDENCE
UCMHyqlEwC-IdXCQZht8g44w,Sigmunda Riona Ch. 【POLYGON】,@rionaplg,Polygon Official,Thai VTuber Ranking; Virtual YouTuber Fandom Wiki,2026-09-06T15:07:31.295677+00:00,active,False,HIGH_CONFIDENCE
UCKlrZ_Pp4UE8miUIbC3kFjg,Castesia | Phoenix Vtuber of Noxus,@castesia,Independent,Thai VTuber Ranking,2026-09-06T15:07:31.295738+00:00,hiatus,True,HIGH_CONFIDENCE
UCJNuYG7F5YzslTSYChWcKBw,Kousei Ch.,@kouseich219,Independent,Thai VTuber Ranking; Virtual YouTuber Fandom Wiki,2026-09-06T15:07:31.295817+00:00,active,False,MEDIUM_CONFIDENCE
UCLUmZp46kwJs1YENDLsGV9A,Lyric Ursae,@lyricursae,Independent,Thai VTuber Ranking,2026-09-06T15:07:31.295959+00:00,active,False,HIGH_CONFIDENCE
UC5RdVorohRmiGKHN4VHYZJg,TAIYO BOUKEN Ch.,@taiyobouken,Independent,Thai VTuber Ranking,2026-09-06T15:07:31.295996+00:00,active,False,HIGH_CONFIDENCE
UC4kzIt5iyX7QC27TTKfUnXA,Witchy Rochelle,@witchy_rochelle,Independent,Thai VTuber Ranking,2026-09-06T15:07:31.296060+00:00,active,False,HIGH_CONFIDENCE
UC42syJbZL4oBacK-QFTie6w,Astella Rieka Ch.,@astellariekach,Independent,Thai VTuber Ranking; Virtual YouTuber Fandom Wiki,2026-09-06T15:07:31.296142+00:00,active,False,HIGH_CONFIDENCE
UC4zIwNmfURhIO5Pj-ccmKBA,Amu V Ch.,@amuvch,Independent,Thai VTuber Ranking,2026-09-06T15:07:31.296171+00:00,hiatus,False,MEDIUM_CONFIDENCE
UC5N4WI1wHPrffHY-r1FtnIw,RESU,@retsueiei,Independent,Thai VTuber Ranking,2026-09-06T15:07:31.296201+00:00,hiatus,False,HIGH_CONFIDENCE
UC4x2o7dyxOqFLoA9NKxf0Iw,Ivy Ch.【ARP】,@ivy_arp,Algorhythm Project,Thai VTuber Ranking,2026-09-06T15:07:31.296257+00:00,active,True,MEDIUM_CONFIDENCE
UC3rL0_fwhvTx0zpFj4pn5Dw,Timothy Weii Ch.,@timothy_weii,Independent,Thai VTuber Ranking,2026-09-06T15:07:31.296314+00:00,active,False,MEDIUM_CONFIDENCE
UC4Ceq8atGdQu58Dn3YKF1Ig,T หมาป่าบลูเบอร์รี่ Wolfficial,@tblueberry,Independent,Thai VTuber Ranking,2026-09-06T15:07:31.296381+00:00,active,False,HIGH_CONFIDENCE
UC4g_aNYnbZ564FUrzHvoFQA,Moe Kaori  ⌜VZ⌟,@moekaorivz,Virtual Zeven (VZ),Thai VTuber Ranking,2026-09-06T15:07:31.296449+00:00,hiatus,False,MEDIUM_CONFIDENCE
UC52dzPlsz8jN2hIevufKCHA,ALhong 『VTG』,@alhongvtg,Independent,Thai VTuber Ranking,2026-09-06T15:07:31.296486+00:00,active,False,MEDIUM_CONFIDENCE
UC5x2tcpXNa1dZx035isZKWQ,LunaLumIIna 「 PRD 」,@lunalumiina,Independent,Thai VTuber Ranking,2026-09-06T15:07:31.296610+00:00,active,False,HIGH_CONFIDENCE
UC4JQ9apR_7oHuqn05Zzy1KA,Tako_TK Ch.,@tako_tk,Independent,Thai VTuber Ranking,2026-09-06T15:07:31.296709+00:00,active,False,HIGH_CONFIDENCE
UC5HQtSunzJjhS-XcBdbUC6Q,Woofna ch. ,@wadogardenwoofna,Independent,Thai VTuber Ranking,2026-09-06T15:07:31.296859+00:00,active,False,HIGH_CONFIDENCE
UC4IVinDrDxJGqolrsYSwnnw,thomashi ch. 翔真志,@thomashiproject1770,Independent,Thai VTuber Ranking,2026-09-06T15:07:31.296912+00:00,active,False,HIGH_CONFIDENCE
UC4EiUVIMjw-SE6_6Kt0Mk-g, เช่ค้าบ 𝗟𝗨𝗖𝗛𝗘,@luche_sinclair,Independent,Thai VTuber Ranking,2026-09-06T15:07:31.296954+00:00,active,False,MEDIUM_CONFIDENCE
UC3qnb4Sgo4QtiOi8iS7jOsQ,Kumoku Tsururu Ch. Lumina-World-End,@tsururuworldend,Lumina Live,Thai VTuber Ranking,2026-09-06T15:07:31.297022+00:00,active,False,HIGH_CONFIDENCE
UC548-tLEd7-0kgzXGeSdUtw,MIEMER,@miemerr,Independent,Thai VTuber Ranking,2026-09-06T15:07:31.297048+00:00,unknown,False,MEDIUM_CONFIDENCE
UC5TnSrUJmrC_KFW9VLi37lA,ArrLost Ch.,@ach_newsekai,Independent,Thai VTuber Ranking,2026-09-06T15:07:31.297076+00:00,hiatus,False,MEDIUM_CONFIDENCE
UC4P6ez9eO2Lv8Jun5zXaVMg,sSolarly Ch.,@ssolarly,Independent,Thai VTuber Ranking,2026-09-06T15:07:31.297124+00:00,active,False,HIGH_CONFIDENCE
UC5ZH6Ynk7iBN4wJBanvhXcg,Janus ch.「TRR」,@janus_trr,Independent,Thai VTuber Ranking,2026-09-06T15:07:31.297165+00:00,active,False,HIGH_CONFIDENCE
UC4t1p_Eg0GcjdrdctUIAaug,MAYANuT,@mayanut,Independent,Thai VTuber Ranking,2026-09-06T15:07:31.297245+00:00,active,False,MEDIUM_CONFIDENCE
UC5hOgx6yvYrY8Rn1zaxAY1A,Zelune Noctarielle 🌙,@zelune_lunezero,Independent,Thai VTuber Ranking,2026-09-06T15:07:31.297284+00:00,active,False,MEDIUM_CONFIDENCE
UC3sqLdjV0uxXfAzLE-fJeXw,Cresent Ansel Ch.,@cresentansel,Independent,Thai VTuber Ranking,2026-09-06T15:07:31.297362+00:00,hiatus,False,MEDIUM_CONFIDENCE
UC5NtCgUU-vQC_GrtzSUeSZA,Gloria ch.【21PM】,@gloria21pm,Independent,Thai VTuber Ranking,2026-09-06T15:07:31.297403+00:00,active,False,MEDIUM_CONFIDENCE
UC4sCp51x2lBXf7x2Uy_fj_A,Sistra Lyrics《 OTL 》,@sistralyrics_otl,Independent,Thai VTuber Ranking,2026-09-06T15:07:31.297462+00:00,active,False,HIGH_CONFIDENCE
UC5VPIoY1j_x9UZSqkpwg8jw,Maya Oboro Ch.,@mayaoboroch,Independent,Thai VTuber Ranking,2026-09-06T15:07:31.297553+00:00,hiatus,False,HIGH_CONFIDENCE
UC5iFCwUMeeZX9KLCTOIKItQ,Mirinku ,@mirinku,Independent,Thai VTuber Ranking,2026-09-06T15:07:31.297583+00:00,hiatus,False,MEDIUM_CONFIDENCE
UC51b_p9sAVzl9PIwnVe0Wnw,Kamphee soAlone Ch. [Autumnia],@kamphee,Autumnia,Thai VTuber Ranking,2026-09-06T15:07:31.297658+00:00,active,False,HIGH_CONFIDENCE
UC5lHMQtDJF1h2-s0nCBQpoA,Somjeedbanrai【VJN】,@somjeedbanrai,Independent,Thai VTuber Ranking,2026-09-06T15:07:31.297693+00:00,active,False,MEDIUM_CONFIDENCE
UC5cOcO_LxT0ZQ7Q2qQEM4Og,Shiba Inuri Ch.,@shibainuri,Independent,Thai VTuber Ranking,2026-09-06T15:07:31.297743+00:00,active,False,MEDIUM_CONFIDENCE
UC5OXcxq6ab6RlhHqNyHws_w,M a l l o w  Ch.,@mallow_ham,Independent,Thai VTuber Ranking,2026-09-06T15:07:31.297780+00:00,hiatus,False,MEDIUM_CONFIDENCE
UC5kkY1f25n1e9KYxSKVtUpg,XETSU Ch. / QURSE,@xetsuvibeent,Independent,Thai VTuber Ranking,2026-09-06T15:07:31.297808+00:00,active,False,MEDIUM_CONFIDENCE
UC5ZB56gBvLOM3e_eVioCrCQ,Bettha Ch.,@betthach,Independent,Thai VTuber Ranking,2026-09-06T15:07:31.297835+00:00,active,False,MEDIUM_CONFIDENCE
UC5FZBzrjJ0DQwkP6D91M-0g,ZINZIER Ch.,@zinniszier,Independent,Thai VTuber Ranking,2026-09-06T15:07:31.297898+00:00,hiatus,False,MEDIUM_CONFIDENCE
UC4fR2AniBIratHesKgQyHiw,Nokk_tt Ch.,@n0kk_tt,Independent,Thai VTuber Ranking,2026-09-06T15:07:31.297925+00:00,active,False,MEDIUM_CONFIDENCE
UC4CQvHd-rReEpxE43dluLYQ,X-JEVZ,@x-jevz,Independent,Thai VTuber Ranking,2026-09-06T15:07:31.297982+00:00,active,False,MEDIUM_CONFIDENCE
UC4kKR_Kstzo__dyqZa-95Ig,King Slime VTH ,@kingslimevth,Independent,Thai VTuber Ranking,2026-09-06T15:07:31.298131+00:00,active,False,HIGH_CONFIDENCE
UC48D7EILUGrBeffDrXXJAIQ,Langler Ch.,@langlerobite,Independent,Thai VTuber Ranking,2026-09-06T15:07:31.298158+00:00,hiatus,False,MEDIUM_CONFIDENCE
UC4plXkAtJdWilZ7-YqWT7Zw,GINYADOM,@ginyadom,Independent,Thai VTuber Ranking,2026-09-06T15:07:31.298199+00:00,hiatus,False,HIGH_CONFIDENCE
UC5I-HucSFSRsYl3HYMxtgEA,TiernSay,@tiernsay,Independent,Thai VTuber Ranking; Virtual YouTuber Fandom Wiki,2026-09-06T15:07:31.298246+00:00,active,False,HIGH_CONFIDENCE
UC4gflcsvblzsnCtNddgDSQA,Moia | โมเอีย 🪶,@moia_lnwza55,Independent,Thai VTuber Ranking,2026-09-06T15:07:31.298296+00:00,active,False,MEDIUM_CONFIDENCE
UC5JlD3YtvbCaAeU3TWSpW6A,Kisa l FoxRabbitC4T,@foxrabbitc4t,Independent,Thai VTuber Ranking,2026-09-06T15:07:31.298323+00:00,active,False,MEDIUM_CONFIDENCE
UC5wA30Tc9ONbRjj6QNinH9w,Kayo Ch. 【かよCh.】◣PLO◥,@kayoch,Independent,Thai VTuber Ranking,2026-09-06T15:07:31.298363+00:00,active,False,MEDIUM_CONFIDENCE
UC4nsIGJlPXdVHJ61TQdEzfQ,Mariabell Rain - 雨 ,@mariabellrain,Independent,Thai VTuber Ranking,2026-09-06T15:07:31.298464+00:00,active,False,HIGH_CONFIDENCE
UC5NrMFPWAtcfNH8ibcBlWhQ,霧死 - Kirishi,@kirishi_021,Independent,Thai VTuber Ranking,2026-09-06T15:07:31.298496+00:00,active,False,MEDIUM_CONFIDENCE
UC4QwUkFO1_JJe_TTN5jYoyA,Atsuki丨アツキ,@inumaru_atsuki,Independent,Thai VTuber Ranking,2026-09-06T15:07:31.298530+00:00,active,False,MEDIUM_CONFIDENCE
UC4QiJt8a2VjOnwI-0zzMsKA,Kanon Official,@kanonharunaofficial,Independent,Thai VTuber Ranking,2026-09-06T15:07:31.298582+00:00,hiatus,False,HIGH_CONFIDENCE
UC4194MxDKFwBEFtaFbwwM7g,Sour,@soursama_,Independent,Thai VTuber Ranking,2026-09-06T15:07:31.298646+00:00,active,False,HIGH_CONFIDENCE
UCc31qMp87wZnOpcxkQB7Prw,เบลล์ / Belle [EC19 Projekt],@belleec19projekt97,Independent,Thai VTuber Ranking,2026-09-06T15:07:31.298715+00:00,active,False,HIGH_CONFIDENCE
UCcmmL4Bdgf1tvkAm8C57_rg,Umi Uzagi Ch.,@umiuzagi_vth,Independent,Thai VTuber Ranking,2026-09-06T15:07:31.298766+00:00,active,False,MEDIUM_CONFIDENCE
UCbLBp0DgOr1ryQBdYp-AGcQ,Asaka Irin | Operation V Ch.,@asaka_irin,Independent,Thai VTuber Ranking,2026-09-06T15:07:31.298863+00:00,active,False,HIGH_CONFIDENCE
UCctSbuyO_J73eUqGUesZotw,dtto's Empire,@dttosempire,Independent,Thai VTuber Ranking,2026-09-06T15:07:31.298892+00:00,hiatus,False,MEDIUM_CONFIDENCE
UCcfkeut6fAXSfuT1AmFi2cA,Valkyrie Ch.,@cs_valkyrie,Independent,Thai VTuber Ranking,2026-09-06T15:07:31.298925+00:00,active,False,HIGH_CONFIDENCE
UCcjjQNj_XUhM1dH9TEXEpAg,มาลัย / Malai [EC19 Projekt],@malaiec19projekt9,Independent,Thai VTuber Ranking,2026-09-06T15:07:31.298959+00:00,active,False,HIGH_CONFIDENCE
UCcKP-pSFONm5IMA-GdikUEQ,Salvatore Ch.『 VNV 』,@salvatore_vnv,Independent,Thai VTuber Ranking,2026-09-06T15:07:31.298995+00:00,active,False,HIGH_CONFIDENCE
UCbXO3ON6BR4-lhx5Yd4yzKA,Midori Suika,@midorisuika,Independent,Thai VTuber Ranking,2026-09-06T15:07:31.299059+00:00,active,False,HIGH_CONFIDENCE
UCc6ilVu6_FK9y_9qMMh4WMQ,PlatinumRankWrath | V-Storyteller,@platinumrankwrath,Independent,Thai VTuber Ranking,2026-09-06T15:07:31.299101+00:00,hiatus,False,HIGH_CONFIDENCE
UCbd5WWyYS2WBMNNxfVEBQQg,EVA THE RHINO Ch.,@evatherhino,Independent,Thai VTuber Ranking,2026-09-06T15:07:31.299146+00:00,active,False,MEDIUM_CONFIDENCE
UCcLO1hhvvD6AKtDayqDABpA,MawMeow Channel / แมวเหมียว~,@mawmeowstudio,Independent,Thai VTuber Ranking,2026-09-06T15:07:31.299187+00:00,hiatus,False,HIGH_CONFIDENCE
UCbbK8AskO_4tRrs0yc7bQXQ,FouruaryTH,@fouruaryth,Independent,Thai VTuber Ranking,2026-09-06T15:07:31.299276+00:00,active,False,HIGH_CONFIDENCE
UCcKPhwmHkBGaYKBp50jPzzg,Venus Lapirus Ch.,@venuslpr,Independent,Thai VTuber Ranking,2026-09-06T15:07:31.299340+00:00,active,False,HIGH_CONFIDENCE
UCbXZ2JNCFUc5cMWO0480grA,MAJCHA มัจฉา | DEBUT SOON,@majcha_ch,Independent,Thai VTuber Ranking,2026-09-06T15:07:31.299374+00:00,active,False,HIGH_CONFIDENCE
UCcbMfHO8TX8mQ9LEi4zs5Zw,Gris Panthera Ch. ,@grispantherach,Independent,Thai VTuber Ranking,2026-09-06T15:07:31.299451+00:00,active,False,HIGH_CONFIDENCE
UCcJnP0qoimAQg8L3sTJ1O_Q,MeidayV.,@meidayv.5800,Independent,Thai VTuber Ranking,2026-09-06T15:07:31.299481+00:00,active,False,MEDIUM_CONFIDENCE
UCbXXQtmpcBI8GtO2Xg5pYuw,Donovan Ch.,@donovanch,Independent,Thai VTuber Ranking,2026-09-06T15:07:31.299531+00:00,active,False,HIGH_CONFIDENCE
UCdGC8XH74o6QTavyXw-5q2w,HoshiNa Vtuber Ch.,@hoshinach,Independent,Thai VTuber Ranking,2026-09-06T15:07:31.299586+00:00,active,False,HIGH_CONFIDENCE
UCbdwIhYMC977P-Fk6d0utoQ,Neoda Neviris,@nneviris,Independent,Thai VTuber Ranking,2026-09-06T15:07:31.299613+00:00,active,False,MEDIUM_CONFIDENCE
UCdPOgLoE_grESHHrpHDNsEg,Idary tailor,@idarytailor8462,Independent,Thai VTuber Ranking,2026-09-06T15:07:31.299657+00:00,active,False,HIGH_CONFIDENCE
UCcrJWJBgpZ1A-EoFKqRRzOg,_AiRiTk_,@_airitk_,Independent,Thai VTuber Ranking,2026-09-06T15:07:31.299757+00:00,hiatus,False,HIGH_CONFIDENCE
UCdF31qg1W2KsKxSuSFECflA,Copper Vtuber,@copper_vtuber,Independent,Thai VTuber Ranking,2026-09-06T15:07:31.299785+00:00,active,False,MEDIUM_CONFIDENCE
UCbHVEzb9fr8DxWPUxCAEOVQ,Sebastos | Vtuber,@sebastos_vt,Independent,Thai VTuber Ranking,2026-09-06T15:07:31.299823+00:00,active,False,MEDIUM_CONFIDENCE
UCddeSRGyCRq2K8k_NPprI-g,Daichi Merinor ch. ◈BLB◈,@daichimerinor_blb,Independent,Thai VTuber Ranking,2026-09-06T15:07:31.299857+00:00,active,False,HIGH_CONFIDENCE
UCd6Tzh7ZpVnCysNMt4nPjAg,Sojuu S.,@sojuusmiley,Independent,Thai VTuber Ranking,2026-09-06T15:07:31.299898+00:00,active,False,MEDIUM_CONFIDENCE
UCcG3H4vlPyThp_yQpySo0gw,Buruki Ch,@burukivgamer,Independent,Thai VTuber Ranking,2026-09-06T15:07:31.299963+00:00,active,False,HIGH_CONFIDENCE
UCcEeR95bngZpdswBuEWJ0DQ,QueenSkaði Ch.スカディ,@queenskaich.9439,Independent,Thai VTuber Ranking,2026-09-06T15:07:31.300070+00:00,hiatus,False,HIGH_CONFIDENCE
UCcgDP2RmeCqW1GTms1mkUlQ,Karu Ch.【ARP】,@karu_arp,Algorhythm Project,Thai VTuber Ranking; Virtual YouTuber Fandom Wiki,2026-09-06T15:07:31.300121+00:00,active,True,MEDIUM_CONFIDENCE
UCc9W8GnDEHPNgt6eshaAvQw,Nirvana Ch.【ARP】,@nirvana_arp,Algorhythm Project,Thai VTuber Ranking,2026-09-06T15:07:31.300150+00:00,active,True,MEDIUM_CONFIDENCE
UCbzEo3V4jrYslgsDPXUV8-A,靖海 • J1ngHaii,@j1nghaii,Independent,Thai VTuber Ranking,2026-09-06T15:07:31.300195+00:00,active,False,MEDIUM_CONFIDENCE
UCbypR_t0teWxIdrQ9i83XiQ,Lunessa Florynne Ch. Lumina-Muse,@lunessaflorynne,Lumina Live,Thai VTuber Ranking,2026-09-06T15:07:31.300255+00:00,active,False,HIGH_CONFIDENCE
UCdgjIr2R7jAjCO-62Y4nMoQ,Cyntia Ch.,@cyntiavtuber,Independent,Thai VTuber Ranking,2026-09-06T15:07:31.300295+00:00,active,False,MEDIUM_CONFIDENCE
UCcPlWQeuFutZ8VllrN_O2YA,Ume Ch. しのはな❀梅,@umepinko,Independent,Thai VTuber Ranking,2026-09-06T15:07:31.300414+00:00,hiatus,False,HIGH_CONFIDENCE
UCbfARUSxU4X2o5_PwjRXezw,Mira Pilula,@mirapilula8509,Independent,Thai VTuber Ranking,2026-09-06T15:07:31.300452+00:00,hiatus,False,HIGH_CONFIDENCE
UCcFIthTrwa6N-1ri9sQZstw,Poru Ch.【ARP】,@poru_arp,Algorhythm Project,Thai VTuber Ranking,2026-09-06T15:07:31.300517+00:00,active,True,MEDIUM_CONFIDENCE
UCc3SW0RuO0pK4n1jYmDvGKw,Ariel | R.E.L's New Laboratory,@vthariel,Independent,Thai VTuber Ranking,2026-09-06T15:07:31.300608+00:00,active,False,MEDIUM_CONFIDENCE
UCchEIVkQk2tgdHiSc0LxGJQ,Dariela,@darieladolly,Independent,Thai VTuber Ranking,2026-09-06T15:07:31.300658+00:00,active,False,HIGH_CONFIDENCE
UCbwvKxA5KSud4jcaD5g5ukQ,Azazel the Wanderer Ch.,@oldmanazazel,Independent,Thai VTuber Ranking,2026-09-06T15:07:31.300710+00:00,hiatus,False,MEDIUM_CONFIDENCE
UCcdu_2oQRES4yHL98BC4_fw,Souji Roy,@soujiroy,Independent,Thai VTuber Ranking,2026-09-06T15:07:31.300785+00:00,active,False,HIGH_CONFIDENCE
UCdYlA3Qi1TnZwThS9Rb7dog,JayloNy,@jaylony,Independent,Thai VTuber Ranking,2026-09-06T15:07:31.300811+00:00,active,True,MEDIUM_CONFIDENCE
UCbTN1R7AbdA1vICChlVDaYg,Serenno Koriel ,@serennokoriel,Independent,Thai VTuber Ranking,2026-09-06T15:07:31.300852+00:00,active,False,MEDIUM_CONFIDENCE
UCdVlryCezLzVh74qwUfrL6Q,ฟ้อนดาวมาเล่า | Fondawl【RE:S】,@fondawl_res,Independent,Thai VTuber Ranking,2026-09-06T15:07:31.300924+00:00,hiatus,False,HIGH_CONFIDENCE
UCbS8T1ffrgNRkvRy11KbnHQ,Grey Murasaki Vitale Ch.,@greymvitale,Independent,Thai VTuber Ranking,2026-09-06T15:07:31.300997+00:00,active,False,MEDIUM_CONFIDENCE
UCcTGGIt4hirVXIxUHPxIvXw,Aya Leveru Ch.,@ayaleveruch,Independent,Thai VTuber Ranking,2026-09-06T15:07:31.301050+00:00,active,False,HIGH_CONFIDENCE
UCbZDGjLa_Rc3TfPVXMR1Tog,Biscuit Blythe Ch. Pixela Destiny,@blythebiscuit,Pixela Project,Thai VTuber Ranking,2026-09-06T15:07:31.301082+00:00,active,True,MEDIUM_CONFIDENCE
UCbeaB9MoD9IyXqBshyQuNRQ,Nerumi-s,@nerumi-s,Independent,Thai VTuber Ranking,2026-09-06T15:07:31.301110+00:00,active,True,MEDIUM_CONFIDENCE
UCcM1cUyEXYmm13DgfwXS-oQ,Mysti Ch.,@mystich04,Independent,Thai VTuber Ranking,2026-09-06T15:07:31.301177+00:00,active,False,HIGH_CONFIDENCE
UCbfqosxk1LXHk3pW1p3G0GA,Issa,@issanumberone,Independent,Thai VTuber Ranking,2026-09-06T15:07:31.301217+00:00,active,False,HIGH_CONFIDENCE
UC-FO1d6VYrHvbPjzr4Fuwgg,Kuronuri Inuri 【Rainbow Arc.】,@kuronuriinurirainbowarc.2572,Independent,Thai VTuber Ranking,2026-09-06T15:07:31.301339+00:00,hiatus,False,HIGH_CONFIDENCE
UC16UwMg_siDFehWYFcjZhDQ,Kanako Ch. / 金狐カナ,@kanasomsom,Independent,Thai VTuber Ranking,2026-09-06T15:07:31.301451+00:00,active,False,HIGH_CONFIDENCE
UC0cpWaYfZHppuIXGN6on59Q,Nisa Ch. นิสาปี้,@nisapoyo,Independent,Thai VTuber Ranking; Virtual YouTuber Fandom Wiki,2026-09-06T15:07:31.301526+00:00,active,False,HIGH_CONFIDENCE
UC0C6NAfPq2HMMqxO4hXyG-g,สุรกี้ | วีทูปเบอร์,@vanderlinde-1986,Independent,Thai VTuber Ranking,2026-09-06T15:07:31.301601+00:00,active,False,HIGH_CONFIDENCE
UC-4w5VWWZRCK_wg9EJ-lr1w,haidan Ayso0 Ch.,@haidanayso0,Independent,Thai VTuber Ranking,2026-09-06T15:07:31.301657+00:00,hiatus,False,HIGH_CONFIDENCE
UC-z7X8ICz1T-5gAJLgvYWCQ,【公式】HAJITABI ハジタビ,@-hajitabi,Independent,Thai VTuber Ranking,2026-09-06T15:07:31.301730+00:00,hiatus,False,MEDIUM_CONFIDENCE
UC-8ovOIio6IUT-2DFsZvnMw,Lune&Sol Ch.,@lunesolch,Independent,Thai VTuber Ranking,2026-09-06T15:07:31.301755+00:00,hiatus,False,MEDIUM_CONFIDENCE
UC05R2CcQn2TqvrgZRp-RF6w,Navy Lucifer | V.W.Y,@navyluciferv.w.y,V.W.Y,Thai VTuber Ranking,2026-09-06T15:07:31.301778+00:00,hiatus,False,MEDIUM_CONFIDENCE
UC0Zn4uhb90EBb5e3NlvuS1g,chika🍀,@nonokochika,Independent,Thai VTuber Ranking,2026-09-06T15:07:31.301819+00:00,active,False,HIGH_CONFIDENCE
UC-1J1TwDCLKe2p4HVchqGiw,Mosant Ch.,@mosantxd,Independent,Thai VTuber Ranking; Virtual YouTuber Fandom Wiki,2026-09-06T15:07:31.301899+00:00,active,True,MEDIUM_CONFIDENCE
UC0HGT-zZVzNq5JGOJOGYfJA,TEDDYBEL 【Official】,@teddybel_official,Independent,Thai VTuber Ranking,2026-09-06T15:07:31.302024+00:00,active,False,MEDIUM_CONFIDENCE
UC0C2fagfuiXuEgVCHEkJi4Q,Zenos Ch.,@zenospdr,Independent,Thai VTuber Ranking,2026-09-06T15:07:31.302078+00:00,hiatus,False,MEDIUM_CONFIDENCE
UC-uDG_nIZg8zySZPAJ1Ex2Q,Lunette CH.,@lunette_rabbit,Independent,Thai VTuber Ranking,2026-09-06T15:07:31.302245+00:00,active,False,HIGH_CONFIDENCE
UC0Ky1U__7T2Z5SOZCvNlJ-Q,Beariss Beam,@bearissbeam,Independent,Thai VTuber Ranking,2026-09-06T15:07:31.302275+00:00,hiatus,True,MEDIUM_CONFIDENCE
UC0nW1honcPC62DD5Qkv3NAw,NonGField,@ngf_kb,Independent,Thai VTuber Ranking,2026-09-06T15:07:31.302354+00:00,active,False,HIGH_CONFIDENCE
UC1ibZkqGoK8pSctzOwXUcWA,Mizuhara Yami Ch.,@mizuharayami,Independent,Thai VTuber Ranking,2026-09-06T15:07:31.302417+00:00,active,False,HIGH_CONFIDENCE
UC19G1A17yxePMyLJqcNBN7Q,Kuroda Mikari,@mikarichannel,Independent,Thai VTuber Ranking; Virtual YouTuber Fandom Wiki,2026-09-06T15:07:31.302471+00:00,hiatus,False,HIGH_CONFIDENCE
UC-KEm4E7Yp_t0Gzix4SwkwA,Dëa Ex Δ Ch. Lumina-Muse,@deaexdelta,Lumina Live,Thai VTuber Ranking,2026-09-06T15:07:31.302575+00:00,active,False,HIGH_CONFIDENCE
UC0OQFhAPY9bgfKqi6u8MI7Q,Ryoukucha CH〖DPX〗,@ryoukuchach,DPX,Thai VTuber Ranking,2026-09-06T15:07:31.302611+00:00,active,False,MEDIUM_CONFIDENCE
UC-7KSYyqZ5FthXGj4R1nVbw,Shian Blueth,@shianblueth,Independent,Thai VTuber Ranking,2026-09-06T15:07:31.302650+00:00,active,False,HIGH_CONFIDENCE
UC0J6pp9DfQIKE0ZP7nHq7oA,Keiler Ch.〖SSR〗,@keilerwang,Independent,Thai VTuber Ranking,2026-09-06T15:07:31.302679+00:00,active,False,MEDIUM_CONFIDENCE
UC0XEfbSBJTqH5sH79R7ZXKw,Muay​ The Barista ,@muay_barista001,Independent,Thai VTuber Ranking,2026-09-06T15:07:31.302723+00:00,active,False,MEDIUM_CONFIDENCE
UC0j83REEO0vmUB6UOJpC5EA,Riel Tabiji,@rieltabiji,Independent,Thai VTuber Ranking,2026-09-06T15:07:31.302777+00:00,active,False,HIGH_CONFIDENCE
UC0WohB8vCmGDUn1q67z8kTA,NaruFay,@narufay,Independent,Thai VTuber Ranking,2026-09-06T15:07:31.302840+00:00,active,False,HIGH_CONFIDENCE
UC-hRgpBR4P_7FAf_73rEfAA,Fina and Tier,@finaandtier,Independent,Thai VTuber Ranking,2026-09-06T15:07:31.302910+00:00,hiatus,False,HIGH_CONFIDENCE
UC0sN779hXum_LluFaWfJjcw,Hinaree Kannari Ch. Lumina-Muse,@hinareekannari,Lumina Live,Thai VTuber Ranking,2026-09-06T15:07:31.302965+00:00,active,False,HIGH_CONFIDENCE
UC1Ow3RRt6TlD5__a3t-UYLQ,Kurosegawa Renjimaru 黒瀬川 櫺子丸 Ch.,@kurosegawarenjimaruch.,Independent,Thai VTuber Ranking,2026-09-06T15:07:31.303032+00:00,active,False,HIGH_CONFIDENCE
UC0bsrd1M3gCF6XqT_pBobjg,P1achon,@p1achon,Independent,Thai VTuber Ranking,2026-09-06T15:07:31.303065+00:00,active,False,MEDIUM_CONFIDENCE
UC06ZTttwwgmmMdc6ZMkOOgg,Akimoto Yuma Ch. [SOON],@akimotoyumach,Independent,Thai VTuber Ranking,2026-09-06T15:07:31.303102+00:00,hiatus,False,HIGH_CONFIDENCE
UC-KdQvTPC9k3pLjy4Y1PBkg,Aventurine Ch,@aventurinech,Independent,Thai VTuber Ranking,2026-09-06T15:07:31.303124+00:00,active,False,MEDIUM_CONFIDENCE
UC1FwYKHZnh2Qrj4GVbes9zQ,StunKung,@stunkung,Independent,Thai VTuber Ranking,2026-09-06T15:07:31.303169+00:00,active,False,HIGH_CONFIDENCE
UC1W2400L97Bwe2leu7eXEzA,Khaojao,@khaojao,Independent,Thai VTuber Ranking; Virtual YouTuber Fandom Wiki,2026-09-06T15:07:31.303190+00:00,active,True,MEDIUM_CONFIDENCE
UC1893R8hjcc2zIu1KPT4MGw,Waririn Channel ⌜VZ⌟,@waririnchannel,Virtual Zeven (VZ),Thai VTuber Ranking,2026-09-06T15:07:31.303240+00:00,active,False,MEDIUM_CONFIDENCE
UC-Xb3VhAajR8bir4XpgtZNA,Caelith - ケイリス Keirisu -,@caelithhoshizora,Independent,Thai VTuber Ranking,2026-09-06T15:07:31.303264+00:00,active,False,HIGH_CONFIDENCE
UC06xwFlEkBFdtxqV0WpVcqg,Kiaren Ch.,@kiarenuwu,Independent,Thai VTuber Ranking,2026-09-06T15:07:31.303283+00:00,active,False,MEDIUM_CONFIDENCE
UC1_PguMZvyU9DhFVuwuUgTw,Lucala Ch.【APT】,@lucala_apt,Independent,Thai VTuber Ranking,2026-09-06T15:07:31.303330+00:00,active,False,MEDIUM_CONFIDENCE
UC0CvHQnIDi7-Pk5nyc09EYw,Kyubi Nine キュビ ナイン,@kyubi9,Independent,Thai VTuber Ranking,2026-09-06T15:07:31.303372+00:00,hiatus,False,HIGH_CONFIDENCE
UC0_VlKMxJuvQm5lZnG5AT4g,Yuzei Akatsuki,@yuzeiakatsuki,Independent,Thai VTuber Ranking,2026-09-06T15:07:31.303396+00:00,active,False,HIGH_CONFIDENCE
UC-FSZsfcwy_e-gRtYr8ns5A,Kurumi Maki Ch.,@kurumi_maki,Independent,Thai VTuber Ranking,2026-09-06T15:07:31.303424+00:00,active,False,MEDIUM_CONFIDENCE
UC-qpvnKJF0bd-r10dtgkXyg,Maybliss Blessyou Ch.,@mayblissvt,Independent,Thai VTuber Ranking,2026-09-06T15:07:31.303488+00:00,active,False,HIGH_CONFIDENCE
UC-e-7z5tyBNm8M0XxySq0lg,Nihil Aeternum | VtuberTH 🔎,@nihil_vtuber,Independent,Thai VTuber Ranking,2026-09-06T15:07:31.303524+00:00,active,False,MEDIUM_CONFIDENCE
UC0C_CplF_fwd1hEZuIE6VIw,Rawley Izzy G. Ch. | Graduated,@izzygch,Independent,Thai VTuber Ranking,2026-09-06T15:07:31.303588+00:00,hiatus,True,HIGH_CONFIDENCE
UC0FTyntIoEvvpfQOe75zJXA,Marine Ch. マリン • チャリオット,@marineojou-sama,Independent,Thai VTuber Ranking,2026-09-06T15:07:31.303670+00:00,active,False,MEDIUM_CONFIDENCE
UC-ZDJww4irljOotrkMG0FeA,˚｡ෆ Morosis ⤾,@morosisch,Independent,Thai VTuber Ranking,2026-09-06T15:07:31.303689+00:00,active,False,MEDIUM_CONFIDENCE
UC-rl31Wigrn8iexKkpNl7jg,DolcheB,@dolcheb_ch,Independent,Thai VTuber Ranking,2026-09-06T15:07:31.303758+00:00,active,False,MEDIUM_CONFIDENCE
UC0XMhMMHSxNWG2wz38VRpiA,Aster Kalimeris Ch.,@asterkalimeris,Independent,Thai VTuber Ranking,2026-09-06T15:07:31.303800+00:00,hiatus,False,MEDIUM_CONFIDENCE
UC0D7SuIVLYoD1hU3dxNxdMg,Ziika ⌜VZ⌟,@mu_ziika,Virtual Zeven (VZ),Thai VTuber Ranking,2026-09-06T15:07:31.303860+00:00,active,False,HIGH_CONFIDENCE
UC0fZ_5Kil9VctNzpYo4vpLg,Tenebris D. Armis Ch. | RPG 【GRADUATED】,@tenebrisrelife,RPG,Thai VTuber Ranking,2026-09-06T15:07:31.303881+00:00,unknown,True,MEDIUM_CONFIDENCE
UC0ZulKukNQiTsA2r7dEL0OA,KiwaPawari Ch. | キワー,@kiwapawari,Independent,Thai VTuber Ranking,2026-09-06T15:07:31.303975+00:00,active,False,HIGH_CONFIDENCE
UCklpP4KpgJdCfz4XVe0Nhvg,PeachVTB Ch.,@peachvtbch,Independent,Thai VTuber Ranking; Virtual YouTuber Fandom Wiki,2026-09-06T15:07:31.304001+00:00,hiatus,False,HIGH_CONFIDENCE
UClKKLcJYu3P7VdVVc4H8fUQ,Nicole BLANK,@nicoleblank,Independent,Thai VTuber Ranking,2026-09-06T15:07:31.304034+00:00,active,False,HIGH_CONFIDENCE
UCkf9IC_RAo1SSj4BvR7ahOA,Emiliaエミリア🌸🍡 ch.,@emi_emilia24,Independent,Thai VTuber Ranking,2026-09-06T15:07:31.304092+00:00,active,False,HIGH_CONFIDENCE
UCmAObfjMAwE-nqr9D0ISAFw,Fufu15 Ch. 〖ST〗,@fufu15vtuber44,Independent,Thai VTuber Ranking,2026-09-06T15:07:31.304122+00:00,active,False,HIGH_CONFIDENCE
UClOemvfyX_2oQPj-foZu5jw,RAITO-KUN,@raito-kun11,Independent,Thai VTuber Ranking,2026-09-06T15:07:31.304157+00:00,active,False,HIGH_CONFIDENCE
UClBbcA64ikRSXTijItUQ-OA,Mizo Chan Ch.【PSM】,@mizochann,Independent,Thai VTuber Ranking,2026-09-06T15:07:31.304195+00:00,active,False,MEDIUM_CONFIDENCE
UCmR_ysVFhbwdrh080o1MuMQ,Momo Vtuber,@momo_lh,Independent,Thai VTuber Ranking,2026-09-06T15:07:31.304256+00:00,active,False,HIGH_CONFIDENCE
UClIlMpdlevmQHyd7qQLLNWA,ghostmaiky,@ghostmaiky,Independent,Thai VTuber Ranking,2026-09-06T15:07:31.304276+00:00,active,True,MEDIUM_CONFIDENCE
UCmBtZhaKjvZ6zotSOuOMnwQ,Fortuna Leah,@fortunaleah,Independent,Thai VTuber Ranking,2026-09-06T15:07:31.304309+00:00,hiatus,False,HIGH_CONFIDENCE
UClHAmzOCBWpIxaeLoB1C3WQ,HottoMaya,@hottomaya559,Independent,Thai VTuber Ranking,2026-09-06T15:07:31.304331+00:00,active,False,MEDIUM_CONFIDENCE
UCkfMOc9cpO2jNCQcr_9nnKw,CcretRain [ FLAW project ],@ccretrain,Independent,Thai VTuber Ranking,2026-09-06T15:07:31.304421+00:00,active,False,MEDIUM_CONFIDENCE
UCkxYPkvxIhorqG9577J0KGg,N4iKI,@naikich54,Independent,Thai VTuber Ranking,2026-09-06T15:07:31.304445+00:00,active,False,HIGH_CONFIDENCE
UCm7uL6HoDxrJ7aJm7HMacQA,ZGezz Channel by พี่กอล์ฟ,@zgezzchannel,Independent,Thai VTuber Ranking,2026-09-06T15:07:31.304562+00:00,hiatus,False,HIGH_CONFIDENCE
UCmU2ZpoUQNii8DSKuWR3qLQ,KoSaru_Ch,@kosaru_ch,Independent,Thai VTuber Ranking,2026-09-06T15:07:31.304631+00:00,active,False,MEDIUM_CONFIDENCE
UCl-gN216hlPiOzGOm_Jkosg,Melriz,@melrizch,Independent,Thai VTuber Ranking,2026-09-06T15:07:31.304688+00:00,active,False,MEDIUM_CONFIDENCE
UCmVx2k5Qcsmk8qGbZEBZGCw,Lucia Xavier,@lucia_xavier,Independent,Thai VTuber Ranking,2026-09-06T15:07:31.304729+00:00,active,False,HIGH_CONFIDENCE
UClsrtReeDeC9WGR926fICZA,Kamashi Ch.,@kamashi_ch,Independent,Thai VTuber Ranking,2026-09-06T15:07:31.304768+00:00,active,False,MEDIUM_CONFIDENCE
UCktUGMC7AKl1e8n20Ys8w0Q,Superpretty TAKOPERO Ch. Pixela Legends,@takopero,Pixela Project,Thai VTuber Ranking; Virtual YouTuber Fandom Wiki,2026-09-06T15:07:31.304807+00:00,active,True,HIGH_CONFIDENCE
UClFQeZMVqFVZonqSYk0l-Og,Kagemaru 404,@kagemaru404,Independent,Thai VTuber Ranking,2026-09-06T15:07:31.304854+00:00,active,False,MEDIUM_CONFIDENCE
UCmDDNnaWA_lEL4rpWqD4nSA,JomJam_SLX,@jomjam_slx,Independent,Thai VTuber Ranking,2026-09-06T15:07:31.304884+00:00,active,False,MEDIUM_CONFIDENCE
UCmEBfH-cA250fGCvUb9CIGA,Zerias Ch.,@zerias_ch,Independent,Thai VTuber Ranking,2026-09-06T15:07:31.304933+00:00,active,False,MEDIUM_CONFIDENCE
UCkmdieFgz-8jWHBE1OlucAA,กลิ่นทอง | Klinthong 【RE:S】,@klinthong_res,Independent,Thai VTuber Ranking,2026-09-06T15:07:31.305000+00:00,active,False,HIGH_CONFIDENCE
UClENshywr_HiWzG7WHnBUDQ,Yuklear,@yuklear,Independent,Thai VTuber Ranking,2026-09-06T15:07:31.305030+00:00,active,False,HIGH_CONFIDENCE
UCmTbPJp-N5R1KFvMO51giCg,SKarenNin,@skarennin,Independent,Thai VTuber Ranking,2026-09-06T15:07:31.305060+00:00,hiatus,False,MEDIUM_CONFIDENCE
UCldD-XczW0-Frlbo11CIqfg,Darchelle ch.,@darchelle_vtuber,Independent,Thai VTuber Ranking,2026-09-06T15:07:31.305090+00:00,active,False,HIGH_CONFIDENCE
UClbr2Ml5EXjoAysIGi65z4w,「ねし」Neshi CH,@neshich,Independent,Thai VTuber Ranking,2026-09-06T15:07:31.305118+00:00,active,False,HIGH_CONFIDENCE
UClCLRJrlg3F9FOPnUfItZSw,Tatsuki Ch.,@tatsukich,Independent,Thai VTuber Ranking,2026-09-06T15:07:31.305143+00:00,hiatus,True,HIGH_CONFIDENCE
UCmE_BKy2qSzjCC9HyRrxcqA,Rubyele Garnet Ch.,@ruby-ele,Independent,Thai VTuber Ranking,2026-09-06T15:07:31.305169+00:00,active,False,HIGH_CONFIDENCE
UCknOyz3O0-G6w5SJNAgO7uQ,Mild-R Ch. Lumina-World-End,@mildrworldend,Lumina Live,Thai VTuber Ranking,2026-09-06T15:07:31.305217+00:00,active,True,MEDIUM_CONFIDENCE
UClXPm_54oaVwVPKhewoDSQw,SHiA_4a,@shia_4a,Independent,Thai VTuber Ranking,2026-09-06T15:07:31.305252+00:00,active,False,HIGH_CONFIDENCE
UCkrja0w7A6MHJ5UAxjTgH7Q,shaleep.,@shaleep_uwu,Independent,Thai VTuber Ranking,2026-09-06T15:07:31.305297+00:00,active,False,HIGH_CONFIDENCE
UCm5SLUk640GMLdp6ePCaXHQ,Alizabyleth Ch.,@alizabylethcutievtuber,Independent,Thai VTuber Ranking,2026-09-06T15:07:31.305336+00:00,active,False,HIGH_CONFIDENCE
UCmKiQxuXbizCEo77GCBTOig,Lyneth Ch.,@lyneththerabbit,Independent,Thai VTuber Ranking,2026-09-06T15:07:31.305373+00:00,active,False,MEDIUM_CONFIDENCE
UCm4MvNX1EORDR3dgOxLhcJQ,Eranthia ch.,@eranthiaa,Independent,Thai VTuber Ranking,2026-09-06T15:07:31.305394+00:00,active,False,MEDIUM_CONFIDENCE
UCktowrrd3HTEugAQdKeuZOQ,GNTGxd,@gntgxd,Independent,Thai VTuber Ranking,2026-09-06T15:07:31.305433+00:00,active,False,HIGH_CONFIDENCE
UClGxY7R31Snisoccta9uByg,Zane『VTG』,@zanevtg,Independent,Thai VTuber Ranking,2026-09-06T15:07:31.305458+00:00,active,False,HIGH_CONFIDENCE
UClLePWOXDCn6ZxhcM3jjPBw,EuRo,@euroxyz,Independent,Thai VTuber Ranking,2026-09-06T15:07:31.305493+00:00,active,False,HIGH_CONFIDENCE
UClkwdtOk6yQekM-UsoJNErg,Aelisse,@aelisseepr,Independent,Thai VTuber Ranking,2026-09-06T15:07:31.305513+00:00,active,False,MEDIUM_CONFIDENCE
UCm0b6rM-6um9H8ZIiljKncg,chloridefow,@chloridefow,Independent,Thai VTuber Ranking,2026-09-06T15:07:31.305554+00:00,active,False,HIGH_CONFIDENCE
UClKBrxMxPf1-104BQRNkDYw,Lyon De Gladiolus,@lyondegra,Independent,Thai VTuber Ranking,2026-09-06T15:07:31.305606+00:00,active,False,HIGH_CONFIDENCE
UClsYXk5BW7YOdB9mnGzikyQ,Celestier Rolannda [crrda.ch],@crrda_ch,Independent,Thai VTuber Ranking,2026-09-06T15:07:31.305676+00:00,active,False,HIGH_CONFIDENCE
UCmNHaTv_3klfUfaokHoXWJQ,Vivian V. Wendell Ch.,@vivianv.,Independent,Thai VTuber Ranking,2026-09-06T15:07:31.305702+00:00,active,False,HIGH_CONFIDENCE
UCmN7K6QnC46aah-_69EGksw,Lawrenze l Blessing,@lawrenzeblessing,Independent,Thai VTuber Ranking,2026-09-06T15:07:31.305757+00:00,active,False,HIGH_CONFIDENCE
UCkwcFk8UHZO0ANkB6aBCo2w,Breindel the duck Ch.,@breindeltheduck,Independent,Thai VTuber Ranking,2026-09-06T15:07:31.305793+00:00,active,False,MEDIUM_CONFIDENCE
UClfz6OCQ6Lic7BGFsn1q0Ww,Yamisamadesu,@yamisamadesu,Independent,Thai VTuber Ranking,2026-09-06T15:07:31.305823+00:00,active,False,MEDIUM_CONFIDENCE
UCVX1q9x58mqu12j94cAwr0w,Kirine Ch.,@kirine,Independent,Thai VTuber Ranking; Virtual YouTuber Fandom Wiki,2026-09-06T15:07:31.305883+00:00,active,False,HIGH_CONFIDENCE
UCWLGTmRYmq283VD3QreyyLg,Alzena_SLR,@alzena_slr,Independent,Thai VTuber Ranking,2026-09-06T15:07:31.305903+00:00,active,False,MEDIUM_CONFIDENCE
UCXBd37-oAdMimpTzXN9WtVQ,Gutz ch.,@gutzch.4599,Independent,Thai VTuber Ranking,2026-09-06T15:07:31.305931+00:00,unknown,False,MEDIUM_CONFIDENCE
UCWjaqaEssIOviThtKEtBvsw,Hibiki Diva『DPX』,@hibikidiva_ch,DPX,Thai VTuber Ranking,2026-09-06T15:07:31.305956+00:00,active,False,MEDIUM_CONFIDENCE
UCVjZjOsH1_hkjhOkYkylAmg,Odele Ch.,@odeletheswan,Independent,Thai VTuber Ranking,2026-09-06T15:07:31.305980+00:00,active,False,HIGH_CONFIDENCE
UCWm99dEdWyZR-jWLyzzOIZA,RAILONEY,@railoney_yt,Independent,Thai VTuber Ranking,2026-09-06T15:07:31.306030+00:00,active,False,MEDIUM_CONFIDENCE
UCVjhbrfJG9GX2sXsl7B3AIg,Mei Vtuber,@meivtuber,Independent,Thai VTuber Ranking,2026-09-06T15:07:31.306081+00:00,hiatus,False,MEDIUM_CONFIDENCE
UCWa0z5W_t2B46XB3a5OKU0Q,Jao_KaoJao,@jao_kaojao,Independent,Thai VTuber Ranking,2026-09-06T15:07:31.306127+00:00,active,False,MEDIUM_CONFIDENCE
UCVhMzJhna39ULdMowQAE-uQ,Hatsuji ::H.T.J ,@hatsujihtj,Independent,Thai VTuber Ranking,2026-09-06T15:07:31.306166+00:00,active,False,MEDIUM_CONFIDENCE
UCWU7kvLd_JBaBqO_ilTYd_A,Zekai Ch.【ARP】,@zekai_arp,Algorhythm Project,Thai VTuber Ranking; Virtual YouTuber Fandom Wiki,2026-09-06T15:07:31.306190+00:00,active,True,MEDIUM_CONFIDENCE
UCVfj4ZZ02FyqOracLd7r5oQ,TARIN,@ta121n,Independent,Thai VTuber Ranking,2026-09-06T15:07:31.306225+00:00,active,False,HIGH_CONFIDENCE
UCVBaM-3Ot6LmwX1cbhqQvVw,Eric'Mariner Ch.,@ericmariner_vt,Independent,Thai VTuber Ranking,2026-09-06T15:07:31.306256+00:00,active,False,HIGH_CONFIDENCE
UCXIVuxD2sPqxESwVEUtGPuA,Leonetta Ch. 《NEOVISTA》,@leonetta_nvp,Independent,Thai VTuber Ranking,2026-09-06T15:07:31.306278+00:00,hiatus,False,MEDIUM_CONFIDENCE
UCX709cHEHWW3QU1qSA_dyVA,Housagi ch. Euphora,@housagiepr,Euphora Project,Thai VTuber Ranking,2026-09-06T15:07:31.306307+00:00,active,False,HIGH_CONFIDENCE
UCWRc7m30K-4jNCyVnWh_a-w,Freidya Ch,@freidya-ch,Independent,Thai VTuber Ranking,2026-09-06T15:07:31.306367+00:00,active,False,HIGH_CONFIDENCE
UCWGL-srZbmgncoJ9YKJrdAg,OYAZUMISAN,@oyazumi3,Independent,Thai VTuber Ranking,2026-09-06T15:07:31.306387+00:00,hiatus,False,MEDIUM_CONFIDENCE
UCVQrivN2wzHYLNrsAquYjhg,Jaowayde,@jaowayde_vt,Independent,Thai VTuber Ranking,2026-09-06T15:07:31.306421+00:00,active,False,HIGH_CONFIDENCE
UCVmZ-RvoPuxk9siBRctLwsA,NaNA Ch.,@nana_saurus,Independent,Thai VTuber Ranking,2026-09-06T15:07:31.306456+00:00,active,False,MEDIUM_CONFIDENCE
UCVgbTA9qzHDr3nPsN3-Nsuw,NoranekoGotty,@noranekogotty,Independent,Thai VTuber Ranking,2026-09-06T15:07:31.306475+00:00,active,False,MEDIUM_CONFIDENCE
UCXOGcY1DJ8uohGI3KTPue-g,ToraSunday Ch.,@torasundaych,Independent,Thai VTuber Ranking,2026-09-06T15:07:31.306504+00:00,active,False,HIGH_CONFIDENCE
UCVlgCh9B_0PI7COJ2tJ7hIw,Heiman Ch.,@heiman-hm,Independent,Thai VTuber Ranking,2026-09-06T15:07:31.306530+00:00,active,False,MEDIUM_CONFIDENCE
UCVY-v0sCwEjE3V7dUOqkFZg,Camellia Ch.,@camelliam,Independent,Thai VTuber Ranking,2026-09-06T15:07:31.306585+00:00,active,False,MEDIUM_CONFIDENCE
UCVLZI8sZ1J1PDVHdPLgnChw,Freyraine Ch.,@freyraine,Independent,Thai VTuber Ranking,2026-09-06T15:07:31.306610+00:00,active,False,MEDIUM_CONFIDENCE
UCVxPzerhZ7g_OL_5okEk08g,Nanako_SLR,@nanako_slr,Independent,Thai VTuber Ranking,2026-09-06T15:07:31.306653+00:00,active,False,MEDIUM_CONFIDENCE
UCXORtYHsd6uxJK15JvHzxvA,AonGreyFox,@aongreyfox,Independent,Thai VTuber Ranking,2026-09-06T15:07:31.306733+00:00,active,False,HIGH_CONFIDENCE
UCVvTvmP37h2C2NuHqB_Uekg,Merope Ch.,@meropevch,Independent,Thai VTuber Ranking,2026-09-06T15:07:31.306760+00:00,hiatus,False,HIGH_CONFIDENCE
UCVgoTNEZIS4UVoe2M4CSc4w,⚡GS_ก๊อปแก๊ป พาเพลิน⚡,@gs_golfpraplern,Pixela Project,Thai VTuber Ranking,2026-09-06T15:07:31.306862+00:00,active,False,HIGH_CONFIDENCE
UCVEL1jAgCQNQcRN9Ble6lMw,Chaos Ch.,@chaosch.4876,Independent,Thai VTuber Ranking,2026-09-06T15:07:31.306886+00:00,active,False,MEDIUM_CONFIDENCE
UCVa_b2jriwKJLcS4CP9Pq3w,Rubellus Remis | VArtist,@rubellusremis,Independent,Thai VTuber Ranking,2026-09-06T15:07:31.306921+00:00,active,False,MEDIUM_CONFIDENCE
UCWS53JU_S79XyN9KKOCOCHw,Kianae IONIX,@kianae_ionix,Independent,Thai VTuber Ranking,2026-09-06T15:07:31.306955+00:00,active,False,HIGH_CONFIDENCE
UCVzwh-Nav8BxYbm-Vt6xQYg,-Kami Rei- ,@kamireiv,Independent,Thai VTuber Ranking,2026-09-06T15:07:31.306985+00:00,active,False,HIGH_CONFIDENCE
UCWe8lxEFSt84vZ7srlHySVw,Sataru【21PM】,@sataru21pm,Independent,Thai VTuber Ranking,2026-09-06T15:07:31.307068+00:00,active,False,HIGH_CONFIDENCE
UCWM76ZPAZqDNOAp5AKn9uIw,JueBigHead,@juebighead,Independent,Thai VTuber Ranking,2026-09-06T15:07:31.307094+00:00,active,True,MEDIUM_CONFIDENCE
UCW0EhUBJrTtjSywG4-MGgrQ,Grimus Grimm Ch. Pixela Destiny,@grimmgrimus,Pixela Project,Thai VTuber Ranking,2026-09-06T15:07:31.307115+00:00,active,True,MEDIUM_CONFIDENCE
UCVAsOHcLLGVQq6aOpesOwBQ,Hanabi Lafy Ch. Pixela-Isekai,@hanabilafy,Pixela Project,Thai VTuber Ranking; Virtual YouTuber Fandom Wiki,2026-09-06T15:07:31.307200+00:00,active,True,HIGH_CONFIDENCE
UCX5Qv6nz_HUVKtaDiMEReyQ,Red FarTear Ch.,@redfartearch,Independent,Thai VTuber Ranking,2026-09-06T15:07:31.307227+00:00,active,False,HIGH_CONFIDENCE
UCXG9ZvdggOsj5kb996vbYPg,FL_FirstsLove ⌜VZ⌟,@fl_firstslove,Virtual Zeven (VZ),Thai VTuber Ranking,2026-09-06T15:07:31.307263+00:00,active,False,HIGH_CONFIDENCE
UCVjCtqjlMB3S0UpsJsC9_xA,กะละมัง วีทูปเบอร์,@kalamangvt,Independent,Thai VTuber Ranking,2026-09-06T15:07:31.307366+00:00,active,False,HIGH_CONFIDENCE
UCVhHSmzes15AABN5pKcq7bQ,พรี่โอม Omoro & คุณนายกระต่าย BunBun,@omorothebunny,Independent,Thai VTuber Ranking,2026-09-06T15:07:31.307394+00:00,active,True,HIGH_CONFIDENCE
UCWNVjAzZmYUni8YBXYiy01w,dtto.,@dttodot,Independent,Thai VTuber Ranking,2026-09-06T15:07:31.307414+00:00,active,True,MEDIUM_CONFIDENCE
UCW5ZZhibxHgZ6wLzqXK97XQ,PAres Spacedog『Berlina•ECR』,@p.aresspacedog,Independent,Thai VTuber Ranking; Virtual YouTuber Fandom Wiki,2026-09-06T15:07:31.307454+00:00,active,False,HIGH_CONFIDENCE
UCVKmkTCnz56PpKQFxYMuAHg,Flur Furry Ch.,@flurfurrych,Independent,Thai VTuber Ranking,2026-09-06T15:07:31.307490+00:00,active,False,MEDIUM_CONFIDENCE
UCVxEGzv2qEyFXQAsqgjuIog,Aika,@a1chandesu,Independent,Thai VTuber Ranking,2026-09-06T15:07:31.307558+00:00,active,False,MEDIUM_CONFIDENCE
UCWw9JzEA7hdBnSFR-_Y0DlA,Seina Ch.,@seina_idyp,Independent,Thai VTuber Ranking,2026-09-06T15:07:31.307622+00:00,active,False,MEDIUM_CONFIDENCE
UCWO1YqwwjkAk2aXp8y-Qo8g,Ekaros Ch. Vprolive,@ekarosvprolive,Independent,Thai VTuber Ranking,2026-09-06T15:07:31.307643+00:00,unknown,False,MEDIUM_CONFIDENCE
UCBUEDay6omiIO9XebzcButg,Aru Hoshima Ch. | 星間アル,@aru_hoshima,Independent,Thai VTuber Ranking,2026-09-06T15:07:31.307669+00:00,active,False,MEDIUM_CONFIDENCE
UCCDb84g4xtJYE0bOJ6BLwJg,Damon Vilanish(VTuber),@damonvilanishvtuberth,Independent,Thai VTuber Ranking,2026-09-06T15:07:31.307704+00:00,active,False,MEDIUM_CONFIDENCE
UCBmXZKNg_Tsy-r5pZsBPVVA,M3R0 ch.,@amn_mero,Independent,Thai VTuber Ranking,2026-09-06T15:07:31.307738+00:00,active,False,MEDIUM_CONFIDENCE
UCCTu-nYFSFerCTEAQLwyRgA,Fo_Kuro「フォー黒」,@fo_kuro,Independent,Thai VTuber Ranking,2026-09-06T15:07:31.307783+00:00,hiatus,False,HIGH_CONFIDENCE
UCDXW5zG-2aZXL9K1bkV3Ajw,IV_1386 ch.,@iv1386ch,Independent,Thai VTuber Ranking,2026-09-06T15:07:31.307844+00:00,active,False,MEDIUM_CONFIDENCE
UCCa03c0JD-H5AoJ_a6PuQrA,Onnari Ch.,@onnaritengu,Independent,Thai VTuber Ranking,2026-09-06T15:07:31.307870+00:00,active,False,HIGH_CONFIDENCE
UCDUFEQDrHUjO5vAVwPPiG3Q,Akakurai [明暗い],@akakurai,Independent,Thai VTuber Ranking,2026-09-06T15:07:31.307892+00:00,hiatus,False,MEDIUM_CONFIDENCE
UCCo8rdZh_V_irwScgnHJb2Q,Artie ch. Euphora,@artieepr,Euphora Project,Thai VTuber Ranking,2026-09-06T15:07:31.307957+00:00,active,False,HIGH_CONFIDENCE
UCD5-go4VNzPs044VuPf2-uA,Saamazu Suwai,@saamazusuwai,Independent,Thai VTuber Ranking,2026-09-06T15:07:31.308035+00:00,active,False,HIGH_CONFIDENCE
UCCM6yLTh1Ep5rlwrapyyNOQ,Hajime Rei Ch. / AStars,@hajimerei_as,AStars Production,Thai VTuber Ranking; Virtual YouTuber Fandom Wiki,2026-09-06T15:07:31.308074+00:00,active,False,MEDIUM_CONFIDENCE
UCDVOWB_Fi5jmi6o-x5_uV8g,Deliva Kaga ch.,@delivakagach,Independent,Thai VTuber Ranking,2026-09-06T15:07:31.308149+00:00,active,False,HIGH_CONFIDENCE
UCD_aBWFE2nsQB0Pb6Hj8Ksg,LittleBunnie Ch.,@littlebunniech,Independent,Thai VTuber Ranking,2026-09-06T15:07:31.308192+00:00,hiatus,False,MEDIUM_CONFIDENCE
UCDH0eXdMf-vFqvTtjADsOcw,_PONDEX,@pondex219,Independent,Thai VTuber Ranking,2026-09-06T15:07:31.308248+00:00,active,False,MEDIUM_CONFIDENCE
UCCKvp_oV10qcK5Abjaz4FrA,Tiggar Ch.,@tiggarch,Independent,Thai VTuber Ranking,2026-09-06T15:07:31.308281+00:00,hiatus,False,MEDIUM_CONFIDENCE
UCCQd9y8LSnnp09dF7Mrp5Jg,Leviaz Ch.,@leviazch,Independent,Thai VTuber Ranking,2026-09-06T15:07:31.308322+00:00,active,False,HIGH_CONFIDENCE
UCBi2sDv2HYYnCtEqldp0RFA,Astrea Ch. アストリア〖ECR〗,@astreaastr,Independent,Thai VTuber Ranking,2026-09-06T15:07:31.308379+00:00,active,False,HIGH_CONFIDENCE
UCDSn4Ql7fuyjxsSNOws81iQ,BorntoDev,@borntodev,Independent,Thai VTuber Ranking,2026-09-06T15:07:31.308568+00:00,active,True,HIGH_CONFIDENCE
UCDUdT8_IEOY-Z9KfLiCOfuQ,Zin'fandel「ZTP」,@zinfandel_ztp,Independent,Thai VTuber Ranking,2026-09-06T15:07:31.308666+00:00,active,False,MEDIUM_CONFIDENCE
UCCcZmve86N8WakyfYRqc0uA,Chata Cloveron ,@chatacloveron,Independent,Thai VTuber Ranking,2026-09-06T15:07:31.308740+00:00,active,False,MEDIUM_CONFIDENCE
UCC4Wb_x57Ks43GRJ6x_wT5Q,Choya Ch.,@choya.vtuber,Independent,Thai VTuber Ranking,2026-09-06T15:07:31.308894+00:00,active,True,HIGH_CONFIDENCE
UCBq8wrxx6gPxxmZwDnZEEYA,Milyni Tivona【BLP】,@milynitivona_blp,Independent,Thai VTuber Ranking,2026-09-06T15:07:31.308957+00:00,active,False,MEDIUM_CONFIDENCE
UCDWp89OUkBRM9cDmOXHT6bw,Momoka Ch.,@momokachnjir,Independent,Thai VTuber Ranking,2026-09-06T15:07:31.309010+00:00,active,False,MEDIUM_CONFIDENCE
UCBXpnfoHqIZRqi3ex50bB4w,B-DY 【#BADD30】,@badd30code,Independent,Thai VTuber Ranking,2026-09-06T15:07:31.309035+00:00,active,False,MEDIUM_CONFIDENCE
UCCjunxHiL2OHhNDl4sdD1bg,Murasako Reino,@sotareino,Independent,Thai VTuber Ranking,2026-09-06T15:07:31.309064+00:00,active,False,MEDIUM_CONFIDENCE
UCC5q6CpuDflPvO7pNn52RGQ,Lapine Ch.,@lapineplg,Independent,Thai VTuber Ranking; Virtual YouTuber Fandom Wiki,2026-09-06T15:07:31.309099+00:00,active,True,HIGH_CONFIDENCE
UCDCOWpzyBFsavT-K7AmN3MQ,Azato Stacia Ch.,@azatostacia,Independent,Thai VTuber Ranking; Virtual YouTuber Fandom Wiki,2026-09-06T15:07:31.309135+00:00,active,True,MEDIUM_CONFIDENCE
UCC3IBnXJb8xYdg-_MMh1qNg,Pamberry Ch,@pamberrych,Independent,Thai VTuber Ranking,2026-09-06T15:07:31.309260+00:00,active,False,HIGH_CONFIDENCE
UCCsgAS-uqrGRdmvJzvfAXsw,Hanna Ch. ハンナー,@hannach.2730,Independent,Thai VTuber Ranking,2026-09-06T15:07:31.309315+00:00,hiatus,False,MEDIUM_CONFIDENCE
UCCCOpUUMaweGiTZ_vNSdh1w,Shirasagi Ch.,@shirasagich,Independent,Thai VTuber Ranking,2026-09-06T15:07:31.309347+00:00,active,False,MEDIUM_CONFIDENCE
UCD_y0feXuBuX9z6RAxz4afg,Mikadzuki Nammy,@mikadzuki_nammy,Independent,Thai VTuber Ranking,2026-09-06T15:07:31.309403+00:00,active,False,MEDIUM_CONFIDENCE
UCD67JYizIZGNc-1Dsn9eu3A,เซียน่า | Sienna 【RE:S】,@sienna_res,Independent,Thai VTuber Ranking; Virtual YouTuber Fandom Wiki,2026-09-06T15:07:31.309456+00:00,active,False,HIGH_CONFIDENCE
UCCnI25SLttKYJdVgno6qkYg,LVMP,@lvmp_channel,Independent,Thai VTuber Ranking,2026-09-06T15:07:31.309532+00:00,hiatus,False,HIGH_CONFIDENCE
UCCXtKBc_KnKRtT-9qXu5Y7A,KOHAKU Ch.,@kohakuch,Independent,Thai VTuber Ranking,2026-09-06T15:07:31.309558+00:00,hiatus,False,HIGH_CONFIDENCE
UCBev9yAPNYhFM4ORPQb_LYQ,Rion Chitose Ch. / AStars Chrono prince,@rionchitose_as,AStars Production,Thai VTuber Ranking; Virtual YouTuber Fandom Wiki,2026-09-06T15:07:31.309583+00:00,active,False,MEDIUM_CONFIDENCE
UCC_P34t35REbiPzbHO_bifA,Kayna,@kaynavtuberth,Independent,Thai VTuber Ranking,2026-09-06T15:07:31.309644+00:00,hiatus,False,HIGH_CONFIDENCE
UCBjUiJxMKaM2YTIo3r4KdHA,Fenix Jairon,@fenixjairon,Independent,Thai VTuber Ranking,2026-09-06T15:07:31.309694+00:00,active,False,MEDIUM_CONFIDENCE
UCCmBL9p7d1a0aBjZSPF8QpQ,switch on vtuber,@switchonvtuber,Independent,Thai VTuber Ranking,2026-09-06T15:07:31.309742+00:00,hiatus,False,HIGH_CONFIDENCE
UCBsUODmi56ijq4o4imeZuwg,Oneiros Norr Ch.,@norr.oneiros,Independent,Thai VTuber Ranking,2026-09-06T15:07:31.309783+00:00,active,False,HIGH_CONFIDENCE
UCBbXLmauGSmFdQakk2dS8Rw,Maikumira,@maikumira,Independent,Thai VTuber Ranking,2026-09-06T15:07:31.309818+00:00,active,False,HIGH_CONFIDENCE
UCD0aj_PFkBK-LGaDIiXvBww,Regina Ch.,@reginavtuber,Independent,Thai VTuber Ranking,2026-09-06T15:07:31.309838+00:00,active,False,MEDIUM_CONFIDENCE
UCC8N_hO-iyfkS2uaJqkxfMA,KoriMisu Ch.  ,@korimisu,Independent,Thai VTuber Ranking,2026-09-06T15:07:31.309874+00:00,active,False,HIGH_CONFIDENCE
UCCEHpnzn37K8kQv2QtybE2w,Ray Ametier Yuan Ch.,@rayametier_yuan,Independent,Thai VTuber Ranking,2026-09-06T15:07:31.309925+00:00,active,False,HIGH_CONFIDENCE
UCDXhbquWzQvdwZC1yVUmxAA,Alicia Ch.,@aliciavtuberch,Independent,Thai VTuber Ranking,2026-09-06T15:07:31.309971+00:00,hiatus,False,HIGH_CONFIDENCE
UCB_Ooo_Eanv8LHYUGqMMDjg,Yuuta Natsuki,@yuutanatsuki,Independent,Thai VTuber Ranking,2026-09-06T15:07:31.310021+00:00,active,False,HIGH_CONFIDENCE
UCDYy9EVjkBym7bUYwTKzugA,ALU Channel,@aluchannel,Independent,Thai VTuber Ranking,2026-09-06T15:07:31.310080+00:00,hiatus,False,HIGH_CONFIDENCE
UCCptqrhEdtJGBer1qWWRLnA,Lawiz Ch.,@lawizch,Independent,Thai VTuber Ranking; Virtual YouTuber Fandom Wiki,2026-09-06T15:07:31.310169+00:00,hiatus,False,HIGH_CONFIDENCE
UCfcNIwkAhHcDTP1rQg2n5nw,Tiara Rexa Ch. 【POLYGON】,@rexaplg,Polygon Official,Thai VTuber Ranking; Virtual YouTuber Fandom Wiki,2026-09-06T15:07:31.310306+00:00,active,False,HIGH_CONFIDENCE
UCfaZG-sf7NrY3RBmoHBSOcg,Oatsukaresan「ECR」,@kurasetaoh,Independent,Thai VTuber Ranking,2026-09-06T15:07:31.310353+00:00,active,False,HIGH_CONFIDENCE
UCeTNHgOSMMFQTlWbJwpex_g,น้องมะม่วง TV,@นองมะมวง_vtuber,Independent,Thai VTuber Ranking,2026-09-06T15:07:31.310440+00:00,active,False,HIGH_CONFIDENCE
UCfI5PfgpNZ3a2p7MS-m5gPA,Ponpun.,@ponpun,Independent,Thai VTuber Ranking,2026-09-06T15:07:31.310472+00:00,active,True,HIGH_CONFIDENCE
UCf-29F7w_0xRTXVDFol0spQ,Roxzy ロキジー,@roxzyvtuber,Independent,Thai VTuber Ranking,2026-09-06T15:07:31.310510+00:00,active,True,HIGH_CONFIDENCE
UCf4ma6wZwlPor4Q9uvHUvDQ,Xenon PhaneJohn 🐊💧,@xenonphanejohn,Independent,Thai VTuber Ranking,2026-09-06T15:07:31.310594+00:00,active,False,HIGH_CONFIDENCE
UCe7hiXgbk4K2XB677rqeOjA,Kikii_TanSama CH.,@kikiitansama,Independent,Thai VTuber Ranking,2026-09-06T15:07:31.310627+00:00,active,False,HIGH_CONFIDENCE
UCdlpXdGT3nGDTqIlxUcufCQ,Doyser ,@doyser,Independent,Thai VTuber Ranking,2026-09-06T15:07:31.310677+00:00,active,True,MEDIUM_CONFIDENCE
UCdoQwqmi-QKjHOJnvg0wm4Q,xLazyYui,@xlazyyui,Independent,Thai VTuber Ranking,2026-09-06T15:07:31.310718+00:00,hiatus,True,MEDIUM_CONFIDENCE
UCeZoMTRssGhbl9vS5lvYsQg,Rarin Ch.,@rarin_ch,Independent,Thai VTuber Ranking,2026-09-06T15:07:31.310753+00:00,active,False,HIGH_CONFIDENCE
UCfEcgIyELdrDcSbH6frZslg,Keiji,@krkeiji,Independent,Thai VTuber Ranking,2026-09-06T15:07:31.310787+00:00,active,False,MEDIUM_CONFIDENCE
UCeze7PeKkKYEkDmdPuNQOhQ,SeaU Ch.【CRA】,@underthe_seaucra,Independent,Thai VTuber Ranking,2026-09-06T15:07:31.310841+00:00,active,False,MEDIUM_CONFIDENCE
UCeMd3ACzZD2sVn2fYYWcuMQ,Chermy Ch.,@chermy_vtuber,Independent,Thai VTuber Ranking,2026-09-06T15:07:31.310901+00:00,active,False,HIGH_CONFIDENCE
UCeY7KQH92GvxRR4F0YWbknA,Viorises,@viorises,Independent,Thai VTuber Ranking,2026-09-06T15:07:31.310922+00:00,active,False,MEDIUM_CONFIDENCE
UCfx7DcAIytFlHnLK3riX7BQ,สกาว พี่สาวออฟฟิศ,@sakaoofficelady,Independent,Thai VTuber Ranking,2026-09-06T15:07:31.310949+00:00,active,False,HIGH_CONFIDENCE
UCeLJ2rBYZwPrb5hbKY5X5eg,Latta Ch.【ARP】,@latta_arp,Algorhythm Project,Thai VTuber Ranking,2026-09-06T15:07:31.310969+00:00,hiatus,True,MEDIUM_CONFIDENCE
UCfiD6DpIwPP4lQ4NPqZNOHg,Solar Ch.【ARP】,@solar_arp,Algorhythm Project,Thai VTuber Ranking,2026-09-06T15:07:31.311000+00:00,active,True,MEDIUM_CONFIDENCE
UCdr7zWq0TdPTK-kp2hxUIVg,X ZiLVA,@xzilva,Independent,Thai VTuber Ranking,2026-09-06T15:07:31.311026+00:00,hiatus,False,MEDIUM_CONFIDENCE
UCfpH7l2htEr8t_l6D3MbLpQ,NokiZen,@nokizen526,Independent,Thai VTuber Ranking,2026-09-06T15:07:31.311062+00:00,active,False,HIGH_CONFIDENCE
UCfPtDFCs4PzDU_hy0usORnw,Reva Regalia『AST』,@revaregaliaast,Independent,Thai VTuber Ranking,2026-09-06T15:07:31.311094+00:00,active,False,MEDIUM_CONFIDENCE
UCepQ5leDU2_KgTVOsD4so7A,ManaPTマナーVtuber,@manapttttt,Independent,Thai VTuber Ranking,2026-09-06T15:07:31.311134+00:00,active,False,MEDIUM_CONFIDENCE
UCdlJxYXr4eh44NeCSjOe_Fg,RainRem Ch. レーンレム,@rainremchvtuber,Independent,Thai VTuber Ranking,2026-09-06T15:07:31.311177+00:00,active,True,HIGH_CONFIDENCE
UCf6P5ojQTWAgVNUvlu08DNw,Lukmai_PP,@lukmaipukp,Independent,Thai VTuber Ranking,2026-09-06T15:07:31.311206+00:00,hiatus,False,MEDIUM_CONFIDENCE
UCe9JOhIANHHvJovOdv-0r8A,MaëlFritz Channel ,@maelfritzchannel,Independent,Thai VTuber Ranking,2026-09-06T15:07:31.311239+00:00,active,False,HIGH_CONFIDENCE
UCeKUKj8zu8QI_8Zidqgw1Kg,ConNeSe Plai,@byconnese,Independent,Thai VTuber Ranking,2026-09-06T15:07:31.311305+00:00,active,False,HIGH_CONFIDENCE
UCei3lo9UhW4K9QE26iwuVjg,RUNA Ch.[Vtuber],@runaluna,Independent,Thai VTuber Ranking,2026-09-06T15:07:31.311334+00:00,active,False,HIGH_CONFIDENCE
UCf-P7yTlHAJlVwxzwHu915Q,NancyGimme2000,@nancygimme2000,Independent,Thai VTuber Ranking,2026-09-06T15:07:31.311371+00:00,active,False,MEDIUM_CONFIDENCE
UCg1lfyLDBsy0INi17egh6IA,Enri Ch.,@enri_vtuber,Independent,Thai VTuber Ranking; Virtual YouTuber Fandom Wiki,2026-09-06T15:07:31.311432+00:00,active,False,HIGH_CONFIDENCE
UCeogDPUhePBegonMId-BM_Q,Holie Ch.,@holiech,Independent,Thai VTuber Ranking,2026-09-06T15:07:31.311471+00:00,active,False,MEDIUM_CONFIDENCE
UCfDCemDzrBpQoZMIajLeI-w,Okami Hito CH【APD】,@okami_hito_ch,Independent,Thai VTuber Ranking,2026-09-06T15:07:31.311538+00:00,active,False,HIGH_CONFIDENCE
UCe9-AfWL4jLg9CQC7QWa0_g,MIKA'mu,@mikamu3905,Independent,Thai VTuber Ranking,2026-09-06T15:07:31.311580+00:00,active,False,MEDIUM_CONFIDENCE
UCepIXUC8KUvonowbahgMsQA,Tho Rok Rok,@thorokrok,Independent,Thai VTuber Ranking; Virtual YouTuber Fandom Wiki,2026-09-06T15:07:31.311649+00:00,hiatus,False,HIGH_CONFIDENCE
UCfw10eIAXlZOWbJAZBySdcA,Zeno,@zenozeno_lulu,Independent,Thai VTuber Ranking,2026-09-06T15:07:31.311671+00:00,active,False,MEDIUM_CONFIDENCE
UCeijqgCP9z3zLJ-uwQzvFtQ,Sora A.C.G.,@soraacg,Independent,Thai VTuber Ranking,2026-09-06T15:07:31.311698+00:00,active,True,MEDIUM_CONFIDENCE
UCfSvuVrYSKM3RgdEjl7iVxQ,Wornlity「 PRD 」,@wornlity,Independent,Thai VTuber Ranking,2026-09-06T15:07:31.311729+00:00,active,False,MEDIUM_CONFIDENCE
UCfTaHjdctcy9veUwXK_GDBg,Takiya Ch.,@takiya_koz,Independent,Thai VTuber Ranking,2026-09-06T15:07:31.311753+00:00,active,False,MEDIUM_CONFIDENCE
UCeoR2ozI_rHNtMZyWyYWI6Q,Koru Ch.,@masukaya_koruto,Independent,Thai VTuber Ranking,2026-09-06T15:07:31.311794+00:00,active,False,MEDIUM_CONFIDENCE
UCf1aJaf0L0SXieSscG0qA9A,Miyao Ch. 夏日みやお,@natsubimiyao,Independent,Thai VTuber Ranking,2026-09-06T15:07:31.311845+00:00,active,False,HIGH_CONFIDENCE
UCeoHajHKBl5q-UvfIEeOm3g,Mizu Gracia Ch.,@mizugracia,Independent,Thai VTuber Ranking,2026-09-06T15:07:31.311881+00:00,hiatus,False,HIGH_CONFIDENCE
UCeC8cJfqtHYl7w-0AoLApHQ,Kathic Ch.13 [Vtuber],@kathic_ch13,Independent,Thai VTuber Ranking,2026-09-06T15:07:31.312033+00:00,active,False,HIGH_CONFIDENCE
UCfxVeSpEx_K1VwHIcdNX0rw,BOOKGAMER,@bgrgamecaster,Independent,Thai VTuber Ranking,2026-09-06T15:07:31.312096+00:00,hiatus,False,HIGH_CONFIDENCE
UCeI78GYlqHWzmWvjGmcjDsA,M4YA,@m4yamarz,Independent,Thai VTuber Ranking,2026-09-06T15:07:31.312127+00:00,active,False,MEDIUM_CONFIDENCE
UCg--DR1FShlr9BKjJ9OQc5g,Vina Olivia Ch.,@vinavtuberth,Independent,Thai VTuber Ranking,2026-09-06T15:07:31.312164+00:00,active,False,HIGH_CONFIDENCE
UCdxaZWWFBl3N7Ollc3EwZAw,White Sky Ch.,@whiteskych.6,Independent,Thai VTuber Ranking,2026-09-06T15:07:31.312207+00:00,active,True,HIGH_CONFIDENCE
UCfuH_6QxAjJXM_9q8-iRqQQ,ryuq,@ryuqv,Independent,Thai VTuber Ranking,2026-09-06T15:07:31.312236+00:00,active,False,HIGH_CONFIDENCE
UCfPOynlPffrryH8JAsHOmJA,it’s hi Ch.【ARP】,@its_hi_arp,Algorhythm Project,Thai VTuber Ranking,2026-09-06T15:07:31.312280+00:00,active,True,HIGH_CONFIDENCE
UCe33CjMy_3DqvmKMMqEjWDQ,- Azuko - あずこ - Ch.,@azuko_98,Independent,Thai VTuber Ranking,2026-09-06T15:07:31.312357+00:00,active,False,MEDIUM_CONFIDENCE
UCfe7Lxdn2PDp_xnnrC_RSzA,【graduated】Amaris Sayo Ch. / AStars Amakara,@amarissayo_as,AStars Production,Thai VTuber Ranking,2026-09-06T15:07:31.312387+00:00,hiatus,True,MEDIUM_CONFIDENCE
UCdlsSG0fa6l_BQ9otNkHjMg,Ainam ch.,@ainamch,Independent,Thai VTuber Ranking,2026-09-06T15:07:31.312416+00:00,hiatus,False,MEDIUM_CONFIDENCE
UCYXMY8jostUgR-jf0tJD5dQ,Nithra Lapis Ch.,@nithralapis,Independent,Thai VTuber Ranking,2026-09-06T15:07:31.312455+00:00,hiatus,False,MEDIUM_CONFIDENCE
UCZBylMHjwaeTNJTLPxl6VgA,Aina VTuber,@ainavtuber,Independent,Thai VTuber Ranking,2026-09-06T15:07:31.312502+00:00,hiatus,False,MEDIUM_CONFIDENCE
UCY3reV-jwagniwcghy1B4VA,Nicca Ch.,@niccakun,Independent,Thai VTuber Ranking; Virtual YouTuber Fandom Wiki,2026-09-06T15:07:31.312569+00:00,hiatus,True,MEDIUM_CONFIDENCE
UCYhbR4N_I_P5zMpK1rAR8Cw,Moracel VT,@moracelvt,Independent,Thai VTuber Ranking,2026-09-06T15:07:31.312615+00:00,active,False,HIGH_CONFIDENCE
UCZHQ9zIKFuUEtoFd2c6yjwA,PJ_OWL OWL【VJN】,@pj_vjn,Independent,Thai VTuber Ranking,2026-09-06T15:07:31.312644+00:00,active,False,MEDIUM_CONFIDENCE
UCY5HIZ97IaqeUGCQCh5yDpA,Clairederier,@clairederier,Independent,Thai VTuber Ranking,2026-09-06T15:07:31.312672+00:00,active,False,MEDIUM_CONFIDENCE
UCYo4x86C700J5ivxg98oOtw,G. Mosotaa,@mosotaa_vtuber,Independent,Thai VTuber Ranking,2026-09-06T15:07:31.312702+00:00,active,False,HIGH_CONFIDENCE
UCY8j33h1epfkBEkIv_K5WKg,Lufine Ch. ลูฟิเน่,@lufine,Independent,Thai VTuber Ranking,2026-09-06T15:07:31.312730+00:00,hiatus,False,HIGH_CONFIDENCE
UCYJ82i8mzIoGAyzIY4gLZKA,DarkPhoenix13Fr,@darkphoenix13fr,Independent,Thai VTuber Ranking,2026-09-06T15:07:31.312803+00:00,active,False,HIGH_CONFIDENCE
UCZilc7jP-X_92Fii1uTIs0Q,Hoku Ch.,@hokuplg,Independent,Thai VTuber Ranking; Virtual YouTuber Fandom Wiki,2026-09-06T15:07:31.312834+00:00,active,True,HIGH_CONFIDENCE
UCYWG9ZKz94VcpEqvvhBXk0A,Tora Mochizuki ,@toramochizuki,Independent,Thai VTuber Ranking,2026-09-06T15:07:31.312872+00:00,active,False,HIGH_CONFIDENCE
UCZ3R0yNb7ktPu1hdjbyQ2lg,Yuu Ch.,@yuuch.4480,Independent,Thai VTuber Ranking,2026-09-06T15:07:31.313039+00:00,hiatus,False,HIGH_CONFIDENCE
UCYtNZ8-aeaazi3ImKB6y8aQ,Jibara​ Ch.,@jibara,Independent,Thai VTuber Ranking,2026-09-06T15:07:31.313084+00:00,active,False,MEDIUM_CONFIDENCE
UCXWwuHiYZepNhYk3lBrj2pg,Hyoki Howatora Ch.,@hyokihowatora,Independent,Thai VTuber Ranking,2026-09-06T15:07:31.313153+00:00,active,False,HIGH_CONFIDENCE
UCZwx1KhdoiqQsoZAqCRbApw,Zentiera【VJN】,@zenti_e_ra,Independent,Thai VTuber Ranking,2026-09-06T15:07:31.313191+00:00,active,False,MEDIUM_CONFIDENCE
UCXTC545Ye8-2RFdSZ4LXoSg,Xeres Artrophel Ch.,@xeres_vtuber,Independent,Thai VTuber Ranking,2026-09-06T15:07:31.313251+00:00,active,False,HIGH_CONFIDENCE
UCYu6pahmFwIki35ru8s62pQ,Destinesia Project,@destinesiaproject6445,Independent,Thai VTuber Ranking,2026-09-06T15:07:31.313276+00:00,hiatus,False,MEDIUM_CONFIDENCE
UCXOcqHz5rj8NGhNvAQfManw,unibunty,@unibunty,Independent,Thai VTuber Ranking,2026-09-06T15:07:31.313315+00:00,hiatus,False,HIGH_CONFIDENCE
UCYknXN1ydnhJACllweXGd-w,Bitscuit La Cielhare,@bitscuits_la_cielhare,Independent,Thai VTuber Ranking,2026-09-06T15:07:31.313349+00:00,active,False,HIGH_CONFIDENCE
UCZmw6cMeVaCMtL_NhybhWJw,Poppy the Puppy,@poppythepuppy,Independent,Thai VTuber Ranking,2026-09-06T15:07:31.313387+00:00,active,True,HIGH_CONFIDENCE
UCZYLQLIIviw56yaDcA9-VwA,Azuri「 PRD 」,@azuri_prd,Independent,Thai VTuber Ranking,2026-09-06T15:07:31.313442+00:00,active,False,MEDIUM_CONFIDENCE
UCZ-Vbihp3Y84EzwVVd2GjDQ,Kazumi Ch.,@kazumich.2503,Independent,Thai VTuber Ranking,2026-09-06T15:07:31.313465+00:00,hiatus,False,MEDIUM_CONFIDENCE
UCY2VnFiaqNirU_QKxqgR96w,Kris Ch. Vprolive,@krisvprolive,Independent,Thai VTuber Ranking,2026-09-06T15:07:31.313487+00:00,unknown,False,MEDIUM_CONFIDENCE
UCZgkeKMeSJ5-ETLvt1KGgmg,Jaqua Ch.,@jaquach,Independent,Thai VTuber Ranking; Virtual YouTuber Fandom Wiki,2026-09-06T15:07:31.313513+00:00,hiatus,False,MEDIUM_CONFIDENCE
UCXwc3r1q3yyxugIq2KM9K7A,Plathong Ch.,@plathongbigsis,Independent,Thai VTuber Ranking,2026-09-06T15:07:31.313576+00:00,active,True,HIGH_CONFIDENCE
UCY-5Lf7AJKFj4fudzFi1AZw,TeenWISU,@teenwisu2,Independent,Thai VTuber Ranking,2026-09-06T15:07:31.313608+00:00,active,True,HIGH_CONFIDENCE
UCZYTMrnVmu1iUVyGeqB6zJQ,T-Reina Ashyra Ch. Lumina-World-End,@ashyraworldend,Lumina Live,Thai VTuber Ranking,2026-09-06T15:07:31.313732+00:00,active,True,MEDIUM_CONFIDENCE
UCXyk13M_Y892ar9xTPNF75w,Helen Candleby ,@helencandleby,Independent,Thai VTuber Ranking,2026-09-06T15:07:31.313765+00:00,active,False,MEDIUM_CONFIDENCE
UCYu6kxGsCK2-LcCmydfajgg,KissCross,@kisscrossofficial,Independent,Thai VTuber Ranking,2026-09-06T15:07:31.313835+00:00,active,False,HIGH_CONFIDENCE
UCZSudswFZkaARozAZPFoC2Q,Azazel  Ch.,@azazelch.7842,Independent,Thai VTuber Ranking,2026-09-06T15:07:31.313887+00:00,hiatus,False,HIGH_CONFIDENCE
UCZmQjdEL_PAGWvFlAm4hQMg,Karin Ch. 躑躅かりん,@karintsutsuji,Independent,Thai VTuber Ranking; Virtual YouTuber Fandom Wiki,2026-09-06T15:07:31.313910+00:00,active,False,MEDIUM_CONFIDENCE
UC_JCN1qZMnnFzgzD_iTqrsg,Edella Edward Ch.,@edellaedward,Independent,Thai VTuber Ranking,2026-09-06T15:07:31.313948+00:00,active,False,MEDIUM_CONFIDENCE
UCXkoAHy8rg9tryYsD61IXOg,Morr Ch.【ARP】,@morr_arp,Algorhythm Project,Thai VTuber Ranking,2026-09-06T15:07:31.313980+00:00,active,True,MEDIUM_CONFIDENCE
UCXuiHw-k05CnSu5_DjKUytw,LIVIANA Ch.,@liviana_vwitch,Independent,Thai VTuber Ranking,2026-09-06T15:07:31.314015+00:00,active,True,HIGH_CONFIDENCE
UCXddo8vgPHBsEkDMqRwcYSQ,"Peko the Witch ★ แม่มด""พีโกะ""",@peko-chth,Independent,Thai VTuber Ranking,2026-09-06T15:07:31.314047+00:00,hiatus,False,MEDIUM_CONFIDENCE
UCXl3UWVn6XXFSNM5YNHlSCw,Kaiyo Ch.,@kaiyovtb,Independent,Thai VTuber Ranking,2026-09-06T15:07:31.314068+00:00,hiatus,False,MEDIUM_CONFIDENCE
UC_BZjak0ArVzJ-8yjUUaTqg,SaiMaiZ さいまい ⌜VZ⌟,@saimaiz,Virtual Zeven (VZ),Thai VTuber Ranking,2026-09-06T15:07:31.314139+00:00,active,False,HIGH_CONFIDENCE
UC_4Kw9UFTDz_Hv7K_rH9DQg,I'm a Mee,@imapbear,Independent,Thai VTuber Ranking,2026-09-06T15:07:31.314196+00:00,hiatus,False,HIGH_CONFIDENCE
UCZhewVQstdQB87rdWwIRHzg,MEILIN CH.,@meilinvtuber,Independent,Thai VTuber Ranking,2026-09-06T15:07:31.314233+00:00,active,False,MEDIUM_CONFIDENCE
UCZ8gzZWoN9B6GhlVOwnj0aQ,Ririka ch. / ริริกะ【SSR】,@ririka_ssr,Independent,Thai VTuber Ranking,2026-09-06T15:07:31.314308+00:00,active,False,MEDIUM_CONFIDENCE
UCZxNaWG_8Br9q1eTLSG5wPg,Blu-Chan GMOT ⌜VZ⌟,@bluchangmot,Virtual Zeven (VZ),Thai VTuber Ranking; Virtual YouTuber Fandom Wiki,2026-09-06T15:07:31.314361+00:00,active,False,MEDIUM_CONFIDENCE
UCZrJx0Gxf_Vv2njDwnkaHIA,แม่นิศรายงาน,@reportwanissa,Independent,Thai VTuber Ranking; Virtual YouTuber Fandom Wiki,2026-09-06T15:07:31.314386+00:00,unknown,False,HIGH_CONFIDENCE
UCYEWH_8lJYYxB_Ws5ee_ROw,Saniyah L. Ch.,@san1baebi1,Independent,Thai VTuber Ranking,2026-09-06T15:07:31.314468+00:00,active,False,MEDIUM_CONFIDENCE
UCZ0NN8Yx0Iq6RG7-hORFNbA,Heli Ch.【REC】,@helirec,Independent,Thai VTuber Ranking,2026-09-06T15:07:31.314524+00:00,active,False,MEDIUM_CONFIDENCE
UCYAKTFHayiQ-yvllmFmx5IA,KRATOI 《19'S》,@kratoi_26,Independent,Thai VTuber Ranking,2026-09-06T15:07:31.314567+00:00,active,False,MEDIUM_CONFIDENCE
UCX_lpBjVENv-6AmJmtGAuig,Aoi Nekomori,@aoinekomori,Independent,Thai VTuber Ranking,2026-09-06T15:07:31.314600+00:00,active,False,HIGH_CONFIDENCE
UCZLcxopXBfzR1Dsu8eC1DeQ,Amy Stella Ch.,@amystl_official,Independent,Thai VTuber Ranking,2026-09-06T15:07:31.314626+00:00,active,False,MEDIUM_CONFIDENCE
UCvX83QsQu4NvT0pnEC6b9Hg,Daiji Inuyuki 《 OTL 》,@daiji_otl,Independent,Thai VTuber Ranking,2026-09-06T15:07:31.314669+00:00,active,False,MEDIUM_CONFIDENCE
UCttMAJHfOEXryNHnnDNG53g,MAMORI Ch.,@mamori,Independent,Thai VTuber Ranking,2026-09-06T15:07:31.314728+00:00,hiatus,False,MEDIUM_CONFIDENCE
UCvk4wE32YLgO7MhSBNDx2Xw,RIPry - ริบหรี่,@ripryofficial,Independent,Thai VTuber Ranking,2026-09-06T15:07:31.314770+00:00,active,False,HIGH_CONFIDENCE
UCu5HHrUzCcFmIgeIqImDUhQ,Rubii Ch.,@rubiich,Independent,Thai VTuber Ranking,2026-09-06T15:07:31.314807+00:00,hiatus,False,MEDIUM_CONFIDENCE
UCuMlvjC3BwkkmdLerrcFzrg,Nebula Faragonda 【 V-DragQueen 】,@nebulafaragonda,Independent,Thai VTuber Ranking,2026-09-06T15:07:31.314852+00:00,active,False,MEDIUM_CONFIDENCE
UCvob8U-yjPS-fSf5bq7jvGw,Umino Ciala Ch. Pixela Legends,@uminociala,Pixela Project,Thai VTuber Ranking,2026-09-06T15:07:31.314892+00:00,active,True,HIGH_CONFIDENCE
UCuwUVa1uz28eLDxeoe-CDCQ,SUMM3R ⌜VZ⌟,@summ3r_vz,Virtual Zeven (VZ),Thai VTuber Ranking,2026-09-06T15:07:31.314944+00:00,hiatus,False,MEDIUM_CONFIDENCE
UCwUOnMoqNijxs5e6GbfRJ3Q,ANT4ZIN,@ant4zin,Independent,Thai VTuber Ranking,2026-09-06T15:07:31.314978+00:00,active,False,MEDIUM_CONFIDENCE
UCv6T5E7meuUtXHOAg_jQonQ,Leona Channel『VW』,@leonachannel,Independent,Thai VTuber Ranking,2026-09-06T15:07:31.315030+00:00,active,False,HIGH_CONFIDENCE
UCvbHZ8Ye_C0BHMLVU9F9nuA,NALIKA Vtuber,@nalika_vtuber,Independent,Thai VTuber Ranking,2026-09-06T15:07:31.315059+00:00,active,False,MEDIUM_CONFIDENCE
UCvAjpLYnhtnZn-6UDT4rraQ,TOMA Ch.,@slushytoma,Independent,Thai VTuber Ranking,2026-09-06T15:07:31.315087+00:00,active,False,MEDIUM_CONFIDENCE
UCv8Jc5Icn5MIoBC1g-dXH8Q,- MINTKUNG XD -,@mintkungxd,Independent,Thai VTuber Ranking,2026-09-06T15:07:31.315141+00:00,active,False,MEDIUM_CONFIDENCE
UCtqg53LG-0LfkUn5PssQr_g,Kumi Chan「クミちゃん」,@kitsunekumichan,Independent,Thai VTuber Ranking,2026-09-06T15:07:31.315229+00:00,active,False,MEDIUM_CONFIDENCE
UCtwkgAaBfYn8dGavjDAITxg,Kitsunebana Aiku Ch.,@kitsuaiku_th,Independent,Thai VTuber Ranking,2026-09-06T15:07:31.315257+00:00,active,False,MEDIUM_CONFIDENCE
UCtzBNRsOnn_xYOmXm09YAMw,Tanujo [ECR],@aredhantanujo,Independent,Thai VTuber Ranking,2026-09-06T15:07:31.315366+00:00,active,False,HIGH_CONFIDENCE
UCu5cg0PIbWKd3VuBgu6KDIA,Natsu Ch.,@taka_natsu23,Independent,Thai VTuber Ranking,2026-09-06T15:07:31.315415+00:00,active,False,HIGH_CONFIDENCE
UCvxN2R4-6hqHGYX-AL8Q7Qw,Owen Zwei Ch.,@owenzwei,Independent,Thai VTuber Ranking,2026-09-06T15:07:31.315568+00:00,hiatus,False,MEDIUM_CONFIDENCE
UCvHE7qpAydoWR1vhT2-ZHFg,Taki Fugu Ch.,@takifuguch,Independent,Thai VTuber Ranking,2026-09-06T15:07:31.315626+00:00,active,False,MEDIUM_CONFIDENCE
UCuGrBxlTZGYY7dpx9eLFsZw,Bak Land,@bakland_der,Independent,Thai VTuber Ranking,2026-09-06T15:07:31.315657+00:00,active,False,MEDIUM_CONFIDENCE
UCw5SDGBx4mHpBtBj_qfupWg,Bunana (old channel),@bunana,Independent,Thai VTuber Ranking,2026-09-06T15:07:31.315688+00:00,hiatus,False,HIGH_CONFIDENCE
UCwLCMt4wN6dTIWvxt0w95rQ,Alvina Ch,@alvina-ch,Independent,Thai VTuber Ranking,2026-09-06T15:07:31.315733+00:00,active,False,HIGH_CONFIDENCE
UCw-oKO2PVt2CvgcEjuODDRw,Yukito - ユキト,@yukito-3595,Independent,Thai VTuber Ranking,2026-09-06T15:07:31.315768+00:00,hiatus,False,HIGH_CONFIDENCE
UCvWAlkD3Aguu5zAh7X3ZPPA,Miguel Noxz,@miguelnoxz,Independent,Thai VTuber Ranking,2026-09-06T15:07:31.315800+00:00,active,False,MEDIUM_CONFIDENCE
UCtunm6uij5wVkzTAfcH0aig,Dalphon_Vtuber ,@dalphonvtuber,Independent,Thai VTuber Ranking,2026-09-06T15:07:31.315832+00:00,active,False,MEDIUM_CONFIDENCE
UCv4vY8ecIowhnHMvuNt7ywg,Evelyn Treeswift,@evelyntreeswift,Independent,Thai VTuber Ranking,2026-09-06T15:07:31.315864+00:00,active,False,MEDIUM_CONFIDENCE
UCtXAgf3uaHnIZyLr3fF8Fnw,Faribell SEIREKI [ 西暦 ],@faribellseireki,Independent,Thai VTuber Ranking,2026-09-06T15:07:31.315890+00:00,active,False,MEDIUM_CONFIDENCE
UCvJ9kX_3beaSWPPfHPBq8Uw,Rong da Ferret ,@rong_ferrettie,Independent,Thai VTuber Ranking,2026-09-06T15:07:31.315943+00:00,active,False,HIGH_CONFIDENCE
UCuyrIzf_bCTnyJHktJVpe4g,Atlanteia Sireen Ch. Lumina-First-Myth,@atlanteiasireen,Lumina Live,Thai VTuber Ranking,2026-09-06T15:07:31.315992+00:00,active,True,HIGH_CONFIDENCE
UCvTchQs3VuPF74Y3e6pPAMQ,SwordAce,@swordace,Independent,Thai VTuber Ranking,2026-09-06T15:07:31.316020+00:00,active,True,MEDIUM_CONFIDENCE
UCvjP5hF6Z7o8C4HWEVZmVSQ,Amello,@amello_channel,Independent,Thai VTuber Ranking,2026-09-06T15:07:31.316056+00:00,active,False,MEDIUM_CONFIDENCE
UCwKydIfpAlllZap4K7dzJ4g,HyougaAlpha Ch.【ARP】,@hyougaalpha_arp,Algorhythm Project,Thai VTuber Ranking,2026-09-06T15:07:31.316121+00:00,active,True,HIGH_CONFIDENCE
UCtiDekGvmiFPVU6hfUDprcw,TIWa_SAMA Ch.,@tiwasama,Independent,Thai VTuber Ranking,2026-09-06T15:07:31.316186+00:00,active,False,MEDIUM_CONFIDENCE
UCw64ItsCX0Cb4lCjb68oTpw,Eileennoir Ch.,@eileennoir,Independent,Thai VTuber Ranking; Virtual YouTuber Fandom Wiki,2026-09-06T15:07:31.316240+00:00,active,True,HIGH_CONFIDENCE
UCuZ1ajvlGFUMCHZAPdetKHw,Dacapo Ch.【ARP】,@dacapo_arp,Algorhythm Project,Thai VTuber Ranking; Virtual YouTuber Fandom Wiki,2026-09-06T15:07:31.316262+00:00,active,True,MEDIUM_CONFIDENCE
UCvOrkbDoUwKzbtODiiU8YXg,Mirae Solstice🌌VtuberTH🌅,@miraesolstice,Independent,Thai VTuber Ranking,2026-09-06T15:07:31.316343+00:00,active,False,HIGH_CONFIDENCE
UCvZWxyOOheSuqwVVIT-lJjw,It's SouYuu vtb,@itssouyuuvtuber,Independent,Thai VTuber Ranking,2026-09-06T15:07:31.316376+00:00,hiatus,False,MEDIUM_CONFIDENCE
UCuSeRbNKfziUQdW6hZgiZjw,Lu Yao Ch.,@luyaoch,Independent,Thai VTuber Ranking,2026-09-06T15:07:31.316404+00:00,active,False,HIGH_CONFIDENCE
UCw79Wj7JKNTtBiVqA8OJlSg,Geno Ch.『TST』,@geno_tst,Independent,Thai VTuber Ranking,2026-09-06T15:07:31.316434+00:00,active,False,MEDIUM_CONFIDENCE
UCw7YDtEaJFn1cOoQdBx3lIA,Rainnimin,@rainnimin,Independent,Thai VTuber Ranking,2026-09-06T15:07:31.316510+00:00,active,False,HIGH_CONFIDENCE
UCvQ3ivV2lcNxaSr66Xl_Kcw,【แวมเป้า】- Vampaow,@vampaowch,Independent,Thai VTuber Ranking,2026-09-06T15:07:31.316546+00:00,active,False,MEDIUM_CONFIDENCE
UCtPjQ122cAR7pcv0NiSPhyQ,Thara Ocean Fae ,@tharaoceanfae,Independent,Thai VTuber Ranking,2026-09-06T15:07:31.316573+00:00,active,False,MEDIUM_CONFIDENCE
UCuknM_MfOGBZgedmcu8sf-w,•Battosenpai•,@battosenpai,Independent,Thai VTuber Ranking,2026-09-06T15:07:31.316606+00:00,active,False,HIGH_CONFIDENCE
UCvHE8ZCOcfZR_8HvmBA9JBw,Kapz,@kapz_vvn,Independent,Thai VTuber Ranking,2026-09-06T15:07:31.316638+00:00,active,False,MEDIUM_CONFIDENCE
UCus7FjtV4qGWS1v1GIhfZaQ,Wallace VV,@wallacevv3521,Independent,Thai VTuber Ranking,2026-09-06T15:07:31.316666+00:00,hiatus,False,MEDIUM_CONFIDENCE
UCutz6S1DcEHPnEb_r9ztkzg,Hinabe HongFei Ch. Pixela Project,@hinabehongfei,Pixela Project,Thai VTuber Ranking; Virtual YouTuber Fandom Wiki,2026-09-06T15:07:31.316693+00:00,hiatus,True,HIGH_CONFIDENCE
UCOY60szLyP_E8RuT6jVAVHg,Aruna Shuun Ch. Pixela Destiny,@shuunaruna,Pixela Project,Thai VTuber Ranking,2026-09-06T15:07:31.316716+00:00,hiatus,True,MEDIUM_CONFIDENCE
UCP8f5nq2YdKUmHmLUCkroSw,Nx-Aji,@nxaji,Independent,Thai VTuber Ranking; Virtual YouTuber Fandom Wiki,2026-09-06T15:07:31.316756+00:00,unknown,False,HIGH_CONFIDENCE
UCQGAawBLXuFEodAGOANkAdQ,J U $ T - Virtual7『TH』,@just_007,Independent,Thai VTuber Ranking,2026-09-06T15:07:31.316796+00:00,hiatus,False,HIGH_CONFIDENCE
UCPf8rkZeeiHlQUC0CMgxPQw,MOHOMI,@mohomiz,Independent,Thai VTuber Ranking,2026-09-06T15:07:31.316837+00:00,active,False,MEDIUM_CONFIDENCE
UCQf7QAgBILAuLKG0Eg_WLBw,SayJifuyuV,@jifuyuv,Independent,Thai VTuber Ranking,2026-09-06T15:07:31.316861+00:00,active,False,HIGH_CONFIDENCE
UCOuX_UFS7o1y-JJN7cmHl1A,YotChi,@yotchich,Independent,Thai VTuber Ranking,2026-09-06T15:07:31.316898+00:00,active,False,HIGH_CONFIDENCE
UCQs4BC3S0KSw7i0ggHXn8TA,Quentin Ch.【ARP】,@quentin_arp,Algorhythm Project,Thai VTuber Ranking,2026-09-06T15:07:31.316945+00:00,hiatus,True,MEDIUM_CONFIDENCE
UCQClP6HJ_vecN7W2YmTnLmg,Ricotta Ch.【ARP】,@ricotta_arp,Algorhythm Project,Thai VTuber Ranking,2026-09-06T15:07:31.317001+00:00,hiatus,False,MEDIUM_CONFIDENCE
UCOv7oTy19P_uD5LmMFP9qUA,Rinna Rin,@rinnarinrn,Independent,Thai VTuber Ranking,2026-09-06T15:07:31.317045+00:00,active,False,HIGH_CONFIDENCE
UCQSPYuDISdhcuvXsAhn3BTQ,Lunatrix Ch.,@lunatrixch,Independent,Thai VTuber Ranking; Virtual YouTuber Fandom Wiki,2026-09-06T15:07:31.317077+00:00,active,True,HIGH_CONFIDENCE
UCQkOhOg9Q1uYjfHSvuHMX6w,Jiah ch. Euphora,@jiahepr,Euphora Project,Thai VTuber Ranking,2026-09-06T15:07:31.317121+00:00,active,False,HIGH_CONFIDENCE
UCOuVBxzBW503oxpubfVEF3Q,Just ONELL,@onell_oa,Independent,Thai VTuber Ranking,2026-09-06T15:07:31.317164+00:00,active,False,MEDIUM_CONFIDENCE
UCPVWE9LAQH_Tttu3bHT8puQ,ขนปุย,@fluffy_beary,Independent,Thai VTuber Ranking,2026-09-06T15:07:31.317191+00:00,active,False,MEDIUM_CONFIDENCE
UCPiTBgk5j5A8wDdoyJ-01iA,Hoshino Tamami Ch. 【POLYGON】,@tamamiplg,Polygon Official,Thai VTuber Ranking; Virtual YouTuber Fandom Wiki,2026-09-06T15:07:31.317261+00:00,active,False,HIGH_CONFIDENCE
UCPdYJjRagj71zeEgh3v0R6Q,KuraAlan,@alanchkurayami,Independent,Thai VTuber Ranking; Virtual YouTuber Fandom Wiki,2026-09-06T15:07:31.317284+00:00,active,False,MEDIUM_CONFIDENCE
UCPgZ3g9jYeuj5mLBJ5APp0A,Sasaささ-Lucix,@saluicx,Independent,Thai VTuber Ranking; Virtual YouTuber Fandom Wiki,2026-09-06T15:07:31.317322+00:00,hiatus,False,HIGH_CONFIDENCE
UCP1bDt91t4IsUJ4EgPBg1Og,SWITCHIZ,@switchiz,Independent,Thai VTuber Ranking,2026-09-06T15:07:31.317363+00:00,active,False,HIGH_CONFIDENCE
UCR-zVE5eBtbAnTHlZFz5Pzg,Npc•Artist ,@npc.artist,Independent,Thai VTuber Ranking,2026-09-06T15:07:31.317397+00:00,hiatus,False,MEDIUM_CONFIDENCE
UCQV-OVdAFkMRyZyotBxX6TQ,Melanox Lunix「ALF」,@melanox_alf,ALF,Thai VTuber Ranking,2026-09-06T15:07:31.317428+00:00,active,False,MEDIUM_CONFIDENCE
UCQMHAPgxhO634HZIJraHPTA,Linden Emilio,@lindenemilio4523,Independent,Thai VTuber Ranking,2026-09-06T15:07:31.317449+00:00,hiatus,False,MEDIUM_CONFIDENCE
UCQsrKHkR4lZpdKVL8QOgtgg,Akihira Ch.- あきひら -,@akihira_ch,Independent,Thai VTuber Ranking,2026-09-06T15:07:31.317483+00:00,active,False,MEDIUM_CONFIDENCE
UCPtilLPQCGVrhxeuu7nbxRQ,Antia Ch. 【Mystery】,@antiavtuber,Independent,Thai VTuber Ranking,2026-09-06T15:07:31.317512+00:00,active,False,HIGH_CONFIDENCE
UCQ6O2psxMSAQ5Tt2DUp3_Rg,Night Nai ナイトナイ,@nightnightpngtuber,Independent,Thai VTuber Ranking,2026-09-06T15:07:31.317576+00:00,active,False,HIGH_CONFIDENCE
UCQMUyz21FbKDC_8o-5iQ7ZA,ZhenLinxing ch. PowerPay,@zhenlinxing,Independent,Thai VTuber Ranking,2026-09-06T15:07:31.317621+00:00,hiatus,False,MEDIUM_CONFIDENCE
UCPb2Vtt7YjjaNsqlk3Za9-A,Gojila Ch. ก็อตจิ,@gojilagodji,Independent,Thai VTuber Ranking,2026-09-06T15:07:31.317673+00:00,active,False,HIGH_CONFIDENCE
UCP9x4Ib5jyCiZTjcRY8HTsg,【Madoka to Nihongo!】まどかと にほんご!,@madokatonihongo1761,Independent,Thai VTuber Ranking,2026-09-06T15:07:31.317745+00:00,hiatus,False,MEDIUM_CONFIDENCE
UCPMOk4hbIh5A-_6uNhzAvDg,Kitsuneko Mewten Ch. Pixela-Isekai,@kitsunekomewten,Pixela Project,Thai VTuber Ranking; Virtual YouTuber Fandom Wiki,2026-09-06T15:07:31.317789+00:00,active,True,HIGH_CONFIDENCE
UCPHqJsNtOp94Vcol4DPKpSA,SiamNeko Ch.【ARP】,@siamneko_arp,Algorhythm Project,Thai VTuber Ranking,2026-09-06T15:07:31.317823+00:00,active,True,MEDIUM_CONFIDENCE
UCPb3O6Vqyk7b5b1cpYXGxhQ,Moonique Ch.,@mooniquevt,Independent,Thai VTuber Ranking,2026-09-06T15:07:31.317845+00:00,active,False,MEDIUM_CONFIDENCE
UCOX-wAA5Yzn1JPt6MsgO8VQ,Letia ch.【FIXIX VT】,@letiach.fixixvt,Independent,Thai VTuber Ranking,2026-09-06T15:07:31.317872+00:00,active,False,MEDIUM_CONFIDENCE
UCQVYQZO7SBMPXHNvKxE16Gg,Wizteria Ch.,@fujinowizteria,Independent,Thai VTuber Ranking,2026-09-06T15:07:31.317894+00:00,hiatus,False,MEDIUM_CONFIDENCE
UCQGzkjj0cgwm5pOGVhzUs3A,Willow Ch.【 HZ 】,@willowhz,HZ,Thai VTuber Ranking,2026-09-06T15:07:31.317932+00:00,active,False,HIGH_CONFIDENCE
UCR1Htb-H1-tus7UPotPh69A,Laibaht Ch. / หลายบาท,@laibaht,Independent,Thai VTuber Ranking; Virtual YouTuber Fandom Wiki,2026-09-06T15:07:31.317996+00:00,active,True,HIGH_CONFIDENCE
UCQlpWpnmSm9wn3L1eTVWnbA,Amywitch,@amywitch,Independent,Thai VTuber Ranking,2026-09-06T15:07:31.318022+00:00,hiatus,False,MEDIUM_CONFIDENCE
UCQWJr6Du-UVmOwuEzDzfk_w,Junely Vtuber Ch.,@junelyvtuberch,Independent,Thai VTuber Ranking,2026-09-06T15:07:31.318072+00:00,hiatus,False,HIGH_CONFIDENCE
UCPtSgQ5-yCPl9wbo5w7tmWQ,Evalia Ch.【ARP】,@evalia_arp,Algorhythm Project,Thai VTuber Ranking; Virtual YouTuber Fandom Wiki,2026-09-06T15:07:31.318153+00:00,active,True,HIGH_CONFIDENCE
UCQ71gJATjZSuE2-jCvBddog,Furorin Ch. ,@furorinlor,Independent,Thai VTuber Ranking,2026-09-06T15:07:31.318198+00:00,active,False,MEDIUM_CONFIDENCE
UCPkvqo6J3A8Y2_mCQmUl-zA,Melinoir Ch.,@melinoir-ch,Independent,Thai VTuber Ranking,2026-09-06T15:07:31.318228+00:00,active,False,HIGH_CONFIDENCE
UCPfqcgrqpaSMqxezIqf7DuQ,LilInk【VJN】,@lilinkalonewerewolf,Independent,Thai VTuber Ranking,2026-09-06T15:07:31.318251+00:00,active,False,MEDIUM_CONFIDENCE
UCQS3nybcx-p4g8oFidDRMXA,Xyne Valdreth「ZTP」,@xyne_ztp,Independent,Thai VTuber Ranking,2026-09-06T15:07:31.318305+00:00,active,False,MEDIUM_CONFIDENCE
UCQdJThdCgaDzgk0je69GfhQ,Gaogi Gyaruoji,@gaogigyaruoji,Independent,Thai VTuber Ranking,2026-09-06T15:07:31.318327+00:00,active,False,MEDIUM_CONFIDENCE
UCOzFeOVoXq-E_8ClgO16msg,Ryuji Ch.,@ryujich,Independent,Thai VTuber Ranking,2026-09-06T15:07:31.318362+00:00,active,False,HIGH_CONFIDENCE
UCPKp1agiHSOwu9iPyb6WSNw,「トイイ」TOii,@toiivt,Independent,Thai VTuber Ranking,2026-09-06T15:07:31.318395+00:00,active,False,HIGH_CONFIDENCE
UCPLU2nDo8FV9JAyXLAcTsCw,Risa Ch.,@risaaphiwat,Independent,Thai VTuber Ranking,2026-09-06T15:07:31.318424+00:00,active,False,HIGH_CONFIDENCE
UCPtO4Ttn7kqIaxDHBr15fNQ,Zelycia Le Chantel,@zelycialechantel,Independent,Thai VTuber Ranking,2026-09-06T15:07:31.318459+00:00,active,False,HIGH_CONFIDENCE
UCPuf-39u2U7T-5ClpMYQgWA,Fautier Owiwi Ch.,@fautierowiwi,Independent,Thai VTuber Ranking,2026-09-06T15:07:31.318526+00:00,active,False,HIGH_CONFIDENCE
UCOaTgKPjI9cgXLoDW7XFDDw,Princess Zelina Ch. Pixela Project,@princesszelina,Pixela Project,Thai VTuber Ranking; Virtual YouTuber Fandom Wiki,2026-09-06T15:07:31.318554+00:00,hiatus,True,HIGH_CONFIDENCE
UCAOMy65Qod9DDOU40mWsXdA,Athrun Ch. ,@athruntytoalba,Independent,Thai VTuber Ranking,2026-09-06T15:07:31.318608+00:00,active,False,MEDIUM_CONFIDENCE
UC8xrzfcBL_42uWEf-8pO6og,土曜日関根 Doyoubi Sekine [ECR],@doyoubisekine,Independent,Thai VTuber Ranking,2026-09-06T15:07:31.318739+00:00,active,False,HIGH_CONFIDENCE
UC9PtF5-uRTZEUuOS5tr1Gxg,นางิริน | Nagirin 【RE:S】,@nagirin_res,Independent,Thai VTuber Ranking,2026-09-06T15:07:31.318835+00:00,active,False,HIGH_CONFIDENCE
UC9dolQobrGWzLP2UNrkUbEw,Liz's | WISLIVE,@lizs-wis,Independent,Thai VTuber Ranking,2026-09-06T15:07:31.318898+00:00,active,True,HIGH_CONFIDENCE
UC9TMDpET50CJkgQnB56Xj5g,Tsuruko ch.【SOA】,@s.k.tsuruko,Independent,Thai VTuber Ranking,2026-09-06T15:07:31.318961+00:00,active,False,HIGH_CONFIDENCE
UCAPbXyM7sw0_6VMcrWeX7Ug,Meiiyume Ch.,@meiiyume,Independent,Thai VTuber Ranking,2026-09-06T15:07:31.319010+00:00,active,False,HIGH_CONFIDENCE
UCBTCAyvs7TAzghRqideHGzw,Anemizz,@anemizz,Independent,Thai VTuber Ranking,2026-09-06T15:07:31.319102+00:00,active,False,MEDIUM_CONFIDENCE
UCArXPBCsEt2_rDC63tPLYmg,GIN,@gintheyuk,Independent,Thai VTuber Ranking,2026-09-06T15:07:31.319143+00:00,active,False,MEDIUM_CONFIDENCE
UC9uFujZvbTm3PpTycIz5Z0w,Aelios Ch.,@aeliosofficial,Independent,Thai VTuber Ranking,2026-09-06T15:07:31.319231+00:00,active,False,MEDIUM_CONFIDENCE
UC8lQ60XP8szvj0GHwxYUS2Q,Kyomu Ch.,@kyomuch,Independent,Thai VTuber Ranking,2026-09-06T15:07:31.319271+00:00,active,True,MEDIUM_CONFIDENCE
UC90zZA9j8jdWVb5NNqddKQQ,OkiChinaToy,@okitoy112,Independent,Thai VTuber Ranking,2026-09-06T15:07:31.319316+00:00,active,False,HIGH_CONFIDENCE
UCAj8NHkWEqbJ2er8Umbpoog,BoomVtube Ch.,@boomvtubech,Independent,Thai VTuber Ranking,2026-09-06T15:07:31.319388+00:00,active,False,HIGH_CONFIDENCE
UC8xAtvAk_HX1j3egTO7ylIQ,Roselia de Magentia Ch. Pixela S,@roseliademagentia,Pixela Project,Thai VTuber Ranking,2026-09-06T15:07:31.319487+00:00,active,True,HIGH_CONFIDENCE
UCAV2_Jxxt-JJ08v77lNLBtg,มาลัยเดวา,@malai_deva,Independent,Thai VTuber Ranking,2026-09-06T15:07:31.319526+00:00,active,False,HIGH_CONFIDENCE
UCApZxq6J3R2XNqhzKiBv5mg,Zandy,@zandy31a,Independent,Thai VTuber Ranking,2026-09-06T15:07:31.319578+00:00,active,False,HIGH_CONFIDENCE
UCAO6vSguYeBGpQvn3D9fpdw,Lanka Vtuber,@lanka_lh,Independent,Thai VTuber Ranking,2026-09-06T15:07:31.319618+00:00,active,False,MEDIUM_CONFIDENCE
UC8fneiVrSectPFlnumDMFaw,FuMoon Dayooo,@fumoondayo,Independent,Thai VTuber Ranking,2026-09-06T15:07:31.319652+00:00,active,False,MEDIUM_CONFIDENCE
UC9b9Qttg1NHYSPmKu9mb3iw,Asher Dawnbaker,@asherdawnbaker,Independent,Thai VTuber Ranking,2026-09-06T15:07:31.319694+00:00,active,False,MEDIUM_CONFIDENCE
UC8bJCt2cONnB9AooIC6fomw,Lucid Ch.,@lucidvtuber,Independent,Thai VTuber Ranking,2026-09-06T15:07:31.319730+00:00,active,False,MEDIUM_CONFIDENCE
UCASVAAgvntOrwRgVeMAkIPg,MMD Takumi Ch.,@mmdtakumi,Independent,Thai VTuber Ranking,2026-09-06T15:07:31.319797+00:00,hiatus,False,HIGH_CONFIDENCE
UCA8IZ8dlQc70uzP8WYsFE-w,FAYUUCHAN CHANNEL,@fayuuchan,Independent,Thai VTuber Ranking,2026-09-06T15:07:31.319895+00:00,active,False,HIGH_CONFIDENCE
UC9tPom2jf2B1qPCTOJ2o2uw,SakiMori Mikan,@sakimorimikannn,Independent,Thai VTuber Ranking,2026-09-06T15:07:31.319962+00:00,active,False,HIGH_CONFIDENCE
UCASukO4m2BR4uqZH0XlH1IA,AlpacaALAL Ch.,@alalannika,Independent,Thai VTuber Ranking,2026-09-06T15:07:31.320005+00:00,active,False,HIGH_CONFIDENCE
UC8iTIbRueIONUDDgHN74JHw,MikiVtuber,@mikivtuber,Independent,Thai VTuber Ranking; Virtual YouTuber Fandom Wiki,2026-09-06T15:07:31.320041+00:00,hiatus,False,MEDIUM_CONFIDENCE
UCAvQO1F-w6NELewvcDFupmw,MaewUVChan Channel,@maewuvchanchannel,Independent,Thai VTuber Ranking,2026-09-06T15:07:31.320128+00:00,active,False,MEDIUM_CONFIDENCE
UCAoZkJiB43mNUD6aadeozRw,Asatsuyu Ch.,@asatsuyuchannel,Independent,Thai VTuber Ranking,2026-09-06T15:07:31.320205+00:00,hiatus,False,HIGH_CONFIDENCE
UCB5KUWdc5ttyglIgCYLLOJg,Zia Sylph Ch. / AStars Amakara,@ziasylph_as,AStars Production,Thai VTuber Ranking; Virtual YouTuber Fandom Wiki,2026-09-06T15:07:31.320241+00:00,active,False,MEDIUM_CONFIDENCE
UCAKxVqeGyZTrxYwg3p3xUAg,Tsontaya Knox Ch.,@tsontayaknox,Independent,Thai VTuber Ranking; Virtual YouTuber Fandom Wiki,2026-09-06T15:07:31.320317+00:00,hiatus,False,HIGH_CONFIDENCE
UC9CzeQQnApnpW8-KIsqKwWQ,Anya Smith,@anya_smith,Independent,Thai VTuber Ranking,2026-09-06T15:07:31.320393+00:00,active,False,MEDIUM_CONFIDENCE
UCB2UBUgwjQ7y8k3JNEFEVaQ,Nagumo ⛈️,@nagumoiscool,Independent,Thai VTuber Ranking,2026-09-06T15:07:31.320444+00:00,active,False,HIGH_CONFIDENCE
UCAQnqwL4eytWAamhZs18ovw,Raizuu,@rakumitsuraizuu,Independent,Thai VTuber Ranking,2026-09-06T15:07:31.320482+00:00,active,False,HIGH_CONFIDENCE
UCAzfyfbQ7XHmznbOKinAunQ,MeltildaVT Ch.,@meltildavt,Independent,Thai VTuber Ranking,2026-09-06T15:07:31.320526+00:00,active,False,MEDIUM_CONFIDENCE
UCAv_XjRwhU7sMl3YlM0WoJw,ShiroiKumaTan Ch.,@kumatanch,Independent,Thai VTuber Ranking,2026-09-06T15:07:31.320579+00:00,hiatus,False,HIGH_CONFIDENCE
UCASpA6_BQVi6LpuBRdSxfmw,ALThiMa-NigHT,@althima-night,Independent,Thai VTuber Ranking,2026-09-06T15:07:31.320685+00:00,active,False,MEDIUM_CONFIDENCE
UC8hIV_IaH0IIObGBw0engEQ,Haru CH.,@harurei_vtuber,Independent,Thai VTuber Ranking,2026-09-06T15:07:31.320738+00:00,active,False,MEDIUM_CONFIDENCE
UCBQi4hldyh7jrIU07hL_EbQ,MaewBaew,@maewbaew,Independent,Thai VTuber Ranking,2026-09-06T15:07:31.320838+00:00,active,False,HIGH_CONFIDENCE
UCAnKhwx493i5myddnJFF_gg,Pengu Ch.【Ti19t】,@penguv,Ti19t,Thai VTuber Ranking; Virtual YouTuber Fandom Wiki,2026-09-06T15:07:31.320893+00:00,active,True,HIGH_CONFIDENCE
UC9yPUw_aebcLI_oXNNh1wwQ,Ureinaz,@ureinaz,Independent,Thai VTuber Ranking,2026-09-06T15:07:31.320937+00:00,active,False,HIGH_CONFIDENCE
UC8cpV2XY6w58Ftbx_yMBc6w,Soleil Ch.,@soleildesu,Independent,Thai VTuber Ranking; Virtual YouTuber Fandom Wiki,2026-09-06T15:07:31.320970+00:00,unknown,False,MEDIUM_CONFIDENCE
UC93X4Rs0vDthp-qsZu4TQpg,Allure TND.【Mystery】,@allure_tnd,Independent,Thai VTuber Ranking,2026-09-06T15:07:31.321060+00:00,active,False,HIGH_CONFIDENCE
UCBLV-Zv25LzajWyKEofqvVQ,[ปิดตัว],@gracechu,Independent,Thai VTuber Ranking,2026-09-06T15:07:31.321097+00:00,unknown,True,HIGH_CONFIDENCE
UCAvKK8pzAthBfVeXq_Bj4Ow,Maewmon ch.,@maewmon,Independent,Thai VTuber Ranking,2026-09-06T15:07:31.321146+00:00,active,False,HIGH_CONFIDENCE
UC9WXRLLO7DrcJvUTg69_lkA,Leox Ch. Genesis Project,@leoxchannel,Genesis Project,Thai VTuber Ranking,2026-09-06T15:07:31.321195+00:00,hiatus,False,HIGH_CONFIDENCE
UCBSiJy11yFeJsCRdZ3ZtfBw,Vellva Koray Ch.,@vellvakoray,Independent,Thai VTuber Ranking,2026-09-06T15:07:31.321263+00:00,active,False,MEDIUM_CONFIDENCE
UCAr4U_HGMYXn1EZjdWiGSLQ,Baabel Ch.【ARP】,@baabel_arp,Algorhythm Project,Thai VTuber Ranking; Virtual YouTuber Fandom Wiki,2026-09-06T15:07:31.321312+00:00,active,True,MEDIUM_CONFIDENCE
UC9owX01ODpgeUePEIdC_qlA,R Y O S H I ch.,@ryoshi_artist,Independent,Thai VTuber Ranking,2026-09-06T15:07:31.321461+00:00,active,False,HIGH_CONFIDENCE
UC8pTkUvJe50zHIbl8LkZphQ,SeraPhyne Ch【ECR】,@seraphynech,Independent,Thai VTuber Ranking,2026-09-06T15:07:31.321564+00:00,active,False,HIGH_CONFIDENCE
UCBDu-HE-uL4a-SqH9q5ZZ6g,Hengkungpen,@hengkungpen,Independent,Thai VTuber Ranking,2026-09-06T15:07:31.321755+00:00,active,False,HIGH_CONFIDENCE
UCiayPBsTG18EBsORDWmBOXQ,VitaOvO💊,@vitaovo,Independent,Thai VTuber Ranking,2026-09-06T15:07:31.321824+00:00,active,False,HIGH_CONFIDENCE
UCkFFuJTqPWwFZ5I0smL8NrQ,Aikon (ไอ่ก้อน) 〖ST〗,@aikon_st,Independent,Thai VTuber Ranking,2026-09-06T15:07:31.321883+00:00,active,False,HIGH_CONFIDENCE
UCkEcY4RbLYs2AF45nhkyjtw,Jolly Estaa Ch. Pixela-Isekai,@jollyestaa,Pixela Project,Thai VTuber Ranking; Virtual YouTuber Fandom Wiki,2026-09-06T15:07:31.321955+00:00,active,True,HIGH_CONFIDENCE
UCkNTg_9AatcdDorXO0ijfYQ,Fuyu Kaida,@fuyukaida,Independent,Thai VTuber Ranking,2026-09-06T15:07:31.322028+00:00,active,False,HIGH_CONFIDENCE
UCjrs5Sse402rafaOP-k37Xw,Sisira Hydrangea Ch. Pixela S,@sisirahydrangea,Pixela Project,Thai VTuber Ranking; Virtual YouTuber Fandom Wiki,2026-09-06T15:07:31.322071+00:00,active,True,HIGH_CONFIDENCE
UCjygfNCaicPNiP8HZyXY08w,Mina Nekogaki / 猫垣ミナ【MSV】,@mina_msv,Independent,Thai VTuber Ranking,2026-09-06T15:07:31.322117+00:00,hiatus,False,MEDIUM_CONFIDENCE
UCk0bJC1-V_BIE-FY8qYrVQA,Bingsujuseyo Ch.,@bingsujuseyo,Independent,Thai VTuber Ranking,2026-09-06T15:07:31.322180+00:00,active,False,HIGH_CONFIDENCE
UCjgyitv53-dae3SMkKwruGw,MELBEZ,@melbez_bookie,Independent,Thai VTuber Ranking,2026-09-06T15:07:31.322233+00:00,active,False,HIGH_CONFIDENCE
UCihXBP7iwDIIkzbTbUR4jXg,Krynaydin 「ZTP」,@krynaydin_ztp,Independent,Thai VTuber Ranking,2026-09-06T15:07:31.322305+00:00,active,False,HIGH_CONFIDENCE
UCjGGp-gPhMgxgIKxjShbYtA,Terios Ch.,@teriosdemon,Independent,Thai VTuber Ranking,2026-09-06T15:07:31.322347+00:00,active,True,HIGH_CONFIDENCE
UCjr1VnM1LBRp9Ez2JGNndaA,Aosora Popo Ch.,@aosorapopo,Independent,Thai VTuber Ranking,2026-09-06T15:07:31.322403+00:00,active,True,HIGH_CONFIDENCE
UCk1dqQF3v91PtquvzNf151g,Aiboh Canis (ไอโบ),@aibohcanis,Independent,Thai VTuber Ranking,2026-09-06T15:07:31.322466+00:00,active,False,HIGH_CONFIDENCE
UCj9iuFhj63MZfS8ANBzBd9w,Renia Marinette Ch.【PSM】,@reniamarinette,Independent,Thai VTuber Ranking,2026-09-06T15:07:31.322532+00:00,active,False,HIGH_CONFIDENCE
UCiM8hgTBL6sBMugCDBlij6A,Sen Koretane Ch.,@senkoretane,Independent,Thai VTuber Ranking,2026-09-06T15:07:31.322590+00:00,active,False,MEDIUM_CONFIDENCE
UCjK-ZpWlurxanrP62Di8HkA,Momay infinite,@momayinfinite,Independent,Thai VTuber Ranking,2026-09-06T15:07:31.322629+00:00,active,False,HIGH_CONFIDENCE
UCkU6YBCs4dPsn1FlVzNVqNw,Punquix,@punquix,Independent,Thai VTuber Ranking,2026-09-06T15:07:31.322702+00:00,active,False,HIGH_CONFIDENCE
UCiYFmDfFBoAP2yk9yuXBTTg,S1R Ch.【ARP】,@s1r_arp,Algorhythm Project,Thai VTuber Ranking; Virtual YouTuber Fandom Wiki,2026-09-06T15:07:31.322765+00:00,active,True,HIGH_CONFIDENCE
UCkL-uaHGA8xe516I3y00OZA,IsitTime,@isittimeofficial,Independent,Thai VTuber Ranking,2026-09-06T15:07:31.322813+00:00,active,False,HIGH_CONFIDENCE
UCj3jRZ4HHn1hZtwzs5Sw2KQ,- BURN -,@bburn_out,Independent,Thai VTuber Ranking,2026-09-06T15:07:31.322866+00:00,active,False,HIGH_CONFIDENCE
UCjiIfHN3nlU80_DgNz-5qlA,Mitsuki Vtuber,@mitsukirinna_lh,Independent,Thai VTuber Ranking,2026-09-06T15:07:31.322933+00:00,active,False,HIGH_CONFIDENCE
UCiZG4hoElnNYefqCSu5MC5A,Midori,@msandori,Independent,Thai VTuber Ranking,2026-09-06T15:07:31.323001+00:00,active,False,HIGH_CONFIDENCE
UCjeOlTHXWFsFfQ6o6Y_Dlsw,MaewLham,@maewlham,Independent,Thai VTuber Ranking,2026-09-06T15:07:31.323054+00:00,active,False,HIGH_CONFIDENCE
UCjGFO21Jia-O4vL-KSHO44Q,Odiare Ch ,@odiarech,Independent,Thai VTuber Ranking,2026-09-06T15:07:31.323115+00:00,active,False,HIGH_CONFIDENCE
UCkDoqvUkpbGqskcODT-S0ag,Fazia,@faziafazia-u3k,Independent,Thai VTuber Ranking,2026-09-06T15:07:31.323155+00:00,hiatus,False,HIGH_CONFIDENCE
UCivtAz2MHfiy-HC0VW9fR2Q,วาฬ くじら,@วาฬch,Independent,Thai VTuber Ranking,2026-09-06T15:07:31.323244+00:00,active,False,HIGH_CONFIDENCE
UCj0_mU0sUlDnVfoaOT6ve_A,เคอเรนเซียวีปกติɞ,@kungphaokung,Independent,Thai VTuber Ranking,2026-09-06T15:07:31.323317+00:00,active,False,HIGH_CONFIDENCE
UCj2sbvVwAQFjHPLZ47RoTOA,Tama OniiSan 【21PM】,@tamaoniisan21pm,Independent,Thai VTuber Ranking,2026-09-06T15:07:31.323368+00:00,active,False,HIGH_CONFIDENCE
UCjNcr0lsW_G8u6zJjjHlBXw,Veena - OWG,@veena-owg7783,Independent,Thai VTuber Ranking,2026-09-06T15:07:31.323410+00:00,hiatus,False,MEDIUM_CONFIDENCE
UCjpsxqVVjdZWy5eW5-ZkbcA,Amnuai CH,@amnuaich,Independent,Thai VTuber Ranking,2026-09-06T15:07:31.323479+00:00,active,True,MEDIUM_CONFIDENCE
UCjgbkv8rEi3oBPjhsCRUWsA,Shunka INE [NEX],@inenex,Independent,Thai VTuber Ranking,2026-09-06T15:07:31.323544+00:00,active,False,HIGH_CONFIDENCE
UCk5hcuReSItZee785U4jMDA,Dear_759TH ◤VTP◢,@dear759th_vtp,Independent,Thai VTuber Ranking,2026-09-06T15:07:31.323599+00:00,active,False,HIGH_CONFIDENCE
UCiK62ZOsD7vMwTw0MJiYDLw,Kikuhara Himegu Ch.,@kikuharahimegu,Independent,Thai VTuber Ranking,2026-09-06T15:07:31.323655+00:00,active,False,HIGH_CONFIDENCE
UCkWqUSYGks1CqOcCm-zwfzw,Lalia,@lalia_channel,Independent,Thai VTuber Ranking,2026-09-06T15:07:31.323785+00:00,active,False,HIGH_CONFIDENCE
UCijixp2pBTNrgkF5pDw0wPg,Neris Ch.,@thelittlenelle,Independent,Thai VTuber Ranking,2026-09-06T15:07:31.323898+00:00,active,False,MEDIUM_CONFIDENCE
UCjQS71kGf-Ph6uy08IEG2bg,WalkyTalky Vber Ch.,@walkytalky404,Independent,Thai VTuber Ranking,2026-09-06T15:07:31.324008+00:00,active,False,HIGH_CONFIDENCE
UCiVx0R2pqr8Zg-tivdPDgig,Sarnna Black Herbilrah |【SH】,@sarnnabhbr_ch,Independent,Thai VTuber Ranking,2026-09-06T15:07:31.324098+00:00,active,False,HIGH_CONFIDENCE
UCjnKbgxO0tCXzNlSsnYjdyg,Kerori Raika,@keroriraika,Independent,Thai VTuber Ranking,2026-09-06T15:07:31.324150+00:00,active,False,MEDIUM_CONFIDENCE
UCiZyQDO7v9UY_-Q24VsSLlQ,Antolnette the Magnificent Ch. Lumina-Muse,@antolnettethemagnificent,Lumina Live,Thai VTuber Ranking,2026-09-06T15:07:31.324223+00:00,active,False,HIGH_CONFIDENCE
UCjD3GQq05AJ2Hwh0wDkiV4w,CIEL Chouette ch. Euphora,@cielepr,Euphora Project,Thai VTuber Ranking,2026-09-06T15:07:31.324267+00:00,active,False,MEDIUM_CONFIDENCE
UCkYpaS7iE8B6r8xPBeo4sOg,Pinku no Megami - Virtual7『TH』,@pinkumegami,Independent,Thai VTuber Ranking,2026-09-06T15:07:31.324328+00:00,hiatus,False,MEDIUM_CONFIDENCE
UCkF8r4_wvBnMm2mrdvcxU_g,Sunfish Ch.,@sunfishch,Independent,Thai VTuber Ranking,2026-09-06T15:07:31.324363+00:00,active,False,MEDIUM_CONFIDENCE
UCiVNJohfCMYogqJ4EB6fB1g,Dragooooon Vtuber,@dragooooon_lh,Independent,Thai VTuber Ranking,2026-09-06T15:07:31.324474+00:00,active,False,HIGH_CONFIDENCE
UCjw7DQp5uNND5qMyyhtOpdQ,RaFa DXD,@rafadxd,Independent,Thai VTuber Ranking,2026-09-06T15:07:31.324524+00:00,active,True,HIGH_CONFIDENCE
UCjQxLH9yqYXowVtH7a-6L-Q,MikuRu-0 Project,@mikuru0project,Independent,Thai VTuber Ranking; Virtual YouTuber Fandom Wiki,2026-09-06T15:07:31.324584+00:00,active,True,HIGH_CONFIDENCE
UCjgiHXaBeeuWfxZpNMCJioQ,Galactic Lunarr,@galacticlunarr,Independent,Thai VTuber Ranking,2026-09-06T15:07:31.324615+00:00,active,False,MEDIUM_CONFIDENCE
UCkLlWzLdsqNdEaW9QYRbZCw,Zynlyp,@zynlyp,Independent,Thai VTuber Ranking,2026-09-06T15:07:31.324673+00:00,active,False,HIGH_CONFIDENCE
UCjtjNwzYjmM3PQkMWTP3MNw,Yusha | V.W.Y,@yushachvwy,V.W.Y,Thai VTuber Ranking,2026-09-06T15:07:31.324715+00:00,active,False,MEDIUM_CONFIDENCE
UCiggUCFZrCho_ZtAMxSYx0Q,AlexisWolf,@itsalexiswolf,Independent,Thai VTuber Ranking,2026-09-06T15:07:31.324821+00:00,active,False,HIGH_CONFIDENCE
UCikyhPyuEu3rn1izGOGxZcg,Aranis Elvene Ch. Pixela-Isekai,@araniselvene,Pixela Project,Thai VTuber Ranking; Virtual YouTuber Fandom Wiki,2026-09-06T15:07:31.324897+00:00,active,True,HIGH_CONFIDENCE
UChgmNRdjJHlFaSm_xGmue9g,Konpe Ch. [Autumnia],@konpe,Autumnia,Thai VTuber Ranking,2026-09-06T15:07:31.324962+00:00,hiatus,False,MEDIUM_CONFIDENCE
UCgRxjdx4-ZMtmhjyl2N27nw,Blinkdraws ,@blinkdraws,Independent,Thai VTuber Ranking,2026-09-06T15:07:31.325026+00:00,active,False,MEDIUM_CONFIDENCE
UChZv4NseLfZ98PmCA-gii7A,Grazia Ch.,@grazia_vtuber,Independent,Thai VTuber Ranking,2026-09-06T15:07:31.325088+00:00,active,False,HIGH_CONFIDENCE
UCgfEMiBgW-JSS3qksegDo3Q,Rlanzshino,@rlanzshino,Independent,Thai VTuber Ranking,2026-09-06T15:07:31.325155+00:00,active,False,HIGH_CONFIDENCE
UChmC0OWdqJFyrdKQtseamJA,Killa ch.,@killach,Independent,Thai VTuber Ranking,2026-09-06T15:07:31.325235+00:00,unknown,False,HIGH_CONFIDENCE
UCghRTkqCoqGGmq9s8z7muLg,G RED,@gredch,Independent,Thai VTuber Ranking,2026-09-06T15:07:31.325281+00:00,active,False,HIGH_CONFIDENCE
UCgLadXz0sJbHQL98eoAd9ag,【graduated】Ice Shirakoi Ch. / AStars Amakara,@iceshirakoi_as,AStars Production,Thai VTuber Ranking,2026-09-06T15:07:31.325321+00:00,hiatus,True,MEDIUM_CONFIDENCE
UCi2T9exDdJRTsxL1vnNV9gQ,Nanino Channel,@naninonaninona,Independent,Thai VTuber Ranking,2026-09-06T15:07:31.325362+00:00,active,True,MEDIUM_CONFIDENCE
UCi201iDULX3c5VXIlh65zOA,Bunnieskisses ch. | VtuberTH,@bunnieskisses.vtuber,Independent,Thai VTuber Ranking,2026-09-06T15:07:31.325405+00:00,active,False,HIGH_CONFIDENCE
UCgM2ZDG20kYbeYrG1wy1MSQ,Norma Ch.,@normach,Independent,Thai VTuber Ranking,2026-09-06T15:07:31.325470+00:00,active,False,MEDIUM_CONFIDENCE
UCi0lsSeXkSUuFwWTdhk73IA,Homooto the gang (โฮมู่โตะ),@homooto,Independent,Thai VTuber Ranking,2026-09-06T15:07:31.325511+00:00,active,False,HIGH_CONFIDENCE
UCh27XHdphGUo6meLoVblIoQ,Kevara ch. Euphora,@kevaraepr,Euphora Project,Thai VTuber Ranking,2026-09-06T15:07:31.325574+00:00,active,False,HIGH_CONFIDENCE
UCgnavpGZUMzWODQB_daHZbQ,Listen Ch.【ARP】,@listen_arp,Algorhythm Project,Thai VTuber Ranking,2026-09-06T15:07:31.325633+00:00,active,True,HIGH_CONFIDENCE
UCgQHTHlOXAX0PEVBeHTlSnA,Nero Ch.《CodeCreation》,@shirokaminero,Independent,Thai VTuber Ranking,2026-09-06T15:07:31.325702+00:00,active,False,MEDIUM_CONFIDENCE
UCiFkwxPLkte3F9h7cgo3tOg,DubeDuck ,@dubeduck,Independent,Thai VTuber Ranking,2026-09-06T15:07:31.325741+00:00,unknown,False,MEDIUM_CONFIDENCE
UChSGIJlrLUI1UVds38w2Obg,Leon Ch.,@leon_thepinklion,Independent,Thai VTuber Ranking,2026-09-06T15:07:31.325775+00:00,active,False,MEDIUM_CONFIDENCE
UChgltsIqf_o4bFSKd9dVE5A,Ramirez Svensons,@ramirezvtuber,Independent,Thai VTuber Ranking,2026-09-06T15:07:31.325822+00:00,active,False,MEDIUM_CONFIDENCE
UChF6_MAcqWD8q-mnRoDViEQ,KNIGHT BARLET Ch.,@knightbarlet5751,Independent,Thai VTuber Ranking,2026-09-06T15:07:31.325887+00:00,active,False,HIGH_CONFIDENCE
UCh3KvFEZOwMfaFYMzvdznRA,Kyofu Akari Ch.,@kyofuakari,Independent,Thai VTuber Ranking,2026-09-06T15:07:31.325942+00:00,active,False,MEDIUM_CONFIDENCE
UCgyDesMB7dtmRf5O8WCbsgQ,Fynn Ch.,@fynnvtuber,Independent,Thai VTuber Ranking,2026-09-06T15:07:31.325975+00:00,hiatus,False,MEDIUM_CONFIDENCE
UCh-ktlPulzCBs5S1Ynk3UOg,Faye Ashefort,@fayeashefort,Independent,Thai VTuber Ranking,2026-09-06T15:07:31.326011+00:00,hiatus,False,MEDIUM_CONFIDENCE
UCg53fzp6UNYvsyAg8UoNXCA,Draki Kona Ch. Lumina-First-Myth,@drakikona,Lumina Live,Thai VTuber Ranking; Virtual YouTuber Fandom Wiki,2026-09-06T15:07:31.326097+00:00,active,True,HIGH_CONFIDENCE
UChgVLsZjY0Pzzm5CZ-8a6MQ,PingPingko【REC】,@pingpingko,Independent,Thai VTuber Ranking,2026-09-06T15:07:31.326207+00:00,active,False,HIGH_CONFIDENCE
UCgMHb11ydIWSAgvzrxOPjRg,Arcanon Tarotar Ch. Lumina-Mutelu,@arcanontarotar,Lumina Live,Thai VTuber Ranking,2026-09-06T15:07:31.326288+00:00,active,False,HIGH_CONFIDENCE
UCgxuLWOuU5QX8ReEFthb_lA,อยากเปลี่ยนชื่ออะ อดีตตามหลอกหลอนอย่างมาก,@ookamichannel,Independent,Thai VTuber Ranking; Virtual YouTuber Fandom Wiki,2026-09-06T15:07:31.326317+00:00,hiatus,False,HIGH_CONFIDENCE
UCgiEVQfolrB4MExyzxq_L5Q,AquaMarinia 【BLP】,@aquamarinia_blp,Independent,Thai VTuber Ranking,2026-09-06T15:07:31.326346+00:00,active,False,MEDIUM_CONFIDENCE
UCgXcfaWl68A1gHWm4AiJXAQ,Yoshie Ch. Yoshie Teriri,@yoshiechyoshieteriri,Independent,Thai VTuber Ranking,2026-09-06T15:07:31.326371+00:00,hiatus,False,MEDIUM_CONFIDENCE
UCgwH2no530s8Ios2doKELKw,DanDan,@dantedesperadoofficial,Independent,Thai VTuber Ranking,2026-09-06T15:07:31.326394+00:00,hiatus,False,MEDIUM_CONFIDENCE
UChBuxXl8poN1Jz8kZDdsfhw,Selene Ch.【ARP】,@selene_arp,Algorhythm Project,Thai VTuber Ranking; Virtual YouTuber Fandom Wiki,2026-09-06T15:07:31.326423+00:00,active,True,MEDIUM_CONFIDENCE
UCg7LMUxDiwIDngWPjo60iTw,Killian Mare,@killian_marexoxo,Independent,Thai VTuber Ranking,2026-09-06T15:07:31.326534+00:00,active,False,MEDIUM_CONFIDENCE
UCgZt2jUdPnEVCKQtnzS0ywg,Klangkhuen / กลางคืน,@klangkhuen,Independent,Thai VTuber Ranking,2026-09-06T15:07:31.326591+00:00,active,False,MEDIUM_CONFIDENCE
UCgFEQdBjM12Cg-IY5tFzU_g,TOP【PRIME】,@ursungtheo,Independent,Thai VTuber Ranking,2026-09-06T15:07:31.326628+00:00,active,False,MEDIUM_CONFIDENCE
UCgq-rIElYiBFQnxgMnkojwg,Padzang Channel,@padzangchannel,Independent,Thai VTuber Ranking,2026-09-06T15:07:31.326706+00:00,active,True,HIGH_CONFIDENCE
UCgJiSmkfl1jCbczrs6kDWVw,DuziHa DuDu Ch.,@duziha,Independent,Thai VTuber Ranking,2026-09-06T15:07:31.326737+00:00,active,False,MEDIUM_CONFIDENCE
UChNALrBJanqhbKasT0tgajQ,Honoru Ch. โฮโนรุ,@honorulynn,Independent,Thai VTuber Ranking,2026-09-06T15:07:31.326785+00:00,active,False,MEDIUM_CONFIDENCE
UCgkQ3ELvRzik3JDfc4o4S_g,Mor9an ՞·ᴥ·՞ (มอร์แกน)『VFree』,@mor9an_m,Independent,Thai VTuber Ranking,2026-09-06T15:07:31.326831+00:00,active,False,HIGH_CONFIDENCE
UCgmytgwJVDe74ewiHklGcBA,Minato Hatsuki【JVP】,@minatohatsukich,Independent,Thai VTuber Ranking,2026-09-06T15:07:31.326865+00:00,active,False,HIGH_CONFIDENCE
UChAhP23slVdjdrpt4aRukIw,Daddy Evil Ch.,@daddyevilch,Independent,Thai VTuber Ranking,2026-09-06T15:07:31.326901+00:00,active,False,MEDIUM_CONFIDENCE
UChJCeUsXs42TOe1m4LZ_lJg,Cynthia Tepes Ch. [Autumnia],@cynthiatepes,Autumnia,Thai VTuber Ranking,2026-09-06T15:07:31.326965+00:00,hiatus,False,HIGH_CONFIDENCE
UChNrxGsRq7xpntwWcI-h5Hg,Yuitoku Ch.,@yuitoku_woof,Independent,Thai VTuber Ranking,2026-09-06T15:07:31.326995+00:00,active,False,HIGH_CONFIDENCE
UChy20fuMn3c_rB2NEZLQecA,Charlotty Ch. ,@charlottych.9815,Independent,Thai VTuber Ranking,2026-09-06T15:07:31.327020+00:00,hiatus,False,MEDIUM_CONFIDENCE
UCgqsGN6McgMtc-Xz50MsG9w,Uniwii Ch.【ARP】,@uniwii_arp,Algorhythm Project,Thai VTuber Ranking,2026-09-06T15:07:31.327050+00:00,hiatus,True,MEDIUM_CONFIDENCE
UChrGwUGm1puXFhoC0lC7LFQ,Yukino Taifu Ch. ,@yukino-taifu,Independent,Thai VTuber Ranking,2026-09-06T15:07:31.327079+00:00,active,False,MEDIUM_CONFIDENCE
UCg5zRBCc-X-O4ZPQQ3jDAIg,Estelle Wil Ch.,@estellewil,Independent,Thai VTuber Ranking,2026-09-06T15:07:31.327165+00:00,active,False,HIGH_CONFIDENCE
UCiHID_2M0x_oEo62Kate2jQ,Zoomdesu,@zoomdesu,Independent,Thai VTuber Ranking,2026-09-06T15:07:31.327221+00:00,hiatus,False,HIGH_CONFIDENCE
UCgSsXxQ71nScJ-GIc90ZkYw,Cerafine Mikael Ch. Lumina-First-Myth,@cerafinemikael,Lumina Live,Thai VTuber Ranking,2026-09-06T15:07:31.327269+00:00,active,True,HIGH_CONFIDENCE
UCf0WmZk5F5_1Qm9CNgEZNuA,WATCH,@watch,Independent,Virtual YouTuber Fandom Wiki,2026-09-06T15:07:31.327292+00:00,unknown,False,MEDIUM_CONFIDENCE
UCVjpFP1_Ny3PUoE26r4ITaw,Bunana Vtuber,@bunana_vtuber,Independent,Virtual YouTuber Fandom Wiki,2026-09-06T15:07:31.327356+00:00,unknown,False,MEDIUM_CONFIDENCE
UC-qBbCCqtD2H4WSs9m978Ow,Cazzie K. Monie,@cazziekmonie,Independent,Virtual YouTuber Fandom Wiki,2026-09-06T15:07:31.327385+00:00,unknown,True,MEDIUM_CONFIDENCE
UCh4SV9jjhMTFd8QRBh0IegA,Cream Stew,@creamysteww,Independent,Virtual YouTuber Fandom Wiki,2026-09-06T15:07:31.327408+00:00,unknown,False,MEDIUM_CONFIDENCE
UClEcDlghI58w28f7H9pO-7Q,EC19 Projekt Official,@ec19projektofficial29,Independent,Virtual YouTuber Fandom Wiki,2026-09-06T15:07:31.327514+00:00,unknown,False,MEDIUM_CONFIDENCE
UCPzpIPohJ6axdgSWGyCNmHg,Veera Ch.,@veerach.3467,Independent,Virtual YouTuber Fandom Wiki,2026-09-06T15:07:31.327544+00:00,unknown,False,MEDIUM_CONFIDENCE
UC6lZLAOgSYgJ6ZkW2ZTI75Q,Effy Ch.【ARP】,@effy_arp,Algorhythm Project,Virtual YouTuber Fandom Wiki,2026-09-06T15:07:31.327589+00:00,unknown,True,MEDIUM_CONFIDENCE
UCkEgF0BmvRD2QKETDKoIzdQ,Fernis Esme,@fernisesme815,Independent,Virtual YouTuber Fandom Wiki,2026-09-06T15:07:31.327611+00:00,unknown,False,MEDIUM_CONFIDENCE
UCaNo5k03dtYzsJ3TqL3JPUw,HirabikiVR,@hirabikivr7944,Independent,Virtual YouTuber Fandom Wiki,2026-09-06T15:07:31.327648+00:00,unknown,False,MEDIUM_CONFIDENCE
UCV04Z1PL6HevUdDeHDHwkDw,MeiLi,@MeiLiChParabellum2,Independent,Virtual YouTuber Fandom Wiki,2026-09-06T15:07:31.327836+00:00,unknown,False,MEDIUM_CONFIDENCE
UC2GaO3oPD_bkDMtLLRHnJgw,Nelynn,@UC2GaO3oPD_bkDMtLLRHnJgw,Independent,Virtual YouTuber Fandom Wiki,2026-09-06T15:07:31.327882+00:00,unknown,False,MEDIUM_CONFIDENCE
UClSlkwPIViMrT4Mj_8enkew,Ning Ning,@UClSlkwPIViMrT4Mj_8enkew,Independent,Virtual YouTuber Fandom Wiki,2026-09-06T15:07:31.327906+00:00,unknown,False,MEDIUM_CONFIDENCE
UC3qWSgyoIB-pyGhjTBUwQww,Zoel Ch.,@novicezoel,Independent,Virtual YouTuber Fandom Wiki,2026-09-06T15:07:31.327929+00:00,unknown,False,MEDIUM_CONFIDENCE
UCmvFibZ6umhTdyUpLya_vLg,Nyeeeon,@nyeeeon,Independent,Virtual YouTuber Fandom Wiki,2026-09-06T15:07:31.327951+00:00,unknown,False,MEDIUM_CONFIDENCE
UCcRaKGCG3RFenb8D2php_Jw,Pixela Official,@pixelaofficial,Pixela Project,Virtual YouTuber Fandom Wiki,2026-09-06T15:07:31.327986+00:00,unknown,True,HIGH_CONFIDENCE
UCbJzR2e_KQAATjnkddLTL9A,Polygon Official,@polygonofficial,Polygon Official,Virtual YouTuber Fandom Wiki,2026-09-06T15:07:31.328044+00:00,unknown,False,HIGH_CONFIDENCE
UCa7Slk7_l3qK3YFGZWa2IsQ,Ponya Ch. - Parabellum,@ponyachparabellum,Independent,Virtual YouTuber Fandom Wiki,2026-09-06T15:07:31.328093+00:00,unknown,False,MEDIUM_CONFIDENCE
UCXtQTtPJedfjqEPysorbsMg,久檻夜くぅ / Qualia Qu Ch.,@qualiaquch.5487,Independent,Virtual YouTuber Fandom Wiki,2026-09-06T15:07:31.328171+00:00,unknown,True,MEDIUM_CONFIDENCE
UCyC0qxWVTV7Aq0WdyBkeypw,Rera Drago ch. AKD,@reradragoakd,Independent,Virtual YouTuber Fandom Wiki,2026-09-06T15:07:31.328228+00:00,unknown,False,HIGH_CONFIDENCE
UC0vtaaMk6-hGYcx4QWoMymg,Toru Kuma,@torukuma,Independent,Virtual YouTuber Fandom Wiki,2026-09-06T15:07:31.328404+00:00,unknown,False,MEDIUM_CONFIDENCE
UCrIs26bEKOvA_lRnO2Hgscw,Unnämed,@unnamednow00,Independent,Virtual YouTuber Fandom Wiki,2026-09-06T15:07:31.328477+00:00,unknown,True,MEDIUM_CONFIDENCE
UC_XyNfXasr_yngj3VOJU3dg,Ursa Scorpio,@ursa_vtuber,Independent,Virtual YouTuber Fandom Wiki,2026-09-06T15:07:31.328571+00:00,unknown,False,HIGH_CONFIDENCE
UCSdV0wKlfljMvRY3mFVn1ZQ,Vanila Mali,@UCSdV0wKlfljMvRY3mFVn1ZQ,Independent,Virtual YouTuber Fandom Wiki,2026-09-06T15:07:31.328629+00:00,unknown,False,MEDIUM_CONFIDENCE
UCtorf7cuSwiGmA2lEuuubCQ,LUNA NENE ◤VTP◢,@nene_vtp,Independent,Virtual YouTuber Fandom Wiki,2026-09-06T15:07:31.328675+00:00,unknown,False,HIGH_CONFIDENCE
UC6jEdLoM959IpJeDP5sYgaQ,Wan Jan,@wanjan,Independent,Virtual YouTuber Fandom Wiki,2026-09-06T15:07:31.328699+00:00,unknown,False,MEDIUM_CONFIDENCE
UCvsZDzO8ATDZJJgkhVlWopg,Xeno Horizon,@UCvsZDzO8ATDZJJgkhVlWopg,Independent,Virtual YouTuber Fandom Wiki,2026-09-06T15:07:31.328722+00:00,unknown,False,MEDIUM_CONFIDENCE
UC31u9DPv_zbrasL8FTH7K5g,Reiden_R Ch.,@reiden_r,Independent,Manual Audit; Thai VTuber Ranking,2026-09-06T15:23:57.357290+00:00,active,False,HIGH_CONFIDENCE
UCGAYOnH9azmAmcHpzRWZsOg,NoA Noaris,@noa_noaris,Independent,Manual Audit; Thai VTuber Ranking,2026-09-06T15:23:57.357290+00:00,active,False,HIGH_CONFIDENCE
UCH3mEs_fK3r0M2hJ9NsgNPg,fxoverpur,@fxoverpur,Independent,Manual Audit; Thai VTuber Ranking,2026-09-06T15:23:57.357290+00:00,active,False,HIGH_CONFIDENCE
UCUOVWfFzNwIfu3_MfXegyPA,Akaku Mikoni | V.W.Y,@akakumikoni,V.W.Y,Manual Audit; Thai VTuber Ranking,2026-09-06T15:23:57.357290+00:00,active,False,HIGH_CONFIDENCE
UCUlc9fwNihOqufbS8KtakvA,Koharu Channel,@koharuchannel,Independent,Manual Audit; Thai VTuber Ranking,2026-09-06T15:23:57.357290+00:00,hiatus,False,HIGH_CONFIDENCE
UCaCHWJ4_dp4ovreQ91lp3Iw,Lyrics 🌙,@moonshinelyrics_z,Independent,Manual Audit; Thai VTuber Ranking,2026-09-06T15:23:57.357290+00:00,active,False,HIGH_CONFIDENCE
UC_nmh9XycGlquouvai2UC6g,Newzkung Raccoonza,@newzkungraccoon,Independent,Manual Audit; Thai VTuber Ranking,2026-09-06T15:23:57.357290+00:00,active,True,HIGH_CONFIDENCE
UCsB043n4HJ1SfywowZACmug,Ané Monie Ch. | OAL,@monie_oal,OAL,Manual Audit; Thai VTuber Ranking,2026-09-06T15:23:57.357290+00:00,active,False,HIGH_CONFIDENCE
UCtECeyZ_Uc-oE4fJCt3YPoA,Byte001_SLR,@byte001_slr,Independent,Manual Audit; Thai VTuber Ranking,2026-09-06T15:23:57.357290+00:00,active,False,HIGH_CONFIDENCE
UCtHdI-Bb1OWP9VaQpBHy7kg,Titorch Ch.,@titorch_ch,Independent,Manual Audit; Thai VTuber Ranking,2026-09-06T15:23:57.357290+00:00,active,False,HIGH_CONFIDENCE
UCONVwO_B2jxgzpbsVopQ6fw,Zion《ATX》,@zion_atx,ATX,Manual Audit; Thai VTuber Ranking,2026-09-06T15:23:57.357290+00:00,active,False,HIGH_CONFIDENCE
UCNaHMNS61Q1f1nIRDS0429A,Weiß,@lalalost8e,Independent,Manual Audit; Thai VTuber Ranking,2026-09-06T15:23:57.357290+00:00,hiatus,False,HIGH_CONFIDENCE
UCOFHRsSrDPOcdiz3Crc2ZBw,Hatsu ch〖DPX〗,@hatsuxch,DPX,Manual Audit; Thai VTuber Ranking,2026-09-06T15:23:57.357290+00:00,active,False,HIGH_CONFIDENCE
UC82qGW5XAba3LYqMEmiVBgg,Naoki Yuuto Ch.,@naokiyuuto,Independent,Manual Audit; Thai VTuber Ranking,2026-09-06T15:23:57.357290+00:00,hiatus,False,HIGH_CONFIDENCE
UCDmay2oK3RLbl8ooxYv-wJg,CHALONETTA | VArtisit,@chalonettavamp,Independent,Manual Audit; Thai VTuber Ranking,2026-09-06T15:23:57.357290+00:00,active,False,HIGH_CONFIDENCE
UCEL3qsIRdudjSuFHMHUxi0Q,Rui Kazu 《 EXia 》,@ruikazu_exia,EXia,Manual Audit; Thai VTuber Ranking,2026-09-06T15:23:57.357290+00:00,active,False,HIGH_CONFIDENCE
UCyv2oEiAXQp9xLlBr1Tn6Vg,Yokina Saori,@yokinasaori,Independent,Manual Audit; Thai VTuber Ranking,2026-09-06T15:23:57.357290+00:00,active,False,HIGH_CONFIDENCE
UCHhEdxjXqC8sbAj7a-PVFlg,LUM1N S.,@lum1ns,Independent,Manual Audit; Thai VTuber Ranking,2026-09-06T15:23:57.357290+00:00,active,False,HIGH_CONFIDENCE
UCpD_Ds-YEOOhPobh2xOGBHA,ZAIN Ch.,@zainvtuber,Independent,Manual Audit; Thai VTuber Ranking,2026-09-06T15:23:57.357290+00:00,active,False,HIGH_CONFIDENCE
UCpfWYM5nNmWfroMIXBk3Gug,Jozetté Wrasset Ch. | OAL,@jozette_oal,OAL,Manual Audit; Thai VTuber Ranking,2026-09-06T15:23:57.357290+00:00,active,False,HIGH_CONFIDENCE
UCqUHXBufAIuF9KI-OoMFUQw,EikiShiro ch.,@eikishiro,Independent,Manual Audit; Thai VTuber Ranking,2026-09-06T15:23:57.357290+00:00,active,False,HIGH_CONFIDENCE
UCpbHtJERmEP-GZJeSpziqCQ,Zuruya Ch.,@zuruya-zip,Independent,Manual Audit; Thai VTuber Ranking,2026-09-06T15:23:57.357290+00:00,active,False,HIGH_CONFIDENCE
UCT0u795YFp9O_k9cL5d0RZg,Z,@user-wj8iv9im1u,Independent,Manual Audit; Thai VTuber Ranking,2026-09-06T15:23:57.357290+00:00,hiatus,False,HIGH_CONFIDENCE
UCRjdIz5ngcJVDZ-bjs2mEzg,shiorichan,@shiorichanvt,Independent,Manual Audit; Thai VTuber Ranking,2026-09-06T15:23:57.357290+00:00,active,False,HIGH_CONFIDENCE
UCSpIYbnsnaXgRpIpipxJRcw,Laychlype「ALF」,@laychlype_alf,ALF,Manual Audit; Thai VTuber Ranking,2026-09-06T15:23:57.357290+00:00,active,False,HIGH_CONFIDENCE
UCKuzX7wNaRVXEI9a81xeNfA,Minami Lollipopza Ch. ʕ •ᴥ•ʔ,@minamilollipopzach,Independent,Manual Audit; Thai VTuber Ranking,2026-09-06T15:23:57.357290+00:00,active,False,HIGH_CONFIDENCE
UCKg9vWWT_2yK3FFNNnnhhLw,Goozilla Ily Ch. [Autumnia],@goozillaily,Autumnia,Manual Audit; Thai VTuber Ranking,2026-09-06T15:23:57.357290+00:00,hiatus,False,HIGH_CONFIDENCE
UCLT-U861QLvJmrlP7K6kv2w,Vulgtmnahog,@vulgt_bgp,Independent,Manual Audit; Thai VTuber Ranking,2026-09-06T15:23:57.357290+00:00,active,False,HIGH_CONFIDENCE
UC4Ty5GzSA5YjeXN-DqPIWfA,Rewarin Ch.,@rewarinrei,Independent,Manual Audit; Thai VTuber Ranking,2026-09-06T15:23:57.357290+00:00,active,False,HIGH_CONFIDENCE
UCc6hwdN1yu2QT9o4yIHUPnQ,Vermillion Ch. Flora Project,@vermillvt,Flora Project,Manual Audit; Thai VTuber Ranking,2026-09-06T15:23:57.357290+00:00,unknown,True,HIGH_CONFIDENCE
UCmLd6QDRBcD9TfFrThJucng,Haine『Paralist』,@haineinwza,Paralist,Manual Audit; Thai VTuber Ranking,2026-09-06T15:23:57.357290+00:00,hiatus,False,HIGH_CONFIDENCE
UCkjQ55wHjS7cQ9Xol9qW7Ow,東雲こね / Shinonome Kone ⌜VZ⌟,@shinonomekone,Virtual Zeven (VZ),Manual Audit; Thai VTuber Ranking,2026-09-06T15:23:57.357290+00:00,active,False,HIGH_CONFIDENCE
UCVogMqMZimg5YbPE48oPrlg,Mysterica X. Ch. | RPG,@mystyrelife,RPG,Manual Audit; Thai VTuber Ranking,2026-09-06T15:23:57.357290+00:00,graduated,True,HIGH_CONFIDENCE
UCWp6-EK_2seNDN_HN3mo9gA,^-Maru Chan-^,@marukomaruchan,Independent,Manual Audit; Thai VTuber Ranking,2026-09-06T15:23:57.357290+00:00,active,False,HIGH_CONFIDENCE
UCD2BJUqKTEPOkxdTyxfvCuQ,AzuruVT,@azuruvt,Independent,Manual Audit; Thai VTuber Ranking,2026-09-06T15:23:57.357290+00:00,active,False,HIGH_CONFIDENCE
UCCwDLJmhL5pYyXzN7coVwTw,Hajikeru Haruno Ch,@hajikeruharuno,Independent,Manual Audit; Thai VTuber Ranking,2026-09-06T15:23:57.357290+00:00,active,False,HIGH_CONFIDENCE
UCZq9-nxDs5XXEtAPzAuBnhQ,Wynn Carwin Ch. | OAL,@wynn_oal,OAL,Manual Audit; Thai VTuber Ranking,2026-09-06T15:23:57.357290+00:00,active,False,HIGH_CONFIDENCE
UCZsXl4d82Yx76SeGNtWGjlQ,Fusui Ch.,@fusuich,Independent,Manual Audit; Thai VTuber Ranking,2026-09-06T15:23:57.357290+00:00,hiatus,False,HIGH_CONFIDENCE
UCtk8lcwk_Gx9egTljfiCMYw,Qmulaz,@qmulaz_vt,Independent,Manual Audit; Thai VTuber Ranking,2026-09-06T15:23:57.357290+00:00,active,False,HIGH_CONFIDENCE
UCwSohSYD00uLV-kq_UFJb4g,Folpuzx Ch.,@folpuzx,Independent,Manual Audit; Thai VTuber Ranking,2026-09-06T15:23:57.357290+00:00,active,False,HIGH_CONFIDENCE
UCvYUivIS4WcgfACH3xBJ0DQ,Zayn Ch【 HZ 】,@zayngloucesterchannel,HZ,Manual Audit; Thai VTuber Ranking,2026-09-06T15:23:57.357290+00:00,active,False,HIGH_CONFIDENCE
UCPh5ZGdw9LkBXxpCAdSaCrw,Vivera Carmine,@vivera_eylz,EYLZ,Manual Audit; Thai VTuber Ranking,2026-09-06T15:23:57.357290+00:00,active,False,HIGH_CONFIDENCE
UCPW4hvhGciPdGqcsM1OCZ-Q,Avele Ch. [Pandora],@avele_pdr,Pandora,Manual Audit; Thai VTuber Ranking,2026-09-06T15:23:57.357290+00:00,unknown,False,HIGH_CONFIDENCE
UCAid1uC5pxxvPasgFTJZEAw,Miledy Z.Devlin ch.,@miledyz_ch,Independent,Manual Audit; Thai VTuber Ranking,2026-09-06T15:23:57.357290+00:00,active,False,HIGH_CONFIDENCE
UChd2cJe7HuTYbZGkOO-QKwg,Xen Ch. 【Ti19t】,@xen_desu,Ti19t,Manual Audit; Thai VTuber Ranking,2026-09-06T15:23:57.357290+00:00,active,False,HIGH_CONFIDENCE
UCiG3hDSyLNx-tani2z03_Zg,AmiLLy,@amillyarchive,Independent,Manual Audit; Thai VTuber Ranking,2026-09-06T15:23:57.357290+00:00,active,False,HIGH_CONFIDENCE
UChW_l65xozteVRme3mFE0Jg,Melantha Vtopia,@melanthavtopia705,Vtopia,Manual Audit; Thai VTuber Ranking,2026-09-06T15:23:57.357290+00:00,hiatus,False,HIGH_CONFIDENCE
UCt8vlwt6qi6P1mz5uuStJCA,Shimonz,@shimonnnnn,Independent,Manual Audit; Virtual YouTuber Fandom Wiki,2026-09-06T15:23:57.357290+00:00,graduated,True,HIGH_CONFIDENCE
UCFSkExeBcqI4nb_ArHeByNw,シノライラ - Shino Laila【WACTOR】,@-shinolailawactor5871,WACTOR,Manual Audit; Virtual YouTuber Fandom Wiki,2026-09-06T15:23:57.357290+00:00,graduated,True,HIGH_CONFIDENCE
UCkvce0jZJYBWJLTuKoLIvLA,Noeluc,@noeluc_,Independent,User Verification; YouTube Channel,2026-09-06T16:16:30.762110+00:00,active,False,HIGH_CONFIDENCE
UCtJXU7YRwS-Cc8pu8U8bicg,Chiziz R Fa,@ChizizFa,Independent,User Verification; YouTube Channel,2026-09-06T16:16:30.762110+00:00,active,False,HIGH_CONFIDENCE
UCP8tsYT8efX32P4WUlNrFOA,Aozora Sukai Ch.,@SukaiVtuber,Independent,User Verification; YouTube Channel,2026-09-06T16:16:30.762110+00:00,active,False,HIGH_CONFIDENCE
UC2q-fPPrsyKOjRpmm--vzPQ,Kuroyoru Yami,@kuroyoruyami,Independent,User Verification; YouTube Channel,2026-09-06T16:16:30.762110+00:00,active,False,HIGH_CONFIDENCE
UCfIXIjmCUKMBdmB2EspTygw,crazyghsot,@crazyghsot,Independent,User Verification; YouTube Channel,2026-09-06T16:16:30.762110+00:00,active,False,HIGH_CONFIDENCE
UCOv6QnpFZfsVsOfh581sFrA,KitadesuS,@KitadesuS_MDZ,Independent,User Verification; YouTube Channel,2026-09-06T16:16:30.762110+00:00,active,False,HIGH_CONFIDENCE
UCobiRetMOLHDrdLfLQzGiAw,Elsenia Volentia,@ElseniaVolentia,Independent,User Verification; YouTube Channel,2026-09-06T16:16:30.762110+00:00,active,False,HIGH_CONFIDENCE
