platform,platform_id,name,url
x,ManenekoMutelu,Mikotomi Maneneko Ch. Lumina-Mutelu,https://x.com/ManenekoMutelu
tiktok,7264620961701413893,CopperYouKnow?,https://www.tiktok.com/@coppercharkproject
x,Shian_Blueth,Shian Blueth,https://x.com/Shian_Blueth
youtube,UCLUmZp46kwJs1YENDLsGV9A,Lyric Ursae,https://www.youtube.com/channel/UCLUmZp46kwJs1YENDLsGV9A
youtube,UCULjjXc2IgdCBaEVD-Qgaqw,[ad] Khaow | ยุติบทบาท / ทอดทิ้งงาน,https://www.youtube.com/channel/UCULjjXc2IgdCBaEVD-Qgaqw
facebook,ponpan.kanbanjong,ponpan.kanbanjong,https://www.facebook.com/ponpan.kanbanjong
twitch,525422103,imPEACHII,https://www.twitch.tv/impeachii
youtube,UCtzBNRsOnn_xYOmXm09YAMw,Tanujo [ECR],https://www.youtube.com/channel/UCtzBNRsOnn_xYOmXm09YAMw
tiktok,7193199636826571782,nneviris_ตัวจริง,https://www.tiktok.com/@nneviris
x,EuRoxyz_,EuRo,https://x.com/EuRoxyz_
twitch,140181507,CupOChino,https://www.twitch.tv/cupochino
x,kyoyavtuberth,Kyoya Keiran,https://x.com/kyoyavtuberth
x,Kevara_EPR,Kevara ch. Euphora,https://x.com/Kevara_EPR
twitch,1337222632,paivtuber,https://www.twitch.tv/paivtuber
tiktok,7140658031889187846,Vellva Koray,https://www.tiktok.com/@vellva_koray
x,RUNAVtuber,RUNA Ch.[Vtuber],https://x.com/RUNAVtuber
twitch,795519126,KiriuMugi,https://www.twitch.tv/kiriumugi
tiktok,7058716591614231553,Minilorr,https://www.tiktok.com/@mini_lorii
tiktok,7033735796301530113,จอมหมาร,https://www.tiktok.com/@poppythepuppy_vtuber
twitch,1056153817,mizugracia,https://www.twitch.tv/mizugracia
x,AlizabylethChuu,Alizabyleth Ch.,https://x.com/AlizabylethChuu
youtube,UCeogDPUhePBegonMId-BM_Q,Holie Ch.,https://www.youtube.com/channel/UCeogDPUhePBegonMId-BM_Q
x,ReginaVtuberth,Regina Ch.,https://x.com/ReginaVtuberth
tiktok,7029524162351760386,Zenith☄,https://www.tiktok.com/@zenith_arp
tiktok,7151314791184352261,Anya A. Marshall,https://www.tiktok.com/@anyaplg
youtube,UCSMH958kINERMdSx7u76Fmg,Nemuru 夜雲 ネムル,https://www.youtube.com/channel/UCSMH958kINERMdSx7u76Fmg
youtube,UCPkvqo6J3A8Y2_mCQmUl-zA,Melinoir Ch.,https://www.youtube.com/channel/UCPkvqo6J3A8Y2_mCQmUl-zA
facebook,noyashi.noey33,noyashi.noey33,https://www.facebook.com/noyashi.noey33
youtube,UC7-ZM8Wi1U6yerqHSEq5tlA,Pleiades Frontier【21PM】,https://www.youtube.com/channel/UC7-ZM8Wi1U6yerqHSEq5tlA
x,ZerimCh,Shiroyasha Zerim Ch.,https://x.com/ZerimCh
twitch,907329741,Thara_oceanfae,https://www.twitch.tv/thara_oceanfae
x,Yuitoku_Woof,Yuitoku Ch.,https://x.com/Yuitoku_Woof
youtube,UCcFIthTrwa6N-1ri9sQZstw,Poru Ch.【ARP】,https://www.youtube.com/channel/UCcFIthTrwa6N-1ri9sQZstw
x,RoseliaMagentia,Roselia de Magentia Ch. Pixela S,https://x.com/RoseliaMagentia
x,X_zilva,X ZiLVA,https://x.com/X_zilva
twitch,153258411,NutsuruSama,https://www.twitch.tv/nutsurusama
twitch,111203619,JoCat,https://www.twitch.tv/jocat
tiktok,7282333580533236738,CatzeraN,https://www.tiktok.com/@catzeran
x,wayusawan19,วายุ สวรรค์,https://x.com/wayusawan19
facebook,PatchayNeverland,PatchayNeverland,https://www.facebook.com/PatchayNeverland
youtube,UCz8nJz2tNY6dbNiQ0JlZnnw,Rayan ch.【FIXIX VT】,https://www.youtube.com/channel/UCz8nJz2tNY6dbNiQ0JlZnnw
youtube,UC7BIFEORuYKNyE9d_Y2-sVw,RieLKurasaki  ,https://www.youtube.com/channel/UC7BIFEORuYKNyE9d_Y2-sVw
youtube,UCpuk3ld3rGWSsLOhuVlOFBQ,Kuzune Ch.,https://www.youtube.com/channel/UCpuk3ld3rGWSsLOhuVlOFBQ
youtube,UCsQphFL62QU4XfvjN4B0kAQ,RuLaRaLan,https://www.youtube.com/channel/UCsQphFL62QU4XfvjN4B0kAQ
x,Monmonthedoggo,Monmon Thedoggo Ch.,https://x.com/Monmonthedoggo
x,donovan_vtuber,Donovan Ch.,https://x.com/donovan_vtuber
youtube,UCbE22G3pUiL9j0mY0-XAl7w,Mixzy Ch.【21PM】,https://www.youtube.com/channel/UCbE22G3pUiL9j0mY0-XAl7w
twitch,942193065,copper_chark,https://www.twitch.tv/copper_chark
instagram,rainnimin,rainnimin,https://www.instagram.com/rainnimin
x,shiaiseiki,SE1 Ch.,https://x.com/shiaiseiki
tiktok,7294155093555971073,Fumi Hausu🍞,https://www.tiktok.com/@fumihausu_
tiktok,7253632491122410502,Akito ⚔️💙 | VTuber【SOA】,https://www.tiktok.com/@akito_soa
youtube,UC6uFH49ET-CCA_a4rMdfBdA,Merryl Wayne,https://www.youtube.com/channel/UC6uFH49ET-CCA_a4rMdfBdA
youtube,UCU17NWo-I4dIYYbWBjU2cHg,RLanz Ch.,https://www.youtube.com/channel/UCU17NWo-I4dIYYbWBjU2cHg
youtube,UCEZZl5ozactQATI4iIx2mOg,Maiyara 【21PM】,https://www.youtube.com/channel/UCEZZl5ozactQATI4iIx2mOg
youtube,UC_VUntI6UYF-qEB0k9VRWoQ,Masumi Kyou Ch.,https://www.youtube.com/channel/UC_VUntI6UYF-qEB0k9VRWoQ
youtube,UCSaQSMvF2aOoz6GTnrb6VXw,Koemi Eimii Ch.,https://www.youtube.com/channel/UCSaQSMvF2aOoz6GTnrb6VXw
x,AmySTL_Official,Amy Stella Ch.,https://x.com/AmySTL_Official
x,AStarsofficial,Yasou Azrael Ch. / AStars,https://x.com/AStarsofficial
twitch,1489358543,Kisa l FoxRabbitC4T,https://www.twitch.tv/pupip_pup
youtube,UCU-O713Qgg5-OKKlt6nceiQ,MixerMaze,https://www.youtube.com/channel/UCU-O713Qgg5-OKKlt6nceiQ
tiktok,7182926070374941698,Xonebu X’thulhu,https://www.tiktok.com/@xonebuworldend
twitch,110365473,daddeldemon,https://www.twitch.tv/daddeldemon
youtube,UCUz8QMqTQYtmKprSeGGKEkw,Kaylef Orion,https://www.youtube.com/channel/UCUz8QMqTQYtmKprSeGGKEkw
youtube,UCkF8r4_wvBnMm2mrdvcxU_g,Sunfish Ch.,https://www.youtube.com/channel/UCkF8r4_wvBnMm2mrdvcxU_g
x,T1Jisoomanz,Jisooman Ch.,https://x.com/T1Jisoomanz
youtube,UCUmR1YXqxbx1NXusY2ugj8A,Thear DreamWhale° 10Hz,https://www.youtube.com/channel/UCUmR1YXqxbx1NXusY2ugj8A
tiktok,7294216498329994258,Wang Cheng Se | V.W.Y,https://www.tiktok.com/@wangchengse
youtube,UCCmBL9p7d1a0aBjZSPF8QpQ,switch on vtuber,https://www.youtube.com/channel/UCCmBL9p7d1a0aBjZSPF8QpQ
instagram,kjz0322,kjz0322,https://www.instagram.com/kjz0322
youtube,UCTRQ7X-nxix3gjjXUb6ylvA,Ginnique Ch.【ARP】,https://www.youtube.com/channel/UCTRQ7X-nxix3gjjXUb6ylvA
x,YueQinVtuber,YueQin Vtuber 『Berlina•ECR』,https://x.com/YueQinVtuber
twitch,635458669,acintunz,https://www.twitch.tv/acintunz
twitch,212380556,Feentalis,https://www.twitch.tv/feentalis
tiktok,7205997854459511813,yuu.hakugetsu,https://www.tiktok.com/@yuu.hakugetsu
tiktok,7055976442072908801,Azato Stacia,https://www.tiktok.com/@azatostacia
x,Chaoslnwza007,Chaos Ch.,https://x.com/Chaoslnwza007
tiktok,7536267080905245716,Vampaow,https://www.tiktok.com/@vampaow
tiktok,7325320315822900226,Qmulaz 🫧☁️,https://www.tiktok.com/@qmulaz_vt
twitch,1241248388,vtubermale,https://www.twitch.tv/vtubermale
x,keroRaika,Kerori Raika,https://x.com/keroRaika
twitch,104391402,psp1g,https://www.twitch.tv/psp1g
twitch,210689050,ITsMeYao,https://www.twitch.tv/itsmeyao
facebook,lFuyuKaidal,lFuyuKaidal,https://www.facebook.com/lFuyuKaidal
tiktok,7124346781417210907,MoRin (โมริน) 🍉🐇,https://www.tiktok.com/@morinplanet
x,MikuruZER0_proj,MikuRu-0 Project,https://x.com/MikuruZER0_proj
x,DemonDevto42906,Devto Demon,https://x.com/DemonDevto42906
tiktok,7221571832712594440,YUYA l VtuberTH,https://www.tiktok.com/@yuya_ch
x,MeropeVtuber,Merope Ch.,https://x.com/MeropeVtuber
twitch,164440486,toramochizuki,https://www.twitch.tv/toramochizuki
youtube,UCcbMfHO8TX8mQ9LEi4zs5Zw,Gris Panthera Ch. ,https://www.youtube.com/channel/UCcbMfHO8TX8mQ9LEi4zs5Zw
youtube,UC6KkQjryShrw6MRBPX6XMmw,Rahhatem Ch.【PSM】,https://www.youtube.com/channel/UC6KkQjryShrw6MRBPX6XMmw
tiktok,6908392262506595330,Mona Lucene,https://www.tiktok.com/@luceneplg
youtube,UCbS8T1ffrgNRkvRy11KbnHQ,Grey Murasaki Vitale Ch.,https://www.youtube.com/channel/UCbS8T1ffrgNRkvRy11KbnHQ
youtube,UCDUdT8_IEOY-Z9KfLiCOfuQ,Zin'fandel「ZTP」,https://www.youtube.com/channel/UCDUdT8_IEOY-Z9KfLiCOfuQ
twitch,720364060,Kay0Chi,https://www.twitch.tv/kay0chi
youtube,UCD_aBWFE2nsQB0Pb6Hj8Ksg,LittleBunnie Ch.,https://www.youtube.com/channel/UCD_aBWFE2nsQB0Pb6Hj8Ksg
x,Lynna_vtuber,ลินน่าจะร้อง | Lynna Vsinger,https://x.com/Lynna_vtuber
tiktok,7183574577360241669,Zoom.,https://www.tiktok.com/@zoomdesu
youtube,UClKKLcJYu3P7VdVVc4H8fUQ,Nicole BLANK,https://www.youtube.com/channel/UClKKLcJYu3P7VdVVc4H8fUQ
tiktok,7424841124425008148,zinnia,https://www.tiktok.com/@zinnialyy
facebook,ForryCafe,ForryCafe,https://www.facebook.com/ForryCafe
x,InuKami_PugMaru,Pugmaru_VTube,https://x.com/InuKami_PugMaru
x,Aosora_Popo,Aosora Popo Ch.,https://x.com/Aosora_Popo
twitch,1405078854,sapphire_meerkat_,https://www.twitch.tv/sapphire_meerkat_
x,Potia_VtuTH,Potia PBT,https://x.com/Potia_VtuTH
x,Xeres_Vtuber,Xeres Artrophel Ch.,https://x.com/Xeres_Vtuber
x,sorasamavtuber,SORASAMA,https://x.com/sorasamavtuber
twitch,177279795,bacony__,https://www.twitch.tv/bacony__
twitch,1385760872,kiran_regalia,https://www.twitch.tv/kiran_regalia
tiktok,7469486777351373832,m4yamarz,https://www.tiktok.com/@m4yamarz
twitch,714496518,s1ushytoma,https://www.twitch.tv/s1ushytoma
twitch,1101959873,LukamiTH,https://www.twitch.tv/lukamith
instagram,rocokingdomgame,rocokingdomgame,https://www.instagram.com/rocokingdomgame
tiktok,7219263258032079877,easydonateth,https://tiktok.com/@easydonateth
youtube,UCEL3qsIRdudjSuFHMHUxi0Q,Rui Kazu 《 EXia 》,https://www.youtube.com/channel/UCEL3qsIRdudjSuFHMHUxi0Q
youtube,UCdVlryCezLzVh74qwUfrL6Q,ฟ้อนดาวมาเล่า | Fondawl【RE:S】,https://www.youtube.com/channel/UCdVlryCezLzVh74qwUfrL6Q
youtube,UC19G1A17yxePMyLJqcNBN7Q,Kuroda Mikari,https://www.youtube.com/channel/UC19G1A17yxePMyLJqcNBN7Q
twitch,204508033,a1chandesu,https://www.twitch.tv/a1chandesu
x,HyokiHowatora,Hyoki Howatora Ch.,https://x.com/HyokiHowatora
twitch,102718807,MyxNyxx,https://www.twitch.tv/myxnyxx
youtube,UC_QxfkQ4RrWkiQmGeyYa1tQ,AelegosSunOfaeminch.,https://www.youtube.com/channel/UC_QxfkQ4RrWkiQmGeyYa1tQ
youtube,UCDx_VxFnDh_yxtff1akPpvg,Keelin Peryton『VW』,https://www.youtube.com/channel/UCDx_VxFnDh_yxtff1akPpvg
youtube,UCcKPhwmHkBGaYKBp50jPzzg,Venus Lapirus Ch.,https://www.youtube.com/channel/UCcKPhwmHkBGaYKBp50jPzzg
x,ZarizaOphius,Zariza Ophius Ch.,https://x.com/ZarizaOphius
instagram,eileennoir.0,eileennoir.0,https://www.instagram.com/eileennoir.0
x,VMaewuvchan,MaewUVChan Channel,https://x.com/VMaewuvchan
tiktok,7252722243908731910,🍜🍷𝔞𝔯𝔱𝔦𝔢_𝔢𝔭𝔯🍷🍜,https://www.tiktok.com/@artie_epr
tiktok,7052005185752925186,Val 5332,https://www.tiktok.com/@valkyrie5332
youtube,UCongbtOF4PDmJ-HOXx0jSIQ,MyxNyx I VtuberTH,https://www.youtube.com/channel/UCongbtOF4PDmJ-HOXx0jSIQ
youtube,UCwv0DTchQQhKo7-C0VPu9yA,Nora Vanadiz 「univirsual」,https://www.youtube.com/channel/UCwv0DTchQQhKo7-C0VPu9yA
instagram,nyamaruyui,nyamaruyui,https://www.instagram.com/nyamaruyui
youtube,UC5HQtSunzJjhS-XcBdbUC6Q,Woofna ch. ,https://www.youtube.com/channel/UC5HQtSunzJjhS-XcBdbUC6Q
youtube,UCf6P5ojQTWAgVNUvlu08DNw,Lukmai_PP,https://www.youtube.com/channel/UCf6P5ojQTWAgVNUvlu08DNw
youtube,UC2q-fPPrsyKOjRpmm--vzPQ,Kuroyoru Yami,https://www.youtube.com/channel/UC2q-fPPrsyKOjRpmm--vzPQ
x,Ivy_ARP,Ivy Ch.【ARP】,https://x.com/Ivy_ARP
x,Akmt_Yuma,Akimoto Yuma Ch. [SOON],https://x.com/Akmt_Yuma
youtube,UCCwDLJmhL5pYyXzN7coVwTw,Hajikeru Haruno Ch,https://www.youtube.com/channel/UCCwDLJmhL5pYyXzN7coVwTw
tiktok,6780234311875904513,Fuka Vtuber,https://www.tiktok.com/@fukavtuberth
x,SKarennin,SKarenNin,https://x.com/SKarennin
youtube,UClCLRJrlg3F9FOPnUfItZSw,Tatsuki Ch.,https://www.youtube.com/channel/UClCLRJrlg3F9FOPnUfItZSw
x,DarkPhoenix13Fr,DarkPhoenix13Fr,https://x.com/DarkPhoenix13Fr
x,LucenePLG,Lucene Ch.,https://x.com/LucenePLG
x,Jammy_Chan_,JamMyChan ch.,https://x.com/Jammy_Chan_
youtube,UCB5KUWdc5ttyglIgCYLLOJg,Zia Sylph Ch. / AStars Amakara,https://www.youtube.com/channel/UCB5KUWdc5ttyglIgCYLLOJg
youtube,UCLT-U861QLvJmrlP7K6kv2w,Vulgtmnahog,https://www.youtube.com/channel/UCLT-U861QLvJmrlP7K6kv2w
twitch,735001930,niewlocker,https://www.twitch.tv/niewlocker
tiktok,6893925934954021889,MiYuu43 ch.,https://www.tiktok.com/@m.miyuu43
tiktok,7278359965496493058,Qmon,https://www.tiktok.com/@thequillmon
tiktok,7001408378410353690,เกาคุงเข่ามีเสียง,https://www.tiktok.com/@gaokai_bonthian
youtube,UCmE_BKy2qSzjCC9HyRrxcqA,Rubyele Garnet Ch.,https://www.youtube.com/channel/UCmE_BKy2qSzjCC9HyRrxcqA
youtube,UCVY-v0sCwEjE3V7dUOqkFZg,Camellia Ch.,https://www.youtube.com/channel/UCVY-v0sCwEjE3V7dUOqkFZg
tiktok,7091659496141931547,Fina&Tier,https://www.tiktok.com/@finatier
youtube,UCsqbAJWvp5DMgg69Clc81pA,Devto Demon,https://www.youtube.com/channel/UCsqbAJWvp5DMgg69Clc81pA
youtube,UCcRaKGCG3RFenb8D2php_Jw,Pixela Official,https://www.youtube.com/channel/UCcRaKGCG3RFenb8D2php_Jw
youtube,UCTc2h8nlS0U1LhCjMgHVFzw,Retsu Hasuki,https://www.youtube.com/channel/UCTc2h8nlS0U1LhCjMgHVFzw
youtube,UClFQeZMVqFVZonqSYk0l-Og,Kagemaru 404,https://www.youtube.com/channel/UClFQeZMVqFVZonqSYk0l-Og
tiktok,7601139326777312277,ชินะไม่ใช่ไชน่า!,https://www.tiktok.com/@c.hina._
youtube,UCDXW5zG-2aZXL9K1bkV3Ajw,IV_1386 ch.,https://www.youtube.com/channel/UCDXW5zG-2aZXL9K1bkV3Ajw
youtube,UC8DTBPbQq0NZNo2RtCtTXuw,Flora Vtuber Project,https://www.youtube.com/channel/UC8DTBPbQq0NZNo2RtCtTXuw
x,HajimeRei_AS,Hajime Rei Ch. / AStars,https://x.com/HajimeRei_AS
x,Lana_LiLiHo,Lana Vtuber,https://x.com/Lana_LiLiHo
youtube,UCzc8C1vlN6t3ZfAkQLemjIg,Kurisumasu_ Ch.,https://www.youtube.com/channel/UCzc8C1vlN6t3ZfAkQLemjIg
x,AoiCrescent,Aoi Crescent Ch.,https://x.com/AoiCrescent
twitch,443415898,MIPMIP_vt,https://www.twitch.tv/mipmip_vt
youtube,UCOzFeOVoXq-E_8ClgO16msg,Ryuji Ch.,https://www.youtube.com/channel/UCOzFeOVoXq-E_8ClgO16msg
x,Aiden_Leonheart,Aiden Leonheart【SRV】,https://x.com/Aiden_Leonheart
x,renai_dpx,Renai ai Ch.〖DPX〗,https://x.com/renai_dpx
tiktok,6986746212356342786,MikiVTB🐇,https://www.tiktok.com/@miki.vtb
x,TheDollTales,The Doll Tales,https://x.com/TheDollTales
facebook,100088266866317,100088266866317,https://www.facebook.com/profile.php?id=100088266866317
youtube,UCGtjAVYcncs1AJ5hQY0gASQ,KAMAI,https://www.youtube.com/channel/UCGtjAVYcncs1AJ5hQY0gASQ
tiktok,7500977142945055751,Notaki Kazaki,https://www.tiktok.com/@notaki_ch
x,Nirvana_ARP,Nirvana Ch.【ARP】,https://x.com/Nirvana_ARP
youtube,UCoz4Uka8Yrr2SM8Ml_shIhg,ImsoGracechu!,https://www.youtube.com/channel/UCoz4Uka8Yrr2SM8Ml_shIhg
ganknow,crazyghsot,crazyghsot,https://ganknow.com/crazyghsot
x,Melinoir777,Melinoir Ch.,https://x.com/Melinoir777
twitch,972462168,chizizfa666,https://www.twitch.tv/chizizfa666
youtube,UCyBovYeA-FnqRz8sigBql8w,Nomu | Live2D,https://www.youtube.com/channel/UCyBovYeA-FnqRz8sigBql8w
twitch,920704460,YuusaYorumo,https://www.twitch.tv/yuusayorumo
twitch,702910373,RIN_RINZ,https://www.twitch.tv/rin_rinz
x,RakumitsuRaizuu,Raizuu,https://x.com/RakumitsuRaizuu
tiktok,7342517302363325446,slushytoma_,https://www.tiktok.com/@slushytoma_
facebook,gaming,gaming,https://www.facebook.com/gaming
youtube,UCDWp89OUkBRM9cDmOXHT6bw,Momoka Ch.,https://www.youtube.com/channel/UCDWp89OUkBRM9cDmOXHT6bw
x,NonghongV,Nonghong,https://x.com/NonghongV
x,ArineVtuber,Arine Vtuber,https://x.com/ArineVtuber
x,ZonaPLG,ZONA Ch.,https://x.com/ZonaPLG
tiktok,6986968686310130690,"""คาเอ็น"" KAEN Official",https://www.tiktok.com/@kaen_astalia
twitch,218261880,skyeders,https://www.twitch.tv/skyeders
tiktok,7319700368442606597,Seiryu《ISP》,https://www.tiktok.com/@seiryu_irission
x,KealanHmm,Kealan Hmm [ECR],https://x.com/KealanHmm
youtube,UCIcJV6J1HFf0cHKeswvTyaw,Navia Whale,https://www.youtube.com/channel/UCIcJV6J1HFf0cHKeswvTyaw
x,Siamneko_ARP,SiamNeko Ch.【ARP】,https://x.com/Siamneko_ARP
ganknow,lum1ns,LUM1N S.,https://ganknow.com/lum1ns
youtube,UCHRq9JfoPNIg5p1rMG02oqA,Zinnia,https://www.youtube.com/channel/UCHRq9JfoPNIg5p1rMG02oqA
youtube,UCjtjNwzYjmM3PQkMWTP3MNw,Yusha | V.W.Y,https://www.youtube.com/channel/UCjtjNwzYjmM3PQkMWTP3MNw
youtube,UC3QFzOkthyhz4O1w7x7k3uQ,WhanYenJiab Channel,https://www.youtube.com/channel/UC3QFzOkthyhz4O1w7x7k3uQ
tiktok,7460350906481263623,คุณเอริค (มาริเนอร์),https://www.tiktok.com/@ericmariner_vt
youtube,UCvsZDzO8ATDZJJgkhVlWopg,Xeno Horizon,https://www.youtube.com/channel/UCvsZDzO8ATDZJJgkhVlWopg
x,Millennia_ARP,Millennia Ch.【ARP】,https://x.com/Millennia_ARP
youtube,UCn7M5AjjaC3Ajftlx9GMVLg,FAUST The Corelector,https://www.youtube.com/channel/UCn7M5AjjaC3Ajftlx9GMVLg
x,ZweiAKD,Owen Zwei Ch.,https://x.com/ZweiAKD
twitch,687275380,Seikou_Minato,https://www.twitch.tv/seikou_minato
youtube,UClHAmzOCBWpIxaeLoB1C3WQ,HottoMaya,https://www.youtube.com/channel/UClHAmzOCBWpIxaeLoB1C3WQ
ganknow,nyamaruyui,Nyamaru Yui,https://ganknow.com/nyamaruyui/tip
youtube,UCGwh4Fq6iBno7cSieXcgh0w,Saiko Ch.,https://www.youtube.com/channel/UCGwh4Fq6iBno7cSieXcgh0w
x,MariabellRain,Mariabell Rain - 雨 ,https://x.com/MariabellRain
youtube,UCXddo8vgPHBsEkDMqRwcYSQ,"Peko the Witch ★ แม่มด""พีโกะ""",https://www.youtube.com/channel/UCXddo8vgPHBsEkDMqRwcYSQ
youtube,UCJCORIrObs3iTzSzCHHvlCA,Lyvea•Eve,https://www.youtube.com/channel/UCJCORIrObs3iTzSzCHHvlCA
x,ReidenRacoonCH,Reiden_R Ch.,https://x.com/ReidenRacoonCH
tiktok,7518779323467564039,SHUA,https://www.tiktok.com/@shuavibeent
tiktok,7609630177631781889,...,https://www.tiktok.com/@astellarieka
tiktok,7452198853083022344,Urai [NCG],https://www.tiktok.com/@urai.ncg
tiktok,7299521727292900353,Supeacha_Vtuber,https://www.tiktok.com/@supeacha_vtuber
x,Rahhatem_Vtuber,Rahhatem Ch.【PSM】,https://x.com/Rahhatem_Vtuber
youtube,UC27OebwwE2AWaJF8fUSkDcA,Mooco Witchie,https://www.youtube.com/channel/UC27OebwwE2AWaJF8fUSkDcA
tiktok,6973250939877606402,นาเอะเนี๊ยน,https://www.tiktok.com/@naenyanz
x,LUNANENE_VTP,LUNA NENE ◤VTP◢,https://x.com/LUNANENE_VTP
twitch,935307902,nasarisekinei_,https://www.twitch.tv/nasarisekinei_
facebook,kurisumasu.santa,kurisumasu.santa,https://www.facebook.com/kurisumasu.santa
tiktok,7505334426558989330,ArthurMorgan,https://www.tiktok.com/@vanderlinde_3
youtube,UCVjpFP1_Ny3PUoE26r4ITaw,Bunana Vtuber,https://www.youtube.com/channel/UCVjpFP1_Ny3PUoE26r4ITaw
facebook,SWITCHIZPNG,SWITCHIZPNG,https://www.facebook.com/SWITCHIZPNG
tiktok,6830723118685766657,SeJi,https://www.tiktok.com/@seji.ak
tiktok,7370201652006192145,Amane Rei,https://www.tiktok.com/@amanerei_
x,liztsu_kumoke,Liztsu Hikake Ch.,https://x.com/liztsu_kumoke
x,CaelithHoshi,Caelith - ケイリス Keirisu -,https://x.com/CaelithHoshi
tiktok,7147366501757223962,Athrun Tyto Alba🪺,https://www.tiktok.com/@athrun.tyto.alba
x,AdKhaow,[ad] Khaow | ยุติบทบาท / ทอดทิ้งงาน,https://x.com/AdKhaow
tiktok,7138713566743970821,Edella Edward,https://www.tiktok.com/@edella_edward
ganknow,evejubjub,Evelyn Treeswift,https://ganknow.com/evejubjub
twitch,617253836,GingerGamori,https://www.twitch.tv/gingergamori
x,NoboruCh,NoBoRu,https://x.com/NoboruCh
youtube,UC9TMDpET50CJkgQnB56Xj5g,Tsuruko ch.【SOA】,https://www.youtube.com/channel/UC9TMDpET50CJkgQnB56Xj5g
youtube,UCVBaM-3Ot6LmwX1cbhqQvVw,Eric'Mariner Ch.,https://www.youtube.com/channel/UCVBaM-3Ot6LmwX1cbhqQvVw
tiktok,7409260186655114247,MillYBilL,https://www.tiktok.com/@millybill_ch
youtube,UCRaAduo6w37DoPahoaiVbTg,Chana チャナ,https://www.youtube.com/channel/UCRaAduo6w37DoPahoaiVbTg
tiktok,7264050055010452486,PoLin3047,https://www.tiktok.com/@polin3047
youtube,UC-e-7z5tyBNm8M0XxySq0lg,Nihil Aeternum | VtuberTH 🔎,https://www.youtube.com/channel/UC-e-7z5tyBNm8M0XxySq0lg
x,Khaojao_Vtuber,Khaojao,https://x.com/Khaojao_Vtuber
tiktok,7031498053028185115,AstiaVtuber,https://www.tiktok.com/@astiavtuber
twitch,951087273,paperjubmuah,https://www.twitch.tv/paperjubmuah
x,HAJITABI_info,【公式】HAJITABI ハジタビ,https://x.com/HAJITABI_info
youtube,UC1W2400L97Bwe2leu7eXEzA,Khaojao,https://www.youtube.com/channel/UC1W2400L97Bwe2leu7eXEzA
tiktok,7251810291502154758,Noir A. - Vtuber,https://www.tiktok.com/@noir_a._vtuber
twitch,786145165,Alizabyleth,https://www.twitch.tv/alizabyleth
x,Lyin_1,Liyin,https://x.com/Lyin_1
youtube,UCeLJ2rBYZwPrb5hbKY5X5eg,Latta Ch.【ARP】,https://www.youtube.com/channel/UCeLJ2rBYZwPrb5hbKY5X5eg
twitch,849794254,revia_daidai,https://www.twitch.tv/revia_daidai
x,MayaOboro,Maya Oboro Ch.,https://x.com/MayaOboro
youtube,UCyjuanhJSwS5h6edhGKmMbQ,Julius Kosmolatria Ch.,https://www.youtube.com/channel/UCyjuanhJSwS5h6edhGKmMbQ
twitch,811361670,SalmonBroc,https://www.twitch.tv/salmonbroc
x,Norigo_TTM,Norigo Ch.,https://x.com/Norigo_TTM
x,Kamilla_Lich,Kamilla Lich,https://x.com/Kamilla_Lich
tiktok,7335693507006383112,T-Reina Ashyra,https://www.tiktok.com/@ashyraworldend
x,AobaSaria,Saria Ch.,https://x.com/AobaSaria
facebook,kayleforion,kayleforion,https://www.facebook.com/kayleforion
youtube,UClEcDlghI58w28f7H9pO-7Q,EC19 Projekt Official,https://www.youtube.com/channel/UClEcDlghI58w28f7H9pO-7Q
youtube,UCZLcxopXBfzR1Dsu8eC1DeQ,Amy Stella Ch.,https://www.youtube.com/channel/UCZLcxopXBfzR1Dsu8eC1DeQ
x,onishinkim03,Oni Shinkim Ch.【PSM】,https://x.com/onishinkim03
twitch,1275876736,chatacloveron,https://www.twitch.tv/chatacloveron
x,LapinePLG,Lapine Ch.,https://x.com/LapinePLG
tiktok,7158331363535815685,MURKIEL,https://www.tiktok.com/@murkiel.vtuberth
instagram,streamcafemusic,streamcafemusic,https://www.instagram.com/streamcafemusic
twitch,180686052,Eyez_Benjaneth,https://www.twitch.tv/eyez_benjaneth
tiktok,6998228106955850754,LawizJKP,https://www.tiktok.com/@lawizjkp
x,layniazia,Layniazia Ch.,https://x.com/layniazia
twitch,133275429,sheathchannel,https://www.twitch.tv/sheathchannel
youtube,UCEXxxuO6GnVJmwqIz9etkKA,Leviana Ch.,https://www.youtube.com/channel/UCEXxxuO6GnVJmwqIz9etkKA
tiktok,7435312894038361089,Xyden,https://www.tiktok.com/@xyden.z7o
twitch,733835054,nneviris,https://www.twitch.tv/nneviris
x,Eileennoir_ARP,Eileennoir Ch.,https://x.com/Eileennoir_ARP
youtube,UCBQi4hldyh7jrIU07hL_EbQ,MaewBaew,https://www.youtube.com/channel/UCBQi4hldyh7jrIU07hL_EbQ
youtube,UCZBylMHjwaeTNJTLPxl6VgA,Aina VTuber,https://www.youtube.com/channel/UCZBylMHjwaeTNJTLPxl6VgA
x,JUST_JDD,J U $ T - Virtual7『TH』,https://x.com/JUST_JDD
youtube,UCY2VnFiaqNirU_QKxqgR96w,Kris Ch. Vprolive,https://www.youtube.com/channel/UCY2VnFiaqNirU_QKxqgR96w
youtube,UCmtuXBKrUdFlVgFUrA4Kvuw,Algorhythm Project,https://www.youtube.com/channel/UCmtuXBKrUdFlVgFUrA4Kvuw
youtube,UCGOkjVQVJivJxDN7iSdQuLA,Moe Miyabi ⌜VZ⌟,https://www.youtube.com/channel/UCGOkjVQVJivJxDN7iSdQuLA
youtube,UCGi7W6vbEJjPi1nzJfW-zOQ,Felixia-zorei-aixela Ch.,https://www.youtube.com/channel/UCGi7W6vbEJjPi1nzJfW-zOQ
youtube,UCchEIVkQk2tgdHiSc0LxGJQ,Dariela,https://www.youtube.com/channel/UCchEIVkQk2tgdHiSc0LxGJQ
tiktok,6545056499810467841,ผู้บ่าววาเลนไทน์,https://www.tiktok.com/@v4lentineuwu
youtube,UC7rJN7zzIdUfNogj1RnTXDw,SaySheath,https://www.youtube.com/channel/UC7rJN7zzIdUfNogj1RnTXDw
tiktok,7427016226658681864,Rosalyn Ch.,https://www.tiktok.com/@rosettawitch
x,poppy_ur,Poppy the Puppy,https://x.com/poppy_ur
x,ReraVtuber,Rera Drago ch. AKD,https://x.com/ReraVtuber
tiktok,7335197614398325762,ROXY ❤️‍🔥 〔 𝐋𝐕 〕,https://www.tiktok.com/@roxy_cvc
youtube,UCN2uHnFKm8CTbjFQ9H7Uotg,Nonghong,https://www.youtube.com/channel/UCN2uHnFKm8CTbjFQ9H7Uotg
tiktok,7202976014904378373,cs_valkyrie,https://www.tiktok.com/@cs_valkyrie?_t=ZS-8usumx1q0CG&_r=1
tiktok,6955743143874659329,ITsMeYao,https://www.tiktok.com/@itsmeyao
x,RinnaRinRN,Rinna Rin,https://x.com/RinnaRinRN
tiktok,7193099797049066522,DrakoNyaMio,https://www.tiktok.com/@drakonyamio
youtube,UCHYMhyLCSsaZCRPzov6tHLg,Wilona Ch.,https://www.youtube.com/channel/UCHYMhyLCSsaZCRPzov6tHLg
x,RubyeleG,Rubyele Garnet Ch.,https://x.com/RubyeleG
x,CoolrinC,CoolRin CH,https://x.com/CoolrinC
x,Cynthia_Rowena,Cynthia Rowena Ch.,https://x.com/Cynthia_Rowena
facebook,100036762764490,100036762764490,https://www.facebook.com/profile.php?id=100036762764490
tiktok,7176503870419371014,ToraSunday,https://www.tiktok.com/@torasundaych
tiktok,7305487191738696710,Daiji Inuyuki (OTL),https://www.tiktok.com/@daiji_otl
tiktok,7004831937567327233,TrustLnw,https://www.tiktok.com/@trustlnw
x,gin_vtuber_,GIN,https://x.com/gin_vtuber_
facebook,keelinperyton,keelinperyton,https://www.facebook.com/keelinperyton
youtube,UCQClP6HJ_vecN7W2YmTnLmg,Ricotta Ch.【ARP】,https://www.youtube.com/channel/UCQClP6HJ_vecN7W2YmTnLmg
twitch,58970082,waivern_,https://www.twitch.tv/waivern_
x,JifuyuVTB,SayJifuyuV,https://x.com/JifuyuVTB
x,ZabrinaVTuberTH,Zabrina,https://x.com/ZabrinaVTuberTH
twitch,865803622,laniach,https://www.twitch.tv/laniach
tiktok,7208958718406542338,WitchyTheSlime,https://www.tiktok.com/@witchytheslime
x,HokuPLG,Hoku Ch.,https://x.com/HokuPLG
tiktok,7322449236733445121,midorisuikavtb,https://www.tiktok.com/@midorisuikavtb
twitch,809762281,gohyaV,https://www.twitch.tv/gohyav
youtube,UCIGChk_c7ZNdtpOrmbHr2NA,Miibelle「ASMR VTUBER」,https://www.youtube.com/channel/UCIGChk_c7ZNdtpOrmbHr2NA
twitch,1120551952,soulyuuvtuber,https://www.twitch.tv/soulyuuvtuber
x,Witchy_Rochelle,Witchy Rochelle,https://x.com/Witchy_Rochelle
tiktok,7134533765037360155,inumaruatsuki,https://www.tiktok.com/@inumaruatsuki
x,Noeluc_,Noeluc,https://x.com/Noeluc_
x,Saviola21PM,Saviola JTM Channel,https://x.com/Saviola21PM
twitch,221648250,yoshiharu_suisei,https://www.twitch.tv/yoshiharu_suisei
x,BarristerDolche,DolcheB,https://x.com/BarristerDolche
twitch,521658202,Ikunoreo,https://www.twitch.tv/ikunoreo
youtube,UC_s_7eBay8mKkA8L7HBtzHQ,Anthia Ch.,https://www.youtube.com/channel/UC_s_7eBay8mKkA8L7HBtzHQ
facebook,MaaeTheGreatest,MaaeTheGreatest,https://www.facebook.com/MaaeTheGreatest
tiktok,6580757978696318978,DaddyLemon,https://www.tiktok.com/@daddylemon5921
tiktok,7132032086459008027,Rarin Ch.,https://www.tiktok.com/@rarin_vtuber
twitch,1537736780,lenleonheart,https://www.twitch.tv/lenleonheart
twitch,788435857,azazelthewanderer,https://www.twitch.tv/azazelthewanderer
twitch,179452708,YokinaSaori,https://www.twitch.tv/yokinasaori
ganknow,maelfritz,MaëlFritz Channel ,https://ganknow.com/maelfritz
tiktok,7104098045960406021,jinetta_bliss,https://www.tiktok.com/@jinetta_bliss
ganknow,yuneschan,Yunes Ch ,https://ganknow.com/yuneschan/tip
youtube,UChmC0OWdqJFyrdKQtseamJA,Killa ch.,https://www.youtube.com/channel/UChmC0OWdqJFyrdKQtseamJA
twitch,646373550,Gifurin_s_Box,https://www.twitch.tv/gifurin_s_box
youtube,UCpv77tyTG6nJlO9oBIFZ5xQ,Meteona Mars Ch.,https://www.youtube.com/channel/UCpv77tyTG6nJlO9oBIFZ5xQ
youtube,UCDrFZpqKkgV27Q1NcYYYU2w,Kiyomi Ch.,https://www.youtube.com/channel/UCDrFZpqKkgV27Q1NcYYYU2w
youtube,UCC4Wb_x57Ks43GRJ6x_wT5Q,Choya Ch.,https://www.youtube.com/channel/UCC4Wb_x57Ks43GRJ6x_wT5Q
twitch,885490489,maimaivtubertw,https://www.twitch.tv/maimaivtubertw
youtube,UCBbXLmauGSmFdQakk2dS8Rw,Maikumira,https://www.youtube.com/channel/UCBbXLmauGSmFdQakk2dS8Rw
tiktok,7480157572017226759,Carys_EYLZ,https://www.tiktok.com/@carys_eylz
instagram,u_san_des,u_san_des,https://www.instagram.com/u_san_des
youtube,UCArXPBCsEt2_rDC63tPLYmg,GIN,https://www.youtube.com/channel/UCArXPBCsEt2_rDC63tPLYmg
youtube,UC-z7X8ICz1T-5gAJLgvYWCQ,【公式】HAJITABI ハジタビ,https://www.youtube.com/channel/UC-z7X8ICz1T-5gAJLgvYWCQ
tiktok,7031845886578295810,Keelin Peryton🦌🕊💎,https://www.tiktok.com/@keelin_peryton
twitch,798282124,Fah_F2ye,https://www.twitch.tv/fah_f2ye
x,NuttyWis,NUTTY ROZE ,https://x.com/NuttyWis
x,enryuhorus,Enryu Horus Ch. 炎竜ホルス,https://x.com/enryuhorus
youtube,UCGtHn0fmqCAp_8AzV_PWd6A,Eveshaiah Miraclover Ch. Lumina-Mutelu,https://www.youtube.com/channel/UCGtHn0fmqCAp_8AzV_PWd6A
x,KaYo_Chi,Kayo Ch. 【かよCh.】◣PLO◥,https://x.com/KaYo_Chi
tiktok,7590747487448171528,泠露 Líng Lù,https://www.tiktok.com/@lingluuvt
youtube,UCxLACuzMdL0qGzmXBu1VwJg,Yuusa Ch. 優桜ヨルモ,https://www.youtube.com/channel/UCxLACuzMdL0qGzmXBu1VwJg
youtube,UCvQ3ivV2lcNxaSr66Xl_Kcw,【แวมเป้า】- Vampaow,https://www.youtube.com/channel/UCvQ3ivV2lcNxaSr66Xl_Kcw
x,In0sukeTW,In0suke,https://x.com/In0sukeTW
tiktok,6558226489875595266,lazadath,https://www.tiktok.com/@lazadath
youtube,UCkvce0jZJYBWJLTuKoLIvLA,Noeluc,https://www.youtube.com/channel/UCkvce0jZJYBWJLTuKoLIvLA
twitch,731343746,SekineGaming,https://www.twitch.tv/sekinegaming
x,zayngloucester,Zayn Ch【 HZ 】,https://x.com/zayngloucester
facebook,people,Jisooman Ch.,https://www.facebook.com/people/Jisooman/61593664342891
tiktok,7247891823284618245,akaku_mikoni,https://www.tiktok.com/@akaku_mikoni
youtube,UC3QTic1iBGQN_LzWo7JfDKQ,CallistoSoCool Ch.,https://www.youtube.com/channel/UC3QTic1iBGQN_LzWo7JfDKQ
twitch,822765927,IRISSxOfficer,https://www.twitch.tv/irissxofficer
youtube,UC3O5wAgEVyNA1Jw3gyi-_jA,MOLLY,https://www.youtube.com/channel/UC3O5wAgEVyNA1Jw3gyi-_jA
x,BelleEc19,เบลล์ / Belle [EC19 Projekt],https://x.com/BelleEc19
twitch,762707081,KamiReiv,https://www.twitch.tv/kamireiv
youtube,UCa8ILv94qHT6oar_jVzg9sQ,Beta AMI Ch. Lumina-World-End,https://www.youtube.com/channel/UCa8ILv94qHT6oar_jVzg9sQ
x,ShinonomeKone,東雲こね / Shinonome Kone ⌜VZ⌟,https://x.com/ShinonomeKone
youtube,UCfsp8STf-CwUzDXVLwWiiPA,GusBearTuber,https://www.youtube.com/channel/UCfsp8STf-CwUzDXVLwWiiPA
youtube,UCbEkHjG43yPMGq5W08jq1TQ,ChaAYM,https://www.youtube.com/channel/UCbEkHjG43yPMGq5W08jq1TQ
youtube,UC-8ovOIio6IUT-2DFsZvnMw,Lune&Sol Ch.,https://www.youtube.com/channel/UC-8ovOIio6IUT-2DFsZvnMw
twitch,86093758,RinREXGer,https://www.twitch.tv/rinrexger
youtube,UCK8GmjIUCbl_qlRCfAR3yaA,Project R.,https://www.youtube.com/channel/UCK8GmjIUCbl_qlRCfAR3yaA
twitch,620084752,Maiyara_21pm,https://www.twitch.tv/maiyara_21pm
twitch,142563927,Fitzboyee,https://www.twitch.tv/fitzboyee
x,Sataru21PM,Sataru【21PM】,https://x.com/Sataru21PM
youtube,UCpD_Ds-YEOOhPobh2xOGBHA,ZAIN Ch.,https://www.youtube.com/channel/UCpD_Ds-YEOOhPobh2xOGBHA
facebook,Hdellons2077,Hdellons2077,https://www.facebook.com/Hdellons2077
youtube,UCktUGMC7AKl1e8n20Ys8w0Q,Superpretty TAKOPERO Ch. Pixela Legends,https://www.youtube.com/channel/UCktUGMC7AKl1e8n20Ys8w0Q
tiktok,6941194873555928065,Melita X,https://www.tiktok.com/@melita_pix
twitch,999876815,DivaFallen,https://www.twitch.tv/divafallen
x,Alteria_Vtuber,Alteria Channel,https://x.com/Alteria_Vtuber
youtube,UCeKUKj8zu8QI_8Zidqgw1Kg,ConNeSe Plai,https://www.youtube.com/channel/UCeKUKj8zu8QI_8Zidqgw1Kg
tiktok,7084660382064886786,MONGON.AF48DW.(V.2),https://www.tiktok.com/@mongon_af48dw
youtube,UC_RvJQOjfm-vgtMRRXeq7mQ,Whyte Ch.,https://www.youtube.com/channel/UC_RvJQOjfm-vgtMRRXeq7mQ
x,Ashrbubu,Asheria Ch.,https://x.com/Ashrbubu
tiktok,7176840353047561242,Meteona Mars Ch.,https://www.tiktok.com/@meteona_mars
youtube,UCKPcwla_mvpdBnyjHYTiwoQ,Puipui Memory,https://www.youtube.com/channel/UCKPcwla_mvpdBnyjHYTiwoQ
tiktok,7203693847858660379,Little Lonita 🎀💕 VZ,https://www.tiktok.com/@littlelonita
x,pubnarakpa,AelegosSunOfaeminch.,https://x.com/pubnarakpa
twitch,813667668,AdamaOse,https://www.twitch.tv/adamaose
tiktok,7440835534634697746,Salvatore『 VNV 』,https://www.tiktok.com/@salvatore_vnv
twitch,161526588,BlueValentineVT,https://www.twitch.tv/bluevalentinevt
tiktok,7194447299865936922,Beatrix_monroe,https://www.tiktok.com/@beatrix_monroe
x,MinarinSarkany,Minarin Sárkányszél Ch.,https://x.com/MinarinSarkany
x,AredhanTanujo,Tanujo [ECR],https://x.com/AredhanTanujo
youtube,UCqMmxgXhKhZxIeIXSxho6mw,Lucky Vulpecula,https://www.youtube.com/channel/UCqMmxgXhKhZxIeIXSxho6mw
twitch,95929228,SEIREKI,https://www.twitch.tv/seireki
youtube,UCT-XhKtg0Ld-uAjsdf-qFMA,Orinnia ch.,https://www.youtube.com/channel/UCT-XhKtg0Ld-uAjsdf-qFMA
instagram,slushytoma,slushytoma,https://www.instagram.com/slushytoma
tiktok,6934841987904340993,FAYUUCHAN (FUI),https://www.tiktok.com/@fayuuchan
facebook,NutkungGTT,NutkungGTT,https://www.facebook.com/NutkungGTT
tiktok,7069901007908111361,MaVista 「マビッスタ」,https://www.tiktok.com/@ma_mavista
tiktok,7564454128215786517,Gris Ch | TLGOfficial,https://www.tiktok.com/@gris.tlg.vtuber
tiktok,7664938024988820501,Serithia「LRV」,https://www.tiktok.com/@serithialrv
twitch,899659595,AyaneDesu,https://www.twitch.tv/ayanedesu
x,chermy_vtuber,Chermy Ch.,https://x.com/chermy_vtuber
tiktok,7143629909696562203,ZarizaOphius,https://www.tiktok.com/@zarizaophius
x,ChataCloveron,Chata Cloveron ,https://x.com/ChataCloveron
twitch,264049606,joongjanai,https://www.twitch.tv/joongjanai
twitch,764888831,hoshimura_himawari,https://www.twitch.tv/hoshimura_himawari
twitch,406825509,jackdanielsg4ming,https://www.twitch.tv/jackdanielsg4ming
x,LyonGladiolus,Lyon De Gladiolus,https://x.com/LyonGladiolus
tiktok,7377926079587107846,TARIN,https://www.tiktok.com/@ta121n
x,Tsuruko_Vtuber,Tsuruko ch.【SOA】,https://x.com/Tsuruko_Vtuber
youtube,UCo6cNRSdO6tsZ4IW-aMmsZg,YueQin Vtuber 『Berlina•ECR』,https://www.youtube.com/channel/UCo6cNRSdO6tsZ4IW-aMmsZg
youtube,UCVhMzJhna39ULdMowQAE-uQ,Hatsuji ::H.T.J ,https://www.youtube.com/channel/UCVhMzJhna39ULdMowQAE-uQ
youtube,UCopYEIEfBeNiGMuDACD61xA,Ay1inND,https://www.youtube.com/channel/UCopYEIEfBeNiGMuDACD61xA
x,MoRinPlanet,MoRin Ch.,https://x.com/MoRinPlanet
twitch,834972400,chalamkhai,https://www.twitch.tv/chalamkhai
x,TAIYOBOUKEN,TAIYO BOUKEN Ch.,https://x.com/TAIYOBOUKEN
tiktok,7142877827850322970,AmeCandy 🪄🍬,https://www.tiktok.com/@amecandyvtuber
x,chachacha_lice,CHACHACHALICE,https://x.com/chachacha_lice
tiktok,7136801899056366619,pochiimo,https://www.tiktok.com/@pochiim0
x,fukadobutsu,Fuka CH.〔 DBT 〕,https://x.com/fukadobutsu
x,MamushiEne,Mamushi Ene Ch.,https://x.com/MamushiEne
tiktok,7134250853061477381,takiya_vtuberth,https://www.tiktok.com/@takiya_koz
twitch,1062896851,Bingsujuseyo Ch.,https://www.twitch.tv/alexandererz
tiktok,7107472762571621403,ตัวจีสีแดง,https://www.tiktok.com/@g_red14
tiktok,7239404278917776389,Freidya CH,https://www.tiktok.com/@freidyae
youtube,UCYAKTFHayiQ-yvllmFmx5IA,KRATOI 《19'S》,https://www.youtube.com/channel/UCYAKTFHayiQ-yvllmFmx5IA
tiktok,7084972690112840731,Mei Vtuber✨,https://www.tiktok.com/@fukuramei
x,Rhumora_ZTP,Rhumora,https://x.com/Rhumora_ZTP
youtube,UCLEOU6NgYYoVmPV8MwbwOkg,RatoMatsudaラト松田 Ch.,https://www.youtube.com/channel/UCLEOU6NgYYoVmPV8MwbwOkg
youtube,UCe9JOhIANHHvJovOdv-0r8A,MaëlFritz Channel ,https://www.youtube.com/channel/UCe9JOhIANHHvJovOdv-0r8A
x,DubeDuckvube,DubeDuck ,https://x.com/DubeDuckvube
facebook,61563474060128,61563474060128,https://www.facebook.com/profile.php?id=61563474060128
youtube,UCt483dpJFmpjRjADkNCWj1A,Bluwey Ch,https://www.youtube.com/channel/UCt483dpJFmpjRjADkNCWj1A
x,NLattee59689,NikkiLattE,https://x.com/NLattee59689
tiktok,7341807417015125010,TYR4 🪻🎮,https://www.tiktok.com/@tyracvc
x,kuriimu_vtuber,Kuriimu Ch.,https://x.com/kuriimu_vtuber
x,CcretRain_Flaw,CcretRain [ FLAW project ],https://x.com/CcretRain_Flaw
twitch,1346246397,amnuai_ii,https://www.twitch.tv/amnuai_ii
tiktok,6908389362037163009,Sancta Eva Luxia,https://www.tiktok.com/@luxiaplg
x,Sora_ACG,Sora A.C.G.,https://x.com/Sora_ACG
x,LuxiaPLG,Luxia Ch.,https://x.com/LuxiaPLG
x,PekoDiary,"Peko the Witch ★ แม่มด""พีโกะ""",https://x.com/PekoDiary
youtube,UCOHKuZWqnh7JOMMGn7tVlLw,Taka Melonpan,https://www.youtube.com/channel/UCOHKuZWqnh7JOMMGn7tVlLw
tiktok,7174625827761734662,MOLLY,https://www.tiktok.com/@mollyehe
tiktok,7375302246860440584,Eimiichan_,https://www.tiktok.com/@eimiichan_
x,RionaPLG,Sigmunda Riona Ch. 【POLYGON】,https://x.com/RionaPLG
x,SwordAceTomato,SwordAce,https://x.com/SwordAceTomato
x,monie_oal,Ané Monie Ch. | OAL,https://x.com/monie_oal
twitch,513087007,vendetta_vl,https://www.twitch.tv/vendetta_vl
twitch,544393424,OKASHIROEXE,https://www.twitch.tv/okashiroexe
x,rinrexger,RinREXGer,https://x.com/rinrexger
youtube,UCtECeyZ_Uc-oE4fJCt3YPoA,Byte001_SLR,https://www.youtube.com/channel/UCtECeyZ_Uc-oE4fJCt3YPoA
youtube,UCj2sbvVwAQFjHPLZ47RoTOA,Tama OniiSan 【21PM】,https://www.youtube.com/channel/UCj2sbvVwAQFjHPLZ47RoTOA
x,FautierOwiwi,Fautier Owiwi Ch.,https://x.com/FautierOwiwi
x,Magnum_ARP,Magnum Ch.【ARP】,https://x.com/Magnum_ARP
youtube,UCJEy_y-4fO4j2D6RLANc25Q,Zetsuna Ch.,https://www.youtube.com/channel/UCJEy_y-4fO4j2D6RLANc25Q
twitch,468087355,Ketit_Lepetit,https://www.twitch.tv/ketit_lepetit
x,KuroyoruYamisan,Kuroyoru Yami,https://x.com/KuroyoruYamisan
x,Kochiki_Gram,Kochiki Gram Ch.,https://x.com/Kochiki_Gram
facebook,ByErosterz,ByErosterz,https://www.facebook.com/ByErosterz
x,freyraine,Freyraine Ch.,https://x.com/freyraine
youtube,UCRNJOb6iROvOKqWiB9H1lBg,JayVounter,https://www.youtube.com/channel/UCRNJOb6iROvOKqWiB9H1lBg
twitch,506331291,Keelin_Peryton,https://www.twitch.tv/keelin_peryton
tiktok,7451205954580841477,smol.talk24,https://www.tiktok.com/@smol.talk24
youtube,UCY342fay_tyCV5bdoy2zTZQ,QURSE,https://www.youtube.com/channel/UCY342fay_tyCV5bdoy2zTZQ
youtube,UCS2-t9SC5UZ9kS_bhbAxPaw,Notaki Ch.,https://www.youtube.com/channel/UCS2-t9SC5UZ9kS_bhbAxPaw
tiktok,7296345638571377672,Sistra 🪶☀️👑｟ OTL ｠,https://www.tiktok.com/@sistra_otl
facebook,gingerbelle1208,gingerbelle1208,https://www.facebook.com/gingerbelle1208
x,ZerinDesu,Zerin Ch. - ゼリン -,https://x.com/ZerinDesu
tiktok,6929946920137180162,enryuhorus,https://www.tiktok.com/@enryuhorus
x,elphylia_el0612,Elphylia CH.,https://x.com/elphylia_el0612
facebook,NancyGimme2000,NancyGimme2000,https://www.facebook.com/NancyGimme2000
tiktok,7005877741938705409,Hanacutebaby,https://www.tiktok.com/@himari_hana
youtube,UCg1lfyLDBsy0INi17egh6IA,Enri Ch.,https://www.youtube.com/channel/UCg1lfyLDBsy0INi17egh6IA
youtube,UCrOhfmfkwCUS5ibUehZpJtA,JUNEVY Ch.,https://www.youtube.com/channel/UCrOhfmfkwCUS5ibUehZpJtA
x,Terios_Ch,Terios Ch.,https://x.com/Terios_Ch
tiktok,7361352282213024776,Natalia Gáta『Cupity』,https://www.tiktok.com/@natalia_cpj
tiktok,7246070861685654533,Saphilia,https://www.tiktok.com/@saphilia_atx
youtube,UCOJiQA9afDpohgpxgKIKljA,RinREXGer,https://www.youtube.com/channel/UCOJiQA9afDpohgpxgKIKljA
tiktok,7345465529040258055,kurogumaan,https://www.tiktok.com/@kurogumaan
x,Hatsu_DPX,Hatsu ch〖DPX〗,https://x.com/Hatsu_DPX
youtube,UC7ks6YhbNxNIJzJUKRH0OQA,In0suke,https://www.youtube.com/channel/UC7ks6YhbNxNIJzJUKRH0OQA
tiktok,6727160015762818050,HANAMI LAY,https://www.tiktok.com/@hanamilay
instagram,sunraindre,sunraindre,https://www.instagram.com/sunraindre
facebook,DarkPhoenix13Fr,DarkPhoenix13Fr,https://www.facebook.com/DarkPhoenix13Fr
facebook,Vmaewuvchan,Vmaewuvchan,https://www.facebook.com/Vmaewuvchan
twitch,776529950,ponnanta1,https://www.twitch.tv/ponnanta1
youtube,UCx_E2v60IowRRNd5nb-4uBQ,Murkiel Ch.,https://www.youtube.com/channel/UCx_E2v60IowRRNd5nb-4uBQ
youtube,UCPHqJsNtOp94Vcol4DPKpSA,SiamNeko Ch.【ARP】,https://www.youtube.com/channel/UCPHqJsNtOp94Vcol4DPKpSA
ganknow,Mor9anm,Mor9an ՞·ᴥ·՞ (มอร์แกน)『VFree』,https://ganknow.com/Mor9anm
youtube,UCkNTg_9AatcdDorXO0ijfYQ,Fuyu Kaida,https://www.youtube.com/channel/UCkNTg_9AatcdDorXO0ijfYQ
x,HowlTheSandbag,Howl,https://x.com/HowlTheSandbag
youtube,UC3JqFoY66A90sdqe46mvbTA,Eli Aharon 「イーライ」,https://www.youtube.com/channel/UC3JqFoY66A90sdqe46mvbTA
twitch,260532769,zaru_no21,https://www.twitch.tv/zaru_no21
facebook,RubellusRemis,RubellusRemis,https://www.facebook.com/RubellusRemis
tiktok,7221397940156793862,Azar《 OTL 》,https://www.tiktok.com/@azar_otl
youtube,UCYo4x86C700J5ivxg98oOtw,G. Mosotaa,https://www.youtube.com/channel/UCYo4x86C700J5ivxg98oOtw
youtube,UCni4SBfvmKlD7bu_ZWDmKiQ,CoolRin CH,https://www.youtube.com/channel/UCni4SBfvmKlD7bu_ZWDmKiQ
ganknow,benibanashigento,Benibanashi Gento | 紅話玄踪-VTuber,https://ganknow.com/benibanashigento
instagram,www.instagram.com,www.instagram.com,https://www.instagram.com/www.instagram.com
twitch,1337428369,hamigar,https://www.twitch.tv/hamigar
x,TamamiPLG,Hoshino Tamami Ch. 【POLYGON】,https://x.com/TamamiPLG
tiktok,6983994228234126362,Keiko,https://www.tiktok.com/@keikojang
tiktok,7175155044295148549,yozora_hoshikuzu,https://www.tiktok.com/@yozora_hoshikuzu
tiktok,7189596750495417370,น้องมะม่วง TV,https://www.tiktok.com/@nongmamuang_vtuber
youtube,UC_XPgDT6i9evZc5uJF1tc8g,Enryu Horus Ch. 炎竜ホルス,https://www.youtube.com/channel/UC_XPgDT6i9evZc5uJF1tc8g
x,HarunoVTB,Hajikeru Haruno Ch,https://x.com/HarunoVTB
twitch,670546268,cyyuvtuber,https://www.twitch.tv/cyyuvtuber
tiktok,6861513772365136897,Nongwan TV,https://www.tiktok.com/@nongwantv_
x,G_roundVtuber,G_round,https://x.com/G_roundVtuber
youtube,UCcmmL4Bdgf1tvkAm8C57_rg,Umi Uzagi Ch.,https://www.youtube.com/channel/UCcmmL4Bdgf1tvkAm8C57_rg
youtube,UCxaiTOKjBqy0b9am_EGvexA,HoshinoKuroi Ch.,https://www.youtube.com/channel/UCxaiTOKjBqy0b9am_EGvexA
youtube,UCIBdFlC2Fk3rID8CAETV35g,Kryspeia Cosmelis Ch. Lumina-Mutelu,https://www.youtube.com/channel/UCIBdFlC2Fk3rID8CAETV35g
facebook,senkaistudio,senkaistudio,https://www.facebook.com/senkaistudio
tiktok,7525803501357220872,โป๊ะโกะ(poko)_ปลวกทูปเบ๋อ,https://www.tiktok.com/@poko_vtuber
x,MarineChariot,Marine Ch. マリン • チャリオット,https://x.com/MarineChariot
facebook,kha.na.hun.krathing,kha.na.hun.krathing,https://www.facebook.com/kha.na.hun.krathing
x,Jaokattttt, JaoKat \ ジャオカットくん,https://x.com/Jaokattttt
tiktok,7383696627946882066,Sebastos VTuber,https://www.tiktok.com/@sebastos_acas
instagram,kylanz_klz,Kylanz,https://www.instagram.com/kylanz_klz
twitch,156075344,Mor9an_m,https://www.twitch.tv/mor9an_m
youtube,UCnbzFCOWYTBTIe9a3aUlKkg,NoBoRu Ch.,https://www.youtube.com/channel/UCnbzFCOWYTBTIe9a3aUlKkg
twitch,1442504135,thailand555urlauber,https://www.twitch.tv/thailand555urlauber
facebook,CinCinVtu,CinCinVtu,https://www.facebook.com/CinCinVtu
x,eveshaiahmutelu,Eveshaiah Miraclover Ch. Lumina-Mutelu,https://x.com/eveshaiahmutelu
youtube,UCz-_0-a_GPsU1-lrJJfYz7w,Little Lonita ⌜VZ⌟,https://www.youtube.com/channel/UCz-_0-a_GPsU1-lrJJfYz7w
x,Alzena_SLR,Alzena_SLR,https://x.com/Alzena_SLR
twitch,927552414,CozyClover_,https://www.twitch.tv/cozyclover_
youtube,UC-qBbCCqtD2H4WSs9m978Ow,Cazzie K. Monie,https://www.youtube.com/channel/UC-qBbCCqtD2H4WSs9m978Ow
youtube,UCNbXahoA48lOdkSS9fAWmcQ,เกมส์เมอร์ขาอ่อน 【18 B 】,https://www.youtube.com/channel/UCNbXahoA48lOdkSS9fAWmcQ
youtube,UCa-B3lVdQB9UOCAfVVoVcIA,Valak Ch.,https://www.youtube.com/channel/UCa-B3lVdQB9UOCAfVVoVcIA
tiktok,7112302431962661914,moonshinelyricsl,https://www.tiktok.com/@moonshinelyricsl
instagram,khunchanii,khunchanii,https://www.instagram.com/khunchanii
x,Morosis15,˚｡ෆ Morosis ⤾,https://x.com/Morosis15
x,TA121N,TARIN,https://x.com/TA121N
tiktok,7363220469829354504,Lamppy 🖤,https://www.tiktok.com/@lamppy_
x,KitsunekoMewten,Kitsuneko Mewten Ch. Pixela-Isekai,https://x.com/KitsunekoMewten
youtube,UCiVNJohfCMYogqJ4EB6fB1g,Dragooooon Vtuber,https://www.youtube.com/channel/UCiVNJohfCMYogqJ4EB6fB1g
youtube,UC93X4Rs0vDthp-qsZu4TQpg,Allure TND.【Mystery】,https://www.youtube.com/channel/UC93X4Rs0vDthp-qsZu4TQpg
youtube,UCYEWH_8lJYYxB_Ws5ee_ROw,Saniyah L. Ch.,https://www.youtube.com/channel/UCYEWH_8lJYYxB_Ws5ee_ROw
tiktok,6987452253414458369,Jamilah,https://www.tiktok.com/@jamilahlive
youtube,UCfPOynlPffrryH8JAsHOmJA,it’s hi Ch.【ARP】,https://www.youtube.com/channel/UCfPOynlPffrryH8JAsHOmJA
tiktok,7622289171462194194,Lucentis 【REC】,https://www.tiktok.com/@lucentis.rec
instagram,punquix,punquix,https://www.instagram.com/punquix
x,Walky555,WalkyTalky Vber Ch.,https://x.com/Walky555
x,JuJu_PIX,Laguna JuJu Ch. Pixela Project,https://x.com/JuJu_PIX
tiktok,7492022002794923015,Freyraine Ch.,https://www.tiktok.com/@freyraine.fr
youtube,UCiG3hDSyLNx-tani2z03_Zg,AmiLLy,https://www.youtube.com/channel/UCiG3hDSyLNx-tani2z03_Zg
tiktok,7603330290492294152,orinเมี๋ยว,https://www.tiktok.com/@orinnia_vt
tiktok,7193327919090598938,พอเอะนอเพ็ญ,https://www.tiktok.com/@punquix
tiktok,7053101862191399942,KongkhaGirl,https://www.tiktok.com/@evalia_arp
tiktok,6708280242048730113,BoonLan『VTG』,https://www.tiktok.com/@boonlan_vtg
x,Celeste_Vtuber_,Celeste Ch.,https://x.com/Celeste_Vtuber_
tiktok,7522696246818358293,yasouazrael_as,https://www.tiktok.com/@yasouazrael_as
instagram,keelin_peryton,keelin_peryton,https://www.instagram.com/keelin_peryton
youtube,UCG1UqDhwKiOIHHAhwZqJGQg,Lukami Ch. ルカミ [Lukami Stellaz],https://www.youtube.com/channel/UCG1UqDhwKiOIHHAhwZqJGQg
youtube,UC2kjsGpKTwnFKZLLTUkK4Gw,BRRWYN Ch. / QURSE,https://www.youtube.com/channel/UC2kjsGpKTwnFKZLLTUkK4Gw
x,DoMiNoDeDODO,DoMINO DDD.,https://x.com/DoMiNoDeDODO
tiktok,7622320330719855634,amn.mero,https://www.tiktok.com/@amn.mero
youtube,UC33VkaWtUAg84eE1BfScpZg,PanBiBi,https://www.youtube.com/channel/UC33VkaWtUAg84eE1BfScpZg
x,Barururu_,baruru channel,https://x.com/Barururu_
x,Laurie_Blisse,Laurie Blisse Ch.,https://x.com/Laurie_Blisse
youtube,UC0C_CplF_fwd1hEZuIE6VIw,Rawley Izzy G. Ch. | Graduated,https://www.youtube.com/channel/UC0C_CplF_fwd1hEZuIE6VIw
tiktok,7646539512788567048,tipjai.official,https://www.tiktok.com/@tipjai.official
twitch,736021190,jingjibara,https://www.twitch.tv/jingjibara
tiktok,7483924846553875457,aji,https://www.tiktok.com/@aji2806
twitch,766635932,StellarParticle,https://www.twitch.tv/stellarparticle
youtube,UCtD7KwwGOSgFu4FEd46msMg,Mylah Ch.,https://www.youtube.com/channel/UCtD7KwwGOSgFu4FEd46msMg
youtube,UCRGaEF2NMlp0n3gTlPFj27Q,Kaamoria Ch.,https://www.youtube.com/channel/UCRGaEF2NMlp0n3gTlPFj27Q
x,KumaTanX1,ShiroiKumaTan Ch.,https://x.com/KumaTanX1
youtube,UCH9YSRP3hG56bs2lzmMoOVw,Kimhan Summer /คิมหันต์ [EC19 Projekt],https://www.youtube.com/channel/UCH9YSRP3hG56bs2lzmMoOVw
x,RINNPING,RINNPING,https://x.com/RINNPING
tiktok,7068607071197070363,Draki Kona,https://www.tiktok.com/@draki_kona
tiktok,7443838821818516488,เลเทียผีทะลุกำแพง,https://www.tiktok.com/@letia_fixixvt
youtube,UCjr1VnM1LBRp9Ez2JGNndaA,Aosora Popo Ch.,https://www.youtube.com/channel/UCjr1VnM1LBRp9Ez2JGNndaA
twitch,815287996,AsterKalimeris,https://www.twitch.tv/asterkalimeris
twitch,146995468,VenusLapirus,https://www.twitch.tv/venuslapirus
x,PuinoonDesu,Puinoon プイヌン,https://x.com/PuinoonDesu
instagram,eimiichan__,eimiichan__,https://www.instagram.com/eimiichan__
tiktok,7048265328802939931,Niewlocker,https://www.tiktok.com/@niewlocker
x,LuYao_ch,Lu Yao Ch.,https://x.com/LuYao_ch
tiktok,7500928439013131271,Famu (สายลับ),https://www.tiktok.com/@famu_jar
x,kuma_toru,Toru Kumaトルくま,https://x.com/kuma_toru
twitch,1390120403,TakeshiNichiguchi,https://www.twitch.tv/takeshinichiguchi
x,GodjiGojila,Gojila Ch. ก็อตจิ,https://x.com/GodjiGojila
tiktok,7306563793021125634,miameerai,https://www.tiktok.com/@miameerai
youtube,UCN9xSRO9lXdzO3mM3BCEt9w,Nyann Nyatsume,https://www.youtube.com/channel/UCN9xSRO9lXdzO3mM3BCEt9w
x,amillyarchive,AmiLLy,https://x.com/amillyarchive
facebook,IamBearBearAndBear,IamBearBearAndBear,https://www.facebook.com/IamBearBearAndBear
x,ProjectM_Astray,Rosánn Ch.,https://x.com/ProjectM_Astray
x,Lania_VtuberTH,Lania Ch『VW』,https://x.com/Lania_VtuberTH
twitch,889326595,eulaovtuber,https://www.twitch.tv/eulaovtuber
x,moe_miyabi,Moe Miyabi ⌜VZ⌟,https://x.com/moe_miyabi
tiktok,7240064529714856962,Amy Stella 🎭✨️,https://www.tiktok.com/@amystl_official
youtube,UCI9bNMcvSiuq-bfjsPNomTA,Kana Ibera Ch.,https://www.youtube.com/channel/UCI9bNMcvSiuq-bfjsPNomTA
x,taeotsunaide,TAeOH,https://x.com/taeotsunaide
tiktok,7276546941953098754,Breindel 🦆🔱 | VtuberTH,https://www.tiktok.com/@breindel_theduck
facebook,EvaTheRhino,EvaTheRhino,https://www.facebook.com/EvaTheRhino
youtube,UCJL3R_l2-sxDQelzyQ6fHug, NiRu Channel ,https://www.youtube.com/channel/UCJL3R_l2-sxDQelzyQ6fHug
x,fayuuchan,FAYUUCHAN CHANNEL,https://x.com/fayuuchan
instagram,amillyarchive,amillyarchive,https://www.instagram.com/amillyarchive
x,zinfandel_ZTP,Zin'fandel「ZTP」,https://x.com/zinfandel_ZTP
x,UncleKanun,ลุงขนุน《 SSR 》,https://x.com/UncleKanun
youtube,UCCnI25SLttKYJdVgno6qkYg,LVMP,https://www.youtube.com/channel/UCCnI25SLttKYJdVgno6qkYg
youtube,UC31u9DPv_zbrasL8FTH7K5g,Reiden_R Ch.,https://www.youtube.com/channel/UC31u9DPv_zbrasL8FTH7K5g
x,KKSR_VT,แก้วกษิรา [KAEWKASIRA] 🐍🌸,https://x.com/KKSR_VT
x,YueMeili00,Yue Meili [ECR],https://x.com/YueMeili00
tiktok,7352688569770574854,เจ้านิป ⨳ECR⨳,https://www.tiktok.com/@maeminippy
x,delivakaga,Deliva Kaga ch.,https://x.com/delivakaga
twitch,812917287,Sanxz_n,https://www.twitch.tv/sanxz_n
twitch,1136995994,sumiko_vtuber,https://www.twitch.tv/sumiko_vtuber
x,UUzagi19,Umi Uzagi Ch.,https://x.com/UUzagi19
youtube,UCVLZI8sZ1J1PDVHdPLgnChw,Freyraine Ch.,https://www.youtube.com/channel/UCVLZI8sZ1J1PDVHdPLgnChw
twitch,54052330,Nebluu,https://www.twitch.tv/nebluu
tiktok,7475352328250835984,สมเหน่ง【Vtuber】,https://www.tiktok.com/@somnengch
x,FL_FirstsLove,FL_FirstsLove ⌜VZ⌟,https://x.com/FL_FirstsLove
youtube,UCGAxNdaCC9RI6-u3QabJ8Fg,MomaMae,https://www.youtube.com/channel/UCGAxNdaCC9RI6-u3QabJ8Fg
x,JingJibara,Jibara​ Ch.,https://x.com/JingJibara
youtube,UCbeaB9MoD9IyXqBshyQuNRQ,Nerumi-s,https://www.youtube.com/channel/UCbeaB9MoD9IyXqBshyQuNRQ
youtube,UCompe4fS2oUss8CGTuhOSxA,Gibpuri Ch,https://www.youtube.com/channel/UCompe4fS2oUss8CGTuhOSxA
twitch,622493044,shikar_dawg,https://www.twitch.tv/shikar_dawg
facebook,sienna.res,sienna.res,https://www.facebook.com/sienna.res
youtube,UCDwExMfrKLpB6j0vDUW-0WA,Minarin Sárkányszél Ch.,https://www.youtube.com/channel/UCDwExMfrKLpB6j0vDUW-0WA
tiktok,6988377167504311298,GIN,https://www.tiktok.com/@gin_vtuber
x,LIRIN0SUKE,LIRIN,https://x.com/LIRIN0SUKE
facebook,jayvounter,jayvounter,https://www.facebook.com/jayvounter
youtube,UCIMFIkXOGA7dWA903WdRKKg,Nezumi Elze Ch. Pixela Legends,https://www.youtube.com/channel/UCIMFIkXOGA7dWA903WdRKKg
x,Zoe_Specter,Zoe Specter Ch.,https://x.com/Zoe_Specter
facebook,LayniaziaVtuberTH,LayniaziaVtuberTH,https://www.facebook.com/LayniaziaVtuberTH
twitch,468724325,Samuel1571,https://www.twitch.tv/samuel1571
facebook,dee.ji.12764,dee.ji.12764,https://www.facebook.com/dee.ji.12764
x,Baabel_ARP,Baabel Ch.【ARP】,https://x.com/Baabel_ARP
x,moonshinelyrics,Lyrics 🌙,https://x.com/moonshinelyrics
facebook,AstreaStarVtuber,AstreaStarVtuber,https://www.facebook.com/AstreaStarVtuber
instagram,patchay_channel,patchay_channel,https://www.instagram.com/patchay_channel
twitch,807874137,ZhenLinxing_ch_PowerPay,https://www.twitch.tv/zhenlinxing_ch_powerpay
x,mali_slr,Mali_SLR,https://x.com/mali_slr
x,GrimusGrimm,Grimus Grimm Ch. Pixela Destiny,https://x.com/GrimusGrimm
tiktok,6919888408849761282,บิงซูจูเซโย🍧,https://www.tiktok.com/@bingsujuseyo
youtube,UC3HM8L5j53x0WsliGNTXhbQ,Shanaru Ch.,https://www.youtube.com/channel/UC3HM8L5j53x0WsliGNTXhbQ
tiktok,7075567130532709377,RealiableCh,https://www.tiktok.com/@realiablechannel
youtube,UCIh-YIiPfxN0qPWAvIpfBXQ,Himari Hana Ch.,https://www.youtube.com/channel/UCIh-YIiPfxN0qPWAvIpfBXQ
tiktok,7242305064940340229,myxnyxx,https://www.tiktok.com/@myxnyxx
youtube,UCgmytgwJVDe74ewiHklGcBA,Minato Hatsuki【JVP】,https://www.youtube.com/channel/UCgmytgwJVDe74ewiHklGcBA
x,Zelina_PIXv2,Princess Zelina Ch. Pixela Project,https://x.com/Zelina_PIXv2
youtube,UCSPAN-WjdncItj4wMfi451g,Zalivia,https://www.youtube.com/channel/UCSPAN-WjdncItj4wMfi451g
twitch,1052995177,ihatedoyle,https://www.twitch.tv/ihatedoyle
youtube,UCLrFWzD0xA5nDt4ZYUnbGew,Jorirynn 【PRIME】,https://www.youtube.com/channel/UCLrFWzD0xA5nDt4ZYUnbGew
youtube,UC_oH76DShLob3sbdod-RF6Q,SHUA Ch. / QURSE,https://www.youtube.com/channel/UC_oH76DShLob3sbdod-RF6Q
facebook,pnpnpinto,PINTO,https://www.facebook.com/pnpnpinto
facebook,mthicha.vtuber,mthicha.vtuber,https://www.facebook.com/mthicha.vtuber
twitch,477277178,Viol3tte,https://www.twitch.tv/viol3tte
youtube,UCVmZ-RvoPuxk9siBRctLwsA,NaNA Ch.,https://www.youtube.com/channel/UCVmZ-RvoPuxk9siBRctLwsA
youtube,UCq1-zScAqUHmGQO9SYI5pIg,JellMellO,https://www.youtube.com/channel/UCq1-zScAqUHmGQO9SYI5pIg
twitch,896941987,GraZiaSaMa,https://www.twitch.tv/graziasama
tiktok,7396212017399710725,GoMuta_Neko,https://www.tiktok.com/@gomuta_neko
youtube,UCmBtZhaKjvZ6zotSOuOMnwQ,Fortuna Leah,https://www.youtube.com/channel/UCmBtZhaKjvZ6zotSOuOMnwQ
tiktok,7335692540493382674,Beta AMI,https://www.tiktok.com/@amiworldend
youtube,UCSqQDeXi3tLW_MyHnwTgvDA,ช่องนี้ ซัน คุม อิอิ,https://www.youtube.com/channel/UCSqQDeXi3tLW_MyHnwTgvDA
twitch,795691618,Nano_Horitsuga,https://www.twitch.tv/nano_horitsuga
tiktok,7443853526356329480,Aru Hoshima Ch. | 星間アル,https://www.tiktok.com/@aru_hoshima
youtube,UCcEeR95bngZpdswBuEWJ0DQ,QueenSkaði Ch.スカディ,https://www.youtube.com/channel/UCcEeR95bngZpdswBuEWJ0DQ
twitch,1393423964,LiselotteCh,https://www.twitch.tv/liselottech
x,Daiji_OTL,Daiji Inuyuki 《 OTL 》,https://x.com/Daiji_OTL
youtube,UCPgZ3g9jYeuj5mLBJ5APp0A,Sasaささ-Lucix,https://www.youtube.com/channel/UCPgZ3g9jYeuj5mLBJ5APp0A
twitch,1090773883,ZeraphinaHN,https://www.twitch.tv/zeraphinahn
tiktok,7071146660613833755,♦️Ayna♦️,https://www.tiktok.com/@ayna_arp
x,Lorn_vtuber,Fukai Lorn Ch.,https://x.com/Lorn_vtuber
x,connese_plai,ConNeSe Plai,https://x.com/connese_plai
youtube,UCHGviQ_8o_ZLS_k1vpFOtmQ,Cobalt HellHound Ch. (ฮาวนด์),https://www.youtube.com/channel/UCHGviQ_8o_ZLS_k1vpFOtmQ
twitch,881031440,LattaARP,https://www.twitch.tv/lattaarp
twitch,631977903,KiyomiChan943,https://www.twitch.tv/kiyomichan943
twitch,714801236,AosoraPopo,https://www.twitch.tv/aosorapopo
x,Supeacha_Vtuber,Supeacha ⌜VZ⌟,https://x.com/Supeacha_Vtuber
ganknow,monarica,MONARICA ,https://ganknow.com/monarica
x,vanderlinde_86,สุรกี้ | วีทูปเบอร์,https://x.com/vanderlinde_86
youtube,UCfaZG-sf7NrY3RBmoHBSOcg,Oatsukaresan「ECR」,https://www.youtube.com/channel/UCfaZG-sf7NrY3RBmoHBSOcg
tiktok,7326494654169515014,Nuttiz,https://www.tiktok.com/@imnotnuttiz
x,HibikiDiva_Ch,Hibiki Diva『DPX』,https://x.com/HibikiDiva_Ch
twitch,690716649,CroCo_Fishy,https://www.twitch.tv/croco_fishy
youtube,UCacSkKAhjz4pDmyee5IiL5A,Harumoon Ch.,https://www.youtube.com/channel/UCacSkKAhjz4pDmyee5IiL5A
x,MaelysNox_,MaëlFritz Channel ,https://x.com/MaelysNox_
instagram,csvalkyrie,csvalkyrie,https://www.instagram.com/csvalkyrie
tiktok,7450410790513755141,Lynze 🌹,https://www.tiktok.com/@lynze.vvn
youtube,UCUec0cPy5IPOXNODqho9wNw,TAeOH,https://www.youtube.com/channel/UCUec0cPy5IPOXNODqho9wNw
tiktok,7446975973847041042,MAJCHA 🎏 ที่แปลว่าปลา🍵✨,https://www.tiktok.com/@majcha_ch
youtube,UCtorf7cuSwiGmA2lEuuubCQ,LUNA NENE ◤VTP◢,https://www.youtube.com/channel/UCtorf7cuSwiGmA2lEuuubCQ
tiktok,6822466378060366850,Exzelia,https://www.tiktok.com/@exzelia_ex
tiktok,7474335703481123858,Savi【21PM】,https://www.tiktok.com/@saviola21pm
youtube,UCcrJWJBgpZ1A-EoFKqRRzOg,_AiRiTk_,https://www.youtube.com/channel/UCcrJWJBgpZ1A-EoFKqRRzOg
facebook,tamarun1st,tamarun1st,https://www.facebook.com/tamarun1st
youtube,UCF19DHmsDiaB3P3Cbpdp14g,ChouxCream シュークリーム,https://www.youtube.com/channel/UCF19DHmsDiaB3P3Cbpdp14g
youtube,UCZwx1KhdoiqQsoZAqCRbApw,Zentiera【VJN】,https://www.youtube.com/channel/UCZwx1KhdoiqQsoZAqCRbApw
youtube,UCG-PEjbBmm82pBvWvJJfxgQ,Shinya Natonsai,https://www.youtube.com/channel/UCG-PEjbBmm82pBvWvJJfxgQ
tiktok,7361670216588002322,Shishiro Taiga Ch.,https://www.tiktok.com/@shishiro_taiga
youtube,UCmWdh_wjFaSdX7sZUWGNuDQ,Fallyn『VTG』,https://www.youtube.com/channel/UCmWdh_wjFaSdX7sZUWGNuDQ
tiktok,6990658231073817601,Zauber Marinette,https://www.tiktok.com/@zuaber
x,AHR_Eli_,Eli Aharon 「イーライ」,https://x.com/AHR_Eli_
x,yoru_no_zora,Yozora /星屑 夜空 Ch.,https://x.com/yoru_no_zora
tiktok,6518643140449452034,Mymello,https://www.tiktok.com/@mymello0o
twitch,1515719935,dragoooooniscool,https://www.twitch.tv/dragoooooniscool
twitch,1112135820,Mylemarrish,https://www.twitch.tv/mylemarrish
x,Grey_Vitale,Grey Murasaki Vitale Ch.,https://x.com/Grey_Vitale
x,nihil_vtuber,Nihil Aeternum | VtuberTH 🔎,https://x.com/nihil_vtuber
x,XetsuVibeENT,XETSU Ch. / QURSE,https://x.com/XetsuVibeENT
x,thara_oceanfae,Thara Ocean Fae ,https://x.com/thara_oceanfae
youtube,UC_XyNfXasr_yngj3VOJU3dg,Ursa Scorpio,https://www.youtube.com/channel/UC_XyNfXasr_yngj3VOJU3dg
twitch,1049511543,ZauberTheMarinette,https://www.twitch.tv/zauberthemarinette
youtube,UCMZkIRSYq4NX-rBGs7n-3-g,Yena Hwang ch. 황예나,https://www.youtube.com/channel/UCMZkIRSYq4NX-rBGs7n-3-g
youtube,UCFLR42m7vGHPi3wSROWaepA,GoMu no Ch.,https://www.youtube.com/channel/UCFLR42m7vGHPi3wSROWaepA
x,Kaohom_1999,Dacapo Ch.【ARP】,https://x.com/Kaohom_1999
youtube,UCzM-6yhdmR4UGS_g_zzSf5Q,Sleepfii. 💤,https://www.youtube.com/channel/UCzM-6yhdmR4UGS_g_zzSf5Q
twitch,729493629,miyu_385pj,https://www.twitch.tv/miyu_385pj
x,salar_midg,Nestor Ch.,https://x.com/salar_midg
tiktok,6675051913551528961,MaewLham,https://www.tiktok.com/@maewlham
x,MegzisLurnyl,Megzis Ch.,https://x.com/MegzisLurnyl
youtube,UCJZdSYHLTvG4d3yVd-NyasA,AYANE  SHIWAWA,https://www.youtube.com/channel/UCJZdSYHLTvG4d3yVd-NyasA
facebook,bitly,bitly,https://www.facebook.com/bitly
instagram,nanako_npt,nanako_npt,https://www.instagram.com/nanako_npt
x,FumiHausu,Fumi Hausu,https://x.com/FumiHausu
x,Seina_IDYP,Seina Ch.,https://x.com/Seina_IDYP
litlink,jorogumoV,Joro Gumo,https://lit.link/en/jorogumoV
x,KSR_Tsuku,Tsuku CH.,https://x.com/KSR_Tsuku
youtube,UCB2UBUgwjQ7y8k3JNEFEVaQ,Nagumo ⛈️,https://www.youtube.com/channel/UCB2UBUgwjQ7y8k3JNEFEVaQ
x,__lullalull,lullalull,https://x.com/__lullalull
tiktok,7615955400537850900,Taro Taros Ch.,https://www.tiktok.com/@tarostarossama
youtube,UCf-P7yTlHAJlVwxzwHu915Q,NancyGimme2000,https://www.youtube.com/channel/UCf-P7yTlHAJlVwxzwHu915Q
x,Linckia_IDYP,LINCKIA Ch.,https://x.com/Linckia_IDYP
youtube,UCDgEY3e3hNge2XzFhFuYPYw,Maemi Nippy ⨳ECR⨳,https://www.youtube.com/channel/UCDgEY3e3hNge2XzFhFuYPYw
tiktok,7062518131315065858,Chana チャナ,https://www.tiktok.com/@chanavtuber
youtube,UC72_UWR1CAQhC-Kg48e5mjA,Calista Ch.【ARP】,https://www.youtube.com/channel/UC72_UWR1CAQhC-Kg48e5mjA
tiktok,6915324174345389058,XAY | VTUBERTH,https://www.tiktok.com/@seo_a_xay
twitch,124294429,Ookami_Yuusha,https://www.twitch.tv/ookami_yuusha
facebook,PadzangChannel,PadzangChannel,https://www.facebook.com/PadzangChannel
tiktok,6888416750364705793,Zona Zunicatrix,https://www.tiktok.com/@zonaplg
youtube,UClBbcA64ikRSXTijItUQ-OA,Mizo Chan Ch.【PSM】,https://www.youtube.com/channel/UClBbcA64ikRSXTijItUQ-OA
x,AvisaLPZ,Avisa Lopez Ch. [Autumnia],https://x.com/AvisaLPZ
tiktok,6952753691128579073,Alparukeeper.vtuber,https://www.tiktok.com/@alparukeeper.vtuber
x,Torakaze_13,Torakaze,https://x.com/Torakaze_13
twitch,900485347,CeriseChannel,https://www.twitch.tv/cerisechannel
youtube,UCJGy7NCvnc-xcVPwdDzuxvQ,Fukio_VT,https://www.youtube.com/channel/UCJGy7NCvnc-xcVPwdDzuxvQ
youtube,UCvX83QsQu4NvT0pnEC6b9Hg,Daiji Inuyuki 《 OTL 》,https://www.youtube.com/channel/UCvX83QsQu4NvT0pnEC6b9Hg
twitch,555250106,inomiya_,https://www.twitch.tv/inomiya_
twitch,177821234,Yubii_R,https://www.twitch.tv/yubii_r
twitch,1054389857,Ark_ARP,https://www.twitch.tv/ark_arp
facebook,ItsAlexisWolf,ItsAlexisWolf,https://www.facebook.com/ItsAlexisWolf
x,Riko_Seal,Riko Phokaia,https://x.com/Riko_Seal
twitch,173255800,darumaby,https://www.twitch.tv/darumaby
twitch,1255936801,Amello_Channel,https://www.twitch.tv/amello_channel
tiktok,6741887676301050881,น้องฟิวล์แมวฟ้าติดเกม,https://www.tiktok.com/@nongfield_0
x,AMIWorldEnd,Beta AMI Ch. Lumina-World-End,https://x.com/AMIWorldEnd
youtube,UCm0b6rM-6um9H8ZIiljKncg,chloridefow,https://www.youtube.com/channel/UCm0b6rM-6um9H8ZIiljKncg
x,Praeam_SLX,PRAEAM_SLX,https://x.com/Praeam_SLX
x,RiyaVtuberTH,RIYA【璃夜】,https://x.com/RiyaVtuberTH
facebook,Aji2806,Aji2806,https://www.facebook.com/Aji2806
ganknow,morinplanet,MoRin Ch.,https://ganknow.com/morinplanet
x,Elle_acastled,Elena Elle | AcastledProject,https://x.com/Elle_acastled
twitch,132860067,LizLynzex_,https://www.twitch.tv/lizlynzex_
twitch,175831187,ironmouse,https://www.twitch.tv/ironmouse
x,EmilVtuberth,EMIL,https://x.com/EmilVtuberth
tiktok,7379546897886135304,gojo.haine,https://www.tiktok.com/@gojo.haine?_t=8n8Phvl2Eml&_r=1
youtube,UCgFEQdBjM12Cg-IY5tFzU_g,TOP【PRIME】,https://www.youtube.com/channel/UCgFEQdBjM12Cg-IY5tFzU_g
tiktok,7205976267953849350,FohishaVT,https://www.tiktok.com/@fohishavt
x,Fina_fisher,Fina and Tier,https://x.com/Fina_fisher
youtube,UCJxIZZSfV0u2b7p_bK7jOjw,Endoria Fia「ALF」,https://www.youtube.com/channel/UCJxIZZSfV0u2b7p_bK7jOjw
x,estxr_ch,Estxr Channel,https://x.com/estxr_ch
youtube,UC0ZulKukNQiTsA2r7dEL0OA,KiwaPawari Ch. | キワー,https://www.youtube.com/channel/UC0ZulKukNQiTsA2r7dEL0OA
tiktok,7506762944660751378,Timothy Weii,https://www.tiktok.com/@timothy_weii
x,LlewellaElias,Llewella Elias Ch.,https://x.com/LlewellaElias
youtube,UChDf-gzKsx3l4_NUvAB12Lw,AstralKami Ch.,https://www.youtube.com/channel/UChDf-gzKsx3l4_NUvAB12Lw
twitch,750964442,Laibaht,https://www.twitch.tv/laibaht
youtube,UCGIDvgCG2v47r33D14QlasA,Jusia Ch. ASMR,https://www.youtube.com/channel/UCGIDvgCG2v47r33D14QlasA
youtube,UCYknXN1ydnhJACllweXGd-w,Bitscuit La Cielhare,https://www.youtube.com/channel/UCYknXN1ydnhJACllweXGd-w
x,SalvatoreVNV_I,Salvatore Ch.『 VNV 』,https://x.com/SalvatoreVNV_I
tiktok,7502119642678641671,Jozetté Wrasset | OAL,https://www.tiktok.com/@jozette_oal
twitch,850161976,hikari_ssr,https://www.twitch.tv/hikari_ssr
twitch,1296773987,Freyrainefr,https://www.twitch.tv/freyrainefr
facebook,sirirat.fanli,sirirat.fanli,https://www.facebook.com/sirirat.fanli
youtube,UC8Wd2kN3xc_c8ppnBON_luw,Pekorin SSR,https://www.youtube.com/channel/UC8Wd2kN3xc_c8ppnBON_luw
youtube,UCrv90qmK4-Yxj_QyNMqBVQA,Faethon Uni. Jantra,https://www.youtube.com/channel/UCrv90qmK4-Yxj_QyNMqBVQA
x,EmilioLinden,Linden Emilio,https://x.com/EmilioLinden
tiktok,7265131285403747334,TEDDYBEL ch. ไลฟ์หลักบน YT,https://www.tiktok.com/@teddybel00
youtube,UCw64ItsCX0Cb4lCjb68oTpw,Eileennoir Ch.,https://www.youtube.com/channel/UCw64ItsCX0Cb4lCjb68oTpw
x,_LnwAelaEC19,AELA CH. [EC19 Projekt],https://x.com/_LnwAelaEC19
twitch,464704780,ConnesePlai,https://www.twitch.tv/conneseplai
x,ChloeJParkV2ber,Chloe J. Park Ch. | VTUBER,https://x.com/ChloeJParkV2ber
youtube,UC0D7SuIVLYoD1hU3dxNxdMg,Ziika ⌜VZ⌟,https://www.youtube.com/channel/UC0D7SuIVLYoD1hU3dxNxdMg
youtube,UCsO3bLRlRtET6FMH0KIWvYQ,SCSugarZ.,https://www.youtube.com/channel/UCsO3bLRlRtET6FMH0KIWvYQ
tiktok,7273344833648002054,Ociana Fala Ch,https://www.tiktok.com/@ocianafala
twitch,1387659279,voidmuofficial,https://www.twitch.tv/voidmuofficial
youtube,UCEvyDOkcGkzCTo62d9BrhkA,Minami Cera Ch. 【POLYGON】,https://www.youtube.com/channel/UCEvyDOkcGkzCTo62d9BrhkA
x,StellarLynx,StelLa Ch.【XEKIN】,https://x.com/StellarLynx
tiktok,6822438842881868801,Xzest Exzeda,https://www.tiktok.com/@xzestz
twitch,842617809,nonorivt,https://www.twitch.tv/nonorivt
x,Its_Alexis_Wolf,AlexisWolf,https://x.com/Its_Alexis_Wolf
tiktok,6883078059962106881,sotareino,https://www.tiktok.com/@sotareino
tiktok,7036211722278290433,FirstsLove [VZ],https://www.tiktok.com/@fl_firstslove
twitch,121215870,ParuIsMe,https://www.twitch.tv/paruisme
youtube,UCysbx8fVJc92SL4KtsakA8Q,CHACHACHALICE,https://www.youtube.com/channel/UCysbx8fVJc92SL4KtsakA8Q
ganknow,realchermy,Chermy Ch.,https://ganknow.com/realchermy
x,rr_ferre_eieiza,Rong da Ferret ,https://x.com/rr_ferre_eieiza
instagram,kamashi_akia,kamashi_akia,https://www.instagram.com/kamashi_akia
youtube,UCmeYkTj7_pBYgWSJmM_eJPQ,Akimoto Yuna Ch.,https://www.youtube.com/channel/UCmeYkTj7_pBYgWSJmM_eJPQ
youtube,UC6V9R4VQTjewZj-xfnqrO_g,Xeran Ch,https://www.youtube.com/channel/UC6V9R4VQTjewZj-xfnqrO_g
tiktok,6818837152321209346,Kuronami Hakumi’Ch 🤍💙,https://www.tiktok.com/@kuronami_hakumi
tiktok,7337600670906713095,แมวเทียร์🍟 V ที่ร้องเพงร๊อฆอะ,https://www.tiktok.com/@tearsofhecati.vtuberth
youtube,UCFXP-2Bob2gW8rlEffW1hgA,Halon Hashi Ch.,https://www.youtube.com/channel/UCFXP-2Bob2gW8rlEffW1hgA
tiktok,7355178877311091717,ZAIN,https://www.tiktok.com/@zaindss
youtube,UCPh5ZGdw9LkBXxpCAdSaCrw,Vivera Carmine,https://www.youtube.com/channel/UCPh5ZGdw9LkBXxpCAdSaCrw
youtube,UCtTZglpnK3yce4PUZNBUS0w,MillyBill Ch.,https://www.youtube.com/channel/UCtTZglpnK3yce4PUZNBUS0w
youtube,UCMQ21qN4qXA0sJf-kUK9ZjQ,SIXTEEN WATHATHAI ,https://www.youtube.com/channel/UCMQ21qN4qXA0sJf-kUK9ZjQ
facebook,alteriastareater,alteriastareater,https://www.facebook.com/alteriastareater
tiktok,7085549029807227905,PoychanArt,https://www.tiktok.com/@poychanart
x,Unun2Bat,UnUn the Bat Ch.,https://x.com/Unun2Bat
tiktok,7376911979283252232,FujiXY,https://www.tiktok.com/@fujixy
tiktok,7326197526955639809,Mizu Gracia,https://www.tiktok.com/@mizu_gracia
facebook,sharer.php,Sata Channel,https://www.facebook.com/sharer.php?u=https%3A%2F%2Fko-fi.com%2Fsatachan%2Fgoal%3Fg%3D65%22e%3D%F0%9F%9F%A9%F0%9F%9F%A9%F0%9F%9F%A9%F0%9F%9F%A9%F0%9F%9F%A9%F0%9F%9F%A9%E2%AC%9C%E2%AC%9C%E2%AC%9C%E2%AC%9C+65%25+of+goal+on+Ko-fi%21
youtube,UCoWrleC-JaPnJLGU87F8OxQ,RIYA【璃夜】,https://www.youtube.com/channel/UCoWrleC-JaPnJLGU87F8OxQ
facebook,61568997413194,61568997413194,https://www.facebook.com/profile.php?id=61568997413194
tiktok,7629755303411975188,Night Nyte✭,https://www.tiktok.com/@midnigh0606
youtube,UCeze7PeKkKYEkDmdPuNQOhQ,SeaU Ch.【CRA】,https://www.youtube.com/channel/UCeze7PeKkKYEkDmdPuNQOhQ
tiktok,7156227329500496901,Alfred Ford [VtuberTH],https://www.tiktok.com/@fordkungch001
youtube,UC3D2LNEOdYQq5mu9hjoQTZQ,ROOKCAN ch〖DPX〗,https://www.youtube.com/channel/UC3D2LNEOdYQq5mu9hjoQTZQ
tiktok,7134589091567502362,Meraki Keimii,https://www.tiktok.com/@meraki_keimii
facebook,supersky.amy,supersky.amy,https://www.facebook.com/supersky.amy
youtube,UCpWoDWpQSzhs3PMMU4WrfiQ,Zoe Specter Ch.,https://www.youtube.com/channel/UCpWoDWpQSzhs3PMMU4WrfiQ
tiktok,7398093551743337473,FALEN〔 𝐋𝐕 〕,https://www.tiktok.com/@falen_cvc
youtube,UCfDCemDzrBpQoZMIajLeI-w,Okami Hito CH【APD】,https://www.youtube.com/channel/UCfDCemDzrBpQoZMIajLeI-w
youtube,UCrUmEIK7jOgqVw5BPEDfQdQ,キラリKirari NeNe,https://www.youtube.com/channel/UCrUmEIK7jOgqVw5BPEDfQdQ
twitch,257778433,sumire_yuna,https://www.twitch.tv/sumire_yuna
youtube,UCrkWEJaRE2eCpEpGZbpNhIQ,Ryusei Starlight Ch.,https://www.youtube.com/channel/UCrkWEJaRE2eCpEpGZbpNhIQ
twitch,775990240,vendetta_vlazy,https://www.twitch.tv/vendetta_vlazy
twitch,1195854853,hannies_toon,https://www.twitch.tv/hannies_toon
tiktok,7208967479221601286,นกเหลืองเยื้องขวา,https://www.tiktok.com/@dacapo_arp
twitch,113212579,KingSlime_Ch_Vth,https://www.twitch.tv/kingslime_ch_vth
youtube,UCZilc7jP-X_92Fii1uTIs0Q,Hoku Ch.,https://www.youtube.com/channel/UCZilc7jP-X_92Fii1uTIs0Q
youtube,UCNDYUXSVC7ffBAGEktilzUQ,Hanami Lay CH.,https://www.youtube.com/channel/UCNDYUXSVC7ffBAGEktilzUQ
x,wint3r_vz,WINT3R ⌜VZ⌟,https://x.com/wint3r_vz
tiktok,7050508314408616961,Saamazu Suwai,https://www.tiktok.com/@saamazusuwai
youtube,UCt-_7LOFGUhAQGzePZtbYZg,Renkon Ch.,https://www.youtube.com/channel/UCt-_7LOFGUhAQGzePZtbYZg
x,boomvtuber,BoomVtube Ch.,https://x.com/boomvtuber
tiktok,7072955121097376795,นม เทาน,https://www.tiktok.com/@fumihausu
instagram,kayonoorenji,kayonoorenji,https://www.instagram.com/kayonoorenji
youtube,UCj9iuFhj63MZfS8ANBzBd9w,Renia Marinette Ch.【PSM】,https://www.youtube.com/channel/UCj9iuFhj63MZfS8ANBzBd9w
x,Aiku_TH,Kitsunebana Aiku Ch.,https://x.com/Aiku_TH
youtube,UC32lsx7u7vqy63SguuuzmVg,Narelle ch. 【FIXIX VT】,https://www.youtube.com/channel/UC32lsx7u7vqy63SguuuzmVg
x,amnuaimaewuan,Amnuai CH,https://x.com/amnuaimaewuan
youtube,UCrDlc3CYB6TXFoU01jw0XPg,YumeMaTTy Ch.,https://www.youtube.com/channel/UCrDlc3CYB6TXFoU01jw0XPg
facebook,KYTsuruko,KYTsuruko,https://www.facebook.com/KYTsuruko
x,Amello_Channel,Amello,https://x.com/Amello_Channel
youtube,UC8xrzfcBL_42uWEf-8pO6og,土曜日関根 Doyoubi Sekine [ECR],https://www.youtube.com/channel/UC8xrzfcBL_42uWEf-8pO6og
instagram,laychlype_alf,laychlype_alf,https://www.instagram.com/laychlype_alf
youtube,UCdgjIr2R7jAjCO-62Y4nMoQ,Cyntia Ch.,https://www.youtube.com/channel/UCdgjIr2R7jAjCO-62Y4nMoQ
twitch,216585195,xLazyYui,https://www.twitch.tv/xlazyyui
twitch,955292370,AthrunTytoAlba,https://www.twitch.tv/athruntytoalba
twitch,134594357,cherylwaltz,https://www.twitch.tv/cherylwaltz
x,AmarisSayo_AS,【graduated】Amaris Sayo Ch. / AStars Amakara,https://x.com/AmarisSayo_AS
twitch,1519865595,himuofficial,https://www.twitch.tv/himuofficial
youtube,UCDki34ncCre0xPgf1JCkqCA,Shogo ⌜VZ⌟,https://www.youtube.com/channel/UCDki34ncCre0xPgf1JCkqCA
x,TatsugamiZuii,Zuii Ch.,https://x.com/TatsugamiZuii
tiktok,7132172383649694722,ThuayFu_WolfCute,https://www.tiktok.com/@thuayfu_vtuber
tiktok,7319595228369257479,tinsleythefox,https://www.tiktok.com/@tinsleythefox
tiktok,7351138533497734165,Micaela Michelle,https://www.tiktok.com/@micaela.michelle8
twitch,796499614,amuofficia,https://www.twitch.tv/amuofficia
tiktok,7588936533576680468,Caelith Hoshizora,https://www.tiktok.com/@caelithhoshizora
x,Archbas_,Archbas Ch.,https://x.com/Archbas_
x,Y0tChi_,YotChi,https://x.com/Y0tChi_
x,hoshin_a,HoshiNa Vtuber Ch.,https://x.com/hoshin_a
x,ManaPT5,ManaPTマナーVtuber,https://x.com/ManaPT5
twitch,69707808,Maikumira,https://www.twitch.tv/maikumira
youtube,UCnfKwU2JKvFnZzjQGmzM2Kw,KhaiTun Ch.,https://www.youtube.com/channel/UCnfKwU2JKvFnZzjQGmzM2Kw
tiktok,7362439636277281793,FarViny,https://www.tiktok.com/@farviny
twitch,1386053685,Woofna_Ch,https://www.twitch.tv/woofna_ch
youtube,UC8GsIgxeIHQMaTQgkEUXhMw,Ari Kate Ch.,https://www.youtube.com/channel/UC8GsIgxeIHQMaTQgkEUXhMw
facebook,100077918560094,100077918560094,https://www.facebook.com/profile.php?id=100077918560094
x,ArtisansG_Bell,Azure Bluebell,https://x.com/ArtisansG_Bell
twitch,1452744808,elsamuofficiall,https://www.twitch.tv/elsamuofficiall
x,NoA_Noaris,NoA Noaris,https://x.com/NoA_Noaris
tiktok,7211450929600578566,xcapuuccino_,https://www.tiktok.com/@xcapuuccino_
twitch,402570751,amunic,https://www.twitch.tv/amunic
youtube,UCuSeRbNKfziUQdW6hZgiZjw,Lu Yao Ch.,https://www.youtube.com/channel/UCuSeRbNKfziUQdW6hZgiZjw
youtube,UCZK2FFIIlsvkbf07ctIEncg,DeliCiae,https://www.youtube.com/channel/UCZK2FFIIlsvkbf07ctIEncg
twitch,127020476,sapphire_melon,https://www.twitch.tv/sapphire_melon
twitch,193711448,AstralKamiVT,https://www.twitch.tv/astralkamivt
tiktok,7381420979425494023,krynaydin_ztp,https://www.tiktok.com/@krynaydin_ztp?_r=1&_t=zs-96fxyiet9pr
twitch,1510893290,RIPryOfficial,https://www.twitch.tv/ripryofficial
tiktok,7593840996229186567,Nagi.Idol.official,https://www.tiktok.com/@nagi.idol.official
tiktok,6991091370841867291,BakurinS,https://www.tiktok.com/@bakurinneverdie
youtube,UCtPjQ122cAR7pcv0NiSPhyQ,Thara Ocean Fae ,https://www.youtube.com/channel/UCtPjQ122cAR7pcv0NiSPhyQ
x,CarinaAquarius,Carina Aquarius,https://x.com/CarinaAquarius
x,UndertheSeaUCRA,SeaU Ch.【CRA】,https://x.com/UndertheSeaUCRA
x,Firn_Snowfern,Snowfern_,https://x.com/Firn_Snowfern
twitch,870651582,GoodnightVT,https://www.twitch.tv/goodnightvt
x,Bluwey_Gamer,Bluwey Ch,https://x.com/Bluwey_Gamer
twitch,781119529,BakuARP,https://www.twitch.tv/bakuarp
youtube,UCIJlMF7bynSgi0G8Hy6j94g,SoDaChan | Vtuber,https://www.youtube.com/channel/UCIJlMF7bynSgi0G8Hy6j94g
tiktok,7184774545609114630,fuyukaida,https://www.tiktok.com/@fuyukaida
youtube,UC2B7d67dSU9i69rF8vK_t5A,Aythera VT,https://www.youtube.com/channel/UC2B7d67dSU9i69rF8vK_t5A
tiktok,7505106382157431826,Melinoir_Vtuber,https://www.tiktok.com/@melinoir_vtuberth
x,HongFei_PIX,Hinabe HongFei Ch. Pixela Project,https://x.com/HongFei_PIX
facebook,Evalia.ARP,Evalia.ARP,https://www.facebook.com/Evalia.ARP
facebook,SmallC69,SmallC69,https://www.facebook.com/SmallC69
x,Re_OokamiShiro,อยากเปลี่ยนชื่ออะ อดีตตามหลอกหลอนอย่างมาก,https://x.com/Re_OokamiShiro
youtube,UCsyvaOTDKdgG_iglzRnWzOQ,Mr. Jameson,https://www.youtube.com/channel/UCsyvaOTDKdgG_iglzRnWzOQ
youtube,UCWU7kvLd_JBaBqO_ilTYd_A,Zekai Ch.【ARP】,https://www.youtube.com/channel/UCWU7kvLd_JBaBqO_ilTYd_A
youtube,UCqUKFVHfbb0ujmoxNfGSu1w,Magcro Ravencroft Ch.,https://www.youtube.com/channel/UCqUKFVHfbb0ujmoxNfGSu1w
x,GamerkaonTH,เกมส์เมอร์ขาอ่อน 【18 B 】,https://x.com/GamerkaonTH
tiktok,7288385052035286021,Nanoca ㌨ｶ 👹🍣 | VtuberTH,https://www.tiktok.com/@nanoca_vt
x,Natsume_NEX,Natsume [NEX],https://x.com/Natsume_NEX
x,MochizukiTora,Tora Mochizuki ,https://x.com/MochizukiTora
x,pesisthatcer,Mit PESISTH,https://x.com/pesisthatcer
x,JackalopeLawiz,Lawiz Ch.,https://x.com/JackalopeLawiz
x,gs_golfpraplern,⚡GS_ก๊อปแก๊ป พาเพลิน⚡,https://x.com/gs_golfpraplern
x,Yuklear,Yuklear,https://x.com/Yuklear
facebook,akitoqchflame,akitoqchflame,https://www.facebook.com/akitoqchflame
x,Ayso0_vtuber,haidan Ayso0 Ch.,https://x.com/Ayso0_vtuber
facebook,kuroyoru.yami,kuroyoru.yami,https://www.facebook.com/kuroyoru.yami
tiktok,7159524281202295814,Nao Mukutsuki,https://www.tiktok.com/@nao_mukutsuki
tiktok,7556332568129094674,shirowashi_,https://www.tiktok.com/@shirowashi_
youtube,UC4t1p_Eg0GcjdrdctUIAaug,MAYANuT,https://www.youtube.com/channel/UC4t1p_Eg0GcjdrdctUIAaug
youtube,UCJ9STJzDqEexCPnqAAHe5Cw,RINNPING,https://www.youtube.com/channel/UCJ9STJzDqEexCPnqAAHe5Cw
tiktok,7170925380962042907,Mycara Melony,https://www.tiktok.com/@mycara_melony
tiktok,7167263967998903322,YamaTengu,https://www.tiktok.com/@yama_tengu
x,SenKoretane,Sen Koretane Ch.,https://x.com/SenKoretane
x,Ramoi_Bonko,Ramoi Bonko,https://x.com/Ramoi_Bonko
twitch,903067829,shiorichanvt,https://www.twitch.tv/shiorichanvt
tiktok,7078543674242040833,Minna Haiyaka,https://www.tiktok.com/@menuwuqwq
x,veera_eastegg,Veera Ch.,https://x.com/veera_eastegg
youtube,UCNaHMNS61Q1f1nIRDS0429A,Weiß,https://www.youtube.com/channel/UCNaHMNS61Q1f1nIRDS0429A
twitch,896417309,suzaku_mochisuki,https://www.twitch.tv/suzaku_mochisuki
x,PAres_Spacedog,PAres Spacedog『Berlina•ECR』,https://x.com/PAres_Spacedog
x,Limesaltz,LIMESALTZ Ch.,https://x.com/Limesaltz
x,Faethon_Jantra,Faethon Uni. Jantra,https://x.com/Faethon_Jantra
tiktok,7420506682793608198,TOP 【ASTRAY】,https://www.tiktok.com/@top_astray
ganknow,noravanadiz,Nora Vanadiz 「univirsual」,https://ganknow.com/noravanadiz
instagram,jaowayde,jaowayde,https://www.instagram.com/jaowayde
tiktok,7110594224009856026,Tsukiko《 SUI & SMAI 》,https://www.tiktok.com/@tsukikosui
x,YumeMaTTych,YumeMaTTy Ch.,https://x.com/YumeMaTTych
twitch,620982934,Roku_D,https://www.twitch.tv/roku_d
x,Kirishi_021,霧死 - Kirishi,https://x.com/Kirishi_021
youtube,UCrICh9KpS2QHVWOkfJ7GO1g,AofEdits | オッフ【716RM】,https://www.youtube.com/channel/UCrICh9KpS2QHVWOkfJ7GO1g
twitch,82466226,DragoCHAIN,https://www.twitch.tv/dragochain
x,Fionix_Ch,「トイイ」TOii,https://x.com/Fionix_Ch
youtube,UClsYXk5BW7YOdB9mnGzikyQ,Celestier Rolannda [crrda.ch],https://www.youtube.com/channel/UClsYXk5BW7YOdB9mnGzikyQ
twitch,209062987,AiiEss_,https://www.twitch.tv/aiiess_
youtube,UCTD-nm97tb5Sh7_ou7LFSUQ,Euthalia Zéphyr Ch. Pixela Destiny,https://www.youtube.com/channel/UCTD-nm97tb5Sh7_ou7LFSUQ
youtube,UClENshywr_HiWzG7WHnBUDQ,Yuklear,https://www.youtube.com/channel/UClENshywr_HiWzG7WHnBUDQ
youtube,UCEZl6aWM_c93GHtB12UfxNA,SICXERZ : CORE Ch.,https://www.youtube.com/channel/UCEZl6aWM_c93GHtB12UfxNA
youtube,UCwHZUHipePFREEvP-5xT3MA,【graduated】Lenezmee Dollynx Ch. / AStars Amakara,https://www.youtube.com/channel/UCwHZUHipePFREEvP-5xT3MA
tiktok,6822292672762676225,Stunkung,https://www.tiktok.com/@stunkung99
youtube,UC0HGT-zZVzNq5JGOJOGYfJA,TEDDYBEL 【Official】,https://www.youtube.com/channel/UC0HGT-zZVzNq5JGOJOGYfJA
youtube,UCGRF7CYtM2Qvevmach7enPA,Seabunnyi,https://www.youtube.com/channel/UCGRF7CYtM2Qvevmach7enPA
instagram,onnari_akia,onnari_akia,https://www.instagram.com/onnari_akia
tiktok,7170255938058011674,Uniwii_ARP,https://www.tiktok.com/@uniwii_arp
x,sojuusmiley,Sojuu S.,https://x.com/sojuusmiley
x,CandyCatdy,CandyCatdy CH.,https://x.com/CandyCatdy
x,Ryuji_CH,Ryuji Ch.,https://x.com/Ryuji_CH
tiktok,7487658879230247954,RIPry - ริบหรี่,https://www.tiktok.com/@ripry.official
twitch,776754469,itsme_chicha,https://www.twitch.tv/itsme_chicha
tiktok,7243890887040877574,์Nicole BLANK,https://www.tiktok.com/@nicole_blank00
youtube,UCSB3FXovZ5GLLAIfYyuXYJg,Maprang 【Vtuber】,https://www.youtube.com/channel/UCSB3FXovZ5GLLAIfYyuXYJg
youtube,UC3PeUyEXBffDBFpOiuk0odQ,Jisooman Ch.,https://www.youtube.com/channel/UC3PeUyEXBffDBFpOiuk0odQ
x,AofEdits,AofEdits | オッフ【716RM】,https://x.com/AofEdits
youtube,UCYJ82i8mzIoGAyzIY4gLZKA,DarkPhoenix13Fr,https://www.youtube.com/channel/UCYJ82i8mzIoGAyzIY4gLZKA
x,Aru_Hoshima,Aru Hoshima Ch. | 星間アル,https://x.com/Aru_Hoshima
x,KampheeA,Kamphee soAlone Ch. [Autumnia],https://x.com/KampheeA
twitch,983212706,demon_blxe,https://www.twitch.tv/demon_blxe
tiktok,7517736041303082002,housagi.epr,https://www.tiktok.com/@housagi.epr
youtube,UCYu6pahmFwIki35ru8s62pQ,Destinesia Project,https://www.youtube.com/channel/UCYu6pahmFwIki35ru8s62pQ
x,Eranthia_,Eranthia ch.,https://x.com/Eranthia_
x,queenetta_idg_n,Queenetta Indigo Night | ท่านควีน,https://x.com/queenetta_idg_n
youtube,UCaMhj4Q6-bx1IZE3izVtk6A,Saneko ch. Euphora,https://www.youtube.com/channel/UCaMhj4Q6-bx1IZE3izVtk6A
youtube,UC1ypugJJiDakFeDlxQO2Tew,Smokesword Channel,https://www.youtube.com/channel/UC1ypugJJiDakFeDlxQO2Tew
youtube,UCkwcFk8UHZO0ANkB6aBCo2w,Breindel the duck Ch.,https://www.youtube.com/channel/UCkwcFk8UHZO0ANkB6aBCo2w
x,sirin_vtg,Sirin 『VTG』,https://x.com/sirin_vtg
youtube,UC9uFujZvbTm3PpTycIz5Z0w,Aelios Ch.,https://www.youtube.com/channel/UC9uFujZvbTm3PpTycIz5Z0w
youtube,UCi201iDULX3c5VXIlh65zOA,Bunnieskisses ch. | VtuberTH,https://www.youtube.com/channel/UCi201iDULX3c5VXIlh65zOA
ganknow,nonokochika,chika🍀,https://ganknow.com/nonokochika/tip
twitch,111371794,sakurammmm,https://www.twitch.tv/sakurammmm
facebook,Potia Pbt,Potia Pbt,https://www.facebook.com/Potia Pbt
youtube,UCHa6wMUGqyur-ZWsUwDeQOg, Cliche Ch.〖SSR〗,https://www.youtube.com/channel/UCHa6wMUGqyur-ZWsUwDeQOg
tiktok,7333331807050679297,9orenji,https://www.tiktok.com/@9orenji
youtube,UCJ_UF-kgawF3QedMVkllT4g,Zabrina-VtuberTH,https://www.youtube.com/channel/UCJ_UF-kgawF3QedMVkllT4g
x,seijodezu,Seijo Ch.,https://x.com/seijodezu
youtube,UCu5cg0PIbWKd3VuBgu6KDIA,Natsu Ch.,https://www.youtube.com/channel/UCu5cg0PIbWKd3VuBgu6KDIA
youtube,UCWLGTmRYmq283VD3QreyyLg,Alzena_SLR,https://www.youtube.com/channel/UCWLGTmRYmq283VD3QreyyLg
youtube,UC4nsIGJlPXdVHJ61TQdEzfQ,Mariabell Rain - 雨 ,https://www.youtube.com/channel/UC4nsIGJlPXdVHJ61TQdEzfQ
youtube,UCHONh9zedNOSdzUqUbSUQ-Q,baruru channel,https://www.youtube.com/channel/UCHONh9zedNOSdzUqUbSUQ-Q
x,BLANKofficial00,Nicole BLANK,https://x.com/BLANKofficial00
facebook,100089324731834,100089324731834,https://www.facebook.com/profile.php?id=100089324731834
tiktok,7129290426817741851,Ume しのはな,https://www.tiktok.com/@ume.pinko
twitch,133280591,ging3rbelle,https://www.twitch.tv/ging3rbelle
twitch,1010903884,mieru_vt,https://www.twitch.tv/mieru_vt
youtube,UCxcmm1lpyL1Z3o7SgPAM1nw,Haori Circinus Ch.,https://www.youtube.com/channel/UCxcmm1lpyL1Z3o7SgPAM1nw
x,MyxNyxx,MyxNyx I VtuberTH,https://x.com/MyxNyxx
twitch,741285433,KurishimaRun,https://www.twitch.tv/kurishimarun
twitch,748835254,tx_ting,https://www.twitch.tv/tx_ting
youtube,UCC8N_hO-iyfkS2uaJqkxfMA,KoriMisu Ch.  ,https://www.youtube.com/channel/UCC8N_hO-iyfkS2uaJqkxfMA
tiktok,6892286149617288193,JomJam,https://www.tiktok.com/@jomjam_slx
x,PuffyVtuber,Puffy Fluffy Ch.,https://x.com/PuffyVtuber
tiktok,6850058202710737921,ChaLaew,https://www.tiktok.com/@chalaewwww
x,ElfHomeless,Camellia Ch.,https://x.com/ElfHomeless
x,SenoliveProj,Thina Borboleta Ch.,https://x.com/SenoliveProj
tiktok,7426358911541937157,叶龙 | Yelong,https://www.tiktok.com/@yelong_vth
facebook,PlatinumRankWrath,PlatinumRankWrath,https://www.facebook.com/PlatinumRankWrath
twitch,659043760,bambooniffy,https://www.twitch.tv/bambooniffy
x,Tan_Tantaros,Tantaros,https://x.com/Tan_Tantaros
tiktok,7245964299448697862,jiminelz,https://www.tiktok.com/@jiminelz
tiktok,7116360294612845573,Flora ∅ Project,https://www.tiktok.com/@flora_zero_project
twitch,180796129,DvBringer,https://www.twitch.tv/dvbringer
facebook,aoriix,aoriix,https://www.facebook.com/aoriix
tiktok,7364101919810798593,snackbarmenu,https://www.tiktok.com/@snackbarmenu
tiktok,7289436260539728898,Killmonnks,https://www.tiktok.com/@killmonnks
twitch,839734579,fayuuchan,https://www.twitch.tv/fayuuchan
tiktok,7239273346332066822,OdiareCh,https://www.tiktok.com/@odiarech
x,Light_wis,Pak LIGHT,https://x.com/Light_wis
youtube,UCJAI6tpsee_w0sMV7-NB_Tw,SUIFONG CH〖DPX〗,https://www.youtube.com/channel/UCJAI6tpsee_w0sMV7-NB_Tw
ganknow,aikonch,Aikon (ไอ่ก้อน) 〖ST〗,https://ganknow.com/aikonch/tip
x,WaririnChannel,Waririn Channel ⌜VZ⌟,https://x.com/WaririnChannel
tiktok,7206627745908311046,Maimai,https://www.tiktok.com/@maimai_b8
x,KyoKoi_Vtuber,Kyo Koi ,https://x.com/KyoKoi_Vtuber
youtube,UCktowrrd3HTEugAQdKeuZOQ,GNTGxd,https://www.youtube.com/channel/UCktowrrd3HTEugAQdKeuZOQ
twitch,878681470,SZeroCh,https://www.twitch.tv/szeroch
twitch,825476445,zarizaophius,https://www.twitch.tv/zarizaophius
youtube,UCSOxauTBY7eKbUnQ86W708Q,Supeacha ⌜VZ⌟,https://www.youtube.com/channel/UCSOxauTBY7eKbUnQ86W708Q
x,sleepfii_zzz,Sleepfii. 💤,https://x.com/sleepfii_zzz
facebook,100094278412976,100094278412976,https://www.facebook.com/profile.php?id=100094278412976
twitch,531952186,Quaften,https://www.twitch.tv/quaften
youtube,UCeZoMTRssGhbl9vS5lvYsQg,Rarin Ch.,https://www.youtube.com/channel/UCeZoMTRssGhbl9vS5lvYsQg
youtube,UCOY60szLyP_E8RuT6jVAVHg,Aruna Shuun Ch. Pixela Destiny,https://www.youtube.com/channel/UCOY60szLyP_E8RuT6jVAVHg
youtube,UCq0Nq6SwDplj3OcuvwkE1Mg,Fuka CH.〔 DBT 〕,https://www.youtube.com/channel/UCq0Nq6SwDplj3OcuvwkE1Mg
tiktok,7093061490342069253,Riku_marana,https://www.tiktok.com/@riku_marana
twitch,119939978,haruichi0034,https://www.twitch.tv/haruichi0034
twitch,132859678,Nao_Mukutsuki,https://www.twitch.tv/nao_mukutsuki
tiktok,7213331737718670363,เม้วจะม่อง,https://www.tiktok.com/@miyathemelfvt
x,Rui_EXia,Rui Kazu 《 EXia 》,https://x.com/Rui_EXia
tiktok,7260030550563357702,TAIYO BOUKEN!,https://www.tiktok.com/@taiyobouken
tiktok,7077804851032671258,Jolly Estaa,https://www.tiktok.com/@jolly_estaa
youtube,UC0FTyntIoEvvpfQOe75zJXA,Marine Ch. マリン • チャリオット,https://www.youtube.com/channel/UC0FTyntIoEvvpfQOe75zJXA
tiktok,7515818772583056405,3lvinia,https://www.tiktok.com/@3lvinia
tiktok,7210684559528576005,เพื่อนสนิทคิด(เงิน)เกินเพื่อน,https://www.tiktok.com/@schneider_arp
twitch,782315857,PoppyThePuppy_real,https://www.twitch.tv/poppythepuppy_real
twitch,871255114,pl3tzel,https://www.twitch.tv/pl3tzel
x,lnw_neuatong,ศาลเจ้ามังกรเนื้อทอง,https://x.com/lnw_neuatong
tiktok,6994368183004660737,Pleiades Frontier,https://www.tiktok.com/@pleiades_frontier
youtube,UCaGeOrKAIDWkmwp4MvPXVtg,Xanael,https://www.youtube.com/channel/UCaGeOrKAIDWkmwp4MvPXVtg
facebook,61588311233819,61588311233819,https://www.facebook.com/profile.php?id=61588311233819
tiktok,7459709804727927816,เด็กชายพีบีตัวจิง,https://www.tiktok.com/@phoebebuddyvz
twitch,1514287136,dragooooooon89,https://www.twitch.tv/dragooooooon89
x,FreidyaE,Freidya Ch,https://x.com/FreidyaE
twitch,826328859,yuistarbringer,https://www.twitch.tv/yuistarbringer
tiktok,6720857904465118210,Latte_ Lamilla,https://www.tiktok.com/@latte_lamilla
tiktok,7230996346328450050,LIVIANA,https://www.tiktok.com/@liviana_vwitch
youtube,UCk0bJC1-V_BIE-FY8qYrVQA,Bingsujuseyo Ch.,https://www.youtube.com/channel/UCk0bJC1-V_BIE-FY8qYrVQA
tiktok,6857028990252811265,Julius Kosmolatria | VTuber,https://www.tiktok.com/@julius.kosmolatria
twitch,776422057,maimaivtuber,https://www.twitch.tv/maimaivtuber
tiktok,7647941291678630933,Turbo (เทอโบ) | V.W.Y,https://www.tiktok.com/@turbovwy
twitch,276655736,walkytalkymann,https://www.twitch.tv/walkytalkymann
x,Cazzia_Sensei,Cazzia Bakeriana Ch. - Parabellum,https://x.com/Cazzia_Sensei
x,Damon_Vilanish,Damon Vilanish(VTuber),https://x.com/Damon_Vilanish
youtube,UCcTGGIt4hirVXIxUHPxIvXw,Aya Leveru Ch.,https://www.youtube.com/channel/UCcTGGIt4hirVXIxUHPxIvXw
youtube,UCMh4voylnr9h_UVZWJI5Vew,CandyCatdy CH.,https://www.youtube.com/channel/UCMh4voylnr9h_UVZWJI5Vew
youtube,UCuGrBxlTZGYY7dpx9eLFsZw,Bak Land,https://www.youtube.com/channel/UCuGrBxlTZGYY7dpx9eLFsZw
twitch,1047849844,renkon_tora,https://www.twitch.tv/renkon_tora
youtube,UC6o7pFz9U9kcE9d8op_eUQQ,Delphyron,https://www.youtube.com/channel/UC6o7pFz9U9kcE9d8op_eUQQ
twitch,102966086,skinnny,https://www.twitch.tv/skinnny
x,Haori_Circinus,Haori Circinus Ch.,https://x.com/Haori_Circinus
youtube,UCkDoqvUkpbGqskcODT-S0ag,Fazia,https://www.youtube.com/channel/UCkDoqvUkpbGqskcODT-S0ag
twitch,751029736,fouruary_th,https://www.twitch.tv/fouruary_th
youtube,UCuwUVa1uz28eLDxeoe-CDCQ,SUMM3R ⌜VZ⌟,https://www.youtube.com/channel/UCuwUVa1uz28eLDxeoe-CDCQ
twitch,1112527630,ChiaraEsperanza,https://www.twitch.tv/chiaraesperanza
tiktok,7151309163331093509,Minami Cera,https://www.tiktok.com/@ceraplg
instagram,adreliszinya_alf,adreliszinya_alf,https://www.instagram.com/adreliszinya_alf
twitch,893868610,Ayselzz,https://www.twitch.tv/ayselzz
x,Delphyron,Delphyron,https://x.com/Delphyron
x,Melita_PIX,Melita X Ch. Pixela Project,https://x.com/Melita_PIX
youtube,UC8iTIbRueIONUDDgHN74JHw,MikiVtuber,https://www.youtube.com/channel/UC8iTIbRueIONUDDgHN74JHw
youtube,UCcJnP0qoimAQg8L3sTJ1O_Q,MeidayV.,https://www.youtube.com/channel/UCcJnP0qoimAQg8L3sTJ1O_Q
x,noakun_rev,Noa / のあくん,https://x.com/noakun_rev
facebook,Atsuko.Meron,Atsuko.Meron,https://www.facebook.com/Atsuko.Meron
youtube,UCQGzkjj0cgwm5pOGVhzUs3A,Willow Ch.【 HZ 】,https://www.youtube.com/channel/UCQGzkjj0cgwm5pOGVhzUs3A
tiktok,7219803828168967173,Shirou Ch.,https://www.tiktok.com/@shiroutsurugi
youtube,UCsrs6PQ6BxBGZbDuuD8i6iA,MerryKomori Lu.,https://www.youtube.com/channel/UCsrs6PQ6BxBGZbDuuD8i6iA
tiktok,7398476933102863365,Umi Uzagi 🐰🪸,https://www.tiktok.com/@umiuzagi_vth
tiktok,7184669393821156357,MinaFalala,https://www.tiktok.com/@mina_falala
youtube,UC9CzeQQnApnpW8-KIsqKwWQ,Anya Smith,https://www.youtube.com/channel/UC9CzeQQnApnpW8-KIsqKwWQ
tiktok,7517757116363523079,CIEL『 𝗘𝗣𝗥 』.Vtuber,https://www.tiktok.com/@ciel_epr
tiktok,7505822809458508817,MaëlFritz Channel,https://www.tiktok.com/@maelfritz.channl
tiktok,7338010446932804615,Gumo【Ti19t】,https://www.tiktok.com/@jorogumov
tiktok,7467460281317737480,Project C,https://www.tiktok.com/@project_c.vz
youtube,UChW_l65xozteVRme3mFE0Jg,Melantha Vtopia,https://www.youtube.com/channel/UChW_l65xozteVRme3mFE0Jg
youtube,UCDgptjggm1YvNSn7GQ19sEA,Lord Cha Zele Ch. ◤Graduation◢,https://www.youtube.com/channel/UCDgptjggm1YvNSn7GQ19sEA
twitch,1229995006,mochaavtuber,https://www.twitch.tv/mochaavtuber
tiktok,7402502167524279301,WineVy🐰 | VtuberTH,https://www.tiktok.com/@wine_vylalun
x,s_sicxerz,SICXERZ : CORE Ch.,https://x.com/s_sicxerz
youtube,UCXwc3r1q3yyxugIq2KM9K7A,Plathong Ch.,https://www.youtube.com/channel/UCXwc3r1q3yyxugIq2KM9K7A
x,xinpia,XINPIA ⌜VZ⌟,https://x.com/xinpia
youtube,UCBev9yAPNYhFM4ORPQb_LYQ,Rion Chitose Ch. / AStars Chrono prince,https://www.youtube.com/channel/UCBev9yAPNYhFM4ORPQb_LYQ
twitch,845915710,TequilaArp,https://www.twitch.tv/tequilaarp
youtube,UC4CQvHd-rReEpxE43dluLYQ,X-JEVZ,https://www.youtube.com/channel/UC4CQvHd-rReEpxE43dluLYQ
twitch,465122847,thelittlenelson,https://www.twitch.tv/thelittlenelson
youtube,UCgyDesMB7dtmRf5O8WCbsgQ,Fynn Ch.,https://www.youtube.com/channel/UCgyDesMB7dtmRf5O8WCbsgQ
x,STX03R,Kamienø Stąr Ch.【PSM】,https://x.com/STX03R
facebook,renkon.V1,renkon.V1,https://www.facebook.com/renkon.V1
twitch,850460175,kenzuzuha,https://www.twitch.tv/kenzuzuha
twitch,232019180,rlanz_,https://www.twitch.tv/rlanz_
youtube,UCL4nWmMsqtYKN6OvcmskNtg,Rubellite ch. Euphora,https://www.youtube.com/channel/UCL4nWmMsqtYKN6OvcmskNtg
youtube,UC60htQi5nenKGnv6lEdGF_g,Kamienø Stąr Ch.【PSM】,https://www.youtube.com/channel/UC60htQi5nenKGnv6lEdGF_g
x,IMin4to,Seikou iMinato,https://x.com/IMin4to
youtube,UCQlpWpnmSm9wn3L1eTVWnbA,Amywitch,https://www.youtube.com/channel/UCQlpWpnmSm9wn3L1eTVWnbA
x,Freyrina_Rio,Freyrina,https://x.com/Freyrina_Rio
instagram,amychan_vtp,amychan_vtp,https://www.instagram.com/amychan_vtp
twitch,894723438,khaopundesu,https://www.twitch.tv/khaopundesu
youtube,UCP1bDt91t4IsUJ4EgPBg1Og,SWITCHIZ,https://www.youtube.com/channel/UCP1bDt91t4IsUJ4EgPBg1Og
instagram,takamelonpan,takamelonpan,https://www.instagram.com/takamelonpan
youtube,UCoyNRGf27kjzfmJiuXNLwrQ,Dayeon,https://www.youtube.com/channel/UCoyNRGf27kjzfmJiuXNLwrQ
x,urStrykerVtuber,Logan U Stryker,https://x.com/urStrykerVtuber
x,ValentSoelS,Valent Soel S,https://x.com/ValentSoelS
twitch,211599157,GNoxxz,https://www.twitch.tv/gnoxxz
youtube,UCI1SAgyaSIwdGf2uVbcmuvQ,Realiable Ch.,https://www.youtube.com/channel/UCI1SAgyaSIwdGf2uVbcmuvQ
youtube,UCAj8NHkWEqbJ2er8Umbpoog,BoomVtube Ch.,https://www.youtube.com/channel/UCAj8NHkWEqbJ2er8Umbpoog
facebook,100082839023159,100082839023159,https://www.facebook.com/profile.php?id=100082839023159
youtube,UChZv4NseLfZ98PmCA-gii7A,Grazia Ch.,https://www.youtube.com/channel/UChZv4NseLfZ98PmCA-gii7A
tiktok,6915251910409962498,ผู้พิทักษ์แมวส้ม,https://www.tiktok.com/@peacherem
tiktok,7201469304826512390,kazuha かずは,https://www.tiktok.com/@kenzuzuha
twitch,160481868,Lunyatic,https://www.twitch.tv/lunyatic
tiktok,7142752817890870278,Okami Takuma Ch.,https://www.tiktok.com/@okami_takuma
x,Lamppyz,Lamppy,https://x.com/Lamppyz
tiktok,7348116510294950914,genbu《ISP》,https://www.tiktok.com/@genbu_irission
youtube,UC3TQ2myWZR8pZiUZ6Cs0-Sw,Bianca Ch. 【ARP】,https://www.youtube.com/channel/UC3TQ2myWZR8pZiUZ6Cs0-Sw
youtube,UCwLCMt4wN6dTIWvxt0w95rQ,Alvina Ch,https://www.youtube.com/channel/UCwLCMt4wN6dTIWvxt0w95rQ
tiktok,7305325679322874886,martiin ch.,https://www.tiktok.com/@martiinch
x,Alvina_Ch1,Alvina Ch,https://x.com/Alvina_Ch1
youtube,UCmR_ysVFhbwdrh080o1MuMQ,Momo Vtuber,https://www.youtube.com/channel/UCmR_ysVFhbwdrh080o1MuMQ
youtube,UC2mkbeIUVeIZeV7E2_dNCSg,Cersei Lezlie,https://www.youtube.com/channel/UC2mkbeIUVeIZeV7E2_dNCSg
x,Mystiexe,Mysti Ch.,https://x.com/Mystiexe
x,Midnight12AMARP,Midnight Ch.【ARP】,https://x.com/Midnight12AMARP
x,Valery3nake,Valery Ch.【Ti19t】,https://x.com/Valery3nake
tiktok,7241547355097973778,effy_arp,https://www.tiktok.com/@effy_arp
youtube,UC1pSe5kxpCK1BwA_bZQ97-g,Fancy Ch.,https://www.youtube.com/channel/UC1pSe5kxpCK1BwA_bZQ97-g
tiktok,7587451832454579207,Cliche🎬🖊🧡〖SSR〗,https://www.tiktok.com/@cliche_ssr
youtube,UCxYJqN90g84gIwfCO2bUKLA,Nocturnaz Naar Ch. Pixela-Mystic,https://www.youtube.com/channel/UCxYJqN90g84gIwfCO2bUKLA
x,ChouxCreamii,ChouxCream シュークリーム,https://x.com/ChouxCreamii
youtube,UCPzpIPohJ6axdgSWGyCNmHg,Veera Ch.,https://www.youtube.com/channel/UCPzpIPohJ6axdgSWGyCNmHg
youtube,UCBTCAyvs7TAzghRqideHGzw,Anemizz,https://www.youtube.com/channel/UCBTCAyvs7TAzghRqideHGzw
twitch,247704910,rfgheathcliff,https://www.twitch.tv/rfgheathcliff
facebook,echune,echune,https://www.facebook.com/echune
youtube,UCph_3mJbLtVYMFr4-n_rRgw,WINT3R ⌜VZ⌟,https://www.youtube.com/channel/UCph_3mJbLtVYMFr4-n_rRgw
x,DrakiKonaV2,Draki Kona Ch. Lumina-First-Myth,https://x.com/DrakiKonaV2
twitch,836989904,ANT4ZIN,https://www.twitch.tv/ant4zin
tiktok,7155115684816880666,Narelle_FIXIXVT,https://www.tiktok.com/@narelle_fixixvt
tiktok,7274186509765313541,Darchelle🌑✨ | VtuberTH,https://www.tiktok.com/@darchelle_vtuber
x,Qmulaz_VT,Qmulaz,https://x.com/Qmulaz_VT
instagram,imnotnuttiz,imnotnuttiz,https://www.instagram.com/imnotnuttiz
facebook,Eileennoir.0,Eileennoir.0,https://www.facebook.com/Eileennoir.0
x,Dragooooon_LH,Dragooooon Vtuber,https://x.com/Dragooooon_LH
twitch,823844351,DNoiRbs,https://www.twitch.tv/dnoirbs
youtube,UCC5q6CpuDflPvO7pNn52RGQ,Lapine Ch.,https://www.youtube.com/channel/UCC5q6CpuDflPvO7pNn52RGQ
youtube,UCGWwz0WBEcGozJ6yZNGIsPw,Estxr Channel,https://www.youtube.com/channel/UCGWwz0WBEcGozJ6yZNGIsPw
facebook,ThelittleNelle,ThelittleNelle,https://www.facebook.com/ThelittleNelle
tiktok,7195705517967279110,Unnämed,https://www.tiktok.com/@unnamednow00
x,Jiah_EPR,Jiah ch. Euphora,https://x.com/Jiah_EPR
youtube,UCFB-5_h8i1373WvI7ElG2FA,VLazy,https://www.youtube.com/channel/UCFB-5_h8i1373WvI7ElG2FA
youtube,UCk1dqQF3v91PtquvzNf151g,Aiboh Canis (ไอโบ),https://www.youtube.com/channel/UCk1dqQF3v91PtquvzNf151g
youtube,UCgwH2no530s8Ios2doKELKw,DanDan,https://www.youtube.com/channel/UCgwH2no530s8Ios2doKELKw
tiktok,7184468420006691845,uSTRYKER_Vtuber,https://www.tiktok.com/@urstryker
tiktok,7514333572162847751,RoxzyVtuber,https://www.tiktok.com/@sleepyroxzy
x,MelBeZ_bk,MELBEZ,https://x.com/MelBeZ_bk
youtube,UCL0sord1bwoWcg2M2WExpiA,Sullivan Ch. Vprolive,https://www.youtube.com/channel/UCL0sord1bwoWcg2M2WExpiA
youtube,UCMQwItTmnjFp1VK-v6aR15g,Rendell Druid Ch.,https://www.youtube.com/channel/UCMQwItTmnjFp1VK-v6aR15g
tiktok,6839086351595488261,Maew Baew,https://www.tiktok.com/@maewbaewvtuber
tiktok,7040029263550415874,NoA Noaris,https://www.tiktok.com/@noa_noaris
youtube,UCeI78GYlqHWzmWvjGmcjDsA,M4YA,https://www.youtube.com/channel/UCeI78GYlqHWzmWvjGmcjDsA
youtube,UC6zUAJO-4874qj9agP7idbg,Hugo Ch. Vprolive,https://www.youtube.com/channel/UC6zUAJO-4874qj9agP7idbg
youtube,UCUR0HEtdHk4nx2WddW0Qthg,Verdelite PowerPay,https://www.youtube.com/channel/UCUR0HEtdHk4nx2WddW0Qthg
youtube,UCHhj6UP01456AHTAZkrKDrg,KIRIN,https://www.youtube.com/channel/UCHhj6UP01456AHTAZkrKDrg
youtube,UC05R2CcQn2TqvrgZRp-RF6w,Navy Lucifer | V.W.Y,https://www.youtube.com/channel/UC05R2CcQn2TqvrgZRp-RF6w
twitch,136763991,Famine_ARP,https://www.twitch.tv/famine_arp
x,Hiroaki_Renkon,Renkon Ch.,https://x.com/Hiroaki_Renkon
youtube,UCwhHNYldCXfIX6UtRY0VTjw,Seren Channel,https://www.youtube.com/channel/UCwhHNYldCXfIX6UtRY0VTjw
twitch,557368929,yamisamadesu,https://www.twitch.tv/yamisamadesu
youtube,UCsg4TnP4vfR82IvQ5FKC9Cg,Yasou Azrael Ch. / AStars,https://www.youtube.com/channel/UCsg4TnP4vfR82IvQ5FKC9Cg
x,Noir_Vinterny,Noir Vinterny | V.W.Y,https://x.com/Noir_Vinterny
tiktok,7467178067905152018,STATE & SIA,https://www.tiktok.com/@statesia.vz
twitch,915955104,reiquasar0,https://www.twitch.tv/reiquasar0
youtube,UCn7L1iwOGczRAc3DHgrRelQ,JoroGumo【Ti19t】,https://www.youtube.com/channel/UCn7L1iwOGczRAc3DHgrRelQ
x,KamiyuReirinV2,Kamiyu Reirin Ch. Lumina-First-Myth,https://x.com/KamiyuReirinV2
youtube,UCTME5FbcsqcbWSZVIapkchA,MesiaReia Ch.,https://www.youtube.com/channel/UCTME5FbcsqcbWSZVIapkchA
twitch,120822713,Meltte,https://www.twitch.tv/meltte
twitch,157454094,castasia_vtuber,https://www.twitch.tv/castasia_vtuber
facebook,TantheTantaros,TantheTantaros,https://www.facebook.com/TantheTantaros
x,pimkishy,Pimkishy,https://x.com/pimkishy
facebook,HolieCh,HolieCh,https://www.facebook.com/HolieCh
youtube,UC3it6w4G8eUA98J2w60gBDQ,Orca-Okaru CH,https://www.youtube.com/channel/UC3it6w4G8eUA98J2w60gBDQ
youtube,UC65MNFVWnrkOpg04LBHVvzw,Bishamon Kuroneko Ch. / AStars Chrono prince,https://www.youtube.com/channel/UC65MNFVWnrkOpg04LBHVvzw
x,ARP_Vtuber,Algorhythm Project,https://x.com/ARP_Vtuber
twitch,92737553,Drewiskiy,https://twitch.tv/Drewiskiy
x,FusuiForry,Fusui Ch.,https://x.com/FusuiForry
youtube,UC-KEm4E7Yp_t0Gzix4SwkwA,Dëa Ex Δ Ch. Lumina-Muse,https://www.youtube.com/channel/UC-KEm4E7Yp_t0Gzix4SwkwA
x,niru_channel, NiRu Channel ,https://x.com/niru_channel
tiktok,7311271709964944389,Astrea Ch. アストリア〖ECR〗,https://www.tiktok.com/@astreaastr
facebook,ARP.Vtuber,ARP.Vtuber,https://www.facebook.com/ARP.Vtuber
youtube,UCxvs-I90Ta71nqbT62ATU2A,Kuriimu Ch.,https://www.youtube.com/channel/UCxvs-I90Ta71nqbT62ATU2A
facebook,ProjectVtory,ProjectVtory,https://www.facebook.com/ProjectVtory
youtube,UCGkGWo40A2iZKQl9ug1oXoA,Loxifyr,https://www.youtube.com/channel/UCGkGWo40A2iZKQl9ug1oXoA
youtube,UCGBkYTR4tMKS38TQHGWWLjg,Aito LH,https://www.youtube.com/channel/UCGBkYTR4tMKS38TQHGWWLjg
x,Janus_TRR,Janus ch.「TRR」,https://x.com/Janus_TRR
tiktok,7518990693403444232,HEXO,https://www.tiktok.com/@hexovibeent
facebook,61563624382941,61563624382941,https://www.facebook.com/profile.php?id=61563624382941
youtube,UCOuX_UFS7o1y-JJN7cmHl1A,YotChi,https://www.youtube.com/channel/UCOuX_UFS7o1y-JJN7cmHl1A
tiktok,7273172659742917638,Puffy Fluffy,https://www.tiktok.com/@puffyvtuber_
x,Punquix,Punquix,https://x.com/Punquix
tiktok,6900424301003244545,Penelope Pink,https://www.tiktok.com/@pennypenepink
tiktok,7530965139627344916,kiku_himegu,https://www.tiktok.com/@kiku_himegu
youtube,UCctSbuyO_J73eUqGUesZotw,dtto's Empire,https://www.youtube.com/channel/UCctSbuyO_J73eUqGUesZotw
x,pennypenepink,PENELOPE PINK,https://x.com/pennypenepink
youtube,UCtHdI-Bb1OWP9VaQpBHy7kg,Titorch Ch.,https://www.youtube.com/channel/UCtHdI-Bb1OWP9VaQpBHy7kg
youtube,UCQ-6qbMhvGGmyGq6eZZE8gQ,Kylanz,https://www.youtube.com/channel/UCQ-6qbMhvGGmyGq6eZZE8gQ
twitch,79715116,nancygimme2000,https://www.twitch.tv/nancygimme2000
tiktok,7342882661663310855,Killian Mare,https://www.tiktok.com/@killian_xoxo
tiktok,7207431331239429126,[ad] Khaow,https://www.tiktok.com/@adkhaow
youtube,UCQs4BC3S0KSw7i0ggHXn8TA,Quentin Ch.【ARP】,https://www.youtube.com/channel/UCQs4BC3S0KSw7i0ggHXn8TA
youtube,UCf0WmZk5F5_1Qm9CNgEZNuA,WATCH,https://www.youtube.com/channel/UCf0WmZk5F5_1Qm9CNgEZNuA
twitch,535476990,rlanzshino,https://www.twitch.tv/rlanzshino
instagram,bitly,bitly,https://www.instagram.com/bitly
youtube,UCbFDpdmVcTy1weHo1KDU9uQ,Lattemelo,https://www.youtube.com/channel/UCbFDpdmVcTy1weHo1KDU9uQ
youtube,UCq97LOtWB1CgRVFzDF3FSSA,Langray Ch.,https://www.youtube.com/channel/UCq97LOtWB1CgRVFzDF3FSSA
youtube,UCPW4hvhGciPdGqcsM1OCZ-Q,Avele Ch. [Pandora],https://www.youtube.com/channel/UCPW4hvhGciPdGqcsM1OCZ-Q
x,CyntiaSkareth,Cyntia Ch.,https://x.com/CyntiaSkareth
twitch,144556964,TiwvySweety,https://www.twitch.tv/tiwvysweety
youtube,UCVEL1jAgCQNQcRN9Ble6lMw,Chaos Ch.,https://www.youtube.com/channel/UCVEL1jAgCQNQcRN9Ble6lMw
x,ZetsunaZ,Zetsuna Ch.,https://x.com/ZetsunaZ
youtube,UCc6ilVu6_FK9y_9qMMh4WMQ,PlatinumRankWrath | V-Storyteller,https://www.youtube.com/channel/UCc6ilVu6_FK9y_9qMMh4WMQ
facebook,MaryArtGallery2000,MaryArtGallery2000,https://www.facebook.com/MaryArtGallery2000
tiktok,7151922329679873029,Urana Sheefour,https://www.tiktok.com/@urana_vtuber
tiktok,7156046852634035206,Lucia Xavier,https://www.tiktok.com/@lucia_xavier_
youtube,UC5JlD3YtvbCaAeU3TWSpW6A,Kisa l FoxRabbitC4T,https://www.youtube.com/channel/UC5JlD3YtvbCaAeU3TWSpW6A
tiktok,7185809774939276314,KamikoShogo,https://www.tiktok.com/@kamikoshogo
twitch,1095446282,LynethTheRabbit,https://www.twitch.tv/lyneththerabbit
x,VenusLapis,Venus Lapirus Ch.,https://x.com/VenusLapis
twitch,1517517635,walkytalky101101,https://www.twitch.tv/walkytalky101101
tiktok,6993342721319994395,fxoverpur_,https://www.tiktok.com/@fxoverpur_
twitch,798075575,xzephine,https://www.twitch.tv/xzephine
x,RailoneyCh,RAILONEY,https://x.com/RailoneyCh
twitch,1499293945,walkytalky25748,https://www.twitch.tv/walkytalky25748
tiktok,7632377480767554561,Nagumo Vtuber ⛈️,https://www.tiktok.com/@nagumoiscoolvt
tiktok,6809623034690192386,SunfishCh,https://www.tiktok.com/@sunfishch
youtube,UC8F193K1kmD8_MB2F3wLVXQ,FoodieFo ch ⌜VZ⌟,https://www.youtube.com/channel/UC8F193K1kmD8_MB2F3wLVXQ
youtube,UCUHopfMWIslGzHiNMs-vtVw,Queenetta Indigo Night | ท่านควีน,https://www.youtube.com/channel/UCUHopfMWIslGzHiNMs-vtVw
youtube,UCvWAlkD3Aguu5zAh7X3ZPPA,Miguel Noxz,https://www.youtube.com/channel/UCvWAlkD3Aguu5zAh7X3ZPPA
x,OneirosNorr,Oneiros Norr Ch.,https://x.com/OneirosNorr
tiktok,7178102386619352069,leonthepinklion,https://www.tiktok.com/@leonthepinklion
twitch,1074946913,sharknoys,https://www.twitch.tv/sharknoys
x,Muendria_SLR,Muendria_SLR,https://x.com/Muendria_SLR
youtube,UCCTu-nYFSFerCTEAQLwyRgA,Fo_Kuro「フォー黒」,https://www.youtube.com/channel/UCCTu-nYFSFerCTEAQLwyRgA
youtube,UCW5ZZhibxHgZ6wLzqXK97XQ,PAres Spacedog『Berlina•ECR』,https://www.youtube.com/channel/UCW5ZZhibxHgZ6wLzqXK97XQ
x,KzYuyuCH,KZYU ReI『LIP』,https://x.com/KzYuyuCH
twitch,847870379,moomoomilkmaid,https://www.twitch.tv/moomoomilkmaid
youtube,UCFjBM9wvCqb5wBLpp_cHxfA,JumpMy Ch.【XIRCONIA】,https://www.youtube.com/channel/UCFjBM9wvCqb5wBLpp_cHxfA
instagram,kumo_moma,kumo_moma,https://www.instagram.com/kumo_moma
twitch,737725144,ikkichannel,https://www.twitch.tv/ikkichannel
instagram,enri_vtuber,enri_vtuber,https://www.instagram.com/enri_vtuber
youtube,UCt8vlwt6qi6P1mz5uuStJCA,Shimonz,https://www.youtube.com/channel/UCt8vlwt6qi6P1mz5uuStJCA
twitch,606523123,n1inq,https://www.twitch.tv/n1inq
twitch,760005814,ryugaoldch,https://www.twitch.tv/ryugaoldch
youtube,UCjiIfHN3nlU80_DgNz-5qlA,Mitsuki Vtuber,https://www.youtube.com/channel/UCjiIfHN3nlU80_DgNz-5qlA
youtube,UCYu6kxGsCK2-LcCmydfajgg,KissCross,https://www.youtube.com/channel/UCYu6kxGsCK2-LcCmydfajgg
x,FredVtuber,Frederick Ch.,https://x.com/FredVtuber
x,asherdawnbaker,Asher Dawnbaker,https://x.com/asherdawnbaker
youtube,UCmmq-jL8gjo_J-KHYIXcLMQ,【123DP】 Ting Ting ch.,https://www.youtube.com/channel/UCmmq-jL8gjo_J-KHYIXcLMQ
twitch,811394597,Fuyu Kaida,https://twitch.tv/fuyukaida
x,fumoondayo,FuMoon Dayooo,https://x.com/fumoondayo
youtube,UCMoP04hETQT8gYkfCI675EQ,Memories of Munia ,https://www.youtube.com/channel/UCMoP04hETQT8gYkfCI675EQ
youtube,UCkYpaS7iE8B6r8xPBeo4sOg,Pinku no Megami - Virtual7『TH』,https://www.youtube.com/channel/UCkYpaS7iE8B6r8xPBeo4sOg
x,Chuko_FIXIXVT,CHUKOLIANG ch. 【FIXIX VT】,https://x.com/Chuko_FIXIXVT
twitch,197367758,hennie2001,https://www.twitch.tv/hennie2001
youtube,UC7ZDXfdtafyoSwxXysGJU3A,Lumiel Ch. 【DPX】,https://www.youtube.com/channel/UC7ZDXfdtafyoSwxXysGJU3A
tiktok,7576201407964922900,Pixiang Meiyin,https://www.tiktok.com/@meiyinmutelu
x,AdamaMise,Adama MiSE Ch.,https://x.com/AdamaMise
twitch,828007177,SaiMaiZvtuberTH,https://www.twitch.tv/saimaizvtuberth
facebook,YuutaNatsuki1,YuutaNatsuki1,https://www.facebook.com/YuutaNatsuki1
twitch,1418452734,aivtuber_ikuta,https://www.twitch.tv/aivtuber_ikuta
youtube,UCfIXIjmCUKMBdmB2EspTygw,crazyghsot,https://www.youtube.com/channel/UCfIXIjmCUKMBdmB2EspTygw
twitch,778530655,'- Azuko - あずこ - Ch.,https://twitch.tv/azuko_98
tiktok,6918215372140676097,Amu V Ch.,https://www.tiktok.com/@amuvch
tiktok,7204185960623457306,LittleG นักศึกษาไส้แห้ง,https://www.tiktok.com/@littlegwarin
x,kaynavtuber,Kayna,https://x.com/kaynavtuber
twitch,62293243,Mirinku,https://www.twitch.tv/mirinku
youtube,UC0J6pp9DfQIKE0ZP7nHq7oA,Keiler Ch.〖SSR〗,https://www.youtube.com/channel/UC0J6pp9DfQIKE0ZP7nHq7oA
tiktok,7150514977056572422,Calmmunessu,https://www.tiktok.com/@calmmunessu
facebook,61578300908753,61578300908753,https://www.facebook.com/profile.php?id=61578300908753
youtube,UCxMjBu1cPzJpPWmGd0UdUhA,Maylyn Ch.【ARP】,https://www.youtube.com/channel/UCxMjBu1cPzJpPWmGd0UdUhA
youtube,UCxnehbcB4sU8tjcfRsKxqGw,Lana Vtuber,https://www.youtube.com/channel/UCxnehbcB4sU8tjcfRsKxqGw
tiktok,7372259398997459976,AdisonEiya_DVP,https://www.tiktok.com/@adisoneiya_dvp
twitch,939201161,penkaa0,https://www.twitch.tv/penkaa0
tiktok,6669910203737047041,Scent,https://www.tiktok.com/@scentharmony67
x,soorakanika,moujob,https://x.com/soorakanika
youtube,UCMDaeugSCq7jNvWma9pa0ZQ,ReaTH Ch.,https://www.youtube.com/channel/UCMDaeugSCq7jNvWma9pa0ZQ
twitch,83046977,psychopathchannel,https://www.twitch.tv/psychopathchannel
tiktok,6803024668250964994,AquaMarinia,https://www.tiktok.com/@aquamariniaa
tiktok,6971748467332924418,Sahnowwwwwww,https://www.tiktok.com/@snoww_bunbun
x,FAUST_SinbiosiS,FAUST The Corelector,https://x.com/FAUST_SinbiosiS
instagram,_m3ro.x,_m3ro.x,https://www.instagram.com/_m3ro.x
twitch,1254328337,nano_pks,https://www.twitch.tv/nano_pks
youtube,UCTPI0_Vjw_vnKlbHXN1H-Tw,MALAI ch.【FIXIX TN】,https://www.youtube.com/channel/UCTPI0_Vjw_vnKlbHXN1H-Tw
tiktok,7072260568459183105,Kamiyu Reirin,https://www.tiktok.com/@kamiyu_reirin
twitch,1122008182,Sojuu S.,https://twitch.tv/sojuusmiley
tiktok,7467228604913632263,3AM | ตีสาม 🐈‍⬛👻,https://www.tiktok.com/@3am_vtuber
youtube,UC_RrxXP6eSLxgYYmoV4QdmA,Keressa Zoulfia Ch. Pixela-Mystic,https://www.youtube.com/channel/UC_RrxXP6eSLxgYYmoV4QdmA
youtube,UC9b9Qttg1NHYSPmKu9mb3iw,Asher Dawnbaker,https://www.youtube.com/channel/UC9b9Qttg1NHYSPmKu9mb3iw
tiktok,7545767459337274384,กลิ่นทอง | Klinthong 【RE:S】,https://www.tiktok.com/@klinthong_res
youtube,UC_Tz70m-NMqHHkblzKa9v6A,วายุ สวรรค์,https://www.youtube.com/channel/UC_Tz70m-NMqHHkblzKa9v6A
youtube,UCFr02a1OIuA1yrnJuB2dSpw,Shishiro Taiga Ch. (志白タイガ),https://www.youtube.com/channel/UCFr02a1OIuA1yrnJuB2dSpw
tiktok,7187955454411719686,Kafune CH.,https://www.tiktok.com/@kafune_ch
tiktok,7276629445094687746,Joshua Harley,https://www.tiktok.com/@joshua_acastled
tiktok,7512823311014577160,MaddoxTherOrder,https://www.tiktok.com/@maddoxtherorder
tiktok,7220448356354475034,Kamichi,https://www.tiktok.com/@kamikami.pochi
youtube,UCDgD6lN0SQJTfiy0y-7oFzw,the wanderer is not here anymore.,https://www.youtube.com/channel/UCDgD6lN0SQJTfiy0y-7oFzw
youtube,UCVogMqMZimg5YbPE48oPrlg,Mysterica X. Ch. | RPG,https://www.youtube.com/channel/UCVogMqMZimg5YbPE48oPrlg
youtube,UC5TnSrUJmrC_KFW9VLi37lA,ArrLost Ch.,https://www.youtube.com/channel/UC5TnSrUJmrC_KFW9VLi37lA
tiktok,7165864720724722690,AyrisB,https://www.tiktok.com/@ayrisbelle
tiktok,7170311166357799938,Evelyn Treeswift💙,https://www.tiktok.com/@evelyn_kwikkk
x,seabunnyi,Seabunnyi,https://x.com/seabunnyi
x,RieLkurasaki,RieLKurasaki  ,https://x.com/RieLkurasaki
twitch,165971924,Mononosodium_PRD,https://www.twitch.tv/mononosodium_prd
instagram,mirae.solstice,mirae.solstice,https://www.instagram.com/mirae.solstice
twitch,135051373,JJ_JorJor,https://www.twitch.tv/jj_jorjor
x,loxifyr_Vtory,Loxifyr,https://x.com/loxifyr_Vtory
youtube,UCoiKcLNgt7N9KIoBL-fx2YA,Alparu Vtuber ch.,https://www.youtube.com/channel/UCoiKcLNgt7N9KIoBL-fx2YA
tiktok,7179986590176838662,Stamp LMTY  ⌜VZ⌟,https://www.tiktok.com/@stamplmty
x,Frontier21PM,Pleiades Frontier【21PM】,https://x.com/Frontier21PM
youtube,UC2z7pz25bgnqLHdTd7EvVoQ,Shishiou Seito Ch. / AStars,https://www.youtube.com/channel/UC2z7pz25bgnqLHdTd7EvVoQ
tiktok,7360960530860114960,อิส'เรียล,https://www.tiktok.com/@railoney.ch
youtube,UC-1J1TwDCLKe2p4HVchqGiw,Mosant Ch.,https://www.youtube.com/channel/UC-1J1TwDCLKe2p4HVchqGiw
tiktok,6997307587566552065,Linlin ❤️| VtuberTH,https://www.tiktok.com/@lin_lindarling
youtube,UChd2cJe7HuTYbZGkOO-QKwg,Xen Ch. 【Ti19t】,https://www.youtube.com/channel/UChd2cJe7HuTYbZGkOO-QKwg
x,Shirasagi_XX,Shirasagi Ch.,https://x.com/Shirasagi_XX
x,KaLaMangVT,กะละมัง วีทูปเบอร์,https://x.com/KaLaMangVT
twitch,869621501,xonxeon,https://www.twitch.tv/xonxeon
twitch,43019941,JIRA123,https://www.twitch.tv/jira123
tiktok,7502156010414818311,Wynn Carwin | OAL,https://www.tiktok.com/@wynn_oal
youtube,UC8cpV2XY6w58Ftbx_yMBc6w,Soleil Ch.,https://www.youtube.com/channel/UC8cpV2XY6w58Ftbx_yMBc6w
x,ssk_yusha,Yusha | V.W.Y,https://x.com/ssk_yusha
tiktok,7254914335318066181,phelita_epr,https://www.tiktok.com/@phelita_epr
x,Murkily_Calhoun,MurkilyCH.,https://x.com/Murkily_Calhoun
tiktok,81494474251,𝙓𝙄𝙉𝙋𝙄𝘼 🦊☯️🌸 ⌜VZ⌟,https://www.tiktok.com/@xinpia03
youtube,UCBLV-Zv25LzajWyKEofqvVQ,[ปิดตัว],https://www.youtube.com/channel/UCBLV-Zv25LzajWyKEofqvVQ
youtube,UCJ8R9I1AWV94psG7gxLiU5Q,MaRinENaJa,https://www.youtube.com/channel/UCJ8R9I1AWV94psG7gxLiU5Q
twitch,893590312,Punquix,https://www.twitch.tv/punquix
x,chao_plathong,ChaoPlaThong,https://x.com/chao_plathong
twitch,116298714,XenonPhanejohn,https://www.twitch.tv/xenonphanejohn
x,AkiSora_chan,Aki the Valkyrie Ch.,https://x.com/AkiSora_chan
facebook,maruko.maru.790702,maruko.maru.790702,https://www.facebook.com/maruko.maru.790702
x,KamashijustKama,Kamashi Ch.,https://x.com/KamashijustKama
x,BenibanaGento,Benibanashi Gento | 紅話玄踪-VTuber,https://x.com/BenibanaGento
x,YenaHwang_V,Yena Hwang ch. 황예나,https://x.com/YenaHwang_V
tiktok,7382062471546471430,LayLight,https://www.tiktok.com/@laychlype_alf
tiktok,7299040208358573063,NANOZERO,https://www.tiktok.com/@nanozero0
x,Ryoukatsu_Meow,Ryoukatsu Ch.,https://x.com/Ryoukatsu_Meow
x,AkariKanonVtube,Akari Kanon,https://x.com/AkariKanonVtube
x,Hatsuji_Mind,Hatsuji ::H.T.J ,https://x.com/Hatsuji_Mind
youtube,UC68XQCQ4MOys5hfxi3jW34g,Norik Garcia Ch.,https://www.youtube.com/channel/UC68XQCQ4MOys5hfxi3jW34g
youtube,UCbD0eVN3O-T7iBszxoBYwdA,Aida Ch.,https://www.youtube.com/channel/UCbD0eVN3O-T7iBszxoBYwdA
x,ArcanonMutelu,Arcanon Tarotar Ch. Lumina-Mutelu,https://x.com/ArcanonMutelu
x,PyorkThePork,Pyork The Pork,https://x.com/PyorkThePork
x,uraramomomi,Urara Momomi,https://x.com/uraramomomi
twitch,1056058346,elan_t,https://www.twitch.tv/elan_t
x,Anastasia_TRR,Anastasia Ch.「TRR」,https://x.com/Anastasia_TRR
youtube,UCiM8hgTBL6sBMugCDBlij6A,Sen Koretane Ch.,https://www.youtube.com/channel/UCiM8hgTBL6sBMugCDBlij6A
twitch,1441294607,Rui Kazu 《 EXia 》,https://twitch.tv/rui_kazu
youtube,UCw7YDtEaJFn1cOoQdBx3lIA,Rainnimin,https://www.youtube.com/channel/UCw7YDtEaJFn1cOoQdBx3lIA
twitch,1525111395,dragoooona,https://www.twitch.tv/dragoooona
x,CerafineMikael,Cerafine Mikael Ch. Lumina-First-Myth,https://x.com/CerafineMikael
twitch,795599972,chisana_suigyu,https://www.twitch.tv/chisana_suigyu
youtube,UCSmwbpH_ZvRCn8-gbggGfTw,Kati Ch. กะทิ,https://www.youtube.com/channel/UCSmwbpH_ZvRCn8-gbggGfTw
x,sunraindre,sunraindre,https://x.com/sunraindre
tiktok,7306923158769353730,Poru ARP,https://www.tiktok.com/@poru_arp
youtube,UCjygfNCaicPNiP8HZyXY08w,Mina Nekogaki / 猫垣ミナ【MSV】,https://www.youtube.com/channel/UCjygfNCaicPNiP8HZyXY08w
twitch,134943505,SHARKYCHANIS,https://www.twitch.tv/sharkychanis
facebook,ZenaidaXETA102,ZenaidaXETA102,https://www.facebook.com/ZenaidaXETA102
tiktok,7447263076128392193,เคอเรนเซียวีปกติɞ,https://www.tiktok.com/@kungphaokung
x,Famine_ARP,Faminé Ch.【ARP】,https://x.com/Famine_ARP
twitch,267544558,risainbloom,https://www.twitch.tv/risainbloom
youtube,UCxLMvBlryxSsteqI9L8RmZg,NEBUEL | VTUBER,https://www.youtube.com/channel/UCxLMvBlryxSsteqI9L8RmZg
youtube,UCt5N-YObN60x8TQTMh6mvbw,Chiiaki Jellyfishkun,https://www.youtube.com/channel/UCt5N-YObN60x8TQTMh6mvbw
twitch,884666138,penelopepinkch,https://www.twitch.tv/penelopepinkch
x,Rosettawitch,Rosalyn Ch.,https://x.com/Rosettawitch
twitch,257767501,satachan23,https://www.twitch.tv/satachan23
youtube,UCD2BJUqKTEPOkxdTyxfvCuQ,AzuruVT,https://www.youtube.com/channel/UCD2BJUqKTEPOkxdTyxfvCuQ
youtube,UC1893R8hjcc2zIu1KPT4MGw,Waririn Channel ⌜VZ⌟,https://www.youtube.com/channel/UC1893R8hjcc2zIu1KPT4MGw
tiktok,7362268732020802568,✝ 𝕄𝕚𝕘𝕦𝕖𝕝ℕ𝕠𝕩𝕫 ✝,https://www.tiktok.com/@miguelnoxz
youtube,UCaKlXG2ijXoovTEOlSBRTHA,Chouya,https://www.youtube.com/channel/UCaKlXG2ijXoovTEOlSBRTHA
tiktok,7423824972198757383,Rahhatem【PSM】,https://www.tiktok.com/@rahhatem_vtuber
youtube,UCTb15SroUenoP9Ckboz6s3g,Wahri【WahrheitIVIX】,https://www.youtube.com/channel/UCTb15SroUenoP9Ckboz6s3g
x,nerumi_s,Nerumi-s,https://x.com/nerumi_s
tiktok,7518337904046867474,BRRWYN,https://www.tiktok.com/@brrwynvibeent
youtube,UC4sCp51x2lBXf7x2Uy_fj_A,Sistra Lyrics《 OTL 》,https://www.youtube.com/channel/UC4sCp51x2lBXf7x2Uy_fj_A
tiktok,7333533412039083009,NakiRiku Ch.,https://www.tiktok.com/@nakirikuch
facebook,61561858960771,61561858960771,https://www.facebook.com/profile.php?id=61561858960771
twitch,164601883,BabyThunderS,https://www.twitch.tv/babythunders
youtube,UC0vtaaMk6-hGYcx4QWoMymg,Toru Kuma,https://www.youtube.com/channel/UC0vtaaMk6-hGYcx4QWoMymg
tiktok,7271023229802972165,ปล่อยเพลงใหม่ครับ Aikaze,https://www.tiktok.com/@shin_aikaze
tiktok,7343242249930736647,maaethegreatest,https://www.tiktok.com/@maaethegreatest
twitch,835570455,rikusoyju,https://www.twitch.tv/rikusoyju
tiktok,6941193006675100674,Princess Zelina,https://www.tiktok.com/@zelina_pix
youtube,UCmiO2DRc4e80eWfElzQfWyA,SORASAMA,https://www.youtube.com/channel/UCmiO2DRc4e80eWfElzQfWyA
tiktok,7287815042112046085,ZOECVC,https://www.tiktok.com/@zoe.cvc_vtuber
facebook,100088713876006,100088713876006,https://www.facebook.com/profile.php?id=100088713876006
youtube,UCg7LMUxDiwIDngWPjo60iTw,Killian Mare,https://www.youtube.com/channel/UCg7LMUxDiwIDngWPjo60iTw
tiktok,7395443838436295681,Samegi Navin Ch,https://www.tiktok.com/@sameginavinch
youtube,UCGbMin84xisO1Yuq_guVlFA,NUTTY ROZE ,https://www.youtube.com/channel/UCGbMin84xisO1Yuq_guVlFA
tiktok,7360143150352204818,NEBUEL☄️DE-PHANTOM | WIS,https://www.tiktok.com/@nebuel.wis
tiktok,7327585368482563078,Mimia .UQN,https://www.tiktok.com/@mimia.uqn
twitch,584151187,peepeepoopcat,https://www.twitch.tv/peepeepoopcat
x,RainRemVtuber,RainRem Ch. レーンレム,https://x.com/RainRemVtuber
youtube,UCeTNHgOSMMFQTlWbJwpex_g,น้องมะม่วง TV,https://www.youtube.com/channel/UCeTNHgOSMMFQTlWbJwpex_g
tiktok,7399879716876534791,Seijo🦋✂️Vtuber,https://www.tiktok.com/@seijo.ch
youtube,UCLNBff3KDEUxdfH_lkvyOKQ,Kamiyu Reirin Ch. Lumina-First-Myth,https://www.youtube.com/channel/UCLNBff3KDEUxdfH_lkvyOKQ
youtube,UC3aHMGHRuQAonBUpE2a94bA,Ryoukatsu Ch.,https://www.youtube.com/channel/UC3aHMGHRuQAonBUpE2a94bA
x,itseliceelicia,Elice Ch.,https://x.com/itseliceelicia
tiktok,7369178682151142408,Ginnique 《 ARP 》ตัวปลอม,https://www.tiktok.com/@ginnique_arp
twitch,254550362,chitanekochi,https://www.twitch.tv/chitanekochi
youtube,UCS9vgAEQSQDhgTRIskKA2tA,Ark Ch.【ARP】,https://www.youtube.com/channel/UCS9vgAEQSQDhgTRIskKA2tA
x,TakagiMinami_7,Minami Lollipopza Ch. ʕ •ᴥ•ʔ,https://x.com/TakagiMinami_7
tiktok,7652719118608892936,Mali 🐯🩵 | VTuberTH【SLR】,https://www.tiktok.com/@mali.slr
x,nana_nanahoshi,นานาโฮชิ นานะ / 七星ナナ,https://x.com/nana_nanahoshi
youtube,UCm7uL6HoDxrJ7aJm7HMacQA,ZGezz Channel by พี่กอล์ฟ,https://www.youtube.com/channel/UCm7uL6HoDxrJ7aJm7HMacQA
x,Knightbutler5,KNIGHT BARLET Ch.,https://x.com/Knightbutler5
x,khunchaniii,khunCHANII,https://x.com/khunchaniii
tiktok,7662059768806753301,Vaelz Ch.,https://www.tiktok.com/@vaelzch
youtube,UCgLadXz0sJbHQL98eoAd9ag,【graduated】Ice Shirakoi Ch. / AStars Amakara,https://www.youtube.com/channel/UCgLadXz0sJbHQL98eoAd9ag
x,ShibaInuri,Shiba Inuri Ch.,https://x.com/ShibaInuri
twitch,1526270057,icedragooooon,https://www.twitch.tv/icedragooooon
twitch,122327831,sSolarly,https://www.twitch.tv/ssolarly
tiktok,7593670705624056848,Melanox Lunix「ALF」,https://www.tiktok.com/@melanoxlunix_alf
youtube,UC4Ceq8atGdQu58Dn3YKF1Ig,T หมาป่าบลูเบอร์รี่ Wolfficial,https://www.youtube.com/channel/UC4Ceq8atGdQu58Dn3YKF1Ig
twitch,605834867,MaewLham,https://www.twitch.tv/maewlham
youtube,UCINPv9Ffoo7mgvEfKY8Ks2A,Pugko Ch.,https://www.youtube.com/channel/UCINPv9Ffoo7mgvEfKY8Ks2A
x,NyamaruYui,Nyamaru Yui,https://x.com/NyamaruYui
youtube,UCY3reV-jwagniwcghy1B4VA,Nicca Ch.,https://www.youtube.com/channel/UCY3reV-jwagniwcghy1B4VA
x,zalyzalivia,Zalivia,https://x.com/zalyzalivia
youtube,UCbHVEzb9fr8DxWPUxCAEOVQ,Sebastos | Vtuber,https://www.youtube.com/channel/UCbHVEzb9fr8DxWPUxCAEOVQ
youtube,UCw79Wj7JKNTtBiVqA8OJlSg,Geno Ch.『TST』,https://www.youtube.com/channel/UCw79Wj7JKNTtBiVqA8OJlSg
twitch,631970170,NameNemiCh,https://www.twitch.tv/namenemich
x,TIWaSaMa0,TIWa_SAMA Ch.,https://x.com/TIWaSaMa0
twitch,1087260378,meilin_vtuber,https://www.twitch.tv/meilin_vtuber
twitch,131573804,merrykomori,https://www.twitch.tv/merrykomori
x,Nebuel_wis,NEBUEL | VTUBER,https://x.com/Nebuel_wis
twitch,743265679,LamuOfficials,https://www.twitch.tv/lamuofficials
twitch,1173129355,aenelhz,https://www.twitch.tv/aenelhz
twitch,205072433,mayu_ix,https://www.twitch.tv/mayu_ix
youtube,UC6lZLAOgSYgJ6ZkW2ZTI75Q,Effy Ch.【ARP】,https://www.youtube.com/channel/UC6lZLAOgSYgJ6ZkW2ZTI75Q
twitch,196084728,Ichiibal_Sage,https://www.twitch.tv/ichiibal_sage
youtube,UCOQXDZCXXd-05ikdDsNaPEQ,aimtraps,https://www.youtube.com/channel/UCOQXDZCXXd-05ikdDsNaPEQ
youtube,UCt2nUyG9wE579wkiik-bfHQ,Amy Chan ◤VTP◢,https://www.youtube.com/channel/UCt2nUyG9wE579wkiik-bfHQ
tiktok,7470957089821901829,shunka_ine[NEX],https://www.tiktok.com/@shunka_ine
twitch,171016983,orabell18,https://www.twitch.tv/orabell18
youtube,UCyPXMeC0RCQPGlImQXmN8xg,Oni Shinkim Ch.【PSM】,https://www.youtube.com/channel/UCyPXMeC0RCQPGlImQXmN8xg
x,Lanka_Ch,Lanka Vtuber,https://x.com/Lanka_Ch
youtube,UCZrJx0Gxf_Vv2njDwnkaHIA,แม่นิศรายงาน,https://www.youtube.com/channel/UCZrJx0Gxf_Vv2njDwnkaHIA
tiktok,7605404342649537552,jaoguin / เจ้ากวิน,https://www.tiktok.com/@jaoguin_
youtube,UCApZxq6J3R2XNqhzKiBv5mg,Zandy,https://www.youtube.com/channel/UCApZxq6J3R2XNqhzKiBv5mg
youtube,UCAid1uC5pxxvPasgFTJZEAw,Miledy Z.Devlin ch.,https://www.youtube.com/channel/UCAid1uC5pxxvPasgFTJZEAw
twitch,87671813,KorkusreuZ_SchwarzDargneZ,https://www.twitch.tv/korkusreuz_schwarzdargnez
x,Mor9an_m,Mor9an ՞·ᴥ·՞ (มอร์แกน)『VFree』,https://x.com/Mor9an_m
x,AidinStreamer,Aidin,https://x.com/AidinStreamer
x,Phelita_EPR,Phelita ch. Euphora • [On Hold],https://x.com/Phelita_EPR
youtube,UCXuiHw-k05CnSu5_DjKUytw,LIVIANA Ch.,https://www.youtube.com/channel/UCXuiHw-k05CnSu5_DjKUytw
twitch,188254612,kurisumasu_,https://www.twitch.tv/kurisumasu_
tiktok,7404359049800696840,SeaU✨️⚓️,https://www.tiktok.com/@undertheseau_cra
ganknow,fuyukiyoru%E3%81%B5%E3%82%86%E3%81%8D%E3%82%88%E3%82%8B,Night Nai ナイトナイ,https://ganknow.com/fuyukiyoru%E3%81%B5%E3%82%86%E3%81%8D%E3%82%88%E3%82%8B/tip
youtube,UChgltsIqf_o4bFSKd9dVE5A,Ramirez Svensons,https://www.youtube.com/channel/UChgltsIqf_o4bFSKd9dVE5A
youtube,UCSxxTmjwf04nMcIALS1RyMQ,Akito ch. アキト【SOA】,https://www.youtube.com/channel/UCSxxTmjwf04nMcIALS1RyMQ
twitch,92042163,sn0w_fa11ing,https://www.twitch.tv/sn0w_fa11ing
x,Copper_Vtuber,Copper Vtuber,https://x.com/Copper_Vtuber
tiktok,7576203498832905236,Eveshaiah Miraclover,https://www.tiktok.com/@eveshaiahmutelu
twitch,795249776,ixcheloxo,https://www.twitch.tv/ixcheloxo
youtube,UCsvM-x2McjES-pJMGfq8PuA,Rafinia Ch.,https://www.youtube.com/channel/UCsvM-x2McjES-pJMGfq8PuA
youtube,UCtEA5OK8LV4vf3Pi8M0dxjQ,Frederick Ch.,https://www.youtube.com/channel/UCtEA5OK8LV4vf3Pi8M0dxjQ
youtube,UCqq085DI0tDBblF3Q1nsdcg,Thuay_Fu Wolfcute【Mystery】,https://www.youtube.com/channel/UCqq085DI0tDBblF3Q1nsdcg
x,Seito_AS,Shishiou Seito Ch. / AStars,https://x.com/Seito_AS
x,Mikadzuki_Nammy,Mikadzuki Nammy,https://x.com/Mikadzuki_Nammy
x,KurayamiAlan,KuraAlan,https://x.com/KurayamiAlan
youtube,UCGmvJX9TaHps4LB-J-cR6bQ,Sora Myojo《 EXia 》,https://www.youtube.com/channel/UCGmvJX9TaHps4LB-J-cR6bQ
x,Era_ARP,Era Ch.【ARP】,https://x.com/Era_ARP
twitch,1290397045,midnightafterdark,https://www.twitch.tv/midnightafterdark
tiktok,7330883028892206098,Once A Live,https://www.tiktok.com/@oncealive.project
x,MaRinE_Vtuber_,MaRinENaJa,https://x.com/MaRinE_Vtuber_
x,Veena_OWG,Veena - OWG,https://x.com/Veena_OWG
youtube,UC5x2tcpXNa1dZx035isZKWQ,LunaLumIIna 「 PRD 」,https://www.youtube.com/channel/UC5x2tcpXNa1dZx035isZKWQ
x,SilverVTH,Silver VTH,https://x.com/SilverVTH
x,Ec19Malai,มาลัย / Malai [EC19 Projekt],https://x.com/Ec19Malai
youtube,UCSus3TGWTuMjiQWycSI1CaA,Pugmaru_VTube,https://www.youtube.com/channel/UCSus3TGWTuMjiQWycSI1CaA
twitch,972951763,Goozilla Ily Ch. [Autumnia],https://www.twitch.tv/goozilla_ily
x,Bishamon_AS,Bishamon Kuroneko Ch. / AStars Chrono prince,https://x.com/Bishamon_AS
tiktok,7352036838284542994,zaliviazaly,https://www.tiktok.com/@zaliviazaly
youtube,UCrKHJptt9n65z_2UFZc-aMg,Kombucha Ch.,https://www.youtube.com/channel/UCrKHJptt9n65z_2UFZc-aMg
youtube,UCIgXtat0bKE5e8sXtUgutOw,Torakaze,https://www.youtube.com/channel/UCIgXtat0bKE5e8sXtUgutOw
instagram,niewlock,niewlock,https://www.instagram.com/niewlock
twitch,1156874615,theeveghosty,https://www.twitch.tv/theeveghosty
youtube,UCiggUCFZrCho_ZtAMxSYx0Q,AlexisWolf,https://www.youtube.com/channel/UCiggUCFZrCho_ZtAMxSYx0Q
twitch,630012862,ToraSunday,https://www.twitch.tv/torasunday
tiktok,7115024240966272005,lyneth,https://www.tiktok.com/@felynfrostbite
youtube,UCSgcToKU-n_0b_v7FLltJuQ,Emil Ch.【Ti19t】,https://www.youtube.com/channel/UCSgcToKU-n_0b_v7FLltJuQ
tiktok,7332215425407845381,layniazia,https://www.tiktok.com/@layniazia
twitch,1496705763,cecilepenelopepinto72886,https://www.twitch.tv/cecilepenelopepinto72886
youtube,UC2erQwP2foSQARjw5zUbrnQ,Sirris Goddess Ch.,https://www.youtube.com/channel/UC2erQwP2foSQARjw5zUbrnQ
x,aina_vtuber,Aina VTuber,https://x.com/aina_vtuber
youtube,UChSGIJlrLUI1UVds38w2Obg,Leon Ch.,https://www.youtube.com/channel/UChSGIJlrLUI1UVds38w2Obg
facebook,drakostation,drakostation,https://www.facebook.com/drakostation
youtube,UCfuH_6QxAjJXM_9q8-iRqQQ,ryuq,https://www.youtube.com/channel/UCfuH_6QxAjJXM_9q8-iRqQQ
twitch,1228895604,TheDollTales,https://www.twitch.tv/thedolltales
tiktok,6540042951954219009,SeraPhyne,https://www.tiktok.com/@seraphyne_ch
youtube,UCfw10eIAXlZOWbJAZBySdcA,Zeno,https://www.youtube.com/channel/UCfw10eIAXlZOWbJAZBySdcA
twitch,1161448822,willow_st,https://www.twitch.tv/willow_st
instagram,chaniisama,chaniisama,https://www.instagram.com/chaniisama
tiktok,6844052901598823425,Laibaht / หลายบาท,https://www.tiktok.com/@manybaht
tiktok,7342018334173053954,Zin’fandel「ZTP」,https://www.tiktok.com/@zinfandel_ztp
youtube,UCH3mEs_fK3r0M2hJ9NsgNPg,fxoverpur,https://www.youtube.com/channel/UCH3mEs_fK3r0M2hJ9NsgNPg
tiktok,7463823478241838085,AltairAlAl✨,https://www.tiktok.com/@altair_alal
youtube,UCDUFEQDrHUjO5vAVwPPiG3Q,Akakurai [明暗い],https://www.youtube.com/channel/UCDUFEQDrHUjO5vAVwPPiG3Q
twitch,126505413,AsagiMami,https://www.twitch.tv/asagimami
twitch,148005377,그래프속에서죽는다,https://www.twitch.tv/oita
youtube,UC-FSZsfcwy_e-gRtYr8ns5A,Kurumi Maki Ch.,https://www.youtube.com/channel/UC-FSZsfcwy_e-gRtYr8ns5A
youtube,UCyHu19qHV0hFQyK3ZOhtcnA,Nuttiz,https://www.youtube.com/channel/UCyHu19qHV0hFQyK3ZOhtcnA
youtube,UCFRCQhHa_MUmmRaGUJVN8zA,Zenovaz Ch.,https://www.youtube.com/channel/UCFRCQhHa_MUmmRaGUJVN8zA
twitch,888805262,itselicen,https://www.twitch.tv/itselicen
youtube,UCPKp1agiHSOwu9iPyb6WSNw,「トイイ」TOii,https://www.youtube.com/channel/UCPKp1agiHSOwu9iPyb6WSNw
twitch,119274733,Hajikeru_Lee,https://www.twitch.tv/hajikeru_lee
x,Darieladolly,Dariela,https://x.com/Darieladolly
youtube,UCaq7JU0j74R0TsjlViB_-MA,Astia Ch.,https://www.youtube.com/channel/UCaq7JU0j74R0TsjlViB_-MA
youtube,UCUTA8ZrTOZGUNezeAYWrajg,QueenSere.Physia Ch,https://www.youtube.com/channel/UCUTA8ZrTOZGUNezeAYWrajg
twitch,526974971,Midori_Suikaaa,https://www.twitch.tv/midori_suikaaa
twitch,1283196492,nana_vtuberth,https://www.twitch.tv/nana_vtuberth
youtube,UCAoZkJiB43mNUD6aadeozRw,Asatsuyu Ch.,https://www.youtube.com/channel/UCAoZkJiB43mNUD6aadeozRw
twitch,1113509309,carifo_1991,https://www.twitch.tv/carifo_1991
twitch,27911006,kuraivtuber,https://www.twitch.tv/kuraivtuber
youtube,UCkU6YBCs4dPsn1FlVzNVqNw,Punquix,https://www.youtube.com/channel/UCkU6YBCs4dPsn1FlVzNVqNw
instagram,zalivia_zaly,zalivia_zaly,https://www.instagram.com/zalivia_zaly
youtube,UCkmdieFgz-8jWHBE1OlucAA,กลิ่นทอง | Klinthong 【RE:S】,https://www.youtube.com/channel/UCkmdieFgz-8jWHBE1OlucAA
tiktok,7039871182917043202,ShadowPlayer Ch,https://www.tiktok.com/@shadowplayerch
x,mar_chan15,Meteona Mars Ch.,https://x.com/mar_chan15
x,tanehasol,TANTAN,https://x.com/tanehasol
youtube,UCS2xtM_DkvYKVxBEQxIf2-g,MuMind Ch.,https://www.youtube.com/channel/UCS2xtM_DkvYKVxBEQxIf2-g
youtube,UCJH6IzDkIlz5Dw93LzEC_Nw,Cazzia Bakeriana Ch. - Parabellum,https://www.youtube.com/channel/UCJH6IzDkIlz5Dw93LzEC_Nw
twitch,1187126473,heidiheiter,https://www.twitch.tv/heidiheiter
x,CincinVtu,CinCin Vtu,https://x.com/CincinVtu
youtube,UCMhUWTKBjrRSacizvjq3HLg,L4zyGone,https://www.youtube.com/channel/UCMhUWTKBjrRSacizvjq3HLg
x,GNTG_xd,GNTGxd,https://x.com/GNTG_xd
x,KohakuTanuki,KOHAKU Ch.,https://x.com/KohakuTanuki
youtube,UCY5HIZ97IaqeUGCQCh5yDpA,Clairederier,https://www.youtube.com/channel/UCY5HIZ97IaqeUGCQCh5yDpA
x,Beatrix_monroe,Beatrix CH. - ビアトリクス,https://x.com/Beatrix_monroe
x,Zelune_luneze,Zelune Noctarielle 🌙,https://x.com/Zelune_luneze
instagram,deliciae_v,deliciae_v,https://www.instagram.com/deliciae_v
twitch,136786096,rubellus_remis,https://www.twitch.tv/rubellus_remis
youtube,UC9owX01ODpgeUePEIdC_qlA,R Y O S H I ch.,https://www.youtube.com/channel/UC9owX01ODpgeUePEIdC_qlA
youtube,UCVgoTNEZIS4UVoe2M4CSc4w,⚡GS_ก๊อปแก๊ป พาเพลิน⚡,https://www.youtube.com/channel/UCVgoTNEZIS4UVoe2M4CSc4w
ganknow,estellewil,Estelle Wil Ch.,https://ganknow.com/estellewil
youtube,UCu5HHrUzCcFmIgeIqImDUhQ,Rubii Ch.,https://www.youtube.com/channel/UCu5HHrUzCcFmIgeIqImDUhQ
youtube,UCmn9plmPAP1BsFyLe-Ji13g,Micaela Michelle Ch.,https://www.youtube.com/channel/UCmn9plmPAP1BsFyLe-Ji13g
tiktok,6740437074807260162,Maluto ♾️ LDKTC,https://www.tiktok.com/@me_ldktc
tiktok,7021548728343807003,Shiroi Ame,https://www.tiktok.com/@shir0iame
x,_Zoomdesu,Zoomdesu,https://x.com/_Zoomdesu
x,Zeiji7th,Zeiji7 Ch.,https://x.com/Zeiji7th
tiktok,7431456703004148743,Mona Lucene🌜,https://www.tiktok.com/@plglucene
tiktok,7446754342063244295,Elizon_AST,https://www.tiktok.com/@elizon_ast
tiktok,7327045223065469957,Aythecard,https://www.tiktok.com/@aytheravt
tiktok,7352958772593198087,Alvina Ch✨,https://www.tiktok.com/@alvinach1
twitch,252172169,AriziaV,https://www.twitch.tv/ariziav
tiktok,7174777395781960709,zolrenx โซเร็น 🦇🍷,https://www.tiktok.com/@zolrenx
x,ZoeyChHz,Zoey Ch.【 HZ 】,https://x.com/ZoeyChHz
youtube,UCRG5fX1v4b-3sUyKfAAtxxA,Luxia Ch.,https://www.youtube.com/channel/UCRG5fX1v4b-3sUyKfAAtxxA
twitch,136774342,y0tchi,https://www.twitch.tv/y0tchi
tiktok,6824815861121090561,Sataru【21PM】,https://www.tiktok.com/@sataru21pm
ganknow,drakonyamio,Drako Nya Mio,https://ganknow.com/drakonyamio
x,MinatoHatsuki,Minato Hatsuki【JVP】,https://x.com/MinatoHatsuki
twitch,1123837434,puipuimemory,https://www.twitch.tv/puipuimemory
youtube,UCWRc7m30K-4jNCyVnWh_a-w,Freidya Ch,https://www.youtube.com/channel/UCWRc7m30K-4jNCyVnWh_a-w
youtube,UCoVpEObbNlG_AVSz-K8yYTg,koshumu,https://www.youtube.com/channel/UCoVpEObbNlG_AVSz-K8yYTg
twitch,792248011,victorrrrrhn,https://www.twitch.tv/victorrrrrhn
x,Effy_ARP,Effy Ch.【ARP】,https://x.com/Effy_ARP
tiktok,7217078174428120070,Virtual Zeven LIVE,https://www.tiktok.com/@virtualzeven
x,NICHA_SSR,NICHA Ch. 【SSR】,https://x.com/NICHA_SSR
x,Evelyn_KwikKwik,Evelyn Treeswift,https://x.com/Evelyn_KwikKwik
tiktok,7633006721602290705,kapz_002,https://www.tiktok.com/@kapz_002
instagram,sunfaded_handcraftshop,sunfaded_handcraftshop,https://www.instagram.com/sunfaded_handcraftshop
tiktok,6964266257978082305,Kurayami Alan,https://www.tiktok.com/@kuraalan
tiktok,7492827114996089872,PINGPINGKO【REC】🐰🧪,https://www.tiktok.com/@pingpingko_
twitch,550230307,Aikon_st,https://www.twitch.tv/aikon_st
x,LeinnCH,Leinn Channel,https://x.com/LeinnCH
x,Zinnialy,Zinnia,https://x.com/Zinnialy
x,012Cq,012CQ Ch. Ruka Inochizuna,https://x.com/012Cq
x,AntolnetteMuse,Antolnette the Magnificent Ch. Lumina-Muse,https://x.com/AntolnetteMuse
youtube,UCOv7oTy19P_uD5LmMFP9qUA,Rinna Rin,https://www.youtube.com/channel/UCOv7oTy19P_uD5LmMFP9qUA
tiktok,7148939746819245057,gloria21pm,https://www.tiktok.com/@gloria21pm
tiktok,7421078483357369349,Aki Masamune Ch.,https://www.tiktok.com/@akimasamune_as
x,moekaori,Moe Kaori  ⌜VZ⌟,https://x.com/moekaori
youtube,UCURO2Hz8CWn0knwFbNTo2ng,RaneeTani『VTG』,https://www.youtube.com/channel/UCURO2Hz8CWn0knwFbNTo2ng
x,rularalan,RuLaRaLan,https://x.com/rularalan
facebook,FL.FirstsLove,FL.FirstsLove,https://www.facebook.com/FL.FirstsLove
twitch,594442225,crazyghsot,https://www.twitch.tv/crazyghsot
x,amn_m3rx,M3R0 ch.,https://x.com/amn_m3rx
instagram,fusuiforry,fusuiforry,https://www.instagram.com/fusuiforry
tiktok,6849694841825641474,Ane🪼🪸,https://www.tiktok.com/@anemizz
facebook,Artie.EPR,Artie.EPR,https://www.facebook.com/Artie.EPR
youtube,UCR-zVE5eBtbAnTHlZFz5Pzg,Npc•Artist ,https://www.youtube.com/channel/UCR-zVE5eBtbAnTHlZFz5Pzg
tiktok,7415267215962145800,manapt52hz,https://www.tiktok.com/@manapt52hz
youtube,UCQsrKHkR4lZpdKVL8QOgtgg,Akihira Ch.- あきひら -,https://www.youtube.com/channel/UCQsrKHkR4lZpdKVL8QOgtgg
youtube,UCrIs26bEKOvA_lRnO2Hgscw,Unnämed,https://www.youtube.com/channel/UCrIs26bEKOvA_lRnO2Hgscw
x,Laychlype_ALF,Laychlype「ALF」,https://x.com/Laychlype_ALF
x,SakiMoriMikan,SakiMori Mikan,https://x.com/SakiMoriMikan
tiktok,7150825509714166810,ข.ไข่ในกระทะ,https://www.tiktok.com/@chalamkhai
tiktok,7176582072893719579,▪︎ MINORU _《AKK》▪︎,https://www.tiktok.com/@minoru_akk
youtube,UCc31qMp87wZnOpcxkQB7Prw,เบลล์ / Belle [EC19 Projekt],https://www.youtube.com/channel/UCc31qMp87wZnOpcxkQB7Prw
facebook,kritnibyou,kritnibyou,https://www.facebook.com/kritnibyou
x,Xuri_Xro,Xro Ch,https://x.com/Xuri_Xro
youtube,UChrGwUGm1puXFhoC0lC7LFQ,Yukino Taifu Ch. ,https://www.youtube.com/channel/UChrGwUGm1puXFhoC0lC7LFQ
tiktok,7161073467051590682,Saya Melcoltor,https://www.tiktok.com/@sayathememorycollector
x,Shirowashi_,Shirowashi Ch.,https://x.com/Shirowashi_
twitch,54627771,Sharky404_Zen,https://www.twitch.tv/sharky404_zen
x,shia_4a_,SHiA_4a,https://x.com/shia_4a_
youtube,UCawpXTKN_jWyTXG97-DD1zQ,Bamboo Niffy,https://www.youtube.com/channel/UCawpXTKN_jWyTXG97-DD1zQ
facebook,KritNibyou,KritNibyou,https://www.facebook.com/KritNibyou
x,JomJam_SLX,JomJam_SLX,https://x.com/JomJam_SLX
twitch,152191555,una__vtuber_,https://www.twitch.tv/una__vtuber_
twitch,859836397,FrozyForry,https://www.twitch.tv/frozyforry
x,OwlManCh,OwlMan Ch.,https://x.com/OwlManCh
youtube,UCf1aJaf0L0SXieSscG0qA9A,Miyao Ch. 夏日みやお,https://www.youtube.com/channel/UCf1aJaf0L0SXieSscG0qA9A
youtube,UClXPm_54oaVwVPKhewoDSQw,SHiA_4a,https://www.youtube.com/channel/UClXPm_54oaVwVPKhewoDSQw
tiktok,7169558579477136385,SwordAce,https://www.tiktok.com/@swordacetomato
youtube,UCYWG9ZKz94VcpEqvvhBXk0A,Tora Mochizuki ,https://www.youtube.com/channel/UCYWG9ZKz94VcpEqvvhBXk0A
youtube,UCwtyxO7B0xIv3XdtSvdnYgQ,Aoi Crescent Ch.,https://www.youtube.com/channel/UCwtyxO7B0xIv3XdtSvdnYgQ
x,Azuko_98,'- Azuko - あずこ - Ch.,https://x.com/Azuko_98
x,Ramirez_Vtuber,Ramirez Svensons,https://x.com/Ramirez_Vtuber
x,NezumiElze,Nezumi Elze Ch. Pixela Legends,https://x.com/NezumiElze
tiktok,7436899682733851681,yuneschan9,https://www.tiktok.com/@yuneschan9
tiktok,7054770959630730241,Blue Valentine,https://www.tiktok.com/@bluevalentinevt
tiktok,7518753400239129608,XETSU,https://www.tiktok.com/@xetsuvibeent
youtube,UClfz6OCQ6Lic7BGFsn1q0Ww,Yamisamadesu,https://www.youtube.com/channel/UClfz6OCQ6Lic7BGFsn1q0Ww
x,MomokaNijiiro,Momoka Ch.,https://x.com/MomokaNijiiro
tiktok,7540665343809176584,Sienna 【RE:S】,https://www.tiktok.com/@sienna_res
twitch,140727353,DrakoNyaMio,https://www.twitch.tv/drakonyamio
facebook,61575073833839,61575073833839,https://www.facebook.com/profile.php?id=61575073833839
youtube,UC16UwMg_siDFehWYFcjZhDQ,Kanako Ch. / 金狐カナ,https://www.youtube.com/channel/UC16UwMg_siDFehWYFcjZhDQ
x,NEMI012,NEMI,https://x.com/NEMI012
x,KiwaPawari,KiwaPawari Ch. | キワー,https://x.com/KiwaPawari
tiktok,7115632218797540357,FureVDevil,https://www.tiktok.com/@fredvtuber
x,pinto__xx,PINTO,https://x.com/pinto__xx
x,bingsujuseyo,Bingsujuseyo Ch.,https://x.com/bingsujuseyo
x,heiman_vtuber,Heiman Ch.,https://x.com/heiman_vtuber
youtube,UCe7hiXgbk4K2XB677rqeOjA,Kikii_TanSama CH.,https://www.youtube.com/channel/UCe7hiXgbk4K2XB677rqeOjA
x,mjgt_v,Enri Ch.,https://x.com/mjgt_v
youtube,UCe9-AfWL4jLg9CQC7QWa0_g,MIKA'mu,https://www.youtube.com/channel/UCe9-AfWL4jLg9CQC7QWa0_g
youtube,UCGFX2NZhsWp_hpZiYmyJnRQ,Elice Ch.,https://www.youtube.com/channel/UCGFX2NZhsWp_hpZiYmyJnRQ
twitch,600613278,KarrotVonBun,https://www.twitch.tv/karrotvonbun
twitch,256777449,Lattemelo,https://www.twitch.tv/lattemelo
x,MildRWorldEnd,Mild-R Ch. Lumina-World-End,https://x.com/MildRWorldEnd
twitch,817726472,Daiji_OTL,https://www.twitch.tv/daiji_otl
twitch,863306349,Doublequill_TINY,https://www.twitch.tv/doublequill_tiny
youtube,UCmfo9Rqc55Hpb5x_Cu2FrFw,Scentharmony,https://www.youtube.com/channel/UCmfo9Rqc55Hpb5x_Cu2FrFw
tiktok,7318092753425515522,mieruch_,https://www.tiktok.com/@mieruch_
twitch,780894216,Aozora_Sukai,https://www.twitch.tv/aozora_sukai
youtube,UC0Zn4uhb90EBb5e3NlvuS1g,chika🍀,https://www.youtube.com/channel/UC0Zn4uhb90EBb5e3NlvuS1g
youtube,UC3gREX7tB8vEhPFgAOGr9xg,1KFuu Ch.,https://www.youtube.com/channel/UC3gREX7tB8vEhPFgAOGr9xg
twitch,1026407645,s_pcher,https://www.twitch.tv/s_pcher
tiktok,6686369675851645954,Callidora Ch.【VJN】,https://www.tiktok.com/@callidora_vtuberth
x,KatsukiCh_VT,Katsuki Ch.,https://x.com/KatsukiCh_VT
tiktok,7238863761002841094,Ayu_VtuberTH,https://www.tiktok.com/@ayu_vtb69
x,lunalumiina,LunaLumIIna 「 PRD 」,https://x.com/lunalumiina
tiktok,7014477917367419906,Donovan Ch.,https://www.tiktok.com/@donovan_vtuber
tiktok,7429623559218283541,Ursa Scorpio,https://www.tiktok.com/@ursascorpio
tiktok,7504240467166348306,sunraindre,https://www.tiktok.com/@sunraindre
tiktok,6536109616961601537,Tawan The Horizon V.2 🌅🍂,https://www.tiktok.com/@hello_tawanv2
facebook,61573702659881,61573702659881,https://www.facebook.com/profile.php?id=61573702659881
youtube,UCbfARUSxU4X2o5_PwjRXezw,Mira Pilula,https://www.youtube.com/channel/UCbfARUSxU4X2o5_PwjRXezw
x,KanakoChTH,Kanako Ch. / 金狐カナ,https://x.com/KanakoChTH
facebook,VIGroupOfficial,VIGroupOfficial,https://www.facebook.com/VIGroupOfficial
youtube,UCMvc8BlQ7r5gRbz-D2EY0LA,HØRI 07 ⌜VZ⌟,https://www.youtube.com/channel/UCMvc8BlQ7r5gRbz-D2EY0LA
instagram,yuitoku_woof,yuitoku_woof,https://www.instagram.com/yuitoku_woof
tiktok,6941192598409479170,Laguna Juju,https://www.tiktok.com/@juju_pix
x,Bettha_Vtuber,Bettha Ch.,https://x.com/Bettha_Vtuber
youtube,UCUOVWfFzNwIfu3_MfXegyPA,Akaku Mikoni | V.W.Y,https://www.youtube.com/channel/UCUOVWfFzNwIfu3_MfXegyPA
twitch,237786194,xemuofficial,https://www.twitch.tv/xemuofficial
twitch,796345794,babyei_eichan,https://www.twitch.tv/babyei_eichan
x,Mylah_Ch,Mylah Ch.,https://x.com/Mylah_Ch
youtube,UC0OQFhAPY9bgfKqi6u8MI7Q,Ryoukucha CH〖DPX〗,https://www.youtube.com/channel/UC0OQFhAPY9bgfKqi6u8MI7Q
youtube,UCPf8rkZeeiHlQUC0CMgxPQw,MOHOMI,https://www.youtube.com/channel/UCPf8rkZeeiHlQUC0CMgxPQw
youtube,UCh3KvFEZOwMfaFYMzvdznRA,Kyofu Akari Ch.,https://www.youtube.com/channel/UCh3KvFEZOwMfaFYMzvdznRA
x,ZainDSS,ZAIN Ch.,https://x.com/ZainDSS
twitch,166634334,theclumsynoob,https://www.twitch.tv/theclumsynoob
x,Shion_VWY,Shion,https://x.com/Shion_VWY
twitch,1230600213,Jiminelzz,https://www.twitch.tv/jiminelzz
twitch,46641817,AisuAndKurimu,https://www.twitch.tv/aisuandkurimu
twitch,826886647,Elleusia,https://www.twitch.tv/elleusia
tiktok,7276842371483567105,Chloride Fow~♥,https://www.tiktok.com/@chloridefow
tiktok,7235923162973963269,Atlanteia Sireen,https://www.tiktok.com/@atlanteia_sireen
x,apririru,ApriRiru,https://x.com/apririru
facebook,X.Zilva,X.Zilva,https://www.facebook.com/X.Zilva
tiktok,7241459804043756550,DeliCiae,https://www.tiktok.com/@deliciae.v
twitch,793724972,GrisPanthera,https://www.twitch.tv/grispanthera
instagram,rahhatemsudlhor,rahhatemsudlhor,https://www.instagram.com/rahhatemsudlhor
youtube,UCx1g_QQFax29m6z1UXLTI3g,Fiatake,https://www.youtube.com/channel/UCx1g_QQFax29m6z1UXLTI3g
tiktok,6597195949855899650,Mixzy 21PM,https://www.tiktok.com/@mixzy21pm
x,Lynze_vvn,Lynze,https://x.com/Lynze_vvn
x,kamireiV,'-Kami Rei- ,https://x.com/kamireiV
youtube,UC1miE8rA7u3-CVPpuZGUT7g,Frozy Ch.,https://www.youtube.com/channel/UC1miE8rA7u3-CVPpuZGUT7g
twitch,840042150,ricotta_arp,https://www.twitch.tv/ricotta_arp
twitch,1062475201,Altair_AlAl,https://www.twitch.tv/altair_alal
youtube,UC1z-ybaAe5LYfcnDdzp9SGw,กินข้าวแซ่บ,https://www.youtube.com/channel/UC1z-ybaAe5LYfcnDdzp9SGw
x,Cersei_Lezlie,Cersei Lezlie,https://x.com/Cersei_Lezlie
x,CBLT_HellHound,Cobalt HellHound Ch. (ฮาวนด์),https://x.com/CBLT_HellHound
x,TsururuWorldEnd,Kumoku Tsururu Ch. Lumina-World-End,https://x.com/TsururuWorldEnd
tiktok,7051961786030949403,KIMEWA YUKI,https://www.tiktok.com/@kimewa_yuki
youtube,UCn9yL4ihVNU-IxPRmpXDivg,Acintunz,https://www.youtube.com/channel/UCn9yL4ihVNU-IxPRmpXDivg
x,HanabiLafy,Hanabi Lafy Ch. Pixela-Isekai,https://x.com/HanabiLafy
tiktok,7502145138728141832,Ané Monie | OAL,https://www.tiktok.com/@monie_oal
youtube,UCSoFIMz3y6jOVMg8nggpcMQ,Pixiang Meiyin Ch. Lumina-Mutelu,https://www.youtube.com/channel/UCSoFIMz3y6jOVMg8nggpcMQ
youtube,UCFN4mdxw4ss6DMB6ZYPXPuw,Nora,https://www.youtube.com/channel/UCFN4mdxw4ss6DMB6ZYPXPuw
x,Tsukikosui,Tsukiko かざん,https://x.com/Tsukikosui
youtube,UCD0aj_PFkBK-LGaDIiXvBww,Regina Ch.,https://www.youtube.com/channel/UCD0aj_PFkBK-LGaDIiXvBww
youtube,UCQdJThdCgaDzgk0je69GfhQ,Gaogi Gyaruoji,https://www.youtube.com/channel/UCQdJThdCgaDzgk0je69GfhQ
facebook,In0sukeFB,In0sukeFB,https://www.facebook.com/In0sukeFB
facebook,100086874577315,100086874577315,https://www.facebook.com/profile.php?id=100086874577315
tiktok,7324948884211287046,Esmer Hestia | Vtuber TH,https://www.tiktok.com/@esmerhestia
x,DEV_ARP,DEV Ch.【ARP】,https://x.com/DEV_ARP
tiktok,7429316740939498502,sorasamavtuber,https://www.tiktok.com/@sorasamavtuber
youtube,UCfxVeSpEx_K1VwHIcdNX0rw,BOOKGAMER,https://www.youtube.com/channel/UCfxVeSpEx_K1VwHIcdNX0rw
youtube,UCWM76ZPAZqDNOAp5AKn9uIw,JueBigHead,https://www.youtube.com/channel/UCWM76ZPAZqDNOAp5AKn9uIw
youtube,UCh4SV9jjhMTFd8QRBh0IegA,Cream Stew,https://www.youtube.com/channel/UCh4SV9jjhMTFd8QRBh0IegA
twitch,61731798,Majolic_,https://www.twitch.tv/majolic_
twitch,1347612912,nonokochika,https://www.twitch.tv/nonokochika
youtube,UCiK62ZOsD7vMwTw0MJiYDLw,Kikuhara Himegu Ch.,https://www.youtube.com/channel/UCiK62ZOsD7vMwTw0MJiYDLw
youtube,UCgq-rIElYiBFQnxgMnkojwg,Padzang Channel,https://www.youtube.com/channel/UCgq-rIElYiBFQnxgMnkojwg
twitch,712952816,Maaguuro,https://www.twitch.tv/maaguuro
instagram,kurisumasu_tv,kurisumasu_tv,https://www.instagram.com/kurisumasu_tv
youtube,UCN5KfrZRFVu6QbnPC3bl9qA,Mamushi Ene Ch.,https://www.youtube.com/channel/UCN5KfrZRFVu6QbnPC3bl9qA
tiktok,7277433753126323202,Nemuri Nemu,https://www.tiktok.com/@nemurinemuzzz
facebook,ScentHarmony,ScentHarmony,https://www.facebook.com/ScentHarmony
twitch,886962885,nongmamuang23,https://www.twitch.tv/nongmamuang23
x,m_DIGZ,DieInGamez,https://x.com/m_DIGZ
youtube,UClsrtReeDeC9WGR926fICZA,Kamashi Ch.,https://www.youtube.com/channel/UClsrtReeDeC9WGR926fICZA
x,MizuGracia,Mizu Gracia Ch.,https://x.com/MizuGracia
x,Aito_LH,Aito LH,https://x.com/Aito_LH
twitch,893355059,qbbee_,https://www.twitch.tv/qbbee_
youtube,UC1FwYKHZnh2Qrj4GVbes9zQ,StunKung,https://www.youtube.com/channel/UC1FwYKHZnh2Qrj4GVbes9zQ
x,ChiziziFa_,Chiziz R Fa,https://x.com/ChiziziFa_
tiktok,6966084059307459585,BOOKGAMER,https://www.tiktok.com/@bgrgamecaster
tiktok,7621013160879293447,Miibelle ต่ะมุจะหลับ🪻🤍,https://www.tiktok.com/@mii__belle
tiktok,7536612668418819090,VeviiVT,https://www.tiktok.com/@veviivt
x,BambooNiffyy,Bamboo Niffy,https://x.com/BambooNiffyy
twitch,755464491,ZukoZyx,https://www.twitch.tv/zukozyx
x,JEVZlnwza,X-JEVZ,https://x.com/JEVZlnwza
youtube,UCWS53JU_S79XyN9KKOCOCHw,Kianae IONIX,https://www.youtube.com/channel/UCWS53JU_S79XyN9KKOCOCHw
tiktok,7233055345365959685,kampheesoalone,https://www.tiktok.com/@kampheevtuber
x,Harumoon_v2,Harumoon Ch.,https://x.com/Harumoon_v2
tiktok,7330605727130256385,navylucifervwy,https://www.tiktok.com/@navylucifervwy
twitch,1329495837,melinoir_th,https://www.twitch.tv/melinoir_th
twitch,115119980,AlanCreation,https://www.twitch.tv/alancreation
youtube,UC4EiUVIMjw-SE6_6Kt0Mk-g, เช่ค้าบ 𝗟𝗨𝗖𝗛𝗘,https://www.youtube.com/channel/UC4EiUVIMjw-SE6_6Kt0Mk-g
x,Kiran_Regalia,Kiran Regalia『AST』 ,https://x.com/Kiran_Regalia
youtube,UCapmEuEA_aL81YaihYO27vQ,Tsuku CH.,https://www.youtube.com/channel/UCapmEuEA_aL81YaihYO27vQ
facebook,100011121540227,100011121540227,https://www.facebook.com/profile.php?id=100011121540227
twitch,1058780722,yuneschan,https://www.twitch.tv/yuneschan
tiktok,7576203175314097172,mikotomimaneneko,https://www.tiktok.com/@mikotomimutelu
youtube,UCc3SW0RuO0pK4n1jYmDvGKw,Ariel | R.E.L's New Laboratory,https://www.youtube.com/channel/UCc3SW0RuO0pK4n1jYmDvGKw
x,V_Esper_C,Celestier Rolannda [crrda.ch],https://x.com/V_Esper_C
youtube,UCdlJxYXr4eh44NeCSjOe_Fg,RainRem Ch. レーンレム,https://www.youtube.com/channel/UCdlJxYXr4eh44NeCSjOe_Fg
tiktok,7454243039533040648,KiSSeria_♡ vtuber,https://www.tiktok.com/@kisseria_
youtube,UCRk9GF8RknJ1tfcgP2Rr2Vw,Ran [EC19 Projekt],https://www.youtube.com/channel/UCRk9GF8RknJ1tfcgP2Rr2Vw
x,Lazyy_Yui,xLazyYui,https://x.com/Lazyy_Yui
twitch,169842605,TAkumaREI007,https://www.twitch.tv/takumarei007
youtube,UCpSsKMbL7zvD87O8-57Mg7A,Aikaze,https://www.youtube.com/channel/UCpSsKMbL7zvD87O8-57Mg7A
tiktok,7010016443748500482,Gibpurin,https://www.tiktok.com/@gibpurin
x,Sebastos_vt_r,Sebastos | Vtuber,https://x.com/Sebastos_vt_r
tiktok,7004465290710320129,unclekanun,https://www.tiktok.com/@unclekanun
instagram,jammy_chan_ch,jammy_chan_ch,https://www.instagram.com/jammy_chan_ch
x,zandy31a,Zandy,https://x.com/zandy31a
x,SirrisGoddess,Sirris Goddess Ch.,https://x.com/SirrisGoddess
x,MitsukiRinna_LH,Mitsuki Vtuber,https://x.com/MitsukiRinna_LH
youtube,UCpIlOwUGihEx-Qzie2JiMWw,Retsu_Red,https://www.youtube.com/channel/UCpIlOwUGihEx-Qzie2JiMWw
twitch,1515005175,trashythemeow,https://www.twitch.tv/trashythemeow
youtube,UCtk8lcwk_Gx9egTljfiCMYw,Qmulaz,https://www.youtube.com/channel/UCtk8lcwk_Gx9egTljfiCMYw
twitch,228936025,Salizius,https://www.twitch.tv/salizius
twitch,821792726,camelliameilleur,https://www.twitch.tv/camelliameilleur
youtube,UCfcNIwkAhHcDTP1rQg2n5nw,Tiara Rexa Ch. 【POLYGON】,https://www.youtube.com/channel/UCfcNIwkAhHcDTP1rQg2n5nw
x,OldmanAzazel,Azazel the Wanderer Ch.,https://x.com/OldmanAzazel
tiktok,7151317779138839558,Sigmunda Riona,https://www.tiktok.com/@rionaplg
tiktok,7489881548818318354,Arceria ZooN【CRA】,https://www.tiktok.com/@aceriazooncra
x,KamikoShogo,Shogo ⌜VZ⌟,https://x.com/KamikoShogo
youtube,UCbbK8AskO_4tRrs0yc7bQXQ,FouruaryTH,https://www.youtube.com/channel/UCbbK8AskO_4tRrs0yc7bQXQ
x,_pingpinx,Lattemelo,https://x.com/_pingpinx
youtube,UCDb3FYf93LJEcswNeZ05uag,Kampaiii 《Vtuber》,https://www.youtube.com/channel/UCDb3FYf93LJEcswNeZ05uag
tiktok,7533980887635280912,Tenka (เท็นกะ) | V.W.Y,https://www.tiktok.com/@tenkakagami
youtube,UCtAwmDprhStjmfRwyF3znsQ,Warene Ch. [ヴァリーネー],https://www.youtube.com/channel/UCtAwmDprhStjmfRwyF3znsQ
x,AkemiArlin,Akemi Arlin Ch. Pixela Legends,https://x.com/AkemiArlin
x,Reyiji,Hiyoribouzu Ch.,https://x.com/Reyiji
twitch,1023485840,AytheraVT,https://www.twitch.tv/aytheravt
x,Adrelis_ALF,Adrelis Zinya「ALF」,https://x.com/Adrelis_ALF
youtube,UCDVOWB_Fi5jmi6o-x5_uV8g,Deliva Kaga ch.,https://www.youtube.com/channel/UCDVOWB_Fi5jmi6o-x5_uV8g
youtube,UCx5NsY_dUUU2NHK2P8u10xQ,Ngerntong-เงินทอง,https://www.youtube.com/channel/UCx5NsY_dUUU2NHK2P8u10xQ
tiktok,7077803343825306651,Aranis Elvene,https://www.tiktok.com/@aranis_elvene
youtube,UChgVLsZjY0Pzzm5CZ-8a6MQ,PingPingko【REC】,https://www.youtube.com/channel/UChgVLsZjY0Pzzm5CZ-8a6MQ
youtube,UCttMAJHfOEXryNHnnDNG53g,MAMORI Ch.,https://www.youtube.com/channel/UCttMAJHfOEXryNHnnDNG53g
x,AstreaASTR,Astrea Ch. アストリア〖ECR〗,https://x.com/AstreaASTR
youtube,UCRiS4VWQedLfgE1g1AKD1DQ,Iryne Mau Ch. [Autumnia],https://www.youtube.com/channel/UCRiS4VWQedLfgE1g1AKD1DQ
tiktok,6697352520182236166,NolerDK,https://www.tiktok.com/@nolerdk
x,TrustLnw,ช่องนี้ ซัน คุม อิอิ,https://x.com/TrustLnw
youtube,UCsQqb5obLoEfcDoiaZFM7LA,moujob,https://www.youtube.com/channel/UCsQqb5obLoEfcDoiaZFM7LA
youtube,UCXkoAHy8rg9tryYsD61IXOg,Morr Ch.【ARP】,https://www.youtube.com/channel/UCXkoAHy8rg9tryYsD61IXOg
youtube,UCjnKbgxO0tCXzNlSsnYjdyg,Kerori Raika,https://www.youtube.com/channel/UCjnKbgxO0tCXzNlSsnYjdyg
tiktok,7303892185760547845,Ziika ｡°,https://www.tiktok.com/@mu_ziika
facebook,61572972016670,61572972016670,https://www.facebook.com/profile.php?id=61572972016670
twitch,1319666891,elsenia_volentia,https://www.twitch.tv/elsenia_volentia
tiktok,6714169600009683970,🐼PandaSensiVT,https://www.tiktok.com/@pandasensi_ttv
youtube,UCn3Svapu91rgZVUsBajKTuA,khunCHANII,https://www.youtube.com/channel/UCn3Svapu91rgZVUsBajKTuA
youtube,UC2AmIPun8jDuz1ksnxQTtcw,sunraindre,https://www.youtube.com/channel/UC2AmIPun8jDuz1ksnxQTtcw
x,ThearDreamWhale,Thear DreamWhale° 10Hz,https://x.com/ThearDreamWhale
twitch,674073826,yyoruu,https://www.twitch.tv/yyoruu
twitch,715990491,dttodot,https://www.twitch.tv/dttodot
twitch,1129532599,akira_sorasei,https://www.twitch.tv/akira_sorasei
twitch,776749045,KaylefOrion,https://www.twitch.tv/kayleforion
youtube,UCydCZ9HbM9TbvXwsoI8rSdQ,QDM. Nora 『VW』,https://www.youtube.com/channel/UCydCZ9HbM9TbvXwsoI8rSdQ
facebook,r2pbyhito,r2pbyhito,https://www.facebook.com/r2pbyhito
tiktok,7213157157272732698,Yumi Ch.,https://www.tiktok.com/@yumivtuberth
tiktok,7463336228051862536,Amello 💜🧸,https://www.tiktok.com/@amello_channel
youtube,UCCDb84g4xtJYE0bOJ6BLwJg,Damon Vilanish(VTuber),https://www.youtube.com/channel/UCCDb84g4xtJYE0bOJ6BLwJg
twitch,735799377,neshi_cat,https://www.twitch.tv/neshi_cat
tiktok,7336061913820005383,MildRWorldEnd,https://www.tiktok.com/@mildrworldend
youtube,UCcLO1hhvvD6AKtDayqDABpA,MawMeow Channel / แมวเหมียว~,https://www.youtube.com/channel/UCcLO1hhvvD6AKtDayqDABpA
twitch,256724722,jayz_vouch,https://www.twitch.tv/jayz_vouch
youtube,UCtJXU7YRwS-Cc8pu8U8bicg,Chiziz R Fa,https://www.youtube.com/channel/UCtJXU7YRwS-Cc8pu8U8bicg
youtube,UC2mSWpVqjjQ7G7gEIfQ7p9w,Zeraphina Hana,https://www.youtube.com/channel/UC2mSWpVqjjQ7G7gEIfQ7p9w
x,ReniaMarinette,Renia Marinette Ch.【PSM】,https://x.com/ReniaMarinette
youtube,UCC3IBnXJb8xYdg-_MMh1qNg,Pamberry Ch,https://www.youtube.com/channel/UCC3IBnXJb8xYdg-_MMh1qNg
x,Aelisse_EPR,Aelisse,https://x.com/Aelisse_EPR
twitch,26964218,yuikami,https://www.twitch.tv/yuikami
tiktok,6554270292767932418,althenach,https://www.tiktok.com/@althena_ch
twitch,408853547,Akatsuki_Yashiro,https://www.twitch.tv/akatsuki_yashiro
twitch,740381529,yumiiko_95,https://www.twitch.tv/yumiiko_95
tiktok,7264148167602816018,ginokami_aki_,https://www.tiktok.com/@ginokami_aki_
youtube,UCEpxkPOevg0ItmSknvEcngg,Tamto Ch.,https://www.youtube.com/channel/UCEpxkPOevg0ItmSknvEcngg
twitch,754595578,bdy_baddie,https://www.twitch.tv/bdy_baddie
youtube,UCQf7QAgBILAuLKG0Eg_WLBw,SayJifuyuV,https://www.youtube.com/channel/UCQf7QAgBILAuLKG0Eg_WLBw
youtube,UCEbwSVZLmNpdgZPbeFL7chg,kevin TH,https://www.youtube.com/channel/UCEbwSVZLmNpdgZPbeFL7chg
tiktok,6594447447983800322,‧˚ ลูน่า🎀💧LunaLumIIna「 PRD 」,https://www.tiktok.com/@lunalumiina
tiktok,7355166994133550098,Saneko 🐱🍡『 𝗘𝗣𝗥 ʚɞྀི 』,https://www.tiktok.com/@saneko_epr
tiktok,7331789836410881032,เอ็นริริริ,https://www.tiktok.com/@enri_vtuber
youtube,UCDuv12N1-maTw7eemVA2hgQ,カエン KAEN Ch.,https://www.youtube.com/channel/UCDuv12N1-maTw7eemVA2hgQ
youtube,UCqfR7Nkz-wkfQgcMDsU7HnA,Pimkishy,https://www.youtube.com/channel/UCqfR7Nkz-wkfQgcMDsU7HnA
twitch,1167899779,sapphire_mem,https://www.twitch.tv/sapphire_mem
x,Lizsy_wis,Liz's | WISLIVE,https://x.com/Lizsy_wis
youtube,UCjw7DQp5uNND5qMyyhtOpdQ,RaFa DXD,https://www.youtube.com/channel/UCjw7DQp5uNND5qMyyhtOpdQ
tiktok,7293484378848019464,J U $ T,https://www.tiktok.com/@just_vz
x,Azuri_PRD,Azuri「 PRD 」,https://x.com/Azuri_PRD
twitch,834625215,zutraelle,https://www.twitch.tv/zutraelle
x,YvesMonet_21PM,Yves Monet Deirdre【21PM】,https://x.com/YvesMonet_21PM
youtube,UCQSPYuDISdhcuvXsAhn3BTQ,Lunatrix Ch.,https://www.youtube.com/channel/UCQSPYuDISdhcuvXsAhn3BTQ
youtube,UCaCZ78DoDsPxejb_azg1hog,ITsMeYao,https://www.youtube.com/channel/UCaCZ78DoDsPxejb_azg1hog
x,Uniwii_ARP,Uniwii Ch.【ARP】,https://x.com/Uniwii_ARP
twitch,797614428,aivtuber_yono,https://www.twitch.tv/aivtuber_yono
tiktok,7252412392280605702,Okami Hito,https://www.tiktok.com/@okami.hito
x,Bunana_Vtuber,Bunana Vtuber,https://x.com/Bunana_Vtuber
twitch,1158500436,kiku_himegu,https://www.twitch.tv/kiku_himegu
x,RyuseiStarlight,Ryusei Starlight Ch.,https://x.com/RyuseiStarlight
x,DalphonV,Dalphon_Vtuber ,https://x.com/DalphonV
twitch,728382271,mallow_ham,https://www.twitch.tv/mallow_ham
twitch,627646265,FL_FirstsLove,https://www.twitch.tv/fl_firstslove
twitch,162287432,okami_hito,https://www.twitch.tv/okami_hito
youtube,UCv4vY8ecIowhnHMvuNt7ywg,Evelyn Treeswift,https://www.youtube.com/channel/UCv4vY8ecIowhnHMvuNt7ywg
youtube,UCjgyitv53-dae3SMkKwruGw,MELBEZ,https://www.youtube.com/channel/UCjgyitv53-dae3SMkKwruGw
tiktok,6970912670536090626,Wornlity「 PRD 」,https://www.tiktok.com/@wornlity
youtube,UCdr7zWq0TdPTK-kp2hxUIVg,X ZiLVA,https://www.youtube.com/channel/UCdr7zWq0TdPTK-kp2hxUIVg
twitch,728007407,memeawwww,https://www.twitch.tv/memeawwww
tiktok,7233653193217131525,Adama MiSE Ch.,https://www.tiktok.com/@adama.mise
twitch,174870336,subs,https://www.twitch.tv/subs/Kurisumasu_
youtube,UCxvd3oONCAAlvj5E6sbniuQ,xElizia,https://www.youtube.com/channel/UCxvd3oONCAAlvj5E6sbniuQ
twitch,893664894,Enryu_Horus,https://www.twitch.tv/enryu_horus
twitch,1138397646,althena_mqn,https://www.twitch.tv/althena_mqn
youtube,UC5VPIoY1j_x9UZSqkpwg8jw,Maya Oboro Ch.,https://www.youtube.com/channel/UC5VPIoY1j_x9UZSqkpwg8jw
facebook,BEARISSBEAM,BEARISSBEAM,https://www.facebook.com/BEARISSBEAM
x,goddess__ofwAr,Aventurine Ch,https://x.com/goddess__ofwAr
x,Athrun_TytoAlba,Athrun Ch. ,https://x.com/Athrun_TytoAlba
youtube,UCDdYlO59uiphs8QUL7I88Rg,Kaneaki Arina Ch.,https://www.youtube.com/channel/UCDdYlO59uiphs8QUL7I88Rg
twitch,762040151,millou_uu,https://www.twitch.tv/millou_uu
youtube,UCZq9-nxDs5XXEtAPzAuBnhQ,Wynn Carwin Ch. | OAL,https://www.youtube.com/channel/UCZq9-nxDs5XXEtAPzAuBnhQ
tiktok,6941637746566448130,UVChan,https://www.tiktok.com/@maewuvchanchannel
x,deksammy_,deksammy,https://x.com/deksammy_
x,Liviana_VWitch,LIVIANA Ch.,https://x.com/Liviana_VWitch
tiktok,7015578676314948610,rafadxd_3dvtuber,https://www.tiktok.com/@rafadxd_3dvtuber
x,komurahuak,MOLLY,https://x.com/komurahuak
tiktok,7307583155350406149,Moe Kaori ☆,https://www.tiktok.com/@kaori_vz
tiktok,7579286459296105490,PorChorDev,https://www.tiktok.com/@porchordev
facebook,61580137779621,61580137779621,https://www.facebook.com/profile.php?id=61580137779621
youtube,UCGXguhCIYycPMOTZN9s4x6A,จู้จีนจุกจิก | Regene【RE:S】,https://www.youtube.com/channel/UCGXguhCIYycPMOTZN9s4x6A
facebook,CandyCatdyy,CandyCatdyy,https://www.facebook.com/CandyCatdyy
youtube,UCzYQq6dHfzsNqBOwK1nw07A,CinCin Vtu,https://www.youtube.com/channel/UCzYQq6dHfzsNqBOwK1nw07A
youtube,UCIDkMzUr_JW5yoiq_Nx35_A,MaaeTheGreatest,https://www.youtube.com/channel/UCIDkMzUr_JW5yoiq_Nx35_A
tiktok,7672056498604557333,kiran.regalia,https://www.tiktok.com/@kiran.regalia
twitch,742304739,X_ZiLVA,https://www.twitch.tv/x_zilva
youtube,UCL0LiR5zg3vRnIHp-CowVBg,KamiSaki Kuro Ch.,https://www.youtube.com/channel/UCL0LiR5zg3vRnIHp-CowVBg
youtube,UCghRTkqCoqGGmq9s8z7muLg,G RED,https://www.youtube.com/channel/UCghRTkqCoqGGmq9s8z7muLg
youtube,UCt3VBRNF3sR05y763RZx2xw,AELA CH. [EC19 Projekt],https://www.youtube.com/channel/UCt3VBRNF3sR05y763RZx2xw
twitch,146120125,PanBiBi,https://www.twitch.tv/panbibi
youtube,UCN0m7R88NRnqBdjIPcloOnw,Natsume [NEX],https://www.youtube.com/channel/UCN0m7R88NRnqBdjIPcloOnw
x,Oatsukaresan,Oatsukaresan「ECR」,https://x.com/Oatsukaresan
x,banpratou,Banpratou,https://x.com/banpratou
youtube,UC6Zrmc0VG4gqQJ4jS58iKGw,Ezra Ch.,https://www.youtube.com/channel/UC6Zrmc0VG4gqQJ4jS58iKGw
tiktok,7578093865119974421,PPoooonn Ch.,https://www.tiktok.com/@p2o4n2
x,BaimonUrBFF,RIPry - ริบหรี่,https://x.com/BaimonUrBFF
youtube,UCUaWCz3UX9XNdA97qPHuAYg,MamiMumei,https://www.youtube.com/channel/UCUaWCz3UX9XNdA97qPHuAYg
twitch,741646579,Racyena,https://www.twitch.tv/racyena
youtube,UC5ZH6Ynk7iBN4wJBanvhXcg,Janus ch.「TRR」,https://www.youtube.com/channel/UC5ZH6Ynk7iBN4wJBanvhXcg
twitch,1220763398,arisu443,https://www.twitch.tv/arisu443
x,_ANT4ZIN_,ANT4ZIN,https://x.com/_ANT4ZIN_
tiktok,7138783313478075397,Nora,https://www.tiktok.com/@amamiyanora
tiktok,6944229341066068994,makarov227c,https://www.tiktok.com/@makarov227c
youtube,UCrZZ55RSNNZvURxjffvIDng,DieInGamez,https://www.youtube.com/channel/UCrZZ55RSNNZvURxjffvIDng
x,ureinaz,Ureinaz,https://x.com/ureinaz
youtube,UC5hOgx6yvYrY8Rn1zaxAY1A,Zelune Noctarielle 🌙,https://www.youtube.com/channel/UC5hOgx6yvYrY8Rn1zaxAY1A
twitch,144217479,TaenaKUB,https://www.twitch.tv/taenakub
twitch,71654657,In0suke,https://www.twitch.tv/in0suke
twitch,558244699,phurhii,https://www.twitch.tv/phurhii
youtube,UCdoQwqmi-QKjHOJnvg0wm4Q,xLazyYui,https://www.youtube.com/channel/UCdoQwqmi-QKjHOJnvg0wm4Q
twitch,71060661,ru_kidd,https://www.twitch.tv/ru_kidd
ganknow,jammychan,JamMyChan ch.,https://ganknow.com/jammychan
x,FouruaryTH,FouruaryTH,https://x.com/FouruaryTH
instagram,lazada_th,lazada_th,https://www.instagram.com/lazada_th
x,wilona_thegoat,Wilona Ch.,https://x.com/wilona_thegoat
tiktok,7608519499542152209,NAOKIREI,https://www.tiktok.com/@naokireiii
youtube,UCt6FZvZeGX7_0dFT5bibXig,Banpratou,https://www.youtube.com/channel/UCt6FZvZeGX7_0dFT5bibXig
tiktok,7568789457814504465,vampaow56,https://www.tiktok.com/@vampaow56
x,Narelle_FIXIXVT,Narelle ch. 【FIXIX VT】,https://x.com/Narelle_FIXIXVT
tiktok,7337502980810703880,aelegos_sun_ofaemin,https://www.tiktok.com/@aelegos_sun_ofaemin
youtube,UCwUlSrFBV74QvDBE112cibw,Aii MangaPink ch,https://www.youtube.com/channel/UCwUlSrFBV74QvDBE112cibw
youtube,UCrVrg-DbNYlz-1TMgthXWRA,Frounce Zebious,https://www.youtube.com/channel/UCrVrg-DbNYlz-1TMgthXWRA
instagram,sua.vtuber,sua.vtuber,https://www.instagram.com/sua.vtuber
youtube,UCjpsxqVVjdZWy5eW5-ZkbcA,Amnuai CH,https://www.youtube.com/channel/UCjpsxqVVjdZWy5eW5-ZkbcA
youtube,UCmU2ZpoUQNii8DSKuWR3qLQ,KoSaru_Ch,https://www.youtube.com/channel/UCmU2ZpoUQNii8DSKuWR3qLQ
x,SaranaSapina,Sarana Sapina Ch.,https://x.com/SaranaSapina
youtube,UC3sqLdjV0uxXfAzLE-fJeXw,Cresent Ansel Ch.,https://www.youtube.com/channel/UC3sqLdjV0uxXfAzLE-fJeXw
x,XiaoliVTofuTH,XIAOLI《小莉》,https://x.com/XiaoliVTofuTH
twitch,1059862459,AlyssaSeraphina,https://www.twitch.tv/alyssaseraphina
twitch,182248595,poychan,https://www.twitch.tv/poychan
twitch,187498439,BiOM4NzZ,https://www.twitch.tv/biom4nzz
youtube,UCWp6-EK_2seNDN_HN3mo9gA,^-Maru Chan-^,https://www.youtube.com/channel/UCWp6-EK_2seNDN_HN3mo9gA
tiktok,7339132705080804357,Rayan_FIXIXVT,https://www.tiktok.com/@rayan_fixixvt
youtube,UCqozdR0DYubMg22jJV2eThQ,Anastasia Ch.「TRR」,https://www.youtube.com/channel/UCqozdR0DYubMg22jJV2eThQ
youtube,UCPtO4Ttn7kqIaxDHBr15fNQ,Zelycia Le Chantel,https://www.youtube.com/channel/UCPtO4Ttn7kqIaxDHBr15fNQ
x,jozette_oal,Jozetté Wrasset Ch. | OAL,https://x.com/jozette_oal
x,AoiNekomori,Aoi Nekomori,https://x.com/AoiNekomori
youtube,UC6Ea68DSHlXrcy9uIw4oUIg,Lanlongying Ch.,https://www.youtube.com/channel/UC6Ea68DSHlXrcy9uIw4oUIg
x,Rubellite_EPR,Rubellite ch. Euphora,https://x.com/Rubellite_EPR
youtube,UC0cpWaYfZHppuIXGN6on59Q,Nisa Ch. นิสาปี้,https://www.youtube.com/channel/UC0cpWaYfZHppuIXGN6on59Q
youtube,UCbJzR2e_KQAATjnkddLTL9A,Polygon Official,https://www.youtube.com/channel/UCbJzR2e_KQAATjnkddLTL9A
youtube,UCRpX7uvjkoy3-j_U_3atvog,Urara Momomi,https://www.youtube.com/channel/UCRpX7uvjkoy3-j_U_3atvog
tiktok,6985462937302483995,erima🦊,https://www.tiktok.com/@erimavtb
youtube,UCVX1q9x58mqu12j94cAwr0w,Kirine Ch.,https://www.youtube.com/channel/UCVX1q9x58mqu12j94cAwr0w
x,Lynis_EPR,Lynis ch. Euphora | Vtuber,https://x.com/Lynis_EPR
youtube,UCHyAFq-CHcgrOte84Wvmorw,IKKI CHANNEL,https://www.youtube.com/channel/UCHyAFq-CHcgrOte84Wvmorw
youtube,UCldD-XczW0-Frlbo11CIqfg,Darchelle ch.,https://www.youtube.com/channel/UCldD-XczW0-Frlbo11CIqfg
twitch,907616232,maewmon25,https://www.twitch.tv/maewmon25
twitch,673095318,softcreamzx,https://www.twitch.tv/softcreamzx
tiktok,7036152853714994177,MosantXD,https://www.tiktok.com/@mosantxd
x,SimonCrucisburg,Simon von Crucisburg,https://x.com/SimonCrucisburg
twitch,1123810607,whanyenjiab,https://www.twitch.tv/whanyenjiab
x,Drewiskiy,Drewiskiy,https://x.com/Drewiskiy
youtube,UCW0EhUBJrTtjSywG4-MGgrQ,Grimus Grimm Ch. Pixela Destiny,https://www.youtube.com/channel/UCW0EhUBJrTtjSywG4-MGgrQ
youtube,UC_f-4lGvlAXpBrN9vHertvA,Akiyama Zqiu Ch. | RPG 【GRADUATED】,https://www.youtube.com/channel/UC_f-4lGvlAXpBrN9vHertvA
x,Kirameki_Yu,YuChan Channel ⌜VZ⌟,https://x.com/Kirameki_Yu
twitch,1374380253,bughaginhuamung,https://www.twitch.tv/bughaginhuamung
youtube,UCHhIQk2SuVBxR4H2PH_3j2Q,นานาโฮชิ นานะ / 七星ナナ,https://www.youtube.com/channel/UCHhIQk2SuVBxR4H2PH_3j2Q
youtube,UCf4ma6wZwlPor4Q9uvHUvDQ,Xenon PhaneJohn 🐊💧,https://www.youtube.com/channel/UCf4ma6wZwlPor4Q9uvHUvDQ
tiktok,7416997086707450898,clairederier,https://www.tiktok.com/@clairederier
twitch,249835148,AnnissaTiana,https://www.twitch.tv/annissatiana
twitch,816775256,AstreaASTR,https://www.twitch.tv/astreaastr
x,MerryKomori,MerryKomori Lu.,https://x.com/MerryKomori
twitch,597919186,ElbrynBoo,https://www.twitch.tv/elbrynboo
twitch,55553539,BengalActual,https://www.twitch.tv/bengalactual
youtube,UCZ3R0yNb7ktPu1hdjbyQ2lg,Yuu Ch.,https://www.youtube.com/channel/UCZ3R0yNb7ktPu1hdjbyQ2lg
x,Kirine_21,Kirine Ch.,https://x.com/Kirine_21
youtube,UCSpIYbnsnaXgRpIpipxJRcw,Laychlype「ALF」,https://www.youtube.com/channel/UCSpIYbnsnaXgRpIpipxJRcw
twitch,901250235,Dalinjumora,https://www.twitch.tv/dalinjumora
youtube,UCX709cHEHWW3QU1qSA_dyVA,Housagi ch. Euphora,https://www.youtube.com/channel/UCX709cHEHWW3QU1qSA_dyVA
x,KeressaZoulfia,Keressa Zoulfia Ch. Pixela-Mystic,https://x.com/KeressaZoulfia
youtube,UC3qWSgyoIB-pyGhjTBUwQww,Zoel Ch.,https://www.youtube.com/channel/UC3qWSgyoIB-pyGhjTBUwQww
twitch,808168744,PondChanCH,https://www.twitch.tv/pondchanch
facebook,LittleGWarin,LittleGWarin,https://www.facebook.com/LittleGWarin
tiktok,7076100327539573761,RaksaVtuber,https://www.tiktok.com/@raksavtuber
youtube,UCGMiAEmU8MB1-2abX_Tjkyw,Wine Ch. ,https://www.youtube.com/channel/UCGMiAEmU8MB1-2abX_Tjkyw
tiktok,7356079841181156369,KnowChan - โนว์จัง 💓💡,https://www.tiktok.com/@knowchanth
twitch,506521665,hellsinki_o,https://www.twitch.tv/hellsinki_o
tiktok,7565934319521956871,Riel Tabiji-VtuberTH,https://www.tiktok.com/@riel_tabiji_vth
youtube,UC8fneiVrSectPFlnumDMFaw,FuMoon Dayooo,https://www.youtube.com/channel/UC8fneiVrSectPFlnumDMFaw
youtube,UC0_VlKMxJuvQm5lZnG5AT4g,Yuzei Akatsuki,https://www.youtube.com/channel/UC0_VlKMxJuvQm5lZnG5AT4g
youtube,UCmVx2k5Qcsmk8qGbZEBZGCw,Lucia Xavier,https://www.youtube.com/channel/UCmVx2k5Qcsmk8qGbZEBZGCw
x,9ro9zu,Kuzune Ch.,https://x.com/9ro9zu
x,Somjeedbanrai,Somjeedbanrai【VJN】,https://x.com/Somjeedbanrai
x,TAKO_TK2126,Tako_TK Ch.,https://x.com/TAKO_TK2126
youtube,UCAvQO1F-w6NELewvcDFupmw,MaewUVChan Channel,https://www.youtube.com/channel/UCAvQO1F-w6NELewvcDFupmw
youtube,UCDH0eXdMf-vFqvTtjADsOcw,_PONDEX,https://www.youtube.com/channel/UCDH0eXdMf-vFqvTtjADsOcw
facebook,61591583510081,61591583510081,https://www.facebook.com/profile.php?id=61591583510081
x,Zekai_ARP,Zekai Ch.【ARP】,https://x.com/Zekai_ARP
tiktok,7535503928549737479,Yusaki「 AYR 」,https://www.tiktok.com/@yusaki_yu
twitch,674579133,AiiNE_RR,https://www.twitch.tv/aiine_rr
twitch,1093285212,HO07RI,https://www.twitch.tv/ho07ri
facebook,Supeacha,Supeacha,https://www.facebook.com/Supeacha
x,Nora_Vanadiz,Nora Vanadiz 「univirsual」,https://x.com/Nora_Vanadiz
tiktok,6760227623688766466,ข่อยเป็นบีเกิ้ล[MDZ],https://www.tiktok.com/@kitadesusmdz
x,Pekorin_SSR,Pekorin SSR,https://x.com/Pekorin_SSR
twitch,1155539530,reva_regaliaast,https://twitch.tv/reva_regaliaast/home?tt_content=channel&tt_medium=mobile_web_share
tiktok,7552225027723478024,Re:CodeX,https://www.tiktok.com/@recodex_info
twitch,468599571,iMewMiu,https://www.twitch.tv/imewmiu
youtube,UCvkWF6PZ6h7T9wOej3bWGcw,Zariza Ophius Ch.,https://www.youtube.com/channel/UCvkWF6PZ6h7T9wOej3bWGcw
x,JollyEstaaV2,Jolly Estaa Ch. Pixela-Isekai,https://x.com/JollyEstaaV2
x,Mikethemeow,MeowMiKe CH. 《19'S》,https://x.com/Mikethemeow
youtube,UCn1sslufP5oBkTGkIqL72ZQ,ลินน่าจะร้อง | Lynna Vsinger,https://www.youtube.com/channel/UCn1sslufP5oBkTGkIqL72ZQ
youtube,UCpXRdlZ-aGpd9s2gFVl63lg,อเมะ,https://www.youtube.com/channel/UCpXRdlZ-aGpd9s2gFVl63lg
x,KurosawaSP,Kurosawa Karwara〖Autumnia〗,https://x.com/KurosawaSP
twitch,160464273,lanevtuber,https://www.twitch.tv/lanevtuber
tiktok,7194299409105060870,Big M 4U,https://www.tiktok.com/@big_m_4u
twitch,752523954,Laurie_Blisse,https://www.twitch.tv/laurie_blisse
youtube,UCGhWfzi-1RoI9mJKzrCJGHQ,Sakamajimai / Sharky Ch.,https://www.youtube.com/channel/UCGhWfzi-1RoI9mJKzrCJGHQ
youtube,UCURSzDgzFhYWhKDySspPisA,LittleG ch. Euphora,https://www.youtube.com/channel/UCURSzDgzFhYWhKDySspPisA
youtube,UC5ZB56gBvLOM3e_eVioCrCQ,Bettha Ch.,https://www.youtube.com/channel/UC5ZB56gBvLOM3e_eVioCrCQ
x,SoulYuuVtb2615,It's SouYuu vtb,https://x.com/SoulYuuVtb2615
tiktok,7478549475259221013,rocco_vnv,https://www.tiktok.com/@rocco_vnv
twitch,93012090,rinwest,https://www.twitch.tv/rinwest
x,Nongwan49319887,Nongwan TV,https://x.com/Nongwan49319887
twitch,1495753963,dragoooon420,https://www.twitch.tv/dragoooon420
youtube,UCbZDGjLa_Rc3TfPVXMR1Tog,Biscuit Blythe Ch. Pixela Destiny,https://www.youtube.com/channel/UCbZDGjLa_Rc3TfPVXMR1Tog
x,ArisuINJin,Arisu Jin Ch.【PSM】,https://x.com/ArisuINJin
tiktok,7353335366164431880,เจ้าเวทย์อันเดอร์สกอร์วีที,https://www.tiktok.com/@jaowayde_vt
x,Mongon_AF48DW,MONGON. Association From 48 Dimension World (V.2),https://x.com/Mongon_AF48DW
tiktok,7182127465195799557,enryu_horus,https://www.tiktok.com/@enryu_horus
tiktok,7252304175769650182,Astreala Project,https://www.tiktok.com/@astrealapj
tiktok,7239197015467852805,Thara_oceanfae,https://www.tiktok.com/@tharaoceanfae
twitch,731619437,HAO12i,https://www.twitch.tv/hao12i
tiktok,7466536527449097232,mamunzaatv,https://tiktok.com/@mamunzaatv
x,majcha_ch,MAJCHA มัจฉา | DEBUT SOON,https://x.com/majcha_ch
twitch,534913509,dragoooon_xd,https://www.twitch.tv/dragoooon_xd
youtube,UCpfWYM5nNmWfroMIXBk3Gug,Jozetté Wrasset Ch. | OAL,https://www.youtube.com/channel/UCpfWYM5nNmWfroMIXBk3Gug
x,NamiNeRakko,NamiNe,https://x.com/NamiNeRakko
twitch,143569909,inumaru_atsuki,https://www.twitch.tv/inumaru_atsuki
twitch,1091316290,potia_vtuth,https://www.twitch.tv/potia_vtuth
x,Artie_EPR,Artie ch. Euphora,https://x.com/Artie_EPR
x,FoodieFo_4,FoodieFo ch ⌜VZ⌟,https://x.com/FoodieFo_4
instagram,hyougaalpha,hyougaalpha,https://www.instagram.com/hyougaalpha
twitch,442584372,zerobusterxz,https://www.twitch.tv/zerobusterxz
x,orinnia_Vtuber,Orinnia ch.,https://x.com/orinnia_Vtuber
tiktok,7560191697616372744,Kala ไม่ใช่กะลา,https://www.tiktok.com/@kala_epr
facebook,LuYaoVtuber,LuYaoVtuber,https://www.facebook.com/LuYaoVtuber
x,Patchaychannel,Patchay channel,https://x.com/Patchaychannel
facebook,61593479824865,61593479824865,https://www.facebook.com/profile.php?id=61593479824865
x,MThich_a,Thicha ch.,https://x.com/MThich_a
x,Timothy_Weii,Timothy Weii Ch.,https://x.com/Timothy_Weii
youtube,UCTJ1Zw4hW6L7iZ1i9aaIF7A,Esme Nightingale,https://www.youtube.com/channel/UCTJ1Zw4hW6L7iZ1i9aaIF7A
x,AnyaSmith203,Anya Smith,https://x.com/AnyaSmith203
twitch,729390443,bobdontlikebroccoli,https://www.twitch.tv/bobdontlikebroccoli
ganknow,somjeedbanrai,Somjeedbanrai【VJN】,https://ganknow.com/somjeedbanrai
instagram,julius_kosmolatria,julius_kosmolatria,https://www.instagram.com/julius_kosmolatria
youtube,UC3rL0_fwhvTx0zpFj4pn5Dw,Timothy Weii Ch.,https://www.youtube.com/channel/UC3rL0_fwhvTx0zpFj4pn5Dw
x,QurseVibeENT,QURSE,https://x.com/QurseVibeENT
tiktok,7151312156041675782,Tamami เป็นVtuber🥚💗,https://www.tiktok.com/@tamamiplg
youtube,UCsB043n4HJ1SfywowZACmug,Ané Monie Ch. | OAL,https://www.youtube.com/channel/UCsB043n4HJ1SfywowZACmug
youtube,UCzOlFrxT8PsxRRA5E4MiMUQ,210Ri_CH,https://www.youtube.com/channel/UCzOlFrxT8PsxRRA5E4MiMUQ
youtube,UCkf9IC_RAo1SSj4BvR7ahOA,Emiliaエミリア🌸🍡 ch.,https://www.youtube.com/channel/UCkf9IC_RAo1SSj4BvR7ahOA
facebook,UsamiBunny,Usami Bunny,https://www.facebook.com/UsamiBunny
facebook,byte slr,byte slr,https://www.facebook.com/byte slr
x,Keelin_Peryton,Keelin Peryton『VW』,https://x.com/Keelin_Peryton
tiktok,7326562894299956231,Aiden Leonheart【SRV】,https://www.tiktok.com/@aidenleonheart
x,hydejung21PM,Hydejung 【21PM】,https://x.com/hydejung21PM
x,WhitePGZ,Whyte Ch.,https://x.com/WhitePGZ
youtube,UCgxuLWOuU5QX8ReEFthb_lA,อยากเปลี่ยนชื่ออะ อดีตตามหลอกหลอนอย่างมาก,https://www.youtube.com/channel/UCgxuLWOuU5QX8ReEFthb_lA
youtube,UCantL0_E-ATsKZTmZmZ51tw,Millennia Ch.【ARP】,https://www.youtube.com/channel/UCantL0_E-ATsKZTmZmZ51tw
twitch,850783631,fusuiforry,https://www.twitch.tv/fusuiforry
facebook,61559574479928,61559574479928,https://www.facebook.com/profile.php?id=61559574479928
x,CallidoraAngeni,Callidora Ch.【VJN】,https://x.com/CallidoraAngeni
twitch,815755322,MaoguiGhostCat,https://www.twitch.tv/maoguighostcat
youtube,UCGo7fnmWfGQewxZVDmC3iJQ,Xonebu X'thulhu Ch. Lumina-World-End,https://www.youtube.com/channel/UCGo7fnmWfGQewxZVDmC3iJQ
twitch,790552715,zandy31a,https://www.twitch.tv/zandy31a
x,AkiMasamune_AS,Aki Masamune Ch. / AStars Chrono prince,https://x.com/AkiMasamune_AS
youtube,UC5iFCwUMeeZX9KLCTOIKItQ,Mirinku ,https://www.youtube.com/channel/UC5iFCwUMeeZX9KLCTOIKItQ
tiktok,7018058151480804354,Jcosh,https://www.tiktok.com/@jcoshhh
youtube,UCRyGfYHjCHIeWZQRpdnDKMg,Katsuki Ch.,https://www.youtube.com/channel/UCRyGfYHjCHIeWZQRpdnDKMg
x,takamelonpan,Taka Melonpan,https://x.com/takamelonpan
youtube,UCkFFuJTqPWwFZ5I0smL8NrQ,Aikon (ไอ่ก้อน) 〖ST〗,https://www.youtube.com/channel/UCkFFuJTqPWwFZ5I0smL8NrQ
youtube,UCZYLQLIIviw56yaDcA9-VwA,Azuri「 PRD 」,https://www.youtube.com/channel/UCZYLQLIIviw56yaDcA9-VwA
youtube,UCOVpD7MesZKe44ZvLVuwXvA,Asteroth Ch.【ARP】,https://www.youtube.com/channel/UCOVpD7MesZKe44ZvLVuwXvA
youtube,UCvob8U-yjPS-fSf5bq7jvGw,Umino Ciala Ch. Pixela Legends,https://www.youtube.com/channel/UCvob8U-yjPS-fSf5bq7jvGw
x,MaddoxTheOrder,MaddoxTheOrder,https://x.com/MaddoxTheOrder
x,Uniinu_EPR,Uniinu ch. Euphora,https://x.com/Uniinu_EPR
youtube,UCHNUhekh0u_TuF6vZ5S5j8w,MONGON. Association From 48 Dimension World (V.2),https://www.youtube.com/channel/UCHNUhekh0u_TuF6vZ5S5j8w
tiktok,7119068992275448837,LuA_Mikina🌙💤,https://www.tiktok.com/@luamikina
youtube,UCxIaiSqWfGmUoAkcT6A8LAA,Lania Ch『VW』,https://www.youtube.com/channel/UCxIaiSqWfGmUoAkcT6A8LAA
twitch,141117536,Praifahz,https://www.twitch.tv/praifahz
twitch,884327298,Clairederier,https://www.twitch.tv/clairederier
x,MU_Ziika,Ziika ⌜VZ⌟,https://x.com/MU_Ziika
youtube,UCZgkeKMeSJ5-ETLvt1KGgmg,Jaqua Ch.,https://www.youtube.com/channel/UCZgkeKMeSJ5-ETLvt1KGgmg
tiktok,7532964334743405575,RiRizzixBenthX,https://www.tiktok.com/@ririzzixbenthx
youtube,UCJ2Ahrr9QYJnrjYJkWccSzg,Kochiki Gram Ch.,https://www.youtube.com/channel/UCJ2Ahrr9QYJnrjYJkWccSzg
facebook,NongwanTV,NongwanTV,https://www.facebook.com/NongwanTV
youtube,UChy20fuMn3c_rB2NEZLQecA,Charlotty Ch. ,https://www.youtube.com/channel/UChy20fuMn3c_rB2NEZLQecA
youtube,UCPtilLPQCGVrhxeuu7nbxRQ,Antia Ch. 【Mystery】,https://www.youtube.com/channel/UCPtilLPQCGVrhxeuu7nbxRQ
youtube,UCJ6kqLPI4aALUa0p3kJJUKQ,Mellowlop「Paralist」,https://www.youtube.com/channel/UCJ6kqLPI4aALUa0p3kJJUKQ
youtube,UC0bsrd1M3gCF6XqT_pBobjg,P1achon,https://www.youtube.com/channel/UC0bsrd1M3gCF6XqT_pBobjg
twitch,765495646,AzatoStacia,https://www.twitch.tv/azatostacia
youtube,UCkrja0w7A6MHJ5UAxjTgH7Q,shaleep.,https://www.youtube.com/channel/UCkrja0w7A6MHJ5UAxjTgH7Q
twitch,1096942597,lucius_lumiel,https://www.twitch.tv/lucius_lumiel
instagram,tipjai.official,tipjai.official,https://www.instagram.com/tipjai.official
twitch,892281467,miyathemelf_vt,https://www.twitch.tv/miyathemelf_vt
x,Mixzy21PM,Mixzy Ch.【21PM】,https://x.com/Mixzy21PM
youtube,UCPiTBgk5j5A8wDdoyJ-01iA,Hoshino Tamami Ch. 【POLYGON】,https://www.youtube.com/channel/UCPiTBgk5j5A8wDdoyJ-01iA
youtube,UCQV-OVdAFkMRyZyotBxX6TQ,Melanox Lunix「ALF」,https://www.youtube.com/channel/UCQV-OVdAFkMRyZyotBxX6TQ
x,moia_lnwza55,Moia | โมเอีย 🪶,https://x.com/moia_lnwza55
twitch,1518532680,dragoooonslyr,https://www.twitch.tv/dragoooonslyr
youtube,UCbdwIhYMC977P-Fk6d0utoQ,Neoda Neviris,https://www.youtube.com/channel/UCbdwIhYMC977P-Fk6d0utoQ
youtube,UCbLBp0DgOr1ryQBdYp-AGcQ,Asaka Irin | Operation V Ch.,https://www.youtube.com/channel/UCbLBp0DgOr1ryQBdYp-AGcQ
youtube,UCvHE8ZCOcfZR_8HvmBA9JBw,Kapz,https://www.youtube.com/channel/UCvHE8ZCOcfZR_8HvmBA9JBw
x,Hamikoooo,Hamiko Channel,https://x.com/Hamikoooo
x,Kianae_IONIX,Kianae IONIX,https://x.com/Kianae_IONIX
tiktok,7163220534007956481,Aelisse.epr,https://www.tiktok.com/@aelisse.epr
twitch,38480455,akaaivtuber,https://www.twitch.tv/akaaivtuber
youtube,UC5RdVorohRmiGKHN4VHYZJg,TAIYO BOUKEN Ch.,https://www.youtube.com/channel/UC5RdVorohRmiGKHN4VHYZJg
x,Besicka_ALF,Besicka「ALF」,https://x.com/Besicka_ALF
x,MeltildaVT,MeltildaVT Ch.,https://x.com/MeltildaVT
x,ThelittleNelle,Neris Ch.,https://x.com/ThelittleNelle
x,MosantXD,Mosant Ch.,https://x.com/MosantXD
tiktok,6557861030806454273,/ˈfɝːstmamɒn/,https://www.tiktok.com/@1stmamon
twitch,819799659,Chiun_VtuberTH,https://www.twitch.tv/chiun_vtuberth
twitch,769672657,Lune_Sol_v,https://www.twitch.tv/lune_sol_v
instagram,neonsten,neonsten,https://www.instagram.com/neonsten
youtube,UCTxCJt6jtRKeLJys0AaSUew,ลุงขนุน《 SSR 》,https://www.youtube.com/channel/UCTxCJt6jtRKeLJys0AaSUew
x,Estelle_New,Estelle Wil Ch.,https://x.com/Estelle_New
youtube,UCp3WxJ4-xF8C9vJfvFs4ioQ,Silver VTH,https://www.youtube.com/channel/UCp3WxJ4-xF8C9vJfvFs4ioQ
x,VarinRTN,เจ้าหญิงวารินทร์,https://x.com/VarinRTN
youtube,UC5OXcxq6ab6RlhHqNyHws_w,M a l l o w  Ch.,https://www.youtube.com/channel/UC5OXcxq6ab6RlhHqNyHws_w
twitch,511077238,sunraindre,https://www.twitch.tv/sunraindre
x,YukinoTaifu,Yukino Taifu Ch. ,https://x.com/YukinoTaifu
facebook,Fortuna-Leah-115057817879526,Fortuna-Leah-115057817879526,https://www.facebook.com/Fortuna-Leah-115057817879526
x,Saneko_EPR,Saneko ch. Euphora,https://x.com/Saneko_EPR
x,HecateVTuber,Hecate Ch.,https://x.com/HecateVTuber
x,Vtubercheryu,Cheryu Ch.,https://x.com/Vtubercheryu
twitch,940752168,NtaeNT23,https://www.twitch.tv/ntaent23
twitch,235672833,Kamilla_Lich,https://www.twitch.tv/kamilla_lich
x,KryspeiaMutelu,Kryspeia Cosmelis Ch. Lumina-Mutelu,https://x.com/KryspeiaMutelu
twitch,175440133,tako_tk2126,https://www.twitch.tv/tako_tk2126
twitch,145918704,Zephyxus,https://www.twitch.tv/zephyxus
youtube,UCiZyQDO7v9UY_-Q24VsSLlQ,Antolnette the Magnificent Ch. Lumina-Muse,https://www.youtube.com/channel/UCiZyQDO7v9UY_-Q24VsSLlQ
tiktok,7420451925592310791,Byte001_SLR,https://www.tiktok.com/@alzena_slr
youtube,UC1pYd8HCTuc8Kdh_8m_znpA,Freyrina,https://www.youtube.com/channel/UC1pYd8HCTuc8Kdh_8m_znpA
twitch,162304602,FlurFurry,https://www.twitch.tv/flurfurry
twitch,1021705366,jorrajayjija,https://www.twitch.tv/jorrajayjija
youtube,UCEMqL-RYgeAEhTMUJeHfkaw,Toru Kumaトルくま,https://www.youtube.com/channel/UCEMqL-RYgeAEhTMUJeHfkaw
x,pila_p_crowen,PILA P.CROWEN Ch.【PSM】,https://x.com/pila_p_crowen
twitch,825550217,LalinTheAlien,https://www.twitch.tv/lalinthealien
x,GutzLibrarian,Gutz ch.,https://x.com/GutzLibrarian
youtube,UCvxN2R4-6hqHGYX-AL8Q7Qw,Owen Zwei Ch.,https://www.youtube.com/channel/UCvxN2R4-6hqHGYX-AL8Q7Qw
facebook,Punquix,Punquix,https://www.facebook.com/Punquix
tiktok,7375114332344861703,PondChan CH,https://www.tiktok.com/@pondchanchvtuberth
youtube,UCIc2CW34mQ6eAlJoPV2Un4Q,Sonnenblume,https://www.youtube.com/channel/UCIc2CW34mQ6eAlJoPV2Un4Q
tiktok,7077805623266378778,Hanabi Lafy,https://www.tiktok.com/@hanabi_lafy
twitch,853615699,primo_srv,https://www.twitch.tv/primo_srv
youtube,UCPb3O6Vqyk7b5b1cpYXGxhQ,Moonique Ch.,https://www.youtube.com/channel/UCPb3O6Vqyk7b5b1cpYXGxhQ
tiktok,7269301718880683014,VinTech JTK,https://www.tiktok.com/@vintechjtk
tiktok,7385567995180909586,Morika Rei 💼👾 [graduated],https://www.tiktok.com/@morikarei
x,Chiiaki_jf,Chiiaki Jellyfishkun,https://x.com/Chiiaki_jf
x,HO07RI,HØRI 07 ⌜VZ⌟,https://x.com/HO07RI
tiktok,7313208555934303237,ZenoSang 🐈‍⬛,https://www.tiktok.com/@zenosang
twitch,1040248098,NebulaFaragonda,https://www.twitch.tv/nebulafaragonda
twitch,103746445,ArikathankS,https://www.twitch.tv/arikathanks
twitch,218821184,GusNaaa,https://www.twitch.tv/gusnaaa
facebook,61567287431406,61567287431406,https://www.facebook.com/profile.php?id=61567287431406
twitch,131537689,KuraseTaoh,https://www.twitch.tv/kurasetaoh
x,Krsk963,【黒崎】Asmodeus Ch.,https://x.com/Krsk963
twitch,595261536,kyomikoo,https://www.twitch.tv/kyomikoo
youtube,UCus7FjtV4qGWS1v1GIhfZaQ,Wallace VV,https://www.youtube.com/channel/UCus7FjtV4qGWS1v1GIhfZaQ
tiktok,7254865074598462469,jiah_epr,https://www.tiktok.com/@jiah_epr
youtube,UCNEjPeYZ1R9xQEjHFU__Nhw,012CQ Ch. Ruka Inochizuna,https://www.youtube.com/channel/UCNEjPeYZ1R9xQEjHFU__Nhw
x,Maiyara21PM,Maiyara 【21PM】,https://x.com/Maiyara21PM
twitch,1374680348,u00vtuber,https://www.twitch.tv/u00vtuber
facebook,100087650097309,100087650097309,https://www.facebook.com/profile.php?id=100087650097309
twitch,154811543,PhaiSprite,https://www.twitch.tv/phaisprite
twitch,780689013,viix_tuki,https://www.twitch.tv/viix_tuki
x,Haine_vt,Haine『Paralist』,https://x.com/Haine_vt
twitch,793142279,Aiboh_Canis,https://www.twitch.tv/aiboh_canis
twitch,1239902749,mondragoooon,https://www.twitch.tv/mondragoooon
tiktok,6992295037468066842,Reilim Channel,https://www.tiktok.com/@reilimiella_rn
youtube,UCsMUB8xL0-TcsBxpfb7LA8w,NepkoNova Ch.,https://www.youtube.com/channel/UCsMUB8xL0-TcsBxpfb7LA8w
twitch,111991789,akitoqch,https://www.twitch.tv/akitoqch
twitch,1052152865,zolrennnx,https://www.twitch.tv/zolrennnx
twitch,879792040,Estevtuber,https://www.twitch.tv/estevtuber
tiktok,7592176014198850577,ขนปุย,https://www.tiktok.com/@fluffybeary03
tiktok,7436211674858013714,lilinkawerewolf,https://www.tiktok.com/@lilinkawerewolf
twitch,1084207629,Riel_Tabiji_VTh,https://www.twitch.tv/riel_tabiji_vth
facebook,KingSlimeCh.VTH,KingSlimeCh.VTH,https://www.facebook.com/KingSlimeCh.VTH
tiktok,7356051617558922241,Serera_Uniflora,https://www.tiktok.com/@serera_uniflora
x,asaka_irin,Asaka Irin | Operation V Ch.,https://x.com/asaka_irin
youtube,UCASukO4m2BR4uqZH0XlH1IA,AlpacaALAL Ch.,https://www.youtube.com/channel/UCASukO4m2BR4uqZH0XlH1IA
facebook,HyougaAlpha,HyougaAlpha,https://www.facebook.com/HyougaAlpha
x,KitadesuS,KitadesuS,https://x.com/KitadesuS
tiktok,7154398137199690757,Laurie Blisse,https://www.tiktok.com/@laurie_blisse
youtube,UCFBj6s8uT6nphkbV7UMVGsQ,CHUKOLIANG ch. 【FIXIX VT】,https://www.youtube.com/channel/UCFBj6s8uT6nphkbV7UMVGsQ
youtube,UCt27auVkfJgmTnKJI6UAZwg,Mali_SLR,https://www.youtube.com/channel/UCt27auVkfJgmTnKJI6UAZwg
youtube,UCn1m7XGKGyJ1B1Y_SRkISRA,MOMOMOTH,https://www.youtube.com/channel/UCn1m7XGKGyJ1B1Y_SRkISRA
facebook,61557475637764,61557475637764,https://www.facebook.com/profile.php?id=61557475637764
x,Kyubi_IX,Kyubi Nine キュビ ナイン,https://x.com/Kyubi_IX
youtube,UCPdYJjRagj71zeEgh3v0R6Q,KuraAlan,https://www.youtube.com/channel/UCPdYJjRagj71zeEgh3v0R6Q
youtube,UCVxPzerhZ7g_OL_5okEk08g,Nanako_SLR,https://www.youtube.com/channel/UCVxPzerhZ7g_OL_5okEk08g
x,AsterKalimeris,Aster Kalimeris Ch.,https://x.com/AsterKalimeris
youtube,UCBi2sDv2HYYnCtEqldp0RFA,Astrea Ch. アストリア〖ECR〗,https://www.youtube.com/channel/UCBi2sDv2HYYnCtEqldp0RFA
youtube,UCpZhmRU3HDKMau3Tv0_DsGg,[ 海姫 ]Marin Ch. ◈BLB◈,https://www.youtube.com/channel/UCpZhmRU3HDKMau3Tv0_DsGg
tiktok,7245964765536060418,BoomLittleFox,https://www.tiktok.com/@boomlittlefox
x,FuwaFuwaSeal,FuwaFuwaSeal,https://x.com/FuwaFuwaSeal
tiktok,6611174123933220866,xLazyYui,https://www.tiktok.com/@xlazyyui
youtube,UCGMSJFuXdNmswEPX4X6NnLQ,Mycara Melony Ch. Pixela-Mystic,https://www.youtube.com/channel/UCGMSJFuXdNmswEPX4X6NnLQ
x,Azar_OTL,Azar《 OTL 》,https://x.com/Azar_OTL
twitch,154006259,9POINTEIGHT,https://www.twitch.tv/9pointeight
x,Dellons_Vtuber,Dellons Ch.【𝐙𝐎𝐑𝐀】(REST),https://x.com/Dellons_Vtuber
x,LVarkin,Varkin Ch,https://x.com/LVarkin
x,VinaVtuberTH,Vina Olivia Ch.,https://x.com/VinaVtuberTH
youtube,UCziNHXJm0dWUHoi6d0lfGXQ,Monmon Thedoggo Ch.,https://www.youtube.com/channel/UCziNHXJm0dWUHoi6d0lfGXQ
twitch,146450618,sirris_goddessch,https://www.twitch.tv/sirris_goddessch
twitch,728135375,tukkyjpvtuber,https://www.twitch.tv/tukkyjpvtuber
twitch,768985522,1TSN4NAMi,https://www.twitch.tv/1tsn4nami
x,ChlorideFow,chloridefow,https://x.com/ChlorideFow
youtube,UCwKydIfpAlllZap4K7dzJ4g,HyougaAlpha Ch.【ARP】,https://www.youtube.com/channel/UCwKydIfpAlllZap4K7dzJ4g
facebook,KurosawaSPCH,KurosawaSPCH,https://www.facebook.com/KurosawaSPCH
twitch,951736608,mimiifox,https://www.twitch.tv/mimiifox
tiktok,7506529360146088961,V.lunette_กระต่ายน้อย,https://www.tiktok.com/@lunette_rabbit
tiktok,7288055327080629253,Ngerntong-เงินทอง,https://www.tiktok.com/@ngern_tong
youtube,UC2r8lotcMM1AF1BIJs9kMHA,Cynthia | FvP Project,https://www.youtube.com/channel/UC2r8lotcMM1AF1BIJs9kMHA
tiktok,7371095774812374024,Kulareew Ch.【Vtuber TH 】,https://www.tiktok.com/@kulareewinwza007xd
twitch,586538891,ToriThaiga,https://www.twitch.tv/torithaiga
youtube,UC4plXkAtJdWilZ7-YqWT7Zw,GINYADOM,https://www.youtube.com/channel/UC4plXkAtJdWilZ7-YqWT7Zw
facebook,61564764307924,61564764307924,https://www.facebook.com/profile.php?id=61564764307924
tiktok,7276399100890481670,Mumu & Leon | Vtuber,https://www.tiktok.com/@leonverse_vtuber
youtube,UCdF31qg1W2KsKxSuSFECflA,Copper Vtuber,https://www.youtube.com/channel/UCdF31qg1W2KsKxSuSFECflA
youtube,UCf-29F7w_0xRTXVDFol0spQ,Roxzy ロキジー,https://www.youtube.com/channel/UCf-29F7w_0xRTXVDFol0spQ
youtube,UCnPvPjGOanX6I3aqPNNJ-PA,Archbas Ch.,https://www.youtube.com/channel/UCnPvPjGOanX6I3aqPNNJ-PA
facebook,Deli.Ciae.Vtuber,Deli.Ciae.Vtuber,https://www.facebook.com/Deli.Ciae.Vtuber
x,AibohCanis,Aiboh Canis (ไอโบ),https://x.com/AibohCanis
x,ISmeyao,ITsMeYao,https://x.com/ISmeyao
x,Mizuhara_Yami,Mizuhara Yami Ch.,https://x.com/Mizuhara_Yami
instagram,jisooman_18,jisooman_18,https://www.instagram.com/jisooman_18
youtube,UCijixp2pBTNrgkF5pDw0wPg,Neris Ch.,https://www.youtube.com/channel/UCijixp2pBTNrgkF5pDw0wPg
x,crazyghsot,crazyghsot,https://x.com/crazyghsot
twitch,761088192,Mizaru_Kazeno,https://www.twitch.tv/mizaru_kazeno
youtube,UCg53fzp6UNYvsyAg8UoNXCA,Draki Kona Ch. Lumina-First-Myth,https://www.youtube.com/channel/UCg53fzp6UNYvsyAg8UoNXCA
tiktok,7236238401653064710,takumarei,https://www.tiktok.com/@takumarei
tiktok,7489426869817852936,hakkachv,https://www.tiktok.com/@hakkati19t
tiktok,7324874687573361670,GNTGxd สาขาสอง,https://www.tiktok.com/@gntgxd
twitch,1497716936,Mylah_Ch,https://www.twitch.tv/mylah_ch
tiktok,7358036557901677586,เจ้าหมีดำ.💤💜✨ | Gusbeartuber,https://www.tiktok.com/@jaowmheegus
x,RafaVtuberCH,RaFa DXD,https://x.com/RafaVtuberCH
x,foxrabbitc4t,Kisa l FoxRabbitC4T,https://x.com/foxrabbitc4t
facebook,nagirin.res,nagirin.res,https://www.facebook.com/nagirin.res
twitch,1502409835,stormbulletuo1suj,https://www.twitch.tv/stormbulletuo1suj
x,IryneMau,Iryne Mau Ch. [Autumnia],https://x.com/IryneMau
twitch,748513599,Exzeliaaa,https://www.twitch.tv/exzeliaaa
twitch,889913106,J4F4Rx,https://www.twitch.tv/j4f4rx
tiktok,7601477343472124948,NaruFay,https://www.tiktok.com/@narufay
x,Nanako_SLR,Nanako_SLR,https://x.com/Nanako_SLR
twitch,1311509052,rayametieryuan,https://www.twitch.tv/rayametieryuan
youtube,UCgM2ZDG20kYbeYrG1wy1MSQ,Norma Ch.,https://www.youtube.com/channel/UCgM2ZDG20kYbeYrG1wy1MSQ
x,NebulaFaragonda,Nebula Faragonda 【 V-DragQueen 】,https://x.com/NebulaFaragonda
twitch,1527790875,kurona_thegoat123,https://www.twitch.tv/kurona_thegoat123
twitch,967722062,ngern_tong,https://www.twitch.tv/ngern_tong
twitch,952875887,NIKKAYz,https://twitch.tv/nikkayz
twitch,723163729,Nuttizz_,https://www.twitch.tv/nuttizz_
x,Niewlock,Niew Lock ,https://x.com/Niewlock
tiktok,7573629084807644168,Zhenzhen ssr,https://www.tiktok.com/@zhenzhen.ssr
instagram,layniazia,layniazia,https://www.instagram.com/layniazia
x,KaylefOrion,Kaylef Orion,https://x.com/KaylefOrion
youtube,UC3K3Crh966nzLx41obfJhaA,Drako Nya Mio,https://www.youtube.com/channel/UC3K3Crh966nzLx41obfJhaA
twitch,637084276,AmuVCh,https://www.twitch.tv/amuvch
x,XonebuWorldEnd,Xonebu X'thulhu Ch. Lumina-World-End,https://x.com/XonebuWorldEnd
tiktok,7425576738576466962,Aoi「葵」,https://www.tiktok.com/@aoinekomori
tiktok,6992735737079858178,Darick,https://www.tiktok.com/@darickvtuber
x,ZiaSylph_AS_,Zia Sylph Ch. / AStars Amakara,https://x.com/ZiaSylph_AS_
twitch,793903288,MagcroRavenC,https://www.twitch.tv/magcroravenc
x,Rainnimin,Rainnimin,https://x.com/Rainnimin
tiktok,6777362418538185729,N4NAMi(นานะ),https://www.tiktok.com/@1tsn4nami1
tiktok,7508342078587716616,Alteria,https://www.tiktok.com/@alteria_vtuber
youtube,UCOWt5oD4DqoGowGNz0F6Gkw,Yumiiko CH.,https://www.youtube.com/channel/UCOWt5oD4DqoGowGNz0F6Gkw
x,IceShirakoi_AS,【graduated】Ice Shirakoi Ch. / AStars Amakara,https://x.com/IceShirakoi_AS
youtube,UCSG5e3zBiGSZRvD42HSnbxw,PILA P.CROWEN Ch.【PSM】,https://www.youtube.com/channel/UCSG5e3zBiGSZRvD42HSnbxw
youtube,UCdlsSG0fa6l_BQ9otNkHjMg,Ainam ch.,https://www.youtube.com/channel/UCdlsSG0fa6l_BQ9otNkHjMg
youtube,UC7iCSRt7Jej2XE0MaM9gPgg,YuChan Channel ⌜VZ⌟,https://www.youtube.com/channel/UC7iCSRt7Jej2XE0MaM9gPgg
x,Leox_Genesis,Leox Ch. Genesis Project,https://x.com/Leox_Genesis
youtube,UCgiEVQfolrB4MExyzxq_L5Q,AquaMarinia 【BLP】,https://www.youtube.com/channel/UCgiEVQfolrB4MExyzxq_L5Q
x,KirariEsu_VT,Kirari Esu,https://x.com/KirariEsu_VT
twitch,91846978,krissxoffical,https://www.twitch.tv/krissxoffical
twitch,137238705,DearRainy,https://www.twitch.tv/dearrainy
x,whanyenjiab,WhanYenJiab Channel,https://x.com/whanyenjiab
youtube,UCPfqcgrqpaSMqxezIqf7DuQ,LilInk【VJN】,https://www.youtube.com/channel/UCPfqcgrqpaSMqxezIqf7DuQ
instagram,harumoon_vtuberth,harumoon_vtuberth,https://www.instagram.com/harumoon_vtuberth
youtube,UCTt2KsR8ZwnsTyoebl3eXsQ,Yves Monet Deirdre【21PM】,https://www.youtube.com/channel/UCTt2KsR8ZwnsTyoebl3eXsQ
x,ArtisansG_Wiz,Wizteria Ch.,https://x.com/ArtisansG_Wiz
youtube,UC5N4WI1wHPrffHY-r1FtnIw,RESU,https://www.youtube.com/channel/UC5N4WI1wHPrffHY-r1FtnIw
youtube,UC0fZ_5Kil9VctNzpYo4vpLg,Tenebris D. Armis Ch. | RPG 【GRADUATED】,https://www.youtube.com/channel/UC0fZ_5Kil9VctNzpYo4vpLg
youtube,UCklpP4KpgJdCfz4XVe0Nhvg,PeachVTB Ch.,https://www.youtube.com/channel/UCklpP4KpgJdCfz4XVe0Nhvg
x,FrozyVtuber,Frozy Ch.,https://x.com/FrozyVtuber
youtube,UCY8j33h1epfkBEkIv_K5WKg,Lufine Ch. ลูฟิเน่,https://www.youtube.com/channel/UCY8j33h1epfkBEkIv_K5WKg
tiktok,7272371095964828674,Lotte Ch.,https://www.tiktok.com/@liselotte_ch
tiktok,7682138843697873937,anyajulie,https://www.tiktok.com/@anyajulie
x,Makarovch227,Makarov ch. 🐺,https://x.com/Makarovch227
youtube,UC4gflcsvblzsnCtNddgDSQA,Moia | โมเอีย 🪶,https://www.youtube.com/channel/UC4gflcsvblzsnCtNddgDSQA
tiktok,6874877843043058689,BluChan GMOT,https://www.tiktok.com/@bluchangmot
youtube,UCj0_mU0sUlDnVfoaOT6ve_A,เคอเรนเซียวีปกติɞ,https://www.youtube.com/channel/UCj0_mU0sUlDnVfoaOT6ve_A
x,Kennedy_MeowVT,Kennedy Meow,https://x.com/Kennedy_MeowVT
twitch,192765805,kaivtuber,https://www.twitch.tv/kaivtuber
tiktok,7346635254339699720,kamisaki_kuro,https://www.tiktok.com/@kamisaki_kuro
instagram,nonokochika,nonokochika,https://www.instagram.com/nonokochika
x,kuroda_mikari,Kuroda Mikari,https://x.com/kuroda_mikari
youtube,UCVQrivN2wzHYLNrsAquYjhg,Jaowayde,https://www.youtube.com/channel/UCVQrivN2wzHYLNrsAquYjhg
tiktok,7482493123203433480,🏮YueMeili🪭| VtuberTH 🌺,https://www.tiktok.com/@yue_meili
twitch,84601750,celestial_particle,https://www.twitch.tv/celestial_particle
youtube,UCa-n4r4lWEWFcAT95ptx44w,Kini キニ ch,https://www.youtube.com/channel/UCa-n4r4lWEWFcAT95ptx44w
tiktok,7378807786081715208,Quentin Ch.,https://www.tiktok.com/@quentin_arp
twitch,566510771,SweetPieCynthia,https://www.twitch.tv/sweetpiecynthia
x,SaiMaiZ_,SaiMaiZ さいまい ⌜VZ⌟,https://x.com/SaiMaiZ_
youtube,UCT0u795YFp9O_k9cL5d0RZg,Z,https://www.youtube.com/channel/UCT0u795YFp9O_k9cL5d0RZg
tiktok,7070474092428149762,Nyamaru Yui,https://www.tiktok.com/@nyamaruyui
youtube,UC3qnb4Sgo4QtiOi8iS7jOsQ,Kumoku Tsururu Ch. Lumina-World-End,https://www.youtube.com/channel/UC3qnb4Sgo4QtiOi8iS7jOsQ
x,Altair_AlAl,AltairAlAl Ch.,https://x.com/Altair_AlAl
youtube,UCySlA9Pv5IVXvkW_lN_NXRw,Tequila Ch.【ARP】,https://www.youtube.com/channel/UCySlA9Pv5IVXvkW_lN_NXRw
facebook,kayo.orenji,kayo.orenji,https://www.facebook.com/kayo.orenji
twitch,681488913,rocokingdom,https://www.twitch.tv/rocokingdom
x,FuguTaki,Taki Fugu Ch.,https://x.com/FuguTaki
x,BunnieskissesVT,Bunnieskisses ch. | VtuberTH,https://x.com/BunnieskissesVT
tiktok,7384017937311138821,RaneeTani,https://www.tiktok.com/@raneetani
x,Lamphu_Manager,Shinya Natonsai,https://x.com/Lamphu_Manager
twitch,194179186,ckayzekub,https://www.twitch.tv/ckayzekub
twitch,826247955,ryuseistarlight,https://www.twitch.tv/ryuseistarlight
youtube,UC1o-4IZwxHOxGyUKN6xpNZA,KIMEWA_YUKI 【SOA】,https://www.youtube.com/channel/UC1o-4IZwxHOxGyUKN6xpNZA
youtube,UCL6YKqCxZoo1ecno9Zn6RDg,Lynis ch. Euphora | Vtuber,https://www.youtube.com/channel/UCL6YKqCxZoo1ecno9Zn6RDg
tiktok,7275706739717800968,Anya Smith,https://www.tiktok.com/@anyasmith203
x,Raito_kun123,RAITO-KUN,https://x.com/Raito_kun123
x,Furorinlor,Furorin Ch. ,https://x.com/Furorinlor
x,AkinoriEiji_TRR,Akinori Eiji Ch.「TRR」 ,https://x.com/AkinoriEiji_TRR
x,maewmon_25,Maewmon ch.,https://x.com/maewmon_25
twitch,1329161357,xyne_ztp,https://www.twitch.tv/xyne_ztp
tiktok,7092337946619790342,CoolRin CH,https://www.tiktok.com/@coolrin_ch
tiktok,7050014695880819713,คุณนินเป็นผี😞🫵,https://www.tiktok.com/@skarennin0
x,G_Mosotaa,G. Mosotaa,https://x.com/G_Mosotaa
youtube,UC4P6ez9eO2Lv8Jun5zXaVMg,sSolarly Ch.,https://www.youtube.com/channel/UC4P6ez9eO2Lv8Jun5zXaVMg
twitch,843960638,zuric_otl,https://www.twitch.tv/zuric_otl
tiktok,6915006521073173505,Miledy Z.Devlin,https://www.tiktok.com/@miledy._.z
twitch,753552970,PINKORCAS,https://www.twitch.tv/pinkorcas
youtube,UCT6AsljeggMR6rqkQ5NSeRA,JosephineCres,https://www.youtube.com/channel/UCT6AsljeggMR6rqkQ5NSeRA
x,HelenCandleby,Helen Candleby ,https://x.com/HelenCandleby
x,wine_vylalun,Wine Ch. ,https://x.com/wine_vylalun
facebook,61586303101471,61586303101471,https://www.facebook.com/profile.php?id=61586303101471
youtube,UCVzwh-Nav8BxYbm-Vt6xQYg,'-Kami Rei- ,https://www.youtube.com/channel/UCVzwh-Nav8BxYbm-Vt6xQYg
facebook,LazadaThailand,LazadaThailand,https://www.facebook.com/LazadaThailand
twitch,162742679,Noeluc,https://www.twitch.tv/noeluc
youtube,UCvJ9kX_3beaSWPPfHPBq8Uw,Rong da Ferret ,https://www.youtube.com/channel/UCvJ9kX_3beaSWPPfHPBq8Uw
x,AntiaVtuber,Antia Ch. 【Mystery】,https://x.com/AntiaVtuber
twitch,734691030,daivtuberoff,https://www.twitch.tv/daivtuberoff
youtube,UCnmykXkj5SVMQf75oyp7Lkg,Melody Sparkle【PajamaJa】,https://www.youtube.com/channel/UCnmykXkj5SVMQf75oyp7Lkg
x,KNotaki,Notaki Ch.,https://x.com/KNotaki
x,Lucia_Xavier_,Lucia Xavier,https://x.com/Lucia_Xavier_
youtube,UCcgDP2RmeCqW1GTms1mkUlQ,Karu Ch.【ARP】,https://www.youtube.com/channel/UCcgDP2RmeCqW1GTms1mkUlQ
youtube,UCCCOpUUMaweGiTZ_vNSdh1w,Shirasagi Ch.,https://www.youtube.com/channel/UCCCOpUUMaweGiTZ_vNSdh1w
youtube,UC4194MxDKFwBEFtaFbwwM7g,Sour,https://www.youtube.com/channel/UC4194MxDKFwBEFtaFbwwM7g
tiktok,7110144028657828869,Bettha Ch.,https://www.tiktok.com/@bettha_vtuber
tiktok,7405169202469061650,KikiiTan_Sama,https://www.tiktok.com/@kikiitan_sama
x,sienna_res,เซียน่า | Sienna 【RE:S】,https://x.com/sienna_res
youtube,UChF6_MAcqWD8q-mnRoDViEQ,KNIGHT BARLET Ch.,https://www.youtube.com/channel/UChF6_MAcqWD8q-mnRoDViEQ
x,AlparuVtuber,Alparu Vtuber ch.,https://x.com/AlparuVtuber
twitch,777541997,S1R_ARP,https://www.twitch.tv/s1r_arp
tiktok,7429009335252403207,† Rochelle 🎃,https://www.tiktok.com/@witchy_rochelle
x,aquamariniavt,AquaMarinia 【BLP】,https://x.com/aquamariniavt
x,VFufu15,Fufu15 Ch. 〖ST〗,https://x.com/VFufu15
twitch,923387555,FohishaVT,https://www.twitch.tv/fohishavt
youtube,UCkEgF0BmvRD2QKETDKoIzdQ,Fernis Esme,https://www.youtube.com/channel/UCkEgF0BmvRD2QKETDKoIzdQ
twitch,1514826794,picoaivtuber,https://www.twitch.tv/picoaivtuber
x,mona_vvitch,MONARICA ,https://x.com/mona_vvitch
tiktok,7020981614142653442,vulgtmnahog,https://www.tiktok.com/@vulgtmnahog
twitch,426166535,Saviola21PM,https://www.twitch.tv/saviola21pm
tiktok,7276765730073920514,LyonDeGladiolus_Ayon,https://www.tiktok.com/@lyondegladiolus_ayon
twitch,763342948,Bunana_Vtuber,https://www.twitch.tv/bunana_vtuber
tiktok,7346966971705263112,toriumimarine,https://www.tiktok.com/@toriumimarine
x,VoidCatFatBeans,VoidCat,https://x.com/VoidCatFatBeans
x,vty_Izzy_g,Rawley Izzy G. Ch. | Graduated,https://x.com/vty_Izzy_g
twitch,1070643788,tinsleythefox,https://www.twitch.tv/tinsleythefox
tiktok,7627001282083423250,SHIKAR,https://www.tiktok.com/@shikar_dawgg
youtube,UCoBGfXR9OWCgLbsm01o55ZA,N4NAMi,https://www.youtube.com/channel/UCoBGfXR9OWCgLbsm01o55ZA
tiktok,7156568942256653338,Alizabyleth Vtuber,https://www.tiktok.com/@alizabyleth.s
youtube,UCQ6O2psxMSAQ5Tt2DUp3_Rg,Night Nai ナイトナイ,https://www.youtube.com/channel/UCQ6O2psxMSAQ5Tt2DUp3_Rg
x,UminoCiala,Umino Ciala Ch. Pixela Legends,https://x.com/UminoCiala
instagram,merryl_wayne,merryl_wayne,https://www.instagram.com/merryl_wayne
youtube,UCfPtDFCs4PzDU_hy0usORnw,Reva Regalia『AST』,https://www.youtube.com/channel/UCfPtDFCs4PzDU_hy0usORnw
twitch,1309568712,moia_lnwza55,https://www.twitch.tv/moia_lnwza55
tiktok,7562610812871951392,Badiala Sissoko,https://www.tiktok.com/@nammy553
twitch,549131936,ArikoJz,https://www.twitch.tv/arikojz
twitch,452274492,BlueMage_VT,https://www.twitch.tv/BlueMage_VT
tiktok,7463191452266316808,Nirvana_arp,https://www.tiktok.com/@nirvana_arp
twitch,145947377,Dr_Seng,https://www.twitch.tv/dr_seng
youtube,UCmrTXPnIhAm-hosYsZ8rAHg,Yukito Hoshitoki Ch. / AStars Chrono prince,https://www.youtube.com/channel/UCmrTXPnIhAm-hosYsZ8rAHg
youtube,UCX_lpBjVENv-6AmJmtGAuig,Aoi Nekomori,https://www.youtube.com/channel/UCX_lpBjVENv-6AmJmtGAuig
tiktok,7464462617873515525,yuitoku_woof,https://www.tiktok.com/@yuitoku_woof
x,LIN_LINDarling,LIN Darling Ch.,https://x.com/LIN_LINDarling
youtube,UCqhhWjpw23dWhJ5rRwCCrMA,Aisha Channel,https://www.youtube.com/channel/UCqhhWjpw23dWhJ5rRwCCrMA
twitch,773670312,xDodolulu,https://www.twitch.tv/xdodolulu
x,KingSlimeVTH,King Slime VTH ,https://x.com/KingSlimeVTH
x,SAN1BAEBi1,Saniyah L. Ch.,https://x.com/SAN1BAEBi1
youtube,UCZmQjdEL_PAGWvFlAm4hQMg,Karin Ch. 躑躅かりん,https://www.youtube.com/channel/UCZmQjdEL_PAGWvFlAm4hQMg
youtube,UCAV2_Jxxt-JJ08v77lNLBtg,มาลัยเดวา,https://www.youtube.com/channel/UCAV2_Jxxt-JJ08v77lNLBtg
youtube,UCbXO3ON6BR4-lhx5Yd4yzKA,Midori Suika,https://www.youtube.com/channel/UCbXO3ON6BR4-lhx5Yd4yzKA
youtube,UCN3ujjUVCDcAjX-wfkU00SQ,TomatoChan🍅,https://www.youtube.com/channel/UCN3ujjUVCDcAjX-wfkU00SQ
twitch,975418459,thebamilotl,https://www.twitch.tv/thebamilotl
youtube,UCzVku8IXYwuk04hCXUh6nng,Anya Marshall Ch. 【POLYGON】,https://www.youtube.com/channel/UCzVku8IXYwuk04hCXUh6nng
twitch,838113231,ArinaKaneaki,https://www.twitch.tv/arinakaneaki
instagram,moia_lnwza55,moia_lnwza55,https://www.instagram.com/moia_lnwza55
tiktok,7106287072340919301,kurosawasp,https://www.tiktok.com/@kurosawasp
x,NihrTH,Nihr Farfalla,https://x.com/NihrTH
twitch,217017809,52hzwhale__,https://www.twitch.tv/52hzwhale__
twitch,789862353,1kfuu,https://www.twitch.tv/1kfuu
twitch,696311609,cynthia_rowena,https://www.twitch.tv/cynthia_rowena
tiktok,7357195322495468562,MelZer【メル】,https://www.tiktok.com/@_melzerl3lack_
x,KoSaru_Ch,KoSaru_Ch,https://x.com/KoSaru_Ch
x,MATSURIIVT,MATSURII Ch.,https://x.com/MATSURIIVT
tiktok,7139051737880609793,VIC-009,https://www.tiktok.com/@vic00929
youtube,UCHomiuTL8mMUPtDIbJw_TFg,Remisde || Vtuber,https://www.youtube.com/channel/UCHomiuTL8mMUPtDIbJw_TFg
x,Riel_Tabiji,Riel Tabiji,https://x.com/Riel_Tabiji
youtube,UCjGGp-gPhMgxgIKxjShbYtA,Terios Ch.,https://www.youtube.com/channel/UCjGGp-gPhMgxgIKxjShbYtA
youtube,UC1ibZkqGoK8pSctzOwXUcWA,Mizuhara Yami Ch.,https://www.youtube.com/channel/UC1ibZkqGoK8pSctzOwXUcWA
youtube,UCGAYOnH9azmAmcHpzRWZsOg,NoA Noaris,https://www.youtube.com/channel/UCGAYOnH9azmAmcHpzRWZsOg
tiktok,7387424757803762689,Willow.ch | HZ,https://www.tiktok.com/@willow.ch
tiktok,7071347396273931290,Lady Magcro Ravencroft,https://www.tiktok.com/@magcroravenc
x,DeaExDeltaMuse,Dëa Ex Δ Ch. Lumina-Muse,https://x.com/DeaExDeltaMuse
x,NergalNear,Nergal Near Ch.,https://x.com/NergalNear
x,mintkung_xd,'- MINTKUNG XD -,https://x.com/mintkung_xd
twitch,131929130,Bingsujuseyo,https://www.twitch.tv/bingsujuseyo
facebook,urpoppy,urpoppy,https://www.facebook.com/urpoppy
twitch,626752682,gs_golfpraplern,https://www.twitch.tv/gs_golfpraplern
youtube,UClIlMpdlevmQHyd7qQLLNWA,ghostmaiky,https://www.youtube.com/channel/UClIlMpdlevmQHyd7qQLLNWA
tiktok,12209072,xay1,https://www.tiktok.com/@xay1
youtube,UCh-ktlPulzCBs5S1Ynk3UOg,Faye Ashefort,https://www.youtube.com/channel/UCh-ktlPulzCBs5S1Ynk3UOg
youtube,UCb6cL1o1-78FjrUOR-AVqMw,Chloe J. Park Ch. | VTUBER,https://www.youtube.com/channel/UCb6cL1o1-78FjrUOR-AVqMw
youtube,UCTtgiI6vO_zxlcOBLd3P7Jg,Xro Ch,https://www.youtube.com/channel/UCTtgiI6vO_zxlcOBLd3P7Jg
youtube,UC-FO1d6VYrHvbPjzr4Fuwgg,Kuronuri Inuri 【Rainbow Arc.】,https://www.youtube.com/channel/UC-FO1d6VYrHvbPjzr4Fuwgg
tiktok,7351818381865845766,Aris.,https://www.tiktok.com/@hoshi0ji_
x,Remisde_Vtuber,Remisde || Vtuber,https://x.com/Remisde_Vtuber
tiktok,6998068804178854914,Xeres Artrophel Ch.,https://www.tiktok.com/@xeres_channel
youtube,UCWGL-srZbmgncoJ9YKJrdAg,OYAZUMISAN,https://www.youtube.com/channel/UCWGL-srZbmgncoJ9YKJrdAg
tiktok,7146166247653245979,Milyni_Tivona,https://www.tiktok.com/@milynitivona
tiktok,7183176317163160582,Karin Tsutsuji ช่องอยู่ยูทูปนะ,https://www.tiktok.com/@karin_tsutsuji
facebook,puipuimemory,puipuimemory,https://www.facebook.com/puipuimemory
x,Rayan_FIXIXVT,Rayan ch.【FIXIX VT】,https://x.com/Rayan_FIXIXVT
youtube,UCkjQ55wHjS7cQ9Xol9qW7Ow,東雲こね / Shinonome Kone ⌜VZ⌟,https://www.youtube.com/channel/UCkjQ55wHjS7cQ9Xol9qW7Ow
twitch,635832219,WanWada1,https://www.twitch.tv/wanwada1
twitch,1225021143,kochikigram,https://www.twitch.tv/kochikigram
tiktok,7576193622732129288,Kryspeia Cosmelis,https://www.tiktok.com/@kryspeiamutelu
youtube,UChNrxGsRq7xpntwWcI-h5Hg,Yuitoku Ch.,https://www.youtube.com/channel/UChNrxGsRq7xpntwWcI-h5Hg
tiktok,7079085734113068058,onomil,https://www.tiktok.com/@onomilvt
youtube,UCqlIHZinRgdevuHuCILlgjA,MeowMiKe CH. 《19'S》,https://www.youtube.com/channel/UCqlIHZinRgdevuHuCILlgjA
twitch,859512892,xinghailong,https://www.twitch.tv/xinghailong
tiktok,7266288363472487429,Vella Ch.,https://www.tiktok.com/@vella_ch
youtube,UC6KTB79XRwx_iwxnrIEvHQA,Seiji San,https://www.youtube.com/channel/UC6KTB79XRwx_iwxnrIEvHQA
youtube,UCVxEGzv2qEyFXQAsqgjuIog,Aika,https://www.youtube.com/channel/UCVxEGzv2qEyFXQAsqgjuIog
x,nisapoyo,Nisa Ch. นิสาปี้,https://x.com/nisapoyo
youtube,UCt1L2vxqFD0xZeYHeHPZQoQ,CooGa,https://www.youtube.com/channel/UCt1L2vxqFD0xZeYHeHPZQoQ
x,Yokina_Saori,Yokina Saori,https://x.com/Yokina_Saori
tiktok,7421020076159304712,🐈‍⬛,https://www.tiktok.com/@bishamon_as
x,Poru_ARP,Poru Ch.【ARP】,https://x.com/Poru_ARP
tiktok,7450850121954755591,CHUkoliang_FIXIXVT,https://www.tiktok.com/@chukoliang_fixixvt
x,DrakoNyaMio,Drako Nya Mio,https://x.com/DrakoNyaMio
x,ZaabVibeENT,ZAAB Ch. / QURSE,https://x.com/ZaabVibeENT
tiktok,7507140579735553041,sirenavth,https://www.tiktok.com/@sirenavth
twitch,835928680,LinlinpaDesu,https://www.twitch.tv/linlinpadesu
x,MasatoMz_,Masato Ch.😈 | VtuberTH,https://x.com/MasatoMz_
tiktok,7506234278885688341,Zelune Noctarielle 🌙,https://www.tiktok.com/@zelune.lunezero
x,HinareeMuse,Hinaree Kannari Ch. Lumina-Muse,https://x.com/HinareeMuse
x,ALALAnnika,AlpacaALAL Ch.,https://x.com/ALALAnnika
twitch,843348313,RheaAtaraxia,https://www.twitch.tv/rheaataraxia
x,Urana_0279,Urana Ch.,https://x.com/Urana_0279
x,Vellvakoray,Vellva Koray Ch.,https://x.com/Vellvakoray
x,Soda_Dayooo,SoDaChan | Vtuber,https://x.com/Soda_Dayooo
twitch,772545595,SE1SO_RARA,https://www.twitch.tv/se1so_rara
tiktok,7235116379698136069,AmiLLy Archive,https://www.tiktok.com/@amillyarchive
youtube,UCneBNeVOlRm-gHbSrqC9DYg,Timers TH,https://www.youtube.com/channel/UCneBNeVOlRm-gHbSrqC9DYg
facebook,SaiMaiZVtuberTH,SaiMaiZVtuberTH,https://www.facebook.com/SaiMaiZVtuberTH
tiktok,6988408345199952897,zNMCy,https://www.tiktok.com/@znmcy
twitch,777279091,belindalidia,https://www.twitch.tv/belindalidia
x,ALThiMa_NigHT,ALThiMa-NigHT,https://x.com/ALThiMa_NigHT
x,ZenovazVtuber,Zenovaz Ch.,https://x.com/ZenovazVtuber
tiktok,7119517844362265601,Catniipz,https://www.tiktok.com/@catniipz
twitch,436999151,darinVmonster,https://www.twitch.tv/darinvmonster
twitch,133344062,ponpundayo,https://www.twitch.tv/ponpundayo
youtube,UCzpxNuttbdXvtmZH4w5kRnA,JamMyChan ch.,https://www.youtube.com/channel/UCzpxNuttbdXvtmZH4w5kRnA
x,SCSugarCute1,SCSugarZ.,https://x.com/SCSugarCute1
youtube,UCnJIpwyhPbMxAw2qdaQ8a2g,Kashina CH. ,https://www.youtube.com/channel/UCnJIpwyhPbMxAw2qdaQ8a2g
twitch,1110066513,donovan_vt,https://www.twitch.tv/donovan_vt
youtube,UC8hIV_IaH0IIObGBw0engEQ,Haru CH.,https://www.youtube.com/channel/UC8hIV_IaH0IIObGBw0engEQ
tiktok,6828650425307137026,ArithmosCh,https://www.tiktok.com/@arithmosch
tiktok,7047049462326445058,kayleforion,https://www.tiktok.com/@kayleforion
twitch,44377791,nnyatsume_,https://www.twitch.tv/nnyatsume_
youtube,UCtunm6uij5wVkzTAfcH0aig,Dalphon_Vtuber ,https://www.youtube.com/channel/UCtunm6uij5wVkzTAfcH0aig
tiktok,6541543893299970049,ant4zin,https://www.tiktok.com/@ant4zin
tiktok,7057695664084878338,Vivian V. Wendell [ VtuberTH ],https://www.tiktok.com/@vvee.vivian
x,KaMaiT4Chi,KAMAI,https://x.com/KaMaiT4Chi
x,Linxing_PPV,ZhenLinxing ch. PowerPay,https://x.com/Linxing_PPV
twitch,1132801835,CerseiLezlie,https://www.twitch.tv/cerseilezlie
x,Rin_The_Witch,Mirinku ,https://x.com/Rin_The_Witch
x,S1R_ARP,S1R Ch.【ARP】,https://x.com/S1R_ARP
youtube,UCNMSbSb456HB-QHasfl7dtg,MEWRCCLUB Ch.,https://www.youtube.com/channel/UCNMSbSb456HB-QHasfl7dtg
tiktok,6512761503207391234,Amnuai,https://www.tiktok.com/@amnuaich
x,Yoinobuten,Yoino Buten Ch.,https://x.com/Yoinobuten
tiktok,6794105588080346114,DELLONS | Vtuber TH. 🐿️✨,https://www.tiktok.com/@dellons_vtuber
instagram,drakonyamio,drakonyamio,https://www.instagram.com/drakonyamio
x,KidNicca,Nicca Ch.,https://x.com/KidNicca
facebook,61574930317770,61574930317770,https://www.facebook.com/profile.php?id=61574930317770
tiktok,7304937290509353991,GrimusGrimm,https://www.tiktok.com/@grimmgrimus
x,mixer_vtuber,MixerMaze,https://x.com/mixer_vtuber
youtube,UClLePWOXDCn6ZxhcM3jjPBw,EuRo,https://www.youtube.com/channel/UClLePWOXDCn6ZxhcM3jjPBw
twitch,737802436,faiybloodyflora,https://www.twitch.tv/faiybloodyflora
tiktok,7158307359659951105,เกมถูกบอกด้วย,https://www.tiktok.com/@sheapgamer
x,Usami_Bunny_,Usami Bunny,https://x.com/Usami_Bunny_
x,Monji_Ultimate,MonJi,https://x.com/Monji_Ultimate
tiktok,7464959776385008645,estxrthemask,https://www.tiktok.com/@estxrthemask
tiktok,7168334011977466906,Sira Samuel Ch.,https://www.tiktok.com/@sirasamuelvtuber
youtube,UCddeSRGyCRq2K8k_NPprI-g,Daichi Merinor ch. ◈BLB◈,https://www.youtube.com/channel/UCddeSRGyCRq2K8k_NPprI-g
x,RikuKomaVS,NakiRiku Ch.,https://x.com/RikuKomaVS
youtube,UCfiD6DpIwPP4lQ4NPqZNOHg,Solar Ch.【ARP】,https://www.youtube.com/channel/UCfiD6DpIwPP4lQ4NPqZNOHg
x,RewarinRei,Rewarin Ch.,https://x.com/RewarinRei
instagram,vampaow,vampaow,https://www.instagram.com/vampaow
instagram,arp_vtuber,Algorhythm Project,https://www.instagram.com/arp_vtuber
youtube,UCoOMJUZ5plQtVQDYbicD3dw,Mortifer Bathory Ch.,https://www.youtube.com/channel/UCoOMJUZ5plQtVQDYbicD3dw
youtube,UCs3O6VR89_-NPCUSj29jY3Q,gingerbelle,https://www.youtube.com/channel/UCs3O6VR89_-NPCUSj29jY3Q
youtube,UCvYUivIS4WcgfACH3xBJ0DQ,Zayn Ch【 HZ 】,https://www.youtube.com/channel/UCvYUivIS4WcgfACH3xBJ0DQ
tiktok,6888422734545830913,Mona Lapine,https://www.tiktok.com/@lapineplg
youtube,UCB_l7aUEixTDZ0uItf4A2bw,Mit Pesisth,https://www.youtube.com/channel/UCB_l7aUEixTDZ0uItf4A2bw
youtube,UCHhUajhm4zRg-_Ubw11otfw,NamiNe,https://www.youtube.com/channel/UCHhUajhm4zRg-_Ubw11otfw
twitch,889378177,Freyrina,https://www.twitch.tv/freyrina
x,flurfurryth,Flur Furry Ch.,https://x.com/flurfurryth
tiktok,7473407373047727112,Riona Ryouka🌸🎀,https://www.tiktok.com/@riona.ryouka
twitch,1500524060,samuofficial_,https://www.twitch.tv/samuofficial_
youtube,UCl-gN216hlPiOzGOm_Jkosg,Melriz,https://www.youtube.com/channel/UCl-gN216hlPiOzGOm_Jkosg
twitch,1539980205,yunes085,https://www.twitch.tv/yunes085
twitch,619147201,Vyvianthyst,https://www.twitch.tv/vyvianthyst
x,fenixjairon,Fenix Jairon,https://x.com/fenixjairon
x,NostradamusVT,Nostradamus Karasu,https://x.com/NostradamusVT
tiktok,7520036117254259730,jiru.epr,https://www.tiktok.com/@jiru.epr
x,1386Iv,IV_1386 ch.,https://x.com/1386Iv
youtube,UC8bJCt2cONnB9AooIC6fomw,Lucid Ch.,https://www.youtube.com/channel/UC8bJCt2cONnB9AooIC6fomw
tiktok,7422621770199352338,darieladolly,https://www.tiktok.com/@darieladolly
tiktok,7199512042331325467,Whyte,https://www.tiktok.com/@whitepgz
youtube,UCKlC3deRExVS_eCuFg2ec2g,Yama 『VTG』,https://www.youtube.com/channel/UCKlC3deRExVS_eCuFg2ec2g
youtube,UClbr2Ml5EXjoAysIGi65z4w,「ねし」Neshi CH,https://www.youtube.com/channel/UClbr2Ml5EXjoAysIGi65z4w
youtube,UCaCHWJ4_dp4ovreQ91lp3Iw,Lyrics 🌙,https://www.youtube.com/channel/UCaCHWJ4_dp4ovreQ91lp3Iw
twitch,794197736,MilZenc_,https://www.twitch.tv/milzenc_
youtube,UCK0yR420GTebrHIJy1-ND2g,Zoey Ch.【 HZ 】,https://www.youtube.com/channel/UCK0yR420GTebrHIJy1-ND2g
youtube,UCAO6vSguYeBGpQvn3D9fpdw,Lanka Vtuber,https://www.youtube.com/channel/UCAO6vSguYeBGpQvn3D9fpdw
x,Myoujou_Y,Yukai Myoujou《 SSR 》,https://x.com/Myoujou_Y
youtube,UCSyG0x9lhNOi6hbyVy7hZ7g,Kumo Kuma ch.,https://www.youtube.com/channel/UCSyG0x9lhNOi6hbyVy7hZ7g
x,PanBiBi_,PanBiBi,https://x.com/PanBiBi_
youtube,UCWw9JzEA7hdBnSFR-_Y0DlA,Seina Ch.,https://www.youtube.com/channel/UCWw9JzEA7hdBnSFR-_Y0DlA
tiktok,7165901064536572933,Azuko  -あずこ-,https://www.tiktok.com/@azuko_98
twitch,568121810,ZerinDesu,https://www.twitch.tv/zerindesu
youtube,UCeoHajHKBl5q-UvfIEeOm3g,Mizu Gracia Ch.,https://www.youtube.com/channel/UCeoHajHKBl5q-UvfIEeOm3g
tiktok,6520419567914500097,คุณชา🍵,https://www.tiktok.com/@khunchanii_
twitch,643279692,heatthh,https://www.twitch.tv/heatthh
tiktok,7366638513305256965,yueqinvtuber88,https://www.tiktok.com/@yueqinvtuber88
twitch,1071215425,jaowayde_vt,https://www.twitch.tv/jaowayde_vt
youtube,UCKSfn-s6fgSVkkNGcPPUuBQ,Sua Ch.,https://www.youtube.com/channel/UCKSfn-s6fgSVkkNGcPPUuBQ
twitch,905137378,nisha_mln,https://www.twitch.tv/nisha_mln
youtube,UC1jZ0KuzFRgWD_s9E-KLcFQ,Yue Meili [ECR],https://www.youtube.com/channel/UC1jZ0KuzFRgWD_s9E-KLcFQ
youtube,UCMHyqlEwC-IdXCQZht8g44w,Sigmunda Riona Ch. 【POLYGON】,https://www.youtube.com/channel/UCMHyqlEwC-IdXCQZht8g44w
x,tmr_suiren,Suiren Ch. ◣PLO◥,https://x.com/tmr_suiren
youtube,UCnvBsJQ0TztZ4Mq7qDaL_FA,Xaniel Ch. Flora Project,https://www.youtube.com/channel/UCnvBsJQ0TztZ4Mq7qDaL_FA
x,Vivera_eylz,Vivera Carmine,https://x.com/Vivera_eylz
tiktok,7507479924195558401,Shishiou_Seito,https://www.tiktok.com/@shishiou_seito
twitch,793140383,nyaruyentafo,https://www.twitch.tv/nyaruyentafo
tiktok,7067751756335432730,Aika,https://www.tiktok.com/@a1chandesu
x,sirena_vt,Sirena Ch.,https://x.com/sirena_vt
x,PaFeMiLK,PaFeMiLK vtuber,https://x.com/PaFeMiLK
twitch,1021131946,maemuuru,https://www.twitch.tv/maemuuru
twitch,687934027,riimei,https://www.twitch.tv/riimei
twitch,850816116,Chik Izosaki,https://twitch.tv/izosaki
youtube,UCU5Bt3GkZmiYkazw37gJqIw,Lotte Ch.,https://www.youtube.com/channel/UCU5Bt3GkZmiYkazw37gJqIw
x,Ayna_ARP,Ayna Ch.【ARP】,https://x.com/Ayna_ARP
youtube,UCvOrkbDoUwKzbtODiiU8YXg,Mirae Solstice🌌VtuberTH🌅,https://www.youtube.com/channel/UCvOrkbDoUwKzbtODiiU8YXg
x,LyricUrsae,Lyric Ursae,https://x.com/LyricUrsae
youtube,UCgfEMiBgW-JSS3qksegDo3Q,Rlanzshino,https://www.youtube.com/channel/UCgfEMiBgW-JSS3qksegDo3Q
youtube,UCKuzX7wNaRVXEI9a81xeNfA,Minami Lollipopza Ch. ʕ •ᴥ•ʔ,https://www.youtube.com/channel/UCKuzX7wNaRVXEI9a81xeNfA
youtube,UC-7KSYyqZ5FthXGj4R1nVbw,Shian Blueth,https://www.youtube.com/channel/UC-7KSYyqZ5FthXGj4R1nVbw
tiktok,6606875386210189313,Zekai_ARP,https://www.tiktok.com/@zekai_arp
youtube,UC8Qt3A_iRI_ShDDCtfHpZaA,Adama MiSE Ch.,https://www.youtube.com/channel/UC8Qt3A_iRI_ShDDCtfHpZaA
tiktok,7521582393346573319,KissCross,https://www.tiktok.com/@kisscross_official
facebook,sunraindre,sunraindre,https://www.facebook.com/sunraindre
x,Taka_NatsuCh,Natsu Ch.,https://x.com/Taka_NatsuCh
youtube,UCtXAgf3uaHnIZyLr3fF8Fnw,Faribell SEIREKI [ 西暦 ],https://www.youtube.com/channel/UCtXAgf3uaHnIZyLr3fF8Fnw
youtube,UCe33CjMy_3DqvmKMMqEjWDQ,'- Azuko - あずこ - Ch.,https://www.youtube.com/channel/UCe33CjMy_3DqvmKMMqEjWDQ
x,xanaelTH,Xanael,https://x.com/xanaelTH
x,Ginnique_ARP,Ginnique Ch.【ARP】,https://x.com/Ginnique_ARP
x,noyashi_33,Ay1inND,https://x.com/noyashi_33
twitch,730671018,JaoKattt,https://www.twitch.tv/jaokattt
twitch,823618774,MaVista_Korynna,https://www.twitch.tv/mavista_korynna
youtube,UC4Ty5GzSA5YjeXN-DqPIWfA,Rewarin Ch.,https://www.youtube.com/channel/UC4Ty5GzSA5YjeXN-DqPIWfA
youtube,UC2109-BUhq7iEs9k9PlCzsw,Cheryu Ch.,https://www.youtube.com/channel/UC2109-BUhq7iEs9k9PlCzsw
twitch,215333188,Eirlyz_,https://www.twitch.tv/eirlyz_
x,Ec19Projekt,EC19 Projekt Official,https://x.com/Ec19Projekt
x,ImAbearAbear,I'm a Mee,https://x.com/ImAbearAbear
x,slushytoma_,TOMA Ch.,https://x.com/slushytoma_
twitch,141567277,CheezySteaks,https://www.twitch.tv/cheezysteaks
youtube,UCgRxjdx4-ZMtmhjyl2N27nw,Blinkdraws ,https://www.youtube.com/channel/UCgRxjdx4-ZMtmhjyl2N27nw
tiktok,6991406292566131717,🌟Fafy▪️Falentine🌟,https://www.tiktok.com/@fafyfalentine
instagram,jayvounter_official,jayvounter_official,https://www.instagram.com/jayvounter_official
youtube,UCFSkExeBcqI4nb_ArHeByNw,シノライラ - Shino Laila【WACTOR】,https://www.youtube.com/channel/UCFSkExeBcqI4nb_ArHeByNw
youtube,UCnNZtWXxIpMK02DYkPMq8vA,Zhenzhen Ch. 【SSR】,https://www.youtube.com/channel/UCnNZtWXxIpMK02DYkPMq8vA
youtube,UC1Ow3RRt6TlD5__a3t-UYLQ,Kurosegawa Renjimaru 黒瀬川 櫺子丸 Ch.,https://www.youtube.com/channel/UC1Ow3RRt6TlD5__a3t-UYLQ
facebook,61569107429730,61569107429730,https://www.facebook.com/profile.php?id=61569107429730
instagram,artie_epr,artie_epr,https://www.instagram.com/artie_epr
tiktok,7326415257441240069,TANTAN,https://www.tiktok.com/@tanehasol
tiktok,6975626484480214018,candycatdy,https://www.tiktok.com/@candycatdy
x,Victorrr_hn,Victor Hoshino【GRADUATED】,https://x.com/Victorrr_hn
x,_DuziHa_,DuziHa DuDu Ch.,https://x.com/_DuziHa_
tiktok,7190008020184417282,Hydejung《21PM》Vtuber,https://www.tiktok.com/@hydejung21pm
twitch,85526108,Basseafood,https://www.twitch.tv/basseafood
instagram,masato_mz_art,masato_mz_art,https://www.instagram.com/masato_mz_art
tiktok,7631522507896833045,rocokingdomgame,https://www.tiktok.com/@rocokingdomgame
x,darinVmonster,Darin V,https://x.com/darinVmonster
x,MortyBathory,Mortifer Bathory Ch.,https://x.com/MortyBathory
youtube,UCJu3OL7duainSbXcDvU-bUA,Kurosawa Karwara〖Autumnia〗,https://www.youtube.com/channel/UCJu3OL7duainSbXcDvU-bUA
youtube,UC7QHNjS_btGI8AhRkju_NxQ,Another Beariss,https://www.youtube.com/channel/UC7QHNjS_btGI8AhRkju_NxQ
tiktok,7207716397177226242,roselia_de_magentia,https://www.tiktok.com/@roselia_de_magentia
twitch,1062179883,MilisVT,https://twitch.tv/milisvt
twitch,846644397,qmulaz,https://www.twitch.tv/qmulaz
x,REAL_PARALIST,Mellowlop「Paralist」,https://x.com/REAL_PARALIST
tiktok,7184966369673741314,Zeiji7ᵗʰ | เซย์จิ,https://www.tiktok.com/@zeijikun
youtube,UCgkQ3ELvRzik3JDfc4o4S_g,Mor9an ՞·ᴥ·՞ (มอร์แกน)『VFree』,https://www.youtube.com/channel/UCgkQ3ELvRzik3JDfc4o4S_g
x,Maylyn_ARP,Maylyn Ch.【ARP】,https://x.com/Maylyn_ARP
x,manybaht,Laibaht Ch. / หลายบาท,https://x.com/manybaht
youtube,UC8xAtvAk_HX1j3egTO7ylIQ,Roselia de Magentia Ch. Pixela S,https://www.youtube.com/channel/UC8xAtvAk_HX1j3egTO7ylIQ
x,RayAmetier_Yuan,Ray Ametier Yuan Ch.,https://x.com/RayAmetier_Yuan
instagram,maewuvchan,maewuvchan,https://www.instagram.com/maewuvchan
youtube,UCGzgTzdaT1_RJM2rZm4O-dg,Ryuuga The crane,https://www.youtube.com/channel/UCGzgTzdaT1_RJM2rZm4O-dg
youtube,UCtGhO6z6GxqtBZ4gP-3rUpA,TakumaRei「บ่นไปเรื่อย」,https://www.youtube.com/channel/UCtGhO6z6GxqtBZ4gP-3rUpA
youtube,UCjK-ZpWlurxanrP62Di8HkA,Momay infinite,https://www.youtube.com/channel/UCjK-ZpWlurxanrP62Di8HkA
x,Jorogumov,Joro Gumo,https://x.com/Jorogumov
tiktok,7124905776468657158,Friskfitz,https://www.tiktok.com/@friskfitz
x,ggingerbelle,gingerbelle,https://x.com/ggingerbelle
twitch,145424722,孤立タカ,https://www.twitch.tv/takamelonpan
youtube,UCtwkgAaBfYn8dGavjDAITxg,Kitsunebana Aiku Ch.,https://www.youtube.com/channel/UCtwkgAaBfYn8dGavjDAITxg
youtube,UCiYFmDfFBoAP2yk9yuXBTTg,S1R Ch.【ARP】,https://www.youtube.com/channel/UCiYFmDfFBoAP2yk9yuXBTTg
x,Xyne_ZTP,Xyne Valdreth「ZTP」,https://x.com/Xyne_ZTP
twitch,764080990,Yuka_Hizumi,https://www.twitch.tv/yuka_hizumi
youtube,UCCptqrhEdtJGBer1qWWRLnA,Lawiz Ch.,https://www.youtube.com/channel/UCCptqrhEdtJGBer1qWWRLnA
twitch,507642834,PukaPukann,https://www.twitch.tv/pukapukann
youtube,UC64_YFnoPvaGUSv4fpozr1w,MONARICA ,https://www.youtube.com/channel/UC64_YFnoPvaGUSv4fpozr1w
youtube,UCw-oKO2PVt2CvgcEjuODDRw,Yukito - ユキト,https://www.youtube.com/channel/UCw-oKO2PVt2CvgcEjuODDRw
twitch,116840566,Nokk_tt,https://www.twitch.tv/nokk_tt
twitch,564025381,FoKuro25,https://www.twitch.tv/fokuro25
tiktok,6508298854638452737,Khaojao,https://www.tiktok.com/@khaojaoz_
x,hibana_nekomata,Hibana Nekomata,https://x.com/hibana_nekomata
youtube,UCSlT8Mc_dty5c_cFmi1zz4Q,Mikotomi Maneneko Ch. Lumina-Mutelu,https://www.youtube.com/channel/UCSlT8Mc_dty5c_cFmi1zz4Q
x,Oki_Toy42935,OkiChinaToy,https://x.com/Oki_Toy42935
twitch,915916778,xSunLIEx,https://www.twitch.tv/xsunliex
youtube,UCkLlWzLdsqNdEaW9QYRbZCw,Zynlyp,https://www.youtube.com/channel/UCkLlWzLdsqNdEaW9QYRbZCw
youtube,UCMs5aPn2oecJGX0siIC3q0Q,Ayris Belle Melleri Ch.,https://www.youtube.com/channel/UCMs5aPn2oecJGX0siIC3q0Q
tiktok,7240325973915943937,Zoel ch.,https://www.tiktok.com/@zoel_vtuber
twitch,439239573,RAYXILLIA,https://www.twitch.tv/rayxillia
youtube,UCiHID_2M0x_oEo62Kate2jQ,Zoomdesu,https://www.youtube.com/channel/UCiHID_2M0x_oEo62Kate2jQ
tiktok,7479846078272881680,Chiharu 「TRR」,https://www.tiktok.com/@chiharu_trr
x,cylowless,Cylowless,https://x.com/cylowless
youtube,UCN6506blTCjlsfwnRBMRB0Q,Norigo Ch.,https://www.youtube.com/channel/UCN6506blTCjlsfwnRBMRB0Q
twitch,257735783,Maybliss Blessyou Ch.,https://www.twitch.tv/mayblissvt
youtube,UCyZOcyIIrCmWMWlZCbPL9kw,ไดได ⨳ECR⨳,https://www.youtube.com/channel/UCyZOcyIIrCmWMWlZCbPL9kw
instagram,byte001_slr,byte001_slr,https://www.instagram.com/byte001_slr
youtube,UCqCv5pUmAMeoQMushiW3Csg,Lamu Ch.,https://www.youtube.com/channel/UCqCv5pUmAMeoQMushiW3Csg
youtube,UCkWqUSYGks1CqOcCm-zwfzw,Lalia,https://www.youtube.com/channel/UCkWqUSYGks1CqOcCm-zwfzw
instagram,horusenryu,horusenryu,https://www.instagram.com/horusenryu
x,Polygon_Project,Polygon Official,https://x.com/Polygon_Project
youtube,UCQGAawBLXuFEodAGOANkAdQ,J U $ T - Virtual7『TH』,https://www.youtube.com/channel/UCQGAawBLXuFEodAGOANkAdQ
x,Demon_Maimon,Maimon CH,https://x.com/Demon_Maimon
tiktok,6605407529907093505,CherryS_Kersche,https://www.tiktok.com/@cherrys_kersche
twitch,136824515,XINPIA03,https://www.twitch.tv/xinpia03
instagram,mitpesisth,Mit PESISTH,https://www.instagram.com/mitpesisth
x,yuuto_naoki,Naoki Yuuto Ch.,https://x.com/yuuto_naoki
instagram,liyin_lovely,Liyin,https://www.instagram.com/liyin_lovely
twitch,770633075,MortiferBathory,https://www.twitch.tv/mortiferbathory
tiktok,7236046781456122885,ที อยากลองเล่นเกมมาก,https://www.tiktok.com/@nonghanging
x,JuliusKosmoVT,Julius Kosmolatria Ch.,https://x.com/JuliusKosmoVT
tiktok,6972839236068574210,AKAI CH [ECR],https://www.tiktok.com/@nezumiakai
tiktok,6987571781910709250,วิวมาละ,https://www.tiktok.com/@weikito
x,Zerias_nagao,Zerias Ch.,https://x.com/Zerias_nagao
facebook,RiekaAstella,RiekaAstella,https://www.facebook.com/RiekaAstella
tiktok,6779314431026840577,GusNaaa,https://www.tiktok.com/@gusnaaa_tt
twitch,48169979,KurosawaSP,https://www.twitch.tv/kurosawasp
youtube,UCj3jRZ4HHn1hZtwzs5Sw2KQ,'- BURN -,https://www.youtube.com/channel/UCj3jRZ4HHn1hZtwzs5Sw2KQ
youtube,UCbzEo3V4jrYslgsDPXUV8-A,靖海 • J1ngHaii,https://www.youtube.com/channel/UCbzEo3V4jrYslgsDPXUV8-A
youtube,UCoekpBaMC20hpELSXrqRTzg,Fury.D [FRG],https://www.youtube.com/channel/UCoekpBaMC20hpELSXrqRTzg
youtube,UC2GaO3oPD_bkDMtLLRHnJgw,Nelynn,https://www.youtube.com/channel/UC2GaO3oPD_bkDMtLLRHnJgw
twitch,780894241,karinnboo,https://www.twitch.tv/karinnboo
x,fukio425641,Rainbows Fukio,https://x.com/fukio425641
twitch,38115293,DelivaKaga,https://www.twitch.tv/delivakaga
instagram,meteona_mars,meteona_mars,https://www.instagram.com/meteona_mars
twitch,705473813,HuntaPNG,https://www.twitch.tv/huntapng
tiktok,7072813835544249370,P.Ares_Spacedog『Berlina•ECR』,https://www.tiktok.com/@p.ares_spacedog
twitch,495851785,mii__belle,https://www.twitch.tv/mii__belle
x,DaiDai_vtuber,ไดได ⨳ECR⨳,https://x.com/DaiDai_vtuber
x,gris_panthera,Gris Panthera Ch. ,https://x.com/gris_panthera
youtube,UC6mMhtBN142AdbakQVDricQ,Elena Elle | AcastledProject,https://www.youtube.com/channel/UC6mMhtBN142AdbakQVDricQ
youtube,UC8A9JEM4P4ywcQvqo2ZDX-A,RIN_RINZ Ch.,https://www.youtube.com/channel/UC8A9JEM4P4ywcQvqo2ZDX-A
youtube,UCHEnKuFdHAKL20IpCTi8l9Q,SeJi Ch.,https://www.youtube.com/channel/UCHEnKuFdHAKL20IpCTi8l9Q
youtube,UCjgiHXaBeeuWfxZpNMCJioQ,Galactic Lunarr,https://www.youtube.com/channel/UCjgiHXaBeeuWfxZpNMCJioQ
youtube,UCgJiSmkfl1jCbczrs6kDWVw,DuziHa DuDu Ch.,https://www.youtube.com/channel/UCgJiSmkfl1jCbczrs6kDWVw
youtube,UCUlc9fwNihOqufbS8KtakvA,Koharu Channel,https://www.youtube.com/channel/UCUlc9fwNihOqufbS8KtakvA
x,Haru_Haru_TH,Haru CH.,https://x.com/Haru_Haru_TH
twitch,1110333724,khunchanii,https://www.twitch.tv/khunchanii
youtube,UC4kKR_Kstzo__dyqZa-95Ig,King Slime VTH ,https://www.youtube.com/channel/UC4kKR_Kstzo__dyqZa-95Ig
youtube,UCaazykhRsTDHw7zxowhbpiw,Noa / のあくん,https://www.youtube.com/channel/UCaazykhRsTDHw7zxowhbpiw
instagram,scentxyz67,scentxyz67,https://www.instagram.com/scentxyz67
tiktok,7120355321230410757,Lune & Sol,https://www.tiktok.com/@lunesolv
youtube,UCivtAz2MHfiy-HC0VW9fR2Q,วาฬ くじら,https://www.youtube.com/channel/UCivtAz2MHfiy-HC0VW9fR2Q
tiktok,7371883107961947137,เรียลเชอร์มี่,https://www.tiktok.com/@chermy_vtuber
twitch,667867262,qdmnora,https://www.twitch.tv/qdmnora
tiktok,7422356680601551878,Zenjigo_minibox,https://www.tiktok.com/@zenjigo_minibox
x,tomo_cornCh,tomo_corn,https://x.com/tomo_cornCh
x,VAngle_Azazel,Azazel  Ch.,https://x.com/VAngle_Azazel
x,nyeeeon,Nyeeeon,https://x.com/nyeeeon
x,miina_manii,MIINA Ch.,https://x.com/miina_manii
youtube,UCrkmFl9WbotWvZMH8wQM2mw,Kisane Miko Ch,https://www.youtube.com/channel/UCrkmFl9WbotWvZMH8wQM2mw
ganknow,rainnimin,Rainnimin,https://ganknow.com/rainnimin
twitch,868033088,RiekaDaYo,https://www.twitch.tv/riekadayo
x,Daddy_Evil_Ch,Daddy Evil Ch.,https://x.com/Daddy_Evil_Ch
x,KirariNene,キラリKirari NeNe,https://x.com/KirariNene
youtube,UCFVbcS05rXwR7iLPl2K82Kw,SoLRuN Ch.,https://www.youtube.com/channel/UCFVbcS05rXwR7iLPl2K82Kw
youtube,UC_LTVw7bj_wFH4n8POeSNbw,Faminé Ch.【ARP】,https://www.youtube.com/channel/UC_LTVw7bj_wFH4n8POeSNbw
youtube,UCalvpWY2A2P4-h5UIs1jGgA,yoinmori,https://www.youtube.com/channel/UCalvpWY2A2P4-h5UIs1jGgA
youtube,UCcdu_2oQRES4yHL98BC4_fw,Souji Roy,https://www.youtube.com/channel/UCcdu_2oQRES4yHL98BC4_fw
tiktok,7207823045511087109,DragooooonLH,https://www.tiktok.com/@dragooooon_lh
youtube,UCqVbto9IH79DiJQab1nZ8CA,Dellons Ch.【𝐙𝐎𝐑𝐀】(REST),https://www.youtube.com/channel/UCqVbto9IH79DiJQab1nZ8CA
x,Hugo_Vprolive,Hugo Ch. Vprolive,https://x.com/Hugo_Vprolive
youtube,UCTbgUT9_ipoQbiC7IxhJdoQ,Maimon CH,https://www.youtube.com/channel/UCTbgUT9_ipoQbiC7IxhJdoQ
youtube,UCcjjQNj_XUhM1dH9TEXEpAg,มาลัย / Malai [EC19 Projekt],https://www.youtube.com/channel/UCcjjQNj_XUhM1dH9TEXEpAg
twitch,496306660,chaoplathong,https://www.twitch.tv/chaoplathong
kick,julius-kosmolatria,Julius Kosmolatria Ch.,https://kick.com/julius-kosmolatria
youtube,UCUBooBbB6GNYvQJEna3eRBQ,Beatrix CH. - ビアトリクス,https://www.youtube.com/channel/UCUBooBbB6GNYvQJEna3eRBQ
twitch,809848637,diana_chocmint,https://www.twitch.tv/diana_chocmint
youtube,UCOv6QnpFZfsVsOfh581sFrA,KitadesuS,https://www.youtube.com/channel/UCOv6QnpFZfsVsOfh581sFrA
tiktok,7214852077918307333,geno_tst,https://www.tiktok.com/@geno_tst
youtube,UCWa0z5W_t2B46XB3a5OKU0Q,Jao_KaoJao,https://www.youtube.com/channel/UCWa0z5W_t2B46XB3a5OKU0Q
facebook,darinVmonster,darinVmonster,https://www.facebook.com/darinVmonster
x,AmaneRei_,AmaneRei Ch.,https://x.com/AmaneRei_
youtube,UCGofntRkNUAgXGqimLtLy4g,Reilim Channel,https://www.youtube.com/channel/UCGofntRkNUAgXGqimLtLy4g
x,timetoking2545,Timetuba,https://x.com/timetoking2545
youtube,UCXTC545Ye8-2RFdSZ4LXoSg,Xeres Artrophel Ch.,https://www.youtube.com/channel/UCXTC545Ye8-2RFdSZ4LXoSg
tiktok,7085691135641666562,ซีบันนี่ ⋰˚☆,https://www.tiktok.com/@seabunnyi
x,Odiare_Ch,Odiare Ch ,https://x.com/Odiare_Ch
facebook,OkamiHito.CH,OkamiHito.CH,https://www.facebook.com/OkamiHito.CH
x,C1EL_THECAT,C1EL ,https://x.com/C1EL_THECAT
x,KamiSaki_Kur0,KamiSaki Kuro Ch.,https://x.com/KamiSaki_Kur0
facebook,ShirowashiVtuber,ShirowashiVtuber,https://www.facebook.com/ShirowashiVtuber
youtube,UC3ea-AGQlCDx_XOMO58C0Jg,The Doll Tales,https://www.youtube.com/channel/UC3ea-AGQlCDx_XOMO58C0Jg
tiktok,7508415218050040850,Cyntia Skareth,https://www.tiktok.com/@cyntiavtuber
x,Storm_Bullet13,StormBullet,https://x.com/Storm_Bullet13
x,Ryuuga_crane,Ryuuga The Crane,https://x.com/Ryuuga_crane
twitch,695309646,Moramypop,https://www.twitch.tv/moramypop
tiktok,7633741468108866576,MIoraTwilight_.,https://www.tiktok.com/@mi._.mioraa
youtube,UCDXhbquWzQvdwZC1yVUmxAA,Alicia Ch.,https://www.youtube.com/channel/UCDXhbquWzQvdwZC1yVUmxAA
tiktok,7369671797899445255,Wilona Ch.,https://www.tiktok.com/@wilona.thegoat
x,Kumo_Kumoma,Kumo Kuma ch.,https://x.com/Kumo_Kumoma
twitch,794266826,LissainTH,https://www.twitch.tv/lissainth
tiktok,7096352098976039938,Lucala,https://www.tiktok.com/@lucalagravity
youtube,UCeijqgCP9z3zLJ-uwQzvFtQ,Sora A.C.G.,https://www.youtube.com/channel/UCeijqgCP9z3zLJ-uwQzvFtQ
tiktok,6533723432441364482,MakiKaiSao,https://www.tiktok.com/@makikaisao
twitch,1035422415,Wormtomato,https://www.twitch.tv/wormtomato
youtube,UCpDj-ctDxLn5M5H5G_UxuRA,Deilliah Goodknight ,https://www.youtube.com/channel/UCpDj-ctDxLn5M5H5G_UxuRA
twitch,849533236,jammychxn,https://www.twitch.tv/jammychxn
tiktok,7596638439400162325,Lioren《HPP》,https://www.tiktok.com/@lioren_dande
youtube,UCzXQmOiroz8RwldLOFiuVAw,Shiroyasha Zerim Ch.,https://www.youtube.com/channel/UCzXQmOiroz8RwldLOFiuVAw
tiktok,7623027380622246932,Frayr_WAV,https://www.tiktok.com/@frayr_wav
tiktok,7254569951896290310,kaneakiarina,https://www.tiktok.com/@kaneakiarina
youtube,UC5cOcO_LxT0ZQ7Q2qQEM4Og,Shiba Inuri Ch.,https://www.youtube.com/channel/UC5cOcO_LxT0ZQ7Q2qQEM4Og
x,ursa_vtuber,Ursa Scorpio,https://x.com/ursa_vtuber
x,Listen_ARP,Listen Ch.【ARP】,https://x.com/Listen_ARP
tiktok,6988532888988124162,Juebighead,https://www.tiktok.com/@juebighead
tiktok,7559894991800484876,Pamberry,https://www.tiktok.com/@pamberrych
youtube,UCcfkeut6fAXSfuT1AmFi2cA,Valkyrie Ch.,https://www.youtube.com/channel/UCcfkeut6fAXSfuT1AmFi2cA
x,SoraMyojo_EXia,Sora Myojo《 EXia 》,https://x.com/SoraMyojo_EXia
tiktok,6668928436630192130,issanumberone,https://www.tiktok.com/@issanumberone
youtube,UC0C2fagfuiXuEgVCHEkJi4Q,Zenos Ch.,https://www.youtube.com/channel/UC0C2fagfuiXuEgVCHEkJi4Q
youtube,UCsrQN_xHHIOLkPfQ-uP1zag,Kuro『VTG』,https://www.youtube.com/channel/UCsrQN_xHHIOLkPfQ-uP1zag
x,1KFUU,1KFuu Ch.,https://x.com/1KFUU
x,Catta4R,Catta.,https://x.com/Catta4R
twitch,750673863,FloraVtuberTH,https://www.twitch.tv/floravtuberth
x,PDRve_Official,Anthia Ch.,https://x.com/PDRve_Official
youtube,UC61qTNWVk4mkDXe01xgudpA,MurkilyCH.,https://www.youtube.com/channel/UC61qTNWVk4mkDXe01xgudpA
x,ShiroYobiii,Yobi Shiro Ch.,https://x.com/ShiroYobiii
youtube,UCMJcr4CRojJ_0Qkyd1a5ULQ,DeathEx Ch.,https://www.youtube.com/channel/UCMJcr4CRojJ_0Qkyd1a5ULQ
youtube,UC_qD5kQNDIWdfeAR5pH3bBA,Asheria Ch.,https://www.youtube.com/channel/UC_qD5kQNDIWdfeAR5pH3bBA
youtube,UCEuU0EQj7eWL2-vf5hGFwXg,Narin  Vtuber TH,https://www.youtube.com/channel/UCEuU0EQj7eWL2-vf5hGFwXg
youtube,UChAhP23slVdjdrpt4aRukIw,Daddy Evil Ch.,https://www.youtube.com/channel/UChAhP23slVdjdrpt4aRukIw
twitch,216032520,protosn_ponytail,https://www.twitch.tv/protosn_ponytail
youtube,UCVvTvmP37h2C2NuHqB_Uekg,Merope Ch.,https://www.youtube.com/channel/UCVvTvmP37h2C2NuHqB_Uekg
x,MelodySparklePJ,Melody Sparkle【PajamaJa】,https://x.com/MelodySparklePJ
x,WinterApatite,Winter Apatite Ch.,https://x.com/WinterApatite
x,MarukoMeruna,^-Maru Chan-^,https://x.com/MarukoMeruna
twitch,680357153,OilFenris,https://www.twitch.tv/oilfenris
tiktok,7192981824262865925,ChouxCreamVtuber,https://www.tiktok.com/@chouxcreamii
facebook,ec19projekt,EC19 Projekt Official,https://www.facebook.com/ec19projekt
youtube,UCY-5Lf7AJKFj4fudzFi1AZw,TeenWISU,https://www.youtube.com/channel/UCY-5Lf7AJKFj4fudzFi1AZw
x,Sistra_OTL,Sistra Lyrics《 OTL 》,https://x.com/Sistra_OTL
tiktok,7488771859425920007,chatacloveron,https://www.tiktok.com/@chatacloveron
twitch,789822803,Remisde_Vtuber,https://www.twitch.tv/remisde_vtuber
youtube,UCeMd3ACzZD2sVn2fYYWcuMQ,Chermy Ch.,https://www.youtube.com/channel/UCeMd3ACzZD2sVn2fYYWcuMQ
tiktok,7277483475178193926,azuri_desu,https://www.tiktok.com/@azuri_desu
x,Sonicspeex,Akihira Ch.- あきひら -,https://x.com/Sonicspeex
x,CatloverMochi,Hanna Ch. ハンナー,https://x.com/CatloverMochi
twitch,1422082556,AoiNekomori,https://www.twitch.tv/aoinekomori
youtube,UC3DORp_0MHcP00w2JxQ88_Q,SHIRO K. Channel,https://www.youtube.com/channel/UC3DORp_0MHcP00w2JxQ88_Q
facebook,Akane-Ch-108618291331773,Akane-Ch-108618291331773,https://www.facebook.com/Akane-Ch-108618291331773
twitch,218425987,Boonshuuuu,https://www.twitch.tv/boonshuuuu
tiktok,7666643461232411664,Ryusei Starlight,https://www.tiktok.com/@ryuseistarlight
tiktok,7345820107556275201,Grazia Ch. VtuberTH,https://www.tiktok.com/@grazia_desuwa
youtube,UCd6Tzh7ZpVnCysNMt4nPjAg,Sojuu S.,https://www.youtube.com/channel/UCd6Tzh7ZpVnCysNMt4nPjAg
x,ngern_tong,Ngerntong-เงินทอง,https://x.com/ngern_tong
tiktok,7335012646867059719,FuwaFuwaSeal,https://www.tiktok.com/@fuwafuwasealvtuber
twitch,824541512,mxnnxm,https://www.twitch.tv/mxnnxm
youtube,UCNy9BIHfr9iuvGdeQ0jm1gA,MaddoxTheOrder,https://www.youtube.com/channel/UCNy9BIHfr9iuvGdeQ0jm1gA
youtube,UCdGC8XH74o6QTavyXw-5q2w,HoshiNa Vtuber Ch.,https://www.youtube.com/channel/UCdGC8XH74o6QTavyXw-5q2w
youtube,UCWm99dEdWyZR-jWLyzzOIZA,RAILONEY,https://www.youtube.com/channel/UCWm99dEdWyZR-jWLyzzOIZA
youtube,UCOMnre_EA7EoOVQEkBwWKRA,Mabelle.a,https://www.youtube.com/channel/UCOMnre_EA7EoOVQEkBwWKRA
x,MasukayaKoruto,Koru Ch.,https://x.com/MasukayaKoruto
x,akitoqflame,Akito Q Flame『VW』,https://x.com/akitoqflame
youtube,UCU1t3KkZ6-ytH1stNylfv1Q,Rosánn Ch.,https://www.youtube.com/channel/UCU1t3KkZ6-ytH1stNylfv1Q
youtube,UCfx7DcAIytFlHnLK3riX7BQ,สกาว พี่สาวออฟฟิศ,https://www.youtube.com/channel/UCfx7DcAIytFlHnLK3riX7BQ
tiktok,7599329257227518983,Akari Kanon,https://www.tiktok.com/@akari_kanon
facebook,KhaojaoVtuber,KhaojaoVtuber,https://www.facebook.com/KhaojaoVtuber
twitch,108841173,AkizLica,https://www.twitch.tv/akizlica
youtube,UCjgbkv8rEi3oBPjhsCRUWsA,Shunka INE [NEX],https://www.youtube.com/channel/UCjgbkv8rEi3oBPjhsCRUWsA
twitch,1411404221,dragooooon556,https://www.twitch.tv/dragooooon556
twitch,750975334,AishaChannel,https://www.twitch.tv/aishachannel
tiktok,6941192058187219970,Hinabe HongFei,https://www.tiktok.com/@hongfei_pix
x,MerakiKeimii,Meraki Keimii Ch. Pixela Legends,https://x.com/MerakiKeimii
twitch,743623225,Bot_Lottie,https://www.twitch.tv/bot_lottie
facebook,LyricUrsae,LyricUrsae,https://www.facebook.com/LyricUrsae
youtube,UCaNQI1xcU1ZC4W0guaIMgTg,ศาลเจ้ามังกรเนื้อทอง,https://www.youtube.com/channel/UCaNQI1xcU1ZC4W0guaIMgTg
x,Midori_Suikaa,Midori Suika,https://x.com/Midori_Suikaa
x,DoctorJunichi,Junichi Channel,https://x.com/DoctorJunichi
x,keiler_SSR,Keiler Ch.〖SSR〗,https://x.com/keiler_SSR
tiktok,6953043987701187585,Nosomi_Ray,https://www.tiktok.com/@nosomi_ray
twitch,778363860,erizuna,https://www.twitch.tv/erizuna
tiktok,7476884882587042823,Regene 🍿🔳,https://www.tiktok.com/@regene_0810
facebook,ImC1overr,ImC1overr,https://www.facebook.com/ImC1overr
x,Ezraaa__,Ezra Ch.,https://x.com/Ezraaa__
youtube,UCWjaqaEssIOviThtKEtBvsw,Hibiki Diva『DPX』,https://www.youtube.com/channel/UCWjaqaEssIOviThtKEtBvsw
twitch,694875390,Ka4umich,https://www.twitch.tv/ka4umich
facebook,129.CLASSIFIED,129.CLASSIFIED,https://www.facebook.com/129.CLASSIFIED
x,Regene_RES,จู้จีนจุกจิก | Regene【RE:S】,https://x.com/Regene_RES
tiktok,7205191295283217414,Faye Ashefort,https://www.tiktok.com/@fayeashefort
x,Willoww_Ch,Willow Ch.【 HZ 】,https://x.com/Willoww_Ch
youtube,UCXWwuHiYZepNhYk3lBrj2pg,Hyoki Howatora Ch.,https://www.youtube.com/channel/UCXWwuHiYZepNhYk3lBrj2pg
youtube,UC6Q4UI5mEjeZOIRoTtRoFJA,Midnight Ch.【ARP】,https://www.youtube.com/channel/UC6Q4UI5mEjeZOIRoTtRoFJA
youtube,UCwUOnMoqNijxs5e6GbfRJ3Q,ANT4ZIN,https://www.youtube.com/channel/UCwUOnMoqNijxs5e6GbfRJ3Q
youtube,UCNvLBLJ0HtlmeEKsGC5F4PQ,OKAMI bwt,https://www.youtube.com/channel/UCNvLBLJ0HtlmeEKsGC5F4PQ
twitch,227020051,nyeeeon,https://www.twitch.tv/nyeeeon
x,FaribellSEIREKI,Faribell SEIREKI [ 西暦 ],https://x.com/FaribellSEIREKI
x,ImsoGracechu,ImsoGracechu!,https://x.com/ImsoGracechu
x,Baku_ARP,Baku Ch.【ARP】,https://x.com/Baku_ARP
twitch,1104119730,qamarr_altair,https://www.twitch.tv/qamarr_altair
tiktok,7388045402341721104,kwin_55,https://www.tiktok.com/@gnoiz_ch
youtube,UC9dolQobrGWzLP2UNrkUbEw,Liz's | WISLIVE,https://www.youtube.com/channel/UC9dolQobrGWzLP2UNrkUbEw
x,ShuaVibeENT,SHUA Ch. / QURSE,https://x.com/ShuaVibeENT
x,klangkhuen,Klangkhuen / กลางคืน,https://x.com/klangkhuen
x,RexaPLG,Tiara Rexa Ch. 【POLYGON】,https://x.com/RexaPLG
youtube,UCKKPleoe-EdGryxMCf0i9UA,DoMINO DDD.,https://www.youtube.com/channel/UCKKPleoe-EdGryxMCf0i9UA
youtube,UCoWVH0zHK4XpY8oqEWZ1Thw,Salvia Ch.,https://www.youtube.com/channel/UCoWVH0zHK4XpY8oqEWZ1Thw
tiktok,7091586712044323845,natach_th,https://www.tiktok.com/@natach_th
twitch,745759334,ArineUwU,https://www.twitch.tv/arineuwu
x,meiiyume,Meiiyume Ch.,https://x.com/meiiyume
youtube,UCvbHZ8Ye_C0BHMLVU9F9nuA,NALIKA Vtuber,https://www.youtube.com/channel/UCvbHZ8Ye_C0BHMLVU9F9nuA
x,LivyaCh,Leviana Ch.,https://x.com/LivyaCh
twitch,140959634,LIMESALTZ,https://www.twitch.tv/limesaltz
youtube,UCOaTgKPjI9cgXLoDW7XFDDw,Princess Zelina Ch. Pixela Project,https://www.youtube.com/channel/UCOaTgKPjI9cgXLoDW7XFDDw
youtube,UCCM6yLTh1Ep5rlwrapyyNOQ,Hajime Rei Ch. / AStars,https://www.youtube.com/channel/UCCM6yLTh1Ep5rlwrapyyNOQ
tiktok,7102373871919891461,AidinVtuber,https://www.tiktok.com/@aidinvtuber
youtube,UCXG9ZvdggOsj5kb996vbYPg,FL_FirstsLove ⌜VZ⌟,https://www.youtube.com/channel/UCXG9ZvdggOsj5kb996vbYPg
x,wynn_oal,Wynn Carwin Ch. | OAL,https://x.com/wynn_oal
tiktok,7529227219378881543,Xyne Valdreth「ZTP」,https://www.tiktok.com/@xyne_ztp
tiktok,7165176486793495553,Freyrina,https://www.tiktok.com/@freyrinavtuber
twitch,774785269,anemizz_,https://www.twitch.tv/anemizz_
youtube,UCnOY70F34J77m2YzkW7B5qw,Hamiko Channel,https://www.youtube.com/channel/UCnOY70F34J77m2YzkW7B5qw
youtube,UCWyO0Zn2Vx6U2VOIpeCjsJw,Liyin,https://www.youtube.com/channel/UCWyO0Zn2Vx6U2VOIpeCjsJw
tiktok,7285221766853936129,น้องSapD,https://www.tiktok.com/@saphirdragnier
x,Morr_ARP,Morr Ch.【ARP】,https://x.com/Morr_ARP
x,kaamoria,Kaamoria Ch.,https://x.com/kaamoria
tiktok,7364356121508955143,Rafinia_Ch,https://www.tiktok.com/@rafinia_ch
x,IRISSxOfficer,IRISS Ch.,https://x.com/IRISSxOfficer
facebook,MolaSunfishGod,MolaSunfishGod,https://www.facebook.com/MolaSunfishGod
tiktok,6986049911888430081,red_fartear,https://www.tiktok.com/@red_fartear
twitch,120192302,Apheriajax,https://www.twitch.tv/apheriajax
youtube,UCbE5PSt6dbI8_URxa7tl_TA,Carys Cordelia,https://www.youtube.com/channel/UCbE5PSt6dbI8_URxa7tl_TA
twitch,767436746,meteona_mars,https://www.twitch.tv/meteona_mars
twitch,777177061,Hinabe_Hongfei,https://www.twitch.tv/hinabe_hongfei
twitch,791790824,stateflush,https://www.twitch.tv/stateflush
twitch,962521489,teddybel_official,https://www.twitch.tv/teddybel_official
x,Red_Fartear,Red FarTear Ch.,https://x.com/Red_Fartear
x,Lumiel_DPX,Lumiel Ch. 【DPX】,https://x.com/Lumiel_DPX
twitch,706892170,fxoverpur,https://twitch.tv/fxoverpur
instagram,aoicrescent410,aoicrescent410,https://www.instagram.com/aoicrescent410
instagram,popkorn163,popkorn163,https://www.instagram.com/popkorn163
youtube,UC0CvHQnIDi7-Pk5nyc09EYw,Kyubi Nine キュビ ナイン,https://www.youtube.com/channel/UC0CvHQnIDi7-Pk5nyc09EYw
tiktok,7432870564027024385,Vita OvO CMS OPEN!,https://www.tiktok.com/@vita.ovo.commis
tiktok,7512126639683339272,Byte001_SLR,https://www.tiktok.com/@byte001_slr
x,MaewBaew,MaewBaew,https://x.com/MaewBaew
x,XenonPhaneJohn,Xenon PhaneJohn 🐊💧,https://x.com/XenonPhaneJohn
facebook,61578838247323,61578838247323,https://www.facebook.com/profile.php?id=61578838247323
twitch,71208228,LunaLumIIna_PRD,https://www.twitch.tv/lunalumiina_prd
youtube,UCO8YcEfbe_-_WlX9QTU6b0Q,Shua Channel,https://www.youtube.com/channel/UCO8YcEfbe_-_WlX9QTU6b0Q
twitch,176818069,kaamoria,https://www.twitch.tv/kaamoria
youtube,UCmo490psosEoBDv_hNHmmng,Lynze,https://www.youtube.com/channel/UCmo490psosEoBDv_hNHmmng
twitch,936043653,BhxcolateBhip,https://www.twitch.tv/bhxcolatebhip
twitch,745998853,CobaltHellHound,https://www.twitch.tv/cobalthellhound
tiktok,7497261982811374600,Lucid 🌠🗡️,https://www.tiktok.com/@lucid.rvd
youtube,UCyXcXkTe7XZYGvX7A3_f3Jw,ONOMIL Ch.,https://www.youtube.com/channel/UCyXcXkTe7XZYGvX7A3_f3Jw
x,Tequila_ARP,Tequila Ch.【ARP】,https://x.com/Tequila_ARP
facebook,AzatoStacia,AzatoStacia,https://www.facebook.com/AzatoStacia
ganknow,chizizfa,Chiziz R Fa,https://ganknow.com/chizizfa/tip
tiktok,7465293209795724306,อูนิ 🐶🦔 (แกร้ด 20/9 บ้านแดง),https://www.tiktok.com/@uniinu_epr
x,maw_studio,MawMeow Channel / แมวเหมียว~,https://x.com/maw_studio
youtube,UCr0-V3nBW3klbNrklD_1TPg,Hiyoribouzu Ch.,https://www.youtube.com/channel/UCr0-V3nBW3klbNrklD_1TPg
youtube,UCoR4fWv6I7yN9uVgSO1hc1w,KZYU ReI『LIP』,https://www.youtube.com/channel/UCoR4fWv6I7yN9uVgSO1hc1w
youtube,UCC_P34t35REbiPzbHO_bifA,Kayna,https://www.youtube.com/channel/UCC_P34t35REbiPzbHO_bifA
x,GoozillaIly,Goozilla Ily Ch. [Autumnia],https://x.com/GoozillaIly
x,Jaqua_ch,Jaqua Ch.,https://x.com/Jaqua_ch
x,MALAI_FIXIXTN,MALAI ch.【FIXIX TN】,https://x.com/MALAI_FIXIXTN
youtube,UCU6UxFBQ19d2otSnCPeyykg,MamunzaaTV,https://www.youtube.com/channel/UCU6UxFBQ19d2otSnCPeyykg
tiktok,7442264634369065992,Kokori 🐰🍶 ｟ OTL ｠,https://www.tiktok.com/@kokori_otl
tiktok,7467158033761354759,gramkochiki,https://www.tiktok.com/@gramkochiki
twitch,114458931,shia_4a,https://www.twitch.tv/shia_4a
youtube,UCmDDNnaWA_lEL4rpWqD4nSA,JomJam_SLX,https://www.youtube.com/channel/UCmDDNnaWA_lEL4rpWqD4nSA
twitch,1013023509,darchelle_vtuber,https://www.twitch.tv/darchelle_vtuber
tiktok,6673081738808591362,yuutanatsuki,https://www.tiktok.com/@yuutanatsuki
twitch,1503828123,stormbullet9pb4u1,https://www.twitch.tv/stormbullet9pb4u1
x,Kiyomi_Chan943,Kiyomi Ch.,https://x.com/Kiyomi_Chan943
x,CeraPLG,Minami Cera Ch. 【POLYGON】,https://x.com/CeraPLG
youtube,UC6JIG9kjnF3ml6gLudTyzuA,Zuii Ch.,https://www.youtube.com/channel/UC6JIG9kjnF3ml6gLudTyzuA
x,MrJamesonn,Mr. Jameson,https://x.com/MrJamesonn
youtube,UC5I-HucSFSRsYl3HYMxtgEA,TiernSay,https://www.youtube.com/channel/UC5I-HucSFSRsYl3HYMxtgEA
facebook,61592637134897,61592637134897,https://www.facebook.com/profile.php?id=61592637134897
twitch,161268778,Hitsuki_24,https://www.twitch.tv/hitsuki_24
twitch,612302317,JaowMhe3Gus,https://www.twitch.tv/jaowmhe3gus
tiktok,7556144878330741776,xMylah.Chx,https://www.tiktok.com/@mylah.xch
x,NithraLapis,Nithra Lapis Ch.,https://x.com/NithraLapis
youtube,UC1_PguMZvyU9DhFVuwuUgTw,Lucala Ch.【APT】,https://www.youtube.com/channel/UC1_PguMZvyU9DhFVuwuUgTw
youtube,UC4x2o7dyxOqFLoA9NKxf0Iw,Ivy Ch.【ARP】,https://www.youtube.com/channel/UC4x2o7dyxOqFLoA9NKxf0Iw
twitch,732353372,MisterZhenfeng,https://www.twitch.tv/misterzhenfeng
instagram,maddoxtheorder,maddoxtheorder,https://www.instagram.com/maddoxtheorder
twitch,1046757937,Banpratou,https://www.twitch.tv/banpratou
youtube,UCzqqEpXJN-HMmFp-_hHyHGA,Ramoi Bonko,https://www.youtube.com/channel/UCzqqEpXJN-HMmFp-_hHyHGA
youtube,UCSy4T_D4xz0IcnrAoNKd8Sw,Dalinju モラー,https://www.youtube.com/channel/UCSy4T_D4xz0IcnrAoNKd8Sw
twitch,1264500571,Alteria_ch,https://www.twitch.tv/alteria_ch
x,NongMaMuangTH,น้องมะม่วง TV,https://x.com/NongMaMuangTH
youtube,UCpGtwNmbOtgmcKIY81MIX_w,Nongwan TV,https://www.youtube.com/channel/UCpGtwNmbOtgmcKIY81MIX_w
facebook,sabishiidesuyo,sabishiidesuyo,https://www.facebook.com/sabishiidesuyo
youtube,UC4g_aNYnbZ564FUrzHvoFQA,Moe Kaori  ⌜VZ⌟,https://www.youtube.com/channel/UC4g_aNYnbZ564FUrzHvoFQA
twitch,150482179,watermeawlon,https://www.twitch.tv/watermeawlon
x,Schneider_ARP,Schneider Ch.【ARP】,https://x.com/Schneider_ARP
youtube,UCVGgfzDAft7MekDFSwl4i6Q,Althena Ch.,https://www.youtube.com/channel/UCVGgfzDAft7MekDFSwl4i6Q
facebook,mirae.solstice.2025,mirae.solstice.2025,https://www.facebook.com/mirae.solstice.2025
x,vashsolac_mirea,Mirae Solstice🌌VtuberTH🌅,https://x.com/vashsolac_mirea
youtube,UC31Hn_T44_qvI_yTY-BFbPw,LIN Darling Ch.,https://www.youtube.com/channel/UC31Hn_T44_qvI_yTY-BFbPw
youtube,UC4IVinDrDxJGqolrsYSwnnw,thomashi ch. 翔真志,https://www.youtube.com/channel/UC4IVinDrDxJGqolrsYSwnnw
youtube,UCBDu-HE-uL4a-SqH9q5ZZ6g,Hengkungpen,https://www.youtube.com/channel/UCBDu-HE-uL4a-SqH9q5ZZ6g
youtube,UCM69uU9b_raR3mcACHeivgg,Pyork The Pork,https://www.youtube.com/channel/UCM69uU9b_raR3mcACHeivgg
facebook,Eimiichan,Eimiichan,https://www.facebook.com/Eimiichan
twitch,960552781,HokuPLG,https://www.twitch.tv/hokuplg
instagram,nongwanvtuber,nongwanvtuber,https://www.instagram.com/nongwanvtuber
tiktok,6940313023945622530,Mabelle.a,https://www.tiktok.com/@mabelle.aho
facebook,CuteBoyShop,CuteBoyShop,https://www.facebook.com/CuteBoyShop
tiktok,6942747545227920385,Sarnna Black Herbilrah |【SH】,https://www.tiktok.com/@sarnna_bh_br
twitch,970758841,ImsoGracechu,https://www.twitch.tv/imsogracechu
tiktok,6924271648834077698,Asheria,https://www.tiktok.com/@asheria_bubu
youtube,UC_yoxmr7vWS7wD_ashIMaWg,Akane1120 CH.,https://www.youtube.com/channel/UC_yoxmr7vWS7wD_ashIMaWg
twitch,84882048,Marzeline_IX,https://www.twitch.tv/marzeline_ix
x,Chana_Vtuber,Chana チャナ,https://x.com/Chana_Vtuber
x,kouwinkle_star,Kousei Ch.,https://x.com/kouwinkle_star
tiktok,7476856396328780855,ฟ้อนดาวมาเล่า | Fondawl【RE:S】,https://www.tiktok.com/@fondawl_res
twitch,840098762,CailleachV,https://www.twitch.tv/cailleachv
youtube,UCwSohSYD00uLV-kq_UFJb4g,Folpuzx Ch.,https://www.youtube.com/channel/UCwSohSYD00uLV-kq_UFJb4g
youtube,UCPuf-39u2U7T-5ClpMYQgWA,Fautier Owiwi Ch.,https://www.youtube.com/channel/UCPuf-39u2U7T-5ClpMYQgWA
youtube,UCL9pGQHePabm2RkTgbFR7YQ,TayTungKeyVR,https://www.youtube.com/channel/UCL9pGQHePabm2RkTgbFR7YQ
tiktok,7140974919219332122,Kurosegawa Renjimaru 黒瀬川 櫺子丸,https://www.tiktok.com/@kurosegawa.renjimaru
twitch,1024285665,dragooooon21,https://www.twitch.tv/dragooooon21
tiktok,7533388508415050760,Chika🍀🩷,https://www.tiktok.com/@nonokochika
twitch,1204208988,pr_pikoro,https://www.twitch.tv/pr_pikoro
twitch,1520979552,princess_devv,https://www.twitch.tv/princess_devv
twitch,1219108279,deathchannel_live,https://www.twitch.tv/deathchannel_live
tiktok,6558268026058850306,connese.plai,https://www.tiktok.com/@connese.plai
x,onomilvt,ONOMIL Ch.,https://x.com/onomilvt
x,Nagirin_res,นางิริน | Nagirin 【RE:S】,https://x.com/Nagirin_res
tiktok,7040509635820487706,นักวาดเกเบิ้มๆ🏳️‍🌈,https://www.tiktok.com/@helsongop_artwork
youtube,UCXtQTtPJedfjqEPysorbsMg,久檻夜くぅ / Qualia Qu Ch.,https://www.youtube.com/channel/UCXtQTtPJedfjqEPysorbsMg
x,Karu_ARP,Karu Ch.【ARP】,https://x.com/Karu_ARP
youtube,UCQS3nybcx-p4g8oFidDRMXA,Xyne Valdreth「ZTP」,https://www.youtube.com/channel/UCQS3nybcx-p4g8oFidDRMXA
twitch,1510651465,fiona_thegoat,https://www.twitch.tv/fiona_thegoat
x,Yorufuyuki,Night Nai ナイトナイ,https://x.com/Yorufuyuki
tiktok,7371094749850240017,LVMP 🔥🌋,https://www.tiktok.com/@lvmp_channel
twitch,159423111,YuutaNatsuki,https://www.twitch.tv/yuutanatsuki
tiktok,7247949866646094853,Elleusia 🥀◆,https://www.tiktok.com/@elleusia
tiktok,6795155901398582273,JamMyChan .ch🍑🐿,https://www.tiktok.com/@jammy_chan_
x,Dayeon_B1ue,Dayeon,https://x.com/Dayeon_B1ue
x,Kokori_OTL,Kokori 《 OTL 》,https://x.com/Kokori_OTL
x,Ame_Amethyst001,อเมะ,https://x.com/Ame_Amethyst001
tiktok,6966538066694996994,ซอลลี่ฟีนิกซ์นะยะ,https://www.tiktok.com/@heysolly
x,Endoria_ALF,Endoria Fia「ALF」,https://x.com/Endoria_ALF
x,raneetani,RaneeTani『VTG』,https://x.com/raneetani
twitch,140994954,HyougaAlpha,https://www.twitch.tv/hyougaalpha
x,Muay_barista001,Muay​ The Barista ,https://x.com/Muay_barista001
youtube,UCL1yaSZue9dW_zyvhdI8C3w,Friskfitz,https://www.youtube.com/channel/UCL1yaSZue9dW_zyvhdI8C3w
x,LittleG_Warin,LittleG ch. Euphora,https://x.com/LittleG_Warin
twitch,710235167,sonheathcliff,https://www.twitch.tv/sonheathcliff
twitch,944877298,KoriMisu,https://www.twitch.tv/korimisu
youtube,UCJh1yHdhK6XA2brZ8EIuaaw,BlueMoon Ch. ,https://www.youtube.com/channel/UCJh1yHdhK6XA2brZ8EIuaaw
tiktok,6888417583566898178,Kinari Hoku,https://www.tiktok.com/@hokuplg
youtube,UCONVwO_B2jxgzpbsVopQ6fw,Zion《ATX》,https://www.youtube.com/channel/UCONVwO_B2jxgzpbsVopQ6fw
x,RoxzySama,Roxzy ロキジー,https://x.com/RoxzySama
youtube,UCrQORO4YG9kd7FXl9nB-_Bw,Meiai ch.,https://www.youtube.com/channel/UCrQORO4YG9kd7FXl9nB-_Bw
facebook,61592529021179,61592529021179,https://www.facebook.com/profile.php?id=61592529021179
twitch,773674319,buruchannel,https://www.twitch.tv/buruchannel
twitch,880716100,Bedeelia,https://www.twitch.tv/bedeelia
x,Jiru_EPR,Jiru ch. Euphora,https://x.com/Jiru_EPR
facebook,saneko.mochi.epr,saneko.mochi.epr,https://www.facebook.com/saneko.mochi.epr
x,Pugko_,Pugko Ch.,https://x.com/Pugko_
youtube,UCLWuDHSv5EWSQqAxar2YTlw,Akilah Ch.,https://www.youtube.com/channel/UCLWuDHSv5EWSQqAxar2YTlw
tiktok,7388234864694543368,Viva Vtuber [TH],https://www.tiktok.com/@viva_vtuber
youtube,UCGmm95ZgqXrfS-0pu980_tA,Renai ai Ch.〖DPX〗,https://www.youtube.com/channel/UCGmm95ZgqXrfS-0pu980_tA
youtube,UCVjZjOsH1_hkjhOkYkylAmg,Odele Ch.,https://www.youtube.com/channel/UCVjZjOsH1_hkjhOkYkylAmg
tiktok,7012367934435132417,Doctor,https://www.tiktok.com/@doctor.lamoontoon
youtube,UC-4w5VWWZRCK_wg9EJ-lr1w,haidan Ayso0 Ch.,https://www.youtube.com/channel/UC-4w5VWWZRCK_wg9EJ-lr1w
youtube,UCriNq8O70ubJVbUtJ9yoGNw,IRISS Ch.,https://www.youtube.com/channel/UCriNq8O70ubJVbUtJ9yoGNw
youtube,UCH7h3T7J1ck7YgjbI2YPR7g,Akinori Eiji Ch.「TRR」 ,https://www.youtube.com/channel/UCH7h3T7J1ck7YgjbI2YPR7g
twitch,966826967,kampheelnwza007,https://www.twitch.tv/kampheelnwza007
tiktok,6957625223534150658,Algorhythm Project,https://www.tiktok.com/@arp_vtuber
tiktok,7636801431438623761,Keiler🐗🩸❤️〖SSR〗,https://www.tiktok.com/@keiler_ssr
twitch,150401047,zoomdesu,https://www.twitch.tv/zoomdesu
twitch,1527538245,halowalkytalkie,https://www.twitch.tv/halowalkytalkie
youtube,UCV7dVXp53A48-Iwqg5BezQA,Dubbing for fun,https://www.youtube.com/channel/UCV7dVXp53A48-Iwqg5BezQA
tiktok,7174292395893949466,RiekaDaYo🐺🌠,https://www.tiktok.com/@astella_rieka
twitch,135978880,kapusmeow,https://www.twitch.tv/kapusmeow
twitch,710820683,thelittlenecromancer,https://www.twitch.tv/thelittlenecromancer
tiktok,7488665240738972688,EVA THE RHINO Ch.,https://www.tiktok.com/@evatherhino
twitch,136313384,ZekaiARP,https://www.twitch.tv/zekaiarp
x,PopKorn163,PopKorn163 Vtuber Ch.,https://x.com/PopKorn163
youtube,UC_BZjak0ArVzJ-8yjUUaTqg,SaiMaiZ さいまい ⌜VZ⌟,https://www.youtube.com/channel/UC_BZjak0ArVzJ-8yjUUaTqg
youtube,UC6iflr_8DNUZl0hY0FUXWbQ,XIAOLI《小莉》,https://www.youtube.com/channel/UC6iflr_8DNUZl0hY0FUXWbQ
tiktok,7150719216324101146,คิวบิไนน์,https://www.tiktok.com/@kyubi_nine
youtube,UCBmXZKNg_Tsy-r5pZsBPVVA,M3R0 ch.,https://www.youtube.com/channel/UCBmXZKNg_Tsy-r5pZsBPVVA
youtube,UCE010cVAgWFD24wIJ95sDKw,Fumi Hausu,https://www.youtube.com/channel/UCE010cVAgWFD24wIJ95sDKw
x,VT_Himawari_Owl,Hoshimura Himawari,https://x.com/VT_Himawari_Owl
tiktok,6972532347116995586,tenshitsukiko,https://www.tiktok.com/@tenshitsukiko
x,Ciel_EPR,CIEL Chouette ch. Euphora,https://x.com/Ciel_EPR
tiktok,7150649180620342277,Allure Tytonadia,https://www.tiktok.com/@allure_mystery
tiktok,7518712241110991888,Zabrina,https://www.tiktok.com/@zabrina_vtuber
youtube,UC238YXwPe4b4T57pFWioIfA,Arine Vtuber,https://www.youtube.com/channel/UC238YXwPe4b4T57pFWioIfA
x,ONI_IKKI,IKKI CHANNEL,https://x.com/ONI_IKKI
youtube,UCfpH7l2htEr8t_l6D3MbLpQ,NokiZen,https://www.youtube.com/channel/UCfpH7l2htEr8t_l6D3MbLpQ
x,TinsleyTheFox,Tinsley Alaappaat Ch.,https://x.com/TinsleyTheFox
x,chiharu_trr,Chiharu ch.「TRR」,https://x.com/chiharu_trr
youtube,UC9WXRLLO7DrcJvUTg69_lkA,Leox Ch. Genesis Project,https://www.youtube.com/channel/UC9WXRLLO7DrcJvUTg69_lkA
twitch,967013911,AlexisWolf_live,https://www.twitch.tv/alexiswolf_live
x,ScentHarmony,Scentharmony,https://x.com/ScentHarmony
youtube,UCutz6S1DcEHPnEb_r9ztkzg,Hinabe HongFei Ch. Pixela Project,https://www.youtube.com/channel/UCutz6S1DcEHPnEb_r9ztkzg
twitch,529412100,Ar_MoZz,https://www.twitch.tv/ar_mozz
youtube,UCAr4U_HGMYXn1EZjdWiGSLQ,Baabel Ch.【ARP】,https://www.youtube.com/channel/UCAr4U_HGMYXn1EZjdWiGSLQ
tiktok,7419009300342834184,Heiman / เหมันต์ ☃️👔 ‧*❆,https://www.tiktok.com/@heiman.vtuber
tiktok,7514651694774535188,_fromillusion,https://www.tiktok.com/@_fromillusion
youtube,UCE46-Cb8vr2ra-YAJ7UoOcA,Benny Ch.,https://www.youtube.com/channel/UCE46-Cb8vr2ra-YAJ7UoOcA
tiktok,7035568575465800730,manamineko_0,https://www.tiktok.com/@manamineko_0
x,space_rubii,Rubii Ch.,https://x.com/space_rubii
youtube,UChBuxXl8poN1Jz8kZDdsfhw,Selene Ch.【ARP】,https://www.youtube.com/channel/UChBuxXl8poN1Jz8kZDdsfhw
x,fxoverpur,fxoverpur,https://x.com/fxoverpur
facebook,RealiableCh,RealiableCh,https://www.facebook.com/RealiableCh
tiktok,7044327198321378305,MUNG MING VBer,https://www.tiktok.com/@mung_ming_vber
x,YTeriri,Yoshie Ch. Yoshie Teriri,https://x.com/YTeriri
x,Navii_Whale,Navia Whale,https://x.com/Navii_Whale
youtube,UCSjgfxkp4S7l1BrUObNUzzw,MAD:HATTER ⌜VZ⌟,https://www.youtube.com/channel/UCSjgfxkp4S7l1BrUObNUzzw
youtube,UCrKgRzwdpFIyoYBvyuacmPg,Nogi Sensei,https://www.youtube.com/channel/UCrKgRzwdpFIyoYBvyuacmPg
x,michelle_OYW,Micaela Michelle Ch.,https://x.com/michelle_OYW
x,BiscuitBlythe,Biscuit Blythe Ch. Pixela Destiny,https://x.com/BiscuitBlythe
x,NepkoNova,NepkoNova Ch.,https://x.com/NepkoNova
x,K_H_Kaede,Kaede Ch. [ Graduated],https://x.com/K_H_Kaede
tiktok,7325718263119627265,Fukio,https://www.tiktok.com/@rainbows_fukio42
youtube,UCxI2vEES81ViqI4xs7dnsnA,I'Shida,https://www.youtube.com/channel/UCxI2vEES81ViqI4xs7dnsnA
tiktok,7530132774135022610,catta.,https://www.tiktok.com/@catta.4r
x,Kurisumasu_TV,Kurisumasu_ Ch.,https://x.com/Kurisumasu_TV
tiktok,7561811020483757074,n4iki54,https://www.tiktok.com/@n4iki54
youtube,UCMdzC45Herdf2KXfEyhAjLg,MaewDam T. Mira,https://www.youtube.com/channel/UCMdzC45Herdf2KXfEyhAjLg
facebook,LUNANENE,LUNANENE,https://www.facebook.com/LUNANENE
twitch,78487083,todayissanday_,https://www.twitch.tv/todayissanday_
twitch,654655448,candycatdy,https://www.twitch.tv/candycatdy
youtube,UCV3mg1zXhXfWHcL2iq3z-Aw,Laurie Blisse Ch.,https://www.youtube.com/channel/UCV3mg1zXhXfWHcL2iq3z-Aw
youtube,UCQMHAPgxhO634HZIJraHPTA,Linden Emilio,https://www.youtube.com/channel/UCQMHAPgxhO634HZIJraHPTA
youtube,UCHBOkil-h2JiTQ2LEJtG7FA,Cerise Channel,https://www.youtube.com/channel/UCHBOkil-h2JiTQ2LEJtG7FA
youtube,UCLH2yQZY_yG165dVqtabtYw,Aki Masamune Ch. / AStars Chrono prince,https://www.youtube.com/channel/UCLH2yQZY_yG165dVqtabtYw
youtube,UCsBCAX4sd9ro4MhqVTyfOwg,Am,https://www.youtube.com/channel/UCsBCAX4sd9ro4MhqVTyfOwg
youtube,UCkxYPkvxIhorqG9577J0KGg,N4iKI,https://www.youtube.com/channel/UCkxYPkvxIhorqG9577J0KGg
twitch,785901670,Eileennoir,https://www.twitch.tv/eileennoir
twitch,515196332,ZeniaZs,https://www.twitch.tv/zeniazs
twitch,73861675,hamikodesu,https://www.twitch.tv/hamikodesu
youtube,UC-rl31Wigrn8iexKkpNl7jg,DolcheB,https://www.youtube.com/channel/UC-rl31Wigrn8iexKkpNl7jg
youtube,UCbXXQtmpcBI8GtO2Xg5pYuw,Donovan Ch.,https://www.youtube.com/channel/UCbXXQtmpcBI8GtO2Xg5pYuw
twitch,1101218145,wilona_thegoat,https://www.twitch.tv/wilona_thegoat
twitch,690656570,LilithRirisu,https://www.twitch.tv/lilithririsu
ganknow,LIRIN,LIRIN,https://ganknow.com/LIRIN
tiktok,7364728035499377682,Mellowlop,https://www.tiktok.com/@mellowlop.vtuber
tiktok,7407854766979941377,Chouya,https://www.tiktok.com/@chouya
x,Evalia_ARP,Evalia Ch.【ARP】,https://x.com/Evalia_ARP
ganknow,astreaastr,Astrea Ch. アストリア〖ECR〗,https://ganknow.com/astreaastr/tip
tiktok,7476846693377901576,Minarin Sárkányszél,https://www.tiktok.com/@minarinsarkany
twitch,851119335,InoRuka_012CQ,https://www.twitch.tv/inoruka_012cq
x,ReiTakuma,TakumaRei「บ่นไปเรื่อย」,https://x.com/ReiTakuma
youtube,UCCKvp_oV10qcK5Abjaz4FrA,Tiggar Ch.,https://www.youtube.com/channel/UCCKvp_oV10qcK5Abjaz4FrA
twitch,579978573,AoiCrescent_,https://www.twitch.tv/aoicrescent_
x,Bel_The_Duck,Breindel the duck Ch.,https://x.com/Bel_The_Duck
youtube,UCER-4jqj3kUgY36i3FPAtJA,Tantaros,https://www.youtube.com/channel/UCER-4jqj3kUgY36i3FPAtJA
youtube,UC1s5T_9sfGrRxHJhjEceVSg,Kafune CH.,https://www.youtube.com/channel/UC1s5T_9sfGrRxHJhjEceVSg
youtube,UCot8DHNnZ2X0ARgaNYZopjw,Debirun Ch. Pixela-World-End,https://www.youtube.com/channel/UCot8DHNnZ2X0ARgaNYZopjw
youtube,UC4QiJt8a2VjOnwI-0zzMsKA,Kanon Official,https://www.youtube.com/channel/UC4QiJt8a2VjOnwI-0zzMsKA
youtube,UC2sAw3h-IzU3JOtvXVzTjxw,叶龙 Yelong CH.,https://www.youtube.com/channel/UC2sAw3h-IzU3JOtvXVzTjxw
youtube,UCAnKhwx493i5myddnJFF_gg,Pengu Ch.【Ti19t】,https://www.youtube.com/channel/UCAnKhwx493i5myddnJFF_gg
tiktok,7264445197227181061,Darumaby,https://www.tiktok.com/@darumaby
twitch,747846855,eeirlys,https://www.twitch.tv/eeirlys
youtube,UCCsgAS-uqrGRdmvJzvfAXsw,Hanna Ch. ハンナー,https://www.youtube.com/channel/UCCsgAS-uqrGRdmvJzvfAXsw
youtube,UCFuUpyt6u2UC90h1nAWuXkw,Trashythemeow,https://www.youtube.com/channel/UCFuUpyt6u2UC90h1nAWuXkw
tiktok,7123826778065896450,Superpretty_TAKOPERO,https://www.tiktok.com/@superpretty_takopero
tiktok,6604372712138571777,ChaoPlaThong,https://www.tiktok.com/@chaoplathong
twitch,187710715,Akito_SOA,https://www.twitch.tv/akito_soa
x,satachan3,Sata Channel,https://x.com/satachan3
x,torasanch,ToraSunday Ch.,https://x.com/torasanch
twitch,778801796,BunniesCH,https://www.twitch.tv/bunniesch
x,Xay_1st,SEO A XAY,https://x.com/Xay_1st
x,SukaiVtuber,Aozora Sukai Ch.,https://x.com/SukaiVtuber
youtube,UCKlrZ_Pp4UE8miUIbC3kFjg,Castesia | Phoenix Vtuber of Noxus,https://www.youtube.com/channel/UCKlrZ_Pp4UE8miUIbC3kFjg
x,LucalaGravity,Lucala Ch.【APT】,https://x.com/LucalaGravity
youtube,UCFd3ivp0P8uWR-SdnMLWDoQ,JaoGuin Ch.,https://www.youtube.com/channel/UCFd3ivp0P8uWR-SdnMLWDoQ
x,Takiya_koz,Takiya Ch.,https://x.com/Takiya_koz
youtube,UCL7lolCifod5V21pPzR3K-w,Magnum Ch.【ARP】,https://www.youtube.com/channel/UCL7lolCifod5V21pPzR3K-w
tiktok,6966434107144651777,Kirine Vtuber,https://www.tiktok.com/@kirinech
twitch,160992837,AimTraps,https://www.twitch.tv/aimtraps
instagram,artist_tiar.v,artist_tiar.v,https://www.instagram.com/artist_tiar.v
facebook,KumoKumaVtu,KumoKumaVtu,https://www.facebook.com/KumoKumaVtu
tiktok,7466359882813096967,oatsukaresan,https://www.tiktok.com/@oatsukaresan
twitch,433547868,Windwiss_,https://www.twitch.tv/windwiss_
youtube,UCF_-M79ivR0lBcxI4VcYiWg,Lilia,https://www.youtube.com/channel/UCF_-M79ivR0lBcxI4VcYiWg
x,vvee_vivian,Vivian V. Wendell Ch.,https://x.com/vvee_vivian
tiktok,7545766546150622225,Nagirin 【RE:S】,https://www.tiktok.com/@nagirin_res
youtube,UCKg9vWWT_2yK3FFNNnnhhLw,Goozilla Ily Ch. [Autumnia],https://www.youtube.com/channel/UCKg9vWWT_2yK3FFNNnnhhLw
twitch,705509594,RiccotaValentiea,https://www.twitch.tv/riccotavalentiea
x,Kyomu_Vtuber,Kyomu Ch.,https://x.com/Kyomu_Vtuber
tiktok,6576389023518752769,malai_deva,https://www.tiktok.com/@malai_deva
youtube,UCWe8lxEFSt84vZ7srlHySVw,Sataru【21PM】,https://www.youtube.com/channel/UCWe8lxEFSt84vZ7srlHySVw
youtube,UCx0dAEK6I00_Q7l9HJN86bQ,Chika Ch. Flora Project,https://www.youtube.com/channel/UCx0dAEK6I00_Q7l9HJN86bQ
facebook,Lamuofficials,Lamuofficials,https://www.facebook.com/Lamuofficials
youtube,UC0XMhMMHSxNWG2wz38VRpiA,Aster Kalimeris Ch.,https://www.youtube.com/channel/UC0XMhMMHSxNWG2wz38VRpiA
youtube,UCRpEzYWkJforn6YhvaSVXtA,Llewella Elias Ch.,https://www.youtube.com/channel/UCRpEzYWkJforn6YhvaSVXtA
tiktok,7265689955476308998,คีนเซล่า โกยะ❤️ VTuberTH,https://www.tiktok.com/@kinsella_goya
youtube,UCJV_fi2dwgLJLLkIIzsT4hg,StelLa Ch.【XEKIN】,https://www.youtube.com/channel/UCJV_fi2dwgLJLLkIIzsT4hg
tiktok,7275996707953968134,BiruWolf,https://www.tiktok.com/@biruwolf
tiktok,7284621405759980546,MiuHime,https://www.tiktok.com/@princess_miuhime
youtube,UCN3A90FXb4u4ZirE2LmB_9Q,HEADCHEF,https://www.youtube.com/channel/UCN3A90FXb4u4ZirE2LmB_9Q
youtube,UCv6T5E7meuUtXHOAg_jQonQ,Leona Channel『VW』,https://www.youtube.com/channel/UCv6T5E7meuUtXHOAg_jQonQ
x,mammamdesu,MamMam Ch. 真夢マム,https://x.com/mammamdesu
instagram,chermy_vtuber,chermy_vtuber,https://www.instagram.com/chermy_vtuber
tiktok,7528649550538933266,Anastasia_TRR,https://www.tiktok.com/@a.anastasia_trr
facebook,LauriebBlisse,LauriebBlisse,https://www.facebook.com/LauriebBlisse
x,Langler_Obite,Langler Ch.,https://x.com/Langler_Obite
youtube,UC7BTojsUPC4JhxDYRgmuz2Q,Jiru ch. Euphora,https://www.youtube.com/channel/UC7BTojsUPC4JhxDYRgmuz2Q
tiktok,7474678594444231696,Giovanni『 VNV 』,https://www.tiktok.com/@giovanni_vnv
x,TingVnimal,【123DP】 Ting Ting ch.,https://x.com/TingVnimal
youtube,UCJcfB-86rWM0NF2li1CqNNw,NutsuruSama ,https://www.youtube.com/channel/UCJcfB-86rWM0NF2li1CqNNw
tiktok,7530661629563470856,Melriz,https://www.tiktok.com/@melrizch
x,PtRankWrath,PlatinumRankWrath | V-Storyteller,https://x.com/PtRankWrath
x,KisaneMikoCh,Kisane Miko Ch,https://x.com/KisaneMikoCh
youtube,UCVa_b2jriwKJLcS4CP9Pq3w,Rubellus Remis | VArtist,https://www.youtube.com/channel/UCVa_b2jriwKJLcS4CP9Pq3w
twitch,134533592,Torakaze_13,https://www.twitch.tv/torakaze_13
x,loveuelizia_x,xElizia,https://x.com/loveuelizia_x
x,JaoGuin_Channel,JaoGuin Ch.,https://x.com/JaoGuin_Channel
youtube,UCP8f5nq2YdKUmHmLUCkroSw,Nx-Aji,https://www.youtube.com/channel/UCP8f5nq2YdKUmHmLUCkroSw
youtube,UCJVNjk7J4WxX4ccFl11SzDw,MOA - โมอา,https://www.youtube.com/channel/UCJVNjk7J4WxX4ccFl11SzDw
youtube,UCepIXUC8KUvonowbahgMsQA,Tho Rok Rok,https://www.youtube.com/channel/UCepIXUC8KUvonowbahgMsQA
twitch,779006194,bluwey_11,https://www.twitch.tv/bluwey_11
tiktok,7280646634849453063,kingslime_vtuberth,https://www.tiktok.com/@kingslime_vtuberth
tiktok,7146441851372749851,Hajikeru Haruno Ch,https://www.tiktok.com/@hajikeruharunoch
twitch,600117459,lipe_vtuber,https://www.twitch.tv/lipe_vtuber
x,YarmLong_Ch,Chalong Ch.,https://x.com/YarmLong_Ch
x,KissCross_VIG,KissCross,https://x.com/KissCross_VIG
youtube,UCvTchQs3VuPF74Y3e6pPAMQ,SwordAce,https://www.youtube.com/channel/UCvTchQs3VuPF74Y3e6pPAMQ
tiktok,7194448028593062939,Christa_ATX,https://www.tiktok.com/@christa_atx
x,Housagi_EPR,Housagi ch. Euphora,https://x.com/Housagi_EPR
youtube,UCyC0qxWVTV7Aq0WdyBkeypw,Rera Drago ch. AKD,https://www.youtube.com/channel/UCyC0qxWVTV7Aq0WdyBkeypw
twitch,1063574915,uniinu_epr,https://www.twitch.tv/uniinu_epr
x,nbMeowCatz,Miyao Ch. 夏日みやお,https://x.com/nbMeowCatz
youtube,UC7FpwTuRGribXTefl5SMkAg,AidenShia Ch.,https://www.youtube.com/channel/UC7FpwTuRGribXTefl5SMkAg
x,Zenos_PDR,Zenos Ch.,https://x.com/Zenos_PDR
youtube,UCOGGZpm2i6PXFI9yBvEueRA,ดอยล์,https://www.youtube.com/channel/UCOGGZpm2i6PXFI9yBvEueRA
tiktok,7476438360148411393,NICHA🩹💕【SSR】,https://www.tiktok.com/@nicha_ssr
youtube,UC6jEdLoM959IpJeDP5sYgaQ,Wan Jan,https://www.youtube.com/channel/UC6jEdLoM959IpJeDP5sYgaQ
twitch,998547144,Lonyanta,https://www.twitch.tv/lonyanta
youtube,UCg--DR1FShlr9BKjJ9OQc5g,Vina Olivia Ch.,https://www.youtube.com/channel/UCg--DR1FShlr9BKjJ9OQc5g
instagram,kuriimuvtuber,kuriimuvtuber,https://www.instagram.com/kuriimuvtuber
youtube,UCMVdzsLwVWc241rrjK78aXA,Pak LIGHT,https://www.youtube.com/channel/UCMVdzsLwVWc241rrjK78aXA
tiktok,7194077498576503814,Chourinne Lilith【蝶輪廻リリス】,https://www.tiktok.com/@lilithvtuberth
tiktok,7232274206674502661,aimt1964,https://www.tiktok.com/@aimtraps
tiktok,7235303418348291078,kuroyoru_yami,https://www.tiktok.com/@kuroyoru_yami
tiktok,7665442996531266568,Zeraphina Hana,https://www.tiktok.com/@zeraphinahn
tiktok,6982456924705899521,LIRIN,https://www.tiktok.com/@lirin0suke
tiktok,7151308092138587141,Rexa T-Rex Vtuber🦖,https://www.tiktok.com/@rexaplg
tiktok,7315766898699273221,reva_regaliaast,https://www.tiktok.com/@reva_regaliaast
instagram,nekokurosanni,nekokurosanni,https://www.instagram.com/nekokurosanni
tiktok,7276378148991796230,RUBY💫『GDT』,https://www.tiktok.com/@rubiidoeverything
youtube,UCc6hwdN1yu2QT9o4yIHUPnQ,Vermillion Ch. Flora Project,https://www.youtube.com/channel/UCc6hwdN1yu2QT9o4yIHUPnQ
twitch,872125596,fifi_vtuber,https://www.twitch.tv/fifi_vtuber
tiktok,7309016997550130181,Moe Miyabi ♥,https://www.tiktok.com/@moe_miyabi
twitch,99185219,PlatinumRankWrath,https://www.twitch.tv/platinumrankwrath
instagram,mayaoboro,mayaoboro,https://www.instagram.com/mayaoboro
twitch,1324403859,Lamppyz,https://www.twitch.tv/lamppyz
x,Kapz_vvn,Kapz,https://x.com/Kapz_vvn
x,Masumi_Kyou,Masumi Kyou Ch.,https://x.com/Masumi_Kyou
youtube,UCHhEdxjXqC8sbAj7a-PVFlg,LUM1N S.,https://www.youtube.com/channel/UCHhEdxjXqC8sbAj7a-PVFlg
facebook,61564441178173,61564441178173,https://www.facebook.com/profile.php?id=61564441178173
youtube,UCoVDjNrJWdIZ65qITyrseng,MonJi,https://www.youtube.com/channel/UCoVDjNrJWdIZ65qITyrseng
x,Seikou_MinatoVT,Seikou iMinato,https://x.com/Seikou_MinatoVT
youtube,UCGSthfh4W439C_2cQloVocw,Val 5332,https://www.youtube.com/channel/UCGSthfh4W439C_2cQloVocw
twitch,932460792,artie_epr,https://www.twitch.tv/artie_epr
instagram,jorogumo_v,Joro Gumo,https://www.instagram.com/jorogumo_v
x,MinaNe_MSV,Mina Nekogaki / 猫垣ミナ【MSV】,https://x.com/MinaNe_MSV
twitch,165073563,XinXaneTH,https://www.twitch.tv/xinxaneth
x,ShinoLaila,シノライラ - Shino Laila【WACTOR】,https://x.com/ShinoLaila
tiktok,7392249193408529413,❄️Sylvie Ch.【XIRCONIA】,https://www.tiktok.com/@sylvie_xirconia
twitch,1104978187,AnzelleAltoclef,https://www.twitch.tv/anzellealtoclef
tiktok,7516330344724136961,mizo.vtuber,https://www.tiktok.com/@mizo.vtuber?_t=zs-8zld5km0afp&_r=1
x,sua_vtuber,Sua Ch.,https://x.com/sua_vtuber
youtube,UC_hrRvjp0dzI0W6goBxRMPA,XINPIA ⌜VZ⌟,https://www.youtube.com/channel/UC_hrRvjp0dzI0W6goBxRMPA
ganknow,AmamiyaNora,Nora,https://ganknow.com/AmamiyaNora
x,HanamiLay,Hanami Lay CH.,https://x.com/HanamiLay
twitch,856820415,Unnämed,https://twitch.tv/unnamednow00
youtube,UCR4Vap93GIkE4zA4DrMW-Rw,NamwanVchan,https://www.youtube.com/channel/UCR4Vap93GIkE4zA4DrMW-Rw
youtube,UC9PtF5-uRTZEUuOS5tr1Gxg,นางิริน | Nagirin 【RE:S】,https://www.youtube.com/channel/UC9PtF5-uRTZEUuOS5tr1Gxg
tiktok,7120637759895864347,Nogi Sensei,https://www.tiktok.com/@nogibynagi
tiktok,7294672247574135814,pingpunuwu,https://www.tiktok.com/@pingpunuwu
youtube,UCHCvUUDxEP1ve9Zg_tZP5ug,Luthia IONIX,https://www.youtube.com/channel/UCHCvUUDxEP1ve9Zg_tZP5ug
youtube,UC_djfyZ7N_-hPSxtrSsBNfQ,Victor Hoshino【GRADUATED】,https://www.youtube.com/channel/UC_djfyZ7N_-hPSxtrSsBNfQ
youtube,UCm4MvNX1EORDR3dgOxLhcJQ,Eranthia ch.,https://www.youtube.com/channel/UCm4MvNX1EORDR3dgOxLhcJQ
youtube,UCahw5ZcdjoFfS6WlfJButNg,Adrelis Zinya「ALF」,https://www.youtube.com/channel/UCahw5ZcdjoFfS6WlfJButNg
x,dalinjumora,Dalinju モラー,https://x.com/dalinjumora
x,Lunarr_VT,Galactic Lunarr,https://x.com/Lunarr_VT
tiktok,7158027035242873862,boonshuuuu,https://www.tiktok.com/@boonshuuuu
tiktok,7482355983713960978,Byte001_SLR,https://www.tiktok.com/@muendair_slr
twitch,135810104,newbienight_,https://www.twitch.tv/newbienight_
tiktok,7569304092809020434,Https,https://www.tiktok.com/@https
twitch,932840659,ZacfromZac,https://www.twitch.tv/zacfromzac
twitch,176106464,GGramMay,https://www.twitch.tv/ggrammay
twitch,1526033835,stellarparticle45vg8hn,https://www.twitch.tv/stellarparticle45vg8hn
facebook,Riseonproject,Riseonproject,https://www.facebook.com/Riseonproject
instagram,amanereivth,amanereivth,https://www.instagram.com/amanereivth
youtube,UCM7lej36ZymXK4KGygFQN8w,MINI_lorii,https://www.youtube.com/channel/UCM7lej36ZymXK4KGygFQN8w
x,unnamednow00,Unnämed,https://x.com/unnamednow00
youtube,UC9tPom2jf2B1qPCTOJ2o2uw,SakiMori Mikan,https://www.youtube.com/channel/UC9tPom2jf2B1qPCTOJ2o2uw
youtube,UCMvIUZRjMYx-_U7_RRlQYqw,Zerin Ch. - ゼリン -,https://www.youtube.com/channel/UCMvIUZRjMYx-_U7_RRlQYqw
x,Warene_ch,Warene Ch. [ヴァリーネー],https://x.com/Warene_ch
tiktok,7290172911116944389,Woofna_ch,https://www.tiktok.com/@woofna_ch
facebook,BookieMelbez,BookieMelbez,https://www.facebook.com/BookieMelbez
twitch,932474202,phelita_epr,https://www.twitch.tv/phelita_epr
youtube,UCpwaMGj7IdlttM_bP2iKZmw,Nz_Nezz Ch.,https://www.youtube.com/channel/UCpwaMGj7IdlttM_bP2iKZmw
twitch,52645430,Momineko,https://www.twitch.tv/momineko
x,Yuusa_Yorumo,Yuusa Ch. 優桜ヨルモ,https://x.com/Yuusa_Yorumo
twitch,1250357547,permadeathchannel,https://www.twitch.tv/permadeathchannel
twitch,614366115,amnuai_,https://www.twitch.tv/amnuai_
x,FAY3Ashefort,Faye Ashefort,https://x.com/FAY3Ashefort
instagram,blinkdraws,blinkdraws,https://www.instagram.com/blinkdraws
tiktok,7344342400012059656,Khaopundesu,https://www.tiktok.com/@khaopundesu
x,LuminShinehart,LUM1N S.,https://x.com/LuminShinehart
x,NokiZen1,NokiZen,https://x.com/NokiZen1
youtube,UCuZ1ajvlGFUMCHZAPdetKHw,Dacapo Ch.【ARP】,https://www.youtube.com/channel/UCuZ1ajvlGFUMCHZAPdetKHw
twitch,734981062,Snowfern_,https://www.twitch.tv/snowfern_
twitch,134027607,CooGa07,https://www.twitch.tv/cooga07
youtube,UCVAsOHcLLGVQq6aOpesOwBQ,Hanabi Lafy Ch. Pixela-Isekai,https://www.youtube.com/channel/UCVAsOHcLLGVQq6aOpesOwBQ
youtube,UC5kkY1f25n1e9KYxSKVtUpg,XETSU Ch. / QURSE,https://www.youtube.com/channel/UC5kkY1f25n1e9KYxSKVtUpg
youtube,UCVhHSmzes15AABN5pKcq7bQ,พรี่โอม Omoro & คุณนายกระต่าย BunBun,https://www.youtube.com/channel/UCVhHSmzes15AABN5pKcq7bQ
tiktok,7308149140370277377,zeneastarblaze,https://www.tiktok.com/@zeneastarblaze
youtube,UC2IZur8-GAsn7gHQNTNOOgQ,Potia PBT,https://www.youtube.com/channel/UC2IZur8-GAsn7gHQNTNOOgQ
x,TsontayaKnox,Tsontaya Knox Ch.,https://x.com/TsontayaKnox
tiktok,7640305426122540049,Roséline ʚɞ,https://www.tiktok.com/@roseline_btf
x,SaySheath,SaySheath,https://x.com/SaySheath
x,PadzangChannel,Padzang Channel,https://x.com/PadzangChannel
tiktok,7479862895062565896,HaruVtuber,https://www.tiktok.com/@harurei02
twitch,731542203,MiraLuna_mocha,https://www.twitch.tv/miraluna_mocha
youtube,UCjIqzPdepT_59R3_pBlERxg,PandaSensi,https://www.youtube.com/channel/UCjIqzPdepT_59R3_pBlERxg
x,mii__belle,Miibelle「ASMR VTUBER」,https://x.com/mii__belle
youtube,UCiayPBsTG18EBsORDWmBOXQ,VitaOvO💊,https://www.youtube.com/channel/UCiayPBsTG18EBsORDWmBOXQ
youtube,UC42syJbZL4oBacK-QFTie6w,Astella Rieka Ch.,https://www.youtube.com/channel/UC42syJbZL4oBacK-QFTie6w
youtube,UCVjCtqjlMB3S0UpsJsC9_xA,กะละมัง วีทูปเบอร์,https://www.youtube.com/channel/UCVjCtqjlMB3S0UpsJsC9_xA
twitch,735459281,ToFireKisu,https://www.twitch.tv/tofirekisu
twitch,229543169,blu3koi,https://www.twitch.tv/blu3koi
instagram,pinto__xx,PINTO,https://www.instagram.com/pinto__xx
tiktok,7323948624270197761,MerryKomori,https://www.tiktok.com/@merrykomori
x,PuipuiMemory,Puipui Memory,https://x.com/PuipuiMemory
tiktok,7097247246631519238,DNoiR,https://www.tiktok.com/@dnoir_lbm
tiktok,6993502609991975937,TandusX,https://www.tiktok.com/@tandusx0
facebook,Nuttizzz,Nuttizzz,https://www.facebook.com/Nuttizzz
x,_althenaCH,Althena Ch.,https://x.com/_althenaCH
x,AstellaRieka,Astella Rieka Ch.,https://x.com/AstellaRieka
x,Gloria21Pm,Gloria ch.【21PM】,https://x.com/Gloria21Pm
youtube,UC0XEfbSBJTqH5sH79R7ZXKw,Muay​ The Barista ,https://www.youtube.com/channel/UC0XEfbSBJTqH5sH79R7ZXKw
youtube,UCJdXesaZYrQVSjhlYhme8rQ,Ayna Ch.【ARP】,https://www.youtube.com/channel/UCJdXesaZYrQVSjhlYhme8rQ
tiktok,7359990074992346117,Nora Vanadiz「univirsual」,https://www.tiktok.com/@nora_vanadiz
youtube,UC7uttDpQDJ3bdnU8u8gZzbQ,Junichi Channel,https://www.youtube.com/channel/UC7uttDpQDJ3bdnU8u8gZzbQ
twitch,770666968,KitsuneKumiChan,https://www.twitch.tv/kitsunekumichan
twitch,626317498,azuri_prd,https://www.twitch.tv/azuri_prd
tiktok,7342314900080116738,K.&Un Ch.♊️,https://www.tiktok.com/@masanari.k
tiktok,7356836020756775952,Feirong.vt,https://www.tiktok.com/@feirong.vt
tiktok,7210696690269029381,baabel_arp,https://www.tiktok.com/@baabel_arp
x,kungphaokung,เคอเรนเซียวีปกติɞ,https://x.com/kungphaokung
youtube,UC4fR2AniBIratHesKgQyHiw,Nokk_tt Ch.,https://www.youtube.com/channel/UC4fR2AniBIratHesKgQyHiw
youtube,UCQVYQZO7SBMPXHNvKxE16Gg,Wizteria Ch.,https://www.youtube.com/channel/UCQVYQZO7SBMPXHNvKxE16Gg
twitch,783831974,RinnaRinRN,https://www.twitch.tv/rinnarinrn
youtube,UCBSiJy11yFeJsCRdZ3ZtfBw,Vellva Koray Ch.,https://www.youtube.com/channel/UCBSiJy11yFeJsCRdZ3ZtfBw
tiktok,7145177930175792129,AzuruVT,https://www.tiktok.com/@azuruvt
instagram,darkphoenix13fr,darkphoenix13fr,https://www.instagram.com/darkphoenix13fr
x,EsmeNightingale,Esme Nightingale,https://x.com/EsmeNightingale
tiktok,7523171268817060870,KYOYA KIERAN,https://www.tiktok.com/@kyoya.kieran
tiktok,7459029873210803206,Rosánn Ch.,https://www.tiktok.com/@rosann_myssiera
youtube,UCZxNaWG_8Br9q1eTLSG5wPg,Blu-Chan GMOT ⌜VZ⌟,https://www.youtube.com/channel/UCZxNaWG_8Br9q1eTLSG5wPg
x,ZeraphinaHN,Zeraphina Hana,https://x.com/ZeraphinaHN
youtube,UCvjP5hF6Z7o8C4HWEVZmVSQ,Amello,https://www.youtube.com/channel/UCvjP5hF6Z7o8C4HWEVZmVSQ
x,Shinohanaume,Ume Ch. しのはな❀梅,https://x.com/Shinohanaume
youtube,UCoTx4fCYIuOBrdK_rWGjqbA,Lana 89 ll Loveland Project,https://www.youtube.com/channel/UCoTx4fCYIuOBrdK_rWGjqbA
twitch,935509849,zuruya_kirari,https://www.twitch.tv/zuruya_kirari
instagram,miyuu43.x,miyuu43.x,https://www.instagram.com/miyuu43.x
twitch,896202315,Sam_Su_Stream_Ch,https://www.twitch.tv/sam_su_stream_ch
twitch,710287887,Breindel_the_duck,https://www.twitch.tv/breindel_the_duck
youtube,UCmg0gZHGn-zuq1JnYPB_EjQ,TEENIE | WISLIVE,https://www.youtube.com/channel/UCmg0gZHGn-zuq1JnYPB_EjQ
youtube,UC66RiI-qzUfCiZzcmjU8T3A,Snowfern_,https://www.youtube.com/channel/UC66RiI-qzUfCiZzcmjU8T3A
youtube,UCxWsr2bxzcNitGtnPk9hRbQ,StellarParticle,https://www.youtube.com/channel/UCxWsr2bxzcNitGtnPk9hRbQ
tiktok,7023427003333231617,Sisira_Hydrangea,https://www.tiktok.com/@sisira_hydrangea
youtube,UCdxaZWWFBl3N7Ollc3EwZAw,White Sky Ch.,https://www.youtube.com/channel/UCdxaZWWFBl3N7Ollc3EwZAw
tiktok,7151730815893406747,KAN DESU,https://www.tiktok.com/@kandesuuu
x,Hakugetsu_Yuu,Yuu Ch.,https://x.com/Hakugetsu_Yuu
tiktok,7653843903354766343,Yunes085,https://www.tiktok.com/@yunes0857
twitch,719466627,mika_112233,https://www.twitch.tv/mika_112233
x,NaruFay,NaruFay,https://x.com/NaruFay
tiktok,7318766506833101829,moia_lnwza55,https://www.tiktok.com/@moia_lnwza55
youtube,UCkfMOc9cpO2jNCQcr_9nnKw,CcretRain [ FLAW project ],https://www.youtube.com/channel/UCkfMOc9cpO2jNCQcr_9nnKw
x,RionChitose_AS,Rion Chitose Ch. / AStars Chrono prince,https://x.com/RionChitose_AS
x,TeenieWis,TEENIE | WISLIVE,https://x.com/TeenieWis
x,Carys_eylz,Carys Cordelia,https://x.com/Carys_eylz
x,MSandori,Midori,https://x.com/MSandori
x,Ririka_SSR,Ririka ch. / ริริกะ【SSR】,https://x.com/Ririka_SSR
tiktok,6614025647088910337,luminshinehart,https://www.tiktok.com/@luminshinehart
youtube,UCqTbc_8tl7ZFcEEuZtzfr2w,Leinn Channel,https://www.youtube.com/channel/UCqTbc_8tl7ZFcEEuZtzfr2w
x,melanox_alf,Melanox Lunix「ALF」,https://x.com/melanox_alf
x,DeliCiae_v,DeliCiae,https://x.com/DeliCiae_v
instagram,realwilona,realwilona,https://www.instagram.com/realwilona
twitch,159726707,NongwanTV,https://www.twitch.tv/nongwantv
tiktok,6959901238381970433,Doublequill,https://www.tiktok.com/@doublequill_tiny
youtube,UC90zZA9j8jdWVb5NNqddKQQ,OkiChinaToy,https://www.youtube.com/channel/UC90zZA9j8jdWVb5NNqddKQQ
tiktok,7308270641417290758,viorises,https://www.tiktok.com/@viorises
tiktok,7046770719430853658,Taengkwa Ch.,https://www.tiktok.com/@taengkwa_ch
facebook,61565803589375,61565803589375,https://www.facebook.com/profile.php?id=61565803589375
x,sakamajimai,Sakamajimai / Sharky Ch.,https://x.com/sakamajimai
twitch,531673509,Rayfinix,https://www.twitch.tv/rayfinix
youtube,UCqsUkQeicv0nEs5_d6DXYvQ,Shikár Dawg,https://www.youtube.com/channel/UCqsUkQeicv0nEs5_d6DXYvQ
x,kiku_himegu,Kikuhara Himegu Ch.,https://x.com/kiku_himegu
facebook,nergalnear,nergalnear,https://www.facebook.com/nergalnear
tiktok,7135350764406719514,umino_ciala,https://www.tiktok.com/@umino_ciala
tiktok,7345823343688451090,Megzis Lurnyl,https://www.tiktok.com/@megzisln
tiktok,7130961238037562374,soursama_,https://www.tiktok.com/@soursama_
twitch,1341073917,eliesamuofficial,https://www.twitch.tv/eliesamuofficial
tiktok,7283866201452463110,yoinmori,https://www.tiktok.com/@yoinmori
tiktok,7416698194807686152,Jorirynn 【ASTRAY】,https://www.tiktok.com/@jorirynn_astray
youtube,UCVlgCh9B_0PI7COJ2tJ7hIw,Heiman Ch.,https://www.youtube.com/channel/UCVlgCh9B_0PI7COJ2tJ7hIw
youtube,UCTygto_BZDamXNv2YRqPNKg, Nor_Noir [นน.],https://www.youtube.com/channel/UCTygto_BZDamXNv2YRqPNKg
x,RendellDruid,Rendell Druid Ch.,https://x.com/RendellDruid
x,TAKOPERO,Superpretty TAKOPERO Ch. Pixela Legends,https://x.com/TAKOPERO
facebook,LuminaVProject,LuminaVProject,https://www.facebook.com/LuminaVProject
tiktok,7339964325564285970,akitoqflame,https://www.tiktok.com/@akitoqflame
tiktok,7433786568202273809,Akinori Eiji Ch.「TRR」,https://www.tiktok.com/@akinorieiji_trr
twitch,1417396336,hebitsukaivtuber,https://www.twitch.tv/hebitsukaivtuber
x,Momay_Allegrala,MomaMae,https://x.com/Momay_Allegrala
youtube,UCFycFPpGcrne7rAp_Xa6tbg,Patchay channel,https://www.youtube.com/channel/UCFycFPpGcrne7rAp_Xa6tbg
x,NNeviris,Neoda Neviris,https://x.com/NNeviris
youtube,UC5lHMQtDJF1h2-s0nCBQpoA,Somjeedbanrai【VJN】,https://www.youtube.com/channel/UC5lHMQtDJF1h2-s0nCBQpoA
x,PeeingCh,Peeing Ch.,https://x.com/PeeingCh
tiktok,7163986479906407430,Eyez Vtuberz TH,https://www.tiktok.com/@eyez_vtuberth
x,ZenaidaXETA102,Zenaida XETA-102 Channel,https://x.com/ZenaidaXETA102
tiktok,7058916651672732699,t_blueberry,https://www.tiktok.com/@t_blueberry?_t=8sVcG59eHfm&_r=1
x,FoKuroVtuber,Fo_Kuro「フォー黒」,https://x.com/FoKuroVtuber
x,Suifong_DPX,SUIFONG CH〖DPX〗,https://x.com/Suifong_DPX
youtube,UCprsCfEbSQRzd-mK4Cgd1Rg,RAY XILLIA,https://www.youtube.com/channel/UCprsCfEbSQRzd-mK4Cgd1Rg
tiktok,6822449245073720321,Whanyen | ViberPro,https://www.tiktok.com/@whanyenjiab
x,Zane_VTG,Zane『VTG』,https://x.com/Zane_VTG
youtube,UCFKBoyzpTZdu20o-O5XUf8g,Minwa.39,https://www.youtube.com/channel/UCFKBoyzpTZdu20o-O5XUf8g
twitch,635328009,PPrincess_Devil,https://www.twitch.tv/pprincess_devil
x,Shikar_Dawg,Shikár Dawg,https://x.com/Shikar_Dawg
youtube,UCxk5wi2uWUh2hVlTuP7dW4A,A la Charmine,https://www.youtube.com/channel/UCxk5wi2uWUh2hVlTuP7dW4A
tiktok,7110382838075999238,Salvia 💜,https://www.tiktok.com/@salvia_mairu
twitch,1514600316,emuofficial07,https://www.twitch.tv/emuofficial07
youtube,UCUPi3XlTX0rLUWjFHifNl-Q,Bloodyflora,https://www.youtube.com/channel/UCUPi3XlTX0rLUWjFHifNl-Q
x,masurulilia,Lilia,https://x.com/masurulilia
youtube,UCOFHRsSrDPOcdiz3Crc2ZBw,Hatsu ch〖DPX〗,https://www.youtube.com/channel/UCOFHRsSrDPOcdiz3Crc2ZBw
youtube,UCdlpXdGT3nGDTqIlxUcufCQ,Doyser ,https://www.youtube.com/channel/UCdlpXdGT3nGDTqIlxUcufCQ
youtube,UCINz9FJcpcedlGsYKXQkopA,Hoshimura Himawari,https://www.youtube.com/channel/UCINz9FJcpcedlGsYKXQkopA
twitch,123371876,Hamakung,https://www.twitch.tv/hamakung
twitch,790307977,MomayAllegrala,https://www.twitch.tv/momayallegrala
twitch,893748371,nicole_blank,https://www.twitch.tv/nicole_blank
facebook,kuzeiru,kuzeiru,https://www.facebook.com/kuzeiru
x,SUWAPIS_Ch,SUWAPIS,https://x.com/SUWAPIS_Ch
x,NancyGimme2000,NancyGimme2000,https://x.com/NancyGimme2000
facebook,100082107903065,100082107903065,https://www.facebook.com/profile.php?id=100082107903065
x,koshumu,koshumu,https://x.com/koshumu
youtube,UC0WohB8vCmGDUn1q67z8kTA,NaruFay,https://www.youtube.com/channel/UC0WohB8vCmGDUn1q67z8kTA
twitch,545909562,Maewuvchan,https://www.twitch.tv/maewuvchan
tiktok,7194068942960182278,Latta_arp🐺🏖️,https://www.tiktok.com/@latta_arp
x,yoinmori,yoinmori,https://x.com/yoinmori
tiktok,7259890345646572549,Norimaki 🖤,https://www.tiktok.com/@norimaki_jac
tiktok,7229862727781860358,อัยเจล,https://www.tiktok.com/@ayselzzy
youtube,UCknOyz3O0-G6w5SJNAgO7uQ,Mild-R Ch. Lumina-World-End,https://www.youtube.com/channel/UCknOyz3O0-G6w5SJNAgO7uQ
x,Elleusia,Elleusia,https://x.com/Elleusia
ganknow,raneetani,RaneeTani『VTG』,https://ganknow.com/raneetani
youtube,UCmTbPJp-N5R1KFvMO51giCg,SKarenNin,https://www.youtube.com/channel/UCmTbPJp-N5R1KFvMO51giCg
youtube,UC9yPUw_aebcLI_oXNNh1wwQ,Ureinaz,https://www.youtube.com/channel/UC9yPUw_aebcLI_oXNNh1wwQ
youtube,UCnE5l4nDqoRA84HT5ZRXbig,Cylowless,https://www.youtube.com/channel/UCnE5l4nDqoRA84HT5ZRXbig
x,astiavtuber,Astia Ch.,https://x.com/astiavtuber
twitch,93578115,Karatsuma,https://www.twitch.tv/karatsuma
x,SAYUVtuberTH,SAYU Ch. 小百合さゆ  ,https://x.com/SAYUVtuberTH
twitch,615176067,khaiode,https://www.twitch.tv/khaiode
x,Fury_D_Vtuber,Fury.D [FRG],https://x.com/Fury_D_Vtuber
facebook,ngerntong19,ngerntong19,https://www.facebook.com/ngerntong19
facebook,Seireki.KooNy,Seireki.KooNy,https://www.facebook.com/Seireki.KooNy
x,Wahri_Wahri,Wahri【WahrheitIVIX】,https://x.com/Wahri_Wahri
x,_dtto,dtto.,https://x.com/_dtto
youtube,UCXIVuxD2sPqxESwVEUtGPuA,Leonetta Ch. 《NEOVISTA》,https://www.youtube.com/channel/UCXIVuxD2sPqxESwVEUtGPuA
litlink,pintoxx,PINTO,https://lit.link/en/pintoxx
tiktok,7096884090100286491,S1R🔫 // L1MOU🤖,https://www.tiktok.com/@s1r_arp
x,Souji_Roy,Souji Roy,https://x.com/Souji_Roy
youtube,UCjGFO21Jia-O4vL-KSHO44Q,Odiare Ch ,https://www.youtube.com/channel/UCjGFO21Jia-O4vL-KSHO44Q
facebook,61575539327701,61575539327701,https://www.facebook.com/profile.php?id=61575539327701
youtube,UCyMsZpmjEnQxpem3QEJ1G4Q,Arisa อาริสาและภาษาญี่ปุ่น,https://www.youtube.com/channel/UCyMsZpmjEnQxpem3QEJ1G4Q
tiktok,7072025803198268443,Phumarine Phuma,https://www.tiktok.com/@phumarine_phuma
facebook,100085936384461,100085936384461,https://www.facebook.com/profile.php?id=100085936384461
youtube,UCgqsGN6McgMtc-Xz50MsG9w,Uniwii Ch.【ARP】,https://www.youtube.com/channel/UCgqsGN6McgMtc-Xz50MsG9w
youtube,UCfSvuVrYSKM3RgdEjl7iVxQ,Wornlity「 PRD 」,https://www.youtube.com/channel/UCfSvuVrYSKM3RgdEjl7iVxQ
twitch,1515780620,sleepfii_zzz,https://www.twitch.tv/sleepfii_zzz
tiktok,7371881133322568705,suavtuber,https://www.tiktok.com/@suavtuber
twitch,402806669,urein4z,https://www.twitch.tv/urein4z
tiktok,7475764858672219144,กะปุ้นบุ๋งๆๆ,https://www.tiktok.com/@chalityprl
twitch,932491222,kevara_epr,https://www.twitch.tv/kevara_epr
tiktok,7119554468564370459,Baruru 🐧🥓 Vtuber,https://www.tiktok.com/@baruruvtuber
x,M4YAMARZ,M4YA,https://x.com/M4YAMARZ
facebook,61590195677153,61590195677153,https://www.facebook.com/profile.php?id=61590195677153
twitch,668972537,HoukaRito,https://www.twitch.tv/houkarito
x,Zac_aoZ,zaczoa Twin Aliens,https://x.com/Zac_aoZ
tiktok,7655660398193050642,rlanzchino,https://www.tiktok.com/@rlanzchino
twitch,776937569,Kirine21,https://www.twitch.tv/kirine21
youtube,UCmuDlfckZosXYzs1B6Fyuyg,Alteria Channel,https://www.youtube.com/channel/UCmuDlfckZosXYzs1B6Fyuyg
tiktok,6753142958344193026,ikutosama V,https://www.tiktok.com/@ikutosama1
youtube,UCPMOk4hbIh5A-_6uNhzAvDg,Kitsuneko Mewten Ch. Pixela-Isekai,https://www.youtube.com/channel/UCPMOk4hbIh5A-_6uNhzAvDg
youtube,UC-ZDJww4irljOotrkMG0FeA,˚｡ෆ Morosis ⤾,https://www.youtube.com/channel/UC-ZDJww4irljOotrkMG0FeA
twitch,786231174,michann_n,https://www.twitch.tv/michann_n
x,den_oal,Den Trenton Ch. | OAL,https://x.com/den_oal
tiktok,7471952585815000072,Faminé 🦋🍷 《 ARP 》,https://www.tiktok.com/@famine_arp
youtube,UCqUHXBufAIuF9KI-OoMFUQw,EikiShiro ch.,https://www.youtube.com/channel/UCqUHXBufAIuF9KI-OoMFUQw
twitch,1532296337,talkywalkytalky,https://www.twitch.tv/talkywalkytalky
twitch,1058766364,aerithe,https://www.twitch.tv/aerithe
tiktok,7276769751450616840,Benny Ch.,https://www.tiktok.com/@benny7418ch
youtube,UCVfj4ZZ02FyqOracLd7r5oQ,TARIN,https://www.youtube.com/channel/UCVfj4ZZ02FyqOracLd7r5oQ
tiktok,7431176163319612421,TamaYuu,https://www.tiktok.com/@tamakoyuu
twitch,767298599,123DPx,https://www.twitch.tv/123dpx
tiktok,7144306118754468870,Nonghong,https://www.tiktok.com/@nonghongv
youtube,UC1xmO5jVjOCeo02XCpq4WFA,Erima Channel,https://www.youtube.com/channel/UC1xmO5jVjOCeo02XCpq4WFA
facebook,100002410091942,100002410091942,https://www.facebook.com/profile.php?id=100002410091942
tiktok,7522709434334987272,Mirae Solstice | วีทูปเปอร์,https://www.tiktok.com/@mirae.solstice
youtube,UCi0lsSeXkSUuFwWTdhk73IA,Homooto the gang (โฮมู่โตะ),https://www.youtube.com/channel/UCi0lsSeXkSUuFwWTdhk73IA
tiktok,7526646407585301522,inukami_pugmaru,https://www.tiktok.com/@inukami_pugmaru
tiktok,7484955052860605441,lenlorcraft,https://www.tiktok.com/@lenlorcraft
twitch,160547606,Mao_Ojisan,https://www.twitch.tv/mao_ojisan
youtube,UCZ0NN8Yx0Iq6RG7-hORFNbA,Heli Ch.【REC】,https://www.youtube.com/channel/UCZ0NN8Yx0Iq6RG7-hORFNbA
youtube,UCA8IZ8dlQc70uzP8WYsFE-w,FAYUUCHAN CHANNEL,https://www.youtube.com/channel/UCA8IZ8dlQc70uzP8WYsFE-w
facebook,AmaneReiVth,AmaneReiVth,https://www.facebook.com/AmaneReiVth
tiktok,7210634022874547202,cresentansel,https://www.tiktok.com/@cresentansel
youtube,UCzgxF7sRv7n4V8l7uU-tdYQ,Azure Bluebell,https://www.youtube.com/channel/UCzgxF7sRv7n4V8l7uU-tdYQ
twitch,928001228,Zanirr,https://www.twitch.tv/zanirr
youtube,UCT6E1GD1uAXAG6fWQCGPVXA,Sarana Sapina Ch.,https://www.youtube.com/channel/UCT6E1GD1uAXAG6fWQCGPVXA
youtube,UCuyrIzf_bCTnyJHktJVpe4g,Atlanteia Sireen Ch. Lumina-First-Myth,https://www.youtube.com/channel/UCuyrIzf_bCTnyJHktJVpe4g
x,Mallow_Ham,M a l l o w  Ch.,https://x.com/Mallow_Ham
twitch,916408066,eryx_n,https://www.twitch.tv/eryx_n
x,Pinku_no_Megami,Pinku no Megami - Virtual7『TH』,https://x.com/Pinku_no_Megami
x,ryoshi_artist,R Y O S H I ch.,https://x.com/ryoshi_artist
x,PingPingko_01,PingPingko【REC】,https://x.com/PingPingko_01
youtube,UCASpA6_BQVi6LpuBRdSxfmw,ALThiMa-NigHT,https://www.youtube.com/channel/UCASpA6_BQVi6LpuBRdSxfmw
youtube,UCSQCuMGGicyB_QqG_mApH7w,Kaede Ch. [ Graduated],https://www.youtube.com/channel/UCSQCuMGGicyB_QqG_mApH7w
twitch,28784085,5erath,https://www.twitch.tv/5erath
youtube,UCEcSxWcQiyfpx7mRAdb_emg,Henry,https://www.youtube.com/channel/UCEcSxWcQiyfpx7mRAdb_emg
x,Emi_Emilia24,Emiliaエミリア🌸🍡 ch.,https://x.com/Emi_Emilia24
instagram,dacapotapioka,dacapotapioka,https://www.instagram.com/dacapotapioka
x,Aisha_Channel,Aisha Channel,https://x.com/Aisha_Channel
youtube,UCcPlWQeuFutZ8VllrN_O2YA,Ume Ch. しのはな❀梅,https://www.youtube.com/channel/UCcPlWQeuFutZ8VllrN_O2YA
twitch,778143544,Midnightafter12AM,https://www.twitch.tv/midnightafter12am
youtube,UCNLd5kFDUcQyiiiV8f56Tlw,Hecate Ch.,https://www.youtube.com/channel/UCNLd5kFDUcQyiiiV8f56Tlw
twitch,147332258,estxr_CH,https://www.twitch.tv/estxr_ch
tiktok,7023221363604472833,Yor0,https://www.tiktok.com/@dotto_yoro
tiktok,7508701635062318081,Shinya Natonsai,https://www.tiktok.com/@shinya_natonsai
x,Solly_Vtory,Hey Solly,https://x.com/Solly_Vtory
youtube,UC-hRgpBR4P_7FAf_73rEfAA,Fina and Tier,https://www.youtube.com/channel/UC-hRgpBR4P_7FAf_73rEfAA
tiktok,7162907036752233478,Fay Xingfu,https://www.tiktok.com/@fay_xingfu
youtube,UCaM7hDc5B6kte2T7P6_Fpnw,tomo_corn,https://www.youtube.com/channel/UCaM7hDc5B6kte2T7P6_Fpnw
x,unibuntyy,unibunty,https://x.com/unibuntyy
x,kimhansummer1,Kimhan Summer /คิมหันต์ [EC19 Projekt],https://x.com/kimhansummer1
youtube,UCfEcgIyELdrDcSbH6frZslg,Keiji,https://www.youtube.com/channel/UCfEcgIyELdrDcSbH6frZslg
youtube,UCpaaIu52BVuInfJkO0-Ft3Q,Valent Soel S,https://www.youtube.com/channel/UCpaaIu52BVuInfJkO0-Ft3Q
twitch,753998130,RuLaRaLan,https://www.twitch.tv/rularalan
youtube,UC3ZglUA0HEUCuGbe5b8zXKw,The Lupas,https://www.youtube.com/channel/UC3ZglUA0HEUCuGbe5b8zXKw
twitch,623043153,pikanoir_vtuber,https://www.twitch.tv/pikanoir_vtuber
tiktok,7444520391581025281,bossmomo_lh,https://www.tiktok.com/@bossmomo_lh
tiktok,6956961609911927810,KOUSEI_AMANOGAWA,https://www.tiktok.com/@kousei_amanogawa
tiktok,7260428535172629509,Noeluc,https://www.tiktok.com/@noeluc_
x,reva_regalia,Reva Regalia『AST』,https://x.com/reva_regalia
youtube,UC7txsIaSjDTuvN7h9BzVAsw,Kiran Regalia『AST』 ,https://www.youtube.com/channel/UC7txsIaSjDTuvN7h9BzVAsw
youtube,UCzfzVFRd81VcN7mseTpusIg,Sirena Ch.,https://www.youtube.com/channel/UCzfzVFRd81VcN7mseTpusIg
x,AonGreyFox,AonGreyFox,https://x.com/AonGreyFox
youtube,UCDSn4Ql7fuyjxsSNOws81iQ,BorntoDev,https://www.youtube.com/channel/UCDSn4Ql7fuyjxsSNOws81iQ
tiktok,6995810880227410946,LamuJung official  🐬,https://www.tiktok.com/@lamu.official
facebook,rafaneal.linberg.9,rafaneal.linberg.9,https://www.facebook.com/rafaneal.linberg.9
x,Amychan_VTP,Amy Chan ◤VTP◢,https://x.com/Amychan_VTP
youtube,UCJ8hefgtMDAtBo7NRSa90Zg,OwlMan Ch.,https://www.youtube.com/channel/UCJ8hefgtMDAtBo7NRSa90Zg
x,Shil2oKuma,SHIRO K. Channel,https://x.com/Shil2oKuma
twitch,565323748,kimerano27,https://www.twitch.tv/kimerano27
instagram,akitoqch,akitoqch,https://www.instagram.com/akitoqch
tiktok,7237803821765198855,HyokiSan,https://www.tiktok.com/@hyokihowatora
x,EvatheRhino,EVA THE RHINO Ch.,https://x.com/EvatheRhino
youtube,UCUUiRsJXOGaGUMsgwX1h_5g,Thicha ch.,https://www.youtube.com/channel/UCUUiRsJXOGaGUMsgwX1h_5g
tiktok,167699120617517056,SWITCHIZ,https://www.tiktok.com/@switchiz
youtube,UCX5Qv6nz_HUVKtaDiMEReyQ,Red FarTear Ch.,https://www.youtube.com/channel/UCX5Qv6nz_HUVKtaDiMEReyQ
tiktok,7147606494883611649,Eileennoir ⚖️,https://www.tiktok.com/@eileennoir
youtube,UCDhUZlrVbcdvac4SRLi3tXA,Shiro11,https://www.youtube.com/channel/UCDhUZlrVbcdvac4SRLi3tXA
twitch,594983770,runbell_,https://www.twitch.tv/runbell_
youtube,UC-qpvnKJF0bd-r10dtgkXyg,Maybliss Blessyou Ch.,https://www.youtube.com/channel/UC-qpvnKJF0bd-r10dtgkXyg
twitch,146904711,jisooman18,https://www.twitch.tv/jisooman18
tiktok,7187019011048965125,เกมส์เมอร์ขาอ่อน - GAMERKAON,https://www.tiktok.com/@gamerkaon
youtube,UCd6bx1YwqNRzfaMoMB5nOHg,KYOYA KIERAN【SKR】,https://www.youtube.com/channel/UCd6bx1YwqNRzfaMoMB5nOHg
x,Meilin_Vtuber,MEILIN CH.,https://x.com/Meilin_Vtuber
tiktok,7329883363895133185,Pimkishy,https://www.tiktok.com/@pimkishy
tiktok,7479468833959871489,Momomiichan,https://www.tiktok.com/@momomiichan
x,DebirunWorldEnd,Debirun Ch. Pixela-World-End,https://x.com/DebirunWorldEnd
twitch,863175226,JellMellO,https://www.twitch.tv/jellmello
youtube,UCbXZ2JNCFUc5cMWO0480grA,MAJCHA มัจฉา | DEBUT SOON,https://www.youtube.com/channel/UCbXZ2JNCFUc5cMWO0480grA
x,Lukami_TH,Lukami Ch. ルカミ [Lukami Stellaz],https://x.com/Lukami_TH
youtube,UCD_y0feXuBuX9z6RAxz4afg,Mikadzuki Nammy,https://www.youtube.com/channel/UCD_y0feXuBuX9z6RAxz4afg
tiktok,7234420511437030405,aito_lh,https://www.tiktok.com/@aito_lh
youtube,UCH6Fib1kQUaR2qurlEXnZMA,Zenaida XETA-102 Channel,https://www.youtube.com/channel/UCH6Fib1kQUaR2qurlEXnZMA
tiktok,7626975891500254229,retsu_red,https://www.tiktok.com/@retsu_red
twitch,823836390,MilyniTivona,https://www.twitch.tv/milynitivona
twitch,35740817,thorlar,https://www.twitch.tv/thorlar
youtube,UCNmZMq-4asLHHd0WvdO2iRQ,Pheonyx Thea Ch.,https://www.youtube.com/channel/UCNmZMq-4asLHHd0WvdO2iRQ
x,MaemiNippy,Maemi Nippy ⨳ECR⨳,https://x.com/MaemiNippy
youtube,UCVKmkTCnz56PpKQFxYMuAHg,Flur Furry Ch.,https://www.youtube.com/channel/UCVKmkTCnz56PpKQFxYMuAHg
tiktok,7437587595376526343,Kapz 🦆,https://www.tiktok.com/@kapz.vvn
youtube,UCSXwfOj8mTDxE1ZaIEHXN2w,Meraki Keimii Ch. Pixela Legends,https://www.youtube.com/channel/UCSXwfOj8mTDxE1ZaIEHXN2w
twitch,782365160,t4e0h,https://www.twitch.tv/t4e0h
tiktok,7281962587976778757,Nyeeeon,https://www.tiktok.com/@nyeeeon_vt
x,inoriaijou,Inori Aijou Ch.,https://x.com/inoriaijou
x,lucidreverdream,Lucid Ch.,https://x.com/lucidreverdream
twitch,189526230,V8tie,https://www.twitch.tv/v8tie
twitch,141739332,Neumond_,https://www.twitch.tv/neumond_
youtube,UC89-GlmTgO8a9QyE0QL0q1w,Riko Phokaia,https://www.youtube.com/channel/UC89-GlmTgO8a9QyE0QL0q1w
youtube,UC594RC-Qw6XeppHmxJWOZGg,Saviola JTM Channel,https://www.youtube.com/channel/UC594RC-Qw6XeppHmxJWOZGg
youtube,UC-Xb3VhAajR8bir4XpgtZNA,Caelith - ケイリス Keirisu -,https://www.youtube.com/channel/UC-Xb3VhAajR8bir4XpgtZNA
tiktok,7073584428228150273,CheezySteaks,https://www.tiktok.com/@cheezysteaksttv
x,NNyatsume,Nyann Nyatsume,https://x.com/NNyatsume
instagram,zandy31a,zandy31a,https://www.instagram.com/zandy31a
youtube,UCKCL2NsTO_FOaWHEE6OiHoA,Akira Ch. 狐川アキラ,https://www.youtube.com/channel/UCKCL2NsTO_FOaWHEE6OiHoA
youtube,UCHkNbiqY3dc4AcaiGxSq2_Q,Rosalyn Ch.,https://www.youtube.com/channel/UCHkNbiqY3dc4AcaiGxSq2_Q
twitch,177553828,AmariSeki,https://www.twitch.tv/amariseki
x,PeachVTB,PeachVTB Ch.,https://x.com/PeachVTB
twitch,675534637,jcvtuber,https://www.twitch.tv/jcvtuber
youtube,UC3H7_4Gz8PhHeMz0hHwuFTw,Morika Rei【ARRI】[Graduated],https://www.youtube.com/channel/UC3H7_4Gz8PhHeMz0hHwuFTw
x,BGamecaster,BOOKGAMER,https://x.com/BGamecaster
x,KitsuneKumiChan,Kumi Chan「クミちゃん」,https://x.com/KitsuneKumiChan
twitch,1330204819,maddoxtheorder,https://www.twitch.tv/maddoxtheorder
x,Neshi_OwO,「ねし」Neshi CH,https://x.com/Neshi_OwO
youtube,UCqBG-DyjOA-llSpScSDOxqA,ApriRiru,https://www.youtube.com/channel/UCqBG-DyjOA-llSpScSDOxqA
youtube,UCZ8gzZWoN9B6GhlVOwnj0aQ,Ririka ch. / ริริกะ【SSR】,https://www.youtube.com/channel/UCZ8gzZWoN9B6GhlVOwnj0aQ
youtube,UC7TOQpHWGhZ_mJ_KkdUazFg,Nayuta『VW』,https://www.youtube.com/channel/UC7TOQpHWGhZ_mJ_KkdUazFg
youtube,UCCcZmve86N8WakyfYRqc0uA,Chata Cloveron ,https://www.youtube.com/channel/UCCcZmve86N8WakyfYRqc0uA
tiktok,7147799614161748997,(คูกะ) CooGa,https://www.tiktok.com/@cooga007
x,Luthia_IONIX,Luthia IONIX,https://x.com/Luthia_IONIX
x,AzuruVT,AzuruVT,https://x.com/AzuruVT
tiktok,7085319371875419162,Amirah Lexia,https://www.tiktok.com/@amiralexia
instagram,eva.the.rhinoxx,eva.the.rhinoxx,https://www.instagram.com/eva.the.rhinoxx
tiktok,7394869441042990100,Shiairis,https://www.tiktok.com/@shiairis_stp
youtube,UCaO7dcbFuHSol9_4g1driVg,Y' ม๋า Hunter,https://www.youtube.com/channel/UCaO7dcbFuHSol9_4g1driVg
x,AtsukoMeron_SRV,Atsuko Meron【SRV】,https://x.com/AtsukoMeron_SRV
youtube,UCw5SDGBx4mHpBtBj_qfupWg,Bunana (old channel),https://www.youtube.com/channel/UCw5SDGBx4mHpBtBj_qfupWg
youtube,UCeY7KQH92GvxRR4F0YWbknA,Viorises,https://www.youtube.com/channel/UCeY7KQH92GvxRR4F0YWbknA
youtube,UCZhewVQstdQB87rdWwIRHzg,MEILIN CH.,https://www.youtube.com/channel/UCZhewVQstdQB87rdWwIRHzg
youtube,UCP9x4Ib5jyCiZTjcRY8HTsg,【Madoka to Nihongo!】まどかと にほんご!,https://www.youtube.com/channel/UCP9x4Ib5jyCiZTjcRY8HTsg
instagram,rainrem_vrc,rainrem_vrc,https://www.instagram.com/rainrem_vrc
youtube,UC3cucsq4iSW-mU8-E18ESCQ,Cordelia Mairi Ch.,https://www.youtube.com/channel/UC3cucsq4iSW-mU8-E18ESCQ
tiktok,7301291992301634566,Mina Nekogaki【MSV】,https://www.tiktok.com/@mina.nekogakimsv
youtube,UC2eai5waelgobAHgp20DEYg,Ardalita Lilibelle Ch. Lumina-First-Myth,https://www.youtube.com/channel/UC2eai5waelgobAHgp20DEYg
x,BrrwynVibeENT,BRRWYN Ch. / QURSE,https://x.com/BrrwynVibeENT
x,NorikTheD,Norik Garcia Ch.,https://x.com/NorikTheD
youtube,UC7kqvU3tDlBUJlkpcB7252A,Yobi Shiro Ch.,https://www.youtube.com/channel/UC7kqvU3tDlBUJlkpcB7252A
x,N0kkTT_vtuber,Nokk_tt Ch.,https://x.com/N0kkTT_vtuber
x,1tsn4nami,N4NAMi,https://x.com/1tsn4nami
x,Letia_FIXIXVT,Letia ch.【FIXIX VT】,https://x.com/Letia_FIXIXVT
twitch,1372287973,maliceevermore,https://www.twitch.tv/maliceevermore
twitch,754531102,jayda_suaymak,https://www.twitch.tv/jayda_suaymak
twitch,693228174,JubzLova,https://www.twitch.tv/jubzlova
x,SerePhysia,QueenSere.Physia Ch,https://x.com/SerePhysia
tiktok,7406244759675864071,Nanako_SLR,https://www.tiktok.com/@nanako_slr
x,Asteroth_ARP,Asteroth Ch.【ARP】,https://x.com/Asteroth_ARP
tiktok,6933526505986704385,CKAYZE,https://www.tiktok.com/@ckayze
x,Akaku_Mikoni,Akaku Mikoni | V.W.Y,https://x.com/Akaku_Mikoni
x,frayr_wav,Frayr《WAV》,https://x.com/frayr_wav
tiktok,7147994487154312198,XenonPhaneJohn,https://www.tiktok.com/@xenonphanejohn
tiktok,7499741228436341778,นากุโม้ เมฆขี้โม้,https://www.tiktok.com/@nagumoiscooler
x,allure_mystery,Allure TND.【Mystery】,https://x.com/allure_mystery
youtube,UCEjF-FvkrvMhQ7b6KT5UCAw,Azar《 OTL 》,https://www.youtube.com/channel/UCEjF-FvkrvMhQ7b6KT5UCAw
x,LyveaV_Eve,Lyvea•Eve,https://x.com/LyveaV_Eve
twitch,817190378,KitadesuS1,https://www.twitch.tv/kitadesus1
tiktok,7539124037852791809,platinumrw,https://www.tiktok.com/@platinumrw
twitch,1003428067,meltildavt,https://www.twitch.tv/meltildavt
x,kustumino_vth,MIKA'mu,https://x.com/kustumino_vth
youtube,UCobiRetMOLHDrdLfLQzGiAw,Elsenia Volentia,https://www.youtube.com/channel/UCobiRetMOLHDrdLfLQzGiAw
youtube,UCO16Msf-IqFupuEiRYbmC7A,Niji Ch.,https://www.youtube.com/channel/UCO16Msf-IqFupuEiRYbmC7A
youtube,UCZsXl4d82Yx76SeGNtWGjlQ,Fusui Ch.,https://www.youtube.com/channel/UCZsXl4d82Yx76SeGNtWGjlQ
ganknow,chloridefow,chloridefow,https://ganknow.com/chloridefow/tip
twitch,699624604,Lanrotte,https://www.twitch.tv/lanrotte
youtube,UC0uCH-bvebuZ7QeacMlMqsg,Nihr Farfalla,https://www.youtube.com/channel/UC0uCH-bvebuZ7QeacMlMqsg
x,Ai_konCh,Aikon (ไอ่ก้อน) 〖ST〗,https://x.com/Ai_konCh
twitch,1242548382,AsmodeuSia_BLB,https://www.twitch.tv/asmodeusia_blb
x,AzatoStacia,Azato Stacia Ch.,https://x.com/AzatoStacia
youtube,UCAKxVqeGyZTrxYwg3p3xUAg,Tsontaya Knox Ch.,https://www.youtube.com/channel/UCAKxVqeGyZTrxYwg3p3xUAg
x,Gibpurin,Gibpuri Ch,https://x.com/Gibpurin
x,Lyneththerabbit,Lyneth Ch.,https://x.com/Lyneththerabbit
instagram,midorisuika_vtb,midorisuika_vtb,https://www.instagram.com/midorisuika_vtb
youtube,UCUf34M2JBvh6JK-fNR34d6w,UnUn the Bat Ch.,https://www.youtube.com/channel/UCUf34M2JBvh6JK-fNR34d6w
tiktok,6849625215912559618,เราเองเซฟ,https://www.tiktok.com/@raoaengsave
tiktok,7259399965394535430,SunLIE,https://www.tiktok.com/@xsunliex
twitch,239079157,lennox_ley,https://www.twitch.tv/lennox_ley
youtube,UCg5zRBCc-X-O4ZPQQ3jDAIg,Estelle Wil Ch.,https://www.youtube.com/channel/UCg5zRBCc-X-O4ZPQQ3jDAIg
tiktok,7272353830532400133,meltildavt,https://www.tiktok.com/@meltildavt
youtube,UCSZe92Gr5MIRyGSokkfOOzg,lullalull,https://www.youtube.com/channel/UCSZe92Gr5MIRyGSokkfOOzg
youtube,UCgMHb11ydIWSAgvzrxOPjRg,Arcanon Tarotar Ch. Lumina-Mutelu,https://www.youtube.com/channel/UCgMHb11ydIWSAgvzrxOPjRg
facebook,Kagemaru404,Kagemaru404,https://www.facebook.com/Kagemaru404
facebook,khunchaniiii,khunchaniiii,https://www.facebook.com/khunchaniiii
x,suminokori,Serenno Koriel ,https://x.com/suminokori
x,DavinaVtuber,Davina V.,https://x.com/DavinaVtuber
youtube,UCTIi4NC8SvzUZDMExjCscVA,UCTIi4NC8SvzUZDMExjCscVA,https://www.youtube.com/channel/UCTIi4NC8SvzUZDMExjCscVA
twitch,709926189,Calmmunessu,https://www.twitch.tv/calmmunessu
twitch,759301858,Nora_Vanadiz,https://www.twitch.tv/nora_vanadiz
youtube,UCPLU2nDo8FV9JAyXLAcTsCw,Risa Ch.,https://www.youtube.com/channel/UCPLU2nDo8FV9JAyXLAcTsCw
youtube,UCfe7Lxdn2PDp_xnnrC_RSzA,【graduated】Amaris Sayo Ch. / AStars Amakara,https://www.youtube.com/channel/UCfe7Lxdn2PDp_xnnrC_RSzA
youtube,UCa4xya8876A35_fQCrjO46g,Azenta Ch. [STP],https://www.youtube.com/channel/UCa4xya8876A35_fQCrjO46g
youtube,UCQkOhOg9Q1uYjfHSvuHMX6w,Jiah ch. Euphora,https://www.youtube.com/channel/UCQkOhOg9Q1uYjfHSvuHMX6w
x,StampLMTY,Stamp LMTY ⌜VZ⌟,https://x.com/StampLMTY
tiktok,7088624962706342913,ThanShin,https://www.tiktok.com/@thanshinvtuber
youtube,UCBsUODmi56ijq4o4imeZuwg,Oneiros Norr Ch.,https://www.youtube.com/channel/UCBsUODmi56ijq4o4imeZuwg
x,JusiaChVtuber,Jusia Ch. ASMR,https://x.com/JusiaChVtuber
tiktok,7521810458904593426,นัตตี้โรจี้🌤️,https://www.tiktok.com/@nuttyroze
twitch,960779417,Haine_vv,https://www.twitch.tv/haine_vv
youtube,UCcG3H4vlPyThp_yQpySo0gw,Buruki Ch,https://www.youtube.com/channel/UCcG3H4vlPyThp_yQpySo0gw
ganknow,puipuimemory,Puipui Memory,https://ganknow.com/puipuimemory
x,Lenezmee_AS,Lenezmee Dollynx,https://x.com/Lenezmee_AS
tiktok,7326167126007841797,WINT3R,https://www.tiktok.com/@wint3r_vz
tiktok,7415552268123440146,Kealan 【VZ LIVE】,https://www.tiktok.com/@kealan.hmm
facebook,milli.teller,milli.teller,https://www.facebook.com/milli.teller
youtube,UCRZE5IMKRUpTgfjaniVKpbg,ChazuminXD Ch.,https://www.youtube.com/channel/UCRZE5IMKRUpTgfjaniVKpbg
tiktok,7121438315052090395,Estelle Wil,https://www.tiktok.com/@estelle_wil
youtube,UCCQd9y8LSnnp09dF7Mrp5Jg,Leviaz Ch.,https://www.youtube.com/channel/UCCQd9y8LSnnp09dF7Mrp5Jg
youtube,UCbd5WWyYS2WBMNNxfVEBQQg,EVA THE RHINO Ch.,https://www.youtube.com/channel/UCbd5WWyYS2WBMNNxfVEBQQg
youtube,UCiZG4hoElnNYefqCSu5MC5A,Midori,https://www.youtube.com/channel/UCiZG4hoElnNYefqCSu5MC5A
youtube,UC3OnR-Tqd8dHmY-XNHO4iZw,kukiko hikaru,https://www.youtube.com/channel/UC3OnR-Tqd8dHmY-XNHO4iZw
twitch,167474042,pochiimo,https://www.twitch.tv/pochiimo
tiktok,7038248232115356673,MEWRCCLUB Ch.,https://www.tiktok.com/@mewrcclub382
youtube,UCTE0_50-t5vJqrC832LV2eQ,Laven Ch. Genesis Project,https://www.youtube.com/channel/UCTE0_50-t5vJqrC832LV2eQ
youtube,UCuMlvjC3BwkkmdLerrcFzrg,Nebula Faragonda 【 V-DragQueen 】,https://www.youtube.com/channel/UCuMlvjC3BwkkmdLerrcFzrg
tiktok,7393707528024425490,mayanut,https://www.tiktok.com/@mayanutth
x,Laven_Genesis,Laven Ch. Genesis Project,https://x.com/Laven_Genesis
youtube,UCBXpnfoHqIZRqi3ex50bB4w,B-DY 【#BADD30】,https://www.youtube.com/channel/UCBXpnfoHqIZRqi3ex50bB4w
tiktok,7516160868582917127,rayametier_yuan1,https://www.tiktok.com/@rayametier_yuan1
twitch,506906027,WalkyTalky404,https://www.twitch.tv/walkytalky404
youtube,UC548-tLEd7-0kgzXGeSdUtw,MIEMER,https://www.youtube.com/channel/UC548-tLEd7-0kgzXGeSdUtw
x,39Minwa,Minwa.39,https://x.com/39Minwa
tiktok,7254931398317507589,Kevara_EPR,https://www.tiktok.com/@kevara_epr
tiktok,7270503931036369925,Neris 🐉🌊🔅,https://www.tiktok.com/@thelittlenelle
x,Green_TH_0,Green TH นายเขียว,https://x.com/Green_TH_0
x,moracel_vt,Moracel VT,https://x.com/moracel_vt
x,EuthaliaZephyr,Euthalia Zéphyr Ch. Pixela Destiny,https://x.com/EuthaliaZephyr
youtube,UCGIo_THCq5eGbEdb8f0z10Q,Shirowashi Ch.,https://www.youtube.com/channel/UCGIo_THCq5eGbEdb8f0z10Q
tiktok,7131607534007501829,oldmanazazel,https://www.tiktok.com/@oldmanazazel
twitch,587351884,angryjellyfish_,https://www.twitch.tv/angryjellyfish_
instagram,ppmindmusic,ppmindmusic,https://www.instagram.com/ppmindmusic
x,Kylanz_KLZ,Kylanz,https://x.com/Kylanz_KLZ
x,MarinTera_BLB,[ 海姫 ]Marin Ch. ◈BLB◈,https://x.com/MarinTera_BLB
x,MorikaRei,Morika Rei【ARRI】[Graduated],https://x.com/MorikaRei
instagram,real.noravanadiz297,real.noravanadiz297,https://www.instagram.com/real.noravanadiz297
x,Zhenzhen_SSR,Zhenzhen Ch. 【SSR】,https://x.com/Zhenzhen_SSR
youtube,UCG1Dk3994tPaCIBJp8Cu2pg,Kamilla Lich,https://www.youtube.com/channel/UCG1Dk3994tPaCIBJp8Cu2pg
tiktok,6606267959453794305,🦊_Shineru_🖤,https://www.tiktok.com/@shineru_1143th
youtube,UC5FZBzrjJ0DQwkP6D91M-0g,ZINZIER Ch.,https://www.youtube.com/channel/UC5FZBzrjJ0DQwkP6D91M-0g
twitch,795523070,しばけんちゃ,https://www.twitch.tv/sibakencha
x,Eyez_Benjaneth,Eyez Benjaneth Ch.,https://x.com/Eyez_Benjaneth
twitch,621734513,justsheathings,https://www.twitch.tv/justsheathings
youtube,UCGFON7MMs-K2rmM_TjNG82A,Aifei ch.,https://www.youtube.com/channel/UCGFON7MMs-K2rmM_TjNG82A
twitch,180359353,ShiroiKumaTan,https://www.twitch.tv/shiroikumatan
youtube,UCXORtYHsd6uxJK15JvHzxvA,AonGreyFox,https://www.youtube.com/channel/UCXORtYHsd6uxJK15JvHzxvA
youtube,UCfI5PfgpNZ3a2p7MS-m5gPA,Ponpun.,https://www.youtube.com/channel/UCfI5PfgpNZ3a2p7MS-m5gPA
x,MeiyinMutelu,Pixiang Meiyin Ch. Lumina-Mutelu,https://x.com/MeiyinMutelu
tiktok,6875630470806979586,Kyomu,https://www.tiktok.com/@kyomu_vtuber
x,Rarin_Vtuber,Rarin Ch.,https://x.com/Rarin_Vtuber
youtube,UCDiyOEC0TGng4cudBJbMyWg,Celeste Ch.,https://www.youtube.com/channel/UCDiyOEC0TGng4cudBJbMyWg
youtube,UCGgUYt_n_Uzi5xYAS12XDww,Kahel Kallas『AST』 ,https://www.youtube.com/channel/UCGgUYt_n_Uzi5xYAS12XDww
youtube,UCJ6HUQOWSjCHHdOgz13zFlA,TheQuillmon ⌜VZ⌟,https://www.youtube.com/channel/UCJ6HUQOWSjCHHdOgz13zFlA
x,Maikumiller,Maikumira,https://x.com/Maikumiller
tiktok,7043257801954853890,PPrincess_devil,https://www.tiktok.com/@pprincess_devil
youtube,UCxH2k-7jm1hMVcujrnMMj0A,Ryouta OrcusX Ch.,https://www.youtube.com/channel/UCxH2k-7jm1hMVcujrnMMj0A
tiktok,7349150697009103879,ZÄÄB,https://www.tiktok.com/@zaabvibeent
youtube,UCIxWJ7k2MWKT6sIg3mLjkTg,โป๊ะโกะ / PoKo ปลวกทูปเบ๋อ,https://www.youtube.com/channel/UCIxWJ7k2MWKT6sIg3mLjkTg
x,Minmin_MNG,Magcro Ravencroft Ch.,https://x.com/Minmin_MNG
twitch,151322987,MillYBilL,https://www.twitch.tv/millybill
tiktok,7077804031683281946,Kitsuneko Mewten,https://www.tiktok.com/@kitsuneko_mewten
youtube,UC_4Kw9UFTDz_Hv7K_rH9DQg,I'm a Mee,https://www.youtube.com/channel/UC_4Kw9UFTDz_Hv7K_rH9DQg
instagram,yelonghandsomedragon,yelonghandsomedragon,https://www.instagram.com/yelonghandsomedragon
instagram,noboru_oz,NoBoRu,https://www.instagram.com/noboru_oz
x,seijisanVTB,Seiji San,https://x.com/seijisanVTB
x,PenguCH,Pengu Ch.【Ti19t】,https://x.com/PenguCH
tiktok,7153498198928851994,Taki Fugu,https://www.tiktok.com/@taki_fugu
x,Fortuna_Leah,Fortuna Leah,https://x.com/Fortuna_Leah
x,AifeiVtuber,Aifei ch.,https://x.com/AifeiVtuber
x,Liselotte_Ch,Lotte Ch.,https://x.com/Liselotte_Ch
youtube,UC_PZp8aADgJ9tiWMT44eUMg,Sirin 『VTG』,https://www.youtube.com/channel/UC_PZp8aADgJ9tiWMT44eUMg
instagram,milyni_tivona,milyni_tivona,https://www.instagram.com/milyni_tivona
twitch,589578708,vtuberkono,https://www.twitch.tv/vtuberkono
twitch,786564613,Estelle_Wil,https://www.twitch.tv/estelle_wil
youtube,UCvAjpLYnhtnZn-6UDT4rraQ,TOMA Ch.,https://www.youtube.com/channel/UCvAjpLYnhtnZn-6UDT4rraQ
tiktok,7377009310042276865,Subject Project,https://www.tiktok.com/@sjp_vtuber
twitch,747941273,kumorimaa,https://www.twitch.tv/kumorimaa
twitch,775957735,RheaChannel,https://www.twitch.tv/rheachannel
twitch,798311210,harumatchi,https://www.twitch.tv/harumatchi
youtube,UCAQnqwL4eytWAamhZs18ovw,Raizuu,https://www.youtube.com/channel/UCAQnqwL4eytWAamhZs18ovw
x,FaiyBloodyflora,Bloodyflora,https://x.com/FaiyBloodyflora
youtube,UCUGwdp5xDeKhuhHBgZLX_ng,PopKorn163 Vtuber Ch.,https://www.youtube.com/channel/UCUGwdp5xDeKhuhHBgZLX_ng
youtube,UCxfx5BudsoFOV-TLl0RdFNw,ChaoPlaThong,https://www.youtube.com/channel/UCxfx5BudsoFOV-TLl0RdFNw
youtube,UCM96L0HabMkeIGyBViLZ4YQ,Cynthia Rowena Ch.,https://www.youtube.com/channel/UCM96L0HabMkeIGyBViLZ4YQ
twitch,868759968,kaivtuber___,https://www.twitch.tv/kaivtuber___
youtube,UCEk6QSUJhVf56A_VznMpKpg,PeachiView,https://www.youtube.com/channel/UCEk6QSUJhVf56A_VznMpKpg
x,Akito_SOA,Akito ch. アキト【SOA】,https://x.com/Akito_SOA
youtube,UCS7BVBZ3itZ0wqlEX8a2UBA,Remiel noch,https://www.youtube.com/channel/UCS7BVBZ3itZ0wqlEX8a2UBA
tiktok,7234163185854170117,Meilin Sama,https://www.tiktok.com/@meilin_vtuber
x,lukmai_pp,Lukmai_PP,https://x.com/lukmai_pp
x,imnotnuttiz,Nuttiz,https://x.com/imnotnuttiz
tiktok,7306370793214428166,Rome. ❮UQN❯,https://www.tiktok.com/@rome.thedatisha
youtube,UClkwdtOk6yQekM-UsoJNErg,Aelisse,https://www.youtube.com/channel/UClkwdtOk6yQekM-UsoJNErg
youtube,UCFNsc_xre9fXD0-f8kyrUTQ,Sexy Salsa CH,https://www.youtube.com/channel/UCFNsc_xre9fXD0-f8kyrUTQ
youtube,UC51b_p9sAVzl9PIwnVe0Wnw,Kamphee soAlone Ch. [Autumnia],https://www.youtube.com/channel/UC51b_p9sAVzl9PIwnVe0Wnw
twitch,715565860,hikarisrsn,https://www.twitch.tv/hikarisrsn
youtube,UCVIYXTaNDVbb2c1_HXGDXhg,Miya the Melf Ch.,https://www.youtube.com/channel/UCVIYXTaNDVbb2c1_HXGDXhg
twitch,807481874,ThinaBorboleta,https://www.twitch.tv/thinaborboleta
youtube,UCPVWE9LAQH_Tttu3bHT8puQ,ขนปุย,https://www.youtube.com/channel/UCPVWE9LAQH_Tttu3bHT8puQ
youtube,UCO6R8Pc5g2R7ObJQPBGppdg,Baku Ch.【ARP】,https://www.youtube.com/channel/UCO6R8Pc5g2R7ObJQPBGppdg
youtube,UCRYa4rXZl4M4aXDVdRWamZA,Frayr《WAV》,https://www.youtube.com/channel/UCRYa4rXZl4M4aXDVdRWamZA
youtube,UCRldXR7ASrCYYoxeqOU-_og,Varkin Ch,https://www.youtube.com/channel/UCRldXR7ASrCYYoxeqOU-_og
instagram,t._blueberry,t._blueberry,https://www.instagram.com/t._blueberry
youtube,UCatSdbBdnsXgFpCyhJ7jYGg,Darin V,https://www.youtube.com/channel/UCatSdbBdnsXgFpCyhJ7jYGg
twitch,131665913,seoulsmoker,https://www.twitch.tv/seoulsmoker
x,holie_ch,Holie Ch.,https://x.com/holie_ch
twitch,93249347,papakatsuvt,https://www.twitch.tv/papakatsuvt
x,Retsu_Red,Retsu_Red,https://x.com/Retsu_Red
twitch,1162049334,Nightmary_cia,https://www.twitch.tv/nightmary_cia
instagram,fl.firstslove,fl.firstslove,https://www.instagram.com/fl.firstslove
youtube,UCNlt0mYDjOGDQNEYXytL4xQ,Zeiji7 Ch.,https://www.youtube.com/channel/UCNlt0mYDjOGDQNEYXytL4xQ
tiktok,7000792309223326721,CastesiaNX,https://www.tiktok.com/@castesianx
twitch,82744960,Yena_Hwang,https://www.twitch.tv/yena_hwang
x,Qu_Qualia,久檻夜くぅ / Qualia Qu Ch.,https://x.com/Qu_Qualia
tiktok,7099323777663075334,SHiAdayo,https://www.tiktok.com/@shia_4a
x,MatsudaRato,RatoMatsudaラト松田 Ch.,https://x.com/MatsudaRato
youtube,UCXOcqHz5rj8NGhNvAQfManw,unibunty,https://www.youtube.com/channel/UCXOcqHz5rj8NGhNvAQfManw
youtube,UCYXMY8jostUgR-jf0tJD5dQ,Nithra Lapis Ch.,https://www.youtube.com/channel/UCYXMY8jostUgR-jf0tJD5dQ
youtube,UCpNkVsMlsJRF792H-1_1vPA,Melita X Ch. Pixela Project,https://www.youtube.com/channel/UCpNkVsMlsJRF792H-1_1vPA
x,Yuzei_Akatsuki,Yuzei Akatsuki,https://x.com/Yuzei_Akatsuki
tiktok,7380594249354773505,Lumiania_Ethereal,https://www.tiktok.com/@luminiaxd
x,Reikob_VT,Murasako Reino,https://x.com/Reikob_VT
tiktok,7564015868503589895,Ririka【SSR】,https://www.tiktok.com/@ririka.ssr
tiktok,6946233384688141314,HajiTabi_Official,https://www.tiktok.com/@hajitabi_official
x,SSR_Hydrangea,Sisira Hydrangea Ch. Pixela S,https://x.com/SSR_Hydrangea
tiktok,6946484552643134466,MonJi,https://www.tiktok.com/@monji48
twitch,981284647,Mellowlop,https://www.twitch.tv/mellowlop
twitch,22562338,buffpup,https://www.twitch.tv/buffpup
tiktok,7235916304954852358,Keressa Zoulfia,https://www.tiktok.com/@keressa_zoulfia
x,Aqua_ooca,Orca-Okaru CH,https://x.com/Aqua_ooca
tiktok,7463471403560977413,ลอเร็ตต้า (ลอตตี้) | VtuberTH,https://www.tiktok.com/@for.thedolltales
x,SWITCHIZ_PNG,SWITCHIZ,https://x.com/SWITCHIZ_PNG
x,AyrisBelle,Ayris Belle Melleri Ch.,https://x.com/AyrisBelle
twitch,682708590,HonoruLynn,https://www.twitch.tv/honorulynn
tiktok,7325250408343372818,feilong0070,https://www.tiktok.com/@feilong0070
x,JayVounter,JayVounter,https://x.com/JayVounter
tiktok,7221140601948554266,BeeVis_ANT,https://www.tiktok.com/@beevis_ant
twitch,818550781,VermillionVT,https://www.twitch.tv/vermillionvt
youtube,UCqKKqKP-G8LYkWMQeJAc2vA,Noir Vinterny | V.W.Y,https://www.youtube.com/channel/UCqKKqKP-G8LYkWMQeJAc2vA
x,aji2806,Nx-Aji,https://x.com/aji2806
twitch,554887619,impfy,https://www.twitch.tv/impfy
youtube,UCL2geAXXebwlFLe-dokNCkw,Phelita ch. Euphora • [On Hold],https://www.youtube.com/channel/UCL2geAXXebwlFLe-dokNCkw
tiktok,7556127485186032647,TimeTuba,https://www.tiktok.com/@timetuba2002
facebook,Lanyangmo,Lanyangmo,https://www.facebook.com/Lanyangmo
youtube,UCkL-uaHGA8xe516I3y00OZA,IsitTime,https://www.youtube.com/channel/UCkL-uaHGA8xe516I3y00OZA
x,Acintunz,Acintunz,https://x.com/Acintunz
tiktok,7340191765751055365,merryl_wayne,https://www.tiktok.com/@merryl_wayne
youtube,UCTAEz5besWbmV4xp13zc0HA,MoRin Ch.,https://www.youtube.com/channel/UCTAEz5besWbmV4xp13zc0HA
youtube,UCrsyP6H1Ftqt503xKE7_CUg,Akemi Arlin Ch. Pixela Legends,https://www.youtube.com/channel/UCrsyP6H1Ftqt503xKE7_CUg
tiktok,7342121717508572165,ลินน่าจะร้อง │ Lynna Vsinger,https://www.tiktok.com/@lynna_vtuber
facebook,pixelaproject,pixelaproject,https://www.facebook.com/pixelaproject
twitch,877482013,hoshino_kuroi,https://www.twitch.tv/hoshino_kuroi
twitch,1016401233,halonhashi,https://www.twitch.tv/halonhashi
twitch,618549752,alparuvtuber,https://www.twitch.tv/alparuvtuber
youtube,UCQWJr6Du-UVmOwuEzDzfk_w,Junely Vtuber Ch.,https://www.youtube.com/channel/UCQWJr6Du-UVmOwuEzDzfk_w
tiktok,7150328562364089350,Prapaii S.【Mystery】,https://www.tiktok.com/@prapaii_mystery
youtube,UC9UHurp_G26BzYGxLvUzZTA,Hakka Ch.【Ti19t】,https://www.youtube.com/channel/UC9UHurp_G26BzYGxLvUzZTA
x,CresentAnsel,Cresent Ansel Ch.,https://x.com/CresentAnsel
facebook,61568423897335,61568423897335,https://www.facebook.com/profile.php?id=61568423897335
x,okamibwt,OKAMI bwt,https://x.com/okamibwt
x,Lamu_official,Lamu Ch.,https://x.com/Lamu_official
youtube,UCUqKneO3jlE5_HS6leBiXOw,Hope Popuri,https://www.youtube.com/channel/UCUqKneO3jlE5_HS6leBiXOw
x,Kampaiii_vtuber,Kampaiii 《Vtuber》,https://x.com/Kampaiii_vtuber
tiktok,7238576208693707781,daichi.,https://www.tiktok.com/@orenjidaichi
x,AriKate_,Ari Kate Ch.,https://x.com/AriKate_
x,dajinsrins,ดอยล์,https://x.com/dajinsrins
ganknow,poppythepuppy,Poppy the Puppy,https://ganknow.com/poppythepuppy
youtube,UCmKiQxuXbizCEo77GCBTOig,Lyneth Ch.,https://www.youtube.com/channel/UCmKiQxuXbizCEo77GCBTOig
facebook,kirati.ketrat,kirati.ketrat,https://www.facebook.com/kirati.ketrat
x,OshiOshiro,Sonnenblume,https://x.com/OshiOshiro
tiktok,7150732202422076421,Lawrenze Blessing,https://www.tiktok.com/@lawrenzeblessing
x,BabyOniKini,Kini キニ ch,https://x.com/BabyOniKini
youtube,UCiVx0R2pqr8Zg-tivdPDgig,Sarnna Black Herbilrah |【SH】,https://www.youtube.com/channel/UCiVx0R2pqr8Zg-tivdPDgig
tiktok,7132284502760276994,mayaoboro,https://www.tiktok.com/@mayaoboro
x,AkimotoYunaV,Akimoto Yuna Ch.,https://x.com/AkimotoYunaV
youtube,UChJCeUsXs42TOe1m4LZ_lJg,Cynthia Tepes Ch. [Autumnia],https://www.youtube.com/channel/UChJCeUsXs42TOe1m4LZ_lJg
youtube,UCq_POu51qgVp0O9EgcJgsDw,Sia Asmodeusia ch. ◈BLB◈,https://www.youtube.com/channel/UCq_POu51qgVp0O9EgcJgsDw
tiktok,6984386722822472731,มังกรน้ำหลานหรงอิง,https://www.tiktok.com/@lanlongying
x,chuya_77,Chouya,https://x.com/chuya_77
facebook,KDemonKOD,KDemonKOD,https://www.facebook.com/KDemonKOD
tiktok,7337299300734993414,Nebula Faragonda 🍄🦋,https://www.tiktok.com/@nebulafaragonda
facebook,josephinecres,josephinecres,https://www.facebook.com/josephinecres
twitch,835213436,pares_spacedog,https://www.twitch.tv/pares_spacedog
youtube,UCt8NgIONfmrNcyJt26ntJQg,Yozora /星屑 夜空 Ch.,https://www.youtube.com/channel/UCt8NgIONfmrNcyJt26ntJQg
youtube,UCnH5yoBy1jRySZ4uLcdX5Tw,NakiRiku Ch.,https://www.youtube.com/channel/UCnH5yoBy1jRySZ4uLcdX5Tw
x,Yuneshestia,Yunes Ch ,https://x.com/Yuneshestia
facebook,100087376504614,100087376504614,https://www.facebook.com/profile.php?id=100087376504614
twitch,454192506,k3sh1k1,https://www.twitch.tv/k3sh1k1
youtube,UCBq8wrxx6gPxxmZwDnZEEYA,Milyni Tivona【BLP】,https://www.youtube.com/channel/UCBq8wrxx6gPxxmZwDnZEEYA
x,krynaydin_ztp,Krynaydin 「ZTP」,https://x.com/krynaydin_ztp
x,Valkyrie5332,Val 5332,https://x.com/Valkyrie5332
x,Tachibana_Yuki7,Yukito - ユキト,https://x.com/Tachibana_Yuki7
youtube,UCCo8rdZh_V_irwScgnHJb2Q,Artie ch. Euphora,https://www.youtube.com/channel/UCCo8rdZh_V_irwScgnHJb2Q
x,Kagemaru404,Kagemaru 404,https://x.com/Kagemaru404
youtube,UCei3lo9UhW4K9QE26iwuVjg,RUNA Ch.[Vtuber],https://www.youtube.com/channel/UCei3lo9UhW4K9QE26iwuVjg
youtube,UCO-cQ0fuaInGZHIxSn9iO3g,Peace Ch.,https://www.youtube.com/channel/UCO-cQ0fuaInGZHIxSn9iO3g
x,merryl_wayne,Merryl Wayne,https://x.com/merryl_wayne
twitch,921698751,Neplilnaigh,https://www.twitch.tv/neplilnaigh
tiktok,7574006558720312328,คุณมี้ วีรุ่นแม่,https://www.tiktok.com/@mikia.epr
tiktok,7587263389450191892,Seally,https://www.tiktok.com/@seally21a
x,mamimumei_ch,MamiMumei,https://x.com/mamimumei_ch
youtube,UCbypR_t0teWxIdrQ9i83XiQ,Lunessa Florynne Ch. Lumina-Muse,https://www.youtube.com/channel/UCbypR_t0teWxIdrQ9i83XiQ
x,a1chandesu_ofcl,Aika,https://x.com/a1chandesu_ofcl
instagram,sia.cozycraft,sia.cozycraft,https://www.instagram.com/sia.cozycraft
youtube,UCWNVjAzZmYUni8YBXYiy01w,dtto.,https://www.youtube.com/channel/UCWNVjAzZmYUni8YBXYiy01w
youtube,UCIWrMTsjxdx_V1zlBkbCVCg,MaRinE Channel,https://www.youtube.com/channel/UCIWrMTsjxdx_V1zlBkbCVCg
youtube,UC5NtCgUU-vQC_GrtzSUeSZA,Gloria ch.【21PM】,https://www.youtube.com/channel/UC5NtCgUU-vQC_GrtzSUeSZA
tiktok,6547496004110204930,𝐊𝐚𝐭𝐬𝐮𝐤𝐢𝐂𝐡 🦊🍜,https://www.tiktok.com/@katsuki_007x
tiktok,7295783680252347397,Navia Whale,https://www.tiktok.com/@navia_whalevtuber
youtube,UCGAtHjeWWgyWboVQ33ZQX6Q,Zenith Ch.【ARP】,https://www.youtube.com/channel/UCGAtHjeWWgyWboVQ33ZQX6Q
youtube,UC8JQQZeNeEmiFbgtYmuFTVQ,Masato Ch.😈 | VtuberTH,https://www.youtube.com/channel/UC8JQQZeNeEmiFbgtYmuFTVQ
twitch,155265886,altriaz_,https://www.twitch.tv/altriaz_
youtube,UCi2T9exDdJRTsxL1vnNV9gQ,Nanino Channel,https://www.youtube.com/channel/UCi2T9exDdJRTsxL1vnNV9gQ
youtube,UCr6JjOIjCAYFGJIW3_BznmA,Big M 4U 『ECR』,https://www.youtube.com/channel/UCr6JjOIjCAYFGJIW3_BznmA
youtube,UCgZt2jUdPnEVCKQtnzS0ywg,Klangkhuen / กลางคืน,https://www.youtube.com/channel/UCgZt2jUdPnEVCKQtnzS0ywg
tiktok,7336065150811669511,Debirun,https://www.tiktok.com/@debirunworldend
tiktok,6999317687801398273,ไอริสเอสเอส (*･ω･)ﾉ,https://www.tiktok.com/@irissxofficer
x,HanaChannel7,Himari Hana Ch.,https://x.com/HanaChannel7
twitch,1118665324,railoney,https://www.twitch.tv/railoney
x,deilliah,Deilliah Goodknight ,https://x.com/deilliah
youtube,UC0sN779hXum_LluFaWfJjcw,Hinaree Kannari Ch. Lumina-Muse,https://www.youtube.com/channel/UC0sN779hXum_LluFaWfJjcw
youtube,UCU8-PjzR1iFtqdmATtRrYYQ,Tinsley Alaappaat Ch.,https://www.youtube.com/channel/UCU8-PjzR1iFtqdmATtRrYYQ
youtube,UC25e5qEqvVaG_VKrkTmJBmw,Lucene Ch.,https://www.youtube.com/channel/UC25e5qEqvVaG_VKrkTmJBmw
tiktok,7360686754787132424,ZoeSpecter_CH,https://www.tiktok.com/@zoespecter
x,ALhongVTG,ALhong 『VTG』,https://x.com/ALhongVTG
youtube,UCgQHTHlOXAX0PEVBeHTlSnA,Nero Ch.《CodeCreation》,https://www.youtube.com/channel/UCgQHTHlOXAX0PEVBeHTlSnA
x,AmuVCh,Amu V Ch.,https://x.com/AmuVCh
youtube,UCsopSzBjIt3naRqabJrXpRA,PRAEAM_SLX,https://www.youtube.com/channel/UCsopSzBjIt3naRqabJrXpRA
youtube,UCUfM5IcATD5-AB1If9v7wTA,Den Trenton Ch. | OAL,https://www.youtube.com/channel/UCUfM5IcATD5-AB1If9v7wTA
twitch,956060042,XroSetsuna,https://www.twitch.tv/xrosetsuna
x,Boonlan_VTG,BoonLan『VTG』,https://x.com/Boonlan_VTG
x,INE_NEX,Shunka INE [NEX],https://x.com/INE_NEX
twitch,122438447,XzestzExzeda,https://www.twitch.tv/xzestzexzeda
instagram,momayallegrala,momayallegrala,https://www.instagram.com/momayallegrala
tiktok,6998460888609981441,Sea Ch. // Vtouch Project,https://www.tiktok.com/@sea.vtouch
youtube,UCXl3UWVn6XXFSNM5YNHlSCw,Kaiyo Ch.,https://www.youtube.com/channel/UCXl3UWVn6XXFSNM5YNHlSCw
x,Geno_TST,Geno Ch.『TST』,https://x.com/Geno_TST
youtube,UCUUvW_FwpvBRsubHH7loRFA,【黒崎】Asmodeus Ch.,https://www.youtube.com/channel/UCUUvW_FwpvBRsubHH7loRFA
tiktok,7461949406910383105,Vesper Wing,https://www.tiktok.com/@vesper.wing
twitch,1523865786,ririkassr67,https://www.twitch.tv/ririkassr67
twitch,1227858732,laychlype_alf,https://www.twitch.tv/laychlype_alf
twitch,42149209,StagflationTV,https://www.twitch.tv/stagflationtv
x,Aida_Playgames,Aida Ch.,https://x.com/Aida_Playgames
youtube,UC_JCN1qZMnnFzgzD_iTqrsg,Edella Edward Ch.,https://www.youtube.com/channel/UC_JCN1qZMnnFzgzD_iTqrsg
tiktok,7643600307386172434,⋮ ⌗ ┆𝓣𝓲𝓵𝓵 ⊹ ࣪ ˖ 🎸˚. ᵎᵎ,https://www.tiktok.com/@cherricheer
youtube,UCjQxLH9yqYXowVtH7a-6L-Q,MikuRu-0 Project,https://www.youtube.com/channel/UCjQxLH9yqYXowVtH7a-6L-Q
youtube,UCUH2P2QP0-0wbHJkOQbK5WQ,Seiko Vtuber,https://www.youtube.com/channel/UCUH2P2QP0-0wbHJkOQbK5WQ
x,OmoroTheBunny,พรี่โอม Omoro & คุณนายกระต่าย BunBun,https://x.com/OmoroTheBunny
tiktok,7319177963173528594,Myrrha Enchanté Ch. [Autumnia],https://www.tiktok.com/@myrrhaenchante
youtube,UCuknM_MfOGBZgedmcu8sf-w,•Battosenpai•,https://www.youtube.com/channel/UCuknM_MfOGBZgedmcu8sf-w
youtube,UCtqg53LG-0LfkUn5PssQr_g,Kumi Chan「クミちゃん」,https://www.youtube.com/channel/UCtqg53LG-0LfkUn5PssQr_g
tiktok,7297947456606602242,Goozilla Ily,https://www.tiktok.com/@ilygoozilla
twitch,777759221,phumarine_phuma,https://www.twitch.tv/phumarine_phuma
x,sera_phyne,SeraPhyne Ch【ECR】,https://x.com/sera_phyne
x,alya_ves,Alya Vestiny,https://x.com/alya_ves
x,Miyuu433,MiYuu43 ch. みゆ,https://x.com/Miyuu433
tiktok,7395410964012729361,Euphylia_Stp,https://www.tiktok.com/@euphylia_stp
x,HagurumaVTB,Haguruma,https://x.com/HagurumaVTB
youtube,UCWO1YqwwjkAk2aXp8y-Qo8g,Ekaros Ch. Vprolive,https://www.youtube.com/channel/UCWO1YqwwjkAk2aXp8y-Qo8g
tiktok,7260030686689592326,ICE SHIRAKOI,https://www.tiktok.com/@ice_shirakoi
youtube,UCa7Slk7_l3qK3YFGZWa2IsQ,Ponya Ch. - Parabellum,https://www.youtube.com/channel/UCa7Slk7_l3qK3YFGZWa2IsQ
tiktok,6634601505499365377,Stag เป็นต้นไม้ 🌱,https://www.tiktok.com/@stagflationtv
x,nagumoiscool,Nagumo ⛈️,https://x.com/nagumoiscool
tiktok,6653363328851410945,MaouCiela Z. Erebrias,https://www.tiktok.com/@maouciela_z_erebrias
youtube,UCJcUPyHbfB_4evd9PhFyfXQ,AltairAlAl Ch.,https://www.youtube.com/channel/UCJcUPyHbfB_4evd9PhFyfXQ
instagram,shiorichanvt,shiorichanvt,https://www.instagram.com/shiorichanvt
youtube,UCqCI_qpXBTlVO0kZhB51I6w,Elleusia,https://www.youtube.com/channel/UCqCI_qpXBTlVO0kZhB51I6w
twitch,616425557,Yuno Ichika,https://twitch.tv/ichika_vt
x,Kazumi_desu,Kazumi Ch.,https://x.com/Kazumi_desu
twitch,796577135,AynaARP,https://www.twitch.tv/aynaarp
twitch,1066801198,raitokuntw,https://www.twitch.tv/raitokuntw
tiktok,7104275590727468037,ผีอีมาลัย (EC19 Project),https://www.tiktok.com/@malaiec19
facebook,shia.4a,shia.4a,https://www.facebook.com/shia.4a
twitch,774852884,imnotxerliaa,https://www.twitch.tv/imnotxerliaa
twitch,62046184,JuriVT,https://www.twitch.tv/jurivt
twitch,1324503740,dmuofficial,https://www.twitch.tv/dmuofficial
tiktok,7362974967467967495,Maprang 【Vtuber】,https://www.tiktok.com/@maprang_vtuber
twitch,748874756,shirowashi__,https://www.twitch.tv/shirowashi__
twitch,834331792,aidenshia,https://www.twitch.tv/aidenshia
x,Viola_ce_ae,Viola C. Ae,https://x.com/Viola_ce_ae
youtube,UCm5SLUk640GMLdp6ePCaXHQ,Alizabyleth Ch.,https://www.youtube.com/channel/UCm5SLUk640GMLdp6ePCaXHQ
x,JUNEVY888,JUNEVY Ch.,https://x.com/JUNEVY888
x,MadHatterVZ,MAD:HATTER ⌜VZ⌟,https://x.com/MadHatterVZ
youtube,UCzH5tEYALkblyTy99n3-YEA,Tsukiko かざん,https://www.youtube.com/channel/UCzH5tEYALkblyTy99n3-YEA
twitch,781271633,hwaruuuuuuu,https://www.twitch.tv/hwaruuuuuuu
tiktok,6821365214596858881,thicha vtuber,https://www.tiktok.com/@mthicha
youtube,UC6kddWCoJL4IneTbHRFnViQ,Shin Inbox,https://www.youtube.com/channel/UC6kddWCoJL4IneTbHRFnViQ
youtube,UC52dzPlsz8jN2hIevufKCHA,ALhong 『VTG』,https://www.youtube.com/channel/UC52dzPlsz8jN2hIevufKCHA
tiktok,6994741827287401473,Ricotta_ARP,https://www.tiktok.com/@ricotta_arp
tiktok,7272791829710619653,ChaAYM,https://www.tiktok.com/@chaaym_
tiktok,7477333339184268296,Sere Physia,https://www.tiktok.com/@sere.physia
instagram,saneko_epr,saneko_epr,https://www.instagram.com/saneko_epr
youtube,UCYtNZ8-aeaazi3ImKB6y8aQ,Jibara​ Ch.,https://www.youtube.com/channel/UCYtNZ8-aeaazi3ImKB6y8aQ
twitch,160602610,kathic_ch_13,https://www.twitch.tv/kathic_ch_13
youtube,UC82qGW5XAba3LYqMEmiVBgg,Naoki Yuuto Ch.,https://www.youtube.com/channel/UC82qGW5XAba3LYqMEmiVBgg
x,RubellusRemis,Rubellus Remis | VArtist,https://x.com/RubellusRemis
tiktok,7377010397352248327,OkiChinaToy,https://www.tiktok.com/@okitoy112
youtube,UCoc4ArTO-yJUzpqufus_Pdg,Kokori 《 OTL 》,https://www.youtube.com/channel/UCoc4ArTO-yJUzpqufus_Pdg
tiktok,7117895730283791386,Harumoon Ch.,https://www.tiktok.com/@harumoonvtuber
twitch,438182919,AstralVMoonlight,https://www.twitch.tv/astralvmoonlight
instagram,pang.42_,pang.42_,https://www.instagram.com/pang.42_
twitch,38486263,linktijger,https://www.twitch.tv/linktijger
tiktok,7472434420957479957,21PM,https://www.tiktok.com/@21pm.official
tiktok,7459035548104147975,rakumitsuraizuu,https://www.tiktok.com/@rakumitsuraizuu
x,CynthiaFvP,Cynthia,https://x.com/CynthiaFvP
x,RisaAphiwat,Risa Ch.,https://x.com/RisaAphiwat
tiktok,6573990432250085377,Nokk,https://www.tiktok.com/@n0kktt
twitch,746803723,siztar_alea,https://www.twitch.tv/siztar_alea
tiktok,7367866702917633032,NatchaLatte Official,https://www.tiktok.com/@natchalatteofficial
tiktok,7135337313182630938,nezumi_elze,https://www.tiktok.com/@nezumi_elze
youtube,UCLWpw8jaGYOVXV8cIu1WMqw,Fukai Lorn Ch.,https://www.youtube.com/channel/UCLWpw8jaGYOVXV8cIu1WMqw
twitch,131745208,DeliCiae_v,https://www.twitch.tv/deliciae_v
youtube,UCZmw6cMeVaCMtL_NhybhWJw,Poppy the Puppy,https://www.youtube.com/channel/UCZmw6cMeVaCMtL_NhybhWJw
twitch,452154039,Neko_Tamashii,https://www.twitch.tv/neko_tamashii
tiktok,7168357362939593734,Lilia / ลิเลีย,https://www.tiktok.com/@masuru.lilia
tiktok,7237121406402987013,KaLaMangVT,https://www.tiktok.com/@kalamangvt
twitch,176451250,TaeZo_,https://www.twitch.tv/taezo_
x,Vulg_BGP,Vulgtmnahog,https://x.com/Vulg_BGP
tiktok,6556510670430339074,BEARISS_BEAM,https://www.tiktok.com/@beariss_beam
x,DeathEx_Ch,DeathEx Ch.,https://x.com/DeathEx_Ch
twitch,730696338,jujuJulienne,https://www.twitch.tv/jujujulienne
youtube,UCPtSgQ5-yCPl9wbo5w7tmWQ,Evalia Ch.【ARP】,https://www.youtube.com/channel/UCPtSgQ5-yCPl9wbo5w7tmWQ
youtube,UCHL4mRfm4hZgmg4sPYRiYkg,Bombay Bergamot,https://www.youtube.com/channel/UCHL4mRfm4hZgmg4sPYRiYkg
youtube,UC06ZTttwwgmmMdc6ZMkOOgg,Akimoto Yuma Ch. [SOON],https://www.youtube.com/channel/UC06ZTttwwgmmMdc6ZMkOOgg
twitch,580837196,cath_na,https://www.twitch.tv/cath_na
tiktok,7593673205748515847,Adrelis Zinya「ALF」🔥👊🏻,https://www.tiktok.com/@adreliszinya_alf
youtube,UC35EDRwjO07DpevXGxo3Y0g,IKUTO ch.,https://www.youtube.com/channel/UC35EDRwjO07DpevXGxo3Y0g
youtube,UCxsvotVZGKCimeSlzK9bSzA,deksammy,https://www.youtube.com/channel/UCxsvotVZGKCimeSlzK9bSzA
tiktok,7309721729525826578,chizizfa,https://www.tiktok.com/@chizizfa
youtube,UC_Wo8eYbNSxzzeIke7_ssSQ,PENELOPE PINK,https://www.youtube.com/channel/UC_Wo8eYbNSxzzeIke7_ssSQ
x,ShirokamiNero,Nero Ch.《CodeCreation》,https://x.com/ShirokamiNero
facebook,RRHwa,RRHwa,https://www.facebook.com/RRHwa
youtube,UCASVAAgvntOrwRgVeMAkIPg,MMD Takumi Ch.,https://www.youtube.com/channel/UCASVAAgvntOrwRgVeMAkIPg
facebook,MidoriSuikaa,MidoriSuikaa,https://www.facebook.com/MidoriSuikaa
x,Ark_ARP,Ark Ch.【ARP】,https://x.com/Ark_ARP
youtube,UCvHE7qpAydoWR1vhT2-ZHFg,Taki Fugu Ch.,https://www.youtube.com/channel/UCvHE7qpAydoWR1vhT2-ZHFg
facebook,61554046490324,61554046490324,https://www.facebook.com/profile.php?id=61554046490324
twitch,909863066,morinplanet,https://www.twitch.tv/morinplanet
twitch,1429057408,kerori_raika,https://www.twitch.tv/kerori_raika
tiktok,7095366508038374427,Klangkhuen / กลางคืน,https://www.tiktok.com/@klangkhuen
tiktok,7336064276304430098,Kumoku Tsururu,https://www.tiktok.com/@tsururuworldend
twitch,853323367,ZenaidaXETA102,https://www.twitch.tv/zenaidaxeta102
tiktok,7120497396672529435,E_Ghost SoulKa👻,https://www.tiktok.com/@soulka_yurei
youtube,UC0Ky1U__7T2Z5SOZCvNlJ-Q,Beariss Beam,https://www.youtube.com/channel/UC0Ky1U__7T2Z5SOZCvNlJ-Q
youtube,UCrrhPvH5ZB7UBcjCajs9OmQ,Valery Ch.【Ti19t】,https://www.youtube.com/channel/UCrrhPvH5ZB7UBcjCajs9OmQ
x,Jorirynn_Astray,Jorirynn 【PRIME】,https://x.com/Jorirynn_Astray
x,GusBeartuber,GusBearTuber,https://x.com/GusBeartuber
x,cliche_SSR, Cliche Ch.〖SSR〗,https://x.com/cliche_SSR
tiktok,6935711800785339394,โคริเอลที่จะเป็นวี,https://www.tiktok.com/@serennokoriel
twitch,672689792,WolfFadeX,https://www.twitch.tv/wolffadex
x,Kuro_VTG,Kuro『VTG』,https://x.com/Kuro_VTG
x,HyougaAlpha_ARP,HyougaAlpha Ch.【ARP】,https://x.com/HyougaAlpha_ARP
twitch,1510361344,zayngloucester,https://www.twitch.tv/zayngloucester
youtube,UC06xwFlEkBFdtxqV0WpVcqg,Kiaren Ch.,https://www.youtube.com/channel/UC06xwFlEkBFdtxqV0WpVcqg
tiktok,6971328079483225089,⚡️GS_GolfPraPlern⚡️,https://www.tiktok.com/@gs_golfpraplern
youtube,UC4kzIt5iyX7QC27TTKfUnXA,Witchy Rochelle,https://www.youtube.com/channel/UC4kzIt5iyX7QC27TTKfUnXA
youtube,UCpbHtJERmEP-GZJeSpziqCQ,Zuruya Ch.,https://www.youtube.com/channel/UCpbHtJERmEP-GZJeSpziqCQ
tiktok,6934308352835896322,EC19 Vtuber Projekt Official,https://www.tiktok.com/@ec19vtuberprojekt
facebook,tipme.in.th,Verdelite PowerPay,https://www.facebook.com/tipme.in.th
x,ArdalitaLili,Ardalita Lilibelle Ch. Lumina-First-Myth,https://x.com/ArdalitaLili
tiktok,7470446823484900359,บูตัน,https://www.tiktok.com/@butaann
twitch,159986278,Jamilah_nm,https://www.twitch.tv/jamilah_nm
tiktok,7498330966130639873,MaewDam T. Mira,https://www.tiktok.com/@maewdamtmira
youtube,UCLEtK3UynAZPM7ODwPeveEw,LIRIN,https://www.youtube.com/channel/UCLEtK3UynAZPM7ODwPeveEw
tiktok,7302462052059120641,chiiakijf,https://www.tiktok.com/@chiiakijf
youtube,UCyv2oEiAXQp9xLlBr1Tn6Vg,Yokina Saori,https://www.youtube.com/channel/UCyv2oEiAXQp9xLlBr1Tn6Vg
x,VthAriel,Ariel | R.E.L's New Laboratory,https://x.com/VthAriel
x,Byte001_SLR,Byte001_SLR,https://x.com/Byte001_SLR
tiktok,6911896472867931138,Umezuki_san (RIGGER),https://www.tiktok.com/@umezuki_san
tiktok,6947212020354892801,CcretRain [ FLAW Project ],https://www.tiktok.com/@ccretrain.flaw.pr
youtube,UCmNHaTv_3klfUfaokHoXWJQ,Vivian V. Wendell Ch.,https://www.youtube.com/channel/UCmNHaTv_3klfUfaokHoXWJQ
twitch,1132837109,lnw_neuatong,https://www.twitch.tv/lnw_neuatong
x,MiledyZ_Devlin,Miledy Z.Devlin ch.,https://x.com/MiledyZ_Devlin
facebook,sejituajing,sejituajing,https://www.facebook.com/sejituajing
youtube,UCgnavpGZUMzWODQB_daHZbQ,Listen Ch.【ARP】,https://www.youtube.com/channel/UCgnavpGZUMzWODQB_daHZbQ
x,MomoCh_LH,Momo Vtuber,https://x.com/MomoCh_LH
youtube,UCHJyN2D9QrjAujzsrDkguRA,Yuina Hoshi Ch.,https://www.youtube.com/channel/UCHJyN2D9QrjAujzsrDkguRA
youtube,UCjNcr0lsW_G8u6zJjjHlBXw,Veena - OWG,https://www.youtube.com/channel/UCjNcr0lsW_G8u6zJjjHlBXw
youtube,UC5wA30Tc9ONbRjj6QNinH9w,Kayo Ch. 【かよCh.】◣PLO◥,https://www.youtube.com/channel/UC5wA30Tc9ONbRjj6QNinH9w
x,MaaeTheGreatest,MaaeTheGreatest,https://x.com/MaaeTheGreatest
instagram,kisscross_official,kisscross_official,https://www.instagram.com/kisscross_official
youtube,UClKBrxMxPf1-104BQRNkDYw,Lyon De Gladiolus,https://www.youtube.com/channel/UClKBrxMxPf1-104BQRNkDYw
youtube,UCDzIAHQJv3O2IN0u26bHlaw,Yukai Myoujou《 SSR 》,https://www.youtube.com/channel/UCDzIAHQJv3O2IN0u26bHlaw
tiktok,7092779354287604742,G_round,https://www.tiktok.com/@g_round23
x,VendettaVtb,VLazy,https://x.com/VendettaVtb
x,murkielV2,Murkiel Ch.,https://x.com/murkielV2
twitch,198285245,memefrug,https://www.twitch.tv/memefrug
tiktok,7311451919981184001,ศจอม,https://www.tiktok.com/@ozayao
tiktok,7468349511623361554,era_arp,https://www.tiktok.com/@era_arp
x,Yelong_vth,叶龙 Yelong CH.,https://x.com/Yelong_vth
youtube,UCFkljb428Byj00FxL_kwYyA,OZiK Ch.,https://www.youtube.com/channel/UCFkljb428Byj00FxL_kwYyA
twitch,915743847,miledyz,https://www.twitch.tv/miledyz
x,xOx_panda_xOo,PandaSensi,https://x.com/xOx_panda_xOo
youtube,UCmi6wrDDb_2qXsMK4nyLgjA,Collie rinitta,https://www.youtube.com/channel/UCmi6wrDDb_2qXsMK4nyLgjA
youtube,UCyA1KEXjcq2za_bsJp9KmZQ,RAF4EL,https://www.youtube.com/channel/UCyA1KEXjcq2za_bsJp9KmZQ
x,arina_kaneaki,Kaneaki Arina Ch.,https://x.com/arina_kaneaki
youtube,UC4QwUkFO1_JJe_TTN5jYoyA,Atsuki丨アツキ,https://www.youtube.com/channel/UC4QwUkFO1_JJe_TTN5jYoyA
tiktok,7479038894211941384,antiavtuber,https://www.tiktok.com/@antiavtuber?_t=zs-8uj8bzs3rio&_r=1
x,Zenith_ARP,Zenith Ch.【ARP】,https://x.com/Zenith_ARP
tiktok,7270010982197822469,biscuitblythe,https://www.tiktok.com/@biscuitblythe
x,ValakVtuber,Valak Ch.,https://x.com/ValakVtuber
tiktok,7360673322667508744,SoujiRoy_CH,https://www.tiktok.com/@soujiroy
twitch,136549665,J3llych0ux,https://www.twitch.tv/j3llych0ux
twitch,139769760,LyonDeGladiolus,https://www.twitch.tv/lyondegladiolus
twitch,853361091,Zeiji7,https://www.twitch.tv/zeiji7
twitch,1517545331,walkytalk2008,https://www.twitch.tv/walkytalk2008
youtube,UC8-JXAccuh7DvI_A_lObw-w,Uniinu ch. Euphora,https://www.youtube.com/channel/UC8-JXAccuh7DvI_A_lObw-w
tiktok,7130972557435946011,BOBO,https://www.tiktok.com/@bobovtuber
instagram,sirin_vtg,sirin_vtg,https://www.instagram.com/sirin_vtg
twitch,609845719,Soursama_,https://www.twitch.tv/soursama_
youtube,UCJNuYG7F5YzslTSYChWcKBw,Kousei Ch.,https://www.youtube.com/channel/UCJNuYG7F5YzslTSYChWcKBw
youtube,UCB_Ooo_Eanv8LHYUGqMMDjg,Yuuta Natsuki,https://www.youtube.com/channel/UCB_Ooo_Eanv8LHYUGqMMDjg
twitch,208278381,Dark_Saito,https://www.twitch.tv/dark_saito
youtube,UC0nW1honcPC62DD5Qkv3NAw,NonGField,https://www.youtube.com/channel/UC0nW1honcPC62DD5Qkv3NAw
twitch,131470585,PamberryTH,https://www.twitch.tv/pamberryth
tiktok,7338612450818278405,yuneschan085,https://www.tiktok.com/@yuneschan085
tiktok,7098619694177059845,MONARICA 《 Vtuber 》,https://www.tiktok.com/@monariica
youtube,UCTpRi8YKKMNfY_YviDeFNig,Urai [NecroMezza],https://www.youtube.com/channel/UCTpRi8YKKMNfY_YviDeFNig
twitch,652057001,ivvilo,https://www.twitch.tv/ivvilo
youtube,UCZYTMrnVmu1iUVyGeqB6zJQ,T-Reina Ashyra Ch. Lumina-World-End,https://www.youtube.com/channel/UCZYTMrnVmu1iUVyGeqB6zJQ
youtube,UCS1PrWcX95lKikSMIsm6eRg,Aki the Valkyrie Ch.,https://www.youtube.com/channel/UCS1PrWcX95lKikSMIsm6eRg
tiktok,7017369926977586177,StellarPaticle | TH/EN Vtuber,https://www.tiktok.com/@celestialparticle
x,Zenti_e_Ra,Zentiera【VJN】,https://x.com/Zenti_e_Ra
twitch,1115731830,ztacya,https://www.twitch.tv/ztacya
youtube,UCsZSZCsOh_00oTBLdk2w-GA,Haguruma,https://www.youtube.com/channel/UCsZSZCsOh_00oTBLdk2w-GA
twitch,903935610,lorvazielos,https://www.twitch.tv/lorvazielos
youtube,UCNRhbYsDR35KlFvAeP_WmrA,NatchaLatte Official,https://www.youtube.com/channel/UCNRhbYsDR35KlFvAeP_WmrA
twitch,613146630,PuinoonDesu,https://www.twitch.tv/puinoondesu
youtube,UCZ-Vbihp3Y84EzwVVd2GjDQ,Kazumi Ch.,https://www.youtube.com/channel/UCZ-Vbihp3Y84EzwVVd2GjDQ
twitch,899670470,technoire,https://www.twitch.tv/technoire
tiktok,7281919920312075266,maemuuru l VtuberTH,https://www.tiktok.com/@maemuuru
youtube,UCwV_WXNH4iIvUJIVddjyhbg,RA1NY ⌜VZ⌟,https://www.youtube.com/channel/UCwV_WXNH4iIvUJIVddjyhbg
tiktok,7459309012942701574,RuLaRaLan,https://www.tiktok.com/@rularalan
tiktok,6800005568226296834,DemonBunnyTH,https://www.tiktok.com/@.demonbunny
instagram,yoinmori,yoinmori,https://www.instagram.com/yoinmori
twitch,654870281,lemathchampion,https://www.twitch.tv/lemathchampion
twitch,822561832,Lalitcave,https://www.twitch.tv/lalitcave
tiktok,7223803960661607430,Weirlos ch.,https://www.tiktok.com/@weirlos
youtube,UCNLRchQpCrJaUvYo731Y_vg,Callidora Ch.【VJN】,https://www.youtube.com/channel/UCNLRchQpCrJaUvYo731Y_vg
instagram,bishamonkuroneko_as,bishamonkuroneko_as,https://www.instagram.com/bishamonkuroneko_as
tiktok,7378455744868008965,Monmon Thedoggo,https://www.tiktok.com/@monmonthedoggo
youtube,UCOX-wAA5Yzn1JPt6MsgO8VQ,Letia ch.【FIXIX VT】,https://www.youtube.com/channel/UCOX-wAA5Yzn1JPt6MsgO8VQ
twitch,792948485,TsontayaKnox,https://www.twitch.tv/tsontayaknox
x,SunfishCh,Sunfish Ch.,https://x.com/SunfishCh
tiktok,7005130493956916251,ลุงเรย์ชอบสาวๆ ตัวนิดเด้ว,https://www.tiktok.com/@kamireiv
x,Bitscuito,Bitscuit La Cielhare,https://x.com/Bitscuito
x,EsteVtuber,Este Ch.,https://x.com/EsteVtuber
youtube,UCmEBfH-cA250fGCvUb9CIGA,Zerias Ch.,https://www.youtube.com/channel/UCmEBfH-cA250fGCvUb9CIGA
twitch,1320085605,Mor9an ՞·ᴥ·՞ (มอร์แกน)『VFree』,https://www.twitch.tv/luckyraccoonvt
youtube,UC7_cZ5j3JJRERezE3YHnm5w,Avisa Lopez Ch. [Autumnia],https://www.youtube.com/channel/UC7_cZ5j3JJRERezE3YHnm5w
tiktok,7191505496174527493,twitch_jaokat,https://www.tiktok.com/@twitch_jaokat
youtube,UCMUtWzsjAQJgp6UlkbVSo1w,Laguna JuJu Ch. Pixela Project,https://www.youtube.com/channel/UCMUtWzsjAQJgp6UlkbVSo1w
twitch,620346268,mumuthemoodiest,https://www.twitch.tv/mumuthemoodiest
youtube,UCMBxPwSlBQz2TxRnA2ogq0w,Jayda,https://www.youtube.com/channel/UCMBxPwSlBQz2TxRnA2ogq0w
facebook,ISmeyao,ISmeyao,https://www.facebook.com/ISmeyao
tiktok,6839674097815831554,morkeang,https://www.tiktok.com/@morkeang.exe
youtube,UCAv_XjRwhU7sMl3YlM0WoJw,ShiroiKumaTan Ch.,https://www.youtube.com/channel/UCAv_XjRwhU7sMl3YlM0WoJw
tiktok,7302671975347995649,tiara,https://www.tiktok.com/@tiarasummerstone
twitch,817217724,layniazia,https://www.twitch.tv/layniazia
twitch,1051965291,RIYAvtuberth,https://www.twitch.tv/riyavtuberth
youtube,UCTSWYTxXHbb_9sbz84xSR8Q,LIMESALTZ Ch.,https://www.youtube.com/channel/UCTSWYTxXHbb_9sbz84xSR8Q
x,Urai_NCG,Urai [NecroMezza],https://x.com/Urai_NCG
x,YukitoHoshi_AS,Yukito Hoshitoki Ch. / AStars Chrono prince,https://x.com/YukitoHoshi_AS
youtube,UCCXtKBc_KnKRtT-9qXu5Y7A,KOHAKU Ch.,https://www.youtube.com/channel/UCCXtKBc_KnKRtT-9qXu5Y7A
x,NaNA_Saurus,NaNA Ch.,https://x.com/NaNA_Saurus
x,MayblissVT,Maybliss Blessyou Ch.,https://x.com/MayblissVT
tiktok,7469782337468531713,ก้อนเป็นวีทูปเบอร์,https://www.tiktok.com/@aikon_st
linktree,kyoyakeiran,Kyoya Keiran,https://linktr.ee/kyoyakeiran
twitch,422374646,moshiedraws,https://www.twitch.tv/moshiedraws
youtube,UCAzfyfbQ7XHmznbOKinAunQ,MeltildaVT Ch.,https://www.youtube.com/channel/UCAzfyfbQ7XHmznbOKinAunQ
tiktok,7360674786109834248,masumikyou,https://www.tiktok.com/@masumikyou
tiktok,7163522732734071809,Nightไน้ 🩵🤍,https://www.tiktok.com/@nightnightpngtuber
youtube,UCqbax9GTF0U2i7Fzk7HjOyg,Liztsu Hikake Ch.,https://www.youtube.com/channel/UCqbax9GTF0U2i7Fzk7HjOyg
youtube,UCcKP-pSFONm5IMA-GdikUEQ,Salvatore Ch.『 VNV 』,https://www.youtube.com/channel/UCcKP-pSFONm5IMA-GdikUEQ
twitch,901076093,ozayaol,https://www.twitch.tv/ozayaol
twitch,738984793,vvee_vivian,https://www.twitch.tv/vvee_vivian
youtube,UCXOGcY1DJ8uohGI3KTPue-g,ToraSunday Ch.,https://www.youtube.com/channel/UCXOGcY1DJ8uohGI3KTPue-g
tiktok,7154789302660187163,Kosaru,https://www.tiktok.com/@kosaru_ch
youtube,UCc9W8GnDEHPNgt6eshaAvQw,Nirvana Ch.【ARP】,https://www.youtube.com/channel/UCc9W8GnDEHPNgt6eshaAvQw
twitch,726909868,Manill_mangkorn,https://www.twitch.tv/manill_mangkorn
twitch,884680237,ParishChyCha,https://www.twitch.tv/parishchycha
x,Esme_Mew,Esme Mew,https://x.com/Esme_Mew
twitch,131578275,biru101,https://www.twitch.tv/biru101
youtube,UCSFXk1n7GTDk6x_7HWlopjA,Nestor Ch.,https://www.youtube.com/channel/UCSFXk1n7GTDk6x_7HWlopjA
youtube,UCrvgFjRmdALKWipRU1MQBsQ,StormBullet,https://www.youtube.com/channel/UCrvgFjRmdALKWipRU1MQBsQ
kick,amn-mero,M3R0 ch.,https://kick.com/amn-mero
youtube,UC5zC3ZIFihxnJBNaJU9cZcQ,Elphylia CH.,https://www.youtube.com/channel/UC5zC3ZIFihxnJBNaJU9cZcQ
x,BearissB,Another Beariss,https://x.com/BearissB
youtube,UC2uv9lpMiz72v_qPVFDSZmA,Suiren Ch. ◣PLO◥,https://www.youtube.com/channel/UC2uv9lpMiz72v_qPVFDSZmA
youtube,UCVjhbrfJG9GX2sXsl7B3AIg,Mei Vtuber,https://www.youtube.com/channel/UCVjhbrfJG9GX2sXsl7B3AIg
tiktok,7115295735092937729,Mikun Ch.,https://www.tiktok.com/@michaelkun888
youtube,UCgSsXxQ71nScJ-GIc90ZkYw,Cerafine Mikael Ch. Lumina-First-Myth,https://www.youtube.com/channel/UCgSsXxQ71nScJ-GIc90ZkYw
tiktok,7502147168083264528,Den Trenton | OAL,https://www.tiktok.com/@den_oal
facebook,TimothyWeii,TimothyWeii,https://www.facebook.com/TimothyWeii
x,AyaLeveru,Aya Leveru Ch.,https://x.com/AyaLeveru
tiktok,7226018538803971078,MurkilyCH.,https://www.tiktok.com/@murkilycalhoun
twitch,803732229,AkaiNezumi,https://www.twitch.tv/akainezumi
youtube,UCN2h2ov92AeTDv60a1mUr0g,Puffy Fluffy Ch.,https://www.youtube.com/channel/UCN2h2ov92AeTDv60a1mUr0g
twitch,953642794,MiguelJesta,https://www.twitch.tv/migueljesta
tiktok,7419300161530397704,Besicka ALF,https://www.tiktok.com/@besicka_alf
youtube,UCJMtmiajwsQXE4rpd2wuEyg,Chiharu ch.「TRR」,https://www.youtube.com/channel/UCJMtmiajwsQXE4rpd2wuEyg
youtube,UCUYOr3CaHR0XIv0FfM22CyA,Niew Lock ,https://www.youtube.com/channel/UCUYOr3CaHR0XIv0FfM22CyA
facebook,thepopkorn163,thepopkorn163,https://www.facebook.com/thepopkorn163
tiktok,7550161233166337042,CallistoSoCool,https://www.tiktok.com/@callistosocoolofficial
tiktok,7351751371693769746,Aosora Popo⭐🫧,https://www.tiktok.com/@aosorapopo
youtube,UCHlFbiJk0VWcT2dPwTqXcxw, JaoKat \ ジャオカットくん,https://www.youtube.com/channel/UCHlFbiJk0VWcT2dPwTqXcxw
tiktok,7207813906373985285,Choya,https://www.tiktok.com/@choya_vtuber
x,nonokochika,chika🍀,https://x.com/nonokochika
x,HoshinoKuroi,HoshinoKuroi Ch.,https://x.com/HoshinoKuroi
youtube,UC0j83REEO0vmUB6UOJpC5EA,Riel Tabiji,https://www.youtube.com/channel/UC0j83REEO0vmUB6UOJpC5EA
youtube,UCBjUiJxMKaM2YTIo3r4KdHA,Fenix Jairon,https://www.youtube.com/channel/UCBjUiJxMKaM2YTIo3r4KdHA
x,Akilah_MJNV,Akilah Ch.,https://x.com/Akilah_MJNV
youtube,UCyHbGgiIiuzrZUX-VKVsmcw,MIINA Ch.,https://www.youtube.com/channel/UCyHbGgiIiuzrZUX-VKVsmcw
youtube,UCtI52RQ3VagjRMERxov_OxA,Nyamaru Yui,https://www.youtube.com/channel/UCtI52RQ3VagjRMERxov_OxA
x,erimadesu,Erima Channel,https://x.com/erimadesu
youtube,UCD67JYizIZGNc-1Dsn9eu3A,เซียน่า | Sienna 【RE:S】,https://www.youtube.com/channel/UCD67JYizIZGNc-1Dsn9eu3A
instagram,peacevt16,peacevt16,https://www.instagram.com/peacevt16
facebook,Enryu-Horus-126180130377071,Enryu-Horus-126180130377071,https://www.facebook.com/Enryu-Horus-126180130377071
x,mayanutoo,MAYANuT,https://x.com/mayanutoo
twitch,137494899,Cylowless,https://www.twitch.tv/cylowless
twitch,806475397,PandaSensi,https://www.twitch.tv/pandasensi
x,HakkaCHV,Hakka,https://x.com/HakkaCHV
youtube,UCn7S0uvqI3_5NYli07qxZCA,Alya Vestiny,https://www.youtube.com/channel/UCn7S0uvqI3_5NYli07qxZCA
youtube,UCI-P6wAQOviwsqMuVTVYKPQ,Benibanashi Gento | 紅話玄踪-VTuber,https://www.youtube.com/channel/UCI-P6wAQOviwsqMuVTVYKPQ
twitch,834334195,pugko___,https://www.twitch.tv/pugko___
facebook,dieingamez,dieingamez,https://www.facebook.com/dieingamez
twitch,441964374,JustRetsu_,https://www.twitch.tv/justretsu_
x,J1ngHaii,靖海 • J1ngHaii,https://x.com/J1ngHaii
youtube,UCx_2bHOqtU_pUtB62VDRF8Q,G_round,https://www.youtube.com/channel/UCx_2bHOqtU_pUtB62VDRF8Q
tiktok,7099255062907749381,Kaito Shark,https://www.tiktok.com/@kaitosharkvt
youtube,UCDYy9EVjkBym7bUYwTKzugA,ALU Channel,https://www.youtube.com/channel/UCDYy9EVjkBym7bUYwTKzugA
twitch,178751838,kichanwadoko,https://www.twitch.tv/kichanwadoko
youtube,UC7mdtnzH9kw4sBoZvmfcI9Q,SUWAPIS,https://www.youtube.com/channel/UC7mdtnzH9kw4sBoZvmfcI9Q
tiktok,7035664324609983515,Fujin ch.,https://www.tiktok.com/@fujin_fu
youtube,UCzHbS7cXhke4di7y2RV8wyw,Inori Aijou Ch.,https://www.youtube.com/channel/UCzHbS7cXhke4di7y2RV8wyw
youtube,UCDwGQS9PGoUV-yMRsQ5pBxw,Vi : Lieszen,https://www.youtube.com/channel/UCDwGQS9PGoUV-yMRsQ5pBxw
youtube,UCGjZDsjGu_BzQ_hPKTRBLLw,Aidin,https://www.youtube.com/channel/UCGjZDsjGu_BzQ_hPKTRBLLw
youtube,UCiFkwxPLkte3F9h7cgo3tOg,DubeDuck ,https://www.youtube.com/channel/UCiFkwxPLkte3F9h7cgo3tOg
youtube,UCmN7K6QnC46aah-_69EGksw,Lawrenze l Blessing,https://www.youtube.com/channel/UCmN7K6QnC46aah-_69EGksw
tiktok,7259716895087444997,Aina VTuber,https://www.tiktok.com/@aina.vtuber
facebook,100090885323691,100090885323691,https://www.facebook.com/profile.php?id=100090885323691
youtube,UCxn_EkDl0yi45LN2H00ddiQ,SEO A XAY,https://www.youtube.com/channel/UCxn_EkDl0yi45LN2H00ddiQ
facebook,Botan.Masaki,Botan.Masaki,https://www.facebook.com/Botan.Masaki
x,mamelfmiya,Miya the Melf Ch.,https://x.com/mamelfmiya
x,Shishiro_Taiga,Shishiro Taiga Ch. (志白タイガ),https://x.com/Shishiro_Taiga
tiktok,7314662578923422725,Chloe J. Park Ch.,https://www.tiktok.com/@chloejparkvtuber
x,Ungelngel,Plathong Ch.,https://x.com/Ungelngel
twitch,1338388933,AmaneRei_Vth,https://www.twitch.tv/amanerei_vth
youtube,UCaK_8j3AfLucrbABPzoqG8w,Hwaru,https://www.youtube.com/channel/UCaK_8j3AfLucrbABPzoqG8w
x,TeddybeL_Teddy,TEDDYBEL 【Official】,https://x.com/TeddybeL_Teddy
tiktok,7473355852444779526,deilliahgoodknightt,https://www.tiktok.com/@deilliahgoodknightt
tiktok,7316452068385391622,Fallyn『VTG』,https://www.tiktok.com/@fallynspace
youtube,UCh27XHdphGUo6meLoVblIoQ,Kevara ch. Euphora,https://www.youtube.com/channel/UCh27XHdphGUo6meLoVblIoQ
youtube,UCpBjGiBLFJ8x-7kHDtPY74g,SE1 Ch.,https://www.youtube.com/channel/UCpBjGiBLFJ8x-7kHDtPY74g
x,MycaraMelony,Mycara Melony Ch. Pixela-Mystic,https://x.com/MycaraMelony
twitch,786363160,kamisaki_kuro,https://www.twitch.tv/kamisaki_kuro
youtube,UCD5-go4VNzPs044VuPf2-uA,Saamazu Suwai,https://www.youtube.com/channel/UCD5-go4VNzPs044VuPf2-uA
facebook,100079395613900,100079395613900,https://www.facebook.com/profile.php?id=100079395613900
youtube,UCAPbXyM7sw0_6VMcrWeX7Ug,Meiiyume Ch.,https://www.youtube.com/channel/UCAPbXyM7sw0_6VMcrWeX7Ug
youtube,UCsI6assrGUpDX_TmSK4zehg,Layniazia Ch.,https://www.youtube.com/channel/UCsI6assrGUpDX_TmSK4zehg
twitch,181972668,Baruruchannel,https://www.twitch.tv/baruruchannel
x,SourSama_,Sour,https://x.com/SourSama_
youtube,UCaNo5k03dtYzsJ3TqL3JPUw,HirabikiVR,https://www.youtube.com/channel/UCaNo5k03dtYzsJ3TqL3JPUw
tiktok,7511458092371051527,matsurii_vtuber,https://www.tiktok.com/@matsurii_vtuber?_t=ZS-8xnSi2wIMr9&_r=1
twitch,632223726,mola_sunfish,https://www.twitch.tv/mola_sunfish
youtube,UC8lQ60XP8szvj0GHwxYUS2Q,Kyomu Ch.,https://www.youtube.com/channel/UC8lQ60XP8szvj0GHwxYUS2Q
facebook,AoiCrescent410,AoiCrescent410,https://www.facebook.com/AoiCrescent410
twitch,769214509,vtubermochi,https://www.twitch.tv/vtubermochi
x,Navylnwza007x,Navy Lucifer | V.W.Y,https://x.com/Navylnwza007x
youtube,UCEQ28ZgkC47h0jG8CWN_V2Q,TANTAN,https://www.youtube.com/channel/UCEQ28ZgkC47h0jG8CWN_V2Q
twitch,167787078,SaltymanTH,https://www.twitch.tv/saltymanth
youtube,UCLplEzbrp6AFeZIyVp9EnRA,แก้วกษิรา [KAEWKASIRA] 🐍🌸,https://www.youtube.com/channel/UCLplEzbrp6AFeZIyVp9EnRA
x,Folpuzx,Folpuzx Ch.,https://x.com/Folpuzx
x,NamwanVchan,NamwanVchan,https://x.com/NamwanVchan
youtube,UCMrMIuX-WYd9Tpr8E1-ryKQ,Neru - Gemini,https://www.youtube.com/channel/UCMrMIuX-WYd9Tpr8E1-ryKQ
x,YuinaHoshi_CH,Yuina Hoshi Ch.,https://x.com/YuinaHoshi_CH
tiktok,7198356512304825346,dolcheb7,https://www.tiktok.com/@dolcheb7
tiktok,6927090503477511170,HØRI 07,https://www.tiktok.com/@ho07ri
twitch,1535599604,paebouofficials,https://www.twitch.tv/paebouofficials
tiktok,7065520363815420930,Mitsuki Vtuber,https://www.tiktok.com/@mitsukirinna
x,BluChanGMOT,Blu-Chan GMOT ⌜VZ⌟,https://x.com/BluChanGMOT
x,Fukura_mei,Mei Vtuber,https://x.com/Fukura_mei
twitch,765149101,Julius_Kosmolatria,https://www.twitch.tv/julius_kosmolatria
youtube,UCI38FHfSdCBRlD90Np1mGSQ,Catta.,https://www.youtube.com/channel/UCI38FHfSdCBRlD90Np1mGSQ
youtube,UC-uDG_nIZg8zySZPAJ1Ex2Q,Lunette CH.,https://www.youtube.com/channel/UC-uDG_nIZg8zySZPAJ1Ex2Q
youtube,UCAvKK8pzAthBfVeXq_Bj4Ow,Maewmon ch.,https://www.youtube.com/channel/UCAvKK8pzAthBfVeXq_Bj4Ow
twitch,783888004,onomilvt,https://www.twitch.tv/onomilvt
tiktok,6989564648325792794,JumpMy Ch.,https://www.tiktok.com/@jumpmy3
youtube,UCdPOgLoE_grESHHrpHDNsEg,Idary tailor,https://www.youtube.com/channel/UCdPOgLoE_grESHHrpHDNsEg
youtube,UCpMuWBxMa6ttNgtylPTn3Hg,Nergal Near Ch.,https://www.youtube.com/channel/UCpMuWBxMa6ttNgtylPTn3Hg
twitch,466618547,erimadesu,https://www.twitch.tv/erimadesu
youtube,UCAOMy65Qod9DDOU40mWsXdA,Athrun Ch. ,https://www.youtube.com/channel/UCAOMy65Qod9DDOU40mWsXdA
twitch,211154466,TiDARE,https://www.twitch.tv/tidare
x,Halonhalorn,Halon Hashi Ch.,https://x.com/Halonhalorn
tiktok,7653821963726832641,trashythemeow,https://www.tiktok.com/@trashythemeow
tiktok,7072325685335442434,LuYao ch.,https://www.tiktok.com/@luyao_ch
youtube,UCk5hcuReSItZee785U4jMDA,Dear_759TH ◤VTP◢,https://www.youtube.com/channel/UCk5hcuReSItZee785U4jMDA
youtube,UCSR9HXXmM7Er6ebxyIoBgpw,Stamp LMTY ⌜VZ⌟,https://www.youtube.com/channel/UCSR9HXXmM7Er6ebxyIoBgpw
youtube,UC5NrMFPWAtcfNH8ibcBlWhQ,霧死 - Kirishi,https://www.youtube.com/channel/UC5NrMFPWAtcfNH8ibcBlWhQ
tiktok,7657912738338145300,nyamaruyui_v2,https://www.tiktok.com/@nyamaruyui_v2
instagram,jaokattt,jaokattt,https://www.instagram.com/jaokattt
x,NutsuruSam4,NutsuruSama ,https://x.com/NutsuruSam4
x,HexoVibeENT,HEXO Ch. / QURSE,https://x.com/HexoVibeENT
twitch,117277638,nearnergal,https://www.twitch.tv/nearnergal
tiktok,7595472633220285461,Asher Dawnbaker,https://www.tiktok.com/@asherdawnbaker
youtube,UCGGJmwrqz9q6BAVK0VWYE8g,KDemon,https://www.youtube.com/channel/UCGGJmwrqz9q6BAVK0VWYE8g
youtube,UC2iD3jxz5srvHoV7gXtBYvQ,Davina V.,https://www.youtube.com/channel/UC2iD3jxz5srvHoV7gXtBYvQ
tiktok,7445697082993869831,Mina-chan《LVP》,https://www.tiktok.com/@usejfedjo
twitch,628831161,coeurdepingouintv,https://www.twitch.tv/coeurdepingouintv
youtube,UChNALrBJanqhbKasT0tgajQ,Honoru Ch. โฮโนรุ,https://www.youtube.com/channel/UChNALrBJanqhbKasT0tgajQ
twitch,631442145,WhitePGZ,https://www.twitch.tv/whitepgz
x,helisunch,Heli Ch.【REC】,https://x.com/helisunch
x,sSolarly,sSolarly Ch.,https://x.com/sSolarly
x,FlorynneMuse,Lunessa Florynne Ch. Lumina-Muse,https://x.com/FlorynneMuse
tiktok,7576202858749297685,Arcanon Tarotar,https://www.tiktok.com/@arcanonmutelu
twitch,21238892,skepvtuber,https://www.twitch.tv/skepvtuber
youtube,UCNGyEYW2pFjhR_YqSuC4zjg,SAYU Ch. 小百合さゆ  ,https://www.youtube.com/channel/UCNGyEYW2pFjhR_YqSuC4zjg
youtube,UC4JQ9apR_7oHuqn05Zzy1KA,Tako_TK Ch.,https://www.youtube.com/channel/UC4JQ9apR_7oHuqn05Zzy1KA
x,MiraPilula,Mira Pilula,https://x.com/MiraPilula
youtube,UCG04BGkyQFQPV3jl5ANHPZA,Kyo Koi ,https://www.youtube.com/channel/UCG04BGkyQFQPV3jl5ANHPZA
instagram,miraesolstice,miraesolstice,https://www.instagram.com/miraesolstice
x,Karin_Tsutsuji,Karin Ch. 躑躅かりん,https://x.com/Karin_Tsutsuji
tiktok,6663033458740477957,I'm a Mee,https://tiktok.com/@imamee0
twitch,265207283,janegercat,https://www.twitch.tv/janegercat
twitch,828240873,ZinfandelZTP,https://www.twitch.tv/zinfandelztp
x,SmokeswordTP,Smokesword Channel,https://x.com/SmokeswordTP
x,RLanz_tn,RLanz Ch.,https://x.com/RLanz_tn
tiktok,6773604999152944129,Aisha Channel,https://www.tiktok.com/@aishachannelofficial
tiktok,7446493514618029062,霧死 - Kirishi,https://www.tiktok.com/@kirishi_021
tiktok,7578159118964343828,LIMESALTZ Ch.,https://www.tiktok.com/@limesaltzch
x,fuyu_kaida,Fuyu Kaida,https://x.com/fuyu_kaida
youtube,UCsPn9TRLJIGDWPnfa32EX7Q,Este Ch.,https://www.youtube.com/channel/UCsPn9TRLJIGDWPnfa32EX7Q
x,SalviaVtuber,Salvia Ch.,https://x.com/SalviaVtuber
twitch,56345992,DarkPhoenix13Fr,https://www.twitch.tv/darkphoenix13fr
youtube,UCv8Jc5Icn5MIoBC1g-dXH8Q,'- MINTKUNG XD -,https://www.youtube.com/channel/UCv8Jc5Icn5MIoBC1g-dXH8Q
tiktok,6874573697790346241,MeropeVCh.,https://www.tiktok.com/@meropevtube
tiktok,7471534828950127623,Rui Kazu《 EXia 》,https://www.tiktok.com/@rui_kazu.exia
x,Eiki_Shiro,EikiShiro ch.,https://x.com/Eiki_Shiro
x,AtlanteiaSireen,Atlanteia Sireen Ch. Lumina-First-Myth,https://x.com/AtlanteiaSireen
twitch,784341183,Zesta_Leviathan,https://www.twitch.tv/zesta_leviathan
youtube,UCHUHJ0riRQWzPWdAchy6D4w,Besicka「ALF」,https://www.youtube.com/channel/UCHUHJ0riRQWzPWdAchy6D4w
youtube,UCqDHOqlcApniKvQAPW2LlMQ,Herah Castor | AcastledProject,https://www.youtube.com/channel/UCqDHOqlcApniKvQAPW2LlMQ
x,cs_valkyrie,Valkyrie Ch.,https://x.com/cs_valkyrie
x,YuutaNatsuki,Yuuta Natsuki,https://x.com/YuutaNatsuki
x,MikiVTB,MikiVtuber,https://x.com/MikiVTB
tiktok,7169241471400346630,My Zalem <3,https://www.tiktok.com/@zalem_vtuber
facebook,bigart.tw,bigart.tw,https://www.facebook.com/bigart.tw
x,LittleLonita,Little Lonita ⌜VZ⌟,https://x.com/LittleLonita
tiktok,7336595804469429249,Mikamu,https://www.tiktok.com/@mikamu27
youtube,UCcM1cUyEXYmm13DgfwXS-oQ,Mysti Ch.,https://www.youtube.com/channel/UCcM1cUyEXYmm13DgfwXS-oQ
tiktok,7106325508666065926,inoriaijou,https://www.tiktok.com/@inoriaijou
tiktok,7046305373728998401,Nana NTOWN,https://www.tiktok.com/@nanantown
youtube,UCDCOWpzyBFsavT-K7AmN3MQ,Azato Stacia Ch.,https://www.youtube.com/channel/UCDCOWpzyBFsavT-K7AmN3MQ
youtube,UCpNAFq_PANbmcdfhzfuiekA,Sata Channel,https://www.youtube.com/channel/UCpNAFq_PANbmcdfhzfuiekA
x,verdelite110,Verdelite PowerPay,https://x.com/verdelite110
youtube,UCXBd37-oAdMimpTzXN9WtVQ,Gutz ch.,https://www.youtube.com/channel/UCXBd37-oAdMimpTzXN9WtVQ
x,ra1ny_vz,RA1NY ⌜VZ⌟,https://x.com/ra1ny_vz
facebook,RainRemVRC,RainRemVRC,https://www.facebook.com/RainRemVRC
youtube,UCbfqosxk1LXHk3pW1p3G0GA,Issa,https://www.youtube.com/channel/UCbfqosxk1LXHk3pW1p3G0GA
youtube,UCYhbR4N_I_P5zMpK1rAR8Cw,Moracel VT,https://www.youtube.com/channel/UCYhbR4N_I_P5zMpK1rAR8Cw
tiktok,6820471186561287169,Darin V,https://www.tiktok.com/@darinvmonster
x,PixelaProject,Pixela Official,https://x.com/PixelaProject
tiktok,6995840787133793282,1KFuu ch.,https://www.tiktok.com/@fuuarashi_vtuber
x,KillaArtemis,Killa ch.,https://x.com/KillaArtemis
youtube,UCdYlA3Qi1TnZwThS9Rb7dog,JayloNy,https://www.youtube.com/channel/UCdYlA3Qi1TnZwThS9Rb7dog
youtube,UCyTfmwqdhzlv9YD6-vmz2tQ,Biru [ビール],https://www.youtube.com/channel/UCyTfmwqdhzlv9YD6-vmz2tQ
tiktok,7043323519640323074,Aster Kalimeris,https://www.tiktok.com/@aster.kalimeris
twitch,280777818,ayazakiruririn,https://www.twitch.tv/ayazakiruririn
instagram,nagirin_res,nagirin_res,https://www.instagram.com/nagirin_res
youtube,UCzyUybcviqNk9YXKuMhCXqQ,Green TH นายเขียว,https://www.youtube.com/channel/UCzyUybcviqNk9YXKuMhCXqQ
tiktok,7167354731018585089,kuriimuvtuber,https://www.tiktok.com/@kuriimuvtuber
youtube,UCF81ZEcn0aKct7TJPZVINAw,BoonLan『VTG』,https://www.youtube.com/channel/UCF81ZEcn0aKct7TJPZVINAw
tiktok,7396664385580237825,ลี่อิน Lìyīn (丽音)〖4AM〗,https://www.tiktok.com/@lilin_lilin0_0
youtube,UCmAObfjMAwE-nqr9D0ISAFw,Fufu15 Ch. 〖ST〗,https://www.youtube.com/channel/UCmAObfjMAwE-nqr9D0ISAFw
x,VitaMindCare,VitaOvO💊,https://x.com/VitaMindCare
tiktok,7118227885638403098,วายุ สวรรค์🌪️ลมร้อน| VTuberTH,https://www.tiktok.com/@wayusawan
youtube,UCmrnmSL4OHsw_i0a5d2RUpg,Atsuko Meron【SRV】,https://www.youtube.com/channel/UCmrnmSL4OHsw_i0a5d2RUpg
x,MiguelNoxz,Miguel Noxz,https://x.com/MiguelNoxz
x,JumpMy3,JumpMy Ch.【XIRCONIA】,https://x.com/JumpMy3
tiktok,7071442827771610138,Dalinju モーラ,https://www.tiktok.com/@dalinju
youtube,UCw_7F4A38u-T_craqX6_OpQ,LINCKIA Ch.,https://www.youtube.com/channel/UCw_7F4A38u-T_craqX6_OpQ
twitch,902227836,ikutosama_,https://www.twitch.tv/ikutosama_
twitch,629919192,dellons_ch,https://www.twitch.tv/dellons_ch
tiktok,7085075125062894619,MalHam,https://www.tiktok.com/@mallow_hamm
tiktok,6842521579239408642,Isamushinobi,https://www.tiktok.com/@isamushinobi
x,Sarnna_BH_BR,Sarnna Black Herbilrah |【SH】,https://x.com/Sarnna_BH_BR
x,KoteiLeon,Leon Ch.,https://x.com/KoteiLeon
tiktok,6989885086120690690,torakaze_13,https://www.tiktok.com/@torakaze_13
youtube,UCJFoHpvvS4MLNsq0VeiEAyg,Yunes Ch ,https://www.youtube.com/channel/UCJFoHpvvS4MLNsq0VeiEAyg
x,JellMellO_J,JellMellO,https://x.com/JellMellO_J
tiktok,7218211470444889114,เรนนิมิน「レインニミン」|ไลฟ์บ้านแดง,https://www.tiktok.com/@rainnimin
x,ArunaShuun,Aruna Shuun Ch. Pixela Destiny,https://x.com/ArunaShuun
x,amamiyanora,Nora,https://x.com/amamiyanora
x,IberaKana,Kana Ibera Ch.,https://x.com/IberaKana
youtube,UCVgbTA9qzHDr3nPsN3-Nsuw,NoranekoGotty,https://www.youtube.com/channel/UCVgbTA9qzHDr3nPsN3-Nsuw
tiktok,7100200126786077723,ท่านควีน | Queenetta,https://www.tiktok.com/@queenetta.idg.n
twitch,119676723,watahaya6k,https://www.twitch.tv/watahaya6k
x,grazia_vtuber,Grazia Ch.,https://x.com/grazia_vtuber
youtube,UCgXcfaWl68A1gHWm4AiJXAQ,Yoshie Ch. Yoshie Teriri,https://www.youtube.com/channel/UCgXcfaWl68A1gHWm4AiJXAQ
tiktok,7126098632487224325,นานิโน | วาเนล (VxN),https://www.tiktok.com/@naninochannel
tiktok,6965425581802636290,ศาลเจ้ามังกรเนื้อทอง,https://www.tiktok.com/@lnw_neuatong
youtube,UCxhTc8KCXqpWtvpBqx_Yi8g,Seijo Ch.,https://www.youtube.com/channel/UCxhTc8KCXqpWtvpBqx_Yi8g
youtube,UCmrINu03JIZLU04794Ril2w,C1EL ,https://www.youtube.com/channel/UCmrINu03JIZLU04794Ril2w
x,shiorichanvt,shiorichan,https://x.com/shiorichanvt
x,Choya_Vtuber,Choya Ch.,https://x.com/Choya_Vtuber
x,Nv_Zoel,Zoel Ch.,https://x.com/Nv_Zoel
tiktok,7593671662852310024,ฟิอาเองก็อยากให้เทคโนโลยีรัก,https://www.tiktok.com/@endoriafia_alf
youtube,UCmvFibZ6umhTdyUpLya_vLg,Nyeeeon,https://www.youtube.com/channel/UCmvFibZ6umhTdyUpLya_vLg
x,krKeiji,Keiji,https://x.com/krKeiji
youtube,UCJMSZ92fkCAzyWmkdpvCuQA,SZeroCh,https://www.youtube.com/channel/UCJMSZ92fkCAzyWmkdpvCuQA
youtube,UCyVnAtNZMl0S4x6F3msaElg,Makarov ch. 🐺,https://www.youtube.com/channel/UCyVnAtNZMl0S4x6F3msaElg
youtube,UCZSudswFZkaARozAZPFoC2Q,Azazel  Ch.,https://www.youtube.com/channel/UCZSudswFZkaARozAZPFoC2Q
x,OdeletheSwan,Odele Ch.,https://x.com/OdeletheSwan
facebook,chiziz.fa,chiziz.fa,https://www.facebook.com/chiziz.fa
tiktok,7352169271856579602,Mor9an🐕🥗 『VFree』,https://www.tiktok.com/@mor9an_m
youtube,UCmnSx_jWSZKAlYUtutvY3dQ,Muendria_SLR,https://www.youtube.com/channel/UCmnSx_jWSZKAlYUtutvY3dQ
twitch,171858594,karnetia,https://www.twitch.tv/karnetia
x,Wolf_woofna,Woofna ch. ,https://x.com/Wolf_woofna
tiktok,7261642541401113605,SoDaChan | Vtuber😺🌰,https://www.tiktok.com/@s0dachan_
tiktok,7238492794465141766,Ardalita Lilibelle,https://www.tiktok.com/@ardalita_lilibelle
tiktok,7094529231162410010,Listen ARP,https://www.tiktok.com/@listen_arp
twitch,763553923,MeiLiLyn,https://www.twitch.tv/meililyn
youtube,UCjeOlTHXWFsFfQ6o6Y_Dlsw,MaewLham,https://www.youtube.com/channel/UCjeOlTHXWFsFfQ6o6Y_Dlsw
twitch,159067468,Zerias,https://www.twitch.tv/zerias
youtube,UCrpZITOa4ElrYQ7bjSXn75w,Kealan Hmm [ECR],https://www.youtube.com/channel/UCrpZITOa4ElrYQ7bjSXn75w
youtube,UCtiDekGvmiFPVU6hfUDprcw,TIWa_SAMA Ch.,https://www.youtube.com/channel/UCtiDekGvmiFPVU6hfUDprcw
youtube,UCSdtAY_t7uWTGhzka8QEO4Q,Arisu Jin Ch.【PSM】,https://www.youtube.com/channel/UCSdtAY_t7uWTGhzka8QEO4Q
youtube,UC3lFI2WTG-d0KrTRwAbjAlw,Aiden Leonheart【SRV】,https://www.youtube.com/channel/UC3lFI2WTG-d0KrTRwAbjAlw
x,kaen_astalia,カエン KAEN Ch.,https://x.com/kaen_astalia
tiktok,7338669684667679746,fumoondayo,https://www.tiktok.com/@fumoondayo
twitch,1174846154,dacapoootapioka,https://www.twitch.tv/dacapoootapioka
tiktok,7561466007206757383,Piura,https://www.tiktok.com/@piura_pinoumi
tiktok,7383707759843558408,มิโนะชอบกินทาร์ตไข่,https://www.tiktok.com/@minolet_acas
twitch,864797200,SivlaACAS,https://www.twitch.tv/sivlaacas
tiktok,7566547575021831185,Eranthia_,https://www.tiktok.com/@eranthia
youtube,UCKE7TdJhSFGM6eBxAOZrw8g,Urana Ch.,https://www.youtube.com/channel/UCKE7TdJhSFGM6eBxAOZrw8g
youtube,UCO87oFEFK06LeevWL4WYEEA,Peeing Ch.,https://www.youtube.com/channel/UCO87oFEFK06LeevWL4WYEEA
x,KagiKikii,Kikii_TanSama CH.,https://x.com/KagiKikii
tiktok,6821308325017043969,Jisooman🍕⚡️🎮,https://www.tiktok.com/@jisooman18
x,Asatsuyu_CH,Asatsuyu Ch.,https://x.com/Asatsuyu_CH
x,Hunter_Vtory,Y' ม๋า Hunter,https://x.com/Hunter_Vtory
youtube,UCrYkQnbL_OiYyGuiZyvcO7g,Hey Solly,https://www.youtube.com/channel/UCrYkQnbL_OiYyGuiZyvcO7g
twitch,805266421,FafyFalentine,https://www.twitch.tv/fafyfalentine
x,Fondawl_RES,ฟ้อนดาวมาเล่า | Fondawl【RE:S】,https://x.com/Fondawl_RES
twitch,1278010640,shirasagi_ch,https://twitch.tv/shirasagi_ch/home
twitch,923109860,HarumoonCH,https://www.twitch.tv/harumoonch
x,Eimiichan__,Koemi Eimii Ch.,https://x.com/Eimiichan__
youtube,UCSviD27_MRT7oAdJUi0StPQ,Yoino Buten Ch.,https://www.youtube.com/channel/UCSviD27_MRT7oAdJUi0StPQ
tiktok,7496732151892263953,Freya Ch.,https://www.tiktok.com/@freya._.vtuber
x,AkakuraiY,Akakurai [明暗い],https://x.com/AkakuraiY
twitch,856524996,lucilla_vtuber,https://www.twitch.tv/lucilla_vtuber
twitch,203080685,Chibiia,https://www.twitch.tv/chibiia
tiktok,6999307225496192027,Bua | ดอกบัว 🪷,https://www.tiktok.com/@bua.bsb
youtube,UCeC8cJfqtHYl7w-0AoLApHQ,Kathic Ch.13 [Vtuber],https://www.youtube.com/channel/UCeC8cJfqtHYl7w-0AoLApHQ
x,Tiern_Vtory,TiernSay,https://x.com/Tiern_Vtory
x,ShinAikaze,Aikaze,https://x.com/ShinAikaze
tiktok,6695163318216410114,sSolarly,https://www.tiktok.com/@ssolarly
x,Inumaru_Atsuki,Atsuki丨アツキ,https://x.com/Inumaru_Atsuki
youtube,UCV04Z1PL6HevUdDeHDHwkDw,MeiLi,https://www.youtube.com/channel/UCV04Z1PL6HevUdDeHDHwkDw
tiktok,7041395903110104066,Dayeon,https://www.tiktok.com/@dayeon_house
tiktok,7135330021832541211,akemi_arlin,https://www.tiktok.com/@akemi_arlin
facebook,Kirine.Vtuber,Kirine.Vtuber,https://www.facebook.com/Kirine.Vtuber
youtube,UCafG1bj6Qtcbn4bozcicWfA,ZONA Ch.,https://www.youtube.com/channel/UCafG1bj6Qtcbn4bozcicWfA
twitch,95838891,tpastry,https://www.twitch.tv/tpastry
youtube,UCjD3GQq05AJ2Hwh0wDkiV4w,CIEL Chouette ch. Euphora,https://www.youtube.com/channel/UCjD3GQq05AJ2Hwh0wDkiV4w
youtube,UCCa03c0JD-H5AoJ_a6PuQrA,Onnari Ch.,https://www.youtube.com/channel/UCCa03c0JD-H5AoJ_a6PuQrA
youtube,UCS7XTVaCOg-rBOEM6Lyw5Jg,Myrrha Enchanté Ch. [Autumnia],https://www.youtube.com/channel/UCS7XTVaCOg-rBOEM6Lyw5Jg
twitch,151965533,ReinoMurasako,https://www.twitch.tv/reinomurasako
x,RealiableCh,Realiable Ch.,https://x.com/RealiableCh
x,FelixiaVtuber,Felixia-zorei-aixela Ch.,https://x.com/FelixiaVtuber
tiktok,6867864506552239106,Toru-Kumaトルくま,https://www.tiktok.com/@torutorukuma
tiktok,7031915323780039707,Miki Wello,https://www.tiktok.com/@wellomiki
youtube,UCZHQ9zIKFuUEtoFd2c6yjwA,PJ_OWL OWL【VJN】,https://www.youtube.com/channel/UCZHQ9zIKFuUEtoFd2c6yjwA
x,MOHOMIz,MOHOMI,https://x.com/MOHOMIz
x,Leviaz_Ch,Leviaz Ch.,https://x.com/Leviaz_Ch
instagram,melanoxlunix_alf,melanoxlunix_alf,https://www.instagram.com/melanoxlunix_alf
x,Killian_Mare,Killian Mare,https://x.com/Killian_Mare
tiktok,7094528817595843586,Hoshisaki Lyn Ch.🔮✨,https://www.tiktok.com/@hoshisakilyn
twitch,673174356,Faethon_Jantra,https://www.twitch.tv/faethon_jantra
twitch,852550021,kagema404_,https://www.twitch.tv/kagema404_
tiktok,7535157670258983954,Cherlynx ˚₊୨🎀୧,https://www.tiktok.com/@cherlynx.x
x,Lune_Sol_V,Lune&Sol Ch.,https://x.com/Lune_Sol_V
twitch,790727638,sayathememorycollector,https://www.twitch.tv/sayathememorycollector
youtube,UC8pTkUvJe50zHIbl8LkZphQ,SeraPhyne Ch【ECR】,https://www.youtube.com/channel/UC8pTkUvJe50zHIbl8LkZphQ
x,MyrrhaEnchante,Myrrha Enchanté Ch. [Autumnia],https://x.com/MyrrhaEnchante
instagram,kisa_ikzk,kisa_ikzk,https://www.instagram.com/kisa_ikzk
twitch,84001841,kanzaki_aito,https://www.twitch.tv/kanzaki_aito
youtube,UCEI_LsIHnvFh0dN8KmVy7hg,Winter Apatite Ch.,https://www.youtube.com/channel/UCEI_LsIHnvFh0dN8KmVy7hg
tiktok,7104243641447072773,æ𝕃a✦VTUBER,https://www.tiktok.com/@ec19aela_
youtube,UCqxS4qNzJUWdPgR2UdLpemA,Akito Q Flame『VW』,https://www.youtube.com/channel/UCqxS4qNzJUWdPgR2UdLpemA
twitch,796094737,yunyunchama,https://www.twitch.tv/yunyunchama
twitch,89424841,wisetheawl,https://www.twitch.tv/wisetheawl
x,Zion_ATX,Zion《ATX》,https://x.com/Zion_ATX
facebook,kaohom.eangwoi,kaohom.eangwoi,https://www.facebook.com/kaohom.eangwoi
tiktok,7434143500821709842,Janus ch.「TRR」,https://www.tiktok.com/@janus.ch.trr
x,LeonaVtuber,Leona Channel『VW』,https://x.com/LeonaVtuber
tiktok,7100380831788712987,Cerafine Mikael,https://www.tiktok.com/@cerafine_mikael
facebook,readAwriteMeb,readAwriteMeb,https://www.facebook.com/readAwriteMeb
twitch,795760155,rainnimin,https://www.twitch.tv/rainnimin
x,cordelia_mairi,Cordelia Mairi Ch.,https://x.com/cordelia_mairi
youtube,UC3QIcnp1II_iCt-_JG8btKQ,Era Ch.【ARP】,https://www.youtube.com/channel/UC3QIcnp1II_iCt-_JG8btKQ
x,ChaAYMeiei,ChaAYM,https://x.com/ChaAYMeiei
x,summ3r_vz,SUMM3R ⌜VZ⌟,https://x.com/summ3r_vz
youtube,UCqu5twYqzKGrRyIrcvg4YXA,Rainnie Rgrada Ch.,https://www.youtube.com/channel/UCqu5twYqzKGrRyIrcvg4YXA
x,mamunzaa,MamunzaaTV,https://x.com/mamunzaa
x,Ponpundayo,Ponpun.,https://x.com/Ponpundayo
youtube,UCXyk13M_Y892ar9xTPNF75w,Helen Candleby ,https://www.youtube.com/channel/UCXyk13M_Y892ar9xTPNF75w
x,Josephine_Cres,JosephineCres,https://x.com/Josephine_Cres
x,Milyni_Tivona,Milyni Tivona【BLP】,https://x.com/Milyni_Tivona
x,ElseniaVolentia,Elsenia Volentia,https://x.com/ElseniaVolentia
x,GoMutaCh,GoMu no Ch.,https://x.com/GoMutaCh
instagram,beariss_beam,beariss_beam,https://www.instagram.com/beariss_beam
youtube,UCkEcY4RbLYs2AF45nhkyjtw,Jolly Estaa Ch. Pixela-Isekai,https://www.youtube.com/channel/UCkEcY4RbLYs2AF45nhkyjtw
youtube,UCCEHpnzn37K8kQv2QtybE2w,Ray Ametier Yuan Ch.,https://www.youtube.com/channel/UCCEHpnzn37K8kQv2QtybE2w
x,jaowayde,Jaowayde,https://x.com/jaowayde
tiktok,6809847467069867013,Hoshino Kuroi(星野クロイ)🌌🦊🖤,https://www.tiktok.com/@hoshino440
tiktok,7340091464016675842,ดอยล์,https://www.tiktok.com/@ihatedoyle
youtube,UCRjdIz5ngcJVDZ-bjs2mEzg,shiorichan,https://www.youtube.com/channel/UCRjdIz5ngcJVDZ-bjs2mEzg
x,AsamiKafune,Kafune CH.,https://x.com/AsamiKafune
youtube,UCNTEr2_96vJnXNazr5MwNLA,Schneider Ch.【ARP】,https://www.youtube.com/channel/UCNTEr2_96vJnXNazr5MwNLA
tiktok,6991760307309298715,Zentiera,https://www.tiktok.com/@zenti_e_ra
facebook,61573893616697,61573893616697,https://www.facebook.com/profile.php?id=61573893616697
youtube,UCHeMMokpj5MpPVZwS121gZw,ヤマキ君,https://www.youtube.com/channel/UCHeMMokpj5MpPVZwS121gZw
x,Ricotta_ARP,Ricotta Ch.【ARP】,https://x.com/Ricotta_ARP
twitch,137424896,nongtamwifu,https://www.twitch.tv/nongtamwifu
youtube,UCI0fG0fCTx3iyzC6wv_hI3g,Hibana Nekomata,https://www.youtube.com/channel/UCI0fG0fCTx3iyzC6wv_hI3g
youtube,UCHudKjxLpwqHoqV-57uTRFw,FuwaFuwaSeal,https://www.youtube.com/channel/UCHudKjxLpwqHoqV-57uTRFw
tiktok,7308709803613733889,Karu ARP,https://www.tiktok.com/@karuarp
twitch,650913192,TamtoCH,https://www.twitch.tv/tamtoch
tiktok,7080052510589142042,Heli ch【REC】,https://www.tiktok.com/@heli_anthus09
x,Meiday_Mayday,MeidayV.,https://x.com/Meiday_Mayday
twitch,880881020,Eimiichan_,https://www.twitch.tv/eimiichan_
x,CallistoSoCool,CallistoSoCool Ch.,https://x.com/CallistoSoCool
facebook,Julius.Kosmolatria,Julius.Kosmolatria,https://www.facebook.com/Julius.Kosmolatria
tiktok,6677773362826363906,Okami/bwt,https://www.tiktok.com/@okami.bwt
x,RINRINZ_GSM,RIN_RINZ Ch.,https://x.com/RINRINZ_GSM
tiktok,7212217915205354523,KumoKuma,https://www.tiktok.com/@kumo_kuma
tiktok,7437348063487034376,rinrexger,https://www.tiktok.com/@rinrexger?_t=8rpa9f8vvsr&_r=1
tiktok,7222996118032253958,mystiexe,https://www.tiktok.com/@mystiexe
tiktok,7205932547606397978,Makuma,https://www.tiktok.com/@makumavtuber
facebook,61578376569494,61578376569494,https://www.facebook.com/profile.php?id=61578376569494
twitch,171677638,vthAriel,https://www.twitch.tv/vthariel
twitch,113025792,NoPHatner,https://www.twitch.tv/nophatner
twitch,746240803,Quga_a,https://www.twitch.tv/quga_a
twitch,807862575,khionevtuber,https://www.twitch.tv/khionevtuber
x,LVMP_Channel,LVMP,https://x.com/LVMP_Channel
twitch,175591682,XeresArtrophel,https://www.twitch.tv/xeresartrophel
youtube,UCa2Cm1mnIXZqcUkGBvOEAKw,Timetuba,https://www.youtube.com/channel/UCa2Cm1mnIXZqcUkGBvOEAKw
facebook,LolipopzaXkoikatsu,LolipopzaXkoikatsu,https://www.facebook.com/LolipopzaXkoikatsu
twitch,1250907436,LucidReverdream,https://www.twitch.tv/lucidreverdream
x,Solar_ARProject,Solar Ch.【ARP】,https://x.com/Solar_ARProject
youtube,UCOH1TjDVrc5Mds_Xv3J8RFg,Akari Kanon,https://www.youtube.com/channel/UCOH1TjDVrc5Mds_Xv3J8RFg
x,AranisElvene,Aranis Elvene Ch. Pixela-Isekai,https://x.com/AranisElvene
twitch,442539134,GottlstTot,https://www.twitch.tv/gottlsttot
twitch,1483911273,jaxvtuber,https://www.twitch.tv/jaxvtuber
youtube,UCFcV8AGufMRT7is-GX1Y9gQ,Puinoon プイヌン,https://www.youtube.com/channel/UCFcV8AGufMRT7is-GX1Y9gQ
twitch,850526980,SoLRuN_ZLX,https://www.twitch.tv/solrun_zlx
youtube,UCzYPCWp1tiIXgQ_aj39Oddw,Akira Zaki Ch.,https://www.youtube.com/channel/UCzYPCWp1tiIXgQ_aj39Oddw
youtube,UCeoR2ozI_rHNtMZyWyYWI6Q,Koru Ch.,https://www.youtube.com/channel/UCeoR2ozI_rHNtMZyWyYWI6Q
facebook,Aongreyfox,Aongreyfox,https://www.facebook.com/Aongreyfox
youtube,UCUhJEHIfPOZorfvJmvgievA,Drewiskiy,https://www.youtube.com/channel/UCUhJEHIfPOZorfvJmvgievA
twitch,1147023667,walkytalkystreamers,https://www.twitch.tv/walkytalkystreamers
youtube,UCjrs5Sse402rafaOP-k37Xw,Sisira Hydrangea Ch. Pixela S,https://www.youtube.com/channel/UCjrs5Sse402rafaOP-k37Xw
youtube,UC_nmh9XycGlquouvai2UC6g,Newzkung Raccoonza,https://www.youtube.com/channel/UC_nmh9XycGlquouvai2UC6g
youtube,UCa6vtZqjqy-qr4dOZty6xtQ,The Black Wolf (PoLin),https://www.youtube.com/channel/UCa6vtZqjqy-qr4dOZty6xtQ
tiktok,7174396302188381189,กสิณะ,https://www.tiktok.com/@kashina_official
x,Reilimiella,Reilim Channel,https://x.com/Reilimiella
twitch,136600698,derica_dayo,https://www.twitch.tv/derica_dayo
x,battosenpai,•Battosenpai•,https://x.com/battosenpai
x,Asmo69_BLB,Sia Asmodeusia ch. ◈BLB◈,https://x.com/Asmo69_BLB
tiktok,7242672441725436933,onishinkim03,https://www.tiktok.com/@onishinkim03
tiktok,7175073073945953285,Mosotaa,https://www.tiktok.com/@mosotaa_vtuber
x,lanlongying,Lanlongying Ch.,https://x.com/lanlongying
tiktok,7195557751103030277,mamushi_ene,https://www.tiktok.com/@mamushi_ene
youtube,UCepQ5leDU2_KgTVOsD4so7A,ManaPTマナーVtuber,https://www.youtube.com/channel/UCepQ5leDU2_KgTVOsD4so7A
x,NonGFieldKB,NonGField,https://x.com/NonGFieldKB
tiktok,7349819360074613766,Stormbullet,https://www.tiktok.com/@stormbullet13
x,Maprang_Vtuber,Maprang 【Vtuber】,https://x.com/Maprang_Vtuber
tiktok,7293489889252066322,mumumoomoo,https://www.tiktok.com/@mumumoomoov
twitch,798075812,irish_creamcafe,https://www.twitch.tv/irish_creamcafe
twitch,264978929,blinkdraws_,https://www.twitch.tv/blinkdraws_
youtube,UCUlyl-zRpqE1Dm0GYoKFEJw,เจ้าหญิงวารินทร์,https://www.youtube.com/channel/UCUlyl-zRpqE1Dm0GYoKFEJw
youtube,UCadBHNCSacgE3vePH8UtbMA,Chalong Ch.,https://www.youtube.com/channel/UCadBHNCSacgE3vePH8UtbMA
youtube,UCyJplWD3_LWpNMOOkiVVurg,DEV Ch.【ARP】,https://www.youtube.com/channel/UCyJplWD3_LWpNMOOkiVVurg
x,Poko_Vtuber,โป๊ะโกะ / PoKo ปลวกทูปเบ๋อ,https://x.com/Poko_Vtuber
x,BiruWolf,Biru [ビール],https://x.com/BiruWolf
tiktok,6943249167343485954,Ponpun,https://www.tiktok.com/@ponpundayo
tiktok,7525475605967029264,Rewarin,https://www.tiktok.com/@rewarinrei
tiktok,7200977859660399642,Puipui Memory,https://www.tiktok.com/@puipuimemory
facebook,61590953248388,61590953248388,https://www.facebook.com/profile.php?id=61590953248388
tiktok,7483202082922759176,Bellina,https://www.tiktok.com/@i3ellinaz
youtube,UCGc2qf0Pkl7RyvqTyyP_o9w,MiYuu43 ch. みゆ,https://www.youtube.com/channel/UCGc2qf0Pkl7RyvqTyyP_o9w
twitch,167896030,LevyVPM,https://www.twitch.tv/levyvpm
tiktok,7077501952799818753,Tsuruko Channel,https://www.tiktok.com/@tsurukoth
x,LTX022,Lunatrix Ch.,https://x.com/LTX022
x,Klinthong_res,กลิ่นทอง | Klinthong 【RE:S】,https://x.com/Klinthong_res
tiktok,7149121976014849029,มาเบลชอบชงเกไปวันๆ,https://www.tiktok.com/@mabelledesuwa
twitch,1090684062,sadkawaai,https://www.twitch.tv/sadkawaai
x,mewrcclub382,MEWRCCLUB Ch.,https://x.com/mewrcclub382
twitch,190313115,Catta.,https://twitch.tv/f4rc14
x,blinkdraws,Blinkdraws ,https://x.com/blinkdraws
x,NocturnazNaar,Nocturnaz Naar Ch. Pixela-Mystic,https://x.com/NocturnazNaar
tiktok,7102363899000964102,apririru,https://www.tiktok.com/@apririru
tiktok,7346937745329259528,Shirin Ch.,https://www.tiktok.com/@shirinv_th
x,Quentin_ARP,Quentin Ch.【ARP】,https://x.com/Quentin_ARP
twitch,37880766,NerumiACE,https://www.twitch.tv/nerumiace
youtube,UCihXBP7iwDIIkzbTbUR4jXg,Krynaydin 「ZTP」,https://www.youtube.com/channel/UCihXBP7iwDIIkzbTbUR4jXg
tiktok,6993524917061600258,Sen Koretane,https://www.tiktok.com/@senkoretane
tiktok,7296747380521829382,HANAMINX,https://www.tiktok.com/@hanaminxx
youtube,UCTuKqG6tWqVKKWMGO1Uhdsg,ZAAB Ch. / QURSE,https://www.youtube.com/channel/UCTuKqG6tWqVKKWMGO1Uhdsg
facebook,100087924480691,100087924480691,https://www.facebook.com/profile.php?id=100087924480691
twitch,767441207,フレデリックぶい,https://www.twitch.tv/furevdevil
x,Benny7418,Benny Ch.,https://x.com/Benny7418
youtube,UCI7HyoyonuN4gh_Mgu6Kzbg,Hydejung 【21PM】,https://www.youtube.com/channel/UCI7HyoyonuN4gh_Mgu6Kzbg
youtube,UCmLd6QDRBcD9TfFrThJucng,Haine『Paralist』,https://www.youtube.com/channel/UCmLd6QDRBcD9TfFrThJucng
youtube,UCDcMQuBXmp3NByn3wD5lZog,Yw Vynter,https://www.youtube.com/channel/UCDcMQuBXmp3NByn3wD5lZog
youtube,UCOuVBxzBW503oxpubfVEF3Q,Just ONELL,https://www.youtube.com/channel/UCOuVBxzBW503oxpubfVEF3Q
x,Seren_Yukihoshi,Seren Channel,https://x.com/Seren_Yukihoshi
tiktok,7258941886584652806,Lyvea•Eve,https://www.tiktok.com/@lyveaeve
tiktok,6900350356480476161,JayVounter,https://www.tiktok.com/@jayvounter
twitch,886744280,OKAMIbwt,https://www.twitch.tv/okamibwt
x,AshyraWorldEnd,T-Reina Ashyra Ch. Lumina-World-End,https://x.com/AshyraWorldEnd
youtube,UCHzQgT7k-UHxSo8oLQlf6Qg,VoidCat,https://www.youtube.com/channel/UCHzQgT7k-UHxSo8oLQlf6Qg
youtube,UC4zIwNmfURhIO5Pj-ccmKBA,Amu V Ch.,https://www.youtube.com/channel/UC4zIwNmfURhIO5Pj-ccmKBA
youtube,UCQMUyz21FbKDC_8o-5iQ7ZA,ZhenLinxing ch. PowerPay,https://www.youtube.com/channel/UCQMUyz21FbKDC_8o-5iQ7ZA
youtube,UCUajlJqlGrWNNdCUEwgvI0g,Viola C. Ae,https://www.youtube.com/channel/UCUajlJqlGrWNNdCUEwgvI0g
x,AytheraVT,Aythera VT,https://x.com/AytheraVT
twitch,586799001,krikka05,https://www.twitch.tv/krikka05
facebook,61555385773210,61555385773210,https://www.facebook.com/profile.php?id=61555385773210
tiktok,7581669824842122257,🐱Hibana 【V-YT】,https://www.tiktok.com/@hibana_nekomata
twitch,890386605,Natsukihotaru2004,https://www.twitch.tv/natsukihotaru2004
tiktok,7061195032276435970,ม๋าพีชดำขาวอะ,https://www.tiktok.com/@peace_vtuber
twitch,704135529,OumKuMi,https://www.twitch.tv/oumkumi
facebook,Mystiexe,Mystiexe,https://www.facebook.com/Mystiexe
x,VampaowCh,【แวมเป้า】- Vampaow,https://x.com/VampaowCh
x,Anemizz,Anemizz,https://x.com/Anemizz
twitch,1067421093,yourthicha,https://www.twitch.tv/yourthicha
facebook,61586025942609,61586025942609,https://www.facebook.com/profile.php?id=61586025942609
twitch,1274652748,MorikaRei,https://www.twitch.tv/morikarei
youtube,UC-KdQvTPC9k3pLjy4Y1PBkg,Aventurine Ch,https://www.youtube.com/channel/UC-KdQvTPC9k3pLjy4Y1PBkg
youtube,UCxsyPoIG4fruqHyq91UwIMQ,NICHA Ch. 【SSR】,https://www.youtube.com/channel/UCxsyPoIG4fruqHyq91UwIMQ
youtube,UCEAweQRj86ga-ymLA_L50BA,ToHu kheow Ch.,https://www.youtube.com/channel/UCEAweQRj86ga-ymLA_L50BA
twitch,146065077,Wornlity_PRD,https://www.twitch.tv/wornlity_prd
twitch,774359105,ToruKuma,https://www.twitch.tv/torukuma
x,Mabelle_Ahouri,Mabelle.a,https://x.com/Mabelle_Ahouri
youtube,UCroF8LjEdRGOerNXLR0ddLA,Saria Ch.,https://www.youtube.com/channel/UCroF8LjEdRGOerNXLR0ddLA
youtube,UCBUEDay6omiIO9XebzcButg,Aru Hoshima Ch. | 星間アル,https://www.youtube.com/channel/UCBUEDay6omiIO9XebzcButg
tiktok,7268611762537858053,SUMM3R,https://www.tiktok.com/@summ3r_vz
instagram,_noeluc_,_noeluc_,https://www.instagram.com/_noeluc_
youtube,UCQ71gJATjZSuE2-jCvBddog,Furorin Ch. ,https://www.youtube.com/channel/UCQ71gJATjZSuE2-jCvBddog
youtube,UCDmlKuJkE2tIR-Q8bSWPvDw,HEXO Ch. / QURSE,https://www.youtube.com/channel/UCDmlKuJkE2tIR-Q8bSWPvDw
youtube,UClGxY7R31Snisoccta9uByg,Zane『VTG』,https://www.youtube.com/channel/UClGxY7R31Snisoccta9uByg
x,Rafinia_Ch,Rafinia Ch.,https://x.com/Rafinia_Ch
youtube,UCNxjqm_u1zOpgisojN5WoSw,zaczoa Twin Aliens,https://www.youtube.com/channel/UCNxjqm_u1zOpgisojN5WoSw
x,P1achonz,P1achon,https://x.com/P1achonz
tiktok,7453882005899691009,DarkPhoenix13Fr,https://www.tiktok.com/@darkphoenix13fr
youtube,UCP8tsYT8efX32P4WUlNrFOA,Aozora Sukai Ch.,https://www.youtube.com/channel/UCP8tsYT8efX32P4WUlNrFOA
youtube,UCpWF1pMyJtMvlynspGnThdw,MamMam Ch. 真夢マム,https://www.youtube.com/channel/UCpWF1pMyJtMvlynspGnThdw
tiktok,6887381184755975169,KuroNekoDub 🐼🐾🐈‍⬛,https://www.tiktok.com/@kuroneko_dub
x,0kami_Hito,Okami Hito CH【APD】,https://x.com/0kami_Hito
tiktok,6974680710595281921,Donburi,https://www.tiktok.com/@donburi743
youtube,UCp6qRWhZi2nDUSWKwV_V08Q,PaFeMiLK vtuber,https://www.youtube.com/channel/UCp6qRWhZi2nDUSWKwV_V08Q
instagram,like_eat_zaab,like_eat_zaab,https://www.instagram.com/like_eat_zaab
tiktok,7306782825067332615,kurisumasu_tv,https://www.tiktok.com/@kurisumasu_tv
facebook,61565670680929,61565670680929,https://www.facebook.com/profile.php?id=61565670680929
tiktok,7415089898439443473,Nkioo ch.(Natsuki ookami),https://www.tiktok.com/@nkiookami
twitch,631001964,FuwaFuwaSeal,https://www.twitch.tv/fuwafuwaseal
tiktok,7468628003867198471,เปโกะริน ลาบเป็ด,https://www.tiktok.com/@pekorinssr
youtube,UCR1Htb-H1-tus7UPotPh69A,Laibaht Ch. / หลายบาท,https://www.youtube.com/channel/UCR1Htb-H1-tus7UPotPh69A
instagram,kongkhagirl,kongkhagirl,https://www.instagram.com/kongkhagirl
youtube,UCvk4wE32YLgO7MhSBNDx2Xw,RIPry - ริบหรี่,https://www.youtube.com/channel/UCvk4wE32YLgO7MhSBNDx2Xw
youtube,UCvZWxyOOheSuqwVVIT-lJjw,It's SouYuu vtb,https://www.youtube.com/channel/UCvZWxyOOheSuqwVVIT-lJjw
youtube,UC6Dl6t5ceRRpRx5VwkQWPTw,Lamppy,https://www.youtube.com/channel/UC6Dl6t5ceRRpRx5VwkQWPTw
youtube,UCikyhPyuEu3rn1izGOGxZcg,Aranis Elvene Ch. Pixela-Isekai,https://www.youtube.com/channel/UCikyhPyuEu3rn1izGOGxZcg
twitch,705473808,PeaceCh16,https://www.twitch.tv/peacech16
youtube,UCSdV0wKlfljMvRY3mFVn1ZQ,Vanila Mali,https://www.youtube.com/channel/UCSdV0wKlfljMvRY3mFVn1ZQ
tiktok,6998458522003538971,Toramochizuki,https://www.tiktok.com/@toramochizuki
youtube,UCNak-g6_mKH-UkDLnrvjyzw,MATSURII Ch.,https://www.youtube.com/channel/UCNak-g6_mKH-UkDLnrvjyzw
tiktok,7155919903026791430,Astral Kami | Vtuber,https://www.tiktok.com/@m4gotz
twitch,434595878,apririru,https://www.twitch.tv/apririru
youtube,UCbwvKxA5KSud4jcaD5g5ukQ,Azazel the Wanderer Ch.,https://www.youtube.com/channel/UCbwvKxA5KSud4jcaD5g5ukQ
youtube,UCx4qz8NiVkQQj4x-7mhS9Dg,Eyez Benjaneth Ch.,https://www.youtube.com/channel/UCx4qz8NiVkQQj4x-7mhS9Dg
tiktok,6973595310531003394,xixxeven,https://www.tiktok.com/@xixxeven
twitch,1516765770,scythringe,https://www.twitch.tv/scythringe
tiktok,7009691656426324994,Lunatrix💫,https://www.tiktok.com/@ltx022
x,Peace_Vtuber,Peace Ch.,https://x.com/Peace_Vtuber
instagram,biruyourlovelydog_,biruyourlovelydog_,https://www.instagram.com/biruyourlovelydog_
youtube,UCjQS71kGf-Ph6uy08IEG2bg,WalkyTalky Vber Ch.,https://www.youtube.com/channel/UCjQS71kGf-Ph6uy08IEG2bg
instagram,imsogracechu,imsogracechu,https://www.instagram.com/imsogracechu
tiktok,6905245089313408001,walkytalky555,https://www.tiktok.com/@walkytalky555
x,streamcafemusic,ChazuminXD Ch.,https://x.com/streamcafemusic
x,MamoriTanuki,MAMORI Ch.,https://x.com/MamoriTanuki
youtube,UCfS5hs5aCCN3rijKpXjuddg,Simon von Crucisburg,https://www.youtube.com/channel/UCfS5hs5aCCN3rijKpXjuddg
twitch,161753708,zepthorix,https://www.twitch.tv/zepthorix
youtube,UCNW0brB5G5GcBDXuJ1iDglw,Megzis Ch.,https://www.youtube.com/channel/UCNW0brB5G5GcBDXuJ1iDglw
instagram,malai_deva.th,malai_deva.th,https://www.instagram.com/malai_deva.th
youtube,UCPb2Vtt7YjjaNsqlk3Za9-A,Gojila Ch. ก็อตจิ,https://www.youtube.com/channel/UCPb2Vtt7YjjaNsqlk3Za9-A
tiktok,6549798213883576321,risato014,https://www.tiktok.com/@risato014
youtube,UCpke74KAbZIIj7KrNdPgxow,Ayelet Nocturna ch.,https://www.youtube.com/channel/UCpke74KAbZIIj7KrNdPgxow
twitch,538585233,AirBlack24,https://www.twitch.tv/airblack24
twitch,1269247047,GINTHEYUK,https://www.twitch.tv/gintheyuk
twitch,514093103,AquaMarinia,https://www.twitch.tv/aquamarinia
instagram,kirine21,kirine21,https://www.instagram.com/kirine21
x,RealPink1367104,RAF4EL,https://x.com/RealPink1367104
twitch,788443280,LTX022,https://www.twitch.tv/ltx022
tiktok,7317960986702300166,Elphylia VtuberTH,https://www.tiktok.com/@elphylia_el
youtube,UCDmay2oK3RLbl8ooxYv-wJg,CHALONETTA | VArtisit,https://www.youtube.com/channel/UCDmay2oK3RLbl8ooxYv-wJg
youtube,UCbTN1R7AbdA1vICChlVDaYg,Serenno Koriel ,https://www.youtube.com/channel/UCbTN1R7AbdA1vICChlVDaYg
youtube,UC48D7EILUGrBeffDrXXJAIQ,Langler Ch.,https://www.youtube.com/channel/UC48D7EILUGrBeffDrXXJAIQ
tiktok,7102391934023828485,Aventurine,https://www.tiktok.com/@aventurine212_goddess
youtube,UC6TOqqD-TLbPlnV5i3DiIrw,NEMI,https://www.youtube.com/channel/UC6TOqqD-TLbPlnV5i3DiIrw
youtube,UC0C6NAfPq2HMMqxO4hXyG-g,สุรกี้ | วีทูปเบอร์,https://www.youtube.com/channel/UC0C6NAfPq2HMMqxO4hXyG-g
tiktok,7366499999087199233,✧ℝ𝕖𝕞𝕚𝕤𝕕𝕖_𝕍𝕥𝕦𝕓𝕖𝕣✧,https://www.tiktok.com/@remisde_vtuber
twitch,144663816,Eryka_VT,https://www.twitch.tv/eryka_vt
youtube,UChgmNRdjJHlFaSm_xGmue9g,Konpe Ch. [Autumnia],https://www.youtube.com/channel/UChgmNRdjJHlFaSm_xGmue9g
x,MooniqueVT,Moonique Ch.,https://x.com/MooniqueVT
tiktok,7510867865500484616,Fuyukawa Nao,https://www.tiktok.com/@fuyukawanao
x,MaewDamTMira,MaewDam T. Mira,https://x.com/MaewDamTMira
tiktok,6972188023371416578,Niewlock,https://www.tiktok.com/@niewlock
x,AidenShia,AidenShia Ch.,https://x.com/AidenShia
tiktok,7455141891601957895,ThearDreamWhale10Hz,https://www.tiktok.com/@theardreamwhale
facebook,61565973235618,61565973235618,https://www.facebook.com/profile.php?id=61565973235618
twitch,738111357,Umepinko,https://www.twitch.tv/umepinko
youtube,UCCjunxHiL2OHhNDl4sdD1bg,Murasako Reino,https://www.youtube.com/channel/UCCjunxHiL2OHhNDl4sdD1bg
twitch,932450630,jiah_epr,https://www.twitch.tv/jiah_epr
youtube,UClOemvfyX_2oQPj-foZu5jw,RAITO-KUN,https://www.youtube.com/channel/UClOemvfyX_2oQPj-foZu5jw
tiktok,7142873515208295450,HallyYoruda | Vniverse,https://www.tiktok.com/@hallyvtuber
youtube,UClSlkwPIViMrT4Mj_8enkew,Ning Ning,https://www.youtube.com/channel/UClSlkwPIViMrT4Mj_8enkew
twitch,919197079,NaruFay,https://www.twitch.tv/narufay
tiktok,7385868912527377429,ZaynGloucester,https://www.tiktok.com/@zayngloucester
tiktok,7245260981436777477,Kohaku Ch.《ISP》,https://www.tiktok.com/@kohaku_irission
twitch,753005249,LyveaEve,https://www.twitch.tv/lyveaeve
twitch,141141925,ChaAYMTH,https://www.twitch.tv/chaaymth
tiktok,6736441738094756865,Rufio Ch.💙⚡️,https://www.tiktok.com/@rufiovtuber
tiktok,7535841781431354388,Xeran,https://www.tiktok.com/@xerberan
facebook,YuzeiAkatsuki,YuzeiAkatsuki,https://www.facebook.com/YuzeiAkatsuki
twitch,819296266,aina_channel,https://www.twitch.tv/aina_channel
x,SeJi_ak,SeJi Ch.,https://x.com/SeJi_ak
x,thequillmon1112,TheQuillmon ⌜VZ⌟,https://x.com/thequillmon1112
x,ChannelCerise,Cerise Channel,https://x.com/ChannelCerise
youtube,UCRq6GGcCP8sjIRfzIhfmv4w,AmaneRei Ch.,https://www.youtube.com/channel/UCRq6GGcCP8sjIRfzIhfmv4w
youtube,UCfTaHjdctcy9veUwXK_GDBg,Takiya Ch.,https://www.youtube.com/channel/UCfTaHjdctcy9veUwXK_GDBg
tiktok,7490966390632711186,IMP,https://www.tiktok.com/@imp_vz
tiktok,7029821565253600258,Baku -獏- ☁️🏮,https://www.tiktok.com/@baku_arp
facebook,mikhail.cerise,mikhail.cerise,https://www.facebook.com/mikhail.cerise
x,Fallyn_VTG,Fallyn『VTG』,https://x.com/Fallyn_VTG
youtube,UCUXyd8UJv3jOudmtabpsRfQ,Thina Borboleta Ch.,https://www.youtube.com/channel/UCUXyd8UJv3jOudmtabpsRfQ
facebook,61559181357306,61559181357306,https://www.facebook.com/profile.php?id=61559181357306
facebook,RocoKingdomgame,RocoKingdomgame,https://www.facebook.com/RocoKingdomgame
twitch,1122894576,Momomiichan,https://www.twitch.tv/momomiichan
x,MillybillC,MillyBill Ch.,https://x.com/MillybillC
tiktok,7330621347955164168,shirasagi_ch,https://www.tiktok.com/@shirasagi_ch?_t=ZS-8uwjMVBPZxq&_r=1
x,EdelLA_Edward,Edella Edward Ch.,https://x.com/EdelLA_Edward
