id,account_id,reason,status,note
collision_181138088f938f1671ac,acct_0eaa17533abf48468f65,legacy_identity_collision,resolved,Resolved: Twitch account acct_0eaa17533abf48468f65 consolidated to canonical persona persona_f83d26c784f459e8caf2 via verified official YouTube About crosslink.
collision_286e774cfd09a2415681,acct_1fb24ca488c0428282ad,legacy_identity_collision,resolved,Resolved: Twitch account acct_1fb24ca488c0428282ad consolidated to canonical persona persona_e421713ad596a293afa0 via verified official YouTube About crosslink.
collision_2902e8eb1e57294705b8,acct_f28592162272b0ba6136,legacy_identity_collision,resolved,Resolved: Twitch account acct_f28592162272b0ba6136 consolidated to canonical persona persona_f9bb33726ac7f1996980 via verified official YouTube About crosslink.
collision_2bc537310cfa12045d4d,acct_81328964794cd9c75777,legacy_identity_collision,resolved,Resolved: YouTube account acct_81328964794cd9c75777 consolidated to canonical persona persona_fc1fe4b8823558d7e16e via verified official YouTube About crosslink.
collision_369127a7f5f8944c34cb,acct_4b8634dfe8dfb9388773,legacy_identity_collision,open,Legacy person_id was shared by multiple accounts. No persona link was imported.
collision_55361b0ce5a4bf0eb752,acct_0f56b3c423e11c111f97,legacy_identity_collision,resolved,Resolved: Twitch account acct_0f56b3c423e11c111f97 consolidated to canonical persona persona_8cd1092c1ae0a3bf599a via verified official YouTube About crosslink.
collision_585934d6c9d16e332dbc,acct_72c560a1cf882b9f0673,legacy_identity_collision,open,Legacy person_id was shared by multiple accounts. No persona link was imported.
collision_63ecb3d4809fda528145,acct_48e6c1fb4c0a24e12621,legacy_identity_collision,resolved,Resolved: Twitch account acct_48e6c1fb4c0a24e12621 consolidated to canonical persona persona_4b437c36193f59b65c7c via verified official YouTube About crosslink.
collision_66d247362c0377b79f54,acct_18ba8067f27dceb85bdf,legacy_identity_collision,resolved,Resolved: Twitch account acct_18ba8067f27dceb85bdf consolidated to canonical persona persona_1e41c7e8458a63ec2dc2 via verified official YouTube About crosslink.
collision_6b8dabe9eb469dd1cd51,acct_e3da277da047b8a0b4d3,legacy_identity_collision,resolved,Resolved: Twitch account acct_e3da277da047b8a0b4d3 consolidated to canonical persona persona_2ffa79b5b6500262de3c via verified official YouTube About crosslink.
collision_83454a3d2ee2a515c5b9,acct_94520cba7614e6956a80,legacy_identity_collision,resolved,Resolved: Twitch account acct_94520cba7614e6956a80 consolidated to canonical persona persona_69703daf943d39931ebd via verified official YouTube About crosslink.
collision_a9860f85dda779cb2923,acct_ae9d3c105209cb93bec1,legacy_identity_collision,resolved,Resolved: Twitch account acct_ae9d3c105209cb93bec1 consolidated to canonical persona persona_3722c7bdac5486a6818b via verified official YouTube About crosslink.
collision_aaf66317ac2e8d1366fc,acct_2ac559478fc1d87143a6,legacy_identity_collision,resolved,Resolved: Twitch account acct_2ac559478fc1d87143a6 consolidated to canonical persona persona_442e8ab35e96aae8f685 via verified official YouTube About crosslink.
collision_b0171cf0d5ac9a4c07e7,acct_fcb45065e6c0949fa002,legacy_identity_collision,resolved,Resolved: Twitch account acct_fcb45065e6c0949fa002 consolidated to canonical persona persona_c20c168d6c92fbc77ca9 via verified official YouTube About crosslink.
collision_b60a03740201f8297980,acct_24a048f7740cfc35f870,legacy_identity_collision,resolved,Resolved: Twitch account acct_24a048f7740cfc35f870 consolidated to canonical persona persona_eebcb5451df0ba0a7eda via verified official YouTube About crosslink.
collision_bb9ac3c1753a3e821a25,acct_2dff6f1eeefc1cf7b0c4,legacy_identity_collision,resolved,Resolved: Twitch account acct_2dff6f1eeefc1cf7b0c4 consolidated to canonical persona persona_49669d2d41b04400e4fd via verified official YouTube About crosslink.
collision_d15341f443838d137e70,acct_92ae44bca24da8331d48,legacy_identity_collision,resolved,Resolved: Twitch account acct_92ae44bca24da8331d48 consolidated to canonical persona persona_77843d9e0184bf7b71e9 via verified official YouTube About crosslink.
collision_d44e4d064763e4bf112f,acct_bd8414d013d95df8d9f1,legacy_identity_collision,resolved,Resolved: Twitch account acct_bd8414d013d95df8d9f1 consolidated to canonical persona persona_3f02781350f2b96b33e0 via verified official YouTube About crosslink.
collision_d48266e94576fa8e4d1f,acct_bb63b004e62bd7f87f4a,legacy_identity_collision,resolved,Resolved: Twitch account acct_bb63b004e62bd7f87f4a consolidated to canonical persona persona_b9f5f7e894bc19329a52 via verified official YouTube About crosslink.
collision_e1b66cc809e9e3664139,acct_40370a1d3f1ad5408183,legacy_identity_collision,resolved,Resolved: Twitch account acct_40370a1d3f1ad5408183 consolidated to canonical persona persona_c7dc48cbdc2239573d74 via verified official YouTube About crosslink.
collision_ef65f7b3c14017ae603c,acct_642d198aa72805f16f6e,legacy_identity_collision,resolved,Resolved: YouTube account acct_642d198aa72805f16f6e consolidated to canonical persona persona_d82e11d35ea963b01d7e via verified official YouTube profile crosslink.
collision_f21f30747337a75bc483,acct_5da1e67457eef56569b3,legacy_identity_collision,resolved,Resolved: Twitch account acct_5da1e67457eef56569b3 consolidated to canonical persona persona_5a71adf7947eaff3b076 via verified official YouTube About crosslink.
collision_f5cd8a2107e629535132,acct_e60addcdb376e820bf59,legacy_identity_collision,resolved,Resolved: Twitch account acct_e60addcdb376e820bf59 consolidated to canonical persona persona_9c9672a2bef9376154c5 via verified official YouTube About crosslink.
lifecycle_17a6df11f7433dd3efb8,acct_3ac65bc7e6b3be00b0d7,lifecycle_conflict,open,Channel name and legacy lifecycle differ; inspect an official dated announcement.
lifecycle_3b77ae19cfff450a4a78,acct_b1d67e2086b8321bde81,lifecycle_conflict,open,Channel name and legacy lifecycle differ; inspect an official dated announcement.
lifecycle_692b7cadff6ff16b0970,acct_4d214cd52f463b19bf10,lifecycle_conflict,open,Channel name and legacy lifecycle differ; inspect an official dated announcement.
lifecycle_927d75676a9f4ef05d9d,acct_c754b832637a995409f0,lifecycle_conflict,open,Channel name and legacy lifecycle differ; inspect an official dated announcement.
lifecycle_9a4f0845b82da750545d,acct_bf59d9fe39aaaaf7afda,lifecycle_conflict,open,Channel name and legacy lifecycle differ; inspect an official dated announcement.
lifecycle_a22261f70aa7dae50ae6,acct_c38bbfe70d7fb517ecce,lifecycle_conflict,open,Channel name and legacy lifecycle differ; inspect an official dated announcement.
lifecycle_af56b8e5aa8196f5fe9b,acct_1f7c8dd3dcd436c8d2d8,lifecycle_conflict,open,Channel name and legacy lifecycle differ; inspect an official dated announcement.
lifecycle_d43cdeb40852d69ada21,acct_7b6f66d2840339a378e1,lifecycle_conflict,open,Channel name and legacy lifecycle differ; inspect an official dated announcement.
lifecycle_faa434b97a17fb20bff2,acct_6910267f8f9eceddb151,lifecycle_conflict,open,Channel name and legacy lifecycle differ; inspect an official dated announcement.
review_0018ae5f8587ed4a4f92,acct_3658e96200c130437896,legacy_scope_review,open,"Review Thai relation, virtual presentation and public persona/account link."
review_002781845a1866fefcdc,acct_5655a6ede3e1d04534bb,legacy_scope_review,open,"Review Thai relation, virtual presentation and public persona/account link."
review_00664608d7a25e861900,acct_b400ec200ffab2ae053c,legacy_scope_review,open,"Review Thai relation, virtual presentation and public persona/account link."
review_008c9fa6a1817933b5d2,acct_e32d044ae4778bca506c,legacy_scope_review,open,"Review Thai relation, virtual presentation and public persona/account link."
review_00fc6ca465ae2cef95f7,acct_13402fd834d453cf740a,legacy_scope_review,open,"Review Thai relation, virtual presentation and public persona/account link."
review_01046a085d21898055aa,acct_aa7842df128c99580fad,legacy_scope_review,open,"Review Thai relation, virtual presentation and public persona/account link."
review_0109166b138af7a26ed2,acct_be73c636965fe337ad46,legacy_scope_review,open,"Review Thai relation, virtual presentation and public persona/account link."
review_01096452e43df02456e2,acct_14e6d1889e69bfd77eeb,legacy_scope_review,open,"Review Thai relation, virtual presentation and public persona/account link."
review_011258355d9d458f6751,acct_7837ffb9a5877085f904,legacy_scope_review,open,"Review Thai relation, virtual presentation and public persona/account link."
review_0112e901b70f27a6cee2,acct_3d79b7e91965d53ce0f1,legacy_scope_review,open,"Review Thai relation, virtual presentation and public persona/account link."
review_014f6730dd792c4715ae,acct_ec64ce36a94f10571d94,legacy_scope_review,open,"Review Thai relation, virtual presentation and public persona/account link."
review_01636da64335d5b6923c,acct_5643efab67f88a5a389c,legacy_scope_review,open,"Review Thai relation, virtual presentation and public persona/account link."
review_016f387374f04c2c3b16,acct_a2c8ef17f3dd7ecef4bc,legacy_scope_review,open,"Review Thai relation, virtual presentation and public persona/account link."
review_018c358fb189bb9fb00e,acct_464ff22f96fc6605e52b,legacy_scope_review,open,"Review Thai relation, virtual presentation and public persona/account link."
review_01dae05f5f7b2dd51bee,acct_551ba8770a0874d65401,legacy_scope_review,open,"Review Thai relation, virtual presentation and public persona/account link."
review_01dc8bcceed7499cb004,acct_2dcbcecf4712d2a6aabc,legacy_scope_review,open,"Review Thai relation, virtual presentation and public persona/account link."
review_028b8cf4ee2f22eabb39,acct_9691a62119fd5058f236,legacy_scope_review,open,"Review Thai relation, virtual presentation and public persona/account link."
review_0344d0c98d49fe207614,acct_53123265c3ab142c66a2,legacy_scope_review,open,"Review Thai relation, virtual presentation and public persona/account link."
review_0359c14b33a94bc6ff88,acct_23cdf93ad66b027af468,legacy_scope_review,open,"Review Thai relation, virtual presentation and public persona/account link."
review_03b85d7d2d6cb8587e3e,acct_e610806e05feceef6840,legacy_scope_review,open,"Review Thai relation, virtual presentation and public persona/account link."
review_03c83e874b6195012e73,acct_6411282f2efc4d663840,legacy_scope_review,open,"Review Thai relation, virtual presentation and public persona/account link."
review_03dadd4a123e7df092ac,acct_7fec0a90345934ce29c0,legacy_scope_review,open,"Review Thai relation, virtual presentation and public persona/account link."
review_0412fdea01611914a4c4,acct_084604edf3ce4cf4d320,legacy_scope_review,open,"Review Thai relation, virtual presentation and public persona/account link."
review_0425943f99a8ae701fd6,acct_13d47c171fd822ab56ae,legacy_scope_review,open,"Review Thai relation, virtual presentation and public persona/account link."
review_0493fa774b8ca26ccbcb,acct_31b8e987a60d8eac208c,legacy_scope_review,open,"Review Thai relation, virtual presentation and public persona/account link."
review_04a32c2fe8dceacfe976,acct_6864e7b8872e7d328faa,legacy_scope_review,open,"Review Thai relation, virtual presentation and public persona/account link."
review_04da32fa680d44431233,acct_5354610b6ac100e00c98,legacy_scope_review,open,"Review Thai relation, virtual presentation and public persona/account link."
review_04e188b6b7891d0e3b05,acct_2ec3e52adb47cf0ee548,legacy_scope_review,open,"Review Thai relation, virtual presentation and public persona/account link."
review_04f57c9a9a390821be72,acct_aa66a262249304b7ca59,legacy_scope_review,open,"Review Thai relation, virtual presentation and public persona/account link."
review_055f66df6131e546c08c,acct_0962e5dbfc0b914a4506,legacy_scope_review,open,"Review Thai relation, virtual presentation and public persona/account link."
review_05bf9d617e4c1c3bf9f0,acct_c45739c7fbb3c744b24c,legacy_scope_review,open,"Review Thai relation, virtual presentation and public persona/account link."
review_05ec4751f0f754916a79,acct_395263d22f9d38f3e05e,legacy_scope_review,open,"Review Thai relation, virtual presentation and public persona/account link."
review_0655d2d2cd4a24786019,acct_717f2dc7bc508e682b7d,legacy_scope_review,open,"Review Thai relation, virtual presentation and public persona/account link."
review_0665d36bf4f18ac05a66,acct_ec7ef06a0370508c470a,legacy_scope_review,open,"Review Thai relation, virtual presentation and public persona/account link."
review_066e3c492caf26881246,acct_680f7e84f3cd37535d55,legacy_scope_review,open,"Review Thai relation, virtual presentation and public persona/account link."
review_0697c7f4a5e9031bf337,acct_30e863280c1f8b9852cb,legacy_scope_review,open,"Review Thai relation, virtual presentation and public persona/account link."
review_06a1f6230ce6fa00c35e,acct_c6e8d556d2130896856d,legacy_scope_review,open,"Review Thai relation, virtual presentation and public persona/account link."
review_06a8909febf6edfac43c,acct_221994c5a963057e047f,legacy_scope_review,open,"Review Thai relation, virtual presentation and public persona/account link."
review_06b3254b75e30c8716aa,acct_9f0d8348e70faa37333c,legacy_scope_review,open,"Review Thai relation, virtual presentation and public persona/account link."
review_06c1ec2bea08b03c5f11,acct_65190c2ece4cb53c2354,legacy_scope_review,open,"Review Thai relation, virtual presentation and public persona/account link."
review_06d51caec984caf50d2b,acct_7eb347600124c9a09982,legacy_scope_review,open,"Review Thai relation, virtual presentation and public persona/account link."
review_072a01585ade95c30114,acct_360a4b3e0f485608c579,legacy_scope_review,open,"Review Thai relation, virtual presentation and public persona/account link."
review_074d1daed1d94449ded9,acct_79b84a3c8f942385af2f,legacy_scope_review,open,"Review Thai relation, virtual presentation and public persona/account link."
review_07d37d27303a4e25ecb5,acct_ea53e6b888d0cbac9625,legacy_scope_review,open,"Review Thai relation, virtual presentation and public persona/account link."
review_07e8579c284472af7d66,acct_c1176dbd5e50256a7b01,legacy_scope_review,open,"Review Thai relation, virtual presentation and public persona/account link."
review_07eb7495f733efb3a8ae,acct_683da7561eb9cbb72a34,legacy_scope_review,open,"Review Thai relation, virtual presentation and public persona/account link."
review_083e4b89bfceaef450c8,acct_2860b563ed51e9aeb800,legacy_scope_review,open,"Review Thai relation, virtual presentation and public persona/account link."
review_085ff4552a2c5d44ff98,acct_f14d6033ff2fca670dd3,legacy_scope_review,open,"Review Thai relation, virtual presentation and public persona/account link."
review_0864377cba5b5a12e00d,acct_a913fcf352d308f77300,legacy_scope_review,open,"Review Thai relation, virtual presentation and public persona/account link."
review_08684b6b26da8c12bcbb,acct_254a472631805b6fb57f,legacy_scope_review,open,"Review Thai relation, virtual presentation and public persona/account link."
review_088515e1153042cd7df7,acct_8dab72a97fd0432b6d00,legacy_scope_review,open,"Review Thai relation, virtual presentation and public persona/account link."
review_08930098d907a6b28156,acct_41e30aeec79d9d4d7f63,legacy_scope_review,open,"Review Thai relation, virtual presentation and public persona/account link."
review_0899f042d5320826dfb1,acct_41aba99a4f3d979c053e,legacy_scope_review,open,"Review Thai relation, virtual presentation and public persona/account link."
review_08b97d473c9901f6a83d,acct_bcf29b3ea18ab559bacb,legacy_scope_review,open,"Review Thai relation, virtual presentation and public persona/account link."
review_092823383b8f68aba7e2,acct_503e50e7cde4faa5dfd2,legacy_scope_review,open,"Review Thai relation, virtual presentation and public persona/account link."
review_093d512d407b63798927,acct_80916645175346982eed,legacy_scope_review,open,"Review Thai relation, virtual presentation and public persona/account link."
review_0988de9d971db301efa4,acct_0798e95820ad87f98d2f,legacy_scope_review,open,"Review Thai relation, virtual presentation and public persona/account link."
review_0a26da314bb89e999c4b,acct_13381c2f82c4f4007483,legacy_scope_review,open,"Review Thai relation, virtual presentation and public persona/account link."
review_0a2bd7f90d58bff96874,acct_5c6358e388bac7f970cb,legacy_scope_review,open,"Review Thai relation, virtual presentation and public persona/account link."
review_0aa137fe89060c757afc,acct_6e3be3608b9177e21764,legacy_scope_review,open,"Review Thai relation, virtual presentation and public persona/account link."
review_0acfca4d2f354f434ad3,acct_3171aaed187b5a743449,legacy_scope_review,open,"Review Thai relation, virtual presentation and public persona/account link."
review_0ad56f3f0ee8ed6eb47f,acct_0faa543be69e52476368,legacy_scope_review,open,"Review Thai relation, virtual presentation and public persona/account link."
review_0aee801d3b51b9618504,acct_8c154c8be2a90b1c272f,legacy_scope_review,open,"Review Thai relation, virtual presentation and public persona/account link."
review_0b6e513aa03927685143,acct_0056f160575b8a7b2a8d,legacy_scope_review,open,"Review Thai relation, virtual presentation and public persona/account link."
review_0b885934385bdec0c5e2,acct_7b7e8cf30070e97515c0,legacy_scope_review,open,"Review Thai relation, virtual presentation and public persona/account link."
review_0b9d95e1c820d020ecc4,acct_843d13cc2eb3092b0ec6,legacy_scope_review,open,"Review Thai relation, virtual presentation and public persona/account link."
review_0bff040e51174b60f274,acct_e9ac525ae876e9ef3695,legacy_scope_review,open,"Review Thai relation, virtual presentation and public persona/account link."
review_0c2125efdf7683a137e3,acct_97588a8489edc3ef7723,legacy_scope_review,open,"Review Thai relation, virtual presentation and public persona/account link."
review_0cc81f0232ff87fcb0c7,acct_a6641c08dc669fd76594,legacy_scope_review,open,"Review Thai relation, virtual presentation and public persona/account link."
review_0cd400e8ff730b825442,acct_92f2df41bbfd884c59b2,legacy_scope_review,open,"Review Thai relation, virtual presentation and public persona/account link."
review_0cd6a93d9afdcd2b6558,acct_687deb8d278488ddff51,legacy_scope_review,open,"Review Thai relation, virtual presentation and public persona/account link."
review_0d0f7cfd91a4d32a6a62,acct_e88dd7fd5d939d1f19a2,legacy_scope_review,open,"Review Thai relation, virtual presentation and public persona/account link."
review_0d731625a3d287ebdd15,acct_1859b63a93de13f183d3,legacy_scope_review,open,"Review Thai relation, virtual presentation and public persona/account link."
review_0da601c62a7b08b7c88c,acct_7c872bc1480d1a75de67,legacy_scope_review,open,"Review Thai relation, virtual presentation and public persona/account link."
review_0dd10766f058137410fe,acct_fd2171be8086e45f6551,legacy_scope_review,open,"Review Thai relation, virtual presentation and public persona/account link."
review_0df0886dcb7961d683c5,acct_d404f4c97f2e3cbac934,legacy_scope_review,open,"Review Thai relation, virtual presentation and public persona/account link."
review_0e83b5648ce7138c501b,acct_89510a9639dbc7689ce4,legacy_scope_review,open,"Review Thai relation, virtual presentation and public persona/account link."
review_0f5498a5d80e4b9c1c4c,acct_a88a85e53ad0e8b6b102,legacy_scope_review,open,"Review Thai relation, virtual presentation and public persona/account link."
review_0fad9a4c65006768e835,acct_a417e8f5131c381a3510,legacy_scope_review,open,"Review Thai relation, virtual presentation and public persona/account link."
review_0feaa9a3122587234654,acct_7f5ac4624c613b470be5,legacy_scope_review,open,"Review Thai relation, virtual presentation and public persona/account link."
review_10bd80a4139c930b90aa,acct_eed10ef9b2f5845f0be4,legacy_scope_review,open,"Review Thai relation, virtual presentation and public persona/account link."
review_10d233f1df78451a04d7,acct_091512984465726383b8,legacy_scope_review,open,"Review Thai relation, virtual presentation and public persona/account link."
review_10f0850bac5dfa09e183,acct_355aec6e84b72ed79e5d,legacy_scope_review,open,"Review Thai relation, virtual presentation and public persona/account link."
review_110162be1f1d148235de,acct_8358ad3683f9e0c9c5a8,legacy_scope_review,open,"Review Thai relation, virtual presentation and public persona/account link."
review_111e01cbda8e8ad5e722,acct_e4537ae87c61fc6c7925,legacy_scope_review,open,"Review Thai relation, virtual presentation and public persona/account link."
review_11277eb82ed0731e6ec4,acct_6205955572cda0799754,legacy_scope_review,open,"Review Thai relation, virtual presentation and public persona/account link."
review_112ce28275a9dd0fb342,acct_d2608e4a98dc756df175,legacy_scope_review,open,"Review Thai relation, virtual presentation and public persona/account link."
review_115374d161c9c5f79dec,acct_70a60bc6a5c9d7d36482,legacy_scope_review,open,"Review Thai relation, virtual presentation and public persona/account link."
review_1199bc967984b52907ad,acct_ade1f52c31e9efe149c8,legacy_scope_review,open,"Review Thai relation, virtual presentation and public persona/account link."
review_11f69637b48842b617c8,acct_52d5779ed83983970b19,legacy_scope_review,open,"Review Thai relation, virtual presentation and public persona/account link."
review_122204526228fad3a0b7,acct_dae36dd40d98aae8e705,legacy_scope_review,open,"Review Thai relation, virtual presentation and public persona/account link."
review_124035a3c123bf6de210,acct_9f51ea3bfd7c570946c0,legacy_scope_review,open,"Review Thai relation, virtual presentation and public persona/account link."
review_12ba4f41bea830233531,acct_1aeee05734466ca9d441,legacy_scope_review,open,"Review Thai relation, virtual presentation and public persona/account link."
review_12f86fde959e950fa9fb,acct_97d0abdd536d1fb32121,legacy_scope_review,open,"Review Thai relation, virtual presentation and public persona/account link."
review_1336b92e334b5c1b876d,acct_fc9f73818e9b3504ad61,legacy_scope_review,open,"Review Thai relation, virtual presentation and public persona/account link."
review_1360746959bd837f9df9,acct_94bdfc97cd11f3be9995,legacy_scope_review,open,"Review Thai relation, virtual presentation and public persona/account link."
review_13c670749da69a065d50,acct_0e53cbe6e1b45e278e70,legacy_scope_review,open,"Review Thai relation, virtual presentation and public persona/account link."
review_13ec506aaae6e90176c9,acct_5d0986f6bd938ecda200,legacy_scope_review,open,"Review Thai relation, virtual presentation and public persona/account link."
review_13fd11e7d94e9c571406,acct_b403919a341daefe1116,legacy_scope_review,open,"Review Thai relation, virtual presentation and public persona/account link."
review_14114bb63eff43bb4d8b,acct_c029be8729fa31bc4607,legacy_scope_review,open,"Review Thai relation, virtual presentation and public persona/account link."
review_14213f4158d3f9a65890,acct_d402f1b04401cb3530b8,legacy_scope_review,open,"Review Thai relation, virtual presentation and public persona/account link."
review_14fa6786d67d0294ad34,acct_01d74a21d5a78d3c74db,legacy_scope_review,open,"Review Thai relation, virtual presentation and public persona/account link."
review_151a7ceafd9f16d69e78,acct_e3380c04fafc7484350f,legacy_scope_review,open,"Review Thai relation, virtual presentation and public persona/account link."
review_15563ee800672d330c56,acct_5bc8f53c40ab3ea26888,legacy_scope_review,open,"Review Thai relation, virtual presentation and public persona/account link."
review_155d06908aaf6f950f51,acct_c1cdf3105a70ff39047f,legacy_scope_review,open,"Review Thai relation, virtual presentation and public persona/account link."
review_15614fa4c02885344266,acct_0250413fd57651b3fada,legacy_scope_review,open,"Review Thai relation, virtual presentation and public persona/account link."
review_156f5a26bd24ab889725,acct_f87ce4d7cc4f510ce1c0,legacy_scope_review,open,"Review Thai relation, virtual presentation and public persona/account link."
review_1582756c386007c42fb4,acct_15207052a42e3dbb00ae,legacy_scope_review,open,"Review Thai relation, virtual presentation and public persona/account link."
review_159b3880386e6480ae13,acct_62eae2ddbe63bdf621ce,legacy_scope_review,open,"Review Thai relation, virtual presentation and public persona/account link."
review_15a3d117b4a048fd5ea9,acct_05d3eeb7bd4aca8ab9d8,legacy_scope_review,open,"Review Thai relation, virtual presentation and public persona/account link."
review_15ac4e7f9a4d09b113e8,acct_7052b560940855b0e87f,legacy_scope_review,open,"Review Thai relation, virtual presentation and public persona/account link."
review_15b0a86a302bd9b9aa56,acct_c3a7b36f231d3bbfd852,legacy_scope_review,open,"Review Thai relation, virtual presentation and public persona/account link."
review_15b226b316cb49d6a025,acct_8943c8799a4357fa3cc6,legacy_scope_review,open,"Review Thai relation, virtual presentation and public persona/account link."
review_15f07d42ced98c681ee6,acct_f233ece3565f1d5ea56c,legacy_scope_review,open,"Review Thai relation, virtual presentation and public persona/account link."
review_1626721452b2dfb87716,acct_a80b3608826a7c0d36cc,legacy_scope_review,open,"Review Thai relation, virtual presentation and public persona/account link."
review_1626d16e266486f5a45f,acct_df32dffad7715f9d8f14,legacy_scope_review,open,"Review Thai relation, virtual presentation and public persona/account link."
review_169f797a3cc4a9392274,acct_84976fcae6d11f980a1d,legacy_scope_review,open,"Review Thai relation, virtual presentation and public persona/account link."
review_16a1728b0eb1a6b720ad,acct_5f4f74b62b254df4591a,legacy_scope_review,open,"Review Thai relation, virtual presentation and public persona/account link."
review_17895b24bae89a4ec419,acct_58ecd5b093c1a1eb2d6e,legacy_scope_review,open,"Review Thai relation, virtual presentation and public persona/account link."
review_17a6df11f7433dd3efb8,acct_3ac65bc7e6b3be00b0d7,legacy_scope_review,open,"Review Thai relation, virtual presentation and public persona/account link."
review_1890f2a082ef62a3edc7,acct_133d43ec817ee9c80bda,legacy_scope_review,open,"Review Thai relation, virtual presentation and public persona/account link."
review_18beb0de5ba50324f7e8,acct_a89bf2c78aa62b4498e7,legacy_scope_review,open,"Review Thai relation, virtual presentation and public persona/account link."
review_18d55235652b97c68f6d,acct_4a4ad1929d6eae9ae1d9,legacy_scope_review,open,"Review Thai relation, virtual presentation and public persona/account link."
review_1915cf108f8b109f0eea,acct_b9d1b0e8cbd7b3361099,legacy_scope_review,open,"Review Thai relation, virtual presentation and public persona/account link."
review_19165430d50be8ddf1ea,acct_7b62147930021d921c8a,legacy_scope_review,open,"Review Thai relation, virtual presentation and public persona/account link."
review_195467030275c9e8bff9,acct_b3931604d86be06e1f54,legacy_scope_review,open,"Review Thai relation, virtual presentation and public persona/account link."
review_195c7f2300ea71b070fe,acct_343cc7910af585dbd369,legacy_scope_review,open,"Review Thai relation, virtual presentation and public persona/account link."
review_19e7343c52390fdcfaf8,acct_dd7e9b926ebe7089880e,legacy_scope_review,open,"Review Thai relation, virtual presentation and public persona/account link."
review_19fa5f6b4074e1833416,acct_6a28d794c4970ea3ebbc,legacy_scope_review,open,"Review Thai relation, virtual presentation and public persona/account link."
review_1a11ef1ac204f636d880,acct_0721ff3890e02ee37faf,legacy_scope_review,open,"Review Thai relation, virtual presentation and public persona/account link."
review_1a29d7b0524a1ea6667e,acct_b8572edb3357067a9400,legacy_scope_review,open,"Review Thai relation, virtual presentation and public persona/account link."
review_1a74b14c614e9027ff5b,acct_712038dbd66a2784897a,legacy_scope_review,open,"Review Thai relation, virtual presentation and public persona/account link."
review_1b2af7af4268918b3360,acct_32ff68d3c566424a21ac,legacy_scope_review,open,"Review Thai relation, virtual presentation and public persona/account link."
review_1b38b60c327b8c0f1fc2,acct_d89faf4e944722aeea2f,legacy_scope_review,open,"Review Thai relation, virtual presentation and public persona/account link."
review_1b6acd656ccfe938899c,acct_ba8f2f85f0c687a4a201,legacy_scope_review,open,"Review Thai relation, virtual presentation and public persona/account link."
review_1b9fe970469965caa316,acct_f426281aee7cf11e3d81,legacy_scope_review,open,"Review Thai relation, virtual presentation and public persona/account link."
review_1bdde569eff823b9c44f,acct_85a2944338ebf5237ce8,legacy_scope_review,open,"Review Thai relation, virtual presentation and public persona/account link."
review_1c16beaec17278139101,acct_cf71a7ecb1942ed14690,legacy_scope_review,open,"Review Thai relation, virtual presentation and public persona/account link."
review_1c50678a09293471b2d2,acct_956e48ee4b789b67e49d,legacy_scope_review,open,"Review Thai relation, virtual presentation and public persona/account link."
review_1c5d632448db86ccc8e5,acct_865de5e59074d52e9432,legacy_scope_review,open,"Review Thai relation, virtual presentation and public persona/account link."
review_1ccb1ae6afdbed5cf60a,acct_653f13e27ae4d5e109e6,legacy_scope_review,open,"Review Thai relation, virtual presentation and public persona/account link."
review_1cf188267e0d41b29ebd,acct_2b0cee0a0447e8a8c3f1,legacy_scope_review,open,"Review Thai relation, virtual presentation and public persona/account link."
review_1cf6150fc42528b9e006,acct_7946e22feb06cb1aebd6,legacy_scope_review,open,"Review Thai relation, virtual presentation and public persona/account link."
review_1d56b6c64051977f5666,acct_16967e403d88dd4499e3,legacy_scope_review,open,"Review Thai relation, virtual presentation and public persona/account link."
review_1d7216da351d00e47573,acct_e55cbc1810a7db7f03f4,legacy_scope_review,open,"Review Thai relation, virtual presentation and public persona/account link."
review_1dff7a4e7d6913b5732a,acct_06030193eb0f4e251453,legacy_scope_review,open,"Review Thai relation, virtual presentation and public persona/account link."
review_1e08049e0d3f558b7638,acct_7070ed7a98b876bcb0f1,legacy_scope_review,open,"Review Thai relation, virtual presentation and public persona/account link."
review_1e408b57c30c0d6aafa5,acct_95d987a5d0ff640f9628,legacy_scope_review,open,"Review Thai relation, virtual presentation and public persona/account link."
review_1e521913591e53230df5,acct_300ced95e492ddd63d92,legacy_scope_review,open,"Review Thai relation, virtual presentation and public persona/account link."
review_1e93ebcec2d271ee62b1,acct_88645077f347a449ac4f,legacy_scope_review,open,"Review Thai relation, virtual presentation and public persona/account link."
review_1e9a604e929e7aafb5ff,acct_b61975009a080c08bca1,legacy_scope_review,open,"Review Thai relation, virtual presentation and public persona/account link."
review_1e9ef96200498c8d587e,acct_666045d1c732c6481062,legacy_scope_review,open,"Review Thai relation, virtual presentation and public persona/account link."
review_1ed8c2499cafcc8aa66a,acct_fa9cca382dd68b582175,legacy_scope_review,open,"Review Thai relation, virtual presentation and public persona/account link."
review_1ed9a64839f9f4e82579,acct_dabffa7e6fd26a9d3506,legacy_scope_review,open,"Review Thai relation, virtual presentation and public persona/account link."
review_1ee382c7abfe42653ea6,acct_4b7c43f3e211e400b7d5,legacy_scope_review,open,"Review Thai relation, virtual presentation and public persona/account link."
review_1eed09586ee9c22a1e1d,acct_15894c05c46d00a8a58d,legacy_scope_review,open,"Review Thai relation, virtual presentation and public persona/account link."
review_1f013525c3d1f3f16aaf,acct_8f96e35c0c123f61302b,legacy_scope_review,open,"Review Thai relation, virtual presentation and public persona/account link."
review_1f6201a6103007548b42,acct_27b51728e1908158f8a4,legacy_scope_review,open,"Review Thai relation, virtual presentation and public persona/account link."
review_1f6d23cf33f80a86f02b,acct_e776d19c02014422c7db,legacy_scope_review,open,"Review Thai relation, virtual presentation and public persona/account link."
review_1fb13cbbe482fab21c41,acct_e841eee7fa5277838af3,legacy_scope_review,open,"Review Thai relation, virtual presentation and public persona/account link."
review_1fc89d36024085f6edd8,acct_5a52cd896cf181958ded,legacy_scope_review,open,"Review Thai relation, virtual presentation and public persona/account link."
review_1ff325428c0d07d6a6fe,acct_e9cfaa4563a1ea537923,legacy_scope_review,open,"Review Thai relation, virtual presentation and public persona/account link."
review_204c16c08bc142fe706b,acct_db0f873234b69bc7e784,legacy_scope_review,open,"Review Thai relation, virtual presentation and public persona/account link."
review_206075173e7b5156531b,acct_b2a14b7bf5a4ecd2c824,legacy_scope_review,open,"Review Thai relation, virtual presentation and public persona/account link."
review_2076d5bcde251edf3dcf,acct_c0486c69e5cb8f71c6d7,legacy_scope_review,open,"Review Thai relation, virtual presentation and public persona/account link."
review_2079f5c6b550b1fb571e,acct_c4e18062c040807fc76c,legacy_scope_review,open,"Review Thai relation, virtual presentation and public persona/account link."
review_20b2a57f72d7ca77fb82,acct_3a27447400ff68abc165,legacy_scope_review,open,"Review Thai relation, virtual presentation and public persona/account link."
review_211178efdc003a00aa08,acct_5e19fd2bf11d659d1c64,legacy_scope_review,open,"Review Thai relation, virtual presentation and public persona/account link."
review_218524defe5883b4f235,acct_bf086c381061d7212e31,legacy_scope_review,open,"Review Thai relation, virtual presentation and public persona/account link."
review_21879ff5c6ca4fdd724e,acct_0cda5528feba9930cb52,legacy_scope_review,open,"Review Thai relation, virtual presentation and public persona/account link."
review_2197599845babc6e666e,acct_635b063f4478e0a4a393,legacy_scope_review,open,"Review Thai relation, virtual presentation and public persona/account link."
review_21a303021a8f34bcf991,acct_e4a0ea1ac8a3af9f3467,legacy_scope_review,open,"Review Thai relation, virtual presentation and public persona/account link."
review_21d216127871b74858cc,acct_ca2496cd202b08f48b29,legacy_scope_review,open,"Review Thai relation, virtual presentation and public persona/account link."
review_21e7bfc338cb3ad1b376,acct_695da33a26735c2193d7,legacy_scope_review,open,"Review Thai relation, virtual presentation and public persona/account link."
review_21ef6d91f9d9ab10f5e3,acct_f7b340182b78afffa84a,legacy_scope_review,open,"Review Thai relation, virtual presentation and public persona/account link."
review_21fe207f65bbb348150e,acct_51a214ca070117f87a82,legacy_scope_review,open,"Review Thai relation, virtual presentation and public persona/account link."
review_2221eef3aae66f9ad04c,acct_4b15613cc76126bf17bd,legacy_scope_review,open,"Review Thai relation, virtual presentation and public persona/account link."
review_226c3abae1e28880f9d1,acct_631125c92a15f05a5d34,legacy_scope_review,open,"Review Thai relation, virtual presentation and public persona/account link."
review_22880a84744c22be77c9,acct_10b0bfaf2c51bca4618d,legacy_scope_review,open,"Review Thai relation, virtual presentation and public persona/account link."
review_22963bcafa4f05be5866,acct_895702d1eb67f4b0fb4b,legacy_scope_review,open,"Review Thai relation, virtual presentation and public persona/account link."
review_22bfd9b776d35517ace2,acct_f7a8e94aad2a886e2172,legacy_scope_review,open,"Review Thai relation, virtual presentation and public persona/account link."
review_232a96f0ad712a4c995c,acct_8a98321bbca8e8c3869f,legacy_scope_review,open,"Review Thai relation, virtual presentation and public persona/account link."
review_233cbee539b63ab0730b,acct_6e89902e99cead3a0d25,legacy_scope_review,open,"Review Thai relation, virtual presentation and public persona/account link."
review_238e204a336164061470,acct_71e15b8220509dc6a6d8,legacy_scope_review,open,"Review Thai relation, virtual presentation and public persona/account link."
review_23bc420c55c3b69e8c21,acct_cfe726c08286eeda6daa,legacy_scope_review,open,"Review Thai relation, virtual presentation and public persona/account link."
review_23f718117ea2ee6061ae,acct_e909b383ac829643fd2e,legacy_scope_review,open,"Review Thai relation, virtual presentation and public persona/account link."
review_23f9591142a43fa1deec,acct_0401db0f349c62bfb6d6,legacy_scope_review,open,"Review Thai relation, virtual presentation and public persona/account link."
review_2413ead9d000a47ca36a,acct_0496185218b046e6b0e9,legacy_scope_review,open,"Review Thai relation, virtual presentation and public persona/account link."
review_246947a86d2af056a789,acct_04b2ab14198e94195352,legacy_scope_review,open,"Review Thai relation, virtual presentation and public persona/account link."
review_2476282c4637e9494819,acct_d5f9af8745e8e4461fde,legacy_scope_review,open,"Review Thai relation, virtual presentation and public persona/account link."
review_267e878de1b5c88d8a35,acct_f1f732394c058d471689,legacy_scope_review,open,"Review Thai relation, virtual presentation and public persona/account link."
review_26930f0390cd4218319a,acct_4cac2ec84f1461771ca6,legacy_scope_review,open,"Review Thai relation, virtual presentation and public persona/account link."
review_26c15328f854a4529bd7,acct_19e7ea0214526bbda776,legacy_scope_review,open,"Review Thai relation, virtual presentation and public persona/account link."
review_26d420739f81b71265b1,acct_4cea6f4ff28d96e1f7e1,legacy_scope_review,open,"Review Thai relation, virtual presentation and public persona/account link."
review_270997d5c71f3d7581fa,acct_75b3d77746b3f6a9ad32,legacy_scope_review,open,"Review Thai relation, virtual presentation and public persona/account link."
review_2720ce936bde9deb75d5,acct_7581cb5d8860eb2847f8,legacy_scope_review,open,"Review Thai relation, virtual presentation and public persona/account link."
review_2730289b7dcb12b220b7,acct_ae3ce6932cb764b01d0c,legacy_scope_review,open,"Review Thai relation, virtual presentation and public persona/account link."
review_275a2f45b08c71a1c348,acct_57604c3aabd3b4732fa9,legacy_scope_review,open,"Review Thai relation, virtual presentation and public persona/account link."
review_277be68eced6b333bd63,acct_91debc281125088dcb66,legacy_scope_review,open,"Review Thai relation, virtual presentation and public persona/account link."
review_27a1942ac2645f6f61f0,acct_d2b45804f37f42544599,legacy_scope_review,open,"Review Thai relation, virtual presentation and public persona/account link."
review_27e775e5cbd08325b94f,acct_9c863aab6b23d9d2c8f4,legacy_scope_review,open,"Review Thai relation, virtual presentation and public persona/account link."
review_285768c6866a2cdce7df,acct_d5fc02bbe9caa5de2724,legacy_scope_review,open,"Review Thai relation, virtual presentation and public persona/account link."
review_28ca661bbe54def4a7de,acct_a5b61f0f7132b420a741,legacy_scope_review,open,"Review Thai relation, virtual presentation and public persona/account link."
review_28d32381eca46fcca566,acct_65c48b77fdc9ec3dbbe6,legacy_scope_review,open,"Review Thai relation, virtual presentation and public persona/account link."
review_28d3399dddf103a4f8cf,acct_355845d8d4b813234d23,legacy_scope_review,open,"Review Thai relation, virtual presentation and public persona/account link."
review_28f1ae050238b86c3211,acct_4ae0a2b0517f89688f22,legacy_scope_review,open,"Review Thai relation, virtual presentation and public persona/account link."
review_28fb5c69cd77a7019f61,acct_ad2730a13dba04818b8d,legacy_scope_review,open,"Review Thai relation, virtual presentation and public persona/account link."
review_290ed549c3fb87054ff2,acct_92fe52280b57051c3a96,legacy_scope_review,open,"Review Thai relation, virtual presentation and public persona/account link."
review_2925d3406cdc97d6bb43,acct_5ee2caf49ea88eed529d,legacy_scope_review,open,"Review Thai relation, virtual presentation and public persona/account link."
review_293652f6d647aaa7c833,acct_213430201967258d2a9a,legacy_scope_review,open,"Review Thai relation, virtual presentation and public persona/account link."
review_29846c624d41d648cd51,acct_be46d969f8b64d3a7bbb,legacy_scope_review,open,"Review Thai relation, virtual presentation and public persona/account link."
review_29b1885460711b95956c,acct_d3176c75c82074eb29d3,legacy_scope_review,open,"Review Thai relation, virtual presentation and public persona/account link."
review_2a153cedfcc6de30a3bc,acct_ca9e949f72c03b86cc50,legacy_scope_review,open,"Review Thai relation, virtual presentation and public persona/account link."
review_2a4fbcdb257601dd9f47,acct_df4d233b9d609cc67cee,legacy_scope_review,open,"Review Thai relation, virtual presentation and public persona/account link."
review_2aadc9213c16b2a9f9b1,acct_aad2ccc9660b047c2610,legacy_scope_review,open,"Review Thai relation, virtual presentation and public persona/account link."
review_2ab8a0598fa97b712e92,acct_5025926f7317bd953053,legacy_scope_review,open,"Review Thai relation, virtual presentation and public persona/account link."
review_2af81f4917c0d9ea0d4e,acct_94c47e77475bf7a1456f,legacy_scope_review,open,"Review Thai relation, virtual presentation and public persona/account link."
review_2b3eb54ae61549a554e8,acct_3415f165a62f16a35085,legacy_scope_review,open,"Review Thai relation, virtual presentation and public persona/account link."
review_2b7452897fe3f45843c9,acct_b1d20f88e10a1b05f66b,legacy_scope_review,open,"Review Thai relation, virtual presentation and public persona/account link."
review_2b9db0dc97175fa36a48,acct_a00617c63e652c85a3be,legacy_scope_review,open,"Review Thai relation, virtual presentation and public persona/account link."
review_2bc537310cfa12045d4d,acct_81328964794cd9c75777,legacy_scope_review,open,"Review Thai relation, virtual presentation and public persona/account link."
review_2c27c797cbca49b04144,acct_72ac4ff0d0d25272c6fc,legacy_scope_review,open,"Review Thai relation, virtual presentation and public persona/account link."
review_2c2a00b85b19f02b9f7e,acct_07901fbd23ba31594d3a,legacy_scope_review,open,"Review Thai relation, virtual presentation and public persona/account link."
review_2c33fde59c67006d0ca6,acct_94bac48f380eeacf3bd5,legacy_scope_review,open,"Review Thai relation, virtual presentation and public persona/account link."
review_2c893cbbf886a7d8557d,acct_8998dd8bbaf334e1bb12,legacy_scope_review,open,"Review Thai relation, virtual presentation and public persona/account link."
review_2ca84005797d3a209f77,acct_d3a9364a25b55483c89c,legacy_scope_review,open,"Review Thai relation, virtual presentation and public persona/account link."
review_2cab5cd9c9f7f351d7d9,acct_26974f924d872592f0f3,legacy_scope_review,open,"Review Thai relation, virtual presentation and public persona/account link."
review_2d128b41d983cf1b0209,acct_2e01700c638aad1f19f2,legacy_scope_review,open,"Review Thai relation, virtual presentation and public persona/account link."
review_2d1c988ef4bd2708be7c,acct_bf92387a8765b473e690,legacy_scope_review,open,"Review Thai relation, virtual presentation and public persona/account link."
review_2d6469fa02c501b3fff6,acct_e651af52b5c02647c1b6,legacy_scope_review,open,"Review Thai relation, virtual presentation and public persona/account link."
review_2dc8ca1952ec2beaf6ed,acct_a4f8e527157f73a66bf2,legacy_scope_review,open,"Review Thai relation, virtual presentation and public persona/account link."
review_2ded25c60bbd26b20261,acct_973ed6539cebf8e443e4,legacy_scope_review,open,"Review Thai relation, virtual presentation and public persona/account link."
review_2e10b570f8d90aeb1a79,acct_ff907bf75b4123415d3d,legacy_scope_review,open,"Review Thai relation, virtual presentation and public persona/account link."
review_2e51ef94933a0ed7facb,acct_56b6fb9d9ca9d7062e0d,legacy_scope_review,open,"Review Thai relation, virtual presentation and public persona/account link."
review_2e8129793da8c79689c7,acct_45868557ea7bb5d1a596,legacy_scope_review,open,"Review Thai relation, virtual presentation and public persona/account link."
review_2ecdf685b4c4853b8396,acct_aea07236c23929149164,legacy_scope_review,open,"Review Thai relation, virtual presentation and public persona/account link."
review_2ed203e3a54e23a79c0f,acct_ddf00eaf9e6093f23b75,legacy_scope_review,open,"Review Thai relation, virtual presentation and public persona/account link."
review_2f2dbec5136dca95504d,acct_f1cd5dce505da61049f4,legacy_scope_review,open,"Review Thai relation, virtual presentation and public persona/account link."
review_2fec3763eb27696f7e04,acct_b1df68bf41b26580cd8f,legacy_scope_review,open,"Review Thai relation, virtual presentation and public persona/account link."
review_2ff41fb9fb84f43e72c6,acct_8aefeb67b01878095cb2,legacy_scope_review,open,"Review Thai relation, virtual presentation and public persona/account link."
review_3002098a36b29572987a,acct_44145002697acff26fcc,legacy_scope_review,open,"Review Thai relation, virtual presentation and public persona/account link."
review_306b27c96e94e2e64e4a,acct_bd87875df15de1820a47,legacy_scope_review,open,"Review Thai relation, virtual presentation and public persona/account link."
review_30909f99e3f555290681,acct_f4713ceba92e7f72e6a9,legacy_scope_review,open,"Review Thai relation, virtual presentation and public persona/account link."
review_30af3d765cd8b86086a5,acct_a618b4bfcfa3db3b3416,legacy_scope_review,open,"Review Thai relation, virtual presentation and public persona/account link."
review_30c8837f60f6f0886804,acct_ca573683fc7c7fac2179,legacy_scope_review,open,"Review Thai relation, virtual presentation and public persona/account link."
review_30d29cf0b7eae9c5b1e8,acct_ea156f34b93a8aa1056f,legacy_scope_review,open,"Review Thai relation, virtual presentation and public persona/account link."
review_30f08bb836d48e008847,acct_cf31038b6f7fdffc3985,legacy_scope_review,open,"Review Thai relation, virtual presentation and public persona/account link."
review_30f69fec0add57da5a29,acct_d34850cf395452f5333c,legacy_scope_review,open,"Review Thai relation, virtual presentation and public persona/account link."
review_3184e4d6de599a010a74,acct_55aa54e45b0eede00b32,legacy_scope_review,open,"Review Thai relation, virtual presentation and public persona/account link."
review_31d8e05e68dc761a0b2d,acct_528c7163bd8880565a7d,legacy_scope_review,open,"Review Thai relation, virtual presentation and public persona/account link."
review_3224113151a352596ad0,acct_1013b32ddc5913b45315,legacy_scope_review,open,"Review Thai relation, virtual presentation and public persona/account link."
review_322bbfbe1c8b17368ce4,acct_4808455956295d3c7ef1,legacy_scope_review,open,"Review Thai relation, virtual presentation and public persona/account link."
review_322f83c4d25aeaf35f00,acct_aded3e12a88518387c1e,legacy_scope_review,open,"Review Thai relation, virtual presentation and public persona/account link."
review_326e95839c0ed5cf6655,acct_18602023766358346a7a,legacy_scope_review,open,"Review Thai relation, virtual presentation and public persona/account link."
review_3274b561a70ca7cd2296,acct_5286342abbbb678e9350,legacy_scope_review,open,"Review Thai relation, virtual presentation and public persona/account link."
review_329955dfb5cc5963ea34,acct_37cd91c334ba852a3019,legacy_scope_review,open,"Review Thai relation, virtual presentation and public persona/account link."
review_3299f5bb9f07d454fc6c,acct_4fed5ec3136d35a88521,legacy_scope_review,open,"Review Thai relation, virtual presentation and public persona/account link."
review_32f7003b9bdf42ed4783,acct_5266df2fb6feaf4fc1d2,legacy_scope_review,open,"Review Thai relation, virtual presentation and public persona/account link."
review_331bf09e423aba42d955,acct_494e690ff0975561baec,legacy_scope_review,open,"Review Thai relation, virtual presentation and public persona/account link."
review_33810458a2559e3cd944,acct_6a8780cda8dea20b8373,legacy_scope_review,open,"Review Thai relation, virtual presentation and public persona/account link."
review_33a5eae1fc18f8862e65,acct_3d9a25968aa3211d9668,legacy_scope_review,open,"Review Thai relation, virtual presentation and public persona/account link."
review_33dc4b663a9d35dd615a,acct_cc08d7f6e7c523703ee2,legacy_scope_review,open,"Review Thai relation, virtual presentation and public persona/account link."
review_344165e2b22047ef4978,acct_dd60c32c828dbd1a9ff6,legacy_scope_review,open,"Review Thai relation, virtual presentation and public persona/account link."
review_3469b7c5ada64b33b768,acct_64736884779779d37f6d,legacy_scope_review,open,"Review Thai relation, virtual presentation and public persona/account link."
review_346aa548dad287132fb9,acct_74e702e63d59ae510a32,legacy_scope_review,open,"Review Thai relation, virtual presentation and public persona/account link."
review_3494263200c5bcdef34c,acct_6cdb690fedcd3dcc450e,legacy_scope_review,open,"Review Thai relation, virtual presentation and public persona/account link."
review_35065328cf2f1528f513,acct_7cedd30eb30015f78c40,legacy_scope_review,open,"Review Thai relation, virtual presentation and public persona/account link."
review_354f54bdc8816338cf6c,acct_b3440756dae38497be57,legacy_scope_review,open,"Review Thai relation, virtual presentation and public persona/account link."
review_355aede7616d2140cd1f,acct_dae20e0bf525d3477fcc,legacy_scope_review,open,"Review Thai relation, virtual presentation and public persona/account link."
review_3560dc751208b90f13ef,acct_fa43a487e5520ace982e,legacy_scope_review,open,"Review Thai relation, virtual presentation and public persona/account link."
review_35c45f6c99ce4e81f0c3,acct_10e7813573f3bcca8a62,legacy_scope_review,open,"Review Thai relation, virtual presentation and public persona/account link."
review_35c69a1a52275d700c84,acct_352f3689c3e941c330af,legacy_scope_review,open,"Review Thai relation, virtual presentation and public persona/account link."
review_362440d5c90df5e55385,acct_2748dec0aaec701838fe,legacy_scope_review,open,"Review Thai relation, virtual presentation and public persona/account link."
review_36509b25e57db237367d,acct_bb3ba3069806aa3e1ce3,legacy_scope_review,open,"Review Thai relation, virtual presentation and public persona/account link."
review_3660106fa844dd90164e,acct_4529e61dd004ac58b6fe,legacy_scope_review,open,"Review Thai relation, virtual presentation and public persona/account link."
review_3689f1a5239706f4c3b4,acct_e1bb8567a2c4b2b5c634,legacy_scope_review,open,"Review Thai relation, virtual presentation and public persona/account link."
review_369127a7f5f8944c34cb,acct_4b8634dfe8dfb9388773,legacy_scope_review,open,"Review Thai relation, virtual presentation and public persona/account link."
review_36bb791dc6fe6502cb2c,acct_09858f2209446f1efaa2,legacy_scope_review,open,"Review Thai relation, virtual presentation and public persona/account link."
review_36c1a3c15c66b3e7b39d,acct_67788f41288ced5a6069,legacy_scope_review,open,"Review Thai relation, virtual presentation and public persona/account link."
review_36f1bf0129ee6b8a254b,acct_8188f08dadad01a587e4,legacy_scope_review,open,"Review Thai relation, virtual presentation and public persona/account link."
review_36f787e0206ab962ebf1,acct_24a2408dfed3231f02c0,legacy_scope_review,open,"Review Thai relation, virtual presentation and public persona/account link."
review_37409fdbf2d196cee48d,acct_d808485183cbf0acd490,legacy_scope_review,open,"Review Thai relation, virtual presentation and public persona/account link."
review_378b0d1064a256829119,acct_55b401ca661cef10aed9,legacy_scope_review,open,"Review Thai relation, virtual presentation and public persona/account link."
review_37ba5db18272ebc873e2,acct_357c4e950173710c2bd4,legacy_scope_review,open,"Review Thai relation, virtual presentation and public persona/account link."
review_380b36049417d39a34cb,acct_99830ea5148803a5d352,legacy_scope_review,open,"Review Thai relation, virtual presentation and public persona/account link."
review_3813b51bec7e31752eb0,acct_b4ecc2bd93557d98e7ba,legacy_scope_review,open,"Review Thai relation, virtual presentation and public persona/account link."
review_383f5e278bba0febcb13,acct_ce2789f9cdc854f8d1b9,legacy_scope_review,open,"Review Thai relation, virtual presentation and public persona/account link."
review_38a71c73a61ff9df9c72,acct_2ae66687f05a8b747b43,legacy_scope_review,open,"Review Thai relation, virtual presentation and public persona/account link."
review_38af93544fefafeca5fc,acct_6ff1c62e86809edc066c,legacy_scope_review,open,"Review Thai relation, virtual presentation and public persona/account link."
review_39820522ecc5560edc67,acct_98047dd3c72455562a38,legacy_scope_review,open,"Review Thai relation, virtual presentation and public persona/account link."
review_39b892191a66e64cedcc,acct_f1b9e615eb1731269a63,legacy_scope_review,open,"Review Thai relation, virtual presentation and public persona/account link."
review_39d21b22cc125edf69ea,acct_c6dc08b63fdda0736450,legacy_scope_review,open,"Review Thai relation, virtual presentation and public persona/account link."
review_39d3922dc6e8f75938fd,acct_445d752caf6c16bb5af2,legacy_scope_review,open,"Review Thai relation, virtual presentation and public persona/account link."
review_39f44be40280c149480d,acct_c6ef65ba22f4b929694f,legacy_scope_review,open,"Review Thai relation, virtual presentation and public persona/account link."
review_39f4b61dfeee44501a7e,acct_c3417cc111aa53bb2245,legacy_scope_review,open,"Review Thai relation, virtual presentation and public persona/account link."
review_3a01b1b8d0913e9bee17,acct_5335eb8822f5970323c2,legacy_scope_review,open,"Review Thai relation, virtual presentation and public persona/account link."
review_3a329e3e19160f4127d4,acct_6ebf157522d004ba5be9,legacy_scope_review,open,"Review Thai relation, virtual presentation and public persona/account link."
review_3a89ba6d51da6464ec3b,acct_7dbaa132da80d7510dcd,legacy_scope_review,open,"Review Thai relation, virtual presentation and public persona/account link."
review_3a8dfd49486ad81c7463,acct_c65fd9600b7db715ccfd,legacy_scope_review,open,"Review Thai relation, virtual presentation and public persona/account link."
review_3ab385cba5c040599b67,acct_21a2487f30ca18fbde13,legacy_scope_review,open,"Review Thai relation, virtual presentation and public persona/account link."
review_3ae47ce149183d3e2065,acct_9b44174fc44ff58dd135,legacy_scope_review,open,"Review Thai relation, virtual presentation and public persona/account link."
review_3b1ad6bdc9754052ec3e,acct_db8d03f42b2a245e0084,legacy_scope_review,open,"Review Thai relation, virtual presentation and public persona/account link."
review_3b63a307015f0c5058e8,acct_9884709708a05841d568,legacy_scope_review,open,"Review Thai relation, virtual presentation and public persona/account link."
review_3b77ae19cfff450a4a78,acct_b1d67e2086b8321bde81,legacy_scope_review,open,"Review Thai relation, virtual presentation and public persona/account link."
review_3b7e483b4565b3bfd45e,acct_88e57bbaa063efcac190,legacy_scope_review,open,"Review Thai relation, virtual presentation and public persona/account link."
review_3b7ffc25f26e0f0eb2f2,acct_0e18bc66d191ce03232d,legacy_scope_review,open,"Review Thai relation, virtual presentation and public persona/account link."
review_3bb86b96b57a20c08684,acct_7bcf18cdcb9cb5f5d503,legacy_scope_review,open,"Review Thai relation, virtual presentation and public persona/account link."
review_3bbef5ce9bc5de32bec5,acct_d309003d17e52d50de20,legacy_scope_review,open,"Review Thai relation, virtual presentation and public persona/account link."
review_3bcc30720640b3414414,acct_99598b37c4166103dfc5,legacy_scope_review,open,"Review Thai relation, virtual presentation and public persona/account link."
review_3bd787ce55144cabc7af,acct_fbdd9ce0b74b5050f68c,legacy_scope_review,open,"Review Thai relation, virtual presentation and public persona/account link."
review_3c0367037cf3627119d4,acct_c3d9cc7f10ef63f4b48a,legacy_scope_review,open,"Review Thai relation, virtual presentation and public persona/account link."
review_3c8ec5ac44ab1c6aab5f,acct_39429e1a80a4b5ce411c,legacy_scope_review,open,"Review Thai relation, virtual presentation and public persona/account link."
review_3d0a00bea8cc8a45866e,acct_682b0d049523a6b2e804,legacy_scope_review,open,"Review Thai relation, virtual presentation and public persona/account link."
review_3d2ce193a3556fc31be9,acct_3a36ec11658819a0e8c9,legacy_scope_review,open,"Review Thai relation, virtual presentation and public persona/account link."
review_3d2d4b17ff70dc0e6763,acct_c84570a084fb4bbe9658,legacy_scope_review,open,"Review Thai relation, virtual presentation and public persona/account link."
review_3d7521175b0bebf4cf2f,acct_e0314d3a8db45cd33f22,legacy_scope_review,open,"Review Thai relation, virtual presentation and public persona/account link."
review_3d93d49d3d2ac0fe2f3e,acct_fb1c0980fe4d542f3d3f,legacy_scope_review,open,"Review Thai relation, virtual presentation and public persona/account link."
review_3df78ea07e6640b93aca,acct_2443a0ff2850970f00ff,legacy_scope_review,open,"Review Thai relation, virtual presentation and public persona/account link."
review_3e36a7d6c4f59cfada1e,acct_99b5f46048df4d619d3d,legacy_scope_review,open,"Review Thai relation, virtual presentation and public persona/account link."
review_3e5d668b30c2d20cb8b2,acct_6c452ac5b72566d69b46,legacy_scope_review,open,"Review Thai relation, virtual presentation and public persona/account link."
review_3e61817e60ef97a91b45,acct_c80b10b0c027e7fab328,legacy_scope_review,open,"Review Thai relation, virtual presentation and public persona/account link."
review_3e7a3d24db5883bf4031,acct_d4cf85917664af991352,legacy_scope_review,open,"Review Thai relation, virtual presentation and public persona/account link."
review_3ef435ba5bd45e5dca07,acct_4e051c3f1c8e0803a9e8,legacy_scope_review,open,"Review Thai relation, virtual presentation and public persona/account link."
review_3f0162ea8f37c89bfd02,acct_13e92fd75d4a06780fa7,legacy_scope_review,open,"Review Thai relation, virtual presentation and public persona/account link."
review_3f4165bc398763b84346,acct_44f72a109abe3db23677,legacy_scope_review,open,"Review Thai relation, virtual presentation and public persona/account link."
review_3f620ea16fdb2fa0bcb9,acct_242cf32c3b806f57d499,legacy_scope_review,open,"Review Thai relation, virtual presentation and public persona/account link."
review_3fdff5d7fc4664c0ca5f,acct_93168611e3d1a427d0df,legacy_scope_review,open,"Review Thai relation, virtual presentation and public persona/account link."
review_3ff4f0034b65bf3c55be,acct_d64995fd026d89071741,legacy_scope_review,open,"Review Thai relation, virtual presentation and public persona/account link."
review_400db4fa2e0c3a27a5dd,acct_46bd542e696b7d0aacbf,legacy_scope_review,open,"Review Thai relation, virtual presentation and public persona/account link."
review_40a947ae7c06df318e30,acct_3521679dbcae3c47e1bc,legacy_scope_review,open,"Review Thai relation, virtual presentation and public persona/account link."
review_40bf189e545f91520e74,acct_f0686f73d5ff0084290d,legacy_scope_review,open,"Review Thai relation, virtual presentation and public persona/account link."
review_41486b2f4d6f9d810fef,acct_b62f2f9352e070e14100,legacy_scope_review,open,"Review Thai relation, virtual presentation and public persona/account link."
review_4153b8ee7c64584bd88b,acct_50f4f7ad45f64410d7c6,legacy_scope_review,open,"Review Thai relation, virtual presentation and public persona/account link."
review_4168aa2a8c2c81803d86,acct_2d7ed64f51a92f670d7f,legacy_scope_review,open,"Review Thai relation, virtual presentation and public persona/account link."
review_4170128e84b9bd6b0dab,acct_7448e0ed380d6871b531,legacy_scope_review,open,"Review Thai relation, virtual presentation and public persona/account link."
review_4183949978c173c1826b,acct_df6751444522bd48b6a9,legacy_scope_review,open,"Review Thai relation, virtual presentation and public persona/account link."
review_41933cfab21334eca940,acct_72f4cc1084514dee28c7,legacy_scope_review,open,"Review Thai relation, virtual presentation and public persona/account link."
review_41a7530b8b8266f63f54,acct_bfd94f3fa170d4d99e55,legacy_scope_review,open,"Review Thai relation, virtual presentation and public persona/account link."
review_41b23ff00516d214715e,acct_19cfc75dad43fdfc4b89,legacy_scope_review,open,"Review Thai relation, virtual presentation and public persona/account link."
review_41f3f406d5929512a5db,acct_a916cc4c0998b6d2d641,legacy_scope_review,open,"Review Thai relation, virtual presentation and public persona/account link."
review_41f80dfcd83d350ab895,acct_6c6d10aad608393cc699,legacy_scope_review,open,"Review Thai relation, virtual presentation and public persona/account link."
review_421af9ae0489576ee221,acct_10846cef8c6a0fe2377a,legacy_scope_review,open,"Review Thai relation, virtual presentation and public persona/account link."
review_42aa960bfdef9d4cad19,acct_2cc75b7a071a0d9b583e,legacy_scope_review,open,"Review Thai relation, virtual presentation and public persona/account link."
review_42ca4117fce93aa5d1d6,acct_bb2f3caf562e6ca430c8,legacy_scope_review,open,"Review Thai relation, virtual presentation and public persona/account link."
review_42d3b19d05d3296fe6a4,acct_2ef79b248d3af6726901,legacy_scope_review,open,"Review Thai relation, virtual presentation and public persona/account link."
review_42d87b024a799f604559,acct_d30b615b2f298cc0b70a,legacy_scope_review,open,"Review Thai relation, virtual presentation and public persona/account link."
review_43dc4bfcd7a7343d338d,acct_68a8135e48cbb807d686,legacy_scope_review,open,"Review Thai relation, virtual presentation and public persona/account link."
review_43fabc218632e03960c4,acct_171752c2c922a61161a8,legacy_scope_review,open,"Review Thai relation, virtual presentation and public persona/account link."
review_443fb0ba2fe430f51faf,acct_6ac3f13284b36237cec0,legacy_scope_review,open,"Review Thai relation, virtual presentation and public persona/account link."
review_446ee24e50884aea8c51,acct_ee83ce19fc94f185da3c,legacy_scope_review,open,"Review Thai relation, virtual presentation and public persona/account link."
review_447041169f3f4e028b23,acct_8e09a5577d7cedc258db,legacy_scope_review,open,"Review Thai relation, virtual presentation and public persona/account link."
review_4496b8c3e32a361a756a,acct_ddfff637d8d2241a2490,legacy_scope_review,open,"Review Thai relation, virtual presentation and public persona/account link."
review_44e4b0d2976285dbf65f,acct_cfa061ec5295542837c6,legacy_scope_review,open,"Review Thai relation, virtual presentation and public persona/account link."
review_44f369ab9c7b52aa8e56,acct_241ba233bfcc0e359ba5,legacy_scope_review,open,"Review Thai relation, virtual presentation and public persona/account link."
review_451d199f360e03f91019,acct_500c05de208731d252c9,legacy_scope_review,open,"Review Thai relation, virtual presentation and public persona/account link."
review_45431e4c5c8d9fad3df4,acct_80a748d5cdc8440acc2a,legacy_scope_review,open,"Review Thai relation, virtual presentation and public persona/account link."
review_459cbf72c724af7a5172,acct_eb3947a2c89ca770d9fe,legacy_scope_review,open,"Review Thai relation, virtual presentation and public persona/account link."
review_45ab2a078b307fa5722d,acct_035f6bcf0b9f2dc8ebf2,legacy_scope_review,open,"Review Thai relation, virtual presentation and public persona/account link."
review_45c0d491562a92d48247,acct_811cb89608fc5727cbb5,legacy_scope_review,open,"Review Thai relation, virtual presentation and public persona/account link."
review_45ce9cd5155f89c0007e,acct_5cef0b334dac6d55bfc7,legacy_scope_review,open,"Review Thai relation, virtual presentation and public persona/account link."
review_45d3b98832c767a91023,acct_99d7710d6cf21091eac0,legacy_scope_review,open,"Review Thai relation, virtual presentation and public persona/account link."
review_46117ad2c71cf32f8f9d,acct_4a95d6d9f4f4c89c8e25,legacy_scope_review,open,"Review Thai relation, virtual presentation and public persona/account link."
review_462fccfb851385d5bf03,acct_7aabb6ce98d0561f9203,legacy_scope_review,open,"Review Thai relation, virtual presentation and public persona/account link."
review_468b3a3b76cf01944311,acct_b6db462c47414d24a703,legacy_scope_review,open,"Review Thai relation, virtual presentation and public persona/account link."
review_468cec35c13fcae8aca2,acct_b94387059d86a4473265,legacy_scope_review,open,"Review Thai relation, virtual presentation and public persona/account link."
review_46bf0b3b1f813e950a3a,acct_833beb1a3a4e10797529,legacy_scope_review,open,"Review Thai relation, virtual presentation and public persona/account link."
review_470830c05c38a2b7fa24,acct_a877f286538094f03d56,legacy_scope_review,open,"Review Thai relation, virtual presentation and public persona/account link."
review_4723c6d2291afe25b096,acct_ebd7fc6fb6f8569e6172,legacy_scope_review,open,"Review Thai relation, virtual presentation and public persona/account link."
review_472be2a87a4ba24195e7,acct_169156c606d89b99c8e3,legacy_scope_review,open,"Review Thai relation, virtual presentation and public persona/account link."
review_4775ba9195cdfb248a95,acct_e2e453eac6dab4c84520,legacy_scope_review,open,"Review Thai relation, virtual presentation and public persona/account link."
review_47992dddeb44aacb299a,acct_cc0339140bdda1301310,legacy_scope_review,open,"Review Thai relation, virtual presentation and public persona/account link."
review_47b343caf9bee390b94c,acct_03ff1cfa136861a26bbf,legacy_scope_review,open,"Review Thai relation, virtual presentation and public persona/account link."
review_480bb032e1bbdf186ebb,acct_b06adf13ba144feb578c,legacy_scope_review,open,"Review Thai relation, virtual presentation and public persona/account link."
review_4826ef36d42f94fa57ca,acct_7efe1eaef56075fd8228,legacy_scope_review,open,"Review Thai relation, virtual presentation and public persona/account link."
review_48537d40a4d31632603b,acct_7dbf35189538d6ab9bd3,legacy_scope_review,open,"Review Thai relation, virtual presentation and public persona/account link."
review_48b84fb8de8ca6fdbaa0,acct_6da8b3f6ecd652e61956,legacy_scope_review,open,"Review Thai relation, virtual presentation and public persona/account link."
review_48d990c2ba3be55be3a4,acct_ace0fe27e9f1bdc25998,legacy_scope_review,open,"Review Thai relation, virtual presentation and public persona/account link."
review_494113ae27e60b033b18,acct_8aca6705141124ad9f2e,legacy_scope_review,open,"Review Thai relation, virtual presentation and public persona/account link."
review_4a26aebf6c3ac8ddfd9f,acct_a8c823b39a98659b6838,legacy_scope_review,open,"Review Thai relation, virtual presentation and public persona/account link."
review_4a3bec7d415eeeff19e7,acct_2cb609e197c086d578ac,legacy_scope_review,open,"Review Thai relation, virtual presentation and public persona/account link."
review_4a71284e4ee39d02e56c,acct_6015f25d6876fefd84d1,legacy_scope_review,open,"Review Thai relation, virtual presentation and public persona/account link."
review_4a7dd0f6888f5c76d82b,acct_26642d1b007e4b3c19b1,legacy_scope_review,open,"Review Thai relation, virtual presentation and public persona/account link."
review_4ac2b48ddd89fa57ff48,acct_51e625c5ad3fc59c22c6,legacy_scope_review,open,"Review Thai relation, virtual presentation and public persona/account link."
review_4b17ede159c3b82001f6,acct_3f41dedf23de886d5288,legacy_scope_review,open,"Review Thai relation, virtual presentation and public persona/account link."
review_4b3b1023a069ea86b754,acct_35643e361655c9f35f0e,legacy_scope_review,open,"Review Thai relation, virtual presentation and public persona/account link."
review_4bca0c8880fea64619fd,acct_8b7829e8b3be4ee6ec25,legacy_scope_review,open,"Review Thai relation, virtual presentation and public persona/account link."
review_4c2223255b246e95cc46,acct_7c1bd63a6a76ea372220,legacy_scope_review,open,"Review Thai relation, virtual presentation and public persona/account link."
review_4c47981a25fde4391d83,acct_5c9501484ae25ca72672,legacy_scope_review,open,"Review Thai relation, virtual presentation and public persona/account link."
review_4c6adab2573bdea05ffd,acct_accff5534ac48b8329cc,legacy_scope_review,open,"Review Thai relation, virtual presentation and public persona/account link."
review_4caf345f4e4de5e0b6e2,acct_14757d808954a1316fd1,legacy_scope_review,open,"Review Thai relation, virtual presentation and public persona/account link."
review_4cfefc11710e62441d58,acct_566ca8fae4a227e73a78,legacy_scope_review,open,"Review Thai relation, virtual presentation and public persona/account link."
review_4d78e7626237f1beb976,acct_d73437884ccb3cfa1d0a,legacy_scope_review,open,"Review Thai relation, virtual presentation and public persona/account link."
review_4d933e48caf216e57a78,acct_ee0128206c4039adf525,legacy_scope_review,open,"Review Thai relation, virtual presentation and public persona/account link."
review_4db45db94fccca189b86,acct_1fff66585b478dd3dad7,legacy_scope_review,open,"Review Thai relation, virtual presentation and public persona/account link."
review_4dfa2038a460a69e2fdd,acct_87f1219bf0284e2af218,legacy_scope_review,open,"Review Thai relation, virtual presentation and public persona/account link."
review_4e222d0228dbcbc7340a,acct_ed5fc8273137d88e293a,legacy_scope_review,open,"Review Thai relation, virtual presentation and public persona/account link."
review_4e401d75a05201370990,acct_a91cba1d187bf7590991,legacy_scope_review,open,"Review Thai relation, virtual presentation and public persona/account link."
review_4e6fdb59c81cd21f7d0e,acct_c342dcf5b12906d970dd,legacy_scope_review,open,"Review Thai relation, virtual presentation and public persona/account link."
review_4ea144c72a101cb2b72b,acct_5990ae084694a5995d1d,legacy_scope_review,open,"Review Thai relation, virtual presentation and public persona/account link."
review_4ebeaf20fad101d7fc71,acct_c46313350c7fe0ca5440,legacy_scope_review,open,"Review Thai relation, virtual presentation and public persona/account link."
review_4edc74ffd055eae72f52,acct_4e4f6b464834d5262eda,legacy_scope_review,open,"Review Thai relation, virtual presentation and public persona/account link."
review_4f18c2d67860c2f095f6,acct_3326f498810146a45ddc,legacy_scope_review,open,"Review Thai relation, virtual presentation and public persona/account link."
review_4f3c9ea51eb72ce7968d,acct_dda0f2df43552a79da35,legacy_scope_review,open,"Review Thai relation, virtual presentation and public persona/account link."
review_4f8ea5ea4f209ee9058d,acct_6c76f2d1de64c7f2fa6c,legacy_scope_review,open,"Review Thai relation, virtual presentation and public persona/account link."
review_4f92224f37be317c2800,acct_2199e6c44135f99cfce2,legacy_scope_review,open,"Review Thai relation, virtual presentation and public persona/account link."
review_4f950fc12df39a1cca16,acct_59d468e1e83f27b626ad,legacy_scope_review,open,"Review Thai relation, virtual presentation and public persona/account link."
review_4f95867260a5fe6c1329,acct_bcc4ae840b31847d73e7,legacy_scope_review,open,"Review Thai relation, virtual presentation and public persona/account link."
review_4fd3d2016ee78f01bdfb,acct_8f41ee0cde8358bb6789,legacy_scope_review,open,"Review Thai relation, virtual presentation and public persona/account link."
review_4fe23f1adae63d3a726a,acct_476c0686c38e2b69ee76,legacy_scope_review,open,"Review Thai relation, virtual presentation and public persona/account link."
review_4ffdc09df09b7a0590c0,acct_bec5571c1cd173cc4ce6,legacy_scope_review,open,"Review Thai relation, virtual presentation and public persona/account link."
review_503f891a1f83981cb8e4,acct_d17400b19a3f1cadd5f4,legacy_scope_review,open,"Review Thai relation, virtual presentation and public persona/account link."
review_507d94cfa3a3d7532d92,acct_3abdba7347bfb1a1a569,legacy_scope_review,open,"Review Thai relation, virtual presentation and public persona/account link."
review_50af6619f8a21921a340,acct_f25f4611332a6c1aebdd,legacy_scope_review,open,"Review Thai relation, virtual presentation and public persona/account link."
review_50b7bb1d3a06a5499d61,acct_17c1edce19fc901823ac,legacy_scope_review,open,"Review Thai relation, virtual presentation and public persona/account link."
review_510d31acdb30b600eecb,acct_3787eba9d75ebe8bacee,legacy_scope_review,open,"Review Thai relation, virtual presentation and public persona/account link."
review_512b8a22417866663e3e,acct_92f6dd9aeb4822930d1e,legacy_scope_review,open,"Review Thai relation, virtual presentation and public persona/account link."
review_5156556921bd44a436d4,acct_fad7c2c7699684f7820d,legacy_scope_review,open,"Review Thai relation, virtual presentation and public persona/account link."
review_5163596570312752e563,acct_c09b4f4117957c52f491,legacy_scope_review,open,"Review Thai relation, virtual presentation and public persona/account link."
review_51c882f21c831d7d2130,acct_a17164f16d824d2e6de5,legacy_scope_review,open,"Review Thai relation, virtual presentation and public persona/account link."
review_51fed8326e5b8d9d5b7b,acct_4e24c006f92764af6864,legacy_scope_review,open,"Review Thai relation, virtual presentation and public persona/account link."
review_52006bb8adc75b2aa6ee,acct_550dd1fd92c49e05df9b,legacy_scope_review,open,"Review Thai relation, virtual presentation and public persona/account link."
review_52037072930c9554b765,acct_cd2f54ffe6380eee211f,legacy_scope_review,open,"Review Thai relation, virtual presentation and public persona/account link."
review_5203c54dce13168b26d8,acct_a98a0344765f12de3aa0,legacy_scope_review,open,"Review Thai relation, virtual presentation and public persona/account link."
review_5218f4a892b703eec894,acct_d4246f1abbc73c541df0,legacy_scope_review,open,"Review Thai relation, virtual presentation and public persona/account link."
review_5225f46b6c84c25c1e18,acct_aa7f3623294acbb21906,legacy_scope_review,open,"Review Thai relation, virtual presentation and public persona/account link."
review_5235129b5a18ed8570c9,acct_dd00afd568f46ceaf075,legacy_scope_review,open,"Review Thai relation, virtual presentation and public persona/account link."
review_523f6fda58bc971bb7dd,acct_ef0cdbff830b1fc33e12,legacy_scope_review,open,"Review Thai relation, virtual presentation and public persona/account link."
review_5291c869cbb246b4f916,acct_d4e5ab7bb0bf538066b4,legacy_scope_review,open,"Review Thai relation, virtual presentation and public persona/account link."
review_52dea00497f49d3078d8,acct_6abbe65705ee39eaf4ea,legacy_scope_review,open,"Review Thai relation, virtual presentation and public persona/account link."
review_5303d9d7c0e0f3c0d425,acct_3f6174ef4b3ece0954ae,legacy_scope_review,open,"Review Thai relation, virtual presentation and public persona/account link."
review_53298a6b63f419ad9ffc,acct_0b7099e4dc9247e3134e,legacy_scope_review,open,"Review Thai relation, virtual presentation and public persona/account link."
review_532df9885a584451a508,acct_2a29faf0fa5a45e2a6cf,legacy_scope_review,open,"Review Thai relation, virtual presentation and public persona/account link."
review_534d03bd0aae8bd61ab3,acct_008bf964799cfe347463,legacy_scope_review,open,"Review Thai relation, virtual presentation and public persona/account link."
review_53989f0e0db99887770d,acct_8acc870d0ab9773ebf4a,legacy_scope_review,open,"Review Thai relation, virtual presentation and public persona/account link."
review_53ad2b492e7c99799fea,acct_94aff959a8932e987599,legacy_scope_review,open,"Review Thai relation, virtual presentation and public persona/account link."
review_548ba532d1e069577a13,acct_836548c324d3c2dac509,legacy_scope_review,open,"Review Thai relation, virtual presentation and public persona/account link."
review_54d2fd63cae30130b391,acct_0054c18f02394540fe4a,legacy_scope_review,open,"Review Thai relation, virtual presentation and public persona/account link."
review_54f36fc978e918a7679a,acct_b672e30f458b7848637e,legacy_scope_review,open,"Review Thai relation, virtual presentation and public persona/account link."
review_550d4c1ea7a2bf998548,acct_535667a29f52e9e70a6d,legacy_scope_review,open,"Review Thai relation, virtual presentation and public persona/account link."
review_5511c9662b2658f2c2a8,acct_060bffec0663a0dadaa5,legacy_scope_review,open,"Review Thai relation, virtual presentation and public persona/account link."
review_55197add7e0d2088f1fa,acct_4782dd45fb038f903c49,legacy_scope_review,open,"Review Thai relation, virtual presentation and public persona/account link."
review_552cb01de766e10aec56,acct_d4a93b1078e1706afbd2,legacy_scope_review,open,"Review Thai relation, virtual presentation and public persona/account link."
review_553433f00313693cfb80,acct_43f4dd4859f24492928b,legacy_scope_review,open,"Review Thai relation, virtual presentation and public persona/account link."
review_55438da02c7dd36fa4ab,acct_aa0207f3d32cf4aa2eb7,legacy_scope_review,open,"Review Thai relation, virtual presentation and public persona/account link."
review_5557bd204be672dfed92,acct_9ca50b18ecc626aa78c7,legacy_scope_review,open,"Review Thai relation, virtual presentation and public persona/account link."
review_558e8a0b01be42d58a1f,acct_cbc878b31a4f6a612862,legacy_scope_review,open,"Review Thai relation, virtual presentation and public persona/account link."
review_55a78be8b6fac7302c16,acct_e0af095818bebf9fca14,legacy_scope_review,open,"Review Thai relation, virtual presentation and public persona/account link."
review_55aad433f01db0948926,acct_038d6d2687383a742dc4,legacy_scope_review,open,"Review Thai relation, virtual presentation and public persona/account link."
review_55ebcb892949c04c59b5,acct_6ff2362e30565925d510,legacy_scope_review,open,"Review Thai relation, virtual presentation and public persona/account link."
review_5606a54b73bda9e9a07a,acct_d186831f0c3f51f2715e,legacy_scope_review,open,"Review Thai relation, virtual presentation and public persona/account link."
review_561b7403f8930433f966,acct_4ec3df3503ec8b197d93,legacy_scope_review,open,"Review Thai relation, virtual presentation and public persona/account link."
review_567c1ed1e0cb1156e39e,acct_f419c21542673d70bfaf,legacy_scope_review,open,"Review Thai relation, virtual presentation and public persona/account link."
review_5691648678ac593a9411,acct_ae90fe78a0f0e0300b50,legacy_scope_review,open,"Review Thai relation, virtual presentation and public persona/account link."
review_56a840d16e17d10785a4,acct_3f9be679fb88d1f02e1f,legacy_scope_review,open,"Review Thai relation, virtual presentation and public persona/account link."
review_572feaa85c9b52e067c1,acct_63d71f4cb996fda14ff5,legacy_scope_review,open,"Review Thai relation, virtual presentation and public persona/account link."
review_574fa6097dd4bb45f721,acct_7ee846af0ee62169ccaf,legacy_scope_review,open,"Review Thai relation, virtual presentation and public persona/account link."
review_575e7a60a068ebde58b9,acct_f383acd4543bce7522b3,legacy_scope_review,open,"Review Thai relation, virtual presentation and public persona/account link."
review_57799afde3d4f659d890,acct_3fe7aa5e6dca4d78aff4,legacy_scope_review,open,"Review Thai relation, virtual presentation and public persona/account link."
review_57998410fd1a9309e20b,acct_15ecb00ad558f37a0465,legacy_scope_review,open,"Review Thai relation, virtual presentation and public persona/account link."
review_57f404483377f198aa1b,acct_437a5e421f668acc1b3f,legacy_scope_review,open,"Review Thai relation, virtual presentation and public persona/account link."
review_585934d6c9d16e332dbc,acct_72c560a1cf882b9f0673,legacy_scope_review,open,"Review Thai relation, virtual presentation and public persona/account link."
review_5867059a6221470d0543,acct_f865e7f413e51e6cefd3,legacy_scope_review,open,"Review Thai relation, virtual presentation and public persona/account link."
review_588ed7d354c6d8efe13e,acct_583180c646273767ce20,legacy_scope_review,open,"Review Thai relation, virtual presentation and public persona/account link."
review_58b3f720d06e74604589,acct_65612acad4ba32c11dd6,legacy_scope_review,open,"Review Thai relation, virtual presentation and public persona/account link."
review_58bb710f5b6910fd9880,acct_61aad66d5ebc835fbbc6,legacy_scope_review,open,"Review Thai relation, virtual presentation and public persona/account link."
review_58fddabe4a553b2f1986,acct_1f57c101e8ca5de6b6c8,legacy_scope_review,open,"Review Thai relation, virtual presentation and public persona/account link."
review_59051e644e71bc3249e1,acct_3cf0a077a9c1922d4189,legacy_scope_review,open,"Review Thai relation, virtual presentation and public persona/account link."
review_5925af80199c537b77e1,acct_1453b790f25cad572a46,legacy_scope_review,open,"Review Thai relation, virtual presentation and public persona/account link."
review_5942f8323ace1e840470,acct_0d7faef5ab857065e60f,legacy_scope_review,open,"Review Thai relation, virtual presentation and public persona/account link."
review_599ea1e36821b02d987e,acct_3f4181bd90b0695c3d6a,legacy_scope_review,open,"Review Thai relation, virtual presentation and public persona/account link."
review_59b555b266f6c759bd37,acct_4701b1b1f05f102dbe73,legacy_scope_review,open,"Review Thai relation, virtual presentation and public persona/account link."
review_5a96245c222e3b21673b,acct_836f681f6b708dcaa644,legacy_scope_review,open,"Review Thai relation, virtual presentation and public persona/account link."
review_5abd3ec8c5489ccc8d89,acct_4d9cdcabae55f53435e8,legacy_scope_review,open,"Review Thai relation, virtual presentation and public persona/account link."
review_5ac6eab5c4033fb0cc9c,acct_3f55a03ef2c389460c60,legacy_scope_review,open,"Review Thai relation, virtual presentation and public persona/account link."
review_5ad094f57bc97f2f4b0e,acct_3712f2cd567c244fc2d6,legacy_scope_review,open,"Review Thai relation, virtual presentation and public persona/account link."
review_5b0d5c710f38d516f5b4,acct_8827e8152131c92c7b3e,legacy_scope_review,open,"Review Thai relation, virtual presentation and public persona/account link."
review_5b1cb2aab4423f14022e,acct_5191793de904bcb6ebb6,legacy_scope_review,open,"Review Thai relation, virtual presentation and public persona/account link."
review_5b40c1b566235ba422ab,acct_e91018fa5f1a210648d4,legacy_scope_review,open,"Review Thai relation, virtual presentation and public persona/account link."
review_5b974d7588f8864c1c01,acct_5e161fb2502ab150e7fa,legacy_scope_review,open,"Review Thai relation, virtual presentation and public persona/account link."
review_5ba5280ca6b9af295d3e,acct_8988967d6ce7fad0a322,legacy_scope_review,open,"Review Thai relation, virtual presentation and public persona/account link."
review_5bae9048b3feb31d44e1,acct_57ece9e8e2b56f93b42b,legacy_scope_review,open,"Review Thai relation, virtual presentation and public persona/account link."
review_5bf29f997408e26a126c,acct_3b40ddeac1629f891b9c,legacy_scope_review,open,"Review Thai relation, virtual presentation and public persona/account link."
review_5c051feb89a4397a0650,acct_b5ee9d488f6e35e0bf39,legacy_scope_review,open,"Review Thai relation, virtual presentation and public persona/account link."
review_5c214c7f93d3078a71b1,acct_d355109a7395dd9eaa24,legacy_scope_review,open,"Review Thai relation, virtual presentation and public persona/account link."
review_5c7c167bc302df84a630,acct_dfeca64085d52fc5a914,legacy_scope_review,open,"Review Thai relation, virtual presentation and public persona/account link."
review_5cd9e52bf4f249fb4552,acct_68f711865fdd6964f117,legacy_scope_review,open,"Review Thai relation, virtual presentation and public persona/account link."
review_5cdaafb7d8ffaa6fa1e0,acct_03ef8931110545f8a3a6,legacy_scope_review,open,"Review Thai relation, virtual presentation and public persona/account link."
review_5d43750018213205b555,acct_8be9b68baa0c9504148c,legacy_scope_review,open,"Review Thai relation, virtual presentation and public persona/account link."
review_5d53922dacc040a4d1d3,acct_4b10f8879c312bd8a8da,legacy_scope_review,open,"Review Thai relation, virtual presentation and public persona/account link."
review_5d74f9eca688bd27ddf6,acct_1070da80876211290e8d,legacy_scope_review,open,"Review Thai relation, virtual presentation and public persona/account link."
review_5ddad1c2508c717b2195,acct_1fc25858ae3c71f2d078,legacy_scope_review,open,"Review Thai relation, virtual presentation and public persona/account link."
review_5df2539b6c388aee226b,acct_4ebfdb624967acc0d527,legacy_scope_review,open,"Review Thai relation, virtual presentation and public persona/account link."
review_5df3a9dc0b8aee145b89,acct_a18d895dec10a826b935,legacy_scope_review,open,"Review Thai relation, virtual presentation and public persona/account link."
review_5e5e92742064dce9b0c0,acct_bda46bdf810eff9e9190,legacy_scope_review,open,"Review Thai relation, virtual presentation and public persona/account link."
review_5e75252cd528255ec5ee,acct_d021450f901d02819572,legacy_scope_review,open,"Review Thai relation, virtual presentation and public persona/account link."
review_5e8633fb185821c60bc2,acct_5e2ffa7ad44c3593bdff,legacy_scope_review,open,"Review Thai relation, virtual presentation and public persona/account link."
review_5e902dad31c06b80a1ba,acct_d3fbc7153d7de2237a84,legacy_scope_review,open,"Review Thai relation, virtual presentation and public persona/account link."
review_5ecc6994784950a1f053,acct_a983548c27b8b7c26888,legacy_scope_review,open,"Review Thai relation, virtual presentation and public persona/account link."
review_5ed0f8d77976991b8044,acct_ae542f4d40d06089eb9a,legacy_scope_review,open,"Review Thai relation, virtual presentation and public persona/account link."
review_5edc64d3c0d6974e9b21,acct_b5d95aa689236899547a,legacy_scope_review,open,"Review Thai relation, virtual presentation and public persona/account link."
review_5ef37306ba24fd0d82dd,acct_391359e701472d483bcb,legacy_scope_review,open,"Review Thai relation, virtual presentation and public persona/account link."
review_5ef385f1c65865f2c0be,acct_375e4c53597254bf54e0,legacy_scope_review,open,"Review Thai relation, virtual presentation and public persona/account link."
review_5f6becf3a7fe648e1e00,acct_1f07267d5f9c3e8795c5,legacy_scope_review,open,"Review Thai relation, virtual presentation and public persona/account link."
review_5f7fed54c555d7f9106a,acct_ee4abe7daf3a3111ee64,legacy_scope_review,open,"Review Thai relation, virtual presentation and public persona/account link."
review_5fbdf02e0d81febdeef4,acct_cb79278a6f82634a7755,legacy_scope_review,open,"Review Thai relation, virtual presentation and public persona/account link."
review_5fdc0a7901dd8ed9dc81,acct_bcda8b9c68a1090c394c,legacy_scope_review,open,"Review Thai relation, virtual presentation and public persona/account link."
review_5ffaebac59d6358da490,acct_d991293d2f094e2246e6,legacy_scope_review,open,"Review Thai relation, virtual presentation and public persona/account link."
review_60327e6e38422dbe727e,acct_c3bbe9f92bc47d82fc97,legacy_scope_review,open,"Review Thai relation, virtual presentation and public persona/account link."
review_607862c2fbcd74bbadbf,acct_425e135eb2b5836065be,legacy_scope_review,open,"Review Thai relation, virtual presentation and public persona/account link."
review_609bfeae925351cc442a,acct_9363e9a3096d9cc98901,legacy_scope_review,open,"Review Thai relation, virtual presentation and public persona/account link."
review_60c952b65eb38e50c378,acct_0e169704a7f0cb38cb99,legacy_scope_review,open,"Review Thai relation, virtual presentation and public persona/account link."
review_612b7afa0bd9d1a02dac,acct_107a09b31864c0290c9d,legacy_scope_review,open,"Review Thai relation, virtual presentation and public persona/account link."
review_6149efd5d2066a6528fe,acct_559fc9d188c26e787207,legacy_scope_review,open,"Review Thai relation, virtual presentation and public persona/account link."
review_61d83ff8754b2ab88c27,acct_35760fd0399752639274,legacy_scope_review,open,"Review Thai relation, virtual presentation and public persona/account link."
review_61f0831876fb64a995f2,acct_6c6daae7fb43ecc64e9a,legacy_scope_review,open,"Review Thai relation, virtual presentation and public persona/account link."
review_61f299208f7b21e0217b,acct_085f017102f046eb5425,legacy_scope_review,open,"Review Thai relation, virtual presentation and public persona/account link."
review_61f5671fc399c6b42a3d,acct_3b9b0cc0469b2998acc6,legacy_scope_review,open,"Review Thai relation, virtual presentation and public persona/account link."
review_62535d0709c3db104449,acct_095cf3107479dcbede3d,legacy_scope_review,open,"Review Thai relation, virtual presentation and public persona/account link."
review_6277dc18ee9ca003b8e4,acct_09312885ed687a18208b,legacy_scope_review,open,"Review Thai relation, virtual presentation and public persona/account link."
review_627b1e78c20d6b05b215,acct_3790a9f928f60662393d,legacy_scope_review,open,"Review Thai relation, virtual presentation and public persona/account link."
review_6293a246e04c7e9559cd,acct_56b4bab8c776abc27204,legacy_scope_review,open,"Review Thai relation, virtual presentation and public persona/account link."
review_62cf1a0d9fc406a1ea03,acct_441e4e2be9c0046d0403,legacy_scope_review,open,"Review Thai relation, virtual presentation and public persona/account link."
review_62f6a6f3ee129e253637,acct_46db54de0b0e8b4c0fc9,legacy_scope_review,open,"Review Thai relation, virtual presentation and public persona/account link."
review_630b1e68cda9bd36c2b2,acct_9065e1aa461894aab24e,legacy_scope_review,open,"Review Thai relation, virtual presentation and public persona/account link."
review_633a29638bb031e8bd95,acct_fb75ed1b3d59800c069b,legacy_scope_review,open,"Review Thai relation, virtual presentation and public persona/account link."
review_634a7e69acd6fd1459a6,acct_4bdd64d4fd6a50c676f7,legacy_scope_review,open,"Review Thai relation, virtual presentation and public persona/account link."
review_636378ed68805c1f549a,acct_e611f092e4ed3eddc4b5,legacy_scope_review,open,"Review Thai relation, virtual presentation and public persona/account link."
review_6395bef9fc6e10ac2bb9,acct_e46c5be669d785d0fd3d,legacy_scope_review,open,"Review Thai relation, virtual presentation and public persona/account link."
review_63a4cbba38201a34d032,acct_1c289fa31132d1fc924d,legacy_scope_review,open,"Review Thai relation, virtual presentation and public persona/account link."
review_6414cde20f4c3f4564ba,acct_f12970dbaab27d715ddf,legacy_scope_review,open,"Review Thai relation, virtual presentation and public persona/account link."
review_64167c03512c726b3b5e,acct_20e171d85e7c03951046,legacy_scope_review,open,"Review Thai relation, virtual presentation and public persona/account link."
review_6418a4e946eeb8ad083c,acct_22a6e13cbefacd9ce22b,legacy_scope_review,open,"Review Thai relation, virtual presentation and public persona/account link."
review_64450da84a66b12ec4e1,acct_3f7903743264646768eb,legacy_scope_review,open,"Review Thai relation, virtual presentation and public persona/account link."
review_6447e643405593ce138e,acct_496a2e5e4313de86be04,legacy_scope_review,open,"Review Thai relation, virtual presentation and public persona/account link."
review_644a7627e4f243e1eac2,acct_f5bd112709086a48c070,legacy_scope_review,open,"Review Thai relation, virtual presentation and public persona/account link."
review_6450e39cf070a117b023,acct_9666d8ed2a7d1d54627a,legacy_scope_review,open,"Review Thai relation, virtual presentation and public persona/account link."
review_64a2a9d620b19a534611,acct_263a54a3b8f5383815d7,legacy_scope_review,open,"Review Thai relation, virtual presentation and public persona/account link."
review_650a23a4ba33685c11b4,acct_993407f9f5c07b204a48,legacy_scope_review,open,"Review Thai relation, virtual presentation and public persona/account link."
review_652ca26107d2429badb9,acct_760333f44fb397b47d90,legacy_scope_review,open,"Review Thai relation, virtual presentation and public persona/account link."
review_658163620ceed0469375,acct_fc8e8aff85fd1afb35a7,legacy_scope_review,open,"Review Thai relation, virtual presentation and public persona/account link."
review_65853b2f48a0873c891e,acct_d7ff7b7466c75e49e5ba,legacy_scope_review,open,"Review Thai relation, virtual presentation and public persona/account link."
review_65d45b2e7fa5b0beca87,acct_75898a5b51ca3782482d,legacy_scope_review,open,"Review Thai relation, virtual presentation and public persona/account link."
review_663b0eb32e5d6511c204,acct_97feca3b4ece70811951,legacy_scope_review,open,"Review Thai relation, virtual presentation and public persona/account link."
review_668d223b2a2cfde62942,acct_ec965f90ecdb491a13c6,legacy_scope_review,open,"Review Thai relation, virtual presentation and public persona/account link."
review_66a540a38446f2efae4e,acct_428bcfe1cb90ab9205de,legacy_scope_review,open,"Review Thai relation, virtual presentation and public persona/account link."
review_66bf8c928154baaeeab9,acct_ed5bf2b5036269de1ca7,legacy_scope_review,open,"Review Thai relation, virtual presentation and public persona/account link."
review_6748c393cda688e74022,acct_2847b3a76f5577be2972,legacy_scope_review,open,"Review Thai relation, virtual presentation and public persona/account link."
review_6759fa685047810774f0,acct_4031a0b3266558a35f48,legacy_scope_review,open,"Review Thai relation, virtual presentation and public persona/account link."
review_679ec4477afcb6b90007,acct_8e9166ba094a5a9ed1a7,legacy_scope_review,open,"Review Thai relation, virtual presentation and public persona/account link."
review_67a82d03828995af875b,acct_acbe26c5f1a8ba58f7d3,legacy_scope_review,open,"Review Thai relation, virtual presentation and public persona/account link."
review_67de96e2815dc1838b35,acct_1ae27ceacfce27a98238,legacy_scope_review,open,"Review Thai relation, virtual presentation and public persona/account link."
review_67ea7bb5e903294cfc55,acct_c46e0782e464ebc3512d,legacy_scope_review,open,"Review Thai relation, virtual presentation and public persona/account link."
review_68a6c2711ed374335d3a,acct_2a8da4d3086e5b5dec9f,legacy_scope_review,open,"Review Thai relation, virtual presentation and public persona/account link."
review_68c2ccb7e62120928ca9,acct_951715ddd3052e87c47b,legacy_scope_review,open,"Review Thai relation, virtual presentation and public persona/account link."
review_68d2c02ad8256533cdc7,acct_3089fc58f036fcc43452,legacy_scope_review,open,"Review Thai relation, virtual presentation and public persona/account link."
review_68dee1ced9be45d693cf,acct_0c7ec82f150fca50f29e,legacy_scope_review,open,"Review Thai relation, virtual presentation and public persona/account link."
review_68eb0a8f545c012d3983,acct_26117d05f4e07dc82739,legacy_scope_review,open,"Review Thai relation, virtual presentation and public persona/account link."
review_68f90e10bf1483b3a0c2,acct_3af03797b2260e69d408,legacy_scope_review,open,"Review Thai relation, virtual presentation and public persona/account link."
review_690c160336ecc8453455,acct_9c7e66556b7662a798d3,legacy_scope_review,open,"Review Thai relation, virtual presentation and public persona/account link."
review_692b7cadff6ff16b0970,acct_4d214cd52f463b19bf10,legacy_scope_review,open,"Review Thai relation, virtual presentation and public persona/account link."
review_6946141b7b85ea83f693,acct_b48b2ac1acb9b51cc84c,legacy_scope_review,open,"Review Thai relation, virtual presentation and public persona/account link."
review_695ce6f535f458611beb,acct_b7b9d3398909b1b4ac76,legacy_scope_review,open,"Review Thai relation, virtual presentation and public persona/account link."
review_69d40799417fc3c23837,acct_b3a5b8528443a43c8f49,legacy_scope_review,open,"Review Thai relation, virtual presentation and public persona/account link."
review_6a012f2853f0ded69513,acct_c9f2dac19609cb5660e8,legacy_scope_review,open,"Review Thai relation, virtual presentation and public persona/account link."
review_6a04f3b46d3fc4c28880,acct_5f005a25b6fccbe5c70a,legacy_scope_review,open,"Review Thai relation, virtual presentation and public persona/account link."
review_6a1361c9f6b958518759,acct_e0094e8759db22bc881a,legacy_scope_review,open,"Review Thai relation, virtual presentation and public persona/account link."
review_6a3074db92d2535b9bbc,acct_7cae1bfc7cedd619df08,legacy_scope_review,open,"Review Thai relation, virtual presentation and public persona/account link."
review_6a3c18619040fd49d755,acct_2325a5f7c4cbc036427f,legacy_scope_review,open,"Review Thai relation, virtual presentation and public persona/account link."
review_6aa93eca47b0ec52ed52,acct_04542eca76fa0d7a79c7,legacy_scope_review,open,"Review Thai relation, virtual presentation and public persona/account link."
review_6b1ace5874d62d06780a,acct_4b4682afaa4fb60a0dcd,legacy_scope_review,open,"Review Thai relation, virtual presentation and public persona/account link."
review_6bcacc3cebe611dda855,acct_fa015cd6b18cceeb4f89,legacy_scope_review,open,"Review Thai relation, virtual presentation and public persona/account link."
review_6bd01a73bc278b527c26,acct_c461b42ecd4434ceb02e,legacy_scope_review,open,"Review Thai relation, virtual presentation and public persona/account link."
review_6bfd5be2c0cad8fef83e,acct_5bb1224d8dc0834da2c6,legacy_scope_review,open,"Review Thai relation, virtual presentation and public persona/account link."
review_6c152b4adf8dded277b0,acct_e3f3429a4ebfadf12cf3,legacy_scope_review,open,"Review Thai relation, virtual presentation and public persona/account link."
review_6c28faaf93faf4a8d55a,acct_d16c138493f4c39ba078,legacy_scope_review,open,"Review Thai relation, virtual presentation and public persona/account link."
review_6c3d0aee7a32a163dc7b,acct_d82b4dda42dcc945ed24,legacy_scope_review,open,"Review Thai relation, virtual presentation and public persona/account link."
review_6cd46af203dbce5ab5c2,acct_efe7e425139a1a181aa9,legacy_scope_review,open,"Review Thai relation, virtual presentation and public persona/account link."
review_6cdecdb3459f59c35b6f,acct_b5494fb88fd76280e87e,legacy_scope_review,open,"Review Thai relation, virtual presentation and public persona/account link."
review_6ce17778a40bca488134,acct_82971d38f5b5c77a9cf7,legacy_scope_review,open,"Review Thai relation, virtual presentation and public persona/account link."
review_6ce19e8bd79c80f30259,acct_d2655348379936711f68,legacy_scope_review,open,"Review Thai relation, virtual presentation and public persona/account link."
review_6ce437a9076c26465aff,acct_629a5c8b3eac1f4f5470,legacy_scope_review,open,"Review Thai relation, virtual presentation and public persona/account link."
review_6ce60a95d313ff8fddf3,acct_e647472d42d96c47cc48,legacy_scope_review,open,"Review Thai relation, virtual presentation and public persona/account link."
review_6d1dd53f41c6419c94ee,acct_7b8880d76644dde69127,legacy_scope_review,open,"Review Thai relation, virtual presentation and public persona/account link."
review_6d367201d16e61c27f87,acct_8a48401041d7ef827e3e,legacy_scope_review,open,"Review Thai relation, virtual presentation and public persona/account link."
review_6d4cd07d1b9ba1871e36,acct_a34540ec6a5e51dd698a,legacy_scope_review,open,"Review Thai relation, virtual presentation and public persona/account link."
review_6d6601501d6915b48a5c,acct_9ba25fa9fafddfb76377,legacy_scope_review,open,"Review Thai relation, virtual presentation and public persona/account link."
review_6d81db9129ec615dc6c5,acct_1fb38fe8a5df0971cc55,legacy_scope_review,open,"Review Thai relation, virtual presentation and public persona/account link."
review_6d8235b831f73ef658b6,acct_b14bbc59d5bfb900ce22,legacy_scope_review,open,"Review Thai relation, virtual presentation and public persona/account link."
review_6dae8abb48fb425c8dc7,acct_0c0b43d78f96e8b4ea0f,legacy_scope_review,open,"Review Thai relation, virtual presentation and public persona/account link."
review_6dc59c6617308b04297f,acct_3c2697031d8a68d545ef,legacy_scope_review,open,"Review Thai relation, virtual presentation and public persona/account link."
review_6de07910c5e4a48ccac2,acct_08f327dca6cb3999b5b7,legacy_scope_review,open,"Review Thai relation, virtual presentation and public persona/account link."
review_6e2491a68b5d2e5f2f4d,acct_f25d8bdeb188069e0389,legacy_scope_review,open,"Review Thai relation, virtual presentation and public persona/account link."
review_6e384060105599c4fd16,acct_df40cab4dc39d40f77fd,legacy_scope_review,open,"Review Thai relation, virtual presentation and public persona/account link."
review_6e3c6123fa412f93ea9c,acct_507876154a983a15ef82,legacy_scope_review,open,"Review Thai relation, virtual presentation and public persona/account link."
review_6e64903f50a1ab2df044,acct_c8e9350cf4e1c7fece2e,legacy_scope_review,open,"Review Thai relation, virtual presentation and public persona/account link."
review_6e6635764344e650dbbd,acct_7f60fff7302f20c13352,legacy_scope_review,open,"Review Thai relation, virtual presentation and public persona/account link."
review_6ea58f08be0c5580e839,acct_6c2068a3368a1f8c60dd,legacy_scope_review,open,"Review Thai relation, virtual presentation and public persona/account link."
review_6eaac1fc11f3318a7b31,acct_ac8e648bde1d16d821fe,legacy_scope_review,open,"Review Thai relation, virtual presentation and public persona/account link."
review_6ec5f33afadc63847c5b,acct_be99fde8757584b5504c,legacy_scope_review,open,"Review Thai relation, virtual presentation and public persona/account link."
review_6f2bfc5f1b052904a2d2,acct_048ca42392eb2d3470fb,legacy_scope_review,open,"Review Thai relation, virtual presentation and public persona/account link."
review_6f37d60006698eefdb35,acct_a9126d022f3dd70e4258,legacy_scope_review,open,"Review Thai relation, virtual presentation and public persona/account link."
review_6f67644b6a648e92c57e,acct_9dab6b57e74385c00edf,legacy_scope_review,open,"Review Thai relation, virtual presentation and public persona/account link."
review_6fae2f4e1d4b3fadc3b6,acct_af77ee673d97e232710b,legacy_scope_review,open,"Review Thai relation, virtual presentation and public persona/account link."
review_6ff065b3536b0daa8c22,acct_0aed2bcccfa4bb026ca8,legacy_scope_review,open,"Review Thai relation, virtual presentation and public persona/account link."
review_702c137b636912b64d0b,acct_dec20406a6cc84d4c254,legacy_scope_review,open,"Review Thai relation, virtual presentation and public persona/account link."
review_70321c29aa0da90c1ac6,acct_70c9b82986f6ccc48cf6,legacy_scope_review,open,"Review Thai relation, virtual presentation and public persona/account link."
review_705a0fddca5458bb1a13,acct_c13aa92795c3d9c81cb2,legacy_scope_review,open,"Review Thai relation, virtual presentation and public persona/account link."
review_70776d4fa337fd8f4843,acct_e534d1aa598d1620b757,legacy_scope_review,open,"Review Thai relation, virtual presentation and public persona/account link."
review_7122732bbd740587bb8b,acct_729f4b45d05f4d9540b2,legacy_scope_review,open,"Review Thai relation, virtual presentation and public persona/account link."
review_7158b669600a905be3d7,acct_d23ace239402eabbd781,legacy_scope_review,open,"Review Thai relation, virtual presentation and public persona/account link."
review_7206037dfbcb78ed54da,acct_580f3c85925886c4b38a,legacy_scope_review,open,"Review Thai relation, virtual presentation and public persona/account link."
review_72b48eb2127df07c43f1,acct_1a7710ef7d3c9ce5ce3e,legacy_scope_review,open,"Review Thai relation, virtual presentation and public persona/account link."
review_72b80beba0d8b625090d,acct_605843443bb13b414f4c,legacy_scope_review,open,"Review Thai relation, virtual presentation and public persona/account link."
review_72ce80859f9e17c6698d,acct_6ac56dbfa0cc70bee1ef,legacy_scope_review,open,"Review Thai relation, virtual presentation and public persona/account link."
review_72f0afbb036d2ca33b74,acct_ea44d6c11598f86460e1,legacy_scope_review,open,"Review Thai relation, virtual presentation and public persona/account link."
review_72ff3452847f880216ac,acct_5b646ab1107a73ad75d9,legacy_scope_review,open,"Review Thai relation, virtual presentation and public persona/account link."
review_730dd4474f338d39294f,acct_897f9bb20bf4c54a2868,legacy_scope_review,open,"Review Thai relation, virtual presentation and public persona/account link."
review_7330eb176dd2a50c7914,acct_8b6c335286505c670b5d,legacy_scope_review,open,"Review Thai relation, virtual presentation and public persona/account link."
review_733987a7ec6122e0ceb2,acct_de7bb483b2be08a2a385,legacy_scope_review,open,"Review Thai relation, virtual presentation and public persona/account link."
review_735351f597f0a1aabbb2,acct_448bf1f1f04f02843dfe,legacy_scope_review,open,"Review Thai relation, virtual presentation and public persona/account link."
review_737161b010feb00934f1,acct_91d2dda3ca019669b83b,legacy_scope_review,open,"Review Thai relation, virtual presentation and public persona/account link."
review_739e34541d69f5354470,acct_4451039eeba43449605b,legacy_scope_review,open,"Review Thai relation, virtual presentation and public persona/account link."
review_745fcc49f1fec09a7853,acct_5b93013e542cd08488e9,legacy_scope_review,open,"Review Thai relation, virtual presentation and public persona/account link."
review_74b56941917a618a215e,acct_49b3d44cd6646119a442,legacy_scope_review,open,"Review Thai relation, virtual presentation and public persona/account link."
review_74cf2430ae847d1b84a1,acct_ebc1770eddc13d8c9bd2,legacy_scope_review,open,"Review Thai relation, virtual presentation and public persona/account link."
review_74d968e26a3beaa21eb2,acct_6e187ce2f80789ed112c,legacy_scope_review,open,"Review Thai relation, virtual presentation and public persona/account link."
review_7524f689042760cecc93,acct_e6d66c78e26a7011190d,legacy_scope_review,open,"Review Thai relation, virtual presentation and public persona/account link."
review_7560041ca79c0d0dbcdf,acct_e42162fc5c43a2a7ced9,legacy_scope_review,open,"Review Thai relation, virtual presentation and public persona/account link."
review_7560e2f453ad67d54bc7,acct_a0f8cef48e8400e8ebc6,legacy_scope_review,open,"Review Thai relation, virtual presentation and public persona/account link."
review_75b33ab84db2a8e4b6f8,acct_2b6a8b30d6dd027f39ab,legacy_scope_review,open,"Review Thai relation, virtual presentation and public persona/account link."
review_75b4905af8a1667c5e01,acct_83efe66f8cf22a137043,legacy_scope_review,open,"Review Thai relation, virtual presentation and public persona/account link."
review_765be78b216501fa4657,acct_c8c10fa1fb41dc19c263,legacy_scope_review,open,"Review Thai relation, virtual presentation and public persona/account link."
review_765dc507892ff683de9c,acct_fba416436cf0e9b8f9eb,legacy_scope_review,open,"Review Thai relation, virtual presentation and public persona/account link."
review_76aea00196a652cbb962,acct_0c97e75602ede71d3518,legacy_scope_review,open,"Review Thai relation, virtual presentation and public persona/account link."
review_76bde431db2cf6c14995,acct_e30b600161b991da5a62,legacy_scope_review,open,"Review Thai relation, virtual presentation and public persona/account link."
review_76fd0dc496629eec11f2,acct_cb1625a820c26546007b,legacy_scope_review,open,"Review Thai relation, virtual presentation and public persona/account link."
review_77d7d9ed0aa0c0f2c426,acct_2c51962ddb3600d2095b,legacy_scope_review,open,"Review Thai relation, virtual presentation and public persona/account link."
review_7807c41fb366c2040e87,acct_4f608c15c4a372ac77c2,legacy_scope_review,open,"Review Thai relation, virtual presentation and public persona/account link."
review_780e503ca4f6e22ec1cc,acct_cf4a657c579714e8297a,legacy_scope_review,open,"Review Thai relation, virtual presentation and public persona/account link."
review_782a1399e866b8d97db2,acct_50d1dfb40e6b82a2d1c0,legacy_scope_review,open,"Review Thai relation, virtual presentation and public persona/account link."
review_78a0406832cb7daedd38,acct_fd0e2092fc001d47b26f,legacy_scope_review,open,"Review Thai relation, virtual presentation and public persona/account link."
review_78d1a9a3d635eac4ecbb,acct_8771cb3e4ee4e81a6e7f,legacy_scope_review,open,"Review Thai relation, virtual presentation and public persona/account link."
review_78d44a0da419204122f4,acct_ae730e2e3bf1395a3d61,legacy_scope_review,open,"Review Thai relation, virtual presentation and public persona/account link."
review_78e3b6bb0033ad947a97,acct_40840e7451cd6f91f4f7,legacy_scope_review,open,"Review Thai relation, virtual presentation and public persona/account link."
review_79211e978bd0bfff5509,acct_66f298e5625000bad961,legacy_scope_review,open,"Review Thai relation, virtual presentation and public persona/account link."
review_797156a42b55f4deecce,acct_c93cd54b97fed7240c99,legacy_scope_review,open,"Review Thai relation, virtual presentation and public persona/account link."
review_7a3babb2f3b9a8da4b2c,acct_90f56aadc033a76af217,legacy_scope_review,open,"Review Thai relation, virtual presentation and public persona/account link."
review_7a51a586e648abfc27e4,acct_0aa4a9d35f802bee973a,legacy_scope_review,open,"Review Thai relation, virtual presentation and public persona/account link."
review_7a6b9fba7b2498122664,acct_449ce029ced324e305f2,legacy_scope_review,open,"Review Thai relation, virtual presentation and public persona/account link."
review_7af9c61c0b34b2d2e3d2,acct_c3ccec12b5f065286c98,legacy_scope_review,open,"Review Thai relation, virtual presentation and public persona/account link."
review_7b1771fb2a3ee5f67229,acct_2da208fdb69cdad6b053,legacy_scope_review,open,"Review Thai relation, virtual presentation and public persona/account link."
review_7b254214a8b422ae5807,acct_24d616bd9115be162a66,legacy_scope_review,open,"Review Thai relation, virtual presentation and public persona/account link."
review_7b26dd94ca111c3eba03,acct_51d8c4f6b8364f84c96a,legacy_scope_review,open,"Review Thai relation, virtual presentation and public persona/account link."
review_7b74311ebf0414d4fd19,acct_128635ac7270c0daee12,legacy_scope_review,open,"Review Thai relation, virtual presentation and public persona/account link."
review_7bab0f22545ed10d6f3f,acct_a954e8f9657c57715667,legacy_scope_review,open,"Review Thai relation, virtual presentation and public persona/account link."
review_7c2922ca80ab2d9eb043,acct_f1c281986b58b4c11113,legacy_scope_review,open,"Review Thai relation, virtual presentation and public persona/account link."
review_7c9fa7238e9331953fa0,acct_d427823d9cf962d531c9,legacy_scope_review,open,"Review Thai relation, virtual presentation and public persona/account link."
review_7cbd026c7cc16b538083,acct_e37484b3a868432ac124,legacy_scope_review,open,"Review Thai relation, virtual presentation and public persona/account link."
review_7d3cf143d7e59cf23890,acct_eb933f1ed7a95cac4fe2,legacy_scope_review,open,"Review Thai relation, virtual presentation and public persona/account link."
review_7d8e1644f886916a960b,acct_cc3b6759b83536d586f1,legacy_scope_review,open,"Review Thai relation, virtual presentation and public persona/account link."
review_7d99218e988f503e0708,acct_9594a0842a22008a0939,legacy_scope_review,open,"Review Thai relation, virtual presentation and public persona/account link."
review_7dae12d7ee041c06fee6,acct_5a0e781eba9e2bda9f64,legacy_scope_review,open,"Review Thai relation, virtual presentation and public persona/account link."
review_7dc43b05b8d569fc72fb,acct_889ae468d9a3beefd00f,legacy_scope_review,open,"Review Thai relation, virtual presentation and public persona/account link."
review_7e0e720c1fd0da8eced5,acct_7f5baad61af9cab0ce9f,legacy_scope_review,open,"Review Thai relation, virtual presentation and public persona/account link."
review_7e255bac4404b23a53aa,acct_4898fe034b1a5df47581,legacy_scope_review,open,"Review Thai relation, virtual presentation and public persona/account link."
review_7e5d75461b3987971baf,acct_75595b5685d9df3bcf05,legacy_scope_review,open,"Review Thai relation, virtual presentation and public persona/account link."
review_7e8b6304de5287def031,acct_1cc41cdc528be14795a6,legacy_scope_review,open,"Review Thai relation, virtual presentation and public persona/account link."
review_7e972c0034ddf2f64278,acct_f3e6a4e02faefd7d0d54,legacy_scope_review,open,"Review Thai relation, virtual presentation and public persona/account link."
review_7ea5817aee49aca1d254,acct_c14306d05fca90a31207,legacy_scope_review,open,"Review Thai relation, virtual presentation and public persona/account link."
review_7eb37d8966697cc8986e,acct_1dcc7a42ef41be35952d,legacy_scope_review,open,"Review Thai relation, virtual presentation and public persona/account link."
review_7f014f95de4af3863427,acct_0bfe5c4b53fc3e8d2b38,legacy_scope_review,open,"Review Thai relation, virtual presentation and public persona/account link."
review_7facbb3e34acd5d55c96,acct_13a98eab27504bb2161b,legacy_scope_review,open,"Review Thai relation, virtual presentation and public persona/account link."
review_7fd59399c94a84992fbd,acct_4ba6c11d0d7b3236837d,legacy_scope_review,open,"Review Thai relation, virtual presentation and public persona/account link."
review_7ff0c8c24d9d6f4a4aa6,acct_75e14519eeb415ca9de0,legacy_scope_review,open,"Review Thai relation, virtual presentation and public persona/account link."
review_7ff8d771f6d7375f443b,acct_0e70c1cb033c9d71d61b,legacy_scope_review,open,"Review Thai relation, virtual presentation and public persona/account link."
review_7fffc5e1fb77dc0037c9,acct_5f7c758a19c295600244,legacy_scope_review,open,"Review Thai relation, virtual presentation and public persona/account link."
review_805a86f566d1ec45cffc,acct_105a6e572ccdee6be050,legacy_scope_review,open,"Review Thai relation, virtual presentation and public persona/account link."
review_805b51f361f879c7e8c7,acct_76fba66edbb48bae5945,legacy_scope_review,open,"Review Thai relation, virtual presentation and public persona/account link."
review_805c52dd9e53ad6976b2,acct_2d8bd1eda7ac9f1ef1af,legacy_scope_review,open,"Review Thai relation, virtual presentation and public persona/account link."
review_8075669da02f462c7a36,acct_4702a98307ae983f887d,legacy_scope_review,open,"Review Thai relation, virtual presentation and public persona/account link."
review_80b35021b861e1c3c6a3,acct_13de82d9d6ff3197e07f,legacy_scope_review,open,"Review Thai relation, virtual presentation and public persona/account link."
review_80cc851e60370eececb1,acct_cd4fd7260771e04bf0e7,legacy_scope_review,open,"Review Thai relation, virtual presentation and public persona/account link."
review_80d1cd018950ea4848c5,acct_7a6cb50fb48a7b53e8c0,legacy_scope_review,open,"Review Thai relation, virtual presentation and public persona/account link."
review_80d56f7b153607aeb40f,acct_373db4d4ae85fbe28faf,legacy_scope_review,open,"Review Thai relation, virtual presentation and public persona/account link."
review_80e44fd9884f4d30d382,acct_ccb07251f121925ff230,legacy_scope_review,open,"Review Thai relation, virtual presentation and public persona/account link."
review_810359047675e096ac46,acct_1d21083fce47340bf2de,legacy_scope_review,open,"Review Thai relation, virtual presentation and public persona/account link."
review_810aa9748b86d2a47687,acct_91db3af08ecbc08c4e19,legacy_scope_review,open,"Review Thai relation, virtual presentation and public persona/account link."
review_812589ade7fe5b7fa54d,acct_68b0b314fce09fd68705,legacy_scope_review,open,"Review Thai relation, virtual presentation and public persona/account link."
review_81391177a2a659d533db,acct_81665b9fb1822b9b2d08,legacy_scope_review,open,"Review Thai relation, virtual presentation and public persona/account link."
review_8161a4ba4f69c14f6b4f,acct_d08b6377b3dc63588d43,legacy_scope_review,open,"Review Thai relation, virtual presentation and public persona/account link."
review_8171b1119c53a149e07d,acct_7100f0a22e0befca523b,legacy_scope_review,open,"Review Thai relation, virtual presentation and public persona/account link."
review_818e4584eac1c2376d10,acct_aa58f6b56c3baeff0d10,legacy_scope_review,open,"Review Thai relation, virtual presentation and public persona/account link."
review_8196bea32e1eb45e36d0,acct_c08c1014a35e794a17ca,legacy_scope_review,open,"Review Thai relation, virtual presentation and public persona/account link."
review_819f8979affba8ef78e7,acct_8efd0d3866a403b93932,legacy_scope_review,open,"Review Thai relation, virtual presentation and public persona/account link."
review_81b102ae3ec85d9c0682,acct_bcf43fc14d83e18b2e32,legacy_scope_review,open,"Review Thai relation, virtual presentation and public persona/account link."
review_81d383c79478be9861cf,acct_7084d15f6126a05a5c32,legacy_scope_review,open,"Review Thai relation, virtual presentation and public persona/account link."
review_823731f9d004f8ae4c07,acct_ac5e7289821595ef6cc0,legacy_scope_review,open,"Review Thai relation, virtual presentation and public persona/account link."
review_827a68269c070b2f26dd,acct_c08069aa117e81b0f584,legacy_scope_review,open,"Review Thai relation, virtual presentation and public persona/account link."
review_827f80379f85033c5038,acct_3878990485623814a67e,legacy_scope_review,open,"Review Thai relation, virtual presentation and public persona/account link."
review_8285710ffbdf9869a3ec,acct_70d0a98688552324a0f3,legacy_scope_review,open,"Review Thai relation, virtual presentation and public persona/account link."
review_82c4222d7718e0b7db51,acct_d2cd6f36de12846bfd45,legacy_scope_review,open,"Review Thai relation, virtual presentation and public persona/account link."
review_82c4b8d33b24362557c3,acct_ef4e4c56aca5921269c6,legacy_scope_review,open,"Review Thai relation, virtual presentation and public persona/account link."
review_82c545f46ca790f14220,acct_31bbc82d548f283d9f92,legacy_scope_review,open,"Review Thai relation, virtual presentation and public persona/account link."
review_831ba455943d0cf597b2,acct_adc532a4bdd96227346d,legacy_scope_review,open,"Review Thai relation, virtual presentation and public persona/account link."
review_835ff013742cceda4038,acct_135a0b0863baf692413c,legacy_scope_review,open,"Review Thai relation, virtual presentation and public persona/account link."
review_837ca2d718c35d75f614,acct_6305c7badf27dd770a85,legacy_scope_review,open,"Review Thai relation, virtual presentation and public persona/account link."
review_8388e6c9eaf9abcef573,acct_a8f9a790e015bd94b771,legacy_scope_review,open,"Review Thai relation, virtual presentation and public persona/account link."
review_8395b9f07b59973ca5bb,acct_094c4f10ecffa103af6b,legacy_scope_review,open,"Review Thai relation, virtual presentation and public persona/account link."
review_83b2c1dd95eb5481753f,acct_eab730cdd2b3c9dcb9fa,legacy_scope_review,open,"Review Thai relation, virtual presentation and public persona/account link."
review_84057b104f10ae399041,acct_52513723699523f1c85f,legacy_scope_review,open,"Review Thai relation, virtual presentation and public persona/account link."
review_8452ab4d113235aeebed,acct_75d87b7b3cbe8149b033,legacy_scope_review,open,"Review Thai relation, virtual presentation and public persona/account link."
review_84a22237ea11705b2887,acct_113eb18817e4b7570234,legacy_scope_review,open,"Review Thai relation, virtual presentation and public persona/account link."
review_8513cbe758b00e86c625,acct_25eb2b2b7358c619b3d1,legacy_scope_review,open,"Review Thai relation, virtual presentation and public persona/account link."
review_8564708ee3e661a8796f,acct_e24432d240137738e4cd,legacy_scope_review,open,"Review Thai relation, virtual presentation and public persona/account link."
review_8590380de01ebdff77a8,acct_5e5500d24741d1976648,legacy_scope_review,open,"Review Thai relation, virtual presentation and public persona/account link."
review_85e55c07d875ff00fdf0,acct_6632071da47e1e66c58e,legacy_scope_review,open,"Review Thai relation, virtual presentation and public persona/account link."
review_8626f304436d242b5ecf,acct_dcf788afae8642b42235,legacy_scope_review,open,"Review Thai relation, virtual presentation and public persona/account link."
review_8643a88ecd4369d41c91,acct_840b529b5a855e6f74d6,legacy_scope_review,open,"Review Thai relation, virtual presentation and public persona/account link."
review_866849eb8bf58ecb376f,acct_3b1b1ea9d8f92721c6d8,legacy_scope_review,open,"Review Thai relation, virtual presentation and public persona/account link."
review_86728b285055519a3afe,acct_2766f6e1b3ba48f41ab3,legacy_scope_review,open,"Review Thai relation, virtual presentation and public persona/account link."
review_868d66e1c32669a1deee,acct_3b282d25529c3d4f6108,legacy_scope_review,open,"Review Thai relation, virtual presentation and public persona/account link."
review_86beea5ad490ecc57af6,acct_d0e68edb390a796fcb1e,legacy_scope_review,open,"Review Thai relation, virtual presentation and public persona/account link."
review_86d8a3f39f0aa16676dd,acct_a75d3ac6547cb31e0c9f,legacy_scope_review,open,"Review Thai relation, virtual presentation and public persona/account link."
review_86fc82812a17f3cfb1c0,acct_fe3bf65a5a239eed9d22,legacy_scope_review,open,"Review Thai relation, virtual presentation and public persona/account link."
review_8788f0cd605112bde23d,acct_6f324f5d8d2a6157c8a8,legacy_scope_review,open,"Review Thai relation, virtual presentation and public persona/account link."
review_87c4b5abf231fa3ff447,acct_eccdb49b67e259c9ed9b,legacy_scope_review,open,"Review Thai relation, virtual presentation and public persona/account link."
review_87d07ce71df96e62a321,acct_8a048c2b7df47f41d885,legacy_scope_review,open,"Review Thai relation, virtual presentation and public persona/account link."
review_87d86f6796447d67f7b0,acct_4d78883f3b63c3c8b1be,legacy_scope_review,open,"Review Thai relation, virtual presentation and public persona/account link."
review_87ed7063257c91586c70,acct_9efc92837b84c65d77dd,legacy_scope_review,open,"Review Thai relation, virtual presentation and public persona/account link."
review_8839139357da080f24b7,acct_c751e92a4279bec36f69,legacy_scope_review,open,"Review Thai relation, virtual presentation and public persona/account link."
review_8845a4d502bf5b7b2980,acct_50ba84f6c6bb2bd1726d,legacy_scope_review,open,"Review Thai relation, virtual presentation and public persona/account link."
review_88651972ce0462934f2a,acct_26ac8e64acc656310df9,legacy_scope_review,open,"Review Thai relation, virtual presentation and public persona/account link."
review_8876eee2db1d7ea8b383,acct_e67e5c515a13e888f931,legacy_scope_review,open,"Review Thai relation, virtual presentation and public persona/account link."
review_889b114e1914e84993f5,acct_5bbd9269a5cc32027510,legacy_scope_review,open,"Review Thai relation, virtual presentation and public persona/account link."
review_88a82c39694262215488,acct_9dfd82803aeefec09cf8,legacy_scope_review,open,"Review Thai relation, virtual presentation and public persona/account link."
review_88cf65a633aa9ad3bbae,acct_d20300362a2085789b17,legacy_scope_review,open,"Review Thai relation, virtual presentation and public persona/account link."
review_890b62c3c1d96d8a1ec2,acct_ea0dd29bca3a4ae4c0f7,legacy_scope_review,open,"Review Thai relation, virtual presentation and public persona/account link."
review_8910c5a8f3f559e2e9fc,acct_77cefb58d8c37c0fef1e,legacy_scope_review,open,"Review Thai relation, virtual presentation and public persona/account link."
review_8976adb9e7d55880ac16,acct_c853f2164c74ec363cb7,legacy_scope_review,open,"Review Thai relation, virtual presentation and public persona/account link."
review_89f650ca30d593d8ba5e,acct_8173f99df0adbe5aa10c,legacy_scope_review,open,"Review Thai relation, virtual presentation and public persona/account link."
review_8a0c731bdbbe87842dbc,acct_3626c174b2deed01af77,legacy_scope_review,open,"Review Thai relation, virtual presentation and public persona/account link."
review_8a3485ece53875874cf9,acct_4e181822cd1fd488e375,legacy_scope_review,open,"Review Thai relation, virtual presentation and public persona/account link."
review_8a3692064ba82616c62a,acct_343bbb0fcd55e8507167,legacy_scope_review,open,"Review Thai relation, virtual presentation and public persona/account link."
review_8a6655e71c0ac5547ad7,acct_c88e3cbe5628b08caacc,legacy_scope_review,open,"Review Thai relation, virtual presentation and public persona/account link."
review_8a869f7e5cb5e5e7a313,acct_f754c2a8dbcb2774452b,legacy_scope_review,open,"Review Thai relation, virtual presentation and public persona/account link."
review_8abdabd36f44e87df59f,acct_c83ea57ef44a7c958e74,legacy_scope_review,open,"Review Thai relation, virtual presentation and public persona/account link."
review_8ad4730171cab578aef3,acct_ab8716d053f6ce731ce4,legacy_scope_review,open,"Review Thai relation, virtual presentation and public persona/account link."
review_8adc1a793e6efc499870,acct_df1574b3c2ce9ada0cc5,legacy_scope_review,open,"Review Thai relation, virtual presentation and public persona/account link."
review_8ae1ad2133dac02d1d01,acct_f5a3f56936b447a508ec,legacy_scope_review,open,"Review Thai relation, virtual presentation and public persona/account link."
review_8ae6b645440066acdf97,acct_1a74c727685ecc63ddc7,legacy_scope_review,open,"Review Thai relation, virtual presentation and public persona/account link."
review_8b4f4fce04842106c525,acct_4f557378744933299486,legacy_scope_review,open,"Review Thai relation, virtual presentation and public persona/account link."
review_8b53932558e4a56a52df,acct_e43001d1f49adf8cf351,legacy_scope_review,open,"Review Thai relation, virtual presentation and public persona/account link."
review_8b586af223960accc185,acct_e2c46ae0b4c5bd3a60a8,legacy_scope_review,open,"Review Thai relation, virtual presentation and public persona/account link."
review_8b63852287dc86c773c3,acct_51d2a57d4c81fe85d453,legacy_scope_review,open,"Review Thai relation, virtual presentation and public persona/account link."
review_8bb7773fd970dfa9412d,acct_425c50e7b96eccbab15a,legacy_scope_review,open,"Review Thai relation, virtual presentation and public persona/account link."
review_8bc32846ef7a3adcf160,acct_ae308d698c96cc87ef08,legacy_scope_review,open,"Review Thai relation, virtual presentation and public persona/account link."
review_8bc6f11e84fe37d51047,acct_87e4ec30335ebaa76751,legacy_scope_review,open,"Review Thai relation, virtual presentation and public persona/account link."
review_8bc76a3e00b4eb889f04,acct_04dd8cd988fc2eb67182,legacy_scope_review,open,"Review Thai relation, virtual presentation and public persona/account link."
review_8bddfad20b01ea5e0b50,acct_fea96356be4ebdd7a085,legacy_scope_review,open,"Review Thai relation, virtual presentation and public persona/account link."
review_8c05c16abbce797e12f9,acct_0cd69a2f512e958bb302,legacy_scope_review,open,"Review Thai relation, virtual presentation and public persona/account link."
review_8c0a81f78ce5687a299e,acct_58b29c5efbadeeb0f7ce,legacy_scope_review,open,"Review Thai relation, virtual presentation and public persona/account link."
review_8c26a0a0132dc2b99b11,acct_7a801a8042190ec90bb1,legacy_scope_review,open,"Review Thai relation, virtual presentation and public persona/account link."
review_8c70c32f79c90a25a781,acct_3988875be1aa578cfb12,legacy_scope_review,open,"Review Thai relation, virtual presentation and public persona/account link."
review_8ca567baa48268817f35,acct_5c8ea136376176eb151f,legacy_scope_review,open,"Review Thai relation, virtual presentation and public persona/account link."
review_8cca4a17490b16093244,acct_e51d04157c706f45b747,legacy_scope_review,open,"Review Thai relation, virtual presentation and public persona/account link."
review_8d00cd4704c650a0e9cd,acct_0718b15748d8a6c619d2,legacy_scope_review,open,"Review Thai relation, virtual presentation and public persona/account link."
review_8d10bf0e6c83150cbd2e,acct_48b8b043f20c14ee0c13,legacy_scope_review,open,"Review Thai relation, virtual presentation and public persona/account link."
review_8d32546c48fa1f1bc75f,acct_483003313deebe96f5cf,legacy_scope_review,open,"Review Thai relation, virtual presentation and public persona/account link."
review_8d99e5e0cbe768e6e102,acct_0f2a343c127cd3097d7e,legacy_scope_review,open,"Review Thai relation, virtual presentation and public persona/account link."
review_8dc524981dd207310dc9,acct_5c4a884940237bb39d5a,legacy_scope_review,open,"Review Thai relation, virtual presentation and public persona/account link."
review_8e6be113adbc513a63f0,acct_5b094bc9f16d45108435,legacy_scope_review,open,"Review Thai relation, virtual presentation and public persona/account link."
review_8e93509d2b0e6f03f0fd,acct_0d3a89637434626a16a1,legacy_scope_review,open,"Review Thai relation, virtual presentation and public persona/account link."
review_8eab8ce0610a5aa09876,acct_cf5f9c09bb41d73f012d,legacy_scope_review,open,"Review Thai relation, virtual presentation and public persona/account link."
review_8ec5fdd0f2ebbb9bb96c,acct_5b544a1841839a9128a1,legacy_scope_review,open,"Review Thai relation, virtual presentation and public persona/account link."
review_8f16d40429e046e8b171,acct_35342e05853b127c9adf,legacy_scope_review,open,"Review Thai relation, virtual presentation and public persona/account link."
review_8f4ce81b2cbde09952c8,acct_1491e1dcdf9558e89ac7,legacy_scope_review,open,"Review Thai relation, virtual presentation and public persona/account link."
review_8f9b3da9fabf7cf9f2f3,acct_fa495b0ff3b8b55b32f9,legacy_scope_review,open,"Review Thai relation, virtual presentation and public persona/account link."
review_8fcc935059f15b2e5175,acct_dbc1f57c9ad56c0981f3,legacy_scope_review,open,"Review Thai relation, virtual presentation and public persona/account link."
review_9061fc336aac63e8a05c,acct_9a512f0041552de959b8,legacy_scope_review,open,"Review Thai relation, virtual presentation and public persona/account link."
review_90964eeac5ea52efae31,acct_996dc837139d5eb7a86f,legacy_scope_review,open,"Review Thai relation, virtual presentation and public persona/account link."
review_90bad7311bd2af816cbd,acct_c5e2d46b3952a50051df,legacy_scope_review,open,"Review Thai relation, virtual presentation and public persona/account link."
review_90ca17664abfdba1165d,acct_97cafb94a2c5eb7f5cbe,legacy_scope_review,open,"Review Thai relation, virtual presentation and public persona/account link."
review_910c45660f182fdf0c0c,acct_65103938ca7d6d72440a,legacy_scope_review,open,"Review Thai relation, virtual presentation and public persona/account link."
review_91876b4cb4671955fcdc,acct_9e4738522ee08567dac7,legacy_scope_review,open,"Review Thai relation, virtual presentation and public persona/account link."
review_91d91909e3a5d0d0aa80,acct_291042b069c734c52efb,legacy_scope_review,open,"Review Thai relation, virtual presentation and public persona/account link."
review_91ec8c869dcd4041e703,acct_6a70bd5850fc01318272,legacy_scope_review,open,"Review Thai relation, virtual presentation and public persona/account link."
review_921b3011a07a539b8002,acct_a702a41f55f2c27fe430,legacy_scope_review,open,"Review Thai relation, virtual presentation and public persona/account link."
review_92663e9c67f4a2fa3769,acct_f86001f1a7e06d580c13,legacy_scope_review,open,"Review Thai relation, virtual presentation and public persona/account link."
review_926e135a9dafa41b406e,acct_2490bc244efcd6f0ec3d,legacy_scope_review,open,"Review Thai relation, virtual presentation and public persona/account link."
review_927d75676a9f4ef05d9d,acct_c754b832637a995409f0,legacy_scope_review,open,"Review Thai relation, virtual presentation and public persona/account link."
review_9288c5001a25bc6e0f19,acct_680543b085ed473d675b,legacy_scope_review,open,"Review Thai relation, virtual presentation and public persona/account link."
review_92ab658b44914132fe73,acct_6fb317e27889a0a4aa44,legacy_scope_review,open,"Review Thai relation, virtual presentation and public persona/account link."
review_930170d6909256b4e1c1,acct_864835bdb14c2d959b69,legacy_scope_review,open,"Review Thai relation, virtual presentation and public persona/account link."
review_933f4975db5ae53678ed,acct_95b58d37fb7068f3e525,legacy_scope_review,open,"Review Thai relation, virtual presentation and public persona/account link."
review_935521bf1692491d9022,acct_9e3286864a0e849f98f7,legacy_scope_review,open,"Review Thai relation, virtual presentation and public persona/account link."
review_93dd89ff94dee740a165,acct_9cb8b5f56a5e99ec9f9c,legacy_scope_review,open,"Review Thai relation, virtual presentation and public persona/account link."
review_93e70a4e21f0493c145c,acct_07fbe4bcef22be3e2fa1,legacy_scope_review,open,"Review Thai relation, virtual presentation and public persona/account link."
review_93fabfefb02bfc3d6911,acct_29862e6c517b79ce3615,legacy_scope_review,open,"Review Thai relation, virtual presentation and public persona/account link."
review_93fbf68311a13cc0f935,acct_ca334cad1d018058ede0,legacy_scope_review,open,"Review Thai relation, virtual presentation and public persona/account link."
review_94250df0c6b0d51658d2,acct_07e49fef4e5676d0706e,legacy_scope_review,open,"Review Thai relation, virtual presentation and public persona/account link."
review_9473b07081f80095e70e,acct_3bbcc47a6f3de179eaea,legacy_scope_review,open,"Review Thai relation, virtual presentation and public persona/account link."
review_949bb6c0895582dfb1ae,acct_0f0ffd4b3688f74bf2a8,legacy_scope_review,open,"Review Thai relation, virtual presentation and public persona/account link."
review_94bfea500f4d6ef76b46,acct_8937f1ef4bc07b8430c9,legacy_scope_review,open,"Review Thai relation, virtual presentation and public persona/account link."
review_9550e9d5954044bd3af8,acct_90af63e88e206c9ffe7a,legacy_scope_review,open,"Review Thai relation, virtual presentation and public persona/account link."
review_95514521b3c8c4ae8f26,acct_dfd8f88bf1a658207935,legacy_scope_review,open,"Review Thai relation, virtual presentation and public persona/account link."
review_959565cbed773af31456,acct_6764055264896cfe084e,legacy_scope_review,open,"Review Thai relation, virtual presentation and public persona/account link."
review_95a115a7626b34867f1b,acct_f3b584c4681ac4a2d109,legacy_scope_review,open,"Review Thai relation, virtual presentation and public persona/account link."
review_95d3f73f94092ebff15f,acct_c5c415a2eaf7709618ef,legacy_scope_review,open,"Review Thai relation, virtual presentation and public persona/account link."
review_9639903e4353c80af64e,acct_e470c3c2c8185f244751,legacy_scope_review,open,"Review Thai relation, virtual presentation and public persona/account link."
review_96701a90d26e28fa73a8,acct_4e57ec2a7621b4b0e0e1,legacy_scope_review,open,"Review Thai relation, virtual presentation and public persona/account link."
review_96703def2fd0b176815c,acct_5462cbfca210d48c7ccf,legacy_scope_review,open,"Review Thai relation, virtual presentation and public persona/account link."
review_9683306304ef442c087f,acct_8163a2c607da1021c2d6,legacy_scope_review,open,"Review Thai relation, virtual presentation and public persona/account link."
review_9695a2781bda4c4f81ca,acct_f46695de7e58fc6fbe39,legacy_scope_review,open,"Review Thai relation, virtual presentation and public persona/account link."
review_96a5ec1c2f6dcca863f9,acct_173d36c574957d7a2bb4,legacy_scope_review,open,"Review Thai relation, virtual presentation and public persona/account link."
review_96e888156e511e3a48bb,acct_a10fb9200e6db54be285,legacy_scope_review,open,"Review Thai relation, virtual presentation and public persona/account link."
review_9742fc4b225eb56878d3,acct_ede7f935188da3d2dd64,legacy_scope_review,open,"Review Thai relation, virtual presentation and public persona/account link."
review_97c1e0b0d41621dbe93f,acct_41303ff955df10fdf875,legacy_scope_review,open,"Review Thai relation, virtual presentation and public persona/account link."
review_97d2128c7f30d37ba280,acct_dbc45eeba5c1629aea69,legacy_scope_review,open,"Review Thai relation, virtual presentation and public persona/account link."
review_97d782413854d748d0fb,acct_2b73a932bf1bd9de3a24,legacy_scope_review,open,"Review Thai relation, virtual presentation and public persona/account link."
review_980023f0567a8994c1f4,acct_5d656d13fbae6149784e,legacy_scope_review,open,"Review Thai relation, virtual presentation and public persona/account link."
review_989a37e369c071e9c616,acct_7e6b1bc53694b2faac53,legacy_scope_review,open,"Review Thai relation, virtual presentation and public persona/account link."
review_989ab53fa400a1cc1b58,acct_53f8fe7928b02361c211,legacy_scope_review,open,"Review Thai relation, virtual presentation and public persona/account link."
review_98a071c5d6dbb168e490,acct_67849e7fade443adc391,legacy_scope_review,open,"Review Thai relation, virtual presentation and public persona/account link."
review_995cbcaf6a60f6bb9fab,acct_70165df9a8465c8ec25e,legacy_scope_review,open,"Review Thai relation, virtual presentation and public persona/account link."
review_9968923272bcda58f8ad,acct_679f122a3f399ebbb855,legacy_scope_review,open,"Review Thai relation, virtual presentation and public persona/account link."
review_997d52557db303da9e64,acct_11f94e67e2b560ddeaa4,legacy_scope_review,open,"Review Thai relation, virtual presentation and public persona/account link."
review_998bba97ee6cffadfb5e,acct_e87dce77ad1cfaa7bc95,legacy_scope_review,open,"Review Thai relation, virtual presentation and public persona/account link."
review_998f33217a55b86be3dd,acct_8c404c38d84b044a36f7,legacy_scope_review,open,"Review Thai relation, virtual presentation and public persona/account link."
review_99a4bb178b9dccc281d6,acct_bc2a4e9bbd0012a3a0a6,legacy_scope_review,open,"Review Thai relation, virtual presentation and public persona/account link."
review_99b27749e4aec0e30a57,acct_99b22614d26091765a13,legacy_scope_review,open,"Review Thai relation, virtual presentation and public persona/account link."
review_99e68d0ea6025dc994ac,acct_3f20ee82bb97c7de4a8f,legacy_scope_review,open,"Review Thai relation, virtual presentation and public persona/account link."
review_9a324014c94df07a90c3,acct_6f701e0830c3c5e2c642,legacy_scope_review,open,"Review Thai relation, virtual presentation and public persona/account link."
review_9a4a3212954935ad5432,acct_e6d227336def6af6bb96,legacy_scope_review,open,"Review Thai relation, virtual presentation and public persona/account link."
review_9a4f0845b82da750545d,acct_bf59d9fe39aaaaf7afda,legacy_scope_review,open,"Review Thai relation, virtual presentation and public persona/account link."
review_9a62dadf1c0ead6c7711,acct_b1c1a6787de43e06a5f1,legacy_scope_review,open,"Review Thai relation, virtual presentation and public persona/account link."
review_9ad062fd42e22e9c8e4d,acct_5ca63a9feae44970f8ea,legacy_scope_review,open,"Review Thai relation, virtual presentation and public persona/account link."
review_9b2337504b05dbc3d9b5,acct_06323b0661135cf3efb1,legacy_scope_review,open,"Review Thai relation, virtual presentation and public persona/account link."
review_9b34766800487d6b54c0,acct_073992a30562e78514fb,legacy_scope_review,open,"Review Thai relation, virtual presentation and public persona/account link."
review_9b39980295ce3e0d1ef2,acct_8c313fd27e13276456f5,legacy_scope_review,open,"Review Thai relation, virtual presentation and public persona/account link."
review_9b44e063f8745b47861e,acct_8a2fd8522a39f72ed296,legacy_scope_review,open,"Review Thai relation, virtual presentation and public persona/account link."
review_9b7259d35037ebcf8b1a,acct_fb6c939d4621b0f017ca,legacy_scope_review,open,"Review Thai relation, virtual presentation and public persona/account link."
review_9b7628d25e835b05e68d,acct_f9d1ee661c43fc585791,legacy_scope_review,open,"Review Thai relation, virtual presentation and public persona/account link."
review_9b88af6f51a7fac13ae4,acct_e82631b5d6419893aa34,legacy_scope_review,open,"Review Thai relation, virtual presentation and public persona/account link."
review_9b93ff88bb48fb5e8d34,acct_9f7d6f68a80d87642426,legacy_scope_review,open,"Review Thai relation, virtual presentation and public persona/account link."
review_9bd6b4499a68ff8cd3f4,acct_71367386a724c4acc6cc,legacy_scope_review,open,"Review Thai relation, virtual presentation and public persona/account link."
review_9be16223f8eb6ca7c0e7,acct_173bbbaa628ee4020d0a,legacy_scope_review,open,"Review Thai relation, virtual presentation and public persona/account link."
review_9c0c5e9bcf233829ec2c,acct_8a2fea4aecdb1afd3e5b,legacy_scope_review,open,"Review Thai relation, virtual presentation and public persona/account link."
review_9c59c7097347a5f333bc,acct_dcb6ea808090ee282b32,legacy_scope_review,open,"Review Thai relation, virtual presentation and public persona/account link."
review_9c962e0cae83f7ebfaf5,acct_8fea89ae0ef24d2ca472,legacy_scope_review,open,"Review Thai relation, virtual presentation and public persona/account link."
review_9cf5c35e2ccecb871f51,acct_956591e895a1725ef204,legacy_scope_review,open,"Review Thai relation, virtual presentation and public persona/account link."
review_9cf9960938ba79349d39,acct_ea8fc32f7483abf74b6f,legacy_scope_review,open,"Review Thai relation, virtual presentation and public persona/account link."
review_9d264b010b8cce82f594,acct_706c093fecd2d3205410,legacy_scope_review,open,"Review Thai relation, virtual presentation and public persona/account link."
review_9d3fdf210187a3e2d7eb,acct_35c5e840366d38f5f19d,legacy_scope_review,open,"Review Thai relation, virtual presentation and public persona/account link."
review_9d6db9ba7078bbb3eb67,acct_8fdfb1e3bada9d89bb72,legacy_scope_review,open,"Review Thai relation, virtual presentation and public persona/account link."
review_9da22e00b170a21d2041,acct_e60e5c3a1417eb7640ba,legacy_scope_review,open,"Review Thai relation, virtual presentation and public persona/account link."
review_9dd36f05c84116b7d358,acct_42b459eb309621e3e2eb,legacy_scope_review,open,"Review Thai relation, virtual presentation and public persona/account link."
review_9dd51499d6842063601f,acct_4c6a8a6c7c095c91ba2f,legacy_scope_review,open,"Review Thai relation, virtual presentation and public persona/account link."
review_9e1059ce12eb8722508b,acct_d3a09e9565de2008abe6,legacy_scope_review,open,"Review Thai relation, virtual presentation and public persona/account link."
review_9e6e7326f858b6cc418c,acct_c6420cb237c4756d72af,legacy_scope_review,open,"Review Thai relation, virtual presentation and public persona/account link."
review_9eab7892b1506695153d,acct_1987e5fa52afbf6a2913,legacy_scope_review,open,"Review Thai relation, virtual presentation and public persona/account link."
review_9eb094d393433a59ca38,acct_60ad05213e78cb319cf6,legacy_scope_review,open,"Review Thai relation, virtual presentation and public persona/account link."
review_9eb831a7c93debf5c618,acct_09226d42aa1186df23dc,legacy_scope_review,open,"Review Thai relation, virtual presentation and public persona/account link."
review_9eeeb19b7553f81cbf97,acct_fa155a04bd98807f761e,legacy_scope_review,open,"Review Thai relation, virtual presentation and public persona/account link."
review_9ef5a1f1dc3909bc04ed,acct_c1db807af27f007dfb36,legacy_scope_review,open,"Review Thai relation, virtual presentation and public persona/account link."
review_9f652880aaa82cf334ab,acct_33f8994c7b9eb90898ee,legacy_scope_review,open,"Review Thai relation, virtual presentation and public persona/account link."
review_9f89f49d58626ecf9921,acct_618e68060a6820c1f664,legacy_scope_review,open,"Review Thai relation, virtual presentation and public persona/account link."
review_9fbe2a4b18faf80d811b,acct_c479e657bfdb79059304,legacy_scope_review,open,"Review Thai relation, virtual presentation and public persona/account link."
review_9fdb0c9ab9858787c9ea,acct_bd9ced8c5841ef427d47,legacy_scope_review,open,"Review Thai relation, virtual presentation and public persona/account link."
review_a03b5a918edb17ca46d9,acct_c0277dfd9a175f262666,legacy_scope_review,open,"Review Thai relation, virtual presentation and public persona/account link."
review_a03e69fd2735093c94d2,acct_b389f861053812c4e0b4,legacy_scope_review,open,"Review Thai relation, virtual presentation and public persona/account link."
review_a0624344348d54269b3d,acct_62801ff6766e1cc63ff2,legacy_scope_review,open,"Review Thai relation, virtual presentation and public persona/account link."
review_a0e1fe38d07b030c0b09,acct_6297e9fa4f1769d8175a,legacy_scope_review,open,"Review Thai relation, virtual presentation and public persona/account link."
review_a127e80cdd44eabe23cd,acct_4792c12b12195677cff3,legacy_scope_review,open,"Review Thai relation, virtual presentation and public persona/account link."
review_a12c76b2b6899bef322e,acct_3ed02a5b6348df3b64fe,legacy_scope_review,open,"Review Thai relation, virtual presentation and public persona/account link."
review_a1c6159b7862bcd7d731,acct_19019b0cddca52bd3f52,legacy_scope_review,open,"Review Thai relation, virtual presentation and public persona/account link."
review_a2002d7405ec6606195c,acct_24bebba72ef78aefbb09,legacy_scope_review,open,"Review Thai relation, virtual presentation and public persona/account link."
review_a20eea5b34712163bef5,acct_071ba5fe7f511a5f1e2c,legacy_scope_review,open,"Review Thai relation, virtual presentation and public persona/account link."
review_a221aa6d37828dc011d5,acct_cd10466317de81287c10,legacy_scope_review,open,"Review Thai relation, virtual presentation and public persona/account link."
review_a22261f70aa7dae50ae6,acct_c38bbfe70d7fb517ecce,legacy_scope_review,open,"Review Thai relation, virtual presentation and public persona/account link."
review_a27231b70a1d3c07e183,acct_9206d268a10aedc573cc,legacy_scope_review,open,"Review Thai relation, virtual presentation and public persona/account link."
review_a27871d73798b962778e,acct_ed55c1435686ac724807,legacy_scope_review,open,"Review Thai relation, virtual presentation and public persona/account link."
review_a383cd36418c1209b4d6,acct_fdb4a03725aaa3737773,legacy_scope_review,open,"Review Thai relation, virtual presentation and public persona/account link."
review_a45001529f2412d8ff8f,acct_a0e6c5b27f163296053a,legacy_scope_review,open,"Review Thai relation, virtual presentation and public persona/account link."
review_a4503a7c82dfbec0472c,acct_87141f6719c742efdf97,legacy_scope_review,open,"Review Thai relation, virtual presentation and public persona/account link."
review_a484380336dc1ffb6e61,acct_6af32a34b863f624c59f,legacy_scope_review,open,"Review Thai relation, virtual presentation and public persona/account link."
review_a4c4bd1cf8f29b1e949c,acct_32f1fe5413bae087a474,legacy_scope_review,open,"Review Thai relation, virtual presentation and public persona/account link."
review_a4d824872387390bb1e6,acct_9355911fbbc3e89e8308,legacy_scope_review,open,"Review Thai relation, virtual presentation and public persona/account link."
review_a4dcdb4656bec385109c,acct_1a5e4241b80f0e07a642,legacy_scope_review,open,"Review Thai relation, virtual presentation and public persona/account link."
review_a53d2fcc50215e078a0e,acct_fb317faa823ecdcc05b1,legacy_scope_review,open,"Review Thai relation, virtual presentation and public persona/account link."
review_a555382626799543f615,acct_45fe5b122cd5a046a278,legacy_scope_review,open,"Review Thai relation, virtual presentation and public persona/account link."
review_a55be9efd25dbeb539d2,acct_dc10ab9bdfb4a59732e6,legacy_scope_review,open,"Review Thai relation, virtual presentation and public persona/account link."
review_a55e9e31ecff158c79e1,acct_0b350b341cdf24e73fa6,legacy_scope_review,open,"Review Thai relation, virtual presentation and public persona/account link."
review_a575f278db2b18a9833e,acct_4bd08bb63fafe26d783c,legacy_scope_review,open,"Review Thai relation, virtual presentation and public persona/account link."
review_a576c50c023fda7628a9,acct_49f912e20f4d4902accb,legacy_scope_review,open,"Review Thai relation, virtual presentation and public persona/account link."
review_a5e69d04942c835011f2,acct_380dc9bb2e559e42c93e,legacy_scope_review,open,"Review Thai relation, virtual presentation and public persona/account link."
review_a5ed2cff6cac9e5a7035,acct_340043707be8962887e0,legacy_scope_review,open,"Review Thai relation, virtual presentation and public persona/account link."
review_a6286fc0507f9d812747,acct_3c22341178de4eca019e,legacy_scope_review,open,"Review Thai relation, virtual presentation and public persona/account link."
review_a65e7e2215d1ca1f2460,acct_be90013725bba4cd2775,legacy_scope_review,open,"Review Thai relation, virtual presentation and public persona/account link."
review_a6624c2fecf3d69888dd,acct_f0ea86ecc4dffbab674f,legacy_scope_review,open,"Review Thai relation, virtual presentation and public persona/account link."
review_a68cd59577ad4d436504,acct_fb8cac927f1972a8c87b,legacy_scope_review,open,"Review Thai relation, virtual presentation and public persona/account link."
review_a6ca46d8f9f8ca7e73e2,acct_8f11b00be15c2490950e,legacy_scope_review,open,"Review Thai relation, virtual presentation and public persona/account link."
review_a7239af8b14e623cbffa,acct_9bda6d7c0f39f165cf4f,legacy_scope_review,open,"Review Thai relation, virtual presentation and public persona/account link."
review_a724fc2055a01c0c6189,acct_15d6517d307040ebd9fd,legacy_scope_review,open,"Review Thai relation, virtual presentation and public persona/account link."
review_a765a6311fc26014f7a3,acct_ff42671b53f7be31af60,legacy_scope_review,open,"Review Thai relation, virtual presentation and public persona/account link."
review_a79f64ea6fc101741ab9,acct_4117a9a5899a8ef7d292,legacy_scope_review,open,"Review Thai relation, virtual presentation and public persona/account link."
review_a7a5df38b45ac625d452,acct_fb4b28b46670c64c0a6e,legacy_scope_review,open,"Review Thai relation, virtual presentation and public persona/account link."
review_a7afc2b45a8f24da9897,acct_61738e4f8c33fd80c7bd,legacy_scope_review,open,"Review Thai relation, virtual presentation and public persona/account link."
review_a85d7e48efdfc32b5f99,acct_2a2db31cc8ffb51ee131,legacy_scope_review,open,"Review Thai relation, virtual presentation and public persona/account link."
review_a861f4267354b826f1f2,acct_e18c7919832803c2b183,legacy_scope_review,open,"Review Thai relation, virtual presentation and public persona/account link."
review_a88de87d062537a73862,acct_983edaf9b96651b8b241,legacy_scope_review,open,"Review Thai relation, virtual presentation and public persona/account link."
review_a8ae055526dff2b526c1,acct_de678ca99e3c30caa190,legacy_scope_review,open,"Review Thai relation, virtual presentation and public persona/account link."
review_a8b3e5dfdfd9c5e2dddc,acct_a7d5707dd47b905767d8,legacy_scope_review,open,"Review Thai relation, virtual presentation and public persona/account link."
review_a8b42ff43223edddfa9b,acct_2077dde6cf55ca8e4d91,legacy_scope_review,open,"Review Thai relation, virtual presentation and public persona/account link."
review_a8d7e3cc8b250d474748,acct_2820d2f24950a06466e5,legacy_scope_review,open,"Review Thai relation, virtual presentation and public persona/account link."
review_a9020a57ff9a8203eda9,acct_2ce5227dee1fff5c68bc,legacy_scope_review,open,"Review Thai relation, virtual presentation and public persona/account link."
review_a97a264bf29820d10904,acct_07c3025df7c26d71523c,legacy_scope_review,open,"Review Thai relation, virtual presentation and public persona/account link."
review_a9cd9c05d6320cd3bb1c,acct_a55b574bf8a80acdd1e6,legacy_scope_review,open,"Review Thai relation, virtual presentation and public persona/account link."
review_a9d0a85755875bd4a2ab,acct_a1997a19bb3a3dc52a2b,legacy_scope_review,open,"Review Thai relation, virtual presentation and public persona/account link."
review_a9d30bd730a9766cbeb3,acct_3cb4bb5d23d03adfa8da,legacy_scope_review,open,"Review Thai relation, virtual presentation and public persona/account link."
review_aa0063c1407f0c91aa2a,acct_05c193bfa3177183aa9b,legacy_scope_review,open,"Review Thai relation, virtual presentation and public persona/account link."
review_aa1776c2e47dfa4a7614,acct_d7aea7378c7b3989eaa2,legacy_scope_review,open,"Review Thai relation, virtual presentation and public persona/account link."
review_aa74e7deb2920e69712c,acct_9961dc2f686b0b781a04,legacy_scope_review,open,"Review Thai relation, virtual presentation and public persona/account link."
review_aa77b0c7b5a6d718cd10,acct_0ed4c19fcb86527d4fee,legacy_scope_review,open,"Review Thai relation, virtual presentation and public persona/account link."
review_aaa52def050f20541f4d,acct_aa4c8fc304aa1d18c276,legacy_scope_review,open,"Review Thai relation, virtual presentation and public persona/account link."
review_aaa56053f6f0ccc01492,acct_0c412b0f684edeae9539,legacy_scope_review,open,"Review Thai relation, virtual presentation and public persona/account link."
review_ab22bf4b02bbe16c2806,acct_020035df29d2086b6963,legacy_scope_review,open,"Review Thai relation, virtual presentation and public persona/account link."
review_ab34e92f18501cc3e6e8,acct_4c1ec1a194a4cf0b4ebd,legacy_scope_review,open,"Review Thai relation, virtual presentation and public persona/account link."
review_ab6e2023c534c5cb05cd,acct_415f648529ee89c69f89,legacy_scope_review,open,"Review Thai relation, virtual presentation and public persona/account link."
review_aba2a91e4a41908168ea,acct_7784e1e934876fc52434,legacy_scope_review,open,"Review Thai relation, virtual presentation and public persona/account link."
review_abe99229975e02137b20,acct_2d58dd0d38a638e9b7cf,legacy_scope_review,open,"Review Thai relation, virtual presentation and public persona/account link."
review_abfe8510485e33ccef1c,acct_b37c867dfbfd12f4c3e8,legacy_scope_review,open,"Review Thai relation, virtual presentation and public persona/account link."
review_ac14384e59752f959e43,acct_fbe85256a4e4d7b7f251,legacy_scope_review,open,"Review Thai relation, virtual presentation and public persona/account link."
review_ac91f3ed3975c87cb517,acct_77808c3e08ff45eb6a66,legacy_scope_review,open,"Review Thai relation, virtual presentation and public persona/account link."
review_acd4bff10c26afbd2cae,acct_b28ff8d5863c473386b9,legacy_scope_review,open,"Review Thai relation, virtual presentation and public persona/account link."
review_ad1f2027385ba093d17f,acct_8acf5ca6e80088beaaa1,legacy_scope_review,open,"Review Thai relation, virtual presentation and public persona/account link."
review_ad4b1c2ddedcee94ac38,acct_6133aaff0eaf91382a91,legacy_scope_review,open,"Review Thai relation, virtual presentation and public persona/account link."
review_ad6636c8c02686123b2f,acct_7cda9fd96ab058a5a2e0,legacy_scope_review,open,"Review Thai relation, virtual presentation and public persona/account link."
review_ae300b59e271f1f7f3e9,acct_e728239429f2bfd3f1ec,legacy_scope_review,open,"Review Thai relation, virtual presentation and public persona/account link."
review_ae3b35f665aec6796095,acct_48519bf3a834f5fddc5d,legacy_scope_review,open,"Review Thai relation, virtual presentation and public persona/account link."
review_aebe5dcf880b34b3c316,acct_da42549518b8727bf8cc,legacy_scope_review,open,"Review Thai relation, virtual presentation and public persona/account link."
review_aef574be4c8dba013d57,acct_bf8244b704c940237703,legacy_scope_review,open,"Review Thai relation, virtual presentation and public persona/account link."
review_aefa21d91e602bf38a8a,acct_020fb9f6f9506cee6c49,legacy_scope_review,open,"Review Thai relation, virtual presentation and public persona/account link."
review_aefdeed1fa3745f3400e,acct_57191eb2c37e523ee958,legacy_scope_review,open,"Review Thai relation, virtual presentation and public persona/account link."
review_af07c905f1b55a384d16,acct_591250e4aab34686ac69,legacy_scope_review,open,"Review Thai relation, virtual presentation and public persona/account link."
review_af503a0c5bc8db4440b2,acct_cf260551cd37232ba78c,legacy_scope_review,open,"Review Thai relation, virtual presentation and public persona/account link."
review_af56b8e5aa8196f5fe9b,acct_1f7c8dd3dcd436c8d2d8,legacy_scope_review,open,"Review Thai relation, virtual presentation and public persona/account link."
review_af5c459de3132369f3e3,acct_d849a13b9001e77ecbd5,legacy_scope_review,open,"Review Thai relation, virtual presentation and public persona/account link."
review_af8b103071685b59c97c,acct_a33c4ebb8f288ae627d5,legacy_scope_review,open,"Review Thai relation, virtual presentation and public persona/account link."
review_afa7caea4f48c166bb47,acct_f7b0216e2b8385749d7f,legacy_scope_review,open,"Review Thai relation, virtual presentation and public persona/account link."
review_afc1a8caa2c678735ee7,acct_d0ee0635711be0023898,legacy_scope_review,open,"Review Thai relation, virtual presentation and public persona/account link."
review_afca63260d898591048a,acct_b0433c83ff5dd17a20df,legacy_scope_review,open,"Review Thai relation, virtual presentation and public persona/account link."
review_afe39eb0867b8a0f53b8,acct_98b878304dec9297f455,legacy_scope_review,open,"Review Thai relation, virtual presentation and public persona/account link."
review_b011ffb61afb4bc666fd,acct_0c3be764a3ef1e90a6c3,legacy_scope_review,open,"Review Thai relation, virtual presentation and public persona/account link."
review_b03bf3de481cfe094613,acct_d9938ef5b6e5b501c300,legacy_scope_review,open,"Review Thai relation, virtual presentation and public persona/account link."
review_b0830c0c3d6dfecb1453,acct_e31816f7a2225bdaa8f4,legacy_scope_review,open,"Review Thai relation, virtual presentation and public persona/account link."
review_b0a78720508302820680,acct_bbf06d85270442fc64c5,legacy_scope_review,open,"Review Thai relation, virtual presentation and public persona/account link."
review_b0fb5912639f54d1b571,acct_6766436c0c49d2106973,legacy_scope_review,open,"Review Thai relation, virtual presentation and public persona/account link."
review_b143d2914817b2f040e8,acct_657acc128072bd4059b5,legacy_scope_review,open,"Review Thai relation, virtual presentation and public persona/account link."
review_b15e9f41f19a22438e14,acct_131e61085a3bd71e3761,legacy_scope_review,open,"Review Thai relation, virtual presentation and public persona/account link."
review_b19e92ca66a7fb2a82e6,acct_4db8080ffb27ad8d62fe,legacy_scope_review,open,"Review Thai relation, virtual presentation and public persona/account link."
review_b1d623ac9a3529748ec9,acct_03454c242ef92c4e9aea,legacy_scope_review,open,"Review Thai relation, virtual presentation and public persona/account link."
review_b1e9ec4a3f13f50c2be1,acct_4f19b946821948385a77,legacy_scope_review,open,"Review Thai relation, virtual presentation and public persona/account link."
review_b225eddd51caf489753e,acct_d7b76e8c0a436fe4d0d8,legacy_scope_review,open,"Review Thai relation, virtual presentation and public persona/account link."
review_b231d6077f8dac690759,acct_e3268cb133d72df69e87,legacy_scope_review,open,"Review Thai relation, virtual presentation and public persona/account link."
review_b260b5721cee931e8adc,acct_2a7a3ddc6ccde1a5359b,legacy_scope_review,open,"Review Thai relation, virtual presentation and public persona/account link."
review_b289d04ec06f4d318024,acct_39281ae0876a91323c60,legacy_scope_review,open,"Review Thai relation, virtual presentation and public persona/account link."
review_b2ad4bcc90c180f6f819,acct_61f742de320d2d89fd44,legacy_scope_review,open,"Review Thai relation, virtual presentation and public persona/account link."
review_b2bb3c57d7a29e5ede2b,acct_8d57f6a25779de1b4e4e,legacy_scope_review,open,"Review Thai relation, virtual presentation and public persona/account link."
review_b2e22095bff975afd928,acct_5a553ce65e70f8e6e1a5,legacy_scope_review,open,"Review Thai relation, virtual presentation and public persona/account link."
review_b310bb79d4edef92c581,acct_14959754966867b16acf,legacy_scope_review,open,"Review Thai relation, virtual presentation and public persona/account link."
review_b38387df2b47a639e7f4,acct_51fbaf3248d5a28454ff,legacy_scope_review,open,"Review Thai relation, virtual presentation and public persona/account link."
review_b38893a521838f691f48,acct_651cf76d6deb17cb2c70,legacy_scope_review,open,"Review Thai relation, virtual presentation and public persona/account link."
review_b3c3a5e408457aad698d,acct_c1e386858afd7678a018,legacy_scope_review,open,"Review Thai relation, virtual presentation and public persona/account link."
review_b3fc4881db9dc1a0be4f,acct_35f81c823b161b0a0f5b,legacy_scope_review,open,"Review Thai relation, virtual presentation and public persona/account link."
review_b41f60e50d843adc5675,acct_2f0a6409e919785bff95,legacy_scope_review,open,"Review Thai relation, virtual presentation and public persona/account link."
review_b440c1c424451b9e07cb,acct_33df7568241547c76385,legacy_scope_review,open,"Review Thai relation, virtual presentation and public persona/account link."
review_b450dce3d88b572bff77,acct_ac6b689e08fc88b1b2a1,legacy_scope_review,open,"Review Thai relation, virtual presentation and public persona/account link."
review_b49843ab8dfb2893543a,acct_360c134978e2b0731b12,legacy_scope_review,open,"Review Thai relation, virtual presentation and public persona/account link."
review_b49ab053a23d9b3eca20,acct_444131c3ea4411c98c48,legacy_scope_review,open,"Review Thai relation, virtual presentation and public persona/account link."
review_b4b7440634a203dd9f97,acct_9d2dfe4a0077cb374fd0,legacy_scope_review,open,"Review Thai relation, virtual presentation and public persona/account link."
review_b520467ab61d16c199ec,acct_2ae269927e3eb942b61b,legacy_scope_review,open,"Review Thai relation, virtual presentation and public persona/account link."
review_b52b91b75e368770bec9,acct_7a4a9ecb0ccb28b8c2cf,legacy_scope_review,open,"Review Thai relation, virtual presentation and public persona/account link."
review_b53dfc3d7f5de810d640,acct_8d4dcaad7e7c96ae5b95,legacy_scope_review,open,"Review Thai relation, virtual presentation and public persona/account link."
review_b54281fa5c6c3e0a9ba2,acct_2c063feffe4d4abbea6e,legacy_scope_review,open,"Review Thai relation, virtual presentation and public persona/account link."
review_b54840aea7da5978b5aa,acct_931372967f9b0bbf3a0d,legacy_scope_review,open,"Review Thai relation, virtual presentation and public persona/account link."
review_b54eb797854bbc16cf86,acct_602d887d7a353cdb5b50,legacy_scope_review,open,"Review Thai relation, virtual presentation and public persona/account link."
review_b55ae70cb9d8fa70a0a9,acct_a2b865998b3196a4eae3,legacy_scope_review,open,"Review Thai relation, virtual presentation and public persona/account link."
review_b57e1fa07dd1c4ed32aa,acct_4e5e80df5c657ca676f8,legacy_scope_review,open,"Review Thai relation, virtual presentation and public persona/account link."
review_b5a9adfeb0949ed6c21a,acct_6f37e88d7ad577d49c9e,legacy_scope_review,open,"Review Thai relation, virtual presentation and public persona/account link."
review_b5adf688ea6b85f115af,acct_5bee644dde6dbe012320,legacy_scope_review,open,"Review Thai relation, virtual presentation and public persona/account link."
review_b638d29917b664f1dc88,acct_b52f50f88859269dd49f,legacy_scope_review,open,"Review Thai relation, virtual presentation and public persona/account link."
review_b642015439c60ad8eaf7,acct_4b2d531d96a0a9186d27,legacy_scope_review,open,"Review Thai relation, virtual presentation and public persona/account link."
review_b67fed4fe4c3e5da79fd,acct_7691723f949a8f93a56a,legacy_scope_review,open,"Review Thai relation, virtual presentation and public persona/account link."
review_b68d8a955e032728eb00,acct_c73b37cd4dd76ffe53a5,legacy_scope_review,open,"Review Thai relation, virtual presentation and public persona/account link."
review_b6d7d92dae6b298f738e,acct_98ed0ce2a117dd937270,legacy_scope_review,open,"Review Thai relation, virtual presentation and public persona/account link."
review_b739569568aae5b00cf7,acct_7d25c6ca019510257a8e,legacy_scope_review,open,"Review Thai relation, virtual presentation and public persona/account link."
review_b797bcc76fa19d3c939e,acct_8f49cf8a5482387ec515,legacy_scope_review,open,"Review Thai relation, virtual presentation and public persona/account link."
review_b7d9008b4ded7d00ea63,acct_4dd42f277d057965d6f1,legacy_scope_review,open,"Review Thai relation, virtual presentation and public persona/account link."
review_b8472cb252e011144a7f,acct_14aabcb79e54ba35632b,legacy_scope_review,open,"Review Thai relation, virtual presentation and public persona/account link."
review_b87c9d9f1b54bd658298,acct_1db4163d2ec2a147117d,legacy_scope_review,open,"Review Thai relation, virtual presentation and public persona/account link."
review_b8977a20aba4046dc66d,acct_7f6eeea4cbb2a9dbc262,legacy_scope_review,open,"Review Thai relation, virtual presentation and public persona/account link."
review_b8b17a9d731cbc18c495,acct_de9147e0b0a63d66a649,legacy_scope_review,open,"Review Thai relation, virtual presentation and public persona/account link."
review_b8c3c68874dc0d65e508,acct_3f6fb5182ea4a2a7c3a2,legacy_scope_review,open,"Review Thai relation, virtual presentation and public persona/account link."
review_b90bf3700206624b82df,acct_fa8bc3733bfbd6764f59,legacy_scope_review,open,"Review Thai relation, virtual presentation and public persona/account link."
review_b98af7c0d077d649b959,acct_c895a82f1351a183efc8,legacy_scope_review,open,"Review Thai relation, virtual presentation and public persona/account link."
review_b9dce7444c6dff82f4b2,acct_bbb6440ca5a5638bc531,legacy_scope_review,open,"Review Thai relation, virtual presentation and public persona/account link."
review_ba0b2b93edc1ae292e4a,acct_7087a56537b82fa2f5d3,legacy_scope_review,open,"Review Thai relation, virtual presentation and public persona/account link."
review_ba2640c960627940ffb8,acct_6fefe8419a8ac2c322fa,legacy_scope_review,open,"Review Thai relation, virtual presentation and public persona/account link."
review_ba2885342dccc319da93,acct_df0301414cb3e24c5418,legacy_scope_review,open,"Review Thai relation, virtual presentation and public persona/account link."
review_ba323a620f0e5c8d8f2e,acct_f52e4600e71e26f5b755,legacy_scope_review,open,"Review Thai relation, virtual presentation and public persona/account link."
review_ba56d60cb4183fedfb74,acct_d24527809c5dcc03ab7e,legacy_scope_review,open,"Review Thai relation, virtual presentation and public persona/account link."
review_ba9431a4e302f2b1a481,acct_de486263ae041619e7b7,legacy_scope_review,open,"Review Thai relation, virtual presentation and public persona/account link."
review_baa223cd59974ae7f1c5,acct_13e2fcf0e19dee69fbb6,legacy_scope_review,open,"Review Thai relation, virtual presentation and public persona/account link."
review_bac59f301e2c8e5a05c2,acct_862cae0fd77dc5363717,legacy_scope_review,open,"Review Thai relation, virtual presentation and public persona/account link."
review_bada21aca87ce5b1f1a4,acct_c2cee868703de7fef226,legacy_scope_review,open,"Review Thai relation, virtual presentation and public persona/account link."
review_baee17e830a86831acd7,acct_c75b8546e605ecdbeb3d,legacy_scope_review,open,"Review Thai relation, virtual presentation and public persona/account link."
review_bb2b6b49eebe2ceb83b7,acct_274c602fe4c29972b16a,legacy_scope_review,open,"Review Thai relation, virtual presentation and public persona/account link."
review_bb578cf46961f9b346a8,acct_bf7291126428abd41956,legacy_scope_review,open,"Review Thai relation, virtual presentation and public persona/account link."
review_bc35a16d4fc9098a263b,acct_466d157e6bdf38e7526c,legacy_scope_review,open,"Review Thai relation, virtual presentation and public persona/account link."
review_bc3c5fa5f6eaadcde596,acct_a77220a9f234ce46ea4b,legacy_scope_review,open,"Review Thai relation, virtual presentation and public persona/account link."
review_bc3da6e968902f0f6d4a,acct_a468c3bd3d7ce8ac2666,legacy_scope_review,open,"Review Thai relation, virtual presentation and public persona/account link."
review_bc4c2bc031c41f222f58,acct_d24171511246d1f3bbdf,legacy_scope_review,open,"Review Thai relation, virtual presentation and public persona/account link."
review_bc7fe0903e3a740a7034,acct_35f7c8ec9e5dea13a31c,legacy_scope_review,open,"Review Thai relation, virtual presentation and public persona/account link."
review_bcaec1ffb4c203dcf1f5,acct_e064d397bb049a2202ce,legacy_scope_review,open,"Review Thai relation, virtual presentation and public persona/account link."
review_bcfa4d67d93c1b594a97,acct_f4793526e1360ad3a6f9,legacy_scope_review,open,"Review Thai relation, virtual presentation and public persona/account link."
review_bd0ff69db332243447f4,acct_89457a49e55616adc6bb,legacy_scope_review,open,"Review Thai relation, virtual presentation and public persona/account link."
review_bd270bdf89f1ae9ec0e4,acct_2e0391c443ea5e5baf62,legacy_scope_review,open,"Review Thai relation, virtual presentation and public persona/account link."
review_bd549dfc9757a34131c6,acct_289d4e7fdf294ae96451,legacy_scope_review,open,"Review Thai relation, virtual presentation and public persona/account link."
review_bd626de2c39db2dbaafc,acct_ca5790f5560da8158485,legacy_scope_review,open,"Review Thai relation, virtual presentation and public persona/account link."
review_bd8ad7ac0f95479e3a81,acct_2a15e90954fcd75c159c,legacy_scope_review,open,"Review Thai relation, virtual presentation and public persona/account link."
review_bd8c40b8ba6b5016a703,acct_1bf242900533f2fa6238,legacy_scope_review,open,"Review Thai relation, virtual presentation and public persona/account link."
review_bdf8c75b4064fead3310,acct_83b1e4296241e3a597c4,legacy_scope_review,open,"Review Thai relation, virtual presentation and public persona/account link."
review_be02a3bc2cc1aa45dedb,acct_e1cb48fe7cfedb613952,legacy_scope_review,open,"Review Thai relation, virtual presentation and public persona/account link."
review_be92ee74c59c32a750af,acct_3a6dedbb08ea4011479b,legacy_scope_review,open,"Review Thai relation, virtual presentation and public persona/account link."
review_bed723da9e4b746bc650,acct_b49f408a5f25953ac8ab,legacy_scope_review,open,"Review Thai relation, virtual presentation and public persona/account link."
review_bedb5a822aab6c8a37d6,acct_100585bfd461dec3e5b5,legacy_scope_review,open,"Review Thai relation, virtual presentation and public persona/account link."
review_bf060ebb9dfc90082eb5,acct_8470b9720afa8d2cf698,legacy_scope_review,open,"Review Thai relation, virtual presentation and public persona/account link."
review_bf2d489a472ea9f3440d,acct_9c61e212af2f4c7a6e60,legacy_scope_review,open,"Review Thai relation, virtual presentation and public persona/account link."
review_bf566cb07437f2c3a4dd,acct_aac18be1fcb96ebfa2f9,legacy_scope_review,open,"Review Thai relation, virtual presentation and public persona/account link."
review_bf60e75741db8554e4eb,acct_fc37b6c63a01d882bdc9,legacy_scope_review,open,"Review Thai relation, virtual presentation and public persona/account link."
review_bf6a7ae46d9b799dc206,acct_775759944cc02bb35bf0,legacy_scope_review,open,"Review Thai relation, virtual presentation and public persona/account link."
review_bf87e55b2a5c180cd802,acct_f640771d173d29e29ec2,legacy_scope_review,open,"Review Thai relation, virtual presentation and public persona/account link."
review_bfbf2f533962f4a47c77,acct_96eed6aa32c2605028de,legacy_scope_review,open,"Review Thai relation, virtual presentation and public persona/account link."
review_c071ff6c285bebae0a1b,acct_824e028faf734b0bc6d4,legacy_scope_review,open,"Review Thai relation, virtual presentation and public persona/account link."
review_c0a0296125a6eb660c58,acct_8be1c83d2c99fbe7bf5d,legacy_scope_review,open,"Review Thai relation, virtual presentation and public persona/account link."
review_c0ab15b543101eddc067,acct_03e7b064f17f8839b8de,legacy_scope_review,open,"Review Thai relation, virtual presentation and public persona/account link."
review_c0efc1f7adf3ea3f5ec9,acct_52be79d41eb306434531,legacy_scope_review,open,"Review Thai relation, virtual presentation and public persona/account link."
review_c15099ed149dc3ef3243,acct_dd72048c517001dad2a1,legacy_scope_review,open,"Review Thai relation, virtual presentation and public persona/account link."
review_c1c9400df23531e2fd8c,acct_daa623da54eb9b495150,legacy_scope_review,open,"Review Thai relation, virtual presentation and public persona/account link."
review_c1e888c90b9e0078bafd,acct_c7a43e06b9b9a9fbd64b,legacy_scope_review,open,"Review Thai relation, virtual presentation and public persona/account link."
review_c1f1d28b7125aa38a9e8,acct_e8003b0eb7689d42a648,legacy_scope_review,open,"Review Thai relation, virtual presentation and public persona/account link."
review_c27ce135901f9b8de74b,acct_b5d5d7468076d576f4e8,legacy_scope_review,open,"Review Thai relation, virtual presentation and public persona/account link."
review_c309c5f0246a822a5d32,acct_aec3884c7aa5209c40d4,legacy_scope_review,open,"Review Thai relation, virtual presentation and public persona/account link."
review_c30a4a4920fe6c979d4b,acct_f83e3e2e2e9b2fdc625f,legacy_scope_review,open,"Review Thai relation, virtual presentation and public persona/account link."
review_c31f361947f2b28ee323,acct_2e8bc18c38d23a4d9f97,legacy_scope_review,open,"Review Thai relation, virtual presentation and public persona/account link."
review_c3961ffd6ef9f32c3923,acct_50d763f30fcbe2432291,legacy_scope_review,open,"Review Thai relation, virtual presentation and public persona/account link."
review_c3dd97a2a9fc029715d8,acct_f7a825cbf585671069bb,legacy_scope_review,open,"Review Thai relation, virtual presentation and public persona/account link."
review_c3ebe9fdc6ef319a70aa,acct_ba3dfa72725bae5c46d2,legacy_scope_review,open,"Review Thai relation, virtual presentation and public persona/account link."
review_c414d982a5f4a4b3bc32,acct_df7a0d73b47cdc58cace,legacy_scope_review,open,"Review Thai relation, virtual presentation and public persona/account link."
review_c42df8afae426723258d,acct_5f13f8bbb290f7e0d1c5,legacy_scope_review,open,"Review Thai relation, virtual presentation and public persona/account link."
review_c465d864651c3a8c5dd5,acct_4d4fb58b45d712573ac5,legacy_scope_review,open,"Review Thai relation, virtual presentation and public persona/account link."
review_c4ae379a9535aa1ea194,acct_523f6d3192ed81c0e173,legacy_scope_review,open,"Review Thai relation, virtual presentation and public persona/account link."
review_c4db26886dd45c3b5ecf,acct_52bdda756690cc0ec94d,legacy_scope_review,open,"Review Thai relation, virtual presentation and public persona/account link."
review_c4e1944a206e2989b637,acct_70245cbf65c6a0a7c191,legacy_scope_review,open,"Review Thai relation, virtual presentation and public persona/account link."
review_c4f2b8cfee2217726093,acct_b1e7fe83ff8e978e78d5,legacy_scope_review,open,"Review Thai relation, virtual presentation and public persona/account link."
review_c4f709bd80425a829c31,acct_45200cba3369f5ecd7fb,legacy_scope_review,open,"Review Thai relation, virtual presentation and public persona/account link."
review_c5157b24642bab59c73f,acct_4c3615ef0d88951b59f5,legacy_scope_review,open,"Review Thai relation, virtual presentation and public persona/account link."
review_c5441ef2f5b6f05999c9,acct_ef00d7c3e9b758e8a79b,legacy_scope_review,open,"Review Thai relation, virtual presentation and public persona/account link."
review_c57314b9cd292dbcbb75,acct_6a3ce6c2523d9569eafd,legacy_scope_review,open,"Review Thai relation, virtual presentation and public persona/account link."
review_c5e88c11ee52f342b36b,acct_b9b4cc73db3e19582a15,legacy_scope_review,open,"Review Thai relation, virtual presentation and public persona/account link."
review_c5fb00d1d773af180620,acct_f5bb4d04e53d2bab557b,legacy_scope_review,open,"Review Thai relation, virtual presentation and public persona/account link."
review_c6295e3944f00bc76c1c,acct_9096f135eaa2cf64e547,legacy_scope_review,open,"Review Thai relation, virtual presentation and public persona/account link."
review_c6305be84bc704a41826,acct_268fc9220fe44fe7ac5d,legacy_scope_review,open,"Review Thai relation, virtual presentation and public persona/account link."
review_c6ccd2205cbafb425eaf,acct_ccc96a4f29adcc431fcd,legacy_scope_review,open,"Review Thai relation, virtual presentation and public persona/account link."
review_c6f65ca801b8e467c3c5,acct_ca910dabe909187b409f,legacy_scope_review,open,"Review Thai relation, virtual presentation and public persona/account link."
review_c725d96f0aad06897868,acct_ef517d1d4d335edda8e9,legacy_scope_review,open,"Review Thai relation, virtual presentation and public persona/account link."
review_c73299f3aef5ee969af9,acct_636da5bdac69dc50e840,legacy_scope_review,open,"Review Thai relation, virtual presentation and public persona/account link."
review_c79c747aea3ccf0bbbca,acct_3f9dea7d0a02c0afbd7f,legacy_scope_review,open,"Review Thai relation, virtual presentation and public persona/account link."
review_c7a284f52b852c94d6ca,acct_6fee4c6a42721c84f252,legacy_scope_review,open,"Review Thai relation, virtual presentation and public persona/account link."
review_c7b92792dd1f5fa3f06e,acct_3b6cec43e483f67e3ebc,legacy_scope_review,open,"Review Thai relation, virtual presentation and public persona/account link."
review_c834b663c170f4a4c9f7,acct_fd4760bd56fdbd347869,legacy_scope_review,open,"Review Thai relation, virtual presentation and public persona/account link."
review_c84a9e63b3e27b861b42,acct_757fd33fd6c68b93ee2c,legacy_scope_review,open,"Review Thai relation, virtual presentation and public persona/account link."
review_c8551aa1cf57f8903c2c,acct_cd2685484d8f61115e3d,legacy_scope_review,open,"Review Thai relation, virtual presentation and public persona/account link."
review_c85f4de746914302b028,acct_1985bf62abdf5457b244,legacy_scope_review,open,"Review Thai relation, virtual presentation and public persona/account link."
review_c86c0150d9c6f25ef18c,acct_3781a046e8cc5c8dd5ee,legacy_scope_review,open,"Review Thai relation, virtual presentation and public persona/account link."
review_c88e8c4f939708086c79,acct_ed6a0b5993c89b11021f,legacy_scope_review,open,"Review Thai relation, virtual presentation and public persona/account link."
review_c8bd147aaeecebdfa4d7,acct_f44b01cf49b9576fc185,legacy_scope_review,open,"Review Thai relation, virtual presentation and public persona/account link."
review_c8ef80b45f5434fb7356,acct_bddef274ec06a40fc8e6,legacy_scope_review,open,"Review Thai relation, virtual presentation and public persona/account link."
review_c8efaea1e410e68ff02c,acct_18852c72013fedf6c3f2,legacy_scope_review,open,"Review Thai relation, virtual presentation and public persona/account link."
review_c962cf855fd4b5dbe33f,acct_4ad9a185aa7c1654f091,legacy_scope_review,open,"Review Thai relation, virtual presentation and public persona/account link."
review_c9bd599f3dbbb96092d9,acct_1749acbcc06db7581b93,legacy_scope_review,open,"Review Thai relation, virtual presentation and public persona/account link."
review_c9be27e465d01d23eba5,acct_1438be011b80ca8e1c1d,legacy_scope_review,open,"Review Thai relation, virtual presentation and public persona/account link."
review_c9c51fa6b49d8e6e9165,acct_c4986cfbaa191429e3cd,legacy_scope_review,open,"Review Thai relation, virtual presentation and public persona/account link."
review_ca2f3e8b56722ddab002,acct_addd5c08ba9577178294,legacy_scope_review,open,"Review Thai relation, virtual presentation and public persona/account link."
review_ca45d4bd6c9a0ebbc758,acct_bc207b6f5e9821b01e14,legacy_scope_review,open,"Review Thai relation, virtual presentation and public persona/account link."
review_ca5519891f395c4505f9,acct_c1fd7df88ba897d7c2e0,legacy_scope_review,open,"Review Thai relation, virtual presentation and public persona/account link."
review_ca60061fa150f138cfdd,acct_4534c898de3e2b99a66f,legacy_scope_review,open,"Review Thai relation, virtual presentation and public persona/account link."
review_ca655d11d3bf53add12f,acct_d65b5a4e3bca2ae196f3,legacy_scope_review,open,"Review Thai relation, virtual presentation and public persona/account link."
review_caa2ff42a1837d559038,acct_9b3b65a94b279a694913,legacy_scope_review,open,"Review Thai relation, virtual presentation and public persona/account link."
review_cb00baa39b322fde39af,acct_805aaa0395c0d15e263c,legacy_scope_review,open,"Review Thai relation, virtual presentation and public persona/account link."
review_cb30871b3dc39b0d4522,acct_b489a397992dc763955d,legacy_scope_review,open,"Review Thai relation, virtual presentation and public persona/account link."
review_cb8441bd2170a94fd887,acct_fd3cc70311d5b0bec257,legacy_scope_review,open,"Review Thai relation, virtual presentation and public persona/account link."
review_cb98d2fa145edbfbc395,acct_694e5a70c5e06a506ac0,legacy_scope_review,open,"Review Thai relation, virtual presentation and public persona/account link."
review_cb9be2991bdbe8511bd9,acct_27830c486fecf591ec47,legacy_scope_review,open,"Review Thai relation, virtual presentation and public persona/account link."
review_cbec585d72617916233c,acct_92ebf23c08f74139a6a8,legacy_scope_review,open,"Review Thai relation, virtual presentation and public persona/account link."
review_cbf79c532d3a0a951010,acct_11a21e58a11ce3d2053a,legacy_scope_review,open,"Review Thai relation, virtual presentation and public persona/account link."
review_cc108826c8129c29f2e9,acct_074df9b4308281df283e,legacy_scope_review,open,"Review Thai relation, virtual presentation and public persona/account link."
review_cc527b9febc0552aaf0b,acct_b2f3f4f3c8d72eb9f451,legacy_scope_review,open,"Review Thai relation, virtual presentation and public persona/account link."
review_cc94476ffd4798c62f29,acct_8241b2987797883ba0f9,legacy_scope_review,open,"Review Thai relation, virtual presentation and public persona/account link."
review_cca2f7705551ae11fcd0,acct_75b0427a8f126a13bf4d,legacy_scope_review,open,"Review Thai relation, virtual presentation and public persona/account link."
review_ccb6a9a4e70f140455c2,acct_e1d43209f88eb301c852,legacy_scope_review,open,"Review Thai relation, virtual presentation and public persona/account link."
review_ccc5ab115bf73a500232,acct_933a7737075da04cff0c,legacy_scope_review,open,"Review Thai relation, virtual presentation and public persona/account link."
review_ccc9a30e23a6a1d1d080,acct_e2b0606f0b16ecc23231,legacy_scope_review,open,"Review Thai relation, virtual presentation and public persona/account link."
review_cd026c9f91901d8c33f5,acct_c5dc46c324c1869f038a,legacy_scope_review,open,"Review Thai relation, virtual presentation and public persona/account link."
review_cd1bb5782a462de8639e,acct_e733c4e5387bc7a296e3,legacy_scope_review,open,"Review Thai relation, virtual presentation and public persona/account link."
review_cd2d001094a846f8161f,acct_dcd02faec701d5fb16d0,legacy_scope_review,open,"Review Thai relation, virtual presentation and public persona/account link."
review_cd4b385bda600ded98c4,acct_31b9060922d676cc6148,legacy_scope_review,open,"Review Thai relation, virtual presentation and public persona/account link."
review_cd54cfb2852c49769dbc,acct_97bfc3d89d1b2a41c581,legacy_scope_review,open,"Review Thai relation, virtual presentation and public persona/account link."
review_cd971620aa0db4ce6a6d,acct_d89ebc2cf71ea768730b,legacy_scope_review,open,"Review Thai relation, virtual presentation and public persona/account link."
review_cdee1d979aa52365d0a3,acct_23eee56522c5ac35d107,legacy_scope_review,open,"Review Thai relation, virtual presentation and public persona/account link."
review_ce07046d88171593dd14,acct_570ba9d38a1c672bf496,legacy_scope_review,open,"Review Thai relation, virtual presentation and public persona/account link."
review_ce145126b9f9d085de74,acct_0c0c2016135ab39c8b19,legacy_scope_review,open,"Review Thai relation, virtual presentation and public persona/account link."
review_ce752ab57be6f55fa714,acct_63e86eef839845332d42,legacy_scope_review,open,"Review Thai relation, virtual presentation and public persona/account link."
review_cef5cb5f4d7c469dcd8d,acct_5ddffe7d71ba64a3fb31,legacy_scope_review,open,"Review Thai relation, virtual presentation and public persona/account link."
review_cf01e8113a9be2800c15,acct_fa3940ed6470f9d7b880,legacy_scope_review,open,"Review Thai relation, virtual presentation and public persona/account link."
review_cf08082460dd65f00e39,acct_abeeada48ee3961296dd,legacy_scope_review,open,"Review Thai relation, virtual presentation and public persona/account link."
review_cf1b630aaf6e42ccd785,acct_d13f4eac9398f2a98817,legacy_scope_review,open,"Review Thai relation, virtual presentation and public persona/account link."
review_cf2ed5e215e14f8f0502,acct_3ca9998411ab5fd834bd,legacy_scope_review,open,"Review Thai relation, virtual presentation and public persona/account link."
review_cf4a123e1b7e36c182b1,acct_612e057d15e19efe7d2e,legacy_scope_review,open,"Review Thai relation, virtual presentation and public persona/account link."
review_cf5e971d0ccb44f7e1ff,acct_156e76815454cee0c670,legacy_scope_review,open,"Review Thai relation, virtual presentation and public persona/account link."
review_cf9cf950334e69194a4b,acct_ac848667d713713da6e1,legacy_scope_review,open,"Review Thai relation, virtual presentation and public persona/account link."
review_cfc2683656752331cd3a,acct_1cfb90f1c075c95c51b3,legacy_scope_review,open,"Review Thai relation, virtual presentation and public persona/account link."
review_cffc20ee834a11c3dbf0,acct_6fdad52612624cf2c10a,legacy_scope_review,open,"Review Thai relation, virtual presentation and public persona/account link."
review_d03a65a63c25124b8854,acct_07ab27e8f8462c599325,legacy_scope_review,open,"Review Thai relation, virtual presentation and public persona/account link."
review_d044213a457fd7e7b479,acct_ad4c119c83c19133198b,legacy_scope_review,open,"Review Thai relation, virtual presentation and public persona/account link."
review_d084fab5d119af29c255,acct_b2a9a0c91698c1a00045,legacy_scope_review,open,"Review Thai relation, virtual presentation and public persona/account link."
review_d08713917e539f79dd36,acct_f9a5c7c75616baf98b97,legacy_scope_review,open,"Review Thai relation, virtual presentation and public persona/account link."
review_d0a50d415e6dc2632674,acct_6a3e4cb1e1fd695a564b,legacy_scope_review,open,"Review Thai relation, virtual presentation and public persona/account link."
review_d0ab26d4f5783eccac86,acct_9f07ace8954e79c75b86,legacy_scope_review,open,"Review Thai relation, virtual presentation and public persona/account link."
review_d0ada25ee4a99aa7dd52,acct_eacb999ef5b169b20d60,legacy_scope_review,open,"Review Thai relation, virtual presentation and public persona/account link."
review_d0d7c1d8d5c842a5f503,acct_64421c40ecd4fc652a5e,legacy_scope_review,open,"Review Thai relation, virtual presentation and public persona/account link."
review_d0fe53a3b9360a0ec611,acct_8ab92be1a5f3f652ea87,legacy_scope_review,open,"Review Thai relation, virtual presentation and public persona/account link."
review_d10418facf1795dfa95d,acct_1b5309ba589547d9d2c3,legacy_scope_review,open,"Review Thai relation, virtual presentation and public persona/account link."
review_d113cc7f1e9ae8d0e5bc,acct_bf50d11801ec2a27a1d4,legacy_scope_review,open,"Review Thai relation, virtual presentation and public persona/account link."
review_d13333758bbce0913d3d,acct_08ae1f358becb51a8633,legacy_scope_review,open,"Review Thai relation, virtual presentation and public persona/account link."
review_d178f8a87c6d4515d8b1,acct_d8325416bc37c63a9613,legacy_scope_review,open,"Review Thai relation, virtual presentation and public persona/account link."
review_d1943a96b698705b8c40,acct_2506009fabb087f449c4,legacy_scope_review,open,"Review Thai relation, virtual presentation and public persona/account link."
review_d1a5de31d74b86b8537d,acct_ce32ae6f7ad327918e8f,legacy_scope_review,open,"Review Thai relation, virtual presentation and public persona/account link."
review_d1d798244debb289641c,acct_8277df64c878d45e0766,legacy_scope_review,open,"Review Thai relation, virtual presentation and public persona/account link."
review_d1f6c95598737dce2438,acct_cd121b73ae91065c05d0,legacy_scope_review,open,"Review Thai relation, virtual presentation and public persona/account link."
review_d2034b3b7779aa4c61ac,acct_d75c7ecb206d4b68a18f,legacy_scope_review,open,"Review Thai relation, virtual presentation and public persona/account link."
review_d2285c30f561650c4197,acct_c44b26b4f007aa101a55,legacy_scope_review,open,"Review Thai relation, virtual presentation and public persona/account link."
review_d2b11f332ff2e270e447,acct_57996d54e40c3d9288b9,legacy_scope_review,open,"Review Thai relation, virtual presentation and public persona/account link."
review_d2ca3d7e63ee40633892,acct_bfe36010f56d22da4028,legacy_scope_review,open,"Review Thai relation, virtual presentation and public persona/account link."
review_d31f6a25a085ddcacc49,acct_730c5b1292811a5adbaa,legacy_scope_review,open,"Review Thai relation, virtual presentation and public persona/account link."
review_d354e665d021fbf7b317,acct_ca1a6e3fcb6fd08f5787,legacy_scope_review,open,"Review Thai relation, virtual presentation and public persona/account link."
review_d3ad7a3f7e4faa366c77,acct_6e7015802f2687aa1c38,legacy_scope_review,open,"Review Thai relation, virtual presentation and public persona/account link."
review_d4356ca5d5f1aa7b3321,acct_0360082e6253fe0b6ff9,legacy_scope_review,open,"Review Thai relation, virtual presentation and public persona/account link."
review_d43cdeb40852d69ada21,acct_7b6f66d2840339a378e1,legacy_scope_review,open,"Review Thai relation, virtual presentation and public persona/account link."
review_d4925ff9e1a9d63ddc71,acct_157603769ad9f270f7a5,legacy_scope_review,open,"Review Thai relation, virtual presentation and public persona/account link."
review_d49d154c90261762cc85,acct_6691217afd5d818c6938,legacy_scope_review,open,"Review Thai relation, virtual presentation and public persona/account link."
review_d4b05d85982d357539c7,acct_d5b5803dce83487b6edc,legacy_scope_review,open,"Review Thai relation, virtual presentation and public persona/account link."
review_d51adfa693ef4841a056,acct_e264c9191bf12694b1f3,legacy_scope_review,open,"Review Thai relation, virtual presentation and public persona/account link."
review_d531938f6c463c3c6be4,acct_3ccbb115bc3dc622a005,legacy_scope_review,open,"Review Thai relation, virtual presentation and public persona/account link."
review_d58075a24b1970dff5ff,acct_0ecaed82909f2331696c,legacy_scope_review,open,"Review Thai relation, virtual presentation and public persona/account link."
review_d5fda4f876471609422d,acct_5a6b9f07d672cbda1b59,legacy_scope_review,open,"Review Thai relation, virtual presentation and public persona/account link."
review_d6164cb96f09b8094621,acct_dfab9d76bd7f97297d0a,legacy_scope_review,open,"Review Thai relation, virtual presentation and public persona/account link."
review_d62f14246f060c87b002,acct_c9c97a4b11cb272632e7,legacy_scope_review,open,"Review Thai relation, virtual presentation and public persona/account link."
review_d6d94e0fa61abf8eb46b,acct_05f900bbeb2cff356c19,legacy_scope_review,open,"Review Thai relation, virtual presentation and public persona/account link."
review_d6e7aed5241b1c29eaa0,acct_97f9ec5929bdff9f9a77,legacy_scope_review,open,"Review Thai relation, virtual presentation and public persona/account link."
review_d6fd097d23217bda6430,acct_b1c2f3dda16936d82304,legacy_scope_review,open,"Review Thai relation, virtual presentation and public persona/account link."
review_d7065437800b63f91d44,acct_13a8514148215aad994d,legacy_scope_review,open,"Review Thai relation, virtual presentation and public persona/account link."
review_d715ed9936a5d69f6ba1,acct_a6800492942a7534855f,legacy_scope_review,open,"Review Thai relation, virtual presentation and public persona/account link."
review_d75c46a35e88237d4baa,acct_ba792f20990daa1f8713,legacy_scope_review,open,"Review Thai relation, virtual presentation and public persona/account link."
review_d7665b92e5d490748b0a,acct_811b03b2db1f32fb4784,legacy_scope_review,open,"Review Thai relation, virtual presentation and public persona/account link."
review_d797c90e8065019e2f3e,acct_0790f123ba94264887a8,legacy_scope_review,open,"Review Thai relation, virtual presentation and public persona/account link."
review_d7ab5ac3927cb08f5c23,acct_3f76ddc2ee5dfd6ef145,legacy_scope_review,open,"Review Thai relation, virtual presentation and public persona/account link."
review_d7ceda3bd7e1e92b0d0a,acct_b947232674e9154bd4b0,legacy_scope_review,open,"Review Thai relation, virtual presentation and public persona/account link."
review_d7d87e204b12c3248669,acct_ff129ffc2d4afb9a26b0,legacy_scope_review,open,"Review Thai relation, virtual presentation and public persona/account link."
review_d7f96c94da5c85b19e98,acct_778efd9e1025f46816cc,legacy_scope_review,open,"Review Thai relation, virtual presentation and public persona/account link."
review_d8520837c3c69926cd68,acct_e1778e6a3c7a7c5b70ec,legacy_scope_review,open,"Review Thai relation, virtual presentation and public persona/account link."
review_d88caac52d418aa3b06a,acct_d66ca8a35bdd31aa27a0,legacy_scope_review,open,"Review Thai relation, virtual presentation and public persona/account link."
review_d8e031524979b73c25e3,acct_dc7ddf1ba1e2b789dab7,legacy_scope_review,open,"Review Thai relation, virtual presentation and public persona/account link."
review_d8fd02ed7e4c9028c516,acct_471da68c5163a3524edc,legacy_scope_review,open,"Review Thai relation, virtual presentation and public persona/account link."
review_d92d99ee123ecd5a2261,acct_2497850d4cb7ca0e0e09,legacy_scope_review,open,"Review Thai relation, virtual presentation and public persona/account link."
review_d954bc9239323438dec2,acct_c75a8fd447785781376e,legacy_scope_review,open,"Review Thai relation, virtual presentation and public persona/account link."
review_d96efd0c4ffaf93bdff7,acct_52d9c09c2cd59f4f4722,legacy_scope_review,open,"Review Thai relation, virtual presentation and public persona/account link."
review_d98f7f845bea2e8add33,acct_f05cd0682c006dc21db1,legacy_scope_review,open,"Review Thai relation, virtual presentation and public persona/account link."
review_d9e6250b720df1e0043a,acct_3a667ffbf4d9fb0fb25a,legacy_scope_review,open,"Review Thai relation, virtual presentation and public persona/account link."
review_da3687e0b95d9a89ef73,acct_8e7abf06274d25a3db96,legacy_scope_review,open,"Review Thai relation, virtual presentation and public persona/account link."
review_da503531ea0d16c2f3f4,acct_4e79adbaafe04c4d6bfb,legacy_scope_review,open,"Review Thai relation, virtual presentation and public persona/account link."
review_daaf908ffca301ed584e,acct_90b71832d0c119516477,legacy_scope_review,open,"Review Thai relation, virtual presentation and public persona/account link."
review_dad2985af8b51f1e2b5c,acct_3fdb4823ad49d26f1577,legacy_scope_review,open,"Review Thai relation, virtual presentation and public persona/account link."
review_db07d4d6bad5167ba4c1,acct_a127e76fde138bf5eab3,legacy_scope_review,open,"Review Thai relation, virtual presentation and public persona/account link."
review_db320b94911dd7f1479f,acct_a2c2ab97ed391deedebb,legacy_scope_review,open,"Review Thai relation, virtual presentation and public persona/account link."
review_db4b2fe1e0e710f419e9,acct_09f4bae89dd9d2f09910,legacy_scope_review,open,"Review Thai relation, virtual presentation and public persona/account link."
review_db9eeb36cd31442329dd,acct_e1255f41f9fb85e1d817,legacy_scope_review,open,"Review Thai relation, virtual presentation and public persona/account link."
review_dbbf71bb63afa2a91e86,acct_44c6a0df68f34db801a9,legacy_scope_review,open,"Review Thai relation, virtual presentation and public persona/account link."
review_dbf573074147f7142e68,acct_684d053c5c7d0b519ff6,legacy_scope_review,open,"Review Thai relation, virtual presentation and public persona/account link."
review_dc1062b0fdf30cd7ead0,acct_d5d63e113a0113933b84,legacy_scope_review,open,"Review Thai relation, virtual presentation and public persona/account link."
review_dc12722e33f7bfe4fb86,acct_fa59de89e79cb7a60cc7,legacy_scope_review,open,"Review Thai relation, virtual presentation and public persona/account link."
review_dc1f812b65a40b61cf7b,acct_9819a81998975f5c2099,legacy_scope_review,open,"Review Thai relation, virtual presentation and public persona/account link."
review_dc4815ffedfa44fff131,acct_e4f61ba8e7d6b0f855fc,legacy_scope_review,open,"Review Thai relation, virtual presentation and public persona/account link."
review_dc80126a7de4df0a0d03,acct_1bef08706baa5e9ac1cd,legacy_scope_review,open,"Review Thai relation, virtual presentation and public persona/account link."
review_dc9f60564bc4264601c2,acct_410bc17b24523fbe6fa2,legacy_scope_review,open,"Review Thai relation, virtual presentation and public persona/account link."
review_dca54945eeaacda84777,acct_9b4c3c6ff07d2056f9b7,legacy_scope_review,open,"Review Thai relation, virtual presentation and public persona/account link."
review_dd382e1f52807adf0ae0,acct_ed7be5e0b55382eab5c3,legacy_scope_review,open,"Review Thai relation, virtual presentation and public persona/account link."
review_dd86e28888800caaa286,acct_709034b252ac8309e7d1,legacy_scope_review,open,"Review Thai relation, virtual presentation and public persona/account link."
review_dd87da9b4829bfcc174a,acct_ef4b9b81977bdce07265,legacy_scope_review,open,"Review Thai relation, virtual presentation and public persona/account link."
review_ddb0b251e33198542621,acct_6095845bc035b5f6c969,legacy_scope_review,open,"Review Thai relation, virtual presentation and public persona/account link."
review_ddc26fe1e6926cbb8841,acct_3979cc1873db15d9018e,legacy_scope_review,open,"Review Thai relation, virtual presentation and public persona/account link."
review_de092e34264b85ec660a,acct_951c170dbb5e739b8c6f,legacy_scope_review,open,"Review Thai relation, virtual presentation and public persona/account link."
review_de1816055460dc52d1b7,acct_ebb31637c4a36ab5268c,legacy_scope_review,open,"Review Thai relation, virtual presentation and public persona/account link."
review_de819485d9ced0ff5ef7,acct_a71c9763ca6da21733be,legacy_scope_review,open,"Review Thai relation, virtual presentation and public persona/account link."
review_df3f7a8016ab68de138d,acct_b74e38f0bc8e6c6a8976,legacy_scope_review,open,"Review Thai relation, virtual presentation and public persona/account link."
review_df5939e391a4e6afc8ff,acct_e9b626b9c5a446c2a1ff,legacy_scope_review,open,"Review Thai relation, virtual presentation and public persona/account link."
review_e047082d0dd4b338b014,acct_63fe8427f8d0f8f84b4b,legacy_scope_review,open,"Review Thai relation, virtual presentation and public persona/account link."
review_e0cae172e51c48f8514b,acct_baeda8b83f5f58b35aa8,legacy_scope_review,open,"Review Thai relation, virtual presentation and public persona/account link."
review_e112be2fd4b6d0bd26e9,acct_2454474341c61c80d17f,legacy_scope_review,open,"Review Thai relation, virtual presentation and public persona/account link."
review_e15159a4a91b0cb3fbb2,acct_b62ca4adf0773b48878e,legacy_scope_review,open,"Review Thai relation, virtual presentation and public persona/account link."
review_e160d4878ddc6f4e6875,acct_2fd143f8befe229b2c1f,legacy_scope_review,open,"Review Thai relation, virtual presentation and public persona/account link."
review_e17f84fa082c4d30d949,acct_a0ad68f0b85382b074dd,legacy_scope_review,open,"Review Thai relation, virtual presentation and public persona/account link."
review_e1e482e0b07762142bdb,acct_01fab0e1540d27de25c9,legacy_scope_review,open,"Review Thai relation, virtual presentation and public persona/account link."
review_e1f63036a559d06778c9,acct_e9ca5e61ac2789cc65f1,legacy_scope_review,open,"Review Thai relation, virtual presentation and public persona/account link."
review_e2b9f454747eefa6bd7e,acct_b3f32992e0698905f16e,legacy_scope_review,open,"Review Thai relation, virtual presentation and public persona/account link."
review_e2f03de584f91f579edb,acct_bb06a070211c488b0b57,legacy_scope_review,open,"Review Thai relation, virtual presentation and public persona/account link."
review_e2f71b2d2795e3aaaa7c,acct_3a1b415b20df50f4f6ea,legacy_scope_review,open,"Review Thai relation, virtual presentation and public persona/account link."
review_e33af4ef48b8eb0c00ff,acct_e0bf895127f2c2449304,legacy_scope_review,open,"Review Thai relation, virtual presentation and public persona/account link."
review_e3b8206828d1f43e7d54,acct_745a1616d42ed09c7797,legacy_scope_review,open,"Review Thai relation, virtual presentation and public persona/account link."
review_e3e039933175a7649fd2,acct_422a6ec1a2132c06c9d1,legacy_scope_review,open,"Review Thai relation, virtual presentation and public persona/account link."
review_e3fa3eadca4b7b48bf90,acct_cba9666ba0deb8f9d90a,legacy_scope_review,open,"Review Thai relation, virtual presentation and public persona/account link."
review_e4745cca17a3cc2ede0f,acct_8c5b34340dc3ed355273,legacy_scope_review,open,"Review Thai relation, virtual presentation and public persona/account link."
review_e474670d5bc4647ae12d,acct_a4e72338d4b7dc405d0f,legacy_scope_review,open,"Review Thai relation, virtual presentation and public persona/account link."
review_e47542a9ad130d4f5b0f,acct_3d206d31314a18717432,legacy_scope_review,open,"Review Thai relation, virtual presentation and public persona/account link."
review_e4a332440e1aa010631e,acct_c5ad31a0030c35c62e0e,legacy_scope_review,open,"Review Thai relation, virtual presentation and public persona/account link."
review_e4a7c36265a6f17a33d4,acct_90d10fdebab62b88909e,legacy_scope_review,open,"Review Thai relation, virtual presentation and public persona/account link."
review_e4da3236ce50487265be,acct_d09eb6629ee34e1f173c,legacy_scope_review,open,"Review Thai relation, virtual presentation and public persona/account link."
review_e50ef0176bb12f9361fa,acct_c21c653e3126d0c68612,legacy_scope_review,open,"Review Thai relation, virtual presentation and public persona/account link."
review_e518a4f68d30264684d1,acct_61eb409d72079ccf6ab0,legacy_scope_review,open,"Review Thai relation, virtual presentation and public persona/account link."
review_e6111dc7c16acabd93bf,acct_545ceea2e7a0689310a8,legacy_scope_review,open,"Review Thai relation, virtual presentation and public persona/account link."
review_e6144bda70552d066aab,acct_a5404ff2f8e2d4a33d0a,legacy_scope_review,open,"Review Thai relation, virtual presentation and public persona/account link."
review_e61748813dde4d459b94,acct_f70ae80b13fcc731c6f7,legacy_scope_review,open,"Review Thai relation, virtual presentation and public persona/account link."
review_e692e0d7c1b01367fa72,acct_bc1ca619f191d0dea996,legacy_scope_review,open,"Review Thai relation, virtual presentation and public persona/account link."
review_e6be2b0351d9ff34ef17,acct_2db51191f38018f72bdc,legacy_scope_review,open,"Review Thai relation, virtual presentation and public persona/account link."
review_e6d9823f642658b0ba7a,acct_033fd78af72eb3034bc6,legacy_scope_review,open,"Review Thai relation, virtual presentation and public persona/account link."
review_e70abe5627a9a49b1c9b,acct_2268f734ba8b166f6d54,legacy_scope_review,open,"Review Thai relation, virtual presentation and public persona/account link."
review_e74660be58d96ebde5d4,acct_9528f4e563f3e3d06831,legacy_scope_review,open,"Review Thai relation, virtual presentation and public persona/account link."
review_e755e3a7f6b771e049ac,acct_da6c33c2a026f70065fa,legacy_scope_review,open,"Review Thai relation, virtual presentation and public persona/account link."
review_e7b40b8b08e19f4ffe54,acct_ca5bbf474eaaef1809b0,legacy_scope_review,open,"Review Thai relation, virtual presentation and public persona/account link."
review_e7e223be60af4f9fe9dd,acct_b0191503dc25ebb96f2b,legacy_scope_review,open,"Review Thai relation, virtual presentation and public persona/account link."
review_e7f3d5a27e197d891a95,acct_286f693f8a16ac2bf0be,legacy_scope_review,open,"Review Thai relation, virtual presentation and public persona/account link."
review_e80c1b4657861ed2e85c,acct_ce2112434228d66757b6,legacy_scope_review,open,"Review Thai relation, virtual presentation and public persona/account link."
review_e81e3d98e97b3ed92210,acct_9abc3cb3a75e5c2a5626,legacy_scope_review,open,"Review Thai relation, virtual presentation and public persona/account link."
review_e83c910cb2192993f98b,acct_abaa6445de70220441ac,legacy_scope_review,open,"Review Thai relation, virtual presentation and public persona/account link."
review_e855e44d4a8446908379,acct_354521a5ae36cc514736,legacy_scope_review,open,"Review Thai relation, virtual presentation and public persona/account link."
review_e863f07d4a426af55631,acct_6af5f13727935a3dc7fb,legacy_scope_review,open,"Review Thai relation, virtual presentation and public persona/account link."
review_e8e6f9b88d949e9cb4b4,acct_5c6e4e8e15aa93a00919,legacy_scope_review,open,"Review Thai relation, virtual presentation and public persona/account link."
review_e8eb03854b82f7cf9725,acct_dd0018a24b696e3adf90,legacy_scope_review,open,"Review Thai relation, virtual presentation and public persona/account link."
review_e8ef6063526aa6af2d1e,acct_9431feda6f41169db943,legacy_scope_review,open,"Review Thai relation, virtual presentation and public persona/account link."
review_e94346c3536b828cb024,acct_a234910f6cb5ac04c073,legacy_scope_review,open,"Review Thai relation, virtual presentation and public persona/account link."
review_e95695b5a5453a8d4012,acct_3c43ad3ef1c7bc69ffb1,legacy_scope_review,open,"Review Thai relation, virtual presentation and public persona/account link."
review_e985d28f3c04b4c7834a,acct_47eefb1d87bcd7148e27,legacy_scope_review,open,"Review Thai relation, virtual presentation and public persona/account link."
review_e9963210d88506ac4e6e,acct_cc212ab4f5f019da4f66,legacy_scope_review,open,"Review Thai relation, virtual presentation and public persona/account link."
review_e9aa4b0154dad45b8311,acct_e998873352cfe212e87a,legacy_scope_review,open,"Review Thai relation, virtual presentation and public persona/account link."
review_e9afbd7d1479de066fcb,acct_c78e5fa1ae44ea62abc0,legacy_scope_review,open,"Review Thai relation, virtual presentation and public persona/account link."
review_e9d86455a70cdf182fbc,acct_33b51676b8d5cc855be8,legacy_scope_review,open,"Review Thai relation, virtual presentation and public persona/account link."
review_eac4c1b6078cb01f4c38,acct_1d46ef2a1b84142c83e2,legacy_scope_review,open,"Review Thai relation, virtual presentation and public persona/account link."
review_eb050a3a12aef82e2627,acct_3d260178a3448cd677b6,legacy_scope_review,open,"Review Thai relation, virtual presentation and public persona/account link."
review_eb28c70dc14272782e43,acct_03d1ab494bda5ecdd57f,legacy_scope_review,open,"Review Thai relation, virtual presentation and public persona/account link."
review_eb9f833acf4b67f72e7d,acct_ac6e94136ca7e6199a79,legacy_scope_review,open,"Review Thai relation, virtual presentation and public persona/account link."
review_ebc74238c2c2798d28e8,acct_60a6928af1824f6c6050,legacy_scope_review,open,"Review Thai relation, virtual presentation and public persona/account link."
review_ec5d589204da0abae4e3,acct_dca44f63a6bc51195daf,legacy_scope_review,open,"Review Thai relation, virtual presentation and public persona/account link."
review_ecbf7d9352a07ee8b5c1,acct_18b164595f86acd6141d,legacy_scope_review,open,"Review Thai relation, virtual presentation and public persona/account link."
review_ed432b2fab0b9659e877,acct_4266d4a10b2d445e7bd3,legacy_scope_review,open,"Review Thai relation, virtual presentation and public persona/account link."
review_ed4452bdd6b047a62df3,acct_c11f3a14dd261a0e40dc,legacy_scope_review,open,"Review Thai relation, virtual presentation and public persona/account link."
review_ed862947fbb7e95a298b,acct_e9841e82047bc1368979,legacy_scope_review,open,"Review Thai relation, virtual presentation and public persona/account link."
review_edbb26c5fabe85155814,acct_2f5348bf1464d4f2c312,legacy_scope_review,open,"Review Thai relation, virtual presentation and public persona/account link."
review_ee0b838e947759dd9332,acct_7b44d942fcf54f4b3b16,legacy_scope_review,open,"Review Thai relation, virtual presentation and public persona/account link."
review_ee4dd7585675422b9397,acct_3b650b1456718db3aafa,legacy_scope_review,open,"Review Thai relation, virtual presentation and public persona/account link."
review_ee7202b07669105b2f70,acct_ec4f29911318eb8168bc,legacy_scope_review,open,"Review Thai relation, virtual presentation and public persona/account link."
review_ee74697c8f9f6affde77,acct_981e08258c3175b7c535,legacy_scope_review,open,"Review Thai relation, virtual presentation and public persona/account link."
review_eebf18b0a50bd6e2ec71,acct_73536da982a2c1836a60,legacy_scope_review,open,"Review Thai relation, virtual presentation and public persona/account link."
review_ef2c7f85576893ae9ed0,acct_ac4460d4d5ed9040dea0,legacy_scope_review,open,"Review Thai relation, virtual presentation and public persona/account link."
review_ef3f166b8bbde8feccf1,acct_bcc9c739c89316c35a53,legacy_scope_review,open,"Review Thai relation, virtual presentation and public persona/account link."
review_ef51347cb2ae4f6140a0,acct_4e9fd0737c236c789df6,legacy_scope_review,open,"Review Thai relation, virtual presentation and public persona/account link."
review_ef61375e4075e4cabd18,acct_818055fc8c3563405cd2,legacy_scope_review,open,"Review Thai relation, virtual presentation and public persona/account link."
review_ef65f7b3c14017ae603c,acct_642d198aa72805f16f6e,legacy_scope_review,open,"Review Thai relation, virtual presentation and public persona/account link."
review_efd137bc99f7b4dc079b,acct_9b33f4341b62220c0382,legacy_scope_review,open,"Review Thai relation, virtual presentation and public persona/account link."
review_efdfc3b5a376ef4fda3d,acct_3d391dbecbbb6cfb23df,legacy_scope_review,open,"Review Thai relation, virtual presentation and public persona/account link."
review_f002feb791b22c29fb98,acct_169b5505a729908adea0,legacy_scope_review,open,"Review Thai relation, virtual presentation and public persona/account link."
review_f04f7483d9db701a8988,acct_d2da8158743b1b3b9582,legacy_scope_review,open,"Review Thai relation, virtual presentation and public persona/account link."
review_f0503f6381f4ca4a71d4,acct_a77e93c83aa939951274,legacy_scope_review,open,"Review Thai relation, virtual presentation and public persona/account link."
review_f17e5e1a3173b1d574a1,acct_1f12ae01f9b9f2bf6931,legacy_scope_review,open,"Review Thai relation, virtual presentation and public persona/account link."
review_f1d760846c13a9361b04,acct_a619e61af4e2d2d7c9a1,legacy_scope_review,open,"Review Thai relation, virtual presentation and public persona/account link."
review_f240183c55a51b1d88d8,acct_71f1c1e54e3612f38b61,legacy_scope_review,open,"Review Thai relation, virtual presentation and public persona/account link."
review_f245036dbc1f814c395c,acct_c252ea9a53d81eb9f1c4,legacy_scope_review,open,"Review Thai relation, virtual presentation and public persona/account link."
review_f2e249466fee1f952787,acct_3b698b74de04b56aff9c,legacy_scope_review,open,"Review Thai relation, virtual presentation and public persona/account link."
review_f2fefafd4dbca52d4b17,acct_5f735aac2d0cafa0c79f,legacy_scope_review,open,"Review Thai relation, virtual presentation and public persona/account link."
review_f3207c2cc7c8d62e2c16,acct_681018d006f84097b1af,legacy_scope_review,open,"Review Thai relation, virtual presentation and public persona/account link."
review_f35dc91ebf10a925a963,acct_2cad56a999b8ab0c21d6,legacy_scope_review,open,"Review Thai relation, virtual presentation and public persona/account link."
review_f374d34861521c0e8cf8,acct_fe6c341e5f01e9dd7508,legacy_scope_review,open,"Review Thai relation, virtual presentation and public persona/account link."
review_f3cc3c4d6f7aefffdd3d,acct_8956f52c06344901dcd6,legacy_scope_review,open,"Review Thai relation, virtual presentation and public persona/account link."
review_f3d9b936c998b5608fff,acct_5db59ed20853d1be7f9d,legacy_scope_review,open,"Review Thai relation, virtual presentation and public persona/account link."
review_f3e01590c1dc9b3b926d,acct_48c9ccbff78977303ad3,legacy_scope_review,open,"Review Thai relation, virtual presentation and public persona/account link."
review_f3f448cc5ff580bb808b,acct_603d2072cf21e33dab2a,legacy_scope_review,open,"Review Thai relation, virtual presentation and public persona/account link."
review_f40b3350f80fc4107161,acct_7b37dadab070cafc58d1,legacy_scope_review,open,"Review Thai relation, virtual presentation and public persona/account link."
review_f43847010ce8a126eb03,acct_074d56b1541818164bfd,legacy_scope_review,open,"Review Thai relation, virtual presentation and public persona/account link."
review_f444d659884b3e8d5a98,acct_fd04a51c416b2e6ef275,legacy_scope_review,open,"Review Thai relation, virtual presentation and public persona/account link."
review_f445e6618019a4c8752b,acct_7203dae5de94604e0d65,legacy_scope_review,open,"Review Thai relation, virtual presentation and public persona/account link."
review_f49611e0dbf8c3e36897,acct_2e5ee351ea393716f9c4,legacy_scope_review,open,"Review Thai relation, virtual presentation and public persona/account link."
review_f54954d267ec6a39c08c,acct_46510257d3fcf723c457,legacy_scope_review,open,"Review Thai relation, virtual presentation and public persona/account link."
review_f59dfa67d406b0bd4a4e,acct_2d7428d1903649ffced3,legacy_scope_review,open,"Review Thai relation, virtual presentation and public persona/account link."
review_f5f7d5b9fc5c03c9aa31,acct_656f33848db97bbab485,legacy_scope_review,open,"Review Thai relation, virtual presentation and public persona/account link."
review_f5fc99e2d737f0df9ea9,acct_848256bfd381033b89db,legacy_scope_review,open,"Review Thai relation, virtual presentation and public persona/account link."
review_f6119409a76635913ce8,acct_8613d54995abbd850efe,legacy_scope_review,open,"Review Thai relation, virtual presentation and public persona/account link."
review_f6a3bd3de978d7046108,acct_aa783ca65bd615a8382a,legacy_scope_review,open,"Review Thai relation, virtual presentation and public persona/account link."
review_f6e38b86795a4aaf352c,acct_c2b0c3d4aeabec27d2e5,legacy_scope_review,open,"Review Thai relation, virtual presentation and public persona/account link."
review_f6e574a526f6f17d3852,acct_3ee0ce1dae6a5001f802,legacy_scope_review,open,"Review Thai relation, virtual presentation and public persona/account link."
review_f76e3fa8fff99861dbd9,acct_9bd959bd9852cce0caf8,legacy_scope_review,open,"Review Thai relation, virtual presentation and public persona/account link."
review_f77487c02818efc68dc2,acct_db340885498a557a2e9a,legacy_scope_review,open,"Review Thai relation, virtual presentation and public persona/account link."
review_f815ef6f1767f229af50,acct_22dee90bdc83e37248f2,legacy_scope_review,open,"Review Thai relation, virtual presentation and public persona/account link."
review_f8174e499296c49e5d0e,acct_c843fb8a7182ad79c45f,legacy_scope_review,open,"Review Thai relation, virtual presentation and public persona/account link."
review_f820d24b93e58e4e52e1,acct_25bf1521412d0ec6e409,legacy_scope_review,open,"Review Thai relation, virtual presentation and public persona/account link."
review_f895bd0acc6c6a5bf1a0,acct_d071b4aa8ee9ef75bff4,legacy_scope_review,open,"Review Thai relation, virtual presentation and public persona/account link."
review_f8c5777cd7b123879a6f,acct_2ce950e191f40a850928,legacy_scope_review,open,"Review Thai relation, virtual presentation and public persona/account link."
review_f8cd3e7f4f6cefe5f7c6,acct_7a965d9b992c661dec93,legacy_scope_review,open,"Review Thai relation, virtual presentation and public persona/account link."
review_f8cef26aa3bd8ec56876,acct_da13b9e0986c1c14ae4b,legacy_scope_review,open,"Review Thai relation, virtual presentation and public persona/account link."
review_f92830f832a3d1066970,acct_1e08f6a485e9ea3514e8,legacy_scope_review,open,"Review Thai relation, virtual presentation and public persona/account link."
review_f94a5ad98f21d1de57f2,acct_1db41867686f07421b39,legacy_scope_review,open,"Review Thai relation, virtual presentation and public persona/account link."
review_f97016f681eeadfb28c1,acct_65f114cc5ef982a9610a,legacy_scope_review,open,"Review Thai relation, virtual presentation and public persona/account link."
review_f98b885e9a00ecd28d90,acct_a507287a5b83fc970372,legacy_scope_review,open,"Review Thai relation, virtual presentation and public persona/account link."
review_f98fb1f79ebfb56dbd44,acct_bf087a4916e54d1cdead,legacy_scope_review,open,"Review Thai relation, virtual presentation and public persona/account link."
review_f99e32b8ada8b7525ae0,acct_cc09c75505746bea0f3f,legacy_scope_review,open,"Review Thai relation, virtual presentation and public persona/account link."
review_f9e513226d2b25af37cf,acct_f07b5dd0e1dab18c8c50,legacy_scope_review,open,"Review Thai relation, virtual presentation and public persona/account link."
review_f9feaddc2ff1b7e9526e,acct_6007a848e2cac5f8597d,legacy_scope_review,open,"Review Thai relation, virtual presentation and public persona/account link."
review_fa491ee7bd42b6ae64ef,acct_228bd800f6bdd928d60d,legacy_scope_review,open,"Review Thai relation, virtual presentation and public persona/account link."
review_fa5c037ee464f2dea29b,acct_8847aa3232cc7aabaf94,legacy_scope_review,open,"Review Thai relation, virtual presentation and public persona/account link."
review_fa9e1084dd5f38885581,acct_41956171d14a12399b4e,legacy_scope_review,open,"Review Thai relation, virtual presentation and public persona/account link."
review_faa0ede77b484b49b16c,acct_1a8ab2d1fbfbc1a09640,legacy_scope_review,open,"Review Thai relation, virtual presentation and public persona/account link."
review_faa434b97a17fb20bff2,acct_6910267f8f9eceddb151,legacy_scope_review,open,"Review Thai relation, virtual presentation and public persona/account link."
review_fb3f57df53e8b8ffcc04,acct_96427647b6dcbd0353da,legacy_scope_review,open,"Review Thai relation, virtual presentation and public persona/account link."
review_fb6ff5986be618dd27e9,acct_dfbb3504982192390010,legacy_scope_review,open,"Review Thai relation, virtual presentation and public persona/account link."
review_fb8b4a2325be66911dad,acct_fc831eb5999eef3918a3,legacy_scope_review,open,"Review Thai relation, virtual presentation and public persona/account link."
review_fbab2e99d470f5f0e93b,acct_a192e0fc90f766e0b896,legacy_scope_review,open,"Review Thai relation, virtual presentation and public persona/account link."
review_fbc8cb7428594fb0e572,acct_2eba0417bb2bad4b4d8d,legacy_scope_review,open,"Review Thai relation, virtual presentation and public persona/account link."
review_fbd29af841505b75433b,acct_65ab0eeb4eb01d43326d,legacy_scope_review,open,"Review Thai relation, virtual presentation and public persona/account link."
review_fbe64dd680295a897ed5,acct_1fb99ee85549e4e2b95b,legacy_scope_review,open,"Review Thai relation, virtual presentation and public persona/account link."
review_fbf053c5e3bbadbca9af,acct_1db40538c1a68389b46f,legacy_scope_review,open,"Review Thai relation, virtual presentation and public persona/account link."
review_fc0dc1f99f80c8f52fb5,acct_40e9c32480fc47cc0301,legacy_scope_review,open,"Review Thai relation, virtual presentation and public persona/account link."
review_fc5555da2ee659c9e012,acct_cccc13099c0e877ed842,legacy_scope_review,open,"Review Thai relation, virtual presentation and public persona/account link."
review_fc760cbd40af021217f7,acct_a0b7b126222722f1c798,legacy_scope_review,open,"Review Thai relation, virtual presentation and public persona/account link."
review_fcf1584f285456449b10,acct_d4bbebd69a967a3f433b,legacy_scope_review,open,"Review Thai relation, virtual presentation and public persona/account link."
review_fcf4fbe876ac681c1714,acct_d98db4b9cc7b1eacd177,legacy_scope_review,open,"Review Thai relation, virtual presentation and public persona/account link."
review_fcf56ffb7c561bac3d16,acct_26932c872f521f9f9069,legacy_scope_review,open,"Review Thai relation, virtual presentation and public persona/account link."
review_fd2328535f2807ec1ad4,acct_a538a4737d96307b34df,legacy_scope_review,open,"Review Thai relation, virtual presentation and public persona/account link."
review_fd32c45d7f09559b4d52,acct_7eccacbcd94c0bdf51d7,legacy_scope_review,open,"Review Thai relation, virtual presentation and public persona/account link."
review_fd84e9ed0ed6195aea95,acct_d7c9509038bc53b890a2,legacy_scope_review,open,"Review Thai relation, virtual presentation and public persona/account link."
review_fddd09aa5789e08532a6,acct_be1a1f1eef1b8b01262e,legacy_scope_review,open,"Review Thai relation, virtual presentation and public persona/account link."
review_fdf15d00be4c31a0dc57,acct_c07f85b0db9b7167f1bf,legacy_scope_review,open,"Review Thai relation, virtual presentation and public persona/account link."
review_fe1749204fa0aecbf259,acct_a47a4ce05f6e93497439,legacy_scope_review,open,"Review Thai relation, virtual presentation and public persona/account link."
review_fe47c4e1c45808f7f4d1,acct_837d99253dc392ee42d0,legacy_scope_review,open,"Review Thai relation, virtual presentation and public persona/account link."
review_fe7db70edd4222cba21e,acct_e6daaef5303b80ab1827,legacy_scope_review,open,"Review Thai relation, virtual presentation and public persona/account link."
review_fe8d6e9f6ba977778200,acct_8ef4b92bef97f6982a0a,legacy_scope_review,open,"Review Thai relation, virtual presentation and public persona/account link."
review_fe8ee40db10b6e8ef82d,acct_40831a9d355e0f4f3ec2,legacy_scope_review,open,"Review Thai relation, virtual presentation and public persona/account link."
review_fed677c43f7c9bde7a0f,acct_d338358276db4f6beb17,legacy_scope_review,open,"Review Thai relation, virtual presentation and public persona/account link."
review_ff0c4238d1dc4a1668cc,acct_a05bf76205f9040a3953,legacy_scope_review,open,"Review Thai relation, virtual presentation and public persona/account link."
review_ff2068c050e0a7c61305,acct_a4567f01c588d0770376,legacy_scope_review,open,"Review Thai relation, virtual presentation and public persona/account link."
review_ff98888a5a882fdf01bb,acct_f9b71ca6b5cc546be951,legacy_scope_review,open,"Review Thai relation, virtual presentation and public persona/account link."
review_ffacbeac1c18eb6f2517,acct_0e96418ed2ce7f421c7c,legacy_scope_review,open,"Review Thai relation, virtual presentation and public persona/account link."
review_fff1cb932054fbdc87e9,acct_04265a71f48cd6fa5863,legacy_scope_review,open,"Review Thai relation, virtual presentation and public persona/account link."
