account_id,platform_id,id_namespace,handle,name,url,observed_at,account_evidence_url,as_of,scope_review,persona_ids
acct_ddcac587612e90970e8c,6800005568226296834,web_user_id,.demonbunny,DemonBunnyTH,https://www.tiktok.com/@.demonbunny,2026-09-13T06:24:10.229123+00:00,https://www.tiktok.com/embed/@.demonbunny?lang=en&embedFrom=webapp_preview,2026-09-17,not_established_at_cutoff,
acct_71cf08ad2e2fb0a430b2,6557861030806454273,web_user_id,1stmamon,/ˈfɝːstmamɒn/,https://www.tiktok.com/@1stmamon,2026-09-13T06:31:11.160452+00:00,https://www.tiktok.com/embed/@1stmamon?lang=en&embedFrom=webapp_preview,2026-09-17,not_established_at_cutoff,
acct_7a46e714b9b4543bcfb1,6777362418538185729,web_user_id,1tsn4nami1,N4NAMi(นานะ),https://www.tiktok.com/@1tsn4nami1,2026-09-13T06:24:10.229584+00:00,https://www.tiktok.com/embed/@1tsn4nami1?lang=en&embedFrom=webapp_preview,2026-09-17,not_established_at_cutoff,
acct_d6b6debfa5df34eaa963,7472434420957479957,web_user_id,21pm.official,21PM,https://www.tiktok.com/@21pm.official,2026-09-13T06:24:10.229930+00:00,https://www.tiktok.com/embed/@21pm.official?lang=en&embedFrom=webapp_preview,2026-09-17,not_established_at_cutoff,
acct_46d843a9a1803c19e332,7467228604913632263,web_user_id,3am_vtuber,3AM | ตีสาม 🐈‍⬛👻,https://www.tiktok.com/@3am_vtuber,2026-09-13T06:24:10.230237+00:00,https://www.tiktok.com/embed/@3am_vtuber?lang=en&embedFrom=webapp_preview,2026-09-17,not_established_at_cutoff,
acct_37d0a72be001c53a1e3b,7515818772583056405,web_user_id,3lvinia,3lvinia,https://www.tiktok.com/@3lvinia,2026-09-13T06:24:10.249866+00:00,https://www.tiktok.com/embed/@3lvinia?lang=en&embedFrom=webapp_preview,2026-09-17,not_established_at_cutoff,
acct_35ee6f4c7f763c6adcc3,7333331807050679297,web_user_id,9orenji,9orenji,https://www.tiktok.com/@9orenji,2026-09-13T06:15:37.983737+00:00,https://www.tiktok.com/embed/@9orenji?lang=en&embedFrom=webapp_preview,2026-09-17,not_established_at_cutoff,
acct_a7c90cc396e9c01d6bf4,7514651694774535188,web_user_id,_fromillusion,_fromillusion,https://www.tiktok.com/@_fromillusion,2026-09-13T06:15:37.984008+00:00,https://www.tiktok.com/embed/@_fromillusion?lang=en&embedFrom=webapp_preview,2026-09-17,not_established_at_cutoff,
acct_821865c3b39dcab6901b,7357195322495468562,web_user_id,_melzerl3lack_,MelZer【メル】,https://www.tiktok.com/@_melzerl3lack_,2026-09-13T06:15:37.984637+00:00,https://www.tiktok.com/embed/@_melzerl3lack_?lang=en&embedFrom=webapp_preview,2026-09-17,not_established_at_cutoff,
acct_acf62319f5123cd2f549,7528649550538933266,web_user_id,a.anastasia_trr,Anastasia_TRR,https://www.tiktok.com/@a.anastasia_trr,2026-09-13T06:24:10.293438+00:00,https://www.tiktok.com/embed/@a.anastasia_trr?lang=en&embedFrom=webapp_preview,2026-09-17,not_established_at_cutoff,
acct_8a68cd02bc4880e231c0,7067751756335432730,web_user_id,a1chandesu,Aika,https://www.tiktok.com/@a1chandesu,2026-09-13T06:24:10.761614+00:00,https://www.tiktok.com/embed/@a1chandesu?lang=en&embedFrom=webapp_preview,2026-09-17,not_established_at_cutoff,
acct_5f34c7acb88ce8245925,7489881548818318354,web_user_id,aceriazooncra,Arceria ZooN【CRA】,https://www.tiktok.com/@aceriazooncra,2026-09-13T06:24:10.928434+00:00,https://www.tiktok.com/embed/@aceriazooncra?lang=en&embedFrom=webapp_preview,2026-09-17,not_established_at_cutoff,
acct_6406095ee0afbe73a248,7233653193217131525,web_user_id,adama.mise,Adama MiSE Ch.,https://www.tiktok.com/@adama.mise,2026-09-13T06:15:38.493255+00:00,https://www.tiktok.com/embed/@adama.mise?lang=en&embedFrom=webapp_preview,2026-09-17,not_established_at_cutoff,
acct_46589fdbb427462f6efe,7372259398997459976,web_user_id,adisoneiya_dvp,AdisonEiya_DVP,https://www.tiktok.com/@adisoneiya_dvp,2026-09-13T06:31:11.161141+00:00,https://www.tiktok.com/embed/@adisoneiya_dvp?lang=en&embedFrom=webapp_preview,2026-09-17,not_established_at_cutoff,
acct_41df0f71f3a274af1044,7207431331239429126,web_user_id,adkhaow,[ad] Khaow,https://www.tiktok.com/@adkhaow,2026-09-13T06:24:11.047616+00:00,https://www.tiktok.com/embed/@adkhaow?lang=en&embedFrom=webapp_preview,2026-09-17,not_established_at_cutoff,
acct_d7f523b0045508dd7989,7593673205748515847,web_user_id,adreliszinya_alf,Adrelis Zinya「ALF」🔥👊🏻,https://www.tiktok.com/@adreliszinya_alf,2026-09-13T06:15:38.757663+00:00,https://www.tiktok.com/embed/@adreliszinya_alf?lang=en&embedFrom=webapp_preview,2026-09-17,not_established_at_cutoff,
acct_6747d472b1fdafaa51f2,7337502980810703880,web_user_id,aelegos_sun_ofaemin,aelegos_sun_ofaemin,https://www.tiktok.com/@aelegos_sun_ofaemin,2026-09-13T06:15:38.886812+00:00,https://www.tiktok.com/embed/@aelegos_sun_ofaemin?lang=en&embedFrom=webapp_preview,2026-09-17,not_established_at_cutoff,
acct_7142380b09442354824f,7163220534007956481,web_user_id,aelisse.epr,Aelisse.epr,https://www.tiktok.com/@aelisse.epr,2026-09-13T06:24:11.105824+00:00,https://www.tiktok.com/embed/@aelisse.epr?lang=en&embedFrom=webapp_preview,2026-09-17,not_established_at_cutoff,
acct_6f2183e664db9730be27,7326562894299956231,web_user_id,aidenleonheart,Aiden Leonheart【SRV】,https://www.tiktok.com/@aidenleonheart,2026-09-13T06:24:11.178108+00:00,https://www.tiktok.com/embed/@aidenleonheart?lang=en&embedFrom=webapp_preview,2026-09-17,not_established_at_cutoff,
acct_9c943c450a02b869f370,7102373871919891461,web_user_id,aidinvtuber,AidinVtuber,https://www.tiktok.com/@aidinvtuber,2026-09-13T06:24:11.327546+00:00,https://www.tiktok.com/embed/@aidinvtuber?lang=en&embedFrom=webapp_preview,2026-09-17,not_established_at_cutoff,
acct_df2986c7e6646a046c83,7469782337468531713,web_user_id,aikon_st,ก้อนเป็นวีทูปเบอร์,https://www.tiktok.com/@aikon_st,2026-09-13T06:24:11.420286+00:00,https://www.tiktok.com/embed/@aikon_st?lang=en&embedFrom=webapp_preview,2026-09-17,not_established_at_cutoff,
acct_aed6a5a05783870e8654,7232274206674502661,web_user_id,aimtraps,aimt1964,https://www.tiktok.com/@aimtraps,2026-09-13T06:24:11.617993+00:00,https://www.tiktok.com/embed/@aimtraps?lang=en&embedFrom=webapp_preview,2026-09-17,not_established_at_cutoff,
acct_e357767172b2204a35aa,7259716895087444997,web_user_id,aina.vtuber,Aina VTuber,https://www.tiktok.com/@aina.vtuber,2026-09-13T06:15:39.055469+00:00,https://www.tiktok.com/embed/@aina.vtuber?lang=en&embedFrom=webapp_preview,2026-09-17,not_established_at_cutoff,
acct_e871885ca24231bb836a,6773604999152944129,web_user_id,aishachannelofficial,Aisha Channel,https://www.tiktok.com/@aishachannelofficial,2026-09-13T06:15:39.191538+00:00,https://www.tiktok.com/embed/@aishachannelofficial?lang=en&embedFrom=webapp_preview,2026-09-17,not_established_at_cutoff,
acct_c1dfbe6111f5ba7080bf,7234420511437030405,web_user_id,aito_lh,aito_lh,https://www.tiktok.com/@aito_lh,2026-09-13T06:24:11.660954+00:00,https://www.tiktok.com/embed/@aito_lh?lang=en&embedFrom=webapp_preview,2026-09-17,not_established_at_cutoff,
acct_1fab06993282f049cc8b,7483924846553875457,web_user_id,aji2806,aji,https://www.tiktok.com/@aji2806,2026-09-13T06:24:11.828732+00:00,https://www.tiktok.com/embed/@aji2806?lang=en&embedFrom=webapp_preview,2026-09-17,not_established_at_cutoff,
acct_1430a837d7db2a8887f5,7247891823284618245,web_user_id,akaku_mikoni,akaku_mikoni,https://www.tiktok.com/@akaku_mikoni,2026-09-13T06:24:11.867142+00:00,https://www.tiktok.com/embed/@akaku_mikoni?lang=en&embedFrom=webapp_preview,2026-09-17,not_established_at_cutoff,
acct_99c90f5d1111fd2a36c9,7599329257227518983,web_user_id,akari_kanon,Akari Kanon,https://www.tiktok.com/@akari_kanon,2026-09-13T06:24:12.057334+00:00,https://www.tiktok.com/embed/@akari_kanon?lang=en&embedFrom=webapp_preview,2026-09-17,not_established_at_cutoff,
acct_ef04a4121c068b87b37e,7135330021832541211,web_user_id,akemi_arlin,akemi_arlin,https://www.tiktok.com/@akemi_arlin,2026-09-13T06:15:39.223220+00:00,https://www.tiktok.com/embed/@akemi_arlin?lang=en&embedFrom=webapp_preview,2026-09-17,not_established_at_cutoff,
acct_5515e9546d4c31e5a0db,7421078483357369349,web_user_id,akimasamune_as,Aki Masamune Ch.,https://www.tiktok.com/@akimasamune_as,2026-09-13T06:24:12.335974+00:00,https://www.tiktok.com/embed/@akimasamune_as?lang=en&embedFrom=webapp_preview,2026-09-17,not_established_at_cutoff,
acct_b993ff2af9bad06fd2c3,7433786568202273809,web_user_id,akinorieiji_trr,Akinori Eiji Ch.「TRR」,https://www.tiktok.com/@akinorieiji_trr,2026-09-13T06:24:12.398778+00:00,https://www.tiktok.com/embed/@akinorieiji_trr?lang=en&embedFrom=webapp_preview,2026-09-17,not_established_at_cutoff,
acct_03c9257311ef5284b645,7253632491122410502,web_user_id,akito_soa,Akito ⚔️💙 | VTuber【SOA】,https://www.tiktok.com/@akito_soa,2026-09-13T06:24:12.444213+00:00,https://www.tiktok.com/embed/@akito_soa?lang=en&embedFrom=webapp_preview,2026-09-17,not_established_at_cutoff,
acct_b9905567fd4e040a073a,7339964325564285970,web_user_id,akitoqflame,akitoqflame,https://www.tiktok.com/@akitoqflame,2026-09-16T09:35:50+00:00,https://www.youtube.com/channel/UCqxS4qNzJUWdPgR2UdLpemA,2026-09-17,not_established_at_cutoff,
acct_8081fd73398db93c347d,7156568942256653338,web_user_id,alizabyleth.s,Alizabyleth Vtuber,https://www.tiktok.com/@alizabyleth.s,2026-09-13T06:24:12.524078+00:00,https://www.tiktok.com/embed/@alizabyleth.s?lang=en&embedFrom=webapp_preview,2026-09-17,not_established_at_cutoff,
acct_a6f988728a8b454a4e86,7150649180620342277,web_user_id,allure_mystery,Allure Tytonadia,https://www.tiktok.com/@allure_mystery,2026-09-13T06:15:39.368603+00:00,https://www.tiktok.com/embed/@allure_mystery?lang=en&embedFrom=webapp_preview,2026-09-17,not_established_at_cutoff,
acct_28afb3f9a073289e0219,6952753691128579073,web_user_id,alparukeeper.vtuber,Alparukeeper.vtuber,https://www.tiktok.com/@alparukeeper.vtuber,2026-09-13T06:15:39.448150+00:00,https://www.tiktok.com/embed/@alparukeeper.vtuber?lang=en&embedFrom=webapp_preview,2026-09-17,not_established_at_cutoff,
acct_519187b695a2ead34b84,7463823478241838085,web_user_id,altair_alal,AltairAlAl✨,https://www.tiktok.com/@altair_alal,2026-09-13T06:24:12.731825+00:00,https://www.tiktok.com/embed/@altair_alal?lang=en&embedFrom=webapp_preview,2026-09-17,not_established_at_cutoff,
acct_7a482d8b635634f9d4f2,7508342078587716616,web_user_id,alteria_vtuber,Alteria,https://www.tiktok.com/@alteria_vtuber,2026-09-13T06:24:12.883504+00:00,https://www.tiktok.com/embed/@alteria_vtuber?lang=en&embedFrom=webapp_preview,2026-09-17,not_established_at_cutoff,
acct_62487b028ad652498f10,6554270292767932418,web_user_id,althena_ch,althenach,https://www.tiktok.com/@althena_ch,2026-09-13T06:31:11.221981+00:00,https://www.tiktok.com/embed/@althena_ch?lang=en&embedFrom=webapp_preview,2026-09-17,not_established_at_cutoff,
acct_53dba1399a92750be289,7352958772593198087,web_user_id,alvinach1,Alvina Ch✨,https://www.tiktok.com/@alvinach1,2026-09-13T06:24:13.093465+00:00,https://www.tiktok.com/embed/@alvinach1?lang=en&embedFrom=webapp_preview,2026-09-17,not_established_at_cutoff,
acct_72a24ae0b3ef0675d29b,7420451925592310791,web_user_id,alzena_slr,Byte001_SLR,https://www.tiktok.com/@alzena_slr,2026-09-16T14:49:21+00:00,https://x.com/Byte001_SLR,2026-09-17,not_established_at_cutoff,
acct_6628526929afa3a2710b,7138783313478075397,web_user_id,amamiyanora,Nora,https://www.tiktok.com/@amamiyanora,2026-09-13T06:24:13.167663+00:00,https://www.tiktok.com/embed/@amamiyanora?lang=en&embedFrom=webapp_preview,2026-09-17,not_established_at_cutoff,
acct_0d8bf96b65a17f60079c,7370201652006192145,web_user_id,amanerei_,Amane Rei,https://www.tiktok.com/@amanerei_,2026-09-13T06:24:13.229458+00:00,https://www.tiktok.com/embed/@amanerei_?lang=en&embedFrom=webapp_preview,2026-09-17,not_established_at_cutoff,
acct_16cbdc20345e028d2a01,7142877827850322970,web_user_id,amecandyvtuber,AmeCandy 🪄🍬,https://www.tiktok.com/@amecandyvtuber,2026-09-13T06:15:39.503334+00:00,https://www.tiktok.com/embed/@amecandyvtuber?lang=en&embedFrom=webapp_preview,2026-09-17,not_established_at_cutoff,
acct_617fc2367db572879ebd,7463336228051862536,web_user_id,amello_channel,Amello 💜🧸,https://www.tiktok.com/@amello_channel,2026-09-13T06:24:13.265413+00:00,https://www.tiktok.com/embed/@amello_channel?lang=en&embedFrom=webapp_preview,2026-09-17,not_established_at_cutoff,
acct_85920a788ebfc2a86ed3,7235116379698136069,web_user_id,amillyarchive,AmiLLy Archive,https://www.tiktok.com/@amillyarchive,2026-09-13T06:15:39.806470+00:00,https://www.tiktok.com/embed/@amillyarchive?lang=en&embedFrom=webapp_preview,2026-09-17,not_established_at_cutoff,
acct_c404b980b65ee71bc370,7085319371875419162,web_user_id,amiralexia,Amirah Lexia,https://www.tiktok.com/@amiralexia,2026-09-13T06:15:39.883771+00:00,https://www.tiktok.com/embed/@amiralexia?lang=en&embedFrom=webapp_preview,2026-09-17,not_established_at_cutoff,
acct_24b3bbae38ba7bafd0dc,7335692540493382674,web_user_id,amiworldend,Beta AMI,https://www.tiktok.com/@amiworldend,2026-09-13T06:15:39.906185+00:00,https://www.tiktok.com/embed/@amiworldend?lang=en&embedFrom=webapp_preview,2026-09-17,not_established_at_cutoff,
acct_1f43da4651359c464e01,7622320330719855634,web_user_id,amn.mero,amn.mero,https://www.tiktok.com/@amn.mero,2026-09-16T09:37:54+00:00,https://www.youtube.com/channel/UCBmXZKNg_Tsy-r5pZsBPVVA,2026-09-17,not_established_at_cutoff,
acct_8722c8643da85be876a6,6512761503207391234,web_user_id,amnuaich,Amnuai,https://www.tiktok.com/@amnuaich,2026-09-13T06:15:40.264121+00:00,https://www.tiktok.com/embed/@amnuaich?lang=en&embedFrom=webapp_preview,2026-09-17,not_established_at_cutoff,
acct_45bc303423ddcd8569e0,6918215372140676097,web_user_id,amuvch,Amu V Ch.,https://www.tiktok.com/@amuvch,2026-09-13T06:24:13.599364+00:00,https://www.tiktok.com/embed/@amuvch?lang=en&embedFrom=webapp_preview,2026-09-17,not_established_at_cutoff,
acct_20db6b773e2cbf016b1d,7240064529714856962,web_user_id,amystl_official,Amy Stella 🎭✨️,https://www.tiktok.com/@amystl_official,2026-09-13T06:24:13.804465+00:00,https://www.tiktok.com/embed/@amystl_official?lang=en&embedFrom=webapp_preview,2026-09-17,not_established_at_cutoff,
acct_555c17c26854e0e9175b,6849694841825641474,web_user_id,anemizz,Ane🪼🪸,https://www.tiktok.com/@anemizz,2026-09-13T06:15:40.302344+00:00,https://www.tiktok.com/embed/@anemizz?lang=en&embedFrom=webapp_preview,2026-09-17,not_established_at_cutoff,
acct_865f2a9f847c1f469378,6541543893299970049,web_user_id,ant4zin,ant4zin,https://www.tiktok.com/@ant4zin,2026-09-16T09:33:38+00:00,https://www.youtube.com/channel/UCwUOnMoqNijxs5e6GbfRJ3Q,2026-09-17,not_established_at_cutoff,
acct_dc37c190b56f679d2da3,7479038894211941384,web_user_id,antiavtuber,antiavtuber,https://www.tiktok.com/@antiavtuber?_t=zs-8uj8bzs3rio&_r=1,2026-09-16T09:32:07+00:00,https://www.youtube.com/channel/UCPtilLPQCGVrhxeuu7nbxRQ,2026-09-17,not_established_at_cutoff,
acct_7b8d95deaa40da9d6bd8,7682138843697873937,web_user_id,anyajulie,anyajulie,https://www.tiktok.com/@anyajulie,2026-09-13T06:15:40.427408+00:00,https://www.tiktok.com/embed/@anyajulie?lang=en&embedFrom=webapp_preview,2026-09-17,not_established_at_cutoff,
acct_01f9201c7ed8db3083a5,7151314791184352261,web_user_id,anyaplg,Anya A. Marshall,https://www.tiktok.com/@anyaplg,2026-09-13T06:15:40.552361+00:00,https://www.tiktok.com/embed/@anyaplg?lang=en&embedFrom=webapp_preview,2026-09-17,not_established_at_cutoff,
acct_7dd4d6b7ada392e0b1d9,7275706739717800968,web_user_id,anyasmith203,Anya Smith,https://www.tiktok.com/@anyasmith203,2026-09-13T06:15:40.581841+00:00,https://www.tiktok.com/embed/@anyasmith203?lang=en&embedFrom=webapp_preview,2026-09-17,not_established_at_cutoff,
acct_7a086dd7ed9ac1b6dc6b,7425576738576466962,web_user_id,aoinekomori,Aoi「葵」,https://www.tiktok.com/@aoinekomori,2026-09-13T06:24:13.841986+00:00,https://www.tiktok.com/embed/@aoinekomori?lang=en&embedFrom=webapp_preview,2026-09-17,not_established_at_cutoff,
acct_e11c5a4b22881cbff368,7351751371693769746,web_user_id,aosorapopo,Aosora Popo⭐🫧,https://www.tiktok.com/@aosorapopo,2026-09-13T06:24:13.955846+00:00,https://www.tiktok.com/embed/@aosorapopo?lang=en&embedFrom=webapp_preview,2026-09-17,not_established_at_cutoff,
acct_f6bd01f72edcd3c8b8d8,7102363899000964102,web_user_id,apririru,apririru,https://www.tiktok.com/@apririru,2026-09-16T10:01:17+00:00,https://www.youtube.com/channel/UCqBG-DyjOA-llSpScSDOxqA,2026-09-17,not_established_at_cutoff,
acct_46820ee43020d9ad12d0,6803024668250964994,web_user_id,aquamariniaa,AquaMarinia,https://www.tiktok.com/@aquamariniaa,2026-09-13T06:15:40.665356+00:00,https://www.tiktok.com/embed/@aquamariniaa?lang=en&embedFrom=webapp_preview,2026-09-17,not_established_at_cutoff,
acct_6021f02da42995d2e6bf,7077803343825306651,web_user_id,aranis_elvene,Aranis Elvene,https://www.tiktok.com/@aranis_elvene,2026-09-13T06:15:40.965369+00:00,https://www.tiktok.com/embed/@aranis_elvene?lang=en&embedFrom=webapp_preview,2026-09-17,not_established_at_cutoff,
acct_e7cb29c4304402ebfffa,7576202858749297685,web_user_id,arcanonmutelu,Arcanon Tarotar,https://www.tiktok.com/@arcanonmutelu,2026-09-13T06:24:14.120824+00:00,https://www.tiktok.com/embed/@arcanonmutelu?lang=en&embedFrom=webapp_preview,2026-09-17,not_established_at_cutoff,
acct_ed14dc2526e0aa0d79a1,7238492794465141766,web_user_id,ardalita_lilibelle,Ardalita Lilibelle,https://www.tiktok.com/@ardalita_lilibelle,2026-09-13T06:24:14.146625+00:00,https://www.tiktok.com/embed/@ardalita_lilibelle?lang=en&embedFrom=webapp_preview,2026-09-17,not_established_at_cutoff,
acct_864c050538a5462eceec,6828650425307137026,web_user_id,arithmosch,ArithmosCh,https://www.tiktok.com/@arithmosch,2026-09-13T06:31:11.527010+00:00,https://www.tiktok.com/embed/@arithmosch?lang=en&embedFrom=webapp_preview,2026-09-17,not_established_at_cutoff,
acct_a55cc4daead3669c375b,6957625223534150658,web_user_id,arp_vtuber,Algorhythm Project,https://www.tiktok.com/@arp_vtuber,2026-09-13T06:15:40.969473+00:00,https://www.tiktok.com/embed/@arp_vtuber?lang=en&embedFrom=webapp_preview,2026-09-17,not_established_at_cutoff,
acct_076c9c68782636884d6c,7252722243908731910,web_user_id,artie_epr,🍜🍷𝔞𝔯𝔱𝔦𝔢_𝔢𝔭𝔯🍷🍜,https://www.tiktok.com/@artie_epr,2026-09-13T06:15:41.022015+00:00,https://www.tiktok.com/embed/@artie_epr?lang=en&embedFrom=webapp_preview,2026-09-17,not_established_at_cutoff,
acct_24cf9e5bc2a178249334,7443853526356329480,web_user_id,aru_hoshima,Aru Hoshima Ch. | 星間アル,https://www.tiktok.com/@aru_hoshima,2026-09-13T06:24:14.186695+00:00,https://www.tiktok.com/embed/@aru_hoshima?lang=en&embedFrom=webapp_preview,2026-09-17,not_established_at_cutoff,
acct_e710163178e57696696d,7595472633220285461,web_user_id,asherdawnbaker,Asher Dawnbaker,https://www.tiktok.com/@asherdawnbaker,2026-09-13T06:24:14.543603+00:00,https://www.tiktok.com/embed/@asherdawnbaker?lang=en&embedFrom=webapp_preview,2026-09-17,not_established_at_cutoff,
acct_a232563196905ef90df6,6924271648834077698,web_user_id,asheria_bubu,Asheria,https://www.tiktok.com/@asheria_bubu,2026-09-13T06:24:14.570858+00:00,https://www.tiktok.com/embed/@asheria_bubu?lang=en&embedFrom=webapp_preview,2026-09-17,not_established_at_cutoff,
acct_0efcc35e896232c54975,7335693507006383112,web_user_id,ashyraworldend,T-Reina Ashyra,https://www.tiktok.com/@ashyraworldend,2026-09-13T06:15:41.444543+00:00,https://www.tiktok.com/embed/@ashyraworldend?lang=en&embedFrom=webapp_preview,2026-09-17,not_established_at_cutoff,
acct_a5c916d71c8e9da73a94,7174292395893949466,web_user_id,astella_rieka,RiekaDaYo🐺🌠,https://www.tiktok.com/@astella_rieka,2026-09-13T06:24:14.718996+00:00,https://www.tiktok.com/embed/@astella_rieka?lang=en&embedFrom=webapp_preview,2026-09-17,not_established_at_cutoff,
acct_0d073b9089ac5c402d07,7609630177631781889,web_user_id,astellarieka,...,https://www.tiktok.com/@astellarieka,2026-09-13T06:15:41.633131+00:00,https://www.tiktok.com/embed/@astellarieka?lang=en&embedFrom=webapp_preview,2026-09-17,not_established_at_cutoff,
acct_ea208665435abdce7a8f,7043323519640323074,web_user_id,aster.kalimeris,Aster Kalimeris,https://www.tiktok.com/@aster.kalimeris,2026-09-13T06:15:41.767280+00:00,https://www.tiktok.com/embed/@aster.kalimeris?lang=en&embedFrom=webapp_preview,2026-09-17,not_established_at_cutoff,
acct_0e777341a1729cb23012,7031498053028185115,web_user_id,astiavtuber,AstiaVtuber,https://www.tiktok.com/@astiavtuber,2026-09-13T06:15:41.773277+00:00,https://www.tiktok.com/embed/@astiavtuber?lang=en&embedFrom=webapp_preview,2026-09-17,not_established_at_cutoff,
acct_40fa0cdda2ba2739eade,7311271709964944389,web_user_id,astreaastr,Astrea Ch. アストリア〖ECR〗,https://www.tiktok.com/@astreaastr,2026-09-13T06:24:14.878583+00:00,https://www.tiktok.com/embed/@astreaastr?lang=en&embedFrom=webapp_preview,2026-09-17,not_established_at_cutoff,
acct_6d346eb6797c47dff7e0,7252304175769650182,web_user_id,astrealapj,Astreala Project,https://www.tiktok.com/@astrealapj,2026-09-13T06:24:14.961330+00:00,https://www.tiktok.com/embed/@astrealapj?lang=en&embedFrom=webapp_preview,2026-09-17,not_established_at_cutoff,
acct_0dbf2613305827477b56,7147366501757223962,web_user_id,athrun.tyto.alba,Athrun Tyto Alba🪺,https://www.tiktok.com/@athrun.tyto.alba,2026-09-13T06:15:41.775934+00:00,https://www.tiktok.com/embed/@athrun.tyto.alba?lang=en&embedFrom=webapp_preview,2026-09-17,not_established_at_cutoff,
acct_5ae4564971ca7e0832d7,7235923162973963269,web_user_id,atlanteia_sireen,Atlanteia Sireen,https://www.tiktok.com/@atlanteia_sireen,2026-09-13T06:24:14.979801+00:00,https://www.tiktok.com/embed/@atlanteia_sireen?lang=en&embedFrom=webapp_preview,2026-09-17,not_established_at_cutoff,
acct_fd26fe48212b47f80c02,7102391934023828485,web_user_id,aventurine212_goddess,Aventurine,https://www.tiktok.com/@aventurine212_goddess,2026-09-13T06:24:15.271022+00:00,https://www.tiktok.com/embed/@aventurine212_goddess?lang=en&embedFrom=webapp_preview,2026-09-17,not_established_at_cutoff,
acct_25129d9260072a2b128b,7071146660613833755,web_user_id,ayna_arp,♦️Ayna♦️,https://www.tiktok.com/@ayna_arp,2026-09-13T06:24:15.334433+00:00,https://www.tiktok.com/embed/@ayna_arp?lang=en&embedFrom=webapp_preview,2026-09-17,not_established_at_cutoff,
acct_479d62b86dddba1f8026,7165864720724722690,web_user_id,ayrisbelle,AyrisB,https://www.tiktok.com/@ayrisbelle,2026-09-13T06:24:15.403561+00:00,https://www.tiktok.com/embed/@ayrisbelle?lang=en&embedFrom=webapp_preview,2026-09-17,not_established_at_cutoff,
acct_bbefcfd5e0ca745f358c,7229862727781860358,web_user_id,ayselzzy,อัยเจล,https://www.tiktok.com/@ayselzzy,2026-09-13T06:15:42.084812+00:00,https://www.tiktok.com/embed/@ayselzzy?lang=en&embedFrom=webapp_preview,2026-09-17,not_established_at_cutoff,
acct_53b852037759a414f7ed,7327045223065469957,web_user_id,aytheravt,Aythecard,https://www.tiktok.com/@aytheravt,2026-09-13T06:15:42.218414+00:00,https://www.tiktok.com/embed/@aytheravt?lang=en&embedFrom=webapp_preview,2026-09-17,not_established_at_cutoff,
acct_5946bc0ca4af9a010868,7238863761002841094,web_user_id,ayu_vtb69,Ayu_VtuberTH,https://www.tiktok.com/@ayu_vtb69,2026-09-13T06:31:11.595637+00:00,https://www.tiktok.com/embed/@ayu_vtb69?lang=en&embedFrom=webapp_preview,2026-09-17,not_established_at_cutoff,
acct_1abf5f8b36303c84e5c3,7221397940156793862,web_user_id,azar_otl,Azar《 OTL 》,https://www.tiktok.com/@azar_otl,2026-09-13T06:24:15.629593+00:00,https://www.tiktok.com/embed/@azar_otl?lang=en&embedFrom=webapp_preview,2026-09-17,not_established_at_cutoff,
acct_04fccb8cd7d44ceae309,7055976442072908801,web_user_id,azatostacia,Azato Stacia,https://www.tiktok.com/@azatostacia,2026-09-13T06:15:42.231667+00:00,https://www.tiktok.com/embed/@azatostacia?lang=en&embedFrom=webapp_preview,2026-09-17,not_established_at_cutoff,
acct_898e39c8474438424dc5,7165901064536572933,web_user_id,azuko_98,Azuko  -あずこ-,https://www.tiktok.com/@azuko_98,2026-09-16T15:19:57.157011+00:00,https://www.tiktok.com/embed/@azuko_98?lang=en&embedFrom=webapp_preview,2026-09-17,not_established_at_cutoff,
acct_98c898995c48c6cc5b54,7277483475178193926,web_user_id,azuri_desu,azuri_desu,https://www.tiktok.com/@azuri_desu,2026-09-16T09:37:36+00:00,https://www.youtube.com/channel/UCZYLQLIIviw56yaDcA9-VwA,2026-09-17,not_established_at_cutoff,
acct_b5797f3ff3965e58dfe6,7145177930175792129,web_user_id,azuruvt,AzuruVT,https://www.tiktok.com/@azuruvt,2026-09-13T06:15:42.592989+00:00,https://www.tiktok.com/embed/@azuruvt?lang=en&embedFrom=webapp_preview,2026-09-17,not_established_at_cutoff,
acct_b4d4fa1105116566f50b,7210696690269029381,web_user_id,baabel_arp,baabel_arp,https://www.tiktok.com/@baabel_arp,2026-09-13T06:24:15.755626+00:00,https://www.tiktok.com/embed/@baabel_arp?lang=en&embedFrom=webapp_preview,2026-09-17,not_established_at_cutoff,
acct_ff75e87807483c9011ee,7029821565253600258,web_user_id,baku_arp,Baku -獏- ☁️🏮,https://www.tiktok.com/@baku_arp,2026-09-13T06:15:42.650459+00:00,https://www.tiktok.com/embed/@baku_arp?lang=en&embedFrom=webapp_preview,2026-09-17,not_established_at_cutoff,
acct_30d879db1f0de7ec8520,6991091370841867291,web_user_id,bakurinneverdie,BakurinS,https://www.tiktok.com/@bakurinneverdie,2026-09-13T06:15:42.897367+00:00,https://www.tiktok.com/embed/@bakurinneverdie?lang=en&embedFrom=webapp_preview,2026-09-17,not_established_at_cutoff,
acct_bd35baec476c0ce53be7,7119554468564370459,web_user_id,baruruvtuber,Baruru 🐧🥓 Vtuber,https://www.tiktok.com/@baruruvtuber,2026-09-13T06:15:43.007659+00:00,https://www.tiktok.com/embed/@baruruvtuber?lang=en&embedFrom=webapp_preview,2026-09-17,not_established_at_cutoff,
acct_d780585db638eb890b20,6556510670430339074,web_user_id,beariss_beam,BEARISS_BEAM,https://www.tiktok.com/@beariss_beam,2026-09-13T06:15:43.046399+00:00,https://www.tiktok.com/embed/@beariss_beam?lang=en&embedFrom=webapp_preview,2026-09-17,not_established_at_cutoff,
acct_15bfa13f2c400fbd62ad,7194447299865936922,web_user_id,beatrix_monroe,Beatrix_monroe,https://www.tiktok.com/@beatrix_monroe,2026-09-13T06:24:16.045615+00:00,https://www.tiktok.com/embed/@beatrix_monroe?lang=en&embedFrom=webapp_preview,2026-09-17,not_established_at_cutoff,
acct_cee5ec773efdd937dc3d,7221140601948554266,web_user_id,beevis_ant,BeeVis_ANT,https://www.tiktok.com/@beevis_ant,2026-09-13T06:31:11.955879+00:00,https://www.tiktok.com/embed/@beevis_ant?lang=en&embedFrom=webapp_preview,2026-09-17,not_established_at_cutoff,
acct_be16aaa8f25007b735ff,7276769751450616840,web_user_id,benny7418ch,Benny Ch.,https://www.tiktok.com/@benny7418ch,2026-09-13T06:24:16.147212+00:00,https://www.tiktok.com/embed/@benny7418ch?lang=en&embedFrom=webapp_preview,2026-09-17,not_established_at_cutoff,
acct_e08e336128dc255ea82c,7419300161530397704,web_user_id,besicka_alf,Besicka ALF,https://www.tiktok.com/@besicka_alf,2026-09-13T06:24:16.193739+00:00,https://www.tiktok.com/embed/@besicka_alf?lang=en&embedFrom=webapp_preview,2026-09-17,not_established_at_cutoff,
acct_7f63a01b941092dca194,7110144028657828869,web_user_id,bettha_vtuber,Bettha Ch.,https://www.tiktok.com/@bettha_vtuber,2026-09-13T06:24:16.264417+00:00,https://www.tiktok.com/embed/@bettha_vtuber?lang=en&embedFrom=webapp_preview,2026-09-17,not_established_at_cutoff,
acct_5d24b3fa68e5faa84a5b,6966084059307459585,web_user_id,bgrgamecaster,BOOKGAMER,https://www.tiktok.com/@bgrgamecaster,2026-09-13T06:24:16.335480+00:00,https://www.tiktok.com/embed/@bgrgamecaster?lang=en&embedFrom=webapp_preview,2026-09-17,not_established_at_cutoff,
acct_6c5223da54f058d19852,7194299409105060870,web_user_id,big_m_4u,Big M 4U,https://www.tiktok.com/@big_m_4u,2026-09-13T06:24:16.420432+00:00,https://www.tiktok.com/embed/@big_m_4u?lang=en&embedFrom=webapp_preview,2026-09-17,not_established_at_cutoff,
acct_23b34e190a3e89ea9e53,6919888408849761282,web_user_id,bingsujuseyo,บิงซูจูเซโย🍧,https://www.tiktok.com/@bingsujuseyo,2026-09-13T06:24:16.826357+00:00,https://www.tiktok.com/embed/@bingsujuseyo?lang=en&embedFrom=webapp_preview,2026-09-17,not_established_at_cutoff,
acct_acc27788dbd659710925,7275996707953968134,web_user_id,biruwolf,BiruWolf,https://www.tiktok.com/@biruwolf,2026-09-13T06:24:16.964173+00:00,https://www.tiktok.com/embed/@biruwolf?lang=en&embedFrom=webapp_preview,2026-09-17,not_established_at_cutoff,
acct_dc4a8735d2ff70c15adf,7270010982197822469,web_user_id,biscuitblythe,biscuitblythe,https://www.tiktok.com/@biscuitblythe,2026-09-13T06:24:17.009062+00:00,https://www.tiktok.com/embed/@biscuitblythe?lang=en&embedFrom=webapp_preview,2026-09-17,not_established_at_cutoff,
acct_84c39bd964905b9ae2ee,7421020076159304712,web_user_id,bishamon_as,🐈‍⬛,https://www.tiktok.com/@bishamon_as,2026-09-13T06:24:17.154877+00:00,https://www.tiktok.com/embed/@bishamon_as?lang=en&embedFrom=webapp_preview,2026-09-17,not_established_at_cutoff,
acct_7c0b6023e18e24be5090,6874877843043058689,web_user_id,bluchangmot,BluChan GMOT,https://www.tiktok.com/@bluchangmot,2026-09-13T06:24:17.255536+00:00,https://www.tiktok.com/embed/@bluchangmot?lang=en&embedFrom=webapp_preview,2026-09-17,not_established_at_cutoff,
acct_57448a4d922a89db41ce,7054770959630730241,web_user_id,bluevalentinevt,Blue Valentine,https://www.tiktok.com/@bluevalentinevt,2026-09-13T06:15:43.296721+00:00,https://www.tiktok.com/embed/@bluevalentinevt?lang=en&embedFrom=webapp_preview,2026-09-17,not_established_at_cutoff,
acct_dc80dbe8387444a70206,7130972557435946011,web_user_id,bobovtuber,BOBO,https://www.tiktok.com/@bobovtuber,2026-09-13T06:15:43.325360+00:00,https://www.tiktok.com/embed/@bobovtuber?lang=en&embedFrom=webapp_preview,2026-09-17,not_established_at_cutoff,
acct_75e6f86bd7686227ff18,7245964765536060418,web_user_id,boomlittlefox,BoomLittleFox,https://www.tiktok.com/@boomlittlefox,2026-09-13T06:24:17.456211+00:00,https://www.tiktok.com/embed/@boomlittlefox?lang=en&embedFrom=webapp_preview,2026-09-17,not_established_at_cutoff,
acct_1e61be28aee91a81dde6,6708280242048730113,web_user_id,boonlan_vtg,BoonLan『VTG』,https://www.tiktok.com/@boonlan_vtg,2026-09-13T06:24:17.591500+00:00,https://www.tiktok.com/embed/@boonlan_vtg?lang=en&embedFrom=webapp_preview,2026-09-17,not_established_at_cutoff,
acct_b202427ea17c7f8705b9,7158027035242873862,web_user_id,boonshuuuu,boonshuuuu,https://www.tiktok.com/@boonshuuuu,2026-09-13T06:31:12.041202+00:00,https://www.tiktok.com/embed/@boonshuuuu?lang=en&embedFrom=webapp_preview,2026-09-17,not_established_at_cutoff,
acct_c072e1f1982d4e9826d7,7444520391581025281,web_user_id,bossmomo_lh,bossmomo_lh,https://www.tiktok.com/@bossmomo_lh,2026-09-13T06:24:17.723297+00:00,https://www.tiktok.com/embed/@bossmomo_lh?lang=en&embedFrom=webapp_preview,2026-09-17,not_established_at_cutoff,
acct_20ed98686bb7965bdd93,7276546941953098754,web_user_id,breindel_theduck,Breindel 🦆🔱 | VtuberTH,https://www.tiktok.com/@breindel_theduck,2026-09-13T06:15:43.676761+00:00,https://www.tiktok.com/embed/@breindel_theduck?lang=en&embedFrom=webapp_preview,2026-09-17,not_established_at_cutoff,
acct_4b7696b21e7180439efe,7518337904046867474,web_user_id,brrwynvibeent,BRRWYN,https://www.tiktok.com/@brrwynvibeent,2026-09-13T06:24:17.774770+00:00,https://www.tiktok.com/embed/@brrwynvibeent?lang=en&embedFrom=webapp_preview,2026-09-17,not_established_at_cutoff,
acct_eec0adcdfecabac85e77,6999307225496192027,web_user_id,bua.bsb,Bua | ดอกบัว 🪷,https://www.tiktok.com/@bua.bsb,2026-09-13T06:31:12.172107+00:00,https://www.tiktok.com/embed/@bua.bsb?lang=en&embedFrom=webapp_preview,2026-09-17,not_established_at_cutoff,
acct_d9f09b2e02303c02a3b5,7470446823484900359,web_user_id,butaann,บูตัน,https://www.tiktok.com/@butaann,2026-09-13T06:24:18.001921+00:00,https://www.tiktok.com/embed/@butaann?lang=en&embedFrom=webapp_preview,2026-09-17,not_established_at_cutoff,
acct_9dc0fc0498618c47b3f6,7512126639683339272,web_user_id,byte001_slr,Byte001_SLR,https://www.tiktok.com/@byte001_slr,2026-09-13T06:24:18.170919+00:00,https://www.tiktok.com/embed/@byte001_slr?lang=en&embedFrom=webapp_preview,2026-09-17,not_established_at_cutoff,
acct_095a242153c3ebb50fea,7601139326777312277,web_user_id,c.hina._,ชินะไม่ใช่ไชน่า!,https://www.tiktok.com/@c.hina._,2026-09-13T06:24:18.248958+00:00,https://www.tiktok.com/embed/@c.hina._?lang=en&embedFrom=webapp_preview,2026-09-17,not_established_at_cutoff,
acct_2f8d4bd9ea08cd83e95f,7588936533576680468,web_user_id,caelithhoshizora,Caelith Hoshizora,https://www.tiktok.com/@caelithhoshizora,2026-09-13T06:24:18.523522+00:00,https://www.tiktok.com/embed/@caelithhoshizora?lang=en&embedFrom=webapp_preview,2026-09-17,not_established_at_cutoff,
acct_59370d8e5985df081146,6686369675851645954,web_user_id,callidora_vtuberth,Callidora Ch.【VJN】,https://www.tiktok.com/@callidora_vtuberth,2026-09-13T06:24:18.543613+00:00,https://www.tiktok.com/embed/@callidora_vtuberth?lang=en&embedFrom=webapp_preview,2026-09-17,not_established_at_cutoff,
acct_e0ce0e0ebb89b8f3cf2e,7550161233166337042,web_user_id,callistosocoolofficial,CallistoSoCool,https://www.tiktok.com/@callistosocoolofficial,2026-09-13T06:24:18.759189+00:00,https://www.tiktok.com/embed/@callistosocoolofficial?lang=en&embedFrom=webapp_preview,2026-09-17,not_established_at_cutoff,
acct_460a9f7d26a2d1b1c86a,7150514977056572422,web_user_id,calmmunessu,Calmmunessu,https://www.tiktok.com/@calmmunessu,2026-09-13T06:15:43.901981+00:00,https://www.tiktok.com/embed/@calmmunessu?lang=en&embedFrom=webapp_preview,2026-09-17,not_established_at_cutoff,
acct_8c96d186e591765f9803,6975626484480214018,web_user_id,candycatdy,candycatdy,https://www.tiktok.com/@candycatdy,2026-09-16T15:19:57.157011+00:00,https://streamrecorder.io/tiktok/%40candycatdy,2026-09-17,not_established_at_cutoff,
acct_1389d5c461648eeaae66,7480157572017226759,web_user_id,carys_eylz,Carys_EYLZ,https://www.tiktok.com/@carys_eylz,2026-09-13T06:24:18.761874+00:00,https://www.tiktok.com/embed/@carys_eylz?lang=en&embedFrom=webapp_preview,2026-09-17,not_established_at_cutoff,
acct_cd8ed5c3d47b0d7f8740,7000792309223326721,web_user_id,castesianx,CastesiaNX,https://www.tiktok.com/@castesianx,2026-09-13T06:24:18.978322+00:00,https://www.tiktok.com/embed/@castesianx?lang=en&embedFrom=webapp_preview,2026-09-17,not_established_at_cutoff,
acct_85dc76de50649a0e7f1a,7119517844362265601,web_user_id,catniipz,Catniipz,https://www.tiktok.com/@catniipz,2026-09-13T06:15:44.240749+00:00,https://www.tiktok.com/embed/@catniipz?lang=en&embedFrom=webapp_preview,2026-09-17,not_established_at_cutoff,
acct_a8a40a32a51a1aa2a445,7530132774135022610,web_user_id,catta.4r,catta.,https://www.tiktok.com/@catta.4r,2026-09-13T06:24:19.023891+00:00,https://www.tiktok.com/embed/@catta.4r?lang=en&embedFrom=webapp_preview,2026-09-17,not_established_at_cutoff,
acct_02d84ed412fd421e906e,7282333580533236738,web_user_id,catzeran,CatzeraN,https://www.tiktok.com/@catzeran,2026-09-13T06:31:12.303669+00:00,https://www.tiktok.com/embed/@catzeran?lang=en&embedFrom=webapp_preview,2026-09-17,not_established_at_cutoff,
acct_da62001e005a7bda872d,6947212020354892801,web_user_id,ccretrain.flaw.pr,CcretRain [ FLAW Project ],https://www.tiktok.com/@ccretrain.flaw.pr,2026-09-13T06:15:44.296493+00:00,https://www.tiktok.com/embed/@ccretrain.flaw.pr?lang=en&embedFrom=webapp_preview,2026-09-17,not_established_at_cutoff,
acct_dd26c94ffb775084bee2,7017369926977586177,web_user_id,celestialparticle,StellarPaticle | TH/EN Vtuber,https://www.tiktok.com/@celestialparticle,2026-09-13T06:24:19.290971+00:00,https://www.tiktok.com/embed/@celestialparticle?lang=en&embedFrom=webapp_preview,2026-09-17,not_established_at_cutoff,
acct_f0cdec836b5522511d38,7100380831788712987,web_user_id,cerafine_mikael,Cerafine Mikael,https://www.tiktok.com/@cerafine_mikael,2026-09-13T06:24:19.294363+00:00,https://www.tiktok.com/embed/@cerafine_mikael?lang=en&embedFrom=webapp_preview,2026-09-17,not_established_at_cutoff,
acct_39a3a861754547151853,7151309163331093509,web_user_id,ceraplg,Minami Cera,https://www.tiktok.com/@ceraplg,2026-09-13T06:15:44.346005+00:00,https://www.tiktok.com/embed/@ceraplg?lang=en&embedFrom=webapp_preview,2026-09-17,not_established_at_cutoff,
acct_d60e0d6575764efc9381,7272791829710619653,web_user_id,chaaym_,ChaAYM,https://www.tiktok.com/@chaaym_,2026-09-13T06:24:19.449513+00:00,https://www.tiktok.com/embed/@chaaym_?lang=en&embedFrom=webapp_preview,2026-09-17,not_established_at_cutoff,
acct_368b591a1142a74fa88f,6850058202710737921,web_user_id,chalaewwww,ChaLaew,https://www.tiktok.com/@chalaewwww,2026-09-13T06:31:12.331626+00:00,https://www.tiktok.com/embed/@chalaewwww?lang=en&embedFrom=webapp_preview,2026-09-17,not_established_at_cutoff,
acct_5602e4d941e888ef2677,7150825509714166810,web_user_id,chalamkhai,ข.ไข่ในกระทะ,https://www.tiktok.com/@chalamkhai,2026-09-13T06:31:12.523717+00:00,https://www.tiktok.com/embed/@chalamkhai?lang=en&embedFrom=webapp_preview,2026-09-17,not_established_at_cutoff,
acct_bd1a28d4aa43d515c947,7475764858672219144,web_user_id,chalityprl,กะปุ้นบุ๋งๆๆ,https://www.tiktok.com/@chalityprl,2026-09-13T06:31:12.744648+00:00,https://www.tiktok.com/embed/@chalityprl?lang=en&embedFrom=webapp_preview,2026-09-17,not_established_at_cutoff,
acct_28658918918b1a01aae3,7062518131315065858,web_user_id,chanavtuber,Chana チャナ,https://www.tiktok.com/@chanavtuber,2026-09-13T06:24:19.468338+00:00,https://www.tiktok.com/embed/@chanavtuber?lang=en&embedFrom=webapp_preview,2026-09-17,not_established_at_cutoff,
acct_aae4e9741398553bfaad,6604372712138571777,web_user_id,chaoplathong,ChaoPlaThong,https://www.tiktok.com/@chaoplathong,2026-09-13T06:15:44.704678+00:00,https://www.tiktok.com/embed/@chaoplathong?lang=en&embedFrom=webapp_preview,2026-09-17,not_established_at_cutoff,
acct_988d8b6e7759c49181e4,7488771859425920007,web_user_id,chatacloveron,chatacloveron,https://www.tiktok.com/@chatacloveron,2026-09-13T06:24:19.702088+00:00,https://www.tiktok.com/embed/@chatacloveron?lang=en&embedFrom=webapp_preview,2026-09-17,not_established_at_cutoff,
acct_c2ea2d7f38a9e9ceec53,7073584428228150273,web_user_id,cheezysteaksttv,CheezySteaks,https://www.tiktok.com/@cheezysteaksttv,2026-09-13T06:31:12.845482+00:00,https://www.tiktok.com/embed/@cheezysteaksttv?lang=en&embedFrom=webapp_preview,2026-09-17,not_established_at_cutoff,
acct_f02a23bd5ca8c70d1738,7535157670258983954,web_user_id,cherlynx.x,Cherlynx ˚₊୨🎀୧,https://www.tiktok.com/@cherlynx.x,2026-09-13T06:24:19.795078+00:00,https://www.tiktok.com/embed/@cherlynx.x?lang=en&embedFrom=webapp_preview,2026-09-17,not_established_at_cutoff,
acct_93673f0703f6f83b957f,7371883107961947137,web_user_id,chermy_vtuber,เรียลเชอร์มี่,https://www.tiktok.com/@chermy_vtuber,2026-09-13T06:15:44.925513+00:00,https://www.tiktok.com/embed/@chermy_vtuber?lang=en&embedFrom=webapp_preview,2026-09-17,not_established_at_cutoff,
acct_d3fc44aa703d912101af,7643600307386172434,web_user_id,cherricheer,⋮ ⌗ ┆𝓣𝓲𝓵𝓵 ⊹ ࣪ ˖ 🎸˚. ᵎᵎ,https://www.tiktok.com/@cherricheer,2026-09-13T06:31:12.963395+00:00,https://www.tiktok.com/embed/@cherricheer?lang=en&embedFrom=webapp_preview,2026-09-17,not_established_at_cutoff,
acct_9101d17d561c2ff73351,6605407529907093505,web_user_id,cherrys_kersche,CherryS_Kersche,https://www.tiktok.com/@cherrys_kersche,2026-09-13T06:31:12.983311+00:00,https://www.tiktok.com/embed/@cherrys_kersche?lang=en&embedFrom=webapp_preview,2026-09-17,not_established_at_cutoff,
acct_907ccf0cd0eb07627f47,7479846078272881680,web_user_id,chiharu_trr,Chiharu 「TRR」,https://www.tiktok.com/@chiharu_trr,2026-09-13T06:24:20.046954+00:00,https://www.tiktok.com/embed/@chiharu_trr?lang=en&embedFrom=webapp_preview,2026-09-17,not_established_at_cutoff,
acct_da1e04535f36747796ee,7302462052059120641,web_user_id,chiiakijf,chiiakijf,https://www.tiktok.com/@chiiakijf,2026-09-13T06:24:20.129262+00:00,https://www.tiktok.com/embed/@chiiakijf?lang=en&embedFrom=webapp_preview,2026-09-17,not_established_at_cutoff,
acct_d81578e8299f4d6ee9a7,7309721729525826578,web_user_id,chizizfa,chizizfa,https://www.tiktok.com/@chizizfa,2026-09-16T09:37:26+00:00,https://www.youtube.com/channel/UCtJXU7YRwS-Cc8pu8U8bicg,2026-09-17,not_established_at_cutoff,
acct_e3d54fda550227b5005d,7314662578923422725,web_user_id,chloejparkvtuber,Chloe J. Park Ch.,https://www.tiktok.com/@chloejparkvtuber,2026-09-13T06:24:20.259210+00:00,https://www.tiktok.com/embed/@chloejparkvtuber?lang=en&embedFrom=webapp_preview,2026-09-17,not_established_at_cutoff,
acct_5ad4280837b26a7a3f1f,7276842371483567105,web_user_id,chloridefow,Chloride Fow~♥,https://www.tiktok.com/@chloridefow,2026-09-13T06:24:20.335579+00:00,https://www.tiktok.com/embed/@chloridefow?lang=en&embedFrom=webapp_preview,2026-09-17,not_established_at_cutoff,
acct_986c9d7724ad1caab175,7192981824262865925,web_user_id,chouxcreamii,ChouxCreamVtuber,https://www.tiktok.com/@chouxcreamii,2026-09-13T06:24:20.556516+00:00,https://www.tiktok.com/embed/@chouxcreamii?lang=en&embedFrom=webapp_preview,2026-09-17,not_established_at_cutoff,
acct_a9a90796fbc65aa683e8,7407854766979941377,web_user_id,chouya,Chouya,https://www.tiktok.com/@chouya,2026-09-13T06:24:20.607934+00:00,https://www.tiktok.com/embed/@chouya?lang=en&embedFrom=webapp_preview,2026-09-17,not_established_at_cutoff,
acct_e14c5ec7020721db190c,7207813906373985285,web_user_id,choya_vtuber,Choya,https://www.tiktok.com/@choya_vtuber,2026-09-13T06:15:45.100661+00:00,https://www.tiktok.com/embed/@choya_vtuber?lang=en&embedFrom=webapp_preview,2026-09-17,not_established_at_cutoff,
acct_ae30a2ce2f0ee138bf6e,7194448028593062939,web_user_id,christa_atx,Christa_ATX,https://www.tiktok.com/@christa_atx,2026-09-13T06:31:13.234248+00:00,https://www.tiktok.com/embed/@christa_atx?lang=en&embedFrom=webapp_preview,2026-09-17,not_established_at_cutoff,
acct_84fb9b3e983ac06d6485,7450850121954755591,web_user_id,chukoliang_fixixvt,CHUkoliang_FIXIXVT,https://www.tiktok.com/@chukoliang_fixixvt,2026-09-13T06:24:20.887441+00:00,https://www.tiktok.com/embed/@chukoliang_fixixvt?lang=en&embedFrom=webapp_preview,2026-09-17,not_established_at_cutoff,
acct_3a9576154af78ed02991,7517757116363523079,web_user_id,ciel_epr,CIEL『 𝗘𝗣𝗥 』.Vtuber,https://www.tiktok.com/@ciel_epr,2026-09-13T06:24:20.906580+00:00,https://www.tiktok.com/embed/@ciel_epr?lang=en&embedFrom=webapp_preview,2026-09-17,not_established_at_cutoff,
acct_c553937feede2314da0f,6933526505986704385,web_user_id,ckayze,CKAYZE,https://www.tiktok.com/@ckayze,2026-09-13T06:15:45.144372+00:00,https://www.tiktok.com/embed/@ckayze?lang=en&embedFrom=webapp_preview,2026-09-17,not_established_at_cutoff,
acct_698ecb0dae190f753194,7416997086707450898,web_user_id,clairederier,clairederier,https://www.tiktok.com/@clairederier,2026-09-13T06:24:20.913902+00:00,https://www.tiktok.com/embed/@clairederier?lang=en&embedFrom=webapp_preview,2026-09-17,not_established_at_cutoff,
acct_3d22f5164721856a38ab,7587451832454579207,web_user_id,cliche_ssr,Cliche🎬🖊🧡〖SSR〗,https://www.tiktok.com/@cliche_ssr,2026-09-13T06:24:21.207147+00:00,https://www.tiktok.com/embed/@cliche_ssr?lang=en&embedFrom=webapp_preview,2026-09-17,not_established_at_cutoff,
acct_a3046c016c72fc7e02d9,6558268026058850306,web_user_id,connese.plai,connese.plai,https://www.tiktok.com/@connese.plai,2026-09-13T06:24:21.297148+00:00,https://www.tiktok.com/embed/@connese.plai?lang=en&embedFrom=webapp_preview,2026-09-17,not_established_at_cutoff,
acct_c3e2f83ed6f0c8d081bf,7147799614161748997,web_user_id,cooga007,(คูกะ) CooGa,https://www.tiktok.com/@cooga007,2026-09-13T06:15:45.266609+00:00,https://www.tiktok.com/embed/@cooga007?lang=en&embedFrom=webapp_preview,2026-09-17,not_established_at_cutoff,
acct_7e15e4b0269b9a985b2d,7092337946619790342,web_user_id,coolrin_ch,CoolRin CH,https://www.tiktok.com/@coolrin_ch,2026-09-13T06:15:45.318095+00:00,https://www.tiktok.com/embed/@coolrin_ch?lang=en&embedFrom=webapp_preview,2026-09-17,not_established_at_cutoff,
acct_00099dae9c4106338457,7264620961701413893,web_user_id,coppercharkproject,CopperYouKnow?,https://www.tiktok.com/@coppercharkproject,2026-09-13T06:24:21.309904+00:00,https://www.tiktok.com/embed/@coppercharkproject?lang=en&embedFrom=webapp_preview,2026-09-17,not_established_at_cutoff,
acct_beb6417a7e85342d26e7,7210634022874547202,web_user_id,cresentansel,cresentansel,https://www.tiktok.com/@cresentansel,2026-09-16T09:29:47+00:00,https://www.youtube.com/channel/UC3sqLdjV0uxXfAzLE-fJeXw,2026-09-17,not_established_at_cutoff,
acct_10fad71ecc7d7748d759,7202976014904378373,web_user_id,cs_valkyrie,cs_valkyrie,https://www.tiktok.com/@cs_valkyrie?_t=ZS-8usumx1q0CG&_r=1,2026-09-16T09:37:50+00:00,https://www.youtube.com/channel/UCcfkeut6fAXSfuT1AmFi2cA,2026-09-17,not_established_at_cutoff,
acct_96447e725bf6dbc1b647,7508415218050040850,web_user_id,cyntiavtuber,Cyntia Skareth,https://www.tiktok.com/@cyntiavtuber,2026-09-13T06:24:21.549856+00:00,https://www.tiktok.com/embed/@cyntiavtuber?lang=en&embedFrom=webapp_preview,2026-09-17,not_established_at_cutoff,
acct_2df5b5bc9129b077abd0,7208967479221601286,web_user_id,dacapo_arp,นกเหลืองเยื้องขวา,https://www.tiktok.com/@dacapo_arp,2026-09-13T06:15:45.722704+00:00,https://www.tiktok.com/embed/@dacapo_arp?lang=en&embedFrom=webapp_preview,2026-09-17,not_established_at_cutoff,
acct_12a8e84a460267717ff5,6580757978696318978,web_user_id,daddylemon5921,DaddyLemon,https://www.tiktok.com/@daddylemon5921,2026-09-13T06:31:13.487298+00:00,https://www.tiktok.com/embed/@daddylemon5921?lang=en&embedFrom=webapp_preview,2026-09-17,not_established_at_cutoff,
acct_1186f55d2e83b095cdb6,7305487191738696710,web_user_id,daiji_otl,Daiji Inuyuki (OTL),https://www.tiktok.com/@daiji_otl,2026-09-13T06:24:21.610535+00:00,https://www.tiktok.com/embed/@daiji_otl?lang=en&embedFrom=webapp_preview,2026-09-17,not_established_at_cutoff,
acct_eacad033cc9676cddd04,7071442827771610138,web_user_id,dalinju,Dalinju モーラ,https://www.tiktok.com/@dalinju,2026-09-13T06:15:45.784105+00:00,https://www.tiktok.com/embed/@dalinju?lang=en&embedFrom=webapp_preview,2026-09-17,not_established_at_cutoff,
acct_3df8711eae313693e338,7274186509765313541,web_user_id,darchelle_vtuber,Darchelle🌑✨ | VtuberTH,https://www.tiktok.com/@darchelle_vtuber,2026-09-13T06:24:21.986835+00:00,https://www.tiktok.com/embed/@darchelle_vtuber?lang=en&embedFrom=webapp_preview,2026-09-17,not_established_at_cutoff,
acct_7a133adfe1848d700a27,6992735737079858178,web_user_id,darickvtuber,Darick,https://www.tiktok.com/@darickvtuber,2026-09-13T06:31:13.503885+00:00,https://www.tiktok.com/embed/@darickvtuber?lang=en&embedFrom=webapp_preview,2026-09-17,not_established_at_cutoff,
acct_893e8987189bb89dfeca,7422621770199352338,web_user_id,darieladolly,darieladolly,https://www.tiktok.com/@darieladolly,2026-09-16T09:30:15+00:00,https://www.youtube.com/channel/UCchEIVkQk2tgdHiSc0LxGJQ,2026-09-17,not_established_at_cutoff,
acct_e9e99845fe965b08df6d,6820471186561287169,web_user_id,darinvmonster,Darin V,https://www.tiktok.com/@darinvmonster,2026-09-13T06:15:45.999918+00:00,https://www.tiktok.com/embed/@darinvmonster?lang=en&embedFrom=webapp_preview,2026-09-17,not_established_at_cutoff,
acct_fa82ead186b6d8f6e181,7453882005899691009,web_user_id,darkphoenix13fr,DarkPhoenix13Fr,https://www.tiktok.com/@darkphoenix13fr,2026-09-13T06:24:22.169394+00:00,https://www.tiktok.com/embed/@darkphoenix13fr?lang=en&embedFrom=webapp_preview,2026-09-17,not_established_at_cutoff,
acct_aa969b757d6b23926a9c,7264445197227181061,web_user_id,darumaby,Darumaby,https://www.tiktok.com/@darumaby,2026-09-13T06:31:13.525268+00:00,https://www.tiktok.com/embed/@darumaby?lang=en&embedFrom=webapp_preview,2026-09-17,not_established_at_cutoff,
acct_ef030962f401ba0a2a12,7041395903110104066,web_user_id,dayeon_house,Dayeon,https://www.tiktok.com/@dayeon_house,2026-09-13T06:24:22.214304+00:00,https://www.tiktok.com/embed/@dayeon_house?lang=en&embedFrom=webapp_preview,2026-09-17,not_established_at_cutoff,
acct_d2df1a118a1aa90a8cac,7336065150811669511,web_user_id,debirunworldend,Debirun,https://www.tiktok.com/@debirunworldend,2026-09-13T06:15:46.166864+00:00,https://www.tiktok.com/embed/@debirunworldend?lang=en&embedFrom=webapp_preview,2026-09-17,not_established_at_cutoff,
acct_e41136a7050b9c0cf3a9,7473355852444779526,web_user_id,deilliahgoodknightt,deilliahgoodknightt,https://www.tiktok.com/@deilliahgoodknightt,2026-09-13T06:24:22.296756+00:00,https://www.tiktok.com/embed/@deilliahgoodknightt?lang=en&embedFrom=webapp_preview,2026-09-17,not_established_at_cutoff,
acct_5afd2792d3b8d35e55af,7241459804043756550,web_user_id,deliciae.v,DeliCiae,https://www.tiktok.com/@deliciae.v,2026-09-13T06:31:13.929575+00:00,https://www.tiktok.com/embed/@deliciae.v?lang=en&embedFrom=webapp_preview,2026-09-17,not_established_at_cutoff,
acct_8742d7f590c07a6acc1c,6794105588080346114,web_user_id,dellons_vtuber,DELLONS | Vtuber TH. 🐿️✨,https://www.tiktok.com/@dellons_vtuber,2026-09-13T06:15:46.183580+00:00,https://www.tiktok.com/embed/@dellons_vtuber?lang=en&embedFrom=webapp_preview,2026-09-17,not_established_at_cutoff,
acct_e04057f0cb48094b4da2,7502147168083264528,web_user_id,den_oal,Den Trenton | OAL,https://www.tiktok.com/@den_oal,2026-09-13T06:24:22.469820+00:00,https://www.tiktok.com/embed/@den_oal?lang=en&embedFrom=webapp_preview,2026-09-17,not_established_at_cutoff,
acct_b4489ff9de79b62f69ca,7097247246631519238,web_user_id,dnoir_lbm,DNoiR,https://www.tiktok.com/@dnoir_lbm,2026-09-13T06:31:13.983814+00:00,https://www.tiktok.com/embed/@dnoir_lbm?lang=en&embedFrom=webapp_preview,2026-09-17,not_established_at_cutoff,
acct_a508cb5f6dfb2ffec9f2,7012367934435132417,web_user_id,doctor.lamoontoon,Doctor,https://www.tiktok.com/@doctor.lamoontoon,2026-09-13T06:15:46.213997+00:00,https://www.tiktok.com/embed/@doctor.lamoontoon?lang=en&embedFrom=webapp_preview,2026-09-17,not_established_at_cutoff,
acct_e581d56a870747278d13,7198356512304825346,web_user_id,dolcheb7,dolcheb7,https://www.tiktok.com/@dolcheb7,2026-09-16T09:29:53+00:00,https://www.youtube.com/channel/UC-rl31Wigrn8iexKkpNl7jg,2026-09-17,not_established_at_cutoff,
acct_fabdaf6306448934dc39,6974680710595281921,web_user_id,donburi743,Donburi,https://www.tiktok.com/@donburi743,2026-09-13T06:24:22.904924+00:00,https://www.tiktok.com/embed/@donburi743?lang=en&embedFrom=webapp_preview,2026-09-17,not_established_at_cutoff,
acct_595f8efa654c18a6ca77,7014477917367419906,web_user_id,donovan_vtuber,Donovan Ch.,https://www.tiktok.com/@donovan_vtuber,2026-09-13T06:15:46.542016+00:00,https://www.tiktok.com/embed/@donovan_vtuber?lang=en&embedFrom=webapp_preview,2026-09-17,not_established_at_cutoff,
acct_bfc21ee07145f0626fda,7023221363604472833,web_user_id,dotto_yoro,Yor0,https://www.tiktok.com/@dotto_yoro,2026-09-13T06:31:14.002554+00:00,https://www.tiktok.com/embed/@dotto_yoro?lang=en&embedFrom=webapp_preview,2026-09-17,not_established_at_cutoff,
acct_b79e50f60768e26bf26d,6959901238381970433,web_user_id,doublequill_tiny,Doublequill,https://www.tiktok.com/@doublequill_tiny,2026-09-13T06:31:14.193406+00:00,https://www.tiktok.com/embed/@doublequill_tiny?lang=en&embedFrom=webapp_preview,2026-09-17,not_established_at_cutoff,
acct_94d2129d5d7b3c30cead,7207823045511087109,web_user_id,dragooooon_lh,DragooooonLH,https://www.tiktok.com/@dragooooon_lh,2026-09-13T06:24:22.964959+00:00,https://www.tiktok.com/embed/@dragooooon_lh?lang=en&embedFrom=webapp_preview,2026-09-17,not_established_at_cutoff,
acct_1ffbf38fba8a6a0144a4,7068607071197070363,web_user_id,draki_kona,Draki Kona,https://www.tiktok.com/@draki_kona,2026-09-13T06:15:46.677494+00:00,https://www.tiktok.com/embed/@draki_kona?lang=en&embedFrom=webapp_preview,2026-09-17,not_established_at_cutoff,
acct_1117be0f260d75129c6c,7193099797049066522,web_user_id,drakonyamio,DrakoNyaMio,https://www.tiktok.com/@drakonyamio,2026-09-13T06:15:46.839480+00:00,https://www.tiktok.com/embed/@drakonyamio?lang=en&embedFrom=webapp_preview,2026-09-17,not_established_at_cutoff,
acct_070ee837cc2c03af4dbb,7219263258032079877,web_user_id,easydonateth,easydonateth,https://tiktok.com/@easydonateth,2026-09-16T09:30:12+00:00,https://www.youtube.com/channel/UCJCORIrObs3iTzSzCHHvlCA,2026-09-17,not_established_at_cutoff,
acct_f06e8290095a661521e4,7104243641447072773,web_user_id,ec19aela_,æ𝕃a✦VTUBER,https://www.tiktok.com/@ec19aela_,2026-09-13T06:24:23.052202+00:00,https://www.tiktok.com/embed/@ec19aela_?lang=en&embedFrom=webapp_preview,2026-09-17,not_established_at_cutoff,
acct_d99c526d84318370d85f,6934308352835896322,web_user_id,ec19vtuberprojekt,EC19 Vtuber Projekt Official,https://www.tiktok.com/@ec19vtuberprojekt,2026-09-13T06:24:23.161549+00:00,https://www.tiktok.com/embed/@ec19vtuberprojekt?lang=en&embedFrom=webapp_preview,2026-09-17,not_established_at_cutoff,
acct_0deb78d9668ddff6e7e6,7138713566743970821,web_user_id,edella_edward,Edella Edward,https://www.tiktok.com/@edella_edward,2026-09-13T06:24:23.205942+00:00,https://www.tiktok.com/embed/@edella_edward?lang=en&embedFrom=webapp_preview,2026-09-17,not_established_at_cutoff,
acct_3d17f1e26f5bd4fa97b2,7241547355097973778,web_user_id,effy_arp,effy_arp,https://www.tiktok.com/@effy_arp,2026-09-13T06:24:23.318885+00:00,https://www.tiktok.com/embed/@effy_arp?lang=en&embedFrom=webapp_preview,2026-09-17,not_established_at_cutoff,
acct_c13a2dcb8ae537d75ae4,7147606494883611649,web_user_id,eileennoir,Eileennoir ⚖️,https://www.tiktok.com/@eileennoir,2026-09-13T06:24:23.703620+00:00,https://www.tiktok.com/embed/@eileennoir?lang=en&embedFrom=webapp_preview,2026-09-17,not_established_at_cutoff,
acct_17e9507a665155dc3962,7375302246860440584,web_user_id,eimiichan_,Eimiichan_,https://www.tiktok.com/@eimiichan_,2026-09-13T06:24:23.736718+00:00,https://www.tiktok.com/embed/@eimiichan_?lang=en&embedFrom=webapp_preview,2026-09-17,not_established_at_cutoff,
acct_53b50a0ef866bc676734,7446754342063244295,web_user_id,elizon_ast,Elizon_AST,https://www.tiktok.com/@elizon_ast,2026-09-13T06:24:23.810375+00:00,https://www.tiktok.com/embed/@elizon_ast?lang=en&embedFrom=webapp_preview,2026-09-17,not_established_at_cutoff,
acct_a3a314a30e10f2de6e38,7247949866646094853,web_user_id,elleusia,Elleusia 🥀◆,https://www.tiktok.com/@elleusia,2026-09-13T06:24:23.936309+00:00,https://www.tiktok.com/embed/@elleusia?lang=en&embedFrom=webapp_preview,2026-09-17,not_established_at_cutoff,
acct_fcff1576b6fd30e6195f,7317960986702300166,web_user_id,elphylia_el,Elphylia VtuberTH,https://www.tiktok.com/@elphylia_el,2026-09-13T06:24:24.025565+00:00,https://www.tiktok.com/embed/@elphylia_el?lang=en&embedFrom=webapp_preview,2026-09-17,not_established_at_cutoff,
acct_ec3a06a31f171f84bd0b,7593671662852310024,web_user_id,endoriafia_alf,ฟิอาเองก็อยากให้เทคโนโลยีรัก,https://www.tiktok.com/@endoriafia_alf,2026-09-13T06:24:24.123489+00:00,https://www.tiktok.com/embed/@endoriafia_alf?lang=en&embedFrom=webapp_preview,2026-09-17,not_established_at_cutoff,
acct_62e62943819d789848d6,7331789836410881032,web_user_id,enri_vtuber,เอ็นริริริ,https://www.tiktok.com/@enri_vtuber,2026-09-13T06:24:24.439935+00:00,https://www.tiktok.com/embed/@enri_vtuber?lang=en&embedFrom=webapp_preview,2026-09-17,not_established_at_cutoff,
acct_6d1faee48d0397ae9fe3,7182127465195799557,web_user_id,enryu_horus,enryu_horus,https://www.tiktok.com/@enryu_horus,2026-09-13T06:15:46.958317+00:00,https://www.tiktok.com/embed/@enryu_horus?lang=en&embedFrom=webapp_preview,2026-09-17,not_established_at_cutoff,
acct_191f883bc656ced18aad,6929946920137180162,web_user_id,enryuhorus,enryuhorus,https://www.tiktok.com/@enryuhorus,2026-09-13T06:24:24.623696+00:00,https://www.tiktok.com/embed/@enryuhorus?lang=en&embedFrom=webapp_preview,2026-09-17,not_established_at_cutoff,
acct_db83644f431576d9d7c2,7468349511623361554,web_user_id,era_arp,era_arp,https://www.tiktok.com/@era_arp,2026-09-13T06:15:47.111162+00:00,https://www.tiktok.com/embed/@era_arp?lang=en&embedFrom=webapp_preview,2026-09-17,not_established_at_cutoff,
acct_edd65800b1211bf767bd,7566547575021831185,web_user_id,eranthia,Eranthia_,https://www.tiktok.com/@eranthia,2026-09-13T06:24:24.759397+00:00,https://www.tiktok.com/embed/@eranthia?lang=en&embedFrom=webapp_preview,2026-09-17,not_established_at_cutoff,
acct_0c395fe678763ec24589,7460350906481263623,web_user_id,ericmariner_vt,คุณเอริค (มาริเนอร์),https://www.tiktok.com/@ericmariner_vt,2026-09-13T06:15:47.149360+00:00,https://www.tiktok.com/embed/@ericmariner_vt?lang=en&embedFrom=webapp_preview,2026-09-17,not_established_at_cutoff,
acct_68770ecef2eabdd66de1,6985462937302483995,web_user_id,erimavtb,erima🦊,https://www.tiktok.com/@erimavtb,2026-09-13T06:15:47.407061+00:00,https://www.tiktok.com/embed/@erimavtb?lang=en&embedFrom=webapp_preview,2026-09-17,not_established_at_cutoff,
acct_5c35a5f99ee6efaa2921,7324948884211287046,web_user_id,esmerhestia,Esmer Hestia | Vtuber TH,https://www.tiktok.com/@esmerhestia,2026-09-13T06:15:47.486325+00:00,https://www.tiktok.com/embed/@esmerhestia?lang=en&embedFrom=webapp_preview,2026-09-17,not_established_at_cutoff,
acct_c82b6d404cc14592b178,7121438315052090395,web_user_id,estelle_wil,Estelle Wil,https://www.tiktok.com/@estelle_wil,2026-09-13T06:24:24.807039+00:00,https://www.tiktok.com/embed/@estelle_wil?lang=en&embedFrom=webapp_preview,2026-09-17,not_established_at_cutoff,
acct_87da864a4b96ec1e3644,7464959776385008645,web_user_id,estxrthemask,estxrthemask,https://www.tiktok.com/@estxrthemask,2026-09-13T06:24:24.815198+00:00,https://www.tiktok.com/embed/@estxrthemask?lang=en&embedFrom=webapp_preview,2026-09-17,not_established_at_cutoff,
acct_d4a08a44c2a399f17664,7395410964012729361,web_user_id,euphylia_stp,Euphylia_Stp,https://www.tiktok.com/@euphylia_stp,2026-09-13T06:15:47.594875+00:00,https://www.tiktok.com/embed/@euphylia_stp?lang=en&embedFrom=webapp_preview,2026-09-17,not_established_at_cutoff,
acct_1e3a45657c990f75fae6,7053101862191399942,web_user_id,evalia_arp,KongkhaGirl,https://www.tiktok.com/@evalia_arp,2026-09-13T06:15:47.688004+00:00,https://www.tiktok.com/embed/@evalia_arp?lang=en&embedFrom=webapp_preview,2026-09-17,not_established_at_cutoff,
acct_a5f1359a373c5c18db1e,7488665240738972688,web_user_id,evatherhino,EVA THE RHINO Ch.,https://www.tiktok.com/@evatherhino,2026-09-13T06:24:24.839515+00:00,https://www.tiktok.com/embed/@evatherhino?lang=en&embedFrom=webapp_preview,2026-09-17,not_established_at_cutoff,
acct_479fe15bb81031054019,7170311166357799938,web_user_id,evelyn_kwikkk,Evelyn Treeswift💙,https://www.tiktok.com/@evelyn_kwikkk,2026-09-13T06:24:25.303498+00:00,https://www.tiktok.com/embed/@evelyn_kwikkk?lang=en&embedFrom=webapp_preview,2026-09-17,not_established_at_cutoff,
acct_4ee85b576887d4afe9fb,7576203498832905236,web_user_id,eveshaiahmutelu,Eveshaiah Miraclover,https://www.tiktok.com/@eveshaiahmutelu,2026-09-13T06:24:25.438514+00:00,https://www.tiktok.com/embed/@eveshaiahmutelu?lang=en&embedFrom=webapp_preview,2026-09-17,not_established_at_cutoff,
acct_26438575b32f3b015ef4,6822466378060366850,web_user_id,exzelia_ex,Exzelia,https://www.tiktok.com/@exzelia_ex,2026-09-13T06:15:47.942699+00:00,https://www.tiktok.com/embed/@exzelia_ex?lang=en&embedFrom=webapp_preview,2026-09-17,not_established_at_cutoff,
acct_b9e1c27d324e629cabd0,7163986479906407430,web_user_id,eyez_vtuberth,Eyez Vtuberz TH,https://www.tiktok.com/@eyez_vtuberth,2026-09-13T06:15:48.129499+00:00,https://www.tiktok.com/embed/@eyez_vtuberth?lang=en&embedFrom=webapp_preview,2026-09-17,not_established_at_cutoff,
acct_8c19cfaf5a03beef9a0a,6991406292566131717,web_user_id,fafyfalentine,🌟Fafy▪️Falentine🌟,https://www.tiktok.com/@fafyfalentine,2026-09-13T06:15:48.181522+00:00,https://www.tiktok.com/embed/@fafyfalentine?lang=en&embedFrom=webapp_preview,2026-09-17,not_established_at_cutoff,
acct_2d9707253eb4ce478eda,7398093551743337473,web_user_id,falen_cvc,FALEN〔 𝐋𝐕 〕,https://www.tiktok.com/@falen_cvc,2026-09-13T06:15:48.229413+00:00,https://www.tiktok.com/embed/@falen_cvc?lang=en&embedFrom=webapp_preview,2026-09-17,not_established_at_cutoff,
acct_e413b9a0f22e76ab6715,7316452068385391622,web_user_id,fallynspace,Fallyn『VTG』,https://www.tiktok.com/@fallynspace,2026-09-16T14:49:21+00:00,https://linktr.ee/fallynspace,2026-09-17,not_established_at_cutoff,
acct_bdc79731c1081290d816,7471952585815000072,web_user_id,famine_arp,Faminé 🦋🍷 《 ARP 》,https://www.tiktok.com/@famine_arp,2026-09-13T06:24:25.533026+00:00,https://www.tiktok.com/embed/@famine_arp?lang=en&embedFrom=webapp_preview,2026-09-17,not_established_at_cutoff,
acct_20200f771f20e1e4102b,7500928439013131271,web_user_id,famu_jar,Famu (สายลับ),https://www.tiktok.com/@famu_jar,2026-09-13T06:31:14.270175+00:00,https://www.tiktok.com/embed/@famu_jar?lang=en&embedFrom=webapp_preview,2026-09-17,not_established_at_cutoff,
acct_3008ef8385c193d7d643,7362439636277281793,web_user_id,farviny,FarViny,https://www.tiktok.com/@farviny,2026-09-13T06:31:14.321932+00:00,https://www.tiktok.com/embed/@farviny?lang=en&embedFrom=webapp_preview,2026-09-17,not_established_at_cutoff,
acct_bfdc9c797b1c8bde54da,7162907036752233478,web_user_id,fay_xingfu,Fay Xingfu,https://www.tiktok.com/@fay_xingfu,2026-09-13T06:31:14.665899+00:00,https://www.tiktok.com/embed/@fay_xingfu?lang=en&embedFrom=webapp_preview,2026-09-17,not_established_at_cutoff,
acct_9b16b746e18136e5be75,7205191295283217414,web_user_id,fayeashefort,Faye Ashefort,https://www.tiktok.com/@fayeashefort,2026-09-13T06:24:25.679298+00:00,https://www.tiktok.com/embed/@fayeashefort?lang=en&embedFrom=webapp_preview,2026-09-17,not_established_at_cutoff,
acct_15eff0adb03fc757c783,6934841987904340993,web_user_id,fayuuchan,FAYUUCHAN (FUI),https://www.tiktok.com/@fayuuchan,2026-09-13T06:24:25.721439+00:00,https://www.tiktok.com/embed/@fayuuchan?lang=en&embedFrom=webapp_preview,2026-09-17,not_established_at_cutoff,
acct_cee07ca26d0777286cba,7325250408343372818,web_user_id,feilong0070,feilong0070,https://www.tiktok.com/@feilong0070,2026-09-16T09:36:19+00:00,https://www.youtube.com/channel/UCtzBNRsOnn_xYOmXm09YAMw,2026-09-17,not_established_at_cutoff,
acct_b4b3f3be74db7512862f,7356836020756775952,web_user_id,feirong.vt,Feirong.vt,https://www.tiktok.com/@feirong.vt,2026-09-13T06:31:14.740979+00:00,https://www.tiktok.com/embed/@feirong.vt?lang=en&embedFrom=webapp_preview,2026-09-17,not_established_at_cutoff,
acct_5083dbe18aa153956a17,7115024240966272005,web_user_id,felynfrostbite,lyneth,https://www.tiktok.com/@felynfrostbite,2026-09-13T06:24:26.048430+00:00,https://www.tiktok.com/embed/@felynfrostbite?lang=en&embedFrom=webapp_preview,2026-09-17,not_established_at_cutoff,
acct_08f47e3286fe4dd5683d,7091659496141931547,web_user_id,finatier,Fina&Tier,https://www.tiktok.com/@finatier,2026-09-13T06:24:26.107909+00:00,https://www.tiktok.com/embed/@finatier?lang=en&embedFrom=webapp_preview,2026-09-17,not_established_at_cutoff,
acct_2c2bff35d5429c50460b,7036211722278290433,web_user_id,fl_firstslove,FirstsLove [VZ],https://www.tiktok.com/@fl_firstslove,2026-09-13T06:24:26.168961+00:00,https://www.tiktok.com/embed/@fl_firstslove?lang=en&embedFrom=webapp_preview,2026-09-17,not_established_at_cutoff,
acct_36c59c4c61c0882512f0,7116360294612845573,web_user_id,flora_zero_project,Flora ∅ Project,https://www.tiktok.com/@flora_zero_project,2026-09-13T06:15:48.374693+00:00,https://www.tiktok.com/embed/@flora_zero_project?lang=en&embedFrom=webapp_preview,2026-09-17,not_established_at_cutoff,
acct_7525959e523dd84812e0,7592176014198850577,web_user_id,fluffybeary03,ขนปุย,https://www.tiktok.com/@fluffybeary03,2026-09-13T06:24:26.170617+00:00,https://www.tiktok.com/embed/@fluffybeary03?lang=en&embedFrom=webapp_preview,2026-09-17,not_established_at_cutoff,
acct_2a1c1539719d2b405fdd,7205976267953849350,web_user_id,fohishavt,FohishaVT,https://www.tiktok.com/@fohishavt,2026-09-13T06:31:14.960024+00:00,https://www.tiktok.com/embed/@fohishavt?lang=en&embedFrom=webapp_preview,2026-09-17,not_established_at_cutoff,
acct_a2ac96664ea8acd810d2,7476856396328780855,web_user_id,fondawl_res,ฟ้อนดาวมาเล่า | Fondawl【RE:S】,https://www.tiktok.com/@fondawl_res,2026-09-13T06:24:26.454760+00:00,https://www.tiktok.com/embed/@fondawl_res?lang=en&embedFrom=webapp_preview,2026-09-17,not_established_at_cutoff,
acct_cebf93eb3f5a467fa36c,7463471403560977413,web_user_id,for.thedolltales,ลอเร็ตต้า (ลอตตี้) | VtuberTH,https://www.tiktok.com/@for.thedolltales,2026-09-13T06:24:26.667393+00:00,https://www.tiktok.com/embed/@for.thedolltales?lang=en&embedFrom=webapp_preview,2026-09-17,not_established_at_cutoff,
acct_2d7a86003bebcf9871ff,7156227329500496901,web_user_id,fordkungch001,Alfred Ford [VtuberTH],https://www.tiktok.com/@fordkungch001,2026-09-13T06:24:26.896197+00:00,https://www.tiktok.com/embed/@fordkungch001?lang=en&embedFrom=webapp_preview,2026-09-17,not_established_at_cutoff,
acct_974383fdcf32f57297c0,7623027380622246932,web_user_id,frayr_wav,Frayr_WAV,https://www.tiktok.com/@frayr_wav,2026-09-13T06:24:26.943041+00:00,https://www.tiktok.com/embed/@frayr_wav?lang=en&embedFrom=webapp_preview,2026-09-17,not_established_at_cutoff,
acct_57a37d556688c6202645,7115632218797540357,web_user_id,fredvtuber,FureVDevil,https://www.tiktok.com/@fredvtuber,2026-09-13T06:31:15.037363+00:00,https://www.tiktok.com/embed/@fredvtuber?lang=en&embedFrom=webapp_preview,2026-09-17,not_established_at_cutoff,
acct_171607786b026f83d793,7239404278917776389,web_user_id,freidyae,Freidya CH,https://www.tiktok.com/@freidyae,2026-09-13T06:24:26.961188+00:00,https://www.tiktok.com/embed/@freidyae?lang=en&embedFrom=webapp_preview,2026-09-17,not_established_at_cutoff,
acct_ee932556fa4888f7470e,7496732151892263953,web_user_id,freya._.vtuber,Freya Ch.,https://www.tiktok.com/@freya._.vtuber,2026-09-13T06:15:48.816216+00:00,https://www.tiktok.com/embed/@freya._.vtuber?lang=en&embedFrom=webapp_preview,2026-09-17,not_established_at_cutoff,
acct_1dfee9ac455df7c03394,7492022002794923015,web_user_id,freyraine.fr,Freyraine Ch.,https://www.tiktok.com/@freyraine.fr,2026-09-13T06:24:26.987111+00:00,https://www.tiktok.com/embed/@freyraine.fr?lang=en&embedFrom=webapp_preview,2026-09-17,not_established_at_cutoff,
acct_9ca94c5047425dcb0cc5,7165176486793495553,web_user_id,freyrinavtuber,Freyrina,https://www.tiktok.com/@freyrinavtuber,2026-09-13T06:24:27.156271+00:00,https://www.tiktok.com/embed/@freyrinavtuber?lang=en&embedFrom=webapp_preview,2026-09-17,not_established_at_cutoff,
acct_8eb2f8ca2f886df31ebf,7124905776468657158,web_user_id,friskfitz,Friskfitz,https://www.tiktok.com/@friskfitz,2026-09-13T06:24:27.457863+00:00,https://www.tiktok.com/embed/@friskfitz?lang=en&embedFrom=webapp_preview,2026-09-17,not_established_at_cutoff,
acct_e2f6e1f0ab7f2b2e4a91,7035664324609983515,web_user_id,fujin_fu,Fujin ch.,https://www.tiktok.com/@fujin_fu,2026-09-13T06:15:48.944117+00:00,https://www.tiktok.com/embed/@fujin_fu?lang=en&embedFrom=webapp_preview,2026-09-17,not_established_at_cutoff,
acct_2d2cac8229a0cd2a5030,7376911979283252232,web_user_id,fujixy,FujiXY,https://www.tiktok.com/@fujixy,2026-09-13T06:15:49.000181+00:00,https://www.tiktok.com/embed/@fujixy?lang=en&embedFrom=webapp_preview,2026-09-17,not_established_at_cutoff,
acct_07e559b678953bb434e1,6780234311875904513,web_user_id,fukavtuberth,Fuka Vtuber,https://www.tiktok.com/@fukavtuberth,2026-09-13T06:15:49.030856+00:00,https://www.tiktok.com/embed/@fukavtuberth?lang=en&embedFrom=webapp_preview,2026-09-17,not_established_at_cutoff,
acct_171bb7958a0ea8977167,7084972690112840731,web_user_id,fukuramei,Mei Vtuber✨,https://www.tiktok.com/@fukuramei,2026-09-13T06:24:27.660064+00:00,https://www.tiktok.com/embed/@fukuramei?lang=en&embedFrom=webapp_preview,2026-09-17,not_established_at_cutoff,
acct_2e6367dbf67d5a5f6ccb,7072955121097376795,web_user_id,fumihausu,นม เทาน,https://www.tiktok.com/@fumihausu,2026-09-13T06:15:49.065436+00:00,https://www.tiktok.com/embed/@fumihausu?lang=en&embedFrom=webapp_preview,2026-09-17,not_established_at_cutoff,
acct_03c830129234c79c2eb1,7294155093555971073,web_user_id,fumihausu_,Fumi Hausu🍞,https://www.tiktok.com/@fumihausu_,2026-09-13T06:24:27.709728+00:00,https://www.tiktok.com/embed/@fumihausu_?lang=en&embedFrom=webapp_preview,2026-09-17,not_established_at_cutoff,
acct_eda8d4a4bbd8af7758d3,7338669684667679746,web_user_id,fumoondayo,fumoondayo,https://www.tiktok.com/@fumoondayo,2026-09-13T06:24:27.778784+00:00,https://www.tiktok.com/embed/@fumoondayo?lang=en&embedFrom=webapp_preview,2026-09-17,not_established_at_cutoff,
acct_ea0146d9e918cfce61dc,6995840787133793282,web_user_id,fuuarashi_vtuber,1KFuu ch.,https://www.tiktok.com/@fuuarashi_vtuber,2026-09-13T06:24:27.925381+00:00,https://www.tiktok.com/embed/@fuuarashi_vtuber?lang=en&embedFrom=webapp_preview,2026-09-17,not_established_at_cutoff,
acct_994d0432778a67eb153f,7335012646867059719,web_user_id,fuwafuwasealvtuber,FuwaFuwaSeal,https://www.tiktok.com/@fuwafuwasealvtuber,2026-09-13T06:24:28.148098+00:00,https://www.tiktok.com/embed/@fuwafuwasealvtuber?lang=en&embedFrom=webapp_preview,2026-09-17,not_established_at_cutoff,
acct_317e2d6643f7f58b9c4d,7184774545609114630,web_user_id,fuyukaida,fuyukaida,https://www.tiktok.com/@fuyukaida,2026-09-13T06:24:28.160436+00:00,https://www.tiktok.com/embed/@fuyukaida?lang=en&embedFrom=webapp_preview,2026-09-17,not_established_at_cutoff,
acct_fdce99531ae5dbeb21cd,7510867865500484616,web_user_id,fuyukawanao,Fuyukawa Nao,https://www.tiktok.com/@fuyukawanao,2026-09-13T06:31:15.207818+00:00,https://www.tiktok.com/embed/@fuyukawanao?lang=en&embedFrom=webapp_preview,2026-09-17,not_established_at_cutoff,
acct_43a0a9320b8deaddcbc8,6993342721319994395,web_user_id,fxoverpur_,fxoverpur_,https://www.tiktok.com/@fxoverpur_,2026-09-13T06:24:28.425843+00:00,https://www.tiktok.com/embed/@fxoverpur_?lang=en&embedFrom=webapp_preview,2026-09-17,not_established_at_cutoff,
acct_171525ae98d106b59d5b,7107472762571621403,web_user_id,g_red14,ตัวจีสีแดง,https://www.tiktok.com/@g_red14,2026-09-13T06:24:28.590522+00:00,https://www.tiktok.com/embed/@g_red14?lang=en&embedFrom=webapp_preview,2026-09-17,not_established_at_cutoff,
acct_db4ff687fa8a64af6221,7092779354287604742,web_user_id,g_round23,G_round,https://www.tiktok.com/@g_round23,2026-09-13T06:15:49.121858+00:00,https://www.tiktok.com/embed/@g_round23?lang=en&embedFrom=webapp_preview,2026-09-17,not_established_at_cutoff,
acct_c16ae82f0b21783b9815,7187019011048965125,web_user_id,gamerkaon,เกมส์เมอร์ขาอ่อน - GAMERKAON,https://www.tiktok.com/@gamerkaon,2026-09-13T06:15:49.535184+00:00,https://www.tiktok.com/embed/@gamerkaon?lang=en&embedFrom=webapp_preview,2026-09-17,not_established_at_cutoff,
acct_0888bae48ccda563f1cd,7001408378410353690,web_user_id,gaokai_bonthian,เกาคุงเข่ามีเสียง,https://www.tiktok.com/@gaokai_bonthian,2026-09-13T06:31:15.553242+00:00,https://www.tiktok.com/embed/@gaokai_bonthian?lang=en&embedFrom=webapp_preview,2026-09-17,not_established_at_cutoff,
acct_3ca72476d2144152327a,7348116510294950914,web_user_id,genbu_irission,genbu《ISP》,https://www.tiktok.com/@genbu_irission,2026-09-13T06:31:15.826733+00:00,https://www.tiktok.com/embed/@genbu_irission?lang=en&embedFrom=webapp_preview,2026-09-17,not_established_at_cutoff,
acct_9572caa3d7dbe7b20c2b,7214852077918307333,web_user_id,geno_tst,geno_tst,https://www.tiktok.com/@geno_tst,2026-09-16T09:36:55+00:00,https://www.youtube.com/channel/UCw79Wj7JKNTtBiVqA8OJlSg,2026-09-17,not_established_at_cutoff,
acct_5e6f92905da6633dc251,7010016443748500482,web_user_id,gibpurin,Gibpurin,https://www.tiktok.com/@gibpurin,2026-09-13T06:15:49.823338+00:00,https://www.tiktok.com/embed/@gibpurin?lang=en&embedFrom=webapp_preview,2026-09-17,not_established_at_cutoff,
acct_22ecc0e8c9391dda5a9d,6988377167504311298,web_user_id,gin_vtuber,GIN,https://www.tiktok.com/@gin_vtuber,2026-09-13T06:24:28.608136+00:00,https://www.tiktok.com/embed/@gin_vtuber?lang=en&embedFrom=webapp_preview,2026-09-17,not_established_at_cutoff,
acct_4c8407c3ba0291e14de8,7369178682151142408,web_user_id,ginnique_arp,Ginnique 《 ARP 》ตัวปลอม,https://www.tiktok.com/@ginnique_arp,2026-09-13T06:15:49.828372+00:00,https://www.tiktok.com/embed/@ginnique_arp?lang=en&embedFrom=webapp_preview,2026-09-17,not_established_at_cutoff,
acct_6271d4621b827b0e4f76,7264148167602816018,web_user_id,ginokami_aki_,ginokami_aki_,https://www.tiktok.com/@ginokami_aki_,2026-09-13T06:31:15.849723+00:00,https://www.tiktok.com/embed/@ginokami_aki_?lang=en&embedFrom=webapp_preview,2026-09-17,not_established_at_cutoff,
acct_ad29d46d2eeaef4c9ff6,7474678594444231696,web_user_id,giovanni_vnv,Giovanni『 VNV 』,https://www.tiktok.com/@giovanni_vnv,2026-09-13T06:31:15.871229+00:00,https://www.tiktok.com/embed/@giovanni_vnv?lang=en&embedFrom=webapp_preview,2026-09-17,not_established_at_cutoff,
acct_55105212e1cea0e4777b,7148939746819245057,web_user_id,gloria21pm,gloria21pm,https://www.tiktok.com/@gloria21pm,2026-09-16T09:34:49+00:00,https://www.youtube.com/channel/UC5NtCgUU-vQC_GrtzSUeSZA,2026-09-17,not_established_at_cutoff,
acct_9b9714a53967f028756b,7388045402341721104,web_user_id,gnoiz_ch,kwin_55,https://www.tiktok.com/@gnoiz_ch,2026-09-13T06:31:16.026783+00:00,https://www.tiktok.com/embed/@gnoiz_ch?lang=en&embedFrom=webapp_preview,2026-09-17,not_established_at_cutoff,
acct_7843eb65906ce77e2ab3,7324874687573361670,web_user_id,gntgxd,GNTGxd สาขาสอง,https://www.tiktok.com/@gntgxd,2026-09-13T06:24:28.655911+00:00,https://www.tiktok.com/embed/@gntgxd?lang=en&embedFrom=webapp_preview,2026-09-17,not_established_at_cutoff,
acct_2a13bb8b3e252949ba11,7379546897886135304,web_user_id,gojo.haine,gojo.haine,https://www.tiktok.com/@gojo.haine?_t=8n8Phvl2Eml&_r=1,2026-09-16T09:36:04+00:00,https://www.youtube.com/channel/UCmLd6QDRBcD9TfFrThJucng,2026-09-17,not_established_at_cutoff,
acct_24a11fa1b6fcec97345d,7396212017399710725,web_user_id,gomuta_neko,GoMuta_Neko,https://www.tiktok.com/@gomuta_neko,2026-09-13T06:24:28.842165+00:00,https://www.tiktok.com/embed/@gomuta_neko?lang=en&embedFrom=webapp_preview,2026-09-17,not_established_at_cutoff,
acct_9f67656a2e2cfad34124,7467158033761354759,web_user_id,gramkochiki,gramkochiki,https://www.tiktok.com/@gramkochiki,2026-09-13T06:24:28.921412+00:00,https://www.tiktok.com/embed/@gramkochiki?lang=en&embedFrom=webapp_preview,2026-09-17,not_established_at_cutoff,
acct_991865cd287d6cff58b6,7345820107556275201,web_user_id,grazia_desuwa,Grazia Ch. VtuberTH,https://www.tiktok.com/@grazia_desuwa,2026-09-13T06:24:29.371089+00:00,https://www.tiktok.com/embed/@grazia_desuwa?lang=en&embedFrom=webapp_preview,2026-09-17,not_established_at_cutoff,
acct_87680535d7fe72d9f1f7,7304937290509353991,web_user_id,grimmgrimus,GrimusGrimm,https://www.tiktok.com/@grimmgrimus,2026-09-13T06:24:29.383630+00:00,https://www.tiktok.com/embed/@grimmgrimus?lang=en&embedFrom=webapp_preview,2026-09-17,not_established_at_cutoff,
acct_15feadce1274d076e4c4,7564454128215786517,web_user_id,gris.tlg.vtuber,Gris Ch | TLGOfficial,https://www.tiktok.com/@gris.tlg.vtuber,2026-09-13T06:31:16.094350+00:00,https://www.tiktok.com/embed/@gris.tlg.vtuber?lang=en&embedFrom=webapp_preview,2026-09-17,not_established_at_cutoff,
acct_d98ff62f3ed837faaeef,6971328079483225089,web_user_id,gs_golfpraplern,⚡️GS_GolfPraPlern⚡️,https://www.tiktok.com/@gs_golfpraplern,2026-09-13T06:24:29.439460+00:00,https://www.tiktok.com/embed/@gs_golfpraplern?lang=en&embedFrom=webapp_preview,2026-09-17,not_established_at_cutoff,
acct_91cc6b2445beaf760557,6779314431026840577,web_user_id,gusnaaa_tt,GusNaaa,https://www.tiktok.com/@gusnaaa_tt,2026-09-13T06:15:49.923415+00:00,https://www.tiktok.com/embed/@gusnaaa_tt?lang=en&embedFrom=webapp_preview,2026-09-17,not_established_at_cutoff,
acct_ae0ea058137d02975fe3,7146441851372749851,web_user_id,hajikeruharunoch,Hajikeru Haruno Ch,https://www.tiktok.com/@hajikeruharunoch,2026-09-13T06:24:29.552595+00:00,https://www.tiktok.com/embed/@hajikeruharunoch?lang=en&embedFrom=webapp_preview,2026-09-17,not_established_at_cutoff,
acct_ce7a1837b439092a331d,6946233384688141314,web_user_id,hajitabi_official,HajiTabi_Official,https://www.tiktok.com/@hajitabi_official,2026-09-13T06:24:29.663943+00:00,https://www.tiktok.com/embed/@hajitabi_official?lang=en&embedFrom=webapp_preview,2026-09-17,not_established_at_cutoff,
acct_7841924476d59a4499b4,7489426869817852936,web_user_id,hakkati19t,hakkachv,https://www.tiktok.com/@hakkati19t,2026-09-16T15:38:46.627996+00:00,https://www.tiktok.com/embed/@hakkati19t?lang=en&embedFrom=webapp_preview,2026-09-17,not_established_at_cutoff,
acct_fe8b12c9fc45ccde13f1,7142873515208295450,web_user_id,hallyvtuber,HallyYoruda | Vniverse,https://www.tiktok.com/@hallyvtuber,2026-09-13T06:15:50.268278+00:00,https://www.tiktok.com/embed/@hallyvtuber?lang=en&embedFrom=webapp_preview,2026-09-17,not_established_at_cutoff,
acct_733f91162fdfb927dc7a,7077805623266378778,web_user_id,hanabi_lafy,Hanabi Lafy,https://www.tiktok.com/@hanabi_lafy,2026-09-13T06:24:29.950143+00:00,https://www.tiktok.com/embed/@hanabi_lafy?lang=en&embedFrom=webapp_preview,2026-09-17,not_established_at_cutoff,
acct_19fc2010bccc59b2bc7f,6727160015762818050,web_user_id,hanamilay,HANAMI LAY,https://www.tiktok.com/@hanamilay,2026-09-13T06:24:30.126674+00:00,https://www.tiktok.com/embed/@hanamilay?lang=en&embedFrom=webapp_preview,2026-09-17,not_established_at_cutoff,
acct_f7493663724a28d659a4,7296747380521829382,web_user_id,hanaminxx,HANAMINX,https://www.tiktok.com/@hanaminxx,2026-09-13T06:31:16.432150+00:00,https://www.tiktok.com/embed/@hanaminxx?lang=en&embedFrom=webapp_preview,2026-09-17,not_established_at_cutoff,
acct_d673448feb20cc61340b,7117895730283791386,web_user_id,harumoonvtuber,Harumoon Ch.,https://www.tiktok.com/@harumoonvtuber,2026-09-13T06:15:50.303361+00:00,https://www.tiktok.com/embed/@harumoonvtuber?lang=en&embedFrom=webapp_preview,2026-09-17,not_established_at_cutoff,
acct_b3de38f3c0a3f2f389fe,7479862895062565896,web_user_id,harurei02,HaruVtuber,https://www.tiktok.com/@harurei02,2026-09-13T06:24:30.167037+00:00,https://www.tiktok.com/embed/@harurei02?lang=en&embedFrom=webapp_preview,2026-09-17,not_established_at_cutoff,
acct_a7a4976eaf83bc7ae38b,7419009300342834184,web_user_id,heiman.vtuber,Heiman / เหมันต์ ☃️👔 ‧*❆,https://www.tiktok.com/@heiman.vtuber,2026-09-13T06:24:30.197546+00:00,https://www.tiktok.com/embed/@heiman.vtuber?lang=en&embedFrom=webapp_preview,2026-09-17,not_established_at_cutoff,
acct_f275d9e2831c16f119de,7080052510589142042,web_user_id,heli_anthus09,Heli ch【REC】,https://www.tiktok.com/@heli_anthus09,2026-09-13T06:24:30.279312+00:00,https://www.tiktok.com/embed/@heli_anthus09?lang=en&embedFrom=webapp_preview,2026-09-17,not_established_at_cutoff,
acct_59749732558951157e86,6536109616961601537,web_user_id,hello_tawanv2,Tawan The Horizon V.2 🌅🍂,https://www.tiktok.com/@hello_tawanv2,2026-09-13T06:31:16.665193+00:00,https://www.tiktok.com/embed/@hello_tawanv2?lang=en&embedFrom=webapp_preview,2026-09-17,not_established_at_cutoff,
acct_a33b55bd5e4033ca5279,7040509635820487706,web_user_id,helsongop_artwork,นักวาดเกเบิ้มๆ🏳️‍🌈,https://www.tiktok.com/@helsongop_artwork,2026-09-13T06:31:16.762438+00:00,https://www.tiktok.com/embed/@helsongop_artwork?lang=en&embedFrom=webapp_preview,2026-09-17,not_established_at_cutoff,
acct_413eba09af2e11d5bbce,7518990693403444232,web_user_id,hexovibeent,HEXO,https://www.tiktok.com/@hexovibeent,2026-09-13T06:24:30.408912+00:00,https://www.tiktok.com/embed/@hexovibeent?lang=en&embedFrom=webapp_preview,2026-09-17,not_established_at_cutoff,
acct_a3fd6fe2aa7fad80c6ce,6966538066694996994,web_user_id,heysolly,ซอลลี่ฟีนิกซ์นะยะ,https://www.tiktok.com/@heysolly,2026-09-13T06:15:50.543705+00:00,https://www.tiktok.com/embed/@heysolly?lang=en&embedFrom=webapp_preview,2026-09-17,not_established_at_cutoff,
acct_f8dbded8fe90493bb115,7581669824842122257,web_user_id,hibana_nekomata,🐱Hibana 【V-YT】,https://www.tiktok.com/@hibana_nekomata,2026-09-13T06:24:30.814651+00:00,https://www.tiktok.com/embed/@hibana_nekomata?lang=en&embedFrom=webapp_preview,2026-09-17,not_established_at_cutoff,
acct_19733e3a59b753af998e,7005877741938705409,web_user_id,himari_hana,Hanacutebaby,https://www.tiktok.com/@himari_hana,2026-09-13T06:24:30.841887+00:00,https://www.tiktok.com/embed/@himari_hana?lang=en&embedFrom=webapp_preview,2026-09-17,not_established_at_cutoff,
acct_e5947dc3dfbcff351342,6927090503477511170,web_user_id,ho07ri,HØRI 07,https://www.tiktok.com/@ho07ri,2026-09-13T06:15:50.622606+00:00,https://www.tiktok.com/embed/@ho07ri?lang=en&embedFrom=webapp_preview,2026-09-17,not_established_at_cutoff,
acct_a456f2835b32078a6c11,6888417583566898178,web_user_id,hokuplg,Kinari Hoku,https://www.tiktok.com/@hokuplg,2026-09-13T06:15:50.661870+00:00,https://www.tiktok.com/embed/@hokuplg?lang=en&embedFrom=webapp_preview,2026-09-17,not_established_at_cutoff,
acct_9a2d9ca2aa0f7bef0e80,6941192058187219970,web_user_id,hongfei_pix,Hinabe HongFei,https://www.tiktok.com/@hongfei_pix,2026-09-13T06:15:50.901558+00:00,https://www.tiktok.com/embed/@hongfei_pix?lang=en&embedFrom=webapp_preview,2026-09-17,not_established_at_cutoff,
acct_838209c2b60b378d4a54,7351818381865845766,web_user_id,hoshi0ji_,Aris.,https://www.tiktok.com/@hoshi0ji_,2026-09-13T06:24:30.864263+00:00,https://www.tiktok.com/embed/@hoshi0ji_?lang=en&embedFrom=webapp_preview,2026-09-17,not_established_at_cutoff,
acct_f1c92813ec95d27ae60d,6809847467069867013,web_user_id,hoshino440,Hoshino Kuroi(星野クロイ)🌌🦊🖤,https://www.tiktok.com/@hoshino440,2026-09-13T06:24:30.907618+00:00,https://www.tiktok.com/embed/@hoshino440?lang=en&embedFrom=webapp_preview,2026-09-17,not_established_at_cutoff,
acct_f00ab9ed696c80ae5121,7094528817595843586,web_user_id,hoshisakilyn,Hoshisaki Lyn Ch.🔮✨,https://www.tiktok.com/@hoshisakilyn,2026-09-13T06:15:51.159367+00:00,https://www.tiktok.com/embed/@hoshisakilyn?lang=en&embedFrom=webapp_preview,2026-09-17,not_established_at_cutoff,
acct_353e0bc39c9f60b0df34,7517736041303082002,web_user_id,housagi.epr,housagi.epr,https://www.tiktok.com/@housagi.epr,2026-09-13T06:24:31.061956+00:00,https://www.tiktok.com/embed/@housagi.epr?lang=en&embedFrom=webapp_preview,2026-09-17,not_established_at_cutoff,
acct_b2242452bd6910f89688,7569304092809020434,web_user_id,https,Https,https://www.tiktok.com/@https,2026-09-13T06:24:31.067415+00:00,https://www.tiktok.com/embed/@https?lang=en&embedFrom=webapp_preview,2026-09-17,not_established_at_cutoff,
acct_8cb81037231f59865251,7190008020184417282,web_user_id,hydejung21pm,Hydejung《21PM》Vtuber,https://www.tiktok.com/@hydejung21pm,2026-09-13T06:24:31.529494+00:00,https://www.tiktok.com/embed/@hydejung21pm?lang=en&embedFrom=webapp_preview,2026-09-17,not_established_at_cutoff,
acct_c0e1717d44d6b604d1fe,7237803821765198855,web_user_id,hyokihowatora,HyokiSan,https://www.tiktok.com/@hyokihowatora,2026-09-13T06:24:31.533199+00:00,https://www.tiktok.com/embed/@hyokihowatora?lang=en&embedFrom=webapp_preview,2026-09-17,not_established_at_cutoff,
acct_f63f55785d906ccc0e17,7483202082922759176,web_user_id,i3ellinaz,Bellina,https://www.tiktok.com/@i3ellinaz,2026-09-13T06:15:51.273029+00:00,https://www.tiktok.com/embed/@i3ellinaz?lang=en&embedFrom=webapp_preview,2026-09-17,not_established_at_cutoff,
acct_d4b23587e3e901d88aee,7260030686689592326,web_user_id,ice_shirakoi,ICE SHIRAKOI,https://www.tiktok.com/@ice_shirakoi,2026-09-13T06:15:51.279589+00:00,https://www.tiktok.com/embed/@ice_shirakoi?lang=en&embedFrom=webapp_preview,2026-09-17,not_established_at_cutoff,
acct_f1cae66147cb90052fc9,7340091464016675842,web_user_id,ihatedoyle,ดอยล์,https://www.tiktok.com/@ihatedoyle,2026-09-13T06:24:31.553804+00:00,https://www.tiktok.com/embed/@ihatedoyle?lang=en&embedFrom=webapp_preview,2026-09-17,not_established_at_cutoff,
acct_bd8c202a91c45cf84893,6753142958344193026,web_user_id,ikutosama1,ikutosama V,https://www.tiktok.com/@ikutosama1,2026-09-13T06:24:31.617299+00:00,https://www.tiktok.com/embed/@ikutosama1?lang=en&embedFrom=webapp_preview,2026-09-17,not_established_at_cutoff,
acct_d430428f2c5574083fae,7297947456606602242,web_user_id,ilygoozilla,Goozilla Ily,https://www.tiktok.com/@ilygoozilla,2026-09-13T06:24:31.640473+00:00,https://www.tiktok.com/embed/@ilygoozilla?lang=en&embedFrom=webapp_preview,2026-09-17,not_established_at_cutoff,
acct_e85b8ab51ad16aa45be5,6663033458740477957,web_user_id,imamee0,I'm a Mee,https://tiktok.com/@imamee0,2026-09-16T14:49:21+00:00,https://x.com/ImAbearAbear,2026-09-17,not_established_at_cutoff,
acct_25ca36b0f90062362c02,7326494654169515014,web_user_id,imnotnuttiz,Nuttiz,https://www.tiktok.com/@imnotnuttiz,2026-09-13T06:24:31.835854+00:00,https://www.tiktok.com/embed/@imnotnuttiz?lang=en&embedFrom=webapp_preview,2026-09-17,not_established_at_cutoff,
acct_ff75577859c682d7d608,7490966390632711186,web_user_id,imp_vz,IMP,https://www.tiktok.com/@imp_vz,2026-09-13T06:31:16.776788+00:00,https://www.tiktok.com/embed/@imp_vz?lang=en&embedFrom=webapp_preview,2026-09-17,not_established_at_cutoff,
acct_e99489bab05a61242697,7106325508666065926,web_user_id,inoriaijou,inoriaijou,https://www.tiktok.com/@inoriaijou,2026-09-13T06:24:32.283321+00:00,https://www.tiktok.com/embed/@inoriaijou?lang=en&embedFrom=webapp_preview,2026-09-17,not_established_at_cutoff,
acct_be76b08044440daad60c,7526646407585301522,web_user_id,inukami_pugmaru,inukami_pugmaru,https://www.tiktok.com/@inukami_pugmaru,2026-09-16T09:37:01+00:00,https://www.youtube.com/channel/UCSus3TGWTuMjiQWycSI1CaA,2026-09-17,not_established_at_cutoff,
acct_120fc17e0a2182d2e6fe,7134533765037360155,web_user_id,inumaruatsuki,inumaruatsuki,https://www.tiktok.com/@inumaruatsuki,2026-09-16T09:38:10+00:00,https://www.youtube.com/channel/UC4QwUkFO1_JJe_TTN5jYoyA,2026-09-17,not_established_at_cutoff,
acct_d2e21a8fcf498d6ce41f,6999317687801398273,web_user_id,irissxofficer,ไอริสเอสเอส (*･ω･)ﾉ,https://www.tiktok.com/@irissxofficer,2026-09-13T06:24:32.308789+00:00,https://www.tiktok.com/embed/@irissxofficer?lang=en&embedFrom=webapp_preview,2026-09-17,not_established_at_cutoff,
acct_eb1c9afd9f787b893f62,6842521579239408642,web_user_id,isamushinobi,Isamushinobi,https://www.tiktok.com/@isamushinobi,2026-09-13T06:31:16.848833+00:00,https://www.tiktok.com/embed/@isamushinobi?lang=en&embedFrom=webapp_preview,2026-09-17,not_established_at_cutoff,
acct_97c9f77dd9d05ed2371d,6668928436630192130,web_user_id,issanumberone,issanumberone,https://www.tiktok.com/@issanumberone,2026-09-13T06:24:32.477013+00:00,https://www.tiktok.com/embed/@issanumberone?lang=en&embedFrom=webapp_preview,2026-09-17,not_established_at_cutoff,
acct_1102f955624e0c6c6a82,6955743143874659329,web_user_id,itsmeyao,ITsMeYao,https://www.tiktok.com/@itsmeyao,2026-09-13T06:24:32.577457+00:00,https://www.tiktok.com/embed/@itsmeyao?lang=en&embedFrom=webapp_preview,2026-09-17,not_established_at_cutoff,
acct_1db6ba494637c4742782,6987452253414458369,web_user_id,jamilahlive,Jamilah,https://www.tiktok.com/@jamilahlive,2026-09-13T06:15:51.791594+00:00,https://www.tiktok.com/embed/@jamilahlive?lang=en&embedFrom=webapp_preview,2026-09-17,not_established_at_cutoff,
acct_a3afab6c2c661d361e2b,6795155901398582273,web_user_id,jammy_chan_,JamMyChan .ch🍑🐿,https://www.tiktok.com/@jammy_chan_,2026-09-13T06:15:51.825975+00:00,https://www.tiktok.com/embed/@jammy_chan_?lang=en&embedFrom=webapp_preview,2026-09-17,not_established_at_cutoff,
acct_f0b664938302187e3005,7434143500821709842,web_user_id,janus.ch.trr,Janus ch.「TRR」,https://www.tiktok.com/@janus.ch.trr,2026-09-13T06:15:51.844808+00:00,https://www.tiktok.com/embed/@janus.ch.trr?lang=en&embedFrom=webapp_preview,2026-09-17,not_established_at_cutoff,
acct_4e5c289f88681f050c90,7605404342649537552,web_user_id,jaoguin_,jaoguin / เจ้ากวิน,https://www.tiktok.com/@jaoguin_,2026-09-13T06:24:32.591034+00:00,https://www.tiktok.com/embed/@jaoguin_?lang=en&embedFrom=webapp_preview,2026-09-17,not_established_at_cutoff,
acct_6d073c61060a5682f7e4,7353335366164431880,web_user_id,jaowayde_vt,เจ้าเวทย์อันเดอร์สกอร์วีที,https://www.tiktok.com/@jaowayde_vt,2026-09-13T06:15:51.988491+00:00,https://www.tiktok.com/embed/@jaowayde_vt?lang=en&embedFrom=webapp_preview,2026-09-17,not_established_at_cutoff,
acct_78533cf99a88bf136792,7358036557901677586,web_user_id,jaowmheegus,เจ้าหมีดำ.💤💜✨ | Gusbeartuber,https://www.tiktok.com/@jaowmheegus,2026-09-13T06:15:51.991436+00:00,https://www.tiktok.com/embed/@jaowmheegus?lang=en&embedFrom=webapp_preview,2026-09-17,not_established_at_cutoff,
acct_f7f68db83afc3ae4e9aa,6900350356480476161,web_user_id,jayvounter,JayVounter,https://www.tiktok.com/@jayvounter,2026-09-13T06:24:32.615764+00:00,https://www.tiktok.com/embed/@jayvounter?lang=en&embedFrom=webapp_preview,2026-09-17,not_established_at_cutoff,
acct_6fd1d78bdae6d48c59a2,7018058151480804354,web_user_id,jcoshhh,Jcosh,https://www.tiktok.com/@jcoshhh,2026-09-13T06:31:17.192501+00:00,https://www.tiktok.com/embed/@jcoshhh?lang=en&embedFrom=webapp_preview,2026-09-17,not_established_at_cutoff,
acct_744b71cdec2e694e8df0,7254865074598462469,web_user_id,jiah_epr,jiah_epr,https://www.tiktok.com/@jiah_epr,2026-09-13T06:15:52.362559+00:00,https://www.tiktok.com/embed/@jiah_epr?lang=en&embedFrom=webapp_preview,2026-09-17,not_established_at_cutoff,
acct_36c2ad784abd8c87c3fa,7245964299448697862,web_user_id,jiminelz,jiminelz,https://www.tiktok.com/@jiminelz,2026-09-13T06:31:17.400946+00:00,https://www.tiktok.com/embed/@jiminelz?lang=en&embedFrom=webapp_preview,2026-09-17,not_established_at_cutoff,
acct_130e41087efb5945fcca,7104098045960406021,web_user_id,jinetta_bliss,jinetta_bliss,https://www.tiktok.com/@jinetta_bliss,2026-09-13T06:31:17.546851+00:00,https://www.tiktok.com/embed/@jinetta_bliss?lang=en&embedFrom=webapp_preview,2026-09-17,not_established_at_cutoff,
acct_8922e0f896642fba9649,7520036117254259730,web_user_id,jiru.epr,jiru.epr,https://www.tiktok.com/@jiru.epr,2026-09-13T06:24:33.109243+00:00,https://www.tiktok.com/embed/@jiru.epr?lang=en&embedFrom=webapp_preview,2026-09-17,not_established_at_cutoff,
acct_ee2f2aa418f5e0e2807e,6821308325017043969,web_user_id,jisooman18,Jisooman🍕⚡️🎮,https://www.tiktok.com/@jisooman18,2026-09-13T06:24:33.131741+00:00,https://www.tiktok.com/embed/@jisooman18?lang=en&embedFrom=webapp_preview,2026-09-17,not_established_at_cutoff,
acct_37b149935ed55490b8b0,7077804851032671258,web_user_id,jolly_estaa,Jolly Estaa,https://www.tiktok.com/@jolly_estaa,2026-09-13T06:24:33.291265+00:00,https://www.tiktok.com/embed/@jolly_estaa?lang=en&embedFrom=webapp_preview,2026-09-17,not_established_at_cutoff,
acct_366b92a1b68a3e29645a,6892286149617288193,web_user_id,jomjam_slx,JomJam,https://www.tiktok.com/@jomjam_slx,2026-09-13T06:24:33.299454+00:00,https://www.tiktok.com/embed/@jomjam_slx?lang=en&embedFrom=webapp_preview,2026-09-17,not_established_at_cutoff,
acct_b929396a012b092c50d2,7416698194807686152,web_user_id,jorirynn_astray,Jorirynn 【ASTRAY】,https://www.tiktok.com/@jorirynn_astray,2026-09-13T06:24:33.410723+00:00,https://www.tiktok.com/embed/@jorirynn_astray?lang=en&embedFrom=webapp_preview,2026-09-17,not_established_at_cutoff,
acct_3aa092306dff579d5a06,7338010446932804615,web_user_id,jorogumov,Gumo【Ti19t】,https://www.tiktok.com/@jorogumov,2026-09-16T15:38:46.627996+00:00,https://www.tiktok.com/embed/@jorogumov?lang=en&embedFrom=webapp_preview,2026-09-17,not_established_at_cutoff,
acct_47210028e506009b0b5c,7276629445094687746,web_user_id,joshua_acastled,Joshua Harley,https://www.tiktok.com/@joshua_acastled,2026-09-13T06:31:17.688217+00:00,https://www.tiktok.com/embed/@joshua_acastled?lang=en&embedFrom=webapp_preview,2026-09-17,not_established_at_cutoff,
acct_2ab9bb9d02c6d92a09a4,7502119642678641671,web_user_id,jozette_oal,Jozetté Wrasset | OAL,https://www.tiktok.com/@jozette_oal,2026-09-13T06:24:33.436700+00:00,https://www.tiktok.com/embed/@jozette_oal?lang=en&embedFrom=webapp_preview,2026-09-17,not_established_at_cutoff,
acct_977df60393890a1fdb97,6988532888988124162,web_user_id,juebighead,Juebighead,https://www.tiktok.com/@juebighead,2026-09-13T06:24:33.627065+00:00,https://www.tiktok.com/embed/@juebighead?lang=en&embedFrom=webapp_preview,2026-09-17,not_established_at_cutoff,
acct_59e98c992937b228d459,6941192598409479170,web_user_id,juju_pix,Laguna Juju,https://www.tiktok.com/@juju_pix,2026-09-13T06:24:33.926886+00:00,https://www.tiktok.com/embed/@juju_pix?lang=en&embedFrom=webapp_preview,2026-09-17,not_established_at_cutoff,
acct_38980dd8e28da6180fd8,6857028990252811265,web_user_id,julius.kosmolatria,Julius Kosmolatria | VTuber,https://www.tiktok.com/@julius.kosmolatria,2026-09-13T06:24:34.091100+00:00,https://www.tiktok.com/embed/@julius.kosmolatria?lang=en&embedFrom=webapp_preview,2026-09-17,not_established_at_cutoff,
acct_e6436d7c2b8810f0a18c,6989564648325792794,web_user_id,jumpmy3,JumpMy Ch.,https://www.tiktok.com/@jumpmy3,2026-09-13T06:15:52.514247+00:00,https://www.tiktok.com/embed/@jumpmy3?lang=en&embedFrom=webapp_preview,2026-09-17,not_established_at_cutoff,
acct_632409bed1e7ec35d86b,7293484378848019464,web_user_id,just_vz,J U $ T,https://www.tiktok.com/@just_vz,2026-09-13T06:24:34.128120+00:00,https://www.tiktok.com/embed/@just_vz?lang=en&embedFrom=webapp_preview,2026-09-17,not_established_at_cutoff,
acct_0bb524ebb9e7442f0e4d,6986968686310130690,web_user_id,kaen_astalia,"""คาเอ็น"" KAEN Official",https://www.tiktok.com/@kaen_astalia,2026-09-13T06:24:34.191783+00:00,https://www.tiktok.com/embed/@kaen_astalia?lang=en&embedFrom=webapp_preview,2026-09-17,not_established_at_cutoff,
acct_471f6380ab3186a1bb23,7187955454411719686,web_user_id,kafune_ch,Kafune CH.,https://www.tiktok.com/@kafune_ch,2026-09-13T06:24:34.277132+00:00,https://www.tiktok.com/embed/@kafune_ch?lang=en&embedFrom=webapp_preview,2026-09-17,not_established_at_cutoff,
acct_e2b7f4533a231af23009,7099255062907749381,web_user_id,kaitosharkvt,Kaito Shark,https://www.tiktok.com/@kaitosharkvt,2026-09-13T06:31:17.965598+00:00,https://www.tiktok.com/embed/@kaitosharkvt?lang=en&embedFrom=webapp_preview,2026-09-17,not_established_at_cutoff,
acct_6de0fbeb80760f3bb099,7560191697616372744,web_user_id,kala_epr,Kala ไม่ใช่กะลา,https://www.tiktok.com/@kala_epr,2026-09-13T06:31:17.973064+00:00,https://www.tiktok.com/embed/@kala_epr?lang=en&embedFrom=webapp_preview,2026-09-17,not_established_at_cutoff,
acct_d76e2803a317742c7c75,7237121406402987013,web_user_id,kalamangvt,KaLaMangVT,https://www.tiktok.com/@kalamangvt,2026-09-13T06:24:34.468166+00:00,https://www.tiktok.com/embed/@kalamangvt?lang=en&embedFrom=webapp_preview,2026-09-17,not_established_at_cutoff,
acct_4769acffb8fd06d17493,7220448356354475034,web_user_id,kamikami.pochi,Kamichi,https://www.tiktok.com/@kamikami.pochi,2026-09-13T06:24:34.633205+00:00,https://www.tiktok.com/embed/@kamikami.pochi?lang=en&embedFrom=webapp_preview,2026-09-17,not_established_at_cutoff,
acct_438f2836564f1c23d870,7185809774939276314,web_user_id,kamikoshogo,KamikoShogo,https://www.tiktok.com/@kamikoshogo,2026-09-13T06:15:52.763315+00:00,https://www.tiktok.com/embed/@kamikoshogo?lang=en&embedFrom=webapp_preview,2026-09-17,not_established_at_cutoff,
acct_de14696fa4f0c5a6ee94,7005130493956916251,web_user_id,kamireiv,ลุงเรย์ชอบสาวๆ ตัวนิดเด้ว,https://www.tiktok.com/@kamireiv,2026-09-13T06:24:34.847926+00:00,https://www.tiktok.com/embed/@kamireiv?lang=en&embedFrom=webapp_preview,2026-09-17,not_established_at_cutoff,
acct_7c303fcc58bdc7cb38dd,7346635254339699720,web_user_id,kamisaki_kuro,kamisaki_kuro,https://www.tiktok.com/@kamisaki_kuro,2026-09-16T09:31:38+00:00,https://www.youtube.com/channel/UCL0LiR5zg3vRnIHp-CowVBg,2026-09-17,not_established_at_cutoff,
acct_46d3bf4b6a7d39da5bb3,7072260568459183105,web_user_id,kamiyu_reirin,Kamiyu Reirin,https://www.tiktok.com/@kamiyu_reirin,2026-09-13T06:15:52.773286+00:00,https://www.tiktok.com/embed/@kamiyu_reirin?lang=en&embedFrom=webapp_preview,2026-09-17,not_established_at_cutoff,
acct_5d6adaf2174dc31aeeb0,7233055345365959685,web_user_id,kampheevtuber,kampheesoalone,https://www.tiktok.com/@kampheevtuber,2026-09-13T06:15:52.824324+00:00,https://www.tiktok.com/embed/@kampheevtuber?lang=en&embedFrom=webapp_preview,2026-09-17,not_established_at_cutoff,
acct_b67a1caa9122d9c1659a,7151730815893406747,web_user_id,kandesuuu,KAN DESU,https://www.tiktok.com/@kandesuuu,2026-09-13T06:31:18.199942+00:00,https://www.tiktok.com/embed/@kandesuuu?lang=en&embedFrom=webapp_preview,2026-09-17,not_established_at_cutoff,
acct_9744e612961d07fbe223,7254569951896290310,web_user_id,kaneakiarina,kaneakiarina,https://www.tiktok.com/@kaneakiarina,2026-09-16T09:37:30+00:00,https://www.youtube.com/channel/UCDdYlO59uiphs8QUL7I88Rg,2026-09-17,not_established_at_cutoff,
acct_64b461da4bc825e82926,7307583155350406149,web_user_id,kaori_vz,Moe Kaori ☆,https://www.tiktok.com/@kaori_vz,2026-09-13T06:24:34.989927+00:00,https://www.tiktok.com/embed/@kaori_vz?lang=en&embedFrom=webapp_preview,2026-09-17,not_established_at_cutoff,
acct_c24dd6c72b78a2add54f,7437587595376526343,web_user_id,kapz.vvn,Kapz 🦆,https://www.tiktok.com/@kapz.vvn,2026-09-13T06:24:35.005190+00:00,https://www.tiktok.com/embed/@kapz.vvn?lang=en&embedFrom=webapp_preview,2026-09-17,not_established_at_cutoff,
acct_54c542840bd894044a36,7633006721602290705,web_user_id,kapz_002,kapz_002,https://www.tiktok.com/@kapz_002,2026-09-16T09:32:09+00:00,https://www.youtube.com/channel/UCvHE8ZCOcfZR_8HvmBA9JBw,2026-09-17,not_established_at_cutoff,
acct_83c207823b0e3a07d13a,7183176317163160582,web_user_id,karin_tsutsuji,Karin Tsutsuji ช่องอยู่ยูทูปนะ,https://www.tiktok.com/@karin_tsutsuji,2026-09-13T06:24:35.222338+00:00,https://www.tiktok.com/embed/@karin_tsutsuji?lang=en&embedFrom=webapp_preview,2026-09-17,not_established_at_cutoff,
acct_f26e2544ab95cf362a1f,7308709803613733889,web_user_id,karuarp,Karu ARP,https://www.tiktok.com/@karuarp,2026-09-13T06:15:52.920216+00:00,https://www.tiktok.com/embed/@karuarp?lang=en&embedFrom=webapp_preview,2026-09-17,not_established_at_cutoff,
acct_f47a821c3922ae3138b0,7174396302188381189,web_user_id,kashina_official,กสิณะ,https://www.tiktok.com/@kashina_official,2026-09-13T06:24:35.306997+00:00,https://www.tiktok.com/embed/@kashina_official?lang=en&embedFrom=webapp_preview,2026-09-17,not_established_at_cutoff,
acct_d25baf523a6c47a18f78,6547496004110204930,web_user_id,katsuki_007x,𝐊𝐚𝐭𝐬𝐮𝐤𝐢𝐂𝐡 🦊🍜,https://www.tiktok.com/@katsuki_007x,2026-09-13T06:15:53.126381+00:00,https://www.tiktok.com/embed/@katsuki_007x?lang=en&embedFrom=webapp_preview,2026-09-17,not_established_at_cutoff,
acct_865349534549c2bf0d92,7047049462326445058,web_user_id,kayleforion,kayleforion,https://www.tiktok.com/@kayleforion,2026-09-16T09:29:31+00:00,https://www.youtube.com/channel/UCUz8QMqTQYtmKprSeGGKEkw,2026-09-17,not_established_at_cutoff,
acct_c80006354efe82c8f0d1,7415552268123440146,web_user_id,kealan.hmm,Kealan 【VZ LIVE】,https://www.tiktok.com/@kealan.hmm,2026-09-13T06:24:35.512896+00:00,https://www.tiktok.com/embed/@kealan.hmm?lang=en&embedFrom=webapp_preview,2026-09-17,not_established_at_cutoff,
acct_13b27681038b63d476bc,7031845886578295810,web_user_id,keelin_peryton,Keelin Peryton🦌🕊💎,https://www.tiktok.com/@keelin_peryton,2026-09-13T06:24:35.699976+00:00,https://www.tiktok.com/embed/@keelin_peryton?lang=en&embedFrom=webapp_preview,2026-09-17,not_established_at_cutoff,
acct_1b3bac80464590e3e304,6983994228234126362,web_user_id,keikojang,Keiko,https://www.tiktok.com/@keikojang,2026-09-13T06:15:53.495634+00:00,https://www.tiktok.com/embed/@keikojang?lang=en&embedFrom=webapp_preview,2026-09-17,not_established_at_cutoff,
acct_a5878871f23faef5ec54,7636801431438623761,web_user_id,keiler_ssr,Keiler🐗🩸❤️〖SSR〗,https://www.tiktok.com/@keiler_ssr,2026-09-13T06:24:35.745375+00:00,https://www.tiktok.com/embed/@keiler_ssr?lang=en&embedFrom=webapp_preview,2026-09-17,not_established_at_cutoff,
acct_3c4fecc1fef083c878ed,7201469304826512390,web_user_id,kenzuzuha,kazuha かずは,https://www.tiktok.com/@kenzuzuha,2026-09-13T06:31:18.340200+00:00,https://www.tiktok.com/embed/@kenzuzuha?lang=en&embedFrom=webapp_preview,2026-09-17,not_established_at_cutoff,
acct_ceb5931199cb18f172aa,7235916304954852358,web_user_id,keressa_zoulfia,Keressa Zoulfia,https://www.tiktok.com/@keressa_zoulfia,2026-09-13T06:24:35.816961+00:00,https://www.tiktok.com/embed/@keressa_zoulfia?lang=en&embedFrom=webapp_preview,2026-09-17,not_established_at_cutoff,
acct_c92311291288d76c77a9,7254931398317507589,web_user_id,kevara_epr,Kevara_EPR,https://www.tiktok.com/@kevara_epr,2026-09-13T06:15:53.547301+00:00,https://www.tiktok.com/embed/@kevara_epr?lang=en&embedFrom=webapp_preview,2026-09-17,not_established_at_cutoff,
acct_8f7b51d352a248998715,6508298854638452737,web_user_id,khaojaoz_,Khaojao,https://www.tiktok.com/@khaojaoz_,2026-09-13T06:24:36.011250+00:00,https://www.tiktok.com/embed/@khaojaoz_?lang=en&embedFrom=webapp_preview,2026-09-17,not_established_at_cutoff,
acct_b31a1c1e7ed1cb7230dc,7344342400012059656,web_user_id,khaopundesu,Khaopundesu,https://www.tiktok.com/@khaopundesu,2026-09-13T06:15:53.706472+00:00,https://www.tiktok.com/embed/@khaopundesu?lang=en&embedFrom=webapp_preview,2026-09-17,not_established_at_cutoff,
acct_89d57cfc4992f11985a1,6520419567914500097,web_user_id,khunchanii_,คุณชา🍵,https://www.tiktok.com/@khunchanii_,2026-09-13T06:24:36.165009+00:00,https://www.tiktok.com/embed/@khunchanii_?lang=en&embedFrom=webapp_preview,2026-09-17,not_established_at_cutoff,
acct_7f65577209b88d683a7d,7405169202469061650,web_user_id,kikiitan_sama,KikiiTan_Sama,https://www.tiktok.com/@kikiitan_sama,2026-09-13T06:15:53.868683+00:00,https://www.tiktok.com/embed/@kikiitan_sama?lang=en&embedFrom=webapp_preview,2026-09-17,not_established_at_cutoff,
acct_41881d55d53b1f750058,7530965139627344916,web_user_id,kiku_himegu,kiku_himegu,https://www.tiktok.com/@kiku_himegu,2026-09-16T09:31:19+00:00,https://www.youtube.com/channel/UCiK62ZOsD7vMwTw0MJiYDLw,2026-09-17,not_established_at_cutoff,
acct_41c82b9cdacafcf32772,7342882661663310855,web_user_id,killian_xoxo,Killian Mare,https://www.tiktok.com/@killian_xoxo,2026-09-13T06:24:36.325942+00:00,https://www.tiktok.com/embed/@killian_xoxo?lang=en&embedFrom=webapp_preview,2026-09-17,not_established_at_cutoff,
acct_36f11b991b1ddc89226e,7289436260539728898,web_user_id,killmonnks,Killmonnks,https://www.tiktok.com/@killmonnks,2026-09-13T06:31:18.470502+00:00,https://www.tiktok.com/embed/@killmonnks?lang=en&embedFrom=webapp_preview,2026-09-17,not_established_at_cutoff,
acct_5b92cfe0c339bc4af5ec,7051961786030949403,web_user_id,kimewa_yuki,KIMEWA YUKI,https://www.tiktok.com/@kimewa_yuki,2026-09-13T06:24:36.470872+00:00,https://www.tiktok.com/embed/@kimewa_yuki?lang=en&embedFrom=webapp_preview,2026-09-17,not_established_at_cutoff,
acct_ae0142ad638573169e24,7280646634849453063,web_user_id,kingslime_vtuberth,kingslime_vtuberth,https://www.tiktok.com/@kingslime_vtuberth,2026-09-13T06:24:36.568243+00:00,https://www.tiktok.com/embed/@kingslime_vtuberth?lang=en&embedFrom=webapp_preview,2026-09-17,not_established_at_cutoff,
acct_ac9cabe995e39d11ab23,7265689955476308998,web_user_id,kinsella_goya,คีนเซล่า โกยะ❤️ VTuberTH,https://www.tiktok.com/@kinsella_goya,2026-09-13T06:15:53.961136+00:00,https://www.tiktok.com/embed/@kinsella_goya?lang=en&embedFrom=webapp_preview,2026-09-17,not_established_at_cutoff,
acct_652c71ca8dfb77d34bac,7672056498604557333,web_user_id,kiran.regalia,kiran.regalia,https://www.tiktok.com/@kiran.regalia,2026-09-16T09:34:20+00:00,https://www.youtube.com/channel/UC7txsIaSjDTuvN7h9BzVAsw,2026-09-17,not_established_at_cutoff,
acct_abfb4702ff17069966db,6966434107144651777,web_user_id,kirinech,Kirine Vtuber,https://www.tiktok.com/@kirinech,2026-09-13T06:15:53.966612+00:00,https://www.tiktok.com/embed/@kirinech?lang=en&embedFrom=webapp_preview,2026-09-17,not_established_at_cutoff,
acct_e874e08c517c2c7312ce,7446493514618029062,web_user_id,kirishi_021,霧死 - Kirishi,https://www.tiktok.com/@kirishi_021,2026-09-13T06:24:36.597539+00:00,https://www.tiktok.com/embed/@kirishi_021?lang=en&embedFrom=webapp_preview,2026-09-17,not_established_at_cutoff,
acct_8aff958ea406043d8a9f,7521582393346573319,web_user_id,kisscross_official,KissCross,https://www.tiktok.com/@kisscross_official,2026-09-13T06:24:36.696527+00:00,https://www.tiktok.com/embed/@kisscross_official?lang=en&embedFrom=webapp_preview,2026-09-17,not_established_at_cutoff,
acct_5e2ff5a9da656c5657a2,7454243039533040648,web_user_id,kisseria_,KiSSeria_♡ vtuber,https://www.tiktok.com/@kisseria_,2026-09-13T06:15:54.214502+00:00,https://www.tiktok.com/embed/@kisseria_?lang=en&embedFrom=webapp_preview,2026-09-17,not_established_at_cutoff,
acct_6b9554c9afc09850a72b,6760227623688766466,web_user_id,kitadesusmdz,ข่อยเป็นบีเกิ้ล[MDZ],https://www.tiktok.com/@kitadesusmdz,2026-09-13T06:15:54.244504+00:00,https://www.tiktok.com/embed/@kitadesusmdz?lang=en&embedFrom=webapp_preview,2026-09-17,not_established_at_cutoff,
acct_caf6420e68c07f177618,7077804031683281946,web_user_id,kitsuneko_mewten,Kitsuneko Mewten,https://www.tiktok.com/@kitsuneko_mewten,2026-09-13T06:24:37.153572+00:00,https://www.tiktok.com/embed/@kitsuneko_mewten?lang=en&embedFrom=webapp_preview,2026-09-17,not_established_at_cutoff,
acct_d85ef2332cabbca6ccd5,7095366508038374427,web_user_id,klangkhuen,Klangkhuen / กลางคืน,https://www.tiktok.com/@klangkhuen,2026-09-13T06:24:37.192790+00:00,https://www.tiktok.com/embed/@klangkhuen?lang=en&embedFrom=webapp_preview,2026-09-17,not_established_at_cutoff,
acct_470279e7fcf4d5c479d5,7545767459337274384,web_user_id,klinthong_res,กลิ่นทอง | Klinthong 【RE:S】,https://www.tiktok.com/@klinthong_res,2026-09-13T06:24:37.238520+00:00,https://www.tiktok.com/embed/@klinthong_res?lang=en&embedFrom=webapp_preview,2026-09-17,not_established_at_cutoff,
acct_6a880175d2e0239ffd93,7356079841181156369,web_user_id,knowchanth,KnowChan - โนว์จัง 💓💡,https://www.tiktok.com/@knowchanth,2026-09-13T06:15:54.498813+00:00,https://www.tiktok.com/embed/@knowchanth?lang=en&embedFrom=webapp_preview,2026-09-17,not_established_at_cutoff,
acct_febc49631264538ad9a9,7245260981436777477,web_user_id,kohaku_irission,Kohaku Ch.《ISP》,https://www.tiktok.com/@kohaku_irission,2026-09-13T06:15:54.637540+00:00,https://www.tiktok.com/embed/@kohaku_irission?lang=en&embedFrom=webapp_preview,2026-09-17,not_established_at_cutoff,
acct_9f605cf674171c90b0b0,7442264634369065992,web_user_id,kokori_otl,Kokori 🐰🍶 ｟ OTL ｠,https://www.tiktok.com/@kokori_otl,2026-09-13T06:24:37.422464+00:00,https://www.tiktok.com/embed/@kokori_otl?lang=en&embedFrom=webapp_preview,2026-09-17,not_established_at_cutoff,
acct_df6ad16419be04b7e177,7154789302660187163,web_user_id,kosaru_ch,Kosaru,https://www.tiktok.com/@kosaru_ch,2026-09-13T06:24:37.506871+00:00,https://www.tiktok.com/embed/@kosaru_ch?lang=en&embedFrom=webapp_preview,2026-09-17,not_established_at_cutoff,
acct_c0747e3ea6b1ce4bce46,6956961609911927810,web_user_id,kousei_amanogawa,KOUSEI_AMANOGAWA,https://www.tiktok.com/@kousei_amanogawa,2026-09-13T06:24:37.595485+00:00,https://www.tiktok.com/embed/@kousei_amanogawa?lang=en&embedFrom=webapp_preview,2026-09-17,not_established_at_cutoff,
acct_30aa83ec2a03df02a92b,7381420979425494023,web_user_id,krynaydin_ztp,krynaydin_ztp,https://www.tiktok.com/@krynaydin_ztp?_r=1&_t=zs-96fxyiet9pr,2026-09-16T09:38:28+00:00,https://www.youtube.com/channel/UCihXBP7iwDIIkzbTbUR4jXg,2026-09-17,not_established_at_cutoff,
acct_83fdedfe553dc80f4e94,7576193622732129288,web_user_id,kryspeiamutelu,Kryspeia Cosmelis,https://www.tiktok.com/@kryspeiamutelu,2026-09-13T06:24:37.850593+00:00,https://www.tiktok.com/embed/@kryspeiamutelu?lang=en&embedFrom=webapp_preview,2026-09-17,not_established_at_cutoff,
acct_774195075ea986446bf5,7371095774812374024,web_user_id,kulareewinwza007xd,Kulareew Ch.【Vtuber TH 】,https://www.tiktok.com/@kulareewinwza007xd,2026-09-13T06:31:18.718215+00:00,https://www.tiktok.com/embed/@kulareewinwza007xd?lang=en&embedFrom=webapp_preview,2026-09-17,not_established_at_cutoff,
acct_f2edc5a59f0b31fd0fc7,7212217915205354523,web_user_id,kumo_kuma,KumoKuma,https://www.tiktok.com/@kumo_kuma,2026-09-13T06:24:37.976050+00:00,https://www.tiktok.com/embed/@kumo_kuma?lang=en&embedFrom=webapp_preview,2026-09-17,not_established_at_cutoff,
acct_4abb9eb65077a8e3ca28,7447263076128392193,web_user_id,kungphaokung,เคอเรนเซียวีปกติɞ,https://www.tiktok.com/@kungphaokung,2026-09-13T06:24:38.009531+00:00,https://www.tiktok.com/embed/@kungphaokung?lang=en&embedFrom=webapp_preview,2026-09-17,not_established_at_cutoff,
acct_54daed0d4d50037bfe41,6964266257978082305,web_user_id,kuraalan,Kurayami Alan,https://www.tiktok.com/@kuraalan,2026-09-13T06:24:38.215559+00:00,https://www.tiktok.com/embed/@kuraalan?lang=en&embedFrom=webapp_preview,2026-09-17,not_established_at_cutoff,
acct_ea4f4410fcb40143285c,7167354731018585089,web_user_id,kuriimuvtuber,kuriimuvtuber,https://www.tiktok.com/@kuriimuvtuber,2026-09-16T09:29:38+00:00,https://www.youtube.com/channel/UCg1lfyLDBsy0INi17egh6IA,2026-09-17,not_established_at_cutoff,
acct_fae58ed922dfa3bb659b,7306782825067332615,web_user_id,kurisumasu_tv,kurisumasu_tv,https://www.tiktok.com/@kurisumasu_tv,2026-09-13T06:24:38.395665+00:00,https://www.tiktok.com/embed/@kurisumasu_tv?lang=en&embedFrom=webapp_preview,2026-09-17,not_established_at_cutoff,
acct_19d4ac2b8dd675e6b564,7345465529040258055,web_user_id,kurogumaan,kurogumaan,https://www.tiktok.com/@kurogumaan,2026-09-13T06:24:38.446766+00:00,https://www.tiktok.com/embed/@kurogumaan?lang=en&embedFrom=webapp_preview,2026-09-17,not_established_at_cutoff,
acct_2cc41374efbf394c7836,6818837152321209346,web_user_id,kuronami_hakumi,Kuronami Hakumi’Ch 🤍💙,https://www.tiktok.com/@kuronami_hakumi,2026-09-13T06:31:18.984561+00:00,https://www.tiktok.com/embed/@kuronami_hakumi?lang=en&embedFrom=webapp_preview,2026-09-17,not_established_at_cutoff,
acct_faa0b8d17355adf9a5ca,6887381184755975169,web_user_id,kuroneko_dub,KuroNekoDub 🐼🐾🐈‍⬛,https://www.tiktok.com/@kuroneko_dub,2026-09-13T06:15:54.712581+00:00,https://www.tiktok.com/embed/@kuroneko_dub?lang=en&embedFrom=webapp_preview,2026-09-17,not_established_at_cutoff,
acct_81a54b6938544d0f7c07,7106287072340919301,web_user_id,kurosawasp,kurosawasp,https://www.tiktok.com/@kurosawasp,2026-09-16T09:37:47+00:00,https://www.youtube.com/channel/UCJu3OL7duainSbXcDvU-bUA,2026-09-17,not_established_at_cutoff,
acct_a2dcb262d591754ed096,7140974919219332122,web_user_id,kurosegawa.renjimaru,Kurosegawa Renjimaru 黒瀬川 櫺子丸,https://www.tiktok.com/@kurosegawa.renjimaru,2026-09-13T06:15:54.961147+00:00,https://www.tiktok.com/embed/@kurosegawa.renjimaru?lang=en&embedFrom=webapp_preview,2026-09-17,not_established_at_cutoff,
acct_af0162bb086cfdff272f,7235303418348291078,web_user_id,kuroyoru_yami,kuroyoru_yami,https://www.tiktok.com/@kuroyoru_yami,2026-09-16T09:36:22+00:00,https://www.youtube.com/channel/UC2q-fPPrsyKOjRpmm--vzPQ,2026-09-17,not_established_at_cutoff,
acct_ca4ffea6d8bd43ef005b,6875630470806979586,web_user_id,kyomu_vtuber,Kyomu,https://www.tiktok.com/@kyomu_vtuber,2026-09-13T06:15:55.004883+00:00,https://www.tiktok.com/embed/@kyomu_vtuber?lang=en&embedFrom=webapp_preview,2026-09-17,not_established_at_cutoff,
acct_b5bbc47d9cea4d41353a,7523171268817060870,web_user_id,kyoya.kieran,KYOYA KIERAN,https://www.tiktok.com/@kyoya.kieran,2026-09-16T15:38:46.627996+00:00,https://www.tiktok.com/embed/@kyoya.kieran?lang=en&embedFrom=webapp_preview,2026-09-17,not_established_at_cutoff,
acct_a635d30e87b631be1abf,7150719216324101146,web_user_id,kyubi_nine,คิวบิไนน์,https://www.tiktok.com/@kyubi_nine,2026-09-13T06:24:38.545565+00:00,https://www.tiktok.com/embed/@kyubi_nine?lang=en&embedFrom=webapp_preview,2026-09-17,not_established_at_cutoff,
acct_1d98b29aa7b3a78c07c9,7363220469829354504,web_user_id,lamppy_,Lamppy 🖤,https://www.tiktok.com/@lamppy_,2026-09-13T06:24:38.791285+00:00,https://www.tiktok.com/embed/@lamppy_?lang=en&embedFrom=webapp_preview,2026-09-17,not_established_at_cutoff,
acct_c09186b38d43b71fddc4,6995810880227410946,web_user_id,lamu.official,LamuJung official  🐬,https://www.tiktok.com/@lamu.official,2026-09-13T06:15:55.026317+00:00,https://www.tiktok.com/embed/@lamu.official?lang=en&embedFrom=webapp_preview,2026-09-17,not_established_at_cutoff,
acct_d09ec95b78f0d5c2329e,6984386722822472731,web_user_id,lanlongying,มังกรน้ำหลานหรงอิง,https://www.tiktok.com/@lanlongying,2026-09-13T06:24:38.964525+00:00,https://www.tiktok.com/embed/@lanlongying?lang=en&embedFrom=webapp_preview,2026-09-17,not_established_at_cutoff,
acct_887ed8131f69e131fd8e,6888422734545830913,web_user_id,lapineplg,Mona Lapine,https://www.tiktok.com/@lapineplg,2026-09-13T06:15:55.311562+00:00,https://www.tiktok.com/embed/@lapineplg?lang=en&embedFrom=webapp_preview,2026-09-17,not_established_at_cutoff,
acct_bbd3db0f1e404205118e,7194068942960182278,web_user_id,latta_arp,Latta_arp🐺🏖️,https://www.tiktok.com/@latta_arp,2026-09-13T06:24:39.230817+00:00,https://www.tiktok.com/embed/@latta_arp?lang=en&embedFrom=webapp_preview,2026-09-17,not_established_at_cutoff,
acct_385f5d1f73b8cdf5b024,6720857904465118210,web_user_id,latte_lamilla,Latte_ Lamilla,https://www.tiktok.com/@latte_lamilla,2026-09-13T06:15:55.370877+00:00,https://www.tiktok.com/embed/@latte_lamilla?lang=en&embedFrom=webapp_preview,2026-09-17,not_established_at_cutoff,
acct_757f0ecf062467672473,7154398137199690757,web_user_id,laurie_blisse,Laurie Blisse,https://www.tiktok.com/@laurie_blisse,2026-09-13T06:15:55.688420+00:00,https://www.tiktok.com/embed/@laurie_blisse?lang=en&embedFrom=webapp_preview,2026-09-17,not_established_at_cutoff,
acct_0f89dcf36c0ae6947154,6998228106955850754,web_user_id,lawizjkp,LawizJKP,https://www.tiktok.com/@lawizjkp,2026-09-13T06:15:55.730174+00:00,https://www.tiktok.com/embed/@lawizjkp?lang=en&embedFrom=webapp_preview,2026-09-17,not_established_at_cutoff,
acct_d0466cedbb9de47c45ba,7150732202422076421,web_user_id,lawrenzeblessing,Lawrenze Blessing,https://www.tiktok.com/@lawrenzeblessing,2026-09-13T06:24:39.298497+00:00,https://www.tiktok.com/embed/@lawrenzeblessing?lang=en&embedFrom=webapp_preview,2026-09-17,not_established_at_cutoff,
acct_49234f5329c6a3bad6a3,7382062471546471430,web_user_id,laychlype_alf,LayLight,https://www.tiktok.com/@laychlype_alf,2026-09-13T06:15:55.879190+00:00,https://www.tiktok.com/embed/@laychlype_alf?lang=en&embedFrom=webapp_preview,2026-09-17,not_established_at_cutoff,
acct_508a9ddbd7b1c501284e,7332215425407845381,web_user_id,layniazia,layniazia,https://www.tiktok.com/@layniazia,2026-09-16T09:38:21+00:00,https://www.youtube.com/channel/UCsI6assrGUpDX_TmSK4zehg,2026-09-17,not_established_at_cutoff,
acct_13e6ea2c101c33f4e475,6558226489875595266,web_user_id,lazadath,lazadath,https://www.tiktok.com/@lazadath,2026-09-16T10:00:03+00:00,https://www.youtube.com/channel/UCcTGGIt4hirVXIxUHPxIvXw,2026-09-17,not_established_at_cutoff,
acct_be76f1f75d3bd11764f5,7484955052860605441,web_user_id,lenlorcraft,lenlorcraft,https://www.tiktok.com/@lenlorcraft,2026-09-16T09:59:20+00:00,https://www.youtube.com/channel/UCI7HyoyonuN4gh_Mgu6Kzbg,2026-09-17,not_established_at_cutoff,
acct_44302576faddb1559b55,7178102386619352069,web_user_id,leonthepinklion,leonthepinklion,https://www.tiktok.com/@leonthepinklion,2026-09-16T09:37:19+00:00,https://www.youtube.com/channel/UChSGIJlrLUI1UVds38w2Obg,2026-09-17,not_established_at_cutoff,
acct_77591210b44cb02966b5,7276399100890481670,web_user_id,leonverse_vtuber,Mumu & Leon | Vtuber,https://www.tiktok.com/@leonverse_vtuber,2026-09-13T06:24:39.421482+00:00,https://www.tiktok.com/embed/@leonverse_vtuber?lang=en&embedFrom=webapp_preview,2026-09-17,not_established_at_cutoff,
acct_1ffc362dcc5ea2316557,7443838821818516488,web_user_id,letia_fixixvt,เลเทียผีทะลุกำแพง,https://www.tiktok.com/@letia_fixixvt,2026-09-13T06:24:39.428378+00:00,https://www.tiktok.com/embed/@letia_fixixvt?lang=en&embedFrom=webapp_preview,2026-09-17,not_established_at_cutoff,
acct_ea7389bcf2f1c4879ed6,7396664385580237825,web_user_id,lilin_lilin0_0,ลี่อิน Lìyīn (丽音)〖4AM〗,https://www.tiktok.com/@lilin_lilin0_0,2026-09-16T15:38:46.627996+00:00,https://www.tiktok.com/embed/@lilin_lilin0_0?lang=en&embedFrom=webapp_preview,2026-09-17,not_established_at_cutoff,
acct_75318f6a37e8218f5c41,7436211674858013714,web_user_id,lilinkawerewolf,lilinkawerewolf,https://www.tiktok.com/@lilinkawerewolf,2026-09-16T10:00:40+00:00,https://www.youtube.com/channel/UCPfqcgrqpaSMqxezIqf7DuQ,2026-09-17,not_established_at_cutoff,
acct_aec5e2bb17d5e0cbe7f3,7194077498576503814,web_user_id,lilithvtuberth,Chourinne Lilith【蝶輪廻リリス】,https://www.tiktok.com/@lilithvtuberth,2026-09-13T06:15:56.050463+00:00,https://www.tiktok.com/embed/@lilithvtuberth?lang=en&embedFrom=webapp_preview,2026-09-17,not_established_at_cutoff,
acct_e87950052ae0dcd0015d,7578159118964343828,web_user_id,limesaltzch,LIMESALTZ Ch.,https://www.tiktok.com/@limesaltzch,2026-09-13T06:24:39.501600+00:00,https://www.tiktok.com/embed/@limesaltzch?lang=en&embedFrom=webapp_preview,2026-09-17,not_established_at_cutoff,
acct_483651d94de7df590ddc,6997307587566552065,web_user_id,lin_lindarling,Linlin ❤️| VtuberTH,https://www.tiktok.com/@lin_lindarling,2026-09-13T06:24:39.987323+00:00,https://www.tiktok.com/embed/@lin_lindarling?lang=en&embedFrom=webapp_preview,2026-09-17,not_established_at_cutoff,
acct_13dc387c08024d52b698,7590747487448171528,web_user_id,lingluuvt,泠露 Líng Lù,https://www.tiktok.com/@lingluuvt,2026-09-13T06:31:19.165652+00:00,https://www.tiktok.com/embed/@lingluuvt?lang=en&embedFrom=webapp_preview,2026-09-17,not_established_at_cutoff,
acct_96fbd408689b8156931d,7596638439400162325,web_user_id,lioren_dande,Lioren《HPP》,https://www.tiktok.com/@lioren_dande,2026-09-13T06:24:40.016825+00:00,https://www.tiktok.com/embed/@lioren_dande?lang=en&embedFrom=webapp_preview,2026-09-17,not_established_at_cutoff,
acct_af431d46e72498285b56,6982456924705899521,web_user_id,lirin0suke,LIRIN,https://www.tiktok.com/@lirin0suke,2026-09-13T06:15:56.297623+00:00,https://www.tiktok.com/embed/@lirin0suke?lang=en&embedFrom=webapp_preview,2026-09-17,not_established_at_cutoff,
acct_7b8c63cebbfca0322d9e,7272371095964828674,web_user_id,liselotte_ch,Lotte Ch.,https://www.tiktok.com/@liselotte_ch,2026-09-13T06:15:56.359958+00:00,https://www.tiktok.com/embed/@liselotte_ch?lang=en&embedFrom=webapp_preview,2026-09-17,not_established_at_cutoff,
acct_ed36c73a30454c0244ce,7094529231162410010,web_user_id,listen_arp,Listen ARP,https://www.tiktok.com/@listen_arp,2026-09-13T06:15:56.435503+00:00,https://www.tiktok.com/embed/@listen_arp?lang=en&embedFrom=webapp_preview,2026-09-17,not_established_at_cutoff,
acct_45c7350bffadca39f6a8,7204185960623457306,web_user_id,littlegwarin,LittleG นักศึกษาไส้แห้ง,https://www.tiktok.com/@littlegwarin,2026-09-13T06:15:56.478485+00:00,https://www.tiktok.com/embed/@littlegwarin?lang=en&embedFrom=webapp_preview,2026-09-17,not_established_at_cutoff,
acct_159f7fecf725c98c1a19,7203693847858660379,web_user_id,littlelonita,Little Lonita 🎀💕 VZ,https://www.tiktok.com/@littlelonita,2026-09-13T06:15:56.778458+00:00,https://www.tiktok.com/embed/@littlelonita?lang=en&embedFrom=webapp_preview,2026-09-17,not_established_at_cutoff,
acct_387657c220e957083e9d,7230996346328450050,web_user_id,liviana_vwitch,LIVIANA,https://www.tiktok.com/@liviana_vwitch,2026-09-13T06:15:56.863852+00:00,https://www.tiktok.com/embed/@liviana_vwitch?lang=en&embedFrom=webapp_preview,2026-09-17,not_established_at_cutoff,
acct_ebba53b082834e90185b,6965425581802636290,web_user_id,lnw_neuatong,ศาลเจ้ามังกรเนื้อทอง,https://www.tiktok.com/@lnw_neuatong,2026-09-13T06:15:57.106511+00:00,https://www.tiktok.com/embed/@lnw_neuatong?lang=en&embedFrom=webapp_preview,2026-09-17,not_established_at_cutoff,
acct_fc09b22b9c6a8866a535,7009691656426324994,web_user_id,ltx022,Lunatrix💫,https://www.tiktok.com/@ltx022,2026-09-13T06:15:57.301463+00:00,https://www.tiktok.com/embed/@ltx022?lang=en&embedFrom=webapp_preview,2026-09-17,not_established_at_cutoff,
acct_701a8db22f19aadaccfb,7119068992275448837,web_user_id,luamikina,LuA_Mikina🌙💤,https://www.tiktok.com/@luamikina,2026-09-13T06:31:19.171673+00:00,https://www.tiktok.com/embed/@luamikina?lang=en&embedFrom=webapp_preview,2026-09-17,not_established_at_cutoff,
acct_96902ac9e5edb8cb9c51,7096352098976039938,web_user_id,lucalagravity,Lucala,https://www.tiktok.com/@lucalagravity,2026-09-13T06:24:40.057699+00:00,https://www.tiktok.com/embed/@lucalagravity?lang=en&embedFrom=webapp_preview,2026-09-17,not_established_at_cutoff,
acct_05dfb3c0b0ad5aa62fe9,6908392262506595330,web_user_id,luceneplg,Mona Lucene,https://www.tiktok.com/@luceneplg,2026-09-13T06:15:57.474982+00:00,https://www.tiktok.com/embed/@luceneplg?lang=en&embedFrom=webapp_preview,2026-09-17,not_established_at_cutoff,
acct_1dcea78650af6da71faf,7622289171462194194,web_user_id,lucentis.rec,Lucentis 【REC】,https://www.tiktok.com/@lucentis.rec,2026-09-13T06:15:57.492749+00:00,https://www.tiktok.com/embed/@lucentis.rec?lang=en&embedFrom=webapp_preview,2026-09-17,not_established_at_cutoff,
acct_433840c892945ea8b29c,7156046852634035206,web_user_id,lucia_xavier_,Lucia Xavier,https://www.tiktok.com/@lucia_xavier_,2026-09-13T06:24:40.079775+00:00,https://www.tiktok.com/embed/@lucia_xavier_?lang=en&embedFrom=webapp_preview,2026-09-17,not_established_at_cutoff,
acct_9e45dc490528c3e663fe,7497261982811374600,web_user_id,lucid.rvd,Lucid 🌠🗡️,https://www.tiktok.com/@lucid.rvd,2026-09-13T06:24:40.130101+00:00,https://www.tiktok.com/embed/@lucid.rvd?lang=en&embedFrom=webapp_preview,2026-09-17,not_established_at_cutoff,
acct_ce4f778c67b7ea37cc08,7380594249354773505,web_user_id,luminiaxd,Lumiania_Ethereal,https://www.tiktok.com/@luminiaxd,2026-09-13T06:15:58.014803+00:00,https://www.tiktok.com/embed/@luminiaxd?lang=en&embedFrom=webapp_preview,2026-09-17,not_established_at_cutoff,
acct_b72d9e143a599327a5cd,6614025647088910337,web_user_id,luminshinehart,luminshinehart,https://www.tiktok.com/@luminshinehart,2026-09-16T09:37:58+00:00,https://www.youtube.com/channel/UCHhEdxjXqC8sbAj7a-PVFlg,2026-09-17,not_established_at_cutoff,
acct_62aff910faef0cc33b2c,6594447447983800322,web_user_id,lunalumiina,‧˚ ลูน่า🎀💧LunaLumIIna「 PRD 」,https://www.tiktok.com/@lunalumiina,2026-09-13T06:15:58.037947+00:00,https://www.tiktok.com/embed/@lunalumiina?lang=en&embedFrom=webapp_preview,2026-09-17,not_established_at_cutoff,
acct_9358581b9eee188d60ea,7120355321230410757,web_user_id,lunesolv,Lune & Sol,https://www.tiktok.com/@lunesolv,2026-09-13T06:15:58.142485+00:00,https://www.tiktok.com/embed/@lunesolv?lang=en&embedFrom=webapp_preview,2026-09-17,not_established_at_cutoff,
acct_7717fd694354a1fbc129,7506529360146088961,web_user_id,lunette_rabbit,V.lunette_กระต่ายน้อย,https://www.tiktok.com/@lunette_rabbit,2026-09-13T06:24:40.297911+00:00,https://www.tiktok.com/embed/@lunette_rabbit?lang=en&embedFrom=webapp_preview,2026-09-17,not_established_at_cutoff,
acct_17a6dc817299bed49dcf,6908389362037163009,web_user_id,luxiaplg,Sancta Eva Luxia,https://www.tiktok.com/@luxiaplg,2026-09-13T06:15:58.154383+00:00,https://www.tiktok.com/embed/@luxiaplg?lang=en&embedFrom=webapp_preview,2026-09-17,not_established_at_cutoff,
acct_e6c2af6484bee4f4f099,7072325685335442434,web_user_id,luyao_ch,LuYao ch.,https://www.tiktok.com/@luyao_ch,2026-09-13T06:15:58.258491+00:00,https://www.tiktok.com/embed/@luyao_ch?lang=en&embedFrom=webapp_preview,2026-09-17,not_established_at_cutoff,
acct_a38dc152aafdbae293d3,7371094749850240017,web_user_id,lvmp_channel,LVMP 🔥🌋,https://www.tiktok.com/@lvmp_channel,2026-09-13T06:24:40.801603+00:00,https://www.tiktok.com/embed/@lvmp_channel?lang=en&embedFrom=webapp_preview,2026-09-17,not_established_at_cutoff,
acct_cf7c00311b3702972a32,7342121717508572165,web_user_id,lynna_vtuber,ลินน่าจะร้อง │ Lynna Vsinger,https://www.tiktok.com/@lynna_vtuber,2026-09-13T06:24:40.899475+00:00,https://www.tiktok.com/embed/@lynna_vtuber?lang=en&embedFrom=webapp_preview,2026-09-17,not_established_at_cutoff,
acct_26112def353792b4505c,7450410790513755141,web_user_id,lynze.vvn,Lynze 🌹,https://www.tiktok.com/@lynze.vvn,2026-09-13T06:24:40.954417+00:00,https://www.tiktok.com/embed/@lynze.vvn?lang=en&embedFrom=webapp_preview,2026-09-17,not_established_at_cutoff,
acct_800f5bfe90e62a99c1ba,7276765730073920514,web_user_id,lyondegladiolus_ayon,LyonDeGladiolus_Ayon,https://www.tiktok.com/@lyondegladiolus_ayon,2026-09-13T06:24:41.041648+00:00,https://www.tiktok.com/embed/@lyondegladiolus_ayon?lang=en&embedFrom=webapp_preview,2026-09-17,not_established_at_cutoff,
acct_f7ca5eb7e0455062edaf,7258941886584652806,web_user_id,lyveaeve,Lyvea•Eve,https://www.tiktok.com/@lyveaeve,2026-09-13T06:24:41.106326+00:00,https://www.tiktok.com/embed/@lyveaeve?lang=en&embedFrom=webapp_preview,2026-09-17,not_established_at_cutoff,
acct_086959adcfe3d17280e8,6893925934954021889,web_user_id,m.miyuu43,MiYuu43 ch.,https://www.tiktok.com/@m.miyuu43,2026-09-13T06:15:58.678129+00:00,https://www.tiktok.com/embed/@m.miyuu43?lang=en&embedFrom=webapp_preview,2026-09-17,not_established_at_cutoff,
acct_fbad9b0c080a9dcfb2e0,7155919903026791430,web_user_id,m4gotz,Astral Kami | Vtuber,https://www.tiktok.com/@m4gotz,2026-09-13T06:15:58.733438+00:00,https://www.tiktok.com/embed/@m4gotz?lang=en&embedFrom=webapp_preview,2026-09-17,not_established_at_cutoff,
acct_06ca3cbd85ac6643411c,7469486777351373832,web_user_id,m4yamarz,m4yamarz,https://www.tiktok.com/@m4yamarz,2026-09-16T09:36:53+00:00,https://www.youtube.com/channel/UCeI78GYlqHWzmWvjGmcjDsA,2026-09-17,not_established_at_cutoff,
acct_15fde8a1eed47383e855,7069901007908111361,web_user_id,ma_mavista,MaVista 「マビッスタ」,https://www.tiktok.com/@ma_mavista,2026-09-13T06:15:58.816059+00:00,https://www.tiktok.com/embed/@ma_mavista?lang=en&embedFrom=webapp_preview,2026-09-17,not_established_at_cutoff,
acct_4b990571573c274ea0cd,7343242249930736647,web_user_id,maaethegreatest,maaethegreatest,https://www.tiktok.com/@maaethegreatest,2026-09-16T09:37:33+00:00,https://www.youtube.com/channel/UCIDkMzUr_JW5yoiq_Nx35_A,2026-09-17,not_established_at_cutoff,
acct_a1cb7a017f7fda0be0b1,6940313023945622530,web_user_id,mabelle.aho,Mabelle.a,https://www.tiktok.com/@mabelle.aho,2026-09-13T06:15:58.859216+00:00,https://www.tiktok.com/embed/@mabelle.aho?lang=en&embedFrom=webapp_preview,2026-09-17,not_established_at_cutoff,
acct_f66045615487d9312dad,7149121976014849029,web_user_id,mabelledesuwa,มาเบลชอบชงเกไปวันๆ,https://www.tiktok.com/@mabelledesuwa,2026-09-13T06:24:41.202227+00:00,https://www.tiktok.com/embed/@mabelledesuwa?lang=en&embedFrom=webapp_preview,2026-09-17,not_established_at_cutoff,
acct_472bb27f4ea56f240bbe,7512823311014577160,web_user_id,maddoxtherorder,MaddoxTherOrder,https://www.tiktok.com/@maddoxtherorder,2026-09-13T06:24:41.548250+00:00,https://www.tiktok.com/embed/@maddoxtherorder?lang=en&embedFrom=webapp_preview,2026-09-17,not_established_at_cutoff,
acct_3a9ed57348663fbc46c0,7505822809458508817,web_user_id,maelfritz.channl,MaëlFritz Channel,https://www.tiktok.com/@maelfritz.channl,2026-09-13T06:24:41.658243+00:00,https://www.tiktok.com/embed/@maelfritz.channl?lang=en&embedFrom=webapp_preview,2026-09-17,not_established_at_cutoff,
acct_21ace40fced16196b9bf,7352688569770574854,web_user_id,maeminippy,เจ้านิป ⨳ECR⨳,https://www.tiktok.com/@maeminippy,2026-09-13T06:24:41.706080+00:00,https://www.tiktok.com/embed/@maeminippy?lang=en&embedFrom=webapp_preview,2026-09-17,not_established_at_cutoff,
acct_dd8e1e882a96aa01dc47,7281919920312075266,web_user_id,maemuuru,maemuuru l VtuberTH,https://www.tiktok.com/@maemuuru,2026-09-13T06:15:37.982947+00:00,https://www.tiktok.com/embed/@maemuuru?lang=en&embedFrom=webapp_preview,2026-09-17,not_established_at_cutoff,
acct_3f6955fceeadcaf4fb3d,6839086351595488261,web_user_id,maewbaewvtuber,Maew Baew,https://www.tiktok.com/@maewbaewvtuber,2026-09-13T06:15:58.929360+00:00,https://www.tiktok.com/embed/@maewbaewvtuber?lang=en&embedFrom=webapp_preview,2026-09-17,not_established_at_cutoff,
acct_da0fba83701bcc0d3d2a,7498330966130639873,web_user_id,maewdamtmira,MaewDam T. Mira,https://www.tiktok.com/@maewdamtmira,2026-09-13T06:24:41.904743+00:00,https://www.tiktok.com/embed/@maewdamtmira?lang=en&embedFrom=webapp_preview,2026-09-17,not_established_at_cutoff,
acct_27b0b6d1d22c0bc963d3,6675051913551528961,web_user_id,maewlham,MaewLham,https://www.tiktok.com/@maewlham,2026-09-13T06:24:42.003761+00:00,https://www.tiktok.com/embed/@maewlham?lang=en&embedFrom=webapp_preview,2026-09-17,not_established_at_cutoff,
acct_647ad4cdb75702aa3983,6941637746566448130,web_user_id,maewuvchanchannel,UVChan,https://www.tiktok.com/@maewuvchanchannel,2026-09-13T06:24:42.035428+00:00,https://www.tiktok.com/embed/@maewuvchanchannel?lang=en&embedFrom=webapp_preview,2026-09-17,not_established_at_cutoff,
acct_82a20ebb2f85c428eb5f,7071347396273931290,web_user_id,magcroravenc,Lady Magcro Ravencroft,https://www.tiktok.com/@magcroravenc,2026-09-13T06:15:59.041525+00:00,https://www.tiktok.com/embed/@magcroravenc?lang=en&embedFrom=webapp_preview,2026-09-17,not_established_at_cutoff,
acct_372af81e0d8edd06d9d7,7206627745908311046,web_user_id,maimai_b8,Maimai,https://www.tiktok.com/@maimai_b8,2026-09-13T06:31:19.308755+00:00,https://www.tiktok.com/embed/@maimai_b8?lang=en&embedFrom=webapp_preview,2026-09-17,not_established_at_cutoff,
acct_262b6ad6a68663268d1d,7446975973847041042,web_user_id,majcha_ch,MAJCHA 🎏 ที่แปลว่าปลา🍵✨,https://www.tiktok.com/@majcha_ch,2026-09-13T06:24:42.409390+00:00,https://www.tiktok.com/embed/@majcha_ch?lang=en&embedFrom=webapp_preview,2026-09-17,not_established_at_cutoff,
acct_662c2d35e9f561acf899,6944229341066068994,web_user_id,makarov227c,makarov227c,https://www.tiktok.com/@makarov227c,2026-09-16T09:38:26+00:00,https://www.youtube.com/channel/UCyVnAtNZMl0S4x6F3msaElg,2026-09-17,not_established_at_cutoff,
acct_96929ee7be9d0ac2cad0,6533723432441364482,web_user_id,makikaisao,MakiKaiSao,https://www.tiktok.com/@makikaisao,2026-09-13T06:31:19.501367+00:00,https://www.tiktok.com/embed/@makikaisao?lang=en&embedFrom=webapp_preview,2026-09-17,not_established_at_cutoff,
acct_f304ff8c66e40aa8daa9,7205932547606397978,web_user_id,makumavtuber,Makuma,https://www.tiktok.com/@makumavtuber,2026-09-13T06:31:19.642287+00:00,https://www.tiktok.com/embed/@makumavtuber?lang=en&embedFrom=webapp_preview,2026-09-17,not_established_at_cutoff,
acct_ac6961d88edf72086165,6576389023518752769,web_user_id,malai_deva,malai_deva,https://www.tiktok.com/@malai_deva,2026-09-16T10:00:42+00:00,https://www.youtube.com/channel/UCAV2_Jxxt-JJ08v77lNLBtg,2026-09-17,not_established_at_cutoff,
acct_d529488dc2b7ed4a1e10,7104275590727468037,web_user_id,malaiec19,ผีอีมาลัย (EC19 Project),https://www.tiktok.com/@malaiec19,2026-09-13T06:24:42.554664+00:00,https://www.tiktok.com/embed/@malaiec19?lang=en&embedFrom=webapp_preview,2026-09-17,not_established_at_cutoff,
acct_4cba7674d78c25d25ac2,7652719118608892936,web_user_id,mali.slr,Mali 🐯🩵 | VTuberTH【SLR】,https://www.tiktok.com/@mali.slr,2026-09-13T06:24:42.633458+00:00,https://www.tiktok.com/embed/@mali.slr?lang=en&embedFrom=webapp_preview,2026-09-17,not_established_at_cutoff,
acct_eb0361519d17c1fc09db,7085075125062894619,web_user_id,mallow_hamm,MalHam,https://www.tiktok.com/@mallow_hamm,2026-09-13T06:24:42.650179+00:00,https://www.tiktok.com/embed/@mallow_hamm?lang=en&embedFrom=webapp_preview,2026-09-17,not_established_at_cutoff,
acct_6d662ea9aed656e7ec47,7466536527449097232,web_user_id,mamunzaatv,mamunzaatv,https://tiktok.com/@mamunzaatv,2026-09-16T09:58:52+00:00,https://www.youtube.com/channel/UCU6UxFBQ19d2otSnCPeyykg,2026-09-17,not_established_at_cutoff,
acct_f51046529f89de7f1e52,7195557751103030277,web_user_id,mamushi_ene,mamushi_ene,https://www.tiktok.com/@mamushi_ene,2026-09-13T06:15:59.543753+00:00,https://www.tiktok.com/embed/@mamushi_ene?lang=en&embedFrom=webapp_preview,2026-09-17,not_established_at_cutoff,
acct_a7f56e6d8465acd3ec10,7035568575465800730,web_user_id,manamineko_0,manamineko_0,https://www.tiktok.com/@manamineko_0,2026-09-13T06:31:19.909485+00:00,https://www.tiktok.com/embed/@manamineko_0?lang=en&embedFrom=webapp_preview,2026-09-17,not_established_at_cutoff,
acct_55a348f45a8e0ced1cd5,7415267215962145800,web_user_id,manapt52hz,manapt52hz,https://www.tiktok.com/@manapt52hz,2026-09-16T09:35:57+00:00,https://www.youtube.com/channel/UCepQ5leDU2_KgTVOsD4so7A,2026-09-17,not_established_at_cutoff,
acct_5176aaad520f59a92f06,6844052901598823425,web_user_id,manybaht,Laibaht / หลายบาท,https://www.tiktok.com/@manybaht,2026-09-13T06:15:59.596420+00:00,https://www.tiktok.com/embed/@manybaht?lang=en&embedFrom=webapp_preview,2026-09-17,not_established_at_cutoff,
acct_d4cae66caae47202cdcd,6653363328851410945,web_user_id,maouciela_z_erebrias,MaouCiela Z. Erebrias,https://www.tiktok.com/@maouciela_z_erebrias,2026-09-13T06:31:20.050021+00:00,https://www.tiktok.com/embed/@maouciela_z_erebrias?lang=en&embedFrom=webapp_preview,2026-09-17,not_established_at_cutoff,
acct_d5966abc734dd5e4a27a,7362974967467967495,web_user_id,maprang_vtuber,Maprang 【Vtuber】,https://www.tiktok.com/@maprang_vtuber,2026-09-13T06:24:42.707094+00:00,https://www.tiktok.com/embed/@maprang_vtuber?lang=en&embedFrom=webapp_preview,2026-09-17,not_established_at_cutoff,
acct_3cc01b6dc4c41d4b4126,7305325679322874886,web_user_id,martiinch,martiin ch.,https://www.tiktok.com/@martiinch,2026-09-13T06:24:42.757846+00:00,https://www.tiktok.com/embed/@martiinch?lang=en&embedFrom=webapp_preview,2026-09-17,not_established_at_cutoff,
acct_b4ac5a313ff4fb92554f,7342314900080116738,web_user_id,masanari.k,K.&Un Ch.♊️,https://www.tiktok.com/@masanari.k,2026-09-13T06:31:20.192588+00:00,https://www.tiktok.com/embed/@masanari.k?lang=en&embedFrom=webapp_preview,2026-09-17,not_established_at_cutoff,
acct_df3381214e4a6e1dde48,7360674786109834248,web_user_id,masumikyou,masumikyou,https://www.tiktok.com/@masumikyou,2026-09-13T06:24:43.283653+00:00,https://www.tiktok.com/embed/@masumikyou?lang=en&embedFrom=webapp_preview,2026-09-17,not_established_at_cutoff,
acct_d7614ff503b7e24f6280,7168357362939593734,web_user_id,masuru.lilia,Lilia / ลิเลีย,https://www.tiktok.com/@masuru.lilia,2026-09-13T06:15:59.649627+00:00,https://www.tiktok.com/embed/@masuru.lilia?lang=en&embedFrom=webapp_preview,2026-09-17,not_established_at_cutoff,
acct_e4b98e0c4b88551f8f15,7511458092371051527,web_user_id,matsurii_vtuber,matsurii_vtuber,https://www.tiktok.com/@matsurii_vtuber?_t=ZS-8xnSi2wIMr9&_r=1,2026-09-16T09:38:31+00:00,https://www.youtube.com/channel/UCNak-g6_mKH-UkDLnrvjyzw,2026-09-17,not_established_at_cutoff,
acct_c8a4d1be62672c677626,7393707528024425490,web_user_id,mayanutth,mayanut,https://www.tiktok.com/@mayanutth,2026-09-13T06:24:43.344192+00:00,https://www.tiktok.com/embed/@mayanutth?lang=en&embedFrom=webapp_preview,2026-09-17,not_established_at_cutoff,
acct_d0857d950b3f49177f38,7132284502760276994,web_user_id,mayaoboro,mayaoboro,https://www.tiktok.com/@mayaoboro,2026-09-16T09:31:31+00:00,https://www.youtube.com/channel/UC5VPIoY1j_x9UZSqkpwg8jw,2026-09-17,not_established_at_cutoff,
acct_536c3187d9940f1f0084,6740437074807260162,web_user_id,me_ldktc,Maluto ♾️ LDKTC,https://www.tiktok.com/@me_ldktc,2026-09-13T06:15:59.855898+00:00,https://www.tiktok.com/embed/@me_ldktc?lang=en&embedFrom=webapp_preview,2026-09-17,not_established_at_cutoff,
acct_b8b2af000eb7505c566c,7345823343688451090,web_user_id,megzisln,Megzis Lurnyl,https://www.tiktok.com/@megzisln,2026-09-13T06:16:00.042728+00:00,https://www.tiktok.com/embed/@megzisln?lang=en&embedFrom=webapp_preview,2026-09-17,not_established_at_cutoff,
acct_cc647a7725b4c274ab63,7234163185854170117,web_user_id,meilin_vtuber,Meilin Sama,https://www.tiktok.com/@meilin_vtuber,2026-09-13T06:16:00.058478+00:00,https://www.tiktok.com/embed/@meilin_vtuber?lang=en&embedFrom=webapp_preview,2026-09-17,not_established_at_cutoff,
acct_4538802e7999162f08ba,7576201407964922900,web_user_id,meiyinmutelu,Pixiang Meiyin,https://www.tiktok.com/@meiyinmutelu,2026-09-13T06:24:43.509921+00:00,https://www.tiktok.com/embed/@meiyinmutelu?lang=en&embedFrom=webapp_preview,2026-09-17,not_established_at_cutoff,
acct_4d4a3120c6d7bf60118a,7593670705624056848,web_user_id,melanoxlunix_alf,Melanox Lunix「ALF」,https://www.tiktok.com/@melanoxlunix_alf,2026-09-13T06:16:00.224941+00:00,https://www.tiktok.com/embed/@melanoxlunix_alf?lang=en&embedFrom=webapp_preview,2026-09-17,not_established_at_cutoff,
acct_319cee18ec384830bd0d,7505106382157431826,web_user_id,melinoir_vtuberth,Melinoir_Vtuber,https://www.tiktok.com/@melinoir_vtuberth,2026-09-13T06:24:43.522097+00:00,https://www.tiktok.com/embed/@melinoir_vtuberth?lang=en&embedFrom=webapp_preview,2026-09-17,not_established_at_cutoff,
acct_15362cfeacab64639506,6941194873555928065,web_user_id,melita_pix,Melita X,https://www.tiktok.com/@melita_pix,2026-09-13T06:24:43.686127+00:00,https://www.tiktok.com/embed/@melita_pix?lang=en&embedFrom=webapp_preview,2026-09-17,not_established_at_cutoff,
acct_a9a5d9cb0bbbde394c27,7364728035499377682,web_user_id,mellowlop.vtuber,Mellowlop,https://www.tiktok.com/@mellowlop.vtuber,2026-09-13T06:16:00.361157+00:00,https://www.tiktok.com/embed/@mellowlop.vtuber?lang=en&embedFrom=webapp_preview,2026-09-17,not_established_at_cutoff,
acct_ad63119a03aec87fedd3,7530661629563470856,web_user_id,melrizch,Melriz,https://www.tiktok.com/@melrizch,2026-09-13T06:24:43.717961+00:00,https://www.tiktok.com/embed/@melrizch?lang=en&embedFrom=webapp_preview,2026-09-17,not_established_at_cutoff,
acct_c6ddae346a953f053646,7272353830532400133,web_user_id,meltildavt,meltildavt,https://www.tiktok.com/@meltildavt,2026-09-16T09:35:14+00:00,https://www.youtube.com/channel/UCAzfyfbQ7XHmznbOKinAunQ,2026-09-17,not_established_at_cutoff,
acct_3311ec39c50c9cb00f53,7078543674242040833,web_user_id,menuwuqwq,Minna Haiyaka,https://www.tiktok.com/@menuwuqwq,2026-09-13T06:16:00.548856+00:00,https://www.tiktok.com/embed/@menuwuqwq?lang=en&embedFrom=webapp_preview,2026-09-17,not_established_at_cutoff,
acct_2d85531954f2b4e2e70e,7134589091567502362,web_user_id,meraki_keimii,Meraki Keimii,https://www.tiktok.com/@meraki_keimii,2026-09-13T06:24:44.066318+00:00,https://www.tiktok.com/embed/@meraki_keimii?lang=en&embedFrom=webapp_preview,2026-09-17,not_established_at_cutoff,
acct_e8937bb7cf0e3ed5f719,6874573697790346241,web_user_id,meropevtube,MeropeVCh.,https://www.tiktok.com/@meropevtube,2026-09-13T06:24:44.100968+00:00,https://www.tiktok.com/embed/@meropevtube?lang=en&embedFrom=webapp_preview,2026-09-17,not_established_at_cutoff,
acct_b433a0838419e537088c,7323948624270197761,web_user_id,merrykomori,MerryKomori,https://www.tiktok.com/@merrykomori,2026-09-13T06:24:44.184916+00:00,https://www.tiktok.com/embed/@merrykomori?lang=en&embedFrom=webapp_preview,2026-09-17,not_established_at_cutoff,
acct_cf5ab8c5765f64f63291,7340191765751055365,web_user_id,merryl_wayne,merryl_wayne,https://www.tiktok.com/@merryl_wayne,2026-09-16T09:30:05+00:00,https://www.youtube.com/channel/UC6uFH49ET-CCA_a4rMdfBdA,2026-09-17,not_established_at_cutoff,
acct_15884b51c995ec18e647,7176840353047561242,web_user_id,meteona_mars,Meteona Mars Ch.,https://www.tiktok.com/@meteona_mars,2026-09-13T06:24:44.194330+00:00,https://www.tiktok.com/embed/@meteona_mars?lang=en&embedFrom=webapp_preview,2026-09-17,not_established_at_cutoff,
acct_c883b76b77a353f8627f,7038248232115356673,web_user_id,mewrcclub382,MEWRCCLUB Ch.,https://www.tiktok.com/@mewrcclub382,2026-09-13T06:24:44.500741+00:00,https://www.tiktok.com/embed/@mewrcclub382?lang=en&embedFrom=webapp_preview,2026-09-17,not_established_at_cutoff,
acct_965daa48150913513239,7633741468108866576,web_user_id,mi._.mioraa,MIoraTwilight_.,https://www.tiktok.com/@mi._.mioraa,2026-09-13T06:16:00.550842+00:00,https://www.tiktok.com/embed/@mi._.mioraa?lang=en&embedFrom=webapp_preview,2026-09-17,not_established_at_cutoff,
acct_206c1da087ce4a733994,7306563793021125634,web_user_id,miameerai,miameerai,https://www.tiktok.com/@miameerai,2026-09-13T06:16:00.774520+00:00,https://www.tiktok.com/embed/@miameerai?lang=en&embedFrom=webapp_preview,2026-09-17,not_established_at_cutoff,
acct_2f74e0602b453a59530e,7351138533497734165,web_user_id,micaela.michelle8,Micaela Michelle,https://www.tiktok.com/@micaela.michelle8,2026-09-13T06:24:44.559476+00:00,https://www.tiktok.com/embed/@micaela.michelle8?lang=en&embedFrom=webapp_preview,2026-09-17,not_established_at_cutoff,
acct_e011f533e3b822eab306,7115295735092937729,web_user_id,michaelkun888,Mikun Ch.,https://www.tiktok.com/@michaelkun888,2026-09-13T06:31:20.254526+00:00,https://www.tiktok.com/embed/@michaelkun888?lang=en&embedFrom=webapp_preview,2026-09-17,not_established_at_cutoff,
acct_2d72193708bd55778aa0,7629755303411975188,web_user_id,midnigh0606,Night Nyte✭,https://www.tiktok.com/@midnigh0606,2026-09-13T06:16:00.881310+00:00,https://www.tiktok.com/embed/@midnigh0606?lang=en&embedFrom=webapp_preview,2026-09-17,not_established_at_cutoff,
acct_11f2c228c77fd816fe5a,7322449236733445121,web_user_id,midorisuikavtb,midorisuikavtb,https://www.tiktok.com/@midorisuikavtb,2026-09-16T09:32:38+00:00,https://www.youtube.com/channel/UCbXO3ON6BR4-lhx5Yd4yzKA,2026-09-17,not_established_at_cutoff,
acct_58c36fb6628146463f5f,7318092753425515522,web_user_id,mieruch_,mieruch_,https://www.tiktok.com/@mieruch_,2026-09-13T06:31:20.362576+00:00,https://www.tiktok.com/embed/@mieruch_?lang=en&embedFrom=webapp_preview,2026-09-17,not_established_at_cutoff,
acct_4b1acfe4b648dc83c1f6,7362268732020802568,web_user_id,miguelnoxz,✝ 𝕄𝕚𝕘𝕦𝕖𝕝ℕ𝕠𝕩𝕫 ✝,https://www.tiktok.com/@miguelnoxz,2026-09-13T06:24:44.729533+00:00,https://www.tiktok.com/embed/@miguelnoxz?lang=en&embedFrom=webapp_preview,2026-09-17,not_established_at_cutoff,
acct_5d407b8993c29cad7259,7621013160879293447,web_user_id,mii__belle,Miibelle ต่ะมุจะหลับ🪻🤍,https://www.tiktok.com/@mii__belle,2026-09-13T06:24:44.902204+00:00,https://www.tiktok.com/embed/@mii__belle?lang=en&embedFrom=webapp_preview,2026-09-17,not_established_at_cutoff,
acct_e981eb414e8c12ff2301,7336595804469429249,web_user_id,mikamu27,Mikamu,https://www.tiktok.com/@mikamu27,2026-09-13T06:24:44.956670+00:00,https://www.tiktok.com/embed/@mikamu27?lang=en&embedFrom=webapp_preview,2026-09-17,not_established_at_cutoff,
acct_0a249f7700ea5d0f2b08,6986746212356342786,web_user_id,miki.vtb,MikiVTB🐇,https://www.tiktok.com/@miki.vtb,2026-09-13T06:16:00.980692+00:00,https://www.tiktok.com/embed/@miki.vtb?lang=en&embedFrom=webapp_preview,2026-09-17,not_established_at_cutoff,
acct_d1d8471e29024cbb43f5,7574006558720312328,web_user_id,mikia.epr,คุณมี้ วีรุ่นแม่,https://www.tiktok.com/@mikia.epr,2026-09-13T06:31:20.380702+00:00,https://www.tiktok.com/embed/@mikia.epr?lang=en&embedFrom=webapp_preview,2026-09-17,not_established_at_cutoff,
acct_5e1541123a1a70b63e0b,7576203175314097172,web_user_id,mikotomimutelu,mikotomimaneneko,https://www.tiktok.com/@mikotomimutelu,2026-09-13T06:24:44.997354+00:00,https://www.tiktok.com/embed/@mikotomimutelu?lang=en&embedFrom=webapp_preview,2026-09-17,not_established_at_cutoff,
acct_61a519e269651aa6616a,7336061913820005383,web_user_id,mildrworldend,MildRWorldEnd,https://www.tiktok.com/@mildrworldend,2026-09-13T06:16:01.176661+00:00,https://www.tiktok.com/embed/@mildrworldend?lang=en&embedFrom=webapp_preview,2026-09-17,not_established_at_cutoff,
acct_7e9c56efcae6c5207596,6915006521073173505,web_user_id,miledy._.z,Miledy Z.Devlin,https://www.tiktok.com/@miledy._.z,2026-09-13T06:24:45.284772+00:00,https://www.tiktok.com/embed/@miledy._.z?lang=en&embedFrom=webapp_preview,2026-09-17,not_established_at_cutoff,
acct_0e33309a65da9f1ffbe7,7409260186655114247,web_user_id,millybill_ch,MillYBilL,https://www.tiktok.com/@millybill_ch,2026-09-13T06:16:01.293447+00:00,https://www.tiktok.com/embed/@millybill_ch?lang=en&embedFrom=webapp_preview,2026-09-17,not_established_at_cutoff,
acct_83b2f6122c32c3521252,7146166247653245979,web_user_id,milynitivona,Milyni_Tivona,https://www.tiktok.com/@milynitivona,2026-09-13T06:16:01.341268+00:00,https://www.tiktok.com/embed/@milynitivona?lang=en&embedFrom=webapp_preview,2026-09-17,not_established_at_cutoff,
acct_4be568b9aefe424f57ac,7327585368482563078,web_user_id,mimia.uqn,Mimia .UQN,https://www.tiktok.com/@mimia.uqn,2026-09-13T06:31:20.705790+00:00,https://www.tiktok.com/embed/@mimia.uqn?lang=en&embedFrom=webapp_preview,2026-09-17,not_established_at_cutoff,
acct_c48c9c835564b01f5e7e,7301291992301634566,web_user_id,mina.nekogakimsv,Mina Nekogaki【MSV】,https://www.tiktok.com/@mina.nekogakimsv,2026-09-13T06:24:45.439735+00:00,https://www.tiktok.com/embed/@mina.nekogakimsv?lang=en&embedFrom=webapp_preview,2026-09-17,not_established_at_cutoff,
acct_3a69bba7a7c76ddf46e7,7184669393821156357,web_user_id,mina_falala,MinaFalala,https://www.tiktok.com/@mina_falala,2026-09-13T06:16:01.413438+00:00,https://www.tiktok.com/embed/@mina_falala?lang=en&embedFrom=webapp_preview,2026-09-17,not_established_at_cutoff,
acct_a9fcaf422743a2ff36ae,7476846693377901576,web_user_id,minarinsarkany,Minarin Sárkányszél,https://www.tiktok.com/@minarinsarkany,2026-09-13T06:24:45.447656+00:00,https://www.tiktok.com/embed/@minarinsarkany?lang=en&embedFrom=webapp_preview,2026-09-17,not_established_at_cutoff,
acct_017048e10009d490d66c,7058716591614231553,web_user_id,mini_lorii,Minilorr,https://www.tiktok.com/@mini_lorii,2026-09-13T06:24:45.618214+00:00,https://www.tiktok.com/embed/@mini_lorii?lang=en&embedFrom=webapp_preview,2026-09-17,not_established_at_cutoff,
acct_edd33cffc1bc93fc7bee,7383707759843558408,web_user_id,minolet_acas,มิโนะชอบกินทาร์ตไข่,https://www.tiktok.com/@minolet_acas,2026-09-13T06:31:20.930268+00:00,https://www.tiktok.com/embed/@minolet_acas?lang=en&embedFrom=webapp_preview,2026-09-17,not_established_at_cutoff,
acct_560801777aca73615f88,7176582072893719579,web_user_id,minoru_akk,▪︎ MINORU _《AKK》▪︎,https://www.tiktok.com/@minoru_akk,2026-09-13T06:16:01.636821+00:00,https://www.tiktok.com/embed/@minoru_akk?lang=en&embedFrom=webapp_preview,2026-09-17,not_established_at_cutoff,
acct_be51d5cd9baf99d2b413,7522709434334987272,web_user_id,mirae.solstice,Mirae Solstice | วีทูปเปอร์,https://www.tiktok.com/@mirae.solstice,2026-09-13T06:24:45.633910+00:00,https://www.tiktok.com/embed/@mirae.solstice?lang=en&embedFrom=webapp_preview,2026-09-17,not_established_at_cutoff,
acct_e59f85fe876d4192430c,7065520363815420930,web_user_id,mitsukirinna,Mitsuki Vtuber,https://www.tiktok.com/@mitsukirinna,2026-09-13T06:24:45.887195+00:00,https://www.tiktok.com/embed/@mitsukirinna?lang=en&embedFrom=webapp_preview,2026-09-17,not_established_at_cutoff,
acct_5b31e6466c735d410018,6597195949855899650,web_user_id,mixzy21pm,Mixzy 21PM,https://www.tiktok.com/@mixzy21pm,2026-09-13T06:24:46.112449+00:00,https://www.tiktok.com/embed/@mixzy21pm?lang=en&embedFrom=webapp_preview,2026-09-17,not_established_at_cutoff,
acct_379816aa006d879e8e8c,7213331737718670363,web_user_id,miyathemelfvt,เม้วจะม่อง,https://www.tiktok.com/@miyathemelfvt,2026-09-13T06:31:21.069610+00:00,https://www.tiktok.com/embed/@miyathemelfvt?lang=en&embedFrom=webapp_preview,2026-09-17,not_established_at_cutoff,
acct_b13202eab91513c2f623,7516330344724136961,web_user_id,mizo.vtuber,mizo.vtuber,https://www.tiktok.com/@mizo.vtuber?_t=zs-8zld5km0afp&_r=1,2026-09-16T09:59:53+00:00,https://www.youtube.com/channel/UClBbcA64ikRSXTijItUQ-OA,2026-09-17,not_established_at_cutoff,
acct_2d2ec422607e98b48748,7326197526955639809,web_user_id,mizu_gracia,Mizu Gracia,https://www.tiktok.com/@mizu_gracia,2026-09-13T06:24:46.245933+00:00,https://www.tiktok.com/embed/@mizu_gracia?lang=en&embedFrom=webapp_preview,2026-09-17,not_established_at_cutoff,
acct_afb22b63816a96173cb1,7309016997550130181,web_user_id,moe_miyabi,Moe Miyabi ♥,https://www.tiktok.com/@moe_miyabi,2026-09-13T06:24:46.360857+00:00,https://www.tiktok.com/embed/@moe_miyabi?lang=en&embedFrom=webapp_preview,2026-09-17,not_established_at_cutoff,
acct_b6b98823b9a9e6fa0e5f,7318766506833101829,web_user_id,moia_lnwza55,moia_lnwza55,https://www.tiktok.com/@moia_lnwza55,2026-09-16T09:32:32+00:00,https://www.youtube.com/channel/UC4gflcsvblzsnCtNddgDSQA,2026-09-17,not_established_at_cutoff,
acct_17c9bceb1cf06830241a,7174625827761734662,web_user_id,mollyehe,MOLLY,https://www.tiktok.com/@mollyehe,2026-09-13T06:24:46.385417+00:00,https://www.tiktok.com/embed/@mollyehe?lang=en&embedFrom=webapp_preview,2026-09-17,not_established_at_cutoff,
acct_c1b76db18d11f7162a02,7479468833959871489,web_user_id,momomiichan,Momomiichan,https://www.tiktok.com/@momomiichan,2026-09-13T06:24:46.422432+00:00,https://www.tiktok.com/embed/@momomiichan?lang=en&embedFrom=webapp_preview,2026-09-17,not_established_at_cutoff,
acct_dcf1117fc125262c8394,7098619694177059845,web_user_id,monariica,MONARICA 《 Vtuber 》,https://www.tiktok.com/@monariica,2026-09-13T06:24:46.629811+00:00,https://www.tiktok.com/embed/@monariica?lang=en&embedFrom=webapp_preview,2026-09-17,not_established_at_cutoff,
acct_1570cf974e0905d852d8,7084660382064886786,web_user_id,mongon_af48dw,MONGON.AF48DW.(V.2),https://www.tiktok.com/@mongon_af48dw,2026-09-13T06:24:46.921550+00:00,https://www.tiktok.com/embed/@mongon_af48dw?lang=en&embedFrom=webapp_preview,2026-09-17,not_established_at_cutoff,
acct_5baa42a351a5422bac17,7502145138728141832,web_user_id,monie_oal,Ané Monie | OAL,https://www.tiktok.com/@monie_oal,2026-09-13T06:24:47.082834+00:00,https://www.tiktok.com/embed/@monie_oal?lang=en&embedFrom=webapp_preview,2026-09-17,not_established_at_cutoff,
acct_ce9198317818c56f0a0f,6946484552643134466,web_user_id,monji48,MonJi,https://www.tiktok.com/@monji48,2026-09-13T06:24:47.104732+00:00,https://www.tiktok.com/embed/@monji48?lang=en&embedFrom=webapp_preview,2026-09-17,not_established_at_cutoff,
acct_ddf4eae39be9201af0ae,7378455744868008965,web_user_id,monmonthedoggo,Monmon Thedoggo,https://www.tiktok.com/@monmonthedoggo,2026-09-13T06:24:47.116957+00:00,https://www.tiktok.com/embed/@monmonthedoggo?lang=en&embedFrom=webapp_preview,2026-09-17,not_established_at_cutoff,
acct_1d5eb764f50dc9e340c4,7112302431962661914,web_user_id,moonshinelyricsl,moonshinelyricsl,https://www.tiktok.com/@moonshinelyricsl,2026-09-13T06:24:47.152285+00:00,https://www.tiktok.com/embed/@moonshinelyricsl?lang=en&embedFrom=webapp_preview,2026-09-17,not_established_at_cutoff,
acct_ecbfdd00f877b261975b,7352169271856579602,web_user_id,mor9an_m,Mor9an🐕🥗 『VFree』,https://www.tiktok.com/@mor9an_m,2026-09-13T06:24:47.411203+00:00,https://www.tiktok.com/embed/@mor9an_m?lang=en&embedFrom=webapp_preview,2026-09-17,not_established_at_cutoff,
acct_73763cd073352341e1eb,7385567995180909586,web_user_id,morikarei,Morika Rei 💼👾 [graduated],https://www.tiktok.com/@morikarei,2026-09-13T06:24:47.620629+00:00,https://www.tiktok.com/embed/@morikarei?lang=en&embedFrom=webapp_preview,2026-09-17,not_established_at_cutoff,
acct_0587060170d366c35028,7124346781417210907,web_user_id,morinplanet,MoRin (โมริน) 🍉🐇,https://www.tiktok.com/@morinplanet,2026-09-13T06:16:01.899818+00:00,https://www.tiktok.com/embed/@morinplanet?lang=en&embedFrom=webapp_preview,2026-09-17,not_established_at_cutoff,
acct_deb643cd5da3dfc59c39,6839674097815831554,web_user_id,morkeang.exe,morkeang,https://www.tiktok.com/@morkeang.exe,2026-09-13T06:24:47.760258+00:00,https://www.tiktok.com/embed/@morkeang.exe?lang=en&embedFrom=webapp_preview,2026-09-17,not_established_at_cutoff,
acct_68c4b38cf743ddb93d9a,7036152853714994177,web_user_id,mosantxd,MosantXD,https://www.tiktok.com/@mosantxd,2026-09-13T06:16:01.948261+00:00,https://www.tiktok.com/embed/@mosantxd?lang=en&embedFrom=webapp_preview,2026-09-17,not_established_at_cutoff,
acct_f4fb55241e53e123c338,7175073073945953285,web_user_id,mosotaa_vtuber,Mosotaa,https://www.tiktok.com/@mosotaa_vtuber,2026-09-13T06:16:02.046667+00:00,https://www.tiktok.com/embed/@mosotaa_vtuber?lang=en&embedFrom=webapp_preview,2026-09-17,not_established_at_cutoff,
acct_d5eec253f13eceba58bb,6821365214596858881,web_user_id,mthicha,thicha vtuber,https://www.tiktok.com/@mthicha,2026-09-13T06:16:02.202291+00:00,https://www.tiktok.com/embed/@mthicha?lang=en&embedFrom=webapp_preview,2026-09-17,not_established_at_cutoff,
acct_60b66ddc97bc49b7896a,7303892185760547845,web_user_id,mu_ziika,Ziika ｡°,https://www.tiktok.com/@mu_ziika,2026-09-13T06:24:47.932414+00:00,https://www.tiktok.com/embed/@mu_ziika?lang=en&embedFrom=webapp_preview,2026-09-17,not_established_at_cutoff,
acct_b20f1da313b356067af8,7482355983713960978,web_user_id,muendair_slr,Byte001_SLR,https://www.tiktok.com/@muendair_slr,2026-09-16T14:49:21+00:00,https://x.com/Byte001_SLR,2026-09-17,not_established_at_cutoff,
acct_f56e378c97ad070346e8,7293489889252066322,web_user_id,mumumoomoov,mumumoomoo,https://www.tiktok.com/@mumumoomoov,2026-09-13T06:31:21.079754+00:00,https://www.tiktok.com/embed/@mumumoomoov?lang=en&embedFrom=webapp_preview,2026-09-17,not_established_at_cutoff,
acct_a847a9fdaaaf0e9fcf69,7044327198321378305,web_user_id,mung_ming_vber,MUNG MING VBer,https://www.tiktok.com/@mung_ming_vber,2026-09-13T06:31:21.082918+00:00,https://www.tiktok.com/embed/@mung_ming_vber?lang=en&embedFrom=webapp_preview,2026-09-17,not_established_at_cutoff,
acct_0f76131e3a8ea40d6c53,7158331363535815685,web_user_id,murkiel.vtuberth,MURKIEL,https://www.tiktok.com/@murkiel.vtuberth,2026-09-13T06:16:02.281857+00:00,https://www.tiktok.com/embed/@murkiel.vtuberth?lang=en&embedFrom=webapp_preview,2026-09-17,not_established_at_cutoff,
acct_e04da5bddf1fe410e050,7226018538803971078,web_user_id,murkilycalhoun,MurkilyCH.,https://www.tiktok.com/@murkilycalhoun,2026-09-16T14:49:21+00:00,https://x.com/Murkily_Calhoun,2026-09-17,not_established_at_cutoff,
acct_33014e71a6ed6422bf72,7170925380962042907,web_user_id,mycara_melony,Mycara Melony,https://www.tiktok.com/@mycara_melony,2026-09-13T06:16:02.500735+00:00,https://www.tiktok.com/embed/@mycara_melony?lang=en&embedFrom=webapp_preview,2026-09-17,not_established_at_cutoff,
acct_a0894d75ba259201ba49,7556144878330741776,web_user_id,mylah.xch,xMylah.Chx,https://www.tiktok.com/@mylah.xch,2026-09-13T06:24:48.131328+00:00,https://www.tiktok.com/embed/@mylah.xch?lang=en&embedFrom=webapp_preview,2026-09-17,not_established_at_cutoff,
acct_26db1231bee4a95e464c,6518643140449452034,web_user_id,mymello0o,Mymello,https://www.tiktok.com/@mymello0o,2026-09-13T06:31:21.088596+00:00,https://www.tiktok.com/embed/@mymello0o?lang=en&embedFrom=webapp_preview,2026-09-17,not_established_at_cutoff,
acct_d420f5d0056ca674a42e,7319177963173528594,web_user_id,myrrhaenchante,Myrrha Enchanté Ch. [Autumnia],https://www.tiktok.com/@myrrhaenchante,2026-09-13T06:24:48.169888+00:00,https://www.tiktok.com/embed/@myrrhaenchante?lang=en&embedFrom=webapp_preview,2026-09-17,not_established_at_cutoff,
acct_f2f7a4faa145f2f42305,7222996118032253958,web_user_id,mystiexe,mystiexe,https://www.tiktok.com/@mystiexe,2026-09-16T09:29:57+00:00,https://www.youtube.com/channel/UCcM1cUyEXYmm13DgfwXS-oQ,2026-09-17,not_established_at_cutoff,
acct_23f84a11191c0e0cfaf9,7242305064940340229,web_user_id,myxnyxx,myxnyxx,https://www.tiktok.com/@myxnyxx,2026-09-16T09:29:34+00:00,https://www.youtube.com/channel/UCongbtOF4PDmJ-HOXx0jSIQ,2026-09-17,not_established_at_cutoff,
acct_d6ef7af7173e04a523b1,6573990432250085377,web_user_id,n0kktt,Nokk,https://www.tiktok.com/@n0kktt,2026-09-13T06:24:48.251604+00:00,https://www.tiktok.com/embed/@n0kktt?lang=en&embedFrom=webapp_preview,2026-09-17,not_established_at_cutoff,
acct_a8bd3827b6342e41a748,7561811020483757074,web_user_id,n4iki54,n4iki54,https://www.tiktok.com/@n4iki54,2026-09-13T06:24:48.383900+00:00,https://www.tiktok.com/embed/@n4iki54?lang=en&embedFrom=webapp_preview,2026-09-17,not_established_at_cutoff,
acct_0d3e8a78e48b439afc8b,6973250939877606402,web_user_id,naenyanz,นาเอะเนี๊ยน,https://www.tiktok.com/@naenyanz,2026-09-13T06:31:21.474800+00:00,https://www.tiktok.com/embed/@naenyanz?lang=en&embedFrom=webapp_preview,2026-09-17,not_established_at_cutoff,
acct_30d1a8daf5b37e84f395,7593840996229186567,web_user_id,nagi.idol.official,Nagi.Idol.official,https://www.tiktok.com/@nagi.idol.official,2026-09-13T06:16:02.772974+00:00,https://www.tiktok.com/embed/@nagi.idol.official?lang=en&embedFrom=webapp_preview,2026-09-17,not_established_at_cutoff,
acct_ac4eafe35ee0e786103c,7545766546150622225,web_user_id,nagirin_res,Nagirin 【RE:S】,https://www.tiktok.com/@nagirin_res,2026-09-13T06:24:48.434929+00:00,https://www.tiktok.com/embed/@nagirin_res?lang=en&embedFrom=webapp_preview,2026-09-17,not_established_at_cutoff,
acct_c5910e218501b26dc20c,7499741228436341778,web_user_id,nagumoiscooler,นากุโม้ เมฆขี้โม้,https://www.tiktok.com/@nagumoiscooler,2026-09-13T06:24:48.838343+00:00,https://www.tiktok.com/embed/@nagumoiscooler?lang=en&embedFrom=webapp_preview,2026-09-17,not_established_at_cutoff,
acct_43d12aae8fcb482eaa97,7632377480767554561,web_user_id,nagumoiscoolvt,Nagumo Vtuber ⛈️,https://www.tiktok.com/@nagumoiscoolvt,2026-09-13T06:24:48.960653+00:00,https://www.tiktok.com/embed/@nagumoiscoolvt?lang=en&embedFrom=webapp_preview,2026-09-17,not_established_at_cutoff,
acct_4b814b46c6245b717146,7333533412039083009,web_user_id,nakirikuch,NakiRiku Ch.,https://www.tiktok.com/@nakirikuch,2026-09-13T06:24:49.053421+00:00,https://www.tiktok.com/embed/@nakirikuch?lang=en&embedFrom=webapp_preview,2026-09-17,not_established_at_cutoff,
acct_80f0fab8706c645b7202,7562610812871951392,web_user_id,nammy553,Badiala Sissoko,https://www.tiktok.com/@nammy553,2026-09-13T06:24:49.085684+00:00,https://www.tiktok.com/embed/@nammy553?lang=en&embedFrom=webapp_preview,2026-09-17,not_established_at_cutoff,
acct_c548886698d1df88ab1e,7406244759675864071,web_user_id,nanako_slr,Nanako_SLR,https://www.tiktok.com/@nanako_slr,2026-09-13T06:24:49.226186+00:00,https://www.tiktok.com/embed/@nanako_slr?lang=en&embedFrom=webapp_preview,2026-09-17,not_established_at_cutoff,
acct_e9973d38100d5c21367f,7046305373728998401,web_user_id,nanantown,Nana NTOWN,https://www.tiktok.com/@nanantown,2026-09-13T06:16:02.784632+00:00,https://www.tiktok.com/embed/@nanantown?lang=en&embedFrom=webapp_preview,2026-09-17,not_established_at_cutoff,
acct_ebb3ced576f93b9ebaa7,7126098632487224325,web_user_id,naninochannel,นานิโน | วาเนล (VxN),https://www.tiktok.com/@naninochannel,2026-09-13T06:24:49.232159+00:00,https://www.tiktok.com/embed/@naninochannel?lang=en&embedFrom=webapp_preview,2026-09-17,not_established_at_cutoff,
acct_31f5ef3a8767ab938754,7288385052035286021,web_user_id,nanoca_vt,Nanoca ㌨ｶ 👹🍣 | VtuberTH,https://www.tiktok.com/@nanoca_vt,2026-09-13T06:31:21.751564+00:00,https://www.tiktok.com/embed/@nanoca_vt?lang=en&embedFrom=webapp_preview,2026-09-17,not_established_at_cutoff,
acct_4923a6b16ea7211453de,7299040208358573063,web_user_id,nanozero0,NANOZERO,https://www.tiktok.com/@nanozero0,2026-09-13T06:31:21.827773+00:00,https://www.tiktok.com/embed/@nanozero0?lang=en&embedFrom=webapp_preview,2026-09-17,not_established_at_cutoff,
acct_3289fbfb3673066991f0,7159524281202295814,web_user_id,nao_mukutsuki,Nao Mukutsuki,https://www.tiktok.com/@nao_mukutsuki,2026-09-13T06:16:02.878474+00:00,https://www.tiktok.com/embed/@nao_mukutsuki?lang=en&embedFrom=webapp_preview,2026-09-17,not_established_at_cutoff,
acct_66effe3ce2600d6282fa,7608519499542152209,web_user_id,naokireiii,NAOKIREI,https://www.tiktok.com/@naokireiii,2026-09-13T06:31:21.862448+00:00,https://www.tiktok.com/embed/@naokireiii?lang=en&embedFrom=webapp_preview,2026-09-17,not_established_at_cutoff,
acct_3df4ceaa534ea1f56700,7155115684816880666,web_user_id,narelle_fixixvt,Narelle_FIXIXVT,https://www.tiktok.com/@narelle_fixixvt,2026-09-13T06:16:03.059467+00:00,https://www.tiktok.com/embed/@narelle_fixixvt?lang=en&embedFrom=webapp_preview,2026-09-17,not_established_at_cutoff,
acct_792f2bbfcae5bf74c79a,7601477343472124948,web_user_id,narufay,NaruFay,https://www.tiktok.com/@narufay,2026-09-13T06:24:49.618361+00:00,https://www.tiktok.com/embed/@narufay?lang=en&embedFrom=webapp_preview,2026-09-17,not_established_at_cutoff,
acct_9be65c0b413814977b86,7091586712044323845,web_user_id,natach_th,natach_th,https://www.tiktok.com/@natach_th,2026-09-13T06:16:03.069865+00:00,https://www.tiktok.com/embed/@natach_th?lang=en&embedFrom=webapp_preview,2026-09-17,not_established_at_cutoff,
acct_19ac5a6cd25b6765a761,7361352282213024776,web_user_id,natalia_cpj,Natalia Gáta『Cupity』,https://www.tiktok.com/@natalia_cpj,2026-09-13T06:31:21.914273+00:00,https://www.tiktok.com/embed/@natalia_cpj?lang=en&embedFrom=webapp_preview,2026-09-17,not_established_at_cutoff,
acct_d6f2ef5fe0bd1d9ac1d8,7367866702917633032,web_user_id,natchalatteofficial,NatchaLatte Official,https://www.tiktok.com/@natchalatteofficial,2026-09-13T06:24:49.646925+00:00,https://www.tiktok.com/embed/@natchalatteofficial?lang=en&embedFrom=webapp_preview,2026-09-17,not_established_at_cutoff,
acct_d25dc9f97cbcdbf7fe5d,7295783680252347397,web_user_id,navia_whalevtuber,Navia Whale,https://www.tiktok.com/@navia_whalevtuber,2026-09-13T06:16:03.574994+00:00,https://www.tiktok.com/embed/@navia_whalevtuber?lang=en&embedFrom=webapp_preview,2026-09-17,not_established_at_cutoff,
acct_5d8910c2fbfe2988c47a,7330605727130256385,web_user_id,navylucifervwy,navylucifervwy,https://www.tiktok.com/@navylucifervwy,2026-09-13T06:24:49.811025+00:00,https://www.tiktok.com/embed/@navylucifervwy?lang=en&embedFrom=webapp_preview,2026-09-17,not_established_at_cutoff,
acct_4bdf179438ea2740c0a4,7360143150352204818,web_user_id,nebuel.wis,NEBUEL☄️DE-PHANTOM | WIS,https://www.tiktok.com/@nebuel.wis,2026-09-13T06:24:49.910630+00:00,https://www.tiktok.com/embed/@nebuel.wis?lang=en&embedFrom=webapp_preview,2026-09-17,not_established_at_cutoff,
acct_d0c1672df25ab097cfc7,7337299300734993414,web_user_id,nebulafaragonda,Nebula Faragonda 🍄🦋,https://www.tiktok.com/@nebulafaragonda,2026-09-13T06:24:50.020226+00:00,https://www.tiktok.com/embed/@nebulafaragonda?lang=en&embedFrom=webapp_preview,2026-09-17,not_established_at_cutoff,
acct_5cbf28e954eaf6a6ae58,7277433753126323202,web_user_id,nemurinemuzzz,Nemuri Nemu,https://www.tiktok.com/@nemurinemuzzz,2026-09-13T06:31:22.151723+00:00,https://www.tiktok.com/embed/@nemurinemuzzz?lang=en&embedFrom=webapp_preview,2026-09-17,not_established_at_cutoff,
acct_d6f82eff6169ecc26ba8,7135337313182630938,web_user_id,nezumi_elze,nezumi_elze,https://www.tiktok.com/@nezumi_elze,2026-09-13T06:16:03.763251+00:00,https://www.tiktok.com/embed/@nezumi_elze?lang=en&embedFrom=webapp_preview,2026-09-17,not_established_at_cutoff,
acct_917851827ffb0d843b90,6972839236068574210,web_user_id,nezumiakai,AKAI CH [ECR],https://www.tiktok.com/@nezumiakai,2026-09-13T06:31:22.511653+00:00,https://www.tiktok.com/embed/@nezumiakai?lang=en&embedFrom=webapp_preview,2026-09-17,not_established_at_cutoff,
acct_7739a150c4c50bf3b8df,7288055327080629253,web_user_id,ngern_tong,Ngerntong-เงินทอง,https://www.tiktok.com/@ngern_tong,2026-09-13T06:16:03.782825+00:00,https://www.tiktok.com/embed/@ngern_tong?lang=en&embedFrom=webapp_preview,2026-09-17,not_established_at_cutoff,
acct_ae7be1fb82bc697d2376,7476438360148411393,web_user_id,nicha_ssr,NICHA🩹💕【SSR】,https://www.tiktok.com/@nicha_ssr,2026-09-13T06:24:50.053443+00:00,https://www.tiktok.com/embed/@nicha_ssr?lang=en&embedFrom=webapp_preview,2026-09-17,not_established_at_cutoff,
acct_34d5a9ee88653fd7cc72,7243890887040877574,web_user_id,nicole_blank00,์Nicole BLANK,https://www.tiktok.com/@nicole_blank00,2026-09-13T06:16:03.895443+00:00,https://www.tiktok.com/embed/@nicole_blank00?lang=en&embedFrom=webapp_preview,2026-09-17,not_established_at_cutoff,
acct_fdd821b3929b5ddbec37,6972188023371416578,web_user_id,niewlock,Niewlock,https://www.tiktok.com/@niewlock,2026-09-13T06:24:50.381801+00:00,https://www.tiktok.com/embed/@niewlock?lang=en&embedFrom=webapp_preview,2026-09-17,not_established_at_cutoff,
acct_20129a0fbfe622cc2732,7048265328802939931,web_user_id,niewlocker,Niewlocker,https://www.tiktok.com/@niewlocker,2026-09-13T06:24:50.404399+00:00,https://www.tiktok.com/embed/@niewlocker?lang=en&embedFrom=webapp_preview,2026-09-17,not_established_at_cutoff,
acct_df40aa5563395397b956,7163522732734071809,web_user_id,nightnightpngtuber,Nightไน้ 🩵🤍,https://www.tiktok.com/@nightnightpngtuber,2026-09-13T06:24:50.407066+00:00,https://www.tiktok.com/embed/@nightnightpngtuber?lang=en&embedFrom=webapp_preview,2026-09-17,not_established_at_cutoff,
acct_810f0e1edcac5463002e,7463191452266316808,web_user_id,nirvana_arp,Nirvana_arp,https://www.tiktok.com/@nirvana_arp,2026-09-13T06:16:03.931554+00:00,https://www.tiktok.com/embed/@nirvana_arp?lang=en&embedFrom=webapp_preview,2026-09-17,not_established_at_cutoff,
acct_faf91896c1fd63d93ac2,7415089898439443473,web_user_id,nkiookami,Nkioo ch.(Natsuki ookami),https://www.tiktok.com/@nkiookami,2026-09-13T06:31:22.560180+00:00,https://www.tiktok.com/embed/@nkiookami?lang=en&embedFrom=webapp_preview,2026-09-17,not_established_at_cutoff,
acct_009247b141b4954201e5,7193199636826571782,web_user_id,nneviris,nneviris_ตัวจริง,https://www.tiktok.com/@nneviris,2026-09-13T06:16:04.286400+00:00,https://www.tiktok.com/embed/@nneviris?lang=en&embedFrom=webapp_preview,2026-09-17,not_established_at_cutoff,
acct_3f6989fbfe1417b119bf,7040029263550415874,web_user_id,noa_noaris,NoA Noaris,https://www.tiktok.com/@noa_noaris,2026-09-13T06:24:50.674202+00:00,https://www.tiktok.com/embed/@noa_noaris?lang=en&embedFrom=webapp_preview,2026-09-17,not_established_at_cutoff,
acct_c074cf158a7937495374,7260428535172629509,web_user_id,noeluc_,Noeluc,https://www.tiktok.com/@noeluc_,2026-09-13T06:24:50.724432+00:00,https://www.tiktok.com/embed/@noeluc_?lang=en&embedFrom=webapp_preview,2026-09-17,not_established_at_cutoff,
acct_b1c8cf9a03346a8f14c2,7120637759895864347,web_user_id,nogibynagi,Nogi Sensei,https://www.tiktok.com/@nogibynagi,2026-09-13T06:24:50.759951+00:00,https://www.tiktok.com/embed/@nogibynagi?lang=en&embedFrom=webapp_preview,2026-09-17,not_established_at_cutoff,
acct_0e99660ecef913595963,7251810291502154758,web_user_id,noir_a._vtuber,Noir A. - Vtuber,https://www.tiktok.com/@noir_a._vtuber,2026-09-13T06:31:22.652287+00:00,https://www.tiktok.com/embed/@noir_a._vtuber?lang=en&embedFrom=webapp_preview,2026-09-17,not_established_at_cutoff,
acct_605d5962665c5d03688e,6697352520182236166,web_user_id,nolerdk,NolerDK,https://www.tiktok.com/@nolerdk,2026-09-13T06:24:51.110618+00:00,https://www.tiktok.com/embed/@nolerdk?lang=en&embedFrom=webapp_preview,2026-09-17,not_established_at_cutoff,
acct_297c7014bdef00444bde,6741887676301050881,web_user_id,nongfield_0,น้องฟิวล์แมวฟ้าติดเกม,https://www.tiktok.com/@nongfield_0,2026-09-13T06:24:51.151941+00:00,https://www.tiktok.com/embed/@nongfield_0?lang=en&embedFrom=webapp_preview,2026-09-17,not_established_at_cutoff,
acct_917172f560ef0bfbcd4e,7236046781456122885,web_user_id,nonghanging,ที อยากลองเล่นเกมมาก,https://www.tiktok.com/@nonghanging,2026-09-13T06:31:22.672771+00:00,https://www.tiktok.com/embed/@nonghanging?lang=en&embedFrom=webapp_preview,2026-09-17,not_established_at_cutoff,
acct_be451df1b698cc95c570,7144306118754468870,web_user_id,nonghongv,Nonghong,https://www.tiktok.com/@nonghongv,2026-09-13T06:24:51.158981+00:00,https://www.tiktok.com/embed/@nonghongv?lang=en&embedFrom=webapp_preview,2026-09-17,not_established_at_cutoff,
acct_1b470202e7f47c4c41a3,7189596750495417370,web_user_id,nongmamuang_vtuber,น้องมะม่วง TV,https://www.tiktok.com/@nongmamuang_vtuber,2026-09-13T06:16:04.561079+00:00,https://www.tiktok.com/embed/@nongmamuang_vtuber?lang=en&embedFrom=webapp_preview,2026-09-17,not_established_at_cutoff,
acct_1be47abecf719d0c3eed,6861513772365136897,web_user_id,nongwantv_,Nongwan TV,https://www.tiktok.com/@nongwantv_,2026-09-13T06:16:04.670849+00:00,https://www.tiktok.com/embed/@nongwantv_?lang=en&embedFrom=webapp_preview,2026-09-17,not_established_at_cutoff,
acct_a2e5f4f08e6475308a65,7533388508415050760,web_user_id,nonokochika,Chika🍀🩷,https://www.tiktok.com/@nonokochika,2026-09-13T06:24:51.323871+00:00,https://www.tiktok.com/embed/@nonokochika?lang=en&embedFrom=webapp_preview,2026-09-17,not_established_at_cutoff,
acct_b48cb6eb884f8a4308c7,7359990074992346117,web_user_id,nora_vanadiz,Nora Vanadiz「univirsual」,https://www.tiktok.com/@nora_vanadiz,2026-09-13T06:24:51.435756+00:00,https://www.tiktok.com/embed/@nora_vanadiz?lang=en&embedFrom=webapp_preview,2026-09-17,not_established_at_cutoff,
acct_bbeb376b16774946c554,7259890345646572549,web_user_id,norimaki_jac,Norimaki 🖤,https://www.tiktok.com/@norimaki_jac,2026-09-13T06:16:04.762696+00:00,https://www.tiktok.com/embed/@norimaki_jac?lang=en&embedFrom=webapp_preview,2026-09-17,not_established_at_cutoff,
acct_9a656bdc50d1875f154f,6953043987701187585,web_user_id,nosomi_ray,Nosomi_Ray,https://www.tiktok.com/@nosomi_ray,2026-09-13T06:31:22.743219+00:00,https://www.tiktok.com/embed/@nosomi_ray?lang=en&embedFrom=webapp_preview,2026-09-17,not_established_at_cutoff,
acct_0ab882b50f23f1ef6d06,7500977142945055751,web_user_id,notaki_ch,Notaki Kazaki,https://www.tiktok.com/@notaki_ch,2026-09-13T06:24:51.450477+00:00,https://www.tiktok.com/embed/@notaki_ch?lang=en&embedFrom=webapp_preview,2026-09-17,not_established_at_cutoff,
acct_c794a516d87d2255e12d,7521810458904593426,web_user_id,nuttyroze,นัตตี้โรจี้🌤️,https://www.tiktok.com/@nuttyroze,2026-09-13T06:24:51.859896+00:00,https://www.tiktok.com/embed/@nuttyroze?lang=en&embedFrom=webapp_preview,2026-09-17,not_established_at_cutoff,
acct_7ceb2311af2402f7db73,7070474092428149762,web_user_id,nyamaruyui,Nyamaru Yui,https://www.tiktok.com/@nyamaruyui,2026-09-13T06:24:51.924020+00:00,https://www.tiktok.com/embed/@nyamaruyui?lang=en&embedFrom=webapp_preview,2026-09-17,not_established_at_cutoff,
acct_e6dcec009b8743c5e0b1,7657912738338145300,web_user_id,nyamaruyui_v2,nyamaruyui_v2,https://www.tiktok.com/@nyamaruyui_v2,2026-09-16T09:35:23+00:00,https://www.youtube.com/channel/UCtI52RQ3VagjRMERxov_OxA,2026-09-17,not_established_at_cutoff,
acct_c25671b2bc8888b7fac2,7281962587976778757,web_user_id,nyeeeon_vt,Nyeeeon,https://www.tiktok.com/@nyeeeon_vt,2026-09-13T06:16:04.990874+00:00,https://www.tiktok.com/embed/@nyeeeon_vt?lang=en&embedFrom=webapp_preview,2026-09-17,not_established_at_cutoff,
acct_ac1f19e5ad01cdf7f1df,7466359882813096967,web_user_id,oatsukaresan,oatsukaresan,https://www.tiktok.com/@oatsukaresan,2026-09-16T09:29:52+00:00,https://www.youtube.com/channel/UCfaZG-sf7NrY3RBmoHBSOcg,2026-09-17,not_established_at_cutoff,
acct_2bd050c29158e7165d02,7273344833648002054,web_user_id,ocianafala,Ociana Fala Ch,https://www.tiktok.com/@ocianafala,2026-09-13T06:16:05.129711+00:00,https://www.tiktok.com/embed/@ocianafala?lang=en&embedFrom=webapp_preview,2026-09-17,not_established_at_cutoff,
acct_36f910380a9663f13651,7239273346332066822,web_user_id,odiarech,OdiareCh,https://www.tiktok.com/@odiarech,2026-09-13T06:24:51.926749+00:00,https://www.tiktok.com/embed/@odiarech?lang=en&embedFrom=webapp_preview,2026-09-17,not_established_at_cutoff,
acct_f2c8720a95d2cb57fa9b,6677773362826363906,web_user_id,okami.bwt,Okami/bwt,https://www.tiktok.com/@okami.bwt,2026-09-13T06:16:05.171898+00:00,https://www.tiktok.com/embed/@okami.bwt?lang=en&embedFrom=webapp_preview,2026-09-17,not_established_at_cutoff,
acct_63936250bd7dd4a80cdc,7252412392280605702,web_user_id,okami.hito,Okami Hito,https://www.tiktok.com/@okami.hito,2026-09-13T06:24:52.155545+00:00,https://www.tiktok.com/embed/@okami.hito?lang=en&embedFrom=webapp_preview,2026-09-17,not_established_at_cutoff,
acct_3c6cf5efaf78586aee8d,7142752817890870278,web_user_id,okami_takuma,Okami Takuma Ch.,https://www.tiktok.com/@okami_takuma,2026-09-13T06:31:23.290515+00:00,https://www.tiktok.com/embed/@okami_takuma?lang=en&embedFrom=webapp_preview,2026-09-17,not_established_at_cutoff,
acct_d66380429667d848e7c4,7377010397352248327,web_user_id,okitoy112,OkiChinaToy,https://www.tiktok.com/@okitoy112,2026-09-13T06:24:52.163431+00:00,https://www.tiktok.com/embed/@okitoy112?lang=en&embedFrom=webapp_preview,2026-09-17,not_established_at_cutoff,
acct_c9406726b18dd23ab951,7131607534007501829,web_user_id,oldmanazazel,oldmanazazel,https://www.tiktok.com/@oldmanazazel,2026-09-16T09:30:00+00:00,https://www.youtube.com/channel/UCbwvKxA5KSud4jcaD5g5ukQ,2026-09-17,not_established_at_cutoff,
acct_4fa587d533fec1c42dab,7330883028892206098,web_user_id,oncealive.project,Once A Live,https://www.tiktok.com/@oncealive.project,2026-09-13T06:16:05.327068+00:00,https://www.tiktok.com/embed/@oncealive.project?lang=en&embedFrom=webapp_preview,2026-09-17,not_established_at_cutoff,
acct_f4f7e6d305975fd542de,7242672441725436933,web_user_id,onishinkim03,onishinkim03,https://www.tiktok.com/@onishinkim03,2026-09-13T06:16:05.636384+00:00,https://www.tiktok.com/embed/@onishinkim03?lang=en&embedFrom=webapp_preview,2026-09-17,not_established_at_cutoff,
acct_840f583e302fd1f71698,7079085734113068058,web_user_id,onomilvt,onomil,https://www.tiktok.com/@onomilvt,2026-09-13T06:16:05.669646+00:00,https://www.tiktok.com/embed/@onomilvt?lang=en&embedFrom=webapp_preview,2026-09-17,not_established_at_cutoff,
acct_cfea0c8785c8a41495b4,7238576208693707781,web_user_id,orenjidaichi,daichi.,https://www.tiktok.com/@orenjidaichi,2026-09-13T06:16:05.746936+00:00,https://www.tiktok.com/embed/@orenjidaichi?lang=en&embedFrom=webapp_preview,2026-09-17,not_established_at_cutoff,
acct_1e1bdd3b3770140cc9a0,7603330290492294152,web_user_id,orinnia_vt,orinเมี๋ยว,https://www.tiktok.com/@orinnia_vt,2026-09-13T06:24:52.417893+00:00,https://www.tiktok.com/embed/@orinnia_vt?lang=en&embedFrom=webapp_preview,2026-09-17,not_established_at_cutoff,
acct_db819222ab249d2ef19e,7311451919981184001,web_user_id,ozayao,ศจอม,https://www.tiktok.com/@ozayao,2026-09-13T06:16:05.804252+00:00,https://www.tiktok.com/embed/@ozayao?lang=en&embedFrom=webapp_preview,2026-09-17,not_established_at_cutoff,
acct_92938f595aa5ea54d164,7072813835544249370,web_user_id,p.ares_spacedog,P.Ares_Spacedog『Berlina•ECR』,https://www.tiktok.com/@p.ares_spacedog,2026-09-13T06:16:05.935759+00:00,https://www.tiktok.com/embed/@p.ares_spacedog?lang=en&embedFrom=webapp_preview,2026-09-17,not_established_at_cutoff,
acct_65b04e53fe16d4118414,7578093865119974421,web_user_id,p2o4n2,PPoooonn Ch.,https://www.tiktok.com/@p2o4n2,2026-09-13T06:31:23.358554+00:00,https://www.tiktok.com/embed/@p2o4n2?lang=en&embedFrom=webapp_preview,2026-09-17,not_established_at_cutoff,
acct_9792a7cbb653af757398,7559894991800484876,web_user_id,pamberrych,Pamberry,https://www.tiktok.com/@pamberrych,2026-09-13T06:24:52.712811+00:00,https://www.tiktok.com/embed/@pamberrych?lang=en&embedFrom=webapp_preview,2026-09-17,not_established_at_cutoff,
acct_6106a15ad68daca1ec6c,6714169600009683970,web_user_id,pandasensi_ttv,🐼PandaSensiVT,https://www.tiktok.com/@pandasensi_ttv,2026-09-13T06:16:06.329233+00:00,https://www.tiktok.com/embed/@pandasensi_ttv?lang=en&embedFrom=webapp_preview,2026-09-17,not_established_at_cutoff,
acct_f8eaf1dd522605b0e3a4,7061195032276435970,web_user_id,peace_vtuber,ม๋าพีชดำขาวอะ,https://www.tiktok.com/@peace_vtuber,2026-09-13T06:16:06.384281+00:00,https://www.tiktok.com/embed/@peace_vtuber?lang=en&embedFrom=webapp_preview,2026-09-17,not_established_at_cutoff,
acct_3c47b8154f8dcd0fc6b6,6915251910409962498,web_user_id,peacherem,ผู้พิทักษ์แมวส้ม,https://www.tiktok.com/@peacherem,2026-09-13T06:16:06.398235+00:00,https://www.tiktok.com/embed/@peacherem?lang=en&embedFrom=webapp_preview,2026-09-17,not_established_at_cutoff,
acct_fb145f261dd382879741,7468628003867198471,web_user_id,pekorinssr,เปโกะริน ลาบเป็ด,https://www.tiktok.com/@pekorinssr,2026-09-13T06:24:52.796067+00:00,https://www.tiktok.com/embed/@pekorinssr?lang=en&embedFrom=webapp_preview,2026-09-17,not_established_at_cutoff,
acct_4185d04803719faa9494,6900424301003244545,web_user_id,pennypenepink,Penelope Pink,https://www.tiktok.com/@pennypenepink,2026-09-13T06:16:06.506879+00:00,https://www.tiktok.com/embed/@pennypenepink?lang=en&embedFrom=webapp_preview,2026-09-17,not_established_at_cutoff,
acct_48af4d66a313c03ff72a,7254914335318066181,web_user_id,phelita_epr,phelita_epr,https://www.tiktok.com/@phelita_epr,2026-09-13T06:16:06.623171+00:00,https://www.tiktok.com/embed/@phelita_epr?lang=en&embedFrom=webapp_preview,2026-09-17,not_established_at_cutoff,
acct_38244147916c73feaf95,7459709804727927816,web_user_id,phoebebuddyvz,เด็กชายพีบีตัวจิง,https://www.tiktok.com/@phoebebuddyvz,2026-09-13T06:31:23.430604+00:00,https://www.tiktok.com/embed/@phoebebuddyvz?lang=en&embedFrom=webapp_preview,2026-09-17,not_established_at_cutoff,
acct_bcdf5befe6ef7602309e,7072025803198268443,web_user_id,phumarine_phuma,Phumarine Phuma,https://www.tiktok.com/@phumarine_phuma,2026-09-13T06:16:07.046746+00:00,https://www.tiktok.com/embed/@phumarine_phuma?lang=en&embedFrom=webapp_preview,2026-09-17,not_established_at_cutoff,
acct_c1a8f7cb1ce875e550c2,7329883363895133185,web_user_id,pimkishy,Pimkishy,https://www.tiktok.com/@pimkishy,2026-09-13T06:24:52.990319+00:00,https://www.tiktok.com/embed/@pimkishy?lang=en&embedFrom=webapp_preview,2026-09-17,not_established_at_cutoff,
acct_54ed5e2f3d3688b073b5,7492827114996089872,web_user_id,pingpingko_,PINGPINGKO【REC】🐰🧪,https://www.tiktok.com/@pingpingko_,2026-09-13T06:24:53.182947+00:00,https://www.tiktok.com/embed/@pingpingko_?lang=en&embedFrom=webapp_preview,2026-09-17,not_established_at_cutoff,
acct_b1cabb7b9d29524ca0fc,7294672247574135814,web_user_id,pingpunuwu,pingpunuwu,https://www.tiktok.com/@pingpunuwu,2026-09-13T06:24:53.266424+00:00,https://www.tiktok.com/embed/@pingpunuwu?lang=en&embedFrom=webapp_preview,2026-09-17,not_established_at_cutoff,
acct_edcd153b6d4b3de85274,7561466007206757383,web_user_id,piura_pinoumi,Piura,https://www.tiktok.com/@piura_pinoumi,2026-09-13T06:24:53.455135+00:00,https://www.tiktok.com/embed/@piura_pinoumi?lang=en&embedFrom=webapp_preview,2026-09-17,not_established_at_cutoff,
acct_c5b38079ea40511ed9d9,7539124037852791809,web_user_id,platinumrw,platinumrw,https://www.tiktok.com/@platinumrw,2026-09-16T09:30:38+00:00,https://www.youtube.com/channel/UCc6ilVu6_FK9y_9qMMh4WMQ,2026-09-17,not_established_at_cutoff,
acct_380a9a78a994f6c6854e,6994368183004660737,web_user_id,pleiades_frontier,Pleiades Frontier,https://www.tiktok.com/@pleiades_frontier,2026-09-13T06:24:53.701832+00:00,https://www.tiktok.com/embed/@pleiades_frontier?lang=en&embedFrom=webapp_preview,2026-09-17,not_established_at_cutoff,
acct_5396b89d4600283ffe25,7431456703004148743,web_user_id,plglucene,Mona Lucene🌜,https://www.tiktok.com/@plglucene,2026-09-13T06:24:53.848317+00:00,https://www.tiktok.com/embed/@plglucene?lang=en&embedFrom=webapp_preview,2026-09-17,not_established_at_cutoff,
acct_16d8a5354419fb9e0bd8,7136801899056366619,web_user_id,pochiim0,pochiimo,https://www.tiktok.com/@pochiim0,2026-09-13T06:31:23.468091+00:00,https://www.tiktok.com/embed/@pochiim0?lang=en&embedFrom=webapp_preview,2026-09-17,not_established_at_cutoff,
acct_1c4abfdd804975bc96f6,7525803501357220872,web_user_id,poko_vtuber,โป๊ะโกะ(poko)_ปลวกทูปเบ๋อ,https://www.tiktok.com/@poko_vtuber,2026-09-13T06:24:53.862746+00:00,https://www.tiktok.com/embed/@poko_vtuber?lang=en&embedFrom=webapp_preview,2026-09-17,not_established_at_cutoff,
acct_0e65b47b1982ac69ee93,7264050055010452486,web_user_id,polin3047,PoLin3047,https://www.tiktok.com/@polin3047,2026-09-13T06:24:53.902343+00:00,https://www.tiktok.com/embed/@polin3047?lang=en&embedFrom=webapp_preview,2026-09-17,not_established_at_cutoff,
acct_730845a3ca02df0726bf,7375114332344861703,web_user_id,pondchanchvtuberth,PondChan CH,https://www.tiktok.com/@pondchanchvtuberth,2026-09-13T06:24:54.055562+00:00,https://www.tiktok.com/embed/@pondchanchvtuberth?lang=en&embedFrom=webapp_preview,2026-09-17,not_established_at_cutoff,
acct_f60c4dc9dc020e8d73c9,6943249167343485954,web_user_id,ponpundayo,Ponpun,https://www.tiktok.com/@ponpundayo,2026-09-13T06:24:54.324606+00:00,https://www.tiktok.com/embed/@ponpundayo?lang=en&embedFrom=webapp_preview,2026-09-17,not_established_at_cutoff,
acct_0198f4b534994876358d,7033735796301530113,web_user_id,poppythepuppy_vtuber,จอมหมาร,https://www.tiktok.com/@poppythepuppy_vtuber,2026-09-13T06:24:54.542226+00:00,https://www.tiktok.com/embed/@poppythepuppy_vtuber?lang=en&embedFrom=webapp_preview,2026-09-17,not_established_at_cutoff,
acct_64f0734f346e0c46bb45,7579286459296105490,web_user_id,porchordev,PorChorDev,https://www.tiktok.com/@porchordev,2026-09-13T06:31:23.471534+00:00,https://www.tiktok.com/embed/@porchordev?lang=en&embedFrom=webapp_preview,2026-09-17,not_established_at_cutoff,
acct_4a8bbc25c06b060403f2,7306923158769353730,web_user_id,poru_arp,Poru ARP,https://www.tiktok.com/@poru_arp,2026-09-13T06:16:07.094933+00:00,https://www.tiktok.com/embed/@poru_arp?lang=en&embedFrom=webapp_preview,2026-09-17,not_established_at_cutoff,
acct_2d13c36b8df1ffa8d17c,7085549029807227905,web_user_id,poychanart,PoychanArt,https://www.tiktok.com/@poychanart,2026-09-13T06:31:23.559411+00:00,https://www.tiktok.com/embed/@poychanart?lang=en&embedFrom=webapp_preview,2026-09-17,not_established_at_cutoff,
acct_ca7c9b800ce729efffe6,7043257801954853890,web_user_id,pprincess_devil,PPrincess_devil,https://www.tiktok.com/@pprincess_devil,2026-09-13T06:16:07.126432+00:00,https://www.tiktok.com/embed/@pprincess_devil?lang=en&embedFrom=webapp_preview,2026-09-17,not_established_at_cutoff,
acct_cfa16da6713ca3f434dc,7150328562364089350,web_user_id,prapaii_mystery,Prapaii S.【Mystery】,https://www.tiktok.com/@prapaii_mystery,2026-09-13T06:16:07.338196+00:00,https://www.tiktok.com/embed/@prapaii_mystery?lang=en&embedFrom=webapp_preview,2026-09-17,not_established_at_cutoff,
acct_accb56f55889ee80eb77,7284621405759980546,web_user_id,princess_miuhime,MiuHime,https://www.tiktok.com/@princess_miuhime,2026-09-13T06:31:23.961898+00:00,https://www.tiktok.com/embed/@princess_miuhime?lang=en&embedFrom=webapp_preview,2026-09-17,not_established_at_cutoff,
acct_3aa22122c5ed36f46a5c,7467460281317737480,web_user_id,project_c.vz,Project C,https://www.tiktok.com/@project_c.vz,2026-09-13T06:24:54.610773+00:00,https://www.tiktok.com/embed/@project_c.vz?lang=en&embedFrom=webapp_preview,2026-09-17,not_established_at_cutoff,
acct_416c2ba7b4b24bbb1b0a,7273172659742917638,web_user_id,puffyvtuber_,Puffy Fluffy,https://www.tiktok.com/@puffyvtuber_,2026-09-13T06:24:54.622029+00:00,https://www.tiktok.com/embed/@puffyvtuber_?lang=en&embedFrom=webapp_preview,2026-09-17,not_established_at_cutoff,
acct_f62a55fcbc9b423dfeea,7200977859660399642,web_user_id,puipuimemory,Puipui Memory,https://www.tiktok.com/@puipuimemory,2026-09-13T06:24:54.957381+00:00,https://www.tiktok.com/embed/@puipuimemory?lang=en&embedFrom=webapp_preview,2026-09-17,not_established_at_cutoff,
acct_1e365cb9e72583184cbf,7193327919090598938,web_user_id,punquix,พอเอะนอเพ็ญ,https://www.tiktok.com/@punquix,2026-09-13T06:24:55.082148+00:00,https://www.tiktok.com/embed/@punquix?lang=en&embedFrom=webapp_preview,2026-09-17,not_established_at_cutoff,
acct_05358e9a8eb80835271c,7325320315822900226,web_user_id,qmulaz_vt,Qmulaz 🫧☁️,https://www.tiktok.com/@qmulaz_vt,2026-09-13T06:24:55.194373+00:00,https://www.tiktok.com/embed/@qmulaz_vt?lang=en&embedFrom=webapp_preview,2026-09-17,not_established_at_cutoff,
acct_eb98ae4333d97930cd8c,7100200126786077723,web_user_id,queenetta.idg.n,ท่านควีน | Queenetta,https://www.tiktok.com/@queenetta.idg.n,2026-09-13T06:16:07.351001+00:00,https://www.tiktok.com/embed/@queenetta.idg.n?lang=en&embedFrom=webapp_preview,2026-09-17,not_established_at_cutoff,
acct_7cbde723ac5cf5d547a3,7378807786081715208,web_user_id,quentin_arp,Quentin Ch.,https://www.tiktok.com/@quentin_arp,2026-09-13T06:16:07.381637+00:00,https://www.tiktok.com/embed/@quentin_arp?lang=en&embedFrom=webapp_preview,2026-09-17,not_established_at_cutoff,
acct_648653088fb486e93302,7015578676314948610,web_user_id,rafadxd_3dvtuber,rafadxd_3dvtuber,https://www.tiktok.com/@rafadxd_3dvtuber,2026-09-16T09:31:30+00:00,https://www.youtube.com/channel/UCjw7DQp5uNND5qMyyhtOpdQ,2026-09-17,not_established_at_cutoff,
acct_9d0151d65ac30d087d17,7364356121508955143,web_user_id,rafinia_ch,Rafinia_Ch,https://www.tiktok.com/@rafinia_ch,2026-09-13T06:24:55.439748+00:00,https://www.tiktok.com/embed/@rafinia_ch?lang=en&embedFrom=webapp_preview,2026-09-17,not_established_at_cutoff,
acct_4b32e06bc72e3108fe26,7423824972198757383,web_user_id,rahhatem_vtuber,Rahhatem【PSM】,https://www.tiktok.com/@rahhatem_vtuber,2026-09-13T06:16:07.908697+00:00,https://www.tiktok.com/embed/@rahhatem_vtuber?lang=en&embedFrom=webapp_preview,2026-09-17,not_established_at_cutoff,
acct_48147cd314e6a9a73be6,7360960530860114960,web_user_id,railoney.ch,อิส'เรียล,https://www.tiktok.com/@railoney.ch,2026-09-13T06:24:55.468840+00:00,https://www.tiktok.com/embed/@railoney.ch?lang=en&embedFrom=webapp_preview,2026-09-17,not_established_at_cutoff,
acct_a89b92450a97e79d7744,7325718263119627265,web_user_id,rainbows_fukio42,Fukio,https://www.tiktok.com/@rainbows_fukio42,2026-09-16T15:38:46.627996+00:00,https://www.tiktok.com/embed/@rainbows_fukio42?lang=en&embedFrom=webapp_preview,2026-09-17,not_established_at_cutoff,
acct_eb529dc942556cc8b75c,7218211470444889114,web_user_id,rainnimin,เรนนิมิน「レインニミン」|ไลฟ์บ้านแดง,https://www.tiktok.com/@rainnimin,2026-09-13T06:16:07.949021+00:00,https://www.tiktok.com/embed/@rainnimin?lang=en&embedFrom=webapp_preview,2026-09-17,not_established_at_cutoff,
acct_6a877a3281bc7fdf4ec6,7076100327539573761,web_user_id,raksavtuber,RaksaVtuber,https://www.tiktok.com/@raksavtuber,2026-09-13T06:16:08.072603+00:00,https://www.tiktok.com/embed/@raksavtuber?lang=en&embedFrom=webapp_preview,2026-09-17,not_established_at_cutoff,
acct_d6caaf871e800de7490a,7459035548104147975,web_user_id,rakumitsuraizuu,rakumitsuraizuu,https://www.tiktok.com/@rakumitsuraizuu,2026-09-13T06:24:55.525204+00:00,https://www.tiktok.com/embed/@rakumitsuraizuu?lang=en&embedFrom=webapp_preview,2026-09-17,not_established_at_cutoff,
acct_7d6011ccda01fc327db3,7384017937311138821,web_user_id,raneetani,RaneeTani,https://www.tiktok.com/@raneetani,2026-09-13T06:24:55.705939+00:00,https://www.tiktok.com/embed/@raneetani?lang=en&embedFrom=webapp_preview,2026-09-17,not_established_at_cutoff,
acct_c6b44a1f05cb3c4c989b,6849625215912559618,web_user_id,raoaengsave,เราเองเซฟ,https://www.tiktok.com/@raoaengsave,2026-09-13T06:31:23.983210+00:00,https://www.tiktok.com/embed/@raoaengsave?lang=en&embedFrom=webapp_preview,2026-09-17,not_established_at_cutoff,
acct_12ad6b3e7da2d1f7267f,7132032086459008027,web_user_id,rarin_vtuber,Rarin Ch.,https://www.tiktok.com/@rarin_vtuber,2026-09-13T06:24:55.947543+00:00,https://www.tiktok.com/embed/@rarin_vtuber?lang=en&embedFrom=webapp_preview,2026-09-17,not_established_at_cutoff,
acct_c8cd69e0077993939e33,7516160868582917127,web_user_id,rayametier_yuan1,rayametier_yuan1,https://www.tiktok.com/@rayametier_yuan1,2026-09-16T09:35:51+00:00,https://www.youtube.com/channel/UCCEHpnzn37K8kQv2QtybE2w,2026-09-17,not_established_at_cutoff,
acct_6809e3498355440d739d,7339132705080804357,web_user_id,rayan_fixixvt,Rayan_FIXIXVT,https://www.tiktok.com/@rayan_fixixvt,2026-09-13T06:16:08.118665+00:00,https://www.tiktok.com/embed/@rayan_fixixvt?lang=en&embedFrom=webapp_preview,2026-09-17,not_established_at_cutoff,
acct_23d2c3174dcf09330b49,7075567130532709377,web_user_id,realiablechannel,RealiableCh,https://www.tiktok.com/@realiablechannel,2026-09-13T06:24:56.188845+00:00,https://www.tiktok.com/embed/@realiablechannel?lang=en&embedFrom=webapp_preview,2026-09-17,not_established_at_cutoff,
acct_6ba5a0ec10c7d7123778,7552225027723478024,web_user_id,recodex_info,Re:CodeX,https://www.tiktok.com/@recodex_info,2026-09-13T06:16:08.307738+00:00,https://www.tiktok.com/embed/@recodex_info?lang=en&embedFrom=webapp_preview,2026-09-17,not_established_at_cutoff,
acct_9d130fbc88755e47d0c2,6986049911888430081,web_user_id,red_fartear,red_fartear,https://www.tiktok.com/@red_fartear,2026-09-16T09:58:52+00:00,https://www.youtube.com/channel/UCX5Qv6nz_HUVKtaDiMEReyQ,2026-09-17,not_established_at_cutoff,
acct_9aaaf0705bb5e104a6b8,7476884882587042823,web_user_id,regene_0810,Regene 🍿🔳,https://www.tiktok.com/@regene_0810,2026-09-13T06:24:56.266232+00:00,https://www.tiktok.com/embed/@regene_0810?lang=en&embedFrom=webapp_preview,2026-09-17,not_established_at_cutoff,
acct_74db25fea0d7f5d650b7,6992295037468066842,web_user_id,reilimiella_rn,Reilim Channel,https://www.tiktok.com/@reilimiella_rn,2026-09-13T06:16:08.313414+00:00,https://www.tiktok.com/embed/@reilimiella_rn?lang=en&embedFrom=webapp_preview,2026-09-17,not_established_at_cutoff,
acct_fd4a7633fa10b67239e6,7366499999087199233,web_user_id,remisde_vtuber,✧ℝ𝕖𝕞𝕚𝕤𝕕𝕖_𝕍𝕥𝕦𝕓𝕖𝕣✧,https://www.tiktok.com/@remisde_vtuber,2026-09-13T06:24:56.303872+00:00,https://www.tiktok.com/embed/@remisde_vtuber?lang=en&embedFrom=webapp_preview,2026-09-17,not_established_at_cutoff,
acct_c1e483b593064432391f,7626975891500254229,web_user_id,retsu_red,retsu_red,https://www.tiktok.com/@retsu_red,2026-09-13T06:24:56.396566+00:00,https://www.tiktok.com/embed/@retsu_red?lang=en&embedFrom=webapp_preview,2026-09-17,not_established_at_cutoff,
acct_af45bf91d0d0dd47842a,7315766898699273221,web_user_id,reva_regaliaast,reva_regaliaast,https://www.tiktok.com/@reva_regaliaast,2026-09-16T09:37:40+00:00,https://www.youtube.com/channel/UCfPtDFCs4PzDU_hy0usORnw,2026-09-17,not_established_at_cutoff,
acct_f61ca7e52a4a28b1afc8,7525475605967029264,web_user_id,rewarinrei,Rewarin,https://www.tiktok.com/@rewarinrei,2026-09-13T06:24:56.604402+00:00,https://www.tiktok.com/embed/@rewarinrei?lang=en&embedFrom=webapp_preview,2026-09-17,not_established_at_cutoff,
acct_af43c8b1e5de25382c02,7151308092138587141,web_user_id,rexaplg,Rexa T-Rex Vtuber🦖,https://www.tiktok.com/@rexaplg,2026-09-13T06:16:08.672121+00:00,https://www.tiktok.com/embed/@rexaplg?lang=en&embedFrom=webapp_preview,2026-09-17,not_established_at_cutoff,
acct_d608299dc3d38c11b2f0,6994741827287401473,web_user_id,ricotta_arp,Ricotta_ARP,https://www.tiktok.com/@ricotta_arp,2026-09-13T06:24:56.733956+00:00,https://www.tiktok.com/embed/@ricotta_arp?lang=en&embedFrom=webapp_preview,2026-09-17,not_established_at_cutoff,
acct_6ab20e3bbc2b8ad442d4,7565934319521956871,web_user_id,riel_tabiji_vth,Riel Tabiji-VtuberTH,https://www.tiktok.com/@riel_tabiji_vth,2026-09-13T06:16:08.818217+00:00,https://www.tiktok.com/embed/@riel_tabiji_vth?lang=en&embedFrom=webapp_preview,2026-09-17,not_established_at_cutoff,
acct_3794a7b78dfebaaf80f1,7093061490342069253,web_user_id,riku_marana,Riku_marana,https://www.tiktok.com/@riku_marana,2026-09-13T06:16:08.846878+00:00,https://www.tiktok.com/embed/@riku_marana?lang=en&embedFrom=webapp_preview,2026-09-17,not_established_at_cutoff,
acct_f2f37f8e44e17c98ecbb,7437348063487034376,web_user_id,rinrexger,rinrexger,https://www.tiktok.com/@rinrexger?_t=8rpa9f8vvsr&_r=1,2026-09-16T09:29:30+00:00,https://www.youtube.com/channel/UCOJiQA9afDpohgpxgKIKljA,2026-09-17,not_established_at_cutoff,
acct_88b53b321a21553dcbec,7473407373047727112,web_user_id,riona.ryouka,Riona Ryouka🌸🎀,https://www.tiktok.com/@riona.ryouka,2026-09-13T06:31:24.247999+00:00,https://www.tiktok.com/embed/@riona.ryouka?lang=en&embedFrom=webapp_preview,2026-09-17,not_established_at_cutoff,
acct_5f2cdb62fa6ffb4b50c5,7151317779138839558,web_user_id,rionaplg,Sigmunda Riona,https://www.tiktok.com/@rionaplg,2026-09-13T06:16:09.109463+00:00,https://www.tiktok.com/embed/@rionaplg?lang=en&embedFrom=webapp_preview,2026-09-17,not_established_at_cutoff,
acct_349dd42b751309a1d257,7487658879230247954,web_user_id,ripry.official,RIPry - ริบหรี่,https://www.tiktok.com/@ripry.official,2026-09-13T06:24:57.051614+00:00,https://www.tiktok.com/embed/@ripry.official?lang=en&embedFrom=webapp_preview,2026-09-17,not_established_at_cutoff,
acct_ce6fe86a74e7d25b36bc,7564015868503589895,web_user_id,ririka.ssr,Ririka【SSR】,https://www.tiktok.com/@ririka.ssr,2026-09-13T06:24:57.161876+00:00,https://www.tiktok.com/embed/@ririka.ssr?lang=en&embedFrom=webapp_preview,2026-09-17,not_established_at_cutoff,
acct_705e9585d5313fa693cc,7532964334743405575,web_user_id,ririzzixbenthx,RiRizzixBenthX,https://www.tiktok.com/@ririzzixbenthx,2026-09-13T06:16:09.146791+00:00,https://www.tiktok.com/embed/@ririzzixbenthx?lang=en&embedFrom=webapp_preview,2026-09-17,not_established_at_cutoff,
acct_fc8f6be9cbb17fc56575,6549798213883576321,web_user_id,risato014,risato014,https://www.tiktok.com/@risato014,2026-09-16T09:34:33+00:00,https://www.youtube.com/channel/UCPLU2nDo8FV9JAyXLAcTsCw,2026-09-17,not_established_at_cutoff,
acct_bd6d22079ce640f580c8,7655660398193050642,web_user_id,rlanzchino,rlanzchino,https://www.tiktok.com/@rlanzchino,2026-09-16T09:40:04+00:00,https://www.youtube.com/channel/UCgfEMiBgW-JSS3qksegDo3Q,2026-09-17,not_established_at_cutoff,
acct_6c92ef4ad917f8eaf88a,7478549475259221013,web_user_id,rocco_vnv,rocco_vnv,https://www.tiktok.com/@rocco_vnv,2026-09-13T06:31:24.264299+00:00,https://www.tiktok.com/embed/@rocco_vnv?lang=en&embedFrom=webapp_preview,2026-09-17,not_established_at_cutoff,
acct_8d00fef533bedb0226f1,7631522507896833045,web_user_id,rocokingdomgame,rocokingdomgame,https://www.tiktok.com/@rocokingdomgame,2026-09-16T09:35:47+00:00,https://www.youtube.com/channel/UCKE7TdJhSFGM6eBxAOZrw8g,2026-09-17,not_established_at_cutoff,
acct_cc92407eb938ca5bc195,7306370793214428166,web_user_id,rome.thedatisha,Rome. ❮UQN❯,https://www.tiktok.com/@rome.thedatisha,2026-09-13T06:31:24.282799+00:00,https://www.tiktok.com/embed/@rome.thedatisha?lang=en&embedFrom=webapp_preview,2026-09-17,not_established_at_cutoff,
acct_b5bda344df61cb82c20a,7459029873210803206,web_user_id,rosann_myssiera,Rosánn Ch.,https://www.tiktok.com/@rosann_myssiera,2026-09-13T06:24:57.406606+00:00,https://www.tiktok.com/embed/@rosann_myssiera?lang=en&embedFrom=webapp_preview,2026-09-17,not_established_at_cutoff,
acct_8d6c5e84405fc395946b,7207716397177226242,web_user_id,roselia_de_magentia,roselia_de_magentia,https://www.tiktok.com/@roselia_de_magentia,2026-09-13T06:24:57.412812+00:00,https://www.tiktok.com/embed/@roselia_de_magentia?lang=en&embedFrom=webapp_preview,2026-09-17,not_established_at_cutoff,
acct_b3c1effe1761b3d81742,7640305426122540049,web_user_id,roseline_btf,Roséline ʚɞ,https://www.tiktok.com/@roseline_btf,2026-09-13T06:16:09.507125+00:00,https://www.tiktok.com/embed/@roseline_btf?lang=en&embedFrom=webapp_preview,2026-09-17,not_established_at_cutoff,
acct_10bedc77d165cf3a72aa,7427016226658681864,web_user_id,rosettawitch,Rosalyn Ch.,https://www.tiktok.com/@rosettawitch,2026-09-13T06:24:57.420921+00:00,https://www.tiktok.com/embed/@rosettawitch?lang=en&embedFrom=webapp_preview,2026-09-17,not_established_at_cutoff,
acct_10d6f45625a81397466a,7335197614398325762,web_user_id,roxy_cvc,ROXY ❤️‍🔥 〔 𝐋𝐕 〕,https://www.tiktok.com/@roxy_cvc,2026-09-13T06:16:09.627594+00:00,https://www.tiktok.com/embed/@roxy_cvc?lang=en&embedFrom=webapp_preview,2026-09-17,not_established_at_cutoff,
acct_af628e68a88759f4ef42,7276378148991796230,web_user_id,rubiidoeverything,RUBY💫『GDT』,https://www.tiktok.com/@rubiidoeverything,2026-09-13T06:16:09.638222+00:00,https://www.tiktok.com/embed/@rubiidoeverything?lang=en&embedFrom=webapp_preview,2026-09-17,not_established_at_cutoff,
acct_fec02bf5e0ad1bb0dc63,6736441738094756865,web_user_id,rufiovtuber,Rufio Ch.💙⚡️,https://www.tiktok.com/@rufiovtuber,2026-09-13T06:16:09.688680+00:00,https://www.tiktok.com/embed/@rufiovtuber?lang=en&embedFrom=webapp_preview,2026-09-17,not_established_at_cutoff,
acct_e8d22f593a241666a61a,7471534828950127623,web_user_id,rui_kazu.exia,Rui Kazu《 EXia 》,https://www.tiktok.com/@rui_kazu.exia,2026-09-13T06:24:57.662035+00:00,https://www.tiktok.com/embed/@rui_kazu.exia?lang=en&embedFrom=webapp_preview,2026-09-17,not_established_at_cutoff,
acct_ddb2b1ea2117c0030df0,7459309012942701574,web_user_id,rularalan,RuLaRaLan,https://www.tiktok.com/@rularalan,2026-09-13T06:24:57.854437+00:00,https://www.tiktok.com/embed/@rularalan?lang=en&embedFrom=webapp_preview,2026-09-17,not_established_at_cutoff,
acct_990d262a3b3d0e20f0a8,7666643461232411664,web_user_id,ryuseistarlight,Ryusei Starlight,https://www.tiktok.com/@ryuseistarlight,2026-09-13T06:24:58.034130+00:00,https://www.tiktok.com/embed/@ryuseistarlight?lang=en&embedFrom=webapp_preview,2026-09-17,not_established_at_cutoff,
acct_ece9c279752b095ea08c,7261642541401113605,web_user_id,s0dachan_,SoDaChan | Vtuber😺🌰,https://www.tiktok.com/@s0dachan_,2026-09-13T06:16:09.791994+00:00,https://www.tiktok.com/embed/@s0dachan_?lang=en&embedFrom=webapp_preview,2026-09-17,not_established_at_cutoff,
acct_bcc687baa9b47ac2593d,7096884090100286491,web_user_id,s1r_arp,S1R🔫 // L1MOU🤖,https://www.tiktok.com/@s1r_arp,2026-09-13T06:24:58.135852+00:00,https://www.tiktok.com/embed/@s1r_arp?lang=en&embedFrom=webapp_preview,2026-09-17,not_established_at_cutoff,
acct_2e13ff6214ac81e54022,7050508314408616961,web_user_id,saamazusuwai,Saamazu Suwai,https://www.tiktok.com/@saamazusuwai,2026-09-13T06:24:58.359392+00:00,https://www.tiktok.com/embed/@saamazusuwai?lang=en&embedFrom=webapp_preview,2026-09-17,not_established_at_cutoff,
acct_15b4ce48a225779bb220,7440835534634697746,web_user_id,salvatore_vnv,Salvatore『 VNV 』,https://www.tiktok.com/@salvatore_vnv,2026-09-13T06:24:58.391293+00:00,https://www.tiktok.com/embed/@salvatore_vnv?lang=en&embedFrom=webapp_preview,2026-09-17,not_established_at_cutoff,
acct_ba9fa49face6f542e919,7110382838075999238,web_user_id,salvia_mairu,Salvia 💜,https://www.tiktok.com/@salvia_mairu,2026-09-13T06:24:58.398614+00:00,https://www.tiktok.com/embed/@salvia_mairu?lang=en&embedFrom=webapp_preview,2026-09-17,not_established_at_cutoff,
acct_4bdc3f4606442fbf264d,7395443838436295681,web_user_id,sameginavinch,Samegi Navin Ch,https://www.tiktok.com/@sameginavinch,2026-09-13T06:31:24.294620+00:00,https://www.tiktok.com/embed/@sameginavinch?lang=en&embedFrom=webapp_preview,2026-09-17,not_established_at_cutoff,
acct_62da71214f545c79e89b,7355166994133550098,web_user_id,saneko_epr,Saneko 🐱🍡『 𝗘𝗣𝗥 ʚɞྀི 』,https://www.tiktok.com/@saneko_epr,2026-09-13T06:24:58.730179+00:00,https://www.tiktok.com/embed/@saneko_epr?lang=en&embedFrom=webapp_preview,2026-09-17,not_established_at_cutoff,
acct_19cce4c787f398d0f337,7246070861685654533,web_user_id,saphilia_atx,Saphilia,https://www.tiktok.com/@saphilia_atx,2026-09-13T06:31:24.758617+00:00,https://www.tiktok.com/embed/@saphilia_atx?lang=en&embedFrom=webapp_preview,2026-09-17,not_established_at_cutoff,
acct_9cd60d374c2af5eb8678,7285221766853936129,web_user_id,saphirdragnier,น้องSapD,https://www.tiktok.com/@saphirdragnier,2026-09-13T06:31:24.873599+00:00,https://www.tiktok.com/embed/@saphirdragnier?lang=en&embedFrom=webapp_preview,2026-09-17,not_established_at_cutoff,
acct_a1d07a2e4c28fd741b50,6942747545227920385,web_user_id,sarnna_bh_br,Sarnna Black Herbilrah |【SH】,https://www.tiktok.com/@sarnna_bh_br,2026-09-13T06:24:58.776004+00:00,https://www.tiktok.com/embed/@sarnna_bh_br?lang=en&embedFrom=webapp_preview,2026-09-17,not_established_at_cutoff,
acct_5424a5108d0d983abbc1,6824815861121090561,web_user_id,sataru21pm,Sataru【21PM】,https://www.tiktok.com/@sataru21pm,2026-09-13T06:24:58.908944+00:00,https://www.tiktok.com/embed/@sataru21pm?lang=en&embedFrom=webapp_preview,2026-09-17,not_established_at_cutoff,
acct_265805a27023050b1563,7474335703481123858,web_user_id,saviola21pm,Savi【21PM】,https://www.tiktok.com/@saviola21pm,2026-09-13T06:31:25.042437+00:00,https://www.tiktok.com/embed/@saviola21pm?lang=en&embedFrom=webapp_preview,2026-09-17,not_established_at_cutoff,
acct_565644efc7df6e653bc7,7161073467051590682,web_user_id,sayathememorycollector,Saya Melcoltor,https://www.tiktok.com/@sayathememorycollector,2026-09-13T06:16:10.446239+00:00,https://www.tiktok.com/embed/@sayathememorycollector?lang=en&embedFrom=webapp_preview,2026-09-17,not_established_at_cutoff,
acct_465fb39008136205ac54,6669910203737047041,web_user_id,scentharmony67,Scent,https://www.tiktok.com/@scentharmony67,2026-09-13T06:24:59.203556+00:00,https://www.tiktok.com/embed/@scentharmony67?lang=en&embedFrom=webapp_preview,2026-09-17,not_established_at_cutoff,
acct_37d5856e8bc0cfddc64a,7210684559528576005,web_user_id,schneider_arp,เพื่อนสนิทคิด(เงิน)เกินเพื่อน,https://www.tiktok.com/@schneider_arp,2026-09-13T06:16:10.460825+00:00,https://www.tiktok.com/embed/@schneider_arp?lang=en&embedFrom=webapp_preview,2026-09-17,not_established_at_cutoff,
acct_d38f1106366220765cfc,6998460888609981441,web_user_id,sea.vtouch,Sea Ch. // Vtouch Project,https://www.tiktok.com/@sea.vtouch,2026-09-13T06:16:10.471910+00:00,https://www.tiktok.com/embed/@sea.vtouch?lang=en&embedFrom=webapp_preview,2026-09-17,not_established_at_cutoff,
acct_95e9414a4dc5fd7bc504,7085691135641666562,web_user_id,seabunnyi,ซีบันนี่ ⋰˚☆,https://www.tiktok.com/@seabunnyi,2026-09-13T06:24:59.246075+00:00,https://www.tiktok.com/embed/@seabunnyi?lang=en&embedFrom=webapp_preview,2026-09-17,not_established_at_cutoff,
acct_d1ed22c992942c522e00,7587263389450191892,web_user_id,seally21a,Seally,https://www.tiktok.com/@seally21a,2026-09-13T06:31:25.077850+00:00,https://www.tiktok.com/embed/@seally21a?lang=en&embedFrom=webapp_preview,2026-09-17,not_established_at_cutoff,
acct_1c5e7c820216de614edc,7383696627946882066,web_user_id,sebastos_acas,Sebastos VTuber,https://www.tiktok.com/@sebastos_acas,2026-09-13T06:24:59.436993+00:00,https://www.tiktok.com/embed/@sebastos_acas?lang=en&embedFrom=webapp_preview,2026-09-17,not_established_at_cutoff,
acct_4c32f40828d4ef90c6fa,7399879716876534791,web_user_id,seijo.ch,Seijo🦋✂️Vtuber,https://www.tiktok.com/@seijo.ch,2026-09-13T06:24:59.475736+00:00,https://www.tiktok.com/embed/@seijo.ch?lang=en&embedFrom=webapp_preview,2026-09-17,not_established_at_cutoff,
acct_0bda520430959a24d24e,7319700368442606597,web_user_id,seiryu_irission,Seiryu《ISP》,https://www.tiktok.com/@seiryu_irission,2026-09-13T06:16:10.521442+00:00,https://www.tiktok.com/embed/@seiryu_irission?lang=en&embedFrom=webapp_preview,2026-09-17,not_established_at_cutoff,
acct_0d8bb13b28c842504868,6830723118685766657,web_user_id,seji.ak,SeJi,https://www.tiktok.com/@seji.ak,2026-09-13T06:24:59.525304+00:00,https://www.tiktok.com/embed/@seji.ak?lang=en&embedFrom=webapp_preview,2026-09-17,not_established_at_cutoff,
acct_f70d5429fa5879d3c43b,6993524917061600258,web_user_id,senkoretane,Sen Koretane,https://www.tiktok.com/@senkoretane,2026-09-13T06:24:59.587459+00:00,https://www.tiktok.com/embed/@senkoretane?lang=en&embedFrom=webapp_preview,2026-09-17,not_established_at_cutoff,
acct_2871aa08041f09ce74e5,6915324174345389058,web_user_id,seo_a_xay,XAY | VTUBERTH,https://www.tiktok.com/@seo_a_xay,2026-09-13T06:24:59.883548+00:00,https://www.tiktok.com/embed/@seo_a_xay?lang=en&embedFrom=webapp_preview,2026-09-17,not_established_at_cutoff,
acct_50eb07e2911585443559,6540042951954219009,web_user_id,seraphyne_ch,SeraPhyne,https://www.tiktok.com/@seraphyne_ch,2026-09-13T06:25:00.125105+00:00,https://www.tiktok.com/embed/@seraphyne_ch?lang=en&embedFrom=webapp_preview,2026-09-17,not_established_at_cutoff,
acct_d6321f293556d4a97ae5,7477333339184268296,web_user_id,sere.physia,Sere Physia,https://www.tiktok.com/@sere.physia,2026-09-13T06:25:00.205576+00:00,https://www.tiktok.com/embed/@sere.physia?lang=en&embedFrom=webapp_preview,2026-09-17,not_established_at_cutoff,
acct_d8cc1244102273775dc7,6935711800785339394,web_user_id,serennokoriel,โคริเอลที่จะเป็นวี,https://www.tiktok.com/@serennokoriel,2026-09-13T06:25:00.311835+00:00,https://www.tiktok.com/embed/@serennokoriel?lang=en&embedFrom=webapp_preview,2026-09-17,not_established_at_cutoff,
acct_7541624f405cf6018b62,7356051617558922241,web_user_id,serera_uniflora,Serera_Uniflora,https://www.tiktok.com/@serera_uniflora,2026-09-13T06:25:00.388702+00:00,https://www.tiktok.com/embed/@serera_uniflora?lang=en&embedFrom=webapp_preview,2026-09-17,not_established_at_cutoff,
acct_1608cd038e2e8fdfb771,7664938024988820501,web_user_id,serithialrv,Serithia「LRV」,https://www.tiktok.com/@serithialrv,2026-09-13T06:31:25.150146+00:00,https://www.tiktok.com/embed/@serithialrv?lang=en&embedFrom=webapp_preview,2026-09-17,not_established_at_cutoff,
acct_528d1e44bd0211ff8e13,7039871182917043202,web_user_id,shadowplayerch,ShadowPlayer Ch,https://www.tiktok.com/@shadowplayerch,2026-09-13T06:31:25.232109+00:00,https://www.tiktok.com/embed/@shadowplayerch?lang=en&embedFrom=webapp_preview,2026-09-17,not_established_at_cutoff,
acct_878ffc7d8ec914df03cf,7158307359659951105,web_user_id,sheapgamer,เกมถูกบอกด้วย,https://www.tiktok.com/@sheapgamer,2026-09-13T06:25:00.444978+00:00,https://www.tiktok.com/embed/@sheapgamer?lang=en&embedFrom=webapp_preview,2026-09-17,not_established_at_cutoff,
acct_ce0e7b693fef6db1c564,7099323777663075334,web_user_id,shia_4a,SHiAdayo,https://www.tiktok.com/@shia_4a,2026-09-13T06:25:00.548862+00:00,https://www.tiktok.com/embed/@shia_4a?lang=en&embedFrom=webapp_preview,2026-09-17,not_established_at_cutoff,
acct_c412f55816991d4711b9,7394869441042990100,web_user_id,shiairis_stp,Shiairis,https://www.tiktok.com/@shiairis_stp,2026-09-13T06:16:10.551687+00:00,https://www.tiktok.com/embed/@shiairis_stp?lang=en&embedFrom=webapp_preview,2026-09-17,not_established_at_cutoff,
acct_80580160f92155075cbc,7627001282083423250,web_user_id,shikar_dawgg,SHIKAR,https://www.tiktok.com/@shikar_dawgg,2026-09-13T06:25:00.720992+00:00,https://www.tiktok.com/embed/@shikar_dawgg?lang=en&embedFrom=webapp_preview,2026-09-17,not_established_at_cutoff,
acct_4b941d878e1490be68b2,7271023229802972165,web_user_id,shin_aikaze,ปล่อยเพลงใหม่ครับ Aikaze,https://www.tiktok.com/@shin_aikaze,2026-09-13T06:25:00.927876+00:00,https://www.tiktok.com/embed/@shin_aikaze?lang=en&embedFrom=webapp_preview,2026-09-17,not_established_at_cutoff,
acct_c9dc2eddf6912801edba,6606267959453794305,web_user_id,shineru_1143th,🦊_Shineru_🖤,https://www.tiktok.com/@shineru_1143th,2026-09-13T06:16:11.158139+00:00,https://www.tiktok.com/embed/@shineru_1143th?lang=en&embedFrom=webapp_preview,2026-09-17,not_established_at_cutoff,
acct_bfcfcd4d0a58a04189c3,7508701635062318081,web_user_id,shinya_natonsai,Shinya Natonsai,https://www.tiktok.com/@shinya_natonsai,2026-09-13T06:25:00.944106+00:00,https://www.tiktok.com/embed/@shinya_natonsai?lang=en&embedFrom=webapp_preview,2026-09-17,not_established_at_cutoff,
acct_538258368146d009ae65,7021548728343807003,web_user_id,shir0iame,Shiroi Ame,https://www.tiktok.com/@shir0iame,2026-09-13T06:16:11.179595+00:00,https://www.tiktok.com/embed/@shir0iame?lang=en&embedFrom=webapp_preview,2026-09-17,not_established_at_cutoff,
acct_ffdc062f88ff06626c40,7330621347955164168,web_user_id,shirasagi_ch,shirasagi_ch,https://www.tiktok.com/@shirasagi_ch?_t=ZS-8uwjMVBPZxq&_r=1,2026-09-16T09:32:35+00:00,https://www.youtube.com/channel/UCCCOpUUMaweGiTZ_vNSdh1w,2026-09-17,not_established_at_cutoff,
acct_f6c3e0fbce5a37963f71,7346937745329259528,web_user_id,shirinv_th,Shirin Ch.,https://www.tiktok.com/@shirinv_th,2026-09-13T06:16:11.218612+00:00,https://www.tiktok.com/embed/@shirinv_th?lang=en&embedFrom=webapp_preview,2026-09-17,not_established_at_cutoff,
acct_3a3cdbe331b68a945bfa,7219803828168967173,web_user_id,shiroutsurugi,Shirou Ch.,https://www.tiktok.com/@shiroutsurugi,2026-09-13T06:16:11.321396+00:00,https://www.tiktok.com/embed/@shiroutsurugi?lang=en&embedFrom=webapp_preview,2026-09-17,not_established_at_cutoff,
acct_32b7e3dd59db771c209b,7556332568129094674,web_user_id,shirowashi_,shirowashi_,https://www.tiktok.com/@shirowashi_,2026-09-16T09:34:38+00:00,https://www.youtube.com/channel/UCGIo_THCq5eGbEdb8f0z10Q,2026-09-17,not_established_at_cutoff,
acct_8a4aa5391008b101dd3f,7507479924195558401,web_user_id,shishiou_seito,Shishiou_Seito,https://www.tiktok.com/@shishiou_seito,2026-09-13T06:25:01.152428+00:00,https://www.tiktok.com/embed/@shishiou_seito?lang=en&embedFrom=webapp_preview,2026-09-17,not_established_at_cutoff,
acct_269a837ecc78fe1b9543,7361670216588002322,web_user_id,shishiro_taiga,Shishiro Taiga Ch.,https://www.tiktok.com/@shishiro_taiga,2026-09-13T06:25:01.322669+00:00,https://www.tiktok.com/embed/@shishiro_taiga?lang=en&embedFrom=webapp_preview,2026-09-17,not_established_at_cutoff,
acct_0d01e2d51563964e4fc8,7518779323467564039,web_user_id,shuavibeent,SHUA,https://www.tiktok.com/@shuavibeent,2026-09-13T06:25:01.368634+00:00,https://www.tiktok.com/embed/@shuavibeent?lang=en&embedFrom=webapp_preview,2026-09-17,not_established_at_cutoff,
acct_4e2e87aed7193141df54,7470957089821901829,web_user_id,shunka_ine,shunka_ine[NEX],https://www.tiktok.com/@shunka_ine,2026-09-13T06:25:01.512444+00:00,https://www.tiktok.com/embed/@shunka_ine?lang=en&embedFrom=webapp_preview,2026-09-17,not_established_at_cutoff,
acct_577fcf4aafa0b9478892,7540665343809176584,web_user_id,sienna_res,Sienna 【RE:S】,https://www.tiktok.com/@sienna_res,2026-09-13T06:25:01.625464+00:00,https://www.tiktok.com/embed/@sienna_res?lang=en&embedFrom=webapp_preview,2026-09-17,not_established_at_cutoff,
acct_87e208931d388c24b6c0,7168334011977466906,web_user_id,sirasamuelvtuber,Sira Samuel Ch.,https://www.tiktok.com/@sirasamuelvtuber,2026-09-13T06:31:25.326369+00:00,https://www.tiktok.com/embed/@sirasamuelvtuber?lang=en&embedFrom=webapp_preview,2026-09-17,not_established_at_cutoff,
acct_850d836a4b770006d897,7507140579735553041,web_user_id,sirenavth,sirenavth,https://www.tiktok.com/@sirenavth,2026-09-16T09:34:23+00:00,https://www.youtube.com/channel/UCzfzVFRd81VcN7mseTpusIg,2026-09-17,not_established_at_cutoff,
acct_b66d95498bc7833e2e3b,7023427003333231617,web_user_id,sisira_hydrangea,Sisira_Hydrangea,https://www.tiktok.com/@sisira_hydrangea,2026-09-13T06:25:01.751180+00:00,https://www.tiktok.com/embed/@sisira_hydrangea?lang=en&embedFrom=webapp_preview,2026-09-17,not_established_at_cutoff,
acct_190b025719d9b8405a27,7296345638571377672,web_user_id,sistra_otl,Sistra 🪶☀️👑｟ OTL ｠,https://www.tiktok.com/@sistra_otl,2026-09-13T06:25:02.091124+00:00,https://www.tiktok.com/embed/@sistra_otl?lang=en&embedFrom=webapp_preview,2026-09-17,not_established_at_cutoff,
acct_cbabbaeb7494cfe38c88,7377009310042276865,web_user_id,sjp_vtuber,Subject Project,https://www.tiktok.com/@sjp_vtuber,2026-09-13T06:31:25.840091+00:00,https://www.tiktok.com/embed/@sjp_vtuber?lang=en&embedFrom=webapp_preview,2026-09-17,not_established_at_cutoff,
acct_7e1b62f56bbab65fad16,7050014695880819713,web_user_id,skarennin0,คุณนินเป็นผี😞🫵,https://www.tiktok.com/@skarennin0,2026-09-13T06:16:11.421157+00:00,https://www.tiktok.com/embed/@skarennin0?lang=en&embedFrom=webapp_preview,2026-09-17,not_established_at_cutoff,
acct_3f4d3ab403f117c7ee6e,7514333572162847751,web_user_id,sleepyroxzy,RoxzyVtuber,https://www.tiktok.com/@sleepyroxzy,2026-09-13T06:25:02.099864+00:00,https://www.tiktok.com/embed/@sleepyroxzy?lang=en&embedFrom=webapp_preview,2026-09-17,not_established_at_cutoff,
acct_0b693abc0dfa6d6a3746,7342517302363325446,web_user_id,slushytoma_,slushytoma_,https://www.tiktok.com/@slushytoma_,2026-09-16T09:34:39+00:00,https://www.youtube.com/channel/UCvAjpLYnhtnZn-6UDT4rraQ,2026-09-17,not_established_at_cutoff,
acct_18df077e448017a7e7a0,7451205954580841477,web_user_id,smol.talk24,smol.talk24,https://www.tiktok.com/@smol.talk24,2026-09-13T06:31:25.874329+00:00,https://www.tiktok.com/embed/@smol.talk24?lang=en&embedFrom=webapp_preview,2026-09-17,not_established_at_cutoff,
acct_36de393a5765b30be08a,7364101919810798593,web_user_id,snackbarmenu,snackbarmenu,https://www.tiktok.com/@snackbarmenu,2026-09-16T09:29:32+00:00,https://www.youtube.com/channel/UCYo4x86C700J5ivxg98oOtw,2026-09-17,not_established_at_cutoff,
acct_4686f09238c48a846eed,6971748467332924418,web_user_id,snoww_bunbun,Sahnowwwwwww,https://www.tiktok.com/@snoww_bunbun,2026-09-13T06:16:11.678731+00:00,https://www.tiktok.com/embed/@snoww_bunbun?lang=en&embedFrom=webapp_preview,2026-09-17,not_established_at_cutoff,
acct_2239c2f2553469b73f6e,7475352328250835984,web_user_id,somnengch,สมเหน่ง【Vtuber】,https://www.tiktok.com/@somnengch,2026-09-13T06:31:25.941907+00:00,https://www.tiktok.com/embed/@somnengch?lang=en&embedFrom=webapp_preview,2026-09-17,not_established_at_cutoff,
acct_5c4921302565b7bea93c,7429316740939498502,web_user_id,sorasamavtuber,sorasamavtuber,https://www.tiktok.com/@sorasamavtuber,2026-09-16T09:30:52+00:00,https://www.youtube.com/channel/UCmiO2DRc4e80eWfElzQfWyA,2026-09-17,not_established_at_cutoff,
acct_2c27856009d2f4c889d1,6883078059962106881,web_user_id,sotareino,sotareino,https://www.tiktok.com/@sotareino,2026-09-16T09:38:34+00:00,https://www.youtube.com/channel/UCCjunxHiL2OHhNDl4sdD1bg,2026-09-17,not_established_at_cutoff,
acct_dc6512c166f917d87119,7360673322667508744,web_user_id,soujiroy,SoujiRoy_CH,https://www.tiktok.com/@soujiroy,2026-09-13T06:25:02.162061+00:00,https://www.tiktok.com/embed/@soujiroy?lang=en&embedFrom=webapp_preview,2026-09-17,not_established_at_cutoff,
acct_d887ce044b8db162a05c,7120497396672529435,web_user_id,soulka_yurei,E_Ghost SoulKa👻,https://www.tiktok.com/@soulka_yurei,2026-09-13T06:31:26.068247+00:00,https://www.tiktok.com/embed/@soulka_yurei?lang=en&embedFrom=webapp_preview,2026-09-17,not_established_at_cutoff,
acct_b8c7df4b4032114aadf2,7130961238037562374,web_user_id,soursama_,soursama_,https://www.tiktok.com/@soursama_,2026-09-16T10:00:40+00:00,https://www.youtube.com/channel/UC4194MxDKFwBEFtaFbwwM7g,2026-09-17,not_established_at_cutoff,
acct_eeeaccb6f95e49905c05,6695163318216410114,web_user_id,ssolarly,sSolarly,https://www.tiktok.com/@ssolarly,2026-09-13T06:25:02.209160+00:00,https://www.tiktok.com/embed/@ssolarly?lang=en&embedFrom=webapp_preview,2026-09-17,not_established_at_cutoff,
acct_d4bc29cb96ddda1c0c15,6634601505499365377,web_user_id,stagflationtv,Stag เป็นต้นไม้ 🌱,https://www.tiktok.com/@stagflationtv,2026-09-13T06:16:11.952591+00:00,https://www.tiktok.com/embed/@stagflationtv?lang=en&embedFrom=webapp_preview,2026-09-17,not_established_at_cutoff,
acct_47f065e9af0fec6e098a,7179986590176838662,web_user_id,stamplmty,Stamp LMTY  ⌜VZ⌟,https://www.tiktok.com/@stamplmty,2026-09-13T06:16:12.019371+00:00,https://www.tiktok.com/embed/@stamplmty?lang=en&embedFrom=webapp_preview,2026-09-17,not_established_at_cutoff,
acct_3ffa1c8df92969c7e168,7467178067905152018,web_user_id,statesia.vz,STATE & SIA,https://www.tiktok.com/@statesia.vz,2026-09-13T06:31:26.073871+00:00,https://www.tiktok.com/embed/@statesia.vz?lang=en&embedFrom=webapp_preview,2026-09-17,not_established_at_cutoff,
acct_f55c0e38c18f373353d5,7349819360074613766,web_user_id,stormbullet13,Stormbullet,https://www.tiktok.com/@stormbullet13,2026-09-13T06:25:02.361558+00:00,https://www.tiktok.com/embed/@stormbullet13?lang=en&embedFrom=webapp_preview,2026-09-17,not_established_at_cutoff,
acct_341cc7e38e7300bfb030,6822292672762676225,web_user_id,stunkung99,Stunkung,https://www.tiktok.com/@stunkung99,2026-09-13T06:16:12.055424+00:00,https://www.tiktok.com/embed/@stunkung99?lang=en&embedFrom=webapp_preview,2026-09-17,not_established_at_cutoff,
acct_bd0c2fc878cc8ca68dc9,7371881133322568705,web_user_id,suavtuber,suavtuber,https://www.tiktok.com/@suavtuber,2026-09-16T09:29:38+00:00,https://www.youtube.com/channel/UCg1lfyLDBsy0INi17egh6IA,2026-09-17,not_established_at_cutoff,
acct_fa1ca42e41ca3d15ae1f,7268611762537858053,web_user_id,summ3r_vz,SUMM3R,https://www.tiktok.com/@summ3r_vz,2026-09-13T06:16:12.136912+00:00,https://www.tiktok.com/embed/@summ3r_vz?lang=en&embedFrom=webapp_preview,2026-09-17,not_established_at_cutoff,
acct_43e7e9f8ab968aeb50f3,6809623034690192386,web_user_id,sunfishch,SunfishCh,https://www.tiktok.com/@sunfishch,2026-09-13T06:31:26.106348+00:00,https://www.tiktok.com/embed/@sunfishch?lang=en&embedFrom=webapp_preview,2026-09-17,not_established_at_cutoff,
acct_597278ee2474c28b6b04,7504240467166348306,web_user_id,sunraindre,sunraindre,https://www.tiktok.com/@sunraindre,2026-09-13T06:25:02.449988+00:00,https://www.tiktok.com/embed/@sunraindre?lang=en&embedFrom=webapp_preview,2026-09-17,not_established_at_cutoff,
acct_0d1c32d523592cf02c53,7299521727292900353,web_user_id,supeacha_vtuber,Supeacha_Vtuber,https://www.tiktok.com/@supeacha_vtuber,2026-09-13T06:16:12.290795+00:00,https://www.tiktok.com/embed/@supeacha_vtuber?lang=en&embedFrom=webapp_preview,2026-09-17,not_established_at_cutoff,
acct_aad5336067e95e33d1d7,7123826778065896450,web_user_id,superpretty_takopero,Superpretty_TAKOPERO,https://www.tiktok.com/@superpretty_takopero,2026-09-13T06:25:02.789908+00:00,https://www.tiktok.com/embed/@superpretty_takopero?lang=en&embedFrom=webapp_preview,2026-09-17,not_established_at_cutoff,
acct_c11ac3d5855eb2a109fc,167699120617517056,web_user_id,switchiz,SWITCHIZ,https://www.tiktok.com/@switchiz,2026-09-13T06:25:02.844022+00:00,https://www.tiktok.com/embed/@switchiz?lang=en&embedFrom=webapp_preview,2026-09-17,not_established_at_cutoff,
acct_56f45c1165396c6e3cdd,7169558579477136385,web_user_id,swordacetomato,SwordAce,https://www.tiktok.com/@swordacetomato,2026-09-13T06:25:03.009316+00:00,https://www.tiktok.com/embed/@swordacetomato?lang=en&embedFrom=webapp_preview,2026-09-17,not_established_at_cutoff,
acct_b10aaf1d8ef065755da1,7392249193408529413,web_user_id,sylvie_xirconia,❄️Sylvie Ch.【XIRCONIA】,https://www.tiktok.com/@sylvie_xirconia,2026-09-13T06:16:12.350468+00:00,https://www.tiktok.com/embed/@sylvie_xirconia?lang=en&embedFrom=webapp_preview,2026-09-17,not_established_at_cutoff,
acct_b9eb14a71cd05793cacd,7058916651672732699,web_user_id,t_blueberry,t_blueberry,https://www.tiktok.com/@t_blueberry?_t=8sVcG59eHfm&_r=1,2026-09-16T09:39:58+00:00,https://www.youtube.com/channel/UC4Ceq8atGdQu58Dn3YKF1Ig,2026-09-17,not_established_at_cutoff,
acct_1676c9b8c1413b6e0031,7377926079587107846,web_user_id,ta121n,TARIN,https://www.tiktok.com/@ta121n,2026-09-13T06:16:12.693772+00:00,https://www.tiktok.com/embed/@ta121n?lang=en&embedFrom=webapp_preview,2026-09-17,not_established_at_cutoff,
acct_b7e1d865e2a294d1062e,7046770719430853658,web_user_id,taengkwa_ch,Taengkwa Ch.,https://www.tiktok.com/@taengkwa_ch,2026-09-13T06:16:12.780327+00:00,https://www.tiktok.com/embed/@taengkwa_ch?lang=en&embedFrom=webapp_preview,2026-09-17,not_established_at_cutoff,
acct_37af3308dcced5818ef6,7260030550563357702,web_user_id,taiyobouken,TAIYO BOUKEN!,https://www.tiktok.com/@taiyobouken,2026-09-13T06:16:13.035240+00:00,https://www.tiktok.com/embed/@taiyobouken?lang=en&embedFrom=webapp_preview,2026-09-17,not_established_at_cutoff,
acct_cb50d058bfa03edbc99f,7153498198928851994,web_user_id,taki_fugu,Taki Fugu,https://www.tiktok.com/@taki_fugu,2026-09-13T06:25:03.050353+00:00,https://www.tiktok.com/embed/@taki_fugu?lang=en&embedFrom=webapp_preview,2026-09-17,not_established_at_cutoff,
acct_17099b18dba8a721c1e5,7134250853061477381,web_user_id,takiya_koz,takiya_vtuberth,https://www.tiktok.com/@takiya_koz,2026-09-13T06:16:13.083059+00:00,https://www.tiktok.com/embed/@takiya_koz?lang=en&embedFrom=webapp_preview,2026-09-17,not_established_at_cutoff,
acct_7841210121198a18d2d9,7236238401653064710,web_user_id,takumarei,takumarei,https://www.tiktok.com/@takumarei,2026-09-16T09:33:05+00:00,https://www.youtube.com/channel/UCtGhO6z6GxqtBZ4gP-3rUpA,2026-09-17,not_established_at_cutoff,
acct_be2bef58eb167b198bed,7431176163319612421,web_user_id,tamakoyuu,TamaYuu,https://www.tiktok.com/@tamakoyuu,2026-09-13T06:25:03.434133+00:00,https://www.tiktok.com/embed/@tamakoyuu?lang=en&embedFrom=webapp_preview,2026-09-17,not_established_at_cutoff,
acct_6e65ef1d90a600f75b82,7151312156041675782,web_user_id,tamamiplg,Tamami เป็นVtuber🥚💗,https://www.tiktok.com/@tamamiplg,2026-09-13T06:16:13.086992+00:00,https://www.tiktok.com/embed/@tamamiplg?lang=en&embedFrom=webapp_preview,2026-09-17,not_established_at_cutoff,
acct_b45a837d217d94a0ba6a,6993502609991975937,web_user_id,tandusx0,TandusX,https://www.tiktok.com/@tandusx0,2026-09-13T06:25:03.626585+00:00,https://www.tiktok.com/embed/@tandusx0?lang=en&embedFrom=webapp_preview,2026-09-17,not_established_at_cutoff,
acct_8c8226b299dc57f8f0e0,7326415257441240069,web_user_id,tanehasol,TANTAN,https://www.tiktok.com/@tanehasol,2026-09-13T06:25:03.634751+00:00,https://www.tiktok.com/embed/@tanehasol?lang=en&embedFrom=webapp_preview,2026-09-17,not_established_at_cutoff,
acct_2845d32eb264ae39a78f,7615955400537850900,web_user_id,tarostarossama,Taro Taros Ch.,https://www.tiktok.com/@tarostarossama,2026-09-13T06:16:13.674482+00:00,https://www.tiktok.com/embed/@tarostarossama?lang=en&embedFrom=webapp_preview,2026-09-17,not_established_at_cutoff,
acct_2cc58bdb58e186ea3667,7337600670906713095,web_user_id,tearsofhecati.vtuberth,แมวเทียร์🍟 V ที่ร้องเพงร๊อฆอะ,https://www.tiktok.com/@tearsofhecati.vtuberth,2026-09-13T06:31:26.726256+00:00,https://www.tiktok.com/embed/@tearsofhecati.vtuberth?lang=en&embedFrom=webapp_preview,2026-09-17,not_established_at_cutoff,
acct_2afa592987b8c9d8edcf,7265131285403747334,web_user_id,teddybel00,TEDDYBEL ch. ไลฟ์หลักบน YT,https://www.tiktok.com/@teddybel00,2026-09-13T06:31:26.741549+00:00,https://www.tiktok.com/embed/@teddybel00?lang=en&embedFrom=webapp_preview,2026-09-17,not_established_at_cutoff,
acct_5f79619160d1f4c86bbd,7533980887635280912,web_user_id,tenkakagami,Tenka (เท็นกะ) | V.W.Y,https://www.tiktok.com/@tenkakagami,2026-09-13T06:16:13.871575+00:00,https://www.tiktok.com/embed/@tenkakagami?lang=en&embedFrom=webapp_preview,2026-09-17,not_established_at_cutoff,
acct_a6d7f93aac771d9f0025,6972532347116995586,web_user_id,tenshitsukiko,tenshitsukiko,https://www.tiktok.com/@tenshitsukiko,2026-09-13T06:31:26.863347+00:00,https://www.tiktok.com/embed/@tenshitsukiko?lang=en&embedFrom=webapp_preview,2026-09-17,not_established_at_cutoff,
acct_c75dd0eb83e8b06bb548,7088624962706342913,web_user_id,thanshinvtuber,ThanShin,https://www.tiktok.com/@thanshinvtuber,2026-09-13T06:31:26.908041+00:00,https://www.tiktok.com/embed/@thanshinvtuber?lang=en&embedFrom=webapp_preview,2026-09-17,not_established_at_cutoff,
acct_6d56d8d9ee563f7aab2d,7239197015467852805,web_user_id,tharaoceanfae,Thara_oceanfae,https://www.tiktok.com/@tharaoceanfae,2026-09-13T06:16:14.076783+00:00,https://www.tiktok.com/embed/@tharaoceanfae?lang=en&embedFrom=webapp_preview,2026-09-17,not_established_at_cutoff,
acct_fe0cc147f98cfbb756d6,7455141891601957895,web_user_id,theardreamwhale,ThearDreamWhale10Hz,https://www.tiktok.com/@theardreamwhale,2026-09-13T06:25:03.736698+00:00,https://www.tiktok.com/embed/@theardreamwhale?lang=en&embedFrom=webapp_preview,2026-09-17,not_established_at_cutoff,
acct_c924b200327466f2b430,7270503931036369925,web_user_id,thelittlenelle,Neris 🐉🌊🔅,https://www.tiktok.com/@thelittlenelle,2026-09-13T06:25:03.824732+00:00,https://www.tiktok.com/embed/@thelittlenelle?lang=en&embedFrom=webapp_preview,2026-09-17,not_established_at_cutoff,
acct_088708daf9b45e20883c,7278359965496493058,web_user_id,thequillmon,Qmon,https://www.tiktok.com/@thequillmon,2026-09-13T06:16:14.083003+00:00,https://www.tiktok.com/embed/@thequillmon?lang=en&embedFrom=webapp_preview,2026-09-17,not_established_at_cutoff,
acct_2f6cbfe5d9146e147ae3,7132172383649694722,web_user_id,thuayfu_vtuber,ThuayFu_WolfCute,https://www.tiktok.com/@thuayfu_vtuber,2026-09-13T06:16:14.382530+00:00,https://www.tiktok.com/embed/@thuayfu_vtuber?lang=en&embedFrom=webapp_preview,2026-09-17,not_established_at_cutoff,
acct_dec818d14fd1b2eac2d7,7302671975347995649,web_user_id,tiarasummerstone,tiara,https://www.tiktok.com/@tiarasummerstone,2026-09-13T06:31:26.921526+00:00,https://www.tiktok.com/embed/@tiarasummerstone?lang=en&embedFrom=webapp_preview,2026-09-17,not_established_at_cutoff,
acct_cf31984d234aaeb72fbd,7556127485186032647,web_user_id,timetuba2002,TimeTuba,https://www.tiktok.com/@timetuba2002,2026-09-13T06:25:04.089231+00:00,https://www.tiktok.com/embed/@timetuba2002?lang=en&embedFrom=webapp_preview,2026-09-17,not_established_at_cutoff,
acct_2a3a20990a3cab6f0014,7506762944660751378,web_user_id,timothy_weii,Timothy Weii,https://www.tiktok.com/@timothy_weii,2026-09-13T06:16:14.501673+00:00,https://www.tiktok.com/embed/@timothy_weii?lang=en&embedFrom=webapp_preview,2026-09-17,not_established_at_cutoff,
acct_2f731213d1fcd813c8f0,7319595228369257479,web_user_id,tinsleythefox,tinsleythefox,https://www.tiktok.com/@tinsleythefox,2026-09-13T06:16:14.551162+00:00,https://www.tiktok.com/embed/@tinsleythefox?lang=en&embedFrom=webapp_preview,2026-09-17,not_established_at_cutoff,
acct_1f9ea9811a4c394b452d,7646539512788567048,web_user_id,tipjai.official,tipjai.official,https://www.tiktok.com/@tipjai.official,2026-09-16T10:01:32+00:00,https://www.youtube.com/channel/UCHUHJ0riRQWzPWdAchy6D4w,2026-09-17,not_established_at_cutoff,
acct_334166a9051c90f40614,7420506682793608198,web_user_id,top_astray,TOP 【ASTRAY】,https://www.tiktok.com/@top_astray,2026-09-13T06:16:14.646501+00:00,https://www.tiktok.com/embed/@top_astray?lang=en&embedFrom=webapp_preview,2026-09-17,not_established_at_cutoff,
acct_eb2d1daae39fbb341e8e,6989885086120690690,web_user_id,torakaze_13,torakaze_13,https://www.tiktok.com/@torakaze_13,2026-09-16T09:37:02+00:00,https://www.youtube.com/channel/UCIgXtat0bKE5e8sXtUgutOw,2026-09-17,not_established_at_cutoff,
acct_fb979bd1fce95db2fbcf,6998458522003538971,web_user_id,toramochizuki,Toramochizuki,https://www.tiktok.com/@toramochizuki,2026-09-13T06:25:04.451836+00:00,https://www.tiktok.com/embed/@toramochizuki?lang=en&embedFrom=webapp_preview,2026-09-17,not_established_at_cutoff,
acct_11828da76e05b25fc8fe,7176503870419371014,web_user_id,torasundaych,ToraSunday,https://www.tiktok.com/@torasundaych,2026-09-13T06:16:14.777857+00:00,https://www.tiktok.com/embed/@torasundaych?lang=en&embedFrom=webapp_preview,2026-09-17,not_established_at_cutoff,
acct_80308e9d1f4c6418ed32,7346966971705263112,web_user_id,toriumimarine,toriumimarine,https://www.tiktok.com/@toriumimarine,2026-09-13T06:25:04.466241+00:00,https://www.tiktok.com/embed/@toriumimarine?lang=en&embedFrom=webapp_preview,2026-09-17,not_established_at_cutoff,
acct_efa1945bf81019a09b09,6867864506552239106,web_user_id,torutorukuma,Toru-Kumaトルくま,https://www.tiktok.com/@torutorukuma,2026-09-13T06:16:14.944315+00:00,https://www.tiktok.com/embed/@torutorukuma?lang=en&embedFrom=webapp_preview,2026-09-17,not_established_at_cutoff,
acct_e6bc834e6ebde2837060,7653821963726832641,web_user_id,trashythemeow,trashythemeow,https://www.tiktok.com/@trashythemeow,2026-09-13T06:25:04.487445+00:00,https://www.tiktok.com/embed/@trashythemeow?lang=en&embedFrom=webapp_preview,2026-09-17,not_established_at_cutoff,
acct_1191c57b8b701965a101,7004831937567327233,web_user_id,trustlnw,TrustLnw,https://www.tiktok.com/@trustlnw,2026-09-13T06:25:04.575825+00:00,https://www.tiktok.com/embed/@trustlnw?lang=en&embedFrom=webapp_preview,2026-09-17,not_established_at_cutoff,
acct_3384f5ef3999f51fbdbe,7110594224009856026,web_user_id,tsukikosui,Tsukiko《 SUI & SMAI 》,https://www.tiktok.com/@tsukikosui,2026-09-13T06:25:04.635213+00:00,https://www.tiktok.com/embed/@tsukikosui?lang=en&embedFrom=webapp_preview,2026-09-17,not_established_at_cutoff,
acct_f659bda34f4c6791851e,7077501952799818753,web_user_id,tsurukoth,Tsuruko Channel,https://www.tiktok.com/@tsurukoth,2026-09-13T06:25:05.050491+00:00,https://www.tiktok.com/embed/@tsurukoth?lang=en&embedFrom=webapp_preview,2026-09-17,not_established_at_cutoff,
acct_d876d150982426bc64a4,7336064276304430098,web_user_id,tsururuworldend,Kumoku Tsururu,https://www.tiktok.com/@tsururuworldend,2026-09-13T06:16:15.147072+00:00,https://www.tiktok.com/embed/@tsururuworldend?lang=en&embedFrom=webapp_preview,2026-09-17,not_established_at_cutoff,
acct_38b2bbf9908011f984e7,7647941291678630933,web_user_id,turbovwy,Turbo (เทอโบ) | V.W.Y,https://www.tiktok.com/@turbovwy,2026-09-13T06:16:15.310322+00:00,https://www.tiktok.com/embed/@turbovwy?lang=en&embedFrom=webapp_preview,2026-09-17,not_established_at_cutoff,
acct_de6b9a36239039245bf2,7191505496174527493,web_user_id,twitch_jaokat,twitch_jaokat,https://www.tiktok.com/@twitch_jaokat,2026-09-16T09:38:19+00:00,https://www.youtube.com/channel/UCHlFbiJk0VWcT2dPwTqXcxw,2026-09-17,not_established_at_cutoff,
acct_177848573bcad1e81767,7341807417015125010,web_user_id,tyracvc,TYR4 🪻🎮,https://www.tiktok.com/@tyracvc,2026-09-13T06:31:27.035025+00:00,https://www.tiktok.com/embed/@tyracvc?lang=en&embedFrom=webapp_preview,2026-09-17,not_established_at_cutoff,
acct_361f28739e7bdd957e3b,7129290426817741851,web_user_id,ume.pinko,Ume しのはな,https://www.tiktok.com/@ume.pinko,2026-09-13T06:25:05.055715+00:00,https://www.tiktok.com/embed/@ume.pinko?lang=en&embedFrom=webapp_preview,2026-09-17,not_established_at_cutoff,
acct_da5d58c24e2d7f78f611,6911896472867931138,web_user_id,umezuki_san,Umezuki_san (RIGGER),https://www.tiktok.com/@umezuki_san,2026-09-13T06:16:15.369938+00:00,https://www.tiktok.com/embed/@umezuki_san?lang=en&embedFrom=webapp_preview,2026-09-17,not_established_at_cutoff,
acct_b88ab436f5daa13d875b,7135350764406719514,web_user_id,umino_ciala,umino_ciala,https://www.tiktok.com/@umino_ciala,2026-09-13T06:16:15.445556+00:00,https://www.tiktok.com/embed/@umino_ciala?lang=en&embedFrom=webapp_preview,2026-09-17,not_established_at_cutoff,
acct_3a6797a439d807507b3c,7398476933102863365,web_user_id,umiuzagi_vth,Umi Uzagi 🐰🪸,https://www.tiktok.com/@umiuzagi_vth,2026-09-13T06:25:05.158814+00:00,https://www.tiktok.com/embed/@umiuzagi_vth?lang=en&embedFrom=webapp_preview,2026-09-17,not_established_at_cutoff,
acct_5e8c5ce810a474920dfe,7004465290710320129,web_user_id,unclekanun,unclekanun,https://www.tiktok.com/@unclekanun,2026-09-16T09:59:33+00:00,https://www.youtube.com/channel/UCTxCJt6jtRKeLJys0AaSUew,2026-09-17,not_established_at_cutoff,
acct_4ea8b1c1a0a692e09db2,7404359049800696840,web_user_id,undertheseau_cra,SeaU✨️⚓️,https://www.tiktok.com/@undertheseau_cra,2026-09-13T06:25:05.164795+00:00,https://www.tiktok.com/embed/@undertheseau_cra?lang=en&embedFrom=webapp_preview,2026-09-17,not_established_at_cutoff,
acct_9eeab57049cae68f45e5,7465293209795724306,web_user_id,uniinu_epr,อูนิ 🐶🦔 (แกร้ด 20/9 บ้านแดง),https://www.tiktok.com/@uniinu_epr,2026-09-13T06:16:15.549233+00:00,https://www.tiktok.com/embed/@uniinu_epr?lang=en&embedFrom=webapp_preview,2026-09-17,not_established_at_cutoff,
acct_34866f5f0db246256086,7170255938058011674,web_user_id,uniwii_arp,Uniwii_ARP,https://www.tiktok.com/@uniwii_arp,2026-09-13T06:16:15.615043+00:00,https://www.tiktok.com/embed/@uniwii_arp?lang=en&embedFrom=webapp_preview,2026-09-17,not_established_at_cutoff,
acct_3ef7867d0742b05eb08e,7195705517967279110,web_user_id,unnamednow00,Unnämed,https://www.tiktok.com/@unnamednow00,2026-09-13T06:25:05.335508+00:00,https://www.tiktok.com/embed/@unnamednow00?lang=en&embedFrom=webapp_preview,2026-09-17,not_established_at_cutoff,
acct_0d0953a6ce8f36e6f68b,7452198853083022344,web_user_id,urai.ncg,Urai [NCG],https://www.tiktok.com/@urai.ncg,2026-09-13T06:25:05.464806+00:00,https://www.tiktok.com/embed/@urai.ncg?lang=en&embedFrom=webapp_preview,2026-09-17,not_established_at_cutoff,
acct_42ed0467e4aa2c399ee7,7151922329679873029,web_user_id,urana_vtuber,Urana Sheefour,https://www.tiktok.com/@urana_vtuber,2026-09-13T06:25:05.527258+00:00,https://www.tiktok.com/embed/@urana_vtuber?lang=en&embedFrom=webapp_preview,2026-09-17,not_established_at_cutoff,
acct_59637d4a27e2b60c6815,7429623559218283541,web_user_id,ursascorpio,Ursa Scorpio,https://www.tiktok.com/@ursascorpio,2026-09-13T06:25:05.832466+00:00,https://www.tiktok.com/embed/@ursascorpio?lang=en&embedFrom=webapp_preview,2026-09-17,not_established_at_cutoff,
acct_3f4562c127071f6458a8,7184468420006691845,web_user_id,urstryker,uSTRYKER_Vtuber,https://www.tiktok.com/@urstryker,2026-09-16T15:38:46.627996+00:00,https://www.tiktok.com/embed/@urstryker?lang=en&embedFrom=webapp_preview,2026-09-17,not_established_at_cutoff,
acct_e73be730d782dddbc7ac,7445697082993869831,web_user_id,usejfedjo,Mina-chan《LVP》,https://www.tiktok.com/@usejfedjo,2026-09-13T06:16:15.865608+00:00,https://www.tiktok.com/embed/@usejfedjo?lang=en&embedFrom=webapp_preview,2026-09-17,not_established_at_cutoff,
acct_108d1397af5fe42cf219,6545056499810467841,web_user_id,v4lentineuwu,ผู้บ่าววาเลนไทน์,https://www.tiktok.com/@v4lentineuwu,2026-09-13T06:31:27.595728+00:00,https://www.tiktok.com/embed/@v4lentineuwu?lang=en&embedFrom=webapp_preview,2026-09-17,not_established_at_cutoff,
acct_4d0e461e89d6327b631c,7662059768806753301,web_user_id,vaelzch,Vaelz Ch.,https://www.tiktok.com/@vaelzch,2026-09-13T06:16:16.094918+00:00,https://www.tiktok.com/embed/@vaelzch?lang=en&embedFrom=webapp_preview,2026-09-17,not_established_at_cutoff,
acct_078fab22db5959c6e0a6,7052005185752925186,web_user_id,valkyrie5332,Val 5332,https://www.tiktok.com/@valkyrie5332,2026-09-13T06:25:05.906515+00:00,https://www.tiktok.com/embed/@valkyrie5332?lang=en&embedFrom=webapp_preview,2026-09-17,not_established_at_cutoff,
acct_05308cf3c5409403ba8b,7536267080905245716,web_user_id,vampaow,Vampaow,https://www.tiktok.com/@vampaow,2026-09-13T06:25:05.929199+00:00,https://www.tiktok.com/embed/@vampaow?lang=en&embedFrom=webapp_preview,2026-09-17,not_established_at_cutoff,
acct_66fca1b204eedb52fc3d,7568789457814504465,web_user_id,vampaow56,vampaow56,https://www.tiktok.com/@vampaow56,2026-09-16T09:30:17+00:00,https://www.youtube.com/channel/UCvQ3ivV2lcNxaSr66Xl_Kcw,2026-09-17,not_established_at_cutoff,
acct_0d707218abed28fbcaf9,7505334426558989330,web_user_id,vanderlinde_3,ArthurMorgan,https://www.tiktok.com/@vanderlinde_3,2026-09-13T06:25:06.072602+00:00,https://www.tiktok.com/embed/@vanderlinde_3?lang=en&embedFrom=webapp_preview,2026-09-17,not_established_at_cutoff,
acct_84693a0c8f2deb24a2f7,7266288363472487429,web_user_id,vella_ch,Vella Ch.,https://www.tiktok.com/@vella_ch,2026-09-13T06:16:16.121915+00:00,https://www.tiktok.com/embed/@vella_ch?lang=en&embedFrom=webapp_preview,2026-09-17,not_established_at_cutoff,
acct_01059a63e7ff9454864d,7140658031889187846,web_user_id,vellva_koray,Vellva Koray,https://www.tiktok.com/@vellva_koray,2026-09-13T06:16:16.269155+00:00,https://www.tiktok.com/embed/@vellva_koray?lang=en&embedFrom=webapp_preview,2026-09-17,not_established_at_cutoff,
acct_d3b222a233652a294b03,7461949406910383105,web_user_id,vesper.wing,Vesper Wing,https://www.tiktok.com/@vesper.wing,2026-09-13T06:25:06.250994+00:00,https://www.tiktok.com/embed/@vesper.wing?lang=en&embedFrom=webapp_preview,2026-09-17,not_established_at_cutoff,
acct_5d4aa779b46f515d7c43,7536612668418819090,web_user_id,veviivt,VeviiVT,https://www.tiktok.com/@veviivt,2026-09-13T06:25:06.313574+00:00,https://www.tiktok.com/embed/@veviivt?lang=en&embedFrom=webapp_preview,2026-09-17,not_established_at_cutoff,
acct_823908b74751c6da749e,7139051737880609793,web_user_id,vic00929,VIC-009,https://www.tiktok.com/@vic00929,2026-09-13T06:16:16.346039+00:00,https://www.tiktok.com/embed/@vic00929?lang=en&embedFrom=webapp_preview,2026-09-17,not_established_at_cutoff,
acct_73586b7aeafacd9762b8,7269301718880683014,web_user_id,vintechjtk,VinTech JTK,https://www.tiktok.com/@vintechjtk,2026-09-13T06:31:27.603051+00:00,https://www.tiktok.com/embed/@vintechjtk?lang=en&embedFrom=webapp_preview,2026-09-17,not_established_at_cutoff,
acct_b7de4c55f0327b1903a7,7308270641417290758,web_user_id,viorises,viorises,https://www.tiktok.com/@viorises,2026-09-16T10:01:20+00:00,https://www.youtube.com/channel/UCeY7KQH92GvxRR4F0YWbknA,2026-09-17,not_established_at_cutoff,
acct_54991e94cc58e88464c2,7217078174428120070,web_user_id,virtualzeven,Virtual Zeven LIVE,https://www.tiktok.com/@virtualzeven,2026-09-13T06:16:16.461410+00:00,https://www.tiktok.com/embed/@virtualzeven?lang=en&embedFrom=webapp_preview,2026-09-17,not_established_at_cutoff,
acct_9dbf50104957b99d2eb0,7432870564027024385,web_user_id,vita.ovo.commis,Vita OvO CMS OPEN!,https://www.tiktok.com/@vita.ovo.commis,2026-09-13T06:25:06.551989+00:00,https://www.tiktok.com/embed/@vita.ovo.commis?lang=en&embedFrom=webapp_preview,2026-09-17,not_established_at_cutoff,
acct_a4ee06a460cb18e04a31,7388234864694543368,web_user_id,viva_vtuber,Viva Vtuber [TH],https://www.tiktok.com/@viva_vtuber,2026-09-13T06:16:16.672119+00:00,https://www.tiktok.com/embed/@viva_vtuber?lang=en&embedFrom=webapp_preview,2026-09-17,not_established_at_cutoff,
acct_8004f141577565e0dc69,7020981614142653442,web_user_id,vulgtmnahog,vulgtmnahog,https://www.tiktok.com/@vulgtmnahog,2026-09-16T09:30:11+00:00,https://www.youtube.com/channel/UCLT-U861QLvJmrlP7K6kv2w,2026-09-17,not_established_at_cutoff,
acct_8673a838cc23a28454f4,7057695664084878338,web_user_id,vvee.vivian,Vivian V. Wendell [ VtuberTH ],https://www.tiktok.com/@vvee.vivian,2026-09-13T06:16:16.857280+00:00,https://www.tiktok.com/embed/@vvee.vivian?lang=en&embedFrom=webapp_preview,2026-09-17,not_established_at_cutoff,
acct_fc4f98a472fcb8de9319,6905245089313408001,web_user_id,walkytalky555,walkytalky555,https://www.tiktok.com/@walkytalky555,2026-09-16T09:30:01+00:00,https://www.youtube.com/channel/UCjQS71kGf-Ph6uy08IEG2bg,2026-09-17,not_established_at_cutoff,
acct_04a73ed7cbb9117ab17f,7294216498329994258,web_user_id,wangchengse,Wang Cheng Se | V.W.Y,https://www.tiktok.com/@wangchengse,2026-09-13T06:31:27.635874+00:00,https://www.tiktok.com/embed/@wangchengse?lang=en&embedFrom=webapp_preview,2026-09-17,not_established_at_cutoff,
acct_eaa55496afd7f2be2c60,7118227885638403098,web_user_id,wayusawan,วายุ สวรรค์🌪️ลมร้อน| VTuberTH,https://www.tiktok.com/@wayusawan,2026-09-13T06:25:06.678729+00:00,https://www.tiktok.com/embed/@wayusawan?lang=en&embedFrom=webapp_preview,2026-09-17,not_established_at_cutoff,
acct_91a3af04d9f8657ec515,6987571781910709250,web_user_id,weikito,วิวมาละ,https://www.tiktok.com/@weikito,2026-09-13T06:31:27.874867+00:00,https://www.tiktok.com/embed/@weikito?lang=en&embedFrom=webapp_preview,2026-09-17,not_established_at_cutoff,
acct_ddef112df9b1837b06ed,7223803960661607430,web_user_id,weirlos,Weirlos ch.,https://www.tiktok.com/@weirlos,2026-09-13T06:16:16.928266+00:00,https://www.tiktok.com/embed/@weirlos?lang=en&embedFrom=webapp_preview,2026-09-17,not_established_at_cutoff,
acct_efdcb1961ba34ded3089,7031915323780039707,web_user_id,wellomiki,Miki Wello,https://www.tiktok.com/@wellomiki,2026-09-13T06:31:28.056313+00:00,https://www.tiktok.com/embed/@wellomiki?lang=en&embedFrom=webapp_preview,2026-09-17,not_established_at_cutoff,
acct_ba44975dcb3f14468bfc,6822449245073720321,web_user_id,whanyenjiab,Whanyen | ViberPro,https://www.tiktok.com/@whanyenjiab,2026-09-13T06:16:17.100413+00:00,https://www.tiktok.com/embed/@whanyenjiab?lang=en&embedFrom=webapp_preview,2026-09-17,not_established_at_cutoff,
acct_89410f85d013919da30f,7199512042331325467,web_user_id,whitepgz,Whyte,https://www.tiktok.com/@whitepgz,2026-09-13T06:16:17.211746+00:00,https://www.tiktok.com/embed/@whitepgz?lang=en&embedFrom=webapp_preview,2026-09-17,not_established_at_cutoff,
acct_829f7ade5312765e2bc3,7387424757803762689,web_user_id,willow.ch,Willow.ch | HZ,https://www.tiktok.com/@willow.ch,2026-09-13T06:25:06.782098+00:00,https://www.tiktok.com/embed/@willow.ch?lang=en&embedFrom=webapp_preview,2026-09-17,not_established_at_cutoff,
acct_9673e5830438651cdf28,7369671797899445255,web_user_id,wilona.thegoat,Wilona Ch.,https://www.tiktok.com/@wilona.thegoat,2026-09-13T06:16:17.569195+00:00,https://www.tiktok.com/embed/@wilona.thegoat?lang=en&embedFrom=webapp_preview,2026-09-17,not_established_at_cutoff,
acct_3ad02c4dbdd25af08a67,7402502167524279301,web_user_id,wine_vylalun,WineVy🐰 | VtuberTH,https://www.tiktok.com/@wine_vylalun,2026-09-13T06:25:06.890308+00:00,https://www.tiktok.com/embed/@wine_vylalun?lang=en&embedFrom=webapp_preview,2026-09-17,not_established_at_cutoff,
acct_c7e61527525476a497c9,7326167126007841797,web_user_id,wint3r_vz,WINT3R,https://www.tiktok.com/@wint3r_vz,2026-09-13T06:16:17.581543+00:00,https://www.tiktok.com/embed/@wint3r_vz?lang=en&embedFrom=webapp_preview,2026-09-17,not_established_at_cutoff,
acct_7fc5a9c7ff17f937ab52,7429009335252403207,web_user_id,witchy_rochelle,† Rochelle 🎃,https://www.tiktok.com/@witchy_rochelle,2026-09-13T06:25:06.895044+00:00,https://www.tiktok.com/embed/@witchy_rochelle?lang=en&embedFrom=webapp_preview,2026-09-17,not_established_at_cutoff,
acct_11ee09278ecc994e9277,7208958718406542338,web_user_id,witchytheslime,WitchyTheSlime,https://www.tiktok.com/@witchytheslime,2026-09-13T06:15:37.983426+00:00,https://www.tiktok.com/embed/@witchytheslime?lang=en&embedFrom=webapp_preview,2026-09-17,not_established_at_cutoff,
acct_b2b9d929a624b3e9cd4b,7290172911116944389,web_user_id,woofna_ch,Woofna_ch,https://www.tiktok.com/@woofna_ch,2026-09-13T06:16:17.707895+00:00,https://www.tiktok.com/embed/@woofna_ch?lang=en&embedFrom=webapp_preview,2026-09-17,not_established_at_cutoff,
acct_63eed915e6029bc18367,6970912670536090626,web_user_id,wornlity,Wornlity「 PRD 」,https://www.tiktok.com/@wornlity,2026-09-13T06:16:17.710926+00:00,https://www.tiktok.com/embed/@wornlity?lang=en&embedFrom=webapp_preview,2026-09-17,not_established_at_cutoff,
acct_4893ea3729ac1e627c57,7502156010414818311,web_user_id,wynn_oal,Wynn Carwin | OAL,https://www.tiktok.com/@wynn_oal,2026-09-13T06:25:06.946922+00:00,https://www.tiktok.com/embed/@wynn_oal?lang=en&embedFrom=webapp_preview,2026-09-17,not_established_at_cutoff,
acct_834807823cf60cfe54c7,12209072,web_user_id,xay1,xay1,https://www.tiktok.com/@xay1,2026-09-13T06:16:18.107971+00:00,https://www.tiktok.com/embed/@xay1?lang=en&embedFrom=webapp_preview,2026-09-17,not_established_at_cutoff,
acct_3079185e8d6c89da6060,7211450929600578566,web_user_id,xcapuuccino_,xcapuuccino_,https://www.tiktok.com/@xcapuuccino_,2026-09-13T06:31:28.122916+00:00,https://www.tiktok.com/embed/@xcapuuccino_?lang=en&embedFrom=webapp_preview,2026-09-17,not_established_at_cutoff,
acct_c56f7e8b917bc804c0c9,7147994487154312198,web_user_id,xenonphanejohn,XenonPhaneJohn,https://www.tiktok.com/@xenonphanejohn,2026-09-13T06:16:18.257783+00:00,https://www.tiktok.com/embed/@xenonphanejohn?lang=en&embedFrom=webapp_preview,2026-09-17,not_established_at_cutoff,
acct_fecada3fe5f721d95d7c,7535841781431354388,web_user_id,xerberan,Xeran,https://www.tiktok.com/@xerberan,2026-09-13T06:25:07.318698+00:00,https://www.tiktok.com/embed/@xerberan?lang=en&embedFrom=webapp_preview,2026-09-17,not_established_at_cutoff,
acct_83980653b8b2b62670b4,6998068804178854914,web_user_id,xeres_channel,Xeres Artrophel Ch.,https://www.tiktok.com/@xeres_channel,2026-09-13T06:25:07.412522+00:00,https://www.tiktok.com/embed/@xeres_channel?lang=en&embedFrom=webapp_preview,2026-09-17,not_established_at_cutoff,
acct_575259b40a483a806c71,7518753400239129608,web_user_id,xetsuvibeent,XETSU,https://www.tiktok.com/@xetsuvibeent,2026-09-13T06:25:07.645018+00:00,https://www.tiktok.com/embed/@xetsuvibeent?lang=en&embedFrom=webapp_preview,2026-09-17,not_established_at_cutoff,
acct_48b8a87e8d56fc6d74ee,81494474251,web_user_id,xinpia03,𝙓𝙄𝙉𝙋𝙄𝘼 🦊☯️🌸 ⌜VZ⌟,https://www.tiktok.com/@xinpia03,2026-09-13T06:25:07.669966+00:00,https://www.tiktok.com/embed/@xinpia03?lang=en&embedFrom=webapp_preview,2026-09-17,not_established_at_cutoff,
acct_fbf23c6e4a19ab655dfe,6973595310531003394,web_user_id,xixxeven,xixxeven,https://www.tiktok.com/@xixxeven,2026-09-13T06:16:18.409209+00:00,https://www.tiktok.com/embed/@xixxeven?lang=en&embedFrom=webapp_preview,2026-09-17,not_established_at_cutoff,
acct_7601259da70286db1992,6611174123933220866,web_user_id,xlazyyui,xLazyYui,https://www.tiktok.com/@xlazyyui,2026-09-13T06:25:07.740937+00:00,https://www.tiktok.com/embed/@xlazyyui?lang=en&embedFrom=webapp_preview,2026-09-17,not_established_at_cutoff,
acct_04488621bab05cc9f20b,7182926070374941698,web_user_id,xonebuworldend,Xonebu X’thulhu,https://www.tiktok.com/@xonebuworldend,2026-09-13T06:16:18.416128+00:00,https://www.tiktok.com/embed/@xonebuworldend?lang=en&embedFrom=webapp_preview,2026-09-17,not_established_at_cutoff,
acct_c6b9d6933587ea08c79a,7259399965394535430,web_user_id,xsunliex,SunLIE,https://www.tiktok.com/@xsunliex,2026-09-13T06:16:18.450987+00:00,https://www.tiktok.com/embed/@xsunliex?lang=en&embedFrom=webapp_preview,2026-09-17,not_established_at_cutoff,
acct_0fc187e8194fbd68b4ab,7435312894038361089,web_user_id,xyden.z7o,Xyden,https://www.tiktok.com/@xyden.z7o,2026-09-13T06:25:08.007639+00:00,https://www.tiktok.com/embed/@xyden.z7o?lang=en&embedFrom=webapp_preview,2026-09-17,not_established_at_cutoff,
acct_9ca750d5e18534d54186,7529227219378881543,web_user_id,xyne_ztp,Xyne Valdreth「ZTP」,https://www.tiktok.com/@xyne_ztp,2026-09-13T06:25:08.291790+00:00,https://www.tiktok.com/embed/@xyne_ztp?lang=en&embedFrom=webapp_preview,2026-09-17,not_established_at_cutoff,
acct_2c07977603203d705174,6822438842881868801,web_user_id,xzestz,Xzest Exzeda,https://www.tiktok.com/@xzestz,2026-09-13T06:16:18.464808+00:00,https://www.tiktok.com/embed/@xzestz?lang=en&embedFrom=webapp_preview,2026-09-17,not_established_at_cutoff,
acct_3307c44a336821607f5f,7167263967998903322,web_user_id,yama_tengu,YamaTengu,https://www.tiktok.com/@yama_tengu,2026-09-13T06:16:18.669983+00:00,https://www.tiktok.com/embed/@yama_tengu?lang=en&embedFrom=webapp_preview,2026-09-17,not_established_at_cutoff,
acct_1edadfeb42ef7ebec087,7522696246818358293,web_user_id,yasouazrael_as,yasouazrael_as,https://www.tiktok.com/@yasouazrael_as,2026-09-13T06:25:08.296882+00:00,https://www.tiktok.com/embed/@yasouazrael_as?lang=en&embedFrom=webapp_preview,2026-09-17,not_established_at_cutoff,
acct_36a00077e431f5da0450,7426358911541937157,web_user_id,yelong_vth,叶龙 | Yelong,https://www.tiktok.com/@yelong_vth,2026-09-13T06:16:19.095501+00:00,https://www.tiktok.com/embed/@yelong_vth?lang=en&embedFrom=webapp_preview,2026-09-17,not_established_at_cutoff,
acct_b91cd711ecca3c6532c2,7283866201452463110,web_user_id,yoinmori,yoinmori,https://www.tiktok.com/@yoinmori,2026-09-16T10:00:53+00:00,https://www.youtube.com/channel/UCalvpWY2A2P4-h5UIs1jGgA,2026-09-17,not_established_at_cutoff,
acct_1b3d8957b88adf350d0c,7175155044295148549,web_user_id,yozora_hoshikuzu,yozora_hoshikuzu,https://www.tiktok.com/@yozora_hoshikuzu,2026-09-13T06:25:08.316460+00:00,https://www.tiktok.com/embed/@yozora_hoshikuzu?lang=en&embedFrom=webapp_preview,2026-09-17,not_established_at_cutoff,
acct_7c8894626af6a92bbb0a,7482493123203433480,web_user_id,yue_meili,🏮YueMeili🪭| VtuberTH 🌺,https://www.tiktok.com/@yue_meili,2026-09-13T06:25:08.676609+00:00,https://www.tiktok.com/embed/@yue_meili?lang=en&embedFrom=webapp_preview,2026-09-17,not_established_at_cutoff,
acct_89ea37ba016924578e4b,7366638513305256965,web_user_id,yueqinvtuber88,yueqinvtuber88,https://www.tiktok.com/@yueqinvtuber88,2026-09-13T06:16:19.098128+00:00,https://www.tiktok.com/embed/@yueqinvtuber88?lang=en&embedFrom=webapp_preview,2026-09-17,not_established_at_cutoff,
acct_81254d8bd937c19a44a5,7464462617873515525,web_user_id,yuitoku_woof,yuitoku_woof,https://www.tiktok.com/@yuitoku_woof,2026-09-16T09:32:41+00:00,https://www.youtube.com/channel/UChNrxGsRq7xpntwWcI-h5Hg,2026-09-17,not_established_at_cutoff,
acct_617bbcb1b160993ae21a,7213157157272732698,web_user_id,yumivtuberth,Yumi Ch.,https://www.tiktok.com/@yumivtuberth,2026-09-13T06:16:19.152465+00:00,https://www.tiktok.com/embed/@yumivtuberth?lang=en&embedFrom=webapp_preview,2026-09-17,not_established_at_cutoff,
acct_b68f536b729b5cbdbbea,7653843903354766343,web_user_id,yunes0857,Yunes085,https://www.tiktok.com/@yunes0857,2026-09-13T06:25:08.740153+00:00,https://www.tiktok.com/embed/@yunes0857?lang=en&embedFrom=webapp_preview,2026-09-17,not_established_at_cutoff,
acct_dcec859f679cbe836630,7338612450818278405,web_user_id,yuneschan085,yuneschan085,https://www.tiktok.com/@yuneschan085,2026-09-16T09:30:00+00:00,https://www.youtube.com/channel/UCJFoHpvvS4MLNsq0VeiEAyg,2026-09-17,not_established_at_cutoff,
acct_573cc8ef2b2035f1d63c,7436899682733851681,web_user_id,yuneschan9,yuneschan9,https://www.tiktok.com/@yuneschan9,2026-09-13T06:25:08.747377+00:00,https://www.tiktok.com/embed/@yuneschan9?lang=en&embedFrom=webapp_preview,2026-09-17,not_established_at_cutoff,
acct_6b282de43a391ea28fc6,7535503928549737479,web_user_id,yusaki_yu,Yusaki「 AYR 」,https://www.tiktok.com/@yusaki_yu,2026-09-13T06:25:08.788005+00:00,https://www.tiktok.com/embed/@yusaki_yu?lang=en&embedFrom=webapp_preview,2026-09-17,not_established_at_cutoff,
acct_04f5cf23de9eb15f15dc,7205997854459511813,web_user_id,yuu.hakugetsu,yuu.hakugetsu,https://www.tiktok.com/@yuu.hakugetsu,2026-09-13T06:25:09.024878+00:00,https://www.tiktok.com/embed/@yuu.hakugetsu?lang=en&embedFrom=webapp_preview,2026-09-17,not_established_at_cutoff,
acct_9f8305bcb338c3c3c79f,6673081738808591362,web_user_id,yuutanatsuki,yuutanatsuki,https://www.tiktok.com/@yuutanatsuki,2026-09-16T09:35:11+00:00,https://www.youtube.com/channel/UCB_Ooo_Eanv8LHYUGqMMDjg,2026-09-17,not_established_at_cutoff,
acct_059380ef0cf780cad9e6,7221571832712594440,web_user_id,yuya_ch,YUYA l VtuberTH,https://www.tiktok.com/@yuya_ch,2026-09-13T06:16:19.452994+00:00,https://www.tiktok.com/embed/@yuya_ch?lang=en&embedFrom=webapp_preview,2026-09-17,not_established_at_cutoff,
acct_ca9aae872e2ebca7e6d4,7349150697009103879,web_user_id,zaabvibeent,ZÄÄB,https://www.tiktok.com/@zaabvibeent,2026-09-13T06:16:19.455785+00:00,https://www.tiktok.com/embed/@zaabvibeent?lang=en&embedFrom=webapp_preview,2026-09-17,not_established_at_cutoff,
acct_a6fea8c6aea3a6ec3a71,7518712241110991888,web_user_id,zabrina_vtuber,Zabrina,https://www.tiktok.com/@zabrina_vtuber,2026-09-16T15:38:46.627996+00:00,https://www.tiktok.com/embed/@zabrina_vtuber?lang=en&embedFrom=webapp_preview,2026-09-17,not_established_at_cutoff,
acct_2cdee003a9514c7674be,7355178877311091717,web_user_id,zaindss,ZAIN,https://www.tiktok.com/@zaindss,2026-09-13T06:25:09.173974+00:00,https://www.tiktok.com/embed/@zaindss?lang=en&embedFrom=webapp_preview,2026-09-17,not_established_at_cutoff,
acct_e960b41de9cbc3681382,7169241471400346630,web_user_id,zalem_vtuber,My Zalem <3,https://www.tiktok.com/@zalem_vtuber,2026-09-13T06:31:28.368085+00:00,https://www.tiktok.com/embed/@zalem_vtuber?lang=en&embedFrom=webapp_preview,2026-09-17,not_established_at_cutoff,
acct_501e442beb36209aacb2,7352036838284542994,web_user_id,zaliviazaly,zaliviazaly,https://www.tiktok.com/@zaliviazaly,2026-09-16T09:29:48+00:00,https://www.youtube.com/channel/UCSPAN-WjdncItj4wMfi451g,2026-09-17,not_established_at_cutoff,
acct_16318d4bf03398b438c5,7143629909696562203,web_user_id,zarizaophius,ZarizaOphius,https://www.tiktok.com/@zarizaophius,2026-09-13T06:16:19.462480+00:00,https://www.tiktok.com/embed/@zarizaophius?lang=en&embedFrom=webapp_preview,2026-09-17,not_established_at_cutoff,
acct_feb76f9d476127b7274f,7385868912527377429,web_user_id,zayngloucester,ZaynGloucester,https://www.tiktok.com/@zayngloucester,2026-09-13T06:16:20.122558+00:00,https://www.tiktok.com/embed/@zayngloucester?lang=en&embedFrom=webapp_preview,2026-09-17,not_established_at_cutoff,
acct_8da96c693ecba668bca8,7184966369673741314,web_user_id,zeijikun,Zeiji7ᵗʰ | เซย์จิ,https://www.tiktok.com/@zeijikun,2026-09-13T06:16:20.258669+00:00,https://www.tiktok.com/embed/@zeijikun?lang=en&embedFrom=webapp_preview,2026-09-17,not_established_at_cutoff,
acct_8ae986e97841a120d1d3,6606875386210189313,web_user_id,zekai_arp,Zekai_ARP,https://www.tiktok.com/@zekai_arp,2026-09-13T06:16:20.285304+00:00,https://www.tiktok.com/embed/@zekai_arp?lang=en&embedFrom=webapp_preview,2026-09-17,not_established_at_cutoff,
acct_4ba05f9be2661cb17b03,6941193006675100674,web_user_id,zelina_pix,Princess Zelina,https://www.tiktok.com/@zelina_pix,2026-09-13T06:25:09.431282+00:00,https://www.tiktok.com/embed/@zelina_pix?lang=en&embedFrom=webapp_preview,2026-09-17,not_established_at_cutoff,
acct_85336616035931274c9a,7506234278885688341,web_user_id,zelune.lunezero,Zelune Noctarielle 🌙,https://www.tiktok.com/@zelune.lunezero,2026-09-13T06:25:09.514880+00:00,https://www.tiktok.com/embed/@zelune.lunezero?lang=en&embedFrom=webapp_preview,2026-09-17,not_established_at_cutoff,
acct_b3986e83954c663ac2a4,7308149140370277377,web_user_id,zeneastarblaze,zeneastarblaze,https://www.tiktok.com/@zeneastarblaze,2026-09-13T06:31:28.414970+00:00,https://www.tiktok.com/embed/@zeneastarblaze?lang=en&embedFrom=webapp_preview,2026-09-17,not_established_at_cutoff,
acct_01f50647495f722cc7b2,7029524162351760386,web_user_id,zenith_arp,Zenith☄,https://www.tiktok.com/@zenith_arp,2026-09-13T06:16:20.343895+00:00,https://www.tiktok.com/embed/@zenith_arp?lang=en&embedFrom=webapp_preview,2026-09-17,not_established_at_cutoff,
acct_937e110abcb28b2e7898,7422356680601551878,web_user_id,zenjigo_minibox,Zenjigo_minibox,https://www.tiktok.com/@zenjigo_minibox,2026-09-13T06:31:28.779073+00:00,https://www.tiktok.com/embed/@zenjigo_minibox?lang=en&embedFrom=webapp_preview,2026-09-17,not_established_at_cutoff,
acct_73bb41d809fe9ee3b533,7313208555934303237,web_user_id,zenosang,ZenoSang 🐈‍⬛,https://www.tiktok.com/@zenosang,2026-09-13T06:16:20.374878+00:00,https://www.tiktok.com/embed/@zenosang?lang=en&embedFrom=webapp_preview,2026-09-17,not_established_at_cutoff,
acct_f212010ece37ce726e73,6991760307309298715,web_user_id,zenti_e_ra,Zentiera,https://www.tiktok.com/@zenti_e_ra,2026-09-13T06:25:09.742016+00:00,https://www.tiktok.com/embed/@zenti_e_ra?lang=en&embedFrom=webapp_preview,2026-09-17,not_established_at_cutoff,
acct_af2e3348e2089349e50e,7665442996531266568,web_user_id,zeraphinahn,Zeraphina Hana,https://www.tiktok.com/@zeraphinahn,2026-09-13T06:25:09.907767+00:00,https://www.tiktok.com/embed/@zeraphinahn?lang=en&embedFrom=webapp_preview,2026-09-17,not_established_at_cutoff,
acct_799d27c409d56cbc99d7,7573629084807644168,web_user_id,zhenzhen.ssr,Zhenzhen ssr,https://www.tiktok.com/@zhenzhen.ssr,2026-09-13T06:25:10.074782+00:00,https://www.tiktok.com/embed/@zhenzhen.ssr?lang=en&embedFrom=webapp_preview,2026-09-17,not_established_at_cutoff,
acct_5185fe63b9dbbedd95c7,7342018334173053954,web_user_id,zinfandel_ztp,Zin’fandel「ZTP」,https://www.tiktok.com/@zinfandel_ztp,2026-09-13T06:16:20.686816+00:00,https://www.tiktok.com/embed/@zinfandel_ztp?lang=en&embedFrom=webapp_preview,2026-09-17,not_established_at_cutoff,
acct_063816c5113d2543d74f,7424841124425008148,web_user_id,zinnialyy,zinnia,https://www.tiktok.com/@zinnialyy,2026-09-13T06:25:10.161231+00:00,https://www.tiktok.com/embed/@zinnialyy?lang=en&embedFrom=webapp_preview,2026-09-17,not_established_at_cutoff,
acct_85ad98cc75c6586da7e0,6988408345199952897,web_user_id,znmcy,zNMCy,https://www.tiktok.com/@znmcy,2026-09-13T06:31:28.845218+00:00,https://www.tiktok.com/embed/@znmcy?lang=en&embedFrom=webapp_preview,2026-09-17,not_established_at_cutoff,
acct_4bc3a764255a32250504,7287815042112046085,web_user_id,zoe.cvc_vtuber,ZOECVC,https://www.tiktok.com/@zoe.cvc_vtuber,2026-09-13T06:16:20.921179+00:00,https://www.tiktok.com/embed/@zoe.cvc_vtuber?lang=en&embedFrom=webapp_preview,2026-09-17,not_established_at_cutoff,
acct_9039624c0775e17a4994,7240325973915943937,web_user_id,zoel_vtuber,Zoel ch.,https://www.tiktok.com/@zoel_vtuber,2026-09-13T06:16:20.962259+00:00,https://www.tiktok.com/embed/@zoel_vtuber?lang=en&embedFrom=webapp_preview,2026-09-17,not_established_at_cutoff,
acct_d31c8d5b1db0faf19cc3,7360686754787132424,web_user_id,zoespecter,ZoeSpecter_CH,https://www.tiktok.com/@zoespecter,2026-09-13T06:16:21.003958+00:00,https://www.tiktok.com/embed/@zoespecter?lang=en&embedFrom=webapp_preview,2026-09-17,not_established_at_cutoff,
acct_53e907f12e0313e9953d,7174777395781960709,web_user_id,zolrenx,zolrenx โซเร็น 🦇🍷,https://www.tiktok.com/@zolrenx,2026-09-13T06:16:21.100578+00:00,https://www.tiktok.com/embed/@zolrenx?lang=en&embedFrom=webapp_preview,2026-09-17,not_established_at_cutoff,
acct_289d426d78d00c9f22ab,6888416750364705793,web_user_id,zonaplg,Zona Zunicatrix,https://www.tiktok.com/@zonaplg,2026-09-13T06:16:21.212479+00:00,https://www.tiktok.com/embed/@zonaplg?lang=en&embedFrom=webapp_preview,2026-09-17,not_established_at_cutoff,
acct_061f4d0ebca860d133fd,7183574577360241669,web_user_id,zoomdesu,Zoom.,https://www.tiktok.com/@zoomdesu,2026-09-13T06:25:10.209315+00:00,https://www.tiktok.com/embed/@zoomdesu?lang=en&embedFrom=webapp_preview,2026-09-17,not_established_at_cutoff,
acct_26b1867cfd93471fcc96,6990658231073817601,web_user_id,zuaber,Zauber Marinette,https://www.tiktok.com/@zuaber,2026-09-13T06:16:21.380911+00:00,https://www.tiktok.com/embed/@zuaber?lang=en&embedFrom=webapp_preview,2026-09-17,not_established_at_cutoff,
