account_id,platform_id,id_namespace,handle,name,url,observed_at,account_evidence_url,as_of,scope_review,persona_ids
acct_be3a00771932f271e934,767298599,user_id,123dpx,123DPx,https://www.twitch.tv/123dpx,2026-09-13T08:51:23.279113+00:00,https://www.twitch.tv/123dpx/about,2026-09-17,not_established_at_cutoff,
acct_81e9c61d5c4e1affa8e2,789862353,user_id,1kfuu,1kfuu,https://www.twitch.tv/1kfuu,2026-09-13T08:56:23.462752+00:00,https://www.twitch.tv/1kfuu/about,2026-09-17,not_established_at_cutoff,
acct_76d7907b95eebe6f8063,768985522,user_id,1tsn4nami,1TSN4NAMi,https://www.twitch.tv/1tsn4nami,2026-09-13T08:57:00.056336+00:00,https://www.twitch.tv/1tsn4nami/about,2026-09-17,not_established_at_cutoff,
acct_81d789398ad5844d5920,217017809,user_id,52hzwhale__,52hzwhale__,https://www.twitch.tv/52hzwhale__,2026-09-13T08:00:00+00:00,https://www.twitch.tv/52hzwhale__,2026-09-17,not_established_at_cutoff,
acct_bf5bc411c427a6ab547e,28784085,user_id,5erath,5erath,https://www.twitch.tv/5erath,2026-09-13T08:00:00+00:00,https://www.twitch.tv/5erath,2026-09-17,not_established_at_cutoff,
acct_7637527a95dc91a63170,154006259,user_id,9pointeight,9POINTEIGHT,https://www.twitch.tv/9pointeight,2026-09-13T08:51:24.295277+00:00,https://www.twitch.tv/9pointeight/about,2026-09-17,not_established_at_cutoff,
acct_80fc537f3c5bcfd87c69,452274492,user_id,BlueMage_VT,BlueMage_VT,https://www.twitch.tv/BlueMage_VT,2026-09-16T09:35:43+00:00,https://www.youtube.com/channel/UCmvFibZ6umhTdyUpLya_vLg,2026-09-17,not_established_at_cutoff,
acct_40b28a7a3e46377dd3da,92737553,user_id,Drewiskiy,Drewiskiy,https://twitch.tv/Drewiskiy,2026-09-16T14:49:21+00:00,https://x.com/Drewiskiy,2026-09-17,not_established_at_cutoff,
acct_0722a543af0cc51e0f23,204508033,user_id,a1chandesu,a1chandesu,https://www.twitch.tv/a1chandesu,2026-09-13T08:56:24.397897+00:00,https://www.twitch.tv/a1chandesu/about,2026-09-17,not_established_at_cutoff,
acct_04efbfcfbc0f65cd38b7,635458669,user_id,acintunz,acintunz,https://www.twitch.tv/acintunz,2026-09-13T08:56:23.461752+00:00,https://www.twitch.tv/acintunz/about,2026-09-17,not_established_at_cutoff,
acct_15b2d44da98a7a29ccaa,813667668,user_id,adamaose,AdamaOse,https://www.twitch.tv/adamaose,2026-09-13T08:51:29.953978+00:00,https://www.twitch.tv/adamaose/about,2026-09-17,not_established_at_cutoff,
acct_4df723b833841b89f9d5,1173129355,user_id,aenelhz,aenelhz,https://www.twitch.tv/aenelhz,2026-09-13T08:51:36.524528+00:00,https://www.twitch.tv/aenelhz/about,2026-09-17,not_established_at_cutoff,
acct_be0f420558f0ddfae834,1058766364,user_id,aerithe,aerithe,https://www.twitch.tv/aerithe,2026-09-13T08:00:00+00:00,https://www.twitch.tv/aerithe,2026-09-17,not_established_at_cutoff,
acct_74b0c8e97c06dd912237,793142279,user_id,aiboh_canis,Aiboh_Canis,https://www.twitch.tv/aiboh_canis,2026-09-13T08:56:24.400897+00:00,https://www.twitch.tv/aiboh_canis/about,2026-09-17,not_established_at_cutoff,
acct_d5a5e1ee03eadc1f6917,834331792,user_id,aidenshia,aidenshia,https://www.twitch.tv/aidenshia,2026-09-13T08:51:34.727859+00:00,https://www.twitch.tv/aidenshia/about,2026-09-17,not_established_at_cutoff,
acct_33f1c04535a19b52d954,209062987,user_id,aiiess_,AiiEss_,https://www.twitch.tv/aiiess_,2026-09-13T08:51:38.085819+00:00,https://www.twitch.tv/aiiess_/about,2026-09-17,not_established_at_cutoff,
acct_6b2dca80dfd642a55a1b,674579133,user_id,aiine_rr,AiiNE_RR,https://www.twitch.tv/aiine_rr,2026-09-13T08:51:26.365427+00:00,https://www.twitch.tv/aiine_rr/about,2026-09-17,not_established_at_cutoff,
acct_54ee5b417265666e6303,550230307,user_id,aikon_st,Aikon_st,https://www.twitch.tv/aikon_st,2026-09-13T08:56:20.030641+00:00,https://www.twitch.tv/aikon_st/about,2026-09-17,not_established_at_cutoff,
acct_ac0108905fcb49dce825,160992837,user_id,aimtraps,AimTraps,https://www.twitch.tv/aimtraps,2026-09-13T08:51:21.513869+00:00,https://www.twitch.tv/aimtraps/about,2026-09-17,not_established_at_cutoff,
acct_fedf0838fee67fc8af42,819296266,user_id,aina_channel,aina_channel,https://www.twitch.tv/aina_channel,2026-09-13T08:56:22.410895+00:00,https://www.twitch.tv/aina_channel/about,2026-09-17,not_established_at_cutoff,
acct_fcaa7b322c150d837715,538585233,user_id,airblack24,AirBlack24,https://www.twitch.tv/airblack24,2026-09-13T08:51:30.941681+00:00,https://www.twitch.tv/airblack24/about,2026-09-17,not_established_at_cutoff,
acct_9a1b7b2b711920482993,750975334,user_id,aishachannel,AishaChannel,https://www.twitch.tv/aishachannel,2026-09-13T08:56:25.168522+00:00,https://www.twitch.tv/aishachannel/about,2026-09-17,not_established_at_cutoff,
acct_5aac3a46f5a5495dba4e,46641817,user_id,aisuandkurimu,AisuAndKurimu,https://www.twitch.tv/aisuandkurimu,2026-09-13T08:51:28.573228+00:00,https://www.twitch.tv/aisuandkurimu/about,2026-09-17,not_established_at_cutoff,
acct_4579cb7e6833dcc2107b,1418452734,user_id,aivtuber_ikuta,aivtuber_ikuta,https://www.twitch.tv/aivtuber_ikuta,2026-09-13T08:00:00+00:00,https://www.twitch.tv/aivtuber_ikuta,2026-09-17,not_established_at_cutoff,
acct_63931a71532ff4ebc672,797614428,user_id,aivtuber_yono,aivtuber_yono,https://www.twitch.tv/aivtuber_yono,2026-09-13T08:00:00+00:00,https://www.twitch.tv/aivtuber_yono,2026-09-17,not_established_at_cutoff,
acct_717d22bd237131f3b088,38480455,user_id,akaaivtuber,akaaivtuber,https://www.twitch.tv/akaaivtuber,2026-09-13T08:00:00+00:00,https://www.twitch.tv/akaaivtuber,2026-09-17,not_established_at_cutoff,
acct_e055f4bc7a1cba2c4aed,803732229,user_id,akainezumi,AkaiNezumi,https://www.twitch.tv/akainezumi,2026-09-13T08:51:37.437033+00:00,https://www.twitch.tv/akainezumi/about,2026-09-17,not_established_at_cutoff,
acct_624f621bd6cc4de7387c,408853547,user_id,akatsuki_yashiro,Akatsuki_Yashiro,https://www.twitch.tv/akatsuki_yashiro,2026-09-13T08:51:21.513869+00:00,https://www.twitch.tv/akatsuki_yashiro/about,2026-09-17,not_established_at_cutoff,
acct_6154071ea045fd4eb90a,1129532599,user_id,akira_sorasei,akira_sorasei,https://www.twitch.tv/akira_sorasei,2026-09-13T08:51:38.089819+00:00,https://www.twitch.tv/akira_sorasei/about,2026-09-17,not_established_at_cutoff,
acct_aaef0ad7d52ed3a66a44,187710715,user_id,akito_soa,Akito_SOA,https://www.twitch.tv/akito_soa,2026-09-13T08:56:19.227159+00:00,https://www.twitch.tv/akito_soa/about,2026-09-17,not_established_at_cutoff,
acct_7509409b0ebbd9e87f96,111991789,user_id,akitoqch,akitoqch,https://www.twitch.tv/akitoqch,2026-09-13T08:51:21.513869+00:00,https://www.twitch.tv/akitoqch/about,2026-09-17,not_established_at_cutoff,
acct_99d4f5d01f6b9c4e79e4,108841173,user_id,akizlica,AkizLica,https://www.twitch.tv/akizlica,2026-09-13T08:51:18.736926+00:00,https://www.twitch.tv/akizlica/about,2026-09-17,not_established_at_cutoff,
acct_5da67910d3314d003a0d,115119980,user_id,alancreation,AlanCreation,https://www.twitch.tv/alancreation,2026-09-13T08:51:24.296278+00:00,https://www.twitch.tv/alancreation/about,2026-09-17,not_established_at_cutoff,
acct_1709b929799982258db5,1062896851,user_id,alexandererz,Bingsujuseyo Ch.,https://www.twitch.tv/alexandererz,2026-09-16T14:49:21+00:00,https://x.com/bingsujuseyo,2026-09-17,not_established_at_cutoff,
acct_a767c00de44aab5ed036,967013911,user_id,alexiswolf_live,AlexisWolf_live,https://www.twitch.tv/alexiswolf_live,2026-09-13T08:56:22.412997+00:00,https://www.twitch.tv/alexiswolf_live/about,2026-09-17,not_established_at_cutoff,
acct_0eaa17533abf48468f65,786145165,user_id,alizabyleth,Alizabyleth,https://www.twitch.tv/alizabyleth,2026-09-13T08:56:23.461752+00:00,https://www.twitch.tv/alizabyleth/about,2026-09-17,not_established_at_cutoff,
acct_cf8c2863806c97eb2905,618549752,user_id,alparuvtuber,alparuvtuber,https://www.twitch.tv/alparuvtuber,2026-09-13T08:51:19.930297+00:00,https://www.twitch.tv/alparuvtuber/about,2026-09-17,not_established_at_cutoff,
acct_5b58db873530218921ad,1062475201,user_id,altair_alal,Altair_AlAl,https://www.twitch.tv/altair_alal,2026-09-13T08:51:18.734926+00:00,https://www.twitch.tv/altair_alal/about,2026-09-17,not_established_at_cutoff,
acct_a0ff92d6cfa3c141c8d5,1264500571,user_id,alteria_ch,Alteria_ch,https://www.twitch.tv/alteria_ch,2026-09-13T08:56:24.400897+00:00,https://www.twitch.tv/alteria_ch/about,2026-09-17,not_established_at_cutoff,
acct_6421569c3ebbe4c836f1,1138397646,user_id,althena_mqn,althena_mqn,https://www.twitch.tv/althena_mqn,2026-09-13T08:51:38.087820+00:00,https://www.twitch.tv/althena_mqn/about,2026-09-17,not_established_at_cutoff,
acct_d2893cce7043f3932d76,155265886,user_id,altriaz_,altriaz_,https://www.twitch.tv/altriaz_,2026-09-13T08:00:00+00:00,https://www.twitch.tv/altriaz_,2026-09-17,not_established_at_cutoff,
acct_67c354169c7c40ef83ac,1059862459,user_id,alyssaseraphina,AlyssaSeraphina,https://www.twitch.tv/alyssaseraphina,2026-09-13T08:56:24.400897+00:00,https://www.twitch.tv/alyssaseraphina/about,2026-09-17,not_established_at_cutoff,
acct_e3da277da047b8a0b4d3,1338388933,user_id,amanerei_vth,AmaneRei_Vth,https://www.twitch.tv/amanerei_vth,2026-09-13T08:56:20.857112+00:00,https://www.twitch.tv/amanerei_vth/about,2026-09-17,not_established_at_cutoff,
acct_c34dc20addfb407dea0a,177553828,user_id,amariseki,AmariSeki,https://www.twitch.tv/amariseki,2026-09-13T08:51:39.878758+00:00,https://www.twitch.tv/amariseki/about,2026-09-17,not_established_at_cutoff,
acct_2967a2f829c56219a2ce,1255936801,user_id,amello_channel,Amello_Channel,https://www.twitch.tv/amello_channel,2026-09-13T08:56:23.460703+00:00,https://www.twitch.tv/amello_channel/about,2026-09-17,not_established_at_cutoff,
acct_b3100556953732bab68c,614366115,user_id,amnuai_,amnuai_,https://www.twitch.tv/amnuai_,2026-09-13T08:51:29.955977+00:00,https://www.twitch.tv/amnuai_/about,2026-09-17,not_established_at_cutoff,
acct_17a097c0c73ecdea62bd,1346246397,user_id,amnuai_ii,amnuai_ii,https://www.twitch.tv/amnuai_ii,2026-09-13T08:00:00+00:00,https://www.twitch.tv/amnuai_ii,2026-09-17,not_established_at_cutoff,
acct_3088be12aeecfac6ea63,402570751,user_id,amunic,amunic,https://www.twitch.tv/amunic,2026-09-13T08:51:28.573228+00:00,https://www.twitch.tv/amunic/about,2026-09-17,not_established_at_cutoff,
acct_2f86346ee46d676b81fc,796499614,user_id,amuofficia,amuofficia,https://www.twitch.tv/amuofficia,2026-09-13T08:00:00+00:00,https://www.twitch.tv/amuofficia,2026-09-17,not_established_at_cutoff,
acct_79b9b86d655be238c1df,637084276,user_id,amuvch,AmuVCh,https://www.twitch.tv/amuvch,2026-09-13T08:51:21.513869+00:00,https://www.twitch.tv/amuvch/about,2026-09-17,not_established_at_cutoff,
acct_9cb5bff18f629562246d,774785269,user_id,anemizz_,anemizz_,https://www.twitch.tv/anemizz_,2026-09-13T08:51:27.554347+00:00,https://www.twitch.tv/anemizz_/about,2026-09-17,not_established_at_cutoff,
acct_c942274cc10678a8b1a6,587351884,user_id,angryjellyfish_,angryjellyfish_,https://www.twitch.tv/angryjellyfish_,2026-09-13T08:00:00+00:00,https://www.twitch.tv/angryjellyfish_,2026-09-17,not_established_at_cutoff,
acct_69cac6392acafa8458ad,249835148,user_id,annissatiana,AnnissaTiana,https://www.twitch.tv/annissatiana,2026-09-13T08:51:28.573228+00:00,https://www.twitch.tv/annissatiana/about,2026-09-17,not_established_at_cutoff,
acct_3de32d7a20a90a92ebcb,836989904,user_id,ant4zin,ANT4ZIN,https://www.twitch.tv/ant4zin,2026-09-13T08:56:23.460703+00:00,https://www.twitch.tv/ant4zin/about,2026-09-17,not_established_at_cutoff,
acct_b12af9d7f141073d7fb2,1104978187,user_id,anzellealtoclef,AnzelleAltoclef,https://www.twitch.tv/anzellealtoclef,2026-09-13T08:51:20.755463+00:00,https://www.twitch.tv/anzellealtoclef/about,2026-09-17,not_established_at_cutoff,
acct_aa059d27fb11e69c7be5,579978573,user_id,aoicrescent_,AoiCrescent_,https://www.twitch.tv/aoicrescent_,2026-09-13T08:51:42.196323+00:00,https://www.twitch.tv/aoicrescent_/about,2026-09-17,not_established_at_cutoff,
acct_98dcb5351a2492e57bcb,1422082556,user_id,aoinekomori,AoiNekomori,https://www.twitch.tv/aoinekomori,2026-09-13T08:56:22.410895+00:00,https://www.twitch.tv/aoinekomori/about,2026-09-17,not_established_at_cutoff,
acct_2578a641fdd41aef993f,714801236,user_id,aosorapopo,AosoraPopo,https://www.twitch.tv/aosorapopo,2026-09-13T08:51:24.294278+00:00,https://www.twitch.tv/aosorapopo/about,2026-09-17,not_established_at_cutoff,
acct_58c80e96baf1af248afd,780894216,user_id,aozora_sukai,Aozora_Sukai,https://www.twitch.tv/aozora_sukai,2026-09-13T08:51:29.296558+00:00,https://www.twitch.tv/aozora_sukai/about,2026-09-17,not_established_at_cutoff,
acct_9d1838f957dc470ac693,120192302,user_id,apheriajax,Apheriajax,https://www.twitch.tv/apheriajax,2026-09-13T08:51:31.926215+00:00,https://www.twitch.tv/apheriajax/about,2026-09-17,not_established_at_cutoff,
acct_fbcf845adb4bc483e4b0,434595878,user_id,apririru,apririru,https://www.twitch.tv/apririru,2026-09-13T08:51:21.512868+00:00,https://www.twitch.tv/apririru/about,2026-09-17,not_established_at_cutoff,
acct_fcb8cebbf30837ed4ba9,514093103,user_id,aquamarinia,AquaMarinia,https://www.twitch.tv/aquamarinia,2026-09-13T08:51:38.087820+00:00,https://www.twitch.tv/aquamarinia/about,2026-09-17,not_established_at_cutoff,
acct_a772a98fa2dd3b161eb1,529412100,user_id,ar_mozz,Ar_MoZz,https://www.twitch.tv/ar_mozz,2026-09-13T08:51:24.297277+00:00,https://www.twitch.tv/ar_mozz/about,2026-09-17,not_established_at_cutoff,
acct_73c57cc6fd54bb4b5e2a,103746445,user_id,arikathanks,ArikathankS,https://www.twitch.tv/arikathanks,2026-09-13T08:51:38.907907+00:00,https://www.twitch.tv/arikathanks/about,2026-09-17,not_established_at_cutoff,
acct_80fa1da53a72c4965955,549131936,user_id,arikojz,ArikoJz,https://www.twitch.tv/arikojz,2026-09-13T08:51:29.955977+00:00,https://www.twitch.tv/arikojz/about,2026-09-17,not_established_at_cutoff,
acct_818d1dc741180449c650,838113231,user_id,arinakaneaki,ArinaKaneaki,https://www.twitch.tv/arinakaneaki,2026-09-13T08:56:22.410895+00:00,https://www.twitch.tv/arinakaneaki/about,2026-09-17,not_established_at_cutoff,
acct_9c0f0fb70241d6fb9de6,745759334,user_id,arineuwu,ArineUwU,https://www.twitch.tv/arineuwu,2026-09-13T08:51:20.754463+00:00,https://www.twitch.tv/arineuwu/about,2026-09-17,not_established_at_cutoff,
acct_65f13303be265dc471d9,1220763398,user_id,arisu443,arisu443,https://www.twitch.tv/arisu443,2026-09-13T08:00:00+00:00,https://www.twitch.tv/arisu443,2026-09-17,not_established_at_cutoff,
acct_53e23414a6ca510747e3,252172169,user_id,ariziav,AriziaV,https://www.twitch.tv/ariziav,2026-09-13T08:51:19.929297+00:00,https://www.twitch.tv/ariziav/about,2026-09-17,not_established_at_cutoff,
acct_29388782ba05867ddfc6,1054389857,user_id,ark_arp,Ark_ARP,https://www.twitch.tv/ark_arp,2026-09-13T08:56:24.400897+00:00,https://www.twitch.tv/ark_arp/about,2026-09-17,not_established_at_cutoff,
acct_b08f3987d610bedde85b,932460792,user_id,artie_epr,artie_epr,https://www.twitch.tv/artie_epr,2026-09-13T08:56:19.229160+00:00,https://www.twitch.tv/artie_epr/about,2026-09-17,not_established_at_cutoff,
acct_51b93ca4d5ce8d503a1b,126505413,user_id,asagimami,AsagiMami,https://www.twitch.tv/asagimami,2026-09-13T08:51:20.755463+00:00,https://www.twitch.tv/asagimami/about,2026-09-17,not_established_at_cutoff,
acct_c61e6992068cc6f763b2,1242548382,user_id,asmodeusia_blb,AsmodeuSia_BLB,https://www.twitch.tv/asmodeusia_blb,2026-09-13T08:56:20.029641+00:00,https://www.twitch.tv/asmodeusia_blb/about,2026-09-17,not_established_at_cutoff,
acct_1fffbcf73e8c2457d252,815287996,user_id,asterkalimeris,AsterKalimeris,https://www.twitch.tv/asterkalimeris,2026-09-13T08:51:19.927297+00:00,https://www.twitch.tv/asterkalimeris/about,2026-09-17,not_established_at_cutoff,
acct_30a3dd7323140116d465,193711448,user_id,astralkamivt,AstralKamiVT,https://www.twitch.tv/astralkamivt,2026-09-13T08:57:00.054335+00:00,https://www.twitch.tv/astralkamivt/about,2026-09-17,not_established_at_cutoff,
acct_d68b0f85022f17913abd,438182919,user_id,astralvmoonlight,AstralVMoonlight,https://www.twitch.tv/astralvmoonlight,2026-09-13T08:51:24.295277+00:00,https://www.twitch.tv/astralvmoonlight/about,2026-09-17,not_established_at_cutoff,
acct_69d41ed57148c01c985e,816775256,user_id,astreaastr,AstreaASTR,https://www.twitch.tv/astreaastr,2026-09-13T08:51:39.876763+00:00,https://www.twitch.tv/astreaastr/about,2026-09-17,not_established_at_cutoff,
acct_2f2b1e346c60c5401ca1,955292370,user_id,athruntytoalba,AthrunTytoAlba,https://www.twitch.tv/athruntytoalba,2026-09-13T08:51:31.927215+00:00,https://www.twitch.tv/athruntytoalba/about,2026-09-17,not_established_at_cutoff,
acct_1620f830e379d6e766b8,899659595,user_id,ayanedesu,AyaneDesu,https://www.twitch.tv/ayanedesu,2026-09-13T08:51:29.954979+00:00,https://www.twitch.tv/ayanedesu/about,2026-09-17,not_established_at_cutoff,
acct_ea238e66bfcc2bd80ab0,280777818,user_id,ayazakiruririn,ayazakiruririn,https://www.twitch.tv/ayazakiruririn,2026-09-13T08:51:38.088822+00:00,https://www.twitch.tv/ayazakiruririn/about,2026-09-17,not_established_at_cutoff,
acct_d50d1de20b0fd17df847,796577135,user_id,aynaarp,AynaARP,https://www.twitch.tv/aynaarp,2026-09-13T08:51:40.354711+00:00,https://www.twitch.tv/aynaarp/about,2026-09-17,not_established_at_cutoff,
acct_39d22d857fae678fd8a3,893868610,user_id,ayselzz,Ayselzz,https://www.twitch.tv/ayselzz,2026-09-13T08:51:39.877759+00:00,https://www.twitch.tv/ayselzz/about,2026-09-17,not_established_at_cutoff,
acct_5faf83fc253d05e9697d,1023485840,user_id,aytheravt,AytheraVT,https://www.twitch.tv/aytheravt,2026-09-13T08:51:31.925216+00:00,https://www.twitch.tv/aytheravt/about,2026-09-17,not_established_at_cutoff,
acct_709b689fe5902ebf6a0f,765495646,user_id,azatostacia,AzatoStacia,https://www.twitch.tv/azatostacia,2026-09-13T08:56:19.229160+00:00,https://www.twitch.tv/azatostacia/about,2026-09-17,not_established_at_cutoff,
acct_12cf54c5069f00cb4a1f,788435857,user_id,azazelthewanderer,azazelthewanderer,https://www.twitch.tv/azazelthewanderer,2026-09-16T09:30:00+00:00,https://www.youtube.com/channel/UCbwvKxA5KSud4jcaD5g5ukQ,2026-09-17,not_established_at_cutoff,
acct_45ad0e8152dae86e19da,778530655,user_id,azuko_98,'- Azuko - あずこ - Ch.,https://twitch.tv/azuko_98,2026-09-16T14:49:21+00:00,https://x.com/Azuko_98,2026-09-17,not_established_at_cutoff,
acct_b4a91a2660854cfc37b1,626317498,user_id,azuri_prd,azuri_prd,https://www.twitch.tv/azuri_prd,2026-09-16T09:37:36+00:00,https://www.youtube.com/channel/UCZYLQLIIviw56yaDcA9-VwA,2026-09-17,not_established_at_cutoff,
acct_5a3daf1d37162d0d59ef,796345794,user_id,babyei_eichan,babyei_eichan,https://www.twitch.tv/babyei_eichan,2026-09-13T08:51:31.924216+00:00,https://www.twitch.tv/babyei_eichan/about,2026-09-17,not_established_at_cutoff,
acct_4b845d27e353858380b4,164601883,user_id,babythunders,BabyThunderS,https://www.twitch.tv/babythunders,2026-09-13T08:51:27.553347+00:00,https://www.twitch.tv/babythunders/about,2026-09-17,not_established_at_cutoff,
acct_06b7b5d6b3e6dbbed70a,177279795,user_id,bacony__,bacony__,https://www.twitch.tv/bacony__,2026-09-13T08:51:34.727859+00:00,https://www.twitch.tv/bacony__/about,2026-09-17,not_established_at_cutoff,
acct_316ebe69b65872336d6d,781119529,user_id,bakuarp,BakuARP,https://www.twitch.tv/bakuarp,2026-09-13T08:51:37.434021+00:00,https://www.twitch.tv/bakuarp/about,2026-09-17,not_established_at_cutoff,
acct_36accf4a459f7bf3f3ef,659043760,user_id,bambooniffy,bambooniffy,https://www.twitch.tv/bambooniffy,2026-09-13T08:56:20.029641+00:00,https://www.twitch.tv/bambooniffy/about,2026-09-17,not_established_at_cutoff,
acct_a0df8e88b5d061d12a1a,1046757937,user_id,banpratou,Banpratou,https://www.twitch.tv/banpratou,2026-09-13T08:56:21.603176+00:00,https://www.twitch.tv/banpratou/about,2026-09-17,not_established_at_cutoff,
acct_e4763073e98223551681,181972668,user_id,baruruchannel,Baruruchannel,https://www.twitch.tv/baruruchannel,2026-09-13T08:51:22.275102+00:00,https://www.twitch.tv/baruruchannel/about,2026-09-17,not_established_at_cutoff,
acct_8cb8e9822cadff38dfb1,85526108,user_id,basseafood,Basseafood,https://www.twitch.tv/basseafood,2026-09-13T08:51:30.941681+00:00,https://www.twitch.tv/basseafood/about,2026-09-17,not_established_at_cutoff,
acct_628e2cbefc07106fa4dd,754595578,user_id,bdy_baddie,bdy_baddie,https://www.twitch.tv/bdy_baddie,2026-09-13T08:57:00.056336+00:00,https://www.twitch.tv/bdy_baddie/about,2026-09-17,not_established_at_cutoff,
acct_a495e6a888e14839ab42,880716100,user_id,bedeelia,Bedeelia,https://www.twitch.tv/bedeelia,2026-09-13T08:56:25.930333+00:00,https://www.twitch.tv/bedeelia/about,2026-09-17,not_established_at_cutoff,
acct_85d0879038bf7ff26d7c,777279091,user_id,belindalidia,belindalidia,https://www.twitch.tv/belindalidia,2026-09-13T08:51:22.276103+00:00,https://www.twitch.tv/belindalidia/about,2026-09-17,not_established_at_cutoff,
acct_69fbbcd52a1359d4ed16,55553539,user_id,bengalactual,BengalActual,https://www.twitch.tv/bengalactual,2026-09-13T08:57:00.054335+00:00,https://www.twitch.tv/bengalactual/about,2026-09-17,not_established_at_cutoff,
acct_9e34323445cec7901f91,936043653,user_id,bhxcolatebhip,BhxcolateBhip,https://www.twitch.tv/bhxcolatebhip,2026-09-13T08:51:20.755463+00:00,https://www.twitch.tv/bhxcolatebhip/about,2026-09-17,not_established_at_cutoff,
acct_83198a6fbed99150b9a3,131929130,user_id,bingsujuseyo,Bingsujuseyo,https://www.twitch.tv/bingsujuseyo,2026-09-13T08:51:36.524528+00:00,https://www.twitch.tv/bingsujuseyo/about,2026-09-17,not_established_at_cutoff,
acct_67fc1e67e9894d854856,187498439,user_id,biom4nzz,BiOM4NzZ,https://www.twitch.tv/biom4nzz,2026-09-13T08:51:29.955977+00:00,https://www.twitch.tv/biom4nzz/about,2026-09-17,not_established_at_cutoff,
acct_dfa02754bbd5992c8226,131578275,user_id,biru101,biru101,https://www.twitch.tv/biru101,2026-09-13T08:57:01.971280+00:00,https://www.twitch.tv/biru101/about,2026-09-17,not_established_at_cutoff,
acct_f587818fbe4666fd8f2a,264978929,user_id,blinkdraws_,blinkdraws_,https://www.twitch.tv/blinkdraws_,2026-09-13T08:56:22.411997+00:00,https://www.twitch.tv/blinkdraws_/about,2026-09-17,not_established_at_cutoff,
acct_b40ea045796ed1f1bc97,229543169,user_id,blu3koi,blu3koi,https://www.twitch.tv/blu3koi,2026-09-13T08:51:24.945401+00:00,https://www.twitch.tv/blu3koi/about,2026-09-17,not_established_at_cutoff,
acct_15b6e2a569220f46b6d5,161526588,user_id,bluevalentinevt,BlueValentineVT,https://www.twitch.tv/bluevalentinevt,2026-09-13T08:51:18.736926+00:00,https://www.twitch.tv/bluevalentinevt/about,2026-09-17,not_established_at_cutoff,
acct_ae0126bf33d20a3b0c13,779006194,user_id,bluwey_11,bluwey_11,https://www.twitch.tv/bluwey_11,2026-09-16T09:58:52+00:00,https://www.youtube.com/channel/UCt483dpJFmpjRjADkNCWj1A,2026-09-17,not_established_at_cutoff,
acct_6e300485dc516cb93d30,729390443,user_id,bobdontlikebroccoli,bobdontlikebroccoli,https://www.twitch.tv/bobdontlikebroccoli,2026-09-13T08:00:00+00:00,https://www.twitch.tv/bobdontlikebroccoli,2026-09-17,not_established_at_cutoff,
acct_990c86d61536e9b59b99,218425987,user_id,boonshuuuu,Boonshuuuu,https://www.twitch.tv/boonshuuuu,2026-09-13T08:51:38.085819+00:00,https://www.twitch.tv/boonshuuuu/about,2026-09-17,not_established_at_cutoff,
acct_9a3eaa45afd092cd5d18,743623225,user_id,bot_lottie,Bot_Lottie,https://www.twitch.tv/bot_lottie,2026-09-13T08:57:01.974336+00:00,https://www.twitch.tv/bot_lottie/about,2026-09-17,not_established_at_cutoff,
acct_b617b582232a9bef368a,710287887,user_id,breindel_the_duck,Breindel_the_duck,https://www.twitch.tv/breindel_the_duck,2026-09-13T08:56:20.854111+00:00,https://www.twitch.tv/breindel_the_duck/about,2026-09-17,not_established_at_cutoff,
acct_ceaca9add9b36ce7da5a,22562338,user_id,buffpup,buffpup,https://www.twitch.tv/buffpup,2026-09-13T08:00:00+00:00,https://www.twitch.tv/buffpup,2026-09-17,not_established_at_cutoff,
acct_693e0c1a4a66d78c38c2,1374380253,user_id,bughaginhuamung,bughaginhuamung,https://www.twitch.tv/bughaginhuamung,2026-09-13T08:56:21.604180+00:00,https://www.twitch.tv/bughaginhuamung/about,2026-09-17,not_established_at_cutoff,
acct_801ff7d63f82b64a33d4,763342948,user_id,bunana_vtuber,Bunana_Vtuber,https://www.twitch.tv/bunana_vtuber,2026-09-13T08:56:25.168522+00:00,https://www.twitch.tv/bunana_vtuber/about,2026-09-17,not_established_at_cutoff,
acct_ab4aa4f1beb9f1b78db5,778801796,user_id,bunniesch,BunniesCH,https://www.twitch.tv/bunniesch,2026-09-13T08:51:21.513869+00:00,https://www.twitch.tv/bunniesch/about,2026-09-17,not_established_at_cutoff,
acct_a495dd0aa3cc80c1440f,773674319,user_id,buruchannel,buruchannel,https://www.twitch.tv/buruchannel,2026-09-13T08:00:00+00:00,https://www.twitch.tv/buruchannel,2026-09-17,not_established_at_cutoff,
acct_a2b780517e862ac2e02e,840098762,user_id,cailleachv,CailleachV,https://www.twitch.tv/cailleachv,2026-09-13T08:51:30.942679+00:00,https://www.twitch.tv/cailleachv/about,2026-09-17,not_established_at_cutoff,
acct_c7414eb6375e6ad9bcd4,709926189,user_id,calmmunessu,Calmmunessu,https://www.twitch.tv/calmmunessu,2026-09-13T08:51:29.954979+00:00,https://www.twitch.tv/calmmunessu/about,2026-09-17,not_established_at_cutoff,
acct_5f12c03a3507e052ec94,821792726,user_id,camelliameilleur,camelliameilleur,https://www.twitch.tv/camelliameilleur,2026-09-13T08:51:33.909032+00:00,https://www.twitch.tv/camelliameilleur/about,2026-09-17,not_established_at_cutoff,
acct_a8e874bce4554f9cb153,654655448,user_id,candycatdy,candycatdy,https://www.twitch.tv/candycatdy,2026-09-13T08:51:18.736926+00:00,https://www.twitch.tv/candycatdy/about,2026-09-17,not_established_at_cutoff,
acct_526709eb900e8d38b57f,1113509309,user_id,carifo_1991,carifo_1991,https://www.twitch.tv/carifo_1991,2026-09-13T08:00:00+00:00,https://www.twitch.tv/carifo_1991,2026-09-17,not_established_at_cutoff,
acct_40370a1d3f1ad5408183,157454094,user_id,castasia_vtuber,castasia_vtuber,https://www.twitch.tv/castasia_vtuber,2026-09-13T08:51:21.514867+00:00,https://www.twitch.tv/castasia_vtuber/about,2026-09-17,not_established_at_cutoff,
acct_d7e9513d4d876b6c4a3a,580837196,user_id,cath_na,cath_na,https://www.twitch.tv/cath_na,2026-09-13T08:51:39.877759+00:00,https://www.twitch.tv/cath_na/about,2026-09-17,not_established_at_cutoff,
acct_50b319299488faed9b71,1496705763,user_id,cecilepenelopepinto72886,cecilepenelopepinto72886,https://www.twitch.tv/cecilepenelopepinto72886,2026-09-13T08:00:00+00:00,https://www.twitch.tv/cecilepenelopepinto72886,2026-09-17,not_established_at_cutoff,
acct_7ca219475e2184cbe547,84601750,user_id,celestial_particle,celestial_particle,https://www.twitch.tv/celestial_particle,2026-09-13T08:00:00+00:00,https://www.twitch.tv/celestial_particle,2026-09-17,not_established_at_cutoff,
acct_28c80de398465fb231db,900485347,user_id,cerisechannel,CeriseChannel,https://www.twitch.tv/cerisechannel,2026-09-13T08:51:33.068513+00:00,https://www.twitch.tv/cerisechannel/about,2026-09-17,not_established_at_cutoff,
acct_86e5499394eaf46df8d6,1132801835,user_id,cerseilezlie,CerseiLezlie,https://www.twitch.tv/cerseilezlie,2026-09-13T08:51:36.523532+00:00,https://www.twitch.tv/cerseilezlie/about,2026-09-17,not_established_at_cutoff,
acct_febf4e89a58de09089ad,141141925,user_id,chaaymth,ChaAYMTH,https://www.twitch.tv/chaaymth,2026-09-13T08:51:18.734926+00:00,https://www.twitch.tv/chaaymth/about,2026-09-17,not_established_at_cutoff,
acct_16b2b4405071da0610ea,834972400,user_id,chalamkhai,chalamkhai,https://www.twitch.tv/chalamkhai,2026-09-13T08:51:27.554347+00:00,https://www.twitch.tv/chalamkhai/about,2026-09-17,not_established_at_cutoff,
acct_953ca854e9e832da5813,496306660,user_id,chaoplathong,chaoplathong,https://www.twitch.tv/chaoplathong,2026-09-13T08:51:18.735927+00:00,https://www.twitch.tv/chaoplathong/about,2026-09-17,not_established_at_cutoff,
acct_0f56b3c423e11c111f97,1275876736,user_id,chatacloveron,chatacloveron,https://www.twitch.tv/chatacloveron,2026-09-13T08:56:19.229160+00:00,https://www.twitch.tv/chatacloveron/about,2026-09-17,not_established_at_cutoff,
acct_8c13b4cd0e029de248d3,141567277,user_id,cheezysteaks,CheezySteaks,https://www.twitch.tv/cheezysteaks,2026-09-13T08:51:34.728859+00:00,https://www.twitch.tv/cheezysteaks/about,2026-09-17,not_established_at_cutoff,
acct_2f2b87dc7ee1397bd21f,134594357,user_id,cherylwaltz,cherylwaltz,https://www.twitch.tv/cherylwaltz,2026-09-13T08:00:00+00:00,https://www.twitch.tv/cherylwaltz,2026-09-17,not_established_at_cutoff,
acct_39a33a743681d3a45856,1112527630,user_id,chiaraesperanza,ChiaraEsperanza,https://www.twitch.tv/chiaraesperanza,2026-09-13T08:56:25.169520+00:00,https://www.twitch.tv/chiaraesperanza/about,2026-09-17,not_established_at_cutoff,
acct_eebf0eb2ba11c59775e0,203080685,user_id,chibiia,Chibiia,https://www.twitch.tv/chibiia,2026-09-13T08:51:31.926215+00:00,https://www.twitch.tv/chibiia/about,2026-09-17,not_established_at_cutoff,
acct_4a3f4335d77c8df22b00,795599972,user_id,chisana_suigyu,chisana_suigyu,https://www.twitch.tv/chisana_suigyu,2026-09-13T08:51:30.940530+00:00,https://www.twitch.tv/chisana_suigyu/about,2026-09-17,not_established_at_cutoff,
acct_4c9459516f53d1724929,254550362,user_id,chitanekochi,chitanekochi,https://www.twitch.tv/chitanekochi,2026-09-13T08:57:02.532193+00:00,https://www.twitch.tv/chitanekochi/about,2026-09-17,not_established_at_cutoff,
acct_71d188a336b44d0d6838,819799659,user_id,chiun_vtuberth,Chiun_VtuberTH,https://www.twitch.tv/chiun_vtuberth,2026-09-13T08:51:34.728859+00:00,https://www.twitch.tv/chiun_vtuberth/about,2026-09-17,not_established_at_cutoff,
acct_0b327f4d4474fcdc8cbd,972462168,user_id,chizizfa666,chizizfa666,https://www.twitch.tv/chizizfa666,2026-09-13T08:51:31.926215+00:00,https://www.twitch.tv/chizizfa666/about,2026-09-17,not_established_at_cutoff,
acct_7d99fb0187b5e1df209d,194179186,user_id,ckayzekub,ckayzekub,https://www.twitch.tv/ckayzekub,2026-09-13T08:51:19.928297+00:00,https://www.twitch.tv/ckayzekub/about,2026-09-17,not_established_at_cutoff,
acct_704d90014c1d0effd6b2,884327298,user_id,clairederier,Clairederier,https://www.twitch.tv/clairederier,2026-09-13T08:51:22.274100+00:00,https://www.twitch.tv/clairederier/about,2026-09-17,not_established_at_cutoff,
acct_9e41cdc1984af1d42926,745998853,user_id,cobalthellhound,CobaltHellHound,https://www.twitch.tv/cobalthellhound,2026-09-13T08:56:22.412997+00:00,https://www.twitch.tv/cobalthellhound/about,2026-09-17,not_established_at_cutoff,
acct_e74cbb77895c7d244a13,628831161,user_id,coeurdepingouintv,coeurdepingouintv,https://www.twitch.tv/coeurdepingouintv,2026-09-13T08:00:00+00:00,https://www.twitch.tv/coeurdepingouintv,2026-09-17,not_established_at_cutoff,
acct_2b391eb91ea8a55cd53e,464704780,user_id,conneseplai,ConnesePlai,https://www.twitch.tv/conneseplai,2026-09-13T08:56:20.856111+00:00,https://www.twitch.tv/conneseplai/about,2026-09-17,not_established_at_cutoff,
acct_b379c01d1190a7841f39,134027607,user_id,cooga07,CooGa07,https://www.twitch.tv/cooga07,2026-09-13T08:56:21.604180+00:00,https://www.twitch.tv/cooga07/about,2026-09-17,not_established_at_cutoff,
acct_03936893155c4d775ff5,942193065,user_id,copper_chark,copper_chark,https://www.twitch.tv/copper_chark,2026-09-13T08:51:33.908031+00:00,https://www.twitch.tv/copper_chark/about,2026-09-17,not_established_at_cutoff,
acct_1ceef1921be2b3c8f931,927552414,user_id,cozyclover_,CozyClover_,https://www.twitch.tv/cozyclover_,2026-09-13T08:51:18.735927+00:00,https://www.twitch.tv/cozyclover_/about,2026-09-17,not_established_at_cutoff,
acct_55344c80444a0270f1a8,594442225,user_id,crazyghsot,crazyghsot,https://www.twitch.tv/crazyghsot,2026-09-13T08:51:38.909907+00:00,https://www.twitch.tv/crazyghsot/about,2026-09-17,not_established_at_cutoff,
acct_25e9a9db194a8dce9eed,690716649,user_id,croco_fishy,CroCo_Fishy,https://www.twitch.tv/croco_fishy,2026-09-13T08:57:02.532193+00:00,https://www.twitch.tv/croco_fishy/about,2026-09-17,not_established_at_cutoff,
acct_00c29b85ed62973dea2b,140181507,user_id,cupochino,CupOChino,https://www.twitch.tv/cupochino,2026-09-13T08:56:25.170522+00:00,https://www.twitch.tv/cupochino/about,2026-09-17,not_established_at_cutoff,
acct_e2152b8103cee6edf608,137494899,user_id,cylowless,Cylowless,https://www.twitch.tv/cylowless,2026-09-13T08:51:40.354711+00:00,https://www.twitch.tv/cylowless/about,2026-09-17,not_established_at_cutoff,
acct_82038ac5eb00cc9a387d,696311609,user_id,cynthia_rowena,cynthia_rowena,https://www.twitch.tv/cynthia_rowena,2026-09-13T08:56:20.028642+00:00,https://www.twitch.tv/cynthia_rowena/about,2026-09-17,not_established_at_cutoff,
acct_1b83de124409b599f249,670546268,user_id,cyyuvtuber,cyyuvtuber,https://www.twitch.tv/cyyuvtuber,2026-09-13T08:00:00+00:00,https://www.twitch.tv/cyyuvtuber,2026-09-17,not_established_at_cutoff,
acct_edb5d4acede796025119,1174846154,user_id,dacapoootapioka,dacapoootapioka,https://www.twitch.tv/dacapoootapioka,2026-09-13T08:51:38.088822+00:00,https://www.twitch.tv/dacapoootapioka/about,2026-09-17,not_established_at_cutoff,
acct_044bf884b7af238d9460,110365473,user_id,daddeldemon,daddeldemon,https://www.twitch.tv/daddeldemon,2026-09-13T08:00:00+00:00,https://www.twitch.tv/daddeldemon,2026-09-17,not_established_at_cutoff,
acct_5851db5c75144b9960a2,817726472,user_id,daiji_otl,Daiji_OTL,https://www.twitch.tv/daiji_otl,2026-09-13T08:56:21.604180+00:00,https://www.twitch.tv/daiji_otl/about,2026-09-17,not_established_at_cutoff,
acct_7efb549ba5b80e33093d,734691030,user_id,daivtuberoff,daivtuberoff,https://www.twitch.tv/daivtuberoff,2026-09-13T08:00:00+00:00,https://www.twitch.tv/daivtuberoff,2026-09-17,not_established_at_cutoff,
acct_6a3e1c4685e37f4b068e,901250235,user_id,dalinjumora,Dalinjumora,https://www.twitch.tv/dalinjumora,2026-09-13T08:51:35.566869+00:00,https://www.twitch.tv/dalinjumora/about,2026-09-17,not_established_at_cutoff,
acct_9f820192a5606a5604b6,1013023509,user_id,darchelle_vtuber,darchelle_vtuber,https://www.twitch.tv/darchelle_vtuber,2026-09-13T08:57:02.533195+00:00,https://www.twitch.tv/darchelle_vtuber/about,2026-09-17,not_established_at_cutoff,
acct_85e199e46b8ab59f37c5,436999151,user_id,darinvmonster,darinVmonster,https://www.twitch.tv/darinvmonster,2026-09-13T08:56:25.169520+00:00,https://www.twitch.tv/darinvmonster/about,2026-09-17,not_established_at_cutoff,
acct_dccc2977253ba6d0fd6f,208278381,user_id,dark_saito,Dark_Saito,https://www.twitch.tv/dark_saito,2026-09-13T08:51:27.553347+00:00,https://www.twitch.tv/dark_saito/about,2026-09-17,not_established_at_cutoff,
acct_e88ac04ff0ec392364aa,56345992,user_id,darkphoenix13fr,DarkPhoenix13Fr,https://www.twitch.tv/darkphoenix13fr,2026-09-13T08:51:42.195323+00:00,https://www.twitch.tv/darkphoenix13fr/about,2026-09-17,not_established_at_cutoff,
acct_296652ac0d98cec9a98c,173255800,user_id,darumaby,darumaby,https://www.twitch.tv/darumaby,2026-09-13T08:51:35.565867+00:00,https://www.twitch.tv/darumaby/about,2026-09-17,not_established_at_cutoff,
acct_7b1d5f58260a4663ce7f,137238705,user_id,dearrainy,DearRainy,https://www.twitch.tv/dearrainy,2026-09-13T08:51:35.564868+00:00,https://www.twitch.tv/dearrainy/about,2026-09-17,not_established_at_cutoff,
acct_a2fd7447a0fa05d79b59,1219108279,user_id,deathchannel_live,deathchannel_live,https://www.twitch.tv/deathchannel_live,2026-09-13T08:00:00+00:00,https://www.twitch.tv/deathchannel_live,2026-09-17,not_established_at_cutoff,
acct_d735c9afcad02e399d2f,131745208,user_id,deliciae_v,DeliCiae_v,https://www.twitch.tv/deliciae_v,2026-09-13T08:51:42.197323+00:00,https://www.twitch.tv/deliciae_v/about,2026-09-17,not_established_at_cutoff,
acct_92740742863f50010ea8,38115293,user_id,delivakaga,DelivaKaga,https://www.twitch.tv/delivakaga,2026-09-13T08:51:19.930297+00:00,https://www.twitch.tv/delivakaga/about,2026-09-17,not_established_at_cutoff,
acct_eb01011d335c08af613f,629919192,user_id,dellons_ch,dellons_ch,https://www.twitch.tv/dellons_ch,2026-09-13T08:51:39.878758+00:00,https://www.twitch.tv/dellons_ch/about,2026-09-17,not_established_at_cutoff,
acct_353c1ebfb0aa9588e03c,983212706,user_id,demon_blxe,demon_blxe,https://www.twitch.tv/demon_blxe,2026-09-13T08:57:02.531190+00:00,https://www.twitch.tv/demon_blxe/about,2026-09-17,not_established_at_cutoff,
acct_f4cccb8cf37a3ea585d5,136600698,user_id,derica_dayo,derica_dayo,https://www.twitch.tv/derica_dayo,2026-09-13T08:51:24.297277+00:00,https://www.twitch.tv/derica_dayo/about,2026-09-17,not_established_at_cutoff,
acct_956b812a0f679c3af1b6,809848637,user_id,diana_chocmint,diana_chocmint,https://www.twitch.tv/diana_chocmint,2026-09-13T08:57:02.841343+00:00,https://www.twitch.tv/diana_chocmint/about,2026-09-17,not_established_at_cutoff,
acct_1558f4659e513367a90c,999876815,user_id,divafallen,DivaFallen,https://www.twitch.tv/divafallen,2026-09-13T08:51:37.434021+00:00,https://www.twitch.tv/divafallen/about,2026-09-17,not_established_at_cutoff,
acct_d5778e74265d0b4908a8,1324503740,user_id,dmuofficial,dmuofficial,https://www.twitch.tv/dmuofficial,2026-09-13T08:00:00+00:00,https://www.twitch.tv/dmuofficial,2026-09-17,not_established_at_cutoff,
acct_3e8be57264392adb00e5,823844351,user_id,dnoirbs,DNoiRbs,https://www.twitch.tv/dnoirbs,2026-09-13T08:51:39.877759+00:00,https://www.twitch.tv/dnoirbs/about,2026-09-17,not_established_at_cutoff,
acct_8643ccf195fdb8c6d022,1110066513,user_id,donovan_vt,donovan_vt,https://www.twitch.tv/donovan_vt,2026-09-16T09:33:54+00:00,https://www.youtube.com/channel/UCbXXQtmpcBI8GtO2Xg5pYuw,2026-09-17,not_established_at_cutoff,
acct_585f09c1ff907abab6ef,863306349,user_id,doublequill_tiny,Doublequill_TINY,https://www.twitch.tv/doublequill_tiny,2026-09-13T08:51:35.565867+00:00,https://www.twitch.tv/doublequill_tiny/about,2026-09-17,not_established_at_cutoff,
acct_8112e0363158fdc798f3,145947377,user_id,dr_seng,Dr_Seng,https://www.twitch.tv/dr_seng,2026-09-13T08:51:26.365427+00:00,https://www.twitch.tv/dr_seng/about,2026-09-17,not_established_at_cutoff,
acct_33bdbe1a529a56dbbe28,82466226,user_id,dragochain,DragoCHAIN,https://www.twitch.tv/dragochain,2026-09-13T08:51:18.735927+00:00,https://www.twitch.tv/dragochain/about,2026-09-17,not_established_at_cutoff,
acct_6cd90a4d34964710e8e5,1495753963,user_id,dragoooon420,dragoooon420,https://www.twitch.tv/dragoooon420,2026-09-13T08:00:00+00:00,https://www.twitch.tv/dragoooon420,2026-09-17,not_established_at_cutoff,
acct_6d7b2331805c07d1dc66,534913509,user_id,dragoooon_xd,dragoooon_xd,https://www.twitch.tv/dragoooon_xd,2026-09-13T08:00:00+00:00,https://www.twitch.tv/dragoooon_xd,2026-09-17,not_established_at_cutoff,
acct_49f983186e923cc64cc2,1525111395,user_id,dragoooona,dragoooona,https://www.twitch.tv/dragoooona,2026-09-13T08:00:00+00:00,https://www.twitch.tv/dragoooona,2026-09-17,not_established_at_cutoff,
acct_70fae605bec5ed67f3a8,1518532680,user_id,dragoooonslyr,dragoooonslyr,https://www.twitch.tv/dragoooonslyr,2026-09-13T08:00:00+00:00,https://www.twitch.tv/dragoooonslyr,2026-09-17,not_established_at_cutoff,
acct_a2dcf5d31d3179c2c41e,1024285665,user_id,dragooooon21,dragooooon21,https://www.twitch.tv/dragooooon21,2026-09-13T08:00:00+00:00,https://www.twitch.tv/dragooooon21,2026-09-17,not_established_at_cutoff,
acct_99e77374ed58912eb09e,1411404221,user_id,dragooooon556,dragooooon556,https://www.twitch.tv/dragooooon556,2026-09-13T08:00:00+00:00,https://www.twitch.tv/dragooooon556,2026-09-17,not_established_at_cutoff,
acct_26f7782cfc219780c7f0,1515719935,user_id,dragoooooniscool,dragoooooniscool,https://www.twitch.tv/dragoooooniscool,2026-09-13T08:00:00+00:00,https://www.twitch.tv/dragoooooniscool,2026-09-17,not_established_at_cutoff,
acct_38331484e5970bef6c8e,1514287136,user_id,dragooooooon89,dragooooooon89,https://www.twitch.tv/dragooooooon89,2026-09-13T08:00:00+00:00,https://www.twitch.tv/dragooooooon89,2026-09-17,not_established_at_cutoff,
acct_5784e30be2e9c927da86,140727353,user_id,drakonyamio,DrakoNyaMio,https://www.twitch.tv/drakonyamio,2026-09-13T08:51:34.726859+00:00,https://www.twitch.tv/drakonyamio/about,2026-09-17,not_established_at_cutoff,
acct_6144037f629d5aab3ae8,715990491,user_id,dttodot,dttodot,https://www.twitch.tv/dttodot,2026-09-13T08:51:30.941681+00:00,https://www.twitch.tv/dttodot/about,2026-09-17,not_established_at_cutoff,
acct_36ca07dac87487f971ff,180796129,user_id,dvbringer,DvBringer,https://www.twitch.tv/dvbringer,2026-09-13T08:51:24.944401+00:00,https://www.twitch.tv/dvbringer/about,2026-09-17,not_established_at_cutoff,
acct_aaa5eacfb1c790a33316,747846855,user_id,eeirlys,eeirlys,https://www.twitch.tv/eeirlys,2026-09-13T08:00:00+00:00,https://www.twitch.tv/eeirlys,2026-09-17,not_established_at_cutoff,
acct_a96b0350a701b8dddb5a,785901670,user_id,eileennoir,Eileennoir,https://www.twitch.tv/eileennoir,2026-09-13T08:51:35.565867+00:00,https://www.twitch.tv/eileennoir/about,2026-09-17,not_established_at_cutoff,
acct_f28592162272b0ba6136,880881020,user_id,eimiichan_,Eimiichan_,https://www.twitch.tv/eimiichan_,2026-09-13T08:51:36.521530+00:00,https://www.twitch.tv/eimiichan_/about,2026-09-17,not_established_at_cutoff,
acct_8bec975eac7cd968c11a,215333188,user_id,eirlyz_,Eirlyz_,https://www.twitch.tv/eirlyz_,2026-09-13T08:51:26.366427+00:00,https://www.twitch.tv/eirlyz_/about,2026-09-17,not_established_at_cutoff,
acct_499e535fcd235f676456,1056058346,user_id,elan_t,elan_t,https://www.twitch.tv/elan_t,2026-09-13T08:00:00+00:00,https://www.twitch.tv/elan_t,2026-09-17,not_established_at_cutoff,
acct_69f2d5b29b30904c35a5,597919186,user_id,elbrynboo,ElbrynBoo,https://www.twitch.tv/elbrynboo,2026-09-13T08:56:22.410895+00:00,https://www.twitch.tv/elbrynboo/about,2026-09-17,not_established_at_cutoff,
acct_b8ee59c4ab96905233ce,1341073917,user_id,eliesamuofficial,eliesamuofficial,https://www.twitch.tv/eliesamuofficial,2026-09-13T08:00:00+00:00,https://www.twitch.tv/eliesamuofficial,2026-09-17,not_established_at_cutoff,
acct_5ac31edf361e59f3ada2,826886647,user_id,elleusia,Elleusia,https://www.twitch.tv/elleusia,2026-09-13T08:56:20.855112+00:00,https://www.twitch.tv/elleusia/about,2026-09-17,not_established_at_cutoff,
acct_305b31d7bd63f1da3ce1,1452744808,user_id,elsamuofficiall,elsamuofficiall,https://www.twitch.tv/elsamuofficiall,2026-09-13T08:00:00+00:00,https://www.twitch.tv/elsamuofficiall,2026-09-17,not_established_at_cutoff,
acct_60f62bcfb3e9b1453b99,1319666891,user_id,elsenia_volentia,elsenia_volentia,https://www.twitch.tv/elsenia_volentia,2026-09-13T08:56:24.400897+00:00,https://www.twitch.tv/elsenia_volentia/about,2026-09-17,not_established_at_cutoff,
acct_babfb9bb0931ca71c37d,1514600316,user_id,emuofficial07,emuofficial07,https://www.twitch.tv/emuofficial07,2026-09-13T08:00:00+00:00,https://www.twitch.tv/emuofficial07,2026-09-17,not_established_at_cutoff,
acct_6419ae67136570a0b810,893664894,user_id,enryu_horus,Enryu_Horus,https://www.twitch.tv/enryu_horus,2026-09-13T08:51:29.955977+00:00,https://www.twitch.tv/enryu_horus/about,2026-09-17,not_established_at_cutoff,
acct_e666368310aa6eae9265,466618547,user_id,erimadesu,erimadesu,https://www.twitch.tv/erimadesu,2026-09-13T08:56:25.168522+00:00,https://www.twitch.tv/erimadesu/about,2026-09-17,not_established_at_cutoff,
acct_9aa3419ff083ece45cf0,778363860,user_id,erizuna,erizuna,https://www.twitch.tv/erizuna,2026-09-13T08:51:20.756464+00:00,https://www.twitch.tv/erizuna/about,2026-09-17,not_established_at_cutoff,
acct_fd8eb78e4575e42040b3,144663816,user_id,eryka_vt,Eryka_VT,https://www.twitch.tv/eryka_vt,2026-09-13T08:51:27.552347+00:00,https://www.twitch.tv/eryka_vt/about,2026-09-17,not_established_at_cutoff,
acct_bf21a95675deec6e9472,916408066,user_id,eryx_n,eryx_n,https://www.twitch.tv/eryx_n,2026-09-13T08:57:00.054335+00:00,https://www.twitch.tv/eryx_n/about,2026-09-17,not_established_at_cutoff,
acct_cb9ea8d783e2f5224cbc,786564613,user_id,estelle_wil,Estelle_Wil,https://www.twitch.tv/estelle_wil,2026-09-13T08:51:20.756464+00:00,https://www.twitch.tv/estelle_wil/about,2026-09-17,not_established_at_cutoff,
acct_7513785d17f63ecd8533,879792040,user_id,estevtuber,Estevtuber,https://www.twitch.tv/estevtuber,2026-09-13T08:51:33.066515+00:00,https://www.twitch.tv/estevtuber/about,2026-09-17,not_established_at_cutoff,
acct_bfa02b2957f4aad7c1dc,147332258,user_id,estxr_ch,estxr_CH,https://www.twitch.tv/estxr_ch,2026-09-13T08:51:38.910909+00:00,https://www.twitch.tv/estxr_ch/about,2026-09-17,not_established_at_cutoff,
acct_20d368213885384ae61d,889326595,user_id,eulaovtuber,eulaovtuber,https://www.twitch.tv/eulaovtuber,2026-09-16T09:30:18+00:00,https://www.youtube.com/channel/UCuSeRbNKfziUQdW6hZgiZjw,2026-09-17,not_established_at_cutoff,
acct_78d03fa63ad12319acc5,748513599,user_id,exzeliaaa,Exzeliaaa,https://www.twitch.tv/exzeliaaa,2026-09-13T08:51:33.907033+00:00,https://www.twitch.tv/exzeliaaa/about,2026-09-17,not_established_at_cutoff,
acct_0f84bab4120a7a4c8660,180686052,user_id,eyez_benjaneth,Eyez_Benjaneth,https://www.twitch.tv/eyez_benjaneth,2026-09-13T08:51:24.294278+00:00,https://www.twitch.tv/eyez_benjaneth/about,2026-09-17,not_established_at_cutoff,
acct_f677c6bc963d308dfd63,190313115,user_id,f4rc14,Catta.,https://twitch.tv/f4rc14,2026-09-16T14:49:21+00:00,https://x.com/Catta4R,2026-09-17,not_established_at_cutoff,
acct_f020c6dafdef02ee48fb,673174356,user_id,faethon_jantra,Faethon_Jantra,https://www.twitch.tv/faethon_jantra,2026-09-13T08:56:20.029641+00:00,https://www.twitch.tv/faethon_jantra/about,2026-09-17,not_established_at_cutoff,
acct_ee4af82261b298783c0d,805266421,user_id,fafyfalentine,FafyFalentine,https://www.twitch.tv/fafyfalentine,2026-09-13T08:51:36.523532+00:00,https://www.twitch.tv/fafyfalentine/about,2026-09-17,not_established_at_cutoff,
acct_13b360944181433f7b3c,798282124,user_id,fah_f2ye,Fah_F2ye,https://www.twitch.tv/fah_f2ye,2026-09-13T08:57:02.532193+00:00,https://www.twitch.tv/fah_f2ye/about,2026-09-17,not_established_at_cutoff,
acct_877d4a392d382b17ae58,737802436,user_id,faiybloodyflora,faiybloodyflora,https://www.twitch.tv/faiybloodyflora,2026-09-13T08:56:19.227159+00:00,https://www.twitch.tv/faiybloodyflora/about,2026-09-17,not_established_at_cutoff,
acct_3fa4ce4e84f39a1858f5,136763991,user_id,famine_arp,Famine_ARP,https://www.twitch.tv/famine_arp,2026-09-13T08:51:33.908031+00:00,https://www.twitch.tv/famine_arp/about,2026-09-17,not_established_at_cutoff,
acct_36f5a4a2d13a5279d9f9,839734579,user_id,fayuuchan,fayuuchan,https://www.twitch.tv/fayuuchan,2026-09-13T08:51:35.564868+00:00,https://www.twitch.tv/fayuuchan/about,2026-09-17,not_established_at_cutoff,
acct_04f0ddfcdda0e5b961e4,212380556,user_id,feentalis,Feentalis,https://www.twitch.tv/feentalis,2026-09-13T08:51:38.907907+00:00,https://www.twitch.tv/feentalis/about,2026-09-17,not_established_at_cutoff,
acct_af835f348dd794f7339a,872125596,user_id,fifi_vtuber,fifi_vtuber,https://www.twitch.tv/fifi_vtuber,2026-09-13T08:00:00+00:00,https://www.twitch.tv/fifi_vtuber,2026-09-17,not_established_at_cutoff,
acct_a35dd8c37321670f075c,1510651465,user_id,fiona_thegoat,fiona_thegoat,https://www.twitch.tv/fiona_thegoat,2026-09-13T08:00:00+00:00,https://www.twitch.tv/fiona_thegoat,2026-09-17,not_established_at_cutoff,
acct_14cca75a6a3eb345783b,142563927,user_id,fitzboyee,Fitzboyee,https://www.twitch.tv/fitzboyee,2026-09-13T08:51:35.565867+00:00,https://www.twitch.tv/fitzboyee/about,2026-09-17,not_established_at_cutoff,
acct_63c361e8587ccffccd3a,627646265,user_id,fl_firstslove,FL_FirstsLove,https://www.twitch.tv/fl_firstslove,2026-09-13T08:56:21.605182+00:00,https://www.twitch.tv/fl_firstslove/about,2026-09-17,not_established_at_cutoff,
acct_97f1cbb8181e59327b42,750673863,user_id,floravtuberth,FloraVtuberTH,https://www.twitch.tv/floravtuberth,2026-09-13T08:51:42.196323+00:00,https://www.twitch.tv/floravtuberth/about,2026-09-17,not_established_at_cutoff,
acct_72b8b681ee3aaf48e668,162304602,user_id,flurfurry,FlurFurry,https://www.twitch.tv/flurfurry,2026-09-13T08:51:39.878758+00:00,https://www.twitch.tv/flurfurry/about,2026-09-17,not_established_at_cutoff,
acct_7fe7883a601ea1181dbd,923387555,user_id,fohishavt,FohishaVT,https://www.twitch.tv/fohishavt,2026-09-13T08:51:38.906908+00:00,https://www.twitch.tv/fohishavt/about,2026-09-17,not_established_at_cutoff,
acct_8f6eadde24273984862f,564025381,user_id,fokuro25,FoKuro25,https://www.twitch.tv/fokuro25,2026-09-13T08:56:20.028642+00:00,https://www.twitch.tv/fokuro25/about,2026-09-17,not_established_at_cutoff,
acct_3982f70c4a030ac4ac85,751029736,user_id,fouruary_th,fouruary_th,https://www.twitch.tv/fouruary_th,2026-09-13T08:56:20.029641+00:00,https://www.twitch.tv/fouruary_th/about,2026-09-17,not_established_at_cutoff,
acct_2ac559478fc1d87143a6,1296773987,user_id,freyrainefr,Freyrainefr,https://www.twitch.tv/freyrainefr,2026-09-13T08:56:24.398897+00:00,https://www.twitch.tv/freyrainefr/about,2026-09-17,not_established_at_cutoff,
acct_88aba24a02a745bea4ee,889378177,user_id,freyrina,Freyrina,https://www.twitch.tv/freyrina,2026-09-13T08:56:24.395893+00:00,https://www.twitch.tv/freyrina/about,2026-09-17,not_established_at_cutoff,
acct_569cb57ee77da81f468a,859836397,user_id,frozyforry,FrozyForry,https://www.twitch.tv/frozyforry,2026-09-13T08:51:20.754463+00:00,https://www.twitch.tv/frozyforry/about,2026-09-17,not_established_at_cutoff,
acct_f75d5b16d643e0a009ec,767441207,user_id,furevdevil,フレデリックぶい,https://www.twitch.tv/furevdevil,2026-09-13T08:51:22.275102+00:00,https://www.twitch.tv/furevdevil/about,2026-09-17,not_established_at_cutoff,
acct_6f571c5874ef7fa9e83d,850783631,user_id,fusuiforry,fusuiforry,https://www.twitch.tv/fusuiforry,2026-09-13T08:51:20.754463+00:00,https://www.twitch.tv/fusuiforry/about,2026-09-17,not_established_at_cutoff,
acct_fb05ec78a055ba5cae44,631001964,user_id,fuwafuwaseal,FuwaFuwaSeal,https://www.twitch.tv/fuwafuwaseal,2026-09-16T14:49:21+00:00,https://linktr.ee/fuwafuwaseal,2026-09-17,not_established_at_cutoff,
acct_44fa99834c0c2982bbfe,811394597,user_id,fuyukaida,Fuyu Kaida,https://twitch.tv/fuyukaida,2026-09-16T14:49:21+00:00,https://x.com/fuyu_kaida,2026-09-17,not_established_at_cutoff,
acct_9d8444c422720bdad817,706892170,user_id,fxoverpur,fxoverpur,https://twitch.tv/fxoverpur,2026-09-16T14:49:21+00:00,https://x.com/fxoverpur,2026-09-17,not_established_at_cutoff,
acct_b2566d8711cffad5f0d1,176106464,user_id,ggrammay,GGramMay,https://www.twitch.tv/ggrammay,2026-09-13T08:51:26.365427+00:00,https://www.twitch.tv/ggrammay/about,2026-09-17,not_established_at_cutoff,
acct_1327d30e90486ba26c1c,646373550,user_id,gifurin_s_box,Gifurin_s_Box,https://www.twitch.tv/gifurin_s_box,2026-09-13T08:57:00.054335+00:00,https://www.twitch.tv/gifurin_s_box/about,2026-09-17,not_established_at_cutoff,
acct_3621a398a280446204cc,133280591,user_id,ging3rbelle,ging3rbelle,https://www.twitch.tv/ging3rbelle,2026-09-13T08:51:22.276103+00:00,https://www.twitch.tv/ging3rbelle/about,2026-09-17,not_established_at_cutoff,
acct_0df81491d18cd18f62a3,617253836,user_id,gingergamori,GingerGamori,https://www.twitch.tv/gingergamori,2026-09-13T08:51:18.735927+00:00,https://www.twitch.tv/gingergamori/about,2026-09-17,not_established_at_cutoff,
acct_fcb45065e6c0949fa002,1269247047,user_id,gintheyuk,GINTHEYUK,https://www.twitch.tv/gintheyuk,2026-09-13T08:56:20.854111+00:00,https://www.twitch.tv/gintheyuk/about,2026-09-17,not_established_at_cutoff,
acct_3c154a8bf14c428c2a22,211599157,user_id,gnoxxz,GNoxxz,https://www.twitch.tv/gnoxxz,2026-09-13T08:51:29.297559+00:00,https://www.twitch.tv/gnoxxz/about,2026-09-17,not_established_at_cutoff,
acct_11f5cb56895d778e3a7f,809762281,user_id,gohyav,gohyaV,https://www.twitch.tv/gohyav,2026-09-13T08:51:30.941681+00:00,https://www.twitch.tv/gohyav/about,2026-09-17,not_established_at_cutoff,
acct_314c25d5114a3eaeb4e3,870651582,user_id,goodnightvt,GoodnightVT,https://www.twitch.tv/goodnightvt,2026-09-13T08:51:37.435026+00:00,https://www.twitch.tv/goodnightvt/about,2026-09-17,not_established_at_cutoff,
acct_501522d9df9bca9e556e,972951763,user_id,goozilla_ily,Goozilla Ily Ch. [Autumnia],https://www.twitch.tv/goozilla_ily,2026-09-16T14:49:21+00:00,https://x.com/GoozillaIly,2026-09-17,not_established_at_cutoff,
acct_f3cad674509de69afec8,442539134,user_id,gottlsttot,GottlstTot,https://www.twitch.tv/gottlsttot,2026-09-13T08:56:24.396898+00:00,https://www.twitch.tv/gottlsttot/about,2026-09-17,not_established_at_cutoff,
acct_24a048f7740cfc35f870,896941987,user_id,graziasama,GraZiaSaMa,https://www.twitch.tv/graziasama,2026-09-13T08:51:36.522531+00:00,https://www.twitch.tv/graziasama/about,2026-09-17,not_established_at_cutoff,
acct_5b05647f5575c5473b57,793724972,user_id,grispanthera,GrisPanthera,https://www.twitch.tv/grispanthera,2026-09-13T08:56:20.029641+00:00,https://www.twitch.tv/grispanthera/about,2026-09-17,not_established_at_cutoff,
acct_831fb06787ae0be90d2c,626752682,user_id,gs_golfpraplern,gs_golfpraplern,https://www.twitch.tv/gs_golfpraplern,2026-09-13T08:56:24.398897+00:00,https://www.twitch.tv/gs_golfpraplern/about,2026-09-17,not_established_at_cutoff,
acct_73cee750cd3d45b90252,218821184,user_id,gusnaaa,GusNaaa,https://www.twitch.tv/gusnaaa,2026-09-13T08:51:24.296278+00:00,https://www.twitch.tv/gusnaaa/about,2026-09-17,not_established_at_cutoff,
acct_c79dab467d8b3d133ce5,960779417,user_id,haine_vv,Haine_vv,https://www.twitch.tv/haine_vv,2026-09-13T08:51:37.434021+00:00,https://www.twitch.tv/haine_vv/about,2026-09-17,not_established_at_cutoff,
acct_521d6f687bfaeb8fc71e,119274733,user_id,hajikeru_lee,Hajikeru_Lee,https://www.twitch.tv/hajikeru_lee,2026-09-13T08:51:30.941681+00:00,https://www.twitch.tv/hajikeru_lee/about,2026-09-17,not_established_at_cutoff,
acct_cf880d235db8f665c403,1016401233,user_id,halonhashi,halonhashi,https://www.twitch.tv/halonhashi,2026-09-13T08:57:01.971280+00:00,https://www.twitch.tv/halonhashi/about,2026-09-17,not_established_at_cutoff,
acct_a5ae871ee6e1f8ebae9e,1527538245,user_id,halowalkytalkie,halowalkytalkie,https://www.twitch.tv/halowalkytalkie,2026-09-13T08:00:00+00:00,https://www.twitch.tv/halowalkytalkie,2026-09-17,not_established_at_cutoff,
acct_bb429ae3a371f14a596b,123371876,user_id,hamakung,Hamakung,https://www.twitch.tv/hamakung,2026-09-13T08:51:26.365427+00:00,https://www.twitch.tv/hamakung/about,2026-09-17,not_established_at_cutoff,
acct_1b2f303ae1f5db847b0a,1337428369,user_id,hamigar,hamigar,https://www.twitch.tv/hamigar,2026-09-13T08:00:00+00:00,https://www.twitch.tv/hamigar,2026-09-17,not_established_at_cutoff,
acct_a97f4fa7afb7ba5f50a3,73861675,user_id,hamikodesu,hamikodesu,https://www.twitch.tv/hamikodesu,2026-09-13T08:56:23.461752+00:00,https://www.twitch.tv/hamikodesu/about,2026-09-17,not_established_at_cutoff,
acct_2dddc0d8f9023ac8fa0e,1195854853,user_id,hannies_toon,hannies_toon,https://www.twitch.tv/hannies_toon,2026-09-13T08:00:00+00:00,https://www.twitch.tv/hannies_toon,2026-09-17,not_established_at_cutoff,
acct_6d5c82584dfd2d4f86e2,731619437,user_id,hao12i,HAO12i,https://www.twitch.tv/hao12i,2026-09-13T08:51:22.276103+00:00,https://www.twitch.tv/hao12i/about,2026-09-17,not_established_at_cutoff,
acct_37966b23d3419c5e286f,119939978,user_id,haruichi0034,haruichi0034,https://www.twitch.tv/haruichi0034,2026-09-13T08:00:00+00:00,https://www.twitch.tv/haruichi0034,2026-09-17,not_established_at_cutoff,
acct_cbbca86293badda9268a,798311210,user_id,harumatchi,harumatchi,https://www.twitch.tv/harumatchi,2026-09-13T08:57:00.055334+00:00,https://www.twitch.tv/harumatchi/about,2026-09-17,not_established_at_cutoff,
acct_ee79ca56fe372b68d366,923109860,user_id,harumoonch,HarumoonCH,https://www.twitch.tv/harumoonch,2026-09-13T08:51:26.366427+00:00,https://www.twitch.tv/harumoonch/about,2026-09-17,not_established_at_cutoff,
acct_89d9d966954f3a5f0c2f,643279692,user_id,heatthh,heatthh,https://www.twitch.tv/heatthh,2026-09-13T08:00:00+00:00,https://www.twitch.tv/heatthh,2026-09-17,not_established_at_cutoff,
acct_b9abba076ceac3d145f5,1417396336,user_id,hebitsukaivtuber,hebitsukaivtuber,https://www.twitch.tv/hebitsukaivtuber,2026-09-13T08:00:00+00:00,https://www.twitch.tv/hebitsukaivtuber,2026-09-17,not_established_at_cutoff,
acct_52d10126dbe22888fbe5,1187126473,user_id,heidiheiter,heidiheiter,https://www.twitch.tv/heidiheiter,2026-09-13T08:56:25.928332+00:00,https://www.twitch.tv/heidiheiter/about,2026-09-17,not_established_at_cutoff,
acct_6aafeed3277b7799d8f9,506521665,user_id,hellsinki_o,hellsinki_o,https://www.twitch.tv/hellsinki_o,2026-09-13T08:51:30.940530+00:00,https://www.twitch.tv/hellsinki_o/about,2026-09-17,not_established_at_cutoff,
acct_4533a7c740cc323a69aa,197367758,user_id,hennie2001,hennie2001,https://www.twitch.tv/hennie2001,2026-09-13T08:00:00+00:00,https://www.twitch.tv/hennie2001,2026-09-17,not_established_at_cutoff,
acct_2abbd64c53de8785e793,850161976,user_id,hikari_ssr,hikari_ssr,https://www.twitch.tv/hikari_ssr,2026-09-13T08:57:01.970278+00:00,https://www.twitch.tv/hikari_ssr/about,2026-09-17,not_established_at_cutoff,
acct_cccfb6871b5dbd5521bf,715565860,user_id,hikarisrsn,hikarisrsn,https://www.twitch.tv/hikarisrsn,2026-09-13T08:57:00.055334+00:00,https://www.twitch.tv/hikarisrsn/about,2026-09-17,not_established_at_cutoff,
acct_2f472574df5e26202ab5,1519865595,user_id,himuofficial,himuofficial,https://www.twitch.tv/himuofficial,2026-09-13T08:00:00+00:00,https://www.twitch.tv/himuofficial,2026-09-17,not_established_at_cutoff,
acct_9d626e437d13ecef5e3f,777177061,user_id,hinabe_hongfei,Hinabe_Hongfei,https://www.twitch.tv/hinabe_hongfei,2026-09-13T08:51:33.068513+00:00,https://www.twitch.tv/hinabe_hongfei/about,2026-09-17,not_established_at_cutoff,
acct_a070368fa83e5f5a2f7c,161268778,user_id,hitsuki_24,Hitsuki_24,https://www.twitch.tv/hitsuki_24,2026-09-13T08:51:27.553347+00:00,https://www.twitch.tv/hitsuki_24/about,2026-09-17,not_established_at_cutoff,
acct_6b53b5b209bced44df49,1093285212,user_id,ho07ri,HO07RI,https://www.twitch.tv/ho07ri,2026-09-13T08:51:42.194323+00:00,https://www.twitch.tv/ho07ri/about,2026-09-17,not_established_at_cutoff,
acct_a1ad00d42f9580422802,960552781,user_id,hokuplg,HokuPLG,https://www.twitch.tv/hokuplg,2026-09-13T08:51:18.734926+00:00,https://www.twitch.tv/hokuplg/about,2026-09-17,not_established_at_cutoff,
acct_ced3aeae4453ab48651d,682708590,user_id,honorulynn,HonoruLynn,https://www.twitch.tv/honorulynn,2026-09-13T08:56:22.411997+00:00,https://www.twitch.tv/honorulynn/about,2026-09-17,not_established_at_cutoff,
acct_16573e62ce2977255d1e,764888831,user_id,hoshimura_himawari,hoshimura_himawari,https://www.twitch.tv/hoshimura_himawari,2026-09-13T08:56:23.459703+00:00,https://www.twitch.tv/hoshimura_himawari/about,2026-09-17,not_established_at_cutoff,
acct_cf8495b616ad439d8403,877482013,user_id,hoshino_kuroi,hoshino_kuroi,https://www.twitch.tv/hoshino_kuroi,2026-09-13T08:56:23.460703+00:00,https://www.twitch.tv/hoshino_kuroi/about,2026-09-17,not_established_at_cutoff,
acct_bd483de3882d8643c24c,668972537,user_id,houkarito,HoukaRito,https://www.twitch.tv/houkarito,2026-09-13T08:51:26.366427+00:00,https://www.twitch.tv/houkarito/about,2026-09-17,not_established_at_cutoff,
acct_928f392d04dc2623a743,705473813,user_id,huntapng,HuntaPNG,https://www.twitch.tv/huntapng,2026-09-13T08:57:01.970278+00:00,https://www.twitch.tv/huntapng/about,2026-09-17,not_established_at_cutoff,
acct_d5dab4bf78cd864fac43,781271633,user_id,hwaruuuuuuu,hwaruuuuuuu,https://www.twitch.tv/hwaruuuuuuu,2026-09-13T08:57:00.055334+00:00,https://www.twitch.tv/hwaruuuuuuu/about,2026-09-17,not_established_at_cutoff,
acct_a40ed7a3081dc98ecd8e,140994954,user_id,hyougaalpha,HyougaAlpha,https://www.twitch.tv/hyougaalpha,2026-09-13T08:51:28.570162+00:00,https://www.twitch.tv/hyougaalpha/about,2026-09-17,not_established_at_cutoff,
acct_4d2d3814928289f0ec04,1526270057,user_id,icedragooooon,icedragooooon,https://www.twitch.tv/icedragooooon,2026-09-13T08:00:00+00:00,https://www.twitch.tv/icedragooooon,2026-09-17,not_established_at_cutoff,
acct_4e175c1328414895c30f,196084728,user_id,ichiibal_sage,Ichiibal_Sage,https://www.twitch.tv/ichiibal_sage,2026-09-13T08:51:24.943401+00:00,https://www.twitch.tv/ichiibal_sage/about,2026-09-17,not_established_at_cutoff,
acct_d4e5afd9730168caa5d7,616425557,user_id,ichika_vt,Yuno Ichika,https://twitch.tv/ichika_vt,2026-09-13T08:00:00+00:00,https://twitch.tv/ichika_vt,2026-09-17,not_established_at_cutoff,
acct_2442d8d8e6a2701a8603,1052995177,user_id,ihatedoyle,ihatedoyle,https://www.twitch.tv/ihatedoyle,2026-09-13T08:56:21.604180+00:00,https://www.twitch.tv/ihatedoyle/about,2026-09-17,not_established_at_cutoff,
acct_446d28f43d61282ed20d,737725144,user_id,ikkichannel,ikkichannel,https://www.twitch.tv/ikkichannel,2026-09-13T08:51:18.736926+00:00,https://www.twitch.tv/ikkichannel/about,2026-09-17,not_established_at_cutoff,
acct_126b5eef6c1b77859fae,521658202,user_id,ikunoreo,Ikunoreo,https://www.twitch.tv/ikunoreo,2026-09-13T08:51:37.436027+00:00,https://www.twitch.tv/ikunoreo/about,2026-09-17,not_established_at_cutoff,
acct_ead4a40c3fe8b1663b09,902227836,user_id,ikutosama_,ikutosama_,https://www.twitch.tv/ikutosama_,2026-09-13T08:51:22.276103+00:00,https://www.twitch.tv/ikutosama_/about,2026-09-17,not_established_at_cutoff,
acct_6bb62bb6626ab15d5b33,468599571,user_id,imewmiu,iMewMiu,https://www.twitch.tv/imewmiu,2026-09-13T08:51:27.554347+00:00,https://www.twitch.tv/imewmiu/about,2026-09-17,not_established_at_cutoff,
acct_d5431baf2dfcbd2d6762,774852884,user_id,imnotxerliaa,imnotxerliaa,https://www.twitch.tv/imnotxerliaa,2026-09-13T08:51:24.295277+00:00,https://www.twitch.tv/imnotxerliaa/about,2026-09-17,not_established_at_cutoff,
acct_006879d2b54a6e5e74f0,525422103,user_id,impeachii,imPEACHII,https://www.twitch.tv/impeachii,2026-09-13T08:51:27.553347+00:00,https://www.twitch.tv/impeachii/about,2026-09-17,not_established_at_cutoff,
acct_cf2f282ba87a05febb2e,554887619,user_id,impfy,impfy,https://www.twitch.tv/impfy,2026-09-13T08:51:33.069515+00:00,https://www.twitch.tv/impfy/about,2026-09-17,not_established_at_cutoff,
acct_a1e0f30ec036b8c9fc55,970758841,user_id,imsogracechu,ImsoGracechu,https://www.twitch.tv/imsogracechu,2026-09-13T08:51:36.523532+00:00,https://www.twitch.tv/imsogracechu/about,2026-09-17,not_established_at_cutoff,
acct_6677a037381230261f63,71654657,user_id,in0suke,In0suke,https://www.twitch.tv/in0suke,2026-09-13T08:51:20.754463+00:00,https://www.twitch.tv/in0suke/about,2026-09-17,not_established_at_cutoff,
acct_291900b37fc427e41f32,555250106,user_id,inomiya_,inomiya_,https://www.twitch.tv/inomiya_,2026-09-13T08:00:00+00:00,https://www.twitch.tv/inomiya_,2026-09-17,not_established_at_cutoff,
acct_a9fe1073f6225d09a96c,851119335,user_id,inoruka_012cq,InoRuka_012CQ,https://www.twitch.tv/inoruka_012cq,2026-09-13T08:51:21.512868+00:00,https://www.twitch.tv/inoruka_012cq/about,2026-09-17,not_established_at_cutoff,
acct_6db70544c20defdb95a0,143569909,user_id,inumaru_atsuki,inumaru_atsuki,https://www.twitch.tv/inumaru_atsuki,2026-09-16T09:38:10+00:00,https://www.youtube.com/channel/UC4QwUkFO1_JJe_TTN5jYoyA,2026-09-17,not_established_at_cutoff,
acct_f57369c8afaabe8ae954,798075812,user_id,irish_creamcafe,irish_creamcafe,https://www.twitch.tv/irish_creamcafe,2026-09-13T08:51:38.088822+00:00,https://www.twitch.tv/irish_creamcafe/about,2026-09-17,not_established_at_cutoff,
acct_143d80de4bb4d0d61699,822765927,user_id,irissxofficer,IRISSxOfficer,https://www.twitch.tv/irissxofficer,2026-09-13T08:51:20.756464+00:00,https://www.twitch.tv/irissxofficer/about,2026-09-17,not_established_at_cutoff,
acct_29b9403e799e40a4abc5,175831187,user_id,ironmouse,ironmouse,https://www.twitch.tv/ironmouse,2026-09-13T08:00:00+00:00,https://www.twitch.tv/ironmouse,2026-09-17,not_established_at_cutoff,
acct_51eeda4af4cec92cb1d1,888805262,user_id,itselicen,itselicen,https://www.twitch.tv/itselicen,2026-09-13T08:56:19.228159+00:00,https://www.twitch.tv/itselicen/about,2026-09-17,not_established_at_cutoff,
acct_34d3b7ac6e501bbcdb51,776754469,user_id,itsme_chicha,itsme_chicha,https://www.twitch.tv/itsme_chicha,2026-09-16T09:33:42+00:00,https://www.youtube.com/channel/UCXG9ZvdggOsj5kb996vbYPg,2026-09-17,not_established_at_cutoff,
acct_05771b65692daff3da49,210689050,user_id,itsmeyao,ITsMeYao,https://www.twitch.tv/itsmeyao,2026-09-13T08:51:37.434021+00:00,https://www.twitch.tv/itsmeyao/about,2026-09-17,not_established_at_cutoff,
acct_dcff0781c144cb9bc6a3,652057001,user_id,ivvilo,ivvilo,https://www.twitch.tv/ivvilo,2026-09-13T08:00:00+00:00,https://www.twitch.tv/ivvilo,2026-09-17,not_established_at_cutoff,
acct_4ef0a92882628aebe2c8,795249776,user_id,ixcheloxo,ixcheloxo,https://www.twitch.tv/ixcheloxo,2026-09-13T08:51:28.570162+00:00,https://www.twitch.tv/ixcheloxo/about,2026-09-17,not_established_at_cutoff,
acct_8a972200142fc09b1870,850816116,user_id,izosaki,Chik Izosaki,https://twitch.tv/izosaki,2026-09-13T08:00:00+00:00,https://twitch.tv/izosaki,2026-09-17,not_established_at_cutoff,
acct_dc6ae7d9452d01443018,136549665,user_id,j3llych0ux,J3llych0ux,https://www.twitch.tv/j3llych0ux,2026-09-13T08:51:29.954979+00:00,https://www.twitch.tv/j3llych0ux/about,2026-09-17,not_established_at_cutoff,
acct_792395d36e33c1d36bfb,889913106,user_id,j4f4rx,J4F4Rx,https://www.twitch.tv/j4f4rx,2026-09-13T08:57:02.532193+00:00,https://www.twitch.tv/j4f4rx/about,2026-09-17,not_established_at_cutoff,
acct_165820cebc0407e9b868,406825509,user_id,jackdanielsg4ming,jackdanielsg4ming,https://www.twitch.tv/jackdanielsg4ming,2026-09-13T08:00:00+00:00,https://www.twitch.tv/jackdanielsg4ming,2026-09-17,not_established_at_cutoff,
acct_da00a3ee2f763d80e8cf,159986278,user_id,jamilah_nm,Jamilah_nm,https://www.twitch.tv/jamilah_nm,2026-09-13T08:51:33.068513+00:00,https://www.twitch.tv/jamilah_nm/about,2026-09-17,not_established_at_cutoff,
acct_96fb98a4f7178a748eba,849533236,user_id,jammychxn,jammychxn,https://www.twitch.tv/jammychxn,2026-09-13T08:51:22.276103+00:00,https://www.twitch.tv/jammychxn/about,2026-09-17,not_established_at_cutoff,
acct_e85b9c58101336a8a49f,265207283,user_id,janegercat,janegercat,https://www.twitch.tv/janegercat,2026-09-13T08:00:00+00:00,https://www.twitch.tv/janegercat,2026-09-17,not_established_at_cutoff,
acct_8bc6c9ac46dcbdb5d5c7,730671018,user_id,jaokattt,JaoKattt,https://www.twitch.tv/jaokattt,2026-09-13T08:56:25.168522+00:00,https://www.twitch.tv/jaokattt/about,2026-09-17,not_established_at_cutoff,
acct_8a0348e9ce1f1ab9c078,1071215425,user_id,jaowayde_vt,jaowayde_vt,https://www.twitch.tv/jaowayde_vt,2026-09-16T09:58:52+00:00,https://www.youtube.com/channel/UCVQrivN2wzHYLNrsAquYjhg,2026-09-17,not_established_at_cutoff,
acct_a0775e47ba13758c1935,612302317,user_id,jaowmhe3gus,JaowMhe3Gus,https://www.twitch.tv/jaowmhe3gus,2026-09-13T08:51:33.069515+00:00,https://www.twitch.tv/jaowmhe3gus/about,2026-09-17,not_established_at_cutoff,
acct_f3d0d1539bbe9dcffeff,1483911273,user_id,jaxvtuber,jaxvtuber,https://www.twitch.tv/jaxvtuber,2026-09-13T08:00:00+00:00,https://www.twitch.tv/jaxvtuber,2026-09-17,not_established_at_cutoff,
acct_c52a496857e3d4a06877,754531102,user_id,jayda_suaymak,jayda_suaymak,https://www.twitch.tv/jayda_suaymak,2026-09-13T08:57:00.056336+00:00,https://www.twitch.tv/jayda_suaymak/about,2026-09-17,not_established_at_cutoff,
acct_61c9d4356b686cf6fea0,256724722,user_id,jayz_vouch,jayz_vouch,https://www.twitch.tv/jayz_vouch,2026-09-13T08:51:33.906031+00:00,https://www.twitch.tv/jayz_vouch/about,2026-09-17,not_established_at_cutoff,
acct_c3881fbe6328d7ed4804,675534637,user_id,jcvtuber,jcvtuber,https://www.twitch.tv/jcvtuber,2026-09-13T08:00:00+00:00,https://www.twitch.tv/jcvtuber,2026-09-17,not_established_at_cutoff,
acct_c1c5b28b885f7eb2991b,863175226,user_id,jellmello,JellMellO,https://www.twitch.tv/jellmello,2026-09-13T08:51:29.298559+00:00,https://www.twitch.tv/jellmello/about,2026-09-17,not_established_at_cutoff,
acct_fe6a9253cc3c789883f6,932450630,user_id,jiah_epr,jiah_epr,https://www.twitch.tv/jiah_epr,2026-09-13T08:51:29.297559+00:00,https://www.twitch.tv/jiah_epr/about,2026-09-17,not_established_at_cutoff,
acct_5aa2f2f06499ff6a85e6,1230600213,user_id,jiminelzz,Jiminelzz,https://www.twitch.tv/jiminelzz,2026-09-13T08:51:42.197323+00:00,https://www.twitch.tv/jiminelzz/about,2026-09-17,not_established_at_cutoff,
acct_1fa097ee64db6ec4e26e,736021190,user_id,jingjibara,jingjibara,https://www.twitch.tv/jingjibara,2026-09-13T08:51:22.276103+00:00,https://www.twitch.tv/jingjibara/about,2026-09-17,not_established_at_cutoff,
acct_48937a57e16cade623c0,43019941,user_id,jira123,JIRA123,https://www.twitch.tv/jira123,2026-09-13T08:51:20.754463+00:00,https://www.twitch.tv/jira123/about,2026-09-17,not_established_at_cutoff,
acct_c14b8cce9ac440685c07,146904711,user_id,jisooman18,jisooman18,https://www.twitch.tv/jisooman18,2026-09-13T08:51:33.907033+00:00,https://www.twitch.tv/jisooman18/about,2026-09-17,not_established_at_cutoff,
acct_47e542c53f64b3667a2c,135051373,user_id,jj_jorjor,JJ_JorJor,https://www.twitch.tv/jj_jorjor,2026-09-13T08:51:28.571163+00:00,https://www.twitch.tv/jj_jorjor/about,2026-09-17,not_established_at_cutoff,
acct_02ceb94d6df3b641d721,111203619,user_id,jocat,JoCat,https://www.twitch.tv/jocat,2026-09-13T08:56:25.930333+00:00,https://www.twitch.tv/jocat/about,2026-09-17,not_established_at_cutoff,
acct_164add66ec91fee6fd8f,264049606,user_id,joongjanai,joongjanai,https://www.twitch.tv/joongjanai,2026-09-13T08:51:29.953978+00:00,https://www.twitch.tv/joongjanai/about,2026-09-17,not_established_at_cutoff,
acct_72c2aeb5474a8f0c88ec,1021705366,user_id,jorrajayjija,jorrajayjija,https://www.twitch.tv/jorrajayjija,2026-09-13T08:00:00+00:00,https://www.twitch.tv/jorrajayjija,2026-09-17,not_established_at_cutoff,
acct_c539cd0f4dd5ef89afe2,693228174,user_id,jubzlova,JubzLova,https://www.twitch.tv/jubzlova,2026-09-13T08:51:33.066515+00:00,https://www.twitch.tv/jubzlova/about,2026-09-17,not_established_at_cutoff,
acct_d7a10faaffebebaa1a81,730696338,user_id,jujujulienne,jujuJulienne,https://www.twitch.tv/jujujulienne,2026-09-13T08:51:19.931296+00:00,https://www.twitch.tv/jujujulienne/about,2026-09-17,not_established_at_cutoff,
acct_e60addcdb376e820bf59,765149101,user_id,julius_kosmolatria,Julius_Kosmolatria,https://www.twitch.tv/julius_kosmolatria,2026-09-13T08:51:30.940530+00:00,https://www.twitch.tv/julius_kosmolatria/about,2026-09-17,not_established_at_cutoff,
acct_d566a3bf6b37fe8fe275,62046184,user_id,jurivt,JuriVT,https://www.twitch.tv/jurivt,2026-09-13T08:51:24.944401+00:00,https://www.twitch.tv/jurivt/about,2026-09-17,not_established_at_cutoff,
acct_e2a359c5c03fca1150ad,441964374,user_id,justretsu_,JustRetsu_,https://www.twitch.tv/justretsu_,2026-09-13T08:56:20.858112+00:00,https://www.twitch.tv/justretsu_/about,2026-09-17,not_established_at_cutoff,
acct_ca0ce433f7cd146603dc,621734513,user_id,justsheathings,justsheathings,https://www.twitch.tv/justsheathings,2026-09-13T08:00:00+00:00,https://www.twitch.tv/justsheathings,2026-09-17,not_established_at_cutoff,
acct_d1145871cd39b06eafcf,454192506,user_id,k3sh1k1,k3sh1k1,https://www.twitch.tv/k3sh1k1,2026-09-13T08:00:00+00:00,https://www.twitch.tv/k3sh1k1,2026-09-17,not_established_at_cutoff,
acct_9ac9cc16202b5ef97fd9,694875390,user_id,ka4umich,Ka4umich,https://www.twitch.tv/ka4umich,2026-09-13T08:56:22.410895+00:00,https://www.twitch.tv/ka4umich/about,2026-09-17,not_established_at_cutoff,
acct_9e1fbba94bb549a037c1,176818069,user_id,kaamoria,kaamoria,https://www.twitch.tv/kaamoria,2026-09-13T08:56:20.857112+00:00,https://www.twitch.tv/kaamoria/about,2026-09-17,not_established_at_cutoff,
acct_f02322401d58ef8a7850,852550021,user_id,kagema404_,kagema404_,https://www.twitch.tv/kagema404_,2026-09-16T09:36:24+00:00,https://www.youtube.com/channel/UClFQeZMVqFVZonqSYk0l-Og,2026-09-17,not_established_at_cutoff,
acct_7c290706884f6022f2b5,192765805,user_id,kaivtuber,kaivtuber,https://www.twitch.tv/kaivtuber,2026-09-13T08:00:00+00:00,https://www.twitch.tv/kaivtuber,2026-09-17,not_established_at_cutoff,
acct_cc1686c2000988961022,868759968,user_id,kaivtuber___,kaivtuber___,https://www.twitch.tv/kaivtuber___,2026-09-13T08:00:00+00:00,https://www.twitch.tv/kaivtuber___,2026-09-17,not_established_at_cutoff,
acct_72792a850d9ee0492e8c,235672833,user_id,kamilla_lich,Kamilla_Lich,https://www.twitch.tv/kamilla_lich,2026-09-13T08:51:20.756464+00:00,https://www.twitch.tv/kamilla_lich/about,2026-09-17,not_established_at_cutoff,
acct_1468189aade73d3e7664,762707081,user_id,kamireiv,KamiReiv,https://www.twitch.tv/kamireiv,2026-09-13T08:56:24.397897+00:00,https://www.twitch.tv/kamireiv/about,2026-09-17,not_established_at_cutoff,
acct_e440f3b6c04975720ae6,786363160,user_id,kamisaki_kuro,kamisaki_kuro,https://www.twitch.tv/kamisaki_kuro,2026-09-16T09:31:38+00:00,https://www.youtube.com/channel/UCL0LiR5zg3vRnIHp-CowVBg,2026-09-17,not_established_at_cutoff,
acct_a55bd79c1e039e7f31db,966826967,user_id,kampheelnwza007,kampheelnwza007,https://www.twitch.tv/kampheelnwza007,2026-09-13T08:51:23.276112+00:00,https://www.twitch.tv/kampheelnwza007/about,2026-09-17,not_established_at_cutoff,
acct_f06804b22a70841ceb10,84001841,user_id,kanzaki_aito,kanzaki_aito,https://www.twitch.tv/kanzaki_aito,2026-09-13T08:51:33.067513+00:00,https://www.twitch.tv/kanzaki_aito/about,2026-09-17,not_established_at_cutoff,
acct_a5dc0e789a04853e0b4d,135978880,user_id,kapusmeow,kapusmeow,https://www.twitch.tv/kapusmeow,2026-09-13T08:51:24.946401+00:00,https://www.twitch.tv/kapusmeow/about,2026-09-17,not_established_at_cutoff,
acct_bc4959b86d71d928542c,93578115,user_id,karatsuma,Karatsuma,https://www.twitch.tv/karatsuma,2026-09-13T08:51:24.944401+00:00,https://www.twitch.tv/karatsuma/about,2026-09-17,not_established_at_cutoff,
acct_921530f41e06deed2b76,780894241,user_id,karinnboo,karinnboo,https://www.twitch.tv/karinnboo,2026-09-13T08:51:27.551292+00:00,https://www.twitch.tv/karinnboo/about,2026-09-17,not_established_at_cutoff,
acct_ecd2ea1efd36262d38c0,171858594,user_id,karnetia,karnetia,https://www.twitch.tv/karnetia,2026-09-13T08:00:00+00:00,https://www.twitch.tv/karnetia,2026-09-17,not_established_at_cutoff,
acct_5837cf0ecc6901385c72,600613278,user_id,karrotvonbun,KarrotVonBun,https://www.twitch.tv/karrotvonbun,2026-09-13T08:56:25.928332+00:00,https://www.twitch.tv/karrotvonbun/about,2026-09-17,not_established_at_cutoff,
acct_d65071ac54ff33782251,160602610,user_id,kathic_ch_13,kathic_ch_13,https://www.twitch.tv/kathic_ch_13,2026-09-13T08:57:02.533195+00:00,https://www.twitch.tv/kathic_ch_13/about,2026-09-17,not_established_at_cutoff,
acct_0604d83514a4ac0751a0,720364060,user_id,kay0chi,Kay0Chi,https://www.twitch.tv/kay0chi,2026-09-13T08:51:21.513869+00:00,https://www.twitch.tv/kay0chi/about,2026-09-17,not_established_at_cutoff,
acct_61687ed04a0bd41ffb5c,776749045,user_id,kayleforion,KaylefOrion,https://www.twitch.tv/kayleforion,2026-09-13T08:51:22.274100+00:00,https://www.twitch.tv/kayleforion/about,2026-09-17,not_established_at_cutoff,
acct_18ba8067f27dceb85bdf,506331291,user_id,keelin_peryton,Keelin_Peryton,https://www.twitch.tv/keelin_peryton,2026-09-13T08:51:19.928297+00:00,https://www.twitch.tv/keelin_peryton/about,2026-09-17,not_established_at_cutoff,
acct_3b517a7e3b1e2033eddc,850460175,user_id,kenzuzuha,kenzuzuha,https://www.twitch.tv/kenzuzuha,2026-09-13T08:51:38.086821+00:00,https://www.twitch.tv/kenzuzuha/about,2026-09-17,not_established_at_cutoff,
acct_d852e77313ada6be2c2c,1429057408,user_id,kerori_raika,kerori_raika,https://www.twitch.tv/kerori_raika,2026-09-13T08:00:00+00:00,https://www.twitch.tv/kerori_raika,2026-09-17,not_established_at_cutoff,
acct_18924d27fc9fdaf81941,468087355,user_id,ketit_lepetit,Ketit_Lepetit,https://www.twitch.tv/ketit_lepetit,2026-09-13T08:51:29.953978+00:00,https://www.twitch.tv/ketit_lepetit/about,2026-09-17,not_established_at_cutoff,
acct_bd2ed952ea926da341bd,932491222,user_id,kevara_epr,kevara_epr,https://www.twitch.tv/kevara_epr,2026-09-13T08:56:22.412997+00:00,https://www.twitch.tv/kevara_epr/about,2026-09-17,not_established_at_cutoff,
acct_bc64045b015e486bbe04,615176067,user_id,khaiode,khaiode,https://www.twitch.tv/khaiode,2026-09-13T08:00:00+00:00,https://www.twitch.tv/khaiode,2026-09-17,not_established_at_cutoff,
acct_3b949456adee8fefccea,894723438,user_id,khaopundesu,khaopundesu,https://www.twitch.tv/khaopundesu,2026-09-13T08:51:39.877759+00:00,https://www.twitch.tv/khaopundesu/about,2026-09-17,not_established_at_cutoff,
acct_f354a9e263fb92a468b1,807862575,user_id,khionevtuber,khionevtuber,https://www.twitch.tv/khionevtuber,2026-09-13T08:00:00+00:00,https://www.twitch.tv/khionevtuber,2026-09-17,not_established_at_cutoff,
acct_9334455e535aaf36329e,1110333724,user_id,khunchanii,khunchanii,https://www.twitch.tv/khunchanii,2026-09-13T08:57:02.532193+00:00,https://www.twitch.tv/khunchanii/about,2026-09-17,not_established_at_cutoff,
acct_e2d657e6dab397b3f1e6,178751838,user_id,kichanwadoko,kichanwadoko,https://www.twitch.tv/kichanwadoko,2026-09-13T08:51:26.364427+00:00,https://www.twitch.tv/kichanwadoko/about,2026-09-17,not_established_at_cutoff,
acct_63b4340c6614278eaaf2,1158500436,user_id,kiku_himegu,kiku_himegu,https://www.twitch.tv/kiku_himegu,2026-09-13T08:56:22.412997+00:00,https://www.twitch.tv/kiku_himegu/about,2026-09-17,not_established_at_cutoff,
acct_c0d51c510dfbd188d1fd,565323748,user_id,kimerano27,kimerano27,https://www.twitch.tv/kimerano27,2026-09-13T08:51:33.908031+00:00,https://www.twitch.tv/kimerano27/about,2026-09-17,not_established_at_cutoff,
acct_2dff6f1eeefc1cf7b0c4,113212579,user_id,kingslime_ch_vth,KingSlime_Ch_Vth,https://www.twitch.tv/kingslime_ch_vth,2026-09-13T08:56:21.603176+00:00,https://www.twitch.tv/kingslime_ch_vth/about,2026-09-17,not_established_at_cutoff,
acct_06c528f8afd4aaccaaf7,1385760872,user_id,kiran_regalia,kiran_regalia,https://www.twitch.tv/kiran_regalia,2026-09-16T09:34:20+00:00,https://www.youtube.com/channel/UC7txsIaSjDTuvN7h9BzVAsw,2026-09-17,not_established_at_cutoff,
acct_bd8414d013d95df8d9f1,776937569,user_id,kirine21,Kirine21,https://www.twitch.tv/kirine21,2026-09-13T08:51:23.277114+00:00,https://www.twitch.tv/kirine21/about,2026-09-17,not_established_at_cutoff,
acct_012feedfa9fe773f97ff,795519126,user_id,kiriumugi,KiriuMugi,https://www.twitch.tv/kiriumugi,2026-09-13T08:51:26.366427+00:00,https://www.twitch.tv/kiriumugi/about,2026-09-17,not_established_at_cutoff,
acct_c5b0d560e2234a673532,817190378,user_id,kitadesus1,KitadesuS1,https://www.twitch.tv/kitadesus1,2026-09-13T08:51:42.197323+00:00,https://www.twitch.tv/kitadesus1/about,2026-09-17,not_established_at_cutoff,
acct_b4a3a901c0f9ee2fffcb,770666968,user_id,kitsunekumichan,KitsuneKumiChan,https://www.twitch.tv/kitsunekumichan,2026-09-13T08:56:21.604180+00:00,https://www.twitch.tv/kitsunekumichan/about,2026-09-17,not_established_at_cutoff,
acct_2573f34b165be946e239,631977903,user_id,kiyomichan943,KiyomiChan943,https://www.twitch.tv/kiyomichan943,2026-09-13T08:51:31.927215+00:00,https://www.twitch.tv/kiyomichan943/about,2026-09-17,not_established_at_cutoff,
acct_83fb5118db37cff08300,1225021143,user_id,kochikigram,kochikigram,https://www.twitch.tv/kochikigram,2026-09-13T08:56:22.412997+00:00,https://www.twitch.tv/kochikigram/about,2026-09-17,not_established_at_cutoff,
acct_a45197ad4998a5dc4ce8,944877298,user_id,korimisu,KoriMisu,https://www.twitch.tv/korimisu,2026-09-13T08:51:41.564826+00:00,https://www.twitch.tv/korimisu/about,2026-09-17,not_established_at_cutoff,
acct_4e87e3fdb878ae4dcc92,87671813,user_id,korkusreuz_schwarzdargnez,KorkusreuZ_SchwarzDargneZ,https://www.twitch.tv/korkusreuz_schwarzdargnez,2026-09-13T08:56:24.399897+00:00,https://www.twitch.tv/korkusreuz_schwarzdargnez/about,2026-09-17,not_established_at_cutoff,
acct_f8a8da56b1fb4bc2b3b8,586799001,user_id,krikka05,krikka05,https://www.twitch.tv/krikka05,2026-09-16T09:38:02+00:00,https://www.youtube.com/channel/UCZhewVQstdQB87rdWwIRHzg,2026-09-17,not_established_at_cutoff,
acct_7af14bfe0ae1bdf8f3b4,91846978,user_id,krissxoffical,krissxoffical,https://www.twitch.tv/krissxoffical,2026-09-13T08:00:00+00:00,https://www.twitch.tv/krissxoffical,2026-09-17,not_established_at_cutoff,
acct_cbabeb7a0eb5c25c7ce7,747941273,user_id,kumorimaa,kumorimaa,https://www.twitch.tv/kumorimaa,2026-09-13T08:57:00.056336+00:00,https://www.twitch.tv/kumorimaa/about,2026-09-17,not_established_at_cutoff,
acct_527aca855523636aa17c,27911006,user_id,kuraivtuber,kuraivtuber,https://www.twitch.tv/kuraivtuber,2026-09-13T08:00:00+00:00,https://www.twitch.tv/kuraivtuber,2026-09-17,not_established_at_cutoff,
acct_74151df715f4ccae3ef8,131537689,user_id,kurasetaoh,KuraseTaoh,https://www.twitch.tv/kurasetaoh,2026-09-13T08:56:24.399897+00:00,https://www.twitch.tv/kurasetaoh/about,2026-09-17,not_established_at_cutoff,
acct_362e298e30b8da84c5b1,741285433,user_id,kurishimarun,KurishimaRun,https://www.twitch.tv/kurishimarun,2026-09-13T08:51:24.293277+00:00,https://www.twitch.tv/kurishimarun/about,2026-09-17,not_established_at_cutoff,
acct_4ea700877c5c799a97b1,188254612,user_id,kurisumasu_,kurisumasu_,https://www.twitch.tv/kurisumasu_,2026-09-13T08:51:31.927215+00:00,https://www.twitch.tv/kurisumasu_/about,2026-09-17,not_established_at_cutoff,
acct_797be4e302be75090c28,1527790875,user_id,kurona_thegoat123,kurona_thegoat123,https://www.twitch.tv/kurona_thegoat123,2026-09-13T08:00:00+00:00,https://www.twitch.tv/kurona_thegoat123,2026-09-17,not_established_at_cutoff,
acct_91cef55bd1220c3efaa9,48169979,user_id,kurosawasp,KurosawaSP,https://www.twitch.tv/kurosawasp,2026-09-13T08:51:35.566869+00:00,https://www.twitch.tv/kurosawasp/about,2026-09-17,not_established_at_cutoff,
acct_7434736a1aca0f9a834b,595261536,user_id,kyomikoo,kyomikoo,https://www.twitch.tv/kyomikoo,2026-09-13T08:00:00+00:00,https://www.twitch.tv/kyomikoo,2026-09-17,not_established_at_cutoff,
acct_2a5f17abf27f3affdc35,750964442,user_id,laibaht,Laibaht,https://www.twitch.tv/laibaht,2026-09-13T08:51:34.727859+00:00,https://www.twitch.tv/laibaht/about,2026-09-17,not_established_at_cutoff,
acct_72c9ea6f2969017decf5,825550217,user_id,lalinthealien,LalinTheAlien,https://www.twitch.tv/lalinthealien,2026-09-13T08:51:24.294278+00:00,https://www.twitch.tv/lalinthealien/about,2026-09-17,not_established_at_cutoff,
acct_dde66a37ea5a970a814e,822561832,user_id,lalitcave,Lalitcave,https://www.twitch.tv/lalitcave,2026-09-13T08:51:21.511868+00:00,https://www.twitch.tv/lalitcave/about,2026-09-17,not_established_at_cutoff,
acct_afe1d5e190c051989a39,1324403859,user_id,lamppyz,Lamppyz,https://www.twitch.tv/lamppyz,2026-09-13T08:56:20.029641+00:00,https://www.twitch.tv/lamppyz/about,2026-09-17,not_established_at_cutoff,
acct_4df6c533225731d335e4,743265679,user_id,lamuofficials,LamuOfficials,https://www.twitch.tv/lamuofficials,2026-09-13T08:51:20.756464+00:00,https://www.twitch.tv/lamuofficials/about,2026-09-17,not_established_at_cutoff,
acct_6c4eea7347785627bbeb,160464273,user_id,lanevtuber,lanevtuber,https://www.twitch.tv/lanevtuber,2026-09-13T08:00:00+00:00,https://www.twitch.tv/lanevtuber,2026-09-17,not_established_at_cutoff,
acct_11dda51ff0674f1014e4,865803622,user_id,laniach,laniach,https://www.twitch.tv/laniach,2026-09-13T08:51:21.513869+00:00,https://www.twitch.tv/laniach/about,2026-09-17,not_established_at_cutoff,
acct_c604e43bc13f39525948,699624604,user_id,lanrotte,Lanrotte,https://www.twitch.tv/lanrotte,2026-09-13T08:51:29.297559+00:00,https://www.twitch.tv/lanrotte/about,2026-09-17,not_established_at_cutoff,
acct_25713a78a7a157daeef3,881031440,user_id,lattaarp,LattaARP,https://www.twitch.tv/lattaarp,2026-09-13T08:51:35.566869+00:00,https://www.twitch.tv/lattaarp/about,2026-09-17,not_established_at_cutoff,
acct_5842922f323f0cace6a4,256777449,user_id,lattemelo,Lattemelo,https://www.twitch.tv/lattemelo,2026-09-13T08:51:22.275102+00:00,https://www.twitch.tv/lattemelo/about,2026-09-17,not_established_at_cutoff,
acct_6c52e7f94fd5b0bd27b8,752523954,user_id,laurie_blisse,Laurie_Blisse,https://www.twitch.tv/laurie_blisse,2026-09-13T08:51:33.069515+00:00,https://www.twitch.tv/laurie_blisse/about,2026-09-17,not_established_at_cutoff,
acct_d3c9386ce330a7c41871,1227858732,user_id,laychlype_alf,laychlype_alf,https://www.twitch.tv/laychlype_alf,2026-09-16T09:29:48+00:00,https://www.youtube.com/channel/UCSpIYbnsnaXgRpIpipxJRcw,2026-09-17,not_established_at_cutoff,
acct_dec85fee8ba556c86c50,817217724,user_id,layniazia,layniazia,https://www.twitch.tv/layniazia,2026-09-13T08:00:00+00:00,https://www.twitch.tv/layniazia,2026-09-17,not_established_at_cutoff,
acct_ddd324d1ad073ec2dec4,654870281,user_id,lemathchampion,lemathchampion,https://www.twitch.tv/lemathchampion,2026-09-13T08:00:00+00:00,https://www.twitch.tv/lemathchampion,2026-09-17,not_established_at_cutoff,
acct_12c9749054653e0d8370,1537736780,user_id,lenleonheart,lenleonheart,https://www.twitch.tv/lenleonheart,2026-09-13T08:00:00+00:00,https://www.twitch.tv/lenleonheart,2026-09-17,not_established_at_cutoff,
acct_c6d23ff57f2b9c4dbdba,239079157,user_id,lennox_ley,lennox_ley,https://www.twitch.tv/lennox_ley,2026-09-13T08:51:24.945401+00:00,https://www.twitch.tv/lennox_ley/about,2026-09-17,not_established_at_cutoff,
acct_f6593c9dfb5af34d663f,167896030,user_id,levyvpm,LevyVPM,https://www.twitch.tv/levyvpm,2026-09-13T08:51:23.276112+00:00,https://www.twitch.tv/levyvpm/about,2026-09-17,not_established_at_cutoff,
acct_a99daaf43a375f9e18b5,690656570,user_id,lilithririsu,LilithRirisu,https://www.twitch.tv/lilithririsu,2026-09-13T08:51:23.279113+00:00,https://www.twitch.tv/lilithririsu/about,2026-09-17,not_established_at_cutoff,
acct_9c722528980d565ec590,140959634,user_id,limesaltz,LIMESALTZ,https://www.twitch.tv/limesaltz,2026-09-13T08:56:19.227159+00:00,https://www.twitch.tv/limesaltz/about,2026-09-17,not_established_at_cutoff,
acct_d6b3e046c14ba31df98e,38486263,user_id,linktijger,linktijger,https://www.twitch.tv/linktijger,2026-09-13T08:00:00+00:00,https://www.twitch.tv/linktijger,2026-09-17,not_established_at_cutoff,
acct_850ff111affca974d465,835928680,user_id,linlinpadesu,LinlinpaDesu,https://www.twitch.tv/linlinpadesu,2026-09-13T08:51:23.276112+00:00,https://www.twitch.tv/linlinpadesu/about,2026-09-17,not_established_at_cutoff,
acct_ae12de6e4769b32c47b5,600117459,user_id,lipe_vtuber,lipe_vtuber,https://www.twitch.tv/lipe_vtuber,2026-09-13T08:00:00+00:00,https://www.twitch.tv/lipe_vtuber,2026-09-17,not_established_at_cutoff,
acct_24de3303eff4241e3212,1393423964,user_id,liselottech,LiselotteCh,https://www.twitch.tv/liselottech,2026-09-13T08:56:19.227159+00:00,https://www.twitch.tv/liselottech/about,2026-09-17,not_established_at_cutoff,
acct_968c9227a1c7701699bd,794266826,user_id,lissainth,LissainTH,https://www.twitch.tv/lissainth,2026-09-13T08:56:19.228159+00:00,https://www.twitch.tv/lissainth/about,2026-09-17,not_established_at_cutoff,
acct_29b57463a862ad1f50bd,132860067,user_id,lizlynzex_,LizLynzex_,https://www.twitch.tv/lizlynzex_,2026-09-13T08:51:28.572227+00:00,https://www.twitch.tv/lizlynzex_/about,2026-09-17,not_established_at_cutoff,
acct_da7d537f7bdeb597d5a3,1132837109,user_id,lnw_neuatong,lnw_neuatong,https://www.twitch.tv/lnw_neuatong,2026-09-13T08:51:30.941681+00:00,https://www.twitch.tv/lnw_neuatong/about,2026-09-17,not_established_at_cutoff,
acct_ae9d3c105209cb93bec1,998547144,user_id,lonyanta,Lonyanta,https://www.twitch.tv/lonyanta,2026-09-13T08:51:42.196323+00:00,https://www.twitch.tv/lonyanta/about,2026-09-17,not_established_at_cutoff,
acct_dd7077ce1f9196b002a9,903935610,user_id,lorvazielos,lorvazielos,https://www.twitch.tv/lorvazielos,2026-09-13T08:51:29.953978+00:00,https://www.twitch.tv/lorvazielos/about,2026-09-17,not_established_at_cutoff,
acct_fce73bea9f7790303155,788443280,user_id,ltx022,LTX022,https://www.twitch.tv/ltx022,2026-09-13T08:51:20.754463+00:00,https://www.twitch.tv/ltx022/about,2026-09-17,not_established_at_cutoff,
acct_f38e27f5224de0fe00bb,1250907436,user_id,lucidreverdream,LucidReverdream,https://www.twitch.tv/lucidreverdream,2026-09-13T08:56:20.855112+00:00,https://www.twitch.tv/lucidreverdream/about,2026-09-17,not_established_at_cutoff,
acct_eeb2b9128cdc055417c8,856524996,user_id,lucilla_vtuber,lucilla_vtuber,https://www.twitch.tv/lucilla_vtuber,2026-09-13T08:51:29.955977+00:00,https://www.twitch.tv/lucilla_vtuber/about,2026-09-17,not_established_at_cutoff,
acct_70ae1f280d495942548b,1096942597,user_id,lucius_lumiel,lucius_lumiel,https://www.twitch.tv/lucius_lumiel,2026-09-13T08:51:38.909907+00:00,https://www.twitch.tv/lucius_lumiel/about,2026-09-17,not_established_at_cutoff,
acct_de54069d1b3b40b180c8,1320085605,user_id,luckyraccoonvt,Mor9an ՞·ᴥ·՞ (มอร์แกน)『VFree』,https://www.twitch.tv/luckyraccoonvt,2026-09-16T14:49:21+00:00,https://x.com/Mor9an_m,2026-09-17,not_established_at_cutoff,
acct_06fa448bf0fabc1cd83a,1101959873,user_id,lukamith,LukamiTH,https://www.twitch.tv/lukamith,2026-09-13T08:56:19.228159+00:00,https://www.twitch.tv/lukamith/about,2026-09-17,not_established_at_cutoff,
acct_9dfc1e5a18db06a27f4e,71208228,user_id,lunalumiina_prd,LunaLumIIna_PRD,https://www.twitch.tv/lunalumiina_prd,2026-09-13T08:51:39.875754+00:00,https://www.twitch.tv/lunalumiina_prd/about,2026-09-17,not_established_at_cutoff,
acct_71d55e077f3415c3aef8,769672657,user_id,lune_sol_v,Lune_Sol_v,https://www.twitch.tv/lune_sol_v,2026-09-13T08:51:23.276112+00:00,https://www.twitch.tv/lune_sol_v/about,2026-09-17,not_established_at_cutoff,
acct_3c54493f1306437c63c4,160481868,user_id,lunyatic,Lunyatic,https://www.twitch.tv/lunyatic,2026-09-13T08:51:33.067513+00:00,https://www.twitch.tv/lunyatic/about,2026-09-17,not_established_at_cutoff,
acct_439177dc1176b97c1196,1095446282,user_id,lyneththerabbit,LynethTheRabbit,https://www.twitch.tv/lyneththerabbit,2026-09-13T08:56:23.461752+00:00,https://www.twitch.tv/lyneththerabbit/about,2026-09-17,not_established_at_cutoff,
acct_dc6f0d40c2ef24fd6a2d,139769760,user_id,lyondegladiolus,LyonDeGladiolus,https://www.twitch.tv/lyondegladiolus,2026-09-13T08:51:22.276103+00:00,https://www.twitch.tv/lyondegladiolus/about,2026-09-17,not_established_at_cutoff,
acct_febec141010ed685eef8,753005249,user_id,lyveaeve,LyveaEve,https://www.twitch.tv/lyveaeve,2026-09-13T08:56:20.857112+00:00,https://www.twitch.tv/lyveaeve/about,2026-09-17,not_established_at_cutoff,
acct_5c959dfc43851e964188,712952816,user_id,maaguuro,Maaguuro,https://www.twitch.tv/maaguuro,2026-09-13T08:56:24.398897+00:00,https://www.twitch.tv/maaguuro/about,2026-09-17,not_established_at_cutoff,
acct_c3a54c0a9ad3e4ce9b60,1330204819,user_id,maddoxtheorder,maddoxtheorder,https://www.twitch.tv/maddoxtheorder,2026-09-16T09:33:34+00:00,https://www.youtube.com/channel/UCNy9BIHfr9iuvGdeQ0jm1gA,2026-09-17,not_established_at_cutoff,
acct_8a8b99daa32e7d3c60d1,1021131946,user_id,maemuuru,maemuuru,https://www.twitch.tv/maemuuru,2026-09-13T08:51:36.521530+00:00,https://www.twitch.tv/maemuuru/about,2026-09-17,not_established_at_cutoff,
acct_4d73378dcf5065794c37,605834867,user_id,maewlham,MaewLham,https://www.twitch.tv/maewlham,2026-09-13T08:51:38.907907+00:00,https://www.twitch.tv/maewlham/about,2026-09-17,not_established_at_cutoff,
acct_68b884f2427a71bb2f4a,907616232,user_id,maewmon25,maewmon25,https://www.twitch.tv/maewmon25,2026-09-13T08:51:35.566869+00:00,https://www.twitch.tv/maewmon25/about,2026-09-17,not_established_at_cutoff,
acct_bbcb5a10ca0ce87aceb2,545909562,user_id,maewuvchan,Maewuvchan,https://www.twitch.tv/maewuvchan,2026-09-13T08:56:20.855112+00:00,https://www.twitch.tv/maewuvchan/about,2026-09-17,not_established_at_cutoff,
acct_7a3057d3b4150ea8d076,793903288,user_id,magcroravenc,MagcroRavenC,https://www.twitch.tv/magcroravenc,2026-09-13T08:51:30.939528+00:00,https://www.twitch.tv/magcroravenc/about,2026-09-17,not_established_at_cutoff,
acct_2fcc0093d832d47e7f0b,69707808,user_id,maikumira,Maikumira,https://www.twitch.tv/maikumira,2026-09-13T08:51:22.275102+00:00,https://www.twitch.tv/maikumira/about,2026-09-17,not_established_at_cutoff,
acct_389b682e2bbeda73433a,776422057,user_id,maimaivtuber,maimaivtuber,https://www.twitch.tv/maimaivtuber,2026-09-13T08:00:00+00:00,https://www.twitch.tv/maimaivtuber,2026-09-17,not_established_at_cutoff,
acct_13496dbaff4f4ffb6773,885490489,user_id,maimaivtubertw,maimaivtubertw,https://www.twitch.tv/maimaivtubertw,2026-09-13T08:00:00+00:00,https://www.twitch.tv/maimaivtubertw,2026-09-17,not_established_at_cutoff,
acct_14b8f42f445a9aedcf17,620084752,user_id,maiyara_21pm,Maiyara_21pm,https://www.twitch.tv/maiyara_21pm,2026-09-13T08:56:22.410895+00:00,https://www.twitch.tv/maiyara_21pm/about,2026-09-17,not_established_at_cutoff,
acct_5c73254d14b993e5c92f,61731798,user_id,majolic_,Majolic_,https://www.twitch.tv/majolic_,2026-09-13T08:51:26.367427+00:00,https://www.twitch.tv/majolic_/about,2026-09-17,not_established_at_cutoff,
acct_c519f2e046ab3b3a07d9,1372287973,user_id,maliceevermore,maliceevermore,https://www.twitch.tv/maliceevermore,2026-09-13T08:00:00+00:00,https://www.twitch.tv/maliceevermore,2026-09-17,not_established_at_cutoff,
acct_63be3779996c5f2b31fd,728382271,user_id,mallow_ham,mallow_ham,https://www.twitch.tv/mallow_ham,2026-09-16T09:32:16+00:00,https://www.youtube.com/channel/UC5OXcxq6ab6RlhHqNyHws_w,2026-09-17,not_established_at_cutoff,
acct_df82410218684056a2b5,726909868,user_id,manill_mangkorn,Manill_mangkorn,https://www.twitch.tv/manill_mangkorn,2026-09-13T08:57:01.970278+00:00,https://www.twitch.tv/manill_mangkorn/about,2026-09-17,not_established_at_cutoff,
acct_be8ac2fc5f7326f41288,160547606,user_id,mao_ojisan,Mao_Ojisan,https://www.twitch.tv/mao_ojisan,2026-09-13T08:51:39.875754+00:00,https://www.twitch.tv/mao_ojisan/about,2026-09-17,not_established_at_cutoff,
acct_6f660eb87231fa00c3da,815755322,user_id,maoguighostcat,MaoguiGhostCat,https://www.twitch.tv/maoguighostcat,2026-09-13T08:51:29.954979+00:00,https://www.twitch.tv/maoguighostcat/about,2026-09-17,not_established_at_cutoff,
acct_a2366312ba99bd61610e,84882048,user_id,marzeline_ix,Marzeline_IX,https://www.twitch.tv/marzeline_ix,2026-09-13T08:51:36.523532+00:00,https://www.twitch.tv/marzeline_ix/about,2026-09-17,not_established_at_cutoff,
acct_8bc9293e38e7d8bc3643,823618774,user_id,mavista_korynna,MaVista_Korynna,https://www.twitch.tv/mavista_korynna,2026-09-13T08:51:24.944401+00:00,https://www.twitch.tv/mavista_korynna/about,2026-09-17,not_established_at_cutoff,
acct_909c6b82fde67b4961a7,257735783,user_id,mayblissvt,Maybliss Blessyou Ch.,https://www.twitch.tv/mayblissvt,2026-09-16T14:49:21+00:00,https://x.com/MayblissVT,2026-09-17,not_established_at_cutoff,
acct_4dfac53782888b18a19d,205072433,user_id,mayu_ix,mayu_ix,https://www.twitch.tv/mayu_ix,2026-09-13T08:56:25.169520+00:00,https://www.twitch.tv/mayu_ix/about,2026-09-17,not_established_at_cutoff,
acct_ed41463d3a76fd4da49b,763553923,user_id,meililyn,MeiLiLyn,https://www.twitch.tv/meililyn,2026-09-13T08:56:25.170522+00:00,https://www.twitch.tv/meililyn/about,2026-09-17,not_established_at_cutoff,
acct_4deaf54608b998b8f85f,1087260378,user_id,meilin_vtuber,meilin_vtuber,https://www.twitch.tv/meilin_vtuber,2026-09-16T09:38:02+00:00,https://www.youtube.com/channel/UCZhewVQstdQB87rdWwIRHzg,2026-09-17,not_established_at_cutoff,
acct_5da1e67457eef56569b3,1329495837,user_id,melinoir_th,melinoir_th,https://www.twitch.tv/melinoir_th,2026-09-13T08:56:21.604180+00:00,https://www.twitch.tv/melinoir_th/about,2026-09-17,not_established_at_cutoff,
acct_ce9f0e765fb6976b004f,981284647,user_id,mellowlop,Mellowlop,https://www.twitch.tv/mellowlop,2026-09-13T08:51:38.088822+00:00,https://www.twitch.tv/mellowlop/about,2026-09-17,not_established_at_cutoff,
acct_c5bb6f59c0643c59f06b,1003428067,user_id,meltildavt,meltildavt,https://www.twitch.tv/meltildavt,2026-09-13T08:56:20.855112+00:00,https://www.twitch.tv/meltildavt/about,2026-09-17,not_established_at_cutoff,
acct_4033e7b75f8c798012d0,120822713,user_id,meltte,Meltte,https://www.twitch.tv/meltte,2026-09-13T08:51:38.087820+00:00,https://www.twitch.tv/meltte/about,2026-09-17,not_established_at_cutoff,
acct_6401b8b554b2b14629c3,728007407,user_id,memeawwww,memeawwww,https://www.twitch.tv/memeawwww,2026-09-13T08:51:34.729862+00:00,https://www.twitch.tv/memeawwww/about,2026-09-17,not_established_at_cutoff,
acct_db7d03070371a190bed1,198285245,user_id,memefrug,memefrug,https://www.twitch.tv/memefrug,2026-09-13T08:00:00+00:00,https://www.twitch.tv/memefrug,2026-09-17,not_established_at_cutoff,
acct_4df06c520d59f7f9affd,131573804,user_id,merrykomori,merrykomori,https://www.twitch.tv/merrykomori,2026-09-13T08:56:20.029641+00:00,https://www.twitch.tv/merrykomori/about,2026-09-17,not_established_at_cutoff,
acct_9d5fcfb740080b4d7955,767436746,user_id,meteona_mars,meteona_mars,https://www.twitch.tv/meteona_mars,2026-09-13T08:56:20.855112+00:00,https://www.twitch.tv/meteona_mars/about,2026-09-17,not_established_at_cutoff,
acct_bda85097571ef170dd83,786231174,user_id,michann_n,michann_n,https://www.twitch.tv/michann_n,2026-09-13T08:00:00+00:00,https://www.twitch.tv/michann_n,2026-09-17,not_established_at_cutoff,
acct_bf8279f94f0da288f6d1,778143544,user_id,midnightafter12am,Midnightafter12AM,https://www.twitch.tv/midnightafter12am,2026-09-13T08:51:29.955977+00:00,https://www.twitch.tv/midnightafter12am/about,2026-09-17,not_established_at_cutoff,
acct_4f6262a84447c55e92b4,1290397045,user_id,midnightafterdark,midnightafterdark,https://www.twitch.tv/midnightafterdark,2026-09-13T08:00:00+00:00,https://www.twitch.tv/midnightafterdark,2026-09-17,not_established_at_cutoff,
acct_525f235da4a50a716c08,526974971,user_id,midori_suikaaa,Midori_Suikaaa,https://www.twitch.tv/midori_suikaaa,2026-09-13T08:51:30.940530+00:00,https://www.twitch.tv/midori_suikaaa/about,2026-09-17,not_established_at_cutoff,
acct_3623a80d0fcf481e6f04,1010903884,user_id,mieru_vt,mieru_vt,https://www.twitch.tv/mieru_vt,2026-09-13T08:51:38.088822+00:00,https://www.twitch.tv/mieru_vt/about,2026-09-17,not_established_at_cutoff,
acct_e07923d002a1ededfe3e,953642794,user_id,migueljesta,MiguelJesta,https://www.twitch.tv/migueljesta,2026-09-13T08:51:30.939528+00:00,https://www.twitch.tv/migueljesta/about,2026-09-17,not_established_at_cutoff,
acct_92ae44bca24da8331d48,495851785,user_id,mii__belle,mii__belle,https://www.twitch.tv/mii__belle,2026-09-13T08:56:22.412997+00:00,https://www.twitch.tv/mii__belle/about,2026-09-17,not_established_at_cutoff,
acct_b69178d0135078c89b5a,719466627,user_id,mika_112233,mika_112233,https://www.twitch.tv/mika_112233,2026-09-13T08:51:24.945401+00:00,https://www.twitch.tv/mika_112233/about,2026-09-17,not_established_at_cutoff,
acct_db9e0eea75d5a50c23f4,915743847,user_id,miledyz,miledyz,https://www.twitch.tv/miledyz,2026-09-13T08:51:38.906908+00:00,https://www.twitch.tv/miledyz/about,2026-09-17,not_established_at_cutoff,
acct_8d6fdb9375621b144e70,1062179883,user_id,milisvt,MilisVT,https://twitch.tv/milisvt,2026-09-13T08:00:00+00:00,https://twitch.tv/milisvt,2026-09-17,not_established_at_cutoff,
acct_646088d043d13b70e1a6,762040151,user_id,millou_uu,millou_uu,https://www.twitch.tv/millou_uu,2026-09-13T08:57:01.970278+00:00,https://www.twitch.tv/millou_uu/about,2026-09-17,not_established_at_cutoff,
acct_cadecd349f620d2f10d4,151322987,user_id,millybill,MillYBilL,https://www.twitch.tv/millybill,2026-09-13T08:51:38.088822+00:00,https://www.twitch.tv/millybill/about,2026-09-17,not_established_at_cutoff,
acct_c1e717d8c8cab92309ff,823836390,user_id,milynitivona,MilyniTivona,https://www.twitch.tv/milynitivona,2026-09-13T08:51:35.564868+00:00,https://www.twitch.tv/milynitivona/about,2026-09-17,not_established_at_cutoff,
acct_895279588992ce48bb9a,794197736,user_id,milzenc_,MilZenc_,https://www.twitch.tv/milzenc_,2026-09-13T08:57:00.055334+00:00,https://www.twitch.tv/milzenc_/about,2026-09-17,not_established_at_cutoff,
acct_7714bd381fa5bb8a1e82,951736608,user_id,mimiifox,mimiifox,https://www.twitch.tv/mimiifox,2026-09-13T08:51:22.275102+00:00,https://www.twitch.tv/mimiifox/about,2026-09-17,not_established_at_cutoff,
acct_09f1370427b034997f15,443415898,user_id,mipmip_vt,MIPMIP_vt,https://www.twitch.tv/mipmip_vt,2026-09-13T08:51:18.734926+00:00,https://www.twitch.tv/mipmip_vt/about,2026-09-17,not_established_at_cutoff,
acct_b3df0e23c7c14622ad03,731542203,user_id,miraluna_mocha,MiraLuna_mocha,https://www.twitch.tv/miraluna_mocha,2026-09-13T08:51:24.946401+00:00,https://www.twitch.tv/miraluna_mocha/about,2026-09-17,not_established_at_cutoff,
acct_45e8d422ef2418e2c2f1,62293243,user_id,mirinku,Mirinku,https://www.twitch.tv/mirinku,2026-09-13T08:51:20.755463+00:00,https://www.twitch.tv/mirinku/about,2026-09-17,not_established_at_cutoff,
acct_a0c62f209e9db04160b0,732353372,user_id,misterzhenfeng,MisterZhenfeng,https://www.twitch.tv/misterzhenfeng,2026-09-13T08:51:40.352711+00:00,https://www.twitch.tv/misterzhenfeng/about,2026-09-17,not_established_at_cutoff,
acct_70c12357afe1b83f3994,892281467,user_id,miyathemelf_vt,miyathemelf_vt,https://www.twitch.tv/miyathemelf_vt,2026-09-13T08:51:28.570162+00:00,https://www.twitch.tv/miyathemelf_vt/about,2026-09-17,not_established_at_cutoff,
acct_278c5444d5101dc1081c,729493629,user_id,miyu_385pj,miyu_385pj,https://www.twitch.tv/miyu_385pj,2026-09-13T08:51:29.298559+00:00,https://www.twitch.tv/miyu_385pj/about,2026-09-17,not_established_at_cutoff,
acct_7801f7017c6e8e3cb070,761088192,user_id,mizaru_kazeno,Mizaru_Kazeno,https://www.twitch.tv/mizaru_kazeno,2026-09-13T08:51:37.437033+00:00,https://www.twitch.tv/mizaru_kazeno/about,2026-09-17,not_established_at_cutoff,
acct_01a082a2b5ce3d9c2cda,1056153817,user_id,mizugracia,mizugracia,https://www.twitch.tv/mizugracia,2026-09-16T09:32:51+00:00,https://www.youtube.com/channel/UCeoHajHKBl5q-UvfIEeOm3g,2026-09-17,not_established_at_cutoff,
acct_3ac8aad38252359a08c6,1229995006,user_id,mochaavtuber,mochaavtuber,https://www.twitch.tv/mochaavtuber,2026-09-13T08:00:00+00:00,https://www.twitch.tv/mochaavtuber,2026-09-17,not_established_at_cutoff,
acct_80bca78dbff6969a6e43,1309568712,user_id,moia_lnwza55,moia_lnwza55,https://www.twitch.tv/moia_lnwza55,2026-09-13T08:56:21.603176+00:00,https://www.twitch.tv/moia_lnwza55/about,2026-09-17,not_established_at_cutoff,
acct_e4c06efc5e24b8f1f349,632223726,user_id,mola_sunfish,mola_sunfish,https://www.twitch.tv/mola_sunfish,2026-09-13T08:51:20.756464+00:00,https://www.twitch.tv/mola_sunfish/about,2026-09-17,not_established_at_cutoff,
acct_bb630793647484d9397c,790307977,user_id,momayallegrala,MomayAllegrala,https://www.twitch.tv/momayallegrala,2026-09-13T08:51:39.876763+00:00,https://www.twitch.tv/momayallegrala/about,2026-09-17,not_established_at_cutoff,
acct_b2fa8acbe239fb876bb8,52645430,user_id,momineko,Momineko,https://www.twitch.tv/momineko,2026-09-13T08:51:19.931296+00:00,https://www.twitch.tv/momineko/about,2026-09-17,not_established_at_cutoff,
acct_ffadc2d5a6d35ef44a65,1122894576,user_id,momomiichan,Momomiichan,https://www.twitch.tv/momomiichan,2026-09-13T08:56:20.858112+00:00,https://www.twitch.tv/momomiichan/about,2026-09-17,not_established_at_cutoff,
acct_74b25239b68bc6b6f336,1239902749,user_id,mondragoooon,mondragoooon,https://www.twitch.tv/mondragoooon,2026-09-13T08:00:00+00:00,https://www.twitch.tv/mondragoooon,2026-09-17,not_established_at_cutoff,
acct_47ac3e0f7b77fc2abb06,165971924,user_id,mononosodium_prd,Mononosodium_PRD,https://www.twitch.tv/mononosodium_prd,2026-09-13T08:51:38.910909+00:00,https://www.twitch.tv/mononosodium_prd/about,2026-09-17,not_established_at_cutoff,
acct_4454dff3107d6bf251b5,847870379,user_id,moomoomilkmaid,moomoomilkmaid,https://www.twitch.tv/moomoomilkmaid,2026-09-13T08:00:00+00:00,https://www.twitch.tv/moomoomilkmaid,2026-09-17,not_established_at_cutoff,
acct_1c87e6a2ce3054cf1a97,156075344,user_id,mor9an_m,Mor9an_m,https://www.twitch.tv/mor9an_m,2026-09-13T08:51:42.196323+00:00,https://www.twitch.tv/mor9an_m/about,2026-09-17,not_established_at_cutoff,
acct_9653d36e6d359550fab0,695309646,user_id,moramypop,Moramypop,https://www.twitch.tv/moramypop,2026-09-13T08:51:21.512868+00:00,https://www.twitch.tv/moramypop/about,2026-09-17,not_established_at_cutoff,
acct_f9554b67a5bab46b2ecb,1274652748,user_id,morikarei,MorikaRei,https://www.twitch.tv/morikarei,2026-09-13T08:56:23.464753+00:00,https://www.twitch.tv/morikarei/about,2026-09-17,not_established_at_cutoff,
acct_d84e18ace3786d2d48dc,909863066,user_id,morinplanet,morinplanet,https://www.twitch.tv/morinplanet,2026-09-13T08:51:30.939528+00:00,https://www.twitch.tv/morinplanet/about,2026-09-17,not_established_at_cutoff,
acct_9164ccca92bb2b913e32,770633075,user_id,mortiferbathory,MortiferBathory,https://www.twitch.tv/mortiferbathory,2026-09-13T08:56:25.168522+00:00,https://www.twitch.tv/mortiferbathory/about,2026-09-17,not_established_at_cutoff,
acct_df3256c34ad6c46e6141,422374646,user_id,moshiedraws,moshiedraws,https://www.twitch.tv/moshiedraws,2026-09-13T08:00:00+00:00,https://www.twitch.tv/moshiedraws,2026-09-17,not_established_at_cutoff,
acct_de7d0a3f412b0db47b7b,620346268,user_id,mumuthemoodiest,mumuthemoodiest,https://www.twitch.tv/mumuthemoodiest,2026-09-13T08:51:27.553347+00:00,https://www.twitch.tv/mumuthemoodiest/about,2026-09-17,not_established_at_cutoff,
acct_995794a54ec749b2a043,824541512,user_id,mxnnxm,mxnnxm,https://www.twitch.tv/mxnnxm,2026-09-13T08:51:35.564868+00:00,https://www.twitch.tv/mxnnxm/about,2026-09-17,not_established_at_cutoff,
acct_785230cbd1d6f0b5e14d,1497716936,user_id,mylah_ch,Mylah_Ch,https://www.twitch.tv/mylah_ch,2026-09-13T08:56:21.604180+00:00,https://www.twitch.tv/mylah_ch/about,2026-09-17,not_established_at_cutoff,
acct_271138b1abf42707aa75,1112135820,user_id,mylemarrish,Mylemarrish,https://www.twitch.tv/mylemarrish,2026-09-13T08:51:39.877759+00:00,https://www.twitch.tv/mylemarrish/about,2026-09-17,not_established_at_cutoff,
acct_07351c0f864177c751a6,102718807,user_id,myxnyxx,MyxNyxx,https://www.twitch.tv/myxnyxx,2026-09-13T08:56:20.855112+00:00,https://www.twitch.tv/myxnyxx/about,2026-09-17,not_established_at_cutoff,
acct_448c4aa825dfcffc4aa2,606523123,user_id,n1inq,n1inq,https://www.twitch.tv/n1inq,2026-09-13T08:51:30.941681+00:00,https://www.twitch.tv/n1inq/about,2026-09-17,not_established_at_cutoff,
acct_4dd6f3aa00c350f8eaa1,631970170,user_id,namenemich,NameNemiCh,https://www.twitch.tv/namenemich,2026-09-13T08:51:28.574228+00:00,https://www.twitch.tv/namenemich/about,2026-09-17,not_established_at_cutoff,
acct_52608c3b057b01928633,1283196492,user_id,nana_vtuberth,nana_vtuberth,https://www.twitch.tv/nana_vtuberth,2026-09-16T09:36:43+00:00,https://www.youtube.com/channel/UCVmZ-RvoPuxk9siBRctLwsA,2026-09-17,not_established_at_cutoff,
acct_41b0147e4b8843b5b0c3,79715116,user_id,nancygimme2000,nancygimme2000,https://www.twitch.tv/nancygimme2000,2026-09-16T09:30:00+00:00,https://www.youtube.com/channel/UCf-P7yTlHAJlVwxzwHu915Q,2026-09-17,not_established_at_cutoff,
acct_24bed41c5f8262dbb722,795691618,user_id,nano_horitsuga,Nano_Horitsuga,https://www.twitch.tv/nano_horitsuga,2026-09-13T08:51:19.930297+00:00,https://www.twitch.tv/nano_horitsuga/about,2026-09-17,not_established_at_cutoff,
acct_46adb677c9756e69ace4,1254328337,user_id,nano_pks,nano_pks,https://www.twitch.tv/nano_pks,2026-09-13T08:56:24.400897+00:00,https://www.twitch.tv/nano_pks/about,2026-09-17,not_established_at_cutoff,
acct_3796ea7707c9ffd85188,132859678,user_id,nao_mukutsuki,Nao_Mukutsuki,https://www.twitch.tv/nao_mukutsuki,2026-09-13T08:51:37.438031+00:00,https://www.twitch.tv/nao_mukutsuki/about,2026-09-17,not_established_at_cutoff,
acct_feafebfe757a200e5414,919197079,user_id,narufay,NaruFay,https://www.twitch.tv/narufay,2026-09-13T08:56:23.462752+00:00,https://www.twitch.tv/narufay/about,2026-09-17,not_established_at_cutoff,
acct_0d596dbc69e6213fc181,935307902,user_id,nasarisekinei_,nasarisekinei_,https://www.twitch.tv/nasarisekinei_,2026-09-13T08:51:29.298559+00:00,https://www.twitch.tv/nasarisekinei_/about,2026-09-17,not_established_at_cutoff,
acct_f8e6ae407bbc82db381d,890386605,user_id,natsukihotaru2004,Natsukihotaru2004,https://www.twitch.tv/natsukihotaru2004,2026-09-13T08:51:21.513869+00:00,https://www.twitch.tv/natsukihotaru2004/about,2026-09-17,not_established_at_cutoff,
acct_e70eab86888acf1a7ff7,117277638,user_id,nearnergal,nearnergal,https://www.twitch.tv/nearnergal,2026-09-13T08:51:29.297559+00:00,https://www.twitch.tv/nearnergal/about,2026-09-17,not_established_at_cutoff,
acct_222f17cef971c700fb9f,54052330,user_id,nebluu,Nebluu,https://www.twitch.tv/nebluu,2026-09-13T08:51:38.908907+00:00,https://www.twitch.tv/nebluu/about,2026-09-17,not_established_at_cutoff,
acct_73c1e4e1e32d0283368c,1040248098,user_id,nebulafaragonda,NebulaFaragonda,https://www.twitch.tv/nebulafaragonda,2026-09-13T08:57:02.532193+00:00,https://www.twitch.tv/nebulafaragonda/about,2026-09-17,not_established_at_cutoff,
acct_d75d7b60fb0bb6afb8fe,452154039,user_id,neko_tamashii,Neko_Tamashii,https://www.twitch.tv/neko_tamashii,2026-09-13T08:57:00.056336+00:00,https://www.twitch.tv/neko_tamashii/about,2026-09-17,not_established_at_cutoff,
acct_d1c7320cb20c45578ba4,921698751,user_id,neplilnaigh,Neplilnaigh,https://www.twitch.tv/neplilnaigh,2026-09-13T08:51:29.955977+00:00,https://www.twitch.tv/neplilnaigh/about,2026-09-17,not_established_at_cutoff,
acct_f7062629359be6c827c5,37880766,user_id,nerumiace,NerumiACE,https://www.twitch.tv/nerumiace,2026-09-13T08:51:23.277114+00:00,https://www.twitch.tv/nerumiace/about,2026-09-17,not_established_at_cutoff,
acct_61915bc3fcdcbde8a84f,735799377,user_id,neshi_cat,neshi_cat,https://www.twitch.tv/neshi_cat,2026-09-13T08:56:20.030641+00:00,https://www.twitch.tv/neshi_cat/about,2026-09-17,not_established_at_cutoff,
acct_c28ef0551e672e32f423,141739332,user_id,neumond_,Neumond_,https://www.twitch.tv/neumond_,2026-09-13T08:51:23.279113+00:00,https://www.twitch.tv/neumond_/about,2026-09-17,not_established_at_cutoff,
acct_b21086fb90f5b770d18e,135810104,user_id,newbienight_,newbienight_,https://www.twitch.tv/newbienight_,2026-09-13T08:51:34.727859+00:00,https://www.twitch.tv/newbienight_/about,2026-09-17,not_established_at_cutoff,
acct_7981e1b2212ae1d84309,967722062,user_id,ngern_tong,ngern_tong,https://www.twitch.tv/ngern_tong,2026-09-13T08:51:33.068513+00:00,https://www.twitch.tv/ngern_tong/about,2026-09-17,not_established_at_cutoff,
acct_bb63b004e62bd7f87f4a,893748371,user_id,nicole_blank,nicole_blank,https://www.twitch.tv/nicole_blank,2026-09-13T08:51:22.275102+00:00,https://www.twitch.tv/nicole_blank/about,2026-09-17,not_established_at_cutoff,
acct_085f97f29e84f35c8238,735001930,user_id,niewlocker,niewlocker,https://www.twitch.tv/niewlocker,2026-09-13T08:56:19.228159+00:00,https://www.twitch.tv/niewlocker/about,2026-09-17,not_established_at_cutoff,
acct_cd7528f2c194e41299f0,1162049334,user_id,nightmary_cia,Nightmary_cia,https://www.twitch.tv/nightmary_cia,2026-09-13T08:57:01.974336+00:00,https://www.twitch.tv/nightmary_cia/about,2026-09-17,not_established_at_cutoff,
acct_7984c0a9a44852837b71,952875887,user_id,nikkayz,NIKKAYz,https://twitch.tv/nikkayz,2026-09-13T08:00:00+00:00,https://twitch.tv/nikkayz,2026-09-17,not_established_at_cutoff,
acct_8a168027ed6c3c1291b8,905137378,user_id,nisha_mln,nisha_mln,https://www.twitch.tv/nisha_mln,2026-09-13T08:51:31.924216+00:00,https://www.twitch.tv/nisha_mln/about,2026-09-17,not_established_at_cutoff,
acct_0fcea77ace66be07036c,733835054,user_id,nneviris,nneviris,https://www.twitch.tv/nneviris,2026-09-16T09:32:12+00:00,https://www.youtube.com/channel/UCbdwIhYMC977P-Fk6d0utoQ,2026-09-17,not_established_at_cutoff,
acct_865d04b6eb0df3089723,44377791,user_id,nnyatsume_,nnyatsume_,https://www.twitch.tv/nnyatsume_,2026-09-13T08:51:22.275102+00:00,https://www.twitch.tv/nnyatsume_/about,2026-09-17,not_established_at_cutoff,
acct_7ee18c7e86566eb39a26,162742679,user_id,noeluc,Noeluc,https://www.twitch.tv/noeluc,2026-09-13T08:56:24.398897+00:00,https://www.twitch.tv/noeluc/about,2026-09-17,not_established_at_cutoff,
acct_8f5295bd6aab89cb27fe,116840566,user_id,nokk_tt,Nokk_tt,https://www.twitch.tv/nokk_tt,2026-09-13T08:56:21.603176+00:00,https://www.twitch.tv/nokk_tt/about,2026-09-17,not_established_at_cutoff,
acct_5ccf3d3489d7a17d46ef,886962885,user_id,nongmamuang23,nongmamuang23,https://www.twitch.tv/nongmamuang23,2026-09-13T08:56:20.856111+00:00,https://www.twitch.tv/nongmamuang23/about,2026-09-17,not_established_at_cutoff,
acct_f2480bf4b40941fd3556,137424896,user_id,nongtamwifu,nongtamwifu,https://www.twitch.tv/nongtamwifu,2026-09-13T08:00:00+00:00,https://www.twitch.tv/nongtamwifu,2026-09-17,not_established_at_cutoff,
acct_b7997cb163472c66f005,159726707,user_id,nongwantv,NongwanTV,https://www.twitch.tv/nongwantv,2026-09-13T08:56:20.855112+00:00,https://www.twitch.tv/nongwantv/about,2026-09-17,not_established_at_cutoff,
acct_5c86df3cc59da663ee3b,1347612912,user_id,nonokochika,nonokochika,https://www.twitch.tv/nonokochika,2026-09-16T09:31:15+00:00,https://www.youtube.com/channel/UC0Zn4uhb90EBb5e3NlvuS1g,2026-09-17,not_established_at_cutoff,
acct_2c0c07fe6b2c54bf0b82,842617809,user_id,nonorivt,nonorivt,https://www.twitch.tv/nonorivt,2026-09-13T08:51:26.365427+00:00,https://www.twitch.tv/nonorivt/about,2026-09-17,not_established_at_cutoff,
acct_f339bc622f6d17c4f6d8,113025792,user_id,nophatner,NoPHatner,https://www.twitch.tv/nophatner,2026-09-13T08:51:39.876763+00:00,https://www.twitch.tv/nophatner/about,2026-09-17,not_established_at_cutoff,
acct_c7451127902f262d84cb,759301858,user_id,nora_vanadiz,Nora_Vanadiz,https://www.twitch.tv/nora_vanadiz,2026-09-13T08:51:37.436027+00:00,https://www.twitch.tv/nora_vanadiz/about,2026-09-17,not_established_at_cutoff,
acct_726f77efa4b1c0f22abc,940752168,user_id,ntaent23,NtaeNT23,https://www.twitch.tv/ntaent23,2026-09-13T08:51:30.942679+00:00,https://www.twitch.tv/ntaent23/about,2026-09-17,not_established_at_cutoff,
acct_028cd95c3953fbebf348,153258411,user_id,nutsurusama,NutsuruSama,https://www.twitch.tv/nutsurusama,2026-09-13T08:51:19.928297+00:00,https://www.twitch.tv/nutsurusama/about,2026-09-17,not_established_at_cutoff,
acct_7986071356bb4e1c4312,723163729,user_id,nuttizz_,Nuttizz_,https://www.twitch.tv/nuttizz_,2026-09-13T08:51:36.522531+00:00,https://www.twitch.tv/nuttizz_/about,2026-09-17,not_established_at_cutoff,
acct_8a58ae274b51b23a78b9,793140383,user_id,nyaruyentafo,nyaruyentafo,https://www.twitch.tv/nyaruyentafo,2026-09-13T08:51:31.927215+00:00,https://www.twitch.tv/nyaruyentafo/about,2026-09-17,not_established_at_cutoff,
acct_9b566e68e283d07de6a4,227020051,user_id,nyeeeon,nyeeeon,https://www.twitch.tv/nyeeeon,2026-09-13T08:51:27.551292+00:00,https://www.twitch.tv/nyeeeon/about,2026-09-17,not_established_at_cutoff,
acct_985c886f5dee3e05f32c,680357153,user_id,oilfenris,OilFenris,https://www.twitch.tv/oilfenris,2026-09-13T08:51:23.279113+00:00,https://www.twitch.tv/oilfenris/about,2026-09-17,not_established_at_cutoff,
acct_51c2ca0ac0a7cf2aa624,148005377,user_id,oita,그래프속에서죽는다,https://www.twitch.tv/oita,2026-09-13T08:51:19.930297+00:00,https://www.twitch.tv/oita/about,2026-09-17,not_established_at_cutoff,
acct_63c7a369a97480eb244e,162287432,user_id,okami_hito,okami_hito,https://www.twitch.tv/okami_hito,2026-09-13T08:56:20.856111+00:00,https://www.twitch.tv/okami_hito/about,2026-09-17,not_established_at_cutoff,
acct_f82ad7cbbb8d029edabb,886744280,user_id,okamibwt,OKAMIbwt,https://www.twitch.tv/okamibwt,2026-09-13T08:51:22.275102+00:00,https://www.twitch.tv/okamibwt/about,2026-09-17,not_established_at_cutoff,
acct_18493d0232d55ad72dfd,544393424,user_id,okashiroexe,OKASHIROEXE,https://www.twitch.tv/okashiroexe,2026-09-13T08:57:02.841343+00:00,https://www.twitch.tv/okashiroexe/about,2026-09-17,not_established_at_cutoff,
acct_e62567abde6662cc5c59,783888004,user_id,onomilvt,onomilvt,https://www.twitch.tv/onomilvt,2026-09-13T08:51:39.876763+00:00,https://www.twitch.tv/onomilvt/about,2026-09-17,not_established_at_cutoff,
acct_287ed8a6ad79a7520849,124294429,user_id,ookami_yuusha,Ookami_Yuusha,https://www.twitch.tv/ookami_yuusha,2026-09-13T08:51:28.572227+00:00,https://www.twitch.tv/ookami_yuusha/about,2026-09-17,not_established_at_cutoff,
acct_4e3e837b705577b9711f,171016983,user_id,orabell18,orabell18,https://www.twitch.tv/orabell18,2026-09-13T08:00:00+00:00,https://www.twitch.tv/orabell18,2026-09-17,not_established_at_cutoff,
acct_f8ebd2110b0699a595bb,704135529,user_id,oumkumi,OumKuMi,https://www.twitch.tv/oumkumi,2026-09-13T08:51:34.728859+00:00,https://www.twitch.tv/oumkumi/about,2026-09-17,not_established_at_cutoff,
acct_df593499f16fc1ef27c8,901076093,user_id,ozayaol,ozayaol,https://www.twitch.tv/ozayaol,2026-09-13T08:51:31.925216+00:00,https://www.twitch.tv/ozayaol/about,2026-09-17,not_established_at_cutoff,
acct_e598cf46d83092a68ee2,1535599604,user_id,paebouofficials,paebouofficials,https://www.twitch.tv/paebouofficials,2026-09-13T08:00:00+00:00,https://www.twitch.tv/paebouofficials,2026-09-17,not_established_at_cutoff,
acct_00e32f16bffb8137810e,1337222632,user_id,paivtuber,paivtuber,https://www.twitch.tv/paivtuber,2026-09-13T08:00:00+00:00,https://www.twitch.tv/paivtuber,2026-09-17,not_established_at_cutoff,
acct_dceba9b6c252fecdfd4c,131470585,user_id,pamberryth,PamberryTH,https://www.twitch.tv/pamberryth,2026-09-13T08:56:19.229160+00:00,https://www.twitch.tv/pamberryth/about,2026-09-17,not_established_at_cutoff,
acct_6579f198e2fdc3a7a4e4,146120125,user_id,panbibi,PanBiBi,https://www.twitch.tv/panbibi,2026-09-13T08:51:24.945401+00:00,https://www.twitch.tv/panbibi/about,2026-09-17,not_established_at_cutoff,
acct_e220abb5b34a31922066,806475397,user_id,pandasensi,PandaSensi,https://www.twitch.tv/pandasensi,2026-09-13T08:51:24.293277+00:00,https://www.twitch.tv/pandasensi/about,2026-09-17,not_established_at_cutoff,
acct_cd6ad328b272b42443c0,93249347,user_id,papakatsuvt,papakatsuvt,https://www.twitch.tv/papakatsuvt,2026-09-13T08:00:00+00:00,https://www.twitch.tv/papakatsuvt,2026-09-17,not_established_at_cutoff,
acct_0e7a810e3dca3639f6f3,951087273,user_id,paperjubmuah,paperjubmuah,https://www.twitch.tv/paperjubmuah,2026-09-13T08:51:29.953978+00:00,https://www.twitch.tv/paperjubmuah/about,2026-09-17,not_established_at_cutoff,
acct_d0cf6e4a28894a3f2acf,835213436,user_id,pares_spacedog,pares_spacedog,https://www.twitch.tv/pares_spacedog,2026-09-13T08:51:36.522531+00:00,https://www.twitch.tv/pares_spacedog/about,2026-09-17,not_established_at_cutoff,
acct_df9745e399aae002e961,884680237,user_id,parishchycha,ParishChyCha,https://www.twitch.tv/parishchycha,2026-09-13T08:51:33.907033+00:00,https://www.twitch.tv/parishchycha/about,2026-09-17,not_established_at_cutoff,
acct_2c2cc8bd36d4f8c55252,121215870,user_id,paruisme,ParuIsMe,https://www.twitch.tv/paruisme,2026-09-13T08:51:19.931296+00:00,https://www.twitch.tv/paruisme/about,2026-09-17,not_established_at_cutoff,
acct_fb8be922e90e6540731a,705473808,user_id,peacech16,PeaceCh16,https://www.twitch.tv/peacech16,2026-09-13T08:51:29.954979+00:00,https://www.twitch.tv/peacech16/about,2026-09-17,not_established_at_cutoff,
acct_4bf4d8b7150c2e9ecd9e,584151187,user_id,peepeepoopcat,peepeepoopcat,https://www.twitch.tv/peepeepoopcat,2026-09-13T08:00:00+00:00,https://www.twitch.tv/peepeepoopcat,2026-09-17,not_established_at_cutoff,
acct_4afae3fbf1791da30788,884666138,user_id,penelopepinkch,penelopepinkch,https://www.twitch.tv/penelopepinkch,2026-09-13T08:51:42.195323+00:00,https://www.twitch.tv/penelopepinkch/about,2026-09-17,not_established_at_cutoff,
acct_465e3bc05df1a644ef92,939201161,user_id,penkaa0,penkaa0,https://www.twitch.tv/penkaa0,2026-09-13T08:51:18.734926+00:00,https://www.twitch.tv/penkaa0/about,2026-09-17,not_established_at_cutoff,
acct_b30fd02c67cac6e623cc,1250357547,user_id,permadeathchannel,permadeathchannel,https://www.twitch.tv/permadeathchannel,2026-09-13T08:00:00+00:00,https://www.twitch.tv/permadeathchannel,2026-09-17,not_established_at_cutoff,
acct_74759c3236526966782f,154811543,user_id,phaisprite,PhaiSprite,https://www.twitch.tv/phaisprite,2026-09-13T08:51:29.299559+00:00,https://www.twitch.tv/phaisprite/about,2026-09-17,not_established_at_cutoff,
acct_b2e3b5ded77caa368285,932474202,user_id,phelita_epr,phelita_epr,https://www.twitch.tv/phelita_epr,2026-09-13T08:51:29.299559+00:00,https://www.twitch.tv/phelita_epr/about,2026-09-17,not_established_at_cutoff,
acct_d451e7ce6b4c1e30e0f6,777759221,user_id,phumarine_phuma,phumarine_phuma,https://www.twitch.tv/phumarine_phuma,2026-09-13T08:51:24.946401+00:00,https://www.twitch.tv/phumarine_phuma/about,2026-09-17,not_established_at_cutoff,
acct_668de1b074158ff8636d,558244699,user_id,phurhii,phurhii,https://www.twitch.tv/phurhii,2026-09-13T08:51:31.925216+00:00,https://www.twitch.tv/phurhii/about,2026-09-17,not_established_at_cutoff,
acct_7ff11d5cc8174051f63f,1514826794,user_id,picoaivtuber,picoaivtuber,https://www.twitch.tv/picoaivtuber,2026-09-13T08:00:00+00:00,https://www.twitch.tv/picoaivtuber,2026-09-17,not_established_at_cutoff,
acct_c05ccdb25de4a6b98a6f,623043153,user_id,pikanoir_vtuber,pikanoir_vtuber,https://www.twitch.tv/pikanoir_vtuber,2026-09-13T08:00:00+00:00,https://www.twitch.tv/pikanoir_vtuber,2026-09-17,not_established_at_cutoff,
acct_7e9dbc9e0aa3cc3bb26c,753552970,user_id,pinkorcas,PINKORCAS,https://www.twitch.tv/pinkorcas,2026-09-13T08:51:27.552347+00:00,https://www.twitch.tv/pinkorcas/about,2026-09-17,not_established_at_cutoff,
acct_37f736d0b8739290edbd,871255114,user_id,pl3tzel,pl3tzel,https://www.twitch.tv/pl3tzel,2026-09-13T08:51:33.906031+00:00,https://www.twitch.tv/pl3tzel/about,2026-09-17,not_established_at_cutoff,
acct_afbe86cefe56d9ddfdee,99185219,user_id,platinumrankwrath,PlatinumRankWrath,https://www.twitch.tv/platinumrankwrath,2026-09-13T08:51:29.299559+00:00,https://www.twitch.tv/platinumrankwrath/about,2026-09-17,not_established_at_cutoff,
acct_c8649de0580207e18227,167474042,user_id,pochiimo,pochiimo,https://www.twitch.tv/pochiimo,2026-09-13T08:51:42.197323+00:00,https://www.twitch.tv/pochiimo/about,2026-09-17,not_established_at_cutoff,
acct_6a70fa5e988147400e8a,808168744,user_id,pondchanch,PondChanCH,https://www.twitch.tv/pondchanch,2026-09-13T08:51:40.354711+00:00,https://www.twitch.tv/pondchanch/about,2026-09-17,not_established_at_cutoff,
acct_1a517119f28e2737e04b,776529950,user_id,ponnanta1,ponnanta1,https://www.twitch.tv/ponnanta1,2026-09-13T08:51:29.954979+00:00,https://www.twitch.tv/ponnanta1/about,2026-09-17,not_established_at_cutoff,
acct_85ee914e603143a46806,133344062,user_id,ponpundayo,ponpundayo,https://www.twitch.tv/ponpundayo,2026-09-13T08:51:40.353711+00:00,https://www.twitch.tv/ponpundayo/about,2026-09-17,not_established_at_cutoff,
acct_37daee317ea8850b5262,782315857,user_id,poppythepuppy_real,PoppyThePuppy_real,https://www.twitch.tv/poppythepuppy_real,2026-09-13T08:57:00.055334+00:00,https://www.twitch.tv/poppythepuppy_real/about,2026-09-17,not_established_at_cutoff,
acct_6dba4dd1ef6359b0225d,1091316290,user_id,potia_vtuth,potia_vtuth,https://www.twitch.tv/potia_vtuth,2026-09-16T09:34:03+00:00,https://www.youtube.com/channel/UC2IZur8-GAsn7gHQNTNOOgQ,2026-09-17,not_established_at_cutoff,
acct_67cb5decf339b4b6921e,182248595,user_id,poychan,poychan,https://www.twitch.tv/poychan,2026-09-13T08:51:24.293277+00:00,https://www.twitch.tv/poychan/about,2026-09-17,not_established_at_cutoff,
acct_ba8d33b34861948bb6d6,635328009,user_id,pprincess_devil,PPrincess_Devil,https://www.twitch.tv/pprincess_devil,2026-09-13T08:51:33.069515+00:00,https://www.twitch.tv/pprincess_devil/about,2026-09-17,not_established_at_cutoff,
acct_a2ed8557ab591f976505,1204208988,user_id,pr_pikoro,pr_pikoro,https://www.twitch.tv/pr_pikoro,2026-09-13T08:51:38.909907+00:00,https://www.twitch.tv/pr_pikoro/about,2026-09-17,not_established_at_cutoff,
acct_703cf6ee35c6905803d4,141117536,user_id,praifahz,Praifahz,https://www.twitch.tv/praifahz,2026-09-13T08:51:33.067513+00:00,https://www.twitch.tv/praifahz/about,2026-09-17,not_established_at_cutoff,
acct_734365780eff419dea12,853615699,user_id,primo_srv,primo_srv,https://www.twitch.tv/primo_srv,2026-09-13T08:57:01.972334+00:00,https://www.twitch.tv/primo_srv/about,2026-09-17,not_established_at_cutoff,
acct_a2f8132b791404f3fc1f,1520979552,user_id,princess_devv,princess_devv,https://www.twitch.tv/princess_devv,2026-09-13T08:00:00+00:00,https://www.twitch.tv/princess_devv,2026-09-17,not_established_at_cutoff,
acct_98284088963981f601c1,216032520,user_id,protosn_ponytail,protosn_ponytail,https://www.twitch.tv/protosn_ponytail,2026-09-13T08:51:28.573228+00:00,https://www.twitch.tv/protosn_ponytail/about,2026-09-17,not_established_at_cutoff,
acct_056181e750c16a4c5baf,104391402,user_id,psp1g,psp1g,https://www.twitch.tv/psp1g,2026-09-13T08:00:00+00:00,https://www.twitch.tv/psp1g,2026-09-17,not_established_at_cutoff,
acct_467895b0356b3b414bf2,83046977,user_id,psychopathchannel,psychopathchannel,https://www.twitch.tv/psychopathchannel,2026-09-13T08:00:00+00:00,https://www.twitch.tv/psychopathchannel,2026-09-17,not_established_at_cutoff,
acct_e27ae97a6f60654a0415,834334195,user_id,pugko___,pugko___,https://www.twitch.tv/pugko___,2026-09-13T08:51:21.511868+00:00,https://www.twitch.tv/pugko___/about,2026-09-17,not_established_at_cutoff,
acct_dd7e7383d742ac9b63bf,613146630,user_id,puinoondesu,PuinoonDesu,https://www.twitch.tv/puinoondesu,2026-09-13T08:56:19.229160+00:00,https://www.twitch.tv/puinoondesu/about,2026-09-17,not_established_at_cutoff,
acct_5453b8b03e79bbd8d2a9,1123837434,user_id,puipuimemory,puipuimemory,https://www.twitch.tv/puipuimemory,2026-09-16T09:30:21+00:00,https://www.youtube.com/channel/UCKPcwla_mvpdBnyjHYTiwoQ,2026-09-17,not_established_at_cutoff,
acct_8f323ccfaaf0f2a7ea05,507642834,user_id,pukapukann,PukaPukann,https://www.twitch.tv/pukapukann,2026-09-13T08:51:27.550292+00:00,https://www.twitch.tv/pukapukann/about,2026-09-17,not_established_at_cutoff,
acct_48d49c9b3c934c8c54e2,893590312,user_id,punquix,Punquix,https://www.twitch.tv/punquix,2026-09-13T08:56:20.030641+00:00,https://www.twitch.tv/punquix/about,2026-09-17,not_established_at_cutoff,
acct_042459ba15dd3a4ef3a5,1489358543,user_id,pupip_pup,Kisa l FoxRabbitC4T,https://www.twitch.tv/pupip_pup,2026-09-16T14:49:21+00:00,https://x.com/foxrabbitc4t,2026-09-17,not_established_at_cutoff,
acct_9b8a4d05d92238659fe3,1104119730,user_id,qamarr_altair,qamarr_altair,https://www.twitch.tv/qamarr_altair,2026-09-13T08:51:34.727859+00:00,https://www.twitch.tv/qamarr_altair/about,2026-09-17,not_established_at_cutoff,
acct_5cf3fae1e70e0948513e,893355059,user_id,qbbee_,qbbee_,https://www.twitch.tv/qbbee_,2026-09-13T08:51:21.512868+00:00,https://www.twitch.tv/qbbee_/about,2026-09-17,not_established_at_cutoff,
acct_936cd4e38825770c28ef,667867262,user_id,qdmnora,qdmnora,https://www.twitch.tv/qdmnora,2026-09-13T08:51:30.942679+00:00,https://www.twitch.tv/qdmnora/about,2026-09-17,not_established_at_cutoff,
acct_8d6fff3ba678c616bb22,846644397,user_id,qmulaz,qmulaz,https://www.twitch.tv/qmulaz,2026-09-13T08:57:02.532193+00:00,https://www.twitch.tv/qmulaz/about,2026-09-17,not_established_at_cutoff,
acct_377f1d48ebdeb13e708e,531952186,user_id,quaften,Quaften,https://www.twitch.tv/quaften,2026-09-13T08:51:19.929297+00:00,https://www.twitch.tv/quaften/about,2026-09-17,not_established_at_cutoff,
acct_f34508517687cb46d2e6,746240803,user_id,quga_a,Quga_a,https://www.twitch.tv/quga_a,2026-09-13T08:51:26.364427+00:00,https://www.twitch.tv/quga_a/about,2026-09-17,not_established_at_cutoff,
acct_65e1dddf007a138b36d3,741646579,user_id,racyena,Racyena,https://www.twitch.tv/racyena,2026-09-13T08:51:23.277114+00:00,https://www.twitch.tv/racyena/about,2026-09-17,not_established_at_cutoff,
acct_d2eaaa4d24207f5ce70c,1118665324,user_id,railoney,railoney,https://www.twitch.tv/railoney,2026-09-16T09:33:36+00:00,https://www.youtube.com/channel/UCWm99dEdWyZR-jWLyzzOIZA,2026-09-17,not_established_at_cutoff,
acct_f0e0162407e567f9d52c,795760155,user_id,rainnimin,rainnimin,https://www.twitch.tv/rainnimin,2026-09-13T08:56:23.459703+00:00,https://www.twitch.tv/rainnimin/about,2026-09-17,not_established_at_cutoff,
acct_d526ee0229f1d003ef96,1066801198,user_id,raitokuntw,raitokuntw,https://www.twitch.tv/raitokuntw,2026-09-13T08:56:20.029641+00:00,https://www.twitch.tv/raitokuntw/about,2026-09-17,not_established_at_cutoff,
acct_79417e63820277bfa072,1311509052,user_id,rayametieryuan,rayametieryuan,https://www.twitch.tv/rayametieryuan,2026-09-16T09:35:51+00:00,https://www.youtube.com/channel/UCCEHpnzn37K8kQv2QtybE2w,2026-09-17,not_established_at_cutoff,
acct_b825bfa9f981347b7f3d,531673509,user_id,rayfinix,Rayfinix,https://www.twitch.tv/rayfinix,2026-09-13T08:51:33.907033+00:00,https://www.twitch.tv/rayfinix/about,2026-09-17,not_established_at_cutoff,
acct_90619897aa36b170c46b,439239573,user_id,rayxillia,RAYXILLIA,https://www.twitch.tv/rayxillia,2026-09-13T08:51:23.277114+00:00,https://www.twitch.tv/rayxillia/about,2026-09-17,not_established_at_cutoff,
acct_ef5e8d64069566c92c2d,151965533,user_id,reinomurasako,ReinoMurasako,https://www.twitch.tv/reinomurasako,2026-09-13T08:51:33.066515+00:00,https://www.twitch.tv/reinomurasako/about,2026-09-17,not_established_at_cutoff,
acct_40171c5800faf22522b7,915955104,user_id,reiquasar0,reiquasar0,https://www.twitch.tv/reiquasar0,2026-09-16T09:35:43+00:00,https://www.youtube.com/channel/UCmvFibZ6umhTdyUpLya_vLg,2026-09-17,not_established_at_cutoff,
acct_98a0b5f4b4b5d79455b2,789822803,user_id,remisde_vtuber,Remisde_Vtuber,https://www.twitch.tv/remisde_vtuber,2026-09-13T08:57:02.532193+00:00,https://www.twitch.tv/remisde_vtuber/about,2026-09-17,not_established_at_cutoff,
acct_394e6a790561efcb07a9,1047849844,user_id,renkon_tora,renkon_tora,https://www.twitch.tv/renkon_tora,2026-09-16T09:36:46+00:00,https://www.youtube.com/channel/UCt-_7LOFGUhAQGzePZtbYZg,2026-09-17,not_established_at_cutoff,
acct_6b9d6eadb9eb8d6067e0,1155539530,user_id,reva_regaliaast,reva_regaliaast,https://twitch.tv/reva_regaliaast/home?tt_content=channel&tt_medium=mobile_web_share,2026-09-16T09:37:40+00:00,https://www.youtube.com/channel/UCfPtDFCs4PzDU_hy0usORnw,2026-09-17,not_established_at_cutoff,
acct_0ecc30b1140820132653,849794254,user_id,revia_daidai,revia_daidai,https://www.twitch.tv/revia_daidai,2026-09-13T08:56:22.412997+00:00,https://www.twitch.tv/revia_daidai/about,2026-09-17,not_established_at_cutoff,
acct_3d8a8f71505bcbc09a95,247704910,user_id,rfgheathcliff,rfgheathcliff,https://www.twitch.tv/rfgheathcliff,2026-09-13T08:00:00+00:00,https://www.twitch.tv/rfgheathcliff,2026-09-17,not_established_at_cutoff,
acct_85655a915d5e96911854,843348313,user_id,rheaataraxia,RheaAtaraxia,https://www.twitch.tv/rheaataraxia,2026-09-13T08:51:38.908907+00:00,https://www.twitch.tv/rheaataraxia/about,2026-09-17,not_established_at_cutoff,
acct_cbbc4dab17ced3942f75,775957735,user_id,rheachannel,RheaChannel,https://www.twitch.tv/rheachannel,2026-09-13T08:51:19.928297+00:00,https://www.twitch.tv/rheachannel/about,2026-09-17,not_established_at_cutoff,
acct_ac639c496445cfc94b8e,705509594,user_id,riccotavalentiea,RiccotaValentiea,https://www.twitch.tv/riccotavalentiea,2026-09-13T08:51:22.274100+00:00,https://www.twitch.tv/riccotavalentiea/about,2026-09-17,not_established_at_cutoff,
acct_5b569e6a774e0ebb1f6a,840042150,user_id,ricotta_arp,ricotta_arp,https://www.twitch.tv/ricotta_arp,2026-09-13T08:56:25.169520+00:00,https://www.twitch.tv/ricotta_arp/about,2026-09-17,not_established_at_cutoff,
acct_94520cba7614e6956a80,868033088,user_id,riekadayo,RiekaDaYo,https://www.twitch.tv/riekadayo,2026-09-13T08:51:23.279113+00:00,https://www.twitch.tv/riekadayo/about,2026-09-17,not_established_at_cutoff,
acct_753192d184cffc7c69fd,1084207629,user_id,riel_tabiji_vth,Riel_Tabiji_VTh,https://www.twitch.tv/riel_tabiji_vth,2026-09-13T08:56:23.461752+00:00,https://www.twitch.tv/riel_tabiji_vth/about,2026-09-17,not_established_at_cutoff,
acct_8a953d9ae951d87339cd,687934027,user_id,riimei,riimei,https://www.twitch.tv/riimei,2026-09-13T08:00:00+00:00,https://www.twitch.tv/riimei,2026-09-17,not_established_at_cutoff,
acct_4b9ecf9b41af2d90d5c9,835570455,user_id,rikusoyju,rikusoyju,https://www.twitch.tv/rikusoyju,2026-09-13T08:57:01.974336+00:00,https://www.twitch.tv/rikusoyju/about,2026-09-17,not_established_at_cutoff,
acct_0b4a81f893db1eeb4285,702910373,user_id,rin_rinz,RIN_RINZ,https://www.twitch.tv/rin_rinz,2026-09-13T08:51:24.294278+00:00,https://www.twitch.tv/rin_rinz/about,2026-09-17,not_established_at_cutoff,
acct_b5354d63960f734bfcd0,783831974,user_id,rinnarinrn,RinnaRinRN,https://www.twitch.tv/rinnarinrn,2026-09-13T08:56:21.604180+00:00,https://www.twitch.tv/rinnarinrn/about,2026-09-17,not_established_at_cutoff,
acct_149d4012d7d9882d7bb8,86093758,user_id,rinrexger,RinREXGer,https://www.twitch.tv/rinrexger,2026-09-13T08:51:31.925216+00:00,https://www.twitch.tv/rinrexger/about,2026-09-17,not_established_at_cutoff,
acct_6cc417aa643da73334b5,93012090,user_id,rinwest,rinwest,https://www.twitch.tv/rinwest,2026-09-13T08:51:24.294278+00:00,https://www.twitch.tv/rinwest/about,2026-09-17,not_established_at_cutoff,
acct_30b0fcf0c18da5973529,1510893290,user_id,ripryofficial,RIPryOfficial,https://www.twitch.tv/ripryofficial,2026-09-13T08:56:23.461752+00:00,https://www.twitch.tv/ripryofficial/about,2026-09-17,not_established_at_cutoff,
acct_d3bf9e8709acd4f8a911,1523865786,user_id,ririkassr67,ririkassr67,https://www.twitch.tv/ririkassr67,2026-09-13T08:56:22.410895+00:00,https://www.twitch.tv/ririkassr67/about,2026-09-17,not_established_at_cutoff,
acct_4ad5c029f10a82dce21d,267544558,user_id,risainbloom,risainbloom,https://www.twitch.tv/risainbloom,2026-09-13T08:00:00+00:00,https://www.twitch.tv/risainbloom,2026-09-17,not_established_at_cutoff,
acct_def4cb4b55a2177a9971,1051965291,user_id,riyavtuberth,RIYAvtuberth,https://www.twitch.tv/riyavtuberth,2026-09-13T08:51:28.572227+00:00,https://www.twitch.tv/riyavtuberth/about,2026-09-17,not_established_at_cutoff,
acct_3b54216a08cbe375bea8,232019180,user_id,rlanz_,rlanz_,https://www.twitch.tv/rlanz_,2026-09-13T08:57:00.057337+00:00,https://www.twitch.tv/rlanz_/about,2026-09-17,not_established_at_cutoff,
acct_4239d5922e26ce966e1c,535476990,user_id,rlanzshino,rlanzshino,https://www.twitch.tv/rlanzshino,2026-09-16T09:40:04+00:00,https://www.youtube.com/channel/UCgfEMiBgW-JSS3qksegDo3Q,2026-09-17,not_established_at_cutoff,
acct_7d3a0105a165dbdcc1fe,681488913,user_id,rocokingdom,rocokingdom,https://www.twitch.tv/rocokingdom,2026-09-16T09:35:47+00:00,https://www.youtube.com/channel/UCKE7TdJhSFGM6eBxAOZrw8g,2026-09-17,not_established_at_cutoff,
acct_33a3c6a4b574c97b667e,620982934,user_id,roku_d,Roku_D,https://www.twitch.tv/roku_d,2026-09-13T08:51:18.736926+00:00,https://www.twitch.tv/roku_d/about,2026-09-17,not_established_at_cutoff,
acct_66a6da03fbfadec4affc,71060661,user_id,ru_kidd,ru_kidd,https://www.twitch.tv/ru_kidd,2026-09-13T08:00:00+00:00,https://www.twitch.tv/ru_kidd,2026-09-17,not_established_at_cutoff,
acct_5311594c87b7cb3add9f,136786096,user_id,rubellus_remis,rubellus_remis,https://www.twitch.tv/rubellus_remis,2026-09-16T09:37:57+00:00,https://www.youtube.com/channel/UCVa_b2jriwKJLcS4CP9Pq3w,2026-09-17,not_established_at_cutoff,
acct_49e479d0e4129c6f46e3,1441294607,user_id,rui_kazu,Rui Kazu 《 EXia 》,https://twitch.tv/rui_kazu,2026-09-16T14:49:21+00:00,https://linktr.ee/RuiKazu_EXia,2026-09-17,not_established_at_cutoff,
acct_c037395c1fdac52827f1,753998130,user_id,rularalan,RuLaRaLan,https://www.twitch.tv/rularalan,2026-09-13T08:56:20.029641+00:00,https://www.twitch.tv/rularalan/about,2026-09-17,not_established_at_cutoff,
acct_c13b766677578f9ff137,594983770,user_id,runbell_,runbell_,https://www.twitch.tv/runbell_,2026-09-13T08:51:26.365427+00:00,https://www.twitch.tv/runbell_/about,2026-09-17,not_established_at_cutoff,
acct_449125840dac5ec7ecff,760005814,user_id,ryugaoldch,ryugaoldch,https://www.twitch.tv/ryugaoldch,2026-09-13T08:57:00.056336+00:00,https://www.twitch.tv/ryugaoldch/about,2026-09-17,not_established_at_cutoff,
acct_7d9a91d3db7c155b44cd,826247955,user_id,ryuseistarlight,ryuseistarlight,https://www.twitch.tv/ryuseistarlight,2026-09-16T09:30:12+00:00,https://www.youtube.com/channel/UCrkWEJaRE2eCpEpGZbpNhIQ,2026-09-17,not_established_at_cutoff,
acct_7fc29593b8f95797eaa0,777541997,user_id,s1r_arp,S1R_ARP,https://www.twitch.tv/s1r_arp,2026-09-13T08:51:36.521530+00:00,https://www.twitch.tv/s1r_arp/about,2026-09-17,not_established_at_cutoff,
acct_06f3184489b87259b507,714496518,user_id,s1ushytoma,s1ushytoma,https://www.twitch.tv/s1ushytoma,2026-09-13T08:57:01.972334+00:00,https://www.twitch.tv/s1ushytoma/about,2026-09-17,not_established_at_cutoff,
acct_59288c4b6e725d16ed4c,1026407645,user_id,s_pcher,s_pcher,https://www.twitch.tv/s_pcher,2026-09-13T08:57:01.974336+00:00,https://www.twitch.tv/s_pcher/about,2026-09-17,not_established_at_cutoff,
acct_f66e814956f83f6fb4c8,1090684062,user_id,sadkawaai,sadkawaai,https://www.twitch.tv/sadkawaai,2026-09-13T08:00:00+00:00,https://www.twitch.tv/sadkawaai,2026-09-17,not_established_at_cutoff,
acct_454aac704dd3ba4fc8d7,828007177,user_id,saimaizvtuberth,SaiMaiZvtuberTH,https://www.twitch.tv/saimaizvtuberth,2026-09-13T08:51:42.196323+00:00,https://www.twitch.tv/saimaizvtuberth/about,2026-09-17,not_established_at_cutoff,
acct_35abd1840130c5d5515a,111371794,user_id,sakurammmm,sakurammmm,https://www.twitch.tv/sakurammmm,2026-09-13T08:51:24.944401+00:00,https://www.twitch.tv/sakurammmm/about,2026-09-17,not_established_at_cutoff,
acct_5f0310eeddc6c23873a7,228936025,user_id,salizius,Salizius,https://www.twitch.tv/salizius,2026-09-13T08:51:28.571163+00:00,https://www.twitch.tv/salizius/about,2026-09-17,not_established_at_cutoff,
acct_0edb103eefe99572057f,811361670,user_id,salmonbroc,SalmonBroc,https://www.twitch.tv/salmonbroc,2026-09-13T08:51:23.276112+00:00,https://www.twitch.tv/salmonbroc/about,2026-09-17,not_established_at_cutoff,
acct_e53361548ce4bd8dbb58,167787078,user_id,saltymanth,SaltymanTH,https://www.twitch.tv/saltymanth,2026-09-13T08:51:30.940530+00:00,https://www.twitch.tv/saltymanth/about,2026-09-17,not_established_at_cutoff,
acct_b5f924fb5816ed51f3bd,896202315,user_id,sam_su_stream_ch,Sam_Su_Stream_Ch,https://www.twitch.tv/sam_su_stream_ch,2026-09-13T08:51:31.924216+00:00,https://www.twitch.tv/sam_su_stream_ch/about,2026-09-17,not_established_at_cutoff,
acct_236b15f696519e6d27bd,468724325,user_id,samuel1571,Samuel1571,https://www.twitch.tv/samuel1571,2026-09-13T08:51:19.929297+00:00,https://www.twitch.tv/samuel1571/about,2026-09-17,not_established_at_cutoff,
acct_88ceb56d01a53ed90d03,1500524060,user_id,samuofficial_,samuofficial_,https://www.twitch.tv/samuofficial_,2026-09-13T08:00:00+00:00,https://www.twitch.tv/samuofficial_,2026-09-17,not_established_at_cutoff,
acct_21e7766450572f0d5142,812917287,user_id,sanxz_n,Sanxz_n,https://www.twitch.tv/sanxz_n,2026-09-13T08:51:39.878758+00:00,https://www.twitch.tv/sanxz_n/about,2026-09-17,not_established_at_cutoff,
acct_066b2b1172161557f079,1405078854,user_id,sapphire_meerkat_,sapphire_meerkat_,https://www.twitch.tv/sapphire_meerkat_,2026-09-13T08:00:00+00:00,https://www.twitch.tv/sapphire_meerkat_,2026-09-17,not_established_at_cutoff,
acct_309f5bba617af36dce99,127020476,user_id,sapphire_melon,sapphire_melon,https://www.twitch.tv/sapphire_melon,2026-09-13T08:51:28.570162+00:00,https://www.twitch.tv/sapphire_melon/about,2026-09-17,not_established_at_cutoff,
acct_63082a143c82a1b0965b,1167899779,user_id,sapphire_mem,sapphire_mem,https://www.twitch.tv/sapphire_mem,2026-09-13T08:00:00+00:00,https://www.twitch.tv/sapphire_mem,2026-09-17,not_established_at_cutoff,
acct_4b07bf0592fa714d4ced,257767501,user_id,satachan23,satachan23,https://www.twitch.tv/satachan23,2026-09-16T09:35:35+00:00,https://www.youtube.com/channel/UCpNAFq_PANbmcdfhzfuiekA,2026-09-17,not_established_at_cutoff,
acct_800c9f78f0fd0c8c4f6c,426166535,user_id,saviola21pm,Saviola21PM,https://www.twitch.tv/saviola21pm,2026-09-13T08:51:35.565867+00:00,https://www.twitch.tv/saviola21pm/about,2026-09-17,not_established_at_cutoff,
acct_f05524713b77698f53b0,790727638,user_id,sayathememorycollector,sayathememorycollector,https://www.twitch.tv/sayathememorycollector,2026-09-13T08:51:29.297559+00:00,https://www.twitch.tv/sayathememorycollector/about,2026-09-17,not_established_at_cutoff,
acct_fc043cb95bdea0f236a6,1516765770,user_id,scythringe,scythringe,https://www.twitch.tv/scythringe,2026-09-16T09:35:43+00:00,https://www.youtube.com/channel/UCmvFibZ6umhTdyUpLya_vLg,2026-09-17,not_established_at_cutoff,
acct_85884c39052f1aeacb3b,772545595,user_id,se1so_rara,SE1SO_RARA,https://www.twitch.tv/se1so_rara,2026-09-13T08:51:23.278112+00:00,https://www.twitch.tv/se1so_rara/about,2026-09-17,not_established_at_cutoff,
acct_0c79c4f83298c8c9d67d,687275380,user_id,seikou_minato,Seikou_Minato,https://www.twitch.tv/seikou_minato,2026-09-13T08:57:02.532193+00:00,https://www.twitch.tv/seikou_minato/about,2026-09-17,not_established_at_cutoff,
acct_15e4e04e8d2a7bef5b5d,95929228,user_id,seireki,SEIREKI,https://www.twitch.tv/seireki,2026-09-13T08:56:25.168522+00:00,https://www.twitch.tv/seireki/about,2026-09-17,not_established_at_cutoff,
acct_13fbd1b294d53ed173b5,731343746,user_id,sekinegaming,SekineGaming,https://www.twitch.tv/sekinegaming,2026-09-13T08:51:40.354711+00:00,https://www.twitch.tv/sekinegaming/about,2026-09-17,not_established_at_cutoff,
acct_cd65bff2f0c15b924b7d,131665913,user_id,seoulsmoker,seoulsmoker,https://www.twitch.tv/seoulsmoker,2026-09-13T08:00:00+00:00,https://www.twitch.tv/seoulsmoker,2026-09-17,not_established_at_cutoff,
acct_44394d71be5151ee959f,1074946913,user_id,sharknoys,sharknoys,https://www.twitch.tv/sharknoys,2026-09-13T08:51:31.927215+00:00,https://www.twitch.tv/sharknoys/about,2026-09-17,not_established_at_cutoff,
acct_5664e5283e51403bbcc1,54627771,user_id,sharky404_zen,Sharky404_Zen,https://www.twitch.tv/sharky404_zen,2026-09-13T08:56:19.229160+00:00,https://www.twitch.tv/sharky404_zen/about,2026-09-17,not_established_at_cutoff,
acct_4a97e910849b91268255,134943505,user_id,sharkychanis,SHARKYCHANIS,https://www.twitch.tv/sharkychanis,2026-09-13T08:51:36.521530+00:00,https://www.twitch.tv/sharkychanis/about,2026-09-17,not_established_at_cutoff,
acct_0fa0007632b589fb81aa,133275429,user_id,sheathchannel,sheathchannel,https://www.twitch.tv/sheathchannel,2026-09-13T08:51:20.755463+00:00,https://www.twitch.tv/sheathchannel/about,2026-09-17,not_established_at_cutoff,
acct_9f6dd5eee0f1097e8b26,114458931,user_id,shia_4a,shia_4a,https://www.twitch.tv/shia_4a,2026-09-13T08:56:20.030641+00:00,https://www.twitch.tv/shia_4a/about,2026-09-17,not_established_at_cutoff,
acct_22c52e9b0778e09c9b4a,622493044,user_id,shikar_dawg,shikar_dawg,https://www.twitch.tv/shikar_dawg,2026-09-13T08:57:01.971280+00:00,https://www.twitch.tv/shikar_dawg/about,2026-09-17,not_established_at_cutoff,
acct_33116f500d8885a13981,903067829,user_id,shiorichanvt,shiorichanvt,https://www.twitch.tv/shiorichanvt,2026-09-13T08:56:20.857112+00:00,https://www.twitch.tv/shiorichanvt/about,2026-09-17,not_established_at_cutoff,
acct_ee5cab75652871c16d8b,1278010640,user_id,shirasagi_ch,shirasagi_ch,https://twitch.tv/shirasagi_ch/home,2026-09-16T09:32:35+00:00,https://www.youtube.com/channel/UCCCOpUUMaweGiTZ_vNSdh1w,2026-09-17,not_established_at_cutoff,
acct_ca1e85ed79a27dbc32ec,180359353,user_id,shiroikumatan,ShiroiKumaTan,https://www.twitch.tv/shiroikumatan,2026-09-13T08:51:40.353711+00:00,https://www.twitch.tv/shiroikumatan/about,2026-09-17,not_established_at_cutoff,
acct_d5a5738b0130734ea1be,748874756,user_id,shirowashi__,shirowashi__,https://www.twitch.tv/shirowashi__,2026-09-16T09:34:38+00:00,https://www.youtube.com/channel/UCGIo_THCq5eGbEdb8f0z10Q,2026-09-17,not_established_at_cutoff,
acct_c9f7b5fce903b8b0a0ab,795523070,user_id,sibakencha,しばけんちゃ,https://www.twitch.tv/sibakencha,2026-09-13T08:51:36.521530+00:00,https://www.twitch.tv/sibakencha/about,2026-09-17,not_established_at_cutoff,
acct_769e891cf341c9be55d4,146450618,user_id,sirris_goddessch,sirris_goddessch,https://www.twitch.tv/sirris_goddessch,2026-09-13T08:56:24.400897+00:00,https://www.twitch.tv/sirris_goddessch/about,2026-09-17,not_established_at_cutoff,
acct_edd53e3c335615c4337d,864797200,user_id,sivlaacas,SivlaACAS,https://www.twitch.tv/sivlaacas,2026-09-13T08:51:35.566869+00:00,https://www.twitch.tv/sivlaacas/about,2026-09-17,not_established_at_cutoff,
acct_d6f0b0348672be04ae91,746803723,user_id,siztar_alea,siztar_alea,https://www.twitch.tv/siztar_alea,2026-09-13T08:51:37.434021+00:00,https://www.twitch.tv/siztar_alea/about,2026-09-17,not_established_at_cutoff,
acct_e7dab8a0f303e4ec9b9c,21238892,user_id,skepvtuber,skepvtuber,https://www.twitch.tv/skepvtuber,2026-09-13T08:00:00+00:00,https://www.twitch.tv/skepvtuber,2026-09-17,not_established_at_cutoff,
acct_396909be2c5573627db8,102966086,user_id,skinnny,skinnny,https://www.twitch.tv/skinnny,2026-09-13T08:00:00+00:00,https://www.twitch.tv/skinnny,2026-09-17,not_established_at_cutoff,
acct_0bbf3a5c97eb9bfaae0a,218261880,user_id,skyeders,skyeders,https://www.twitch.tv/skyeders,2026-09-13T08:51:29.298559+00:00,https://www.twitch.tv/skyeders/about,2026-09-17,not_established_at_cutoff,
acct_bcf567b24b9f69705ae8,1515780620,user_id,sleepfii_zzz,sleepfii_zzz,https://www.twitch.tv/sleepfii_zzz,2026-09-13T08:56:22.412997+00:00,https://www.twitch.tv/sleepfii_zzz/about,2026-09-17,not_established_at_cutoff,
acct_4ed519854245bc5da461,92042163,user_id,sn0w_fa11ing,sn0w_fa11ing,https://www.twitch.tv/sn0w_fa11ing,2026-09-13T08:51:24.945401+00:00,https://www.twitch.tv/sn0w_fa11ing/about,2026-09-17,not_established_at_cutoff,
acct_b35d6704990536d35e6f,734981062,user_id,snowfern_,Snowfern_,https://www.twitch.tv/snowfern_,2026-09-13T08:51:42.195323+00:00,https://www.twitch.tv/snowfern_/about,2026-09-17,not_established_at_cutoff,
acct_68ba2fc43218dfb22f05,673095318,user_id,softcreamzx,softcreamzx,https://www.twitch.tv/softcreamzx,2026-09-13T08:57:01.974336+00:00,https://www.twitch.tv/softcreamzx/about,2026-09-17,not_established_at_cutoff,
acct_46d3cdc4bf319dd53ef8,1122008182,user_id,sojuusmiley,Sojuu S.,https://twitch.tv/sojuusmiley,2026-09-16T14:49:21+00:00,https://x.com/sojuusmiley,2026-09-17,not_established_at_cutoff,
acct_f40e26a75cb336196bef,850526980,user_id,solrun_zlx,SoLRuN_ZLX,https://www.twitch.tv/solrun_zlx,2026-09-13T08:57:01.973335+00:00,https://www.twitch.tv/solrun_zlx/about,2026-09-17,not_established_at_cutoff,
acct_a44c0282e06d360114ca,710235167,user_id,sonheathcliff,sonheathcliff,https://www.twitch.tv/sonheathcliff,2026-09-13T08:00:00+00:00,https://www.twitch.tv/sonheathcliff,2026-09-17,not_established_at_cutoff,
acct_11fd2c28536db1e35bb8,1120551952,user_id,soulyuuvtuber,soulyuuvtuber,https://www.twitch.tv/soulyuuvtuber,2026-09-13T08:56:23.460703+00:00,https://www.twitch.tv/soulyuuvtuber/about,2026-09-17,not_established_at_cutoff,
acct_dc882dc49074e939602c,609845719,user_id,soursama_,Soursama_,https://www.twitch.tv/soursama_,2026-09-13T08:51:33.908031+00:00,https://www.twitch.tv/soursama_/about,2026-09-17,not_established_at_cutoff,
acct_4d373b9ea8cd18bb977c,122327831,user_id,ssolarly,sSolarly,https://www.twitch.tv/ssolarly,2026-09-13T08:51:24.296278+00:00,https://www.twitch.tv/ssolarly/about,2026-09-17,not_established_at_cutoff,
acct_d3e3a12f9f3c506eea5a,42149209,user_id,stagflationtv,StagflationTV,https://www.twitch.tv/stagflationtv,2026-09-13T08:51:35.566869+00:00,https://www.twitch.tv/stagflationtv/about,2026-09-17,not_established_at_cutoff,
acct_9d6a9913c0a74e7b4880,791790824,user_id,stateflush,stateflush,https://www.twitch.tv/stateflush,2026-09-13T08:51:34.729862+00:00,https://www.twitch.tv/stateflush/about,2026-09-17,not_established_at_cutoff,
acct_1fb24ca488c0428282ad,766635932,user_id,stellarparticle,StellarParticle,https://www.twitch.tv/stellarparticle,2026-09-13T08:56:23.460703+00:00,https://www.twitch.tv/stellarparticle/about,2026-09-17,not_established_at_cutoff,
acct_b26571532231f5d68e53,1526033835,user_id,stellarparticle45vg8hn,stellarparticle45vg8hn,https://www.twitch.tv/stellarparticle45vg8hn,2026-09-13T08:00:00+00:00,https://www.twitch.tv/stellarparticle45vg8hn,2026-09-17,not_established_at_cutoff,
acct_9f85b2b0f59209294669,1503828123,user_id,stormbullet9pb4u1,stormbullet9pb4u1,https://www.twitch.tv/stormbullet9pb4u1,2026-09-13T08:00:00+00:00,https://www.twitch.tv/stormbullet9pb4u1,2026-09-17,not_established_at_cutoff,
acct_78786c46a2677ef81842,1502409835,user_id,stormbulletuo1suj,stormbulletuo1suj,https://www.twitch.tv/stormbulletuo1suj,2026-09-13T08:00:00+00:00,https://www.twitch.tv/stormbulletuo1suj,2026-09-17,not_established_at_cutoff,
acct_640c73b93a86614161b0,174870336,user_id,subs,subs,https://www.twitch.tv/subs/Kurisumasu_,2026-09-16T09:30:11+00:00,https://www.youtube.com/channel/UCzc8C1vlN6t3ZfAkQLemjIg,2026-09-17,not_established_at_cutoff,
acct_21e86400c39d540a3429,1136995994,user_id,sumiko_vtuber,sumiko_vtuber,https://www.twitch.tv/sumiko_vtuber,2026-09-13T08:00:00+00:00,https://www.twitch.tv/sumiko_vtuber,2026-09-17,not_established_at_cutoff,
acct_2dcb576609f6a72afe2f,257778433,user_id,sumire_yuna,sumire_yuna,https://www.twitch.tv/sumire_yuna,2026-09-13T08:51:34.727859+00:00,https://www.twitch.tv/sumire_yuna/about,2026-09-17,not_established_at_cutoff,
acct_7231144ca9df837cb5cf,511077238,user_id,sunraindre,sunraindre,https://www.twitch.tv/sunraindre,2026-09-13T08:56:23.462752+00:00,https://www.twitch.tv/sunraindre/about,2026-09-17,not_established_at_cutoff,
acct_332b79d1f03de52faa6b,896417309,user_id,suzaku_mochisuki,suzaku_mochisuki,https://www.twitch.tv/suzaku_mochisuki,2026-09-13T08:51:24.944401+00:00,https://www.twitch.tv/suzaku_mochisuki/about,2026-09-17,not_established_at_cutoff,
acct_7cd2ac4185dada5fb808,566510771,user_id,sweetpiecynthia,SweetPieCynthia,https://www.twitch.tv/sweetpiecynthia,2026-09-13T08:56:24.398897+00:00,https://www.twitch.tv/sweetpiecynthia/about,2026-09-17,not_established_at_cutoff,
acct_37433fedd326e5d76b61,878681470,user_id,szeroch,SZeroCh,https://www.twitch.tv/szeroch,2026-09-13T08:57:01.971280+00:00,https://www.twitch.tv/szeroch/about,2026-09-17,not_established_at_cutoff,
acct_c254b1887659622b881e,782365160,user_id,t4e0h,t4e0h,https://www.twitch.tv/t4e0h,2026-09-13T08:56:24.399897+00:00,https://www.twitch.tv/t4e0h/about,2026-09-17,not_established_at_cutoff,
acct_66653ebf41a64878bb37,144217479,user_id,taenakub,TaenaKUB,https://www.twitch.tv/taenakub,2026-09-13T08:51:39.877759+00:00,https://www.twitch.tv/taenakub/about,2026-09-17,not_established_at_cutoff,
acct_d776a34d791d27d6b614,176451250,user_id,taezo_,TaeZo_,https://www.twitch.tv/taezo_,2026-09-13T08:51:37.435026+00:00,https://www.twitch.tv/taezo_/about,2026-09-17,not_established_at_cutoff,
acct_8ee5a6f3d91c341fb1b9,145424722,user_id,takamelonpan,孤立タカ,https://www.twitch.tv/takamelonpan,2026-09-13T08:51:28.573228+00:00,https://www.twitch.tv/takamelonpan/about,2026-09-17,not_established_at_cutoff,
acct_204c75e75a01cba4f6b7,1390120403,user_id,takeshinichiguchi,TakeshiNichiguchi,https://www.twitch.tv/takeshinichiguchi,2026-09-13T08:56:25.931397+00:00,https://www.twitch.tv/takeshinichiguchi/about,2026-09-17,not_established_at_cutoff,
acct_729720cd245cda7d9d80,175440133,user_id,tako_tk2126,tako_tk2126,https://www.twitch.tv/tako_tk2126,2026-09-13T08:56:21.603176+00:00,https://www.twitch.tv/tako_tk2126/about,2026-09-17,not_established_at_cutoff,
acct_5e53da36365ef969613f,169842605,user_id,takumarei007,TAkumaREI007,https://www.twitch.tv/takumarei007,2026-09-13T08:51:29.298559+00:00,https://www.twitch.tv/takumarei007/about,2026-09-17,not_established_at_cutoff,
acct_bdea988635e342549342,1532296337,user_id,talkywalkytalky,talkywalkytalky,https://www.twitch.tv/talkywalkytalky,2026-09-13T08:00:00+00:00,https://www.twitch.tv/talkywalkytalky,2026-09-17,not_established_at_cutoff,
acct_f26ee7b8d38c633edc8c,650913192,user_id,tamtoch,TamtoCH,https://www.twitch.tv/tamtoch,2026-09-13T08:51:21.513869+00:00,https://www.twitch.tv/tamtoch/about,2026-09-17,not_established_at_cutoff,
acct_dd7f7c9c45cc7492279f,899670470,user_id,technoire,technoire,https://www.twitch.tv/technoire,2026-09-13T08:00:00+00:00,https://www.twitch.tv/technoire,2026-09-17,not_established_at_cutoff,
acct_9d73df77514cd57f2daa,962521489,user_id,teddybel_official,teddybel_official,https://www.twitch.tv/teddybel_official,2026-09-13T08:00:00+00:00,https://www.twitch.tv/teddybel_official,2026-09-17,not_established_at_cutoff,
acct_3b2546d585897db279eb,845915710,user_id,tequilaarp,TequilaArp,https://www.twitch.tv/tequilaarp,2026-09-13T08:51:24.297277+00:00,https://www.twitch.tv/tequilaarp/about,2026-09-17,not_established_at_cutoff,
acct_1ca0bd0668da4e8fc002,1442504135,user_id,thailand555urlauber,thailand555urlauber,https://www.twitch.tv/thailand555urlauber,2026-09-13T08:00:00+00:00,https://www.twitch.tv/thailand555urlauber,2026-09-17,not_established_at_cutoff,
acct_02436812cffcd0157ba0,907329741,user_id,thara_oceanfae,Thara_oceanfae,https://www.twitch.tv/thara_oceanfae,2026-09-13T08:51:33.908031+00:00,https://www.twitch.tv/thara_oceanfae/about,2026-09-17,not_established_at_cutoff,
acct_8186fd9672254e0d1dd6,975418459,user_id,thebamilotl,thebamilotl,https://www.twitch.tv/thebamilotl,2026-09-13T08:51:37.435026+00:00,https://www.twitch.tv/thebamilotl/about,2026-09-17,not_established_at_cutoff,
acct_5a81f5d2f73fb74e67a9,166634334,user_id,theclumsynoob,theclumsynoob,https://www.twitch.tv/theclumsynoob,2026-09-16T09:35:43+00:00,https://www.youtube.com/channel/UCmvFibZ6umhTdyUpLya_vLg,2026-09-17,not_established_at_cutoff,
acct_50e8d0e235331e99dd85,1228895604,user_id,thedolltales,TheDollTales,https://www.twitch.tv/thedolltales,2026-09-13T08:56:23.462752+00:00,https://www.twitch.tv/thedolltales/about,2026-09-17,not_established_at_cutoff,
acct_50698baa094b66e442ab,1156874615,user_id,theeveghosty,theeveghosty,https://www.twitch.tv/theeveghosty,2026-09-13T08:51:40.352711+00:00,https://www.twitch.tv/theeveghosty/about,2026-09-17,not_established_at_cutoff,
acct_a5ec8489a6e272289406,710820683,user_id,thelittlenecromancer,thelittlenecromancer,https://www.twitch.tv/thelittlenecromancer,2026-09-13T08:00:00+00:00,https://www.twitch.tv/thelittlenecromancer,2026-09-17,not_established_at_cutoff,
acct_3b2dd81d34bce9b13753,465122847,user_id,thelittlenelson,thelittlenelson,https://www.twitch.tv/thelittlenelson,2026-09-13T08:00:00+00:00,https://www.twitch.tv/thelittlenelson,2026-09-17,not_established_at_cutoff,
acct_cd0ee09b88f49c94db97,807481874,user_id,thinaborboleta,ThinaBorboleta,https://www.twitch.tv/thinaborboleta,2026-09-13T08:51:36.521530+00:00,https://www.twitch.tv/thinaborboleta/about,2026-09-17,not_established_at_cutoff,
acct_c1f0d6c267fb74491331,35740817,user_id,thorlar,thorlar,https://www.twitch.tv/thorlar,2026-09-13T08:00:00+00:00,https://www.twitch.tv/thorlar,2026-09-17,not_established_at_cutoff,
acct_e68ce26ba2ee0aedea36,211154466,user_id,tidare,TiDARE,https://www.twitch.tv/tidare,2026-09-13T08:51:27.552347+00:00,https://www.twitch.tv/tidare/about,2026-09-17,not_established_at_cutoff,
acct_8053b4caf84dd6b820a1,1070643788,user_id,tinsleythefox,tinsleythefox,https://www.twitch.tv/tinsleythefox,2026-09-13T08:56:19.226159+00:00,https://www.twitch.tv/tinsleythefox/about,2026-09-17,not_established_at_cutoff,
acct_4284d4c9ecf3f434b819,144556964,user_id,tiwvysweety,TiwvySweety,https://www.twitch.tv/tiwvysweety,2026-09-13T08:51:33.906031+00:00,https://www.twitch.tv/tiwvysweety/about,2026-09-17,not_established_at_cutoff,
acct_a8d2da9d7dfb06493223,78487083,user_id,todayissanday_,todayissanday_,https://www.twitch.tv/todayissanday_,2026-09-13T08:51:29.296558+00:00,https://www.twitch.tv/todayissanday_/about,2026-09-17,not_established_at_cutoff,
acct_b40e17cc979243060358,735459281,user_id,tofirekisu,ToFireKisu,https://www.twitch.tv/tofirekisu,2026-09-13T08:51:30.940530+00:00,https://www.twitch.tv/tofirekisu/about,2026-09-17,not_established_at_cutoff,
acct_adc56181cb798abe3c25,134533592,user_id,torakaze_13,Torakaze_13,https://www.twitch.tv/torakaze_13,2026-09-13T08:51:33.908031+00:00,https://www.twitch.tv/torakaze_13/about,2026-09-17,not_established_at_cutoff,
acct_059a282a54a5c8071e5e,164440486,user_id,toramochizuki,toramochizuki,https://www.twitch.tv/toramochizuki,2026-09-13T08:51:38.907907+00:00,https://www.twitch.tv/toramochizuki/about,2026-09-17,not_established_at_cutoff,
acct_507e27d2b141c665ff05,630012862,user_id,torasunday,ToraSunday,https://www.twitch.tv/torasunday,2026-09-13T08:56:22.410895+00:00,https://www.twitch.tv/torasunday/about,2026-09-17,not_established_at_cutoff,
acct_7747708d22d57aa44c7e,586538891,user_id,torithaiga,ToriThaiga,https://www.twitch.tv/torithaiga,2026-09-13T08:51:27.552347+00:00,https://www.twitch.tv/torithaiga/about,2026-09-17,not_established_at_cutoff,
acct_f9e42b3fe60139828ceb,774359105,user_id,torukuma,ToruKuma,https://www.twitch.tv/torukuma,2026-09-13T08:51:28.570162+00:00,https://www.twitch.tv/torukuma/about,2026-09-17,not_established_at_cutoff,
acct_ef242d9302589009a72b,95838891,user_id,tpastry,tpastry,https://www.twitch.tv/tpastry,2026-09-16T09:35:43+00:00,https://www.youtube.com/channel/UCmvFibZ6umhTdyUpLya_vLg,2026-09-17,not_established_at_cutoff,
acct_5efe5a0997885ab4c91e,1515005175,user_id,trashythemeow,trashythemeow,https://www.twitch.tv/trashythemeow,2026-09-13T08:56:19.228159+00:00,https://www.twitch.tv/trashythemeow/about,2026-09-17,not_established_at_cutoff,
acct_de0302673d71b8a8f283,792948485,user_id,tsontayaknox,TsontayaKnox,https://www.twitch.tv/tsontayaknox,2026-09-13T08:51:21.512868+00:00,https://www.twitch.tv/tsontayaknox/about,2026-09-17,not_established_at_cutoff,
acct_76a9c422ab3603ddbc10,728135375,user_id,tukkyjpvtuber,tukkyjpvtuber,https://www.twitch.tv/tukkyjpvtuber,2026-09-13T08:00:00+00:00,https://www.twitch.tv/tukkyjpvtuber,2026-09-17,not_established_at_cutoff,
acct_364d944e7b04cb036396,748835254,user_id,tx_ting,tx_ting,https://www.twitch.tv/tx_ting,2026-09-13T08:57:01.970278+00:00,https://www.twitch.tv/tx_ting/about,2026-09-17,not_established_at_cutoff,
acct_7461f1e208acff259c9e,1374680348,user_id,u00vtuber,u00vtuber,https://www.twitch.tv/u00vtuber,2026-09-13T08:00:00+00:00,https://www.twitch.tv/u00vtuber,2026-09-17,not_established_at_cutoff,
acct_fe33cc7e7a9779a2ec0b,738111357,user_id,umepinko,Umepinko,https://www.twitch.tv/umepinko,2026-09-13T08:51:42.195323+00:00,https://www.twitch.tv/umepinko/about,2026-09-17,not_established_at_cutoff,
acct_56947f0dc421e5f6c2d3,152191555,user_id,una__vtuber_,una__vtuber_,https://www.twitch.tv/una__vtuber_,2026-09-13T08:00:00+00:00,https://www.twitch.tv/una__vtuber_,2026-09-17,not_established_at_cutoff,
acct_ae526c79bc765c51dee7,1063574915,user_id,uniinu_epr,uniinu_epr,https://www.twitch.tv/uniinu_epr,2026-09-13T08:56:20.029641+00:00,https://www.twitch.tv/uniinu_epr/about,2026-09-17,not_established_at_cutoff,
acct_b19cae0a184e254ea92f,856820415,user_id,unnamednow00,Unnämed,https://twitch.tv/unnamednow00,2026-09-13T08:00:00+00:00,https://twitch.tv/unnamednow00,2026-09-17,not_established_at_cutoff,
acct_bd0ebd686a211640059f,402806669,user_id,urein4z,urein4z,https://www.twitch.tv/urein4z,2026-09-13T08:51:38.087820+00:00,https://www.twitch.tv/urein4z/about,2026-09-17,not_established_at_cutoff,
acct_c28ebcbf043031025664,189526230,user_id,v8tie,V8tie,https://www.twitch.tv/v8tie,2026-09-13T08:51:38.909907+00:00,https://www.twitch.tv/v8tie/about,2026-09-17,not_established_at_cutoff,
acct_1843a815e1f10961f157,513087007,user_id,vendetta_vl,vendetta_vl,https://www.twitch.tv/vendetta_vl,2026-09-13T08:00:00+00:00,https://www.twitch.tv/vendetta_vl,2026-09-17,not_established_at_cutoff,
acct_2dcfdc859b4f9100a651,775990240,user_id,vendetta_vlazy,vendetta_vlazy,https://www.twitch.tv/vendetta_vlazy,2026-09-13T08:51:23.278112+00:00,https://www.twitch.tv/vendetta_vlazy/about,2026-09-17,not_established_at_cutoff,
acct_2001be38e8b2018982ea,146995468,user_id,venuslapirus,VenusLapirus,https://www.twitch.tv/venuslapirus,2026-09-13T08:51:29.299559+00:00,https://www.twitch.tv/venuslapirus/about,2026-09-17,not_established_at_cutoff,
acct_cf03d02f67c916ac9b9a,818550781,user_id,vermillionvt,VermillionVT,https://www.twitch.tv/vermillionvt,2026-09-13T08:51:29.956977+00:00,https://www.twitch.tv/vermillionvt/about,2026-09-17,not_established_at_cutoff,
acct_547e4af9f38b8f969869,792248011,user_id,victorrrrrhn,victorrrrrhn,https://www.twitch.tv/victorrrrrhn,2026-09-13T08:51:33.066515+00:00,https://www.twitch.tv/victorrrrrhn/about,2026-09-17,not_established_at_cutoff,
acct_748c1198fa8e47abe7aa,780689013,user_id,viix_tuki,viix_tuki,https://www.twitch.tv/viix_tuki,2026-09-13T08:57:02.532193+00:00,https://www.twitch.tv/viix_tuki/about,2026-09-17,not_established_at_cutoff,
acct_248a8a6d0512d284fc43,477277178,user_id,viol3tte,Viol3tte,https://www.twitch.tv/viol3tte,2026-09-13T08:51:20.755463+00:00,https://www.twitch.tv/viol3tte/about,2026-09-17,not_established_at_cutoff,
acct_2bd0999186ec64cce4d6,1387659279,user_id,voidmuofficial,voidmuofficial,https://www.twitch.tv/voidmuofficial,2026-09-13T08:00:00+00:00,https://www.twitch.tv/voidmuofficial,2026-09-17,not_established_at_cutoff,
acct_f3377bdb3324e7550801,171677638,user_id,vthariel,vthAriel,https://www.twitch.tv/vthariel,2026-09-13T08:56:20.029641+00:00,https://www.twitch.tv/vthariel/about,2026-09-17,not_established_at_cutoff,
acct_cb96710f85b47a317457,589578708,user_id,vtuberkono,vtuberkono,https://www.twitch.tv/vtuberkono,2026-09-13T08:00:00+00:00,https://www.twitch.tv/vtuberkono,2026-09-17,not_established_at_cutoff,
acct_0537f32f1c39571f2248,1241248388,user_id,vtubermale,vtubermale,https://www.twitch.tv/vtubermale,2026-09-13T08:00:00+00:00,https://www.twitch.tv/vtubermale,2026-09-17,not_established_at_cutoff,
acct_e50a6e40d2574f428138,769214509,user_id,vtubermochi,vtubermochi,https://www.twitch.tv/vtubermochi,2026-09-13T08:00:00+00:00,https://www.twitch.tv/vtubermochi,2026-09-17,not_established_at_cutoff,
acct_df5c04eb9eaa4c0dc01b,738984793,user_id,vvee_vivian,vvee_vivian,https://www.twitch.tv/vvee_vivian,2026-09-13T08:51:23.278112+00:00,https://www.twitch.tv/vvee_vivian/about,2026-09-17,not_established_at_cutoff,
acct_89023c22d565b1b5cbaf,619147201,user_id,vyvianthyst,Vyvianthyst,https://www.twitch.tv/vyvianthyst,2026-09-13T08:57:02.841343+00:00,https://www.twitch.tv/vyvianthyst/about,2026-09-17,not_established_at_cutoff,
acct_11a4ebc5e3cfd466a5af,58970082,user_id,waivern_,waivern_,https://www.twitch.tv/waivern_,2026-09-13T08:57:02.533195+00:00,https://www.twitch.tv/waivern_/about,2026-09-17,not_established_at_cutoff,
acct_dc7798f1d4adde6618cf,1517545331,user_id,walkytalk2008,walkytalk2008,https://www.twitch.tv/walkytalk2008,2026-09-13T08:00:00+00:00,https://www.twitch.tv/walkytalk2008,2026-09-17,not_established_at_cutoff,
acct_439ff855aeed9c59304a,1517517635,user_id,walkytalky101101,walkytalky101101,https://www.twitch.tv/walkytalky101101,2026-09-13T08:00:00+00:00,https://www.twitch.tv/walkytalky101101,2026-09-17,not_established_at_cutoff,
acct_43cd747831cc9642d65c,1499293945,user_id,walkytalky25748,walkytalky25748,https://www.twitch.tv/walkytalky25748,2026-09-13T08:00:00+00:00,https://www.twitch.tv/walkytalky25748,2026-09-17,not_established_at_cutoff,
acct_c8e8cd28b238d1715742,506906027,user_id,walkytalky404,WalkyTalky404,https://www.twitch.tv/walkytalky404,2026-09-13T08:51:37.435026+00:00,https://www.twitch.tv/walkytalky404/about,2026-09-17,not_established_at_cutoff,
acct_38bb406dd348577e5fa7,276655736,user_id,walkytalkymann,walkytalkymann,https://www.twitch.tv/walkytalkymann,2026-09-13T08:00:00+00:00,https://www.twitch.tv/walkytalkymann,2026-09-17,not_established_at_cutoff,
acct_f459b307a2788efb94fa,1147023667,user_id,walkytalkystreamers,walkytalkystreamers,https://www.twitch.tv/walkytalkystreamers,2026-09-13T08:00:00+00:00,https://www.twitch.tv/walkytalkystreamers,2026-09-17,not_established_at_cutoff,
acct_83f404daf3f4a005749c,635832219,user_id,wanwada1,WanWada1,https://www.twitch.tv/wanwada1,2026-09-13T08:51:29.297559+00:00,https://www.twitch.tv/wanwada1/about,2026-09-17,not_established_at_cutoff,
acct_eb9d84545242fb7e139b,119676723,user_id,watahaya6k,watahaya6k,https://www.twitch.tv/watahaya6k,2026-09-13T08:51:29.953978+00:00,https://www.twitch.tv/watahaya6k/about,2026-09-17,not_established_at_cutoff,
acct_a13572f7df94743510fe,150482179,user_id,watermeawlon,watermeawlon,https://www.twitch.tv/watermeawlon,2026-09-13T08:51:28.572227+00:00,https://www.twitch.tv/watermeawlon/about,2026-09-17,not_established_at_cutoff,
acct_68ee44cdec66ab07473a,1123810607,user_id,whanyenjiab,whanyenjiab,https://www.twitch.tv/whanyenjiab,2026-09-13T08:51:39.878758+00:00,https://www.twitch.tv/whanyenjiab/about,2026-09-17,not_established_at_cutoff,
acct_e77952f01914a4ba9445,631442145,user_id,whitepgz,WhitePGZ,https://www.twitch.tv/whitepgz,2026-09-13T08:51:18.735927+00:00,https://www.twitch.tv/whitepgz/about,2026-09-17,not_established_at_cutoff,
acct_510a8254f1e52c38ccd2,1161448822,user_id,willow_st,willow_st,https://www.twitch.tv/willow_st,2026-09-13T08:56:21.604180+00:00,https://www.twitch.tv/willow_st/about,2026-09-17,not_established_at_cutoff,
acct_a98c773106083d40f431,1101218145,user_id,wilona_thegoat,wilona_thegoat,https://www.twitch.tv/wilona_thegoat,2026-09-13T08:51:36.522531+00:00,https://www.twitch.tv/wilona_thegoat/about,2026-09-17,not_established_at_cutoff,
acct_ac21b295018ff2640ca2,433547868,user_id,windwiss_,Windwiss_,https://www.twitch.tv/windwiss_,2026-09-13T08:51:23.278112+00:00,https://www.twitch.tv/windwiss_/about,2026-09-17,not_established_at_cutoff,
acct_f0946d4ff708346cf346,89424841,user_id,wisetheawl,wisetheawl,https://www.twitch.tv/wisetheawl,2026-09-13T08:00:00+00:00,https://www.twitch.tv/wisetheawl,2026-09-17,not_established_at_cutoff,
acct_d8d2a638484a91556a36,672689792,user_id,wolffadex,WolfFadeX,https://www.twitch.tv/wolffadex,2026-09-13T08:51:29.298559+00:00,https://www.twitch.tv/wolffadex/about,2026-09-17,not_established_at_cutoff,
acct_300967ab15b3bf3c5948,1386053685,user_id,woofna_ch,Woofna_Ch,https://www.twitch.tv/woofna_ch,2026-09-13T08:56:21.603176+00:00,https://www.twitch.tv/woofna_ch/about,2026-09-17,not_established_at_cutoff,
acct_96e77ac0d6e4de92f4f0,1035422415,user_id,wormtomato,Wormtomato,https://www.twitch.tv/wormtomato,2026-09-13T08:51:37.437033+00:00,https://www.twitch.tv/wormtomato/about,2026-09-17,not_established_at_cutoff,
acct_f9d32912b7829ff96384,146065077,user_id,wornlity_prd,Wornlity_PRD,https://www.twitch.tv/wornlity_prd,2026-09-13T08:51:35.565867+00:00,https://www.twitch.tv/wornlity_prd/about,2026-09-17,not_established_at_cutoff,
acct_65333537d376c1db27e3,742304739,user_id,x_zilva,X_ZiLVA,https://www.twitch.tv/x_zilva,2026-09-13T08:51:38.907907+00:00,https://www.twitch.tv/x_zilva/about,2026-09-17,not_established_at_cutoff,
acct_8139287e8e7c0ef26fa2,773670312,user_id,xdodolulu,xDodolulu,https://www.twitch.tv/xdodolulu,2026-09-13T08:51:19.927297+00:00,https://www.twitch.tv/xdodolulu/about,2026-09-17,not_established_at_cutoff,
acct_5a2a6820662ded5c80b0,237786194,user_id,xemuofficial,xemuofficial,https://www.twitch.tv/xemuofficial,2026-09-13T08:00:00+00:00,https://www.twitch.tv/xemuofficial,2026-09-17,not_established_at_cutoff,
acct_48e6c1fb4c0a24e12621,116298714,user_id,xenonphanejohn,XenonPhanejohn,https://www.twitch.tv/xenonphanejohn,2026-09-13T08:51:23.278112+00:00,https://www.twitch.tv/xenonphanejohn/about,2026-09-17,not_established_at_cutoff,
acct_f35d27636e38790c654b,175591682,user_id,xeresartrophel,XeresArtrophel,https://www.twitch.tv/xeresartrophel,2026-09-13T08:51:33.068513+00:00,https://www.twitch.tv/xeresartrophel/about,2026-09-17,not_established_at_cutoff,
acct_845af0b91e4d9d39952a,859512892,user_id,xinghailong,xinghailong,https://www.twitch.tv/xinghailong,2026-09-13T08:00:00+00:00,https://www.twitch.tv/xinghailong,2026-09-17,not_established_at_cutoff,
acct_910c88467ddc67a81bf4,136824515,user_id,xinpia03,XINPIA03,https://www.twitch.tv/xinpia03,2026-09-13T08:51:34.726859+00:00,https://www.twitch.tv/xinpia03/about,2026-09-17,not_established_at_cutoff,
acct_b0fbec15bfcbde58e754,165073563,user_id,xinxaneth,XinXaneTH,https://www.twitch.tv/xinxaneth,2026-09-13T08:51:24.297277+00:00,https://www.twitch.tv/xinxaneth/about,2026-09-17,not_established_at_cutoff,
acct_2f1278a24c40f8a6de1a,216585195,user_id,xlazyyui,xLazyYui,https://www.twitch.tv/xlazyyui,2026-09-13T08:51:24.944401+00:00,https://www.twitch.tv/xlazyyui/about,2026-09-17,not_established_at_cutoff,
acct_487369c0fdcd70a026b1,869621501,user_id,xonxeon,xonxeon,https://www.twitch.tv/xonxeon,2026-09-13T08:51:29.296558+00:00,https://www.twitch.tv/xonxeon/about,2026-09-17,not_established_at_cutoff,
acct_d35f651533208e242d33,956060042,user_id,xrosetsuna,XroSetsuna,https://www.twitch.tv/xrosetsuna,2026-09-13T08:56:19.227159+00:00,https://www.twitch.tv/xrosetsuna/about,2026-09-17,not_established_at_cutoff,
acct_8fd8d1fe92390b6eefe2,915916778,user_id,xsunliex,xSunLIEx,https://www.twitch.tv/xsunliex,2026-09-13T08:51:26.366427+00:00,https://www.twitch.tv/xsunliex/about,2026-09-17,not_established_at_cutoff,
acct_7e157628513708793603,1329161357,user_id,xyne_ztp,xyne_ztp,https://www.twitch.tv/xyne_ztp,2026-09-13T08:56:21.604180+00:00,https://www.twitch.tv/xyne_ztp/about,2026-09-17,not_established_at_cutoff,
acct_43a2caeb6a68285f5c76,798075575,user_id,xzephine,xzephine,https://www.twitch.tv/xzephine,2026-09-13T08:51:27.554347+00:00,https://www.twitch.tv/xzephine/about,2026-09-17,not_established_at_cutoff,
acct_d37e47e0d82657b6956e,122438447,user_id,xzestzexzeda,XzestzExzeda,https://www.twitch.tv/xzestzexzeda,2026-09-13T08:51:31.926215+00:00,https://www.twitch.tv/xzestzexzeda/about,2026-09-17,not_established_at_cutoff,
acct_541a563fa18745f68baf,136774342,user_id,y0tchi,y0tchi,https://www.twitch.tv/y0tchi,2026-09-13T08:56:21.605182+00:00,https://www.twitch.tv/y0tchi/about,2026-09-17,not_established_at_cutoff,
acct_3fe0f9303191d3861e87,557368929,user_id,yamisamadesu,yamisamadesu,https://www.twitch.tv/yamisamadesu,2026-09-13T08:51:21.512868+00:00,https://www.twitch.tv/yamisamadesu/about,2026-09-17,not_established_at_cutoff,
acct_cdb264bf97862090c4fa,82744960,user_id,yena_hwang,Yena_Hwang,https://www.twitch.tv/yena_hwang,2026-09-13T08:56:20.028642+00:00,https://www.twitch.tv/yena_hwang/about,2026-09-17,not_established_at_cutoff,
acct_12fe40d5766f850a4cbf,179452708,user_id,yokinasaori,YokinaSaori,https://www.twitch.tv/yokinasaori,2026-09-13T08:51:23.278112+00:00,https://www.twitch.tv/yokinasaori/about,2026-09-17,not_established_at_cutoff,
acct_1242a0796671a8dd46b9,221648250,user_id,yoshiharu_suisei,yoshiharu_suisei,https://www.twitch.tv/yoshiharu_suisei,2026-09-13T08:51:37.437033+00:00,https://www.twitch.tv/yoshiharu_suisei/about,2026-09-17,not_established_at_cutoff,
acct_f923d0b7555203c606a2,1067421093,user_id,yourthicha,yourthicha,https://www.twitch.tv/yourthicha,2026-09-13T08:56:19.228159+00:00,https://www.twitch.tv/yourthicha/about,2026-09-17,not_established_at_cutoff,
acct_291a900894e757736231,177821234,user_id,yubii_r,Yubii_R,https://www.twitch.tv/yubii_r,2026-09-13T08:57:02.533195+00:00,https://www.twitch.tv/yubii_r/about,2026-09-17,not_established_at_cutoff,
acct_6227d6dd7694d6439a16,26964218,user_id,yuikami,yuikami,https://www.twitch.tv/yuikami,2026-09-13T08:56:25.169520+00:00,https://www.twitch.tv/yuikami/about,2026-09-17,not_established_at_cutoff,
acct_3846c15f2564187ba568,826328859,user_id,yuistarbringer,yuistarbringer,https://www.twitch.tv/yuistarbringer,2026-09-13T08:51:20.755463+00:00,https://www.twitch.tv/yuistarbringer/about,2026-09-17,not_established_at_cutoff,
acct_8f0d6d38cbc2825d2a3f,764080990,user_id,yuka_hizumi,Yuka_Hizumi,https://www.twitch.tv/yuka_hizumi,2026-09-13T08:51:33.907033+00:00,https://www.twitch.tv/yuka_hizumi/about,2026-09-17,not_established_at_cutoff,
acct_625776e0aaff2fb36eaa,740381529,user_id,yumiiko_95,yumiiko_95,https://www.twitch.tv/yumiiko_95,2026-09-16T10:00:37+00:00,https://www.youtube.com/channel/UCOWt5oD4DqoGowGNz0F6Gkw,2026-09-17,not_established_at_cutoff,
acct_88e8146ad4e91aaeb774,1539980205,user_id,yunes085,yunes085,https://www.twitch.tv/yunes085,2026-09-13T08:56:20.856111+00:00,https://www.twitch.tv/yunes085/about,2026-09-17,not_established_at_cutoff,
acct_5e04209e881a52fa1369,1058780722,user_id,yuneschan,yuneschan,https://www.twitch.tv/yuneschan,2026-09-16T09:30:00+00:00,https://www.youtube.com/channel/UCJFoHpvvS4MLNsq0VeiEAyg,2026-09-17,not_established_at_cutoff,
acct_f07bb44fcd23df29ea47,796094737,user_id,yunyunchama,yunyunchama,https://www.twitch.tv/yunyunchama,2026-09-13T08:00:00+00:00,https://www.twitch.tv/yunyunchama,2026-09-17,not_established_at_cutoff,
acct_0b43c18d4c0e5c24c377,920704460,user_id,yuusayorumo,YuusaYorumo,https://www.twitch.tv/yuusayorumo,2026-09-13T08:51:42.196323+00:00,https://www.twitch.tv/yuusayorumo/about,2026-09-17,not_established_at_cutoff,
acct_a38e07045d76780e88cb,159423111,user_id,yuutanatsuki,YuutaNatsuki,https://www.twitch.tv/yuutanatsuki,2026-09-13T08:51:34.726859+00:00,https://www.twitch.tv/yuutanatsuki/about,2026-09-17,not_established_at_cutoff,
acct_613d2d3a4a3cbf19af7b,674073826,user_id,yyoruu,yyoruu,https://www.twitch.tv/yyoruu,2026-09-13T08:51:27.551292+00:00,https://www.twitch.tv/yyoruu/about,2026-09-17,not_established_at_cutoff,
acct_b22c26473602f37b7cdb,932840659,user_id,zacfromzac,ZacfromZac,https://www.twitch.tv/zacfromzac,2026-09-13T08:56:20.028642+00:00,https://www.twitch.tv/zacfromzac/about,2026-09-17,not_established_at_cutoff,
acct_6f809eeec0576b38c660,790552715,user_id,zandy31a,zandy31a,https://www.twitch.tv/zandy31a,2026-09-13T08:51:42.195323+00:00,https://www.twitch.tv/zandy31a/about,2026-09-17,not_established_at_cutoff,
acct_bf01000f3038fb177afa,928001228,user_id,zanirr,Zanirr,https://www.twitch.tv/zanirr,2026-09-13T08:51:33.067513+00:00,https://www.twitch.tv/zanirr/about,2026-09-17,not_established_at_cutoff,
acct_3748bb623ea52d73352e,825476445,user_id,zarizaophius,zarizaophius,https://www.twitch.tv/zarizaophius,2026-09-13T08:56:25.168522+00:00,https://www.twitch.tv/zarizaophius/about,2026-09-17,not_established_at_cutoff,
acct_1a9a44af1e46c8af2728,260532769,user_id,zaru_no21,zaru_no21,https://www.twitch.tv/zaru_no21,2026-09-13T08:51:33.067513+00:00,https://www.twitch.tv/zaru_no21/about,2026-09-17,not_established_at_cutoff,
acct_2748ffe94283a657b1de,1049511543,user_id,zauberthemarinette,ZauberTheMarinette,https://www.twitch.tv/zauberthemarinette,2026-09-13T08:51:33.067513+00:00,https://www.twitch.tv/zauberthemarinette/about,2026-09-17,not_established_at_cutoff,
acct_d97448d152f24ed544ca,1510361344,user_id,zayngloucester,zayngloucester,https://www.twitch.tv/zayngloucester,2026-09-13T08:00:00+00:00,https://www.twitch.tv/zayngloucester,2026-09-17,not_established_at_cutoff,
acct_dc72833fa1bb1deda5a4,853361091,user_id,zeiji7,Zeiji7,https://www.twitch.tv/zeiji7,2026-09-13T08:51:33.906031+00:00,https://www.twitch.tv/zeiji7/about,2026-09-17,not_established_at_cutoff,
acct_a600bbbfed714e829f4a,136313384,user_id,zekaiarp,ZekaiARP,https://www.twitch.tv/zekaiarp,2026-09-13T08:51:18.736926+00:00,https://www.twitch.tv/zekaiarp/about,2026-09-17,not_established_at_cutoff,
acct_d8779b1f64c254babb5d,853323367,user_id,zenaidaxeta102,ZenaidaXETA102,https://www.twitch.tv/zenaidaxeta102,2026-09-13T08:56:22.412997+00:00,https://www.twitch.tv/zenaidaxeta102/about,2026-09-17,not_established_at_cutoff,
acct_a9798ca9d5697725f2e7,515196332,user_id,zeniazs,ZeniaZs,https://www.twitch.tv/zeniazs,2026-09-13T08:51:38.907907+00:00,https://www.twitch.tv/zeniazs/about,2026-09-17,not_established_at_cutoff,
acct_729d51f9727527e44fe9,145918704,user_id,zephyxus,Zephyxus,https://www.twitch.tv/zephyxus,2026-09-13T08:51:26.367427+00:00,https://www.twitch.tv/zephyxus/about,2026-09-17,not_established_at_cutoff,
acct_fc7d24f443c553c686c7,161753708,user_id,zepthorix,zepthorix,https://www.twitch.tv/zepthorix,2026-09-13T08:51:33.907033+00:00,https://www.twitch.tv/zepthorix/about,2026-09-17,not_established_at_cutoff,
acct_250fa3764b0d7ccc8ec1,1090773883,user_id,zeraphinahn,ZeraphinaHN,https://www.twitch.tv/zeraphinahn,2026-09-13T08:56:23.462752+00:00,https://www.twitch.tv/zeraphinahn/about,2026-09-17,not_established_at_cutoff,
acct_ed55ca0eda8d5bb4f169,159067468,user_id,zerias,Zerias,https://www.twitch.tv/zerias,2026-09-13T08:51:29.298559+00:00,https://www.twitch.tv/zerias/about,2026-09-17,not_established_at_cutoff,
acct_899848a1dbed5137792a,568121810,user_id,zerindesu,ZerinDesu,https://www.twitch.tv/zerindesu,2026-09-13T08:51:39.876763+00:00,https://www.twitch.tv/zerindesu/about,2026-09-17,not_established_at_cutoff,
acct_6dc9bb57348811b32ead,442584372,user_id,zerobusterxz,zerobusterxz,https://www.twitch.tv/zerobusterxz,2026-09-16T09:35:43+00:00,https://www.youtube.com/channel/UCmvFibZ6umhTdyUpLya_vLg,2026-09-17,not_established_at_cutoff,
acct_e9041ba746fd95c9f91c,784341183,user_id,zesta_leviathan,Zesta_Leviathan,https://www.twitch.tv/zesta_leviathan,2026-09-13T08:51:20.755463+00:00,https://www.twitch.tv/zesta_leviathan/about,2026-09-17,not_established_at_cutoff,
acct_23a79d2089b3efae55c4,807874137,user_id,zhenlinxing_ch_powerpay,ZhenLinxing_ch_PowerPay,https://www.twitch.tv/zhenlinxing_ch_powerpay,2026-09-13T08:56:21.604180+00:00,https://www.twitch.tv/zhenlinxing_ch_powerpay/about,2026-09-17,not_established_at_cutoff,
acct_e864ec38b638bad1493c,828240873,user_id,zinfandelztp,ZinfandelZTP,https://www.twitch.tv/zinfandelztp,2026-09-13T08:51:37.435026+00:00,https://www.twitch.tv/zinfandelztp/about,2026-09-17,not_established_at_cutoff,
acct_750e3b5cec05db8d820b,1052152865,user_id,zolrennnx,zolrennnx,https://www.twitch.tv/zolrennnx,2026-09-13T08:51:38.088822+00:00,https://www.twitch.tv/zolrennnx/about,2026-09-17,not_established_at_cutoff,
acct_a588be265d148d7d4de4,150401047,user_id,zoomdesu,zoomdesu,https://www.twitch.tv/zoomdesu,2026-09-13T08:51:26.366427+00:00,https://www.twitch.tv/zoomdesu/about,2026-09-17,not_established_at_cutoff,
acct_dd405ca30da26b51b7be,1115731830,user_id,ztacya,ztacya,https://www.twitch.tv/ztacya,2026-09-13T08:00:00+00:00,https://www.twitch.tv/ztacya,2026-09-17,not_established_at_cutoff,
acct_5d5abad981ab17203de6,755464491,user_id,zukozyx,ZukoZyx,https://www.twitch.tv/zukozyx,2026-09-13T08:51:18.733925+00:00,https://www.twitch.tv/zukozyx/about,2026-09-17,not_established_at_cutoff,
acct_7e722e6ba16885503a65,843960638,user_id,zuric_otl,zuric_otl,https://www.twitch.tv/zuric_otl,2026-09-13T08:57:01.972334+00:00,https://www.twitch.tv/zuric_otl/about,2026-09-17,not_established_at_cutoff,
acct_b5ef14fca767fbf1020f,935509849,user_id,zuruya_kirari,zuruya_kirari,https://www.twitch.tv/zuruya_kirari,2026-09-13T08:51:33.069515+00:00,https://www.twitch.tv/zuruya_kirari/about,2026-09-17,not_established_at_cutoff,
acct_63323ea411da587fd0a1,834625215,user_id,zutraelle,zutraelle,https://www.twitch.tv/zutraelle,2026-09-13T08:57:02.531190+00:00,https://www.twitch.tv/zutraelle/about,2026-09-17,not_established_at_cutoff,
