account_key,platform,channel_id,label,url,eligibility_status,reason_code,included
facebook:acct_0059ae6063408118883a,facebook,,ponpan.kanbanjong,https://www.facebook.com/ponpan.kanbanjong,HOLD_NEEDS_CHANNEL_REVIEW,NO_REVIEWED_PLATFORM_ACCOUNT_ID,False
facebook:acct_0201df47d7ffff00f4b7,facebook,,noyashi.noey33,https://www.facebook.com/noyashi.noey33,HOLD_NEEDS_CHANNEL_REVIEW,NO_REVIEWED_PLATFORM_ACCOUNT_ID,False
facebook:acct_032fdff0755c364b3592,facebook,,PatchayNeverland,https://www.facebook.com/PatchayNeverland,HOLD_NEEDS_CHANNEL_REVIEW,NO_REVIEWED_PLATFORM_ACCOUNT_ID,False
facebook:acct_0580defd07c0dc4c0bb9,facebook,,lFuyuKaidal,https://www.facebook.com/lFuyuKaidal,HOLD_NEEDS_CHANNEL_REVIEW,NO_REVIEWED_PLATFORM_ACCOUNT_ID,False
facebook:acct_06500e29955c601c99b1,facebook,,ForryCafe,https://www.facebook.com/ForryCafe,HOLD_NEEDS_CHANNEL_REVIEW,NO_REVIEWED_PLATFORM_ACCOUNT_ID,False
facebook:acct_0a5ea78712b7fa7c0685,facebook,,100088266866317,https://www.facebook.com/profile.php?id=100088266866317,HOLD_NEEDS_CHANNEL_REVIEW,NO_REVIEWED_PLATFORM_ACCOUNT_ID,False
facebook:acct_0b6ca10695d100c48882,facebook,,gaming,https://www.facebook.com/gaming,HOLD_NEEDS_CHANNEL_REVIEW,NO_REVIEWED_PLATFORM_ACCOUNT_ID,False
facebook:acct_0d5d7b3cb768f82c726e,facebook,,kurisumasu.santa,https://www.facebook.com/kurisumasu.santa,HOLD_NEEDS_CHANNEL_REVIEW,NO_REVIEWED_PLATFORM_ACCOUNT_ID,False
facebook:acct_0d8a6ee7ab41b13f4518,facebook,,SWITCHIZPNG,https://www.facebook.com/SWITCHIZPNG,HOLD_NEEDS_CHANNEL_REVIEW,NO_REVIEWED_PLATFORM_ACCOUNT_ID,False
facebook:acct_0efdebaa3f108eb30941,facebook,,kayleforion,https://www.facebook.com/kayleforion,HOLD_NEEDS_CHANNEL_REVIEW,NO_REVIEWED_PLATFORM_ACCOUNT_ID,False
facebook:acct_11819514d6d98a664e3c,facebook,,100036762764490,https://www.facebook.com/profile.php?id=100036762764490,HOLD_NEEDS_CHANNEL_REVIEW,NO_REVIEWED_PLATFORM_ACCOUNT_ID,False
facebook:acct_119adb08efcfab8667bc,facebook,,keelinperyton,https://www.facebook.com/keelinperyton,HOLD_NEEDS_CHANNEL_REVIEW,NO_REVIEWED_PLATFORM_ACCOUNT_ID,False
facebook:acct_12a3baf5e65c70c072e9,facebook,,MaaeTheGreatest,https://www.facebook.com/MaaeTheGreatest,HOLD_NEEDS_CHANNEL_REVIEW,NO_REVIEWED_PLATFORM_ACCOUNT_ID,False
facebook:acct_1422ac51974851f60cde,facebook,,Jisooman Ch.,https://www.facebook.com/people/Jisooman/61593664342891,HOLD_NEEDS_CHANNEL_REVIEW,NO_REVIEWED_PLATFORM_ACCOUNT_ID,False
facebook:acct_151b8fc2f7a6849d294d,facebook,,Hdellons2077,https://www.facebook.com/Hdellons2077,HOLD_NEEDS_CHANNEL_REVIEW,NO_REVIEWED_PLATFORM_ACCOUNT_ID,False
facebook:acct_15f4d1612f490dc6b159,facebook,,NutkungGTT,https://www.facebook.com/NutkungGTT,HOLD_NEEDS_CHANNEL_REVIEW,NO_REVIEWED_PLATFORM_ACCOUNT_ID,False
facebook:acct_17434db8843db6c907a9,facebook,,61563474060128,https://www.facebook.com/profile.php?id=61563474060128,HOLD_NEEDS_CHANNEL_REVIEW,NO_REVIEWED_PLATFORM_ACCOUNT_ID,False
facebook:acct_18aa72383fb545e44510,facebook,,ByErosterz,https://www.facebook.com/ByErosterz,HOLD_NEEDS_CHANNEL_REVIEW,NO_REVIEWED_PLATFORM_ACCOUNT_ID,False
facebook:acct_190d736a47584ff45a58,facebook,,gingerbelle1208,https://www.facebook.com/gingerbelle1208,HOLD_NEEDS_CHANNEL_REVIEW,NO_REVIEWED_PLATFORM_ACCOUNT_ID,False
facebook:acct_194c88a92e1caec0ddf6,facebook,,NancyGimme2000,https://www.facebook.com/NancyGimme2000,HOLD_NEEDS_CHANNEL_REVIEW,NO_REVIEWED_PLATFORM_ACCOUNT_ID,False
facebook:acct_1a24b9c9cd60cc238134,facebook,,DarkPhoenix13Fr,https://www.facebook.com/DarkPhoenix13Fr,HOLD_NEEDS_CHANNEL_REVIEW,NO_REVIEWED_PLATFORM_ACCOUNT_ID,False
facebook:acct_1a47f32ded2e1feef283,facebook,,Vmaewuvchan,https://www.facebook.com/Vmaewuvchan,HOLD_NEEDS_CHANNEL_REVIEW,NO_REVIEWED_PLATFORM_ACCOUNT_ID,False
facebook:acct_1a9f197a2b4adf52222d,facebook,,RubellusRemis,https://www.facebook.com/RubellusRemis,HOLD_NEEDS_CHANNEL_REVIEW,NO_REVIEWED_PLATFORM_ACCOUNT_ID,False
facebook:acct_1c34455f3eb7402cbf21,facebook,,senkaistudio,https://www.facebook.com/senkaistudio,HOLD_NEEDS_CHANNEL_REVIEW,NO_REVIEWED_PLATFORM_ACCOUNT_ID,False
facebook:acct_1c509f89761cf95c9a9b,facebook,,kha.na.hun.krathing,https://www.facebook.com/kha.na.hun.krathing,HOLD_NEEDS_CHANNEL_REVIEW,NO_REVIEWED_PLATFORM_ACCOUNT_ID,False
facebook:acct_1caf79bd876f01bd8dc7,facebook,,CinCinVtu,https://www.facebook.com/CinCinVtu,HOLD_NEEDS_CHANNEL_REVIEW,NO_REVIEWED_PLATFORM_ACCOUNT_ID,False
facebook:acct_20af0e945ff2c4881167,facebook,,IamBearBearAndBear,https://www.facebook.com/IamBearBearAndBear,HOLD_NEEDS_CHANNEL_REVIEW,NO_REVIEWED_PLATFORM_ACCOUNT_ID,False
facebook:acct_212cf2682149dda0388e,facebook,,EvaTheRhino,https://www.facebook.com/EvaTheRhino,HOLD_NEEDS_CHANNEL_REVIEW,NO_REVIEWED_PLATFORM_ACCOUNT_ID,False
facebook:acct_22d8340d8ee9a3b8051c,facebook,,sienna.res,https://www.facebook.com/sienna.res,HOLD_NEEDS_CHANNEL_REVIEW,NO_REVIEWED_PLATFORM_ACCOUNT_ID,False
facebook:acct_230e4de35891631cc6ce,facebook,,jayvounter,https://www.facebook.com/jayvounter,HOLD_NEEDS_CHANNEL_REVIEW,NO_REVIEWED_PLATFORM_ACCOUNT_ID,False
facebook:acct_23401811e9a498dbbd86,facebook,,LayniaziaVtuberTH,https://www.facebook.com/LayniaziaVtuberTH,HOLD_NEEDS_CHANNEL_REVIEW,NO_REVIEWED_PLATFORM_ACCOUNT_ID,False
facebook:acct_236e9631336441038596,facebook,,dee.ji.12764,https://www.facebook.com/dee.ji.12764,HOLD_NEEDS_CHANNEL_REVIEW,NO_REVIEWED_PLATFORM_ACCOUNT_ID,False
facebook:acct_2395d1bdf691150b13d5,facebook,,AstreaStarVtuber,https://www.facebook.com/AstreaStarVtuber,HOLD_NEEDS_CHANNEL_REVIEW,NO_REVIEWED_PLATFORM_ACCOUNT_ID,False
facebook:acct_2455c3d262a209860cfa,facebook,,PINTO,https://www.facebook.com/pnpnpinto,HOLD_NEEDS_CHANNEL_REVIEW,NO_REVIEWED_PLATFORM_ACCOUNT_ID,False
facebook:acct_24815822ef63bd546f12,facebook,,mthicha.vtuber,https://www.facebook.com/mthicha.vtuber,HOLD_NEEDS_CHANNEL_REVIEW,NO_REVIEWED_PLATFORM_ACCOUNT_ID,False
facebook:acct_268841015f40315010a4,facebook,,tamarun1st,https://www.facebook.com/tamarun1st,HOLD_NEEDS_CHANNEL_REVIEW,NO_REVIEWED_PLATFORM_ACCOUNT_ID,False
facebook:acct_27bf55d990160e8be5eb,facebook,,bitly,https://www.facebook.com/bitly,HOLD_NEEDS_CHANNEL_REVIEW,NO_REVIEWED_PLATFORM_ACCOUNT_ID,False
facebook:acct_28829f19330ec878b9e9,facebook,,PadzangChannel,https://www.facebook.com/PadzangChannel,HOLD_NEEDS_CHANNEL_REVIEW,NO_REVIEWED_PLATFORM_ACCOUNT_ID,False
facebook:acct_294b3de2523f5424b018,facebook,,ItsAlexisWolf,https://www.facebook.com/ItsAlexisWolf,HOLD_NEEDS_CHANNEL_REVIEW,NO_REVIEWED_PLATFORM_ACCOUNT_ID,False
facebook:acct_29a9905255533a83e42c,facebook,,Aji2806,https://www.facebook.com/Aji2806,HOLD_NEEDS_CHANNEL_REVIEW,NO_REVIEWED_PLATFORM_ACCOUNT_ID,False
facebook:acct_2ad2209824722183a786,facebook,,sirirat.fanli,https://www.facebook.com/sirirat.fanli,HOLD_NEEDS_CHANNEL_REVIEW,NO_REVIEWED_PLATFORM_ACCOUNT_ID,False
facebook:acct_2cea9bd37f141817a6ce,facebook,,alteriastareater,https://www.facebook.com/alteriastareater,HOLD_NEEDS_CHANNEL_REVIEW,NO_REVIEWED_PLATFORM_ACCOUNT_ID,False
facebook:acct_2d47f76112a59e1fa113,facebook,,Sata Channel,https://www.facebook.com/sharer.php?u=https%3A%2F%2Fko-fi.com%2Fsatachan%2Fgoal%3Fg%3D65%22e%3D%F0%9F%9F%A9%F0%9F%9F%A9%F0%9F%9F%A9%F0%9F%9F%A9%F0%9F%9F%A9%F0%9F%9F%A9%E2%AC%9C%E2%AC%9C%E2%AC%9C%E2%AC%9C+65%25+of+goal+on+Ko-fi%21,HOLD_NEEDS_CHANNEL_REVIEW,NO_REVIEWED_PLATFORM_ACCOUNT_ID,False
facebook:acct_2d6da5cd8480a5e871f8,facebook,,61568997413194,https://www.facebook.com/profile.php?id=61568997413194,HOLD_NEEDS_CHANNEL_REVIEW,NO_REVIEWED_PLATFORM_ACCOUNT_ID,False
facebook:acct_2d88b29cdffb76533f2b,facebook,,supersky.amy,https://www.facebook.com/supersky.amy,HOLD_NEEDS_CHANNEL_REVIEW,NO_REVIEWED_PLATFORM_ACCOUNT_ID,False
facebook:acct_2ec6f7a38b862a5ffb1f,facebook,,KYTsuruko,https://www.facebook.com/KYTsuruko,HOLD_NEEDS_CHANNEL_REVIEW,NO_REVIEWED_PLATFORM_ACCOUNT_ID,False
facebook:acct_304d97440d4d649dc0d3,facebook,,100077918560094,https://www.facebook.com/profile.php?id=100077918560094,HOLD_NEEDS_CHANNEL_REVIEW,NO_REVIEWED_PLATFORM_ACCOUNT_ID,False
facebook:acct_31a581b8d59284a1e7be,facebook,,Evalia.ARP,https://www.facebook.com/Evalia.ARP,HOLD_NEEDS_CHANNEL_REVIEW,NO_REVIEWED_PLATFORM_ACCOUNT_ID,False
facebook:acct_31b04634d6245b884379,facebook,,SmallC69,https://www.facebook.com/SmallC69,HOLD_NEEDS_CHANNEL_REVIEW,NO_REVIEWED_PLATFORM_ACCOUNT_ID,False
facebook:acct_32706f33c16d055ed850,facebook,,akitoqchflame,https://www.facebook.com/akitoqchflame,HOLD_NEEDS_CHANNEL_REVIEW,NO_REVIEWED_PLATFORM_ACCOUNT_ID,False
facebook:acct_3283d416ebc4a372f308,facebook,,kuroyoru.yami,https://www.facebook.com/kuroyoru.yami,HOLD_NEEDS_CHANNEL_REVIEW,NO_REVIEWED_PLATFORM_ACCOUNT_ID,False
facebook:acct_35c473f2905cb368ec02,facebook,,Potia Pbt,https://www.facebook.com/Potia Pbt,HOLD_NEEDS_CHANNEL_REVIEW,NO_REVIEWED_PLATFORM_ACCOUNT_ID,False
facebook:acct_3619beec0082e64612c5,facebook,,100089324731834,https://www.facebook.com/profile.php?id=100089324731834,HOLD_NEEDS_CHANNEL_REVIEW,NO_REVIEWED_PLATFORM_ACCOUNT_ID,False
facebook:acct_36a798185b43e011c823,facebook,,PlatinumRankWrath,https://www.facebook.com/PlatinumRankWrath,HOLD_NEEDS_CHANNEL_REVIEW,NO_REVIEWED_PLATFORM_ACCOUNT_ID,False
facebook:acct_36d5bf2c81711d714a19,facebook,,aoriix,https://www.facebook.com/aoriix,HOLD_NEEDS_CHANNEL_REVIEW,NO_REVIEWED_PLATFORM_ACCOUNT_ID,False
facebook:acct_3770a4d6102076cd8b06,facebook,,100094278412976,https://www.facebook.com/profile.php?id=100094278412976,HOLD_NEEDS_CHANNEL_REVIEW,NO_REVIEWED_PLATFORM_ACCOUNT_ID,False
facebook:acct_381e5ec8ba2fc9a1fe5e,facebook,,61588311233819,https://www.facebook.com/profile.php?id=61588311233819,HOLD_NEEDS_CHANNEL_REVIEW,NO_REVIEWED_PLATFORM_ACCOUNT_ID,False
facebook:acct_3a2b003920cf9007719e,facebook,,Atsuko.Meron,https://www.facebook.com/Atsuko.Meron,HOLD_NEEDS_CHANNEL_REVIEW,NO_REVIEWED_PLATFORM_ACCOUNT_ID,False
facebook:acct_3b4f15a749038b0ac66f,facebook,,renkon.V1,https://www.facebook.com/renkon.V1,HOLD_NEEDS_CHANNEL_REVIEW,NO_REVIEWED_PLATFORM_ACCOUNT_ID,False
facebook:acct_3c2f0406ae38851ef874,facebook,,100082839023159,https://www.facebook.com/profile.php?id=100082839023159,HOLD_NEEDS_CHANNEL_REVIEW,NO_REVIEWED_PLATFORM_ACCOUNT_ID,False
facebook:acct_3d91d18457a693a80ac8,facebook,,echune,https://www.facebook.com/echune,HOLD_NEEDS_CHANNEL_REVIEW,NO_REVIEWED_PLATFORM_ACCOUNT_ID,False
facebook:acct_3e768a229e92362eff66,facebook,,Eileennoir.0,https://www.facebook.com/Eileennoir.0,HOLD_NEEDS_CHANNEL_REVIEW,NO_REVIEWED_PLATFORM_ACCOUNT_ID,False
facebook:acct_3ee62be50d4696bb5a98,facebook,,ThelittleNelle,https://www.facebook.com/ThelittleNelle,HOLD_NEEDS_CHANNEL_REVIEW,NO_REVIEWED_PLATFORM_ACCOUNT_ID,False
facebook:acct_403f02e4abca7769eee2,facebook,,TantheTantaros,https://www.facebook.com/TantheTantaros,HOLD_NEEDS_CHANNEL_REVIEW,NO_REVIEWED_PLATFORM_ACCOUNT_ID,False
facebook:acct_407d33b725535ad5e468,facebook,,HolieCh,https://www.facebook.com/HolieCh,HOLD_NEEDS_CHANNEL_REVIEW,NO_REVIEWED_PLATFORM_ACCOUNT_ID,False
facebook:acct_4107f4d637ee4b71ed35,facebook,,ARP.Vtuber,https://www.facebook.com/ARP.Vtuber,HOLD_NEEDS_CHANNEL_REVIEW,NO_REVIEWED_PLATFORM_ACCOUNT_ID,False
facebook:acct_4112e265adaa34971061,facebook,,ProjectVtory,https://www.facebook.com/ProjectVtory,HOLD_NEEDS_CHANNEL_REVIEW,NO_REVIEWED_PLATFORM_ACCOUNT_ID,False
facebook:acct_415317f9266fc7761927,facebook,,61563624382941,https://www.facebook.com/profile.php?id=61563624382941,HOLD_NEEDS_CHANNEL_REVIEW,NO_REVIEWED_PLATFORM_ACCOUNT_ID,False
facebook:acct_42c5614f05fb936b0495,facebook,,MaryArtGallery2000,https://www.facebook.com/MaryArtGallery2000,HOLD_NEEDS_CHANNEL_REVIEW,NO_REVIEWED_PLATFORM_ACCOUNT_ID,False
facebook:acct_4559645f8f105a6d7be1,facebook,,YuutaNatsuki1,https://www.facebook.com/YuutaNatsuki1,HOLD_NEEDS_CHANNEL_REVIEW,NO_REVIEWED_PLATFORM_ACCOUNT_ID,False
facebook:acct_46133ac67c9fac5f6d98,facebook,,61578300908753,https://www.facebook.com/profile.php?id=61578300908753,HOLD_NEEDS_CHANNEL_REVIEW,NO_REVIEWED_PLATFORM_ACCOUNT_ID,False
facebook:acct_48ff4f22e4577c2b26f4,facebook,,maruko.maru.790702,https://www.facebook.com/maruko.maru.790702,HOLD_NEEDS_CHANNEL_REVIEW,NO_REVIEWED_PLATFORM_ACCOUNT_ID,False
facebook:acct_4ab73ed14a2188451a5c,facebook,,ZenaidaXETA102,https://www.facebook.com/ZenaidaXETA102,HOLD_NEEDS_CHANNEL_REVIEW,NO_REVIEWED_PLATFORM_ACCOUNT_ID,False
facebook:acct_4b82222777fbd09c551c,facebook,,61561858960771,https://www.facebook.com/profile.php?id=61561858960771,HOLD_NEEDS_CHANNEL_REVIEW,NO_REVIEWED_PLATFORM_ACCOUNT_ID,False
facebook:acct_4bca8a0b2cd4e6601af1,facebook,,100088713876006,https://www.facebook.com/profile.php?id=100088713876006,HOLD_NEEDS_CHANNEL_REVIEW,NO_REVIEWED_PLATFORM_ACCOUNT_ID,False
facebook:acct_50d21be387cb9d84df2e,facebook,,drakostation,https://www.facebook.com/drakostation,HOLD_NEEDS_CHANNEL_REVIEW,NO_REVIEWED_PLATFORM_ACCOUNT_ID,False
facebook:acct_552263181c7c9fa2115e,facebook,,FL.FirstsLove,https://www.facebook.com/FL.FirstsLove,HOLD_NEEDS_CHANNEL_REVIEW,NO_REVIEWED_PLATFORM_ACCOUNT_ID,False
facebook:acct_5579d85707658790784e,facebook,,Artie.EPR,https://www.facebook.com/Artie.EPR,HOLD_NEEDS_CHANNEL_REVIEW,NO_REVIEWED_PLATFORM_ACCOUNT_ID,False
facebook:acct_564582e7d845bba2ee34,facebook,,kritnibyou,https://www.facebook.com/kritnibyou,HOLD_NEEDS_CHANNEL_REVIEW,NO_REVIEWED_PLATFORM_ACCOUNT_ID,False
facebook:acct_5674e9fe3b9057e1f926,facebook,,KritNibyou,https://www.facebook.com/KritNibyou,HOLD_NEEDS_CHANNEL_REVIEW,NO_REVIEWED_PLATFORM_ACCOUNT_ID,False
facebook:acct_5798d3194b0b633f79cf,facebook,,61575073833839,https://www.facebook.com/profile.php?id=61575073833839,HOLD_NEEDS_CHANNEL_REVIEW,NO_REVIEWED_PLATFORM_ACCOUNT_ID,False
facebook:acct_598fa2dbec8ebeae7a2b,facebook,,61573702659881,https://www.facebook.com/profile.php?id=61573702659881,HOLD_NEEDS_CHANNEL_REVIEW,NO_REVIEWED_PLATFORM_ACCOUNT_ID,False
facebook:acct_59c9c70638b025c98c69,facebook,,VIGroupOfficial,https://www.facebook.com/VIGroupOfficial,HOLD_NEEDS_CHANNEL_REVIEW,NO_REVIEWED_PLATFORM_ACCOUNT_ID,False
facebook:acct_5af63bdc58b389434829,facebook,,X.Zilva,https://www.facebook.com/X.Zilva,HOLD_NEEDS_CHANNEL_REVIEW,NO_REVIEWED_PLATFORM_ACCOUNT_ID,False
facebook:acct_5bf5eca08766835bdbac,facebook,,In0sukeFB,https://www.facebook.com/In0sukeFB,HOLD_NEEDS_CHANNEL_REVIEW,NO_REVIEWED_PLATFORM_ACCOUNT_ID,False
facebook:acct_5c0fbb8c0922d8f72231,facebook,,100086874577315,https://www.facebook.com/profile.php?id=100086874577315,HOLD_NEEDS_CHANNEL_REVIEW,NO_REVIEWED_PLATFORM_ACCOUNT_ID,False
facebook:acct_5cc157dba9704f73c568,facebook,,ScentHarmony,https://www.facebook.com/ScentHarmony,HOLD_NEEDS_CHANNEL_REVIEW,NO_REVIEWED_PLATFORM_ACCOUNT_ID,False
facebook:acct_5de7881871a44e1fd506,facebook,,100011121540227,https://www.facebook.com/profile.php?id=100011121540227,HOLD_NEEDS_CHANNEL_REVIEW,NO_REVIEWED_PLATFORM_ACCOUNT_ID,False
facebook:acct_60d76b37928e6bfbf54b,facebook,,61572972016670,https://www.facebook.com/profile.php?id=61572972016670,HOLD_NEEDS_CHANNEL_REVIEW,NO_REVIEWED_PLATFORM_ACCOUNT_ID,False
facebook:acct_61761b856066b3a93dd1,facebook,,r2pbyhito,https://www.facebook.com/r2pbyhito,HOLD_NEEDS_CHANNEL_REVIEW,NO_REVIEWED_PLATFORM_ACCOUNT_ID,False
facebook:acct_643043686a31fca80304,facebook,,BEARISSBEAM,https://www.facebook.com/BEARISSBEAM,HOLD_NEEDS_CHANNEL_REVIEW,NO_REVIEWED_PLATFORM_ACCOUNT_ID,False
facebook:acct_64fa43c20c95e531ca2e,facebook,,61580137779621,https://www.facebook.com/profile.php?id=61580137779621,HOLD_NEEDS_CHANNEL_REVIEW,NO_REVIEWED_PLATFORM_ACCOUNT_ID,False
facebook:acct_65129c09d85aafb6ff2c,facebook,,CandyCatdyy,https://www.facebook.com/CandyCatdyy,HOLD_NEEDS_CHANNEL_REVIEW,NO_REVIEWED_PLATFORM_ACCOUNT_ID,False
facebook:acct_6a79284c701220a781b6,facebook,,LittleGWarin,https://www.facebook.com/LittleGWarin,HOLD_NEEDS_CHANNEL_REVIEW,NO_REVIEWED_PLATFORM_ACCOUNT_ID,False
facebook:acct_6af98e906179aa302b05,facebook,,61591583510081,https://www.facebook.com/profile.php?id=61591583510081,HOLD_NEEDS_CHANNEL_REVIEW,NO_REVIEWED_PLATFORM_ACCOUNT_ID,False
facebook:acct_6b594483a79aba2bfd28,facebook,,Supeacha,https://www.facebook.com/Supeacha,HOLD_NEEDS_CHANNEL_REVIEW,NO_REVIEWED_PLATFORM_ACCOUNT_ID,False
facebook:acct_6de8f96a51f08038ac07,facebook,,LuYaoVtuber,https://www.facebook.com/LuYaoVtuber,HOLD_NEEDS_CHANNEL_REVIEW,NO_REVIEWED_PLATFORM_ACCOUNT_ID,False
facebook:acct_6deea098267a2200465c,facebook,,61593479824865,https://www.facebook.com/profile.php?id=61593479824865,HOLD_NEEDS_CHANNEL_REVIEW,NO_REVIEWED_PLATFORM_ACCOUNT_ID,False
facebook:acct_6ec69e3b5826d78a8c56,facebook,,Usami Bunny,https://www.facebook.com/UsamiBunny,HOLD_NEEDS_CHANNEL_REVIEW,NO_REVIEWED_PLATFORM_ACCOUNT_ID,False
facebook:acct_6ee890d1461aaf4f4ef4,facebook,,byte slr,https://www.facebook.com/byte slr,HOLD_NEEDS_CHANNEL_REVIEW,NO_REVIEWED_PLATFORM_ACCOUNT_ID,False
facebook:acct_6f5d8891c68678d5a6b5,facebook,,61559574479928,https://www.facebook.com/profile.php?id=61559574479928,HOLD_NEEDS_CHANNEL_REVIEW,NO_REVIEWED_PLATFORM_ACCOUNT_ID,False
facebook:acct_706ddfd696cd82c813e4,facebook,,NongwanTV,https://www.facebook.com/NongwanTV,HOLD_NEEDS_CHANNEL_REVIEW,NO_REVIEWED_PLATFORM_ACCOUNT_ID,False
facebook:acct_72471dec8b645d761927,facebook,,Fortuna-Leah-115057817879526,https://www.facebook.com/Fortuna-Leah-115057817879526,HOLD_NEEDS_CHANNEL_REVIEW,NO_REVIEWED_PLATFORM_ACCOUNT_ID,False
facebook:acct_72ffdde6760b7b21b2f3,facebook,,Punquix,https://www.facebook.com/Punquix,HOLD_NEEDS_CHANNEL_REVIEW,NO_REVIEWED_PLATFORM_ACCOUNT_ID,False
facebook:acct_7415160bbada049f55b8,facebook,,61567287431406,https://www.facebook.com/profile.php?id=61567287431406,HOLD_NEEDS_CHANNEL_REVIEW,NO_REVIEWED_PLATFORM_ACCOUNT_ID,False
facebook:acct_7470d6ebabac3692f1a6,facebook,,100087650097309,https://www.facebook.com/profile.php?id=100087650097309,HOLD_NEEDS_CHANNEL_REVIEW,NO_REVIEWED_PLATFORM_ACCOUNT_ID,False
facebook:acct_75343b94a0bb418229d1,facebook,,KingSlimeCh.VTH,https://www.facebook.com/KingSlimeCh.VTH,HOLD_NEEDS_CHANNEL_REVIEW,NO_REVIEWED_PLATFORM_ACCOUNT_ID,False
facebook:acct_75614505bbb934e033ca,facebook,,HyougaAlpha,https://www.facebook.com/HyougaAlpha,HOLD_NEEDS_CHANNEL_REVIEW,NO_REVIEWED_PLATFORM_ACCOUNT_ID,False
facebook:acct_75980081aa6a7cb4e341,facebook,,61557475637764,https://www.facebook.com/profile.php?id=61557475637764,HOLD_NEEDS_CHANNEL_REVIEW,NO_REVIEWED_PLATFORM_ACCOUNT_ID,False
facebook:acct_76ffa347c4ef74a9dbcc,facebook,,KurosawaSPCH,https://www.facebook.com/KurosawaSPCH,HOLD_NEEDS_CHANNEL_REVIEW,NO_REVIEWED_PLATFORM_ACCOUNT_ID,False
facebook:acct_7757c53052d98a81ced6,facebook,,61564764307924,https://www.facebook.com/profile.php?id=61564764307924,HOLD_NEEDS_CHANNEL_REVIEW,NO_REVIEWED_PLATFORM_ACCOUNT_ID,False
facebook:acct_7790810d825c11399195,facebook,,Deli.Ciae.Vtuber,https://www.facebook.com/Deli.Ciae.Vtuber,HOLD_NEEDS_CHANNEL_REVIEW,NO_REVIEWED_PLATFORM_ACCOUNT_ID,False
facebook:acct_78650d5e21123e3ef721,facebook,,nagirin.res,https://www.facebook.com/nagirin.res,HOLD_NEEDS_CHANNEL_REVIEW,NO_REVIEWED_PLATFORM_ACCOUNT_ID,False
facebook:acct_7d3045ac1002b80e061e,facebook,,kayo.orenji,https://www.facebook.com/kayo.orenji,HOLD_NEEDS_CHANNEL_REVIEW,NO_REVIEWED_PLATFORM_ACCOUNT_ID,False
facebook:acct_7ecc4d3304bf5bb7ff10,facebook,,61586303101471,https://www.facebook.com/profile.php?id=61586303101471,HOLD_NEEDS_CHANNEL_REVIEW,NO_REVIEWED_PLATFORM_ACCOUNT_ID,False
facebook:acct_7edb29a60ee22ce5c01c,facebook,,LazadaThailand,https://www.facebook.com/LazadaThailand,HOLD_NEEDS_CHANNEL_REVIEW,NO_REVIEWED_PLATFORM_ACCOUNT_ID,False
facebook:acct_831f6a327c6875456fe1,facebook,,urpoppy,https://www.facebook.com/urpoppy,HOLD_NEEDS_CHANNEL_REVIEW,NO_REVIEWED_PLATFORM_ACCOUNT_ID,False
facebook:acct_83d879997d3fb7fcfbbd,facebook,,puipuimemory,https://www.facebook.com/puipuimemory,HOLD_NEEDS_CHANNEL_REVIEW,NO_REVIEWED_PLATFORM_ACCOUNT_ID,False
facebook:acct_85a71a11ba115e6b6f87,facebook,,SaiMaiZVtuberTH,https://www.facebook.com/SaiMaiZVtuberTH,HOLD_NEEDS_CHANNEL_REVIEW,NO_REVIEWED_PLATFORM_ACCOUNT_ID,False
facebook:acct_8760ab8a0b6d88bf4cbd,facebook,,61574930317770,https://www.facebook.com/profile.php?id=61574930317770,HOLD_NEEDS_CHANNEL_REVIEW,NO_REVIEWED_PLATFORM_ACCOUNT_ID,False
facebook:acct_8b1c42ac31c7f124281b,facebook,,sunraindre,https://www.facebook.com/sunraindre,HOLD_NEEDS_CHANNEL_REVIEW,NO_REVIEWED_PLATFORM_ACCOUNT_ID,False
facebook:acct_8c6c29f02c4c161bd40a,facebook,,61569107429730,https://www.facebook.com/profile.php?id=61569107429730,HOLD_NEEDS_CHANNEL_REVIEW,NO_REVIEWED_PLATFORM_ACCOUNT_ID,False
facebook:acct_91ac8f83b5a165761c3a,facebook,,RiekaAstella,https://www.facebook.com/RiekaAstella,HOLD_NEEDS_CHANNEL_REVIEW,NO_REVIEWED_PLATFORM_ACCOUNT_ID,False
facebook:acct_95a056ad1b09411f0868,facebook,,darinVmonster,https://www.facebook.com/darinVmonster,HOLD_NEEDS_CHANNEL_REVIEW,NO_REVIEWED_PLATFORM_ACCOUNT_ID,False
facebook:acct_95f1dbbb9b1559dcc0a5,facebook,,OkamiHito.CH,https://www.facebook.com/OkamiHito.CH,HOLD_NEEDS_CHANNEL_REVIEW,NO_REVIEWED_PLATFORM_ACCOUNT_ID,False
facebook:acct_96292535555739119005,facebook,,ShirowashiVtuber,https://www.facebook.com/ShirowashiVtuber,HOLD_NEEDS_CHANNEL_REVIEW,NO_REVIEWED_PLATFORM_ACCOUNT_ID,False
facebook:acct_986ef583971e0f4eb8ae,facebook,,EC19 Projekt Official,https://www.facebook.com/ec19projekt,HOLD_NEEDS_CHANNEL_REVIEW,NO_REVIEWED_PLATFORM_ACCOUNT_ID,False
facebook:acct_98feefe371b53ad761fe,facebook,,Akane-Ch-108618291331773,https://www.facebook.com/Akane-Ch-108618291331773,HOLD_NEEDS_CHANNEL_REVIEW,NO_REVIEWED_PLATFORM_ACCOUNT_ID,False
facebook:acct_99d2704017f3bbcf1372,facebook,,KhaojaoVtuber,https://www.facebook.com/KhaojaoVtuber,HOLD_NEEDS_CHANNEL_REVIEW,NO_REVIEWED_PLATFORM_ACCOUNT_ID,False
facebook:acct_9a499de87ad83c84df8c,facebook,,LyricUrsae,https://www.facebook.com/LyricUrsae,HOLD_NEEDS_CHANNEL_REVIEW,NO_REVIEWED_PLATFORM_ACCOUNT_ID,False
facebook:acct_9aae6e0643e02e8a6ecd,facebook,,ImC1overr,https://www.facebook.com/ImC1overr,HOLD_NEEDS_CHANNEL_REVIEW,NO_REVIEWED_PLATFORM_ACCOUNT_ID,False
facebook:acct_9aea72037c876fd8128a,facebook,,129.CLASSIFIED,https://www.facebook.com/129.CLASSIFIED,HOLD_NEEDS_CHANNEL_REVIEW,NO_REVIEWED_PLATFORM_ACCOUNT_ID,False
facebook:acct_9d090a5b4767db4f31a0,facebook,,MolaSunfishGod,https://www.facebook.com/MolaSunfishGod,HOLD_NEEDS_CHANNEL_REVIEW,NO_REVIEWED_PLATFORM_ACCOUNT_ID,False
facebook:acct_9dfb2a9fcfb7e82bab79,facebook,,61578838247323,https://www.facebook.com/profile.php?id=61578838247323,HOLD_NEEDS_CHANNEL_REVIEW,NO_REVIEWED_PLATFORM_ACCOUNT_ID,False
facebook:acct_9e7a84d8011b26525f70,facebook,,AzatoStacia,https://www.facebook.com/AzatoStacia,HOLD_NEEDS_CHANNEL_REVIEW,NO_REVIEWED_PLATFORM_ACCOUNT_ID,False
facebook:acct_a05db1eb4e94e0a40992,facebook,,61592637134897,https://www.facebook.com/profile.php?id=61592637134897,HOLD_NEEDS_CHANNEL_REVIEW,NO_REVIEWED_PLATFORM_ACCOUNT_ID,False
facebook:acct_a122d9dda1d5f8dad0dc,facebook,,sabishiidesuyo,https://www.facebook.com/sabishiidesuyo,HOLD_NEEDS_CHANNEL_REVIEW,NO_REVIEWED_PLATFORM_ACCOUNT_ID,False
facebook:acct_a16ab88a198fae08f8bd,facebook,,mirae.solstice.2025,https://www.facebook.com/mirae.solstice.2025,HOLD_NEEDS_CHANNEL_REVIEW,NO_REVIEWED_PLATFORM_ACCOUNT_ID,False
facebook:acct_a1a3628aee127898ad2b,facebook,,Eimiichan,https://www.facebook.com/Eimiichan,HOLD_NEEDS_CHANNEL_REVIEW,NO_REVIEWED_PLATFORM_ACCOUNT_ID,False
facebook:acct_a1ce150599051723ecdf,facebook,,CuteBoyShop,https://www.facebook.com/CuteBoyShop,HOLD_NEEDS_CHANNEL_REVIEW,NO_REVIEWED_PLATFORM_ACCOUNT_ID,False
facebook:acct_a47c832a899a4dd75c2d,facebook,,61592529021179,https://www.facebook.com/profile.php?id=61592529021179,HOLD_NEEDS_CHANNEL_REVIEW,NO_REVIEWED_PLATFORM_ACCOUNT_ID,False
facebook:acct_a4ce59be5025cc82754b,facebook,,saneko.mochi.epr,https://www.facebook.com/saneko.mochi.epr,HOLD_NEEDS_CHANNEL_REVIEW,NO_REVIEWED_PLATFORM_ACCOUNT_ID,False
facebook:acct_a8348d252f280c6ad1bd,facebook,,RealiableCh,https://www.facebook.com/RealiableCh,HOLD_NEEDS_CHANNEL_REVIEW,NO_REVIEWED_PLATFORM_ACCOUNT_ID,False
facebook:acct_a8ccbc0b08cc4cb2855d,facebook,,LUNANENE,https://www.facebook.com/LUNANENE,HOLD_NEEDS_CHANNEL_REVIEW,NO_REVIEWED_PLATFORM_ACCOUNT_ID,False
facebook:acct_ac0e454a0d89cb30aa14,facebook,,KumoKumaVtu,https://www.facebook.com/KumoKumaVtu,HOLD_NEEDS_CHANNEL_REVIEW,NO_REVIEWED_PLATFORM_ACCOUNT_ID,False
facebook:acct_ac6ec14aa477a3b950b3,facebook,,Lamuofficials,https://www.facebook.com/Lamuofficials,HOLD_NEEDS_CHANNEL_REVIEW,NO_REVIEWED_PLATFORM_ACCOUNT_ID,False
facebook:acct_ad02e6ff4a8649591461,facebook,,LauriebBlisse,https://www.facebook.com/LauriebBlisse,HOLD_NEEDS_CHANNEL_REVIEW,NO_REVIEWED_PLATFORM_ACCOUNT_ID,False
facebook:acct_b0380ca0e55668185454,facebook,,61564441178173,https://www.facebook.com/profile.php?id=61564441178173,HOLD_NEEDS_CHANNEL_REVIEW,NO_REVIEWED_PLATFORM_ACCOUNT_ID,False
facebook:acct_b26fe455dc51daeedde3,facebook,,Riseonproject,https://www.facebook.com/Riseonproject,HOLD_NEEDS_CHANNEL_REVIEW,NO_REVIEWED_PLATFORM_ACCOUNT_ID,False
facebook:acct_b2e2c91cc349c7903ea1,facebook,,BookieMelbez,https://www.facebook.com/BookieMelbez,HOLD_NEEDS_CHANNEL_REVIEW,NO_REVIEWED_PLATFORM_ACCOUNT_ID,False
facebook:acct_b45d25694faf8db61dd5,facebook,,Nuttizzz,https://www.facebook.com/Nuttizzz,HOLD_NEEDS_CHANNEL_REVIEW,NO_REVIEWED_PLATFORM_ACCOUNT_ID,False
facebook:acct_b7f4bf568a4af5b272e3,facebook,,61565803589375,https://www.facebook.com/profile.php?id=61565803589375,HOLD_NEEDS_CHANNEL_REVIEW,NO_REVIEWED_PLATFORM_ACCOUNT_ID,False
facebook:acct_b875f0e65aaf8915caa0,facebook,,nergalnear,https://www.facebook.com/nergalnear,HOLD_NEEDS_CHANNEL_REVIEW,NO_REVIEWED_PLATFORM_ACCOUNT_ID,False
facebook:acct_b976d63b9f2e534d54e5,facebook,,LuminaVProject,https://www.facebook.com/LuminaVProject,HOLD_NEEDS_CHANNEL_REVIEW,NO_REVIEWED_PLATFORM_ACCOUNT_ID,False
facebook:acct_bb6c852a80861ffb01db,facebook,,kuzeiru,https://www.facebook.com/kuzeiru,HOLD_NEEDS_CHANNEL_REVIEW,NO_REVIEWED_PLATFORM_ACCOUNT_ID,False
facebook:acct_bb8724a095c2f0094e25,facebook,,100082107903065,https://www.facebook.com/profile.php?id=100082107903065,HOLD_NEEDS_CHANNEL_REVIEW,NO_REVIEWED_PLATFORM_ACCOUNT_ID,False
facebook:acct_bc75a4f092d84425b54b,facebook,,ngerntong19,https://www.facebook.com/ngerntong19,HOLD_NEEDS_CHANNEL_REVIEW,NO_REVIEWED_PLATFORM_ACCOUNT_ID,False
facebook:acct_bc8ee51bf143cc30d0bd,facebook,,Seireki.KooNy,https://www.facebook.com/Seireki.KooNy,HOLD_NEEDS_CHANNEL_REVIEW,NO_REVIEWED_PLATFORM_ACCOUNT_ID,False
facebook:acct_bcd10828df25e5e0f998,facebook,,61575539327701,https://www.facebook.com/profile.php?id=61575539327701,HOLD_NEEDS_CHANNEL_REVIEW,NO_REVIEWED_PLATFORM_ACCOUNT_ID,False
facebook:acct_bcf2985c06712928f283,facebook,,100085936384461,https://www.facebook.com/profile.php?id=100085936384461,HOLD_NEEDS_CHANNEL_REVIEW,NO_REVIEWED_PLATFORM_ACCOUNT_ID,False
facebook:acct_bd467549d14a11622a22,facebook,,61590195677153,https://www.facebook.com/profile.php?id=61590195677153,HOLD_NEEDS_CHANNEL_REVIEW,NO_REVIEWED_PLATFORM_ACCOUNT_ID,False
facebook:acct_be4e64f33a410232c9d7,facebook,,100002410091942,https://www.facebook.com/profile.php?id=100002410091942,HOLD_NEEDS_CHANNEL_REVIEW,NO_REVIEWED_PLATFORM_ACCOUNT_ID,False
facebook:acct_beb488ae90c2a928f8eb,facebook,,AmaneReiVth,https://www.facebook.com/AmaneReiVth,HOLD_NEEDS_CHANNEL_REVIEW,NO_REVIEWED_PLATFORM_ACCOUNT_ID,False
facebook:acct_c095964a000fb25b81cb,facebook,,rafaneal.linberg.9,https://www.facebook.com/rafaneal.linberg.9,HOLD_NEEDS_CHANNEL_REVIEW,NO_REVIEWED_PLATFORM_ACCOUNT_ID,False
facebook:acct_c6f3d1d421759e15e7ce,facebook,,Kagemaru404,https://www.facebook.com/Kagemaru404,HOLD_NEEDS_CHANNEL_REVIEW,NO_REVIEWED_PLATFORM_ACCOUNT_ID,False
facebook:acct_c71b43970a14cef60cdb,facebook,,khunchaniiii,https://www.facebook.com/khunchaniiii,HOLD_NEEDS_CHANNEL_REVIEW,NO_REVIEWED_PLATFORM_ACCOUNT_ID,False
facebook:acct_c8053ddfa78038d07f6e,facebook,,milli.teller,https://www.facebook.com/milli.teller,HOLD_NEEDS_CHANNEL_REVIEW,NO_REVIEWED_PLATFORM_ACCOUNT_ID,False
facebook:acct_cf34d3fe6c61e3c9d07c,facebook,,Lanyangmo,https://www.facebook.com/Lanyangmo,HOLD_NEEDS_CHANNEL_REVIEW,NO_REVIEWED_PLATFORM_ACCOUNT_ID,False
facebook:acct_cf7f17c3ccefd12dbf36,facebook,,pixelaproject,https://www.facebook.com/pixelaproject,HOLD_NEEDS_CHANNEL_REVIEW,NO_REVIEWED_PLATFORM_ACCOUNT_ID,False
facebook:acct_cfb214b12c1e43a1c863,facebook,,61568423897335,https://www.facebook.com/profile.php?id=61568423897335,HOLD_NEEDS_CHANNEL_REVIEW,NO_REVIEWED_PLATFORM_ACCOUNT_ID,False
facebook:acct_d029780335de72ff238e,facebook,,kirati.ketrat,https://www.facebook.com/kirati.ketrat,HOLD_NEEDS_CHANNEL_REVIEW,NO_REVIEWED_PLATFORM_ACCOUNT_ID,False
facebook:acct_d0b67a3dbf4d649fd5c6,facebook,,KDemonKOD,https://www.facebook.com/KDemonKOD,HOLD_NEEDS_CHANNEL_REVIEW,NO_REVIEWED_PLATFORM_ACCOUNT_ID,False
facebook:acct_d0cf3ed3204b1f6915a2,facebook,,josephinecres,https://www.facebook.com/josephinecres,HOLD_NEEDS_CHANNEL_REVIEW,NO_REVIEWED_PLATFORM_ACCOUNT_ID,False
facebook:acct_d10fb423fbac38c34a7a,facebook,,100087376504614,https://www.facebook.com/profile.php?id=100087376504614,HOLD_NEEDS_CHANNEL_REVIEW,NO_REVIEWED_PLATFORM_ACCOUNT_ID,False
facebook:acct_d53d8b422916bc29aea3,facebook,,shia.4a,https://www.facebook.com/shia.4a,HOLD_NEEDS_CHANNEL_REVIEW,NO_REVIEWED_PLATFORM_ACCOUNT_ID,False
facebook:acct_d8300021610f36876fb2,facebook,,RRHwa,https://www.facebook.com/RRHwa,HOLD_NEEDS_CHANNEL_REVIEW,NO_REVIEWED_PLATFORM_ACCOUNT_ID,False
facebook:acct_d8418c4843df427c48b7,facebook,,MidoriSuikaa,https://www.facebook.com/MidoriSuikaa,HOLD_NEEDS_CHANNEL_REVIEW,NO_REVIEWED_PLATFORM_ACCOUNT_ID,False
facebook:acct_d84d4a9619d304551360,facebook,,61554046490324,https://www.facebook.com/profile.php?id=61554046490324,HOLD_NEEDS_CHANNEL_REVIEW,NO_REVIEWED_PLATFORM_ACCOUNT_ID,False
facebook:acct_d9e66ff86fca51070fea,facebook,,Verdelite PowerPay,https://www.facebook.com/tipme.in.th,HOLD_NEEDS_CHANNEL_REVIEW,NO_REVIEWED_PLATFORM_ACCOUNT_ID,False
facebook:acct_daa5f9d190759a85923c,facebook,,sejituajing,https://www.facebook.com/sejituajing,HOLD_NEEDS_CHANNEL_REVIEW,NO_REVIEWED_PLATFORM_ACCOUNT_ID,False
facebook:acct_de934305c255558bcc98,facebook,,ISmeyao,https://www.facebook.com/ISmeyao,HOLD_NEEDS_CHANNEL_REVIEW,NO_REVIEWED_PLATFORM_ACCOUNT_ID,False
facebook:acct_e045392ce40cdcece299,facebook,,TimothyWeii,https://www.facebook.com/TimothyWeii,HOLD_NEEDS_CHANNEL_REVIEW,NO_REVIEWED_PLATFORM_ACCOUNT_ID,False
facebook:acct_e0cc1420c0aa36a08d28,facebook,,thepopkorn163,https://www.facebook.com/thepopkorn163,HOLD_NEEDS_CHANNEL_REVIEW,NO_REVIEWED_PLATFORM_ACCOUNT_ID,False
facebook:acct_e200ef2d7dd78a988845,facebook,,Enryu-Horus-126180130377071,https://www.facebook.com/Enryu-Horus-126180130377071,HOLD_NEEDS_CHANNEL_REVIEW,NO_REVIEWED_PLATFORM_ACCOUNT_ID,False
facebook:acct_e296081440cab897eb78,facebook,,dieingamez,https://www.facebook.com/dieingamez,HOLD_NEEDS_CHANNEL_REVIEW,NO_REVIEWED_PLATFORM_ACCOUNT_ID,False
facebook:acct_e3662619da4dd6d44719,facebook,,100090885323691,https://www.facebook.com/profile.php?id=100090885323691,HOLD_NEEDS_CHANNEL_REVIEW,NO_REVIEWED_PLATFORM_ACCOUNT_ID,False
facebook:acct_e3a6b012e698621f7490,facebook,,Botan.Masaki,https://www.facebook.com/Botan.Masaki,HOLD_NEEDS_CHANNEL_REVIEW,NO_REVIEWED_PLATFORM_ACCOUNT_ID,False
facebook:acct_e460653407592437828f,facebook,,100079395613900,https://www.facebook.com/profile.php?id=100079395613900,HOLD_NEEDS_CHANNEL_REVIEW,NO_REVIEWED_PLATFORM_ACCOUNT_ID,False
facebook:acct_e4fa5cb662c338e5e519,facebook,,AoiCrescent410,https://www.facebook.com/AoiCrescent410,HOLD_NEEDS_CHANNEL_REVIEW,NO_REVIEWED_PLATFORM_ACCOUNT_ID,False
facebook:acct_e963bf47607dd27f5792,facebook,,bigart.tw,https://www.facebook.com/bigart.tw,HOLD_NEEDS_CHANNEL_REVIEW,NO_REVIEWED_PLATFORM_ACCOUNT_ID,False
facebook:acct_e9be01dc278304139046,facebook,,RainRemVRC,https://www.facebook.com/RainRemVRC,HOLD_NEEDS_CHANNEL_REVIEW,NO_REVIEWED_PLATFORM_ACCOUNT_ID,False
facebook:acct_eca27ce3862ff039382c,facebook,,chiziz.fa,https://www.facebook.com/chiziz.fa,HOLD_NEEDS_CHANNEL_REVIEW,NO_REVIEWED_PLATFORM_ACCOUNT_ID,False
facebook:acct_ef0c489fa84f99148f0c,facebook,,Kirine.Vtuber,https://www.facebook.com/Kirine.Vtuber,HOLD_NEEDS_CHANNEL_REVIEW,NO_REVIEWED_PLATFORM_ACCOUNT_ID,False
facebook:acct_f0ab6be44c1bb06dc1d6,facebook,,kaohom.eangwoi,https://www.facebook.com/kaohom.eangwoi,HOLD_NEEDS_CHANNEL_REVIEW,NO_REVIEWED_PLATFORM_ACCOUNT_ID,False
facebook:acct_f0df0656061433e6a496,facebook,,readAwriteMeb,https://www.facebook.com/readAwriteMeb,HOLD_NEEDS_CHANNEL_REVIEW,NO_REVIEWED_PLATFORM_ACCOUNT_ID,False
facebook:acct_f215d226d0bb491ad70c,facebook,,61573893616697,https://www.facebook.com/profile.php?id=61573893616697,HOLD_NEEDS_CHANNEL_REVIEW,NO_REVIEWED_PLATFORM_ACCOUNT_ID,False
facebook:acct_f2c46efef9b426b5bd60,facebook,,Julius.Kosmolatria,https://www.facebook.com/Julius.Kosmolatria,HOLD_NEEDS_CHANNEL_REVIEW,NO_REVIEWED_PLATFORM_ACCOUNT_ID,False
facebook:acct_f3204d13c2279e1e434c,facebook,,61578376569494,https://www.facebook.com/profile.php?id=61578376569494,HOLD_NEEDS_CHANNEL_REVIEW,NO_REVIEWED_PLATFORM_ACCOUNT_ID,False
facebook:acct_f38ccf133893d83ee5ed,facebook,,LolipopzaXkoikatsu,https://www.facebook.com/LolipopzaXkoikatsu,HOLD_NEEDS_CHANNEL_REVIEW,NO_REVIEWED_PLATFORM_ACCOUNT_ID,False
facebook:acct_f42848fb1d57b98e4e6c,facebook,,Aongreyfox,https://www.facebook.com/Aongreyfox,HOLD_NEEDS_CHANNEL_REVIEW,NO_REVIEWED_PLATFORM_ACCOUNT_ID,False
facebook:acct_f634a116034e21a0c290,facebook,,61590953248388,https://www.facebook.com/profile.php?id=61590953248388,HOLD_NEEDS_CHANNEL_REVIEW,NO_REVIEWED_PLATFORM_ACCOUNT_ID,False
facebook:acct_f7554f2c85f07b40d7ec,facebook,,100087924480691,https://www.facebook.com/profile.php?id=100087924480691,HOLD_NEEDS_CHANNEL_REVIEW,NO_REVIEWED_PLATFORM_ACCOUNT_ID,False
facebook:acct_f8c2109df0f06d15231e,facebook,,61555385773210,https://www.facebook.com/profile.php?id=61555385773210,HOLD_NEEDS_CHANNEL_REVIEW,NO_REVIEWED_PLATFORM_ACCOUNT_ID,False
facebook:acct_f8f1818195f0ab58e456,facebook,,Mystiexe,https://www.facebook.com/Mystiexe,HOLD_NEEDS_CHANNEL_REVIEW,NO_REVIEWED_PLATFORM_ACCOUNT_ID,False
facebook:acct_f935ebbc447f86b1e5ea,facebook,,61586025942609,https://www.facebook.com/profile.php?id=61586025942609,HOLD_NEEDS_CHANNEL_REVIEW,NO_REVIEWED_PLATFORM_ACCOUNT_ID,False
facebook:acct_faf72451490a8b060f2e,facebook,,61565670680929,https://www.facebook.com/profile.php?id=61565670680929,HOLD_NEEDS_CHANNEL_REVIEW,NO_REVIEWED_PLATFORM_ACCOUNT_ID,False
facebook:acct_fe1bf3095d62964a8e5c,facebook,,61565973235618,https://www.facebook.com/profile.php?id=61565973235618,HOLD_NEEDS_CHANNEL_REVIEW,NO_REVIEWED_PLATFORM_ACCOUNT_ID,False
facebook:acct_fed9384dbddb0f4b5e44,facebook,,YuzeiAkatsuki,https://www.facebook.com/YuzeiAkatsuki,HOLD_NEEDS_CHANNEL_REVIEW,NO_REVIEWED_PLATFORM_ACCOUNT_ID,False
facebook:acct_ff7df415946fdd85e3ef,facebook,,mikhail.cerise,https://www.facebook.com/mikhail.cerise,HOLD_NEEDS_CHANNEL_REVIEW,NO_REVIEWED_PLATFORM_ACCOUNT_ID,False
facebook:acct_ff97636e3311e281467d,facebook,,61559181357306,https://www.facebook.com/profile.php?id=61559181357306,HOLD_NEEDS_CHANNEL_REVIEW,NO_REVIEWED_PLATFORM_ACCOUNT_ID,False
facebook:acct_ffa0e359c95253b88a45,facebook,,RocoKingdomgame,https://www.facebook.com/RocoKingdomgame,HOLD_NEEDS_CHANNEL_REVIEW,NO_REVIEWED_PLATFORM_ACCOUNT_ID,False
facebook:candidate_30b142553b928428ae98,facebook,,Nuttizzz,https://www.facebook.com/Nuttizzz,HOLD_NEEDS_CHANNEL_REVIEW,NO_REVIEWED_PLATFORM_ACCOUNT_ID,False
facebook:candidate_7e6da13ce4368263957c,facebook,,SmallC69,https://facebook.com/SmallC69,HOLD_NEEDS_CHANNEL_REVIEW,NO_REVIEWED_PLATFORM_ACCOUNT_ID,False
facebook:candidate_9db2085560d9fd4ab81c,facebook,,IamBearBearAndBear,https://www.facebook.com/IamBearBearAndBear,HOLD_NEEDS_CHANNEL_REVIEW,NO_REVIEWED_PLATFORM_ACCOUNT_ID,False
facebook:candidate_a941733637dc308fb2dc,facebook,,PadzangChannel,https://www.facebook.com/PadzangChannel,HOLD_NEEDS_CHANNEL_REVIEW,NO_REVIEWED_PLATFORM_ACCOUNT_ID,False
facebook:candidate_ae0dae633dd61f9eaaa5,facebook,,ISmeyao,https://www.facebook.com/ISmeyao,HOLD_NEEDS_CHANNEL_REVIEW,NO_REVIEWED_PLATFORM_ACCOUNT_ID,False
facebook:candidate_c3ee63965ca43f10e0dd,facebook,,pixelaproject,https://facebook.com/pixelaproject,HOLD_NEEDS_CHANNEL_REVIEW,NO_REVIEWED_PLATFORM_ACCOUNT_ID,False
facebook:candidate_cbbdae9243a1ade17ce1,facebook,,lFuyuKaidal,https://facebook.com/lFuyuKaidal,HOLD_NEEDS_CHANNEL_REVIEW,NO_REVIEWED_PLATFORM_ACCOUNT_ID,False
facebook:candidate_f16ef885fcc55117c643,facebook,,RealiableCh,https://facebook.com/RealiableCh,HOLD_NEEDS_CHANNEL_REVIEW,NO_REVIEWED_PLATFORM_ACCOUNT_ID,False
ganknow:acct_0b0fd9d781e225df481d,ganknow,,crazyghsot,https://ganknow.com/crazyghsot,HOLD_NEEDS_CHANNEL_REVIEW,NO_REVIEWED_PLATFORM_ACCOUNT_ID,False
ganknow:acct_0c06355d64963087f342,ganknow,,LUM1N S.,https://ganknow.com/lum1ns,HOLD_NEEDS_CHANNEL_REVIEW,NO_REVIEWED_PLATFORM_ACCOUNT_ID,False
ganknow:acct_0c925abeee5b74f5ac36,ganknow,,Nyamaru Yui,https://ganknow.com/nyamaruyui/tip,HOLD_NEEDS_CHANNEL_REVIEW,NO_REVIEWED_PLATFORM_ACCOUNT_ID,False
ganknow:acct_0df00fb57ecc250c359d,ganknow,,Evelyn Treeswift,https://ganknow.com/evejubjub,HOLD_NEEDS_CHANNEL_REVIEW,NO_REVIEWED_PLATFORM_ACCOUNT_ID,False
ganknow:acct_130b19a5edb18cc56918,ganknow,,MaëlFritz Channel ,https://ganknow.com/maelfritz,HOLD_NEEDS_CHANNEL_REVIEW,NO_REVIEWED_PLATFORM_ACCOUNT_ID,False
ganknow:acct_1312087df17fd21cf540,ganknow,,Yunes Ch ,https://ganknow.com/yuneschan/tip,HOLD_NEEDS_CHANNEL_REVIEW,NO_REVIEWED_PLATFORM_ACCOUNT_ID,False
ganknow:acct_1a76cfed30847e87929c,ganknow,,Mor9an ՞·ᴥ·՞ (มอร์แกน)『VFree』,https://ganknow.com/Mor9anm,HOLD_NEEDS_CHANNEL_REVIEW,NO_REVIEWED_PLATFORM_ACCOUNT_ID,False
ganknow:acct_1af2b711db03deb1fee8,ganknow,,Benibanashi Gento | 紅話玄踪-VTuber,https://ganknow.com/benibanashigento,HOLD_NEEDS_CHANNEL_REVIEW,NO_REVIEWED_PLATFORM_ACCOUNT_ID,False
ganknow:acct_25aaeefa20bb5e872c14,ganknow,,MONARICA ,https://ganknow.com/monarica,HOLD_NEEDS_CHANNEL_REVIEW,NO_REVIEWED_PLATFORM_ACCOUNT_ID,False
ganknow:acct_29ab880426a0d5a21f54,ganknow,,MoRin Ch.,https://ganknow.com/morinplanet,HOLD_NEEDS_CHANNEL_REVIEW,NO_REVIEWED_PLATFORM_ACCOUNT_ID,False
ganknow:acct_2c5bd847deaaf28df502,ganknow,,Chermy Ch.,https://ganknow.com/realchermy,HOLD_NEEDS_CHANNEL_REVIEW,NO_REVIEWED_PLATFORM_ACCOUNT_ID,False
ganknow:acct_33631cc2a37769c95905,ganknow,,Nora Vanadiz 「univirsual」,https://ganknow.com/noravanadiz,HOLD_NEEDS_CHANNEL_REVIEW,NO_REVIEWED_PLATFORM_ACCOUNT_ID,False
ganknow:acct_357cad6be40b94fc69b5,ganknow,,chika🍀,https://ganknow.com/nonokochika/tip,HOLD_NEEDS_CHANNEL_REVIEW,NO_REVIEWED_PLATFORM_ACCOUNT_ID,False
ganknow:acct_37236517541993eafc7a,ganknow,,Aikon (ไอ่ก้อน) 〖ST〗,https://ganknow.com/aikonch/tip,HOLD_NEEDS_CHANNEL_REVIEW,NO_REVIEWED_PLATFORM_ACCOUNT_ID,False
ganknow:acct_4eaf6abea2ed06414939,ganknow,,Night Nai ナイトナイ,https://ganknow.com/fuyukiyoru%E3%81%B5%E3%82%86%E3%81%8D%E3%82%88%E3%82%8B/tip,HOLD_NEEDS_CHANNEL_REVIEW,NO_REVIEWED_PLATFORM_ACCOUNT_ID,False
ganknow:acct_533b99c850b393571702,ganknow,,Estelle Wil Ch.,https://ganknow.com/estellewil,HOLD_NEEDS_CHANNEL_REVIEW,NO_REVIEWED_PLATFORM_ACCOUNT_ID,False
ganknow:acct_542c19300b4f098f4079,ganknow,,Drako Nya Mio,https://ganknow.com/drakonyamio,HOLD_NEEDS_CHANNEL_REVIEW,NO_REVIEWED_PLATFORM_ACCOUNT_ID,False
ganknow:acct_66b39211264774cf2372,ganknow,,JamMyChan ch.,https://ganknow.com/jammychan,HOLD_NEEDS_CHANNEL_REVIEW,NO_REVIEWED_PLATFORM_ACCOUNT_ID,False
ganknow:acct_6e3214d75d077b22c80d,ganknow,,Somjeedbanrai【VJN】,https://ganknow.com/somjeedbanrai,HOLD_NEEDS_CHANNEL_REVIEW,NO_REVIEWED_PLATFORM_ACCOUNT_ID,False
ganknow:acct_943dae45307e3f51449e,ganknow,,Rainnimin,https://ganknow.com/rainnimin,HOLD_NEEDS_CHANNEL_REVIEW,NO_REVIEWED_PLATFORM_ACCOUNT_ID,False
ganknow:acct_9eea926b5b8f28340afb,ganknow,,Chiziz R Fa,https://ganknow.com/chizizfa/tip,HOLD_NEEDS_CHANNEL_REVIEW,NO_REVIEWED_PLATFORM_ACCOUNT_ID,False
ganknow:acct_a9a30aec3498bf66feab,ganknow,,LIRIN,https://ganknow.com/LIRIN,HOLD_NEEDS_CHANNEL_REVIEW,NO_REVIEWED_PLATFORM_ACCOUNT_ID,False
ganknow:acct_a9dfd96968c4b2169492,ganknow,,Astrea Ch. アストリア〖ECR〗,https://ganknow.com/astreaastr/tip,HOLD_NEEDS_CHANNEL_REVIEW,NO_REVIEWED_PLATFORM_ACCOUNT_ID,False
ganknow:acct_b163ea13d84ebcafc755,ganknow,,Nora,https://ganknow.com/AmamiyaNora,HOLD_NEEDS_CHANNEL_REVIEW,NO_REVIEWED_PLATFORM_ACCOUNT_ID,False
ganknow:acct_bc08a67ae75c3c5e6a5d,ganknow,,RaneeTani『VTG』,https://ganknow.com/raneetani,HOLD_NEEDS_CHANNEL_REVIEW,NO_REVIEWED_PLATFORM_ACCOUNT_ID,False
ganknow:acct_c5ffff949dda99f7295b,ganknow,,chloridefow,https://ganknow.com/chloridefow/tip,HOLD_NEEDS_CHANNEL_REVIEW,NO_REVIEWED_PLATFORM_ACCOUNT_ID,False
ganknow:acct_c7c27936d29e11d9844e,ganknow,,Puipui Memory,https://ganknow.com/puipuimemory,HOLD_NEEDS_CHANNEL_REVIEW,NO_REVIEWED_PLATFORM_ACCOUNT_ID,False
ganknow:acct_cffe51bab9ff9848a3ac,ganknow,,Poppy the Puppy,https://ganknow.com/poppythepuppy,HOLD_NEEDS_CHANNEL_REVIEW,NO_REVIEWED_PLATFORM_ACCOUNT_ID,False
ganknow:candidate_5256bb2726235fe47e36,ganknow,,AmamiyaNora,https://ganknow.com/AmamiyaNora,HOLD_NEEDS_CHANNEL_REVIEW,NO_REVIEWED_PLATFORM_ACCOUNT_ID,False
ganknow:candidate_880db0871cd727933a96,ganknow,,yuneschan,https://ganknow.com/yuneschan/tip,HOLD_NEEDS_CHANNEL_REVIEW,NO_REVIEWED_PLATFORM_ACCOUNT_ID,False
ganknow:candidate_a636b784dfe2a9627b63,ganknow,,gank-icon.png,https://ganknow.com/gank-icon.png,HOLD_NEEDS_CHANNEL_REVIEW,NO_REVIEWED_PLATFORM_ACCOUNT_ID,False
ganknow:candidate_fb3ea9c2c90a30636905,ganknow,,raneetani,https://ganknow.com/raneetani,HOLD_NEEDS_CHANNEL_REVIEW,NO_REVIEWED_PLATFORM_ACCOUNT_ID,False
instagram:acct_03c0e48e6ae0253ae5f3,instagram,,rainnimin,https://www.instagram.com/rainnimin,HOLD_NEEDS_CHANNEL_REVIEW,NO_REVIEWED_PLATFORM_ACCOUNT_ID,False
instagram:acct_04cc07ec1c7a91365b76,instagram,,kjz0322,https://www.instagram.com/kjz0322,HOLD_NEEDS_CHANNEL_REVIEW,NO_REVIEWED_PLATFORM_ACCOUNT_ID,False
instagram:acct_070796b57c11162b6ddb,instagram,,rocokingdomgame,https://www.instagram.com/rocokingdomgame,HOLD_NEEDS_CHANNEL_REVIEW,NO_REVIEWED_PLATFORM_ACCOUNT_ID,False
instagram:acct_075e41aec85c6d04b400,instagram,,eileennoir.0,https://www.instagram.com/eileennoir.0,HOLD_NEEDS_CHANNEL_REVIEW,NO_REVIEWED_PLATFORM_ACCOUNT_ID,False
instagram:acct_07950044da2330cbbd6b,instagram,,nyamaruyui,https://www.instagram.com/nyamaruyui,HOLD_NEEDS_CHANNEL_REVIEW,NO_REVIEWED_PLATFORM_ACCOUNT_ID,False
instagram:acct_0f7f6db6d3e5b85ea524,instagram,,streamcafemusic,https://www.instagram.com/streamcafemusic,HOLD_NEEDS_CHANNEL_REVIEW,NO_REVIEWED_PLATFORM_ACCOUNT_ID,False
instagram:acct_138ef89b09ffe8cea876,instagram,,u_san_des,https://www.instagram.com/u_san_des,HOLD_NEEDS_CHANNEL_REVIEW,NO_REVIEWED_PLATFORM_ACCOUNT_ID,False
instagram:acct_15eea25ab79dabdf3103,instagram,,slushytoma,https://www.instagram.com/slushytoma,HOLD_NEEDS_CHANNEL_REVIEW,NO_REVIEWED_PLATFORM_ACCOUNT_ID,False
instagram:acct_19fe0f0564e7736b1a52,instagram,,sunraindre,https://www.instagram.com/sunraindre,HOLD_NEEDS_CHANNEL_REVIEW,NO_REVIEWED_PLATFORM_ACCOUNT_ID,False
instagram:acct_1b28a6859f7edc599ea3,instagram,,www.instagram.com,https://www.instagram.com/www.instagram.com,HOLD_NEEDS_CHANNEL_REVIEW,NO_REVIEWED_PLATFORM_ACCOUNT_ID,False
instagram:acct_1c6d1ef3023019de2230,instagram,,Kylanz,https://www.instagram.com/kylanz_klz,HOLD_NEEDS_CHANNEL_REVIEW,NO_REVIEWED_PLATFORM_ACCOUNT_ID,False
instagram:acct_1d6f536bd578ae3ba648,instagram,,khunchanii,https://www.instagram.com/khunchanii,HOLD_NEEDS_CHANNEL_REVIEW,NO_REVIEWED_PLATFORM_ACCOUNT_ID,False
instagram:acct_1dec4a2cb08595836c9c,instagram,,punquix,https://www.instagram.com/punquix,HOLD_NEEDS_CHANNEL_REVIEW,NO_REVIEWED_PLATFORM_ACCOUNT_ID,False
instagram:acct_1ee86a55e8b1a5111d90,instagram,,keelin_peryton,https://www.instagram.com/keelin_peryton,HOLD_NEEDS_CHANNEL_REVIEW,NO_REVIEWED_PLATFORM_ACCOUNT_ID,False
instagram:acct_200bfffc062b6f503e26,instagram,,eimiichan__,https://www.instagram.com/eimiichan__,HOLD_NEEDS_CHANNEL_REVIEW,NO_REVIEWED_PLATFORM_ACCOUNT_ID,False
instagram:acct_215fde764f621f6d80c9,instagram,,amillyarchive,https://www.instagram.com/amillyarchive,HOLD_NEEDS_CHANNEL_REVIEW,NO_REVIEWED_PLATFORM_ACCOUNT_ID,False
instagram:acct_2396db5a476b3d1bda33,instagram,,patchay_channel,https://www.instagram.com/patchay_channel,HOLD_NEEDS_CHANNEL_REVIEW,NO_REVIEWED_PLATFORM_ACCOUNT_ID,False
instagram:acct_26102dc27e581903d3a7,instagram,,csvalkyrie,https://www.instagram.com/csvalkyrie,HOLD_NEEDS_CHANNEL_REVIEW,NO_REVIEWED_PLATFORM_ACCOUNT_ID,False
instagram:acct_27dec065dd31f0e33327,instagram,,nanako_npt,https://www.instagram.com/nanako_npt,HOLD_NEEDS_CHANNEL_REVIEW,NO_REVIEWED_PLATFORM_ACCOUNT_ID,False
instagram:acct_2c94df053b995df28b53,instagram,,kamashi_akia,https://www.instagram.com/kamashi_akia,HOLD_NEEDS_CHANNEL_REVIEW,NO_REVIEWED_PLATFORM_ACCOUNT_ID,False
instagram:acct_2e6e1d1b9d84fc6c0c00,instagram,,kayonoorenji,https://www.instagram.com/kayonoorenji,HOLD_NEEDS_CHANNEL_REVIEW,NO_REVIEWED_PLATFORM_ACCOUNT_ID,False
instagram:acct_2f09ec1e2e9870b0e3f2,instagram,,laychlype_alf,https://www.instagram.com/laychlype_alf,HOLD_NEEDS_CHANNEL_REVIEW,NO_REVIEWED_PLATFORM_ACCOUNT_ID,False
instagram:acct_3372ff5ce063ce83e94d,instagram,,jaowayde,https://www.instagram.com/jaowayde,HOLD_NEEDS_CHANNEL_REVIEW,NO_REVIEWED_PLATFORM_ACCOUNT_ID,False
instagram:acct_3449dfab88a146f454eb,instagram,,onnari_akia,https://www.instagram.com/onnari_akia,HOLD_NEEDS_CHANNEL_REVIEW,NO_REVIEWED_PLATFORM_ACCOUNT_ID,False
instagram:acct_39aec0c4ff2357b7ea6a,instagram,,adreliszinya_alf,https://www.instagram.com/adreliszinya_alf,HOLD_NEEDS_CHANNEL_REVIEW,NO_REVIEWED_PLATFORM_ACCOUNT_ID,False
instagram:acct_3b71030c2b5d011c90de,instagram,,amychan_vtp,https://www.instagram.com/amychan_vtp,HOLD_NEEDS_CHANNEL_REVIEW,NO_REVIEWED_PLATFORM_ACCOUNT_ID,False
instagram:acct_3bb01fc4ab4f3b021c87,instagram,,takamelonpan,https://www.instagram.com/takamelonpan,HOLD_NEEDS_CHANNEL_REVIEW,NO_REVIEWED_PLATFORM_ACCOUNT_ID,False
instagram:acct_3e482834df1f94b93a55,instagram,,imnotnuttiz,https://www.instagram.com/imnotnuttiz,HOLD_NEEDS_CHANNEL_REVIEW,NO_REVIEWED_PLATFORM_ACCOUNT_ID,False
instagram:acct_423be0316f78aed90859,instagram,,bitly,https://www.instagram.com/bitly,HOLD_NEEDS_CHANNEL_REVIEW,NO_REVIEWED_PLATFORM_ACCOUNT_ID,False
instagram:acct_446960390e07e929771c,instagram,,kumo_moma,https://www.instagram.com/kumo_moma,HOLD_NEEDS_CHANNEL_REVIEW,NO_REVIEWED_PLATFORM_ACCOUNT_ID,False
instagram:acct_448aca3c80446d16391e,instagram,,enri_vtuber,https://www.instagram.com/enri_vtuber,HOLD_NEEDS_CHANNEL_REVIEW,NO_REVIEWED_PLATFORM_ACCOUNT_ID,False
instagram:acct_468fd0a25b3e1f878ef6,instagram,,_m3ro.x,https://www.instagram.com/_m3ro.x,HOLD_NEEDS_CHANNEL_REVIEW,NO_REVIEWED_PLATFORM_ACCOUNT_ID,False
instagram:acct_47e1e21964fc5365cfd6,instagram,,mirae.solstice,https://www.instagram.com/mirae.solstice,HOLD_NEEDS_CHANNEL_REVIEW,NO_REVIEWED_PLATFORM_ACCOUNT_ID,False
instagram:acct_5040f657e5b55147962a,instagram,,niewlock,https://www.instagram.com/niewlock,HOLD_NEEDS_CHANNEL_REVIEW,NO_REVIEWED_PLATFORM_ACCOUNT_ID,False
instagram:acct_515778fc8e5e62db5c48,instagram,,chaniisama,https://www.instagram.com/chaniisama,HOLD_NEEDS_CHANNEL_REVIEW,NO_REVIEWED_PLATFORM_ACCOUNT_ID,False
instagram:acct_528bf3903334727aef1f,instagram,,zalivia_zaly,https://www.instagram.com/zalivia_zaly,HOLD_NEEDS_CHANNEL_REVIEW,NO_REVIEWED_PLATFORM_ACCOUNT_ID,False
instagram:acct_5307989712a2239dfe1a,instagram,,deliciae_v,https://www.instagram.com/deliciae_v,HOLD_NEEDS_CHANNEL_REVIEW,NO_REVIEWED_PLATFORM_ACCOUNT_ID,False
instagram:acct_54d4069842235b9bc31d,instagram,,sunfaded_handcraftshop,https://www.instagram.com/sunfaded_handcraftshop,HOLD_NEEDS_CHANNEL_REVIEW,NO_REVIEWED_PLATFORM_ACCOUNT_ID,False
instagram:acct_5547893134c9abbfeaad,instagram,,fusuiforry,https://www.instagram.com/fusuiforry,HOLD_NEEDS_CHANNEL_REVIEW,NO_REVIEWED_PLATFORM_ACCOUNT_ID,False
instagram:acct_59e043be7be697707494,instagram,,yuitoku_woof,https://www.instagram.com/yuitoku_woof,HOLD_NEEDS_CHANNEL_REVIEW,NO_REVIEWED_PLATFORM_ACCOUNT_ID,False
instagram:acct_5b07979783d5a51b43bc,instagram,,rahhatemsudlhor,https://www.instagram.com/rahhatemsudlhor,HOLD_NEEDS_CHANNEL_REVIEW,NO_REVIEWED_PLATFORM_ACCOUNT_ID,False
instagram:acct_5ca3bfa2ba74cda2db49,instagram,,kurisumasu_tv,https://www.instagram.com/kurisumasu_tv,HOLD_NEEDS_CHANNEL_REVIEW,NO_REVIEWED_PLATFORM_ACCOUNT_ID,False
instagram:acct_5e954f4c95888edd6180,instagram,,jammy_chan_ch,https://www.instagram.com/jammy_chan_ch,HOLD_NEEDS_CHANNEL_REVIEW,NO_REVIEWED_PLATFORM_ACCOUNT_ID,False
instagram:acct_66d4909dae8e8f0872b7,instagram,,lazada_th,https://www.instagram.com/lazada_th,HOLD_NEEDS_CHANNEL_REVIEW,NO_REVIEWED_PLATFORM_ACCOUNT_ID,False
instagram:acct_67721b5fcd7400b99e51,instagram,,sua.vtuber,https://www.instagram.com/sua.vtuber,HOLD_NEEDS_CHANNEL_REVIEW,NO_REVIEWED_PLATFORM_ACCOUNT_ID,False
instagram:acct_6dc8f3a37cb9d4c3fcbb,instagram,,hyougaalpha,https://www.instagram.com/hyougaalpha,HOLD_NEEDS_CHANNEL_REVIEW,NO_REVIEWED_PLATFORM_ACCOUNT_ID,False
instagram:acct_6e38d719aa20796dbeee,instagram,,julius_kosmolatria,https://www.instagram.com/julius_kosmolatria,HOLD_NEEDS_CHANNEL_REVIEW,NO_REVIEWED_PLATFORM_ACCOUNT_ID,False
instagram:acct_70bcbba2ba96b0b1ccc3,instagram,,tipjai.official,https://www.instagram.com/tipjai.official,HOLD_NEEDS_CHANNEL_REVIEW,NO_REVIEWED_PLATFORM_ACCOUNT_ID,False
instagram:acct_71da894d494d739cc70b,instagram,,neonsten,https://www.instagram.com/neonsten,HOLD_NEEDS_CHANNEL_REVIEW,NO_REVIEWED_PLATFORM_ACCOUNT_ID,False
instagram:acct_77cea28b4d47fb881abe,instagram,,jisooman_18,https://www.instagram.com/jisooman_18,HOLD_NEEDS_CHANNEL_REVIEW,NO_REVIEWED_PLATFORM_ACCOUNT_ID,False
instagram:acct_799eec5a9cc6c42fa0e3,instagram,,layniazia,https://www.instagram.com/layniazia,HOLD_NEEDS_CHANNEL_REVIEW,NO_REVIEWED_PLATFORM_ACCOUNT_ID,False
instagram:acct_7b41f368ea730210600b,instagram,,harumoon_vtuberth,https://www.instagram.com/harumoon_vtuberth,HOLD_NEEDS_CHANNEL_REVIEW,NO_REVIEWED_PLATFORM_ACCOUNT_ID,False
instagram:acct_7c3af7d526bfb5e19b35,instagram,,nonokochika,https://www.instagram.com/nonokochika,HOLD_NEEDS_CHANNEL_REVIEW,NO_REVIEWED_PLATFORM_ACCOUNT_ID,False
instagram:acct_8095d2ee6b6787480740,instagram,,merryl_wayne,https://www.instagram.com/merryl_wayne,HOLD_NEEDS_CHANNEL_REVIEW,NO_REVIEWED_PLATFORM_ACCOUNT_ID,False
instagram:acct_81a215ff0bb381600c96,instagram,,moia_lnwza55,https://www.instagram.com/moia_lnwza55,HOLD_NEEDS_CHANNEL_REVIEW,NO_REVIEWED_PLATFORM_ACCOUNT_ID,False
instagram:acct_8754d9c71f0e4a84557c,instagram,,drakonyamio,https://www.instagram.com/drakonyamio,HOLD_NEEDS_CHANNEL_REVIEW,NO_REVIEWED_PLATFORM_ACCOUNT_ID,False
instagram:acct_87fefba1434636980f4c,instagram,,vampaow,https://www.instagram.com/vampaow,HOLD_NEEDS_CHANNEL_REVIEW,NO_REVIEWED_PLATFORM_ACCOUNT_ID,False
instagram:acct_8826f8eab45580e7d3bb,instagram,,Algorhythm Project,https://www.instagram.com/arp_vtuber,HOLD_NEEDS_CHANNEL_REVIEW,NO_REVIEWED_PLATFORM_ACCOUNT_ID,False
instagram:acct_8c2fef969009a0851b93,instagram,,jayvounter_official,https://www.instagram.com/jayvounter_official,HOLD_NEEDS_CHANNEL_REVIEW,NO_REVIEWED_PLATFORM_ACCOUNT_ID,False
instagram:acct_8c77785f4d71b1be5051,instagram,,artie_epr,https://www.instagram.com/artie_epr,HOLD_NEEDS_CHANNEL_REVIEW,NO_REVIEWED_PLATFORM_ACCOUNT_ID,False
instagram:acct_8cd5121a75cc86e30a24,instagram,,masato_mz_art,https://www.instagram.com/masato_mz_art,HOLD_NEEDS_CHANNEL_REVIEW,NO_REVIEWED_PLATFORM_ACCOUNT_ID,False
instagram:acct_8e47549434498b7e60db,instagram,,maewuvchan,https://www.instagram.com/maewuvchan,HOLD_NEEDS_CHANNEL_REVIEW,NO_REVIEWED_PLATFORM_ACCOUNT_ID,False
instagram:acct_90b6a00c4dd0cd0d96c3,instagram,,byte001_slr,https://www.instagram.com/byte001_slr,HOLD_NEEDS_CHANNEL_REVIEW,NO_REVIEWED_PLATFORM_ACCOUNT_ID,False
instagram:acct_90d2088829abf305a100,instagram,,horusenryu,https://www.instagram.com/horusenryu,HOLD_NEEDS_CHANNEL_REVIEW,NO_REVIEWED_PLATFORM_ACCOUNT_ID,False
instagram:acct_9149917e9ef481c4c3b7,instagram,,Mit PESISTH,https://www.instagram.com/mitpesisth,HOLD_NEEDS_CHANNEL_REVIEW,NO_REVIEWED_PLATFORM_ACCOUNT_ID,False
instagram:acct_9153e0a4b3559280b7a6,instagram,,Liyin,https://www.instagram.com/liyin_lovely,HOLD_NEEDS_CHANNEL_REVIEW,NO_REVIEWED_PLATFORM_ACCOUNT_ID,False
instagram:acct_9277dc29cf372189f14c,instagram,,meteona_mars,https://www.instagram.com/meteona_mars,HOLD_NEEDS_CHANNEL_REVIEW,NO_REVIEWED_PLATFORM_ACCOUNT_ID,False
instagram:acct_935646274ec0a0417e50,instagram,,scentxyz67,https://www.instagram.com/scentxyz67,HOLD_NEEDS_CHANNEL_REVIEW,NO_REVIEWED_PLATFORM_ACCOUNT_ID,False
instagram:acct_9d8eead9d28889e19915,instagram,,aoicrescent410,https://www.instagram.com/aoicrescent410,HOLD_NEEDS_CHANNEL_REVIEW,NO_REVIEWED_PLATFORM_ACCOUNT_ID,False
instagram:acct_9d902706808d523a7961,instagram,,popkorn163,https://www.instagram.com/popkorn163,HOLD_NEEDS_CHANNEL_REVIEW,NO_REVIEWED_PLATFORM_ACCOUNT_ID,False
instagram:acct_a0d431da3c82e5c5b68e,instagram,,maddoxtheorder,https://www.instagram.com/maddoxtheorder,HOLD_NEEDS_CHANNEL_REVIEW,NO_REVIEWED_PLATFORM_ACCOUNT_ID,False
instagram:acct_a1bbcb28067e26082be2,instagram,,nongwanvtuber,https://www.instagram.com/nongwanvtuber,HOLD_NEEDS_CHANNEL_REVIEW,NO_REVIEWED_PLATFORM_ACCOUNT_ID,False
instagram:acct_ac071b88e756e2a97a77,instagram,,artist_tiar.v,https://www.instagram.com/artist_tiar.v,HOLD_NEEDS_CHANNEL_REVIEW,NO_REVIEWED_PLATFORM_ACCOUNT_ID,False
instagram:acct_acf4df139a9eb14559ff,instagram,,chermy_vtuber,https://www.instagram.com/chermy_vtuber,HOLD_NEEDS_CHANNEL_REVIEW,NO_REVIEWED_PLATFORM_ACCOUNT_ID,False
instagram:acct_aeb36a9917269b8dffba,instagram,,kuriimuvtuber,https://www.instagram.com/kuriimuvtuber,HOLD_NEEDS_CHANNEL_REVIEW,NO_REVIEWED_PLATFORM_ACCOUNT_ID,False
instagram:acct_af4b02a66af0a01e50c7,instagram,,nekokurosanni,https://www.instagram.com/nekokurosanni,HOLD_NEEDS_CHANNEL_REVIEW,NO_REVIEWED_PLATFORM_ACCOUNT_ID,False
instagram:acct_afc91c45e68e33475fce,instagram,,mayaoboro,https://www.instagram.com/mayaoboro,HOLD_NEEDS_CHANNEL_REVIEW,NO_REVIEWED_PLATFORM_ACCOUNT_ID,False
instagram:acct_b098e95f193cda0d227a,instagram,,Joro Gumo,https://www.instagram.com/jorogumo_v,HOLD_NEEDS_CHANNEL_REVIEW,NO_REVIEWED_PLATFORM_ACCOUNT_ID,False
instagram:acct_b28ab8e351b7af2488d8,instagram,,amanereivth,https://www.instagram.com/amanereivth,HOLD_NEEDS_CHANNEL_REVIEW,NO_REVIEWED_PLATFORM_ACCOUNT_ID,False
instagram:acct_b3189346e2ef6e4b7cf3,instagram,,blinkdraws,https://www.instagram.com/blinkdraws,HOLD_NEEDS_CHANNEL_REVIEW,NO_REVIEWED_PLATFORM_ACCOUNT_ID,False
instagram:acct_b433905f2a35b393bef2,instagram,,PINTO,https://www.instagram.com/pinto__xx,HOLD_NEEDS_CHANNEL_REVIEW,NO_REVIEWED_PLATFORM_ACCOUNT_ID,False
instagram:acct_b5800480268de84b5079,instagram,,darkphoenix13fr,https://www.instagram.com/darkphoenix13fr,HOLD_NEEDS_CHANNEL_REVIEW,NO_REVIEWED_PLATFORM_ACCOUNT_ID,False
instagram:acct_b5f0bfc4170bfe7d252b,instagram,,miyuu43.x,https://www.instagram.com/miyuu43.x,HOLD_NEEDS_CHANNEL_REVIEW,NO_REVIEWED_PLATFORM_ACCOUNT_ID,False
instagram:acct_b7891f82188a9e84633f,instagram,,realwilona,https://www.instagram.com/realwilona,HOLD_NEEDS_CHANNEL_REVIEW,NO_REVIEWED_PLATFORM_ACCOUNT_ID,False
instagram:acct_bf735a3f2f5123ec98a4,instagram,,dacapotapioka,https://www.instagram.com/dacapotapioka,HOLD_NEEDS_CHANNEL_REVIEW,NO_REVIEWED_PLATFORM_ACCOUNT_ID,False
instagram:acct_c0df19950a65abb8d375,instagram,,akitoqch,https://www.instagram.com/akitoqch,HOLD_NEEDS_CHANNEL_REVIEW,NO_REVIEWED_PLATFORM_ACCOUNT_ID,False
instagram:acct_c3286a246fd6b1050026,instagram,,zandy31a,https://www.instagram.com/zandy31a,HOLD_NEEDS_CHANNEL_REVIEW,NO_REVIEWED_PLATFORM_ACCOUNT_ID,False
instagram:acct_c4094f778271c5cb0bc5,instagram,,eva.the.rhinoxx,https://www.instagram.com/eva.the.rhinoxx,HOLD_NEEDS_CHANNEL_REVIEW,NO_REVIEWED_PLATFORM_ACCOUNT_ID,False
instagram:acct_c473b5c411f0e462f4da,instagram,,rainrem_vrc,https://www.instagram.com/rainrem_vrc,HOLD_NEEDS_CHANNEL_REVIEW,NO_REVIEWED_PLATFORM_ACCOUNT_ID,False
instagram:acct_c65d8e838a57173ef237,instagram,,midorisuika_vtb,https://www.instagram.com/midorisuika_vtb,HOLD_NEEDS_CHANNEL_REVIEW,NO_REVIEWED_PLATFORM_ACCOUNT_ID,False
instagram:acct_c943f1a7b87eb70a6aff,instagram,,ppmindmusic,https://www.instagram.com/ppmindmusic,HOLD_NEEDS_CHANNEL_REVIEW,NO_REVIEWED_PLATFORM_ACCOUNT_ID,False
instagram:acct_c98841875e6b23af843f,instagram,,real.noravanadiz297,https://www.instagram.com/real.noravanadiz297,HOLD_NEEDS_CHANNEL_REVIEW,NO_REVIEWED_PLATFORM_ACCOUNT_ID,False
instagram:acct_cb211109cc305f99e7a0,instagram,,yelonghandsomedragon,https://www.instagram.com/yelonghandsomedragon,HOLD_NEEDS_CHANNEL_REVIEW,NO_REVIEWED_PLATFORM_ACCOUNT_ID,False
instagram:acct_cb337dfa33b6027b612a,instagram,,NoBoRu,https://www.instagram.com/noboru_oz,HOLD_NEEDS_CHANNEL_REVIEW,NO_REVIEWED_PLATFORM_ACCOUNT_ID,False
instagram:acct_cb8fb59c8cd8a1e12c41,instagram,,milyni_tivona,https://www.instagram.com/milyni_tivona,HOLD_NEEDS_CHANNEL_REVIEW,NO_REVIEWED_PLATFORM_ACCOUNT_ID,False
instagram:acct_cd48c83c10109a82dbbf,instagram,,t._blueberry,https://www.instagram.com/t._blueberry,HOLD_NEEDS_CHANNEL_REVIEW,NO_REVIEWED_PLATFORM_ACCOUNT_ID,False
instagram:acct_cd7f79a4bcc307239962,instagram,,fl.firstslove,https://www.instagram.com/fl.firstslove,HOLD_NEEDS_CHANNEL_REVIEW,NO_REVIEWED_PLATFORM_ACCOUNT_ID,False
instagram:acct_d221aae96a5b1317a5ab,instagram,,sia.cozycraft,https://www.instagram.com/sia.cozycraft,HOLD_NEEDS_CHANNEL_REVIEW,NO_REVIEWED_PLATFORM_ACCOUNT_ID,False
instagram:acct_d385a0c42269abd94ca4,instagram,,momayallegrala,https://www.instagram.com/momayallegrala,HOLD_NEEDS_CHANNEL_REVIEW,NO_REVIEWED_PLATFORM_ACCOUNT_ID,False
instagram:acct_d4d4f6056f39569e7366,instagram,,shiorichanvt,https://www.instagram.com/shiorichanvt,HOLD_NEEDS_CHANNEL_REVIEW,NO_REVIEWED_PLATFORM_ACCOUNT_ID,False
instagram:acct_d633585eb9bb9c037a11,instagram,,saneko_epr,https://www.instagram.com/saneko_epr,HOLD_NEEDS_CHANNEL_REVIEW,NO_REVIEWED_PLATFORM_ACCOUNT_ID,False
instagram:acct_d69fd7cdb24524338203,instagram,,pang.42_,https://www.instagram.com/pang.42_,HOLD_NEEDS_CHANNEL_REVIEW,NO_REVIEWED_PLATFORM_ACCOUNT_ID,False
instagram:acct_daf81902c9e07430ec92,instagram,,kisscross_official,https://www.instagram.com/kisscross_official,HOLD_NEEDS_CHANNEL_REVIEW,NO_REVIEWED_PLATFORM_ACCOUNT_ID,False
instagram:acct_dc8314eb3e6e18949b8c,instagram,,sirin_vtg,https://www.instagram.com/sirin_vtg,HOLD_NEEDS_CHANNEL_REVIEW,NO_REVIEWED_PLATFORM_ACCOUNT_ID,False
instagram:acct_ddd11f455c40e8fe31dc,instagram,,yoinmori,https://www.instagram.com/yoinmori,HOLD_NEEDS_CHANNEL_REVIEW,NO_REVIEWED_PLATFORM_ACCOUNT_ID,False
instagram:acct_ddf4af81af8dc4d6f3b0,instagram,,bishamonkuroneko_as,https://www.instagram.com/bishamonkuroneko_as,HOLD_NEEDS_CHANNEL_REVIEW,NO_REVIEWED_PLATFORM_ACCOUNT_ID,False
instagram:acct_e2005d9c1b3fdfd1874d,instagram,,peacevt16,https://www.instagram.com/peacevt16,HOLD_NEEDS_CHANNEL_REVIEW,NO_REVIEWED_PLATFORM_ACCOUNT_ID,False
instagram:acct_e70335014ed011093a13,instagram,,jaokattt,https://www.instagram.com/jaokattt,HOLD_NEEDS_CHANNEL_REVIEW,NO_REVIEWED_PLATFORM_ACCOUNT_ID,False
instagram:acct_e84ef62d615cfe637434,instagram,,miraesolstice,https://www.instagram.com/miraesolstice,HOLD_NEEDS_CHANNEL_REVIEW,NO_REVIEWED_PLATFORM_ACCOUNT_ID,False
instagram:acct_ea4323b4f87f590abbe4,instagram,,nagirin_res,https://www.instagram.com/nagirin_res,HOLD_NEEDS_CHANNEL_REVIEW,NO_REVIEWED_PLATFORM_ACCOUNT_ID,False
instagram:acct_efff298d5fb7656bb6c6,instagram,,melanoxlunix_alf,https://www.instagram.com/melanoxlunix_alf,HOLD_NEEDS_CHANNEL_REVIEW,NO_REVIEWED_PLATFORM_ACCOUNT_ID,False
instagram:acct_f062d95b3ebbf9cbd8a7,instagram,,kisa_ikzk,https://www.instagram.com/kisa_ikzk,HOLD_NEEDS_CHANNEL_REVIEW,NO_REVIEWED_PLATFORM_ACCOUNT_ID,False
instagram:acct_f1b840cacf29c84749a5,instagram,,beariss_beam,https://www.instagram.com/beariss_beam,HOLD_NEEDS_CHANNEL_REVIEW,NO_REVIEWED_PLATFORM_ACCOUNT_ID,False
instagram:acct_fa23edbbdc08ae130843,instagram,,_noeluc_,https://www.instagram.com/_noeluc_,HOLD_NEEDS_CHANNEL_REVIEW,NO_REVIEWED_PLATFORM_ACCOUNT_ID,False
instagram:acct_fae3f5cdb870720e5244,instagram,,like_eat_zaab,https://www.instagram.com/like_eat_zaab,HOLD_NEEDS_CHANNEL_REVIEW,NO_REVIEWED_PLATFORM_ACCOUNT_ID,False
instagram:acct_fb1caa5a5ae1a3d2a5ef,instagram,,kongkhagirl,https://www.instagram.com/kongkhagirl,HOLD_NEEDS_CHANNEL_REVIEW,NO_REVIEWED_PLATFORM_ACCOUNT_ID,False
instagram:acct_fc1dfa2bf5d273209f1b,instagram,,biruyourlovelydog_,https://www.instagram.com/biruyourlovelydog_,HOLD_NEEDS_CHANNEL_REVIEW,NO_REVIEWED_PLATFORM_ACCOUNT_ID,False
instagram:acct_fc489898dc6118a3472f,instagram,,imsogracechu,https://www.instagram.com/imsogracechu,HOLD_NEEDS_CHANNEL_REVIEW,NO_REVIEWED_PLATFORM_ACCOUNT_ID,False
instagram:acct_fc8d69a7af938675ec8b,instagram,,malai_deva.th,https://www.instagram.com/malai_deva.th,HOLD_NEEDS_CHANNEL_REVIEW,NO_REVIEWED_PLATFORM_ACCOUNT_ID,False
instagram:acct_fcdd08dea7e5b399186b,instagram,,kirine21,https://www.instagram.com/kirine21,HOLD_NEEDS_CHANNEL_REVIEW,NO_REVIEWED_PLATFORM_ACCOUNT_ID,False
instagram:candidate_11323fdd6223cbcffd18,instagram,,filian.senpai,https://www.instagram.com/filian.senpai,HOLD_NEEDS_CHANNEL_REVIEW,NO_REVIEWED_PLATFORM_ACCOUNT_ID,False
instagram:candidate_41ca5b8b66cd145e0b19,instagram,,the_goddess_sword,https://www.instagram.com/the_goddess_sword,HOLD_NEEDS_CHANNEL_REVIEW,NO_REVIEWED_PLATFORM_ACCOUNT_ID,False
instagram:candidate_480b4d3072e56f85e49d,instagram,,azeruunofficial,https://www.instagram.com/azeruunofficial,HOLD_NEEDS_CHANNEL_REVIEW,NO_REVIEWED_PLATFORM_ACCOUNT_ID,False
instagram:candidate_4d6ab0bba0bee6d861bf,instagram,,notkessica,https://www.instagram.com/notkessica,HOLD_NEEDS_CHANNEL_REVIEW,NO_REVIEWED_PLATFORM_ACCOUNT_ID,False
instagram:candidate_6effcbf44509e5161e3c,instagram,,michael.ny,https://www.instagram.com/michael.ny,HOLD_NEEDS_CHANNEL_REVIEW,NO_REVIEWED_PLATFORM_ACCOUNT_ID,False
instagram:candidate_8476727415dee44613ac,instagram,,redpandorable,https://www.instagram.com/redpandorable,HOLD_NEEDS_CHANNEL_REVIEW,NO_REVIEWED_PLATFORM_ACCOUNT_ID,False
instagram:candidate_923607b918dbf9aa666c,instagram,,nekonevtuber,https://www.instagram.com/nekonevtuber,HOLD_NEEDS_CHANNEL_REVIEW,NO_REVIEWED_PLATFORM_ACCOUNT_ID,False
instagram:candidate_996c1380f32c7032aca0,instagram,,earendel_xdfp,https://www.instagram.com/earendel_xdfp,HOLD_NEEDS_CHANNEL_REVIEW,NO_REVIEWED_PLATFORM_ACCOUNT_ID,False
instagram:candidate_bc8fc944f7e7cb7c74fa,instagram,,you.are.in.stain,https://www.instagram.com/you.are.in.stain,HOLD_NEEDS_CHANNEL_REVIEW,NO_REVIEWED_PLATFORM_ACCOUNT_ID,False
instagram:candidate_cbe3df4d6fb19d433f67,instagram,,imnotnuttiz,https://www.instagram.com/imnotnuttiz,HOLD_NEEDS_CHANNEL_REVIEW,NO_REVIEWED_PLATFORM_ACCOUNT_ID,False
instagram:candidate_cd58ae9f21024fb64c21,instagram,,novapovie,https://www.instagram.com/novapovie,HOLD_NEEDS_CHANNEL_REVIEW,NO_REVIEWED_PLATFORM_ACCOUNT_ID,False
instagram:candidate_d7fe30b279a0422813ea,instagram,,leeandlie,https://www.instagram.com/leeandlie,HOLD_NEEDS_CHANNEL_REVIEW,NO_REVIEWED_PLATFORM_ACCOUNT_ID,False
instagram:candidate_dca7ece865b62d1fe3d7,instagram,,bishamonkuroneko_as,https://instagram.com/bishamonkuroneko_as,HOLD_NEEDS_CHANNEL_REVIEW,NO_REVIEWED_PLATFORM_ACCOUNT_ID,False
instagram:candidate_ecc2d5dd270c116512cb,instagram,,popular,https://www.instagram.com/popular,HOLD_NEEDS_CHANNEL_REVIEW,NO_REVIEWED_PLATFORM_ACCOUNT_ID,False
kick:acct_9563d2a96d912f3b00fd,kick,,Julius Kosmolatria Ch.,https://kick.com/julius-kosmolatria,HOLD_NEEDS_CHANNEL_REVIEW,NO_REVIEWED_PLATFORM_ACCOUNT_ID,False
kick:acct_dfbd248c7f5acb8f37a4,kick,,M3R0 ch.,https://kick.com/amn-mero,HOLD_NEEDS_CHANNEL_REVIEW,NO_REVIEWED_PLATFORM_ACCOUNT_ID,False
linktree:acct_df2bd179895547df23d0,linktree,,Kyoya Keiran,https://linktr.ee/kyoyakeiran,HOLD_NEEDS_CHANNEL_REVIEW,NO_REVIEWED_PLATFORM_ACCOUNT_ID,False
litlink:acct_281173caa6714011bf33,litlink,,Joro Gumo,https://lit.link/en/jorogumoV,HOLD_NEEDS_CHANNEL_REVIEW,NO_REVIEWED_PLATFORM_ACCOUNT_ID,False
litlink:acct_bcc6506323c5f81f25cd,litlink,,PINTO,https://lit.link/en/pintoxx,HOLD_NEEDS_CHANNEL_REVIEW,NO_REVIEWED_PLATFORM_ACCOUNT_ID,False
tiktok:acct_00099dae9c4106338457,tiktok,,CopperYouKnow?,https://www.tiktok.com/@coppercharkproject,HOLD_NEEDS_CHANNEL_REVIEW,NO_REVIEWED_PLATFORM_ACCOUNT_ID,False
tiktok:acct_009247b141b4954201e5,tiktok,,nneviris_ตัวจริง,https://www.tiktok.com/@nneviris,HOLD_NEEDS_CHANNEL_REVIEW,NO_REVIEWED_PLATFORM_ACCOUNT_ID,False
tiktok:acct_01059a63e7ff9454864d,tiktok,,Vellva Koray,https://www.tiktok.com/@vellva_koray,HOLD_NEEDS_CHANNEL_REVIEW,NO_REVIEWED_PLATFORM_ACCOUNT_ID,False
tiktok:acct_017048e10009d490d66c,tiktok,,Minilorr,https://www.tiktok.com/@mini_lorii,HOLD_NEEDS_CHANNEL_REVIEW,NO_REVIEWED_PLATFORM_ACCOUNT_ID,False
tiktok:acct_0198f4b534994876358d,tiktok,,จอมหมาร,https://www.tiktok.com/@poppythepuppy_vtuber,HOLD_NEEDS_CHANNEL_REVIEW,NO_REVIEWED_PLATFORM_ACCOUNT_ID,False
tiktok:acct_01f50647495f722cc7b2,tiktok,,Zenith☄,https://www.tiktok.com/@zenith_arp,HOLD_NEEDS_CHANNEL_REVIEW,NO_REVIEWED_PLATFORM_ACCOUNT_ID,False
tiktok:acct_01f9201c7ed8db3083a5,tiktok,,Anya A. Marshall,https://www.tiktok.com/@anyaplg,HOLD_NEEDS_CHANNEL_REVIEW,NO_REVIEWED_PLATFORM_ACCOUNT_ID,False
tiktok:acct_02d84ed412fd421e906e,tiktok,,CatzeraN,https://www.tiktok.com/@catzeran,HOLD_NEEDS_CHANNEL_REVIEW,NO_REVIEWED_PLATFORM_ACCOUNT_ID,False
tiktok:acct_03c830129234c79c2eb1,tiktok,,Fumi Hausu🍞,https://www.tiktok.com/@fumihausu_,HOLD_NEEDS_CHANNEL_REVIEW,NO_REVIEWED_PLATFORM_ACCOUNT_ID,False
tiktok:acct_03c9257311ef5284b645,tiktok,,Akito ⚔️💙 | VTuber【SOA】,https://www.tiktok.com/@akito_soa,HOLD_NEEDS_CHANNEL_REVIEW,NO_REVIEWED_PLATFORM_ACCOUNT_ID,False
tiktok:acct_04488621bab05cc9f20b,tiktok,,Xonebu X’thulhu,https://www.tiktok.com/@xonebuworldend,HOLD_NEEDS_CHANNEL_REVIEW,NO_REVIEWED_PLATFORM_ACCOUNT_ID,False
tiktok:acct_04a73ed7cbb9117ab17f,tiktok,,Wang Cheng Se | V.W.Y,https://www.tiktok.com/@wangchengse,HOLD_NEEDS_CHANNEL_REVIEW,NO_REVIEWED_PLATFORM_ACCOUNT_ID,False
tiktok:acct_04f5cf23de9eb15f15dc,tiktok,,yuu.hakugetsu,https://www.tiktok.com/@yuu.hakugetsu,HOLD_NEEDS_CHANNEL_REVIEW,NO_REVIEWED_PLATFORM_ACCOUNT_ID,False
tiktok:acct_04fccb8cd7d44ceae309,tiktok,,Azato Stacia,https://www.tiktok.com/@azatostacia,HOLD_NEEDS_CHANNEL_REVIEW,NO_REVIEWED_PLATFORM_ACCOUNT_ID,False
tiktok:acct_05308cf3c5409403ba8b,tiktok,,Vampaow,https://www.tiktok.com/@vampaow,HOLD_NEEDS_CHANNEL_REVIEW,NO_REVIEWED_PLATFORM_ACCOUNT_ID,False
tiktok:acct_05358e9a8eb80835271c,tiktok,,Qmulaz 🫧☁️,https://www.tiktok.com/@qmulaz_vt,HOLD_NEEDS_CHANNEL_REVIEW,NO_REVIEWED_PLATFORM_ACCOUNT_ID,False
tiktok:acct_0587060170d366c35028,tiktok,,MoRin (โมริน) 🍉🐇,https://www.tiktok.com/@morinplanet,HOLD_NEEDS_CHANNEL_REVIEW,NO_REVIEWED_PLATFORM_ACCOUNT_ID,False
tiktok:acct_059380ef0cf780cad9e6,tiktok,,YUYA l VtuberTH,https://www.tiktok.com/@yuya_ch,HOLD_NEEDS_CHANNEL_REVIEW,NO_REVIEWED_PLATFORM_ACCOUNT_ID,False
tiktok:acct_05dfb3c0b0ad5aa62fe9,tiktok,,Mona Lucene,https://www.tiktok.com/@luceneplg,HOLD_NEEDS_CHANNEL_REVIEW,NO_REVIEWED_PLATFORM_ACCOUNT_ID,False
tiktok:acct_061f4d0ebca860d133fd,tiktok,,Zoom.,https://www.tiktok.com/@zoomdesu,HOLD_NEEDS_CHANNEL_REVIEW,NO_REVIEWED_PLATFORM_ACCOUNT_ID,False
tiktok:acct_063816c5113d2543d74f,tiktok,,zinnia,https://www.tiktok.com/@zinnialyy,HOLD_NEEDS_CHANNEL_REVIEW,NO_REVIEWED_PLATFORM_ACCOUNT_ID,False
tiktok:acct_06ca3cbd85ac6643411c,tiktok,,m4yamarz,https://www.tiktok.com/@m4yamarz,HOLD_NEEDS_CHANNEL_REVIEW,NO_REVIEWED_PLATFORM_ACCOUNT_ID,False
tiktok:acct_070ee837cc2c03af4dbb,tiktok,,easydonateth,https://tiktok.com/@easydonateth,HOLD_NEEDS_CHANNEL_REVIEW,NO_REVIEWED_PLATFORM_ACCOUNT_ID,False
tiktok:acct_076c9c68782636884d6c,tiktok,,🍜🍷𝔞𝔯𝔱𝔦𝔢_𝔢𝔭𝔯🍷🍜,https://www.tiktok.com/@artie_epr,HOLD_NEEDS_CHANNEL_REVIEW,NO_REVIEWED_PLATFORM_ACCOUNT_ID,False
tiktok:acct_078fab22db5959c6e0a6,tiktok,,Val 5332,https://www.tiktok.com/@valkyrie5332,HOLD_NEEDS_CHANNEL_REVIEW,NO_REVIEWED_PLATFORM_ACCOUNT_ID,False
tiktok:acct_07e559b678953bb434e1,tiktok,,Fuka Vtuber,https://www.tiktok.com/@fukavtuberth,HOLD_NEEDS_CHANNEL_REVIEW,NO_REVIEWED_PLATFORM_ACCOUNT_ID,False
tiktok:acct_086959adcfe3d17280e8,tiktok,,MiYuu43 ch.,https://www.tiktok.com/@m.miyuu43,HOLD_NEEDS_CHANNEL_REVIEW,NO_REVIEWED_PLATFORM_ACCOUNT_ID,False
tiktok:acct_088708daf9b45e20883c,tiktok,,Qmon,https://www.tiktok.com/@thequillmon,HOLD_NEEDS_CHANNEL_REVIEW,NO_REVIEWED_PLATFORM_ACCOUNT_ID,False
tiktok:acct_0888bae48ccda563f1cd,tiktok,,เกาคุงเข่ามีเสียง,https://www.tiktok.com/@gaokai_bonthian,HOLD_NEEDS_CHANNEL_REVIEW,NO_REVIEWED_PLATFORM_ACCOUNT_ID,False
tiktok:acct_08f47e3286fe4dd5683d,tiktok,,Fina&Tier,https://www.tiktok.com/@finatier,HOLD_NEEDS_CHANNEL_REVIEW,NO_REVIEWED_PLATFORM_ACCOUNT_ID,False
tiktok:acct_095a242153c3ebb50fea,tiktok,,ชินะไม่ใช่ไชน่า!,https://www.tiktok.com/@c.hina._,HOLD_NEEDS_CHANNEL_REVIEW,NO_REVIEWED_PLATFORM_ACCOUNT_ID,False
tiktok:acct_0a249f7700ea5d0f2b08,tiktok,,MikiVTB🐇,https://www.tiktok.com/@miki.vtb,HOLD_NEEDS_CHANNEL_REVIEW,NO_REVIEWED_PLATFORM_ACCOUNT_ID,False
tiktok:acct_0ab882b50f23f1ef6d06,tiktok,,Notaki Kazaki,https://www.tiktok.com/@notaki_ch,HOLD_NEEDS_CHANNEL_REVIEW,NO_REVIEWED_PLATFORM_ACCOUNT_ID,False
tiktok:acct_0b693abc0dfa6d6a3746,tiktok,,slushytoma_,https://www.tiktok.com/@slushytoma_,HOLD_NEEDS_CHANNEL_REVIEW,NO_REVIEWED_PLATFORM_ACCOUNT_ID,False
tiktok:acct_0bb524ebb9e7442f0e4d,tiktok,,"""คาเอ็น"" KAEN Official",https://www.tiktok.com/@kaen_astalia,HOLD_NEEDS_CHANNEL_REVIEW,NO_REVIEWED_PLATFORM_ACCOUNT_ID,False
tiktok:acct_0bda520430959a24d24e,tiktok,,Seiryu《ISP》,https://www.tiktok.com/@seiryu_irission,HOLD_NEEDS_CHANNEL_REVIEW,NO_REVIEWED_PLATFORM_ACCOUNT_ID,False
tiktok:acct_0c395fe678763ec24589,tiktok,,คุณเอริค (มาริเนอร์),https://www.tiktok.com/@ericmariner_vt,HOLD_NEEDS_CHANNEL_REVIEW,NO_REVIEWED_PLATFORM_ACCOUNT_ID,False
tiktok:acct_0d01e2d51563964e4fc8,tiktok,,SHUA,https://www.tiktok.com/@shuavibeent,HOLD_NEEDS_CHANNEL_REVIEW,NO_REVIEWED_PLATFORM_ACCOUNT_ID,False
tiktok:acct_0d073b9089ac5c402d07,tiktok,,...,https://www.tiktok.com/@astellarieka,HOLD_NEEDS_CHANNEL_REVIEW,NO_REVIEWED_PLATFORM_ACCOUNT_ID,False
tiktok:acct_0d0953a6ce8f36e6f68b,tiktok,,Urai [NCG],https://www.tiktok.com/@urai.ncg,HOLD_NEEDS_CHANNEL_REVIEW,NO_REVIEWED_PLATFORM_ACCOUNT_ID,False
tiktok:acct_0d1c32d523592cf02c53,tiktok,,Supeacha_Vtuber,https://www.tiktok.com/@supeacha_vtuber,HOLD_NEEDS_CHANNEL_REVIEW,NO_REVIEWED_PLATFORM_ACCOUNT_ID,False
tiktok:acct_0d3e8a78e48b439afc8b,tiktok,,นาเอะเนี๊ยน,https://www.tiktok.com/@naenyanz,HOLD_NEEDS_CHANNEL_REVIEW,NO_REVIEWED_PLATFORM_ACCOUNT_ID,False
tiktok:acct_0d707218abed28fbcaf9,tiktok,,ArthurMorgan,https://www.tiktok.com/@vanderlinde_3,HOLD_NEEDS_CHANNEL_REVIEW,NO_REVIEWED_PLATFORM_ACCOUNT_ID,False
tiktok:acct_0d8bb13b28c842504868,tiktok,,SeJi,https://www.tiktok.com/@seji.ak,HOLD_NEEDS_CHANNEL_REVIEW,NO_REVIEWED_PLATFORM_ACCOUNT_ID,False
tiktok:acct_0d8bf96b65a17f60079c,tiktok,,Amane Rei,https://www.tiktok.com/@amanerei_,HOLD_NEEDS_CHANNEL_REVIEW,NO_REVIEWED_PLATFORM_ACCOUNT_ID,False
tiktok:acct_0dbf2613305827477b56,tiktok,,Athrun Tyto Alba🪺,https://www.tiktok.com/@athrun.tyto.alba,HOLD_NEEDS_CHANNEL_REVIEW,NO_REVIEWED_PLATFORM_ACCOUNT_ID,False
tiktok:acct_0deb78d9668ddff6e7e6,tiktok,,Edella Edward,https://www.tiktok.com/@edella_edward,HOLD_NEEDS_CHANNEL_REVIEW,NO_REVIEWED_PLATFORM_ACCOUNT_ID,False
tiktok:acct_0e33309a65da9f1ffbe7,tiktok,,MillYBilL,https://www.tiktok.com/@millybill_ch,HOLD_NEEDS_CHANNEL_REVIEW,NO_REVIEWED_PLATFORM_ACCOUNT_ID,False
tiktok:acct_0e65b47b1982ac69ee93,tiktok,,PoLin3047,https://www.tiktok.com/@polin3047,HOLD_NEEDS_CHANNEL_REVIEW,NO_REVIEWED_PLATFORM_ACCOUNT_ID,False
tiktok:acct_0e777341a1729cb23012,tiktok,,AstiaVtuber,https://www.tiktok.com/@astiavtuber,HOLD_NEEDS_CHANNEL_REVIEW,NO_REVIEWED_PLATFORM_ACCOUNT_ID,False
tiktok:acct_0e99660ecef913595963,tiktok,,Noir A. - Vtuber,https://www.tiktok.com/@noir_a._vtuber,HOLD_NEEDS_CHANNEL_REVIEW,NO_REVIEWED_PLATFORM_ACCOUNT_ID,False
tiktok:acct_0efcc35e896232c54975,tiktok,,T-Reina Ashyra,https://www.tiktok.com/@ashyraworldend,HOLD_NEEDS_CHANNEL_REVIEW,NO_REVIEWED_PLATFORM_ACCOUNT_ID,False
tiktok:acct_0f76131e3a8ea40d6c53,tiktok,,MURKIEL,https://www.tiktok.com/@murkiel.vtuberth,HOLD_NEEDS_CHANNEL_REVIEW,NO_REVIEWED_PLATFORM_ACCOUNT_ID,False
tiktok:acct_0f89dcf36c0ae6947154,tiktok,,LawizJKP,https://www.tiktok.com/@lawizjkp,HOLD_NEEDS_CHANNEL_REVIEW,NO_REVIEWED_PLATFORM_ACCOUNT_ID,False
tiktok:acct_0fc187e8194fbd68b4ab,tiktok,,Xyden,https://www.tiktok.com/@xyden.z7o,HOLD_NEEDS_CHANNEL_REVIEW,NO_REVIEWED_PLATFORM_ACCOUNT_ID,False
tiktok:acct_108d1397af5fe42cf219,tiktok,,ผู้บ่าววาเลนไทน์,https://www.tiktok.com/@v4lentineuwu,HOLD_NEEDS_CHANNEL_REVIEW,NO_REVIEWED_PLATFORM_ACCOUNT_ID,False
tiktok:acct_10bedc77d165cf3a72aa,tiktok,,Rosalyn Ch.,https://www.tiktok.com/@rosettawitch,HOLD_NEEDS_CHANNEL_REVIEW,NO_REVIEWED_PLATFORM_ACCOUNT_ID,False
tiktok:acct_10d6f45625a81397466a,tiktok,,ROXY ❤️‍🔥 〔 𝐋𝐕 〕,https://www.tiktok.com/@roxy_cvc,HOLD_NEEDS_CHANNEL_REVIEW,NO_REVIEWED_PLATFORM_ACCOUNT_ID,False
tiktok:acct_10fad71ecc7d7748d759,tiktok,,cs_valkyrie,https://www.tiktok.com/@cs_valkyrie?_t=ZS-8usumx1q0CG&_r=1,HOLD_NEEDS_CHANNEL_REVIEW,NO_REVIEWED_PLATFORM_ACCOUNT_ID,False
tiktok:acct_1102f955624e0c6c6a82,tiktok,,ITsMeYao,https://www.tiktok.com/@itsmeyao,HOLD_NEEDS_CHANNEL_REVIEW,NO_REVIEWED_PLATFORM_ACCOUNT_ID,False
tiktok:acct_1117be0f260d75129c6c,tiktok,,DrakoNyaMio,https://www.tiktok.com/@drakonyamio,HOLD_NEEDS_CHANNEL_REVIEW,NO_REVIEWED_PLATFORM_ACCOUNT_ID,False
tiktok:acct_11828da76e05b25fc8fe,tiktok,,ToraSunday,https://www.tiktok.com/@torasundaych,HOLD_NEEDS_CHANNEL_REVIEW,NO_REVIEWED_PLATFORM_ACCOUNT_ID,False
tiktok:acct_1186f55d2e83b095cdb6,tiktok,,Daiji Inuyuki (OTL),https://www.tiktok.com/@daiji_otl,HOLD_NEEDS_CHANNEL_REVIEW,NO_REVIEWED_PLATFORM_ACCOUNT_ID,False
tiktok:acct_1191c57b8b701965a101,tiktok,,TrustLnw,https://www.tiktok.com/@trustlnw,HOLD_NEEDS_CHANNEL_REVIEW,NO_REVIEWED_PLATFORM_ACCOUNT_ID,False
tiktok:acct_11ee09278ecc994e9277,tiktok,,WitchyTheSlime,https://www.tiktok.com/@witchytheslime,HOLD_NEEDS_CHANNEL_REVIEW,NO_REVIEWED_PLATFORM_ACCOUNT_ID,False
tiktok:acct_11f2c228c77fd816fe5a,tiktok,,midorisuikavtb,https://www.tiktok.com/@midorisuikavtb,HOLD_NEEDS_CHANNEL_REVIEW,NO_REVIEWED_PLATFORM_ACCOUNT_ID,False
tiktok:acct_120fc17e0a2182d2e6fe,tiktok,,inumaruatsuki,https://www.tiktok.com/@inumaruatsuki,HOLD_NEEDS_CHANNEL_REVIEW,NO_REVIEWED_PLATFORM_ACCOUNT_ID,False
tiktok:acct_12a8e84a460267717ff5,tiktok,,DaddyLemon,https://www.tiktok.com/@daddylemon5921,HOLD_NEEDS_CHANNEL_REVIEW,NO_REVIEWED_PLATFORM_ACCOUNT_ID,False
tiktok:acct_12ad6b3e7da2d1f7267f,tiktok,,Rarin Ch.,https://www.tiktok.com/@rarin_vtuber,HOLD_NEEDS_CHANNEL_REVIEW,NO_REVIEWED_PLATFORM_ACCOUNT_ID,False
tiktok:acct_130e41087efb5945fcca,tiktok,,jinetta_bliss,https://www.tiktok.com/@jinetta_bliss,HOLD_NEEDS_CHANNEL_REVIEW,NO_REVIEWED_PLATFORM_ACCOUNT_ID,False
tiktok:acct_1389d5c461648eeaae66,tiktok,,Carys_EYLZ,https://www.tiktok.com/@carys_eylz,HOLD_NEEDS_CHANNEL_REVIEW,NO_REVIEWED_PLATFORM_ACCOUNT_ID,False
tiktok:acct_13b27681038b63d476bc,tiktok,,Keelin Peryton🦌🕊💎,https://www.tiktok.com/@keelin_peryton,HOLD_NEEDS_CHANNEL_REVIEW,NO_REVIEWED_PLATFORM_ACCOUNT_ID,False
tiktok:acct_13dc387c08024d52b698,tiktok,,泠露 Líng Lù,https://www.tiktok.com/@lingluuvt,HOLD_NEEDS_CHANNEL_REVIEW,NO_REVIEWED_PLATFORM_ACCOUNT_ID,False
tiktok:acct_13e6ea2c101c33f4e475,tiktok,,lazadath,https://www.tiktok.com/@lazadath,HOLD_NEEDS_CHANNEL_REVIEW,NO_REVIEWED_PLATFORM_ACCOUNT_ID,False
tiktok:acct_1430a837d7db2a8887f5,tiktok,,akaku_mikoni,https://www.tiktok.com/@akaku_mikoni,HOLD_NEEDS_CHANNEL_REVIEW,NO_REVIEWED_PLATFORM_ACCOUNT_ID,False
tiktok:acct_15362cfeacab64639506,tiktok,,Melita X,https://www.tiktok.com/@melita_pix,HOLD_NEEDS_CHANNEL_REVIEW,NO_REVIEWED_PLATFORM_ACCOUNT_ID,False
tiktok:acct_1570cf974e0905d852d8,tiktok,,MONGON.AF48DW.(V.2),https://www.tiktok.com/@mongon_af48dw,HOLD_NEEDS_CHANNEL_REVIEW,NO_REVIEWED_PLATFORM_ACCOUNT_ID,False
tiktok:acct_15884b51c995ec18e647,tiktok,,Meteona Mars Ch.,https://www.tiktok.com/@meteona_mars,HOLD_NEEDS_CHANNEL_REVIEW,NO_REVIEWED_PLATFORM_ACCOUNT_ID,False
tiktok:acct_159f7fecf725c98c1a19,tiktok,,Little Lonita 🎀💕 VZ,https://www.tiktok.com/@littlelonita,HOLD_NEEDS_CHANNEL_REVIEW,NO_REVIEWED_PLATFORM_ACCOUNT_ID,False
tiktok:acct_15b4ce48a225779bb220,tiktok,,Salvatore『 VNV 』,https://www.tiktok.com/@salvatore_vnv,HOLD_NEEDS_CHANNEL_REVIEW,NO_REVIEWED_PLATFORM_ACCOUNT_ID,False
tiktok:acct_15bfa13f2c400fbd62ad,tiktok,,Beatrix_monroe,https://www.tiktok.com/@beatrix_monroe,HOLD_NEEDS_CHANNEL_REVIEW,NO_REVIEWED_PLATFORM_ACCOUNT_ID,False
tiktok:acct_15eff0adb03fc757c783,tiktok,,FAYUUCHAN (FUI),https://www.tiktok.com/@fayuuchan,HOLD_NEEDS_CHANNEL_REVIEW,NO_REVIEWED_PLATFORM_ACCOUNT_ID,False
tiktok:acct_15fde8a1eed47383e855,tiktok,,MaVista 「マビッスタ」,https://www.tiktok.com/@ma_mavista,HOLD_NEEDS_CHANNEL_REVIEW,NO_REVIEWED_PLATFORM_ACCOUNT_ID,False
tiktok:acct_15feadce1274d076e4c4,tiktok,,Gris Ch | TLGOfficial,https://www.tiktok.com/@gris.tlg.vtuber,HOLD_NEEDS_CHANNEL_REVIEW,NO_REVIEWED_PLATFORM_ACCOUNT_ID,False
tiktok:acct_1608cd038e2e8fdfb771,tiktok,,Serithia「LRV」,https://www.tiktok.com/@serithialrv,HOLD_NEEDS_CHANNEL_REVIEW,NO_REVIEWED_PLATFORM_ACCOUNT_ID,False
tiktok:acct_16318d4bf03398b438c5,tiktok,,ZarizaOphius,https://www.tiktok.com/@zarizaophius,HOLD_NEEDS_CHANNEL_REVIEW,NO_REVIEWED_PLATFORM_ACCOUNT_ID,False
tiktok:acct_1676c9b8c1413b6e0031,tiktok,,TARIN,https://www.tiktok.com/@ta121n,HOLD_NEEDS_CHANNEL_REVIEW,NO_REVIEWED_PLATFORM_ACCOUNT_ID,False
tiktok:acct_16cbdc20345e028d2a01,tiktok,,AmeCandy 🪄🍬,https://www.tiktok.com/@amecandyvtuber,HOLD_NEEDS_CHANNEL_REVIEW,NO_REVIEWED_PLATFORM_ACCOUNT_ID,False
tiktok:acct_16d8a5354419fb9e0bd8,tiktok,,pochiimo,https://www.tiktok.com/@pochiim0,HOLD_NEEDS_CHANNEL_REVIEW,NO_REVIEWED_PLATFORM_ACCOUNT_ID,False
tiktok:acct_17099b18dba8a721c1e5,tiktok,,takiya_vtuberth,https://www.tiktok.com/@takiya_koz,HOLD_NEEDS_CHANNEL_REVIEW,NO_REVIEWED_PLATFORM_ACCOUNT_ID,False
tiktok:acct_171525ae98d106b59d5b,tiktok,,ตัวจีสีแดง,https://www.tiktok.com/@g_red14,HOLD_NEEDS_CHANNEL_REVIEW,NO_REVIEWED_PLATFORM_ACCOUNT_ID,False
tiktok:acct_171607786b026f83d793,tiktok,,Freidya CH,https://www.tiktok.com/@freidyae,HOLD_NEEDS_CHANNEL_REVIEW,NO_REVIEWED_PLATFORM_ACCOUNT_ID,False
tiktok:acct_171bb7958a0ea8977167,tiktok,,Mei Vtuber✨,https://www.tiktok.com/@fukuramei,HOLD_NEEDS_CHANNEL_REVIEW,NO_REVIEWED_PLATFORM_ACCOUNT_ID,False
tiktok:acct_177848573bcad1e81767,tiktok,,TYR4 🪻🎮,https://www.tiktok.com/@tyracvc,HOLD_NEEDS_CHANNEL_REVIEW,NO_REVIEWED_PLATFORM_ACCOUNT_ID,False
tiktok:acct_17a6dc817299bed49dcf,tiktok,,Sancta Eva Luxia,https://www.tiktok.com/@luxiaplg,HOLD_NEEDS_CHANNEL_REVIEW,NO_REVIEWED_PLATFORM_ACCOUNT_ID,False
tiktok:acct_17c9bceb1cf06830241a,tiktok,,MOLLY,https://www.tiktok.com/@mollyehe,HOLD_NEEDS_CHANNEL_REVIEW,NO_REVIEWED_PLATFORM_ACCOUNT_ID,False
tiktok:acct_17e9507a665155dc3962,tiktok,,Eimiichan_,https://www.tiktok.com/@eimiichan_,HOLD_NEEDS_CHANNEL_REVIEW,NO_REVIEWED_PLATFORM_ACCOUNT_ID,False
tiktok:acct_18df077e448017a7e7a0,tiktok,,smol.talk24,https://www.tiktok.com/@smol.talk24,HOLD_NEEDS_CHANNEL_REVIEW,NO_REVIEWED_PLATFORM_ACCOUNT_ID,False
tiktok:acct_190b025719d9b8405a27,tiktok,,Sistra 🪶☀️👑｟ OTL ｠,https://www.tiktok.com/@sistra_otl,HOLD_NEEDS_CHANNEL_REVIEW,NO_REVIEWED_PLATFORM_ACCOUNT_ID,False
tiktok:acct_191f883bc656ced18aad,tiktok,,enryuhorus,https://www.tiktok.com/@enryuhorus,HOLD_NEEDS_CHANNEL_REVIEW,NO_REVIEWED_PLATFORM_ACCOUNT_ID,False
tiktok:acct_19733e3a59b753af998e,tiktok,,Hanacutebaby,https://www.tiktok.com/@himari_hana,HOLD_NEEDS_CHANNEL_REVIEW,NO_REVIEWED_PLATFORM_ACCOUNT_ID,False
tiktok:acct_19ac5a6cd25b6765a761,tiktok,,Natalia Gáta『Cupity』,https://www.tiktok.com/@natalia_cpj,HOLD_NEEDS_CHANNEL_REVIEW,NO_REVIEWED_PLATFORM_ACCOUNT_ID,False
tiktok:acct_19cce4c787f398d0f337,tiktok,,Saphilia,https://www.tiktok.com/@saphilia_atx,HOLD_NEEDS_CHANNEL_REVIEW,NO_REVIEWED_PLATFORM_ACCOUNT_ID,False
tiktok:acct_19d4ac2b8dd675e6b564,tiktok,,kurogumaan,https://www.tiktok.com/@kurogumaan,HOLD_NEEDS_CHANNEL_REVIEW,NO_REVIEWED_PLATFORM_ACCOUNT_ID,False
tiktok:acct_19fc2010bccc59b2bc7f,tiktok,,HANAMI LAY,https://www.tiktok.com/@hanamilay,HOLD_NEEDS_CHANNEL_REVIEW,NO_REVIEWED_PLATFORM_ACCOUNT_ID,False
tiktok:acct_1abf5f8b36303c84e5c3,tiktok,,Azar《 OTL 》,https://www.tiktok.com/@azar_otl,HOLD_NEEDS_CHANNEL_REVIEW,NO_REVIEWED_PLATFORM_ACCOUNT_ID,False
tiktok:acct_1b3bac80464590e3e304,tiktok,,Keiko,https://www.tiktok.com/@keikojang,HOLD_NEEDS_CHANNEL_REVIEW,NO_REVIEWED_PLATFORM_ACCOUNT_ID,False
tiktok:acct_1b3d8957b88adf350d0c,tiktok,,yozora_hoshikuzu,https://www.tiktok.com/@yozora_hoshikuzu,HOLD_NEEDS_CHANNEL_REVIEW,NO_REVIEWED_PLATFORM_ACCOUNT_ID,False
tiktok:acct_1b470202e7f47c4c41a3,tiktok,,น้องมะม่วง TV,https://www.tiktok.com/@nongmamuang_vtuber,HOLD_NEEDS_CHANNEL_REVIEW,NO_REVIEWED_PLATFORM_ACCOUNT_ID,False
tiktok:acct_1be47abecf719d0c3eed,tiktok,,Nongwan TV,https://www.tiktok.com/@nongwantv_,HOLD_NEEDS_CHANNEL_REVIEW,NO_REVIEWED_PLATFORM_ACCOUNT_ID,False
tiktok:acct_1c4abfdd804975bc96f6,tiktok,,โป๊ะโกะ(poko)_ปลวกทูปเบ๋อ,https://www.tiktok.com/@poko_vtuber,HOLD_NEEDS_CHANNEL_REVIEW,NO_REVIEWED_PLATFORM_ACCOUNT_ID,False
tiktok:acct_1c5e7c820216de614edc,tiktok,,Sebastos VTuber,https://www.tiktok.com/@sebastos_acas,HOLD_NEEDS_CHANNEL_REVIEW,NO_REVIEWED_PLATFORM_ACCOUNT_ID,False
tiktok:acct_1d5eb764f50dc9e340c4,tiktok,,moonshinelyricsl,https://www.tiktok.com/@moonshinelyricsl,HOLD_NEEDS_CHANNEL_REVIEW,NO_REVIEWED_PLATFORM_ACCOUNT_ID,False
tiktok:acct_1d98b29aa7b3a78c07c9,tiktok,,Lamppy 🖤,https://www.tiktok.com/@lamppy_,HOLD_NEEDS_CHANNEL_REVIEW,NO_REVIEWED_PLATFORM_ACCOUNT_ID,False
tiktok:acct_1db6ba494637c4742782,tiktok,,Jamilah,https://www.tiktok.com/@jamilahlive,HOLD_NEEDS_CHANNEL_REVIEW,NO_REVIEWED_PLATFORM_ACCOUNT_ID,False
tiktok:acct_1dcea78650af6da71faf,tiktok,,Lucentis 【REC】,https://www.tiktok.com/@lucentis.rec,HOLD_NEEDS_CHANNEL_REVIEW,NO_REVIEWED_PLATFORM_ACCOUNT_ID,False
tiktok:acct_1dfee9ac455df7c03394,tiktok,,Freyraine Ch.,https://www.tiktok.com/@freyraine.fr,HOLD_NEEDS_CHANNEL_REVIEW,NO_REVIEWED_PLATFORM_ACCOUNT_ID,False
tiktok:acct_1e1bdd3b3770140cc9a0,tiktok,,orinเมี๋ยว,https://www.tiktok.com/@orinnia_vt,HOLD_NEEDS_CHANNEL_REVIEW,NO_REVIEWED_PLATFORM_ACCOUNT_ID,False
tiktok:acct_1e365cb9e72583184cbf,tiktok,,พอเอะนอเพ็ญ,https://www.tiktok.com/@punquix,HOLD_NEEDS_CHANNEL_REVIEW,NO_REVIEWED_PLATFORM_ACCOUNT_ID,False
tiktok:acct_1e3a45657c990f75fae6,tiktok,,KongkhaGirl,https://www.tiktok.com/@evalia_arp,HOLD_NEEDS_CHANNEL_REVIEW,NO_REVIEWED_PLATFORM_ACCOUNT_ID,False
tiktok:acct_1e61be28aee91a81dde6,tiktok,,BoonLan『VTG』,https://www.tiktok.com/@boonlan_vtg,HOLD_NEEDS_CHANNEL_REVIEW,NO_REVIEWED_PLATFORM_ACCOUNT_ID,False
tiktok:acct_1edadfeb42ef7ebec087,tiktok,,yasouazrael_as,https://www.tiktok.com/@yasouazrael_as,HOLD_NEEDS_CHANNEL_REVIEW,NO_REVIEWED_PLATFORM_ACCOUNT_ID,False
tiktok:acct_1f43da4651359c464e01,tiktok,,amn.mero,https://www.tiktok.com/@amn.mero,HOLD_NEEDS_CHANNEL_REVIEW,NO_REVIEWED_PLATFORM_ACCOUNT_ID,False
tiktok:acct_1f9ea9811a4c394b452d,tiktok,,tipjai.official,https://www.tiktok.com/@tipjai.official,HOLD_NEEDS_CHANNEL_REVIEW,NO_REVIEWED_PLATFORM_ACCOUNT_ID,False
tiktok:acct_1fab06993282f049cc8b,tiktok,,aji,https://www.tiktok.com/@aji2806,HOLD_NEEDS_CHANNEL_REVIEW,NO_REVIEWED_PLATFORM_ACCOUNT_ID,False
tiktok:acct_1ffbf38fba8a6a0144a4,tiktok,,Draki Kona,https://www.tiktok.com/@draki_kona,HOLD_NEEDS_CHANNEL_REVIEW,NO_REVIEWED_PLATFORM_ACCOUNT_ID,False
tiktok:acct_1ffc362dcc5ea2316557,tiktok,,เลเทียผีทะลุกำแพง,https://www.tiktok.com/@letia_fixixvt,HOLD_NEEDS_CHANNEL_REVIEW,NO_REVIEWED_PLATFORM_ACCOUNT_ID,False
tiktok:acct_20129a0fbfe622cc2732,tiktok,,Niewlocker,https://www.tiktok.com/@niewlocker,HOLD_NEEDS_CHANNEL_REVIEW,NO_REVIEWED_PLATFORM_ACCOUNT_ID,False
tiktok:acct_20200f771f20e1e4102b,tiktok,,Famu (สายลับ),https://www.tiktok.com/@famu_jar,HOLD_NEEDS_CHANNEL_REVIEW,NO_REVIEWED_PLATFORM_ACCOUNT_ID,False
tiktok:acct_206c1da087ce4a733994,tiktok,,miameerai,https://www.tiktok.com/@miameerai,HOLD_NEEDS_CHANNEL_REVIEW,NO_REVIEWED_PLATFORM_ACCOUNT_ID,False
tiktok:acct_20db6b773e2cbf016b1d,tiktok,,Amy Stella 🎭✨️,https://www.tiktok.com/@amystl_official,HOLD_NEEDS_CHANNEL_REVIEW,NO_REVIEWED_PLATFORM_ACCOUNT_ID,False
tiktok:acct_20ed98686bb7965bdd93,tiktok,,Breindel 🦆🔱 | VtuberTH,https://www.tiktok.com/@breindel_theduck,HOLD_NEEDS_CHANNEL_REVIEW,NO_REVIEWED_PLATFORM_ACCOUNT_ID,False
tiktok:acct_21ace40fced16196b9bf,tiktok,,เจ้านิป ⨳ECR⨳,https://www.tiktok.com/@maeminippy,HOLD_NEEDS_CHANNEL_REVIEW,NO_REVIEWED_PLATFORM_ACCOUNT_ID,False
tiktok:acct_2239c2f2553469b73f6e,tiktok,,สมเหน่ง【Vtuber】,https://www.tiktok.com/@somnengch,HOLD_NEEDS_CHANNEL_REVIEW,NO_REVIEWED_PLATFORM_ACCOUNT_ID,False
tiktok:acct_22ecc0e8c9391dda5a9d,tiktok,,GIN,https://www.tiktok.com/@gin_vtuber,HOLD_NEEDS_CHANNEL_REVIEW,NO_REVIEWED_PLATFORM_ACCOUNT_ID,False
tiktok:acct_23b34e190a3e89ea9e53,tiktok,,บิงซูจูเซโย🍧,https://www.tiktok.com/@bingsujuseyo,HOLD_NEEDS_CHANNEL_REVIEW,NO_REVIEWED_PLATFORM_ACCOUNT_ID,False
tiktok:acct_23d2c3174dcf09330b49,tiktok,,RealiableCh,https://www.tiktok.com/@realiablechannel,HOLD_NEEDS_CHANNEL_REVIEW,NO_REVIEWED_PLATFORM_ACCOUNT_ID,False
tiktok:acct_23f84a11191c0e0cfaf9,tiktok,,myxnyxx,https://www.tiktok.com/@myxnyxx,HOLD_NEEDS_CHANNEL_REVIEW,NO_REVIEWED_PLATFORM_ACCOUNT_ID,False
tiktok:acct_24a11fa1b6fcec97345d,tiktok,,GoMuta_Neko,https://www.tiktok.com/@gomuta_neko,HOLD_NEEDS_CHANNEL_REVIEW,NO_REVIEWED_PLATFORM_ACCOUNT_ID,False
tiktok:acct_24b3bbae38ba7bafd0dc,tiktok,,Beta AMI,https://www.tiktok.com/@amiworldend,HOLD_NEEDS_CHANNEL_REVIEW,NO_REVIEWED_PLATFORM_ACCOUNT_ID,False
tiktok:acct_24cf9e5bc2a178249334,tiktok,,Aru Hoshima Ch. | 星間アル,https://www.tiktok.com/@aru_hoshima,HOLD_NEEDS_CHANNEL_REVIEW,NO_REVIEWED_PLATFORM_ACCOUNT_ID,False
tiktok:acct_25129d9260072a2b128b,tiktok,,♦️Ayna♦️,https://www.tiktok.com/@ayna_arp,HOLD_NEEDS_CHANNEL_REVIEW,NO_REVIEWED_PLATFORM_ACCOUNT_ID,False
tiktok:acct_25ca36b0f90062362c02,tiktok,,Nuttiz,https://www.tiktok.com/@imnotnuttiz,HOLD_NEEDS_CHANNEL_REVIEW,NO_REVIEWED_PLATFORM_ACCOUNT_ID,False
tiktok:acct_26112def353792b4505c,tiktok,,Lynze 🌹,https://www.tiktok.com/@lynze.vvn,HOLD_NEEDS_CHANNEL_REVIEW,NO_REVIEWED_PLATFORM_ACCOUNT_ID,False
tiktok:acct_262b6ad6a68663268d1d,tiktok,,MAJCHA 🎏 ที่แปลว่าปลา🍵✨,https://www.tiktok.com/@majcha_ch,HOLD_NEEDS_CHANNEL_REVIEW,NO_REVIEWED_PLATFORM_ACCOUNT_ID,False
tiktok:acct_26438575b32f3b015ef4,tiktok,,Exzelia,https://www.tiktok.com/@exzelia_ex,HOLD_NEEDS_CHANNEL_REVIEW,NO_REVIEWED_PLATFORM_ACCOUNT_ID,False
tiktok:acct_265805a27023050b1563,tiktok,,Savi【21PM】,https://www.tiktok.com/@saviola21pm,HOLD_NEEDS_CHANNEL_REVIEW,NO_REVIEWED_PLATFORM_ACCOUNT_ID,False
tiktok:acct_269a837ecc78fe1b9543,tiktok,,Shishiro Taiga Ch.,https://www.tiktok.com/@shishiro_taiga,HOLD_NEEDS_CHANNEL_REVIEW,NO_REVIEWED_PLATFORM_ACCOUNT_ID,False
tiktok:acct_26b1867cfd93471fcc96,tiktok,,Zauber Marinette,https://www.tiktok.com/@zuaber,HOLD_NEEDS_CHANNEL_REVIEW,NO_REVIEWED_PLATFORM_ACCOUNT_ID,False
tiktok:acct_26db1231bee4a95e464c,tiktok,,Mymello,https://www.tiktok.com/@mymello0o,HOLD_NEEDS_CHANNEL_REVIEW,NO_REVIEWED_PLATFORM_ACCOUNT_ID,False
tiktok:acct_27b0b6d1d22c0bc963d3,tiktok,,MaewLham,https://www.tiktok.com/@maewlham,HOLD_NEEDS_CHANNEL_REVIEW,NO_REVIEWED_PLATFORM_ACCOUNT_ID,False
tiktok:acct_2845d32eb264ae39a78f,tiktok,,Taro Taros Ch.,https://www.tiktok.com/@tarostarossama,HOLD_NEEDS_CHANNEL_REVIEW,NO_REVIEWED_PLATFORM_ACCOUNT_ID,False
tiktok:acct_28658918918b1a01aae3,tiktok,,Chana チャナ,https://www.tiktok.com/@chanavtuber,HOLD_NEEDS_CHANNEL_REVIEW,NO_REVIEWED_PLATFORM_ACCOUNT_ID,False
tiktok:acct_2871aa08041f09ce74e5,tiktok,,XAY | VTUBERTH,https://www.tiktok.com/@seo_a_xay,HOLD_NEEDS_CHANNEL_REVIEW,NO_REVIEWED_PLATFORM_ACCOUNT_ID,False
tiktok:acct_289d426d78d00c9f22ab,tiktok,,Zona Zunicatrix,https://www.tiktok.com/@zonaplg,HOLD_NEEDS_CHANNEL_REVIEW,NO_REVIEWED_PLATFORM_ACCOUNT_ID,False
tiktok:acct_28afb3f9a073289e0219,tiktok,,Alparukeeper.vtuber,https://www.tiktok.com/@alparukeeper.vtuber,HOLD_NEEDS_CHANNEL_REVIEW,NO_REVIEWED_PLATFORM_ACCOUNT_ID,False
tiktok:acct_297c7014bdef00444bde,tiktok,,น้องฟิวล์แมวฟ้าติดเกม,https://www.tiktok.com/@nongfield_0,HOLD_NEEDS_CHANNEL_REVIEW,NO_REVIEWED_PLATFORM_ACCOUNT_ID,False
tiktok:acct_2a13bb8b3e252949ba11,tiktok,,gojo.haine,https://www.tiktok.com/@gojo.haine?_t=8n8Phvl2Eml&_r=1,HOLD_NEEDS_CHANNEL_REVIEW,NO_REVIEWED_PLATFORM_ACCOUNT_ID,False
tiktok:acct_2a1c1539719d2b405fdd,tiktok,,FohishaVT,https://www.tiktok.com/@fohishavt,HOLD_NEEDS_CHANNEL_REVIEW,NO_REVIEWED_PLATFORM_ACCOUNT_ID,False
tiktok:acct_2a3a20990a3cab6f0014,tiktok,,Timothy Weii,https://www.tiktok.com/@timothy_weii,HOLD_NEEDS_CHANNEL_REVIEW,NO_REVIEWED_PLATFORM_ACCOUNT_ID,False
tiktok:acct_2ab9bb9d02c6d92a09a4,tiktok,,Jozetté Wrasset | OAL,https://www.tiktok.com/@jozette_oal,HOLD_NEEDS_CHANNEL_REVIEW,NO_REVIEWED_PLATFORM_ACCOUNT_ID,False
tiktok:acct_2afa592987b8c9d8edcf,tiktok,,TEDDYBEL ch. ไลฟ์หลักบน YT,https://www.tiktok.com/@teddybel00,HOLD_NEEDS_CHANNEL_REVIEW,NO_REVIEWED_PLATFORM_ACCOUNT_ID,False
tiktok:acct_2bd050c29158e7165d02,tiktok,,Ociana Fala Ch,https://www.tiktok.com/@ocianafala,HOLD_NEEDS_CHANNEL_REVIEW,NO_REVIEWED_PLATFORM_ACCOUNT_ID,False
tiktok:acct_2c07977603203d705174,tiktok,,Xzest Exzeda,https://www.tiktok.com/@xzestz,HOLD_NEEDS_CHANNEL_REVIEW,NO_REVIEWED_PLATFORM_ACCOUNT_ID,False
tiktok:acct_2c27856009d2f4c889d1,tiktok,,sotareino,https://www.tiktok.com/@sotareino,HOLD_NEEDS_CHANNEL_REVIEW,NO_REVIEWED_PLATFORM_ACCOUNT_ID,False
tiktok:acct_2c2bff35d5429c50460b,tiktok,,FirstsLove [VZ],https://www.tiktok.com/@fl_firstslove,HOLD_NEEDS_CHANNEL_REVIEW,NO_REVIEWED_PLATFORM_ACCOUNT_ID,False
tiktok:acct_2cc41374efbf394c7836,tiktok,,Kuronami Hakumi’Ch 🤍💙,https://www.tiktok.com/@kuronami_hakumi,HOLD_NEEDS_CHANNEL_REVIEW,NO_REVIEWED_PLATFORM_ACCOUNT_ID,False
tiktok:acct_2cc58bdb58e186ea3667,tiktok,,แมวเทียร์🍟 V ที่ร้องเพงร๊อฆอะ,https://www.tiktok.com/@tearsofhecati.vtuberth,HOLD_NEEDS_CHANNEL_REVIEW,NO_REVIEWED_PLATFORM_ACCOUNT_ID,False
tiktok:acct_2cdee003a9514c7674be,tiktok,,ZAIN,https://www.tiktok.com/@zaindss,HOLD_NEEDS_CHANNEL_REVIEW,NO_REVIEWED_PLATFORM_ACCOUNT_ID,False
tiktok:acct_2d13c36b8df1ffa8d17c,tiktok,,PoychanArt,https://www.tiktok.com/@poychanart,HOLD_NEEDS_CHANNEL_REVIEW,NO_REVIEWED_PLATFORM_ACCOUNT_ID,False
tiktok:acct_2d2cac8229a0cd2a5030,tiktok,,FujiXY,https://www.tiktok.com/@fujixy,HOLD_NEEDS_CHANNEL_REVIEW,NO_REVIEWED_PLATFORM_ACCOUNT_ID,False
tiktok:acct_2d2ec422607e98b48748,tiktok,,Mizu Gracia,https://www.tiktok.com/@mizu_gracia,HOLD_NEEDS_CHANNEL_REVIEW,NO_REVIEWED_PLATFORM_ACCOUNT_ID,False
tiktok:acct_2d72193708bd55778aa0,tiktok,,Night Nyte✭,https://www.tiktok.com/@midnigh0606,HOLD_NEEDS_CHANNEL_REVIEW,NO_REVIEWED_PLATFORM_ACCOUNT_ID,False
tiktok:acct_2d7a86003bebcf9871ff,tiktok,,Alfred Ford [VtuberTH],https://www.tiktok.com/@fordkungch001,HOLD_NEEDS_CHANNEL_REVIEW,NO_REVIEWED_PLATFORM_ACCOUNT_ID,False
tiktok:acct_2d85531954f2b4e2e70e,tiktok,,Meraki Keimii,https://www.tiktok.com/@meraki_keimii,HOLD_NEEDS_CHANNEL_REVIEW,NO_REVIEWED_PLATFORM_ACCOUNT_ID,False
tiktok:acct_2d9707253eb4ce478eda,tiktok,,FALEN〔 𝐋𝐕 〕,https://www.tiktok.com/@falen_cvc,HOLD_NEEDS_CHANNEL_REVIEW,NO_REVIEWED_PLATFORM_ACCOUNT_ID,False
tiktok:acct_2df5b5bc9129b077abd0,tiktok,,นกเหลืองเยื้องขวา,https://www.tiktok.com/@dacapo_arp,HOLD_NEEDS_CHANNEL_REVIEW,NO_REVIEWED_PLATFORM_ACCOUNT_ID,False
tiktok:acct_2e13ff6214ac81e54022,tiktok,,Saamazu Suwai,https://www.tiktok.com/@saamazusuwai,HOLD_NEEDS_CHANNEL_REVIEW,NO_REVIEWED_PLATFORM_ACCOUNT_ID,False
tiktok:acct_2e6367dbf67d5a5f6ccb,tiktok,,นม เทาน,https://www.tiktok.com/@fumihausu,HOLD_NEEDS_CHANNEL_REVIEW,NO_REVIEWED_PLATFORM_ACCOUNT_ID,False
tiktok:acct_2f6cbfe5d9146e147ae3,tiktok,,ThuayFu_WolfCute,https://www.tiktok.com/@thuayfu_vtuber,HOLD_NEEDS_CHANNEL_REVIEW,NO_REVIEWED_PLATFORM_ACCOUNT_ID,False
tiktok:acct_2f731213d1fcd813c8f0,tiktok,,tinsleythefox,https://www.tiktok.com/@tinsleythefox,HOLD_NEEDS_CHANNEL_REVIEW,NO_REVIEWED_PLATFORM_ACCOUNT_ID,False
tiktok:acct_2f74e0602b453a59530e,tiktok,,Micaela Michelle,https://www.tiktok.com/@micaela.michelle8,HOLD_NEEDS_CHANNEL_REVIEW,NO_REVIEWED_PLATFORM_ACCOUNT_ID,False
tiktok:acct_2f8d4bd9ea08cd83e95f,tiktok,,Caelith Hoshizora,https://www.tiktok.com/@caelithhoshizora,HOLD_NEEDS_CHANNEL_REVIEW,NO_REVIEWED_PLATFORM_ACCOUNT_ID,False
tiktok:acct_3008ef8385c193d7d643,tiktok,,FarViny,https://www.tiktok.com/@farviny,HOLD_NEEDS_CHANNEL_REVIEW,NO_REVIEWED_PLATFORM_ACCOUNT_ID,False
tiktok:acct_3079185e8d6c89da6060,tiktok,,xcapuuccino_,https://www.tiktok.com/@xcapuuccino_,HOLD_NEEDS_CHANNEL_REVIEW,NO_REVIEWED_PLATFORM_ACCOUNT_ID,False
tiktok:acct_30aa83ec2a03df02a92b,tiktok,,krynaydin_ztp,https://www.tiktok.com/@krynaydin_ztp?_r=1&_t=zs-96fxyiet9pr,HOLD_NEEDS_CHANNEL_REVIEW,NO_REVIEWED_PLATFORM_ACCOUNT_ID,False
tiktok:acct_30d1a8daf5b37e84f395,tiktok,,Nagi.Idol.official,https://www.tiktok.com/@nagi.idol.official,HOLD_NEEDS_CHANNEL_REVIEW,NO_REVIEWED_PLATFORM_ACCOUNT_ID,False
tiktok:acct_30d879db1f0de7ec8520,tiktok,,BakurinS,https://www.tiktok.com/@bakurinneverdie,HOLD_NEEDS_CHANNEL_REVIEW,NO_REVIEWED_PLATFORM_ACCOUNT_ID,False
tiktok:acct_317e2d6643f7f58b9c4d,tiktok,,fuyukaida,https://www.tiktok.com/@fuyukaida,HOLD_NEEDS_CHANNEL_REVIEW,NO_REVIEWED_PLATFORM_ACCOUNT_ID,False
tiktok:acct_319cee18ec384830bd0d,tiktok,,Melinoir_Vtuber,https://www.tiktok.com/@melinoir_vtuberth,HOLD_NEEDS_CHANNEL_REVIEW,NO_REVIEWED_PLATFORM_ACCOUNT_ID,False
tiktok:acct_31f5ef3a8767ab938754,tiktok,,Nanoca ㌨ｶ 👹🍣 | VtuberTH,https://www.tiktok.com/@nanoca_vt,HOLD_NEEDS_CHANNEL_REVIEW,NO_REVIEWED_PLATFORM_ACCOUNT_ID,False
tiktok:acct_3289fbfb3673066991f0,tiktok,,Nao Mukutsuki,https://www.tiktok.com/@nao_mukutsuki,HOLD_NEEDS_CHANNEL_REVIEW,NO_REVIEWED_PLATFORM_ACCOUNT_ID,False
tiktok:acct_32b7e3dd59db771c209b,tiktok,,shirowashi_,https://www.tiktok.com/@shirowashi_,HOLD_NEEDS_CHANNEL_REVIEW,NO_REVIEWED_PLATFORM_ACCOUNT_ID,False
tiktok:acct_33014e71a6ed6422bf72,tiktok,,Mycara Melony,https://www.tiktok.com/@mycara_melony,HOLD_NEEDS_CHANNEL_REVIEW,NO_REVIEWED_PLATFORM_ACCOUNT_ID,False
tiktok:acct_3307c44a336821607f5f,tiktok,,YamaTengu,https://www.tiktok.com/@yama_tengu,HOLD_NEEDS_CHANNEL_REVIEW,NO_REVIEWED_PLATFORM_ACCOUNT_ID,False
tiktok:acct_3311ec39c50c9cb00f53,tiktok,,Minna Haiyaka,https://www.tiktok.com/@menuwuqwq,HOLD_NEEDS_CHANNEL_REVIEW,NO_REVIEWED_PLATFORM_ACCOUNT_ID,False
tiktok:acct_334166a9051c90f40614,tiktok,,TOP 【ASTRAY】,https://www.tiktok.com/@top_astray,HOLD_NEEDS_CHANNEL_REVIEW,NO_REVIEWED_PLATFORM_ACCOUNT_ID,False
tiktok:acct_3384f5ef3999f51fbdbe,tiktok,,Tsukiko《 SUI & SMAI 》,https://www.tiktok.com/@tsukikosui,HOLD_NEEDS_CHANNEL_REVIEW,NO_REVIEWED_PLATFORM_ACCOUNT_ID,False
tiktok:acct_341cc7e38e7300bfb030,tiktok,,Stunkung,https://www.tiktok.com/@stunkung99,HOLD_NEEDS_CHANNEL_REVIEW,NO_REVIEWED_PLATFORM_ACCOUNT_ID,False
tiktok:acct_34866f5f0db246256086,tiktok,,Uniwii_ARP,https://www.tiktok.com/@uniwii_arp,HOLD_NEEDS_CHANNEL_REVIEW,NO_REVIEWED_PLATFORM_ACCOUNT_ID,False
tiktok:acct_349dd42b751309a1d257,tiktok,,RIPry - ริบหรี่,https://www.tiktok.com/@ripry.official,HOLD_NEEDS_CHANNEL_REVIEW,NO_REVIEWED_PLATFORM_ACCOUNT_ID,False
tiktok:acct_34d5a9ee88653fd7cc72,tiktok,,์Nicole BLANK,https://www.tiktok.com/@nicole_blank00,HOLD_NEEDS_CHANNEL_REVIEW,NO_REVIEWED_PLATFORM_ACCOUNT_ID,False
tiktok:acct_353e0bc39c9f60b0df34,tiktok,,housagi.epr,https://www.tiktok.com/@housagi.epr,HOLD_NEEDS_CHANNEL_REVIEW,NO_REVIEWED_PLATFORM_ACCOUNT_ID,False
tiktok:acct_35ee6f4c7f763c6adcc3,tiktok,,9orenji,https://www.tiktok.com/@9orenji,HOLD_NEEDS_CHANNEL_REVIEW,NO_REVIEWED_PLATFORM_ACCOUNT_ID,False
tiktok:acct_361f28739e7bdd957e3b,tiktok,,Ume しのはな,https://www.tiktok.com/@ume.pinko,HOLD_NEEDS_CHANNEL_REVIEW,NO_REVIEWED_PLATFORM_ACCOUNT_ID,False
tiktok:acct_366b92a1b68a3e29645a,tiktok,,JomJam,https://www.tiktok.com/@jomjam_slx,HOLD_NEEDS_CHANNEL_REVIEW,NO_REVIEWED_PLATFORM_ACCOUNT_ID,False
tiktok:acct_368b591a1142a74fa88f,tiktok,,ChaLaew,https://www.tiktok.com/@chalaewwww,HOLD_NEEDS_CHANNEL_REVIEW,NO_REVIEWED_PLATFORM_ACCOUNT_ID,False
tiktok:acct_36a00077e431f5da0450,tiktok,,叶龙 | Yelong,https://www.tiktok.com/@yelong_vth,HOLD_NEEDS_CHANNEL_REVIEW,NO_REVIEWED_PLATFORM_ACCOUNT_ID,False
tiktok:acct_36c2ad784abd8c87c3fa,tiktok,,jiminelz,https://www.tiktok.com/@jiminelz,HOLD_NEEDS_CHANNEL_REVIEW,NO_REVIEWED_PLATFORM_ACCOUNT_ID,False
tiktok:acct_36c59c4c61c0882512f0,tiktok,,Flora ∅ Project,https://www.tiktok.com/@flora_zero_project,HOLD_NEEDS_CHANNEL_REVIEW,NO_REVIEWED_PLATFORM_ACCOUNT_ID,False
tiktok:acct_36de393a5765b30be08a,tiktok,,snackbarmenu,https://www.tiktok.com/@snackbarmenu,HOLD_NEEDS_CHANNEL_REVIEW,NO_REVIEWED_PLATFORM_ACCOUNT_ID,False
tiktok:acct_36f11b991b1ddc89226e,tiktok,,Killmonnks,https://www.tiktok.com/@killmonnks,HOLD_NEEDS_CHANNEL_REVIEW,NO_REVIEWED_PLATFORM_ACCOUNT_ID,False
tiktok:acct_36f910380a9663f13651,tiktok,,OdiareCh,https://www.tiktok.com/@odiarech,HOLD_NEEDS_CHANNEL_REVIEW,NO_REVIEWED_PLATFORM_ACCOUNT_ID,False
tiktok:acct_372af81e0d8edd06d9d7,tiktok,,Maimai,https://www.tiktok.com/@maimai_b8,HOLD_NEEDS_CHANNEL_REVIEW,NO_REVIEWED_PLATFORM_ACCOUNT_ID,False
tiktok:acct_3794a7b78dfebaaf80f1,tiktok,,Riku_marana,https://www.tiktok.com/@riku_marana,HOLD_NEEDS_CHANNEL_REVIEW,NO_REVIEWED_PLATFORM_ACCOUNT_ID,False
tiktok:acct_379816aa006d879e8e8c,tiktok,,เม้วจะม่อง,https://www.tiktok.com/@miyathemelfvt,HOLD_NEEDS_CHANNEL_REVIEW,NO_REVIEWED_PLATFORM_ACCOUNT_ID,False
tiktok:acct_37af3308dcced5818ef6,tiktok,,TAIYO BOUKEN!,https://www.tiktok.com/@taiyobouken,HOLD_NEEDS_CHANNEL_REVIEW,NO_REVIEWED_PLATFORM_ACCOUNT_ID,False
tiktok:acct_37b149935ed55490b8b0,tiktok,,Jolly Estaa,https://www.tiktok.com/@jolly_estaa,HOLD_NEEDS_CHANNEL_REVIEW,NO_REVIEWED_PLATFORM_ACCOUNT_ID,False
tiktok:acct_37d0a72be001c53a1e3b,tiktok,,3lvinia,https://www.tiktok.com/@3lvinia,HOLD_NEEDS_CHANNEL_REVIEW,NO_REVIEWED_PLATFORM_ACCOUNT_ID,False
tiktok:acct_37d5856e8bc0cfddc64a,tiktok,,เพื่อนสนิทคิด(เงิน)เกินเพื่อน,https://www.tiktok.com/@schneider_arp,HOLD_NEEDS_CHANNEL_REVIEW,NO_REVIEWED_PLATFORM_ACCOUNT_ID,False
tiktok:acct_380a9a78a994f6c6854e,tiktok,,Pleiades Frontier,https://www.tiktok.com/@pleiades_frontier,HOLD_NEEDS_CHANNEL_REVIEW,NO_REVIEWED_PLATFORM_ACCOUNT_ID,False
tiktok:acct_38244147916c73feaf95,tiktok,,เด็กชายพีบีตัวจิง,https://www.tiktok.com/@phoebebuddyvz,HOLD_NEEDS_CHANNEL_REVIEW,NO_REVIEWED_PLATFORM_ACCOUNT_ID,False
tiktok:acct_385f5d1f73b8cdf5b024,tiktok,,Latte_ Lamilla,https://www.tiktok.com/@latte_lamilla,HOLD_NEEDS_CHANNEL_REVIEW,NO_REVIEWED_PLATFORM_ACCOUNT_ID,False
tiktok:acct_387657c220e957083e9d,tiktok,,LIVIANA,https://www.tiktok.com/@liviana_vwitch,HOLD_NEEDS_CHANNEL_REVIEW,NO_REVIEWED_PLATFORM_ACCOUNT_ID,False
tiktok:acct_38980dd8e28da6180fd8,tiktok,,Julius Kosmolatria | VTuber,https://www.tiktok.com/@julius.kosmolatria,HOLD_NEEDS_CHANNEL_REVIEW,NO_REVIEWED_PLATFORM_ACCOUNT_ID,False
tiktok:acct_38b2bbf9908011f984e7,tiktok,,Turbo (เทอโบ) | V.W.Y,https://www.tiktok.com/@turbovwy,HOLD_NEEDS_CHANNEL_REVIEW,NO_REVIEWED_PLATFORM_ACCOUNT_ID,False
tiktok:acct_39a3a861754547151853,tiktok,,Minami Cera,https://www.tiktok.com/@ceraplg,HOLD_NEEDS_CHANNEL_REVIEW,NO_REVIEWED_PLATFORM_ACCOUNT_ID,False
tiktok:acct_3a3cdbe331b68a945bfa,tiktok,,Shirou Ch.,https://www.tiktok.com/@shiroutsurugi,HOLD_NEEDS_CHANNEL_REVIEW,NO_REVIEWED_PLATFORM_ACCOUNT_ID,False
tiktok:acct_3a6797a439d807507b3c,tiktok,,Umi Uzagi 🐰🪸,https://www.tiktok.com/@umiuzagi_vth,HOLD_NEEDS_CHANNEL_REVIEW,NO_REVIEWED_PLATFORM_ACCOUNT_ID,False
tiktok:acct_3a69bba7a7c76ddf46e7,tiktok,,MinaFalala,https://www.tiktok.com/@mina_falala,HOLD_NEEDS_CHANNEL_REVIEW,NO_REVIEWED_PLATFORM_ACCOUNT_ID,False
tiktok:acct_3a9576154af78ed02991,tiktok,,CIEL『 𝗘𝗣𝗥 』.Vtuber,https://www.tiktok.com/@ciel_epr,HOLD_NEEDS_CHANNEL_REVIEW,NO_REVIEWED_PLATFORM_ACCOUNT_ID,False
tiktok:acct_3a9ed57348663fbc46c0,tiktok,,MaëlFritz Channel,https://www.tiktok.com/@maelfritz.channl,HOLD_NEEDS_CHANNEL_REVIEW,NO_REVIEWED_PLATFORM_ACCOUNT_ID,False
tiktok:acct_3aa092306dff579d5a06,tiktok,,Gumo【Ti19t】,https://www.tiktok.com/@jorogumov,HOLD_NEEDS_CHANNEL_REVIEW,NO_REVIEWED_PLATFORM_ACCOUNT_ID,False
tiktok:acct_3aa22122c5ed36f46a5c,tiktok,,Project C,https://www.tiktok.com/@project_c.vz,HOLD_NEEDS_CHANNEL_REVIEW,NO_REVIEWED_PLATFORM_ACCOUNT_ID,False
tiktok:acct_3ad02c4dbdd25af08a67,tiktok,,WineVy🐰 | VtuberTH,https://www.tiktok.com/@wine_vylalun,HOLD_NEEDS_CHANNEL_REVIEW,NO_REVIEWED_PLATFORM_ACCOUNT_ID,False
tiktok:acct_3c47b8154f8dcd0fc6b6,tiktok,,ผู้พิทักษ์แมวส้ม,https://www.tiktok.com/@peacherem,HOLD_NEEDS_CHANNEL_REVIEW,NO_REVIEWED_PLATFORM_ACCOUNT_ID,False
tiktok:acct_3c4fecc1fef083c878ed,tiktok,,kazuha かずは,https://www.tiktok.com/@kenzuzuha,HOLD_NEEDS_CHANNEL_REVIEW,NO_REVIEWED_PLATFORM_ACCOUNT_ID,False
tiktok:acct_3c6cf5efaf78586aee8d,tiktok,,Okami Takuma Ch.,https://www.tiktok.com/@okami_takuma,HOLD_NEEDS_CHANNEL_REVIEW,NO_REVIEWED_PLATFORM_ACCOUNT_ID,False
tiktok:acct_3ca72476d2144152327a,tiktok,,genbu《ISP》,https://www.tiktok.com/@genbu_irission,HOLD_NEEDS_CHANNEL_REVIEW,NO_REVIEWED_PLATFORM_ACCOUNT_ID,False
tiktok:acct_3cc01b6dc4c41d4b4126,tiktok,,martiin ch.,https://www.tiktok.com/@martiinch,HOLD_NEEDS_CHANNEL_REVIEW,NO_REVIEWED_PLATFORM_ACCOUNT_ID,False
tiktok:acct_3d17f1e26f5bd4fa97b2,tiktok,,effy_arp,https://www.tiktok.com/@effy_arp,HOLD_NEEDS_CHANNEL_REVIEW,NO_REVIEWED_PLATFORM_ACCOUNT_ID,False
tiktok:acct_3d22f5164721856a38ab,tiktok,,Cliche🎬🖊🧡〖SSR〗,https://www.tiktok.com/@cliche_ssr,HOLD_NEEDS_CHANNEL_REVIEW,NO_REVIEWED_PLATFORM_ACCOUNT_ID,False
tiktok:acct_3df4ceaa534ea1f56700,tiktok,,Narelle_FIXIXVT,https://www.tiktok.com/@narelle_fixixvt,HOLD_NEEDS_CHANNEL_REVIEW,NO_REVIEWED_PLATFORM_ACCOUNT_ID,False
tiktok:acct_3df8711eae313693e338,tiktok,,Darchelle🌑✨ | VtuberTH,https://www.tiktok.com/@darchelle_vtuber,HOLD_NEEDS_CHANNEL_REVIEW,NO_REVIEWED_PLATFORM_ACCOUNT_ID,False
tiktok:acct_3ef7867d0742b05eb08e,tiktok,,Unnämed,https://www.tiktok.com/@unnamednow00,HOLD_NEEDS_CHANNEL_REVIEW,NO_REVIEWED_PLATFORM_ACCOUNT_ID,False
tiktok:acct_3f4562c127071f6458a8,tiktok,,uSTRYKER_Vtuber,https://www.tiktok.com/@urstryker,HOLD_NEEDS_CHANNEL_REVIEW,NO_REVIEWED_PLATFORM_ACCOUNT_ID,False
tiktok:acct_3f4d3ab403f117c7ee6e,tiktok,,RoxzyVtuber,https://www.tiktok.com/@sleepyroxzy,HOLD_NEEDS_CHANNEL_REVIEW,NO_REVIEWED_PLATFORM_ACCOUNT_ID,False
tiktok:acct_3f6955fceeadcaf4fb3d,tiktok,,Maew Baew,https://www.tiktok.com/@maewbaewvtuber,HOLD_NEEDS_CHANNEL_REVIEW,NO_REVIEWED_PLATFORM_ACCOUNT_ID,False
tiktok:acct_3f6989fbfe1417b119bf,tiktok,,NoA Noaris,https://www.tiktok.com/@noa_noaris,HOLD_NEEDS_CHANNEL_REVIEW,NO_REVIEWED_PLATFORM_ACCOUNT_ID,False
tiktok:acct_3ffa1c8df92969c7e168,tiktok,,STATE & SIA,https://www.tiktok.com/@statesia.vz,HOLD_NEEDS_CHANNEL_REVIEW,NO_REVIEWED_PLATFORM_ACCOUNT_ID,False
tiktok:acct_40fa0cdda2ba2739eade,tiktok,,Astrea Ch. アストリア〖ECR〗,https://www.tiktok.com/@astreaastr,HOLD_NEEDS_CHANNEL_REVIEW,NO_REVIEWED_PLATFORM_ACCOUNT_ID,False
tiktok:acct_413eba09af2e11d5bbce,tiktok,,HEXO,https://www.tiktok.com/@hexovibeent,HOLD_NEEDS_CHANNEL_REVIEW,NO_REVIEWED_PLATFORM_ACCOUNT_ID,False
tiktok:acct_416c2ba7b4b24bbb1b0a,tiktok,,Puffy Fluffy,https://www.tiktok.com/@puffyvtuber_,HOLD_NEEDS_CHANNEL_REVIEW,NO_REVIEWED_PLATFORM_ACCOUNT_ID,False
tiktok:acct_4185d04803719faa9494,tiktok,,Penelope Pink,https://www.tiktok.com/@pennypenepink,HOLD_NEEDS_CHANNEL_REVIEW,NO_REVIEWED_PLATFORM_ACCOUNT_ID,False
tiktok:acct_41881d55d53b1f750058,tiktok,,kiku_himegu,https://www.tiktok.com/@kiku_himegu,HOLD_NEEDS_CHANNEL_REVIEW,NO_REVIEWED_PLATFORM_ACCOUNT_ID,False
tiktok:acct_41c82b9cdacafcf32772,tiktok,,Killian Mare,https://www.tiktok.com/@killian_xoxo,HOLD_NEEDS_CHANNEL_REVIEW,NO_REVIEWED_PLATFORM_ACCOUNT_ID,False
tiktok:acct_41df0f71f3a274af1044,tiktok,,[ad] Khaow,https://www.tiktok.com/@adkhaow,HOLD_NEEDS_CHANNEL_REVIEW,NO_REVIEWED_PLATFORM_ACCOUNT_ID,False
tiktok:acct_42ed0467e4aa2c399ee7,tiktok,,Urana Sheefour,https://www.tiktok.com/@urana_vtuber,HOLD_NEEDS_CHANNEL_REVIEW,NO_REVIEWED_PLATFORM_ACCOUNT_ID,False
tiktok:acct_433840c892945ea8b29c,tiktok,,Lucia Xavier,https://www.tiktok.com/@lucia_xavier_,HOLD_NEEDS_CHANNEL_REVIEW,NO_REVIEWED_PLATFORM_ACCOUNT_ID,False
tiktok:acct_438f2836564f1c23d870,tiktok,,KamikoShogo,https://www.tiktok.com/@kamikoshogo,HOLD_NEEDS_CHANNEL_REVIEW,NO_REVIEWED_PLATFORM_ACCOUNT_ID,False
tiktok:acct_43a0a9320b8deaddcbc8,tiktok,,fxoverpur_,https://www.tiktok.com/@fxoverpur_,HOLD_NEEDS_CHANNEL_REVIEW,NO_REVIEWED_PLATFORM_ACCOUNT_ID,False
tiktok:acct_43d12aae8fcb482eaa97,tiktok,,Nagumo Vtuber ⛈️,https://www.tiktok.com/@nagumoiscoolvt,HOLD_NEEDS_CHANNEL_REVIEW,NO_REVIEWED_PLATFORM_ACCOUNT_ID,False
tiktok:acct_43e7e9f8ab968aeb50f3,tiktok,,SunfishCh,https://www.tiktok.com/@sunfishch,HOLD_NEEDS_CHANNEL_REVIEW,NO_REVIEWED_PLATFORM_ACCOUNT_ID,False
tiktok:acct_44302576faddb1559b55,tiktok,,leonthepinklion,https://www.tiktok.com/@leonthepinklion,HOLD_NEEDS_CHANNEL_REVIEW,NO_REVIEWED_PLATFORM_ACCOUNT_ID,False
tiktok:acct_4538802e7999162f08ba,tiktok,,Pixiang Meiyin,https://www.tiktok.com/@meiyinmutelu,HOLD_NEEDS_CHANNEL_REVIEW,NO_REVIEWED_PLATFORM_ACCOUNT_ID,False
tiktok:acct_45bc303423ddcd8569e0,tiktok,,Amu V Ch.,https://www.tiktok.com/@amuvch,HOLD_NEEDS_CHANNEL_REVIEW,NO_REVIEWED_PLATFORM_ACCOUNT_ID,False
tiktok:acct_45c7350bffadca39f6a8,tiktok,,LittleG นักศึกษาไส้แห้ง,https://www.tiktok.com/@littlegwarin,HOLD_NEEDS_CHANNEL_REVIEW,NO_REVIEWED_PLATFORM_ACCOUNT_ID,False
tiktok:acct_460a9f7d26a2d1b1c86a,tiktok,,Calmmunessu,https://www.tiktok.com/@calmmunessu,HOLD_NEEDS_CHANNEL_REVIEW,NO_REVIEWED_PLATFORM_ACCOUNT_ID,False
tiktok:acct_46589fdbb427462f6efe,tiktok,,AdisonEiya_DVP,https://www.tiktok.com/@adisoneiya_dvp,HOLD_NEEDS_CHANNEL_REVIEW,NO_REVIEWED_PLATFORM_ACCOUNT_ID,False
tiktok:acct_465fb39008136205ac54,tiktok,,Scent,https://www.tiktok.com/@scentharmony67,HOLD_NEEDS_CHANNEL_REVIEW,NO_REVIEWED_PLATFORM_ACCOUNT_ID,False
tiktok:acct_46820ee43020d9ad12d0,tiktok,,AquaMarinia,https://www.tiktok.com/@aquamariniaa,HOLD_NEEDS_CHANNEL_REVIEW,NO_REVIEWED_PLATFORM_ACCOUNT_ID,False
tiktok:acct_4686f09238c48a846eed,tiktok,,Sahnowwwwwww,https://www.tiktok.com/@snoww_bunbun,HOLD_NEEDS_CHANNEL_REVIEW,NO_REVIEWED_PLATFORM_ACCOUNT_ID,False
tiktok:acct_46d3bf4b6a7d39da5bb3,tiktok,,Kamiyu Reirin,https://www.tiktok.com/@kamiyu_reirin,HOLD_NEEDS_CHANNEL_REVIEW,NO_REVIEWED_PLATFORM_ACCOUNT_ID,False
tiktok:acct_46d843a9a1803c19e332,tiktok,,3AM | ตีสาม 🐈‍⬛👻,https://www.tiktok.com/@3am_vtuber,HOLD_NEEDS_CHANNEL_REVIEW,NO_REVIEWED_PLATFORM_ACCOUNT_ID,False
tiktok:acct_470279e7fcf4d5c479d5,tiktok,,กลิ่นทอง | Klinthong 【RE:S】,https://www.tiktok.com/@klinthong_res,HOLD_NEEDS_CHANNEL_REVIEW,NO_REVIEWED_PLATFORM_ACCOUNT_ID,False
tiktok:acct_471f6380ab3186a1bb23,tiktok,,Kafune CH.,https://www.tiktok.com/@kafune_ch,HOLD_NEEDS_CHANNEL_REVIEW,NO_REVIEWED_PLATFORM_ACCOUNT_ID,False
tiktok:acct_47210028e506009b0b5c,tiktok,,Joshua Harley,https://www.tiktok.com/@joshua_acastled,HOLD_NEEDS_CHANNEL_REVIEW,NO_REVIEWED_PLATFORM_ACCOUNT_ID,False
tiktok:acct_472bb27f4ea56f240bbe,tiktok,,MaddoxTherOrder,https://www.tiktok.com/@maddoxtherorder,HOLD_NEEDS_CHANNEL_REVIEW,NO_REVIEWED_PLATFORM_ACCOUNT_ID,False
tiktok:acct_4769acffb8fd06d17493,tiktok,,Kamichi,https://www.tiktok.com/@kamikami.pochi,HOLD_NEEDS_CHANNEL_REVIEW,NO_REVIEWED_PLATFORM_ACCOUNT_ID,False
tiktok:acct_479d62b86dddba1f8026,tiktok,,AyrisB,https://www.tiktok.com/@ayrisbelle,HOLD_NEEDS_CHANNEL_REVIEW,NO_REVIEWED_PLATFORM_ACCOUNT_ID,False
tiktok:acct_479fe15bb81031054019,tiktok,,Evelyn Treeswift💙,https://www.tiktok.com/@evelyn_kwikkk,HOLD_NEEDS_CHANNEL_REVIEW,NO_REVIEWED_PLATFORM_ACCOUNT_ID,False
tiktok:acct_47f065e9af0fec6e098a,tiktok,,Stamp LMTY  ⌜VZ⌟,https://www.tiktok.com/@stamplmty,HOLD_NEEDS_CHANNEL_REVIEW,NO_REVIEWED_PLATFORM_ACCOUNT_ID,False
tiktok:acct_48147cd314e6a9a73be6,tiktok,,อิส'เรียล,https://www.tiktok.com/@railoney.ch,HOLD_NEEDS_CHANNEL_REVIEW,NO_REVIEWED_PLATFORM_ACCOUNT_ID,False
tiktok:acct_483651d94de7df590ddc,tiktok,,Linlin ❤️| VtuberTH,https://www.tiktok.com/@lin_lindarling,HOLD_NEEDS_CHANNEL_REVIEW,NO_REVIEWED_PLATFORM_ACCOUNT_ID,False
tiktok:acct_4893ea3729ac1e627c57,tiktok,,Wynn Carwin | OAL,https://www.tiktok.com/@wynn_oal,HOLD_NEEDS_CHANNEL_REVIEW,NO_REVIEWED_PLATFORM_ACCOUNT_ID,False
tiktok:acct_48af4d66a313c03ff72a,tiktok,,phelita_epr,https://www.tiktok.com/@phelita_epr,HOLD_NEEDS_CHANNEL_REVIEW,NO_REVIEWED_PLATFORM_ACCOUNT_ID,False
tiktok:acct_48b8a87e8d56fc6d74ee,tiktok,,𝙓𝙄𝙉𝙋𝙄𝘼 🦊☯️🌸 ⌜VZ⌟,https://www.tiktok.com/@xinpia03,HOLD_NEEDS_CHANNEL_REVIEW,NO_REVIEWED_PLATFORM_ACCOUNT_ID,False
tiktok:acct_49234f5329c6a3bad6a3,tiktok,,LayLight,https://www.tiktok.com/@laychlype_alf,HOLD_NEEDS_CHANNEL_REVIEW,NO_REVIEWED_PLATFORM_ACCOUNT_ID,False
tiktok:acct_4923a6b16ea7211453de,tiktok,,NANOZERO,https://www.tiktok.com/@nanozero0,HOLD_NEEDS_CHANNEL_REVIEW,NO_REVIEWED_PLATFORM_ACCOUNT_ID,False
tiktok:acct_4a8bbc25c06b060403f2,tiktok,,Poru ARP,https://www.tiktok.com/@poru_arp,HOLD_NEEDS_CHANNEL_REVIEW,NO_REVIEWED_PLATFORM_ACCOUNT_ID,False
tiktok:acct_4abb9eb65077a8e3ca28,tiktok,,เคอเรนเซียวีปกติɞ,https://www.tiktok.com/@kungphaokung,HOLD_NEEDS_CHANNEL_REVIEW,NO_REVIEWED_PLATFORM_ACCOUNT_ID,False
tiktok:acct_4b1acfe4b648dc83c1f6,tiktok,,✝ 𝕄𝕚𝕘𝕦𝕖𝕝ℕ𝕠𝕩𝕫 ✝,https://www.tiktok.com/@miguelnoxz,HOLD_NEEDS_CHANNEL_REVIEW,NO_REVIEWED_PLATFORM_ACCOUNT_ID,False
tiktok:acct_4b32e06bc72e3108fe26,tiktok,,Rahhatem【PSM】,https://www.tiktok.com/@rahhatem_vtuber,HOLD_NEEDS_CHANNEL_REVIEW,NO_REVIEWED_PLATFORM_ACCOUNT_ID,False
tiktok:acct_4b7696b21e7180439efe,tiktok,,BRRWYN,https://www.tiktok.com/@brrwynvibeent,HOLD_NEEDS_CHANNEL_REVIEW,NO_REVIEWED_PLATFORM_ACCOUNT_ID,False
tiktok:acct_4b814b46c6245b717146,tiktok,,NakiRiku Ch.,https://www.tiktok.com/@nakirikuch,HOLD_NEEDS_CHANNEL_REVIEW,NO_REVIEWED_PLATFORM_ACCOUNT_ID,False
tiktok:acct_4b941d878e1490be68b2,tiktok,,ปล่อยเพลงใหม่ครับ Aikaze,https://www.tiktok.com/@shin_aikaze,HOLD_NEEDS_CHANNEL_REVIEW,NO_REVIEWED_PLATFORM_ACCOUNT_ID,False
tiktok:acct_4b990571573c274ea0cd,tiktok,,maaethegreatest,https://www.tiktok.com/@maaethegreatest,HOLD_NEEDS_CHANNEL_REVIEW,NO_REVIEWED_PLATFORM_ACCOUNT_ID,False
tiktok:acct_4ba05f9be2661cb17b03,tiktok,,Princess Zelina,https://www.tiktok.com/@zelina_pix,HOLD_NEEDS_CHANNEL_REVIEW,NO_REVIEWED_PLATFORM_ACCOUNT_ID,False
tiktok:acct_4bc3a764255a32250504,tiktok,,ZOECVC,https://www.tiktok.com/@zoe.cvc_vtuber,HOLD_NEEDS_CHANNEL_REVIEW,NO_REVIEWED_PLATFORM_ACCOUNT_ID,False
tiktok:acct_4bdc3f4606442fbf264d,tiktok,,Samegi Navin Ch,https://www.tiktok.com/@sameginavinch,HOLD_NEEDS_CHANNEL_REVIEW,NO_REVIEWED_PLATFORM_ACCOUNT_ID,False
tiktok:acct_4bdf179438ea2740c0a4,tiktok,,NEBUEL☄️DE-PHANTOM | WIS,https://www.tiktok.com/@nebuel.wis,HOLD_NEEDS_CHANNEL_REVIEW,NO_REVIEWED_PLATFORM_ACCOUNT_ID,False
tiktok:acct_4be568b9aefe424f57ac,tiktok,,Mimia .UQN,https://www.tiktok.com/@mimia.uqn,HOLD_NEEDS_CHANNEL_REVIEW,NO_REVIEWED_PLATFORM_ACCOUNT_ID,False
tiktok:acct_4c32f40828d4ef90c6fa,tiktok,,Seijo🦋✂️Vtuber,https://www.tiktok.com/@seijo.ch,HOLD_NEEDS_CHANNEL_REVIEW,NO_REVIEWED_PLATFORM_ACCOUNT_ID,False
tiktok:acct_4c8407c3ba0291e14de8,tiktok,,Ginnique 《 ARP 》ตัวปลอม,https://www.tiktok.com/@ginnique_arp,HOLD_NEEDS_CHANNEL_REVIEW,NO_REVIEWED_PLATFORM_ACCOUNT_ID,False
tiktok:acct_4cba7674d78c25d25ac2,tiktok,,Mali 🐯🩵 | VTuberTH【SLR】,https://www.tiktok.com/@mali.slr,HOLD_NEEDS_CHANNEL_REVIEW,NO_REVIEWED_PLATFORM_ACCOUNT_ID,False
tiktok:acct_4d0e461e89d6327b631c,tiktok,,Vaelz Ch.,https://www.tiktok.com/@vaelzch,HOLD_NEEDS_CHANNEL_REVIEW,NO_REVIEWED_PLATFORM_ACCOUNT_ID,False
tiktok:acct_4d4a3120c6d7bf60118a,tiktok,,Melanox Lunix「ALF」,https://www.tiktok.com/@melanoxlunix_alf,HOLD_NEEDS_CHANNEL_REVIEW,NO_REVIEWED_PLATFORM_ACCOUNT_ID,False
tiktok:acct_4e2e87aed7193141df54,tiktok,,shunka_ine[NEX],https://www.tiktok.com/@shunka_ine,HOLD_NEEDS_CHANNEL_REVIEW,NO_REVIEWED_PLATFORM_ACCOUNT_ID,False
tiktok:acct_4e5c289f88681f050c90,tiktok,,jaoguin / เจ้ากวิน,https://www.tiktok.com/@jaoguin_,HOLD_NEEDS_CHANNEL_REVIEW,NO_REVIEWED_PLATFORM_ACCOUNT_ID,False
tiktok:acct_4ea8b1c1a0a692e09db2,tiktok,,SeaU✨️⚓️,https://www.tiktok.com/@undertheseau_cra,HOLD_NEEDS_CHANNEL_REVIEW,NO_REVIEWED_PLATFORM_ACCOUNT_ID,False
tiktok:acct_4ee85b576887d4afe9fb,tiktok,,Eveshaiah Miraclover,https://www.tiktok.com/@eveshaiahmutelu,HOLD_NEEDS_CHANNEL_REVIEW,NO_REVIEWED_PLATFORM_ACCOUNT_ID,False
tiktok:acct_4fa587d533fec1c42dab,tiktok,,Once A Live,https://www.tiktok.com/@oncealive.project,HOLD_NEEDS_CHANNEL_REVIEW,NO_REVIEWED_PLATFORM_ACCOUNT_ID,False
tiktok:acct_501e442beb36209aacb2,tiktok,,zaliviazaly,https://www.tiktok.com/@zaliviazaly,HOLD_NEEDS_CHANNEL_REVIEW,NO_REVIEWED_PLATFORM_ACCOUNT_ID,False
tiktok:acct_5083dbe18aa153956a17,tiktok,,lyneth,https://www.tiktok.com/@felynfrostbite,HOLD_NEEDS_CHANNEL_REVIEW,NO_REVIEWED_PLATFORM_ACCOUNT_ID,False
tiktok:acct_508a9ddbd7b1c501284e,tiktok,,layniazia,https://www.tiktok.com/@layniazia,HOLD_NEEDS_CHANNEL_REVIEW,NO_REVIEWED_PLATFORM_ACCOUNT_ID,False
tiktok:acct_50eb07e2911585443559,tiktok,,SeraPhyne,https://www.tiktok.com/@seraphyne_ch,HOLD_NEEDS_CHANNEL_REVIEW,NO_REVIEWED_PLATFORM_ACCOUNT_ID,False
tiktok:acct_5176aaad520f59a92f06,tiktok,,Laibaht / หลายบาท,https://www.tiktok.com/@manybaht,HOLD_NEEDS_CHANNEL_REVIEW,NO_REVIEWED_PLATFORM_ACCOUNT_ID,False
tiktok:acct_5185fe63b9dbbedd95c7,tiktok,,Zin’fandel「ZTP」,https://www.tiktok.com/@zinfandel_ztp,HOLD_NEEDS_CHANNEL_REVIEW,NO_REVIEWED_PLATFORM_ACCOUNT_ID,False
tiktok:acct_519187b695a2ead34b84,tiktok,,AltairAlAl✨,https://www.tiktok.com/@altair_alal,HOLD_NEEDS_CHANNEL_REVIEW,NO_REVIEWED_PLATFORM_ACCOUNT_ID,False
tiktok:acct_528d1e44bd0211ff8e13,tiktok,,ShadowPlayer Ch,https://www.tiktok.com/@shadowplayerch,HOLD_NEEDS_CHANNEL_REVIEW,NO_REVIEWED_PLATFORM_ACCOUNT_ID,False
tiktok:acct_536c3187d9940f1f0084,tiktok,,Maluto ♾️ LDKTC,https://www.tiktok.com/@me_ldktc,HOLD_NEEDS_CHANNEL_REVIEW,NO_REVIEWED_PLATFORM_ACCOUNT_ID,False
tiktok:acct_538258368146d009ae65,tiktok,,Shiroi Ame,https://www.tiktok.com/@shir0iame,HOLD_NEEDS_CHANNEL_REVIEW,NO_REVIEWED_PLATFORM_ACCOUNT_ID,False
tiktok:acct_5396b89d4600283ffe25,tiktok,,Mona Lucene🌜,https://www.tiktok.com/@plglucene,HOLD_NEEDS_CHANNEL_REVIEW,NO_REVIEWED_PLATFORM_ACCOUNT_ID,False
tiktok:acct_53b50a0ef866bc676734,tiktok,,Elizon_AST,https://www.tiktok.com/@elizon_ast,HOLD_NEEDS_CHANNEL_REVIEW,NO_REVIEWED_PLATFORM_ACCOUNT_ID,False
tiktok:acct_53b852037759a414f7ed,tiktok,,Aythecard,https://www.tiktok.com/@aytheravt,HOLD_NEEDS_CHANNEL_REVIEW,NO_REVIEWED_PLATFORM_ACCOUNT_ID,False
tiktok:acct_53dba1399a92750be289,tiktok,,Alvina Ch✨,https://www.tiktok.com/@alvinach1,HOLD_NEEDS_CHANNEL_REVIEW,NO_REVIEWED_PLATFORM_ACCOUNT_ID,False
tiktok:acct_53e907f12e0313e9953d,tiktok,,zolrenx โซเร็น 🦇🍷,https://www.tiktok.com/@zolrenx,HOLD_NEEDS_CHANNEL_REVIEW,NO_REVIEWED_PLATFORM_ACCOUNT_ID,False
tiktok:acct_5424a5108d0d983abbc1,tiktok,,Sataru【21PM】,https://www.tiktok.com/@sataru21pm,HOLD_NEEDS_CHANNEL_REVIEW,NO_REVIEWED_PLATFORM_ACCOUNT_ID,False
tiktok:acct_54991e94cc58e88464c2,tiktok,,Virtual Zeven LIVE,https://www.tiktok.com/@virtualzeven,HOLD_NEEDS_CHANNEL_REVIEW,NO_REVIEWED_PLATFORM_ACCOUNT_ID,False
tiktok:acct_54c542840bd894044a36,tiktok,,kapz_002,https://www.tiktok.com/@kapz_002,HOLD_NEEDS_CHANNEL_REVIEW,NO_REVIEWED_PLATFORM_ACCOUNT_ID,False
tiktok:acct_54daed0d4d50037bfe41,tiktok,,Kurayami Alan,https://www.tiktok.com/@kuraalan,HOLD_NEEDS_CHANNEL_REVIEW,NO_REVIEWED_PLATFORM_ACCOUNT_ID,False
tiktok:acct_54ed5e2f3d3688b073b5,tiktok,,PINGPINGKO【REC】🐰🧪,https://www.tiktok.com/@pingpingko_,HOLD_NEEDS_CHANNEL_REVIEW,NO_REVIEWED_PLATFORM_ACCOUNT_ID,False
tiktok:acct_55105212e1cea0e4777b,tiktok,,gloria21pm,https://www.tiktok.com/@gloria21pm,HOLD_NEEDS_CHANNEL_REVIEW,NO_REVIEWED_PLATFORM_ACCOUNT_ID,False
tiktok:acct_5515e9546d4c31e5a0db,tiktok,,Aki Masamune Ch.,https://www.tiktok.com/@akimasamune_as,HOLD_NEEDS_CHANNEL_REVIEW,NO_REVIEWED_PLATFORM_ACCOUNT_ID,False
tiktok:acct_555c17c26854e0e9175b,tiktok,,Ane🪼🪸,https://www.tiktok.com/@anemizz,HOLD_NEEDS_CHANNEL_REVIEW,NO_REVIEWED_PLATFORM_ACCOUNT_ID,False
tiktok:acct_55a348f45a8e0ced1cd5,tiktok,,manapt52hz,https://www.tiktok.com/@manapt52hz,HOLD_NEEDS_CHANNEL_REVIEW,NO_REVIEWED_PLATFORM_ACCOUNT_ID,False
tiktok:acct_5602e4d941e888ef2677,tiktok,,ข.ไข่ในกระทะ,https://www.tiktok.com/@chalamkhai,HOLD_NEEDS_CHANNEL_REVIEW,NO_REVIEWED_PLATFORM_ACCOUNT_ID,False
tiktok:acct_560801777aca73615f88,tiktok,,▪︎ MINORU _《AKK》▪︎,https://www.tiktok.com/@minoru_akk,HOLD_NEEDS_CHANNEL_REVIEW,NO_REVIEWED_PLATFORM_ACCOUNT_ID,False
tiktok:acct_565644efc7df6e653bc7,tiktok,,Saya Melcoltor,https://www.tiktok.com/@sayathememorycollector,HOLD_NEEDS_CHANNEL_REVIEW,NO_REVIEWED_PLATFORM_ACCOUNT_ID,False
tiktok:acct_56f45c1165396c6e3cdd,tiktok,,SwordAce,https://www.tiktok.com/@swordacetomato,HOLD_NEEDS_CHANNEL_REVIEW,NO_REVIEWED_PLATFORM_ACCOUNT_ID,False
tiktok:acct_573cc8ef2b2035f1d63c,tiktok,,yuneschan9,https://www.tiktok.com/@yuneschan9,HOLD_NEEDS_CHANNEL_REVIEW,NO_REVIEWED_PLATFORM_ACCOUNT_ID,False
tiktok:acct_57448a4d922a89db41ce,tiktok,,Blue Valentine,https://www.tiktok.com/@bluevalentinevt,HOLD_NEEDS_CHANNEL_REVIEW,NO_REVIEWED_PLATFORM_ACCOUNT_ID,False
tiktok:acct_575259b40a483a806c71,tiktok,,XETSU,https://www.tiktok.com/@xetsuvibeent,HOLD_NEEDS_CHANNEL_REVIEW,NO_REVIEWED_PLATFORM_ACCOUNT_ID,False
tiktok:acct_577fcf4aafa0b9478892,tiktok,,Sienna 【RE:S】,https://www.tiktok.com/@sienna_res,HOLD_NEEDS_CHANNEL_REVIEW,NO_REVIEWED_PLATFORM_ACCOUNT_ID,False
tiktok:acct_57a37d556688c6202645,tiktok,,FureVDevil,https://www.tiktok.com/@fredvtuber,HOLD_NEEDS_CHANNEL_REVIEW,NO_REVIEWED_PLATFORM_ACCOUNT_ID,False
tiktok:acct_58c36fb6628146463f5f,tiktok,,mieruch_,https://www.tiktok.com/@mieruch_,HOLD_NEEDS_CHANNEL_REVIEW,NO_REVIEWED_PLATFORM_ACCOUNT_ID,False
tiktok:acct_59370d8e5985df081146,tiktok,,Callidora Ch.【VJN】,https://www.tiktok.com/@callidora_vtuberth,HOLD_NEEDS_CHANNEL_REVIEW,NO_REVIEWED_PLATFORM_ACCOUNT_ID,False
tiktok:acct_5946bc0ca4af9a010868,tiktok,,Ayu_VtuberTH,https://www.tiktok.com/@ayu_vtb69,HOLD_NEEDS_CHANNEL_REVIEW,NO_REVIEWED_PLATFORM_ACCOUNT_ID,False
tiktok:acct_595f8efa654c18a6ca77,tiktok,,Donovan Ch.,https://www.tiktok.com/@donovan_vtuber,HOLD_NEEDS_CHANNEL_REVIEW,NO_REVIEWED_PLATFORM_ACCOUNT_ID,False
tiktok:acct_59637d4a27e2b60c6815,tiktok,,Ursa Scorpio,https://www.tiktok.com/@ursascorpio,HOLD_NEEDS_CHANNEL_REVIEW,NO_REVIEWED_PLATFORM_ACCOUNT_ID,False
tiktok:acct_597278ee2474c28b6b04,tiktok,,sunraindre,https://www.tiktok.com/@sunraindre,HOLD_NEEDS_CHANNEL_REVIEW,NO_REVIEWED_PLATFORM_ACCOUNT_ID,False
tiktok:acct_59749732558951157e86,tiktok,,Tawan The Horizon V.2 🌅🍂,https://www.tiktok.com/@hello_tawanv2,HOLD_NEEDS_CHANNEL_REVIEW,NO_REVIEWED_PLATFORM_ACCOUNT_ID,False
tiktok:acct_59e98c992937b228d459,tiktok,,Laguna Juju,https://www.tiktok.com/@juju_pix,HOLD_NEEDS_CHANNEL_REVIEW,NO_REVIEWED_PLATFORM_ACCOUNT_ID,False
tiktok:acct_5ad4280837b26a7a3f1f,tiktok,,Chloride Fow~♥,https://www.tiktok.com/@chloridefow,HOLD_NEEDS_CHANNEL_REVIEW,NO_REVIEWED_PLATFORM_ACCOUNT_ID,False
tiktok:acct_5ae4564971ca7e0832d7,tiktok,,Atlanteia Sireen,https://www.tiktok.com/@atlanteia_sireen,HOLD_NEEDS_CHANNEL_REVIEW,NO_REVIEWED_PLATFORM_ACCOUNT_ID,False
tiktok:acct_5afd2792d3b8d35e55af,tiktok,,DeliCiae,https://www.tiktok.com/@deliciae.v,HOLD_NEEDS_CHANNEL_REVIEW,NO_REVIEWED_PLATFORM_ACCOUNT_ID,False
tiktok:acct_5b31e6466c735d410018,tiktok,,Mixzy 21PM,https://www.tiktok.com/@mixzy21pm,HOLD_NEEDS_CHANNEL_REVIEW,NO_REVIEWED_PLATFORM_ACCOUNT_ID,False
tiktok:acct_5b92cfe0c339bc4af5ec,tiktok,,KIMEWA YUKI,https://www.tiktok.com/@kimewa_yuki,HOLD_NEEDS_CHANNEL_REVIEW,NO_REVIEWED_PLATFORM_ACCOUNT_ID,False
tiktok:acct_5baa42a351a5422bac17,tiktok,,Ané Monie | OAL,https://www.tiktok.com/@monie_oal,HOLD_NEEDS_CHANNEL_REVIEW,NO_REVIEWED_PLATFORM_ACCOUNT_ID,False
tiktok:acct_5c35a5f99ee6efaa2921,tiktok,,Esmer Hestia | Vtuber TH,https://www.tiktok.com/@esmerhestia,HOLD_NEEDS_CHANNEL_REVIEW,NO_REVIEWED_PLATFORM_ACCOUNT_ID,False
tiktok:acct_5c4921302565b7bea93c,tiktok,,sorasamavtuber,https://www.tiktok.com/@sorasamavtuber,HOLD_NEEDS_CHANNEL_REVIEW,NO_REVIEWED_PLATFORM_ACCOUNT_ID,False
tiktok:acct_5cbf28e954eaf6a6ae58,tiktok,,Nemuri Nemu,https://www.tiktok.com/@nemurinemuzzz,HOLD_NEEDS_CHANNEL_REVIEW,NO_REVIEWED_PLATFORM_ACCOUNT_ID,False
tiktok:acct_5d24b3fa68e5faa84a5b,tiktok,,BOOKGAMER,https://www.tiktok.com/@bgrgamecaster,HOLD_NEEDS_CHANNEL_REVIEW,NO_REVIEWED_PLATFORM_ACCOUNT_ID,False
tiktok:acct_5d407b8993c29cad7259,tiktok,,Miibelle ต่ะมุจะหลับ🪻🤍,https://www.tiktok.com/@mii__belle,HOLD_NEEDS_CHANNEL_REVIEW,NO_REVIEWED_PLATFORM_ACCOUNT_ID,False
tiktok:acct_5d4aa779b46f515d7c43,tiktok,,VeviiVT,https://www.tiktok.com/@veviivt,HOLD_NEEDS_CHANNEL_REVIEW,NO_REVIEWED_PLATFORM_ACCOUNT_ID,False
tiktok:acct_5d6adaf2174dc31aeeb0,tiktok,,kampheesoalone,https://www.tiktok.com/@kampheevtuber,HOLD_NEEDS_CHANNEL_REVIEW,NO_REVIEWED_PLATFORM_ACCOUNT_ID,False
tiktok:acct_5d8910c2fbfe2988c47a,tiktok,,navylucifervwy,https://www.tiktok.com/@navylucifervwy,HOLD_NEEDS_CHANNEL_REVIEW,NO_REVIEWED_PLATFORM_ACCOUNT_ID,False
tiktok:acct_5e1541123a1a70b63e0b,tiktok,,mikotomimaneneko,https://www.tiktok.com/@mikotomimutelu,HOLD_NEEDS_CHANNEL_REVIEW,NO_REVIEWED_PLATFORM_ACCOUNT_ID,False
tiktok:acct_5e2ff5a9da656c5657a2,tiktok,,KiSSeria_♡ vtuber,https://www.tiktok.com/@kisseria_,HOLD_NEEDS_CHANNEL_REVIEW,NO_REVIEWED_PLATFORM_ACCOUNT_ID,False
tiktok:acct_5e6f92905da6633dc251,tiktok,,Gibpurin,https://www.tiktok.com/@gibpurin,HOLD_NEEDS_CHANNEL_REVIEW,NO_REVIEWED_PLATFORM_ACCOUNT_ID,False
tiktok:acct_5e8c5ce810a474920dfe,tiktok,,unclekanun,https://www.tiktok.com/@unclekanun,HOLD_NEEDS_CHANNEL_REVIEW,NO_REVIEWED_PLATFORM_ACCOUNT_ID,False
tiktok:acct_5f2cdb62fa6ffb4b50c5,tiktok,,Sigmunda Riona,https://www.tiktok.com/@rionaplg,HOLD_NEEDS_CHANNEL_REVIEW,NO_REVIEWED_PLATFORM_ACCOUNT_ID,False
tiktok:acct_5f34c7acb88ce8245925,tiktok,,Arceria ZooN【CRA】,https://www.tiktok.com/@aceriazooncra,HOLD_NEEDS_CHANNEL_REVIEW,NO_REVIEWED_PLATFORM_ACCOUNT_ID,False
tiktok:acct_5f79619160d1f4c86bbd,tiktok,,Tenka (เท็นกะ) | V.W.Y,https://www.tiktok.com/@tenkakagami,HOLD_NEEDS_CHANNEL_REVIEW,NO_REVIEWED_PLATFORM_ACCOUNT_ID,False
tiktok:acct_6021f02da42995d2e6bf,tiktok,,Aranis Elvene,https://www.tiktok.com/@aranis_elvene,HOLD_NEEDS_CHANNEL_REVIEW,NO_REVIEWED_PLATFORM_ACCOUNT_ID,False
tiktok:acct_605d5962665c5d03688e,tiktok,,NolerDK,https://www.tiktok.com/@nolerdk,HOLD_NEEDS_CHANNEL_REVIEW,NO_REVIEWED_PLATFORM_ACCOUNT_ID,False
tiktok:acct_60b66ddc97bc49b7896a,tiktok,,Ziika ｡°,https://www.tiktok.com/@mu_ziika,HOLD_NEEDS_CHANNEL_REVIEW,NO_REVIEWED_PLATFORM_ACCOUNT_ID,False
tiktok:acct_6106a15ad68daca1ec6c,tiktok,,🐼PandaSensiVT,https://www.tiktok.com/@pandasensi_ttv,HOLD_NEEDS_CHANNEL_REVIEW,NO_REVIEWED_PLATFORM_ACCOUNT_ID,False
tiktok:acct_617bbcb1b160993ae21a,tiktok,,Yumi Ch.,https://www.tiktok.com/@yumivtuberth,HOLD_NEEDS_CHANNEL_REVIEW,NO_REVIEWED_PLATFORM_ACCOUNT_ID,False
tiktok:acct_617fc2367db572879ebd,tiktok,,Amello 💜🧸,https://www.tiktok.com/@amello_channel,HOLD_NEEDS_CHANNEL_REVIEW,NO_REVIEWED_PLATFORM_ACCOUNT_ID,False
tiktok:acct_61a519e269651aa6616a,tiktok,,MildRWorldEnd,https://www.tiktok.com/@mildrworldend,HOLD_NEEDS_CHANNEL_REVIEW,NO_REVIEWED_PLATFORM_ACCOUNT_ID,False
tiktok:acct_62487b028ad652498f10,tiktok,,althenach,https://www.tiktok.com/@althena_ch,HOLD_NEEDS_CHANNEL_REVIEW,NO_REVIEWED_PLATFORM_ACCOUNT_ID,False
tiktok:acct_6271d4621b827b0e4f76,tiktok,,ginokami_aki_,https://www.tiktok.com/@ginokami_aki_,HOLD_NEEDS_CHANNEL_REVIEW,NO_REVIEWED_PLATFORM_ACCOUNT_ID,False
tiktok:acct_62aff910faef0cc33b2c,tiktok,,‧˚ ลูน่า🎀💧LunaLumIIna「 PRD 」,https://www.tiktok.com/@lunalumiina,HOLD_NEEDS_CHANNEL_REVIEW,NO_REVIEWED_PLATFORM_ACCOUNT_ID,False
tiktok:acct_62da71214f545c79e89b,tiktok,,Saneko 🐱🍡『 𝗘𝗣𝗥 ʚɞྀི 』,https://www.tiktok.com/@saneko_epr,HOLD_NEEDS_CHANNEL_REVIEW,NO_REVIEWED_PLATFORM_ACCOUNT_ID,False
tiktok:acct_62e62943819d789848d6,tiktok,,เอ็นริริริ,https://www.tiktok.com/@enri_vtuber,HOLD_NEEDS_CHANNEL_REVIEW,NO_REVIEWED_PLATFORM_ACCOUNT_ID,False
tiktok:acct_632409bed1e7ec35d86b,tiktok,,J U $ T,https://www.tiktok.com/@just_vz,HOLD_NEEDS_CHANNEL_REVIEW,NO_REVIEWED_PLATFORM_ACCOUNT_ID,False
tiktok:acct_63936250bd7dd4a80cdc,tiktok,,Okami Hito,https://www.tiktok.com/@okami.hito,HOLD_NEEDS_CHANNEL_REVIEW,NO_REVIEWED_PLATFORM_ACCOUNT_ID,False
tiktok:acct_63eed915e6029bc18367,tiktok,,Wornlity「 PRD 」,https://www.tiktok.com/@wornlity,HOLD_NEEDS_CHANNEL_REVIEW,NO_REVIEWED_PLATFORM_ACCOUNT_ID,False
tiktok:acct_6406095ee0afbe73a248,tiktok,,Adama MiSE Ch.,https://www.tiktok.com/@adama.mise,HOLD_NEEDS_CHANNEL_REVIEW,NO_REVIEWED_PLATFORM_ACCOUNT_ID,False
tiktok:acct_647ad4cdb75702aa3983,tiktok,,UVChan,https://www.tiktok.com/@maewuvchanchannel,HOLD_NEEDS_CHANNEL_REVIEW,NO_REVIEWED_PLATFORM_ACCOUNT_ID,False
tiktok:acct_648653088fb486e93302,tiktok,,rafadxd_3dvtuber,https://www.tiktok.com/@rafadxd_3dvtuber,HOLD_NEEDS_CHANNEL_REVIEW,NO_REVIEWED_PLATFORM_ACCOUNT_ID,False
tiktok:acct_64b461da4bc825e82926,tiktok,,Moe Kaori ☆,https://www.tiktok.com/@kaori_vz,HOLD_NEEDS_CHANNEL_REVIEW,NO_REVIEWED_PLATFORM_ACCOUNT_ID,False
tiktok:acct_64f0734f346e0c46bb45,tiktok,,PorChorDev,https://www.tiktok.com/@porchordev,HOLD_NEEDS_CHANNEL_REVIEW,NO_REVIEWED_PLATFORM_ACCOUNT_ID,False
tiktok:acct_652c71ca8dfb77d34bac,tiktok,,kiran.regalia,https://www.tiktok.com/@kiran.regalia,HOLD_NEEDS_CHANNEL_REVIEW,NO_REVIEWED_PLATFORM_ACCOUNT_ID,False
tiktok:acct_65b04e53fe16d4118414,tiktok,,PPoooonn Ch.,https://www.tiktok.com/@p2o4n2,HOLD_NEEDS_CHANNEL_REVIEW,NO_REVIEWED_PLATFORM_ACCOUNT_ID,False
tiktok:acct_6628526929afa3a2710b,tiktok,,Nora,https://www.tiktok.com/@amamiyanora,HOLD_NEEDS_CHANNEL_REVIEW,NO_REVIEWED_PLATFORM_ACCOUNT_ID,False
tiktok:acct_662c2d35e9f561acf899,tiktok,,makarov227c,https://www.tiktok.com/@makarov227c,HOLD_NEEDS_CHANNEL_REVIEW,NO_REVIEWED_PLATFORM_ACCOUNT_ID,False
tiktok:acct_66effe3ce2600d6282fa,tiktok,,NAOKIREI,https://www.tiktok.com/@naokireiii,HOLD_NEEDS_CHANNEL_REVIEW,NO_REVIEWED_PLATFORM_ACCOUNT_ID,False
tiktok:acct_66fca1b204eedb52fc3d,tiktok,,vampaow56,https://www.tiktok.com/@vampaow56,HOLD_NEEDS_CHANNEL_REVIEW,NO_REVIEWED_PLATFORM_ACCOUNT_ID,False
tiktok:acct_6747d472b1fdafaa51f2,tiktok,,aelegos_sun_ofaemin,https://www.tiktok.com/@aelegos_sun_ofaemin,HOLD_NEEDS_CHANNEL_REVIEW,NO_REVIEWED_PLATFORM_ACCOUNT_ID,False
tiktok:acct_6809e3498355440d739d,tiktok,,Rayan_FIXIXVT,https://www.tiktok.com/@rayan_fixixvt,HOLD_NEEDS_CHANNEL_REVIEW,NO_REVIEWED_PLATFORM_ACCOUNT_ID,False
tiktok:acct_68770ecef2eabdd66de1,tiktok,,erima🦊,https://www.tiktok.com/@erimavtb,HOLD_NEEDS_CHANNEL_REVIEW,NO_REVIEWED_PLATFORM_ACCOUNT_ID,False
tiktok:acct_68c4b38cf743ddb93d9a,tiktok,,MosantXD,https://www.tiktok.com/@mosantxd,HOLD_NEEDS_CHANNEL_REVIEW,NO_REVIEWED_PLATFORM_ACCOUNT_ID,False
tiktok:acct_698ecb0dae190f753194,tiktok,,clairederier,https://www.tiktok.com/@clairederier,HOLD_NEEDS_CHANNEL_REVIEW,NO_REVIEWED_PLATFORM_ACCOUNT_ID,False
tiktok:acct_6a877a3281bc7fdf4ec6,tiktok,,RaksaVtuber,https://www.tiktok.com/@raksavtuber,HOLD_NEEDS_CHANNEL_REVIEW,NO_REVIEWED_PLATFORM_ACCOUNT_ID,False
tiktok:acct_6a880175d2e0239ffd93,tiktok,,KnowChan - โนว์จัง 💓💡,https://www.tiktok.com/@knowchanth,HOLD_NEEDS_CHANNEL_REVIEW,NO_REVIEWED_PLATFORM_ACCOUNT_ID,False
tiktok:acct_6ab20e3bbc2b8ad442d4,tiktok,,Riel Tabiji-VtuberTH,https://www.tiktok.com/@riel_tabiji_vth,HOLD_NEEDS_CHANNEL_REVIEW,NO_REVIEWED_PLATFORM_ACCOUNT_ID,False
tiktok:acct_6b282de43a391ea28fc6,tiktok,,Yusaki「 AYR 」,https://www.tiktok.com/@yusaki_yu,HOLD_NEEDS_CHANNEL_REVIEW,NO_REVIEWED_PLATFORM_ACCOUNT_ID,False
tiktok:acct_6b9554c9afc09850a72b,tiktok,,ข่อยเป็นบีเกิ้ล[MDZ],https://www.tiktok.com/@kitadesusmdz,HOLD_NEEDS_CHANNEL_REVIEW,NO_REVIEWED_PLATFORM_ACCOUNT_ID,False
tiktok:acct_6ba5a0ec10c7d7123778,tiktok,,Re:CodeX,https://www.tiktok.com/@recodex_info,HOLD_NEEDS_CHANNEL_REVIEW,NO_REVIEWED_PLATFORM_ACCOUNT_ID,False
tiktok:acct_6c5223da54f058d19852,tiktok,,Big M 4U,https://www.tiktok.com/@big_m_4u,HOLD_NEEDS_CHANNEL_REVIEW,NO_REVIEWED_PLATFORM_ACCOUNT_ID,False
tiktok:acct_6c92ef4ad917f8eaf88a,tiktok,,rocco_vnv,https://www.tiktok.com/@rocco_vnv,HOLD_NEEDS_CHANNEL_REVIEW,NO_REVIEWED_PLATFORM_ACCOUNT_ID,False
tiktok:acct_6d073c61060a5682f7e4,tiktok,,เจ้าเวทย์อันเดอร์สกอร์วีที,https://www.tiktok.com/@jaowayde_vt,HOLD_NEEDS_CHANNEL_REVIEW,NO_REVIEWED_PLATFORM_ACCOUNT_ID,False
tiktok:acct_6d1faee48d0397ae9fe3,tiktok,,enryu_horus,https://www.tiktok.com/@enryu_horus,HOLD_NEEDS_CHANNEL_REVIEW,NO_REVIEWED_PLATFORM_ACCOUNT_ID,False
tiktok:acct_6d346eb6797c47dff7e0,tiktok,,Astreala Project,https://www.tiktok.com/@astrealapj,HOLD_NEEDS_CHANNEL_REVIEW,NO_REVIEWED_PLATFORM_ACCOUNT_ID,False
tiktok:acct_6d56d8d9ee563f7aab2d,tiktok,,Thara_oceanfae,https://www.tiktok.com/@tharaoceanfae,HOLD_NEEDS_CHANNEL_REVIEW,NO_REVIEWED_PLATFORM_ACCOUNT_ID,False
tiktok:acct_6d662ea9aed656e7ec47,tiktok,,mamunzaatv,https://tiktok.com/@mamunzaatv,HOLD_NEEDS_CHANNEL_REVIEW,NO_REVIEWED_PLATFORM_ACCOUNT_ID,False
tiktok:acct_6de0fbeb80760f3bb099,tiktok,,Kala ไม่ใช่กะลา,https://www.tiktok.com/@kala_epr,HOLD_NEEDS_CHANNEL_REVIEW,NO_REVIEWED_PLATFORM_ACCOUNT_ID,False
tiktok:acct_6e65ef1d90a600f75b82,tiktok,,Tamami เป็นVtuber🥚💗,https://www.tiktok.com/@tamamiplg,HOLD_NEEDS_CHANNEL_REVIEW,NO_REVIEWED_PLATFORM_ACCOUNT_ID,False
tiktok:acct_6f2183e664db9730be27,tiktok,,Aiden Leonheart【SRV】,https://www.tiktok.com/@aidenleonheart,HOLD_NEEDS_CHANNEL_REVIEW,NO_REVIEWED_PLATFORM_ACCOUNT_ID,False
tiktok:acct_6fd1d78bdae6d48c59a2,tiktok,,Jcosh,https://www.tiktok.com/@jcoshhh,HOLD_NEEDS_CHANNEL_REVIEW,NO_REVIEWED_PLATFORM_ACCOUNT_ID,False
tiktok:acct_701a8db22f19aadaccfb,tiktok,,LuA_Mikina🌙💤,https://www.tiktok.com/@luamikina,HOLD_NEEDS_CHANNEL_REVIEW,NO_REVIEWED_PLATFORM_ACCOUNT_ID,False
tiktok:acct_705e9585d5313fa693cc,tiktok,,RiRizzixBenthX,https://www.tiktok.com/@ririzzixbenthx,HOLD_NEEDS_CHANNEL_REVIEW,NO_REVIEWED_PLATFORM_ACCOUNT_ID,False
tiktok:acct_7142380b09442354824f,tiktok,,Aelisse.epr,https://www.tiktok.com/@aelisse.epr,HOLD_NEEDS_CHANNEL_REVIEW,NO_REVIEWED_PLATFORM_ACCOUNT_ID,False
tiktok:acct_71cf08ad2e2fb0a430b2,tiktok,,/ˈfɝːstmamɒn/,https://www.tiktok.com/@1stmamon,HOLD_NEEDS_CHANNEL_REVIEW,NO_REVIEWED_PLATFORM_ACCOUNT_ID,False
tiktok:acct_72a24ae0b3ef0675d29b,tiktok,,Byte001_SLR,https://www.tiktok.com/@alzena_slr,HOLD_NEEDS_CHANNEL_REVIEW,NO_REVIEWED_PLATFORM_ACCOUNT_ID,False
tiktok:acct_730845a3ca02df0726bf,tiktok,,PondChan CH,https://www.tiktok.com/@pondchanchvtuberth,HOLD_NEEDS_CHANNEL_REVIEW,NO_REVIEWED_PLATFORM_ACCOUNT_ID,False
tiktok:acct_733f91162fdfb927dc7a,tiktok,,Hanabi Lafy,https://www.tiktok.com/@hanabi_lafy,HOLD_NEEDS_CHANNEL_REVIEW,NO_REVIEWED_PLATFORM_ACCOUNT_ID,False
tiktok:acct_73586b7aeafacd9762b8,tiktok,,VinTech JTK,https://www.tiktok.com/@vintechjtk,HOLD_NEEDS_CHANNEL_REVIEW,NO_REVIEWED_PLATFORM_ACCOUNT_ID,False
tiktok:acct_73763cd073352341e1eb,tiktok,,Morika Rei 💼👾 [graduated],https://www.tiktok.com/@morikarei,HOLD_NEEDS_CHANNEL_REVIEW,NO_REVIEWED_PLATFORM_ACCOUNT_ID,False
tiktok:acct_73bb41d809fe9ee3b533,tiktok,,ZenoSang 🐈‍⬛,https://www.tiktok.com/@zenosang,HOLD_NEEDS_CHANNEL_REVIEW,NO_REVIEWED_PLATFORM_ACCOUNT_ID,False
tiktok:acct_744b71cdec2e694e8df0,tiktok,,jiah_epr,https://www.tiktok.com/@jiah_epr,HOLD_NEEDS_CHANNEL_REVIEW,NO_REVIEWED_PLATFORM_ACCOUNT_ID,False
tiktok:acct_74db25fea0d7f5d650b7,tiktok,,Reilim Channel,https://www.tiktok.com/@reilimiella_rn,HOLD_NEEDS_CHANNEL_REVIEW,NO_REVIEWED_PLATFORM_ACCOUNT_ID,False
tiktok:acct_7525959e523dd84812e0,tiktok,,ขนปุย,https://www.tiktok.com/@fluffybeary03,HOLD_NEEDS_CHANNEL_REVIEW,NO_REVIEWED_PLATFORM_ACCOUNT_ID,False
tiktok:acct_75318f6a37e8218f5c41,tiktok,,lilinkawerewolf,https://www.tiktok.com/@lilinkawerewolf,HOLD_NEEDS_CHANNEL_REVIEW,NO_REVIEWED_PLATFORM_ACCOUNT_ID,False
tiktok:acct_7541624f405cf6018b62,tiktok,,Serera_Uniflora,https://www.tiktok.com/@serera_uniflora,HOLD_NEEDS_CHANNEL_REVIEW,NO_REVIEWED_PLATFORM_ACCOUNT_ID,False
tiktok:acct_757f0ecf062467672473,tiktok,,Laurie Blisse,https://www.tiktok.com/@laurie_blisse,HOLD_NEEDS_CHANNEL_REVIEW,NO_REVIEWED_PLATFORM_ACCOUNT_ID,False
tiktok:acct_75e6f86bd7686227ff18,tiktok,,BoomLittleFox,https://www.tiktok.com/@boomlittlefox,HOLD_NEEDS_CHANNEL_REVIEW,NO_REVIEWED_PLATFORM_ACCOUNT_ID,False
tiktok:acct_7601259da70286db1992,tiktok,,xLazyYui,https://www.tiktok.com/@xlazyyui,HOLD_NEEDS_CHANNEL_REVIEW,NO_REVIEWED_PLATFORM_ACCOUNT_ID,False
tiktok:acct_7717fd694354a1fbc129,tiktok,,V.lunette_กระต่ายน้อย,https://www.tiktok.com/@lunette_rabbit,HOLD_NEEDS_CHANNEL_REVIEW,NO_REVIEWED_PLATFORM_ACCOUNT_ID,False
tiktok:acct_7739a150c4c50bf3b8df,tiktok,,Ngerntong-เงินทอง,https://www.tiktok.com/@ngern_tong,HOLD_NEEDS_CHANNEL_REVIEW,NO_REVIEWED_PLATFORM_ACCOUNT_ID,False
tiktok:acct_774195075ea986446bf5,tiktok,,Kulareew Ch.【Vtuber TH 】,https://www.tiktok.com/@kulareewinwza007xd,HOLD_NEEDS_CHANNEL_REVIEW,NO_REVIEWED_PLATFORM_ACCOUNT_ID,False
tiktok:acct_77591210b44cb02966b5,tiktok,,Mumu & Leon | Vtuber,https://www.tiktok.com/@leonverse_vtuber,HOLD_NEEDS_CHANNEL_REVIEW,NO_REVIEWED_PLATFORM_ACCOUNT_ID,False
tiktok:acct_7841210121198a18d2d9,tiktok,,takumarei,https://www.tiktok.com/@takumarei,HOLD_NEEDS_CHANNEL_REVIEW,NO_REVIEWED_PLATFORM_ACCOUNT_ID,False
tiktok:acct_7841924476d59a4499b4,tiktok,,hakkachv,https://www.tiktok.com/@hakkati19t,HOLD_NEEDS_CHANNEL_REVIEW,NO_REVIEWED_PLATFORM_ACCOUNT_ID,False
tiktok:acct_7843eb65906ce77e2ab3,tiktok,,GNTGxd สาขาสอง,https://www.tiktok.com/@gntgxd,HOLD_NEEDS_CHANNEL_REVIEW,NO_REVIEWED_PLATFORM_ACCOUNT_ID,False
tiktok:acct_78533cf99a88bf136792,tiktok,,เจ้าหมีดำ.💤💜✨ | Gusbeartuber,https://www.tiktok.com/@jaowmheegus,HOLD_NEEDS_CHANNEL_REVIEW,NO_REVIEWED_PLATFORM_ACCOUNT_ID,False
tiktok:acct_792f2bbfcae5bf74c79a,tiktok,,NaruFay,https://www.tiktok.com/@narufay,HOLD_NEEDS_CHANNEL_REVIEW,NO_REVIEWED_PLATFORM_ACCOUNT_ID,False
tiktok:acct_799d27c409d56cbc99d7,tiktok,,Zhenzhen ssr,https://www.tiktok.com/@zhenzhen.ssr,HOLD_NEEDS_CHANNEL_REVIEW,NO_REVIEWED_PLATFORM_ACCOUNT_ID,False
tiktok:acct_7a086dd7ed9ac1b6dc6b,tiktok,,Aoi「葵」,https://www.tiktok.com/@aoinekomori,HOLD_NEEDS_CHANNEL_REVIEW,NO_REVIEWED_PLATFORM_ACCOUNT_ID,False
tiktok:acct_7a133adfe1848d700a27,tiktok,,Darick,https://www.tiktok.com/@darickvtuber,HOLD_NEEDS_CHANNEL_REVIEW,NO_REVIEWED_PLATFORM_ACCOUNT_ID,False
tiktok:acct_7a46e714b9b4543bcfb1,tiktok,,N4NAMi(นานะ),https://www.tiktok.com/@1tsn4nami1,HOLD_NEEDS_CHANNEL_REVIEW,NO_REVIEWED_PLATFORM_ACCOUNT_ID,False
tiktok:acct_7a482d8b635634f9d4f2,tiktok,,Alteria,https://www.tiktok.com/@alteria_vtuber,HOLD_NEEDS_CHANNEL_REVIEW,NO_REVIEWED_PLATFORM_ACCOUNT_ID,False
tiktok:acct_7b8c63cebbfca0322d9e,tiktok,,Lotte Ch.,https://www.tiktok.com/@liselotte_ch,HOLD_NEEDS_CHANNEL_REVIEW,NO_REVIEWED_PLATFORM_ACCOUNT_ID,False
tiktok:acct_7b8d95deaa40da9d6bd8,tiktok,,anyajulie,https://www.tiktok.com/@anyajulie,HOLD_NEEDS_CHANNEL_REVIEW,NO_REVIEWED_PLATFORM_ACCOUNT_ID,False
tiktok:acct_7c0b6023e18e24be5090,tiktok,,BluChan GMOT,https://www.tiktok.com/@bluchangmot,HOLD_NEEDS_CHANNEL_REVIEW,NO_REVIEWED_PLATFORM_ACCOUNT_ID,False
tiktok:acct_7c303fcc58bdc7cb38dd,tiktok,,kamisaki_kuro,https://www.tiktok.com/@kamisaki_kuro,HOLD_NEEDS_CHANNEL_REVIEW,NO_REVIEWED_PLATFORM_ACCOUNT_ID,False
tiktok:acct_7c8894626af6a92bbb0a,tiktok,,🏮YueMeili🪭| VtuberTH 🌺,https://www.tiktok.com/@yue_meili,HOLD_NEEDS_CHANNEL_REVIEW,NO_REVIEWED_PLATFORM_ACCOUNT_ID,False
tiktok:acct_7cbde723ac5cf5d547a3,tiktok,,Quentin Ch.,https://www.tiktok.com/@quentin_arp,HOLD_NEEDS_CHANNEL_REVIEW,NO_REVIEWED_PLATFORM_ACCOUNT_ID,False
tiktok:acct_7ceb2311af2402f7db73,tiktok,,Nyamaru Yui,https://www.tiktok.com/@nyamaruyui,HOLD_NEEDS_CHANNEL_REVIEW,NO_REVIEWED_PLATFORM_ACCOUNT_ID,False
tiktok:acct_7d6011ccda01fc327db3,tiktok,,RaneeTani,https://www.tiktok.com/@raneetani,HOLD_NEEDS_CHANNEL_REVIEW,NO_REVIEWED_PLATFORM_ACCOUNT_ID,False
tiktok:acct_7dd4d6b7ada392e0b1d9,tiktok,,Anya Smith,https://www.tiktok.com/@anyasmith203,HOLD_NEEDS_CHANNEL_REVIEW,NO_REVIEWED_PLATFORM_ACCOUNT_ID,False
tiktok:acct_7e15e4b0269b9a985b2d,tiktok,,CoolRin CH,https://www.tiktok.com/@coolrin_ch,HOLD_NEEDS_CHANNEL_REVIEW,NO_REVIEWED_PLATFORM_ACCOUNT_ID,False
tiktok:acct_7e1b62f56bbab65fad16,tiktok,,คุณนินเป็นผี😞🫵,https://www.tiktok.com/@skarennin0,HOLD_NEEDS_CHANNEL_REVIEW,NO_REVIEWED_PLATFORM_ACCOUNT_ID,False
tiktok:acct_7e9c56efcae6c5207596,tiktok,,Miledy Z.Devlin,https://www.tiktok.com/@miledy._.z,HOLD_NEEDS_CHANNEL_REVIEW,NO_REVIEWED_PLATFORM_ACCOUNT_ID,False
tiktok:acct_7f63a01b941092dca194,tiktok,,Bettha Ch.,https://www.tiktok.com/@bettha_vtuber,HOLD_NEEDS_CHANNEL_REVIEW,NO_REVIEWED_PLATFORM_ACCOUNT_ID,False
tiktok:acct_7f65577209b88d683a7d,tiktok,,KikiiTan_Sama,https://www.tiktok.com/@kikiitan_sama,HOLD_NEEDS_CHANNEL_REVIEW,NO_REVIEWED_PLATFORM_ACCOUNT_ID,False
tiktok:acct_7fc5a9c7ff17f937ab52,tiktok,,† Rochelle 🎃,https://www.tiktok.com/@witchy_rochelle,HOLD_NEEDS_CHANNEL_REVIEW,NO_REVIEWED_PLATFORM_ACCOUNT_ID,False
tiktok:acct_8004f141577565e0dc69,tiktok,,vulgtmnahog,https://www.tiktok.com/@vulgtmnahog,HOLD_NEEDS_CHANNEL_REVIEW,NO_REVIEWED_PLATFORM_ACCOUNT_ID,False
tiktok:acct_800f5bfe90e62a99c1ba,tiktok,,LyonDeGladiolus_Ayon,https://www.tiktok.com/@lyondegladiolus_ayon,HOLD_NEEDS_CHANNEL_REVIEW,NO_REVIEWED_PLATFORM_ACCOUNT_ID,False
tiktok:acct_80308e9d1f4c6418ed32,tiktok,,toriumimarine,https://www.tiktok.com/@toriumimarine,HOLD_NEEDS_CHANNEL_REVIEW,NO_REVIEWED_PLATFORM_ACCOUNT_ID,False
tiktok:acct_80580160f92155075cbc,tiktok,,SHIKAR,https://www.tiktok.com/@shikar_dawgg,HOLD_NEEDS_CHANNEL_REVIEW,NO_REVIEWED_PLATFORM_ACCOUNT_ID,False
tiktok:acct_8081fd73398db93c347d,tiktok,,Alizabyleth Vtuber,https://www.tiktok.com/@alizabyleth.s,HOLD_NEEDS_CHANNEL_REVIEW,NO_REVIEWED_PLATFORM_ACCOUNT_ID,False
tiktok:acct_80f0fab8706c645b7202,tiktok,,Badiala Sissoko,https://www.tiktok.com/@nammy553,HOLD_NEEDS_CHANNEL_REVIEW,NO_REVIEWED_PLATFORM_ACCOUNT_ID,False
tiktok:acct_810f0e1edcac5463002e,tiktok,,Nirvana_arp,https://www.tiktok.com/@nirvana_arp,HOLD_NEEDS_CHANNEL_REVIEW,NO_REVIEWED_PLATFORM_ACCOUNT_ID,False
tiktok:acct_81254d8bd937c19a44a5,tiktok,,yuitoku_woof,https://www.tiktok.com/@yuitoku_woof,HOLD_NEEDS_CHANNEL_REVIEW,NO_REVIEWED_PLATFORM_ACCOUNT_ID,False
tiktok:acct_81a54b6938544d0f7c07,tiktok,,kurosawasp,https://www.tiktok.com/@kurosawasp,HOLD_NEEDS_CHANNEL_REVIEW,NO_REVIEWED_PLATFORM_ACCOUNT_ID,False
tiktok:acct_821865c3b39dcab6901b,tiktok,,MelZer【メル】,https://www.tiktok.com/@_melzerl3lack_,HOLD_NEEDS_CHANNEL_REVIEW,NO_REVIEWED_PLATFORM_ACCOUNT_ID,False
tiktok:acct_823908b74751c6da749e,tiktok,,VIC-009,https://www.tiktok.com/@vic00929,HOLD_NEEDS_CHANNEL_REVIEW,NO_REVIEWED_PLATFORM_ACCOUNT_ID,False
tiktok:acct_829f7ade5312765e2bc3,tiktok,,Willow.ch | HZ,https://www.tiktok.com/@willow.ch,HOLD_NEEDS_CHANNEL_REVIEW,NO_REVIEWED_PLATFORM_ACCOUNT_ID,False
tiktok:acct_82a20ebb2f85c428eb5f,tiktok,,Lady Magcro Ravencroft,https://www.tiktok.com/@magcroravenc,HOLD_NEEDS_CHANNEL_REVIEW,NO_REVIEWED_PLATFORM_ACCOUNT_ID,False
tiktok:acct_834807823cf60cfe54c7,tiktok,,xay1,https://www.tiktok.com/@xay1,HOLD_NEEDS_CHANNEL_REVIEW,NO_REVIEWED_PLATFORM_ACCOUNT_ID,False
tiktok:acct_838209c2b60b378d4a54,tiktok,,Aris.,https://www.tiktok.com/@hoshi0ji_,HOLD_NEEDS_CHANNEL_REVIEW,NO_REVIEWED_PLATFORM_ACCOUNT_ID,False
tiktok:acct_83980653b8b2b62670b4,tiktok,,Xeres Artrophel Ch.,https://www.tiktok.com/@xeres_channel,HOLD_NEEDS_CHANNEL_REVIEW,NO_REVIEWED_PLATFORM_ACCOUNT_ID,False
tiktok:acct_83b2f6122c32c3521252,tiktok,,Milyni_Tivona,https://www.tiktok.com/@milynitivona,HOLD_NEEDS_CHANNEL_REVIEW,NO_REVIEWED_PLATFORM_ACCOUNT_ID,False
tiktok:acct_83c207823b0e3a07d13a,tiktok,,Karin Tsutsuji ช่องอยู่ยูทูปนะ,https://www.tiktok.com/@karin_tsutsuji,HOLD_NEEDS_CHANNEL_REVIEW,NO_REVIEWED_PLATFORM_ACCOUNT_ID,False
tiktok:acct_83fdedfe553dc80f4e94,tiktok,,Kryspeia Cosmelis,https://www.tiktok.com/@kryspeiamutelu,HOLD_NEEDS_CHANNEL_REVIEW,NO_REVIEWED_PLATFORM_ACCOUNT_ID,False
tiktok:acct_840f583e302fd1f71698,tiktok,,onomil,https://www.tiktok.com/@onomilvt,HOLD_NEEDS_CHANNEL_REVIEW,NO_REVIEWED_PLATFORM_ACCOUNT_ID,False
tiktok:acct_84693a0c8f2deb24a2f7,tiktok,,Vella Ch.,https://www.tiktok.com/@vella_ch,HOLD_NEEDS_CHANNEL_REVIEW,NO_REVIEWED_PLATFORM_ACCOUNT_ID,False
tiktok:acct_84c39bd964905b9ae2ee,tiktok,,🐈‍⬛,https://www.tiktok.com/@bishamon_as,HOLD_NEEDS_CHANNEL_REVIEW,NO_REVIEWED_PLATFORM_ACCOUNT_ID,False
tiktok:acct_84fb9b3e983ac06d6485,tiktok,,CHUkoliang_FIXIXVT,https://www.tiktok.com/@chukoliang_fixixvt,HOLD_NEEDS_CHANNEL_REVIEW,NO_REVIEWED_PLATFORM_ACCOUNT_ID,False
tiktok:acct_850d836a4b770006d897,tiktok,,sirenavth,https://www.tiktok.com/@sirenavth,HOLD_NEEDS_CHANNEL_REVIEW,NO_REVIEWED_PLATFORM_ACCOUNT_ID,False
tiktok:acct_85336616035931274c9a,tiktok,,Zelune Noctarielle 🌙,https://www.tiktok.com/@zelune.lunezero,HOLD_NEEDS_CHANNEL_REVIEW,NO_REVIEWED_PLATFORM_ACCOUNT_ID,False
tiktok:acct_85920a788ebfc2a86ed3,tiktok,,AmiLLy Archive,https://www.tiktok.com/@amillyarchive,HOLD_NEEDS_CHANNEL_REVIEW,NO_REVIEWED_PLATFORM_ACCOUNT_ID,False
tiktok:acct_85ad98cc75c6586da7e0,tiktok,,zNMCy,https://www.tiktok.com/@znmcy,HOLD_NEEDS_CHANNEL_REVIEW,NO_REVIEWED_PLATFORM_ACCOUNT_ID,False
tiktok:acct_85dc76de50649a0e7f1a,tiktok,,Catniipz,https://www.tiktok.com/@catniipz,HOLD_NEEDS_CHANNEL_REVIEW,NO_REVIEWED_PLATFORM_ACCOUNT_ID,False
tiktok:acct_864c050538a5462eceec,tiktok,,ArithmosCh,https://www.tiktok.com/@arithmosch,HOLD_NEEDS_CHANNEL_REVIEW,NO_REVIEWED_PLATFORM_ACCOUNT_ID,False
tiktok:acct_865349534549c2bf0d92,tiktok,,kayleforion,https://www.tiktok.com/@kayleforion,HOLD_NEEDS_CHANNEL_REVIEW,NO_REVIEWED_PLATFORM_ACCOUNT_ID,False
tiktok:acct_865f2a9f847c1f469378,tiktok,,ant4zin,https://www.tiktok.com/@ant4zin,HOLD_NEEDS_CHANNEL_REVIEW,NO_REVIEWED_PLATFORM_ACCOUNT_ID,False
tiktok:acct_8673a838cc23a28454f4,tiktok,,Vivian V. Wendell [ VtuberTH ],https://www.tiktok.com/@vvee.vivian,HOLD_NEEDS_CHANNEL_REVIEW,NO_REVIEWED_PLATFORM_ACCOUNT_ID,False
tiktok:acct_8722c8643da85be876a6,tiktok,,Amnuai,https://www.tiktok.com/@amnuaich,HOLD_NEEDS_CHANNEL_REVIEW,NO_REVIEWED_PLATFORM_ACCOUNT_ID,False
tiktok:acct_8742d7f590c07a6acc1c,tiktok,,DELLONS | Vtuber TH. 🐿️✨,https://www.tiktok.com/@dellons_vtuber,HOLD_NEEDS_CHANNEL_REVIEW,NO_REVIEWED_PLATFORM_ACCOUNT_ID,False
tiktok:acct_87680535d7fe72d9f1f7,tiktok,,GrimusGrimm,https://www.tiktok.com/@grimmgrimus,HOLD_NEEDS_CHANNEL_REVIEW,NO_REVIEWED_PLATFORM_ACCOUNT_ID,False
tiktok:acct_878ffc7d8ec914df03cf,tiktok,,เกมถูกบอกด้วย,https://www.tiktok.com/@sheapgamer,HOLD_NEEDS_CHANNEL_REVIEW,NO_REVIEWED_PLATFORM_ACCOUNT_ID,False
tiktok:acct_87da864a4b96ec1e3644,tiktok,,estxrthemask,https://www.tiktok.com/@estxrthemask,HOLD_NEEDS_CHANNEL_REVIEW,NO_REVIEWED_PLATFORM_ACCOUNT_ID,False
tiktok:acct_87e208931d388c24b6c0,tiktok,,Sira Samuel Ch.,https://www.tiktok.com/@sirasamuelvtuber,HOLD_NEEDS_CHANNEL_REVIEW,NO_REVIEWED_PLATFORM_ACCOUNT_ID,False
tiktok:acct_887ed8131f69e131fd8e,tiktok,,Mona Lapine,https://www.tiktok.com/@lapineplg,HOLD_NEEDS_CHANNEL_REVIEW,NO_REVIEWED_PLATFORM_ACCOUNT_ID,False
tiktok:acct_88b53b321a21553dcbec,tiktok,,Riona Ryouka🌸🎀,https://www.tiktok.com/@riona.ryouka,HOLD_NEEDS_CHANNEL_REVIEW,NO_REVIEWED_PLATFORM_ACCOUNT_ID,False
tiktok:acct_8922e0f896642fba9649,tiktok,,jiru.epr,https://www.tiktok.com/@jiru.epr,HOLD_NEEDS_CHANNEL_REVIEW,NO_REVIEWED_PLATFORM_ACCOUNT_ID,False
tiktok:acct_893e8987189bb89dfeca,tiktok,,darieladolly,https://www.tiktok.com/@darieladolly,HOLD_NEEDS_CHANNEL_REVIEW,NO_REVIEWED_PLATFORM_ACCOUNT_ID,False
tiktok:acct_89410f85d013919da30f,tiktok,,Whyte,https://www.tiktok.com/@whitepgz,HOLD_NEEDS_CHANNEL_REVIEW,NO_REVIEWED_PLATFORM_ACCOUNT_ID,False
tiktok:acct_898e39c8474438424dc5,tiktok,,Azuko  -あずこ-,https://www.tiktok.com/@azuko_98,HOLD_NEEDS_CHANNEL_REVIEW,NO_REVIEWED_PLATFORM_ACCOUNT_ID,False
tiktok:acct_89d57cfc4992f11985a1,tiktok,,คุณชา🍵,https://www.tiktok.com/@khunchanii_,HOLD_NEEDS_CHANNEL_REVIEW,NO_REVIEWED_PLATFORM_ACCOUNT_ID,False
tiktok:acct_89ea37ba016924578e4b,tiktok,,yueqinvtuber88,https://www.tiktok.com/@yueqinvtuber88,HOLD_NEEDS_CHANNEL_REVIEW,NO_REVIEWED_PLATFORM_ACCOUNT_ID,False
tiktok:acct_8a4aa5391008b101dd3f,tiktok,,Shishiou_Seito,https://www.tiktok.com/@shishiou_seito,HOLD_NEEDS_CHANNEL_REVIEW,NO_REVIEWED_PLATFORM_ACCOUNT_ID,False
tiktok:acct_8a68cd02bc4880e231c0,tiktok,,Aika,https://www.tiktok.com/@a1chandesu,HOLD_NEEDS_CHANNEL_REVIEW,NO_REVIEWED_PLATFORM_ACCOUNT_ID,False
tiktok:acct_8ae986e97841a120d1d3,tiktok,,Zekai_ARP,https://www.tiktok.com/@zekai_arp,HOLD_NEEDS_CHANNEL_REVIEW,NO_REVIEWED_PLATFORM_ACCOUNT_ID,False
tiktok:acct_8aff958ea406043d8a9f,tiktok,,KissCross,https://www.tiktok.com/@kisscross_official,HOLD_NEEDS_CHANNEL_REVIEW,NO_REVIEWED_PLATFORM_ACCOUNT_ID,False
tiktok:acct_8c19cfaf5a03beef9a0a,tiktok,,🌟Fafy▪️Falentine🌟,https://www.tiktok.com/@fafyfalentine,HOLD_NEEDS_CHANNEL_REVIEW,NO_REVIEWED_PLATFORM_ACCOUNT_ID,False
tiktok:acct_8c8226b299dc57f8f0e0,tiktok,,TANTAN,https://www.tiktok.com/@tanehasol,HOLD_NEEDS_CHANNEL_REVIEW,NO_REVIEWED_PLATFORM_ACCOUNT_ID,False
tiktok:acct_8c96d186e591765f9803,tiktok,,candycatdy,https://www.tiktok.com/@candycatdy,HOLD_NEEDS_CHANNEL_REVIEW,NO_REVIEWED_PLATFORM_ACCOUNT_ID,False
tiktok:acct_8cb81037231f59865251,tiktok,,Hydejung《21PM》Vtuber,https://www.tiktok.com/@hydejung21pm,HOLD_NEEDS_CHANNEL_REVIEW,NO_REVIEWED_PLATFORM_ACCOUNT_ID,False
tiktok:acct_8d00fef533bedb0226f1,tiktok,,rocokingdomgame,https://www.tiktok.com/@rocokingdomgame,HOLD_NEEDS_CHANNEL_REVIEW,NO_REVIEWED_PLATFORM_ACCOUNT_ID,False
tiktok:acct_8d6c5e84405fc395946b,tiktok,,roselia_de_magentia,https://www.tiktok.com/@roselia_de_magentia,HOLD_NEEDS_CHANNEL_REVIEW,NO_REVIEWED_PLATFORM_ACCOUNT_ID,False
tiktok:acct_8da96c693ecba668bca8,tiktok,,Zeiji7ᵗʰ | เซย์จิ,https://www.tiktok.com/@zeijikun,HOLD_NEEDS_CHANNEL_REVIEW,NO_REVIEWED_PLATFORM_ACCOUNT_ID,False
tiktok:acct_8eb2f8ca2f886df31ebf,tiktok,,Friskfitz,https://www.tiktok.com/@friskfitz,HOLD_NEEDS_CHANNEL_REVIEW,NO_REVIEWED_PLATFORM_ACCOUNT_ID,False
tiktok:acct_8f7b51d352a248998715,tiktok,,Khaojao,https://www.tiktok.com/@khaojaoz_,HOLD_NEEDS_CHANNEL_REVIEW,NO_REVIEWED_PLATFORM_ACCOUNT_ID,False
tiktok:acct_9039624c0775e17a4994,tiktok,,Zoel ch.,https://www.tiktok.com/@zoel_vtuber,HOLD_NEEDS_CHANNEL_REVIEW,NO_REVIEWED_PLATFORM_ACCOUNT_ID,False
tiktok:acct_907ccf0cd0eb07627f47,tiktok,,Chiharu 「TRR」,https://www.tiktok.com/@chiharu_trr,HOLD_NEEDS_CHANNEL_REVIEW,NO_REVIEWED_PLATFORM_ACCOUNT_ID,False
tiktok:acct_9101d17d561c2ff73351,tiktok,,CherryS_Kersche,https://www.tiktok.com/@cherrys_kersche,HOLD_NEEDS_CHANNEL_REVIEW,NO_REVIEWED_PLATFORM_ACCOUNT_ID,False
tiktok:acct_917172f560ef0bfbcd4e,tiktok,,ที อยากลองเล่นเกมมาก,https://www.tiktok.com/@nonghanging,HOLD_NEEDS_CHANNEL_REVIEW,NO_REVIEWED_PLATFORM_ACCOUNT_ID,False
tiktok:acct_917851827ffb0d843b90,tiktok,,AKAI CH [ECR],https://www.tiktok.com/@nezumiakai,HOLD_NEEDS_CHANNEL_REVIEW,NO_REVIEWED_PLATFORM_ACCOUNT_ID,False
tiktok:acct_91a3af04d9f8657ec515,tiktok,,วิวมาละ,https://www.tiktok.com/@weikito,HOLD_NEEDS_CHANNEL_REVIEW,NO_REVIEWED_PLATFORM_ACCOUNT_ID,False
tiktok:acct_91cc6b2445beaf760557,tiktok,,GusNaaa,https://www.tiktok.com/@gusnaaa_tt,HOLD_NEEDS_CHANNEL_REVIEW,NO_REVIEWED_PLATFORM_ACCOUNT_ID,False
tiktok:acct_92938f595aa5ea54d164,tiktok,,P.Ares_Spacedog『Berlina•ECR』,https://www.tiktok.com/@p.ares_spacedog,HOLD_NEEDS_CHANNEL_REVIEW,NO_REVIEWED_PLATFORM_ACCOUNT_ID,False
tiktok:acct_9358581b9eee188d60ea,tiktok,,Lune & Sol,https://www.tiktok.com/@lunesolv,HOLD_NEEDS_CHANNEL_REVIEW,NO_REVIEWED_PLATFORM_ACCOUNT_ID,False
tiktok:acct_93673f0703f6f83b957f,tiktok,,เรียลเชอร์มี่,https://www.tiktok.com/@chermy_vtuber,HOLD_NEEDS_CHANNEL_REVIEW,NO_REVIEWED_PLATFORM_ACCOUNT_ID,False
tiktok:acct_937e110abcb28b2e7898,tiktok,,Zenjigo_minibox,https://www.tiktok.com/@zenjigo_minibox,HOLD_NEEDS_CHANNEL_REVIEW,NO_REVIEWED_PLATFORM_ACCOUNT_ID,False
tiktok:acct_94d2129d5d7b3c30cead,tiktok,,DragooooonLH,https://www.tiktok.com/@dragooooon_lh,HOLD_NEEDS_CHANNEL_REVIEW,NO_REVIEWED_PLATFORM_ACCOUNT_ID,False
tiktok:acct_9572caa3d7dbe7b20c2b,tiktok,,geno_tst,https://www.tiktok.com/@geno_tst,HOLD_NEEDS_CHANNEL_REVIEW,NO_REVIEWED_PLATFORM_ACCOUNT_ID,False
tiktok:acct_95e9414a4dc5fd7bc504,tiktok,,ซีบันนี่ ⋰˚☆,https://www.tiktok.com/@seabunnyi,HOLD_NEEDS_CHANNEL_REVIEW,NO_REVIEWED_PLATFORM_ACCOUNT_ID,False
tiktok:acct_96447e725bf6dbc1b647,tiktok,,Cyntia Skareth,https://www.tiktok.com/@cyntiavtuber,HOLD_NEEDS_CHANNEL_REVIEW,NO_REVIEWED_PLATFORM_ACCOUNT_ID,False
tiktok:acct_965daa48150913513239,tiktok,,MIoraTwilight_.,https://www.tiktok.com/@mi._.mioraa,HOLD_NEEDS_CHANNEL_REVIEW,NO_REVIEWED_PLATFORM_ACCOUNT_ID,False
tiktok:acct_9673e5830438651cdf28,tiktok,,Wilona Ch.,https://www.tiktok.com/@wilona.thegoat,HOLD_NEEDS_CHANNEL_REVIEW,NO_REVIEWED_PLATFORM_ACCOUNT_ID,False
tiktok:acct_96902ac9e5edb8cb9c51,tiktok,,Lucala,https://www.tiktok.com/@lucalagravity,HOLD_NEEDS_CHANNEL_REVIEW,NO_REVIEWED_PLATFORM_ACCOUNT_ID,False
tiktok:acct_96929ee7be9d0ac2cad0,tiktok,,MakiKaiSao,https://www.tiktok.com/@makikaisao,HOLD_NEEDS_CHANNEL_REVIEW,NO_REVIEWED_PLATFORM_ACCOUNT_ID,False
tiktok:acct_96fbd408689b8156931d,tiktok,,Lioren《HPP》,https://www.tiktok.com/@lioren_dande,HOLD_NEEDS_CHANNEL_REVIEW,NO_REVIEWED_PLATFORM_ACCOUNT_ID,False
tiktok:acct_974383fdcf32f57297c0,tiktok,,Frayr_WAV,https://www.tiktok.com/@frayr_wav,HOLD_NEEDS_CHANNEL_REVIEW,NO_REVIEWED_PLATFORM_ACCOUNT_ID,False
tiktok:acct_9744e612961d07fbe223,tiktok,,kaneakiarina,https://www.tiktok.com/@kaneakiarina,HOLD_NEEDS_CHANNEL_REVIEW,NO_REVIEWED_PLATFORM_ACCOUNT_ID,False
tiktok:acct_977df60393890a1fdb97,tiktok,,Juebighead,https://www.tiktok.com/@juebighead,HOLD_NEEDS_CHANNEL_REVIEW,NO_REVIEWED_PLATFORM_ACCOUNT_ID,False
tiktok:acct_9792a7cbb653af757398,tiktok,,Pamberry,https://www.tiktok.com/@pamberrych,HOLD_NEEDS_CHANNEL_REVIEW,NO_REVIEWED_PLATFORM_ACCOUNT_ID,False
tiktok:acct_97c9f77dd9d05ed2371d,tiktok,,issanumberone,https://www.tiktok.com/@issanumberone,HOLD_NEEDS_CHANNEL_REVIEW,NO_REVIEWED_PLATFORM_ACCOUNT_ID,False
tiktok:acct_986c9d7724ad1caab175,tiktok,,ChouxCreamVtuber,https://www.tiktok.com/@chouxcreamii,HOLD_NEEDS_CHANNEL_REVIEW,NO_REVIEWED_PLATFORM_ACCOUNT_ID,False
tiktok:acct_988d8b6e7759c49181e4,tiktok,,chatacloveron,https://www.tiktok.com/@chatacloveron,HOLD_NEEDS_CHANNEL_REVIEW,NO_REVIEWED_PLATFORM_ACCOUNT_ID,False
tiktok:acct_98c898995c48c6cc5b54,tiktok,,azuri_desu,https://www.tiktok.com/@azuri_desu,HOLD_NEEDS_CHANNEL_REVIEW,NO_REVIEWED_PLATFORM_ACCOUNT_ID,False
tiktok:acct_990d262a3b3d0e20f0a8,tiktok,,Ryusei Starlight,https://www.tiktok.com/@ryuseistarlight,HOLD_NEEDS_CHANNEL_REVIEW,NO_REVIEWED_PLATFORM_ACCOUNT_ID,False
tiktok:acct_991865cd287d6cff58b6,tiktok,,Grazia Ch. VtuberTH,https://www.tiktok.com/@grazia_desuwa,HOLD_NEEDS_CHANNEL_REVIEW,NO_REVIEWED_PLATFORM_ACCOUNT_ID,False
tiktok:acct_994d0432778a67eb153f,tiktok,,FuwaFuwaSeal,https://www.tiktok.com/@fuwafuwasealvtuber,HOLD_NEEDS_CHANNEL_REVIEW,NO_REVIEWED_PLATFORM_ACCOUNT_ID,False
tiktok:acct_99c90f5d1111fd2a36c9,tiktok,,Akari Kanon,https://www.tiktok.com/@akari_kanon,HOLD_NEEDS_CHANNEL_REVIEW,NO_REVIEWED_PLATFORM_ACCOUNT_ID,False
tiktok:acct_9a2d9ca2aa0f7bef0e80,tiktok,,Hinabe HongFei,https://www.tiktok.com/@hongfei_pix,HOLD_NEEDS_CHANNEL_REVIEW,NO_REVIEWED_PLATFORM_ACCOUNT_ID,False
tiktok:acct_9a656bdc50d1875f154f,tiktok,,Nosomi_Ray,https://www.tiktok.com/@nosomi_ray,HOLD_NEEDS_CHANNEL_REVIEW,NO_REVIEWED_PLATFORM_ACCOUNT_ID,False
tiktok:acct_9aaaf0705bb5e104a6b8,tiktok,,Regene 🍿🔳,https://www.tiktok.com/@regene_0810,HOLD_NEEDS_CHANNEL_REVIEW,NO_REVIEWED_PLATFORM_ACCOUNT_ID,False
tiktok:acct_9b16b746e18136e5be75,tiktok,,Faye Ashefort,https://www.tiktok.com/@fayeashefort,HOLD_NEEDS_CHANNEL_REVIEW,NO_REVIEWED_PLATFORM_ACCOUNT_ID,False
tiktok:acct_9b9714a53967f028756b,tiktok,,kwin_55,https://www.tiktok.com/@gnoiz_ch,HOLD_NEEDS_CHANNEL_REVIEW,NO_REVIEWED_PLATFORM_ACCOUNT_ID,False
tiktok:acct_9be65c0b413814977b86,tiktok,,natach_th,https://www.tiktok.com/@natach_th,HOLD_NEEDS_CHANNEL_REVIEW,NO_REVIEWED_PLATFORM_ACCOUNT_ID,False
tiktok:acct_9c943c450a02b869f370,tiktok,,AidinVtuber,https://www.tiktok.com/@aidinvtuber,HOLD_NEEDS_CHANNEL_REVIEW,NO_REVIEWED_PLATFORM_ACCOUNT_ID,False
tiktok:acct_9ca750d5e18534d54186,tiktok,,Xyne Valdreth「ZTP」,https://www.tiktok.com/@xyne_ztp,HOLD_NEEDS_CHANNEL_REVIEW,NO_REVIEWED_PLATFORM_ACCOUNT_ID,False
tiktok:acct_9ca94c5047425dcb0cc5,tiktok,,Freyrina,https://www.tiktok.com/@freyrinavtuber,HOLD_NEEDS_CHANNEL_REVIEW,NO_REVIEWED_PLATFORM_ACCOUNT_ID,False
tiktok:acct_9cd60d374c2af5eb8678,tiktok,,น้องSapD,https://www.tiktok.com/@saphirdragnier,HOLD_NEEDS_CHANNEL_REVIEW,NO_REVIEWED_PLATFORM_ACCOUNT_ID,False
tiktok:acct_9d0151d65ac30d087d17,tiktok,,Rafinia_Ch,https://www.tiktok.com/@rafinia_ch,HOLD_NEEDS_CHANNEL_REVIEW,NO_REVIEWED_PLATFORM_ACCOUNT_ID,False
tiktok:acct_9d130fbc88755e47d0c2,tiktok,,red_fartear,https://www.tiktok.com/@red_fartear,HOLD_NEEDS_CHANNEL_REVIEW,NO_REVIEWED_PLATFORM_ACCOUNT_ID,False
tiktok:acct_9dbf50104957b99d2eb0,tiktok,,Vita OvO CMS OPEN!,https://www.tiktok.com/@vita.ovo.commis,HOLD_NEEDS_CHANNEL_REVIEW,NO_REVIEWED_PLATFORM_ACCOUNT_ID,False
tiktok:acct_9dc0fc0498618c47b3f6,tiktok,,Byte001_SLR,https://www.tiktok.com/@byte001_slr,HOLD_NEEDS_CHANNEL_REVIEW,NO_REVIEWED_PLATFORM_ACCOUNT_ID,False
tiktok:acct_9e45dc490528c3e663fe,tiktok,,Lucid 🌠🗡️,https://www.tiktok.com/@lucid.rvd,HOLD_NEEDS_CHANNEL_REVIEW,NO_REVIEWED_PLATFORM_ACCOUNT_ID,False
tiktok:acct_9eeab57049cae68f45e5,tiktok,,อูนิ 🐶🦔 (แกร้ด 20/9 บ้านแดง),https://www.tiktok.com/@uniinu_epr,HOLD_NEEDS_CHANNEL_REVIEW,NO_REVIEWED_PLATFORM_ACCOUNT_ID,False
tiktok:acct_9f605cf674171c90b0b0,tiktok,,Kokori 🐰🍶 ｟ OTL ｠,https://www.tiktok.com/@kokori_otl,HOLD_NEEDS_CHANNEL_REVIEW,NO_REVIEWED_PLATFORM_ACCOUNT_ID,False
tiktok:acct_9f67656a2e2cfad34124,tiktok,,gramkochiki,https://www.tiktok.com/@gramkochiki,HOLD_NEEDS_CHANNEL_REVIEW,NO_REVIEWED_PLATFORM_ACCOUNT_ID,False
tiktok:acct_9f8305bcb338c3c3c79f,tiktok,,yuutanatsuki,https://www.tiktok.com/@yuutanatsuki,HOLD_NEEDS_CHANNEL_REVIEW,NO_REVIEWED_PLATFORM_ACCOUNT_ID,False
tiktok:acct_a0894d75ba259201ba49,tiktok,,xMylah.Chx,https://www.tiktok.com/@mylah.xch,HOLD_NEEDS_CHANNEL_REVIEW,NO_REVIEWED_PLATFORM_ACCOUNT_ID,False
tiktok:acct_a1cb7a017f7fda0be0b1,tiktok,,Mabelle.a,https://www.tiktok.com/@mabelle.aho,HOLD_NEEDS_CHANNEL_REVIEW,NO_REVIEWED_PLATFORM_ACCOUNT_ID,False
tiktok:acct_a1d07a2e4c28fd741b50,tiktok,,Sarnna Black Herbilrah |【SH】,https://www.tiktok.com/@sarnna_bh_br,HOLD_NEEDS_CHANNEL_REVIEW,NO_REVIEWED_PLATFORM_ACCOUNT_ID,False
tiktok:acct_a232563196905ef90df6,tiktok,,Asheria,https://www.tiktok.com/@asheria_bubu,HOLD_NEEDS_CHANNEL_REVIEW,NO_REVIEWED_PLATFORM_ACCOUNT_ID,False
tiktok:acct_a2ac96664ea8acd810d2,tiktok,,ฟ้อนดาวมาเล่า | Fondawl【RE:S】,https://www.tiktok.com/@fondawl_res,HOLD_NEEDS_CHANNEL_REVIEW,NO_REVIEWED_PLATFORM_ACCOUNT_ID,False
tiktok:acct_a2dcb262d591754ed096,tiktok,,Kurosegawa Renjimaru 黒瀬川 櫺子丸,https://www.tiktok.com/@kurosegawa.renjimaru,HOLD_NEEDS_CHANNEL_REVIEW,NO_REVIEWED_PLATFORM_ACCOUNT_ID,False
tiktok:acct_a2e5f4f08e6475308a65,tiktok,,Chika🍀🩷,https://www.tiktok.com/@nonokochika,HOLD_NEEDS_CHANNEL_REVIEW,NO_REVIEWED_PLATFORM_ACCOUNT_ID,False
tiktok:acct_a3046c016c72fc7e02d9,tiktok,,connese.plai,https://www.tiktok.com/@connese.plai,HOLD_NEEDS_CHANNEL_REVIEW,NO_REVIEWED_PLATFORM_ACCOUNT_ID,False
tiktok:acct_a33b55bd5e4033ca5279,tiktok,,นักวาดเกเบิ้มๆ🏳️‍🌈,https://www.tiktok.com/@helsongop_artwork,HOLD_NEEDS_CHANNEL_REVIEW,NO_REVIEWED_PLATFORM_ACCOUNT_ID,False
tiktok:acct_a38dc152aafdbae293d3,tiktok,,LVMP 🔥🌋,https://www.tiktok.com/@lvmp_channel,HOLD_NEEDS_CHANNEL_REVIEW,NO_REVIEWED_PLATFORM_ACCOUNT_ID,False
tiktok:acct_a3a314a30e10f2de6e38,tiktok,,Elleusia 🥀◆,https://www.tiktok.com/@elleusia,HOLD_NEEDS_CHANNEL_REVIEW,NO_REVIEWED_PLATFORM_ACCOUNT_ID,False
tiktok:acct_a3afab6c2c661d361e2b,tiktok,,JamMyChan .ch🍑🐿,https://www.tiktok.com/@jammy_chan_,HOLD_NEEDS_CHANNEL_REVIEW,NO_REVIEWED_PLATFORM_ACCOUNT_ID,False
tiktok:acct_a3fd6fe2aa7fad80c6ce,tiktok,,ซอลลี่ฟีนิกซ์นะยะ,https://www.tiktok.com/@heysolly,HOLD_NEEDS_CHANNEL_REVIEW,NO_REVIEWED_PLATFORM_ACCOUNT_ID,False
tiktok:acct_a456f2835b32078a6c11,tiktok,,Kinari Hoku,https://www.tiktok.com/@hokuplg,HOLD_NEEDS_CHANNEL_REVIEW,NO_REVIEWED_PLATFORM_ACCOUNT_ID,False
tiktok:acct_a4ee06a460cb18e04a31,tiktok,,Viva Vtuber [TH],https://www.tiktok.com/@viva_vtuber,HOLD_NEEDS_CHANNEL_REVIEW,NO_REVIEWED_PLATFORM_ACCOUNT_ID,False
tiktok:acct_a508cb5f6dfb2ffec9f2,tiktok,,Doctor,https://www.tiktok.com/@doctor.lamoontoon,HOLD_NEEDS_CHANNEL_REVIEW,NO_REVIEWED_PLATFORM_ACCOUNT_ID,False
tiktok:acct_a55cc4daead3669c375b,tiktok,,Algorhythm Project,https://www.tiktok.com/@arp_vtuber,HOLD_NEEDS_CHANNEL_REVIEW,NO_REVIEWED_PLATFORM_ACCOUNT_ID,False
tiktok:acct_a5878871f23faef5ec54,tiktok,,Keiler🐗🩸❤️〖SSR〗,https://www.tiktok.com/@keiler_ssr,HOLD_NEEDS_CHANNEL_REVIEW,NO_REVIEWED_PLATFORM_ACCOUNT_ID,False
tiktok:acct_a5c916d71c8e9da73a94,tiktok,,RiekaDaYo🐺🌠,https://www.tiktok.com/@astella_rieka,HOLD_NEEDS_CHANNEL_REVIEW,NO_REVIEWED_PLATFORM_ACCOUNT_ID,False
tiktok:acct_a5f1359a373c5c18db1e,tiktok,,EVA THE RHINO Ch.,https://www.tiktok.com/@evatherhino,HOLD_NEEDS_CHANNEL_REVIEW,NO_REVIEWED_PLATFORM_ACCOUNT_ID,False
tiktok:acct_a635d30e87b631be1abf,tiktok,,คิวบิไนน์,https://www.tiktok.com/@kyubi_nine,HOLD_NEEDS_CHANNEL_REVIEW,NO_REVIEWED_PLATFORM_ACCOUNT_ID,False
tiktok:acct_a6d7f93aac771d9f0025,tiktok,,tenshitsukiko,https://www.tiktok.com/@tenshitsukiko,HOLD_NEEDS_CHANNEL_REVIEW,NO_REVIEWED_PLATFORM_ACCOUNT_ID,False
tiktok:acct_a6f988728a8b454a4e86,tiktok,,Allure Tytonadia,https://www.tiktok.com/@allure_mystery,HOLD_NEEDS_CHANNEL_REVIEW,NO_REVIEWED_PLATFORM_ACCOUNT_ID,False
tiktok:acct_a6fea8c6aea3a6ec3a71,tiktok,,Zabrina,https://www.tiktok.com/@zabrina_vtuber,HOLD_NEEDS_CHANNEL_REVIEW,NO_REVIEWED_PLATFORM_ACCOUNT_ID,False
tiktok:acct_a7a4976eaf83bc7ae38b,tiktok,,Heiman / เหมันต์ ☃️👔 ‧*❆,https://www.tiktok.com/@heiman.vtuber,HOLD_NEEDS_CHANNEL_REVIEW,NO_REVIEWED_PLATFORM_ACCOUNT_ID,False
tiktok:acct_a7c90cc396e9c01d6bf4,tiktok,,_fromillusion,https://www.tiktok.com/@_fromillusion,HOLD_NEEDS_CHANNEL_REVIEW,NO_REVIEWED_PLATFORM_ACCOUNT_ID,False
tiktok:acct_a7f56e6d8465acd3ec10,tiktok,,manamineko_0,https://www.tiktok.com/@manamineko_0,HOLD_NEEDS_CHANNEL_REVIEW,NO_REVIEWED_PLATFORM_ACCOUNT_ID,False
tiktok:acct_a847a9fdaaaf0e9fcf69,tiktok,,MUNG MING VBer,https://www.tiktok.com/@mung_ming_vber,HOLD_NEEDS_CHANNEL_REVIEW,NO_REVIEWED_PLATFORM_ACCOUNT_ID,False
tiktok:acct_a89b92450a97e79d7744,tiktok,,Fukio,https://www.tiktok.com/@rainbows_fukio42,HOLD_NEEDS_CHANNEL_REVIEW,NO_REVIEWED_PLATFORM_ACCOUNT_ID,False
tiktok:acct_a8a40a32a51a1aa2a445,tiktok,,catta.,https://www.tiktok.com/@catta.4r,HOLD_NEEDS_CHANNEL_REVIEW,NO_REVIEWED_PLATFORM_ACCOUNT_ID,False
tiktok:acct_a8bd3827b6342e41a748,tiktok,,n4iki54,https://www.tiktok.com/@n4iki54,HOLD_NEEDS_CHANNEL_REVIEW,NO_REVIEWED_PLATFORM_ACCOUNT_ID,False
tiktok:acct_a9a5d9cb0bbbde394c27,tiktok,,Mellowlop,https://www.tiktok.com/@mellowlop.vtuber,HOLD_NEEDS_CHANNEL_REVIEW,NO_REVIEWED_PLATFORM_ACCOUNT_ID,False
tiktok:acct_a9a90796fbc65aa683e8,tiktok,,Chouya,https://www.tiktok.com/@chouya,HOLD_NEEDS_CHANNEL_REVIEW,NO_REVIEWED_PLATFORM_ACCOUNT_ID,False
tiktok:acct_a9fcaf422743a2ff36ae,tiktok,,Minarin Sárkányszél,https://www.tiktok.com/@minarinsarkany,HOLD_NEEDS_CHANNEL_REVIEW,NO_REVIEWED_PLATFORM_ACCOUNT_ID,False
tiktok:acct_aa969b757d6b23926a9c,tiktok,,Darumaby,https://www.tiktok.com/@darumaby,HOLD_NEEDS_CHANNEL_REVIEW,NO_REVIEWED_PLATFORM_ACCOUNT_ID,False
tiktok:acct_aad5336067e95e33d1d7,tiktok,,Superpretty_TAKOPERO,https://www.tiktok.com/@superpretty_takopero,HOLD_NEEDS_CHANNEL_REVIEW,NO_REVIEWED_PLATFORM_ACCOUNT_ID,False
tiktok:acct_aae4e9741398553bfaad,tiktok,,ChaoPlaThong,https://www.tiktok.com/@chaoplathong,HOLD_NEEDS_CHANNEL_REVIEW,NO_REVIEWED_PLATFORM_ACCOUNT_ID,False
tiktok:acct_abfb4702ff17069966db,tiktok,,Kirine Vtuber,https://www.tiktok.com/@kirinech,HOLD_NEEDS_CHANNEL_REVIEW,NO_REVIEWED_PLATFORM_ACCOUNT_ID,False
tiktok:acct_ac1f19e5ad01cdf7f1df,tiktok,,oatsukaresan,https://www.tiktok.com/@oatsukaresan,HOLD_NEEDS_CHANNEL_REVIEW,NO_REVIEWED_PLATFORM_ACCOUNT_ID,False
tiktok:acct_ac4eafe35ee0e786103c,tiktok,,Nagirin 【RE:S】,https://www.tiktok.com/@nagirin_res,HOLD_NEEDS_CHANNEL_REVIEW,NO_REVIEWED_PLATFORM_ACCOUNT_ID,False
tiktok:acct_ac6961d88edf72086165,tiktok,,malai_deva,https://www.tiktok.com/@malai_deva,HOLD_NEEDS_CHANNEL_REVIEW,NO_REVIEWED_PLATFORM_ACCOUNT_ID,False
tiktok:acct_ac9cabe995e39d11ab23,tiktok,,คีนเซล่า โกยะ❤️ VTuberTH,https://www.tiktok.com/@kinsella_goya,HOLD_NEEDS_CHANNEL_REVIEW,NO_REVIEWED_PLATFORM_ACCOUNT_ID,False
tiktok:acct_acc27788dbd659710925,tiktok,,BiruWolf,https://www.tiktok.com/@biruwolf,HOLD_NEEDS_CHANNEL_REVIEW,NO_REVIEWED_PLATFORM_ACCOUNT_ID,False
tiktok:acct_accb56f55889ee80eb77,tiktok,,MiuHime,https://www.tiktok.com/@princess_miuhime,HOLD_NEEDS_CHANNEL_REVIEW,NO_REVIEWED_PLATFORM_ACCOUNT_ID,False
tiktok:acct_acf62319f5123cd2f549,tiktok,,Anastasia_TRR,https://www.tiktok.com/@a.anastasia_trr,HOLD_NEEDS_CHANNEL_REVIEW,NO_REVIEWED_PLATFORM_ACCOUNT_ID,False
tiktok:acct_ad29d46d2eeaef4c9ff6,tiktok,,Giovanni『 VNV 』,https://www.tiktok.com/@giovanni_vnv,HOLD_NEEDS_CHANNEL_REVIEW,NO_REVIEWED_PLATFORM_ACCOUNT_ID,False
tiktok:acct_ad63119a03aec87fedd3,tiktok,,Melriz,https://www.tiktok.com/@melrizch,HOLD_NEEDS_CHANNEL_REVIEW,NO_REVIEWED_PLATFORM_ACCOUNT_ID,False
tiktok:acct_ae0142ad638573169e24,tiktok,,kingslime_vtuberth,https://www.tiktok.com/@kingslime_vtuberth,HOLD_NEEDS_CHANNEL_REVIEW,NO_REVIEWED_PLATFORM_ACCOUNT_ID,False
tiktok:acct_ae0ea058137d02975fe3,tiktok,,Hajikeru Haruno Ch,https://www.tiktok.com/@hajikeruharunoch,HOLD_NEEDS_CHANNEL_REVIEW,NO_REVIEWED_PLATFORM_ACCOUNT_ID,False
tiktok:acct_ae30a2ce2f0ee138bf6e,tiktok,,Christa_ATX,https://www.tiktok.com/@christa_atx,HOLD_NEEDS_CHANNEL_REVIEW,NO_REVIEWED_PLATFORM_ACCOUNT_ID,False
tiktok:acct_ae7be1fb82bc697d2376,tiktok,,NICHA🩹💕【SSR】,https://www.tiktok.com/@nicha_ssr,HOLD_NEEDS_CHANNEL_REVIEW,NO_REVIEWED_PLATFORM_ACCOUNT_ID,False
tiktok:acct_aec5e2bb17d5e0cbe7f3,tiktok,,Chourinne Lilith【蝶輪廻リリス】,https://www.tiktok.com/@lilithvtuberth,HOLD_NEEDS_CHANNEL_REVIEW,NO_REVIEWED_PLATFORM_ACCOUNT_ID,False
tiktok:acct_aed6a5a05783870e8654,tiktok,,aimt1964,https://www.tiktok.com/@aimtraps,HOLD_NEEDS_CHANNEL_REVIEW,NO_REVIEWED_PLATFORM_ACCOUNT_ID,False
tiktok:acct_af0162bb086cfdff272f,tiktok,,kuroyoru_yami,https://www.tiktok.com/@kuroyoru_yami,HOLD_NEEDS_CHANNEL_REVIEW,NO_REVIEWED_PLATFORM_ACCOUNT_ID,False
tiktok:acct_af2e3348e2089349e50e,tiktok,,Zeraphina Hana,https://www.tiktok.com/@zeraphinahn,HOLD_NEEDS_CHANNEL_REVIEW,NO_REVIEWED_PLATFORM_ACCOUNT_ID,False
tiktok:acct_af431d46e72498285b56,tiktok,,LIRIN,https://www.tiktok.com/@lirin0suke,HOLD_NEEDS_CHANNEL_REVIEW,NO_REVIEWED_PLATFORM_ACCOUNT_ID,False
tiktok:acct_af43c8b1e5de25382c02,tiktok,,Rexa T-Rex Vtuber🦖,https://www.tiktok.com/@rexaplg,HOLD_NEEDS_CHANNEL_REVIEW,NO_REVIEWED_PLATFORM_ACCOUNT_ID,False
tiktok:acct_af45bf91d0d0dd47842a,tiktok,,reva_regaliaast,https://www.tiktok.com/@reva_regaliaast,HOLD_NEEDS_CHANNEL_REVIEW,NO_REVIEWED_PLATFORM_ACCOUNT_ID,False
tiktok:acct_af628e68a88759f4ef42,tiktok,,RUBY💫『GDT』,https://www.tiktok.com/@rubiidoeverything,HOLD_NEEDS_CHANNEL_REVIEW,NO_REVIEWED_PLATFORM_ACCOUNT_ID,False
tiktok:acct_afb22b63816a96173cb1,tiktok,,Moe Miyabi ♥,https://www.tiktok.com/@moe_miyabi,HOLD_NEEDS_CHANNEL_REVIEW,NO_REVIEWED_PLATFORM_ACCOUNT_ID,False
tiktok:acct_b10aaf1d8ef065755da1,tiktok,,❄️Sylvie Ch.【XIRCONIA】,https://www.tiktok.com/@sylvie_xirconia,HOLD_NEEDS_CHANNEL_REVIEW,NO_REVIEWED_PLATFORM_ACCOUNT_ID,False
tiktok:acct_b13202eab91513c2f623,tiktok,,mizo.vtuber,https://www.tiktok.com/@mizo.vtuber?_t=zs-8zld5km0afp&_r=1,HOLD_NEEDS_CHANNEL_REVIEW,NO_REVIEWED_PLATFORM_ACCOUNT_ID,False
tiktok:acct_b1c8cf9a03346a8f14c2,tiktok,,Nogi Sensei,https://www.tiktok.com/@nogibynagi,HOLD_NEEDS_CHANNEL_REVIEW,NO_REVIEWED_PLATFORM_ACCOUNT_ID,False
tiktok:acct_b1cabb7b9d29524ca0fc,tiktok,,pingpunuwu,https://www.tiktok.com/@pingpunuwu,HOLD_NEEDS_CHANNEL_REVIEW,NO_REVIEWED_PLATFORM_ACCOUNT_ID,False
tiktok:acct_b202427ea17c7f8705b9,tiktok,,boonshuuuu,https://www.tiktok.com/@boonshuuuu,HOLD_NEEDS_CHANNEL_REVIEW,NO_REVIEWED_PLATFORM_ACCOUNT_ID,False
tiktok:acct_b20f1da313b356067af8,tiktok,,Byte001_SLR,https://www.tiktok.com/@muendair_slr,HOLD_NEEDS_CHANNEL_REVIEW,NO_REVIEWED_PLATFORM_ACCOUNT_ID,False
tiktok:acct_b2242452bd6910f89688,tiktok,,Https,https://www.tiktok.com/@https,HOLD_NEEDS_CHANNEL_REVIEW,NO_REVIEWED_PLATFORM_ACCOUNT_ID,False
tiktok:acct_b2b9d929a624b3e9cd4b,tiktok,,Woofna_ch,https://www.tiktok.com/@woofna_ch,HOLD_NEEDS_CHANNEL_REVIEW,NO_REVIEWED_PLATFORM_ACCOUNT_ID,False
tiktok:acct_b31a1c1e7ed1cb7230dc,tiktok,,Khaopundesu,https://www.tiktok.com/@khaopundesu,HOLD_NEEDS_CHANNEL_REVIEW,NO_REVIEWED_PLATFORM_ACCOUNT_ID,False
tiktok:acct_b3986e83954c663ac2a4,tiktok,,zeneastarblaze,https://www.tiktok.com/@zeneastarblaze,HOLD_NEEDS_CHANNEL_REVIEW,NO_REVIEWED_PLATFORM_ACCOUNT_ID,False
tiktok:acct_b3c1effe1761b3d81742,tiktok,,Roséline ʚɞ,https://www.tiktok.com/@roseline_btf,HOLD_NEEDS_CHANNEL_REVIEW,NO_REVIEWED_PLATFORM_ACCOUNT_ID,False
tiktok:acct_b3de38f3c0a3f2f389fe,tiktok,,HaruVtuber,https://www.tiktok.com/@harurei02,HOLD_NEEDS_CHANNEL_REVIEW,NO_REVIEWED_PLATFORM_ACCOUNT_ID,False
tiktok:acct_b433a0838419e537088c,tiktok,,MerryKomori,https://www.tiktok.com/@merrykomori,HOLD_NEEDS_CHANNEL_REVIEW,NO_REVIEWED_PLATFORM_ACCOUNT_ID,False
tiktok:acct_b4489ff9de79b62f69ca,tiktok,,DNoiR,https://www.tiktok.com/@dnoir_lbm,HOLD_NEEDS_CHANNEL_REVIEW,NO_REVIEWED_PLATFORM_ACCOUNT_ID,False
tiktok:acct_b45a837d217d94a0ba6a,tiktok,,TandusX,https://www.tiktok.com/@tandusx0,HOLD_NEEDS_CHANNEL_REVIEW,NO_REVIEWED_PLATFORM_ACCOUNT_ID,False
tiktok:acct_b48cb6eb884f8a4308c7,tiktok,,Nora Vanadiz「univirsual」,https://www.tiktok.com/@nora_vanadiz,HOLD_NEEDS_CHANNEL_REVIEW,NO_REVIEWED_PLATFORM_ACCOUNT_ID,False
tiktok:acct_b4ac5a313ff4fb92554f,tiktok,,K.&Un Ch.♊️,https://www.tiktok.com/@masanari.k,HOLD_NEEDS_CHANNEL_REVIEW,NO_REVIEWED_PLATFORM_ACCOUNT_ID,False
tiktok:acct_b4b3f3be74db7512862f,tiktok,,Feirong.vt,https://www.tiktok.com/@feirong.vt,HOLD_NEEDS_CHANNEL_REVIEW,NO_REVIEWED_PLATFORM_ACCOUNT_ID,False
tiktok:acct_b4d4fa1105116566f50b,tiktok,,baabel_arp,https://www.tiktok.com/@baabel_arp,HOLD_NEEDS_CHANNEL_REVIEW,NO_REVIEWED_PLATFORM_ACCOUNT_ID,False
tiktok:acct_b5797f3ff3965e58dfe6,tiktok,,AzuruVT,https://www.tiktok.com/@azuruvt,HOLD_NEEDS_CHANNEL_REVIEW,NO_REVIEWED_PLATFORM_ACCOUNT_ID,False
tiktok:acct_b5bbc47d9cea4d41353a,tiktok,,KYOYA KIERAN,https://www.tiktok.com/@kyoya.kieran,HOLD_NEEDS_CHANNEL_REVIEW,NO_REVIEWED_PLATFORM_ACCOUNT_ID,False
tiktok:acct_b5bda344df61cb82c20a,tiktok,,Rosánn Ch.,https://www.tiktok.com/@rosann_myssiera,HOLD_NEEDS_CHANNEL_REVIEW,NO_REVIEWED_PLATFORM_ACCOUNT_ID,False
tiktok:acct_b66d95498bc7833e2e3b,tiktok,,Sisira_Hydrangea,https://www.tiktok.com/@sisira_hydrangea,HOLD_NEEDS_CHANNEL_REVIEW,NO_REVIEWED_PLATFORM_ACCOUNT_ID,False
tiktok:acct_b67a1caa9122d9c1659a,tiktok,,KAN DESU,https://www.tiktok.com/@kandesuuu,HOLD_NEEDS_CHANNEL_REVIEW,NO_REVIEWED_PLATFORM_ACCOUNT_ID,False
tiktok:acct_b68f536b729b5cbdbbea,tiktok,,Yunes085,https://www.tiktok.com/@yunes0857,HOLD_NEEDS_CHANNEL_REVIEW,NO_REVIEWED_PLATFORM_ACCOUNT_ID,False
tiktok:acct_b6b98823b9a9e6fa0e5f,tiktok,,moia_lnwza55,https://www.tiktok.com/@moia_lnwza55,HOLD_NEEDS_CHANNEL_REVIEW,NO_REVIEWED_PLATFORM_ACCOUNT_ID,False
tiktok:acct_b72d9e143a599327a5cd,tiktok,,luminshinehart,https://www.tiktok.com/@luminshinehart,HOLD_NEEDS_CHANNEL_REVIEW,NO_REVIEWED_PLATFORM_ACCOUNT_ID,False
tiktok:acct_b79e50f60768e26bf26d,tiktok,,Doublequill,https://www.tiktok.com/@doublequill_tiny,HOLD_NEEDS_CHANNEL_REVIEW,NO_REVIEWED_PLATFORM_ACCOUNT_ID,False
tiktok:acct_b7de4c55f0327b1903a7,tiktok,,viorises,https://www.tiktok.com/@viorises,HOLD_NEEDS_CHANNEL_REVIEW,NO_REVIEWED_PLATFORM_ACCOUNT_ID,False
tiktok:acct_b7e1d865e2a294d1062e,tiktok,,Taengkwa Ch.,https://www.tiktok.com/@taengkwa_ch,HOLD_NEEDS_CHANNEL_REVIEW,NO_REVIEWED_PLATFORM_ACCOUNT_ID,False
tiktok:acct_b88ab436f5daa13d875b,tiktok,,umino_ciala,https://www.tiktok.com/@umino_ciala,HOLD_NEEDS_CHANNEL_REVIEW,NO_REVIEWED_PLATFORM_ACCOUNT_ID,False
tiktok:acct_b8b2af000eb7505c566c,tiktok,,Megzis Lurnyl,https://www.tiktok.com/@megzisln,HOLD_NEEDS_CHANNEL_REVIEW,NO_REVIEWED_PLATFORM_ACCOUNT_ID,False
tiktok:acct_b8c7df4b4032114aadf2,tiktok,,soursama_,https://www.tiktok.com/@soursama_,HOLD_NEEDS_CHANNEL_REVIEW,NO_REVIEWED_PLATFORM_ACCOUNT_ID,False
tiktok:acct_b91cd711ecca3c6532c2,tiktok,,yoinmori,https://www.tiktok.com/@yoinmori,HOLD_NEEDS_CHANNEL_REVIEW,NO_REVIEWED_PLATFORM_ACCOUNT_ID,False
tiktok:acct_b929396a012b092c50d2,tiktok,,Jorirynn 【ASTRAY】,https://www.tiktok.com/@jorirynn_astray,HOLD_NEEDS_CHANNEL_REVIEW,NO_REVIEWED_PLATFORM_ACCOUNT_ID,False
tiktok:acct_b9905567fd4e040a073a,tiktok,,akitoqflame,https://www.tiktok.com/@akitoqflame,HOLD_NEEDS_CHANNEL_REVIEW,NO_REVIEWED_PLATFORM_ACCOUNT_ID,False
tiktok:acct_b993ff2af9bad06fd2c3,tiktok,,Akinori Eiji Ch.「TRR」,https://www.tiktok.com/@akinorieiji_trr,HOLD_NEEDS_CHANNEL_REVIEW,NO_REVIEWED_PLATFORM_ACCOUNT_ID,False
tiktok:acct_b9e1c27d324e629cabd0,tiktok,,Eyez Vtuberz TH,https://www.tiktok.com/@eyez_vtuberth,HOLD_NEEDS_CHANNEL_REVIEW,NO_REVIEWED_PLATFORM_ACCOUNT_ID,False
tiktok:acct_b9eb14a71cd05793cacd,tiktok,,t_blueberry,https://www.tiktok.com/@t_blueberry?_t=8sVcG59eHfm&_r=1,HOLD_NEEDS_CHANNEL_REVIEW,NO_REVIEWED_PLATFORM_ACCOUNT_ID,False
tiktok:acct_ba44975dcb3f14468bfc,tiktok,,Whanyen | ViberPro,https://www.tiktok.com/@whanyenjiab,HOLD_NEEDS_CHANNEL_REVIEW,NO_REVIEWED_PLATFORM_ACCOUNT_ID,False
tiktok:acct_ba9fa49face6f542e919,tiktok,,Salvia 💜,https://www.tiktok.com/@salvia_mairu,HOLD_NEEDS_CHANNEL_REVIEW,NO_REVIEWED_PLATFORM_ACCOUNT_ID,False
tiktok:acct_bbd3db0f1e404205118e,tiktok,,Latta_arp🐺🏖️,https://www.tiktok.com/@latta_arp,HOLD_NEEDS_CHANNEL_REVIEW,NO_REVIEWED_PLATFORM_ACCOUNT_ID,False
tiktok:acct_bbeb376b16774946c554,tiktok,,Norimaki 🖤,https://www.tiktok.com/@norimaki_jac,HOLD_NEEDS_CHANNEL_REVIEW,NO_REVIEWED_PLATFORM_ACCOUNT_ID,False
tiktok:acct_bbefcfd5e0ca745f358c,tiktok,,อัยเจล,https://www.tiktok.com/@ayselzzy,HOLD_NEEDS_CHANNEL_REVIEW,NO_REVIEWED_PLATFORM_ACCOUNT_ID,False
tiktok:acct_bcc687baa9b47ac2593d,tiktok,,S1R🔫 // L1MOU🤖,https://www.tiktok.com/@s1r_arp,HOLD_NEEDS_CHANNEL_REVIEW,NO_REVIEWED_PLATFORM_ACCOUNT_ID,False
tiktok:acct_bcdf5befe6ef7602309e,tiktok,,Phumarine Phuma,https://www.tiktok.com/@phumarine_phuma,HOLD_NEEDS_CHANNEL_REVIEW,NO_REVIEWED_PLATFORM_ACCOUNT_ID,False
tiktok:acct_bd0c2fc878cc8ca68dc9,tiktok,,suavtuber,https://www.tiktok.com/@suavtuber,HOLD_NEEDS_CHANNEL_REVIEW,NO_REVIEWED_PLATFORM_ACCOUNT_ID,False
tiktok:acct_bd1a28d4aa43d515c947,tiktok,,กะปุ้นบุ๋งๆๆ,https://www.tiktok.com/@chalityprl,HOLD_NEEDS_CHANNEL_REVIEW,NO_REVIEWED_PLATFORM_ACCOUNT_ID,False
tiktok:acct_bd35baec476c0ce53be7,tiktok,,Baruru 🐧🥓 Vtuber,https://www.tiktok.com/@baruruvtuber,HOLD_NEEDS_CHANNEL_REVIEW,NO_REVIEWED_PLATFORM_ACCOUNT_ID,False
tiktok:acct_bd6d22079ce640f580c8,tiktok,,rlanzchino,https://www.tiktok.com/@rlanzchino,HOLD_NEEDS_CHANNEL_REVIEW,NO_REVIEWED_PLATFORM_ACCOUNT_ID,False
tiktok:acct_bd8c202a91c45cf84893,tiktok,,ikutosama V,https://www.tiktok.com/@ikutosama1,HOLD_NEEDS_CHANNEL_REVIEW,NO_REVIEWED_PLATFORM_ACCOUNT_ID,False
tiktok:acct_bdc79731c1081290d816,tiktok,,Faminé 🦋🍷 《 ARP 》,https://www.tiktok.com/@famine_arp,HOLD_NEEDS_CHANNEL_REVIEW,NO_REVIEWED_PLATFORM_ACCOUNT_ID,False
tiktok:acct_be16aaa8f25007b735ff,tiktok,,Benny Ch.,https://www.tiktok.com/@benny7418ch,HOLD_NEEDS_CHANNEL_REVIEW,NO_REVIEWED_PLATFORM_ACCOUNT_ID,False
tiktok:acct_be2bef58eb167b198bed,tiktok,,TamaYuu,https://www.tiktok.com/@tamakoyuu,HOLD_NEEDS_CHANNEL_REVIEW,NO_REVIEWED_PLATFORM_ACCOUNT_ID,False
tiktok:acct_be451df1b698cc95c570,tiktok,,Nonghong,https://www.tiktok.com/@nonghongv,HOLD_NEEDS_CHANNEL_REVIEW,NO_REVIEWED_PLATFORM_ACCOUNT_ID,False
tiktok:acct_be51d5cd9baf99d2b413,tiktok,,Mirae Solstice | วีทูปเปอร์,https://www.tiktok.com/@mirae.solstice,HOLD_NEEDS_CHANNEL_REVIEW,NO_REVIEWED_PLATFORM_ACCOUNT_ID,False
tiktok:acct_be76b08044440daad60c,tiktok,,inukami_pugmaru,https://www.tiktok.com/@inukami_pugmaru,HOLD_NEEDS_CHANNEL_REVIEW,NO_REVIEWED_PLATFORM_ACCOUNT_ID,False
tiktok:acct_be76f1f75d3bd11764f5,tiktok,,lenlorcraft,https://www.tiktok.com/@lenlorcraft,HOLD_NEEDS_CHANNEL_REVIEW,NO_REVIEWED_PLATFORM_ACCOUNT_ID,False
tiktok:acct_beb6417a7e85342d26e7,tiktok,,cresentansel,https://www.tiktok.com/@cresentansel,HOLD_NEEDS_CHANNEL_REVIEW,NO_REVIEWED_PLATFORM_ACCOUNT_ID,False
tiktok:acct_bfc21ee07145f0626fda,tiktok,,Yor0,https://www.tiktok.com/@dotto_yoro,HOLD_NEEDS_CHANNEL_REVIEW,NO_REVIEWED_PLATFORM_ACCOUNT_ID,False
tiktok:acct_bfcfcd4d0a58a04189c3,tiktok,,Shinya Natonsai,https://www.tiktok.com/@shinya_natonsai,HOLD_NEEDS_CHANNEL_REVIEW,NO_REVIEWED_PLATFORM_ACCOUNT_ID,False
tiktok:acct_bfdc9c797b1c8bde54da,tiktok,,Fay Xingfu,https://www.tiktok.com/@fay_xingfu,HOLD_NEEDS_CHANNEL_REVIEW,NO_REVIEWED_PLATFORM_ACCOUNT_ID,False
tiktok:acct_c072e1f1982d4e9826d7,tiktok,,bossmomo_lh,https://www.tiktok.com/@bossmomo_lh,HOLD_NEEDS_CHANNEL_REVIEW,NO_REVIEWED_PLATFORM_ACCOUNT_ID,False
tiktok:acct_c0747e3ea6b1ce4bce46,tiktok,,KOUSEI_AMANOGAWA,https://www.tiktok.com/@kousei_amanogawa,HOLD_NEEDS_CHANNEL_REVIEW,NO_REVIEWED_PLATFORM_ACCOUNT_ID,False
tiktok:acct_c074cf158a7937495374,tiktok,,Noeluc,https://www.tiktok.com/@noeluc_,HOLD_NEEDS_CHANNEL_REVIEW,NO_REVIEWED_PLATFORM_ACCOUNT_ID,False
tiktok:acct_c09186b38d43b71fddc4,tiktok,,LamuJung official  🐬,https://www.tiktok.com/@lamu.official,HOLD_NEEDS_CHANNEL_REVIEW,NO_REVIEWED_PLATFORM_ACCOUNT_ID,False
tiktok:acct_c0e1717d44d6b604d1fe,tiktok,,HyokiSan,https://www.tiktok.com/@hyokihowatora,HOLD_NEEDS_CHANNEL_REVIEW,NO_REVIEWED_PLATFORM_ACCOUNT_ID,False
tiktok:acct_c11ac3d5855eb2a109fc,tiktok,,SWITCHIZ,https://www.tiktok.com/@switchiz,HOLD_NEEDS_CHANNEL_REVIEW,NO_REVIEWED_PLATFORM_ACCOUNT_ID,False
tiktok:acct_c13a2dcb8ae537d75ae4,tiktok,,Eileennoir ⚖️,https://www.tiktok.com/@eileennoir,HOLD_NEEDS_CHANNEL_REVIEW,NO_REVIEWED_PLATFORM_ACCOUNT_ID,False
tiktok:acct_c16ae82f0b21783b9815,tiktok,,เกมส์เมอร์ขาอ่อน - GAMERKAON,https://www.tiktok.com/@gamerkaon,HOLD_NEEDS_CHANNEL_REVIEW,NO_REVIEWED_PLATFORM_ACCOUNT_ID,False
tiktok:acct_c1a8f7cb1ce875e550c2,tiktok,,Pimkishy,https://www.tiktok.com/@pimkishy,HOLD_NEEDS_CHANNEL_REVIEW,NO_REVIEWED_PLATFORM_ACCOUNT_ID,False
tiktok:acct_c1b76db18d11f7162a02,tiktok,,Momomiichan,https://www.tiktok.com/@momomiichan,HOLD_NEEDS_CHANNEL_REVIEW,NO_REVIEWED_PLATFORM_ACCOUNT_ID,False
tiktok:acct_c1dfbe6111f5ba7080bf,tiktok,,aito_lh,https://www.tiktok.com/@aito_lh,HOLD_NEEDS_CHANNEL_REVIEW,NO_REVIEWED_PLATFORM_ACCOUNT_ID,False
tiktok:acct_c1e483b593064432391f,tiktok,,retsu_red,https://www.tiktok.com/@retsu_red,HOLD_NEEDS_CHANNEL_REVIEW,NO_REVIEWED_PLATFORM_ACCOUNT_ID,False
tiktok:acct_c24dd6c72b78a2add54f,tiktok,,Kapz 🦆,https://www.tiktok.com/@kapz.vvn,HOLD_NEEDS_CHANNEL_REVIEW,NO_REVIEWED_PLATFORM_ACCOUNT_ID,False
tiktok:acct_c25671b2bc8888b7fac2,tiktok,,Nyeeeon,https://www.tiktok.com/@nyeeeon_vt,HOLD_NEEDS_CHANNEL_REVIEW,NO_REVIEWED_PLATFORM_ACCOUNT_ID,False
tiktok:acct_c2ea2d7f38a9e9ceec53,tiktok,,CheezySteaks,https://www.tiktok.com/@cheezysteaksttv,HOLD_NEEDS_CHANNEL_REVIEW,NO_REVIEWED_PLATFORM_ACCOUNT_ID,False
tiktok:acct_c3e2f83ed6f0c8d081bf,tiktok,,(คูกะ) CooGa,https://www.tiktok.com/@cooga007,HOLD_NEEDS_CHANNEL_REVIEW,NO_REVIEWED_PLATFORM_ACCOUNT_ID,False
tiktok:acct_c404b980b65ee71bc370,tiktok,,Amirah Lexia,https://www.tiktok.com/@amiralexia,HOLD_NEEDS_CHANNEL_REVIEW,NO_REVIEWED_PLATFORM_ACCOUNT_ID,False
tiktok:acct_c412f55816991d4711b9,tiktok,,Shiairis,https://www.tiktok.com/@shiairis_stp,HOLD_NEEDS_CHANNEL_REVIEW,NO_REVIEWED_PLATFORM_ACCOUNT_ID,False
tiktok:acct_c48c9c835564b01f5e7e,tiktok,,Mina Nekogaki【MSV】,https://www.tiktok.com/@mina.nekogakimsv,HOLD_NEEDS_CHANNEL_REVIEW,NO_REVIEWED_PLATFORM_ACCOUNT_ID,False
tiktok:acct_c548886698d1df88ab1e,tiktok,,Nanako_SLR,https://www.tiktok.com/@nanako_slr,HOLD_NEEDS_CHANNEL_REVIEW,NO_REVIEWED_PLATFORM_ACCOUNT_ID,False
tiktok:acct_c553937feede2314da0f,tiktok,,CKAYZE,https://www.tiktok.com/@ckayze,HOLD_NEEDS_CHANNEL_REVIEW,NO_REVIEWED_PLATFORM_ACCOUNT_ID,False
tiktok:acct_c56f7e8b917bc804c0c9,tiktok,,XenonPhaneJohn,https://www.tiktok.com/@xenonphanejohn,HOLD_NEEDS_CHANNEL_REVIEW,NO_REVIEWED_PLATFORM_ACCOUNT_ID,False
tiktok:acct_c5910e218501b26dc20c,tiktok,,นากุโม้ เมฆขี้โม้,https://www.tiktok.com/@nagumoiscooler,HOLD_NEEDS_CHANNEL_REVIEW,NO_REVIEWED_PLATFORM_ACCOUNT_ID,False
tiktok:acct_c5b38079ea40511ed9d9,tiktok,,platinumrw,https://www.tiktok.com/@platinumrw,HOLD_NEEDS_CHANNEL_REVIEW,NO_REVIEWED_PLATFORM_ACCOUNT_ID,False
tiktok:acct_c6b44a1f05cb3c4c989b,tiktok,,เราเองเซฟ,https://www.tiktok.com/@raoaengsave,HOLD_NEEDS_CHANNEL_REVIEW,NO_REVIEWED_PLATFORM_ACCOUNT_ID,False
tiktok:acct_c6b9d6933587ea08c79a,tiktok,,SunLIE,https://www.tiktok.com/@xsunliex,HOLD_NEEDS_CHANNEL_REVIEW,NO_REVIEWED_PLATFORM_ACCOUNT_ID,False
tiktok:acct_c6ddae346a953f053646,tiktok,,meltildavt,https://www.tiktok.com/@meltildavt,HOLD_NEEDS_CHANNEL_REVIEW,NO_REVIEWED_PLATFORM_ACCOUNT_ID,False
tiktok:acct_c75dd0eb83e8b06bb548,tiktok,,ThanShin,https://www.tiktok.com/@thanshinvtuber,HOLD_NEEDS_CHANNEL_REVIEW,NO_REVIEWED_PLATFORM_ACCOUNT_ID,False
tiktok:acct_c794a516d87d2255e12d,tiktok,,นัตตี้โรจี้🌤️,https://www.tiktok.com/@nuttyroze,HOLD_NEEDS_CHANNEL_REVIEW,NO_REVIEWED_PLATFORM_ACCOUNT_ID,False
tiktok:acct_c7e61527525476a497c9,tiktok,,WINT3R,https://www.tiktok.com/@wint3r_vz,HOLD_NEEDS_CHANNEL_REVIEW,NO_REVIEWED_PLATFORM_ACCOUNT_ID,False
tiktok:acct_c80006354efe82c8f0d1,tiktok,,Kealan 【VZ LIVE】,https://www.tiktok.com/@kealan.hmm,HOLD_NEEDS_CHANNEL_REVIEW,NO_REVIEWED_PLATFORM_ACCOUNT_ID,False
tiktok:acct_c82b6d404cc14592b178,tiktok,,Estelle Wil,https://www.tiktok.com/@estelle_wil,HOLD_NEEDS_CHANNEL_REVIEW,NO_REVIEWED_PLATFORM_ACCOUNT_ID,False
tiktok:acct_c883b76b77a353f8627f,tiktok,,MEWRCCLUB Ch.,https://www.tiktok.com/@mewrcclub382,HOLD_NEEDS_CHANNEL_REVIEW,NO_REVIEWED_PLATFORM_ACCOUNT_ID,False
tiktok:acct_c8a4d1be62672c677626,tiktok,,mayanut,https://www.tiktok.com/@mayanutth,HOLD_NEEDS_CHANNEL_REVIEW,NO_REVIEWED_PLATFORM_ACCOUNT_ID,False
tiktok:acct_c8cd69e0077993939e33,tiktok,,rayametier_yuan1,https://www.tiktok.com/@rayametier_yuan1,HOLD_NEEDS_CHANNEL_REVIEW,NO_REVIEWED_PLATFORM_ACCOUNT_ID,False
tiktok:acct_c92311291288d76c77a9,tiktok,,Kevara_EPR,https://www.tiktok.com/@kevara_epr,HOLD_NEEDS_CHANNEL_REVIEW,NO_REVIEWED_PLATFORM_ACCOUNT_ID,False
tiktok:acct_c924b200327466f2b430,tiktok,,Neris 🐉🌊🔅,https://www.tiktok.com/@thelittlenelle,HOLD_NEEDS_CHANNEL_REVIEW,NO_REVIEWED_PLATFORM_ACCOUNT_ID,False
tiktok:acct_c9406726b18dd23ab951,tiktok,,oldmanazazel,https://www.tiktok.com/@oldmanazazel,HOLD_NEEDS_CHANNEL_REVIEW,NO_REVIEWED_PLATFORM_ACCOUNT_ID,False
tiktok:acct_c9dc2eddf6912801edba,tiktok,,🦊_Shineru_🖤,https://www.tiktok.com/@shineru_1143th,HOLD_NEEDS_CHANNEL_REVIEW,NO_REVIEWED_PLATFORM_ACCOUNT_ID,False
tiktok:acct_ca4ffea6d8bd43ef005b,tiktok,,Kyomu,https://www.tiktok.com/@kyomu_vtuber,HOLD_NEEDS_CHANNEL_REVIEW,NO_REVIEWED_PLATFORM_ACCOUNT_ID,False
tiktok:acct_ca7c9b800ce729efffe6,tiktok,,PPrincess_devil,https://www.tiktok.com/@pprincess_devil,HOLD_NEEDS_CHANNEL_REVIEW,NO_REVIEWED_PLATFORM_ACCOUNT_ID,False
tiktok:acct_ca9aae872e2ebca7e6d4,tiktok,,ZÄÄB,https://www.tiktok.com/@zaabvibeent,HOLD_NEEDS_CHANNEL_REVIEW,NO_REVIEWED_PLATFORM_ACCOUNT_ID,False
tiktok:acct_caf6420e68c07f177618,tiktok,,Kitsuneko Mewten,https://www.tiktok.com/@kitsuneko_mewten,HOLD_NEEDS_CHANNEL_REVIEW,NO_REVIEWED_PLATFORM_ACCOUNT_ID,False
tiktok:acct_cb50d058bfa03edbc99f,tiktok,,Taki Fugu,https://www.tiktok.com/@taki_fugu,HOLD_NEEDS_CHANNEL_REVIEW,NO_REVIEWED_PLATFORM_ACCOUNT_ID,False
tiktok:acct_cbabbaeb7494cfe38c88,tiktok,,Subject Project,https://www.tiktok.com/@sjp_vtuber,HOLD_NEEDS_CHANNEL_REVIEW,NO_REVIEWED_PLATFORM_ACCOUNT_ID,False
tiktok:acct_cc647a7725b4c274ab63,tiktok,,Meilin Sama,https://www.tiktok.com/@meilin_vtuber,HOLD_NEEDS_CHANNEL_REVIEW,NO_REVIEWED_PLATFORM_ACCOUNT_ID,False
tiktok:acct_cc92407eb938ca5bc195,tiktok,,Rome. ❮UQN❯,https://www.tiktok.com/@rome.thedatisha,HOLD_NEEDS_CHANNEL_REVIEW,NO_REVIEWED_PLATFORM_ACCOUNT_ID,False
tiktok:acct_cd8ed5c3d47b0d7f8740,tiktok,,CastesiaNX,https://www.tiktok.com/@castesianx,HOLD_NEEDS_CHANNEL_REVIEW,NO_REVIEWED_PLATFORM_ACCOUNT_ID,False
tiktok:acct_ce0e7b693fef6db1c564,tiktok,,SHiAdayo,https://www.tiktok.com/@shia_4a,HOLD_NEEDS_CHANNEL_REVIEW,NO_REVIEWED_PLATFORM_ACCOUNT_ID,False
tiktok:acct_ce4f778c67b7ea37cc08,tiktok,,Lumiania_Ethereal,https://www.tiktok.com/@luminiaxd,HOLD_NEEDS_CHANNEL_REVIEW,NO_REVIEWED_PLATFORM_ACCOUNT_ID,False
tiktok:acct_ce6fe86a74e7d25b36bc,tiktok,,Ririka【SSR】,https://www.tiktok.com/@ririka.ssr,HOLD_NEEDS_CHANNEL_REVIEW,NO_REVIEWED_PLATFORM_ACCOUNT_ID,False
tiktok:acct_ce7a1837b439092a331d,tiktok,,HajiTabi_Official,https://www.tiktok.com/@hajitabi_official,HOLD_NEEDS_CHANNEL_REVIEW,NO_REVIEWED_PLATFORM_ACCOUNT_ID,False
tiktok:acct_ce9198317818c56f0a0f,tiktok,,MonJi,https://www.tiktok.com/@monji48,HOLD_NEEDS_CHANNEL_REVIEW,NO_REVIEWED_PLATFORM_ACCOUNT_ID,False
tiktok:acct_ceb5931199cb18f172aa,tiktok,,Keressa Zoulfia,https://www.tiktok.com/@keressa_zoulfia,HOLD_NEEDS_CHANNEL_REVIEW,NO_REVIEWED_PLATFORM_ACCOUNT_ID,False
tiktok:acct_cebf93eb3f5a467fa36c,tiktok,,ลอเร็ตต้า (ลอตตี้) | VtuberTH,https://www.tiktok.com/@for.thedolltales,HOLD_NEEDS_CHANNEL_REVIEW,NO_REVIEWED_PLATFORM_ACCOUNT_ID,False
tiktok:acct_cee07ca26d0777286cba,tiktok,,feilong0070,https://www.tiktok.com/@feilong0070,HOLD_NEEDS_CHANNEL_REVIEW,NO_REVIEWED_PLATFORM_ACCOUNT_ID,False
tiktok:acct_cee5ec773efdd937dc3d,tiktok,,BeeVis_ANT,https://www.tiktok.com/@beevis_ant,HOLD_NEEDS_CHANNEL_REVIEW,NO_REVIEWED_PLATFORM_ACCOUNT_ID,False
tiktok:acct_cf31984d234aaeb72fbd,tiktok,,TimeTuba,https://www.tiktok.com/@timetuba2002,HOLD_NEEDS_CHANNEL_REVIEW,NO_REVIEWED_PLATFORM_ACCOUNT_ID,False
tiktok:acct_cf5ab8c5765f64f63291,tiktok,,merryl_wayne,https://www.tiktok.com/@merryl_wayne,HOLD_NEEDS_CHANNEL_REVIEW,NO_REVIEWED_PLATFORM_ACCOUNT_ID,False
tiktok:acct_cf7c00311b3702972a32,tiktok,,ลินน่าจะร้อง │ Lynna Vsinger,https://www.tiktok.com/@lynna_vtuber,HOLD_NEEDS_CHANNEL_REVIEW,NO_REVIEWED_PLATFORM_ACCOUNT_ID,False
tiktok:acct_cfa16da6713ca3f434dc,tiktok,,Prapaii S.【Mystery】,https://www.tiktok.com/@prapaii_mystery,HOLD_NEEDS_CHANNEL_REVIEW,NO_REVIEWED_PLATFORM_ACCOUNT_ID,False
tiktok:acct_cfea0c8785c8a41495b4,tiktok,,daichi.,https://www.tiktok.com/@orenjidaichi,HOLD_NEEDS_CHANNEL_REVIEW,NO_REVIEWED_PLATFORM_ACCOUNT_ID,False
tiktok:acct_d0466cedbb9de47c45ba,tiktok,,Lawrenze Blessing,https://www.tiktok.com/@lawrenzeblessing,HOLD_NEEDS_CHANNEL_REVIEW,NO_REVIEWED_PLATFORM_ACCOUNT_ID,False
tiktok:acct_d0857d950b3f49177f38,tiktok,,mayaoboro,https://www.tiktok.com/@mayaoboro,HOLD_NEEDS_CHANNEL_REVIEW,NO_REVIEWED_PLATFORM_ACCOUNT_ID,False
tiktok:acct_d09ec95b78f0d5c2329e,tiktok,,มังกรน้ำหลานหรงอิง,https://www.tiktok.com/@lanlongying,HOLD_NEEDS_CHANNEL_REVIEW,NO_REVIEWED_PLATFORM_ACCOUNT_ID,False
tiktok:acct_d0c1672df25ab097cfc7,tiktok,,Nebula Faragonda 🍄🦋,https://www.tiktok.com/@nebulafaragonda,HOLD_NEEDS_CHANNEL_REVIEW,NO_REVIEWED_PLATFORM_ACCOUNT_ID,False
tiktok:acct_d1d8471e29024cbb43f5,tiktok,,คุณมี้ วีรุ่นแม่,https://www.tiktok.com/@mikia.epr,HOLD_NEEDS_CHANNEL_REVIEW,NO_REVIEWED_PLATFORM_ACCOUNT_ID,False
tiktok:acct_d1ed22c992942c522e00,tiktok,,Seally,https://www.tiktok.com/@seally21a,HOLD_NEEDS_CHANNEL_REVIEW,NO_REVIEWED_PLATFORM_ACCOUNT_ID,False
tiktok:acct_d25baf523a6c47a18f78,tiktok,,𝐊𝐚𝐭𝐬𝐮𝐤𝐢𝐂𝐡 🦊🍜,https://www.tiktok.com/@katsuki_007x,HOLD_NEEDS_CHANNEL_REVIEW,NO_REVIEWED_PLATFORM_ACCOUNT_ID,False
tiktok:acct_d25dc9f97cbcdbf7fe5d,tiktok,,Navia Whale,https://www.tiktok.com/@navia_whalevtuber,HOLD_NEEDS_CHANNEL_REVIEW,NO_REVIEWED_PLATFORM_ACCOUNT_ID,False
tiktok:acct_d2df1a118a1aa90a8cac,tiktok,,Debirun,https://www.tiktok.com/@debirunworldend,HOLD_NEEDS_CHANNEL_REVIEW,NO_REVIEWED_PLATFORM_ACCOUNT_ID,False
tiktok:acct_d2e21a8fcf498d6ce41f,tiktok,,ไอริสเอสเอส (*･ω･)ﾉ,https://www.tiktok.com/@irissxofficer,HOLD_NEEDS_CHANNEL_REVIEW,NO_REVIEWED_PLATFORM_ACCOUNT_ID,False
tiktok:acct_d31c8d5b1db0faf19cc3,tiktok,,ZoeSpecter_CH,https://www.tiktok.com/@zoespecter,HOLD_NEEDS_CHANNEL_REVIEW,NO_REVIEWED_PLATFORM_ACCOUNT_ID,False
tiktok:acct_d38f1106366220765cfc,tiktok,,Sea Ch. // Vtouch Project,https://www.tiktok.com/@sea.vtouch,HOLD_NEEDS_CHANNEL_REVIEW,NO_REVIEWED_PLATFORM_ACCOUNT_ID,False
tiktok:acct_d3b222a233652a294b03,tiktok,,Vesper Wing,https://www.tiktok.com/@vesper.wing,HOLD_NEEDS_CHANNEL_REVIEW,NO_REVIEWED_PLATFORM_ACCOUNT_ID,False
tiktok:acct_d3fc44aa703d912101af,tiktok,,⋮ ⌗ ┆𝓣𝓲𝓵𝓵 ⊹ ࣪ ˖ 🎸˚. ᵎᵎ,https://www.tiktok.com/@cherricheer,HOLD_NEEDS_CHANNEL_REVIEW,NO_REVIEWED_PLATFORM_ACCOUNT_ID,False
tiktok:acct_d420f5d0056ca674a42e,tiktok,,Myrrha Enchanté Ch. [Autumnia],https://www.tiktok.com/@myrrhaenchante,HOLD_NEEDS_CHANNEL_REVIEW,NO_REVIEWED_PLATFORM_ACCOUNT_ID,False
tiktok:acct_d430428f2c5574083fae,tiktok,,Goozilla Ily,https://www.tiktok.com/@ilygoozilla,HOLD_NEEDS_CHANNEL_REVIEW,NO_REVIEWED_PLATFORM_ACCOUNT_ID,False
tiktok:acct_d4a08a44c2a399f17664,tiktok,,Euphylia_Stp,https://www.tiktok.com/@euphylia_stp,HOLD_NEEDS_CHANNEL_REVIEW,NO_REVIEWED_PLATFORM_ACCOUNT_ID,False
tiktok:acct_d4b23587e3e901d88aee,tiktok,,ICE SHIRAKOI,https://www.tiktok.com/@ice_shirakoi,HOLD_NEEDS_CHANNEL_REVIEW,NO_REVIEWED_PLATFORM_ACCOUNT_ID,False
tiktok:acct_d4bc29cb96ddda1c0c15,tiktok,,Stag เป็นต้นไม้ 🌱,https://www.tiktok.com/@stagflationtv,HOLD_NEEDS_CHANNEL_REVIEW,NO_REVIEWED_PLATFORM_ACCOUNT_ID,False
tiktok:acct_d4cae66caae47202cdcd,tiktok,,MaouCiela Z. Erebrias,https://www.tiktok.com/@maouciela_z_erebrias,HOLD_NEEDS_CHANNEL_REVIEW,NO_REVIEWED_PLATFORM_ACCOUNT_ID,False
tiktok:acct_d529488dc2b7ed4a1e10,tiktok,,ผีอีมาลัย (EC19 Project),https://www.tiktok.com/@malaiec19,HOLD_NEEDS_CHANNEL_REVIEW,NO_REVIEWED_PLATFORM_ACCOUNT_ID,False
tiktok:acct_d5966abc734dd5e4a27a,tiktok,,Maprang 【Vtuber】,https://www.tiktok.com/@maprang_vtuber,HOLD_NEEDS_CHANNEL_REVIEW,NO_REVIEWED_PLATFORM_ACCOUNT_ID,False
tiktok:acct_d5eec253f13eceba58bb,tiktok,,thicha vtuber,https://www.tiktok.com/@mthicha,HOLD_NEEDS_CHANNEL_REVIEW,NO_REVIEWED_PLATFORM_ACCOUNT_ID,False
tiktok:acct_d608299dc3d38c11b2f0,tiktok,,Ricotta_ARP,https://www.tiktok.com/@ricotta_arp,HOLD_NEEDS_CHANNEL_REVIEW,NO_REVIEWED_PLATFORM_ACCOUNT_ID,False
tiktok:acct_d60e0d6575764efc9381,tiktok,,ChaAYM,https://www.tiktok.com/@chaaym_,HOLD_NEEDS_CHANNEL_REVIEW,NO_REVIEWED_PLATFORM_ACCOUNT_ID,False
tiktok:acct_d6321f293556d4a97ae5,tiktok,,Sere Physia,https://www.tiktok.com/@sere.physia,HOLD_NEEDS_CHANNEL_REVIEW,NO_REVIEWED_PLATFORM_ACCOUNT_ID,False
tiktok:acct_d66380429667d848e7c4,tiktok,,OkiChinaToy,https://www.tiktok.com/@okitoy112,HOLD_NEEDS_CHANNEL_REVIEW,NO_REVIEWED_PLATFORM_ACCOUNT_ID,False
tiktok:acct_d673448feb20cc61340b,tiktok,,Harumoon Ch.,https://www.tiktok.com/@harumoonvtuber,HOLD_NEEDS_CHANNEL_REVIEW,NO_REVIEWED_PLATFORM_ACCOUNT_ID,False
tiktok:acct_d6b6debfa5df34eaa963,tiktok,,21PM,https://www.tiktok.com/@21pm.official,HOLD_NEEDS_CHANNEL_REVIEW,NO_REVIEWED_PLATFORM_ACCOUNT_ID,False
tiktok:acct_d6caaf871e800de7490a,tiktok,,rakumitsuraizuu,https://www.tiktok.com/@rakumitsuraizuu,HOLD_NEEDS_CHANNEL_REVIEW,NO_REVIEWED_PLATFORM_ACCOUNT_ID,False
tiktok:acct_d6ef7af7173e04a523b1,tiktok,,Nokk,https://www.tiktok.com/@n0kktt,HOLD_NEEDS_CHANNEL_REVIEW,NO_REVIEWED_PLATFORM_ACCOUNT_ID,False
tiktok:acct_d6f2ef5fe0bd1d9ac1d8,tiktok,,NatchaLatte Official,https://www.tiktok.com/@natchalatteofficial,HOLD_NEEDS_CHANNEL_REVIEW,NO_REVIEWED_PLATFORM_ACCOUNT_ID,False
tiktok:acct_d6f82eff6169ecc26ba8,tiktok,,nezumi_elze,https://www.tiktok.com/@nezumi_elze,HOLD_NEEDS_CHANNEL_REVIEW,NO_REVIEWED_PLATFORM_ACCOUNT_ID,False
tiktok:acct_d7614ff503b7e24f6280,tiktok,,Lilia / ลิเลีย,https://www.tiktok.com/@masuru.lilia,HOLD_NEEDS_CHANNEL_REVIEW,NO_REVIEWED_PLATFORM_ACCOUNT_ID,False
tiktok:acct_d76e2803a317742c7c75,tiktok,,KaLaMangVT,https://www.tiktok.com/@kalamangvt,HOLD_NEEDS_CHANNEL_REVIEW,NO_REVIEWED_PLATFORM_ACCOUNT_ID,False
tiktok:acct_d780585db638eb890b20,tiktok,,BEARISS_BEAM,https://www.tiktok.com/@beariss_beam,HOLD_NEEDS_CHANNEL_REVIEW,NO_REVIEWED_PLATFORM_ACCOUNT_ID,False
tiktok:acct_d7f523b0045508dd7989,tiktok,,Adrelis Zinya「ALF」🔥👊🏻,https://www.tiktok.com/@adreliszinya_alf,HOLD_NEEDS_CHANNEL_REVIEW,NO_REVIEWED_PLATFORM_ACCOUNT_ID,False
tiktok:acct_d81578e8299f4d6ee9a7,tiktok,,chizizfa,https://www.tiktok.com/@chizizfa,HOLD_NEEDS_CHANNEL_REVIEW,NO_REVIEWED_PLATFORM_ACCOUNT_ID,False
tiktok:acct_d85ef2332cabbca6ccd5,tiktok,,Klangkhuen / กลางคืน,https://www.tiktok.com/@klangkhuen,HOLD_NEEDS_CHANNEL_REVIEW,NO_REVIEWED_PLATFORM_ACCOUNT_ID,False
tiktok:acct_d876d150982426bc64a4,tiktok,,Kumoku Tsururu,https://www.tiktok.com/@tsururuworldend,HOLD_NEEDS_CHANNEL_REVIEW,NO_REVIEWED_PLATFORM_ACCOUNT_ID,False
tiktok:acct_d887ce044b8db162a05c,tiktok,,E_Ghost SoulKa👻,https://www.tiktok.com/@soulka_yurei,HOLD_NEEDS_CHANNEL_REVIEW,NO_REVIEWED_PLATFORM_ACCOUNT_ID,False
tiktok:acct_d8cc1244102273775dc7,tiktok,,โคริเอลที่จะเป็นวี,https://www.tiktok.com/@serennokoriel,HOLD_NEEDS_CHANNEL_REVIEW,NO_REVIEWED_PLATFORM_ACCOUNT_ID,False
tiktok:acct_d98ff62f3ed837faaeef,tiktok,,⚡️GS_GolfPraPlern⚡️,https://www.tiktok.com/@gs_golfpraplern,HOLD_NEEDS_CHANNEL_REVIEW,NO_REVIEWED_PLATFORM_ACCOUNT_ID,False
tiktok:acct_d99c526d84318370d85f,tiktok,,EC19 Vtuber Projekt Official,https://www.tiktok.com/@ec19vtuberprojekt,HOLD_NEEDS_CHANNEL_REVIEW,NO_REVIEWED_PLATFORM_ACCOUNT_ID,False
tiktok:acct_d9f09b2e02303c02a3b5,tiktok,,บูตัน,https://www.tiktok.com/@butaann,HOLD_NEEDS_CHANNEL_REVIEW,NO_REVIEWED_PLATFORM_ACCOUNT_ID,False
tiktok:acct_da0fba83701bcc0d3d2a,tiktok,,MaewDam T. Mira,https://www.tiktok.com/@maewdamtmira,HOLD_NEEDS_CHANNEL_REVIEW,NO_REVIEWED_PLATFORM_ACCOUNT_ID,False
tiktok:acct_da1e04535f36747796ee,tiktok,,chiiakijf,https://www.tiktok.com/@chiiakijf,HOLD_NEEDS_CHANNEL_REVIEW,NO_REVIEWED_PLATFORM_ACCOUNT_ID,False
tiktok:acct_da5d58c24e2d7f78f611,tiktok,,Umezuki_san (RIGGER),https://www.tiktok.com/@umezuki_san,HOLD_NEEDS_CHANNEL_REVIEW,NO_REVIEWED_PLATFORM_ACCOUNT_ID,False
tiktok:acct_da62001e005a7bda872d,tiktok,,CcretRain [ FLAW Project ],https://www.tiktok.com/@ccretrain.flaw.pr,HOLD_NEEDS_CHANNEL_REVIEW,NO_REVIEWED_PLATFORM_ACCOUNT_ID,False
tiktok:acct_db4ff687fa8a64af6221,tiktok,,G_round,https://www.tiktok.com/@g_round23,HOLD_NEEDS_CHANNEL_REVIEW,NO_REVIEWED_PLATFORM_ACCOUNT_ID,False
tiktok:acct_db819222ab249d2ef19e,tiktok,,ศจอม,https://www.tiktok.com/@ozayao,HOLD_NEEDS_CHANNEL_REVIEW,NO_REVIEWED_PLATFORM_ACCOUNT_ID,False
tiktok:acct_db83644f431576d9d7c2,tiktok,,era_arp,https://www.tiktok.com/@era_arp,HOLD_NEEDS_CHANNEL_REVIEW,NO_REVIEWED_PLATFORM_ACCOUNT_ID,False
tiktok:acct_dc37c190b56f679d2da3,tiktok,,antiavtuber,https://www.tiktok.com/@antiavtuber?_t=zs-8uj8bzs3rio&_r=1,HOLD_NEEDS_CHANNEL_REVIEW,NO_REVIEWED_PLATFORM_ACCOUNT_ID,False
tiktok:acct_dc4a8735d2ff70c15adf,tiktok,,biscuitblythe,https://www.tiktok.com/@biscuitblythe,HOLD_NEEDS_CHANNEL_REVIEW,NO_REVIEWED_PLATFORM_ACCOUNT_ID,False
tiktok:acct_dc6512c166f917d87119,tiktok,,SoujiRoy_CH,https://www.tiktok.com/@soujiroy,HOLD_NEEDS_CHANNEL_REVIEW,NO_REVIEWED_PLATFORM_ACCOUNT_ID,False
tiktok:acct_dc80dbe8387444a70206,tiktok,,BOBO,https://www.tiktok.com/@bobovtuber,HOLD_NEEDS_CHANNEL_REVIEW,NO_REVIEWED_PLATFORM_ACCOUNT_ID,False
tiktok:acct_dcec859f679cbe836630,tiktok,,yuneschan085,https://www.tiktok.com/@yuneschan085,HOLD_NEEDS_CHANNEL_REVIEW,NO_REVIEWED_PLATFORM_ACCOUNT_ID,False
tiktok:acct_dcf1117fc125262c8394,tiktok,,MONARICA 《 Vtuber 》,https://www.tiktok.com/@monariica,HOLD_NEEDS_CHANNEL_REVIEW,NO_REVIEWED_PLATFORM_ACCOUNT_ID,False
tiktok:acct_dd26c94ffb775084bee2,tiktok,,StellarPaticle | TH/EN Vtuber,https://www.tiktok.com/@celestialparticle,HOLD_NEEDS_CHANNEL_REVIEW,NO_REVIEWED_PLATFORM_ACCOUNT_ID,False
tiktok:acct_dd8e1e882a96aa01dc47,tiktok,,maemuuru l VtuberTH,https://www.tiktok.com/@maemuuru,HOLD_NEEDS_CHANNEL_REVIEW,NO_REVIEWED_PLATFORM_ACCOUNT_ID,False
tiktok:acct_ddb2b1ea2117c0030df0,tiktok,,RuLaRaLan,https://www.tiktok.com/@rularalan,HOLD_NEEDS_CHANNEL_REVIEW,NO_REVIEWED_PLATFORM_ACCOUNT_ID,False
tiktok:acct_ddcac587612e90970e8c,tiktok,,DemonBunnyTH,https://www.tiktok.com/@.demonbunny,HOLD_NEEDS_CHANNEL_REVIEW,NO_REVIEWED_PLATFORM_ACCOUNT_ID,False
tiktok:acct_ddef112df9b1837b06ed,tiktok,,Weirlos ch.,https://www.tiktok.com/@weirlos,HOLD_NEEDS_CHANNEL_REVIEW,NO_REVIEWED_PLATFORM_ACCOUNT_ID,False
tiktok:acct_ddf4eae39be9201af0ae,tiktok,,Monmon Thedoggo,https://www.tiktok.com/@monmonthedoggo,HOLD_NEEDS_CHANNEL_REVIEW,NO_REVIEWED_PLATFORM_ACCOUNT_ID,False
tiktok:acct_de14696fa4f0c5a6ee94,tiktok,,ลุงเรย์ชอบสาวๆ ตัวนิดเด้ว,https://www.tiktok.com/@kamireiv,HOLD_NEEDS_CHANNEL_REVIEW,NO_REVIEWED_PLATFORM_ACCOUNT_ID,False
tiktok:acct_de6b9a36239039245bf2,tiktok,,twitch_jaokat,https://www.tiktok.com/@twitch_jaokat,HOLD_NEEDS_CHANNEL_REVIEW,NO_REVIEWED_PLATFORM_ACCOUNT_ID,False
tiktok:acct_deb643cd5da3dfc59c39,tiktok,,morkeang,https://www.tiktok.com/@morkeang.exe,HOLD_NEEDS_CHANNEL_REVIEW,NO_REVIEWED_PLATFORM_ACCOUNT_ID,False
tiktok:acct_dec818d14fd1b2eac2d7,tiktok,,tiara,https://www.tiktok.com/@tiarasummerstone,HOLD_NEEDS_CHANNEL_REVIEW,NO_REVIEWED_PLATFORM_ACCOUNT_ID,False
tiktok:acct_df2986c7e6646a046c83,tiktok,,ก้อนเป็นวีทูปเบอร์,https://www.tiktok.com/@aikon_st,HOLD_NEEDS_CHANNEL_REVIEW,NO_REVIEWED_PLATFORM_ACCOUNT_ID,False
tiktok:acct_df3381214e4a6e1dde48,tiktok,,masumikyou,https://www.tiktok.com/@masumikyou,HOLD_NEEDS_CHANNEL_REVIEW,NO_REVIEWED_PLATFORM_ACCOUNT_ID,False
tiktok:acct_df40aa5563395397b956,tiktok,,Nightไน้ 🩵🤍,https://www.tiktok.com/@nightnightpngtuber,HOLD_NEEDS_CHANNEL_REVIEW,NO_REVIEWED_PLATFORM_ACCOUNT_ID,False
tiktok:acct_df6ad16419be04b7e177,tiktok,,Kosaru,https://www.tiktok.com/@kosaru_ch,HOLD_NEEDS_CHANNEL_REVIEW,NO_REVIEWED_PLATFORM_ACCOUNT_ID,False
tiktok:acct_e011f533e3b822eab306,tiktok,,Mikun Ch.,https://www.tiktok.com/@michaelkun888,HOLD_NEEDS_CHANNEL_REVIEW,NO_REVIEWED_PLATFORM_ACCOUNT_ID,False
tiktok:acct_e04057f0cb48094b4da2,tiktok,,Den Trenton | OAL,https://www.tiktok.com/@den_oal,HOLD_NEEDS_CHANNEL_REVIEW,NO_REVIEWED_PLATFORM_ACCOUNT_ID,False
tiktok:acct_e04da5bddf1fe410e050,tiktok,,MurkilyCH.,https://www.tiktok.com/@murkilycalhoun,HOLD_NEEDS_CHANNEL_REVIEW,NO_REVIEWED_PLATFORM_ACCOUNT_ID,False
tiktok:acct_e08e336128dc255ea82c,tiktok,,Besicka ALF,https://www.tiktok.com/@besicka_alf,HOLD_NEEDS_CHANNEL_REVIEW,NO_REVIEWED_PLATFORM_ACCOUNT_ID,False
tiktok:acct_e0ce0e0ebb89b8f3cf2e,tiktok,,CallistoSoCool,https://www.tiktok.com/@callistosocoolofficial,HOLD_NEEDS_CHANNEL_REVIEW,NO_REVIEWED_PLATFORM_ACCOUNT_ID,False
tiktok:acct_e11c5a4b22881cbff368,tiktok,,Aosora Popo⭐🫧,https://www.tiktok.com/@aosorapopo,HOLD_NEEDS_CHANNEL_REVIEW,NO_REVIEWED_PLATFORM_ACCOUNT_ID,False
tiktok:acct_e14c5ec7020721db190c,tiktok,,Choya,https://www.tiktok.com/@choya_vtuber,HOLD_NEEDS_CHANNEL_REVIEW,NO_REVIEWED_PLATFORM_ACCOUNT_ID,False
tiktok:acct_e2b7f4533a231af23009,tiktok,,Kaito Shark,https://www.tiktok.com/@kaitosharkvt,HOLD_NEEDS_CHANNEL_REVIEW,NO_REVIEWED_PLATFORM_ACCOUNT_ID,False
tiktok:acct_e2f6e1f0ab7f2b2e4a91,tiktok,,Fujin ch.,https://www.tiktok.com/@fujin_fu,HOLD_NEEDS_CHANNEL_REVIEW,NO_REVIEWED_PLATFORM_ACCOUNT_ID,False
tiktok:acct_e357767172b2204a35aa,tiktok,,Aina VTuber,https://www.tiktok.com/@aina.vtuber,HOLD_NEEDS_CHANNEL_REVIEW,NO_REVIEWED_PLATFORM_ACCOUNT_ID,False
tiktok:acct_e3d54fda550227b5005d,tiktok,,Chloe J. Park Ch.,https://www.tiktok.com/@chloejparkvtuber,HOLD_NEEDS_CHANNEL_REVIEW,NO_REVIEWED_PLATFORM_ACCOUNT_ID,False
tiktok:acct_e41136a7050b9c0cf3a9,tiktok,,deilliahgoodknightt,https://www.tiktok.com/@deilliahgoodknightt,HOLD_NEEDS_CHANNEL_REVIEW,NO_REVIEWED_PLATFORM_ACCOUNT_ID,False
tiktok:acct_e413b9a0f22e76ab6715,tiktok,,Fallyn『VTG』,https://www.tiktok.com/@fallynspace,HOLD_NEEDS_CHANNEL_REVIEW,NO_REVIEWED_PLATFORM_ACCOUNT_ID,False
tiktok:acct_e4b98e0c4b88551f8f15,tiktok,,matsurii_vtuber,https://www.tiktok.com/@matsurii_vtuber?_t=ZS-8xnSi2wIMr9&_r=1,HOLD_NEEDS_CHANNEL_REVIEW,NO_REVIEWED_PLATFORM_ACCOUNT_ID,False
tiktok:acct_e581d56a870747278d13,tiktok,,dolcheb7,https://www.tiktok.com/@dolcheb7,HOLD_NEEDS_CHANNEL_REVIEW,NO_REVIEWED_PLATFORM_ACCOUNT_ID,False
tiktok:acct_e5947dc3dfbcff351342,tiktok,,HØRI 07,https://www.tiktok.com/@ho07ri,HOLD_NEEDS_CHANNEL_REVIEW,NO_REVIEWED_PLATFORM_ACCOUNT_ID,False
tiktok:acct_e59f85fe876d4192430c,tiktok,,Mitsuki Vtuber,https://www.tiktok.com/@mitsukirinna,HOLD_NEEDS_CHANNEL_REVIEW,NO_REVIEWED_PLATFORM_ACCOUNT_ID,False
tiktok:acct_e6436d7c2b8810f0a18c,tiktok,,JumpMy Ch.,https://www.tiktok.com/@jumpmy3,HOLD_NEEDS_CHANNEL_REVIEW,NO_REVIEWED_PLATFORM_ACCOUNT_ID,False
tiktok:acct_e6bc834e6ebde2837060,tiktok,,trashythemeow,https://www.tiktok.com/@trashythemeow,HOLD_NEEDS_CHANNEL_REVIEW,NO_REVIEWED_PLATFORM_ACCOUNT_ID,False
tiktok:acct_e6c2af6484bee4f4f099,tiktok,,LuYao ch.,https://www.tiktok.com/@luyao_ch,HOLD_NEEDS_CHANNEL_REVIEW,NO_REVIEWED_PLATFORM_ACCOUNT_ID,False
tiktok:acct_e6dcec009b8743c5e0b1,tiktok,,nyamaruyui_v2,https://www.tiktok.com/@nyamaruyui_v2,HOLD_NEEDS_CHANNEL_REVIEW,NO_REVIEWED_PLATFORM_ACCOUNT_ID,False
tiktok:acct_e710163178e57696696d,tiktok,,Asher Dawnbaker,https://www.tiktok.com/@asherdawnbaker,HOLD_NEEDS_CHANNEL_REVIEW,NO_REVIEWED_PLATFORM_ACCOUNT_ID,False
tiktok:acct_e73be730d782dddbc7ac,tiktok,,Mina-chan《LVP》,https://www.tiktok.com/@usejfedjo,HOLD_NEEDS_CHANNEL_REVIEW,NO_REVIEWED_PLATFORM_ACCOUNT_ID,False
tiktok:acct_e7cb29c4304402ebfffa,tiktok,,Arcanon Tarotar,https://www.tiktok.com/@arcanonmutelu,HOLD_NEEDS_CHANNEL_REVIEW,NO_REVIEWED_PLATFORM_ACCOUNT_ID,False
tiktok:acct_e85b8ab51ad16aa45be5,tiktok,,I'm a Mee,https://tiktok.com/@imamee0,HOLD_NEEDS_CHANNEL_REVIEW,NO_REVIEWED_PLATFORM_ACCOUNT_ID,False
tiktok:acct_e871885ca24231bb836a,tiktok,,Aisha Channel,https://www.tiktok.com/@aishachannelofficial,HOLD_NEEDS_CHANNEL_REVIEW,NO_REVIEWED_PLATFORM_ACCOUNT_ID,False
tiktok:acct_e874e08c517c2c7312ce,tiktok,,霧死 - Kirishi,https://www.tiktok.com/@kirishi_021,HOLD_NEEDS_CHANNEL_REVIEW,NO_REVIEWED_PLATFORM_ACCOUNT_ID,False
tiktok:acct_e87950052ae0dcd0015d,tiktok,,LIMESALTZ Ch.,https://www.tiktok.com/@limesaltzch,HOLD_NEEDS_CHANNEL_REVIEW,NO_REVIEWED_PLATFORM_ACCOUNT_ID,False
tiktok:acct_e8937bb7cf0e3ed5f719,tiktok,,MeropeVCh.,https://www.tiktok.com/@meropevtube,HOLD_NEEDS_CHANNEL_REVIEW,NO_REVIEWED_PLATFORM_ACCOUNT_ID,False
tiktok:acct_e8d22f593a241666a61a,tiktok,,Rui Kazu《 EXia 》,https://www.tiktok.com/@rui_kazu.exia,HOLD_NEEDS_CHANNEL_REVIEW,NO_REVIEWED_PLATFORM_ACCOUNT_ID,False
tiktok:acct_e960b41de9cbc3681382,tiktok,,My Zalem <3,https://www.tiktok.com/@zalem_vtuber,HOLD_NEEDS_CHANNEL_REVIEW,NO_REVIEWED_PLATFORM_ACCOUNT_ID,False
tiktok:acct_e981eb414e8c12ff2301,tiktok,,Mikamu,https://www.tiktok.com/@mikamu27,HOLD_NEEDS_CHANNEL_REVIEW,NO_REVIEWED_PLATFORM_ACCOUNT_ID,False
tiktok:acct_e99489bab05a61242697,tiktok,,inoriaijou,https://www.tiktok.com/@inoriaijou,HOLD_NEEDS_CHANNEL_REVIEW,NO_REVIEWED_PLATFORM_ACCOUNT_ID,False
tiktok:acct_e9973d38100d5c21367f,tiktok,,Nana NTOWN,https://www.tiktok.com/@nanantown,HOLD_NEEDS_CHANNEL_REVIEW,NO_REVIEWED_PLATFORM_ACCOUNT_ID,False
tiktok:acct_e9e99845fe965b08df6d,tiktok,,Darin V,https://www.tiktok.com/@darinvmonster,HOLD_NEEDS_CHANNEL_REVIEW,NO_REVIEWED_PLATFORM_ACCOUNT_ID,False
tiktok:acct_ea0146d9e918cfce61dc,tiktok,,1KFuu ch.,https://www.tiktok.com/@fuuarashi_vtuber,HOLD_NEEDS_CHANNEL_REVIEW,NO_REVIEWED_PLATFORM_ACCOUNT_ID,False
tiktok:acct_ea208665435abdce7a8f,tiktok,,Aster Kalimeris,https://www.tiktok.com/@aster.kalimeris,HOLD_NEEDS_CHANNEL_REVIEW,NO_REVIEWED_PLATFORM_ACCOUNT_ID,False
tiktok:acct_ea4f4410fcb40143285c,tiktok,,kuriimuvtuber,https://www.tiktok.com/@kuriimuvtuber,HOLD_NEEDS_CHANNEL_REVIEW,NO_REVIEWED_PLATFORM_ACCOUNT_ID,False
tiktok:acct_ea7389bcf2f1c4879ed6,tiktok,,ลี่อิน Lìyīn (丽音)〖4AM〗,https://www.tiktok.com/@lilin_lilin0_0,HOLD_NEEDS_CHANNEL_REVIEW,NO_REVIEWED_PLATFORM_ACCOUNT_ID,False
tiktok:acct_eaa55496afd7f2be2c60,tiktok,,วายุ สวรรค์🌪️ลมร้อน| VTuberTH,https://www.tiktok.com/@wayusawan,HOLD_NEEDS_CHANNEL_REVIEW,NO_REVIEWED_PLATFORM_ACCOUNT_ID,False
tiktok:acct_eacad033cc9676cddd04,tiktok,,Dalinju モーラ,https://www.tiktok.com/@dalinju,HOLD_NEEDS_CHANNEL_REVIEW,NO_REVIEWED_PLATFORM_ACCOUNT_ID,False
tiktok:acct_eb0361519d17c1fc09db,tiktok,,MalHam,https://www.tiktok.com/@mallow_hamm,HOLD_NEEDS_CHANNEL_REVIEW,NO_REVIEWED_PLATFORM_ACCOUNT_ID,False
tiktok:acct_eb1c9afd9f787b893f62,tiktok,,Isamushinobi,https://www.tiktok.com/@isamushinobi,HOLD_NEEDS_CHANNEL_REVIEW,NO_REVIEWED_PLATFORM_ACCOUNT_ID,False
tiktok:acct_eb2d1daae39fbb341e8e,tiktok,,torakaze_13,https://www.tiktok.com/@torakaze_13,HOLD_NEEDS_CHANNEL_REVIEW,NO_REVIEWED_PLATFORM_ACCOUNT_ID,False
tiktok:acct_eb529dc942556cc8b75c,tiktok,,เรนนิมิน「レインニミン」|ไลฟ์บ้านแดง,https://www.tiktok.com/@rainnimin,HOLD_NEEDS_CHANNEL_REVIEW,NO_REVIEWED_PLATFORM_ACCOUNT_ID,False
tiktok:acct_eb98ae4333d97930cd8c,tiktok,,ท่านควีน | Queenetta,https://www.tiktok.com/@queenetta.idg.n,HOLD_NEEDS_CHANNEL_REVIEW,NO_REVIEWED_PLATFORM_ACCOUNT_ID,False
tiktok:acct_ebb3ced576f93b9ebaa7,tiktok,,นานิโน | วาเนล (VxN),https://www.tiktok.com/@naninochannel,HOLD_NEEDS_CHANNEL_REVIEW,NO_REVIEWED_PLATFORM_ACCOUNT_ID,False
tiktok:acct_ebba53b082834e90185b,tiktok,,ศาลเจ้ามังกรเนื้อทอง,https://www.tiktok.com/@lnw_neuatong,HOLD_NEEDS_CHANNEL_REVIEW,NO_REVIEWED_PLATFORM_ACCOUNT_ID,False
tiktok:acct_ec3a06a31f171f84bd0b,tiktok,,ฟิอาเองก็อยากให้เทคโนโลยีรัก,https://www.tiktok.com/@endoriafia_alf,HOLD_NEEDS_CHANNEL_REVIEW,NO_REVIEWED_PLATFORM_ACCOUNT_ID,False
tiktok:acct_ecbfdd00f877b261975b,tiktok,,Mor9an🐕🥗 『VFree』,https://www.tiktok.com/@mor9an_m,HOLD_NEEDS_CHANNEL_REVIEW,NO_REVIEWED_PLATFORM_ACCOUNT_ID,False
tiktok:acct_ece9c279752b095ea08c,tiktok,,SoDaChan | Vtuber😺🌰,https://www.tiktok.com/@s0dachan_,HOLD_NEEDS_CHANNEL_REVIEW,NO_REVIEWED_PLATFORM_ACCOUNT_ID,False
tiktok:acct_ed14dc2526e0aa0d79a1,tiktok,,Ardalita Lilibelle,https://www.tiktok.com/@ardalita_lilibelle,HOLD_NEEDS_CHANNEL_REVIEW,NO_REVIEWED_PLATFORM_ACCOUNT_ID,False
tiktok:acct_ed36c73a30454c0244ce,tiktok,,Listen ARP,https://www.tiktok.com/@listen_arp,HOLD_NEEDS_CHANNEL_REVIEW,NO_REVIEWED_PLATFORM_ACCOUNT_ID,False
tiktok:acct_eda8d4a4bbd8af7758d3,tiktok,,fumoondayo,https://www.tiktok.com/@fumoondayo,HOLD_NEEDS_CHANNEL_REVIEW,NO_REVIEWED_PLATFORM_ACCOUNT_ID,False
tiktok:acct_edcd153b6d4b3de85274,tiktok,,Piura,https://www.tiktok.com/@piura_pinoumi,HOLD_NEEDS_CHANNEL_REVIEW,NO_REVIEWED_PLATFORM_ACCOUNT_ID,False
tiktok:acct_edd33cffc1bc93fc7bee,tiktok,,มิโนะชอบกินทาร์ตไข่,https://www.tiktok.com/@minolet_acas,HOLD_NEEDS_CHANNEL_REVIEW,NO_REVIEWED_PLATFORM_ACCOUNT_ID,False
tiktok:acct_edd65800b1211bf767bd,tiktok,,Eranthia_,https://www.tiktok.com/@eranthia,HOLD_NEEDS_CHANNEL_REVIEW,NO_REVIEWED_PLATFORM_ACCOUNT_ID,False
tiktok:acct_ee2f2aa418f5e0e2807e,tiktok,,Jisooman🍕⚡️🎮,https://www.tiktok.com/@jisooman18,HOLD_NEEDS_CHANNEL_REVIEW,NO_REVIEWED_PLATFORM_ACCOUNT_ID,False
tiktok:acct_ee932556fa4888f7470e,tiktok,,Freya Ch.,https://www.tiktok.com/@freya._.vtuber,HOLD_NEEDS_CHANNEL_REVIEW,NO_REVIEWED_PLATFORM_ACCOUNT_ID,False
tiktok:acct_eec0adcdfecabac85e77,tiktok,,Bua | ดอกบัว 🪷,https://www.tiktok.com/@bua.bsb,HOLD_NEEDS_CHANNEL_REVIEW,NO_REVIEWED_PLATFORM_ACCOUNT_ID,False
tiktok:acct_eeeaccb6f95e49905c05,tiktok,,sSolarly,https://www.tiktok.com/@ssolarly,HOLD_NEEDS_CHANNEL_REVIEW,NO_REVIEWED_PLATFORM_ACCOUNT_ID,False
tiktok:acct_ef030962f401ba0a2a12,tiktok,,Dayeon,https://www.tiktok.com/@dayeon_house,HOLD_NEEDS_CHANNEL_REVIEW,NO_REVIEWED_PLATFORM_ACCOUNT_ID,False
tiktok:acct_ef04a4121c068b87b37e,tiktok,,akemi_arlin,https://www.tiktok.com/@akemi_arlin,HOLD_NEEDS_CHANNEL_REVIEW,NO_REVIEWED_PLATFORM_ACCOUNT_ID,False
tiktok:acct_efa1945bf81019a09b09,tiktok,,Toru-Kumaトルくま,https://www.tiktok.com/@torutorukuma,HOLD_NEEDS_CHANNEL_REVIEW,NO_REVIEWED_PLATFORM_ACCOUNT_ID,False
tiktok:acct_efdcb1961ba34ded3089,tiktok,,Miki Wello,https://www.tiktok.com/@wellomiki,HOLD_NEEDS_CHANNEL_REVIEW,NO_REVIEWED_PLATFORM_ACCOUNT_ID,False
tiktok:acct_f00ab9ed696c80ae5121,tiktok,,Hoshisaki Lyn Ch.🔮✨,https://www.tiktok.com/@hoshisakilyn,HOLD_NEEDS_CHANNEL_REVIEW,NO_REVIEWED_PLATFORM_ACCOUNT_ID,False
tiktok:acct_f02a23bd5ca8c70d1738,tiktok,,Cherlynx ˚₊୨🎀୧,https://www.tiktok.com/@cherlynx.x,HOLD_NEEDS_CHANNEL_REVIEW,NO_REVIEWED_PLATFORM_ACCOUNT_ID,False
tiktok:acct_f06e8290095a661521e4,tiktok,,æ𝕃a✦VTUBER,https://www.tiktok.com/@ec19aela_,HOLD_NEEDS_CHANNEL_REVIEW,NO_REVIEWED_PLATFORM_ACCOUNT_ID,False
tiktok:acct_f0b664938302187e3005,tiktok,,Janus ch.「TRR」,https://www.tiktok.com/@janus.ch.trr,HOLD_NEEDS_CHANNEL_REVIEW,NO_REVIEWED_PLATFORM_ACCOUNT_ID,False
tiktok:acct_f0cdec836b5522511d38,tiktok,,Cerafine Mikael,https://www.tiktok.com/@cerafine_mikael,HOLD_NEEDS_CHANNEL_REVIEW,NO_REVIEWED_PLATFORM_ACCOUNT_ID,False
tiktok:acct_f1c92813ec95d27ae60d,tiktok,,Hoshino Kuroi(星野クロイ)🌌🦊🖤,https://www.tiktok.com/@hoshino440,HOLD_NEEDS_CHANNEL_REVIEW,NO_REVIEWED_PLATFORM_ACCOUNT_ID,False
tiktok:acct_f1cae66147cb90052fc9,tiktok,,ดอยล์,https://www.tiktok.com/@ihatedoyle,HOLD_NEEDS_CHANNEL_REVIEW,NO_REVIEWED_PLATFORM_ACCOUNT_ID,False
tiktok:acct_f212010ece37ce726e73,tiktok,,Zentiera,https://www.tiktok.com/@zenti_e_ra,HOLD_NEEDS_CHANNEL_REVIEW,NO_REVIEWED_PLATFORM_ACCOUNT_ID,False
tiktok:acct_f26e2544ab95cf362a1f,tiktok,,Karu ARP,https://www.tiktok.com/@karuarp,HOLD_NEEDS_CHANNEL_REVIEW,NO_REVIEWED_PLATFORM_ACCOUNT_ID,False
tiktok:acct_f275d9e2831c16f119de,tiktok,,Heli ch【REC】,https://www.tiktok.com/@heli_anthus09,HOLD_NEEDS_CHANNEL_REVIEW,NO_REVIEWED_PLATFORM_ACCOUNT_ID,False
tiktok:acct_f2c8720a95d2cb57fa9b,tiktok,,Okami/bwt,https://www.tiktok.com/@okami.bwt,HOLD_NEEDS_CHANNEL_REVIEW,NO_REVIEWED_PLATFORM_ACCOUNT_ID,False
tiktok:acct_f2edc5a59f0b31fd0fc7,tiktok,,KumoKuma,https://www.tiktok.com/@kumo_kuma,HOLD_NEEDS_CHANNEL_REVIEW,NO_REVIEWED_PLATFORM_ACCOUNT_ID,False
tiktok:acct_f2f37f8e44e17c98ecbb,tiktok,,rinrexger,https://www.tiktok.com/@rinrexger?_t=8rpa9f8vvsr&_r=1,HOLD_NEEDS_CHANNEL_REVIEW,NO_REVIEWED_PLATFORM_ACCOUNT_ID,False
tiktok:acct_f2f7a4faa145f2f42305,tiktok,,mystiexe,https://www.tiktok.com/@mystiexe,HOLD_NEEDS_CHANNEL_REVIEW,NO_REVIEWED_PLATFORM_ACCOUNT_ID,False
tiktok:acct_f304ff8c66e40aa8daa9,tiktok,,Makuma,https://www.tiktok.com/@makumavtuber,HOLD_NEEDS_CHANNEL_REVIEW,NO_REVIEWED_PLATFORM_ACCOUNT_ID,False
tiktok:acct_f47a821c3922ae3138b0,tiktok,,กสิณะ,https://www.tiktok.com/@kashina_official,HOLD_NEEDS_CHANNEL_REVIEW,NO_REVIEWED_PLATFORM_ACCOUNT_ID,False
tiktok:acct_f4f7e6d305975fd542de,tiktok,,onishinkim03,https://www.tiktok.com/@onishinkim03,HOLD_NEEDS_CHANNEL_REVIEW,NO_REVIEWED_PLATFORM_ACCOUNT_ID,False
tiktok:acct_f4fb55241e53e123c338,tiktok,,Mosotaa,https://www.tiktok.com/@mosotaa_vtuber,HOLD_NEEDS_CHANNEL_REVIEW,NO_REVIEWED_PLATFORM_ACCOUNT_ID,False
tiktok:acct_f51046529f89de7f1e52,tiktok,,mamushi_ene,https://www.tiktok.com/@mamushi_ene,HOLD_NEEDS_CHANNEL_REVIEW,NO_REVIEWED_PLATFORM_ACCOUNT_ID,False
tiktok:acct_f55c0e38c18f373353d5,tiktok,,Stormbullet,https://www.tiktok.com/@stormbullet13,HOLD_NEEDS_CHANNEL_REVIEW,NO_REVIEWED_PLATFORM_ACCOUNT_ID,False
tiktok:acct_f56e378c97ad070346e8,tiktok,,mumumoomoo,https://www.tiktok.com/@mumumoomoov,HOLD_NEEDS_CHANNEL_REVIEW,NO_REVIEWED_PLATFORM_ACCOUNT_ID,False
tiktok:acct_f60c4dc9dc020e8d73c9,tiktok,,Ponpun,https://www.tiktok.com/@ponpundayo,HOLD_NEEDS_CHANNEL_REVIEW,NO_REVIEWED_PLATFORM_ACCOUNT_ID,False
tiktok:acct_f61ca7e52a4a28b1afc8,tiktok,,Rewarin,https://www.tiktok.com/@rewarinrei,HOLD_NEEDS_CHANNEL_REVIEW,NO_REVIEWED_PLATFORM_ACCOUNT_ID,False
tiktok:acct_f62a55fcbc9b423dfeea,tiktok,,Puipui Memory,https://www.tiktok.com/@puipuimemory,HOLD_NEEDS_CHANNEL_REVIEW,NO_REVIEWED_PLATFORM_ACCOUNT_ID,False
tiktok:acct_f63f55785d906ccc0e17,tiktok,,Bellina,https://www.tiktok.com/@i3ellinaz,HOLD_NEEDS_CHANNEL_REVIEW,NO_REVIEWED_PLATFORM_ACCOUNT_ID,False
tiktok:acct_f659bda34f4c6791851e,tiktok,,Tsuruko Channel,https://www.tiktok.com/@tsurukoth,HOLD_NEEDS_CHANNEL_REVIEW,NO_REVIEWED_PLATFORM_ACCOUNT_ID,False
tiktok:acct_f66045615487d9312dad,tiktok,,มาเบลชอบชงเกไปวันๆ,https://www.tiktok.com/@mabelledesuwa,HOLD_NEEDS_CHANNEL_REVIEW,NO_REVIEWED_PLATFORM_ACCOUNT_ID,False
tiktok:acct_f6bd01f72edcd3c8b8d8,tiktok,,apririru,https://www.tiktok.com/@apririru,HOLD_NEEDS_CHANNEL_REVIEW,NO_REVIEWED_PLATFORM_ACCOUNT_ID,False
tiktok:acct_f6c3e0fbce5a37963f71,tiktok,,Shirin Ch.,https://www.tiktok.com/@shirinv_th,HOLD_NEEDS_CHANNEL_REVIEW,NO_REVIEWED_PLATFORM_ACCOUNT_ID,False
tiktok:acct_f70d5429fa5879d3c43b,tiktok,,Sen Koretane,https://www.tiktok.com/@senkoretane,HOLD_NEEDS_CHANNEL_REVIEW,NO_REVIEWED_PLATFORM_ACCOUNT_ID,False
tiktok:acct_f7493663724a28d659a4,tiktok,,HANAMINX,https://www.tiktok.com/@hanaminxx,HOLD_NEEDS_CHANNEL_REVIEW,NO_REVIEWED_PLATFORM_ACCOUNT_ID,False
tiktok:acct_f7ca5eb7e0455062edaf,tiktok,,Lyvea•Eve,https://www.tiktok.com/@lyveaeve,HOLD_NEEDS_CHANNEL_REVIEW,NO_REVIEWED_PLATFORM_ACCOUNT_ID,False
tiktok:acct_f7f68db83afc3ae4e9aa,tiktok,,JayVounter,https://www.tiktok.com/@jayvounter,HOLD_NEEDS_CHANNEL_REVIEW,NO_REVIEWED_PLATFORM_ACCOUNT_ID,False
tiktok:acct_f8dbded8fe90493bb115,tiktok,,🐱Hibana 【V-YT】,https://www.tiktok.com/@hibana_nekomata,HOLD_NEEDS_CHANNEL_REVIEW,NO_REVIEWED_PLATFORM_ACCOUNT_ID,False
tiktok:acct_f8eaf1dd522605b0e3a4,tiktok,,ม๋าพีชดำขาวอะ,https://www.tiktok.com/@peace_vtuber,HOLD_NEEDS_CHANNEL_REVIEW,NO_REVIEWED_PLATFORM_ACCOUNT_ID,False
tiktok:acct_fa1ca42e41ca3d15ae1f,tiktok,,SUMM3R,https://www.tiktok.com/@summ3r_vz,HOLD_NEEDS_CHANNEL_REVIEW,NO_REVIEWED_PLATFORM_ACCOUNT_ID,False
tiktok:acct_fa82ead186b6d8f6e181,tiktok,,DarkPhoenix13Fr,https://www.tiktok.com/@darkphoenix13fr,HOLD_NEEDS_CHANNEL_REVIEW,NO_REVIEWED_PLATFORM_ACCOUNT_ID,False
tiktok:acct_faa0b8d17355adf9a5ca,tiktok,,KuroNekoDub 🐼🐾🐈‍⬛,https://www.tiktok.com/@kuroneko_dub,HOLD_NEEDS_CHANNEL_REVIEW,NO_REVIEWED_PLATFORM_ACCOUNT_ID,False
tiktok:acct_fabdaf6306448934dc39,tiktok,,Donburi,https://www.tiktok.com/@donburi743,HOLD_NEEDS_CHANNEL_REVIEW,NO_REVIEWED_PLATFORM_ACCOUNT_ID,False
tiktok:acct_fae58ed922dfa3bb659b,tiktok,,kurisumasu_tv,https://www.tiktok.com/@kurisumasu_tv,HOLD_NEEDS_CHANNEL_REVIEW,NO_REVIEWED_PLATFORM_ACCOUNT_ID,False
tiktok:acct_faf91896c1fd63d93ac2,tiktok,,Nkioo ch.(Natsuki ookami),https://www.tiktok.com/@nkiookami,HOLD_NEEDS_CHANNEL_REVIEW,NO_REVIEWED_PLATFORM_ACCOUNT_ID,False
tiktok:acct_fb145f261dd382879741,tiktok,,เปโกะริน ลาบเป็ด,https://www.tiktok.com/@pekorinssr,HOLD_NEEDS_CHANNEL_REVIEW,NO_REVIEWED_PLATFORM_ACCOUNT_ID,False
tiktok:acct_fb979bd1fce95db2fbcf,tiktok,,Toramochizuki,https://www.tiktok.com/@toramochizuki,HOLD_NEEDS_CHANNEL_REVIEW,NO_REVIEWED_PLATFORM_ACCOUNT_ID,False
tiktok:acct_fbad9b0c080a9dcfb2e0,tiktok,,Astral Kami | Vtuber,https://www.tiktok.com/@m4gotz,HOLD_NEEDS_CHANNEL_REVIEW,NO_REVIEWED_PLATFORM_ACCOUNT_ID,False
tiktok:acct_fbf23c6e4a19ab655dfe,tiktok,,xixxeven,https://www.tiktok.com/@xixxeven,HOLD_NEEDS_CHANNEL_REVIEW,NO_REVIEWED_PLATFORM_ACCOUNT_ID,False
tiktok:acct_fc09b22b9c6a8866a535,tiktok,,Lunatrix💫,https://www.tiktok.com/@ltx022,HOLD_NEEDS_CHANNEL_REVIEW,NO_REVIEWED_PLATFORM_ACCOUNT_ID,False
tiktok:acct_fc4f98a472fcb8de9319,tiktok,,walkytalky555,https://www.tiktok.com/@walkytalky555,HOLD_NEEDS_CHANNEL_REVIEW,NO_REVIEWED_PLATFORM_ACCOUNT_ID,False
tiktok:acct_fc8f6be9cbb17fc56575,tiktok,,risato014,https://www.tiktok.com/@risato014,HOLD_NEEDS_CHANNEL_REVIEW,NO_REVIEWED_PLATFORM_ACCOUNT_ID,False
tiktok:acct_fcff1576b6fd30e6195f,tiktok,,Elphylia VtuberTH,https://www.tiktok.com/@elphylia_el,HOLD_NEEDS_CHANNEL_REVIEW,NO_REVIEWED_PLATFORM_ACCOUNT_ID,False
tiktok:acct_fd26fe48212b47f80c02,tiktok,,Aventurine,https://www.tiktok.com/@aventurine212_goddess,HOLD_NEEDS_CHANNEL_REVIEW,NO_REVIEWED_PLATFORM_ACCOUNT_ID,False
tiktok:acct_fd4a7633fa10b67239e6,tiktok,,✧ℝ𝕖𝕞𝕚𝕤𝕕𝕖_𝕍𝕥𝕦𝕓𝕖𝕣✧,https://www.tiktok.com/@remisde_vtuber,HOLD_NEEDS_CHANNEL_REVIEW,NO_REVIEWED_PLATFORM_ACCOUNT_ID,False
tiktok:acct_fdce99531ae5dbeb21cd,tiktok,,Fuyukawa Nao,https://www.tiktok.com/@fuyukawanao,HOLD_NEEDS_CHANNEL_REVIEW,NO_REVIEWED_PLATFORM_ACCOUNT_ID,False
tiktok:acct_fdd821b3929b5ddbec37,tiktok,,Niewlock,https://www.tiktok.com/@niewlock,HOLD_NEEDS_CHANNEL_REVIEW,NO_REVIEWED_PLATFORM_ACCOUNT_ID,False
tiktok:acct_fe0cc147f98cfbb756d6,tiktok,,ThearDreamWhale10Hz,https://www.tiktok.com/@theardreamwhale,HOLD_NEEDS_CHANNEL_REVIEW,NO_REVIEWED_PLATFORM_ACCOUNT_ID,False
tiktok:acct_fe8b12c9fc45ccde13f1,tiktok,,HallyYoruda | Vniverse,https://www.tiktok.com/@hallyvtuber,HOLD_NEEDS_CHANNEL_REVIEW,NO_REVIEWED_PLATFORM_ACCOUNT_ID,False
tiktok:acct_feb76f9d476127b7274f,tiktok,,ZaynGloucester,https://www.tiktok.com/@zayngloucester,HOLD_NEEDS_CHANNEL_REVIEW,NO_REVIEWED_PLATFORM_ACCOUNT_ID,False
tiktok:acct_febc49631264538ad9a9,tiktok,,Kohaku Ch.《ISP》,https://www.tiktok.com/@kohaku_irission,HOLD_NEEDS_CHANNEL_REVIEW,NO_REVIEWED_PLATFORM_ACCOUNT_ID,False
tiktok:acct_fec02bf5e0ad1bb0dc63,tiktok,,Rufio Ch.💙⚡️,https://www.tiktok.com/@rufiovtuber,HOLD_NEEDS_CHANNEL_REVIEW,NO_REVIEWED_PLATFORM_ACCOUNT_ID,False
tiktok:acct_fecada3fe5f721d95d7c,tiktok,,Xeran,https://www.tiktok.com/@xerberan,HOLD_NEEDS_CHANNEL_REVIEW,NO_REVIEWED_PLATFORM_ACCOUNT_ID,False
tiktok:acct_ff75577859c682d7d608,tiktok,,IMP,https://www.tiktok.com/@imp_vz,HOLD_NEEDS_CHANNEL_REVIEW,NO_REVIEWED_PLATFORM_ACCOUNT_ID,False
tiktok:acct_ff75e87807483c9011ee,tiktok,,Baku -獏- ☁️🏮,https://www.tiktok.com/@baku_arp,HOLD_NEEDS_CHANNEL_REVIEW,NO_REVIEWED_PLATFORM_ACCOUNT_ID,False
tiktok:acct_ffdc062f88ff06626c40,tiktok,,shirasagi_ch,https://www.tiktok.com/@shirasagi_ch?_t=ZS-8uwjMVBPZxq&_r=1,HOLD_NEEDS_CHANNEL_REVIEW,NO_REVIEWED_PLATFORM_ACCOUNT_ID,False
tiktok:candidate_052376f5c345c9d8160d,tiktok,,lamuofficials,https://www.tiktok.com/@lamuofficials,HOLD_NEEDS_CHANNEL_REVIEW,NO_REVIEWED_PLATFORM_ACCOUNT_ID,False
tiktok:candidate_05263e92b3c2b25190fd,tiktok,,Kiyomi Ch.,https://www.tiktok.com/@kitsunechanizuma,HOLD_NEEDS_CHANNEL_REVIEW,NO_REVIEWED_PLATFORM_ACCOUNT_ID,False
tiktok:candidate_072242470b7c32a68699,tiktok,,Angela,https://www.tiktok.com/@.angelaelfmaid,HOLD_NEEDS_CHANNEL_REVIEW,NO_REVIEWED_PLATFORM_ACCOUNT_ID,False
tiktok:candidate_0ef9290bbf6590926052,tiktok,,lanlongyingvtuberth,https://www.tiktok.com/@lanlongyingvtuberth,HOLD_NEEDS_CHANNEL_REVIEW,NO_REVIEWED_PLATFORM_ACCOUNT_ID,False
tiktok:candidate_120ee5bd8aeb74297180,tiktok,,Oneiros Norr Ch.,https://tiktok.com/@oneiros.norr,HOLD_NEEDS_CHANNEL_REVIEW,NO_REVIEWED_PLATFORM_ACCOUNT_ID,False
tiktok:candidate_1618c43a29ad0e3159d7,tiktok,,belleec19projekt,https://www.tiktok.com/@belleec19projekt,HOLD_NEEDS_CHANNEL_REVIEW,NO_REVIEWED_PLATFORM_ACCOUNT_ID,False
tiktok:candidate_1a9023eb36128b4280b6,tiktok,,kayna_channel,https://www.tiktok.com/@kayna_channel,HOLD_NEEDS_CHANNEL_REVIEW,NO_REVIEWED_PLATFORM_ACCOUNT_ID,False
tiktok:candidate_1d5137f5a2c93b1fad08,tiktok,,Kagemaru 404,https://www.tiktok.com/@kagemaruakia,HOLD_NEEDS_CHANNEL_REVIEW,NO_REVIEWED_PLATFORM_ACCOUNT_ID,False
tiktok:candidate_1d8616413191643814cc,tiktok,,Mellovie,https://www.tiktok.com/@mellovie.u,HOLD_NEEDS_CHANNEL_REVIEW,NO_REVIEWED_PLATFORM_ACCOUNT_ID,False
tiktok:candidate_1dffc4a8c392dc3441be,tiktok,,In0suke,https://www.tiktok.com/@in0sukewislive,HOLD_NEEDS_CHANNEL_REVIEW,NO_REVIEWED_PLATFORM_ACCOUNT_ID,False
tiktok:candidate_21b6f5b327667c9d0047,tiktok,,lalalapiszzz,https://www.tiktok.com/@lalalapiszzz,HOLD_NEEDS_CHANNEL_REVIEW,NO_REVIEWED_PLATFORM_ACCOUNT_ID,False
tiktok:candidate_224c63a50d3d46615914,tiktok,,Potia PBT,https://www.tiktok.com/@potiapbt,HOLD_NEEDS_CHANNEL_REVIEW,NO_REVIEWED_PLATFORM_ACCOUNT_ID,False
tiktok:candidate_28824a8802171492bb90,tiktok,,G Sol,https://www.tiktok.com/@g_solretuajing,HOLD_NEEDS_CHANNEL_REVIEW,NO_REVIEWED_PLATFORM_ACCOUNT_ID,False
tiktok:candidate_293a7a412d5ba6c02390,tiktok,,Janine Eisenberg,https://www.tiktok.com/@watashi_janine,HOLD_NEEDS_CHANNEL_REVIEW,NO_REVIEWED_PLATFORM_ACCOUNT_ID,False
tiktok:candidate_30648e5c319920e73cf5,tiktok,,banpratoubnj,https://www.tiktok.com/@banpratoubnj,HOLD_NEEDS_CHANNEL_REVIEW,NO_REVIEWED_PLATFORM_ACCOUNT_ID,False
tiktok:candidate_306a936bd290db55b866,tiktok,,Scene,https://www.tiktok.com/@scene..uqn,HOLD_NEEDS_CHANNEL_REVIEW,NO_REVIEWED_PLATFORM_ACCOUNT_ID,False
tiktok:candidate_38af6a2fea3df394c3e5,tiktok,,Nostradamus Karasu,https://www.tiktok.com/@nostradamus_karasu,HOLD_NEEDS_CHANNEL_REVIEW,NO_REVIEWED_PLATFORM_ACCOUNT_ID,False
tiktok:candidate_3d726b557170674eeb8a,tiktok,,Fortuna Leah,https://tiktok.com/@fortunaleah,HOLD_NEEDS_CHANNEL_REVIEW,NO_REVIEWED_PLATFORM_ACCOUNT_ID,False
tiktok:candidate_3dfb7d525405d938b23a,tiktok,,Zeno Astray,https://www.tiktok.com/@zeno_astray,HOLD_NEEDS_CHANNEL_REVIEW,NO_REVIEWED_PLATFORM_ACCOUNT_ID,False
tiktok:candidate_3fa12dbaa7302ef0221a,tiktok,,Kylanz,https://www.tiktok.com/@kylanz_KLZ,HOLD_NEEDS_CHANNEL_REVIEW,NO_REVIEWED_PLATFORM_ACCOUNT_ID,False
tiktok:candidate_47f206da8acb08672c3b,tiktok,,Hikari Haruki,https://www.tiktok.com/@harukiz4ma,HOLD_NEEDS_CHANNEL_REVIEW,NO_REVIEWED_PLATFORM_ACCOUNT_ID,False
tiktok:candidate_4a71e3ac09d583caf2cf,tiktok,,Mimiif0x,https://www.tiktok.com/@mimiif0x,HOLD_NEEDS_CHANNEL_REVIEW,NO_REVIEWED_PLATFORM_ACCOUNT_ID,False
tiktok:candidate_4b37adc06457565ebf9c,tiktok,,Azu,https://www.tiktok.com/@azuriusseiryux,HOLD_NEEDS_CHANNEL_REVIEW,NO_REVIEWED_PLATFORM_ACCOUNT_ID,False
tiktok:candidate_540522eb7cf27171219f,tiktok,,Locenne Ch.,https://www.tiktok.com/@lucennech,HOLD_NEEDS_CHANNEL_REVIEW,NO_REVIEWED_PLATFORM_ACCOUNT_ID,False
tiktok:candidate_541899ce09a67c72dbbc,tiktok,,Choya Ch.,https://www.tiktok.com/@choya_ch,HOLD_NEEDS_CHANNEL_REVIEW,NO_REVIEWED_PLATFORM_ACCOUNT_ID,False
tiktok:candidate_570ae722c2ac415a5a8d,tiktok,,ฟ้อนดาวมาเล่า | Fondawl【RE:S】,https://www.tiktok.com/@fondawl_RES,HOLD_NEEDS_CHANNEL_REVIEW,NO_REVIEWED_PLATFORM_ACCOUNT_ID,False
tiktok:candidate_5d85ad1e31dc7fd520a9,tiktok,,Nyeeeon,https://www.tiktok.com/@reiquasar0,HOLD_NEEDS_CHANNEL_REVIEW,NO_REVIEWED_PLATFORM_ACCOUNT_ID,False
tiktok:candidate_5dc706e580e12276b87d,tiktok,,Maiyara 【21PM】,https://www.tiktok.com/@mainazvtuber,HOLD_NEEDS_CHANNEL_REVIEW,NO_REVIEWED_PLATFORM_ACCOUNT_ID,False
tiktok:candidate_6742c8be343f8c644a46,tiktok,,Zandy,https://www.tiktok.com/@zandy31a,HOLD_NEEDS_CHANNEL_REVIEW,NO_REVIEWED_PLATFORM_ACCOUNT_ID,False
tiktok:candidate_69ddb9c8d9acb8d7c424,tiktok,,NatsuneBeLL ไม่มีสังกัด 1K,https://www.tiktok.com/@natsunebellolwitch,HOLD_NEEDS_CHANNEL_REVIEW,NO_REVIEWED_PLATFORM_ACCOUNT_ID,False
tiktok:candidate_6c71f4b5a8e2a93fca09,tiktok,,Pattivia,https://www.tiktok.com/@pattivia_live,HOLD_NEEDS_CHANNEL_REVIEW,NO_REVIEWED_PLATFORM_ACCOUNT_ID,False
tiktok:candidate_6c8664c79dd282de58ce,tiktok,,Caelum Étoile,https://www.tiktok.com/@caelum_drt,HOLD_NEEDS_CHANNEL_REVIEW,NO_REVIEWED_PLATFORM_ACCOUNT_ID,False
tiktok:candidate_6d6408cd74938d34ab33,tiktok,,Nonghanging,https://www.tiktok.com/@nonghanging_isreal,HOLD_NEEDS_CHANNEL_REVIEW,NO_REVIEWED_PLATFORM_ACCOUNT_ID,False
tiktok:candidate_7135bbcbb30c32cfa7ec,tiktok,,Neplilnaigh,https://www.tiktok.com/@neplilnaigh,HOLD_NEEDS_CHANNEL_REVIEW,NO_REVIEWED_PLATFORM_ACCOUNT_ID,False
tiktok:candidate_774e41b4a1be1424b1ef,tiktok,,gingerbelle,https://www.tiktok.com/@ggingerbelle,HOLD_NEEDS_CHANNEL_REVIEW,NO_REVIEWED_PLATFORM_ACCOUNT_ID,False
tiktok:candidate_78c7bbe9975127d69ecc,tiktok,,Filyn Ch. | VtuberTH ไม่มีสังกัด 90,https://www.tiktok.com/@filyn_freddy,HOLD_NEEDS_CHANNEL_REVIEW,NO_REVIEWED_PLATFORM_ACCOUNT_ID,False
tiktok:candidate_836837cde9fa4c5e1901,tiktok,,fusuiforry,https://www.tiktok.com/@fusuiforry,HOLD_NEEDS_CHANNEL_REVIEW,NO_REVIEWED_PLATFORM_ACCOUNT_ID,False
tiktok:candidate_84296101d4c884047542,tiktok,,Tendouji Fuka,https://www.tiktok.com/@fukatendouji,HOLD_NEEDS_CHANNEL_REVIEW,NO_REVIEWED_PLATFORM_ACCOUNT_ID,False
tiktok:candidate_8a2191b0cd4b7c6a37ca,tiktok,,kitadesus,https://www.tiktok.com/@kitadesus,HOLD_NEEDS_CHANNEL_REVIEW,NO_REVIEWED_PLATFORM_ACCOUNT_ID,False
tiktok:candidate_8b85c44362aa4c0d563f,tiktok,,Rubellite ch. Euphora,https://www.tiktok.com/@rubellitevtuber,HOLD_NEEDS_CHANNEL_REVIEW,NO_REVIEWED_PLATFORM_ACCOUNT_ID,False
tiktok:candidate_8cce1ff2a4711a5ca482,tiktok,,Zilbi,https://www.tiktok.com/@zilbi_acas,HOLD_NEEDS_CHANNEL_REVIEW,NO_REVIEWED_PLATFORM_ACCOUNT_ID,False
tiktok:candidate_901b7481d46a0161bba3,tiktok,,Rayne Ch. ไม่มีสังกัด 118,https://www.tiktok.com/@imrayne,HOLD_NEEDS_CHANNEL_REVIEW,NO_REVIEWED_PLATFORM_ACCOUNT_ID,False
tiktok:candidate_9151b0dca9c7b5e08cec,tiktok,,Yuusa Ch. 優桜ヨルモ,https://www.tiktok.com/@yuusa_yorumo,HOLD_NEEDS_CHANNEL_REVIEW,NO_REVIEWED_PLATFORM_ACCOUNT_ID,False
tiktok:candidate_97b236d0566c320e6399,tiktok,,Dariela,https://www.tiktok.com/@darielavtuberth,HOLD_NEEDS_CHANNEL_REVIEW,NO_REVIEWED_PLATFORM_ACCOUNT_ID,False
tiktok:candidate_9aabc90b4aff0e3885e7,tiktok,,lyndel.epr,https://www.tiktok.com/@lyndel.epr,HOLD_NEEDS_CHANNEL_REVIEW,NO_REVIEWED_PLATFORM_ACCOUNT_ID,False
tiktok:candidate_9d9743210d2879759660,tiktok,,Nanako_SLR,https://tiktok.com/@nanako_npt,HOLD_NEEDS_CHANNEL_REVIEW,NO_REVIEWED_PLATFORM_ACCOUNT_ID,False
tiktok:candidate_9db4b42675715cadcfa0,tiktok,,SHIRO K. Channel,https://www.tiktok.com/@shil2okuma?_t=ZS-8tWu570HvDm&_r=1,HOLD_NEEDS_CHANNEL_REVIEW,NO_REVIEWED_PLATFORM_ACCOUNT_ID,False
tiktok:candidate_9f11db24c82380d3395d,tiktok,,Bunny Arha,https://www.tiktok.com/@bunny_arha_,HOLD_NEEDS_CHANNEL_REVIEW,NO_REVIEWED_PLATFORM_ACCOUNT_ID,False
tiktok:candidate_a34b4018df52ca02dcab,tiktok,,Aelios Ch.,https://www.tiktok.com/@aelios_astray,HOLD_NEEDS_CHANNEL_REVIEW,NO_REVIEWED_PLATFORM_ACCOUNT_ID,False
tiktok:candidate_a7a7db940ae23b7fc138,tiktok,,Roxy,https://www.tiktok.com/@Roxy_CVC,HOLD_NEEDS_CHANNEL_REVIEW,NO_REVIEWED_PLATFORM_ACCOUNT_ID,False
tiktok:candidate_a8a483218c2839d58e98,tiktok,,Sivla,https://www.tiktok.com/@sivlaacas,HOLD_NEEDS_CHANNEL_REVIEW,NO_REVIEWED_PLATFORM_ACCOUNT_ID,False
tiktok:candidate_a9dee23288ba59f931dc,tiktok,,Killmonnks ไม่มีสังกัด 6.3K,https://www.tiktok.com/@Killmonnks,HOLD_NEEDS_CHANNEL_REVIEW,NO_REVIEWED_PLATFORM_ACCOUNT_ID,False
tiktok:candidate_aa27dc7f7f5c27a3c2ab,tiktok,,Adams Maur 【 FMP 】 ไม่มีสังกัด 806,https://www.tiktok.com/@adams_maur,HOLD_NEEDS_CHANNEL_REVIEW,NO_REVIEWED_PLATFORM_ACCOUNT_ID,False
tiktok:candidate_ab575eee78b8c11314df,tiktok,,Saneko ch. Euphora,https://www.tiktok.com/@Saneko_EPR,HOLD_NEEDS_CHANNEL_REVIEW,NO_REVIEWED_PLATFORM_ACCOUNT_ID,False
tiktok:candidate_ad6fac9ff5f02296fe8f,tiktok,,SaiMaiZ さいまい ⌜VZ⌟,https://www.tiktok.com/@saimaizvtuberth,HOLD_NEEDS_CHANNEL_REVIEW,NO_REVIEWED_PLATFORM_ACCOUNT_ID,False
tiktok:candidate_b001eb14574e3df7a041,tiktok,,Zelune Noctarielle 🌙,https://tiktok.com/@zelune.luneze,HOLD_NEEDS_CHANNEL_REVIEW,NO_REVIEWED_PLATFORM_ACCOUNT_ID,False
tiktok:candidate_b85ccf5a29dd1c05265d,tiktok,,raneetani,https://tiktok.com/@raneetani,HOLD_NEEDS_CHANNEL_REVIEW,NO_REVIEWED_PLATFORM_ACCOUNT_ID,False
tiktok:candidate_b85d2299af6e235f9ae9,tiktok,,Rion Chitose Ch. / AStars Chrono prince,https://www.tiktok.com/@rionchi_as,HOLD_NEEDS_CHANNEL_REVIEW,NO_REVIEWED_PLATFORM_ACCOUNT_ID,False
tiktok:candidate_b8c7bd186f23080dec7e,tiktok,,kafube.ch,https://www.tiktok.com/@kafube.ch,HOLD_NEEDS_CHANNEL_REVIEW,NO_REVIEWED_PLATFORM_ACCOUNT_ID,False
tiktok:candidate_b8fc88edb76cc48fdbe1,tiktok,,Atsuko Meron【SRV】,https://www.tiktok.com/@atsuko.meronsrv,HOLD_NEEDS_CHANNEL_REVIEW,NO_REVIEWED_PLATFORM_ACCOUNT_ID,False
tiktok:candidate_bfe4497ca512d3937c39,tiktok,,Kamashi Ch.,https://www.tiktok.com/@kamashi_akia,HOLD_NEEDS_CHANNEL_REVIEW,NO_REVIEWED_PLATFORM_ACCOUNT_ID,False
tiktok:candidate_c1abbbc04833cc8e210c,tiktok,,AirBlack24,https://www.tiktok.com/@airblack24,HOLD_NEEDS_CHANNEL_REVIEW,NO_REVIEWED_PLATFORM_ACCOUNT_ID,False
tiktok:candidate_ccde11beaaf193a7f23d,tiktok,,Beatrix Monroe,https://www.tiktok.com/@beatrixmonroeatx,HOLD_NEEDS_CHANNEL_REVIEW,NO_REVIEWED_PLATFORM_ACCOUNT_ID,False
tiktok:candidate_cd7f87942161c3443037,tiktok,,kanakochth,https://www.tiktok.com/@kanakochth,HOLD_NEEDS_CHANNEL_REVIEW,NO_REVIEWED_PLATFORM_ACCOUNT_ID,False
tiktok:candidate_ce3a7819e587b932058d,tiktok,,elfymaluky,https://www.tiktok.com/@elfymaluky,HOLD_NEEDS_CHANNEL_REVIEW,NO_REVIEWED_PLATFORM_ACCOUNT_ID,False
tiktok:candidate_cf2e4525abb337bf1328,tiktok,,Kyoya Keiran,https://www.tiktok.com/@kyoya.vtuber,HOLD_NEEDS_CHANNEL_REVIEW,NO_REVIEWED_PLATFORM_ACCOUNT_ID,False
tiktok:candidate_cf93ef8f188a95f7d58f,tiktok,,Faethon Uni. Jantra,https://www.tiktok.com/@faethonjantra,HOLD_NEEDS_CHANNEL_REVIEW,NO_REVIEWED_PLATFORM_ACCOUNT_ID,False
tiktok:candidate_cf9838b316a9a244051d,tiktok,,Haku,https://www.tiktok.com/@haku_ch.kjp,HOLD_NEEDS_CHANNEL_REVIEW,NO_REVIEWED_PLATFORM_ACCOUNT_ID,False
tiktok:candidate_d04e4b10c95611c3c15d,tiktok,,Luzin Luciana ไม่มีสังกัด 85,https://www.tiktok.com/@luz1nnn_,HOLD_NEEDS_CHANNEL_REVIEW,NO_REVIEWED_PLATFORM_ACCOUNT_ID,False
tiktok:candidate_d49be09c48de2a3d63b6,tiktok,,luqkurumi,https://www.tiktok.com/@luqkurumi,HOLD_NEEDS_CHANNEL_REVIEW,NO_REVIEWED_PLATFORM_ACCOUNT_ID,False
tiktok:candidate_d4ffc2fcb4bd1133ae5a,tiktok,,Nyeeeon,https://www.tiktok.com/@scythringe?_t=ZT-8u6DsGlsyKc&_r=1,HOLD_NEEDS_CHANNEL_REVIEW,NO_REVIEWED_PLATFORM_ACCOUNT_ID,False
tiktok:candidate_d6b4505480a424a0ceee,tiktok,,Neora Foxxy,https://www.tiktok.com/@yukisaki_hanabi,HOLD_NEEDS_CHANNEL_REVIEW,NO_REVIEWED_PLATFORM_ACCOUNT_ID,False
tiktok:candidate_d9de13754f30a5f61526,tiktok,,Byakko,https://www.tiktok.com/@byakkovsinger,HOLD_NEEDS_CHANNEL_REVIEW,NO_REVIEWED_PLATFORM_ACCOUNT_ID,False
tiktok:candidate_de29d811dbec6896e5b0,tiktok,,XANNY,https://www.tiktok.com/@xannyvtuber,HOLD_NEEDS_CHANNEL_REVIEW,NO_REVIEWED_PLATFORM_ACCOUNT_ID,False
tiktok:candidate_e74cfdf341b4beca5023,tiktok,,knight_butler,https://www.tiktok.com/@knight_butler,HOLD_NEEDS_CHANNEL_REVIEW,NO_REVIEWED_PLATFORM_ACCOUNT_ID,False
tiktok:candidate_ea015f6639c1b1f52853,tiktok,,Daylaney Luck Turner,https://www.tiktok.com/@daylaneyturner,HOLD_NEEDS_CHANNEL_REVIEW,NO_REVIEWED_PLATFORM_ACCOUNT_ID,False
tiktok:candidate_eac88625437cd095dc3d,tiktok,,Gari,https://www.tiktok.com/@gari_kunthawat,HOLD_NEEDS_CHANNEL_REVIEW,NO_REVIEWED_PLATFORM_ACCOUNT_ID,False
tiktok:candidate_ee5dd8877841ba252c0b,tiktok,,Puinoon プイヌン,https://www.tiktok.com/@puinoondesu,HOLD_NEEDS_CHANNEL_REVIEW,NO_REVIEWED_PLATFORM_ACCOUNT_ID,False
tiktok:candidate_f3d433774377a4e439e5,tiktok,,3AM virtual ghost | ตีสาม ไม่มีสังกัด 750,https://www.tiktok.com/@3AM_vtuber,HOLD_NEEDS_CHANNEL_REVIEW,NO_REVIEWED_PLATFORM_ACCOUNT_ID,False
tiktok:candidate_f4309d74ee1800bb2f1b,tiktok,,Grey Murasaki Vitale Ch.,https://www.tiktok.com/@greymurasakivitale,HOLD_NEEDS_CHANNEL_REVIEW,NO_REVIEWED_PLATFORM_ACCOUNT_ID,False
tiktok:candidate_f556e27fdc41183b6aa2,tiktok,,Halon Hashi Ch.,https://www.tiktok.com/@halon_vflora,HOLD_NEEDS_CHANNEL_REVIEW,NO_REVIEWED_PLATFORM_ACCOUNT_ID,False
tiktok:candidate_f6b2844fffb83de3d605,tiktok,,ALhong 『VTG』,https://www.tiktok.com/@alhongvtg,HOLD_NEEDS_CHANNEL_REVIEW,NO_REVIEWED_PLATFORM_ACCOUNT_ID,False
tiktok:candidate_f8b9ed1ccd2fc6142e8c,tiktok,,irynemau,https://www.tiktok.com/@irynemau,HOLD_NEEDS_CHANNEL_REVIEW,NO_REVIEWED_PLATFORM_ACCOUNT_ID,False
tiktok:candidate_fa17e70a814e5d4ac827,tiktok,,Fuyu,https://www.tiktok.com/@_fuyu1102,HOLD_NEEDS_CHANNEL_REVIEW,NO_REVIEWED_PLATFORM_ACCOUNT_ID,False
tiktok:candidate_fba257bfc94976a72323,tiktok,,Hello Tawan - Tawan The Horizon ไม่มีสังกัด 95K,https://www.tiktok.com/@hello_tawanV2,HOLD_NEEDS_CHANNEL_REVIEW,NO_REVIEWED_PLATFORM_ACCOUNT_ID,False
tiktok:candidate_fd5fc8d7b94cea65a359,tiktok,,LVMP,https://www.tiktok.com/@lvmp_Channel,HOLD_NEEDS_CHANNEL_REVIEW,NO_REVIEWED_PLATFORM_ACCOUNT_ID,False
tiktok:candidate_fdfb6159990b1dd3813e,tiktok,,Zenaida XETA-102 Channel,https://www.tiktok.com/@zenaida_xeta102,HOLD_NEEDS_CHANNEL_REVIEW,NO_REVIEWED_PLATFORM_ACCOUNT_ID,False
twitch:acct_006879d2b54a6e5e74f0,twitch,,imPEACHII,https://www.twitch.tv/impeachii,HOLD_NEEDS_CHANNEL_REVIEW,NO_REVIEWED_PLATFORM_ACCOUNT_ID,False
twitch:acct_00c29b85ed62973dea2b,twitch,,CupOChino,https://www.twitch.tv/cupochino,HOLD_NEEDS_CHANNEL_REVIEW,NO_REVIEWED_PLATFORM_ACCOUNT_ID,False
twitch:acct_00e32f16bffb8137810e,twitch,,paivtuber,https://www.twitch.tv/paivtuber,HOLD_NEEDS_CHANNEL_REVIEW,NO_REVIEWED_PLATFORM_ACCOUNT_ID,False
twitch:acct_012feedfa9fe773f97ff,twitch,,KiriuMugi,https://www.twitch.tv/kiriumugi,HOLD_NEEDS_CHANNEL_REVIEW,NO_REVIEWED_PLATFORM_ACCOUNT_ID,False
twitch:acct_01a082a2b5ce3d9c2cda,twitch,,mizugracia,https://www.twitch.tv/mizugracia,HOLD_NEEDS_CHANNEL_REVIEW,NO_REVIEWED_PLATFORM_ACCOUNT_ID,False
twitch:acct_02436812cffcd0157ba0,twitch,,Thara_oceanfae,https://www.twitch.tv/thara_oceanfae,HOLD_NEEDS_CHANNEL_REVIEW,NO_REVIEWED_PLATFORM_ACCOUNT_ID,False
twitch:acct_028cd95c3953fbebf348,twitch,,NutsuruSama,https://www.twitch.tv/nutsurusama,HOLD_NEEDS_CHANNEL_REVIEW,NO_REVIEWED_PLATFORM_ACCOUNT_ID,False
twitch:acct_02ceb94d6df3b641d721,twitch,,JoCat,https://www.twitch.tv/jocat,HOLD_NEEDS_CHANNEL_REVIEW,NO_REVIEWED_PLATFORM_ACCOUNT_ID,False
twitch:acct_03936893155c4d775ff5,twitch,,copper_chark,https://www.twitch.tv/copper_chark,HOLD_NEEDS_CHANNEL_REVIEW,NO_REVIEWED_PLATFORM_ACCOUNT_ID,False
twitch:acct_042459ba15dd3a4ef3a5,twitch,,Kisa l FoxRabbitC4T,https://www.twitch.tv/pupip_pup,HOLD_NEEDS_CHANNEL_REVIEW,NO_REVIEWED_PLATFORM_ACCOUNT_ID,False
twitch:acct_044bf884b7af238d9460,twitch,,daddeldemon,https://www.twitch.tv/daddeldemon,HOLD_NEEDS_CHANNEL_REVIEW,NO_REVIEWED_PLATFORM_ACCOUNT_ID,False
twitch:acct_04efbfcfbc0f65cd38b7,twitch,,acintunz,https://www.twitch.tv/acintunz,HOLD_NEEDS_CHANNEL_REVIEW,NO_REVIEWED_PLATFORM_ACCOUNT_ID,False
twitch:acct_04f0ddfcdda0e5b961e4,twitch,,Feentalis,https://www.twitch.tv/feentalis,HOLD_NEEDS_CHANNEL_REVIEW,NO_REVIEWED_PLATFORM_ACCOUNT_ID,False
twitch:acct_0537f32f1c39571f2248,twitch,,vtubermale,https://www.twitch.tv/vtubermale,HOLD_NEEDS_CHANNEL_REVIEW,NO_REVIEWED_PLATFORM_ACCOUNT_ID,False
twitch:acct_056181e750c16a4c5baf,twitch,,psp1g,https://www.twitch.tv/psp1g,HOLD_NEEDS_CHANNEL_REVIEW,NO_REVIEWED_PLATFORM_ACCOUNT_ID,False
twitch:acct_05771b65692daff3da49,twitch,,ITsMeYao,https://www.twitch.tv/itsmeyao,HOLD_NEEDS_CHANNEL_REVIEW,NO_REVIEWED_PLATFORM_ACCOUNT_ID,False
twitch:acct_059a282a54a5c8071e5e,twitch,,toramochizuki,https://www.twitch.tv/toramochizuki,HOLD_NEEDS_CHANNEL_REVIEW,NO_REVIEWED_PLATFORM_ACCOUNT_ID,False
twitch:acct_0604d83514a4ac0751a0,twitch,,Kay0Chi,https://www.twitch.tv/kay0chi,HOLD_NEEDS_CHANNEL_REVIEW,NO_REVIEWED_PLATFORM_ACCOUNT_ID,False
twitch:acct_066b2b1172161557f079,twitch,,sapphire_meerkat_,https://www.twitch.tv/sapphire_meerkat_,HOLD_NEEDS_CHANNEL_REVIEW,NO_REVIEWED_PLATFORM_ACCOUNT_ID,False
twitch:acct_06b7b5d6b3e6dbbed70a,twitch,,bacony__,https://www.twitch.tv/bacony__,HOLD_NEEDS_CHANNEL_REVIEW,NO_REVIEWED_PLATFORM_ACCOUNT_ID,False
twitch:acct_06c528f8afd4aaccaaf7,twitch,,kiran_regalia,https://www.twitch.tv/kiran_regalia,HOLD_NEEDS_CHANNEL_REVIEW,NO_REVIEWED_PLATFORM_ACCOUNT_ID,False
twitch:acct_06f3184489b87259b507,twitch,,s1ushytoma,https://www.twitch.tv/s1ushytoma,HOLD_NEEDS_CHANNEL_REVIEW,NO_REVIEWED_PLATFORM_ACCOUNT_ID,False
twitch:acct_06fa448bf0fabc1cd83a,twitch,,LukamiTH,https://www.twitch.tv/lukamith,HOLD_NEEDS_CHANNEL_REVIEW,NO_REVIEWED_PLATFORM_ACCOUNT_ID,False
twitch:acct_0722a543af0cc51e0f23,twitch,,a1chandesu,https://www.twitch.tv/a1chandesu,HOLD_NEEDS_CHANNEL_REVIEW,NO_REVIEWED_PLATFORM_ACCOUNT_ID,False
twitch:acct_07351c0f864177c751a6,twitch,,MyxNyxx,https://www.twitch.tv/myxnyxx,HOLD_NEEDS_CHANNEL_REVIEW,NO_REVIEWED_PLATFORM_ACCOUNT_ID,False
twitch:acct_085f97f29e84f35c8238,twitch,,niewlocker,https://www.twitch.tv/niewlocker,HOLD_NEEDS_CHANNEL_REVIEW,NO_REVIEWED_PLATFORM_ACCOUNT_ID,False
twitch:acct_09f1370427b034997f15,twitch,,MIPMIP_vt,https://www.twitch.tv/mipmip_vt,HOLD_NEEDS_CHANNEL_REVIEW,NO_REVIEWED_PLATFORM_ACCOUNT_ID,False
twitch:acct_0b327f4d4474fcdc8cbd,twitch,,chizizfa666,https://www.twitch.tv/chizizfa666,HOLD_NEEDS_CHANNEL_REVIEW,NO_REVIEWED_PLATFORM_ACCOUNT_ID,False
twitch:acct_0b43c18d4c0e5c24c377,twitch,,YuusaYorumo,https://www.twitch.tv/yuusayorumo,HOLD_NEEDS_CHANNEL_REVIEW,NO_REVIEWED_PLATFORM_ACCOUNT_ID,False
twitch:acct_0b4a81f893db1eeb4285,twitch,,RIN_RINZ,https://www.twitch.tv/rin_rinz,HOLD_NEEDS_CHANNEL_REVIEW,NO_REVIEWED_PLATFORM_ACCOUNT_ID,False
twitch:acct_0bbf3a5c97eb9bfaae0a,twitch,,skyeders,https://www.twitch.tv/skyeders,HOLD_NEEDS_CHANNEL_REVIEW,NO_REVIEWED_PLATFORM_ACCOUNT_ID,False
twitch:acct_0c79c4f83298c8c9d67d,twitch,,Seikou_Minato,https://www.twitch.tv/seikou_minato,HOLD_NEEDS_CHANNEL_REVIEW,NO_REVIEWED_PLATFORM_ACCOUNT_ID,False
twitch:acct_0d596dbc69e6213fc181,twitch,,nasarisekinei_,https://www.twitch.tv/nasarisekinei_,HOLD_NEEDS_CHANNEL_REVIEW,NO_REVIEWED_PLATFORM_ACCOUNT_ID,False
twitch:acct_0df81491d18cd18f62a3,twitch,,GingerGamori,https://www.twitch.tv/gingergamori,HOLD_NEEDS_CHANNEL_REVIEW,NO_REVIEWED_PLATFORM_ACCOUNT_ID,False
twitch:acct_0e7a810e3dca3639f6f3,twitch,,paperjubmuah,https://www.twitch.tv/paperjubmuah,HOLD_NEEDS_CHANNEL_REVIEW,NO_REVIEWED_PLATFORM_ACCOUNT_ID,False
twitch:acct_0eaa17533abf48468f65,twitch,,Alizabyleth,https://www.twitch.tv/alizabyleth,HOLD_NEEDS_CHANNEL_REVIEW,NO_REVIEWED_PLATFORM_ACCOUNT_ID,False
twitch:acct_0ecc30b1140820132653,twitch,,revia_daidai,https://www.twitch.tv/revia_daidai,HOLD_NEEDS_CHANNEL_REVIEW,NO_REVIEWED_PLATFORM_ACCOUNT_ID,False
twitch:acct_0edb103eefe99572057f,twitch,,SalmonBroc,https://www.twitch.tv/salmonbroc,HOLD_NEEDS_CHANNEL_REVIEW,NO_REVIEWED_PLATFORM_ACCOUNT_ID,False
twitch:acct_0f56b3c423e11c111f97,twitch,,chatacloveron,https://www.twitch.tv/chatacloveron,HOLD_NEEDS_CHANNEL_REVIEW,NO_REVIEWED_PLATFORM_ACCOUNT_ID,False
twitch:acct_0f84bab4120a7a4c8660,twitch,,Eyez_Benjaneth,https://www.twitch.tv/eyez_benjaneth,HOLD_NEEDS_CHANNEL_REVIEW,NO_REVIEWED_PLATFORM_ACCOUNT_ID,False
twitch:acct_0fa0007632b589fb81aa,twitch,,sheathchannel,https://www.twitch.tv/sheathchannel,HOLD_NEEDS_CHANNEL_REVIEW,NO_REVIEWED_PLATFORM_ACCOUNT_ID,False
twitch:acct_0fcea77ace66be07036c,twitch,,nneviris,https://www.twitch.tv/nneviris,HOLD_NEEDS_CHANNEL_REVIEW,NO_REVIEWED_PLATFORM_ACCOUNT_ID,False
twitch:acct_11a4ebc5e3cfd466a5af,twitch,,waivern_,https://www.twitch.tv/waivern_,HOLD_NEEDS_CHANNEL_REVIEW,NO_REVIEWED_PLATFORM_ACCOUNT_ID,False
twitch:acct_11dda51ff0674f1014e4,twitch,,laniach,https://www.twitch.tv/laniach,HOLD_NEEDS_CHANNEL_REVIEW,NO_REVIEWED_PLATFORM_ACCOUNT_ID,False
twitch:acct_11f5cb56895d778e3a7f,twitch,,gohyaV,https://www.twitch.tv/gohyav,HOLD_NEEDS_CHANNEL_REVIEW,NO_REVIEWED_PLATFORM_ACCOUNT_ID,False
twitch:acct_11fd2c28536db1e35bb8,twitch,,soulyuuvtuber,https://www.twitch.tv/soulyuuvtuber,HOLD_NEEDS_CHANNEL_REVIEW,NO_REVIEWED_PLATFORM_ACCOUNT_ID,False
twitch:acct_1242a0796671a8dd46b9,twitch,,yoshiharu_suisei,https://www.twitch.tv/yoshiharu_suisei,HOLD_NEEDS_CHANNEL_REVIEW,NO_REVIEWED_PLATFORM_ACCOUNT_ID,False
twitch:acct_126b5eef6c1b77859fae,twitch,,Ikunoreo,https://www.twitch.tv/ikunoreo,HOLD_NEEDS_CHANNEL_REVIEW,NO_REVIEWED_PLATFORM_ACCOUNT_ID,False
twitch:acct_12c9749054653e0d8370,twitch,,lenleonheart,https://www.twitch.tv/lenleonheart,HOLD_NEEDS_CHANNEL_REVIEW,NO_REVIEWED_PLATFORM_ACCOUNT_ID,False
twitch:acct_12cf54c5069f00cb4a1f,twitch,,azazelthewanderer,https://www.twitch.tv/azazelthewanderer,HOLD_NEEDS_CHANNEL_REVIEW,NO_REVIEWED_PLATFORM_ACCOUNT_ID,False
twitch:acct_12fe40d5766f850a4cbf,twitch,,YokinaSaori,https://www.twitch.tv/yokinasaori,HOLD_NEEDS_CHANNEL_REVIEW,NO_REVIEWED_PLATFORM_ACCOUNT_ID,False
twitch:acct_1327d30e90486ba26c1c,twitch,,Gifurin_s_Box,https://www.twitch.tv/gifurin_s_box,HOLD_NEEDS_CHANNEL_REVIEW,NO_REVIEWED_PLATFORM_ACCOUNT_ID,False
twitch:acct_13496dbaff4f4ffb6773,twitch,,maimaivtubertw,https://www.twitch.tv/maimaivtubertw,HOLD_NEEDS_CHANNEL_REVIEW,NO_REVIEWED_PLATFORM_ACCOUNT_ID,False
twitch:acct_13b360944181433f7b3c,twitch,,Fah_F2ye,https://www.twitch.tv/fah_f2ye,HOLD_NEEDS_CHANNEL_REVIEW,NO_REVIEWED_PLATFORM_ACCOUNT_ID,False
twitch:acct_13fbd1b294d53ed173b5,twitch,,SekineGaming,https://www.twitch.tv/sekinegaming,HOLD_NEEDS_CHANNEL_REVIEW,NO_REVIEWED_PLATFORM_ACCOUNT_ID,False
twitch:acct_143d80de4bb4d0d61699,twitch,,IRISSxOfficer,https://www.twitch.tv/irissxofficer,HOLD_NEEDS_CHANNEL_REVIEW,NO_REVIEWED_PLATFORM_ACCOUNT_ID,False
twitch:acct_1468189aade73d3e7664,twitch,,KamiReiv,https://www.twitch.tv/kamireiv,HOLD_NEEDS_CHANNEL_REVIEW,NO_REVIEWED_PLATFORM_ACCOUNT_ID,False
twitch:acct_149d4012d7d9882d7bb8,twitch,,RinREXGer,https://www.twitch.tv/rinrexger,HOLD_NEEDS_CHANNEL_REVIEW,NO_REVIEWED_PLATFORM_ACCOUNT_ID,False
twitch:acct_14b8f42f445a9aedcf17,twitch,,Maiyara_21pm,https://www.twitch.tv/maiyara_21pm,HOLD_NEEDS_CHANNEL_REVIEW,NO_REVIEWED_PLATFORM_ACCOUNT_ID,False
twitch:acct_14cca75a6a3eb345783b,twitch,,Fitzboyee,https://www.twitch.tv/fitzboyee,HOLD_NEEDS_CHANNEL_REVIEW,NO_REVIEWED_PLATFORM_ACCOUNT_ID,False
twitch:acct_1558f4659e513367a90c,twitch,,DivaFallen,https://www.twitch.tv/divafallen,HOLD_NEEDS_CHANNEL_REVIEW,NO_REVIEWED_PLATFORM_ACCOUNT_ID,False
twitch:acct_15b2d44da98a7a29ccaa,twitch,,AdamaOse,https://www.twitch.tv/adamaose,HOLD_NEEDS_CHANNEL_REVIEW,NO_REVIEWED_PLATFORM_ACCOUNT_ID,False
twitch:acct_15b6e2a569220f46b6d5,twitch,,BlueValentineVT,https://www.twitch.tv/bluevalentinevt,HOLD_NEEDS_CHANNEL_REVIEW,NO_REVIEWED_PLATFORM_ACCOUNT_ID,False
twitch:acct_15e4e04e8d2a7bef5b5d,twitch,,SEIREKI,https://www.twitch.tv/seireki,HOLD_NEEDS_CHANNEL_REVIEW,NO_REVIEWED_PLATFORM_ACCOUNT_ID,False
twitch:acct_1620f830e379d6e766b8,twitch,,AyaneDesu,https://www.twitch.tv/ayanedesu,HOLD_NEEDS_CHANNEL_REVIEW,NO_REVIEWED_PLATFORM_ACCOUNT_ID,False
twitch:acct_164add66ec91fee6fd8f,twitch,,joongjanai,https://www.twitch.tv/joongjanai,HOLD_NEEDS_CHANNEL_REVIEW,NO_REVIEWED_PLATFORM_ACCOUNT_ID,False
twitch:acct_16573e62ce2977255d1e,twitch,,hoshimura_himawari,https://www.twitch.tv/hoshimura_himawari,HOLD_NEEDS_CHANNEL_REVIEW,NO_REVIEWED_PLATFORM_ACCOUNT_ID,False
twitch:acct_165820cebc0407e9b868,twitch,,jackdanielsg4ming,https://www.twitch.tv/jackdanielsg4ming,HOLD_NEEDS_CHANNEL_REVIEW,NO_REVIEWED_PLATFORM_ACCOUNT_ID,False
twitch:acct_16b2b4405071da0610ea,twitch,,chalamkhai,https://www.twitch.tv/chalamkhai,HOLD_NEEDS_CHANNEL_REVIEW,NO_REVIEWED_PLATFORM_ACCOUNT_ID,False
twitch:acct_1709b929799982258db5,twitch,,Bingsujuseyo Ch.,https://www.twitch.tv/alexandererz,HOLD_NEEDS_CHANNEL_REVIEW,NO_REVIEWED_PLATFORM_ACCOUNT_ID,False
twitch:acct_17a097c0c73ecdea62bd,twitch,,amnuai_ii,https://www.twitch.tv/amnuai_ii,HOLD_NEEDS_CHANNEL_REVIEW,NO_REVIEWED_PLATFORM_ACCOUNT_ID,False
twitch:acct_1843a815e1f10961f157,twitch,,vendetta_vl,https://www.twitch.tv/vendetta_vl,HOLD_NEEDS_CHANNEL_REVIEW,NO_REVIEWED_PLATFORM_ACCOUNT_ID,False
twitch:acct_18493d0232d55ad72dfd,twitch,,OKASHIROEXE,https://www.twitch.tv/okashiroexe,HOLD_NEEDS_CHANNEL_REVIEW,NO_REVIEWED_PLATFORM_ACCOUNT_ID,False
twitch:acct_18924d27fc9fdaf81941,twitch,,Ketit_Lepetit,https://www.twitch.tv/ketit_lepetit,HOLD_NEEDS_CHANNEL_REVIEW,NO_REVIEWED_PLATFORM_ACCOUNT_ID,False
twitch:acct_18ba8067f27dceb85bdf,twitch,,Keelin_Peryton,https://www.twitch.tv/keelin_peryton,HOLD_NEEDS_CHANNEL_REVIEW,NO_REVIEWED_PLATFORM_ACCOUNT_ID,False
twitch:acct_1a517119f28e2737e04b,twitch,,ponnanta1,https://www.twitch.tv/ponnanta1,HOLD_NEEDS_CHANNEL_REVIEW,NO_REVIEWED_PLATFORM_ACCOUNT_ID,False
twitch:acct_1a9a44af1e46c8af2728,twitch,,zaru_no21,https://www.twitch.tv/zaru_no21,HOLD_NEEDS_CHANNEL_REVIEW,NO_REVIEWED_PLATFORM_ACCOUNT_ID,False
twitch:acct_1b2f303ae1f5db847b0a,twitch,,hamigar,https://www.twitch.tv/hamigar,HOLD_NEEDS_CHANNEL_REVIEW,NO_REVIEWED_PLATFORM_ACCOUNT_ID,False
twitch:acct_1b83de124409b599f249,twitch,,cyyuvtuber,https://www.twitch.tv/cyyuvtuber,HOLD_NEEDS_CHANNEL_REVIEW,NO_REVIEWED_PLATFORM_ACCOUNT_ID,False
twitch:acct_1c87e6a2ce3054cf1a97,twitch,,Mor9an_m,https://www.twitch.tv/mor9an_m,HOLD_NEEDS_CHANNEL_REVIEW,NO_REVIEWED_PLATFORM_ACCOUNT_ID,False
twitch:acct_1ca0bd0668da4e8fc002,twitch,,thailand555urlauber,https://www.twitch.tv/thailand555urlauber,HOLD_NEEDS_CHANNEL_REVIEW,NO_REVIEWED_PLATFORM_ACCOUNT_ID,False
twitch:acct_1ceef1921be2b3c8f931,twitch,,CozyClover_,https://www.twitch.tv/cozyclover_,HOLD_NEEDS_CHANNEL_REVIEW,NO_REVIEWED_PLATFORM_ACCOUNT_ID,False
twitch:acct_1fa097ee64db6ec4e26e,twitch,,jingjibara,https://www.twitch.tv/jingjibara,HOLD_NEEDS_CHANNEL_REVIEW,NO_REVIEWED_PLATFORM_ACCOUNT_ID,False
twitch:acct_1fb24ca488c0428282ad,twitch,,StellarParticle,https://www.twitch.tv/stellarparticle,HOLD_NEEDS_CHANNEL_REVIEW,NO_REVIEWED_PLATFORM_ACCOUNT_ID,False
twitch:acct_1fffbcf73e8c2457d252,twitch,,AsterKalimeris,https://www.twitch.tv/asterkalimeris,HOLD_NEEDS_CHANNEL_REVIEW,NO_REVIEWED_PLATFORM_ACCOUNT_ID,False
twitch:acct_2001be38e8b2018982ea,twitch,,VenusLapirus,https://www.twitch.tv/venuslapirus,HOLD_NEEDS_CHANNEL_REVIEW,NO_REVIEWED_PLATFORM_ACCOUNT_ID,False
twitch:acct_204c75e75a01cba4f6b7,twitch,,TakeshiNichiguchi,https://www.twitch.tv/takeshinichiguchi,HOLD_NEEDS_CHANNEL_REVIEW,NO_REVIEWED_PLATFORM_ACCOUNT_ID,False
twitch:acct_20d368213885384ae61d,twitch,,eulaovtuber,https://www.twitch.tv/eulaovtuber,HOLD_NEEDS_CHANNEL_REVIEW,NO_REVIEWED_PLATFORM_ACCOUNT_ID,False
twitch:acct_21e7766450572f0d5142,twitch,,Sanxz_n,https://www.twitch.tv/sanxz_n,HOLD_NEEDS_CHANNEL_REVIEW,NO_REVIEWED_PLATFORM_ACCOUNT_ID,False
twitch:acct_21e86400c39d540a3429,twitch,,sumiko_vtuber,https://www.twitch.tv/sumiko_vtuber,HOLD_NEEDS_CHANNEL_REVIEW,NO_REVIEWED_PLATFORM_ACCOUNT_ID,False
twitch:acct_222f17cef971c700fb9f,twitch,,Nebluu,https://www.twitch.tv/nebluu,HOLD_NEEDS_CHANNEL_REVIEW,NO_REVIEWED_PLATFORM_ACCOUNT_ID,False
twitch:acct_22c52e9b0778e09c9b4a,twitch,,shikar_dawg,https://www.twitch.tv/shikar_dawg,HOLD_NEEDS_CHANNEL_REVIEW,NO_REVIEWED_PLATFORM_ACCOUNT_ID,False
twitch:acct_236b15f696519e6d27bd,twitch,,Samuel1571,https://www.twitch.tv/samuel1571,HOLD_NEEDS_CHANNEL_REVIEW,NO_REVIEWED_PLATFORM_ACCOUNT_ID,False
twitch:acct_23a79d2089b3efae55c4,twitch,,ZhenLinxing_ch_PowerPay,https://www.twitch.tv/zhenlinxing_ch_powerpay,HOLD_NEEDS_CHANNEL_REVIEW,NO_REVIEWED_PLATFORM_ACCOUNT_ID,False
twitch:acct_2442d8d8e6a2701a8603,twitch,,ihatedoyle,https://www.twitch.tv/ihatedoyle,HOLD_NEEDS_CHANNEL_REVIEW,NO_REVIEWED_PLATFORM_ACCOUNT_ID,False
twitch:acct_248a8a6d0512d284fc43,twitch,,Viol3tte,https://www.twitch.tv/viol3tte,HOLD_NEEDS_CHANNEL_REVIEW,NO_REVIEWED_PLATFORM_ACCOUNT_ID,False
twitch:acct_24a048f7740cfc35f870,twitch,,GraZiaSaMa,https://www.twitch.tv/graziasama,HOLD_NEEDS_CHANNEL_REVIEW,NO_REVIEWED_PLATFORM_ACCOUNT_ID,False
twitch:acct_24bed41c5f8262dbb722,twitch,,Nano_Horitsuga,https://www.twitch.tv/nano_horitsuga,HOLD_NEEDS_CHANNEL_REVIEW,NO_REVIEWED_PLATFORM_ACCOUNT_ID,False
twitch:acct_24de3303eff4241e3212,twitch,,LiselotteCh,https://www.twitch.tv/liselottech,HOLD_NEEDS_CHANNEL_REVIEW,NO_REVIEWED_PLATFORM_ACCOUNT_ID,False
twitch:acct_250fa3764b0d7ccc8ec1,twitch,,ZeraphinaHN,https://www.twitch.tv/zeraphinahn,HOLD_NEEDS_CHANNEL_REVIEW,NO_REVIEWED_PLATFORM_ACCOUNT_ID,False
twitch:acct_25713a78a7a157daeef3,twitch,,LattaARP,https://www.twitch.tv/lattaarp,HOLD_NEEDS_CHANNEL_REVIEW,NO_REVIEWED_PLATFORM_ACCOUNT_ID,False
twitch:acct_2573f34b165be946e239,twitch,,KiyomiChan943,https://www.twitch.tv/kiyomichan943,HOLD_NEEDS_CHANNEL_REVIEW,NO_REVIEWED_PLATFORM_ACCOUNT_ID,False
twitch:acct_2578a641fdd41aef993f,twitch,,AosoraPopo,https://www.twitch.tv/aosorapopo,HOLD_NEEDS_CHANNEL_REVIEW,NO_REVIEWED_PLATFORM_ACCOUNT_ID,False
twitch:acct_25e9a9db194a8dce9eed,twitch,,CroCo_Fishy,https://www.twitch.tv/croco_fishy,HOLD_NEEDS_CHANNEL_REVIEW,NO_REVIEWED_PLATFORM_ACCOUNT_ID,False
twitch:acct_26f7782cfc219780c7f0,twitch,,dragoooooniscool,https://www.twitch.tv/dragoooooniscool,HOLD_NEEDS_CHANNEL_REVIEW,NO_REVIEWED_PLATFORM_ACCOUNT_ID,False
twitch:acct_271138b1abf42707aa75,twitch,,Mylemarrish,https://www.twitch.tv/mylemarrish,HOLD_NEEDS_CHANNEL_REVIEW,NO_REVIEWED_PLATFORM_ACCOUNT_ID,False
twitch:acct_2748ffe94283a657b1de,twitch,,ZauberTheMarinette,https://www.twitch.tv/zauberthemarinette,HOLD_NEEDS_CHANNEL_REVIEW,NO_REVIEWED_PLATFORM_ACCOUNT_ID,False
twitch:acct_278c5444d5101dc1081c,twitch,,miyu_385pj,https://www.twitch.tv/miyu_385pj,HOLD_NEEDS_CHANNEL_REVIEW,NO_REVIEWED_PLATFORM_ACCOUNT_ID,False
twitch:acct_287ed8a6ad79a7520849,twitch,,Ookami_Yuusha,https://www.twitch.tv/ookami_yuusha,HOLD_NEEDS_CHANNEL_REVIEW,NO_REVIEWED_PLATFORM_ACCOUNT_ID,False
twitch:acct_28c80de398465fb231db,twitch,,CeriseChannel,https://www.twitch.tv/cerisechannel,HOLD_NEEDS_CHANNEL_REVIEW,NO_REVIEWED_PLATFORM_ACCOUNT_ID,False
twitch:acct_291900b37fc427e41f32,twitch,,inomiya_,https://www.twitch.tv/inomiya_,HOLD_NEEDS_CHANNEL_REVIEW,NO_REVIEWED_PLATFORM_ACCOUNT_ID,False
twitch:acct_291a900894e757736231,twitch,,Yubii_R,https://www.twitch.tv/yubii_r,HOLD_NEEDS_CHANNEL_REVIEW,NO_REVIEWED_PLATFORM_ACCOUNT_ID,False
twitch:acct_29388782ba05867ddfc6,twitch,,Ark_ARP,https://www.twitch.tv/ark_arp,HOLD_NEEDS_CHANNEL_REVIEW,NO_REVIEWED_PLATFORM_ACCOUNT_ID,False
twitch:acct_296652ac0d98cec9a98c,twitch,,darumaby,https://www.twitch.tv/darumaby,HOLD_NEEDS_CHANNEL_REVIEW,NO_REVIEWED_PLATFORM_ACCOUNT_ID,False
twitch:acct_2967a2f829c56219a2ce,twitch,,Amello_Channel,https://www.twitch.tv/amello_channel,HOLD_NEEDS_CHANNEL_REVIEW,NO_REVIEWED_PLATFORM_ACCOUNT_ID,False
twitch:acct_29b57463a862ad1f50bd,twitch,,LizLynzex_,https://www.twitch.tv/lizlynzex_,HOLD_NEEDS_CHANNEL_REVIEW,NO_REVIEWED_PLATFORM_ACCOUNT_ID,False
twitch:acct_29b9403e799e40a4abc5,twitch,,ironmouse,https://www.twitch.tv/ironmouse,HOLD_NEEDS_CHANNEL_REVIEW,NO_REVIEWED_PLATFORM_ACCOUNT_ID,False
twitch:acct_2a5f17abf27f3affdc35,twitch,,Laibaht,https://www.twitch.tv/laibaht,HOLD_NEEDS_CHANNEL_REVIEW,NO_REVIEWED_PLATFORM_ACCOUNT_ID,False
twitch:acct_2abbd64c53de8785e793,twitch,,hikari_ssr,https://www.twitch.tv/hikari_ssr,HOLD_NEEDS_CHANNEL_REVIEW,NO_REVIEWED_PLATFORM_ACCOUNT_ID,False
twitch:acct_2ac559478fc1d87143a6,twitch,,Freyrainefr,https://www.twitch.tv/freyrainefr,HOLD_NEEDS_CHANNEL_REVIEW,NO_REVIEWED_PLATFORM_ACCOUNT_ID,False
twitch:acct_2b391eb91ea8a55cd53e,twitch,,ConnesePlai,https://www.twitch.tv/conneseplai,HOLD_NEEDS_CHANNEL_REVIEW,NO_REVIEWED_PLATFORM_ACCOUNT_ID,False
twitch:acct_2bd0999186ec64cce4d6,twitch,,voidmuofficial,https://www.twitch.tv/voidmuofficial,HOLD_NEEDS_CHANNEL_REVIEW,NO_REVIEWED_PLATFORM_ACCOUNT_ID,False
twitch:acct_2c0c07fe6b2c54bf0b82,twitch,,nonorivt,https://www.twitch.tv/nonorivt,HOLD_NEEDS_CHANNEL_REVIEW,NO_REVIEWED_PLATFORM_ACCOUNT_ID,False
twitch:acct_2c2cc8bd36d4f8c55252,twitch,,ParuIsMe,https://www.twitch.tv/paruisme,HOLD_NEEDS_CHANNEL_REVIEW,NO_REVIEWED_PLATFORM_ACCOUNT_ID,False
twitch:acct_2dcb576609f6a72afe2f,twitch,,sumire_yuna,https://www.twitch.tv/sumire_yuna,HOLD_NEEDS_CHANNEL_REVIEW,NO_REVIEWED_PLATFORM_ACCOUNT_ID,False
twitch:acct_2dcfdc859b4f9100a651,twitch,,vendetta_vlazy,https://www.twitch.tv/vendetta_vlazy,HOLD_NEEDS_CHANNEL_REVIEW,NO_REVIEWED_PLATFORM_ACCOUNT_ID,False
twitch:acct_2dddc0d8f9023ac8fa0e,twitch,,hannies_toon,https://www.twitch.tv/hannies_toon,HOLD_NEEDS_CHANNEL_REVIEW,NO_REVIEWED_PLATFORM_ACCOUNT_ID,False
twitch:acct_2dff6f1eeefc1cf7b0c4,twitch,,KingSlime_Ch_Vth,https://www.twitch.tv/kingslime_ch_vth,HOLD_NEEDS_CHANNEL_REVIEW,NO_REVIEWED_PLATFORM_ACCOUNT_ID,False
twitch:acct_2f1278a24c40f8a6de1a,twitch,,xLazyYui,https://www.twitch.tv/xlazyyui,HOLD_NEEDS_CHANNEL_REVIEW,NO_REVIEWED_PLATFORM_ACCOUNT_ID,False
twitch:acct_2f2b1e346c60c5401ca1,twitch,,AthrunTytoAlba,https://www.twitch.tv/athruntytoalba,HOLD_NEEDS_CHANNEL_REVIEW,NO_REVIEWED_PLATFORM_ACCOUNT_ID,False
twitch:acct_2f2b87dc7ee1397bd21f,twitch,,cherylwaltz,https://www.twitch.tv/cherylwaltz,HOLD_NEEDS_CHANNEL_REVIEW,NO_REVIEWED_PLATFORM_ACCOUNT_ID,False
twitch:acct_2f472574df5e26202ab5,twitch,,himuofficial,https://www.twitch.tv/himuofficial,HOLD_NEEDS_CHANNEL_REVIEW,NO_REVIEWED_PLATFORM_ACCOUNT_ID,False
twitch:acct_2f86346ee46d676b81fc,twitch,,amuofficia,https://www.twitch.tv/amuofficia,HOLD_NEEDS_CHANNEL_REVIEW,NO_REVIEWED_PLATFORM_ACCOUNT_ID,False
twitch:acct_2fcc0093d832d47e7f0b,twitch,,Maikumira,https://www.twitch.tv/maikumira,HOLD_NEEDS_CHANNEL_REVIEW,NO_REVIEWED_PLATFORM_ACCOUNT_ID,False
twitch:acct_300967ab15b3bf3c5948,twitch,,Woofna_Ch,https://www.twitch.tv/woofna_ch,HOLD_NEEDS_CHANNEL_REVIEW,NO_REVIEWED_PLATFORM_ACCOUNT_ID,False
twitch:acct_305b31d7bd63f1da3ce1,twitch,,elsamuofficiall,https://www.twitch.tv/elsamuofficiall,HOLD_NEEDS_CHANNEL_REVIEW,NO_REVIEWED_PLATFORM_ACCOUNT_ID,False
twitch:acct_3088be12aeecfac6ea63,twitch,,amunic,https://www.twitch.tv/amunic,HOLD_NEEDS_CHANNEL_REVIEW,NO_REVIEWED_PLATFORM_ACCOUNT_ID,False
twitch:acct_309f5bba617af36dce99,twitch,,sapphire_melon,https://www.twitch.tv/sapphire_melon,HOLD_NEEDS_CHANNEL_REVIEW,NO_REVIEWED_PLATFORM_ACCOUNT_ID,False
twitch:acct_30a3dd7323140116d465,twitch,,AstralKamiVT,https://www.twitch.tv/astralkamivt,HOLD_NEEDS_CHANNEL_REVIEW,NO_REVIEWED_PLATFORM_ACCOUNT_ID,False
twitch:acct_30b0fcf0c18da5973529,twitch,,RIPryOfficial,https://www.twitch.tv/ripryofficial,HOLD_NEEDS_CHANNEL_REVIEW,NO_REVIEWED_PLATFORM_ACCOUNT_ID,False
twitch:acct_314c25d5114a3eaeb4e3,twitch,,GoodnightVT,https://www.twitch.tv/goodnightvt,HOLD_NEEDS_CHANNEL_REVIEW,NO_REVIEWED_PLATFORM_ACCOUNT_ID,False
twitch:acct_316ebe69b65872336d6d,twitch,,BakuARP,https://www.twitch.tv/bakuarp,HOLD_NEEDS_CHANNEL_REVIEW,NO_REVIEWED_PLATFORM_ACCOUNT_ID,False
twitch:acct_33116f500d8885a13981,twitch,,shiorichanvt,https://www.twitch.tv/shiorichanvt,HOLD_NEEDS_CHANNEL_REVIEW,NO_REVIEWED_PLATFORM_ACCOUNT_ID,False
twitch:acct_332b79d1f03de52faa6b,twitch,,suzaku_mochisuki,https://www.twitch.tv/suzaku_mochisuki,HOLD_NEEDS_CHANNEL_REVIEW,NO_REVIEWED_PLATFORM_ACCOUNT_ID,False
twitch:acct_33a3c6a4b574c97b667e,twitch,,Roku_D,https://www.twitch.tv/roku_d,HOLD_NEEDS_CHANNEL_REVIEW,NO_REVIEWED_PLATFORM_ACCOUNT_ID,False
twitch:acct_33bdbe1a529a56dbbe28,twitch,,DragoCHAIN,https://www.twitch.tv/dragochain,HOLD_NEEDS_CHANNEL_REVIEW,NO_REVIEWED_PLATFORM_ACCOUNT_ID,False
twitch:acct_33f1c04535a19b52d954,twitch,,AiiEss_,https://www.twitch.tv/aiiess_,HOLD_NEEDS_CHANNEL_REVIEW,NO_REVIEWED_PLATFORM_ACCOUNT_ID,False
twitch:acct_34d3b7ac6e501bbcdb51,twitch,,itsme_chicha,https://www.twitch.tv/itsme_chicha,HOLD_NEEDS_CHANNEL_REVIEW,NO_REVIEWED_PLATFORM_ACCOUNT_ID,False
twitch:acct_353c1ebfb0aa9588e03c,twitch,,demon_blxe,https://www.twitch.tv/demon_blxe,HOLD_NEEDS_CHANNEL_REVIEW,NO_REVIEWED_PLATFORM_ACCOUNT_ID,False
twitch:acct_35abd1840130c5d5515a,twitch,,sakurammmm,https://www.twitch.tv/sakurammmm,HOLD_NEEDS_CHANNEL_REVIEW,NO_REVIEWED_PLATFORM_ACCOUNT_ID,False
twitch:acct_3621a398a280446204cc,twitch,,ging3rbelle,https://www.twitch.tv/ging3rbelle,HOLD_NEEDS_CHANNEL_REVIEW,NO_REVIEWED_PLATFORM_ACCOUNT_ID,False
twitch:acct_3623a80d0fcf481e6f04,twitch,,mieru_vt,https://www.twitch.tv/mieru_vt,HOLD_NEEDS_CHANNEL_REVIEW,NO_REVIEWED_PLATFORM_ACCOUNT_ID,False
twitch:acct_362e298e30b8da84c5b1,twitch,,KurishimaRun,https://www.twitch.tv/kurishimarun,HOLD_NEEDS_CHANNEL_REVIEW,NO_REVIEWED_PLATFORM_ACCOUNT_ID,False
twitch:acct_364d944e7b04cb036396,twitch,,tx_ting,https://www.twitch.tv/tx_ting,HOLD_NEEDS_CHANNEL_REVIEW,NO_REVIEWED_PLATFORM_ACCOUNT_ID,False
twitch:acct_36accf4a459f7bf3f3ef,twitch,,bambooniffy,https://www.twitch.tv/bambooniffy,HOLD_NEEDS_CHANNEL_REVIEW,NO_REVIEWED_PLATFORM_ACCOUNT_ID,False
twitch:acct_36ca07dac87487f971ff,twitch,,DvBringer,https://www.twitch.tv/dvbringer,HOLD_NEEDS_CHANNEL_REVIEW,NO_REVIEWED_PLATFORM_ACCOUNT_ID,False
twitch:acct_36f5a4a2d13a5279d9f9,twitch,,fayuuchan,https://www.twitch.tv/fayuuchan,HOLD_NEEDS_CHANNEL_REVIEW,NO_REVIEWED_PLATFORM_ACCOUNT_ID,False
twitch:acct_37433fedd326e5d76b61,twitch,,SZeroCh,https://www.twitch.tv/szeroch,HOLD_NEEDS_CHANNEL_REVIEW,NO_REVIEWED_PLATFORM_ACCOUNT_ID,False
twitch:acct_3748bb623ea52d73352e,twitch,,zarizaophius,https://www.twitch.tv/zarizaophius,HOLD_NEEDS_CHANNEL_REVIEW,NO_REVIEWED_PLATFORM_ACCOUNT_ID,False
twitch:acct_377f1d48ebdeb13e708e,twitch,,Quaften,https://www.twitch.tv/quaften,HOLD_NEEDS_CHANNEL_REVIEW,NO_REVIEWED_PLATFORM_ACCOUNT_ID,False
twitch:acct_37966b23d3419c5e286f,twitch,,haruichi0034,https://www.twitch.tv/haruichi0034,HOLD_NEEDS_CHANNEL_REVIEW,NO_REVIEWED_PLATFORM_ACCOUNT_ID,False
twitch:acct_3796ea7707c9ffd85188,twitch,,Nao_Mukutsuki,https://www.twitch.tv/nao_mukutsuki,HOLD_NEEDS_CHANNEL_REVIEW,NO_REVIEWED_PLATFORM_ACCOUNT_ID,False
twitch:acct_37daee317ea8850b5262,twitch,,PoppyThePuppy_real,https://www.twitch.tv/poppythepuppy_real,HOLD_NEEDS_CHANNEL_REVIEW,NO_REVIEWED_PLATFORM_ACCOUNT_ID,False
twitch:acct_37f736d0b8739290edbd,twitch,,pl3tzel,https://www.twitch.tv/pl3tzel,HOLD_NEEDS_CHANNEL_REVIEW,NO_REVIEWED_PLATFORM_ACCOUNT_ID,False
twitch:acct_38331484e5970bef6c8e,twitch,,dragooooooon89,https://www.twitch.tv/dragooooooon89,HOLD_NEEDS_CHANNEL_REVIEW,NO_REVIEWED_PLATFORM_ACCOUNT_ID,False
twitch:acct_3846c15f2564187ba568,twitch,,yuistarbringer,https://www.twitch.tv/yuistarbringer,HOLD_NEEDS_CHANNEL_REVIEW,NO_REVIEWED_PLATFORM_ACCOUNT_ID,False
twitch:acct_389b682e2bbeda73433a,twitch,,maimaivtuber,https://www.twitch.tv/maimaivtuber,HOLD_NEEDS_CHANNEL_REVIEW,NO_REVIEWED_PLATFORM_ACCOUNT_ID,False
twitch:acct_38bb406dd348577e5fa7,twitch,,walkytalkymann,https://www.twitch.tv/walkytalkymann,HOLD_NEEDS_CHANNEL_REVIEW,NO_REVIEWED_PLATFORM_ACCOUNT_ID,False
twitch:acct_394e6a790561efcb07a9,twitch,,renkon_tora,https://www.twitch.tv/renkon_tora,HOLD_NEEDS_CHANNEL_REVIEW,NO_REVIEWED_PLATFORM_ACCOUNT_ID,False
twitch:acct_396909be2c5573627db8,twitch,,skinnny,https://www.twitch.tv/skinnny,HOLD_NEEDS_CHANNEL_REVIEW,NO_REVIEWED_PLATFORM_ACCOUNT_ID,False
twitch:acct_3982f70c4a030ac4ac85,twitch,,fouruary_th,https://www.twitch.tv/fouruary_th,HOLD_NEEDS_CHANNEL_REVIEW,NO_REVIEWED_PLATFORM_ACCOUNT_ID,False
twitch:acct_39a33a743681d3a45856,twitch,,ChiaraEsperanza,https://www.twitch.tv/chiaraesperanza,HOLD_NEEDS_CHANNEL_REVIEW,NO_REVIEWED_PLATFORM_ACCOUNT_ID,False
twitch:acct_39d22d857fae678fd8a3,twitch,,Ayselzz,https://www.twitch.tv/ayselzz,HOLD_NEEDS_CHANNEL_REVIEW,NO_REVIEWED_PLATFORM_ACCOUNT_ID,False
twitch:acct_3ac8aad38252359a08c6,twitch,,mochaavtuber,https://www.twitch.tv/mochaavtuber,HOLD_NEEDS_CHANNEL_REVIEW,NO_REVIEWED_PLATFORM_ACCOUNT_ID,False
twitch:acct_3b2546d585897db279eb,twitch,,TequilaArp,https://www.twitch.tv/tequilaarp,HOLD_NEEDS_CHANNEL_REVIEW,NO_REVIEWED_PLATFORM_ACCOUNT_ID,False
twitch:acct_3b2dd81d34bce9b13753,twitch,,thelittlenelson,https://www.twitch.tv/thelittlenelson,HOLD_NEEDS_CHANNEL_REVIEW,NO_REVIEWED_PLATFORM_ACCOUNT_ID,False
twitch:acct_3b517a7e3b1e2033eddc,twitch,,kenzuzuha,https://www.twitch.tv/kenzuzuha,HOLD_NEEDS_CHANNEL_REVIEW,NO_REVIEWED_PLATFORM_ACCOUNT_ID,False
twitch:acct_3b54216a08cbe375bea8,twitch,,rlanz_,https://www.twitch.tv/rlanz_,HOLD_NEEDS_CHANNEL_REVIEW,NO_REVIEWED_PLATFORM_ACCOUNT_ID,False
twitch:acct_3b949456adee8fefccea,twitch,,khaopundesu,https://www.twitch.tv/khaopundesu,HOLD_NEEDS_CHANNEL_REVIEW,NO_REVIEWED_PLATFORM_ACCOUNT_ID,False
twitch:acct_3c154a8bf14c428c2a22,twitch,,GNoxxz,https://www.twitch.tv/gnoxxz,HOLD_NEEDS_CHANNEL_REVIEW,NO_REVIEWED_PLATFORM_ACCOUNT_ID,False
twitch:acct_3c54493f1306437c63c4,twitch,,Lunyatic,https://www.twitch.tv/lunyatic,HOLD_NEEDS_CHANNEL_REVIEW,NO_REVIEWED_PLATFORM_ACCOUNT_ID,False
twitch:acct_3d8a8f71505bcbc09a95,twitch,,rfgheathcliff,https://www.twitch.tv/rfgheathcliff,HOLD_NEEDS_CHANNEL_REVIEW,NO_REVIEWED_PLATFORM_ACCOUNT_ID,False
twitch:acct_3de32d7a20a90a92ebcb,twitch,,ANT4ZIN,https://www.twitch.tv/ant4zin,HOLD_NEEDS_CHANNEL_REVIEW,NO_REVIEWED_PLATFORM_ACCOUNT_ID,False
twitch:acct_3e8be57264392adb00e5,twitch,,DNoiRbs,https://www.twitch.tv/dnoirbs,HOLD_NEEDS_CHANNEL_REVIEW,NO_REVIEWED_PLATFORM_ACCOUNT_ID,False
twitch:acct_3fa4ce4e84f39a1858f5,twitch,,Famine_ARP,https://www.twitch.tv/famine_arp,HOLD_NEEDS_CHANNEL_REVIEW,NO_REVIEWED_PLATFORM_ACCOUNT_ID,False
twitch:acct_3fe0f9303191d3861e87,twitch,,yamisamadesu,https://www.twitch.tv/yamisamadesu,HOLD_NEEDS_CHANNEL_REVIEW,NO_REVIEWED_PLATFORM_ACCOUNT_ID,False
twitch:acct_40171c5800faf22522b7,twitch,,reiquasar0,https://www.twitch.tv/reiquasar0,HOLD_NEEDS_CHANNEL_REVIEW,NO_REVIEWED_PLATFORM_ACCOUNT_ID,False
twitch:acct_4033e7b75f8c798012d0,twitch,,Meltte,https://www.twitch.tv/meltte,HOLD_NEEDS_CHANNEL_REVIEW,NO_REVIEWED_PLATFORM_ACCOUNT_ID,False
twitch:acct_40370a1d3f1ad5408183,twitch,,castasia_vtuber,https://www.twitch.tv/castasia_vtuber,HOLD_NEEDS_CHANNEL_REVIEW,NO_REVIEWED_PLATFORM_ACCOUNT_ID,False
twitch:acct_40b28a7a3e46377dd3da,twitch,,Drewiskiy,https://twitch.tv/Drewiskiy,HOLD_NEEDS_CHANNEL_REVIEW,NO_REVIEWED_PLATFORM_ACCOUNT_ID,False
twitch:acct_41b0147e4b8843b5b0c3,twitch,,nancygimme2000,https://www.twitch.tv/nancygimme2000,HOLD_NEEDS_CHANNEL_REVIEW,NO_REVIEWED_PLATFORM_ACCOUNT_ID,False
twitch:acct_4239d5922e26ce966e1c,twitch,,rlanzshino,https://www.twitch.tv/rlanzshino,HOLD_NEEDS_CHANNEL_REVIEW,NO_REVIEWED_PLATFORM_ACCOUNT_ID,False
twitch:acct_4284d4c9ecf3f434b819,twitch,,TiwvySweety,https://www.twitch.tv/tiwvysweety,HOLD_NEEDS_CHANNEL_REVIEW,NO_REVIEWED_PLATFORM_ACCOUNT_ID,False
twitch:acct_439177dc1176b97c1196,twitch,,LynethTheRabbit,https://www.twitch.tv/lyneththerabbit,HOLD_NEEDS_CHANNEL_REVIEW,NO_REVIEWED_PLATFORM_ACCOUNT_ID,False
twitch:acct_439ff855aeed9c59304a,twitch,,walkytalky101101,https://www.twitch.tv/walkytalky101101,HOLD_NEEDS_CHANNEL_REVIEW,NO_REVIEWED_PLATFORM_ACCOUNT_ID,False
twitch:acct_43a2caeb6a68285f5c76,twitch,,xzephine,https://www.twitch.tv/xzephine,HOLD_NEEDS_CHANNEL_REVIEW,NO_REVIEWED_PLATFORM_ACCOUNT_ID,False
twitch:acct_43cd747831cc9642d65c,twitch,,walkytalky25748,https://www.twitch.tv/walkytalky25748,HOLD_NEEDS_CHANNEL_REVIEW,NO_REVIEWED_PLATFORM_ACCOUNT_ID,False
twitch:acct_44394d71be5151ee959f,twitch,,sharknoys,https://www.twitch.tv/sharknoys,HOLD_NEEDS_CHANNEL_REVIEW,NO_REVIEWED_PLATFORM_ACCOUNT_ID,False
twitch:acct_4454dff3107d6bf251b5,twitch,,moomoomilkmaid,https://www.twitch.tv/moomoomilkmaid,HOLD_NEEDS_CHANNEL_REVIEW,NO_REVIEWED_PLATFORM_ACCOUNT_ID,False
twitch:acct_446d28f43d61282ed20d,twitch,,ikkichannel,https://www.twitch.tv/ikkichannel,HOLD_NEEDS_CHANNEL_REVIEW,NO_REVIEWED_PLATFORM_ACCOUNT_ID,False
twitch:acct_448c4aa825dfcffc4aa2,twitch,,n1inq,https://www.twitch.tv/n1inq,HOLD_NEEDS_CHANNEL_REVIEW,NO_REVIEWED_PLATFORM_ACCOUNT_ID,False
twitch:acct_449125840dac5ec7ecff,twitch,,ryugaoldch,https://www.twitch.tv/ryugaoldch,HOLD_NEEDS_CHANNEL_REVIEW,NO_REVIEWED_PLATFORM_ACCOUNT_ID,False
twitch:acct_44fa99834c0c2982bbfe,twitch,,Fuyu Kaida,https://twitch.tv/fuyukaida,HOLD_NEEDS_CHANNEL_REVIEW,NO_REVIEWED_PLATFORM_ACCOUNT_ID,False
twitch:acct_4533a7c740cc323a69aa,twitch,,hennie2001,https://www.twitch.tv/hennie2001,HOLD_NEEDS_CHANNEL_REVIEW,NO_REVIEWED_PLATFORM_ACCOUNT_ID,False
twitch:acct_454aac704dd3ba4fc8d7,twitch,,SaiMaiZvtuberTH,https://www.twitch.tv/saimaizvtuberth,HOLD_NEEDS_CHANNEL_REVIEW,NO_REVIEWED_PLATFORM_ACCOUNT_ID,False
twitch:acct_4579cb7e6833dcc2107b,twitch,,aivtuber_ikuta,https://www.twitch.tv/aivtuber_ikuta,HOLD_NEEDS_CHANNEL_REVIEW,NO_REVIEWED_PLATFORM_ACCOUNT_ID,False
twitch:acct_45ad0e8152dae86e19da,twitch,,- Azuko - あずこ - Ch.,https://twitch.tv/azuko_98,HOLD_NEEDS_CHANNEL_REVIEW,NO_REVIEWED_PLATFORM_ACCOUNT_ID,False
twitch:acct_45e8d422ef2418e2c2f1,twitch,,Mirinku,https://www.twitch.tv/mirinku,HOLD_NEEDS_CHANNEL_REVIEW,NO_REVIEWED_PLATFORM_ACCOUNT_ID,False
twitch:acct_465e3bc05df1a644ef92,twitch,,penkaa0,https://www.twitch.tv/penkaa0,HOLD_NEEDS_CHANNEL_REVIEW,NO_REVIEWED_PLATFORM_ACCOUNT_ID,False
twitch:acct_467895b0356b3b414bf2,twitch,,psychopathchannel,https://www.twitch.tv/psychopathchannel,HOLD_NEEDS_CHANNEL_REVIEW,NO_REVIEWED_PLATFORM_ACCOUNT_ID,False
twitch:acct_46adb677c9756e69ace4,twitch,,nano_pks,https://www.twitch.tv/nano_pks,HOLD_NEEDS_CHANNEL_REVIEW,NO_REVIEWED_PLATFORM_ACCOUNT_ID,False
twitch:acct_46d3cdc4bf319dd53ef8,twitch,,Sojuu S.,https://twitch.tv/sojuusmiley,HOLD_NEEDS_CHANNEL_REVIEW,NO_REVIEWED_PLATFORM_ACCOUNT_ID,False
twitch:acct_47ac3e0f7b77fc2abb06,twitch,,Mononosodium_PRD,https://www.twitch.tv/mononosodium_prd,HOLD_NEEDS_CHANNEL_REVIEW,NO_REVIEWED_PLATFORM_ACCOUNT_ID,False
twitch:acct_47e542c53f64b3667a2c,twitch,,JJ_JorJor,https://www.twitch.tv/jj_jorjor,HOLD_NEEDS_CHANNEL_REVIEW,NO_REVIEWED_PLATFORM_ACCOUNT_ID,False
twitch:acct_487369c0fdcd70a026b1,twitch,,xonxeon,https://www.twitch.tv/xonxeon,HOLD_NEEDS_CHANNEL_REVIEW,NO_REVIEWED_PLATFORM_ACCOUNT_ID,False
twitch:acct_48937a57e16cade623c0,twitch,,JIRA123,https://www.twitch.tv/jira123,HOLD_NEEDS_CHANNEL_REVIEW,NO_REVIEWED_PLATFORM_ACCOUNT_ID,False
twitch:acct_48d49c9b3c934c8c54e2,twitch,,Punquix,https://www.twitch.tv/punquix,HOLD_NEEDS_CHANNEL_REVIEW,NO_REVIEWED_PLATFORM_ACCOUNT_ID,False
twitch:acct_48e6c1fb4c0a24e12621,twitch,,XenonPhanejohn,https://www.twitch.tv/xenonphanejohn,HOLD_NEEDS_CHANNEL_REVIEW,NO_REVIEWED_PLATFORM_ACCOUNT_ID,False
twitch:acct_499e535fcd235f676456,twitch,,elan_t,https://www.twitch.tv/elan_t,HOLD_NEEDS_CHANNEL_REVIEW,NO_REVIEWED_PLATFORM_ACCOUNT_ID,False
twitch:acct_49e479d0e4129c6f46e3,twitch,,Rui Kazu 《 EXia 》,https://twitch.tv/rui_kazu,HOLD_NEEDS_CHANNEL_REVIEW,NO_REVIEWED_PLATFORM_ACCOUNT_ID,False
twitch:acct_49f983186e923cc64cc2,twitch,,dragoooona,https://www.twitch.tv/dragoooona,HOLD_NEEDS_CHANNEL_REVIEW,NO_REVIEWED_PLATFORM_ACCOUNT_ID,False
twitch:acct_4a3f4335d77c8df22b00,twitch,,chisana_suigyu,https://www.twitch.tv/chisana_suigyu,HOLD_NEEDS_CHANNEL_REVIEW,NO_REVIEWED_PLATFORM_ACCOUNT_ID,False
twitch:acct_4a97e910849b91268255,twitch,,SHARKYCHANIS,https://www.twitch.tv/sharkychanis,HOLD_NEEDS_CHANNEL_REVIEW,NO_REVIEWED_PLATFORM_ACCOUNT_ID,False
twitch:acct_4ad5c029f10a82dce21d,twitch,,risainbloom,https://www.twitch.tv/risainbloom,HOLD_NEEDS_CHANNEL_REVIEW,NO_REVIEWED_PLATFORM_ACCOUNT_ID,False
twitch:acct_4afae3fbf1791da30788,twitch,,penelopepinkch,https://www.twitch.tv/penelopepinkch,HOLD_NEEDS_CHANNEL_REVIEW,NO_REVIEWED_PLATFORM_ACCOUNT_ID,False
twitch:acct_4b07bf0592fa714d4ced,twitch,,satachan23,https://www.twitch.tv/satachan23,HOLD_NEEDS_CHANNEL_REVIEW,NO_REVIEWED_PLATFORM_ACCOUNT_ID,False
twitch:acct_4b845d27e353858380b4,twitch,,BabyThunderS,https://www.twitch.tv/babythunders,HOLD_NEEDS_CHANNEL_REVIEW,NO_REVIEWED_PLATFORM_ACCOUNT_ID,False
twitch:acct_4b9ecf9b41af2d90d5c9,twitch,,rikusoyju,https://www.twitch.tv/rikusoyju,HOLD_NEEDS_CHANNEL_REVIEW,NO_REVIEWED_PLATFORM_ACCOUNT_ID,False
twitch:acct_4bf4d8b7150c2e9ecd9e,twitch,,peepeepoopcat,https://www.twitch.tv/peepeepoopcat,HOLD_NEEDS_CHANNEL_REVIEW,NO_REVIEWED_PLATFORM_ACCOUNT_ID,False
twitch:acct_4c9459516f53d1724929,twitch,,chitanekochi,https://www.twitch.tv/chitanekochi,HOLD_NEEDS_CHANNEL_REVIEW,NO_REVIEWED_PLATFORM_ACCOUNT_ID,False
twitch:acct_4d2d3814928289f0ec04,twitch,,icedragooooon,https://www.twitch.tv/icedragooooon,HOLD_NEEDS_CHANNEL_REVIEW,NO_REVIEWED_PLATFORM_ACCOUNT_ID,False
twitch:acct_4d373b9ea8cd18bb977c,twitch,,sSolarly,https://www.twitch.tv/ssolarly,HOLD_NEEDS_CHANNEL_REVIEW,NO_REVIEWED_PLATFORM_ACCOUNT_ID,False
twitch:acct_4d73378dcf5065794c37,twitch,,MaewLham,https://www.twitch.tv/maewlham,HOLD_NEEDS_CHANNEL_REVIEW,NO_REVIEWED_PLATFORM_ACCOUNT_ID,False
twitch:acct_4dd6f3aa00c350f8eaa1,twitch,,NameNemiCh,https://www.twitch.tv/namenemich,HOLD_NEEDS_CHANNEL_REVIEW,NO_REVIEWED_PLATFORM_ACCOUNT_ID,False
twitch:acct_4deaf54608b998b8f85f,twitch,,meilin_vtuber,https://www.twitch.tv/meilin_vtuber,HOLD_NEEDS_CHANNEL_REVIEW,NO_REVIEWED_PLATFORM_ACCOUNT_ID,False
twitch:acct_4df06c520d59f7f9affd,twitch,,merrykomori,https://www.twitch.tv/merrykomori,HOLD_NEEDS_CHANNEL_REVIEW,NO_REVIEWED_PLATFORM_ACCOUNT_ID,False
twitch:acct_4df6c533225731d335e4,twitch,,LamuOfficials,https://www.twitch.tv/lamuofficials,HOLD_NEEDS_CHANNEL_REVIEW,NO_REVIEWED_PLATFORM_ACCOUNT_ID,False
twitch:acct_4df723b833841b89f9d5,twitch,,aenelhz,https://www.twitch.tv/aenelhz,HOLD_NEEDS_CHANNEL_REVIEW,NO_REVIEWED_PLATFORM_ACCOUNT_ID,False
twitch:acct_4dfac53782888b18a19d,twitch,,mayu_ix,https://www.twitch.tv/mayu_ix,HOLD_NEEDS_CHANNEL_REVIEW,NO_REVIEWED_PLATFORM_ACCOUNT_ID,False
twitch:acct_4e175c1328414895c30f,twitch,,Ichiibal_Sage,https://www.twitch.tv/ichiibal_sage,HOLD_NEEDS_CHANNEL_REVIEW,NO_REVIEWED_PLATFORM_ACCOUNT_ID,False
twitch:acct_4e3e837b705577b9711f,twitch,,orabell18,https://www.twitch.tv/orabell18,HOLD_NEEDS_CHANNEL_REVIEW,NO_REVIEWED_PLATFORM_ACCOUNT_ID,False
twitch:acct_4e87e3fdb878ae4dcc92,twitch,,KorkusreuZ_SchwarzDargneZ,https://www.twitch.tv/korkusreuz_schwarzdargnez,HOLD_NEEDS_CHANNEL_REVIEW,NO_REVIEWED_PLATFORM_ACCOUNT_ID,False
twitch:acct_4ea700877c5c799a97b1,twitch,,kurisumasu_,https://www.twitch.tv/kurisumasu_,HOLD_NEEDS_CHANNEL_REVIEW,NO_REVIEWED_PLATFORM_ACCOUNT_ID,False
twitch:acct_4ed519854245bc5da461,twitch,,sn0w_fa11ing,https://www.twitch.tv/sn0w_fa11ing,HOLD_NEEDS_CHANNEL_REVIEW,NO_REVIEWED_PLATFORM_ACCOUNT_ID,False
twitch:acct_4ef0a92882628aebe2c8,twitch,,ixcheloxo,https://www.twitch.tv/ixcheloxo,HOLD_NEEDS_CHANNEL_REVIEW,NO_REVIEWED_PLATFORM_ACCOUNT_ID,False
twitch:acct_4f6262a84447c55e92b4,twitch,,midnightafterdark,https://www.twitch.tv/midnightafterdark,HOLD_NEEDS_CHANNEL_REVIEW,NO_REVIEWED_PLATFORM_ACCOUNT_ID,False
twitch:acct_501522d9df9bca9e556e,twitch,,Goozilla Ily Ch. [Autumnia],https://www.twitch.tv/goozilla_ily,HOLD_NEEDS_CHANNEL_REVIEW,NO_REVIEWED_PLATFORM_ACCOUNT_ID,False
twitch:acct_50698baa094b66e442ab,twitch,,theeveghosty,https://www.twitch.tv/theeveghosty,HOLD_NEEDS_CHANNEL_REVIEW,NO_REVIEWED_PLATFORM_ACCOUNT_ID,False
twitch:acct_507e27d2b141c665ff05,twitch,,ToraSunday,https://www.twitch.tv/torasunday,HOLD_NEEDS_CHANNEL_REVIEW,NO_REVIEWED_PLATFORM_ACCOUNT_ID,False
twitch:acct_50b319299488faed9b71,twitch,,cecilepenelopepinto72886,https://www.twitch.tv/cecilepenelopepinto72886,HOLD_NEEDS_CHANNEL_REVIEW,NO_REVIEWED_PLATFORM_ACCOUNT_ID,False
twitch:acct_50e8d0e235331e99dd85,twitch,,TheDollTales,https://www.twitch.tv/thedolltales,HOLD_NEEDS_CHANNEL_REVIEW,NO_REVIEWED_PLATFORM_ACCOUNT_ID,False
twitch:acct_510a8254f1e52c38ccd2,twitch,,willow_st,https://www.twitch.tv/willow_st,HOLD_NEEDS_CHANNEL_REVIEW,NO_REVIEWED_PLATFORM_ACCOUNT_ID,False
twitch:acct_51b93ca4d5ce8d503a1b,twitch,,AsagiMami,https://www.twitch.tv/asagimami,HOLD_NEEDS_CHANNEL_REVIEW,NO_REVIEWED_PLATFORM_ACCOUNT_ID,False
twitch:acct_51c2ca0ac0a7cf2aa624,twitch,,그래프속에서죽는다,https://www.twitch.tv/oita,HOLD_NEEDS_CHANNEL_REVIEW,NO_REVIEWED_PLATFORM_ACCOUNT_ID,False
twitch:acct_51eeda4af4cec92cb1d1,twitch,,itselicen,https://www.twitch.tv/itselicen,HOLD_NEEDS_CHANNEL_REVIEW,NO_REVIEWED_PLATFORM_ACCOUNT_ID,False
twitch:acct_521d6f687bfaeb8fc71e,twitch,,Hajikeru_Lee,https://www.twitch.tv/hajikeru_lee,HOLD_NEEDS_CHANNEL_REVIEW,NO_REVIEWED_PLATFORM_ACCOUNT_ID,False
twitch:acct_525f235da4a50a716c08,twitch,,Midori_Suikaaa,https://www.twitch.tv/midori_suikaaa,HOLD_NEEDS_CHANNEL_REVIEW,NO_REVIEWED_PLATFORM_ACCOUNT_ID,False
twitch:acct_52608c3b057b01928633,twitch,,nana_vtuberth,https://www.twitch.tv/nana_vtuberth,HOLD_NEEDS_CHANNEL_REVIEW,NO_REVIEWED_PLATFORM_ACCOUNT_ID,False
twitch:acct_526709eb900e8d38b57f,twitch,,carifo_1991,https://www.twitch.tv/carifo_1991,HOLD_NEEDS_CHANNEL_REVIEW,NO_REVIEWED_PLATFORM_ACCOUNT_ID,False
twitch:acct_527aca855523636aa17c,twitch,,kuraivtuber,https://www.twitch.tv/kuraivtuber,HOLD_NEEDS_CHANNEL_REVIEW,NO_REVIEWED_PLATFORM_ACCOUNT_ID,False
twitch:acct_52d10126dbe22888fbe5,twitch,,heidiheiter,https://www.twitch.tv/heidiheiter,HOLD_NEEDS_CHANNEL_REVIEW,NO_REVIEWED_PLATFORM_ACCOUNT_ID,False
twitch:acct_5311594c87b7cb3add9f,twitch,,rubellus_remis,https://www.twitch.tv/rubellus_remis,HOLD_NEEDS_CHANNEL_REVIEW,NO_REVIEWED_PLATFORM_ACCOUNT_ID,False
twitch:acct_53e23414a6ca510747e3,twitch,,AriziaV,https://www.twitch.tv/ariziav,HOLD_NEEDS_CHANNEL_REVIEW,NO_REVIEWED_PLATFORM_ACCOUNT_ID,False
twitch:acct_541a563fa18745f68baf,twitch,,y0tchi,https://www.twitch.tv/y0tchi,HOLD_NEEDS_CHANNEL_REVIEW,NO_REVIEWED_PLATFORM_ACCOUNT_ID,False
twitch:acct_5453b8b03e79bbd8d2a9,twitch,,puipuimemory,https://www.twitch.tv/puipuimemory,HOLD_NEEDS_CHANNEL_REVIEW,NO_REVIEWED_PLATFORM_ACCOUNT_ID,False
twitch:acct_547e4af9f38b8f969869,twitch,,victorrrrrhn,https://www.twitch.tv/victorrrrrhn,HOLD_NEEDS_CHANNEL_REVIEW,NO_REVIEWED_PLATFORM_ACCOUNT_ID,False
twitch:acct_54ee5b417265666e6303,twitch,,Aikon_st,https://www.twitch.tv/aikon_st,HOLD_NEEDS_CHANNEL_REVIEW,NO_REVIEWED_PLATFORM_ACCOUNT_ID,False
twitch:acct_55344c80444a0270f1a8,twitch,,crazyghsot,https://www.twitch.tv/crazyghsot,HOLD_NEEDS_CHANNEL_REVIEW,NO_REVIEWED_PLATFORM_ACCOUNT_ID,False
twitch:acct_5664e5283e51403bbcc1,twitch,,Sharky404_Zen,https://www.twitch.tv/sharky404_zen,HOLD_NEEDS_CHANNEL_REVIEW,NO_REVIEWED_PLATFORM_ACCOUNT_ID,False
twitch:acct_56947f0dc421e5f6c2d3,twitch,,una__vtuber_,https://www.twitch.tv/una__vtuber_,HOLD_NEEDS_CHANNEL_REVIEW,NO_REVIEWED_PLATFORM_ACCOUNT_ID,False
twitch:acct_569cb57ee77da81f468a,twitch,,FrozyForry,https://www.twitch.tv/frozyforry,HOLD_NEEDS_CHANNEL_REVIEW,NO_REVIEWED_PLATFORM_ACCOUNT_ID,False
twitch:acct_5784e30be2e9c927da86,twitch,,DrakoNyaMio,https://www.twitch.tv/drakonyamio,HOLD_NEEDS_CHANNEL_REVIEW,NO_REVIEWED_PLATFORM_ACCOUNT_ID,False
twitch:acct_5837cf0ecc6901385c72,twitch,,KarrotVonBun,https://www.twitch.tv/karrotvonbun,HOLD_NEEDS_CHANNEL_REVIEW,NO_REVIEWED_PLATFORM_ACCOUNT_ID,False
twitch:acct_5842922f323f0cace6a4,twitch,,Lattemelo,https://www.twitch.tv/lattemelo,HOLD_NEEDS_CHANNEL_REVIEW,NO_REVIEWED_PLATFORM_ACCOUNT_ID,False
twitch:acct_5851db5c75144b9960a2,twitch,,Daiji_OTL,https://www.twitch.tv/daiji_otl,HOLD_NEEDS_CHANNEL_REVIEW,NO_REVIEWED_PLATFORM_ACCOUNT_ID,False
twitch:acct_585f09c1ff907abab6ef,twitch,,Doublequill_TINY,https://www.twitch.tv/doublequill_tiny,HOLD_NEEDS_CHANNEL_REVIEW,NO_REVIEWED_PLATFORM_ACCOUNT_ID,False
twitch:acct_58c80e96baf1af248afd,twitch,,Aozora_Sukai,https://www.twitch.tv/aozora_sukai,HOLD_NEEDS_CHANNEL_REVIEW,NO_REVIEWED_PLATFORM_ACCOUNT_ID,False
twitch:acct_59288c4b6e725d16ed4c,twitch,,s_pcher,https://www.twitch.tv/s_pcher,HOLD_NEEDS_CHANNEL_REVIEW,NO_REVIEWED_PLATFORM_ACCOUNT_ID,False
twitch:acct_5a2a6820662ded5c80b0,twitch,,xemuofficial,https://www.twitch.tv/xemuofficial,HOLD_NEEDS_CHANNEL_REVIEW,NO_REVIEWED_PLATFORM_ACCOUNT_ID,False
twitch:acct_5a3daf1d37162d0d59ef,twitch,,babyei_eichan,https://www.twitch.tv/babyei_eichan,HOLD_NEEDS_CHANNEL_REVIEW,NO_REVIEWED_PLATFORM_ACCOUNT_ID,False
twitch:acct_5a81f5d2f73fb74e67a9,twitch,,theclumsynoob,https://www.twitch.tv/theclumsynoob,HOLD_NEEDS_CHANNEL_REVIEW,NO_REVIEWED_PLATFORM_ACCOUNT_ID,False
twitch:acct_5aa2f2f06499ff6a85e6,twitch,,Jiminelzz,https://www.twitch.tv/jiminelzz,HOLD_NEEDS_CHANNEL_REVIEW,NO_REVIEWED_PLATFORM_ACCOUNT_ID,False
twitch:acct_5aac3a46f5a5495dba4e,twitch,,AisuAndKurimu,https://www.twitch.tv/aisuandkurimu,HOLD_NEEDS_CHANNEL_REVIEW,NO_REVIEWED_PLATFORM_ACCOUNT_ID,False
twitch:acct_5ac31edf361e59f3ada2,twitch,,Elleusia,https://www.twitch.tv/elleusia,HOLD_NEEDS_CHANNEL_REVIEW,NO_REVIEWED_PLATFORM_ACCOUNT_ID,False
twitch:acct_5b05647f5575c5473b57,twitch,,GrisPanthera,https://www.twitch.tv/grispanthera,HOLD_NEEDS_CHANNEL_REVIEW,NO_REVIEWED_PLATFORM_ACCOUNT_ID,False
twitch:acct_5b569e6a774e0ebb1f6a,twitch,,ricotta_arp,https://www.twitch.tv/ricotta_arp,HOLD_NEEDS_CHANNEL_REVIEW,NO_REVIEWED_PLATFORM_ACCOUNT_ID,False
twitch:acct_5b58db873530218921ad,twitch,,Altair_AlAl,https://www.twitch.tv/altair_alal,HOLD_NEEDS_CHANNEL_REVIEW,NO_REVIEWED_PLATFORM_ACCOUNT_ID,False
twitch:acct_5c73254d14b993e5c92f,twitch,,Majolic_,https://www.twitch.tv/majolic_,HOLD_NEEDS_CHANNEL_REVIEW,NO_REVIEWED_PLATFORM_ACCOUNT_ID,False
twitch:acct_5c86df3cc59da663ee3b,twitch,,nonokochika,https://www.twitch.tv/nonokochika,HOLD_NEEDS_CHANNEL_REVIEW,NO_REVIEWED_PLATFORM_ACCOUNT_ID,False
twitch:acct_5c959dfc43851e964188,twitch,,Maaguuro,https://www.twitch.tv/maaguuro,HOLD_NEEDS_CHANNEL_REVIEW,NO_REVIEWED_PLATFORM_ACCOUNT_ID,False
twitch:acct_5ccf3d3489d7a17d46ef,twitch,,nongmamuang23,https://www.twitch.tv/nongmamuang23,HOLD_NEEDS_CHANNEL_REVIEW,NO_REVIEWED_PLATFORM_ACCOUNT_ID,False
twitch:acct_5cf3fae1e70e0948513e,twitch,,qbbee_,https://www.twitch.tv/qbbee_,HOLD_NEEDS_CHANNEL_REVIEW,NO_REVIEWED_PLATFORM_ACCOUNT_ID,False
twitch:acct_5d5abad981ab17203de6,twitch,,ZukoZyx,https://www.twitch.tv/zukozyx,HOLD_NEEDS_CHANNEL_REVIEW,NO_REVIEWED_PLATFORM_ACCOUNT_ID,False
twitch:acct_5da1e67457eef56569b3,twitch,,melinoir_th,https://www.twitch.tv/melinoir_th,HOLD_NEEDS_CHANNEL_REVIEW,NO_REVIEWED_PLATFORM_ACCOUNT_ID,False
twitch:acct_5da67910d3314d003a0d,twitch,,AlanCreation,https://www.twitch.tv/alancreation,HOLD_NEEDS_CHANNEL_REVIEW,NO_REVIEWED_PLATFORM_ACCOUNT_ID,False
twitch:acct_5e04209e881a52fa1369,twitch,,yuneschan,https://www.twitch.tv/yuneschan,HOLD_NEEDS_CHANNEL_REVIEW,NO_REVIEWED_PLATFORM_ACCOUNT_ID,False
twitch:acct_5e53da36365ef969613f,twitch,,TAkumaREI007,https://www.twitch.tv/takumarei007,HOLD_NEEDS_CHANNEL_REVIEW,NO_REVIEWED_PLATFORM_ACCOUNT_ID,False
twitch:acct_5efe5a0997885ab4c91e,twitch,,trashythemeow,https://www.twitch.tv/trashythemeow,HOLD_NEEDS_CHANNEL_REVIEW,NO_REVIEWED_PLATFORM_ACCOUNT_ID,False
twitch:acct_5f0310eeddc6c23873a7,twitch,,Salizius,https://www.twitch.tv/salizius,HOLD_NEEDS_CHANNEL_REVIEW,NO_REVIEWED_PLATFORM_ACCOUNT_ID,False
twitch:acct_5f12c03a3507e052ec94,twitch,,camelliameilleur,https://www.twitch.tv/camelliameilleur,HOLD_NEEDS_CHANNEL_REVIEW,NO_REVIEWED_PLATFORM_ACCOUNT_ID,False
twitch:acct_5faf83fc253d05e9697d,twitch,,AytheraVT,https://www.twitch.tv/aytheravt,HOLD_NEEDS_CHANNEL_REVIEW,NO_REVIEWED_PLATFORM_ACCOUNT_ID,False
twitch:acct_60f62bcfb3e9b1453b99,twitch,,elsenia_volentia,https://www.twitch.tv/elsenia_volentia,HOLD_NEEDS_CHANNEL_REVIEW,NO_REVIEWED_PLATFORM_ACCOUNT_ID,False
twitch:acct_613d2d3a4a3cbf19af7b,twitch,,yyoruu,https://www.twitch.tv/yyoruu,HOLD_NEEDS_CHANNEL_REVIEW,NO_REVIEWED_PLATFORM_ACCOUNT_ID,False
twitch:acct_6144037f629d5aab3ae8,twitch,,dttodot,https://www.twitch.tv/dttodot,HOLD_NEEDS_CHANNEL_REVIEW,NO_REVIEWED_PLATFORM_ACCOUNT_ID,False
twitch:acct_6154071ea045fd4eb90a,twitch,,akira_sorasei,https://www.twitch.tv/akira_sorasei,HOLD_NEEDS_CHANNEL_REVIEW,NO_REVIEWED_PLATFORM_ACCOUNT_ID,False
twitch:acct_61687ed04a0bd41ffb5c,twitch,,KaylefOrion,https://www.twitch.tv/kayleforion,HOLD_NEEDS_CHANNEL_REVIEW,NO_REVIEWED_PLATFORM_ACCOUNT_ID,False
twitch:acct_61915bc3fcdcbde8a84f,twitch,,neshi_cat,https://www.twitch.tv/neshi_cat,HOLD_NEEDS_CHANNEL_REVIEW,NO_REVIEWED_PLATFORM_ACCOUNT_ID,False
twitch:acct_61c9d4356b686cf6fea0,twitch,,jayz_vouch,https://www.twitch.tv/jayz_vouch,HOLD_NEEDS_CHANNEL_REVIEW,NO_REVIEWED_PLATFORM_ACCOUNT_ID,False
twitch:acct_6227d6dd7694d6439a16,twitch,,yuikami,https://www.twitch.tv/yuikami,HOLD_NEEDS_CHANNEL_REVIEW,NO_REVIEWED_PLATFORM_ACCOUNT_ID,False
twitch:acct_624f621bd6cc4de7387c,twitch,,Akatsuki_Yashiro,https://www.twitch.tv/akatsuki_yashiro,HOLD_NEEDS_CHANNEL_REVIEW,NO_REVIEWED_PLATFORM_ACCOUNT_ID,False
twitch:acct_625776e0aaff2fb36eaa,twitch,,yumiiko_95,https://www.twitch.tv/yumiiko_95,HOLD_NEEDS_CHANNEL_REVIEW,NO_REVIEWED_PLATFORM_ACCOUNT_ID,False
twitch:acct_628e2cbefc07106fa4dd,twitch,,bdy_baddie,https://www.twitch.tv/bdy_baddie,HOLD_NEEDS_CHANNEL_REVIEW,NO_REVIEWED_PLATFORM_ACCOUNT_ID,False
twitch:acct_63082a143c82a1b0965b,twitch,,sapphire_mem,https://www.twitch.tv/sapphire_mem,HOLD_NEEDS_CHANNEL_REVIEW,NO_REVIEWED_PLATFORM_ACCOUNT_ID,False
twitch:acct_63323ea411da587fd0a1,twitch,,zutraelle,https://www.twitch.tv/zutraelle,HOLD_NEEDS_CHANNEL_REVIEW,NO_REVIEWED_PLATFORM_ACCOUNT_ID,False
twitch:acct_63931a71532ff4ebc672,twitch,,aivtuber_yono,https://www.twitch.tv/aivtuber_yono,HOLD_NEEDS_CHANNEL_REVIEW,NO_REVIEWED_PLATFORM_ACCOUNT_ID,False
twitch:acct_63b4340c6614278eaaf2,twitch,,kiku_himegu,https://www.twitch.tv/kiku_himegu,HOLD_NEEDS_CHANNEL_REVIEW,NO_REVIEWED_PLATFORM_ACCOUNT_ID,False
twitch:acct_63be3779996c5f2b31fd,twitch,,mallow_ham,https://www.twitch.tv/mallow_ham,HOLD_NEEDS_CHANNEL_REVIEW,NO_REVIEWED_PLATFORM_ACCOUNT_ID,False
twitch:acct_63c361e8587ccffccd3a,twitch,,FL_FirstsLove,https://www.twitch.tv/fl_firstslove,HOLD_NEEDS_CHANNEL_REVIEW,NO_REVIEWED_PLATFORM_ACCOUNT_ID,False
twitch:acct_63c7a369a97480eb244e,twitch,,okami_hito,https://www.twitch.tv/okami_hito,HOLD_NEEDS_CHANNEL_REVIEW,NO_REVIEWED_PLATFORM_ACCOUNT_ID,False
twitch:acct_6401b8b554b2b14629c3,twitch,,memeawwww,https://www.twitch.tv/memeawwww,HOLD_NEEDS_CHANNEL_REVIEW,NO_REVIEWED_PLATFORM_ACCOUNT_ID,False
twitch:acct_640c73b93a86614161b0,twitch,,subs,https://www.twitch.tv/subs/Kurisumasu_,HOLD_NEEDS_CHANNEL_REVIEW,NO_REVIEWED_PLATFORM_ACCOUNT_ID,False
twitch:acct_6419ae67136570a0b810,twitch,,Enryu_Horus,https://www.twitch.tv/enryu_horus,HOLD_NEEDS_CHANNEL_REVIEW,NO_REVIEWED_PLATFORM_ACCOUNT_ID,False
twitch:acct_6421569c3ebbe4c836f1,twitch,,althena_mqn,https://www.twitch.tv/althena_mqn,HOLD_NEEDS_CHANNEL_REVIEW,NO_REVIEWED_PLATFORM_ACCOUNT_ID,False
twitch:acct_646088d043d13b70e1a6,twitch,,millou_uu,https://www.twitch.tv/millou_uu,HOLD_NEEDS_CHANNEL_REVIEW,NO_REVIEWED_PLATFORM_ACCOUNT_ID,False
twitch:acct_65333537d376c1db27e3,twitch,,X_ZiLVA,https://www.twitch.tv/x_zilva,HOLD_NEEDS_CHANNEL_REVIEW,NO_REVIEWED_PLATFORM_ACCOUNT_ID,False
twitch:acct_6579f198e2fdc3a7a4e4,twitch,,PanBiBi,https://www.twitch.tv/panbibi,HOLD_NEEDS_CHANNEL_REVIEW,NO_REVIEWED_PLATFORM_ACCOUNT_ID,False
twitch:acct_65e1dddf007a138b36d3,twitch,,Racyena,https://www.twitch.tv/racyena,HOLD_NEEDS_CHANNEL_REVIEW,NO_REVIEWED_PLATFORM_ACCOUNT_ID,False
twitch:acct_65f13303be265dc471d9,twitch,,arisu443,https://www.twitch.tv/arisu443,HOLD_NEEDS_CHANNEL_REVIEW,NO_REVIEWED_PLATFORM_ACCOUNT_ID,False
twitch:acct_66653ebf41a64878bb37,twitch,,TaenaKUB,https://www.twitch.tv/taenakub,HOLD_NEEDS_CHANNEL_REVIEW,NO_REVIEWED_PLATFORM_ACCOUNT_ID,False
twitch:acct_6677a037381230261f63,twitch,,In0suke,https://www.twitch.tv/in0suke,HOLD_NEEDS_CHANNEL_REVIEW,NO_REVIEWED_PLATFORM_ACCOUNT_ID,False
twitch:acct_668de1b074158ff8636d,twitch,,phurhii,https://www.twitch.tv/phurhii,HOLD_NEEDS_CHANNEL_REVIEW,NO_REVIEWED_PLATFORM_ACCOUNT_ID,False
twitch:acct_66a6da03fbfadec4affc,twitch,,ru_kidd,https://www.twitch.tv/ru_kidd,HOLD_NEEDS_CHANNEL_REVIEW,NO_REVIEWED_PLATFORM_ACCOUNT_ID,False
twitch:acct_67c354169c7c40ef83ac,twitch,,AlyssaSeraphina,https://www.twitch.tv/alyssaseraphina,HOLD_NEEDS_CHANNEL_REVIEW,NO_REVIEWED_PLATFORM_ACCOUNT_ID,False
twitch:acct_67cb5decf339b4b6921e,twitch,,poychan,https://www.twitch.tv/poychan,HOLD_NEEDS_CHANNEL_REVIEW,NO_REVIEWED_PLATFORM_ACCOUNT_ID,False
twitch:acct_67fc1e67e9894d854856,twitch,,BiOM4NzZ,https://www.twitch.tv/biom4nzz,HOLD_NEEDS_CHANNEL_REVIEW,NO_REVIEWED_PLATFORM_ACCOUNT_ID,False
twitch:acct_68b884f2427a71bb2f4a,twitch,,maewmon25,https://www.twitch.tv/maewmon25,HOLD_NEEDS_CHANNEL_REVIEW,NO_REVIEWED_PLATFORM_ACCOUNT_ID,False
twitch:acct_68ba2fc43218dfb22f05,twitch,,softcreamzx,https://www.twitch.tv/softcreamzx,HOLD_NEEDS_CHANNEL_REVIEW,NO_REVIEWED_PLATFORM_ACCOUNT_ID,False
twitch:acct_68ee44cdec66ab07473a,twitch,,whanyenjiab,https://www.twitch.tv/whanyenjiab,HOLD_NEEDS_CHANNEL_REVIEW,NO_REVIEWED_PLATFORM_ACCOUNT_ID,False
twitch:acct_693e0c1a4a66d78c38c2,twitch,,bughaginhuamung,https://www.twitch.tv/bughaginhuamung,HOLD_NEEDS_CHANNEL_REVIEW,NO_REVIEWED_PLATFORM_ACCOUNT_ID,False
twitch:acct_69cac6392acafa8458ad,twitch,,AnnissaTiana,https://www.twitch.tv/annissatiana,HOLD_NEEDS_CHANNEL_REVIEW,NO_REVIEWED_PLATFORM_ACCOUNT_ID,False
twitch:acct_69d41ed57148c01c985e,twitch,,AstreaASTR,https://www.twitch.tv/astreaastr,HOLD_NEEDS_CHANNEL_REVIEW,NO_REVIEWED_PLATFORM_ACCOUNT_ID,False
twitch:acct_69f2d5b29b30904c35a5,twitch,,ElbrynBoo,https://www.twitch.tv/elbrynboo,HOLD_NEEDS_CHANNEL_REVIEW,NO_REVIEWED_PLATFORM_ACCOUNT_ID,False
twitch:acct_69fbbcd52a1359d4ed16,twitch,,BengalActual,https://www.twitch.tv/bengalactual,HOLD_NEEDS_CHANNEL_REVIEW,NO_REVIEWED_PLATFORM_ACCOUNT_ID,False
twitch:acct_6a3e1c4685e37f4b068e,twitch,,Dalinjumora,https://www.twitch.tv/dalinjumora,HOLD_NEEDS_CHANNEL_REVIEW,NO_REVIEWED_PLATFORM_ACCOUNT_ID,False
twitch:acct_6a70fa5e988147400e8a,twitch,,PondChanCH,https://www.twitch.tv/pondchanch,HOLD_NEEDS_CHANNEL_REVIEW,NO_REVIEWED_PLATFORM_ACCOUNT_ID,False
twitch:acct_6aafeed3277b7799d8f9,twitch,,hellsinki_o,https://www.twitch.tv/hellsinki_o,HOLD_NEEDS_CHANNEL_REVIEW,NO_REVIEWED_PLATFORM_ACCOUNT_ID,False
twitch:acct_6b2dca80dfd642a55a1b,twitch,,AiiNE_RR,https://www.twitch.tv/aiine_rr,HOLD_NEEDS_CHANNEL_REVIEW,NO_REVIEWED_PLATFORM_ACCOUNT_ID,False
twitch:acct_6b53b5b209bced44df49,twitch,,HO07RI,https://www.twitch.tv/ho07ri,HOLD_NEEDS_CHANNEL_REVIEW,NO_REVIEWED_PLATFORM_ACCOUNT_ID,False
twitch:acct_6b9d6eadb9eb8d6067e0,twitch,,reva_regaliaast,https://twitch.tv/reva_regaliaast/home?tt_content=channel&tt_medium=mobile_web_share,HOLD_NEEDS_CHANNEL_REVIEW,NO_REVIEWED_PLATFORM_ACCOUNT_ID,False
twitch:acct_6bb62bb6626ab15d5b33,twitch,,iMewMiu,https://www.twitch.tv/imewmiu,HOLD_NEEDS_CHANNEL_REVIEW,NO_REVIEWED_PLATFORM_ACCOUNT_ID,False
twitch:acct_6c4eea7347785627bbeb,twitch,,lanevtuber,https://www.twitch.tv/lanevtuber,HOLD_NEEDS_CHANNEL_REVIEW,NO_REVIEWED_PLATFORM_ACCOUNT_ID,False
twitch:acct_6c52e7f94fd5b0bd27b8,twitch,,Laurie_Blisse,https://www.twitch.tv/laurie_blisse,HOLD_NEEDS_CHANNEL_REVIEW,NO_REVIEWED_PLATFORM_ACCOUNT_ID,False
twitch:acct_6cc417aa643da73334b5,twitch,,rinwest,https://www.twitch.tv/rinwest,HOLD_NEEDS_CHANNEL_REVIEW,NO_REVIEWED_PLATFORM_ACCOUNT_ID,False
twitch:acct_6cd90a4d34964710e8e5,twitch,,dragoooon420,https://www.twitch.tv/dragoooon420,HOLD_NEEDS_CHANNEL_REVIEW,NO_REVIEWED_PLATFORM_ACCOUNT_ID,False
twitch:acct_6d5c82584dfd2d4f86e2,twitch,,HAO12i,https://www.twitch.tv/hao12i,HOLD_NEEDS_CHANNEL_REVIEW,NO_REVIEWED_PLATFORM_ACCOUNT_ID,False
twitch:acct_6d7b2331805c07d1dc66,twitch,,dragoooon_xd,https://www.twitch.tv/dragoooon_xd,HOLD_NEEDS_CHANNEL_REVIEW,NO_REVIEWED_PLATFORM_ACCOUNT_ID,False
twitch:acct_6db70544c20defdb95a0,twitch,,inumaru_atsuki,https://www.twitch.tv/inumaru_atsuki,HOLD_NEEDS_CHANNEL_REVIEW,NO_REVIEWED_PLATFORM_ACCOUNT_ID,False
twitch:acct_6dba4dd1ef6359b0225d,twitch,,potia_vtuth,https://www.twitch.tv/potia_vtuth,HOLD_NEEDS_CHANNEL_REVIEW,NO_REVIEWED_PLATFORM_ACCOUNT_ID,False
twitch:acct_6dc9bb57348811b32ead,twitch,,zerobusterxz,https://www.twitch.tv/zerobusterxz,HOLD_NEEDS_CHANNEL_REVIEW,NO_REVIEWED_PLATFORM_ACCOUNT_ID,False
twitch:acct_6e300485dc516cb93d30,twitch,,bobdontlikebroccoli,https://www.twitch.tv/bobdontlikebroccoli,HOLD_NEEDS_CHANNEL_REVIEW,NO_REVIEWED_PLATFORM_ACCOUNT_ID,False
twitch:acct_6f571c5874ef7fa9e83d,twitch,,fusuiforry,https://www.twitch.tv/fusuiforry,HOLD_NEEDS_CHANNEL_REVIEW,NO_REVIEWED_PLATFORM_ACCOUNT_ID,False
twitch:acct_6f660eb87231fa00c3da,twitch,,MaoguiGhostCat,https://www.twitch.tv/maoguighostcat,HOLD_NEEDS_CHANNEL_REVIEW,NO_REVIEWED_PLATFORM_ACCOUNT_ID,False
twitch:acct_6f809eeec0576b38c660,twitch,,zandy31a,https://www.twitch.tv/zandy31a,HOLD_NEEDS_CHANNEL_REVIEW,NO_REVIEWED_PLATFORM_ACCOUNT_ID,False
twitch:acct_703cf6ee35c6905803d4,twitch,,Praifahz,https://www.twitch.tv/praifahz,HOLD_NEEDS_CHANNEL_REVIEW,NO_REVIEWED_PLATFORM_ACCOUNT_ID,False
twitch:acct_704d90014c1d0effd6b2,twitch,,Clairederier,https://www.twitch.tv/clairederier,HOLD_NEEDS_CHANNEL_REVIEW,NO_REVIEWED_PLATFORM_ACCOUNT_ID,False
twitch:acct_709b689fe5902ebf6a0f,twitch,,AzatoStacia,https://www.twitch.tv/azatostacia,HOLD_NEEDS_CHANNEL_REVIEW,NO_REVIEWED_PLATFORM_ACCOUNT_ID,False
twitch:acct_70ae1f280d495942548b,twitch,,lucius_lumiel,https://www.twitch.tv/lucius_lumiel,HOLD_NEEDS_CHANNEL_REVIEW,NO_REVIEWED_PLATFORM_ACCOUNT_ID,False
twitch:acct_70c12357afe1b83f3994,twitch,,miyathemelf_vt,https://www.twitch.tv/miyathemelf_vt,HOLD_NEEDS_CHANNEL_REVIEW,NO_REVIEWED_PLATFORM_ACCOUNT_ID,False
twitch:acct_70fae605bec5ed67f3a8,twitch,,dragoooonslyr,https://www.twitch.tv/dragoooonslyr,HOLD_NEEDS_CHANNEL_REVIEW,NO_REVIEWED_PLATFORM_ACCOUNT_ID,False
twitch:acct_717d22bd237131f3b088,twitch,,akaaivtuber,https://www.twitch.tv/akaaivtuber,HOLD_NEEDS_CHANNEL_REVIEW,NO_REVIEWED_PLATFORM_ACCOUNT_ID,False
twitch:acct_71d188a336b44d0d6838,twitch,,Chiun_VtuberTH,https://www.twitch.tv/chiun_vtuberth,HOLD_NEEDS_CHANNEL_REVIEW,NO_REVIEWED_PLATFORM_ACCOUNT_ID,False
twitch:acct_71d55e077f3415c3aef8,twitch,,Lune_Sol_v,https://www.twitch.tv/lune_sol_v,HOLD_NEEDS_CHANNEL_REVIEW,NO_REVIEWED_PLATFORM_ACCOUNT_ID,False
twitch:acct_7231144ca9df837cb5cf,twitch,,sunraindre,https://www.twitch.tv/sunraindre,HOLD_NEEDS_CHANNEL_REVIEW,NO_REVIEWED_PLATFORM_ACCOUNT_ID,False
twitch:acct_726f77efa4b1c0f22abc,twitch,,NtaeNT23,https://www.twitch.tv/ntaent23,HOLD_NEEDS_CHANNEL_REVIEW,NO_REVIEWED_PLATFORM_ACCOUNT_ID,False
twitch:acct_72792a850d9ee0492e8c,twitch,,Kamilla_Lich,https://www.twitch.tv/kamilla_lich,HOLD_NEEDS_CHANNEL_REVIEW,NO_REVIEWED_PLATFORM_ACCOUNT_ID,False
twitch:acct_729720cd245cda7d9d80,twitch,,tako_tk2126,https://www.twitch.tv/tako_tk2126,HOLD_NEEDS_CHANNEL_REVIEW,NO_REVIEWED_PLATFORM_ACCOUNT_ID,False
twitch:acct_729d51f9727527e44fe9,twitch,,Zephyxus,https://www.twitch.tv/zephyxus,HOLD_NEEDS_CHANNEL_REVIEW,NO_REVIEWED_PLATFORM_ACCOUNT_ID,False
twitch:acct_72b8b681ee3aaf48e668,twitch,,FlurFurry,https://www.twitch.tv/flurfurry,HOLD_NEEDS_CHANNEL_REVIEW,NO_REVIEWED_PLATFORM_ACCOUNT_ID,False
twitch:acct_72c2aeb5474a8f0c88ec,twitch,,jorrajayjija,https://www.twitch.tv/jorrajayjija,HOLD_NEEDS_CHANNEL_REVIEW,NO_REVIEWED_PLATFORM_ACCOUNT_ID,False
twitch:acct_72c9ea6f2969017decf5,twitch,,LalinTheAlien,https://www.twitch.tv/lalinthealien,HOLD_NEEDS_CHANNEL_REVIEW,NO_REVIEWED_PLATFORM_ACCOUNT_ID,False
twitch:acct_734365780eff419dea12,twitch,,primo_srv,https://www.twitch.tv/primo_srv,HOLD_NEEDS_CHANNEL_REVIEW,NO_REVIEWED_PLATFORM_ACCOUNT_ID,False
twitch:acct_73c1e4e1e32d0283368c,twitch,,NebulaFaragonda,https://www.twitch.tv/nebulafaragonda,HOLD_NEEDS_CHANNEL_REVIEW,NO_REVIEWED_PLATFORM_ACCOUNT_ID,False
twitch:acct_73c57cc6fd54bb4b5e2a,twitch,,ArikathankS,https://www.twitch.tv/arikathanks,HOLD_NEEDS_CHANNEL_REVIEW,NO_REVIEWED_PLATFORM_ACCOUNT_ID,False
twitch:acct_73cee750cd3d45b90252,twitch,,GusNaaa,https://www.twitch.tv/gusnaaa,HOLD_NEEDS_CHANNEL_REVIEW,NO_REVIEWED_PLATFORM_ACCOUNT_ID,False
twitch:acct_74151df715f4ccae3ef8,twitch,,KuraseTaoh,https://www.twitch.tv/kurasetaoh,HOLD_NEEDS_CHANNEL_REVIEW,NO_REVIEWED_PLATFORM_ACCOUNT_ID,False
twitch:acct_7434736a1aca0f9a834b,twitch,,kyomikoo,https://www.twitch.tv/kyomikoo,HOLD_NEEDS_CHANNEL_REVIEW,NO_REVIEWED_PLATFORM_ACCOUNT_ID,False
twitch:acct_7461f1e208acff259c9e,twitch,,u00vtuber,https://www.twitch.tv/u00vtuber,HOLD_NEEDS_CHANNEL_REVIEW,NO_REVIEWED_PLATFORM_ACCOUNT_ID,False
twitch:acct_74759c3236526966782f,twitch,,PhaiSprite,https://www.twitch.tv/phaisprite,HOLD_NEEDS_CHANNEL_REVIEW,NO_REVIEWED_PLATFORM_ACCOUNT_ID,False
twitch:acct_748c1198fa8e47abe7aa,twitch,,viix_tuki,https://www.twitch.tv/viix_tuki,HOLD_NEEDS_CHANNEL_REVIEW,NO_REVIEWED_PLATFORM_ACCOUNT_ID,False
twitch:acct_74b0c8e97c06dd912237,twitch,,Aiboh_Canis,https://www.twitch.tv/aiboh_canis,HOLD_NEEDS_CHANNEL_REVIEW,NO_REVIEWED_PLATFORM_ACCOUNT_ID,False
twitch:acct_74b25239b68bc6b6f336,twitch,,mondragoooon,https://www.twitch.tv/mondragoooon,HOLD_NEEDS_CHANNEL_REVIEW,NO_REVIEWED_PLATFORM_ACCOUNT_ID,False
twitch:acct_7509409b0ebbd9e87f96,twitch,,akitoqch,https://www.twitch.tv/akitoqch,HOLD_NEEDS_CHANNEL_REVIEW,NO_REVIEWED_PLATFORM_ACCOUNT_ID,False
twitch:acct_750e3b5cec05db8d820b,twitch,,zolrennnx,https://www.twitch.tv/zolrennnx,HOLD_NEEDS_CHANNEL_REVIEW,NO_REVIEWED_PLATFORM_ACCOUNT_ID,False
twitch:acct_7513785d17f63ecd8533,twitch,,Estevtuber,https://www.twitch.tv/estevtuber,HOLD_NEEDS_CHANNEL_REVIEW,NO_REVIEWED_PLATFORM_ACCOUNT_ID,False
twitch:acct_753192d184cffc7c69fd,twitch,,Riel_Tabiji_VTh,https://www.twitch.tv/riel_tabiji_vth,HOLD_NEEDS_CHANNEL_REVIEW,NO_REVIEWED_PLATFORM_ACCOUNT_ID,False
twitch:acct_7637527a95dc91a63170,twitch,,9POINTEIGHT,https://www.twitch.tv/9pointeight,HOLD_NEEDS_CHANNEL_REVIEW,NO_REVIEWED_PLATFORM_ACCOUNT_ID,False
twitch:acct_769e891cf341c9be55d4,twitch,,sirris_goddessch,https://www.twitch.tv/sirris_goddessch,HOLD_NEEDS_CHANNEL_REVIEW,NO_REVIEWED_PLATFORM_ACCOUNT_ID,False
twitch:acct_76a9c422ab3603ddbc10,twitch,,tukkyjpvtuber,https://www.twitch.tv/tukkyjpvtuber,HOLD_NEEDS_CHANNEL_REVIEW,NO_REVIEWED_PLATFORM_ACCOUNT_ID,False
twitch:acct_76d7907b95eebe6f8063,twitch,,1TSN4NAMi,https://www.twitch.tv/1tsn4nami,HOLD_NEEDS_CHANNEL_REVIEW,NO_REVIEWED_PLATFORM_ACCOUNT_ID,False
twitch:acct_7714bd381fa5bb8a1e82,twitch,,mimiifox,https://www.twitch.tv/mimiifox,HOLD_NEEDS_CHANNEL_REVIEW,NO_REVIEWED_PLATFORM_ACCOUNT_ID,False
twitch:acct_7747708d22d57aa44c7e,twitch,,ToriThaiga,https://www.twitch.tv/torithaiga,HOLD_NEEDS_CHANNEL_REVIEW,NO_REVIEWED_PLATFORM_ACCOUNT_ID,False
twitch:acct_7801f7017c6e8e3cb070,twitch,,Mizaru_Kazeno,https://www.twitch.tv/mizaru_kazeno,HOLD_NEEDS_CHANNEL_REVIEW,NO_REVIEWED_PLATFORM_ACCOUNT_ID,False
twitch:acct_785230cbd1d6f0b5e14d,twitch,,Mylah_Ch,https://www.twitch.tv/mylah_ch,HOLD_NEEDS_CHANNEL_REVIEW,NO_REVIEWED_PLATFORM_ACCOUNT_ID,False
twitch:acct_78786c46a2677ef81842,twitch,,stormbulletuo1suj,https://www.twitch.tv/stormbulletuo1suj,HOLD_NEEDS_CHANNEL_REVIEW,NO_REVIEWED_PLATFORM_ACCOUNT_ID,False
twitch:acct_78d03fa63ad12319acc5,twitch,,Exzeliaaa,https://www.twitch.tv/exzeliaaa,HOLD_NEEDS_CHANNEL_REVIEW,NO_REVIEWED_PLATFORM_ACCOUNT_ID,False
twitch:acct_792395d36e33c1d36bfb,twitch,,J4F4Rx,https://www.twitch.tv/j4f4rx,HOLD_NEEDS_CHANNEL_REVIEW,NO_REVIEWED_PLATFORM_ACCOUNT_ID,False
twitch:acct_79417e63820277bfa072,twitch,,rayametieryuan,https://www.twitch.tv/rayametieryuan,HOLD_NEEDS_CHANNEL_REVIEW,NO_REVIEWED_PLATFORM_ACCOUNT_ID,False
twitch:acct_797be4e302be75090c28,twitch,,kurona_thegoat123,https://www.twitch.tv/kurona_thegoat123,HOLD_NEEDS_CHANNEL_REVIEW,NO_REVIEWED_PLATFORM_ACCOUNT_ID,False
twitch:acct_7981e1b2212ae1d84309,twitch,,ngern_tong,https://www.twitch.tv/ngern_tong,HOLD_NEEDS_CHANNEL_REVIEW,NO_REVIEWED_PLATFORM_ACCOUNT_ID,False
twitch:acct_7984c0a9a44852837b71,twitch,,NIKKAYz,https://twitch.tv/nikkayz,HOLD_NEEDS_CHANNEL_REVIEW,NO_REVIEWED_PLATFORM_ACCOUNT_ID,False
twitch:acct_7986071356bb4e1c4312,twitch,,Nuttizz_,https://www.twitch.tv/nuttizz_,HOLD_NEEDS_CHANNEL_REVIEW,NO_REVIEWED_PLATFORM_ACCOUNT_ID,False
twitch:acct_79b9b86d655be238c1df,twitch,,AmuVCh,https://www.twitch.tv/amuvch,HOLD_NEEDS_CHANNEL_REVIEW,NO_REVIEWED_PLATFORM_ACCOUNT_ID,False
twitch:acct_7a3057d3b4150ea8d076,twitch,,MagcroRavenC,https://www.twitch.tv/magcroravenc,HOLD_NEEDS_CHANNEL_REVIEW,NO_REVIEWED_PLATFORM_ACCOUNT_ID,False
twitch:acct_7af14bfe0ae1bdf8f3b4,twitch,,krissxoffical,https://www.twitch.tv/krissxoffical,HOLD_NEEDS_CHANNEL_REVIEW,NO_REVIEWED_PLATFORM_ACCOUNT_ID,False
twitch:acct_7b1d5f58260a4663ce7f,twitch,,DearRainy,https://www.twitch.tv/dearrainy,HOLD_NEEDS_CHANNEL_REVIEW,NO_REVIEWED_PLATFORM_ACCOUNT_ID,False
twitch:acct_7c290706884f6022f2b5,twitch,,kaivtuber,https://www.twitch.tv/kaivtuber,HOLD_NEEDS_CHANNEL_REVIEW,NO_REVIEWED_PLATFORM_ACCOUNT_ID,False
twitch:acct_7ca219475e2184cbe547,twitch,,celestial_particle,https://www.twitch.tv/celestial_particle,HOLD_NEEDS_CHANNEL_REVIEW,NO_REVIEWED_PLATFORM_ACCOUNT_ID,False
twitch:acct_7cd2ac4185dada5fb808,twitch,,SweetPieCynthia,https://www.twitch.tv/sweetpiecynthia,HOLD_NEEDS_CHANNEL_REVIEW,NO_REVIEWED_PLATFORM_ACCOUNT_ID,False
twitch:acct_7d3a0105a165dbdcc1fe,twitch,,rocokingdom,https://www.twitch.tv/rocokingdom,HOLD_NEEDS_CHANNEL_REVIEW,NO_REVIEWED_PLATFORM_ACCOUNT_ID,False
twitch:acct_7d99fb0187b5e1df209d,twitch,,ckayzekub,https://www.twitch.tv/ckayzekub,HOLD_NEEDS_CHANNEL_REVIEW,NO_REVIEWED_PLATFORM_ACCOUNT_ID,False
twitch:acct_7d9a91d3db7c155b44cd,twitch,,ryuseistarlight,https://www.twitch.tv/ryuseistarlight,HOLD_NEEDS_CHANNEL_REVIEW,NO_REVIEWED_PLATFORM_ACCOUNT_ID,False
twitch:acct_7e157628513708793603,twitch,,xyne_ztp,https://www.twitch.tv/xyne_ztp,HOLD_NEEDS_CHANNEL_REVIEW,NO_REVIEWED_PLATFORM_ACCOUNT_ID,False
twitch:acct_7e722e6ba16885503a65,twitch,,zuric_otl,https://www.twitch.tv/zuric_otl,HOLD_NEEDS_CHANNEL_REVIEW,NO_REVIEWED_PLATFORM_ACCOUNT_ID,False
twitch:acct_7e9dbc9e0aa3cc3bb26c,twitch,,PINKORCAS,https://www.twitch.tv/pinkorcas,HOLD_NEEDS_CHANNEL_REVIEW,NO_REVIEWED_PLATFORM_ACCOUNT_ID,False
twitch:acct_7ee18c7e86566eb39a26,twitch,,Noeluc,https://www.twitch.tv/noeluc,HOLD_NEEDS_CHANNEL_REVIEW,NO_REVIEWED_PLATFORM_ACCOUNT_ID,False
twitch:acct_7efb549ba5b80e33093d,twitch,,daivtuberoff,https://www.twitch.tv/daivtuberoff,HOLD_NEEDS_CHANNEL_REVIEW,NO_REVIEWED_PLATFORM_ACCOUNT_ID,False
twitch:acct_7fc29593b8f95797eaa0,twitch,,S1R_ARP,https://www.twitch.tv/s1r_arp,HOLD_NEEDS_CHANNEL_REVIEW,NO_REVIEWED_PLATFORM_ACCOUNT_ID,False
twitch:acct_7fe7883a601ea1181dbd,twitch,,FohishaVT,https://www.twitch.tv/fohishavt,HOLD_NEEDS_CHANNEL_REVIEW,NO_REVIEWED_PLATFORM_ACCOUNT_ID,False
twitch:acct_7ff11d5cc8174051f63f,twitch,,picoaivtuber,https://www.twitch.tv/picoaivtuber,HOLD_NEEDS_CHANNEL_REVIEW,NO_REVIEWED_PLATFORM_ACCOUNT_ID,False
twitch:acct_800c9f78f0fd0c8c4f6c,twitch,,Saviola21PM,https://www.twitch.tv/saviola21pm,HOLD_NEEDS_CHANNEL_REVIEW,NO_REVIEWED_PLATFORM_ACCOUNT_ID,False
twitch:acct_801ff7d63f82b64a33d4,twitch,,Bunana_Vtuber,https://www.twitch.tv/bunana_vtuber,HOLD_NEEDS_CHANNEL_REVIEW,NO_REVIEWED_PLATFORM_ACCOUNT_ID,False
twitch:acct_8053b4caf84dd6b820a1,twitch,,tinsleythefox,https://www.twitch.tv/tinsleythefox,HOLD_NEEDS_CHANNEL_REVIEW,NO_REVIEWED_PLATFORM_ACCOUNT_ID,False
twitch:acct_80bca78dbff6969a6e43,twitch,,moia_lnwza55,https://www.twitch.tv/moia_lnwza55,HOLD_NEEDS_CHANNEL_REVIEW,NO_REVIEWED_PLATFORM_ACCOUNT_ID,False
twitch:acct_80fa1da53a72c4965955,twitch,,ArikoJz,https://www.twitch.tv/arikojz,HOLD_NEEDS_CHANNEL_REVIEW,NO_REVIEWED_PLATFORM_ACCOUNT_ID,False
twitch:acct_80fc537f3c5bcfd87c69,twitch,,BlueMage_VT,https://www.twitch.tv/BlueMage_VT,HOLD_NEEDS_CHANNEL_REVIEW,NO_REVIEWED_PLATFORM_ACCOUNT_ID,False
twitch:acct_8112e0363158fdc798f3,twitch,,Dr_Seng,https://www.twitch.tv/dr_seng,HOLD_NEEDS_CHANNEL_REVIEW,NO_REVIEWED_PLATFORM_ACCOUNT_ID,False
twitch:acct_8139287e8e7c0ef26fa2,twitch,,xDodolulu,https://www.twitch.tv/xdodolulu,HOLD_NEEDS_CHANNEL_REVIEW,NO_REVIEWED_PLATFORM_ACCOUNT_ID,False
twitch:acct_8186fd9672254e0d1dd6,twitch,,thebamilotl,https://www.twitch.tv/thebamilotl,HOLD_NEEDS_CHANNEL_REVIEW,NO_REVIEWED_PLATFORM_ACCOUNT_ID,False
twitch:acct_818d1dc741180449c650,twitch,,ArinaKaneaki,https://www.twitch.tv/arinakaneaki,HOLD_NEEDS_CHANNEL_REVIEW,NO_REVIEWED_PLATFORM_ACCOUNT_ID,False
twitch:acct_81d789398ad5844d5920,twitch,,52hzwhale__,https://www.twitch.tv/52hzwhale__,HOLD_NEEDS_CHANNEL_REVIEW,NO_REVIEWED_PLATFORM_ACCOUNT_ID,False
twitch:acct_81e9c61d5c4e1affa8e2,twitch,,1kfuu,https://www.twitch.tv/1kfuu,HOLD_NEEDS_CHANNEL_REVIEW,NO_REVIEWED_PLATFORM_ACCOUNT_ID,False
twitch:acct_82038ac5eb00cc9a387d,twitch,,cynthia_rowena,https://www.twitch.tv/cynthia_rowena,HOLD_NEEDS_CHANNEL_REVIEW,NO_REVIEWED_PLATFORM_ACCOUNT_ID,False
twitch:acct_83198a6fbed99150b9a3,twitch,,Bingsujuseyo,https://www.twitch.tv/bingsujuseyo,HOLD_NEEDS_CHANNEL_REVIEW,NO_REVIEWED_PLATFORM_ACCOUNT_ID,False
twitch:acct_831fb06787ae0be90d2c,twitch,,gs_golfpraplern,https://www.twitch.tv/gs_golfpraplern,HOLD_NEEDS_CHANNEL_REVIEW,NO_REVIEWED_PLATFORM_ACCOUNT_ID,False
twitch:acct_83f404daf3f4a005749c,twitch,,WanWada1,https://www.twitch.tv/wanwada1,HOLD_NEEDS_CHANNEL_REVIEW,NO_REVIEWED_PLATFORM_ACCOUNT_ID,False
twitch:acct_83fb5118db37cff08300,twitch,,kochikigram,https://www.twitch.tv/kochikigram,HOLD_NEEDS_CHANNEL_REVIEW,NO_REVIEWED_PLATFORM_ACCOUNT_ID,False
twitch:acct_845af0b91e4d9d39952a,twitch,,xinghailong,https://www.twitch.tv/xinghailong,HOLD_NEEDS_CHANNEL_REVIEW,NO_REVIEWED_PLATFORM_ACCOUNT_ID,False
twitch:acct_850ff111affca974d465,twitch,,LinlinpaDesu,https://www.twitch.tv/linlinpadesu,HOLD_NEEDS_CHANNEL_REVIEW,NO_REVIEWED_PLATFORM_ACCOUNT_ID,False
twitch:acct_85655a915d5e96911854,twitch,,RheaAtaraxia,https://www.twitch.tv/rheaataraxia,HOLD_NEEDS_CHANNEL_REVIEW,NO_REVIEWED_PLATFORM_ACCOUNT_ID,False
twitch:acct_85884c39052f1aeacb3b,twitch,,SE1SO_RARA,https://www.twitch.tv/se1so_rara,HOLD_NEEDS_CHANNEL_REVIEW,NO_REVIEWED_PLATFORM_ACCOUNT_ID,False
twitch:acct_85d0879038bf7ff26d7c,twitch,,belindalidia,https://www.twitch.tv/belindalidia,HOLD_NEEDS_CHANNEL_REVIEW,NO_REVIEWED_PLATFORM_ACCOUNT_ID,False
twitch:acct_85e199e46b8ab59f37c5,twitch,,darinVmonster,https://www.twitch.tv/darinvmonster,HOLD_NEEDS_CHANNEL_REVIEW,NO_REVIEWED_PLATFORM_ACCOUNT_ID,False
twitch:acct_85ee914e603143a46806,twitch,,ponpundayo,https://www.twitch.tv/ponpundayo,HOLD_NEEDS_CHANNEL_REVIEW,NO_REVIEWED_PLATFORM_ACCOUNT_ID,False
twitch:acct_8643ccf195fdb8c6d022,twitch,,donovan_vt,https://www.twitch.tv/donovan_vt,HOLD_NEEDS_CHANNEL_REVIEW,NO_REVIEWED_PLATFORM_ACCOUNT_ID,False
twitch:acct_865d04b6eb0df3089723,twitch,,nnyatsume_,https://www.twitch.tv/nnyatsume_,HOLD_NEEDS_CHANNEL_REVIEW,NO_REVIEWED_PLATFORM_ACCOUNT_ID,False
twitch:acct_86e5499394eaf46df8d6,twitch,,CerseiLezlie,https://www.twitch.tv/cerseilezlie,HOLD_NEEDS_CHANNEL_REVIEW,NO_REVIEWED_PLATFORM_ACCOUNT_ID,False
twitch:acct_877d4a392d382b17ae58,twitch,,faiybloodyflora,https://www.twitch.tv/faiybloodyflora,HOLD_NEEDS_CHANNEL_REVIEW,NO_REVIEWED_PLATFORM_ACCOUNT_ID,False
twitch:acct_88aba24a02a745bea4ee,twitch,,Freyrina,https://www.twitch.tv/freyrina,HOLD_NEEDS_CHANNEL_REVIEW,NO_REVIEWED_PLATFORM_ACCOUNT_ID,False
twitch:acct_88ceb56d01a53ed90d03,twitch,,samuofficial_,https://www.twitch.tv/samuofficial_,HOLD_NEEDS_CHANNEL_REVIEW,NO_REVIEWED_PLATFORM_ACCOUNT_ID,False
twitch:acct_88e8146ad4e91aaeb774,twitch,,yunes085,https://www.twitch.tv/yunes085,HOLD_NEEDS_CHANNEL_REVIEW,NO_REVIEWED_PLATFORM_ACCOUNT_ID,False
twitch:acct_89023c22d565b1b5cbaf,twitch,,Vyvianthyst,https://www.twitch.tv/vyvianthyst,HOLD_NEEDS_CHANNEL_REVIEW,NO_REVIEWED_PLATFORM_ACCOUNT_ID,False
twitch:acct_895279588992ce48bb9a,twitch,,MilZenc_,https://www.twitch.tv/milzenc_,HOLD_NEEDS_CHANNEL_REVIEW,NO_REVIEWED_PLATFORM_ACCOUNT_ID,False
twitch:acct_899848a1dbed5137792a,twitch,,ZerinDesu,https://www.twitch.tv/zerindesu,HOLD_NEEDS_CHANNEL_REVIEW,NO_REVIEWED_PLATFORM_ACCOUNT_ID,False
twitch:acct_89d9d966954f3a5f0c2f,twitch,,heatthh,https://www.twitch.tv/heatthh,HOLD_NEEDS_CHANNEL_REVIEW,NO_REVIEWED_PLATFORM_ACCOUNT_ID,False
twitch:acct_8a0348e9ce1f1ab9c078,twitch,,jaowayde_vt,https://www.twitch.tv/jaowayde_vt,HOLD_NEEDS_CHANNEL_REVIEW,NO_REVIEWED_PLATFORM_ACCOUNT_ID,False
twitch:acct_8a168027ed6c3c1291b8,twitch,,nisha_mln,https://www.twitch.tv/nisha_mln,HOLD_NEEDS_CHANNEL_REVIEW,NO_REVIEWED_PLATFORM_ACCOUNT_ID,False
twitch:acct_8a58ae274b51b23a78b9,twitch,,nyaruyentafo,https://www.twitch.tv/nyaruyentafo,HOLD_NEEDS_CHANNEL_REVIEW,NO_REVIEWED_PLATFORM_ACCOUNT_ID,False
twitch:acct_8a8b99daa32e7d3c60d1,twitch,,maemuuru,https://www.twitch.tv/maemuuru,HOLD_NEEDS_CHANNEL_REVIEW,NO_REVIEWED_PLATFORM_ACCOUNT_ID,False
twitch:acct_8a953d9ae951d87339cd,twitch,,riimei,https://www.twitch.tv/riimei,HOLD_NEEDS_CHANNEL_REVIEW,NO_REVIEWED_PLATFORM_ACCOUNT_ID,False
twitch:acct_8a972200142fc09b1870,twitch,,Chik Izosaki,https://twitch.tv/izosaki,HOLD_NEEDS_CHANNEL_REVIEW,NO_REVIEWED_PLATFORM_ACCOUNT_ID,False
twitch:acct_8bc6c9ac46dcbdb5d5c7,twitch,,JaoKattt,https://www.twitch.tv/jaokattt,HOLD_NEEDS_CHANNEL_REVIEW,NO_REVIEWED_PLATFORM_ACCOUNT_ID,False
twitch:acct_8bc9293e38e7d8bc3643,twitch,,MaVista_Korynna,https://www.twitch.tv/mavista_korynna,HOLD_NEEDS_CHANNEL_REVIEW,NO_REVIEWED_PLATFORM_ACCOUNT_ID,False
twitch:acct_8bec975eac7cd968c11a,twitch,,Eirlyz_,https://www.twitch.tv/eirlyz_,HOLD_NEEDS_CHANNEL_REVIEW,NO_REVIEWED_PLATFORM_ACCOUNT_ID,False
twitch:acct_8c13b4cd0e029de248d3,twitch,,CheezySteaks,https://www.twitch.tv/cheezysteaks,HOLD_NEEDS_CHANNEL_REVIEW,NO_REVIEWED_PLATFORM_ACCOUNT_ID,False
twitch:acct_8cb8e9822cadff38dfb1,twitch,,Basseafood,https://www.twitch.tv/basseafood,HOLD_NEEDS_CHANNEL_REVIEW,NO_REVIEWED_PLATFORM_ACCOUNT_ID,False
twitch:acct_8d6fdb9375621b144e70,twitch,,MilisVT,https://twitch.tv/milisvt,HOLD_NEEDS_CHANNEL_REVIEW,NO_REVIEWED_PLATFORM_ACCOUNT_ID,False
twitch:acct_8d6fff3ba678c616bb22,twitch,,qmulaz,https://www.twitch.tv/qmulaz,HOLD_NEEDS_CHANNEL_REVIEW,NO_REVIEWED_PLATFORM_ACCOUNT_ID,False
twitch:acct_8ee5a6f3d91c341fb1b9,twitch,,孤立タカ,https://www.twitch.tv/takamelonpan,HOLD_NEEDS_CHANNEL_REVIEW,NO_REVIEWED_PLATFORM_ACCOUNT_ID,False
twitch:acct_8f0d6d38cbc2825d2a3f,twitch,,Yuka_Hizumi,https://www.twitch.tv/yuka_hizumi,HOLD_NEEDS_CHANNEL_REVIEW,NO_REVIEWED_PLATFORM_ACCOUNT_ID,False
twitch:acct_8f323ccfaaf0f2a7ea05,twitch,,PukaPukann,https://www.twitch.tv/pukapukann,HOLD_NEEDS_CHANNEL_REVIEW,NO_REVIEWED_PLATFORM_ACCOUNT_ID,False
twitch:acct_8f5295bd6aab89cb27fe,twitch,,Nokk_tt,https://www.twitch.tv/nokk_tt,HOLD_NEEDS_CHANNEL_REVIEW,NO_REVIEWED_PLATFORM_ACCOUNT_ID,False
twitch:acct_8f6eadde24273984862f,twitch,,FoKuro25,https://www.twitch.tv/fokuro25,HOLD_NEEDS_CHANNEL_REVIEW,NO_REVIEWED_PLATFORM_ACCOUNT_ID,False
twitch:acct_8fd8d1fe92390b6eefe2,twitch,,xSunLIEx,https://www.twitch.tv/xsunliex,HOLD_NEEDS_CHANNEL_REVIEW,NO_REVIEWED_PLATFORM_ACCOUNT_ID,False
twitch:acct_90619897aa36b170c46b,twitch,,RAYXILLIA,https://www.twitch.tv/rayxillia,HOLD_NEEDS_CHANNEL_REVIEW,NO_REVIEWED_PLATFORM_ACCOUNT_ID,False
twitch:acct_909c6b82fde67b4961a7,twitch,,Maybliss Blessyou Ch.,https://www.twitch.tv/mayblissvt,HOLD_NEEDS_CHANNEL_REVIEW,NO_REVIEWED_PLATFORM_ACCOUNT_ID,False
twitch:acct_910c88467ddc67a81bf4,twitch,,XINPIA03,https://www.twitch.tv/xinpia03,HOLD_NEEDS_CHANNEL_REVIEW,NO_REVIEWED_PLATFORM_ACCOUNT_ID,False
twitch:acct_9164ccca92bb2b913e32,twitch,,MortiferBathory,https://www.twitch.tv/mortiferbathory,HOLD_NEEDS_CHANNEL_REVIEW,NO_REVIEWED_PLATFORM_ACCOUNT_ID,False
twitch:acct_91cef55bd1220c3efaa9,twitch,,KurosawaSP,https://www.twitch.tv/kurosawasp,HOLD_NEEDS_CHANNEL_REVIEW,NO_REVIEWED_PLATFORM_ACCOUNT_ID,False
twitch:acct_921530f41e06deed2b76,twitch,,karinnboo,https://www.twitch.tv/karinnboo,HOLD_NEEDS_CHANNEL_REVIEW,NO_REVIEWED_PLATFORM_ACCOUNT_ID,False
twitch:acct_92740742863f50010ea8,twitch,,DelivaKaga,https://www.twitch.tv/delivakaga,HOLD_NEEDS_CHANNEL_REVIEW,NO_REVIEWED_PLATFORM_ACCOUNT_ID,False
twitch:acct_928f392d04dc2623a743,twitch,,HuntaPNG,https://www.twitch.tv/huntapng,HOLD_NEEDS_CHANNEL_REVIEW,NO_REVIEWED_PLATFORM_ACCOUNT_ID,False
twitch:acct_92ae44bca24da8331d48,twitch,,mii__belle,https://www.twitch.tv/mii__belle,HOLD_NEEDS_CHANNEL_REVIEW,NO_REVIEWED_PLATFORM_ACCOUNT_ID,False
twitch:acct_9334455e535aaf36329e,twitch,,khunchanii,https://www.twitch.tv/khunchanii,HOLD_NEEDS_CHANNEL_REVIEW,NO_REVIEWED_PLATFORM_ACCOUNT_ID,False
twitch:acct_936cd4e38825770c28ef,twitch,,qdmnora,https://www.twitch.tv/qdmnora,HOLD_NEEDS_CHANNEL_REVIEW,NO_REVIEWED_PLATFORM_ACCOUNT_ID,False
twitch:acct_94520cba7614e6956a80,twitch,,RiekaDaYo,https://www.twitch.tv/riekadayo,HOLD_NEEDS_CHANNEL_REVIEW,NO_REVIEWED_PLATFORM_ACCOUNT_ID,False
twitch:acct_953ca854e9e832da5813,twitch,,chaoplathong,https://www.twitch.tv/chaoplathong,HOLD_NEEDS_CHANNEL_REVIEW,NO_REVIEWED_PLATFORM_ACCOUNT_ID,False
twitch:acct_956b812a0f679c3af1b6,twitch,,diana_chocmint,https://www.twitch.tv/diana_chocmint,HOLD_NEEDS_CHANNEL_REVIEW,NO_REVIEWED_PLATFORM_ACCOUNT_ID,False
twitch:acct_9653d36e6d359550fab0,twitch,,Moramypop,https://www.twitch.tv/moramypop,HOLD_NEEDS_CHANNEL_REVIEW,NO_REVIEWED_PLATFORM_ACCOUNT_ID,False
twitch:acct_968c9227a1c7701699bd,twitch,,LissainTH,https://www.twitch.tv/lissainth,HOLD_NEEDS_CHANNEL_REVIEW,NO_REVIEWED_PLATFORM_ACCOUNT_ID,False
twitch:acct_96e77ac0d6e4de92f4f0,twitch,,Wormtomato,https://www.twitch.tv/wormtomato,HOLD_NEEDS_CHANNEL_REVIEW,NO_REVIEWED_PLATFORM_ACCOUNT_ID,False
twitch:acct_96fb98a4f7178a748eba,twitch,,jammychxn,https://www.twitch.tv/jammychxn,HOLD_NEEDS_CHANNEL_REVIEW,NO_REVIEWED_PLATFORM_ACCOUNT_ID,False
twitch:acct_97f1cbb8181e59327b42,twitch,,FloraVtuberTH,https://www.twitch.tv/floravtuberth,HOLD_NEEDS_CHANNEL_REVIEW,NO_REVIEWED_PLATFORM_ACCOUNT_ID,False
twitch:acct_98284088963981f601c1,twitch,,protosn_ponytail,https://www.twitch.tv/protosn_ponytail,HOLD_NEEDS_CHANNEL_REVIEW,NO_REVIEWED_PLATFORM_ACCOUNT_ID,False
twitch:acct_985c886f5dee3e05f32c,twitch,,OilFenris,https://www.twitch.tv/oilfenris,HOLD_NEEDS_CHANNEL_REVIEW,NO_REVIEWED_PLATFORM_ACCOUNT_ID,False
twitch:acct_98a0b5f4b4b5d79455b2,twitch,,Remisde_Vtuber,https://www.twitch.tv/remisde_vtuber,HOLD_NEEDS_CHANNEL_REVIEW,NO_REVIEWED_PLATFORM_ACCOUNT_ID,False
twitch:acct_98dcb5351a2492e57bcb,twitch,,AoiNekomori,https://www.twitch.tv/aoinekomori,HOLD_NEEDS_CHANNEL_REVIEW,NO_REVIEWED_PLATFORM_ACCOUNT_ID,False
twitch:acct_990c86d61536e9b59b99,twitch,,Boonshuuuu,https://www.twitch.tv/boonshuuuu,HOLD_NEEDS_CHANNEL_REVIEW,NO_REVIEWED_PLATFORM_ACCOUNT_ID,False
twitch:acct_995794a54ec749b2a043,twitch,,mxnnxm,https://www.twitch.tv/mxnnxm,HOLD_NEEDS_CHANNEL_REVIEW,NO_REVIEWED_PLATFORM_ACCOUNT_ID,False
twitch:acct_99d4f5d01f6b9c4e79e4,twitch,,AkizLica,https://www.twitch.tv/akizlica,HOLD_NEEDS_CHANNEL_REVIEW,NO_REVIEWED_PLATFORM_ACCOUNT_ID,False
twitch:acct_99e77374ed58912eb09e,twitch,,dragooooon556,https://www.twitch.tv/dragooooon556,HOLD_NEEDS_CHANNEL_REVIEW,NO_REVIEWED_PLATFORM_ACCOUNT_ID,False
twitch:acct_9a1b7b2b711920482993,twitch,,AishaChannel,https://www.twitch.tv/aishachannel,HOLD_NEEDS_CHANNEL_REVIEW,NO_REVIEWED_PLATFORM_ACCOUNT_ID,False
twitch:acct_9a3eaa45afd092cd5d18,twitch,,Bot_Lottie,https://www.twitch.tv/bot_lottie,HOLD_NEEDS_CHANNEL_REVIEW,NO_REVIEWED_PLATFORM_ACCOUNT_ID,False
twitch:acct_9aa3419ff083ece45cf0,twitch,,erizuna,https://www.twitch.tv/erizuna,HOLD_NEEDS_CHANNEL_REVIEW,NO_REVIEWED_PLATFORM_ACCOUNT_ID,False
twitch:acct_9ac9cc16202b5ef97fd9,twitch,,Ka4umich,https://www.twitch.tv/ka4umich,HOLD_NEEDS_CHANNEL_REVIEW,NO_REVIEWED_PLATFORM_ACCOUNT_ID,False
twitch:acct_9b566e68e283d07de6a4,twitch,,nyeeeon,https://www.twitch.tv/nyeeeon,HOLD_NEEDS_CHANNEL_REVIEW,NO_REVIEWED_PLATFORM_ACCOUNT_ID,False
twitch:acct_9b8a4d05d92238659fe3,twitch,,qamarr_altair,https://www.twitch.tv/qamarr_altair,HOLD_NEEDS_CHANNEL_REVIEW,NO_REVIEWED_PLATFORM_ACCOUNT_ID,False
twitch:acct_9c0f0fb70241d6fb9de6,twitch,,ArineUwU,https://www.twitch.tv/arineuwu,HOLD_NEEDS_CHANNEL_REVIEW,NO_REVIEWED_PLATFORM_ACCOUNT_ID,False
twitch:acct_9c722528980d565ec590,twitch,,LIMESALTZ,https://www.twitch.tv/limesaltz,HOLD_NEEDS_CHANNEL_REVIEW,NO_REVIEWED_PLATFORM_ACCOUNT_ID,False
twitch:acct_9cb5bff18f629562246d,twitch,,anemizz_,https://www.twitch.tv/anemizz_,HOLD_NEEDS_CHANNEL_REVIEW,NO_REVIEWED_PLATFORM_ACCOUNT_ID,False
twitch:acct_9d1838f957dc470ac693,twitch,,Apheriajax,https://www.twitch.tv/apheriajax,HOLD_NEEDS_CHANNEL_REVIEW,NO_REVIEWED_PLATFORM_ACCOUNT_ID,False
twitch:acct_9d5fcfb740080b4d7955,twitch,,meteona_mars,https://www.twitch.tv/meteona_mars,HOLD_NEEDS_CHANNEL_REVIEW,NO_REVIEWED_PLATFORM_ACCOUNT_ID,False
twitch:acct_9d626e437d13ecef5e3f,twitch,,Hinabe_Hongfei,https://www.twitch.tv/hinabe_hongfei,HOLD_NEEDS_CHANNEL_REVIEW,NO_REVIEWED_PLATFORM_ACCOUNT_ID,False
twitch:acct_9d6a9913c0a74e7b4880,twitch,,stateflush,https://www.twitch.tv/stateflush,HOLD_NEEDS_CHANNEL_REVIEW,NO_REVIEWED_PLATFORM_ACCOUNT_ID,False
twitch:acct_9d73df77514cd57f2daa,twitch,,teddybel_official,https://www.twitch.tv/teddybel_official,HOLD_NEEDS_CHANNEL_REVIEW,NO_REVIEWED_PLATFORM_ACCOUNT_ID,False
twitch:acct_9d8444c422720bdad817,twitch,,fxoverpur,https://twitch.tv/fxoverpur,HOLD_NEEDS_CHANNEL_REVIEW,NO_REVIEWED_PLATFORM_ACCOUNT_ID,False
twitch:acct_9dfc1e5a18db06a27f4e,twitch,,LunaLumIIna_PRD,https://www.twitch.tv/lunalumiina_prd,HOLD_NEEDS_CHANNEL_REVIEW,NO_REVIEWED_PLATFORM_ACCOUNT_ID,False
twitch:acct_9e1fbba94bb549a037c1,twitch,,kaamoria,https://www.twitch.tv/kaamoria,HOLD_NEEDS_CHANNEL_REVIEW,NO_REVIEWED_PLATFORM_ACCOUNT_ID,False
twitch:acct_9e34323445cec7901f91,twitch,,BhxcolateBhip,https://www.twitch.tv/bhxcolatebhip,HOLD_NEEDS_CHANNEL_REVIEW,NO_REVIEWED_PLATFORM_ACCOUNT_ID,False
twitch:acct_9e41cdc1984af1d42926,twitch,,CobaltHellHound,https://www.twitch.tv/cobalthellhound,HOLD_NEEDS_CHANNEL_REVIEW,NO_REVIEWED_PLATFORM_ACCOUNT_ID,False
twitch:acct_9f6dd5eee0f1097e8b26,twitch,,shia_4a,https://www.twitch.tv/shia_4a,HOLD_NEEDS_CHANNEL_REVIEW,NO_REVIEWED_PLATFORM_ACCOUNT_ID,False
twitch:acct_9f820192a5606a5604b6,twitch,,darchelle_vtuber,https://www.twitch.tv/darchelle_vtuber,HOLD_NEEDS_CHANNEL_REVIEW,NO_REVIEWED_PLATFORM_ACCOUNT_ID,False
twitch:acct_9f85b2b0f59209294669,twitch,,stormbullet9pb4u1,https://www.twitch.tv/stormbullet9pb4u1,HOLD_NEEDS_CHANNEL_REVIEW,NO_REVIEWED_PLATFORM_ACCOUNT_ID,False
twitch:acct_a070368fa83e5f5a2f7c,twitch,,Hitsuki_24,https://www.twitch.tv/hitsuki_24,HOLD_NEEDS_CHANNEL_REVIEW,NO_REVIEWED_PLATFORM_ACCOUNT_ID,False
twitch:acct_a0775e47ba13758c1935,twitch,,JaowMhe3Gus,https://www.twitch.tv/jaowmhe3gus,HOLD_NEEDS_CHANNEL_REVIEW,NO_REVIEWED_PLATFORM_ACCOUNT_ID,False
twitch:acct_a0c62f209e9db04160b0,twitch,,MisterZhenfeng,https://www.twitch.tv/misterzhenfeng,HOLD_NEEDS_CHANNEL_REVIEW,NO_REVIEWED_PLATFORM_ACCOUNT_ID,False
twitch:acct_a0df8e88b5d061d12a1a,twitch,,Banpratou,https://www.twitch.tv/banpratou,HOLD_NEEDS_CHANNEL_REVIEW,NO_REVIEWED_PLATFORM_ACCOUNT_ID,False
twitch:acct_a0ff92d6cfa3c141c8d5,twitch,,Alteria_ch,https://www.twitch.tv/alteria_ch,HOLD_NEEDS_CHANNEL_REVIEW,NO_REVIEWED_PLATFORM_ACCOUNT_ID,False
twitch:acct_a13572f7df94743510fe,twitch,,watermeawlon,https://www.twitch.tv/watermeawlon,HOLD_NEEDS_CHANNEL_REVIEW,NO_REVIEWED_PLATFORM_ACCOUNT_ID,False
twitch:acct_a1ad00d42f9580422802,twitch,,HokuPLG,https://www.twitch.tv/hokuplg,HOLD_NEEDS_CHANNEL_REVIEW,NO_REVIEWED_PLATFORM_ACCOUNT_ID,False
twitch:acct_a1e0f30ec036b8c9fc55,twitch,,ImsoGracechu,https://www.twitch.tv/imsogracechu,HOLD_NEEDS_CHANNEL_REVIEW,NO_REVIEWED_PLATFORM_ACCOUNT_ID,False
twitch:acct_a2366312ba99bd61610e,twitch,,Marzeline_IX,https://www.twitch.tv/marzeline_ix,HOLD_NEEDS_CHANNEL_REVIEW,NO_REVIEWED_PLATFORM_ACCOUNT_ID,False
twitch:acct_a2b780517e862ac2e02e,twitch,,CailleachV,https://www.twitch.tv/cailleachv,HOLD_NEEDS_CHANNEL_REVIEW,NO_REVIEWED_PLATFORM_ACCOUNT_ID,False
twitch:acct_a2dcf5d31d3179c2c41e,twitch,,dragooooon21,https://www.twitch.tv/dragooooon21,HOLD_NEEDS_CHANNEL_REVIEW,NO_REVIEWED_PLATFORM_ACCOUNT_ID,False
twitch:acct_a2ed8557ab591f976505,twitch,,pr_pikoro,https://www.twitch.tv/pr_pikoro,HOLD_NEEDS_CHANNEL_REVIEW,NO_REVIEWED_PLATFORM_ACCOUNT_ID,False
twitch:acct_a2f8132b791404f3fc1f,twitch,,princess_devv,https://www.twitch.tv/princess_devv,HOLD_NEEDS_CHANNEL_REVIEW,NO_REVIEWED_PLATFORM_ACCOUNT_ID,False
twitch:acct_a2fd7447a0fa05d79b59,twitch,,deathchannel_live,https://www.twitch.tv/deathchannel_live,HOLD_NEEDS_CHANNEL_REVIEW,NO_REVIEWED_PLATFORM_ACCOUNT_ID,False
twitch:acct_a35dd8c37321670f075c,twitch,,fiona_thegoat,https://www.twitch.tv/fiona_thegoat,HOLD_NEEDS_CHANNEL_REVIEW,NO_REVIEWED_PLATFORM_ACCOUNT_ID,False
twitch:acct_a38e07045d76780e88cb,twitch,,YuutaNatsuki,https://www.twitch.tv/yuutanatsuki,HOLD_NEEDS_CHANNEL_REVIEW,NO_REVIEWED_PLATFORM_ACCOUNT_ID,False
twitch:acct_a40ed7a3081dc98ecd8e,twitch,,HyougaAlpha,https://www.twitch.tv/hyougaalpha,HOLD_NEEDS_CHANNEL_REVIEW,NO_REVIEWED_PLATFORM_ACCOUNT_ID,False
twitch:acct_a44c0282e06d360114ca,twitch,,sonheathcliff,https://www.twitch.tv/sonheathcliff,HOLD_NEEDS_CHANNEL_REVIEW,NO_REVIEWED_PLATFORM_ACCOUNT_ID,False
twitch:acct_a45197ad4998a5dc4ce8,twitch,,KoriMisu,https://www.twitch.tv/korimisu,HOLD_NEEDS_CHANNEL_REVIEW,NO_REVIEWED_PLATFORM_ACCOUNT_ID,False
twitch:acct_a495dd0aa3cc80c1440f,twitch,,buruchannel,https://www.twitch.tv/buruchannel,HOLD_NEEDS_CHANNEL_REVIEW,NO_REVIEWED_PLATFORM_ACCOUNT_ID,False
twitch:acct_a495e6a888e14839ab42,twitch,,Bedeelia,https://www.twitch.tv/bedeelia,HOLD_NEEDS_CHANNEL_REVIEW,NO_REVIEWED_PLATFORM_ACCOUNT_ID,False
twitch:acct_a55bd79c1e039e7f31db,twitch,,kampheelnwza007,https://www.twitch.tv/kampheelnwza007,HOLD_NEEDS_CHANNEL_REVIEW,NO_REVIEWED_PLATFORM_ACCOUNT_ID,False
twitch:acct_a588be265d148d7d4de4,twitch,,zoomdesu,https://www.twitch.tv/zoomdesu,HOLD_NEEDS_CHANNEL_REVIEW,NO_REVIEWED_PLATFORM_ACCOUNT_ID,False
twitch:acct_a5ae871ee6e1f8ebae9e,twitch,,halowalkytalkie,https://www.twitch.tv/halowalkytalkie,HOLD_NEEDS_CHANNEL_REVIEW,NO_REVIEWED_PLATFORM_ACCOUNT_ID,False
twitch:acct_a5dc0e789a04853e0b4d,twitch,,kapusmeow,https://www.twitch.tv/kapusmeow,HOLD_NEEDS_CHANNEL_REVIEW,NO_REVIEWED_PLATFORM_ACCOUNT_ID,False
twitch:acct_a5ec8489a6e272289406,twitch,,thelittlenecromancer,https://www.twitch.tv/thelittlenecromancer,HOLD_NEEDS_CHANNEL_REVIEW,NO_REVIEWED_PLATFORM_ACCOUNT_ID,False
twitch:acct_a600bbbfed714e829f4a,twitch,,ZekaiARP,https://www.twitch.tv/zekaiarp,HOLD_NEEDS_CHANNEL_REVIEW,NO_REVIEWED_PLATFORM_ACCOUNT_ID,False
twitch:acct_a767c00de44aab5ed036,twitch,,AlexisWolf_live,https://www.twitch.tv/alexiswolf_live,HOLD_NEEDS_CHANNEL_REVIEW,NO_REVIEWED_PLATFORM_ACCOUNT_ID,False
twitch:acct_a772a98fa2dd3b161eb1,twitch,,Ar_MoZz,https://www.twitch.tv/ar_mozz,HOLD_NEEDS_CHANNEL_REVIEW,NO_REVIEWED_PLATFORM_ACCOUNT_ID,False
twitch:acct_a8d2da9d7dfb06493223,twitch,,todayissanday_,https://www.twitch.tv/todayissanday_,HOLD_NEEDS_CHANNEL_REVIEW,NO_REVIEWED_PLATFORM_ACCOUNT_ID,False
twitch:acct_a8e874bce4554f9cb153,twitch,,candycatdy,https://www.twitch.tv/candycatdy,HOLD_NEEDS_CHANNEL_REVIEW,NO_REVIEWED_PLATFORM_ACCOUNT_ID,False
twitch:acct_a96b0350a701b8dddb5a,twitch,,Eileennoir,https://www.twitch.tv/eileennoir,HOLD_NEEDS_CHANNEL_REVIEW,NO_REVIEWED_PLATFORM_ACCOUNT_ID,False
twitch:acct_a9798ca9d5697725f2e7,twitch,,ZeniaZs,https://www.twitch.tv/zeniazs,HOLD_NEEDS_CHANNEL_REVIEW,NO_REVIEWED_PLATFORM_ACCOUNT_ID,False
twitch:acct_a97f4fa7afb7ba5f50a3,twitch,,hamikodesu,https://www.twitch.tv/hamikodesu,HOLD_NEEDS_CHANNEL_REVIEW,NO_REVIEWED_PLATFORM_ACCOUNT_ID,False
twitch:acct_a98c773106083d40f431,twitch,,wilona_thegoat,https://www.twitch.tv/wilona_thegoat,HOLD_NEEDS_CHANNEL_REVIEW,NO_REVIEWED_PLATFORM_ACCOUNT_ID,False
twitch:acct_a99daaf43a375f9e18b5,twitch,,LilithRirisu,https://www.twitch.tv/lilithririsu,HOLD_NEEDS_CHANNEL_REVIEW,NO_REVIEWED_PLATFORM_ACCOUNT_ID,False
twitch:acct_a9fe1073f6225d09a96c,twitch,,InoRuka_012CQ,https://www.twitch.tv/inoruka_012cq,HOLD_NEEDS_CHANNEL_REVIEW,NO_REVIEWED_PLATFORM_ACCOUNT_ID,False
twitch:acct_aa059d27fb11e69c7be5,twitch,,AoiCrescent_,https://www.twitch.tv/aoicrescent_,HOLD_NEEDS_CHANNEL_REVIEW,NO_REVIEWED_PLATFORM_ACCOUNT_ID,False
twitch:acct_aaa5eacfb1c790a33316,twitch,,eeirlys,https://www.twitch.tv/eeirlys,HOLD_NEEDS_CHANNEL_REVIEW,NO_REVIEWED_PLATFORM_ACCOUNT_ID,False
twitch:acct_aaef0ad7d52ed3a66a44,twitch,,Akito_SOA,https://www.twitch.tv/akito_soa,HOLD_NEEDS_CHANNEL_REVIEW,NO_REVIEWED_PLATFORM_ACCOUNT_ID,False
twitch:acct_ab4aa4f1beb9f1b78db5,twitch,,BunniesCH,https://www.twitch.tv/bunniesch,HOLD_NEEDS_CHANNEL_REVIEW,NO_REVIEWED_PLATFORM_ACCOUNT_ID,False
twitch:acct_ac0108905fcb49dce825,twitch,,AimTraps,https://www.twitch.tv/aimtraps,HOLD_NEEDS_CHANNEL_REVIEW,NO_REVIEWED_PLATFORM_ACCOUNT_ID,False
twitch:acct_ac21b295018ff2640ca2,twitch,,Windwiss_,https://www.twitch.tv/windwiss_,HOLD_NEEDS_CHANNEL_REVIEW,NO_REVIEWED_PLATFORM_ACCOUNT_ID,False
twitch:acct_ac639c496445cfc94b8e,twitch,,RiccotaValentiea,https://www.twitch.tv/riccotavalentiea,HOLD_NEEDS_CHANNEL_REVIEW,NO_REVIEWED_PLATFORM_ACCOUNT_ID,False
twitch:acct_adc56181cb798abe3c25,twitch,,Torakaze_13,https://www.twitch.tv/torakaze_13,HOLD_NEEDS_CHANNEL_REVIEW,NO_REVIEWED_PLATFORM_ACCOUNT_ID,False
twitch:acct_ae0126bf33d20a3b0c13,twitch,,bluwey_11,https://www.twitch.tv/bluwey_11,HOLD_NEEDS_CHANNEL_REVIEW,NO_REVIEWED_PLATFORM_ACCOUNT_ID,False
twitch:acct_ae12de6e4769b32c47b5,twitch,,lipe_vtuber,https://www.twitch.tv/lipe_vtuber,HOLD_NEEDS_CHANNEL_REVIEW,NO_REVIEWED_PLATFORM_ACCOUNT_ID,False
twitch:acct_ae526c79bc765c51dee7,twitch,,uniinu_epr,https://www.twitch.tv/uniinu_epr,HOLD_NEEDS_CHANNEL_REVIEW,NO_REVIEWED_PLATFORM_ACCOUNT_ID,False
twitch:acct_ae9d3c105209cb93bec1,twitch,,Lonyanta,https://www.twitch.tv/lonyanta,HOLD_NEEDS_CHANNEL_REVIEW,NO_REVIEWED_PLATFORM_ACCOUNT_ID,False
twitch:acct_af835f348dd794f7339a,twitch,,fifi_vtuber,https://www.twitch.tv/fifi_vtuber,HOLD_NEEDS_CHANNEL_REVIEW,NO_REVIEWED_PLATFORM_ACCOUNT_ID,False
twitch:acct_afbe86cefe56d9ddfdee,twitch,,PlatinumRankWrath,https://www.twitch.tv/platinumrankwrath,HOLD_NEEDS_CHANNEL_REVIEW,NO_REVIEWED_PLATFORM_ACCOUNT_ID,False
twitch:acct_afe1d5e190c051989a39,twitch,,Lamppyz,https://www.twitch.tv/lamppyz,HOLD_NEEDS_CHANNEL_REVIEW,NO_REVIEWED_PLATFORM_ACCOUNT_ID,False
twitch:acct_b08f3987d610bedde85b,twitch,,artie_epr,https://www.twitch.tv/artie_epr,HOLD_NEEDS_CHANNEL_REVIEW,NO_REVIEWED_PLATFORM_ACCOUNT_ID,False
twitch:acct_b0fbec15bfcbde58e754,twitch,,XinXaneTH,https://www.twitch.tv/xinxaneth,HOLD_NEEDS_CHANNEL_REVIEW,NO_REVIEWED_PLATFORM_ACCOUNT_ID,False
twitch:acct_b12af9d7f141073d7fb2,twitch,,AnzelleAltoclef,https://www.twitch.tv/anzellealtoclef,HOLD_NEEDS_CHANNEL_REVIEW,NO_REVIEWED_PLATFORM_ACCOUNT_ID,False
twitch:acct_b19cae0a184e254ea92f,twitch,,Unnämed,https://twitch.tv/unnamednow00,HOLD_NEEDS_CHANNEL_REVIEW,NO_REVIEWED_PLATFORM_ACCOUNT_ID,False
twitch:acct_b21086fb90f5b770d18e,twitch,,newbienight_,https://www.twitch.tv/newbienight_,HOLD_NEEDS_CHANNEL_REVIEW,NO_REVIEWED_PLATFORM_ACCOUNT_ID,False
twitch:acct_b22c26473602f37b7cdb,twitch,,ZacfromZac,https://www.twitch.tv/zacfromzac,HOLD_NEEDS_CHANNEL_REVIEW,NO_REVIEWED_PLATFORM_ACCOUNT_ID,False
twitch:acct_b2566d8711cffad5f0d1,twitch,,GGramMay,https://www.twitch.tv/ggrammay,HOLD_NEEDS_CHANNEL_REVIEW,NO_REVIEWED_PLATFORM_ACCOUNT_ID,False
twitch:acct_b26571532231f5d68e53,twitch,,stellarparticle45vg8hn,https://www.twitch.tv/stellarparticle45vg8hn,HOLD_NEEDS_CHANNEL_REVIEW,NO_REVIEWED_PLATFORM_ACCOUNT_ID,False
twitch:acct_b2e3b5ded77caa368285,twitch,,phelita_epr,https://www.twitch.tv/phelita_epr,HOLD_NEEDS_CHANNEL_REVIEW,NO_REVIEWED_PLATFORM_ACCOUNT_ID,False
twitch:acct_b2fa8acbe239fb876bb8,twitch,,Momineko,https://www.twitch.tv/momineko,HOLD_NEEDS_CHANNEL_REVIEW,NO_REVIEWED_PLATFORM_ACCOUNT_ID,False
twitch:acct_b30fd02c67cac6e623cc,twitch,,permadeathchannel,https://www.twitch.tv/permadeathchannel,HOLD_NEEDS_CHANNEL_REVIEW,NO_REVIEWED_PLATFORM_ACCOUNT_ID,False
twitch:acct_b3100556953732bab68c,twitch,,amnuai_,https://www.twitch.tv/amnuai_,HOLD_NEEDS_CHANNEL_REVIEW,NO_REVIEWED_PLATFORM_ACCOUNT_ID,False
twitch:acct_b35d6704990536d35e6f,twitch,,Snowfern_,https://www.twitch.tv/snowfern_,HOLD_NEEDS_CHANNEL_REVIEW,NO_REVIEWED_PLATFORM_ACCOUNT_ID,False
twitch:acct_b379c01d1190a7841f39,twitch,,CooGa07,https://www.twitch.tv/cooga07,HOLD_NEEDS_CHANNEL_REVIEW,NO_REVIEWED_PLATFORM_ACCOUNT_ID,False
twitch:acct_b3df0e23c7c14622ad03,twitch,,MiraLuna_mocha,https://www.twitch.tv/miraluna_mocha,HOLD_NEEDS_CHANNEL_REVIEW,NO_REVIEWED_PLATFORM_ACCOUNT_ID,False
twitch:acct_b40e17cc979243060358,twitch,,ToFireKisu,https://www.twitch.tv/tofirekisu,HOLD_NEEDS_CHANNEL_REVIEW,NO_REVIEWED_PLATFORM_ACCOUNT_ID,False
twitch:acct_b40ea045796ed1f1bc97,twitch,,blu3koi,https://www.twitch.tv/blu3koi,HOLD_NEEDS_CHANNEL_REVIEW,NO_REVIEWED_PLATFORM_ACCOUNT_ID,False
twitch:acct_b4a3a901c0f9ee2fffcb,twitch,,KitsuneKumiChan,https://www.twitch.tv/kitsunekumichan,HOLD_NEEDS_CHANNEL_REVIEW,NO_REVIEWED_PLATFORM_ACCOUNT_ID,False
twitch:acct_b4a91a2660854cfc37b1,twitch,,azuri_prd,https://www.twitch.tv/azuri_prd,HOLD_NEEDS_CHANNEL_REVIEW,NO_REVIEWED_PLATFORM_ACCOUNT_ID,False
twitch:acct_b5354d63960f734bfcd0,twitch,,RinnaRinRN,https://www.twitch.tv/rinnarinrn,HOLD_NEEDS_CHANNEL_REVIEW,NO_REVIEWED_PLATFORM_ACCOUNT_ID,False
twitch:acct_b5ef14fca767fbf1020f,twitch,,zuruya_kirari,https://www.twitch.tv/zuruya_kirari,HOLD_NEEDS_CHANNEL_REVIEW,NO_REVIEWED_PLATFORM_ACCOUNT_ID,False
twitch:acct_b5f924fb5816ed51f3bd,twitch,,Sam_Su_Stream_Ch,https://www.twitch.tv/sam_su_stream_ch,HOLD_NEEDS_CHANNEL_REVIEW,NO_REVIEWED_PLATFORM_ACCOUNT_ID,False
twitch:acct_b617b582232a9bef368a,twitch,,Breindel_the_duck,https://www.twitch.tv/breindel_the_duck,HOLD_NEEDS_CHANNEL_REVIEW,NO_REVIEWED_PLATFORM_ACCOUNT_ID,False
twitch:acct_b69178d0135078c89b5a,twitch,,mika_112233,https://www.twitch.tv/mika_112233,HOLD_NEEDS_CHANNEL_REVIEW,NO_REVIEWED_PLATFORM_ACCOUNT_ID,False
twitch:acct_b7997cb163472c66f005,twitch,,NongwanTV,https://www.twitch.tv/nongwantv,HOLD_NEEDS_CHANNEL_REVIEW,NO_REVIEWED_PLATFORM_ACCOUNT_ID,False
twitch:acct_b825bfa9f981347b7f3d,twitch,,Rayfinix,https://www.twitch.tv/rayfinix,HOLD_NEEDS_CHANNEL_REVIEW,NO_REVIEWED_PLATFORM_ACCOUNT_ID,False
twitch:acct_b8ee59c4ab96905233ce,twitch,,eliesamuofficial,https://www.twitch.tv/eliesamuofficial,HOLD_NEEDS_CHANNEL_REVIEW,NO_REVIEWED_PLATFORM_ACCOUNT_ID,False
twitch:acct_b9abba076ceac3d145f5,twitch,,hebitsukaivtuber,https://www.twitch.tv/hebitsukaivtuber,HOLD_NEEDS_CHANNEL_REVIEW,NO_REVIEWED_PLATFORM_ACCOUNT_ID,False
twitch:acct_ba8d33b34861948bb6d6,twitch,,PPrincess_Devil,https://www.twitch.tv/pprincess_devil,HOLD_NEEDS_CHANNEL_REVIEW,NO_REVIEWED_PLATFORM_ACCOUNT_ID,False
twitch:acct_babfb9bb0931ca71c37d,twitch,,emuofficial07,https://www.twitch.tv/emuofficial07,HOLD_NEEDS_CHANNEL_REVIEW,NO_REVIEWED_PLATFORM_ACCOUNT_ID,False
twitch:acct_bb429ae3a371f14a596b,twitch,,Hamakung,https://www.twitch.tv/hamakung,HOLD_NEEDS_CHANNEL_REVIEW,NO_REVIEWED_PLATFORM_ACCOUNT_ID,False
twitch:acct_bb630793647484d9397c,twitch,,MomayAllegrala,https://www.twitch.tv/momayallegrala,HOLD_NEEDS_CHANNEL_REVIEW,NO_REVIEWED_PLATFORM_ACCOUNT_ID,False
twitch:acct_bb63b004e62bd7f87f4a,twitch,,nicole_blank,https://www.twitch.tv/nicole_blank,HOLD_NEEDS_CHANNEL_REVIEW,NO_REVIEWED_PLATFORM_ACCOUNT_ID,False
twitch:acct_bbcb5a10ca0ce87aceb2,twitch,,Maewuvchan,https://www.twitch.tv/maewuvchan,HOLD_NEEDS_CHANNEL_REVIEW,NO_REVIEWED_PLATFORM_ACCOUNT_ID,False
twitch:acct_bc4959b86d71d928542c,twitch,,Karatsuma,https://www.twitch.tv/karatsuma,HOLD_NEEDS_CHANNEL_REVIEW,NO_REVIEWED_PLATFORM_ACCOUNT_ID,False
twitch:acct_bc64045b015e486bbe04,twitch,,khaiode,https://www.twitch.tv/khaiode,HOLD_NEEDS_CHANNEL_REVIEW,NO_REVIEWED_PLATFORM_ACCOUNT_ID,False
twitch:acct_bcf567b24b9f69705ae8,twitch,,sleepfii_zzz,https://www.twitch.tv/sleepfii_zzz,HOLD_NEEDS_CHANNEL_REVIEW,NO_REVIEWED_PLATFORM_ACCOUNT_ID,False
twitch:acct_bd0ebd686a211640059f,twitch,,urein4z,https://www.twitch.tv/urein4z,HOLD_NEEDS_CHANNEL_REVIEW,NO_REVIEWED_PLATFORM_ACCOUNT_ID,False
twitch:acct_bd2ed952ea926da341bd,twitch,,kevara_epr,https://www.twitch.tv/kevara_epr,HOLD_NEEDS_CHANNEL_REVIEW,NO_REVIEWED_PLATFORM_ACCOUNT_ID,False
twitch:acct_bd483de3882d8643c24c,twitch,,HoukaRito,https://www.twitch.tv/houkarito,HOLD_NEEDS_CHANNEL_REVIEW,NO_REVIEWED_PLATFORM_ACCOUNT_ID,False
twitch:acct_bd8414d013d95df8d9f1,twitch,,Kirine21,https://www.twitch.tv/kirine21,HOLD_NEEDS_CHANNEL_REVIEW,NO_REVIEWED_PLATFORM_ACCOUNT_ID,False
twitch:acct_bda85097571ef170dd83,twitch,,michann_n,https://www.twitch.tv/michann_n,HOLD_NEEDS_CHANNEL_REVIEW,NO_REVIEWED_PLATFORM_ACCOUNT_ID,False
twitch:acct_bdea988635e342549342,twitch,,talkywalkytalky,https://www.twitch.tv/talkywalkytalky,HOLD_NEEDS_CHANNEL_REVIEW,NO_REVIEWED_PLATFORM_ACCOUNT_ID,False
twitch:acct_be0f420558f0ddfae834,twitch,,aerithe,https://www.twitch.tv/aerithe,HOLD_NEEDS_CHANNEL_REVIEW,NO_REVIEWED_PLATFORM_ACCOUNT_ID,False
twitch:acct_be3a00771932f271e934,twitch,,123DPx,https://www.twitch.tv/123dpx,HOLD_NEEDS_CHANNEL_REVIEW,NO_REVIEWED_PLATFORM_ACCOUNT_ID,False
twitch:acct_be8ac2fc5f7326f41288,twitch,,Mao_Ojisan,https://www.twitch.tv/mao_ojisan,HOLD_NEEDS_CHANNEL_REVIEW,NO_REVIEWED_PLATFORM_ACCOUNT_ID,False
twitch:acct_bf01000f3038fb177afa,twitch,,Zanirr,https://www.twitch.tv/zanirr,HOLD_NEEDS_CHANNEL_REVIEW,NO_REVIEWED_PLATFORM_ACCOUNT_ID,False
twitch:acct_bf21a95675deec6e9472,twitch,,eryx_n,https://www.twitch.tv/eryx_n,HOLD_NEEDS_CHANNEL_REVIEW,NO_REVIEWED_PLATFORM_ACCOUNT_ID,False
twitch:acct_bf5bc411c427a6ab547e,twitch,,5erath,https://www.twitch.tv/5erath,HOLD_NEEDS_CHANNEL_REVIEW,NO_REVIEWED_PLATFORM_ACCOUNT_ID,False
twitch:acct_bf8279f94f0da288f6d1,twitch,,Midnightafter12AM,https://www.twitch.tv/midnightafter12am,HOLD_NEEDS_CHANNEL_REVIEW,NO_REVIEWED_PLATFORM_ACCOUNT_ID,False
twitch:acct_bfa02b2957f4aad7c1dc,twitch,,estxr_CH,https://www.twitch.tv/estxr_ch,HOLD_NEEDS_CHANNEL_REVIEW,NO_REVIEWED_PLATFORM_ACCOUNT_ID,False
twitch:acct_c037395c1fdac52827f1,twitch,,RuLaRaLan,https://www.twitch.tv/rularalan,HOLD_NEEDS_CHANNEL_REVIEW,NO_REVIEWED_PLATFORM_ACCOUNT_ID,False
twitch:acct_c05ccdb25de4a6b98a6f,twitch,,pikanoir_vtuber,https://www.twitch.tv/pikanoir_vtuber,HOLD_NEEDS_CHANNEL_REVIEW,NO_REVIEWED_PLATFORM_ACCOUNT_ID,False
twitch:acct_c0d51c510dfbd188d1fd,twitch,,kimerano27,https://www.twitch.tv/kimerano27,HOLD_NEEDS_CHANNEL_REVIEW,NO_REVIEWED_PLATFORM_ACCOUNT_ID,False
twitch:acct_c13b766677578f9ff137,twitch,,runbell_,https://www.twitch.tv/runbell_,HOLD_NEEDS_CHANNEL_REVIEW,NO_REVIEWED_PLATFORM_ACCOUNT_ID,False
twitch:acct_c14b8cce9ac440685c07,twitch,,jisooman18,https://www.twitch.tv/jisooman18,HOLD_NEEDS_CHANNEL_REVIEW,NO_REVIEWED_PLATFORM_ACCOUNT_ID,False
twitch:acct_c1c5b28b885f7eb2991b,twitch,,JellMellO,https://www.twitch.tv/jellmello,HOLD_NEEDS_CHANNEL_REVIEW,NO_REVIEWED_PLATFORM_ACCOUNT_ID,False
twitch:acct_c1e717d8c8cab92309ff,twitch,,MilyniTivona,https://www.twitch.tv/milynitivona,HOLD_NEEDS_CHANNEL_REVIEW,NO_REVIEWED_PLATFORM_ACCOUNT_ID,False
twitch:acct_c1f0d6c267fb74491331,twitch,,thorlar,https://www.twitch.tv/thorlar,HOLD_NEEDS_CHANNEL_REVIEW,NO_REVIEWED_PLATFORM_ACCOUNT_ID,False
twitch:acct_c254b1887659622b881e,twitch,,t4e0h,https://www.twitch.tv/t4e0h,HOLD_NEEDS_CHANNEL_REVIEW,NO_REVIEWED_PLATFORM_ACCOUNT_ID,False
twitch:acct_c28ebcbf043031025664,twitch,,V8tie,https://www.twitch.tv/v8tie,HOLD_NEEDS_CHANNEL_REVIEW,NO_REVIEWED_PLATFORM_ACCOUNT_ID,False
twitch:acct_c28ef0551e672e32f423,twitch,,Neumond_,https://www.twitch.tv/neumond_,HOLD_NEEDS_CHANNEL_REVIEW,NO_REVIEWED_PLATFORM_ACCOUNT_ID,False
twitch:acct_c34dc20addfb407dea0a,twitch,,AmariSeki,https://www.twitch.tv/amariseki,HOLD_NEEDS_CHANNEL_REVIEW,NO_REVIEWED_PLATFORM_ACCOUNT_ID,False
twitch:acct_c3881fbe6328d7ed4804,twitch,,jcvtuber,https://www.twitch.tv/jcvtuber,HOLD_NEEDS_CHANNEL_REVIEW,NO_REVIEWED_PLATFORM_ACCOUNT_ID,False
twitch:acct_c3a54c0a9ad3e4ce9b60,twitch,,maddoxtheorder,https://www.twitch.tv/maddoxtheorder,HOLD_NEEDS_CHANNEL_REVIEW,NO_REVIEWED_PLATFORM_ACCOUNT_ID,False
twitch:acct_c519f2e046ab3b3a07d9,twitch,,maliceevermore,https://www.twitch.tv/maliceevermore,HOLD_NEEDS_CHANNEL_REVIEW,NO_REVIEWED_PLATFORM_ACCOUNT_ID,False
twitch:acct_c52a496857e3d4a06877,twitch,,jayda_suaymak,https://www.twitch.tv/jayda_suaymak,HOLD_NEEDS_CHANNEL_REVIEW,NO_REVIEWED_PLATFORM_ACCOUNT_ID,False
twitch:acct_c539cd0f4dd5ef89afe2,twitch,,JubzLova,https://www.twitch.tv/jubzlova,HOLD_NEEDS_CHANNEL_REVIEW,NO_REVIEWED_PLATFORM_ACCOUNT_ID,False
twitch:acct_c5b0d560e2234a673532,twitch,,KitadesuS1,https://www.twitch.tv/kitadesus1,HOLD_NEEDS_CHANNEL_REVIEW,NO_REVIEWED_PLATFORM_ACCOUNT_ID,False
twitch:acct_c5bb6f59c0643c59f06b,twitch,,meltildavt,https://www.twitch.tv/meltildavt,HOLD_NEEDS_CHANNEL_REVIEW,NO_REVIEWED_PLATFORM_ACCOUNT_ID,False
twitch:acct_c604e43bc13f39525948,twitch,,Lanrotte,https://www.twitch.tv/lanrotte,HOLD_NEEDS_CHANNEL_REVIEW,NO_REVIEWED_PLATFORM_ACCOUNT_ID,False
twitch:acct_c61e6992068cc6f763b2,twitch,,AsmodeuSia_BLB,https://www.twitch.tv/asmodeusia_blb,HOLD_NEEDS_CHANNEL_REVIEW,NO_REVIEWED_PLATFORM_ACCOUNT_ID,False
twitch:acct_c6d23ff57f2b9c4dbdba,twitch,,lennox_ley,https://www.twitch.tv/lennox_ley,HOLD_NEEDS_CHANNEL_REVIEW,NO_REVIEWED_PLATFORM_ACCOUNT_ID,False
twitch:acct_c7414eb6375e6ad9bcd4,twitch,,Calmmunessu,https://www.twitch.tv/calmmunessu,HOLD_NEEDS_CHANNEL_REVIEW,NO_REVIEWED_PLATFORM_ACCOUNT_ID,False
twitch:acct_c7451127902f262d84cb,twitch,,Nora_Vanadiz,https://www.twitch.tv/nora_vanadiz,HOLD_NEEDS_CHANNEL_REVIEW,NO_REVIEWED_PLATFORM_ACCOUNT_ID,False
twitch:acct_c79dab467d8b3d133ce5,twitch,,Haine_vv,https://www.twitch.tv/haine_vv,HOLD_NEEDS_CHANNEL_REVIEW,NO_REVIEWED_PLATFORM_ACCOUNT_ID,False
twitch:acct_c8649de0580207e18227,twitch,,pochiimo,https://www.twitch.tv/pochiimo,HOLD_NEEDS_CHANNEL_REVIEW,NO_REVIEWED_PLATFORM_ACCOUNT_ID,False
twitch:acct_c8e8cd28b238d1715742,twitch,,WalkyTalky404,https://www.twitch.tv/walkytalky404,HOLD_NEEDS_CHANNEL_REVIEW,NO_REVIEWED_PLATFORM_ACCOUNT_ID,False
twitch:acct_c942274cc10678a8b1a6,twitch,,angryjellyfish_,https://www.twitch.tv/angryjellyfish_,HOLD_NEEDS_CHANNEL_REVIEW,NO_REVIEWED_PLATFORM_ACCOUNT_ID,False
twitch:acct_c9f7b5fce903b8b0a0ab,twitch,,しばけんちゃ,https://www.twitch.tv/sibakencha,HOLD_NEEDS_CHANNEL_REVIEW,NO_REVIEWED_PLATFORM_ACCOUNT_ID,False
twitch:acct_ca0ce433f7cd146603dc,twitch,,justsheathings,https://www.twitch.tv/justsheathings,HOLD_NEEDS_CHANNEL_REVIEW,NO_REVIEWED_PLATFORM_ACCOUNT_ID,False
twitch:acct_ca1e85ed79a27dbc32ec,twitch,,ShiroiKumaTan,https://www.twitch.tv/shiroikumatan,HOLD_NEEDS_CHANNEL_REVIEW,NO_REVIEWED_PLATFORM_ACCOUNT_ID,False
twitch:acct_cadecd349f620d2f10d4,twitch,,MillYBilL,https://www.twitch.tv/millybill,HOLD_NEEDS_CHANNEL_REVIEW,NO_REVIEWED_PLATFORM_ACCOUNT_ID,False
twitch:acct_cb96710f85b47a317457,twitch,,vtuberkono,https://www.twitch.tv/vtuberkono,HOLD_NEEDS_CHANNEL_REVIEW,NO_REVIEWED_PLATFORM_ACCOUNT_ID,False
twitch:acct_cb9ea8d783e2f5224cbc,twitch,,Estelle_Wil,https://www.twitch.tv/estelle_wil,HOLD_NEEDS_CHANNEL_REVIEW,NO_REVIEWED_PLATFORM_ACCOUNT_ID,False
twitch:acct_cbabeb7a0eb5c25c7ce7,twitch,,kumorimaa,https://www.twitch.tv/kumorimaa,HOLD_NEEDS_CHANNEL_REVIEW,NO_REVIEWED_PLATFORM_ACCOUNT_ID,False
twitch:acct_cbbc4dab17ced3942f75,twitch,,RheaChannel,https://www.twitch.tv/rheachannel,HOLD_NEEDS_CHANNEL_REVIEW,NO_REVIEWED_PLATFORM_ACCOUNT_ID,False
twitch:acct_cbbca86293badda9268a,twitch,,harumatchi,https://www.twitch.tv/harumatchi,HOLD_NEEDS_CHANNEL_REVIEW,NO_REVIEWED_PLATFORM_ACCOUNT_ID,False
twitch:acct_cc1686c2000988961022,twitch,,kaivtuber___,https://www.twitch.tv/kaivtuber___,HOLD_NEEDS_CHANNEL_REVIEW,NO_REVIEWED_PLATFORM_ACCOUNT_ID,False
twitch:acct_cccfb6871b5dbd5521bf,twitch,,hikarisrsn,https://www.twitch.tv/hikarisrsn,HOLD_NEEDS_CHANNEL_REVIEW,NO_REVIEWED_PLATFORM_ACCOUNT_ID,False
twitch:acct_cd0ee09b88f49c94db97,twitch,,ThinaBorboleta,https://www.twitch.tv/thinaborboleta,HOLD_NEEDS_CHANNEL_REVIEW,NO_REVIEWED_PLATFORM_ACCOUNT_ID,False
twitch:acct_cd65bff2f0c15b924b7d,twitch,,seoulsmoker,https://www.twitch.tv/seoulsmoker,HOLD_NEEDS_CHANNEL_REVIEW,NO_REVIEWED_PLATFORM_ACCOUNT_ID,False
twitch:acct_cd6ad328b272b42443c0,twitch,,papakatsuvt,https://www.twitch.tv/papakatsuvt,HOLD_NEEDS_CHANNEL_REVIEW,NO_REVIEWED_PLATFORM_ACCOUNT_ID,False
twitch:acct_cd7528f2c194e41299f0,twitch,,Nightmary_cia,https://www.twitch.tv/nightmary_cia,HOLD_NEEDS_CHANNEL_REVIEW,NO_REVIEWED_PLATFORM_ACCOUNT_ID,False
twitch:acct_cdb264bf97862090c4fa,twitch,,Yena_Hwang,https://www.twitch.tv/yena_hwang,HOLD_NEEDS_CHANNEL_REVIEW,NO_REVIEWED_PLATFORM_ACCOUNT_ID,False
twitch:acct_ce9f0e765fb6976b004f,twitch,,Mellowlop,https://www.twitch.tv/mellowlop,HOLD_NEEDS_CHANNEL_REVIEW,NO_REVIEWED_PLATFORM_ACCOUNT_ID,False
twitch:acct_ceaca9add9b36ce7da5a,twitch,,buffpup,https://www.twitch.tv/buffpup,HOLD_NEEDS_CHANNEL_REVIEW,NO_REVIEWED_PLATFORM_ACCOUNT_ID,False
twitch:acct_ced3aeae4453ab48651d,twitch,,HonoruLynn,https://www.twitch.tv/honorulynn,HOLD_NEEDS_CHANNEL_REVIEW,NO_REVIEWED_PLATFORM_ACCOUNT_ID,False
twitch:acct_cf03d02f67c916ac9b9a,twitch,,VermillionVT,https://www.twitch.tv/vermillionvt,HOLD_NEEDS_CHANNEL_REVIEW,NO_REVIEWED_PLATFORM_ACCOUNT_ID,False
twitch:acct_cf2f282ba87a05febb2e,twitch,,impfy,https://www.twitch.tv/impfy,HOLD_NEEDS_CHANNEL_REVIEW,NO_REVIEWED_PLATFORM_ACCOUNT_ID,False
twitch:acct_cf8495b616ad439d8403,twitch,,hoshino_kuroi,https://www.twitch.tv/hoshino_kuroi,HOLD_NEEDS_CHANNEL_REVIEW,NO_REVIEWED_PLATFORM_ACCOUNT_ID,False
twitch:acct_cf880d235db8f665c403,twitch,,halonhashi,https://www.twitch.tv/halonhashi,HOLD_NEEDS_CHANNEL_REVIEW,NO_REVIEWED_PLATFORM_ACCOUNT_ID,False
twitch:acct_cf8c2863806c97eb2905,twitch,,alparuvtuber,https://www.twitch.tv/alparuvtuber,HOLD_NEEDS_CHANNEL_REVIEW,NO_REVIEWED_PLATFORM_ACCOUNT_ID,False
twitch:acct_d0cf6e4a28894a3f2acf,twitch,,pares_spacedog,https://www.twitch.tv/pares_spacedog,HOLD_NEEDS_CHANNEL_REVIEW,NO_REVIEWED_PLATFORM_ACCOUNT_ID,False
twitch:acct_d1145871cd39b06eafcf,twitch,,k3sh1k1,https://www.twitch.tv/k3sh1k1,HOLD_NEEDS_CHANNEL_REVIEW,NO_REVIEWED_PLATFORM_ACCOUNT_ID,False
twitch:acct_d1c7320cb20c45578ba4,twitch,,Neplilnaigh,https://www.twitch.tv/neplilnaigh,HOLD_NEEDS_CHANNEL_REVIEW,NO_REVIEWED_PLATFORM_ACCOUNT_ID,False
twitch:acct_d2893cce7043f3932d76,twitch,,altriaz_,https://www.twitch.tv/altriaz_,HOLD_NEEDS_CHANNEL_REVIEW,NO_REVIEWED_PLATFORM_ACCOUNT_ID,False
twitch:acct_d2eaaa4d24207f5ce70c,twitch,,railoney,https://www.twitch.tv/railoney,HOLD_NEEDS_CHANNEL_REVIEW,NO_REVIEWED_PLATFORM_ACCOUNT_ID,False
twitch:acct_d35f651533208e242d33,twitch,,XroSetsuna,https://www.twitch.tv/xrosetsuna,HOLD_NEEDS_CHANNEL_REVIEW,NO_REVIEWED_PLATFORM_ACCOUNT_ID,False
twitch:acct_d37e47e0d82657b6956e,twitch,,XzestzExzeda,https://www.twitch.tv/xzestzexzeda,HOLD_NEEDS_CHANNEL_REVIEW,NO_REVIEWED_PLATFORM_ACCOUNT_ID,False
twitch:acct_d3bf9e8709acd4f8a911,twitch,,ririkassr67,https://www.twitch.tv/ririkassr67,HOLD_NEEDS_CHANNEL_REVIEW,NO_REVIEWED_PLATFORM_ACCOUNT_ID,False
twitch:acct_d3c9386ce330a7c41871,twitch,,laychlype_alf,https://www.twitch.tv/laychlype_alf,HOLD_NEEDS_CHANNEL_REVIEW,NO_REVIEWED_PLATFORM_ACCOUNT_ID,False
twitch:acct_d3e3a12f9f3c506eea5a,twitch,,StagflationTV,https://www.twitch.tv/stagflationtv,HOLD_NEEDS_CHANNEL_REVIEW,NO_REVIEWED_PLATFORM_ACCOUNT_ID,False
twitch:acct_d451e7ce6b4c1e30e0f6,twitch,,phumarine_phuma,https://www.twitch.tv/phumarine_phuma,HOLD_NEEDS_CHANNEL_REVIEW,NO_REVIEWED_PLATFORM_ACCOUNT_ID,False
twitch:acct_d4e5afd9730168caa5d7,twitch,,Yuno Ichika,https://twitch.tv/ichika_vt,HOLD_NEEDS_CHANNEL_REVIEW,NO_REVIEWED_PLATFORM_ACCOUNT_ID,False
twitch:acct_d50d1de20b0fd17df847,twitch,,AynaARP,https://www.twitch.tv/aynaarp,HOLD_NEEDS_CHANNEL_REVIEW,NO_REVIEWED_PLATFORM_ACCOUNT_ID,False
twitch:acct_d526ee0229f1d003ef96,twitch,,raitokuntw,https://www.twitch.tv/raitokuntw,HOLD_NEEDS_CHANNEL_REVIEW,NO_REVIEWED_PLATFORM_ACCOUNT_ID,False
twitch:acct_d5431baf2dfcbd2d6762,twitch,,imnotxerliaa,https://www.twitch.tv/imnotxerliaa,HOLD_NEEDS_CHANNEL_REVIEW,NO_REVIEWED_PLATFORM_ACCOUNT_ID,False
twitch:acct_d566a3bf6b37fe8fe275,twitch,,JuriVT,https://www.twitch.tv/jurivt,HOLD_NEEDS_CHANNEL_REVIEW,NO_REVIEWED_PLATFORM_ACCOUNT_ID,False
twitch:acct_d5778e74265d0b4908a8,twitch,,dmuofficial,https://www.twitch.tv/dmuofficial,HOLD_NEEDS_CHANNEL_REVIEW,NO_REVIEWED_PLATFORM_ACCOUNT_ID,False
twitch:acct_d5a5738b0130734ea1be,twitch,,shirowashi__,https://www.twitch.tv/shirowashi__,HOLD_NEEDS_CHANNEL_REVIEW,NO_REVIEWED_PLATFORM_ACCOUNT_ID,False
twitch:acct_d5a5e1ee03eadc1f6917,twitch,,aidenshia,https://www.twitch.tv/aidenshia,HOLD_NEEDS_CHANNEL_REVIEW,NO_REVIEWED_PLATFORM_ACCOUNT_ID,False
twitch:acct_d5dab4bf78cd864fac43,twitch,,hwaruuuuuuu,https://www.twitch.tv/hwaruuuuuuu,HOLD_NEEDS_CHANNEL_REVIEW,NO_REVIEWED_PLATFORM_ACCOUNT_ID,False
twitch:acct_d65071ac54ff33782251,twitch,,kathic_ch_13,https://www.twitch.tv/kathic_ch_13,HOLD_NEEDS_CHANNEL_REVIEW,NO_REVIEWED_PLATFORM_ACCOUNT_ID,False
twitch:acct_d68b0f85022f17913abd,twitch,,AstralVMoonlight,https://www.twitch.tv/astralvmoonlight,HOLD_NEEDS_CHANNEL_REVIEW,NO_REVIEWED_PLATFORM_ACCOUNT_ID,False
twitch:acct_d6b3e046c14ba31df98e,twitch,,linktijger,https://www.twitch.tv/linktijger,HOLD_NEEDS_CHANNEL_REVIEW,NO_REVIEWED_PLATFORM_ACCOUNT_ID,False
twitch:acct_d6f0b0348672be04ae91,twitch,,siztar_alea,https://www.twitch.tv/siztar_alea,HOLD_NEEDS_CHANNEL_REVIEW,NO_REVIEWED_PLATFORM_ACCOUNT_ID,False
twitch:acct_d735c9afcad02e399d2f,twitch,,DeliCiae_v,https://www.twitch.tv/deliciae_v,HOLD_NEEDS_CHANNEL_REVIEW,NO_REVIEWED_PLATFORM_ACCOUNT_ID,False
twitch:acct_d75d7b60fb0bb6afb8fe,twitch,,Neko_Tamashii,https://www.twitch.tv/neko_tamashii,HOLD_NEEDS_CHANNEL_REVIEW,NO_REVIEWED_PLATFORM_ACCOUNT_ID,False
twitch:acct_d776a34d791d27d6b614,twitch,,TaeZo_,https://www.twitch.tv/taezo_,HOLD_NEEDS_CHANNEL_REVIEW,NO_REVIEWED_PLATFORM_ACCOUNT_ID,False
twitch:acct_d7a10faaffebebaa1a81,twitch,,jujuJulienne,https://www.twitch.tv/jujujulienne,HOLD_NEEDS_CHANNEL_REVIEW,NO_REVIEWED_PLATFORM_ACCOUNT_ID,False
twitch:acct_d7e9513d4d876b6c4a3a,twitch,,cath_na,https://www.twitch.tv/cath_na,HOLD_NEEDS_CHANNEL_REVIEW,NO_REVIEWED_PLATFORM_ACCOUNT_ID,False
twitch:acct_d84e18ace3786d2d48dc,twitch,,morinplanet,https://www.twitch.tv/morinplanet,HOLD_NEEDS_CHANNEL_REVIEW,NO_REVIEWED_PLATFORM_ACCOUNT_ID,False
twitch:acct_d852e77313ada6be2c2c,twitch,,kerori_raika,https://www.twitch.tv/kerori_raika,HOLD_NEEDS_CHANNEL_REVIEW,NO_REVIEWED_PLATFORM_ACCOUNT_ID,False
twitch:acct_d8779b1f64c254babb5d,twitch,,ZenaidaXETA102,https://www.twitch.tv/zenaidaxeta102,HOLD_NEEDS_CHANNEL_REVIEW,NO_REVIEWED_PLATFORM_ACCOUNT_ID,False
twitch:acct_d8d2a638484a91556a36,twitch,,WolfFadeX,https://www.twitch.tv/wolffadex,HOLD_NEEDS_CHANNEL_REVIEW,NO_REVIEWED_PLATFORM_ACCOUNT_ID,False
twitch:acct_d97448d152f24ed544ca,twitch,,zayngloucester,https://www.twitch.tv/zayngloucester,HOLD_NEEDS_CHANNEL_REVIEW,NO_REVIEWED_PLATFORM_ACCOUNT_ID,False
twitch:acct_da00a3ee2f763d80e8cf,twitch,,Jamilah_nm,https://www.twitch.tv/jamilah_nm,HOLD_NEEDS_CHANNEL_REVIEW,NO_REVIEWED_PLATFORM_ACCOUNT_ID,False
twitch:acct_da7d537f7bdeb597d5a3,twitch,,lnw_neuatong,https://www.twitch.tv/lnw_neuatong,HOLD_NEEDS_CHANNEL_REVIEW,NO_REVIEWED_PLATFORM_ACCOUNT_ID,False
twitch:acct_db7d03070371a190bed1,twitch,,memefrug,https://www.twitch.tv/memefrug,HOLD_NEEDS_CHANNEL_REVIEW,NO_REVIEWED_PLATFORM_ACCOUNT_ID,False
twitch:acct_db9e0eea75d5a50c23f4,twitch,,miledyz,https://www.twitch.tv/miledyz,HOLD_NEEDS_CHANNEL_REVIEW,NO_REVIEWED_PLATFORM_ACCOUNT_ID,False
twitch:acct_dc6ae7d9452d01443018,twitch,,J3llych0ux,https://www.twitch.tv/j3llych0ux,HOLD_NEEDS_CHANNEL_REVIEW,NO_REVIEWED_PLATFORM_ACCOUNT_ID,False
twitch:acct_dc6f0d40c2ef24fd6a2d,twitch,,LyonDeGladiolus,https://www.twitch.tv/lyondegladiolus,HOLD_NEEDS_CHANNEL_REVIEW,NO_REVIEWED_PLATFORM_ACCOUNT_ID,False
twitch:acct_dc72833fa1bb1deda5a4,twitch,,Zeiji7,https://www.twitch.tv/zeiji7,HOLD_NEEDS_CHANNEL_REVIEW,NO_REVIEWED_PLATFORM_ACCOUNT_ID,False
twitch:acct_dc7798f1d4adde6618cf,twitch,,walkytalk2008,https://www.twitch.tv/walkytalk2008,HOLD_NEEDS_CHANNEL_REVIEW,NO_REVIEWED_PLATFORM_ACCOUNT_ID,False
twitch:acct_dc882dc49074e939602c,twitch,,Soursama_,https://www.twitch.tv/soursama_,HOLD_NEEDS_CHANNEL_REVIEW,NO_REVIEWED_PLATFORM_ACCOUNT_ID,False
twitch:acct_dccc2977253ba6d0fd6f,twitch,,Dark_Saito,https://www.twitch.tv/dark_saito,HOLD_NEEDS_CHANNEL_REVIEW,NO_REVIEWED_PLATFORM_ACCOUNT_ID,False
twitch:acct_dceba9b6c252fecdfd4c,twitch,,PamberryTH,https://www.twitch.tv/pamberryth,HOLD_NEEDS_CHANNEL_REVIEW,NO_REVIEWED_PLATFORM_ACCOUNT_ID,False
twitch:acct_dcff0781c144cb9bc6a3,twitch,,ivvilo,https://www.twitch.tv/ivvilo,HOLD_NEEDS_CHANNEL_REVIEW,NO_REVIEWED_PLATFORM_ACCOUNT_ID,False
twitch:acct_dd405ca30da26b51b7be,twitch,,ztacya,https://www.twitch.tv/ztacya,HOLD_NEEDS_CHANNEL_REVIEW,NO_REVIEWED_PLATFORM_ACCOUNT_ID,False
twitch:acct_dd7077ce1f9196b002a9,twitch,,lorvazielos,https://www.twitch.tv/lorvazielos,HOLD_NEEDS_CHANNEL_REVIEW,NO_REVIEWED_PLATFORM_ACCOUNT_ID,False
twitch:acct_dd7e7383d742ac9b63bf,twitch,,PuinoonDesu,https://www.twitch.tv/puinoondesu,HOLD_NEEDS_CHANNEL_REVIEW,NO_REVIEWED_PLATFORM_ACCOUNT_ID,False
twitch:acct_dd7f7c9c45cc7492279f,twitch,,technoire,https://www.twitch.tv/technoire,HOLD_NEEDS_CHANNEL_REVIEW,NO_REVIEWED_PLATFORM_ACCOUNT_ID,False
twitch:acct_ddd324d1ad073ec2dec4,twitch,,lemathchampion,https://www.twitch.tv/lemathchampion,HOLD_NEEDS_CHANNEL_REVIEW,NO_REVIEWED_PLATFORM_ACCOUNT_ID,False
twitch:acct_dde66a37ea5a970a814e,twitch,,Lalitcave,https://www.twitch.tv/lalitcave,HOLD_NEEDS_CHANNEL_REVIEW,NO_REVIEWED_PLATFORM_ACCOUNT_ID,False
twitch:acct_de0302673d71b8a8f283,twitch,,TsontayaKnox,https://www.twitch.tv/tsontayaknox,HOLD_NEEDS_CHANNEL_REVIEW,NO_REVIEWED_PLATFORM_ACCOUNT_ID,False
twitch:acct_de54069d1b3b40b180c8,twitch,,Mor9an ՞·ᴥ·՞ (มอร์แกน)『VFree』,https://www.twitch.tv/luckyraccoonvt,HOLD_NEEDS_CHANNEL_REVIEW,NO_REVIEWED_PLATFORM_ACCOUNT_ID,False
twitch:acct_de7d0a3f412b0db47b7b,twitch,,mumuthemoodiest,https://www.twitch.tv/mumuthemoodiest,HOLD_NEEDS_CHANNEL_REVIEW,NO_REVIEWED_PLATFORM_ACCOUNT_ID,False
twitch:acct_dec85fee8ba556c86c50,twitch,,layniazia,https://www.twitch.tv/layniazia,HOLD_NEEDS_CHANNEL_REVIEW,NO_REVIEWED_PLATFORM_ACCOUNT_ID,False
twitch:acct_def4cb4b55a2177a9971,twitch,,RIYAvtuberth,https://www.twitch.tv/riyavtuberth,HOLD_NEEDS_CHANNEL_REVIEW,NO_REVIEWED_PLATFORM_ACCOUNT_ID,False
twitch:acct_df3256c34ad6c46e6141,twitch,,moshiedraws,https://www.twitch.tv/moshiedraws,HOLD_NEEDS_CHANNEL_REVIEW,NO_REVIEWED_PLATFORM_ACCOUNT_ID,False
twitch:acct_df593499f16fc1ef27c8,twitch,,ozayaol,https://www.twitch.tv/ozayaol,HOLD_NEEDS_CHANNEL_REVIEW,NO_REVIEWED_PLATFORM_ACCOUNT_ID,False
twitch:acct_df5c04eb9eaa4c0dc01b,twitch,,vvee_vivian,https://www.twitch.tv/vvee_vivian,HOLD_NEEDS_CHANNEL_REVIEW,NO_REVIEWED_PLATFORM_ACCOUNT_ID,False
twitch:acct_df82410218684056a2b5,twitch,,Manill_mangkorn,https://www.twitch.tv/manill_mangkorn,HOLD_NEEDS_CHANNEL_REVIEW,NO_REVIEWED_PLATFORM_ACCOUNT_ID,False
twitch:acct_df9745e399aae002e961,twitch,,ParishChyCha,https://www.twitch.tv/parishchycha,HOLD_NEEDS_CHANNEL_REVIEW,NO_REVIEWED_PLATFORM_ACCOUNT_ID,False
twitch:acct_dfa02754bbd5992c8226,twitch,,biru101,https://www.twitch.tv/biru101,HOLD_NEEDS_CHANNEL_REVIEW,NO_REVIEWED_PLATFORM_ACCOUNT_ID,False
twitch:acct_e055f4bc7a1cba2c4aed,twitch,,AkaiNezumi,https://www.twitch.tv/akainezumi,HOLD_NEEDS_CHANNEL_REVIEW,NO_REVIEWED_PLATFORM_ACCOUNT_ID,False
twitch:acct_e07923d002a1ededfe3e,twitch,,MiguelJesta,https://www.twitch.tv/migueljesta,HOLD_NEEDS_CHANNEL_REVIEW,NO_REVIEWED_PLATFORM_ACCOUNT_ID,False
twitch:acct_e2152b8103cee6edf608,twitch,,Cylowless,https://www.twitch.tv/cylowless,HOLD_NEEDS_CHANNEL_REVIEW,NO_REVIEWED_PLATFORM_ACCOUNT_ID,False
twitch:acct_e220abb5b34a31922066,twitch,,PandaSensi,https://www.twitch.tv/pandasensi,HOLD_NEEDS_CHANNEL_REVIEW,NO_REVIEWED_PLATFORM_ACCOUNT_ID,False
twitch:acct_e27ae97a6f60654a0415,twitch,,pugko___,https://www.twitch.tv/pugko___,HOLD_NEEDS_CHANNEL_REVIEW,NO_REVIEWED_PLATFORM_ACCOUNT_ID,False
twitch:acct_e2a359c5c03fca1150ad,twitch,,JustRetsu_,https://www.twitch.tv/justretsu_,HOLD_NEEDS_CHANNEL_REVIEW,NO_REVIEWED_PLATFORM_ACCOUNT_ID,False
twitch:acct_e2d657e6dab397b3f1e6,twitch,,kichanwadoko,https://www.twitch.tv/kichanwadoko,HOLD_NEEDS_CHANNEL_REVIEW,NO_REVIEWED_PLATFORM_ACCOUNT_ID,False
twitch:acct_e3da277da047b8a0b4d3,twitch,,AmaneRei_Vth,https://www.twitch.tv/amanerei_vth,HOLD_NEEDS_CHANNEL_REVIEW,NO_REVIEWED_PLATFORM_ACCOUNT_ID,False
twitch:acct_e440f3b6c04975720ae6,twitch,,kamisaki_kuro,https://www.twitch.tv/kamisaki_kuro,HOLD_NEEDS_CHANNEL_REVIEW,NO_REVIEWED_PLATFORM_ACCOUNT_ID,False
twitch:acct_e4763073e98223551681,twitch,,Baruruchannel,https://www.twitch.tv/baruruchannel,HOLD_NEEDS_CHANNEL_REVIEW,NO_REVIEWED_PLATFORM_ACCOUNT_ID,False
twitch:acct_e4c06efc5e24b8f1f349,twitch,,mola_sunfish,https://www.twitch.tv/mola_sunfish,HOLD_NEEDS_CHANNEL_REVIEW,NO_REVIEWED_PLATFORM_ACCOUNT_ID,False
twitch:acct_e50a6e40d2574f428138,twitch,,vtubermochi,https://www.twitch.tv/vtubermochi,HOLD_NEEDS_CHANNEL_REVIEW,NO_REVIEWED_PLATFORM_ACCOUNT_ID,False
twitch:acct_e53361548ce4bd8dbb58,twitch,,SaltymanTH,https://www.twitch.tv/saltymanth,HOLD_NEEDS_CHANNEL_REVIEW,NO_REVIEWED_PLATFORM_ACCOUNT_ID,False
twitch:acct_e598cf46d83092a68ee2,twitch,,paebouofficials,https://www.twitch.tv/paebouofficials,HOLD_NEEDS_CHANNEL_REVIEW,NO_REVIEWED_PLATFORM_ACCOUNT_ID,False
twitch:acct_e60addcdb376e820bf59,twitch,,Julius_Kosmolatria,https://www.twitch.tv/julius_kosmolatria,HOLD_NEEDS_CHANNEL_REVIEW,NO_REVIEWED_PLATFORM_ACCOUNT_ID,False
twitch:acct_e62567abde6662cc5c59,twitch,,onomilvt,https://www.twitch.tv/onomilvt,HOLD_NEEDS_CHANNEL_REVIEW,NO_REVIEWED_PLATFORM_ACCOUNT_ID,False
twitch:acct_e666368310aa6eae9265,twitch,,erimadesu,https://www.twitch.tv/erimadesu,HOLD_NEEDS_CHANNEL_REVIEW,NO_REVIEWED_PLATFORM_ACCOUNT_ID,False
twitch:acct_e68ce26ba2ee0aedea36,twitch,,TiDARE,https://www.twitch.tv/tidare,HOLD_NEEDS_CHANNEL_REVIEW,NO_REVIEWED_PLATFORM_ACCOUNT_ID,False
twitch:acct_e70eab86888acf1a7ff7,twitch,,nearnergal,https://www.twitch.tv/nearnergal,HOLD_NEEDS_CHANNEL_REVIEW,NO_REVIEWED_PLATFORM_ACCOUNT_ID,False
twitch:acct_e74cbb77895c7d244a13,twitch,,coeurdepingouintv,https://www.twitch.tv/coeurdepingouintv,HOLD_NEEDS_CHANNEL_REVIEW,NO_REVIEWED_PLATFORM_ACCOUNT_ID,False
twitch:acct_e77952f01914a4ba9445,twitch,,WhitePGZ,https://www.twitch.tv/whitepgz,HOLD_NEEDS_CHANNEL_REVIEW,NO_REVIEWED_PLATFORM_ACCOUNT_ID,False
twitch:acct_e7dab8a0f303e4ec9b9c,twitch,,skepvtuber,https://www.twitch.tv/skepvtuber,HOLD_NEEDS_CHANNEL_REVIEW,NO_REVIEWED_PLATFORM_ACCOUNT_ID,False
twitch:acct_e85b9c58101336a8a49f,twitch,,janegercat,https://www.twitch.tv/janegercat,HOLD_NEEDS_CHANNEL_REVIEW,NO_REVIEWED_PLATFORM_ACCOUNT_ID,False
twitch:acct_e864ec38b638bad1493c,twitch,,ZinfandelZTP,https://www.twitch.tv/zinfandelztp,HOLD_NEEDS_CHANNEL_REVIEW,NO_REVIEWED_PLATFORM_ACCOUNT_ID,False
twitch:acct_e88ac04ff0ec392364aa,twitch,,DarkPhoenix13Fr,https://www.twitch.tv/darkphoenix13fr,HOLD_NEEDS_CHANNEL_REVIEW,NO_REVIEWED_PLATFORM_ACCOUNT_ID,False
twitch:acct_e9041ba746fd95c9f91c,twitch,,Zesta_Leviathan,https://www.twitch.tv/zesta_leviathan,HOLD_NEEDS_CHANNEL_REVIEW,NO_REVIEWED_PLATFORM_ACCOUNT_ID,False
twitch:acct_ea238e66bfcc2bd80ab0,twitch,,ayazakiruririn,https://www.twitch.tv/ayazakiruririn,HOLD_NEEDS_CHANNEL_REVIEW,NO_REVIEWED_PLATFORM_ACCOUNT_ID,False
twitch:acct_ead4a40c3fe8b1663b09,twitch,,ikutosama_,https://www.twitch.tv/ikutosama_,HOLD_NEEDS_CHANNEL_REVIEW,NO_REVIEWED_PLATFORM_ACCOUNT_ID,False
twitch:acct_eb01011d335c08af613f,twitch,,dellons_ch,https://www.twitch.tv/dellons_ch,HOLD_NEEDS_CHANNEL_REVIEW,NO_REVIEWED_PLATFORM_ACCOUNT_ID,False
twitch:acct_eb9d84545242fb7e139b,twitch,,watahaya6k,https://www.twitch.tv/watahaya6k,HOLD_NEEDS_CHANNEL_REVIEW,NO_REVIEWED_PLATFORM_ACCOUNT_ID,False
twitch:acct_ecd2ea1efd36262d38c0,twitch,,karnetia,https://www.twitch.tv/karnetia,HOLD_NEEDS_CHANNEL_REVIEW,NO_REVIEWED_PLATFORM_ACCOUNT_ID,False
twitch:acct_ed41463d3a76fd4da49b,twitch,,MeiLiLyn,https://www.twitch.tv/meililyn,HOLD_NEEDS_CHANNEL_REVIEW,NO_REVIEWED_PLATFORM_ACCOUNT_ID,False
twitch:acct_ed55ca0eda8d5bb4f169,twitch,,Zerias,https://www.twitch.tv/zerias,HOLD_NEEDS_CHANNEL_REVIEW,NO_REVIEWED_PLATFORM_ACCOUNT_ID,False
twitch:acct_edb5d4acede796025119,twitch,,dacapoootapioka,https://www.twitch.tv/dacapoootapioka,HOLD_NEEDS_CHANNEL_REVIEW,NO_REVIEWED_PLATFORM_ACCOUNT_ID,False
twitch:acct_edd53e3c335615c4337d,twitch,,SivlaACAS,https://www.twitch.tv/sivlaacas,HOLD_NEEDS_CHANNEL_REVIEW,NO_REVIEWED_PLATFORM_ACCOUNT_ID,False
twitch:acct_ee4af82261b298783c0d,twitch,,FafyFalentine,https://www.twitch.tv/fafyfalentine,HOLD_NEEDS_CHANNEL_REVIEW,NO_REVIEWED_PLATFORM_ACCOUNT_ID,False
twitch:acct_ee5cab75652871c16d8b,twitch,,shirasagi_ch,https://twitch.tv/shirasagi_ch/home,HOLD_NEEDS_CHANNEL_REVIEW,NO_REVIEWED_PLATFORM_ACCOUNT_ID,False
twitch:acct_ee79ca56fe372b68d366,twitch,,HarumoonCH,https://www.twitch.tv/harumoonch,HOLD_NEEDS_CHANNEL_REVIEW,NO_REVIEWED_PLATFORM_ACCOUNT_ID,False
twitch:acct_eeb2b9128cdc055417c8,twitch,,lucilla_vtuber,https://www.twitch.tv/lucilla_vtuber,HOLD_NEEDS_CHANNEL_REVIEW,NO_REVIEWED_PLATFORM_ACCOUNT_ID,False
twitch:acct_eebf0eb2ba11c59775e0,twitch,,Chibiia,https://www.twitch.tv/chibiia,HOLD_NEEDS_CHANNEL_REVIEW,NO_REVIEWED_PLATFORM_ACCOUNT_ID,False
twitch:acct_ef242d9302589009a72b,twitch,,tpastry,https://www.twitch.tv/tpastry,HOLD_NEEDS_CHANNEL_REVIEW,NO_REVIEWED_PLATFORM_ACCOUNT_ID,False
twitch:acct_ef5e8d64069566c92c2d,twitch,,ReinoMurasako,https://www.twitch.tv/reinomurasako,HOLD_NEEDS_CHANNEL_REVIEW,NO_REVIEWED_PLATFORM_ACCOUNT_ID,False
twitch:acct_f020c6dafdef02ee48fb,twitch,,Faethon_Jantra,https://www.twitch.tv/faethon_jantra,HOLD_NEEDS_CHANNEL_REVIEW,NO_REVIEWED_PLATFORM_ACCOUNT_ID,False
twitch:acct_f02322401d58ef8a7850,twitch,,kagema404_,https://www.twitch.tv/kagema404_,HOLD_NEEDS_CHANNEL_REVIEW,NO_REVIEWED_PLATFORM_ACCOUNT_ID,False
twitch:acct_f05524713b77698f53b0,twitch,,sayathememorycollector,https://www.twitch.tv/sayathememorycollector,HOLD_NEEDS_CHANNEL_REVIEW,NO_REVIEWED_PLATFORM_ACCOUNT_ID,False
twitch:acct_f06804b22a70841ceb10,twitch,,kanzaki_aito,https://www.twitch.tv/kanzaki_aito,HOLD_NEEDS_CHANNEL_REVIEW,NO_REVIEWED_PLATFORM_ACCOUNT_ID,False
twitch:acct_f07bb44fcd23df29ea47,twitch,,yunyunchama,https://www.twitch.tv/yunyunchama,HOLD_NEEDS_CHANNEL_REVIEW,NO_REVIEWED_PLATFORM_ACCOUNT_ID,False
twitch:acct_f0946d4ff708346cf346,twitch,,wisetheawl,https://www.twitch.tv/wisetheawl,HOLD_NEEDS_CHANNEL_REVIEW,NO_REVIEWED_PLATFORM_ACCOUNT_ID,False
twitch:acct_f0e0162407e567f9d52c,twitch,,rainnimin,https://www.twitch.tv/rainnimin,HOLD_NEEDS_CHANNEL_REVIEW,NO_REVIEWED_PLATFORM_ACCOUNT_ID,False
twitch:acct_f2480bf4b40941fd3556,twitch,,nongtamwifu,https://www.twitch.tv/nongtamwifu,HOLD_NEEDS_CHANNEL_REVIEW,NO_REVIEWED_PLATFORM_ACCOUNT_ID,False
twitch:acct_f26ee7b8d38c633edc8c,twitch,,TamtoCH,https://www.twitch.tv/tamtoch,HOLD_NEEDS_CHANNEL_REVIEW,NO_REVIEWED_PLATFORM_ACCOUNT_ID,False
twitch:acct_f28592162272b0ba6136,twitch,,Eimiichan_,https://www.twitch.tv/eimiichan_,HOLD_NEEDS_CHANNEL_REVIEW,NO_REVIEWED_PLATFORM_ACCOUNT_ID,False
twitch:acct_f3377bdb3324e7550801,twitch,,vthAriel,https://www.twitch.tv/vthariel,HOLD_NEEDS_CHANNEL_REVIEW,NO_REVIEWED_PLATFORM_ACCOUNT_ID,False
twitch:acct_f339bc622f6d17c4f6d8,twitch,,NoPHatner,https://www.twitch.tv/nophatner,HOLD_NEEDS_CHANNEL_REVIEW,NO_REVIEWED_PLATFORM_ACCOUNT_ID,False
twitch:acct_f34508517687cb46d2e6,twitch,,Quga_a,https://www.twitch.tv/quga_a,HOLD_NEEDS_CHANNEL_REVIEW,NO_REVIEWED_PLATFORM_ACCOUNT_ID,False
twitch:acct_f354a9e263fb92a468b1,twitch,,khionevtuber,https://www.twitch.tv/khionevtuber,HOLD_NEEDS_CHANNEL_REVIEW,NO_REVIEWED_PLATFORM_ACCOUNT_ID,False
twitch:acct_f35d27636e38790c654b,twitch,,XeresArtrophel,https://www.twitch.tv/xeresartrophel,HOLD_NEEDS_CHANNEL_REVIEW,NO_REVIEWED_PLATFORM_ACCOUNT_ID,False
twitch:acct_f38e27f5224de0fe00bb,twitch,,LucidReverdream,https://www.twitch.tv/lucidreverdream,HOLD_NEEDS_CHANNEL_REVIEW,NO_REVIEWED_PLATFORM_ACCOUNT_ID,False
twitch:acct_f3cad674509de69afec8,twitch,,GottlstTot,https://www.twitch.tv/gottlsttot,HOLD_NEEDS_CHANNEL_REVIEW,NO_REVIEWED_PLATFORM_ACCOUNT_ID,False
twitch:acct_f3d0d1539bbe9dcffeff,twitch,,jaxvtuber,https://www.twitch.tv/jaxvtuber,HOLD_NEEDS_CHANNEL_REVIEW,NO_REVIEWED_PLATFORM_ACCOUNT_ID,False
twitch:acct_f40e26a75cb336196bef,twitch,,SoLRuN_ZLX,https://www.twitch.tv/solrun_zlx,HOLD_NEEDS_CHANNEL_REVIEW,NO_REVIEWED_PLATFORM_ACCOUNT_ID,False
twitch:acct_f459b307a2788efb94fa,twitch,,walkytalkystreamers,https://www.twitch.tv/walkytalkystreamers,HOLD_NEEDS_CHANNEL_REVIEW,NO_REVIEWED_PLATFORM_ACCOUNT_ID,False
twitch:acct_f4cccb8cf37a3ea585d5,twitch,,derica_dayo,https://www.twitch.tv/derica_dayo,HOLD_NEEDS_CHANNEL_REVIEW,NO_REVIEWED_PLATFORM_ACCOUNT_ID,False
twitch:acct_f57369c8afaabe8ae954,twitch,,irish_creamcafe,https://www.twitch.tv/irish_creamcafe,HOLD_NEEDS_CHANNEL_REVIEW,NO_REVIEWED_PLATFORM_ACCOUNT_ID,False
twitch:acct_f587818fbe4666fd8f2a,twitch,,blinkdraws_,https://www.twitch.tv/blinkdraws_,HOLD_NEEDS_CHANNEL_REVIEW,NO_REVIEWED_PLATFORM_ACCOUNT_ID,False
twitch:acct_f6593c9dfb5af34d663f,twitch,,LevyVPM,https://www.twitch.tv/levyvpm,HOLD_NEEDS_CHANNEL_REVIEW,NO_REVIEWED_PLATFORM_ACCOUNT_ID,False
twitch:acct_f66e814956f83f6fb4c8,twitch,,sadkawaai,https://www.twitch.tv/sadkawaai,HOLD_NEEDS_CHANNEL_REVIEW,NO_REVIEWED_PLATFORM_ACCOUNT_ID,False
twitch:acct_f677c6bc963d308dfd63,twitch,,Catta.,https://twitch.tv/f4rc14,HOLD_NEEDS_CHANNEL_REVIEW,NO_REVIEWED_PLATFORM_ACCOUNT_ID,False
twitch:acct_f7062629359be6c827c5,twitch,,NerumiACE,https://www.twitch.tv/nerumiace,HOLD_NEEDS_CHANNEL_REVIEW,NO_REVIEWED_PLATFORM_ACCOUNT_ID,False
twitch:acct_f75d5b16d643e0a009ec,twitch,,フレデリックぶい,https://www.twitch.tv/furevdevil,HOLD_NEEDS_CHANNEL_REVIEW,NO_REVIEWED_PLATFORM_ACCOUNT_ID,False
twitch:acct_f82ad7cbbb8d029edabb,twitch,,OKAMIbwt,https://www.twitch.tv/okamibwt,HOLD_NEEDS_CHANNEL_REVIEW,NO_REVIEWED_PLATFORM_ACCOUNT_ID,False
twitch:acct_f8a8da56b1fb4bc2b3b8,twitch,,krikka05,https://www.twitch.tv/krikka05,HOLD_NEEDS_CHANNEL_REVIEW,NO_REVIEWED_PLATFORM_ACCOUNT_ID,False
twitch:acct_f8e6ae407bbc82db381d,twitch,,Natsukihotaru2004,https://www.twitch.tv/natsukihotaru2004,HOLD_NEEDS_CHANNEL_REVIEW,NO_REVIEWED_PLATFORM_ACCOUNT_ID,False
twitch:acct_f8ebd2110b0699a595bb,twitch,,OumKuMi,https://www.twitch.tv/oumkumi,HOLD_NEEDS_CHANNEL_REVIEW,NO_REVIEWED_PLATFORM_ACCOUNT_ID,False
twitch:acct_f923d0b7555203c606a2,twitch,,yourthicha,https://www.twitch.tv/yourthicha,HOLD_NEEDS_CHANNEL_REVIEW,NO_REVIEWED_PLATFORM_ACCOUNT_ID,False
twitch:acct_f9554b67a5bab46b2ecb,twitch,,MorikaRei,https://www.twitch.tv/morikarei,HOLD_NEEDS_CHANNEL_REVIEW,NO_REVIEWED_PLATFORM_ACCOUNT_ID,False
twitch:acct_f9d32912b7829ff96384,twitch,,Wornlity_PRD,https://www.twitch.tv/wornlity_prd,HOLD_NEEDS_CHANNEL_REVIEW,NO_REVIEWED_PLATFORM_ACCOUNT_ID,False
twitch:acct_f9e42b3fe60139828ceb,twitch,,ToruKuma,https://www.twitch.tv/torukuma,HOLD_NEEDS_CHANNEL_REVIEW,NO_REVIEWED_PLATFORM_ACCOUNT_ID,False
twitch:acct_fb05ec78a055ba5cae44,twitch,,FuwaFuwaSeal,https://www.twitch.tv/fuwafuwaseal,HOLD_NEEDS_CHANNEL_REVIEW,NO_REVIEWED_PLATFORM_ACCOUNT_ID,False
twitch:acct_fb8be922e90e6540731a,twitch,,PeaceCh16,https://www.twitch.tv/peacech16,HOLD_NEEDS_CHANNEL_REVIEW,NO_REVIEWED_PLATFORM_ACCOUNT_ID,False
twitch:acct_fbcf845adb4bc483e4b0,twitch,,apririru,https://www.twitch.tv/apririru,HOLD_NEEDS_CHANNEL_REVIEW,NO_REVIEWED_PLATFORM_ACCOUNT_ID,False
twitch:acct_fc043cb95bdea0f236a6,twitch,,scythringe,https://www.twitch.tv/scythringe,HOLD_NEEDS_CHANNEL_REVIEW,NO_REVIEWED_PLATFORM_ACCOUNT_ID,False
twitch:acct_fc7d24f443c553c686c7,twitch,,zepthorix,https://www.twitch.tv/zepthorix,HOLD_NEEDS_CHANNEL_REVIEW,NO_REVIEWED_PLATFORM_ACCOUNT_ID,False
twitch:acct_fcaa7b322c150d837715,twitch,,AirBlack24,https://www.twitch.tv/airblack24,HOLD_NEEDS_CHANNEL_REVIEW,NO_REVIEWED_PLATFORM_ACCOUNT_ID,False
twitch:acct_fcb45065e6c0949fa002,twitch,,GINTHEYUK,https://www.twitch.tv/gintheyuk,HOLD_NEEDS_CHANNEL_REVIEW,NO_REVIEWED_PLATFORM_ACCOUNT_ID,False
twitch:acct_fcb8cebbf30837ed4ba9,twitch,,AquaMarinia,https://www.twitch.tv/aquamarinia,HOLD_NEEDS_CHANNEL_REVIEW,NO_REVIEWED_PLATFORM_ACCOUNT_ID,False
twitch:acct_fce73bea9f7790303155,twitch,,LTX022,https://www.twitch.tv/ltx022,HOLD_NEEDS_CHANNEL_REVIEW,NO_REVIEWED_PLATFORM_ACCOUNT_ID,False
twitch:acct_fd8eb78e4575e42040b3,twitch,,Eryka_VT,https://www.twitch.tv/eryka_vt,HOLD_NEEDS_CHANNEL_REVIEW,NO_REVIEWED_PLATFORM_ACCOUNT_ID,False
twitch:acct_fe33cc7e7a9779a2ec0b,twitch,,Umepinko,https://www.twitch.tv/umepinko,HOLD_NEEDS_CHANNEL_REVIEW,NO_REVIEWED_PLATFORM_ACCOUNT_ID,False
twitch:acct_fe6a9253cc3c789883f6,twitch,,jiah_epr,https://www.twitch.tv/jiah_epr,HOLD_NEEDS_CHANNEL_REVIEW,NO_REVIEWED_PLATFORM_ACCOUNT_ID,False
twitch:acct_feafebfe757a200e5414,twitch,,NaruFay,https://www.twitch.tv/narufay,HOLD_NEEDS_CHANNEL_REVIEW,NO_REVIEWED_PLATFORM_ACCOUNT_ID,False
twitch:acct_febec141010ed685eef8,twitch,,LyveaEve,https://www.twitch.tv/lyveaeve,HOLD_NEEDS_CHANNEL_REVIEW,NO_REVIEWED_PLATFORM_ACCOUNT_ID,False
twitch:acct_febf4e89a58de09089ad,twitch,,ChaAYMTH,https://www.twitch.tv/chaaymth,HOLD_NEEDS_CHANNEL_REVIEW,NO_REVIEWED_PLATFORM_ACCOUNT_ID,False
twitch:acct_fedf0838fee67fc8af42,twitch,,aina_channel,https://www.twitch.tv/aina_channel,HOLD_NEEDS_CHANNEL_REVIEW,NO_REVIEWED_PLATFORM_ACCOUNT_ID,False
twitch:acct_ffadc2d5a6d35ef44a65,twitch,,Momomiichan,https://www.twitch.tv/momomiichan,HOLD_NEEDS_CHANNEL_REVIEW,NO_REVIEWED_PLATFORM_ACCOUNT_ID,False
twitch:candidate_00c39d68d0b5fa8dc0c3,twitch,,altairalal,https://www.twitch.tv/altairalal,HOLD_NEEDS_CHANNEL_REVIEW,NO_REVIEWED_PLATFORM_ACCOUNT_ID,False
twitch:candidate_01968be227d66fdc80ce,twitch,,inumiya_ruto,https://www.twitch.tv/inumiya_ruto,HOLD_NEEDS_CHANNEL_REVIEW,NO_REVIEWED_PLATFORM_ACCOUNT_ID,False
twitch:candidate_0596b02814be1bfdba67,twitch,,aquwa,https://www.twitch.tv/aquwa,HOLD_NEEDS_CHANNEL_REVIEW,NO_REVIEWED_PLATFORM_ACCOUNT_ID,False
twitch:candidate_05c8573d2f164010281b,twitch,,lmaoojen,https://www.twitch.tv/lmaoojen,HOLD_NEEDS_CHANNEL_REVIEW,NO_REVIEWED_PLATFORM_ACCOUNT_ID,False
twitch:candidate_05e9319fa904951ee256,twitch,,Rainbows Fukio,https://www.twitch.tv/fukio_vt,HOLD_NEEDS_CHANNEL_REVIEW,NO_REVIEWED_PLATFORM_ACCOUNT_ID,False
twitch:candidate_06eedb7a7920fd530eed,twitch,,ttvstreamer_btw,https://www.twitch.tv/ttvstreamer_btw,HOLD_NEEDS_CHANNEL_REVIEW,NO_REVIEWED_PLATFORM_ACCOUNT_ID,False
twitch:candidate_086742aca108f911210e,twitch,,tuubaa,https://www.twitch.tv/tuubaa,HOLD_NEEDS_CHANNEL_REVIEW,NO_REVIEWED_PLATFORM_ACCOUNT_ID,False
twitch:candidate_0947cc102c5d7e3e67c2,twitch,,vienna,https://www.twitch.tv/vienna,HOLD_NEEDS_CHANNEL_REVIEW,NO_REVIEWED_PLATFORM_ACCOUNT_ID,False
twitch:candidate_096bd27b94cdecbf7598,twitch,,syravt_,https://www.twitch.tv/syravt_,HOLD_NEEDS_CHANNEL_REVIEW,NO_REVIEWED_PLATFORM_ACCOUNT_ID,False
twitch:candidate_097920b52efedf84c43b,twitch,,clairaclover,https://www.twitch.tv/clairaclover,HOLD_NEEDS_CHANNEL_REVIEW,NO_REVIEWED_PLATFORM_ACCOUNT_ID,False
twitch:candidate_098faa4250cb5f5cf083,twitch,,sweetsorax,https://www.twitch.tv/sweetsorax,HOLD_NEEDS_CHANNEL_REVIEW,NO_REVIEWED_PLATFORM_ACCOUNT_ID,False
twitch:candidate_0a9b6ff9269309c875ee,twitch,,fuufie,https://www.twitch.tv/fuufie,HOLD_NEEDS_CHANNEL_REVIEW,NO_REVIEWED_PLATFORM_ACCOUNT_ID,False
twitch:candidate_0c08c957b1ca4f2144ee,twitch,,sakurasakurai,https://www.twitch.tv/sakurasakurai,HOLD_NEEDS_CHANNEL_REVIEW,NO_REVIEWED_PLATFORM_ACCOUNT_ID,False
twitch:candidate_0c397b6f48605473f9c1,twitch,,phisnom,https://www.twitch.tv/phisnom,HOLD_NEEDS_CHANNEL_REVIEW,NO_REVIEWED_PLATFORM_ACCOUNT_ID,False
twitch:candidate_0c90276d75fdc58055d4,twitch,,volka_vstreamer,https://www.twitch.tv/volka_vstreamer,HOLD_NEEDS_CHANNEL_REVIEW,NO_REVIEWED_PLATFORM_ACCOUNT_ID,False
twitch:candidate_0da61c66389e7bacf573,twitch,,mizukimilk723,https://www.twitch.tv/mizukimilk723,HOLD_NEEDS_CHANNEL_REVIEW,NO_REVIEWED_PLATFORM_ACCOUNT_ID,False
twitch:candidate_0f2c86d1846280e7e7e4,twitch,,oyaken_vstreamer,https://www.twitch.tv/oyaken_vstreamer,HOLD_NEEDS_CHANNEL_REVIEW,NO_REVIEWED_PLATFORM_ACCOUNT_ID,False
twitch:candidate_10bb29c467cc507afba1,twitch,,vampivtuber,https://www.twitch.tv/vampivtuber,HOLD_NEEDS_CHANNEL_REVIEW,NO_REVIEWED_PLATFORM_ACCOUNT_ID,False
twitch:candidate_128b9c11e98b2c588be7,twitch,,Seikou iMinato,https://www.twitch.tv/seikou_iminato,HOLD_NEEDS_CHANNEL_REVIEW,NO_REVIEWED_PLATFORM_ACCOUNT_ID,False
twitch:candidate_149c446a4bf79c275b02,twitch,,pakotvstreamer,https://www.twitch.tv/pakotvstreamer,HOLD_NEEDS_CHANNEL_REVIEW,NO_REVIEWED_PLATFORM_ACCOUNT_ID,False
twitch:candidate_151395d4fd50f1a14a1a,twitch,,xavstreamer26,https://www.twitch.tv/xavstreamer26,HOLD_NEEDS_CHANNEL_REVIEW,NO_REVIEWED_PLATFORM_ACCOUNT_ID,False
twitch:candidate_16c89b65267888221242,twitch,,sinniearis,https://www.twitch.tv/sinniearis,HOLD_NEEDS_CHANNEL_REVIEW,NO_REVIEWED_PLATFORM_ACCOUNT_ID,False
twitch:candidate_19465b5c9a83f5e7b49b,twitch,,hyshoa,https://www.twitch.tv/hyshoa,HOLD_NEEDS_CHANNEL_REVIEW,NO_REVIEWED_PLATFORM_ACCOUNT_ID,False
twitch:candidate_1ca79701240165afa50d,twitch,,mk_vtuber,https://www.twitch.tv/mk_vtuber,HOLD_NEEDS_CHANNEL_REVIEW,NO_REVIEWED_PLATFORM_ACCOUNT_ID,False
twitch:candidate_1d96e8cde5d19b47cc28,twitch,,royalastray,https://www.twitch.tv/royalastray,HOLD_NEEDS_CHANNEL_REVIEW,NO_REVIEWED_PLATFORM_ACCOUNT_ID,False
twitch:candidate_1ea5bc0eb50c4820077b,twitch,,reizirooo,https://www.twitch.tv/reizirooo,HOLD_NEEDS_CHANNEL_REVIEW,NO_REVIEWED_PLATFORM_ACCOUNT_ID,False
twitch:candidate_1ead61f962ca3c2fad9c,twitch,,bellesprout,https://www.twitch.tv/bellesprout,HOLD_NEEDS_CHANNEL_REVIEW,NO_REVIEWED_PLATFORM_ACCOUNT_ID,False
twitch:candidate_1ef9758d23aad072fae1,twitch,,kishivstreamer,https://www.twitch.tv/kishivstreamer,HOLD_NEEDS_CHANNEL_REVIEW,NO_REVIEWED_PLATFORM_ACCOUNT_ID,False
twitch:candidate_1f059cf85c4c0b325e1e,twitch,,fhagoglyte,https://www.twitch.tv/fhagoglyte,HOLD_NEEDS_CHANNEL_REVIEW,NO_REVIEWED_PLATFORM_ACCOUNT_ID,False
twitch:candidate_1fcf785fbfe835aa6d5b,twitch,,destinybaka,https://www.twitch.tv/destinybaka,HOLD_NEEDS_CHANNEL_REVIEW,NO_REVIEWED_PLATFORM_ACCOUNT_ID,False
twitch:candidate_2487ca0fbc284fdb56a3,twitch,,minaheartsu,https://www.twitch.tv/minaheartsu,HOLD_NEEDS_CHANNEL_REVIEW,NO_REVIEWED_PLATFORM_ACCOUNT_ID,False
twitch:candidate_25efcec01a353c4f623d,twitch,,activstreamer,https://www.twitch.tv/activstreamer,HOLD_NEEDS_CHANNEL_REVIEW,NO_REVIEWED_PLATFORM_ACCOUNT_ID,False
twitch:candidate_26dfe3bf77b1e213d0b6,twitch,,kyo1984123,https://www.twitch.tv/kyo1984123,HOLD_NEEDS_CHANNEL_REVIEW,NO_REVIEWED_PLATFORM_ACCOUNT_ID,False
twitch:candidate_284ee50b725a7ad596b9,twitch,,hely_vstreamer,https://www.twitch.tv/hely_vstreamer,HOLD_NEEDS_CHANNEL_REVIEW,NO_REVIEWED_PLATFORM_ACCOUNT_ID,False
twitch:candidate_28534eb42f32556d84ba,twitch,,unclekanuntentacle,https://www.twitch.tv/unclekanuntentacle,HOLD_NEEDS_CHANNEL_REVIEW,NO_REVIEWED_PLATFORM_ACCOUNT_ID,False
twitch:candidate_29a4f913198424504ab4,twitch,,hokuinhearthseed,https://www.twitch.tv/hokuinhearthseed,HOLD_NEEDS_CHANNEL_REVIEW,NO_REVIEWED_PLATFORM_ACCOUNT_ID,False
twitch:candidate_2b487cdbe9f03f2a0a42,twitch,,isazarin,https://www.twitch.tv/isazarin,HOLD_NEEDS_CHANNEL_REVIEW,NO_REVIEWED_PLATFORM_ACCOUNT_ID,False
twitch:candidate_2bdfa26bcc4178cb5b9b,twitch,,sorakasaivtuber,https://www.twitch.tv/sorakasaivtuber,HOLD_NEEDS_CHANNEL_REVIEW,NO_REVIEWED_PLATFORM_ACCOUNT_ID,False
twitch:candidate_32d9aa0679cbb57e01a7,twitch,,zinniszier,https://www.twitch.tv/zinniszier,HOLD_NEEDS_CHANNEL_REVIEW,NO_REVIEWED_PLATFORM_ACCOUNT_ID,False
twitch:candidate_33ecdd2d3e7e72990da2,twitch,,jayyyzor,https://www.twitch.tv/jayyyzor,HOLD_NEEDS_CHANNEL_REVIEW,NO_REVIEWED_PLATFORM_ACCOUNT_ID,False
twitch:candidate_345579712ebff45eaa72,twitch,,Aoi Crescent,https://twitch.tv/aoicrescentarp,HOLD_NEEDS_CHANNEL_REVIEW,NO_REVIEWED_PLATFORM_ACCOUNT_ID,False
twitch:candidate_3936c303b78ccf4a5a93,twitch,,kamikasa_mio,https://www.twitch.tv/kamikasa_mio,HOLD_NEEDS_CHANNEL_REVIEW,NO_REVIEWED_PLATFORM_ACCOUNT_ID,False
twitch:candidate_39e14674bba90c0f8e97,twitch,,whitekumatan,https://www.twitch.tv/whitekumatan,HOLD_NEEDS_CHANNEL_REVIEW,NO_REVIEWED_PLATFORM_ACCOUNT_ID,False
twitch:candidate_3a18a47505099d5183c6,twitch,,lidiavtuber,https://www.twitch.tv/lidiavtuber,HOLD_NEEDS_CHANNEL_REVIEW,NO_REVIEWED_PLATFORM_ACCOUNT_ID,False
twitch:candidate_3b768e392c434ff0606e,twitch,,wolfi_vr,https://www.twitch.tv/wolfi_vr,HOLD_NEEDS_CHANNEL_REVIEW,NO_REVIEWED_PLATFORM_ACCOUNT_ID,False
twitch:candidate_3c22adddf9b2457c2985,twitch,,vtuberokuno,https://www.twitch.tv/vtuberokuno,HOLD_NEEDS_CHANNEL_REVIEW,NO_REVIEWED_PLATFORM_ACCOUNT_ID,False
twitch:candidate_3e96f93a26d6ae947199,twitch,,rynako,https://www.twitch.tv/rynako,HOLD_NEEDS_CHANNEL_REVIEW,NO_REVIEWED_PLATFORM_ACCOUNT_ID,False
twitch:candidate_3fbf7de364f09cbb2b75,twitch,,cheenmachine_,https://www.twitch.tv/cheenmachine_,HOLD_NEEDS_CHANNEL_REVIEW,NO_REVIEWED_PLATFORM_ACCOUNT_ID,False
twitch:candidate_40bff6a687ec743887d5,twitch,,blackzdemon,https://www.twitch.tv/blackzdemon,HOLD_NEEDS_CHANNEL_REVIEW,NO_REVIEWED_PLATFORM_ACCOUNT_ID,False
twitch:candidate_4167fe5c13afbe3d05c3,twitch,,c_nairs,https://www.twitch.tv/c_nairs,HOLD_NEEDS_CHANNEL_REVIEW,NO_REVIEWED_PLATFORM_ACCOUNT_ID,False
twitch:candidate_42136e6225f61e418071,twitch,,sinder,https://www.twitch.tv/sinder,HOLD_NEEDS_CHANNEL_REVIEW,NO_REVIEWED_PLATFORM_ACCOUNT_ID,False
twitch:candidate_422acecd64eeaf51f7f5,twitch,,LycosaQx | VStreamer,https://www.twitch.tv/lycosaqx,HOLD_NEEDS_CHANNEL_REVIEW,NO_REVIEWED_PLATFORM_ACCOUNT_ID,False
twitch:candidate_42f159e2443de4453e82,twitch,,ojosama_teatime,https://www.twitch.tv/ojosama_teatime,HOLD_NEEDS_CHANNEL_REVIEW,NO_REVIEWED_PLATFORM_ACCOUNT_ID,False
twitch:candidate_435e1dcee1a42493865d,twitch,,lkstreamerttv,https://www.twitch.tv/lkstreamerttv,HOLD_NEEDS_CHANNEL_REVIEW,NO_REVIEWED_PLATFORM_ACCOUNT_ID,False
twitch:candidate_438e678316d8fb971efd,twitch,,nullvtuber,https://www.twitch.tv/nullvtuber,HOLD_NEEDS_CHANNEL_REVIEW,NO_REVIEWED_PLATFORM_ACCOUNT_ID,False
twitch:candidate_43f0bb45f6773396d71e,twitch,,heyimrae_,https://www.twitch.tv/heyimrae_,HOLD_NEEDS_CHANNEL_REVIEW,NO_REVIEWED_PLATFORM_ACCOUNT_ID,False
twitch:candidate_4403c855a7a520b83ac3,twitch,,aviituber,https://www.twitch.tv/aviituber,HOLD_NEEDS_CHANNEL_REVIEW,NO_REVIEWED_PLATFORM_ACCOUNT_ID,False
twitch:candidate_458f5bb1dc819484796a,twitch,,yusakuri,https://www.twitch.tv/yusakuri,HOLD_NEEDS_CHANNEL_REVIEW,NO_REVIEWED_PLATFORM_ACCOUNT_ID,False
twitch:candidate_464c85a40cf6998c9e46,twitch,,nikkireivtuber,https://www.twitch.tv/nikkireivtuber,HOLD_NEEDS_CHANNEL_REVIEW,NO_REVIEWED_PLATFORM_ACCOUNT_ID,False
twitch:candidate_4787556c95e733fe9d11,twitch,,wmeikoo,https://www.twitch.tv/wmeikoo,HOLD_NEEDS_CHANNEL_REVIEW,NO_REVIEWED_PLATFORM_ACCOUNT_ID,False
twitch:candidate_4bddf932a4b81be52c85,twitch,,streamertwtch,https://www.twitch.tv/streamertwtch,HOLD_NEEDS_CHANNEL_REVIEW,NO_REVIEWED_PLATFORM_ACCOUNT_ID,False
twitch:candidate_4d320ab636c0199e460b,twitch,,bibi,https://www.twitch.tv/bibi,HOLD_NEEDS_CHANNEL_REVIEW,NO_REVIEWED_PLATFORM_ACCOUNT_ID,False
twitch:candidate_4e487f9998e20b429d93,twitch,,ryoutakumi,https://www.twitch.tv/ryoutakumi,HOLD_NEEDS_CHANNEL_REVIEW,NO_REVIEWED_PLATFORM_ACCOUNT_ID,False
twitch:candidate_4e94dca56baa5649002c,twitch,,a2isonline,https://www.twitch.tv/a2isonline,HOLD_NEEDS_CHANNEL_REVIEW,NO_REVIEWED_PLATFORM_ACCOUNT_ID,False
twitch:candidate_4ee2dfc6dc3ed6aa75d5,twitch,,demondanceclub,https://www.twitch.tv/demondanceclub,HOLD_NEEDS_CHANNEL_REVIEW,NO_REVIEWED_PLATFORM_ACCOUNT_ID,False
twitch:candidate_4f1cfd1ad5c0fcb3a5d6,twitch,,hoshikoeral,https://www.twitch.tv/hoshikoeral,HOLD_NEEDS_CHANNEL_REVIEW,NO_REVIEWED_PLATFORM_ACCOUNT_ID,False
twitch:candidate_4f40df1a4af8256effc0,twitch,,bayasi_iw,https://www.twitch.tv/bayasi_iw,HOLD_NEEDS_CHANNEL_REVIEW,NO_REVIEWED_PLATFORM_ACCOUNT_ID,False
twitch:candidate_50af18bbb573feab5ca5,twitch,,coyote__jp,https://www.twitch.tv/coyote__jp,HOLD_NEEDS_CHANNEL_REVIEW,NO_REVIEWED_PLATFORM_ACCOUNT_ID,False
twitch:candidate_5276f29acdcf02d2e0c8,twitch,,Peach,https://www.twitch.tv/peachy_131,HOLD_NEEDS_CHANNEL_REVIEW,NO_REVIEWED_PLATFORM_ACCOUNT_ID,False
twitch:candidate_5639804ca192583d88f9,twitch,,vtuberarisa,https://www.twitch.tv/vtuberarisa,HOLD_NEEDS_CHANNEL_REVIEW,NO_REVIEWED_PLATFORM_ACCOUNT_ID,False
twitch:candidate_59d8c5d7d8e2cbe7b9c5,twitch,,ashie,https://www.twitch.tv/ashie,HOLD_NEEDS_CHANNEL_REVIEW,NO_REVIEWED_PLATFORM_ACCOUNT_ID,False
twitch:candidate_5a265ca8d0349dde8b7b,twitch,,kitsunero,https://www.twitch.tv/kitsunero,HOLD_NEEDS_CHANNEL_REVIEW,NO_REVIEWED_PLATFORM_ACCOUNT_ID,False
twitch:candidate_5ec5b53c7d135172c6f5,twitch,,NoBoRu,https://www.twitch.tv/noboru_oz,HOLD_NEEDS_CHANNEL_REVIEW,NO_REVIEWED_PLATFORM_ACCOUNT_ID,False
twitch:candidate_5f1d4504fbe3dfbcd871,twitch,,tenpi_pipi_hiyori,https://www.twitch.tv/tenpi_pipi_hiyori,HOLD_NEEDS_CHANNEL_REVIEW,NO_REVIEWED_PLATFORM_ACCOUNT_ID,False
twitch:candidate_5fb54cfe287efce84e44,twitch,,kiara_chaan,https://www.twitch.tv/kiara_chaan,HOLD_NEEDS_CHANNEL_REVIEW,NO_REVIEWED_PLATFORM_ACCOUNT_ID,False
twitch:candidate_606201c75aa6d3004113,twitch,,mars_fortuna,https://www.twitch.tv/mars_fortuna,HOLD_NEEDS_CHANNEL_REVIEW,NO_REVIEWED_PLATFORM_ACCOUNT_ID,False
twitch:candidate_63771fe3134232a4fda3,twitch,,Nisa,https://www.twitch.tv/nisapoyo,HOLD_NEEDS_CHANNEL_REVIEW,NO_REVIEWED_PLATFORM_ACCOUNT_ID,False
twitch:candidate_63c2af0ca624b78f3742,twitch,,reirawr,https://www.twitch.tv/reirawr,HOLD_NEEDS_CHANNEL_REVIEW,NO_REVIEWED_PLATFORM_ACCOUNT_ID,False
twitch:candidate_6423ab48695962862e3f,twitch,,nikimvtuber,https://www.twitch.tv/nikimvtuber,HOLD_NEEDS_CHANNEL_REVIEW,NO_REVIEWED_PLATFORM_ACCOUNT_ID,False
twitch:candidate_6554fd61a976b0758fce,twitch,,projektdyad,https://www.twitch.tv/projektdyad,HOLD_NEEDS_CHANNEL_REVIEW,NO_REVIEWED_PLATFORM_ACCOUNT_ID,False
twitch:candidate_6673dbfd2a04800d7473,twitch,,Zeraphina Hana,https://www.twitch.tv/videos/2852328659,HOLD_NEEDS_CHANNEL_REVIEW,NO_REVIEWED_PLATFORM_ACCOUNT_ID,False
twitch:candidate_671542d339740231f0bd,twitch,,rb_vtuber,https://www.twitch.tv/rb_vtuber,HOLD_NEEDS_CHANNEL_REVIEW,NO_REVIEWED_PLATFORM_ACCOUNT_ID,False
twitch:candidate_68064c34ddd3961099fe,twitch,,vei,https://www.twitch.tv/vei,HOLD_NEEDS_CHANNEL_REVIEW,NO_REVIEWED_PLATFORM_ACCOUNT_ID,False
twitch:candidate_68816b179ba8464236d6,twitch,,nemi_nkym,https://www.twitch.tv/nemi_nkym,HOLD_NEEDS_CHANNEL_REVIEW,NO_REVIEWED_PLATFORM_ACCOUNT_ID,False
twitch:candidate_689cf8aa61f95ca68816,twitch,,tepidsnake,https://www.twitch.tv/tepidsnake,HOLD_NEEDS_CHANNEL_REVIEW,NO_REVIEWED_PLATFORM_ACCOUNT_ID,False
twitch:candidate_6908b3a96a54f11cb0b4,twitch,,nero_0w0,https://www.twitch.tv/nero_0w0,HOLD_NEEDS_CHANNEL_REVIEW,NO_REVIEWED_PLATFORM_ACCOUNT_ID,False
twitch:candidate_6a33e1a8b6dea47f90e5,twitch,,favstreamer55,https://www.twitch.tv/favstreamer55,HOLD_NEEDS_CHANNEL_REVIEW,NO_REVIEWED_PLATFORM_ACCOUNT_ID,False
twitch:candidate_6aa573dfa3b22a301298,twitch,,MeiLi,https://www.twitch.tv/mamimeili,HOLD_NEEDS_CHANNEL_REVIEW,NO_REVIEWED_PLATFORM_ACCOUNT_ID,False
twitch:candidate_6cd64b34e36184dbc6e0,twitch,,yissvtuber,https://www.twitch.tv/yissvtuber,HOLD_NEEDS_CHANNEL_REVIEW,NO_REVIEWED_PLATFORM_ACCOUNT_ID,False
twitch:candidate_6cf878f9eb18e9c260dd,twitch,,matvtuber,https://www.twitch.tv/matvtuber,HOLD_NEEDS_CHANNEL_REVIEW,NO_REVIEWED_PLATFORM_ACCOUNT_ID,False
twitch:candidate_6cfeb350811363349b55,twitch,,yuukaivtuber,https://www.twitch.tv/yuukaivtuber,HOLD_NEEDS_CHANNEL_REVIEW,NO_REVIEWED_PLATFORM_ACCOUNT_ID,False
twitch:candidate_6e62145a485e9655a02d,twitch,,shylily,https://www.twitch.tv/shylily,HOLD_NEEDS_CHANNEL_REVIEW,NO_REVIEWED_PLATFORM_ACCOUNT_ID,False
twitch:candidate_6e8fd5f97f162d68eeb6,twitch,,ranniria,https://www.twitch.tv/ranniria,HOLD_NEEDS_CHANNEL_REVIEW,NO_REVIEWED_PLATFORM_ACCOUNT_ID,False
twitch:candidate_6f28c30f7fadafd5de08,twitch,,zzskyzyzz,https://www.twitch.tv/zzskyzyzz,HOLD_NEEDS_CHANNEL_REVIEW,NO_REVIEWED_PLATFORM_ACCOUNT_ID,False
twitch:candidate_6ff38b78c4985011e8e7,twitch,,sshirowashi,https://www.twitch.tv/sshirowashi,HOLD_NEEDS_CHANNEL_REVIEW,NO_REVIEWED_PLATFORM_ACCOUNT_ID,False
twitch:candidate_715ce612a3e9f3423e9d,twitch,,tokovt,https://www.twitch.tv/tokovt,HOLD_NEEDS_CHANNEL_REVIEW,NO_REVIEWED_PLATFORM_ACCOUNT_ID,False
twitch:candidate_721e0126a06ba465d411,twitch,,redpandasam_,https://www.twitch.tv/redpandasam_,HOLD_NEEDS_CHANNEL_REVIEW,NO_REVIEWED_PLATFORM_ACCOUNT_ID,False
twitch:candidate_750f3a77d6c9c1386dea,twitch,,vtubercypress,https://www.twitch.tv/vtubercypress,HOLD_NEEDS_CHANNEL_REVIEW,NO_REVIEWED_PLATFORM_ACCOUNT_ID,False
twitch:candidate_76510543c67f11253d06,twitch,,sakurame_miku,https://www.twitch.tv/sakurame_miku,HOLD_NEEDS_CHANNEL_REVIEW,NO_REVIEWED_PLATFORM_ACCOUNT_ID,False
twitch:candidate_77acd5d4d7a4422c0bd2,twitch,,dtvtuber,https://www.twitch.tv/dtvtuber,HOLD_NEEDS_CHANNEL_REVIEW,NO_REVIEWED_PLATFORM_ACCOUNT_ID,False
twitch:candidate_7a26baea0d76a601a21a,twitch,,tammy_bb,https://www.twitch.tv/tammy_bb,HOLD_NEEDS_CHANNEL_REVIEW,NO_REVIEWED_PLATFORM_ACCOUNT_ID,False
twitch:candidate_7b12b5ca55d02b40f932,twitch,,nekosame39,https://www.twitch.tv/nekosame39,HOLD_NEEDS_CHANNEL_REVIEW,NO_REVIEWED_PLATFORM_ACCOUNT_ID,False
twitch:candidate_7b6afa4b57e7372895cf,twitch,,serenamegami,https://www.twitch.tv/serenamegami,HOLD_NEEDS_CHANNEL_REVIEW,NO_REVIEWED_PLATFORM_ACCOUNT_ID,False
twitch:candidate_7e8401421588bc454938,twitch,,laynalazar,https://www.twitch.tv/laynalazar,HOLD_NEEDS_CHANNEL_REVIEW,NO_REVIEWED_PLATFORM_ACCOUNT_ID,False
twitch:candidate_7e84e9a2d43b55cdc2bf,twitch,,aiyae,https://www.twitch.tv/aiyae,HOLD_NEEDS_CHANNEL_REVIEW,NO_REVIEWED_PLATFORM_ACCOUNT_ID,False
twitch:candidate_7ee89c3e1fa17b969e82,twitch,,kejokaya,https://www.twitch.tv/kejokaya,HOLD_NEEDS_CHANNEL_REVIEW,NO_REVIEWED_PLATFORM_ACCOUNT_ID,False
twitch:candidate_803a30890a3936a19d06,twitch,,tonyoverdose420,https://www.twitch.tv/tonyoverdose420,HOLD_NEEDS_CHANNEL_REVIEW,NO_REVIEWED_PLATFORM_ACCOUNT_ID,False
twitch:candidate_8051f76cc92f1010eab2,twitch,,phyla_miila,https://www.twitch.tv/phyla_miila,HOLD_NEEDS_CHANNEL_REVIEW,NO_REVIEWED_PLATFORM_ACCOUNT_ID,False
twitch:candidate_80fa51490880c6a43f2a,twitch,,noru_vtuber,https://www.twitch.tv/noru_vtuber,HOLD_NEEDS_CHANNEL_REVIEW,NO_REVIEWED_PLATFORM_ACCOUNT_ID,False
twitch:candidate_81911ce08f36e839789d,twitch,,dandyvtuber,https://www.twitch.tv/dandyvtuber,HOLD_NEEDS_CHANNEL_REVIEW,NO_REVIEWED_PLATFORM_ACCOUNT_ID,False
twitch:candidate_8206762a82b7bcc9b861,twitch,,jiminelz,https://www.twitch.tv/jiminelz,HOLD_NEEDS_CHANNEL_REVIEW,NO_REVIEWED_PLATFORM_ACCOUNT_ID,False
twitch:candidate_827cecef7deb35ad043f,twitch,,wotesz,https://www.twitch.tv/wotesz,HOLD_NEEDS_CHANNEL_REVIEW,NO_REVIEWED_PLATFORM_ACCOUNT_ID,False
twitch:candidate_82cdded8e08d6f8d2577,twitch,,RLanz Ch.,https://www.twitch.tv/rlanz_tarima,HOLD_NEEDS_CHANNEL_REVIEW,NO_REVIEWED_PLATFORM_ACCOUNT_ID,False
twitch:candidate_852c837cd20b5763ef57,twitch,,lestreamertrend,https://www.twitch.tv/lestreamertrend,HOLD_NEEDS_CHANNEL_REVIEW,NO_REVIEWED_PLATFORM_ACCOUNT_ID,False
twitch:candidate_87c2d4a5c118d70b74f4,twitch,,layna247,https://www.twitch.tv/layna247,HOLD_NEEDS_CHANNEL_REVIEW,NO_REVIEWED_PLATFORM_ACCOUNT_ID,False
twitch:candidate_8816ca5185cd6635cb7c,twitch,,tororo_vtuber,https://www.twitch.tv/tororo_vtuber,HOLD_NEEDS_CHANNEL_REVIEW,NO_REVIEWED_PLATFORM_ACCOUNT_ID,False
twitch:candidate_88e3ae03624629d34fc8,twitch,,owenzwei,https://www.twitch.tv/owenzwei,HOLD_NEEDS_CHANNEL_REVIEW,NO_REVIEWED_PLATFORM_ACCOUNT_ID,False
twitch:candidate_8adf5ef527158c1fbd30,twitch,,Nisa,https://twitch.tv/nisapoyo,HOLD_NEEDS_CHANNEL_REVIEW,NO_REVIEWED_PLATFORM_ACCOUNT_ID,False
twitch:candidate_8bbe98684f72eddc4ab2,twitch,,remsamasmark,https://www.twitch.tv/remsamasmark,HOLD_NEEDS_CHANNEL_REVIEW,NO_REVIEWED_PLATFORM_ACCOUNT_ID,False
twitch:candidate_8c87704e290d4fba9487,twitch,,Shino Laila,https://twitch.tv/lailashino_wactor,HOLD_NEEDS_CHANNEL_REVIEW,NO_REVIEWED_PLATFORM_ACCOUNT_ID,False
twitch:candidate_8f65663c9caaf943334c,twitch,,wino_picture,https://www.twitch.tv/wino_picture,HOLD_NEEDS_CHANNEL_REVIEW,NO_REVIEWED_PLATFORM_ACCOUNT_ID,False
twitch:candidate_921b8adf7673b690a2ad,twitch,,it’s hi,https://www.twitch.tv/its_hi_arp,HOLD_NEEDS_CHANNEL_REVIEW,NO_REVIEWED_PLATFORM_ACCOUNT_ID,False
twitch:candidate_93c211632856d5400743,twitch,,mainoboshi,https://www.twitch.tv/mainoboshi,HOLD_NEEDS_CHANNEL_REVIEW,NO_REVIEWED_PLATFORM_ACCOUNT_ID,False
twitch:candidate_93cf73cead45363e5c26,twitch,,insatiatec,https://www.twitch.tv/insatiatec,HOLD_NEEDS_CHANNEL_REVIEW,NO_REVIEWED_PLATFORM_ACCOUNT_ID,False
twitch:candidate_946992c3916021c09052,twitch,,lydiaaivtuber,https://www.twitch.tv/lydiaaivtuber,HOLD_NEEDS_CHANNEL_REVIEW,NO_REVIEWED_PLATFORM_ACCOUNT_ID,False
twitch:candidate_946ca1d883d78d2c7e40,twitch,,doublelift,https://www.twitch.tv/doublelift,HOLD_NEEDS_CHANNEL_REVIEW,NO_REVIEWED_PLATFORM_ACCOUNT_ID,False
twitch:candidate_95cfa329652c577ba45c,twitch,,Logan U Stryker,https://www.twitch.tv/urstrykervtuber,HOLD_NEEDS_CHANNEL_REVIEW,NO_REVIEWED_PLATFORM_ACCOUNT_ID,False
twitch:candidate_96e1a90f4435d094f823,twitch,,pngtuberhub,https://www.twitch.tv/pngtuberhub,HOLD_NEEDS_CHANNEL_REVIEW,NO_REVIEWED_PLATFORM_ACCOUNT_ID,False
twitch:candidate_97ddcd65ee93b1355eb2,twitch,,dxppx | Thai Vstreamer,https://www.twitch.tv/dxppx,HOLD_NEEDS_CHANNEL_REVIEW,NO_REVIEWED_PLATFORM_ACCOUNT_ID,False
twitch:candidate_9912ffedf4b4914b22c7,twitch,,noobalott,https://www.twitch.tv/noobalott,HOLD_NEEDS_CHANNEL_REVIEW,NO_REVIEWED_PLATFORM_ACCOUNT_ID,False
twitch:candidate_996108f17b909d607309,twitch,,tarkovstreamer,https://www.twitch.tv/tarkovstreamer,HOLD_NEEDS_CHANNEL_REVIEW,NO_REVIEWED_PLATFORM_ACCOUNT_ID,False
twitch:candidate_998c8570725b13add213,twitch,,mayzsan,https://www.twitch.tv/mayzsan,HOLD_NEEDS_CHANNEL_REVIEW,NO_REVIEWED_PLATFORM_ACCOUNT_ID,False
twitch:candidate_99ce02e1daa53c69fc2a,twitch,,ellaxmone,https://www.twitch.tv/ellaxmone,HOLD_NEEDS_CHANNEL_REVIEW,NO_REVIEWED_PLATFORM_ACCOUNT_ID,False
twitch:candidate_9b5ad34e74c5495f92bd,twitch,,Seikou iMinato,https://twitch.tv/seikou_iminato,HOLD_NEEDS_CHANNEL_REVIEW,NO_REVIEWED_PLATFORM_ACCOUNT_ID,False
twitch:candidate_9c20689f746af3f9d203,twitch,,kenthemagicianpanda,https://www.twitch.tv/kenthemagicianpanda,HOLD_NEEDS_CHANNEL_REVIEW,NO_REVIEWED_PLATFORM_ACCOUNT_ID,False
twitch:candidate_9c37388c3b9acdee936b,twitch,,Kayo Ch. 【かよCh.】◣PLO◥,https://www.twitch.tv/kayonoorenji,HOLD_NEEDS_CHANNEL_REVIEW,NO_REVIEWED_PLATFORM_ACCOUNT_ID,False
twitch:candidate_9d2b3b05a2fd2a320242,twitch,,nemesisxdfp,https://www.twitch.tv/nemesisxdfp,HOLD_NEEDS_CHANNEL_REVIEW,NO_REVIEWED_PLATFORM_ACCOUNT_ID,False
twitch:candidate_9f20c540f2b8ba354e1e,twitch,,noorowo,https://www.twitch.tv/noorowo,HOLD_NEEDS_CHANNEL_REVIEW,NO_REVIEWED_PLATFORM_ACCOUNT_ID,False
twitch:candidate_9f71b39b576f08854739,twitch,,5ontaku,https://www.twitch.tv/5ontaku,HOLD_NEEDS_CHANNEL_REVIEW,NO_REVIEWED_PLATFORM_ACCOUNT_ID,False
twitch:candidate_a06ce7d6928d2154ebb6,twitch,,CinCin Vtu,https://www.twitch.tv/cincinvtu,HOLD_NEEDS_CHANNEL_REVIEW,NO_REVIEWED_PLATFORM_ACCOUNT_ID,False
twitch:candidate_a0dafc0d255ba80292fd,twitch,,nam333,https://www.twitch.tv/nam333,HOLD_NEEDS_CHANNEL_REVIEW,NO_REVIEWED_PLATFORM_ACCOUNT_ID,False
twitch:candidate_a123dcf63b8e3fc60278,twitch,,dontfightducks,https://www.twitch.tv/dontfightducks,HOLD_NEEDS_CHANNEL_REVIEW,NO_REVIEWED_PLATFORM_ACCOUNT_ID,False
twitch:candidate_a13be1165ef074963ab6,twitch,,profbloomvtuber,https://www.twitch.tv/profbloomvtuber,HOLD_NEEDS_CHANNEL_REVIEW,NO_REVIEWED_PLATFORM_ACCOUNT_ID,False
twitch:candidate_a261fc4f358e37feb38c,twitch,,nemimiyane,https://www.twitch.tv/nemimiyane,HOLD_NEEDS_CHANNEL_REVIEW,NO_REVIEWED_PLATFORM_ACCOUNT_ID,False
twitch:candidate_a332922113d267f92f2b,twitch,,Zabrina,https://www.twitch.tv/zabrinavtuberth,HOLD_NEEDS_CHANNEL_REVIEW,NO_REVIEWED_PLATFORM_ACCOUNT_ID,False
twitch:candidate_a500b86b23efcbf25e12,twitch,,applevtuber,https://www.twitch.tv/applevtuber,HOLD_NEEDS_CHANNEL_REVIEW,NO_REVIEWED_PLATFORM_ACCOUNT_ID,False
twitch:candidate_a66b668059468ceff52f,twitch,,avstreamer12,https://www.twitch.tv/avstreamer12,HOLD_NEEDS_CHANNEL_REVIEW,NO_REVIEWED_PLATFORM_ACCOUNT_ID,False
twitch:candidate_a7804862e779b6a10a0e,twitch,,notastreamertbh,https://www.twitch.tv/notastreamertbh,HOLD_NEEDS_CHANNEL_REVIEW,NO_REVIEWED_PLATFORM_ACCOUNT_ID,False
twitch:candidate_a78262251b2c972d0ba8,twitch,,Poppy the Puppy,https://www.twitch.tv/poppythepuppy1,HOLD_NEEDS_CHANNEL_REVIEW,NO_REVIEWED_PLATFORM_ACCOUNT_ID,False
twitch:candidate_a997205e8545ebf3810c,twitch,,Aoi Crescent,https://www.twitch.tv/AoiCrescentARP,HOLD_NEEDS_CHANNEL_REVIEW,NO_REVIEWED_PLATFORM_ACCOUNT_ID,False
twitch:candidate_ab4efcaf8e9e204246a0,twitch,,minaly,https://www.twitch.tv/minaly,HOLD_NEEDS_CHANNEL_REVIEW,NO_REVIEWED_PLATFORM_ACCOUNT_ID,False
twitch:candidate_ad8725eea087c71c2e08,twitch,,pr1nc3x3,https://www.twitch.tv/pr1nc3x3,HOLD_NEEDS_CHANNEL_REVIEW,NO_REVIEWED_PLATFORM_ACCOUNT_ID,False
twitch:candidate_adb352be9c99c6436107,twitch,,makovtuber,https://www.twitch.tv/makovtuber,HOLD_NEEDS_CHANNEL_REVIEW,NO_REVIEWED_PLATFORM_ACCOUNT_ID,False
twitch:candidate_addd6ace148be8adda99,twitch,,yuiphil,https://www.twitch.tv/yuiphil,HOLD_NEEDS_CHANNEL_REVIEW,NO_REVIEWED_PLATFORM_ACCOUNT_ID,False
twitch:candidate_ae497393cf7637b92a01,twitch,,Ken Summer 夏宇賢,https://twitch.tv/kenthemagicianpanda,HOLD_NEEDS_CHANNEL_REVIEW,NO_REVIEWED_PLATFORM_ACCOUNT_ID,False
twitch:candidate_aee344766a7e5ca59849,twitch,,hisaki_eita,https://www.twitch.tv/hisaki_eita,HOLD_NEEDS_CHANNEL_REVIEW,NO_REVIEWED_PLATFORM_ACCOUNT_ID,False
twitch:candidate_b34068e00da1c4faa645,twitch,,notvavstreamer,https://www.twitch.tv/notvavstreamer,HOLD_NEEDS_CHANNEL_REVIEW,NO_REVIEWED_PLATFORM_ACCOUNT_ID,False
twitch:candidate_b403bc693bf62e43048a,twitch,,hiwamariri,https://www.twitch.tv/hiwamariri,HOLD_NEEDS_CHANNEL_REVIEW,NO_REVIEWED_PLATFORM_ACCOUNT_ID,False
twitch:candidate_b49ff660414fc02cecc7,twitch,,kbrabertha,https://www.twitch.tv/kbrabertha,HOLD_NEEDS_CHANNEL_REVIEW,NO_REVIEWED_PLATFORM_ACCOUNT_ID,False
twitch:candidate_b68663c5d0bb2d594356,twitch,,aoihana_vtuber,https://www.twitch.tv/aoihana_vtuber,HOLD_NEEDS_CHANNEL_REVIEW,NO_REVIEWED_PLATFORM_ACCOUNT_ID,False
twitch:candidate_b84467fcaa64b63f121a,twitch,,velionasama,https://www.twitch.tv/velionasama,HOLD_NEEDS_CHANNEL_REVIEW,NO_REVIEWED_PLATFORM_ACCOUNT_ID,False
twitch:candidate_b84f0e0f9ff69bca69a3,twitch,,myrask,https://www.twitch.tv/myrask,HOLD_NEEDS_CHANNEL_REVIEW,NO_REVIEWED_PLATFORM_ACCOUNT_ID,False
twitch:candidate_ba41207914527b89e2ad,twitch,,nongkini,https://www.twitch.tv/nongkini,HOLD_NEEDS_CHANNEL_REVIEW,NO_REVIEWED_PLATFORM_ACCOUNT_ID,False
twitch:candidate_ba585821281181f153c8,twitch,,solmere_the_orange_cat,https://www.twitch.tv/solmere_the_orange_cat,HOLD_NEEDS_CHANNEL_REVIEW,NO_REVIEWED_PLATFORM_ACCOUNT_ID,False
twitch:candidate_bba96b75bd663cf9c4d3,twitch,,Asteroth,https://twitch.tv/asteroth_arp,HOLD_NEEDS_CHANNEL_REVIEW,NO_REVIEWED_PLATFORM_ACCOUNT_ID,False
twitch:candidate_bc17a40dde7310b5f4e9,twitch,,buhbbly,https://www.twitch.tv/buhbbly,HOLD_NEEDS_CHANNEL_REVIEW,NO_REVIEWED_PLATFORM_ACCOUNT_ID,False
twitch:candidate_bc7bae1edf2d1d79a863,twitch,,camila,https://www.twitch.tv/camila,HOLD_NEEDS_CHANNEL_REVIEW,NO_REVIEWED_PLATFORM_ACCOUNT_ID,False
twitch:candidate_bc8d7e55b31fc01f9e4f,twitch,,ckrisso,https://www.twitch.tv/ckrisso,HOLD_NEEDS_CHANNEL_REVIEW,NO_REVIEWED_PLATFORM_ACCOUNT_ID,False
twitch:candidate_be0e861c20d09ef37688,twitch,,aane0623,https://www.twitch.tv/aane0623,HOLD_NEEDS_CHANNEL_REVIEW,NO_REVIEWED_PLATFORM_ACCOUNT_ID,False
twitch:candidate_bec58bdf49a982cb4899,twitch,,Atsuko Meron【SRV】,https://twitch.tv/atsukomeron,HOLD_NEEDS_CHANNEL_REVIEW,NO_REVIEWED_PLATFORM_ACCOUNT_ID,False
twitch:candidate_bf292229925cfd152e52,twitch,,Supanoo,https://www.twitch.tv/supanoovtuber,HOLD_NEEDS_CHANNEL_REVIEW,NO_REVIEWED_PLATFORM_ACCOUNT_ID,False
twitch:candidate_c30883d26630d4be3405,twitch,,kyouvstreamerfr,https://www.twitch.tv/kyouvstreamerfr,HOLD_NEEDS_CHANNEL_REVIEW,NO_REVIEWED_PLATFORM_ACCOUNT_ID,False
twitch:candidate_c36b328fb27f04cc2038,twitch,,literallywin,https://www.twitch.tv/literallywin,HOLD_NEEDS_CHANNEL_REVIEW,NO_REVIEWED_PLATFORM_ACCOUNT_ID,False
twitch:candidate_c38019c84bf0db9d7b69,twitch,,khunsanwhan,https://www.twitch.tv/khunsanwhan,HOLD_NEEDS_CHANNEL_REVIEW,NO_REVIEWED_PLATFORM_ACCOUNT_ID,False
twitch:candidate_c59713501f9f764d4f5d,twitch,,acvstreamer,https://www.twitch.tv/acvstreamer,HOLD_NEEDS_CHANNEL_REVIEW,NO_REVIEWED_PLATFORM_ACCOUNT_ID,False
twitch:candidate_c669e7a4e62c138e71d6,twitch,,akiratsukiyono,https://www.twitch.tv/akiratsukiyono,HOLD_NEEDS_CHANNEL_REVIEW,NO_REVIEWED_PLATFORM_ACCOUNT_ID,False
twitch:candidate_c6bdc259374dc13187eb,twitch,,numbers,https://www.twitch.tv/numbers,HOLD_NEEDS_CHANNEL_REVIEW,NO_REVIEWED_PLATFORM_ACCOUNT_ID,False
twitch:candidate_c81c5ca6fcc74d43899f,twitch,,Zabrina,https://twitch.tv/zabrinavtuberth,HOLD_NEEDS_CHANNEL_REVIEW,NO_REVIEWED_PLATFORM_ACCOUNT_ID,False
twitch:candidate_c89de1f50b6324490e4d,twitch,,isnedd,https://www.twitch.tv/isnedd,HOLD_NEEDS_CHANNEL_REVIEW,NO_REVIEWED_PLATFORM_ACCOUNT_ID,False
twitch:candidate_ca057d6f68707d707be6,twitch,,iroha_yakamashi,https://www.twitch.tv/iroha_yakamashi,HOLD_NEEDS_CHANNEL_REVIEW,NO_REVIEWED_PLATFORM_ACCOUNT_ID,False
twitch:candidate_cb694a1987fc57304f03,twitch,,minatsukisierra,https://www.twitch.tv/minatsukisierra,HOLD_NEEDS_CHANNEL_REVIEW,NO_REVIEWED_PLATFORM_ACCOUNT_ID,False
twitch:candidate_cb986da535044a15feae,twitch,,yamaad,https://www.twitch.tv/yamaad,HOLD_NEEDS_CHANNEL_REVIEW,NO_REVIEWED_PLATFORM_ACCOUNT_ID,False
twitch:candidate_cc6f97f0bc55151dcabc,twitch,,nyhvt,https://www.twitch.tv/nyhvt,HOLD_NEEDS_CHANNEL_REVIEW,NO_REVIEWED_PLATFORM_ACCOUNT_ID,False
twitch:candidate_cdb7ff548e5d3c51be44,twitch,,utmkiv,https://www.twitch.tv/utmkiv,HOLD_NEEDS_CHANNEL_REVIEW,NO_REVIEWED_PLATFORM_ACCOUNT_ID,False
twitch:candidate_cde7b7a8eba18d4f90d3,twitch,,yoichi_orato,https://www.twitch.tv/yoichi_orato,HOLD_NEEDS_CHANNEL_REVIEW,NO_REVIEWED_PLATFORM_ACCOUNT_ID,False
twitch:candidate_ce0141061a155862db32,twitch,,Asteroth,https://www.twitch.tv/asteroth_arp,HOLD_NEEDS_CHANNEL_REVIEW,NO_REVIEWED_PLATFORM_ACCOUNT_ID,False
twitch:candidate_ceedcf6d5850cd79312a,twitch,,MillYBilL | Thai VTuber,https://www.twitch.tv/millybill,HOLD_NEEDS_CHANNEL_REVIEW,NO_REVIEWED_PLATFORM_ACCOUNT_ID,False
twitch:candidate_d05c660af5c9c19115cd,twitch,,amaikannavt,https://www.twitch.tv/amaikannavt,HOLD_NEEDS_CHANNEL_REVIEW,NO_REVIEWED_PLATFORM_ACCOUNT_ID,False
twitch:candidate_d177ef96550a11f6f7ab,twitch,,shunarii_,https://www.twitch.tv/shunarii_,HOLD_NEEDS_CHANNEL_REVIEW,NO_REVIEWED_PLATFORM_ACCOUNT_ID,False
twitch:candidate_d25d9dbaae6bd58a72f1,twitch,,Shino Laila,https://www.twitch.tv/lailashino_wactor,HOLD_NEEDS_CHANNEL_REVIEW,NO_REVIEWED_PLATFORM_ACCOUNT_ID,False
twitch:candidate_d323edd4ca6da50904fe,twitch,,lawlessjane,https://www.twitch.tv/lawlessjane,HOLD_NEEDS_CHANNEL_REVIEW,NO_REVIEWED_PLATFORM_ACCOUNT_ID,False
twitch:candidate_d3fa1ed2c4e1ca681730,twitch,,elorapard,https://www.twitch.tv/elorapard,HOLD_NEEDS_CHANNEL_REVIEW,NO_REVIEWED_PLATFORM_ACCOUNT_ID,False
twitch:candidate_d465f588dc4f9f522b06,twitch,,veronica_dxx,https://www.twitch.tv/veronica_dxx,HOLD_NEEDS_CHANNEL_REVIEW,NO_REVIEWED_PLATFORM_ACCOUNT_ID,False
twitch:candidate_d53824d85032d73452cc,twitch,,anna_toad,https://www.twitch.tv/anna_toad,HOLD_NEEDS_CHANNEL_REVIEW,NO_REVIEWED_PLATFORM_ACCOUNT_ID,False
twitch:candidate_d5da40c810a2b6126223,twitch,,alicelunazera,https://www.twitch.tv/alicelunazera,HOLD_NEEDS_CHANNEL_REVIEW,NO_REVIEWED_PLATFORM_ACCOUNT_ID,False
twitch:candidate_d772d0d4311da21bec2c,twitch,,sif_vtuber,https://www.twitch.tv/sif_vtuber,HOLD_NEEDS_CHANNEL_REVIEW,NO_REVIEWED_PLATFORM_ACCOUNT_ID,False
twitch:candidate_d7ef9db02011161a091f,twitch,,ttvstreamerbp,https://www.twitch.tv/ttvstreamerbp,HOLD_NEEDS_CHANNEL_REVIEW,NO_REVIEWED_PLATFORM_ACCOUNT_ID,False
twitch:candidate_d87908de7000e5e64bb5,twitch,,kurisu_vt,https://www.twitch.tv/kurisu_vt,HOLD_NEEDS_CHANNEL_REVIEW,NO_REVIEWED_PLATFORM_ACCOUNT_ID,False
twitch:candidate_d9e3ff592d11f4eb1706,twitch,,cozmicmoonbean,https://www.twitch.tv/cozmicmoonbean,HOLD_NEEDS_CHANNEL_REVIEW,NO_REVIEWED_PLATFORM_ACCOUNT_ID,False
twitch:candidate_da36f86ea0771e9cc768,twitch,,caitycoopscoops,https://www.twitch.tv/caitycoopscoops,HOLD_NEEDS_CHANNEL_REVIEW,NO_REVIEWED_PLATFORM_ACCOUNT_ID,False
twitch:candidate_decdad215e16255615a8,twitch,,Seishiro Hikari,https://www.twitch.tv/hikari_seishiro,HOLD_NEEDS_CHANNEL_REVIEW,NO_REVIEWED_PLATFORM_ACCOUNT_ID,False
twitch:candidate_e193f10046bfa55e48e7,twitch,,molinariavtuber,https://www.twitch.tv/molinariavtuber,HOLD_NEEDS_CHANNEL_REVIEW,NO_REVIEWED_PLATFORM_ACCOUNT_ID,False
twitch:candidate_e1d01961c05f29971e56,twitch,,chibidoki,https://www.twitch.tv/chibidoki,HOLD_NEEDS_CHANNEL_REVIEW,NO_REVIEWED_PLATFORM_ACCOUNT_ID,False
twitch:candidate_e1dd68323b65e2a2f5e0,twitch,,sdshepard,https://www.twitch.tv/sdshepard,HOLD_NEEDS_CHANNEL_REVIEW,NO_REVIEWED_PLATFORM_ACCOUNT_ID,False
twitch:candidate_e4908939d1b98568bdc2,twitch,,hana_vstreamer,https://www.twitch.tv/hana_vstreamer,HOLD_NEEDS_CHANNEL_REVIEW,NO_REVIEWED_PLATFORM_ACCOUNT_ID,False
twitch:candidate_e5cb2bb680bb62bbe466,twitch,,emberith,https://www.twitch.tv/emberith,HOLD_NEEDS_CHANNEL_REVIEW,NO_REVIEWED_PLATFORM_ACCOUNT_ID,False
twitch:candidate_e7aadbd7eb32242050d4,twitch,,naxxle_,https://www.twitch.tv/naxxle_,HOLD_NEEDS_CHANNEL_REVIEW,NO_REVIEWED_PLATFORM_ACCOUNT_ID,False
twitch:candidate_ee051a3f29e76833f36a,twitch,,katie,https://www.twitch.tv/katie,HOLD_NEEDS_CHANNEL_REVIEW,NO_REVIEWED_PLATFORM_ACCOUNT_ID,False
twitch:candidate_eed6098cbb07bc3ee343,twitch,,koyoinosora,https://www.twitch.tv/koyoinosora,HOLD_NEEDS_CHANNEL_REVIEW,NO_REVIEWED_PLATFORM_ACCOUNT_ID,False
twitch:candidate_f02018a426bbe0ba04ef,twitch,,dragon_streamertwitch,https://www.twitch.tv/dragon_streamertwitch,HOLD_NEEDS_CHANNEL_REVIEW,NO_REVIEWED_PLATFORM_ACCOUNT_ID,False
twitch:candidate_f070ed46c04484736af0,twitch,,Lucky Raccoon VTuber | Thailand,https://www.twitch.tv/luckyraccoonvt,HOLD_NEEDS_CHANNEL_REVIEW,NO_REVIEWED_PLATFORM_ACCOUNT_ID,False
twitch:candidate_f0bd5d89e692572f8d63,twitch,,biker_mike_,https://www.twitch.tv/biker_mike_,HOLD_NEEDS_CHANNEL_REVIEW,NO_REVIEWED_PLATFORM_ACCOUNT_ID,False
twitch:candidate_f131975d12a50770a1b8,twitch,,kiaralyris,https://www.twitch.tv/kiaralyris,HOLD_NEEDS_CHANNEL_REVIEW,NO_REVIEWED_PLATFORM_ACCOUNT_ID,False
twitch:candidate_f14973eb6ef2bb75db13,twitch,,ttvstreamer123btw,https://www.twitch.tv/ttvstreamer123btw,HOLD_NEEDS_CHANNEL_REVIEW,NO_REVIEWED_PLATFORM_ACCOUNT_ID,False
twitch:candidate_f33b1eb6f55abfa70951,twitch,,Morika Rei,https://www.twitch.tv/rei_morika,HOLD_NEEDS_CHANNEL_REVIEW,NO_REVIEWED_PLATFORM_ACCOUNT_ID,False
twitch:candidate_f3bf7313975fcd26d226,twitch,,it_felicia,https://www.twitch.tv/it_felicia,HOLD_NEEDS_CHANNEL_REVIEW,NO_REVIEWED_PLATFORM_ACCOUNT_ID,False
twitch:candidate_f44fcd98b73b64c7b641,twitch,,lilliavtuber,https://www.twitch.tv/lilliavtuber,HOLD_NEEDS_CHANNEL_REVIEW,NO_REVIEWED_PLATFORM_ACCOUNT_ID,False
twitch:candidate_f4636c65d32a87f208b7,twitch,,fluwufy,https://www.twitch.tv/fluwufy,HOLD_NEEDS_CHANNEL_REVIEW,NO_REVIEWED_PLATFORM_ACCOUNT_ID,False
twitch:candidate_f56f97270efbd6cdddcd,twitch,,Rainbows Fukio,https://twitch.tv/fukio_vt,HOLD_NEEDS_CHANNEL_REVIEW,NO_REVIEWED_PLATFORM_ACCOUNT_ID,False
twitch:candidate_f657663fcf30052547d1,twitch,,ellyen,https://www.twitch.tv/ellyen,HOLD_NEEDS_CHANNEL_REVIEW,NO_REVIEWED_PLATFORM_ACCOUNT_ID,False
twitch:candidate_f786357377e9325f3bf6,twitch,,hamiiimommy,https://www.twitch.tv/hamiiimommy,HOLD_NEEDS_CHANNEL_REVIEW,NO_REVIEWED_PLATFORM_ACCOUNT_ID,False
twitch:candidate_f9242a7e0c28ed8f596d,twitch,,relay_vstreamer,https://www.twitch.tv/relay_vstreamer,HOLD_NEEDS_CHANNEL_REVIEW,NO_REVIEWED_PLATFORM_ACCOUNT_ID,False
twitch:candidate_f9a7cd90440e2c2e3665,twitch,,rokumonkiaro,https://www.twitch.tv/rokumonkiaro,HOLD_NEEDS_CHANNEL_REVIEW,NO_REVIEWED_PLATFORM_ACCOUNT_ID,False
twitch:candidate_fa282b6d20848628791e,twitch,,arctosthewolf,https://www.twitch.tv/arctosthewolf,HOLD_NEEDS_CHANNEL_REVIEW,NO_REVIEWED_PLATFORM_ACCOUNT_ID,False
website:candidate_14e37e04c7c85a77a1ee,website,,MuertoTarde | Indie Vtuber EN/TH,https://bsky.app/profile/muertemfanis.bsky.social,HOLD_NEEDS_CHANNEL_REVIEW,NO_REVIEWED_PLATFORM_ACCOUNT_ID,False
website:candidate_1e7340fbd48a4723bd07,website,,Fuyu | VtuberTH,https://bsky.app/profile/fuyu1102.bsky.social,HOLD_NEEDS_CHANNEL_REVIEW,NO_REVIEWED_PLATFORM_ACCOUNT_ID,False
website:candidate_2aa70d80ca60e5c53e59,website,,Lucrezia | VtuberTH,https://bsky.app/profile/lulutanwitch.bsky.social,HOLD_NEEDS_CHANNEL_REVIEW,NO_REVIEWED_PLATFORM_ACCOUNT_ID,False
website:candidate_452ad5c046759deb8a92,website,,Shiká | Thai VTuber,https://bsky.app/profile/shikadawg.bsky.social,HOLD_NEEDS_CHANNEL_REVIEW,NO_REVIEWED_PLATFORM_ACCOUNT_ID,False
website:candidate_4eabeb04ef9c9efe02ea,website,,JiYuu | Arctic Fox Vtuber TH/EN,https://bsky.app/profile/jiyuutora.bsky.social,HOLD_NEEDS_CHANNEL_REVIEW,NO_REVIEWED_PLATFORM_ACCOUNT_ID,False
website:candidate_4f4136d4c82c5b974114,website,,Tsuma | Thai Vtuber,https://bsky.app/profile/karatsuma-neko.bsky.social,HOLD_NEEDS_CHANNEL_REVIEW,NO_REVIEWED_PLATFORM_ACCOUNT_ID,False
website:candidate_51ac9d409e76593f10b7,website,,KYOYA | Wolf Vtuber TH/EN,https://bsky.app/profile/kyoyavtb.bsky.social,HOLD_NEEDS_CHANNEL_REVIEW,NO_REVIEWED_PLATFORM_ACCOUNT_ID,False
website:candidate_67359b06f58ccd24ce91,website,,Littlebunnie | VtuberTH,https://littlebunniechu.carrd.co/,HOLD_NEEDS_CHANNEL_REVIEW,NO_REVIEWED_PLATFORM_ACCOUNT_ID,False
website:candidate_7778ace9457625414d01,website,,ZEPHYROS | LESTIAL V,https://zephyroslv.carrd.co/,HOLD_NEEDS_CHANNEL_REVIEW,NO_REVIEWED_PLATFORM_ACCOUNT_ID,False
website:candidate_9caa3f3a4a356ee49bfb,website,,Ruby de Laria | Thai Horror Vtuber,https://bsky.app/profile/rubyreth.bsky.social,HOLD_NEEDS_CHANNEL_REVIEW,NO_REVIEWED_PLATFORM_ACCOUNT_ID,False
website:candidate_a568d403db6760d468ba,website,,Xsaysir | VtuberTH,https://bsky.app/profile/xsaysir.bsky.social,HOLD_NEEDS_CHANNEL_REVIEW,NO_REVIEWED_PLATFORM_ACCOUNT_ID,False
website:candidate_c24ba801e86db2218a9a,website,,Ashley | VtuberTH,https://bsky.app/profile/ashleythedemon.bsky.social,HOLD_NEEDS_CHANNEL_REVIEW,NO_REVIEWED_PLATFORM_ACCOUNT_ID,False
website:candidate_c2d0e6c582c5d952e2a6,website,,Aina | VtuberTH Twitch,https://solo.to/aina_vtuber,HOLD_NEEDS_CHANNEL_REVIEW,NO_REVIEWED_PLATFORM_ACCOUNT_ID,False
website:candidate_cb30840fd549709b688c,website,,Hoshimura Himawari,https://himawariwhiteowl.com/,HOLD_NEEDS_CHANNEL_REVIEW,NO_REVIEWED_PLATFORM_ACCOUNT_ID,False
website:candidate_cc56e08a495a496a93eb,website,,SOLID | VtuberTH,https://www.openlink.co/solid,HOLD_NEEDS_CHANNEL_REVIEW,NO_REVIEWED_PLATFORM_ACCOUNT_ID,False
website:candidate_cf0b1aab6eed04037d9e,website,,Kaneaki Arina,https://bsky.app/profile/knarina.bsky.social,HOLD_NEEDS_CHANNEL_REVIEW,NO_REVIEWED_PLATFORM_ACCOUNT_ID,False
website:candidate_d6a664fcfc245a12fc8f,website,,AGITO Izanagi | VSinger Thailand,https://bsky.app/profile/agito-izanagi.bsky.social,HOLD_NEEDS_CHANNEL_REVIEW,NO_REVIEWED_PLATFORM_ACCOUNT_ID,False
website:candidate_f7ccded7afafd5f5450d,website,,Okuran | WEB3 Vtuber Pre-Debut,https://bsky.app/profile/okuran003.bsky.social,HOLD_NEEDS_CHANNEL_REVIEW,NO_REVIEWED_PLATFORM_ACCOUNT_ID,False
x:acct_00065b02e7e5e3981fe7,x,,Mikotomi Maneneko Ch. Lumina-Mutelu,https://x.com/ManenekoMutelu,HOLD_NEEDS_CHANNEL_REVIEW,NO_REVIEWED_PLATFORM_ACCOUNT_ID,False
x:acct_00205b5ca0477a22a5b4,x,,Shian Blueth,https://x.com/Shian_Blueth,HOLD_NEEDS_CHANNEL_REVIEW,NO_REVIEWED_PLATFORM_ACCOUNT_ID,False
x:acct_00ba1d1e00e281a6b370,x,,EuRo,https://x.com/EuRoxyz_,HOLD_NEEDS_CHANNEL_REVIEW,NO_REVIEWED_PLATFORM_ACCOUNT_ID,False
x:acct_00dab9b538b304b1134a,x,,Kyoya Keiran,https://x.com/kyoyavtuberth,HOLD_NEEDS_CHANNEL_REVIEW,NO_REVIEWED_PLATFORM_ACCOUNT_ID,False
x:acct_00e0fcc954d915798ab8,x,,Kevara ch. Euphora,https://x.com/Kevara_EPR,HOLD_NEEDS_CHANNEL_REVIEW,NO_REVIEWED_PLATFORM_ACCOUNT_ID,False
x:acct_011a60c73da726d059e8,x,,RUNA Ch.[Vtuber],https://x.com/RUNAVtuber,HOLD_NEEDS_CHANNEL_REVIEW,NO_REVIEWED_PLATFORM_ACCOUNT_ID,False
x:acct_01b6235205552d34d9ad,x,,Alizabyleth Ch.,https://x.com/AlizabylethChuu,HOLD_NEEDS_CHANNEL_REVIEW,NO_REVIEWED_PLATFORM_ACCOUNT_ID,False
x:acct_01d7a94d047fe3097e96,x,,Regina Ch.,https://x.com/ReginaVtuberth,HOLD_NEEDS_CHANNEL_REVIEW,NO_REVIEWED_PLATFORM_ACCOUNT_ID,False
x:acct_023cecd4c1172629c5a9,x,,Shiroyasha Zerim Ch.,https://x.com/ZerimCh,HOLD_NEEDS_CHANNEL_REVIEW,NO_REVIEWED_PLATFORM_ACCOUNT_ID,False
x:acct_024da3dc74d46dc34a09,x,,Yuitoku Ch.,https://x.com/Yuitoku_Woof,HOLD_NEEDS_CHANNEL_REVIEW,NO_REVIEWED_PLATFORM_ACCOUNT_ID,False
x:acct_028764e6d8f9b361ebaf,x,,Roselia de Magentia Ch. Pixela S,https://x.com/RoseliaMagentia,HOLD_NEEDS_CHANNEL_REVIEW,NO_REVIEWED_PLATFORM_ACCOUNT_ID,False
x:acct_02892b645a105ffbc5c1,x,,X ZiLVA,https://x.com/X_zilva,HOLD_NEEDS_CHANNEL_REVIEW,NO_REVIEWED_PLATFORM_ACCOUNT_ID,False
x:acct_03040bb3c3bdabf5893b,x,,วายุ สวรรค์,https://x.com/wayusawan19,HOLD_NEEDS_CHANNEL_REVIEW,NO_REVIEWED_PLATFORM_ACCOUNT_ID,False
x:acct_0362d1d225218cf2b802,x,,Monmon Thedoggo Ch.,https://x.com/Monmonthedoggo,HOLD_NEEDS_CHANNEL_REVIEW,NO_REVIEWED_PLATFORM_ACCOUNT_ID,False
x:acct_038037e0446312f6c7e7,x,,Donovan Ch.,https://x.com/donovan_vtuber,HOLD_NEEDS_CHANNEL_REVIEW,NO_REVIEWED_PLATFORM_ACCOUNT_ID,False
x:acct_03c6b5378fe9ff6174f8,x,,SE1 Ch.,https://x.com/shiaiseiki,HOLD_NEEDS_CHANNEL_REVIEW,NO_REVIEWED_PLATFORM_ACCOUNT_ID,False
x:acct_041909ab24b12d38bb26,x,,Amy Stella Ch.,https://x.com/AmySTL_Official,HOLD_NEEDS_CHANNEL_REVIEW,NO_REVIEWED_PLATFORM_ACCOUNT_ID,False
x:acct_041e7989204b1f5415ce,x,,Yasou Azrael Ch. / AStars,https://x.com/AStarsofficial,HOLD_NEEDS_CHANNEL_REVIEW,NO_REVIEWED_PLATFORM_ACCOUNT_ID,False
x:acct_0494e4669d12b3ab9891,x,,Jisooman Ch.,https://x.com/T1Jisoomanz,HOLD_NEEDS_CHANNEL_REVIEW,NO_REVIEWED_PLATFORM_ACCOUNT_ID,False
x:acct_04ead54fbc1c2795c0ea,x,,YueQin Vtuber 『Berlina•ECR』,https://x.com/YueQinVtuber,HOLD_NEEDS_CHANNEL_REVIEW,NO_REVIEWED_PLATFORM_ACCOUNT_ID,False
x:acct_0508faf51ec70a9726ac,x,,Chaos Ch.,https://x.com/Chaoslnwza007,HOLD_NEEDS_CHANNEL_REVIEW,NO_REVIEWED_PLATFORM_ACCOUNT_ID,False
x:acct_055332547ff510c24fd1,x,,Kerori Raika,https://x.com/keroRaika,HOLD_NEEDS_CHANNEL_REVIEW,NO_REVIEWED_PLATFORM_ACCOUNT_ID,False
x:acct_0589ac203293f1d01674,x,,MikuRu-0 Project,https://x.com/MikuruZER0_proj,HOLD_NEEDS_CHANNEL_REVIEW,NO_REVIEWED_PLATFORM_ACCOUNT_ID,False
x:acct_058ed8a6d6fff8616a85,x,,Devto Demon,https://x.com/DemonDevto42906,HOLD_NEEDS_CHANNEL_REVIEW,NO_REVIEWED_PLATFORM_ACCOUNT_ID,False
x:acct_0593a684cef03d1fa15e,x,,Merope Ch.,https://x.com/MeropeVtuber,HOLD_NEEDS_CHANNEL_REVIEW,NO_REVIEWED_PLATFORM_ACCOUNT_ID,False
x:acct_06103033a64a628260bf,x,,ลินน่าจะร้อง | Lynna Vsinger,https://x.com/Lynna_vtuber,HOLD_NEEDS_CHANNEL_REVIEW,NO_REVIEWED_PLATFORM_ACCOUNT_ID,False
x:acct_0657f8e7ca0a8ad0aa20,x,,Pugmaru_VTube,https://x.com/InuKami_PugMaru,HOLD_NEEDS_CHANNEL_REVIEW,NO_REVIEWED_PLATFORM_ACCOUNT_ID,False
x:acct_0660f9f5ad1f51762a1e,x,,Aosora Popo Ch.,https://x.com/Aosora_Popo,HOLD_NEEDS_CHANNEL_REVIEW,NO_REVIEWED_PLATFORM_ACCOUNT_ID,False
x:acct_06877d39ded99ca4c9ce,x,,Potia PBT,https://x.com/Potia_VtuTH,HOLD_NEEDS_CHANNEL_REVIEW,NO_REVIEWED_PLATFORM_ACCOUNT_ID,False
x:acct_068b74089a33d85fd828,x,,Xeres Artrophel Ch.,https://x.com/Xeres_Vtuber,HOLD_NEEDS_CHANNEL_REVIEW,NO_REVIEWED_PLATFORM_ACCOUNT_ID,False
x:acct_069ddcfa79b8371d6350,x,,SORASAMA,https://x.com/sorasamavtuber,HOLD_NEEDS_CHANNEL_REVIEW,NO_REVIEWED_PLATFORM_ACCOUNT_ID,False
x:acct_0723ff256998e2ec6bfb,x,,Hyoki Howatora Ch.,https://x.com/HyokiHowatora,HOLD_NEEDS_CHANNEL_REVIEW,NO_REVIEWED_PLATFORM_ACCOUNT_ID,False
x:acct_07506a16ab75816e7cc8,x,,Zariza Ophius Ch.,https://x.com/ZarizaOphius,HOLD_NEEDS_CHANNEL_REVIEW,NO_REVIEWED_PLATFORM_ACCOUNT_ID,False
x:acct_076a87b9c4d1c29dc510,x,,MaewUVChan Channel,https://x.com/VMaewuvchan,HOLD_NEEDS_CHANNEL_REVIEW,NO_REVIEWED_PLATFORM_ACCOUNT_ID,False
x:acct_07d5c4e0479702f9b08e,x,,Ivy Ch.【ARP】,https://x.com/Ivy_ARP,HOLD_NEEDS_CHANNEL_REVIEW,NO_REVIEWED_PLATFORM_ACCOUNT_ID,False
x:acct_07e354ebf1ce608c9339,x,,Akimoto Yuma Ch. [SOON],https://x.com/Akmt_Yuma,HOLD_NEEDS_CHANNEL_REVIEW,NO_REVIEWED_PLATFORM_ACCOUNT_ID,False
x:acct_07eb2c5d06bab42b1f12,x,,SKarenNin,https://x.com/SKarennin,HOLD_NEEDS_CHANNEL_REVIEW,NO_REVIEWED_PLATFORM_ACCOUNT_ID,False
x:acct_080f03546579bf8e0dda,x,,DarkPhoenix13Fr,https://x.com/DarkPhoenix13Fr,HOLD_NEEDS_CHANNEL_REVIEW,NO_REVIEWED_PLATFORM_ACCOUNT_ID,False
x:acct_08185a65f4d3873ca39c,x,,Lucene Ch.,https://x.com/LucenePLG,HOLD_NEEDS_CHANNEL_REVIEW,NO_REVIEWED_PLATFORM_ACCOUNT_ID,False
x:acct_081f850203e3f0b5896a,x,,JamMyChan ch.,https://x.com/Jammy_Chan_,HOLD_NEEDS_CHANNEL_REVIEW,NO_REVIEWED_PLATFORM_ACCOUNT_ID,False
x:acct_097053f1556c303a61c6,x,,Hajime Rei Ch. / AStars,https://x.com/HajimeRei_AS,HOLD_NEEDS_CHANNEL_REVIEW,NO_REVIEWED_PLATFORM_ACCOUNT_ID,False
x:acct_097b892f95a0139f3199,x,,Lana Vtuber,https://x.com/Lana_LiLiHo,HOLD_NEEDS_CHANNEL_REVIEW,NO_REVIEWED_PLATFORM_ACCOUNT_ID,False
x:acct_09dde9d133cd2cc9ac14,x,,Aoi Crescent Ch.,https://x.com/AoiCrescent,HOLD_NEEDS_CHANNEL_REVIEW,NO_REVIEWED_PLATFORM_ACCOUNT_ID,False
x:acct_0a0202bc733a523d8f38,x,,Aiden Leonheart【SRV】,https://x.com/Aiden_Leonheart,HOLD_NEEDS_CHANNEL_REVIEW,NO_REVIEWED_PLATFORM_ACCOUNT_ID,False
x:acct_0a1937fbbccd00ac831e,x,,Renai ai Ch.〖DPX〗,https://x.com/renai_dpx,HOLD_NEEDS_CHANNEL_REVIEW,NO_REVIEWED_PLATFORM_ACCOUNT_ID,False
x:acct_0a590d3134949e06d2ec,x,,The Doll Tales,https://x.com/TheDollTales,HOLD_NEEDS_CHANNEL_REVIEW,NO_REVIEWED_PLATFORM_ACCOUNT_ID,False
x:acct_0ae69f49013e0b7b50c1,x,,Nirvana Ch.【ARP】,https://x.com/Nirvana_ARP,HOLD_NEEDS_CHANNEL_REVIEW,NO_REVIEWED_PLATFORM_ACCOUNT_ID,False
x:acct_0b2819e3b3f6afdbbdb1,x,,Melinoir Ch.,https://x.com/Melinoir777,HOLD_NEEDS_CHANNEL_REVIEW,NO_REVIEWED_PLATFORM_ACCOUNT_ID,False
x:acct_0b5b8cae61d7dc39cb80,x,,Raizuu,https://x.com/RakumitsuRaizuu,HOLD_NEEDS_CHANNEL_REVIEW,NO_REVIEWED_PLATFORM_ACCOUNT_ID,False
x:acct_0b7c7a1881a50f2c8c8d,x,,Nonghong,https://x.com/NonghongV,HOLD_NEEDS_CHANNEL_REVIEW,NO_REVIEWED_PLATFORM_ACCOUNT_ID,False
x:acct_0b81e3f7af08c1f714ff,x,,Arine Vtuber,https://x.com/ArineVtuber,HOLD_NEEDS_CHANNEL_REVIEW,NO_REVIEWED_PLATFORM_ACCOUNT_ID,False
x:acct_0ba5c0d132de8fbc8cd4,x,,ZONA Ch.,https://x.com/ZonaPLG,HOLD_NEEDS_CHANNEL_REVIEW,NO_REVIEWED_PLATFORM_ACCOUNT_ID,False
x:acct_0beea97c355ead80ed04,x,,Kealan Hmm [ECR],https://x.com/KealanHmm,HOLD_NEEDS_CHANNEL_REVIEW,NO_REVIEWED_PLATFORM_ACCOUNT_ID,False
x:acct_0bffabf181cf9c4415e8,x,,SiamNeko Ch.【ARP】,https://x.com/Siamneko_ARP,HOLD_NEEDS_CHANNEL_REVIEW,NO_REVIEWED_PLATFORM_ACCOUNT_ID,False
x:acct_0c3bf039ffe3ec29fcb2,x,,Millennia Ch.【ARP】,https://x.com/Millennia_ARP,HOLD_NEEDS_CHANNEL_REVIEW,NO_REVIEWED_PLATFORM_ACCOUNT_ID,False
x:acct_0c540ee46e2c95afe17c,x,,Owen Zwei Ch.,https://x.com/ZweiAKD,HOLD_NEEDS_CHANNEL_REVIEW,NO_REVIEWED_PLATFORM_ACCOUNT_ID,False
x:acct_0c9d70e533478e961e2e,x,,Mariabell Rain - 雨 ,https://x.com/MariabellRain,HOLD_NEEDS_CHANNEL_REVIEW,NO_REVIEWED_PLATFORM_ACCOUNT_ID,False
x:acct_0cf89b4ba2b4b1879a08,x,,Reiden_R Ch.,https://x.com/ReidenRacoonCH,HOLD_NEEDS_CHANNEL_REVIEW,NO_REVIEWED_PLATFORM_ACCOUNT_ID,False
x:acct_0d1f53a9669af0ab8dd5,x,,Rahhatem Ch.【PSM】,https://x.com/Rahhatem_Vtuber,HOLD_NEEDS_CHANNEL_REVIEW,NO_REVIEWED_PLATFORM_ACCOUNT_ID,False
x:acct_0d5823541eab93c79f59,x,,LUNA NENE ◤VTP◢,https://x.com/LUNANENE_VTP,HOLD_NEEDS_CHANNEL_REVIEW,NO_REVIEWED_PLATFORM_ACCOUNT_ID,False
x:acct_0d8e61d0c6aa1852f52d,x,,Liztsu Hikake Ch.,https://x.com/liztsu_kumoke,HOLD_NEEDS_CHANNEL_REVIEW,NO_REVIEWED_PLATFORM_ACCOUNT_ID,False
x:acct_0dbb079644d0fd0ee9ae,x,,Caelith - ケイリス Keirisu -,https://x.com/CaelithHoshi,HOLD_NEEDS_CHANNEL_REVIEW,NO_REVIEWED_PLATFORM_ACCOUNT_ID,False
x:acct_0de18b3bfab6e3ccb1c1,x,,[ad] Khaow | ยุติบทบาท / ทอดทิ้งงาน,https://x.com/AdKhaow,HOLD_NEEDS_CHANNEL_REVIEW,NO_REVIEWED_PLATFORM_ACCOUNT_ID,False
x:acct_0e0182d96e43637d23e4,x,,NoBoRu,https://x.com/NoboruCh,HOLD_NEEDS_CHANNEL_REVIEW,NO_REVIEWED_PLATFORM_ACCOUNT_ID,False
x:acct_0e72a26c789cfd4c71a4,x,,Khaojao,https://x.com/Khaojao_Vtuber,HOLD_NEEDS_CHANNEL_REVIEW,NO_REVIEWED_PLATFORM_ACCOUNT_ID,False
x:acct_0e836b0d62bf9c57e9eb,x,,【公式】HAJITABI ハジタビ,https://x.com/HAJITABI_info,HOLD_NEEDS_CHANNEL_REVIEW,NO_REVIEWED_PLATFORM_ACCOUNT_ID,False
x:acct_0ebc6d6fe30a75e9bf14,x,,Liyin,https://x.com/Lyin_1,HOLD_NEEDS_CHANNEL_REVIEW,NO_REVIEWED_PLATFORM_ACCOUNT_ID,False
x:acct_0ed0d8f4be55c9bf9696,x,,Maya Oboro Ch.,https://x.com/MayaOboro,HOLD_NEEDS_CHANNEL_REVIEW,NO_REVIEWED_PLATFORM_ACCOUNT_ID,False
x:acct_0ee25fdc07f77b741fe4,x,,Norigo Ch.,https://x.com/Norigo_TTM,HOLD_NEEDS_CHANNEL_REVIEW,NO_REVIEWED_PLATFORM_ACCOUNT_ID,False
x:acct_0ef3ed772e70041152c4,x,,Kamilla Lich,https://x.com/Kamilla_Lich,HOLD_NEEDS_CHANNEL_REVIEW,NO_REVIEWED_PLATFORM_ACCOUNT_ID,False
x:acct_0efdbbb3cda79e8a3051,x,,Saria Ch.,https://x.com/AobaSaria,HOLD_NEEDS_CHANNEL_REVIEW,NO_REVIEWED_PLATFORM_ACCOUNT_ID,False
x:acct_0f36d278b7bc75088440,x,,Oni Shinkim Ch.【PSM】,https://x.com/onishinkim03,HOLD_NEEDS_CHANNEL_REVIEW,NO_REVIEWED_PLATFORM_ACCOUNT_ID,False
x:acct_0f66908d91cc779dae13,x,,Lapine Ch.,https://x.com/LapinePLG,HOLD_NEEDS_CHANNEL_REVIEW,NO_REVIEWED_PLATFORM_ACCOUNT_ID,False
x:acct_0f94d52829608db691f4,x,,Layniazia Ch.,https://x.com/layniazia,HOLD_NEEDS_CHANNEL_REVIEW,NO_REVIEWED_PLATFORM_ACCOUNT_ID,False
x:acct_0fd9f3fe98ceb70f6825,x,,Eileennoir Ch.,https://x.com/Eileennoir_ARP,HOLD_NEEDS_CHANNEL_REVIEW,NO_REVIEWED_PLATFORM_ACCOUNT_ID,False
x:acct_102ff46557abfb7f871e,x,,J U $ T - Virtual7『TH』,https://x.com/JUST_JDD,HOLD_NEEDS_CHANNEL_REVIEW,NO_REVIEWED_PLATFORM_ACCOUNT_ID,False
x:acct_10c97770d0133adb3cee,x,,Poppy the Puppy,https://x.com/poppy_ur,HOLD_NEEDS_CHANNEL_REVIEW,NO_REVIEWED_PLATFORM_ACCOUNT_ID,False
x:acct_10c9b6276164ef057820,x,,Rera Drago ch. AKD,https://x.com/ReraVtuber,HOLD_NEEDS_CHANNEL_REVIEW,NO_REVIEWED_PLATFORM_ACCOUNT_ID,False
x:acct_1113ab749b12191f91f9,x,,Rinna Rin,https://x.com/RinnaRinRN,HOLD_NEEDS_CHANNEL_REVIEW,NO_REVIEWED_PLATFORM_ACCOUNT_ID,False
x:acct_114810aa1961c0ffce9f,x,,Rubyele Garnet Ch.,https://x.com/RubyeleG,HOLD_NEEDS_CHANNEL_REVIEW,NO_REVIEWED_PLATFORM_ACCOUNT_ID,False
x:acct_114a215b9bd84160f5ec,x,,CoolRin CH,https://x.com/CoolrinC,HOLD_NEEDS_CHANNEL_REVIEW,NO_REVIEWED_PLATFORM_ACCOUNT_ID,False
x:acct_117e67eadaea0b0cbe84,x,,Cynthia Rowena Ch.,https://x.com/Cynthia_Rowena,HOLD_NEEDS_CHANNEL_REVIEW,NO_REVIEWED_PLATFORM_ACCOUNT_ID,False
x:acct_11927e05007ce11fd64c,x,,GIN,https://x.com/gin_vtuber_,HOLD_NEEDS_CHANNEL_REVIEW,NO_REVIEWED_PLATFORM_ACCOUNT_ID,False
x:acct_11b200211ceda653d715,x,,SayJifuyuV,https://x.com/JifuyuVTB,HOLD_NEEDS_CHANNEL_REVIEW,NO_REVIEWED_PLATFORM_ACCOUNT_ID,False
x:acct_11d37ac3cc4af3e7130a,x,,Zabrina,https://x.com/ZabrinaVTuberTH,HOLD_NEEDS_CHANNEL_REVIEW,NO_REVIEWED_PLATFORM_ACCOUNT_ID,False
x:acct_11f1e78ea8652b470578,x,,Hoku Ch.,https://x.com/HokuPLG,HOLD_NEEDS_CHANNEL_REVIEW,NO_REVIEWED_PLATFORM_ACCOUNT_ID,False
x:acct_120a76cb73053240b96c,x,,Witchy Rochelle,https://x.com/Witchy_Rochelle,HOLD_NEEDS_CHANNEL_REVIEW,NO_REVIEWED_PLATFORM_ACCOUNT_ID,False
x:acct_123499d5977ae009d6a8,x,,Noeluc,https://x.com/Noeluc_,HOLD_NEEDS_CHANNEL_REVIEW,NO_REVIEWED_PLATFORM_ACCOUNT_ID,False
x:acct_123f1edf1d4802d2bbaa,x,,Saviola JTM Channel,https://x.com/Saviola21PM,HOLD_NEEDS_CHANNEL_REVIEW,NO_REVIEWED_PLATFORM_ACCOUNT_ID,False
x:acct_125a222808094503b3a7,x,,DolcheB,https://x.com/BarristerDolche,HOLD_NEEDS_CHANNEL_REVIEW,NO_REVIEWED_PLATFORM_ACCOUNT_ID,False
x:acct_13b3f1992e5f42cecdbd,x,,NUTTY ROZE ,https://x.com/NuttyWis,HOLD_NEEDS_CHANNEL_REVIEW,NO_REVIEWED_PLATFORM_ACCOUNT_ID,False
x:acct_13d345c8e90b635c72ac,x,,Enryu Horus Ch. 炎竜ホルス,https://x.com/enryuhorus,HOLD_NEEDS_CHANNEL_REVIEW,NO_REVIEWED_PLATFORM_ACCOUNT_ID,False
x:acct_13d564e814c3da9738cc,x,,Kayo Ch. 【かよCh.】◣PLO◥,https://x.com/KaYo_Chi,HOLD_NEEDS_CHANNEL_REVIEW,NO_REVIEWED_PLATFORM_ACCOUNT_ID,False
x:acct_13e4338fa1dd5be6ec89,x,,In0suke,https://x.com/In0sukeTW,HOLD_NEEDS_CHANNEL_REVIEW,NO_REVIEWED_PLATFORM_ACCOUNT_ID,False
x:acct_141e407d9b4594946580,x,,Zayn Ch【 HZ 】,https://x.com/zayngloucester,HOLD_NEEDS_CHANNEL_REVIEW,NO_REVIEWED_PLATFORM_ACCOUNT_ID,False
x:acct_146467e04c2b39941c2d,x,,เบลล์ / Belle [EC19 Projekt],https://x.com/BelleEc19,HOLD_NEEDS_CHANNEL_REVIEW,NO_REVIEWED_PLATFORM_ACCOUNT_ID,False
x:acct_14806866a73926ee3971,x,,東雲こね / Shinonome Kone ⌜VZ⌟,https://x.com/ShinonomeKone,HOLD_NEEDS_CHANNEL_REVIEW,NO_REVIEWED_PLATFORM_ACCOUNT_ID,False
x:acct_14e2a74c1b942aa41721,x,,Sataru【21PM】,https://x.com/Sataru21PM,HOLD_NEEDS_CHANNEL_REVIEW,NO_REVIEWED_PLATFORM_ACCOUNT_ID,False
x:acct_15697f422ced336b9b13,x,,Alteria Channel,https://x.com/Alteria_Vtuber,HOLD_NEEDS_CHANNEL_REVIEW,NO_REVIEWED_PLATFORM_ACCOUNT_ID,False
x:acct_15778f957b04b46fa5b7,x,,Asheria Ch.,https://x.com/Ashrbubu,HOLD_NEEDS_CHANNEL_REVIEW,NO_REVIEWED_PLATFORM_ACCOUNT_ID,False
x:acct_15ac64733d26449dff38,x,,AelegosSunOfaeminch.,https://x.com/pubnarakpa,HOLD_NEEDS_CHANNEL_REVIEW,NO_REVIEWED_PLATFORM_ACCOUNT_ID,False
x:acct_15c9eb61e8b05ab86dec,x,,Minarin Sárkányszél Ch.,https://x.com/MinarinSarkany,HOLD_NEEDS_CHANNEL_REVIEW,NO_REVIEWED_PLATFORM_ACCOUNT_ID,False
x:acct_15d560a74f25f1a3a8a1,x,,Tanujo [ECR],https://x.com/AredhanTanujo,HOLD_NEEDS_CHANNEL_REVIEW,NO_REVIEWED_PLATFORM_ACCOUNT_ID,False
x:acct_1630139dae8b6365c6ea,x,,Chermy Ch.,https://x.com/chermy_vtuber,HOLD_NEEDS_CHANNEL_REVIEW,NO_REVIEWED_PLATFORM_ACCOUNT_ID,False
x:acct_16385ae34134a5e77524,x,,Chata Cloveron ,https://x.com/ChataCloveron,HOLD_NEEDS_CHANNEL_REVIEW,NO_REVIEWED_PLATFORM_ACCOUNT_ID,False
x:acct_165c19fb5f1a79b0ad3e,x,,Lyon De Gladiolus,https://x.com/LyonGladiolus,HOLD_NEEDS_CHANNEL_REVIEW,NO_REVIEWED_PLATFORM_ACCOUNT_ID,False
x:acct_16848e7f72e4cb86ed14,x,,Tsuruko ch.【SOA】,https://x.com/Tsuruko_Vtuber,HOLD_NEEDS_CHANNEL_REVIEW,NO_REVIEWED_PLATFORM_ACCOUNT_ID,False
x:acct_169f813b8c2d7dc8be6f,x,,MoRin Ch.,https://x.com/MoRinPlanet,HOLD_NEEDS_CHANNEL_REVIEW,NO_REVIEWED_PLATFORM_ACCOUNT_ID,False
x:acct_16c4615d8c414cb59211,x,,TAIYO BOUKEN Ch.,https://x.com/TAIYOBOUKEN,HOLD_NEEDS_CHANNEL_REVIEW,NO_REVIEWED_PLATFORM_ACCOUNT_ID,False
x:acct_16cecd2781ea6fd4fb6a,x,,CHACHACHALICE,https://x.com/chachacha_lice,HOLD_NEEDS_CHANNEL_REVIEW,NO_REVIEWED_PLATFORM_ACCOUNT_ID,False
x:acct_16e295ec5269b324651b,x,,Fuka CH.〔 DBT 〕,https://x.com/fukadobutsu,HOLD_NEEDS_CHANNEL_REVIEW,NO_REVIEWED_PLATFORM_ACCOUNT_ID,False
x:acct_16f61427a0b87e7291fd,x,,Mamushi Ene Ch.,https://x.com/MamushiEne,HOLD_NEEDS_CHANNEL_REVIEW,NO_REVIEWED_PLATFORM_ACCOUNT_ID,False
x:acct_172153df619208c6fa4c,x,,Rhumora,https://x.com/Rhumora_ZTP,HOLD_NEEDS_CHANNEL_REVIEW,NO_REVIEWED_PLATFORM_ACCOUNT_ID,False
x:acct_1742648578139d6c055f,x,,DubeDuck ,https://x.com/DubeDuckvube,HOLD_NEEDS_CHANNEL_REVIEW,NO_REVIEWED_PLATFORM_ACCOUNT_ID,False
x:acct_1775a83fadc82bba5b8e,x,,NikkiLattE,https://x.com/NLattee59689,HOLD_NEEDS_CHANNEL_REVIEW,NO_REVIEWED_PLATFORM_ACCOUNT_ID,False
x:acct_17868620dac0c77cfb90,x,,Kuriimu Ch.,https://x.com/kuriimu_vtuber,HOLD_NEEDS_CHANNEL_REVIEW,NO_REVIEWED_PLATFORM_ACCOUNT_ID,False
x:acct_17932ca570b177158dc3,x,,CcretRain [ FLAW project ],https://x.com/CcretRain_Flaw,HOLD_NEEDS_CHANNEL_REVIEW,NO_REVIEWED_PLATFORM_ACCOUNT_ID,False
x:acct_17b099f3381cf9ebc656,x,,Sora A.C.G.,https://x.com/Sora_ACG,HOLD_NEEDS_CHANNEL_REVIEW,NO_REVIEWED_PLATFORM_ACCOUNT_ID,False
x:acct_17b31841e9b7a0099fe7,x,,Luxia Ch.,https://x.com/LuxiaPLG,HOLD_NEEDS_CHANNEL_REVIEW,NO_REVIEWED_PLATFORM_ACCOUNT_ID,False
x:acct_17b856c20e884d03f023,x,,"Peko the Witch ★ แม่มด""พีโกะ""",https://x.com/PekoDiary,HOLD_NEEDS_CHANNEL_REVIEW,NO_REVIEWED_PLATFORM_ACCOUNT_ID,False
x:acct_1816b91f6429742c8ef6,x,,Sigmunda Riona Ch. 【POLYGON】,https://x.com/RionaPLG,HOLD_NEEDS_CHANNEL_REVIEW,NO_REVIEWED_PLATFORM_ACCOUNT_ID,False
x:acct_18217308caa7c92c3998,x,,SwordAce,https://x.com/SwordAceTomato,HOLD_NEEDS_CHANNEL_REVIEW,NO_REVIEWED_PLATFORM_ACCOUNT_ID,False
x:acct_1827c2a8fcaa3ecb8320,x,,Ané Monie Ch. | OAL,https://x.com/monie_oal,HOLD_NEEDS_CHANNEL_REVIEW,NO_REVIEWED_PLATFORM_ACCOUNT_ID,False
x:acct_185441f81cddaa722cfd,x,,RinREXGer,https://x.com/rinrexger,HOLD_NEEDS_CHANNEL_REVIEW,NO_REVIEWED_PLATFORM_ACCOUNT_ID,False
x:acct_1876c4e08c2db1be1bac,x,,Fautier Owiwi Ch.,https://x.com/FautierOwiwi,HOLD_NEEDS_CHANNEL_REVIEW,NO_REVIEWED_PLATFORM_ACCOUNT_ID,False
x:acct_187fd06b19ed84abd015,x,,Magnum Ch.【ARP】,https://x.com/Magnum_ARP,HOLD_NEEDS_CHANNEL_REVIEW,NO_REVIEWED_PLATFORM_ACCOUNT_ID,False
x:acct_189a150f043f933e8b7e,x,,Kuroyoru Yami,https://x.com/KuroyoruYamisan,HOLD_NEEDS_CHANNEL_REVIEW,NO_REVIEWED_PLATFORM_ACCOUNT_ID,False
x:acct_18a92091b0b8874c41a5,x,,Kochiki Gram Ch.,https://x.com/Kochiki_Gram,HOLD_NEEDS_CHANNEL_REVIEW,NO_REVIEWED_PLATFORM_ACCOUNT_ID,False
x:acct_18b0c3de295b0934670f,x,,Freyraine Ch.,https://x.com/freyraine,HOLD_NEEDS_CHANNEL_REVIEW,NO_REVIEWED_PLATFORM_ACCOUNT_ID,False
x:acct_1912b6059d3b0ab239e6,x,,Zerin Ch. - ゼリン -,https://x.com/ZerinDesu,HOLD_NEEDS_CHANNEL_REVIEW,NO_REVIEWED_PLATFORM_ACCOUNT_ID,False
x:acct_192fd66bc29239e7d2e8,x,,Elphylia CH.,https://x.com/elphylia_el0612,HOLD_NEEDS_CHANNEL_REVIEW,NO_REVIEWED_PLATFORM_ACCOUNT_ID,False
x:acct_19a61f2f4d49e5606475,x,,Terios Ch.,https://x.com/Terios_Ch,HOLD_NEEDS_CHANNEL_REVIEW,NO_REVIEWED_PLATFORM_ACCOUNT_ID,False
x:acct_19e0e561e0ea62a222c2,x,,Hatsu ch〖DPX〗,https://x.com/Hatsu_DPX,HOLD_NEEDS_CHANNEL_REVIEW,NO_REVIEWED_PLATFORM_ACCOUNT_ID,False
x:acct_1a77df755dff21fb1229,x,,Howl,https://x.com/HowlTheSandbag,HOLD_NEEDS_CHANNEL_REVIEW,NO_REVIEWED_PLATFORM_ACCOUNT_ID,False
x:acct_1b2fdc85d4878db394d8,x,,Hoshino Tamami Ch. 【POLYGON】,https://x.com/TamamiPLG,HOLD_NEEDS_CHANNEL_REVIEW,NO_REVIEWED_PLATFORM_ACCOUNT_ID,False
x:acct_1b6e9fc8b4e4f6c44ed3,x,,Hajikeru Haruno Ch,https://x.com/HarunoVTB,HOLD_NEEDS_CHANNEL_REVIEW,NO_REVIEWED_PLATFORM_ACCOUNT_ID,False
x:acct_1be6eae458e80f3763ea,x,,G_round,https://x.com/G_roundVtuber,HOLD_NEEDS_CHANNEL_REVIEW,NO_REVIEWED_PLATFORM_ACCOUNT_ID,False
x:acct_1c4cafbb02cf0a4c2338,x,,Marine Ch. マリン • チャリオット,https://x.com/MarineChariot,HOLD_NEEDS_CHANNEL_REVIEW,NO_REVIEWED_PLATFORM_ACCOUNT_ID,False
x:acct_1c51b0dc80bb0675e90b,x,, JaoKat \ ジャオカットくん,https://x.com/Jaokattttt,HOLD_NEEDS_CHANNEL_REVIEW,NO_REVIEWED_PLATFORM_ACCOUNT_ID,False
x:acct_1cbb5fd205f68e0fbd3b,x,,Eveshaiah Miraclover Ch. Lumina-Mutelu,https://x.com/eveshaiahmutelu,HOLD_NEEDS_CHANNEL_REVIEW,NO_REVIEWED_PLATFORM_ACCOUNT_ID,False
x:acct_1cec2501c5d468fb2bf2,x,,Alzena_SLR,https://x.com/Alzena_SLR,HOLD_NEEDS_CHANNEL_REVIEW,NO_REVIEWED_PLATFORM_ACCOUNT_ID,False
x:acct_1d70e5f02b86350faa29,x,,˚｡ෆ Morosis ⤾,https://x.com/Morosis15,HOLD_NEEDS_CHANNEL_REVIEW,NO_REVIEWED_PLATFORM_ACCOUNT_ID,False
x:acct_1d82fa696b7f87021ff0,x,,TARIN,https://x.com/TA121N,HOLD_NEEDS_CHANNEL_REVIEW,NO_REVIEWED_PLATFORM_ACCOUNT_ID,False
x:acct_1da1873b70d70144bc2c,x,,Kitsuneko Mewten Ch. Pixela-Isekai,https://x.com/KitsunekoMewten,HOLD_NEEDS_CHANNEL_REVIEW,NO_REVIEWED_PLATFORM_ACCOUNT_ID,False
x:acct_1ded910581c99c51649b,x,,WalkyTalky Vber Ch.,https://x.com/Walky555,HOLD_NEEDS_CHANNEL_REVIEW,NO_REVIEWED_PLATFORM_ACCOUNT_ID,False
x:acct_1dfa4f7113c832ca8afb,x,,Laguna JuJu Ch. Pixela Project,https://x.com/JuJu_PIX,HOLD_NEEDS_CHANNEL_REVIEW,NO_REVIEWED_PLATFORM_ACCOUNT_ID,False
x:acct_1e8353880bc8806b9109,x,,Celeste Ch.,https://x.com/Celeste_Vtuber_,HOLD_NEEDS_CHANNEL_REVIEW,NO_REVIEWED_PLATFORM_ACCOUNT_ID,False
x:acct_1f1981f632c8f28e4dba,x,,DoMINO DDD.,https://x.com/DoMiNoDeDODO,HOLD_NEEDS_CHANNEL_REVIEW,NO_REVIEWED_PLATFORM_ACCOUNT_ID,False
x:acct_1f62ac4dd460de6c789f,x,,baruru channel,https://x.com/Barururu_,HOLD_NEEDS_CHANNEL_REVIEW,NO_REVIEWED_PLATFORM_ACCOUNT_ID,False
x:acct_1f73a7c961d917589cbf,x,,Laurie Blisse Ch.,https://x.com/Laurie_Blisse,HOLD_NEEDS_CHANNEL_REVIEW,NO_REVIEWED_PLATFORM_ACCOUNT_ID,False
x:acct_1fbf0a3196ca49c45730,x,,ShiroiKumaTan Ch.,https://x.com/KumaTanX1,HOLD_NEEDS_CHANNEL_REVIEW,NO_REVIEWED_PLATFORM_ACCOUNT_ID,False
x:acct_1fc36094f5100ca2bae1,x,,RINNPING,https://x.com/RINNPING,HOLD_NEEDS_CHANNEL_REVIEW,NO_REVIEWED_PLATFORM_ACCOUNT_ID,False
x:acct_2004efaad9581ca4eba3,x,,Puinoon プイヌン,https://x.com/PuinoonDesu,HOLD_NEEDS_CHANNEL_REVIEW,NO_REVIEWED_PLATFORM_ACCOUNT_ID,False
x:acct_201a54e32629f49e2ff1,x,,Lu Yao Ch.,https://x.com/LuYao_ch,HOLD_NEEDS_CHANNEL_REVIEW,NO_REVIEWED_PLATFORM_ACCOUNT_ID,False
x:acct_2037aee650f86f5e93e2,x,,Toru Kumaトルくま,https://x.com/kuma_toru,HOLD_NEEDS_CHANNEL_REVIEW,NO_REVIEWED_PLATFORM_ACCOUNT_ID,False
x:acct_205e0939297c1c4e6a3b,x,,Gojila Ch. ก็อตจิ,https://x.com/GodjiGojila,HOLD_NEEDS_CHANNEL_REVIEW,NO_REVIEWED_PLATFORM_ACCOUNT_ID,False
x:acct_209feff499e344eb34ab,x,,AmiLLy,https://x.com/amillyarchive,HOLD_NEEDS_CHANNEL_REVIEW,NO_REVIEWED_PLATFORM_ACCOUNT_ID,False
x:acct_20bdcf7b619d8c83f5fb,x,,Rosánn Ch.,https://x.com/ProjectM_Astray,HOLD_NEEDS_CHANNEL_REVIEW,NO_REVIEWED_PLATFORM_ACCOUNT_ID,False
x:acct_20c21afb5491e4b9d0fd,x,,Lania Ch『VW』,https://x.com/Lania_VtuberTH,HOLD_NEEDS_CHANNEL_REVIEW,NO_REVIEWED_PLATFORM_ACCOUNT_ID,False
x:acct_20db6a1b1f45b991f301,x,,Moe Miyabi ⌜VZ⌟,https://x.com/moe_miyabi,HOLD_NEEDS_CHANNEL_REVIEW,NO_REVIEWED_PLATFORM_ACCOUNT_ID,False
x:acct_20ec486f56a840eaa63d,x,,TAeOH,https://x.com/taeotsunaide,HOLD_NEEDS_CHANNEL_REVIEW,NO_REVIEWED_PLATFORM_ACCOUNT_ID,False
x:acct_213b169a8acb68c344c2,x,,FAYUUCHAN CHANNEL,https://x.com/fayuuchan,HOLD_NEEDS_CHANNEL_REVIEW,NO_REVIEWED_PLATFORM_ACCOUNT_ID,False
x:acct_216a41c13216f9709dd8,x,,Zin'fandel「ZTP」,https://x.com/zinfandel_ZTP,HOLD_NEEDS_CHANNEL_REVIEW,NO_REVIEWED_PLATFORM_ACCOUNT_ID,False
x:acct_216d7eb61319d61e5299,x,,ลุงขนุน《 SSR 》,https://x.com/UncleKanun,HOLD_NEEDS_CHANNEL_REVIEW,NO_REVIEWED_PLATFORM_ACCOUNT_ID,False
x:acct_21a295bb0f39fef7444d,x,,แก้วกษิรา [KAEWKASIRA] 🐍🌸,https://x.com/KKSR_VT,HOLD_NEEDS_CHANNEL_REVIEW,NO_REVIEWED_PLATFORM_ACCOUNT_ID,False
x:acct_21a8f24863b6027b5d0c,x,,Yue Meili [ECR],https://x.com/YueMeili00,HOLD_NEEDS_CHANNEL_REVIEW,NO_REVIEWED_PLATFORM_ACCOUNT_ID,False
x:acct_21cd759ee47c0ead5a9f,x,,Deliva Kaga ch.,https://x.com/delivakaga,HOLD_NEEDS_CHANNEL_REVIEW,NO_REVIEWED_PLATFORM_ACCOUNT_ID,False
x:acct_21f90052bf54833f5349,x,,Umi Uzagi Ch.,https://x.com/UUzagi19,HOLD_NEEDS_CHANNEL_REVIEW,NO_REVIEWED_PLATFORM_ACCOUNT_ID,False
x:acct_225895ad473b9fa5fd27,x,,FL_FirstsLove ⌜VZ⌟,https://x.com/FL_FirstsLove,HOLD_NEEDS_CHANNEL_REVIEW,NO_REVIEWED_PLATFORM_ACCOUNT_ID,False
x:acct_227a13981586588ae3f5,x,,Jibara​ Ch.,https://x.com/JingJibara,HOLD_NEEDS_CHANNEL_REVIEW,NO_REVIEWED_PLATFORM_ACCOUNT_ID,False
x:acct_22f1df79249ab24fdfef,x,,LIRIN,https://x.com/LIRIN0SUKE,HOLD_NEEDS_CHANNEL_REVIEW,NO_REVIEWED_PLATFORM_ACCOUNT_ID,False
x:acct_233a3211204ab8ada218,x,,Zoe Specter Ch.,https://x.com/Zoe_Specter,HOLD_NEEDS_CHANNEL_REVIEW,NO_REVIEWED_PLATFORM_ACCOUNT_ID,False
x:acct_237874f33fb0eb002b88,x,,Baabel Ch.【ARP】,https://x.com/Baabel_ARP,HOLD_NEEDS_CHANNEL_REVIEW,NO_REVIEWED_PLATFORM_ACCOUNT_ID,False
x:acct_2385e66595e54db62f04,x,,Lyrics 🌙,https://x.com/moonshinelyrics,HOLD_NEEDS_CHANNEL_REVIEW,NO_REVIEWED_PLATFORM_ACCOUNT_ID,False
x:acct_23ac4bcf73ad7fac3daa,x,,Mali_SLR,https://x.com/mali_slr,HOLD_NEEDS_CHANNEL_REVIEW,NO_REVIEWED_PLATFORM_ACCOUNT_ID,False
x:acct_23b1ea2a8002e32b0127,x,,Grimus Grimm Ch. Pixela Destiny,https://x.com/GrimusGrimm,HOLD_NEEDS_CHANNEL_REVIEW,NO_REVIEWED_PLATFORM_ACCOUNT_ID,False
x:acct_241f409e7598907ce42b,x,,Princess Zelina Ch. Pixela Project,https://x.com/Zelina_PIXv2,HOLD_NEEDS_CHANNEL_REVIEW,NO_REVIEWED_PLATFORM_ACCOUNT_ID,False
x:acct_24e52731d640ed5372f3,x,,Daiji Inuyuki 《 OTL 》,https://x.com/Daiji_OTL,HOLD_NEEDS_CHANNEL_REVIEW,NO_REVIEWED_PLATFORM_ACCOUNT_ID,False
x:acct_25192585c5efe08e0fde,x,,Fukai Lorn Ch.,https://x.com/Lorn_vtuber,HOLD_NEEDS_CHANNEL_REVIEW,NO_REVIEWED_PLATFORM_ACCOUNT_ID,False
x:acct_2543267f399ede7d83e1,x,,ConNeSe Plai,https://x.com/connese_plai,HOLD_NEEDS_CHANNEL_REVIEW,NO_REVIEWED_PLATFORM_ACCOUNT_ID,False
x:acct_25943d5870fca8482bb2,x,,Supeacha ⌜VZ⌟,https://x.com/Supeacha_Vtuber,HOLD_NEEDS_CHANNEL_REVIEW,NO_REVIEWED_PLATFORM_ACCOUNT_ID,False
x:acct_25bd9a285416d6a1a033,x,,สุรกี้ | วีทูปเบอร์,https://x.com/vanderlinde_86,HOLD_NEEDS_CHANNEL_REVIEW,NO_REVIEWED_PLATFORM_ACCOUNT_ID,False
x:acct_25cc80a5dd1123da6f07,x,,Hibiki Diva『DPX』,https://x.com/HibikiDiva_Ch,HOLD_NEEDS_CHANNEL_REVIEW,NO_REVIEWED_PLATFORM_ACCOUNT_ID,False
x:acct_25f7c18a1df0ef66b322,x,,MaëlFritz Channel ,https://x.com/MaelysNox_,HOLD_NEEDS_CHANNEL_REVIEW,NO_REVIEWED_PLATFORM_ACCOUNT_ID,False
x:acct_26b54e489ffd13eb5f54,x,,Eli Aharon 「イーライ」,https://x.com/AHR_Eli_,HOLD_NEEDS_CHANNEL_REVIEW,NO_REVIEWED_PLATFORM_ACCOUNT_ID,False
x:acct_26c70397c7463fe4507b,x,,Yozora /星屑 夜空 Ch.,https://x.com/yoru_no_zora,HOLD_NEEDS_CHANNEL_REVIEW,NO_REVIEWED_PLATFORM_ACCOUNT_ID,False
x:acct_271f10a6b6022d718eaf,x,,Grey Murasaki Vitale Ch.,https://x.com/Grey_Vitale,HOLD_NEEDS_CHANNEL_REVIEW,NO_REVIEWED_PLATFORM_ACCOUNT_ID,False
x:acct_272a2cd77e073902358b,x,,Nihil Aeternum | VtuberTH 🔎,https://x.com/nihil_vtuber,HOLD_NEEDS_CHANNEL_REVIEW,NO_REVIEWED_PLATFORM_ACCOUNT_ID,False
x:acct_2737df2b71cf90e0bf70,x,,XETSU Ch. / QURSE,https://x.com/XetsuVibeENT,HOLD_NEEDS_CHANNEL_REVIEW,NO_REVIEWED_PLATFORM_ACCOUNT_ID,False
x:acct_27411961bd9af7b32e36,x,,Thara Ocean Fae ,https://x.com/thara_oceanfae,HOLD_NEEDS_CHANNEL_REVIEW,NO_REVIEWED_PLATFORM_ACCOUNT_ID,False
x:acct_2769f5d7caed6cdafe93,x,,Dacapo Ch.【ARP】,https://x.com/Kaohom_1999,HOLD_NEEDS_CHANNEL_REVIEW,NO_REVIEWED_PLATFORM_ACCOUNT_ID,False
x:acct_27935efc9c4d4c461ce3,x,,Nestor Ch.,https://x.com/salar_midg,HOLD_NEEDS_CHANNEL_REVIEW,NO_REVIEWED_PLATFORM_ACCOUNT_ID,False
x:acct_27b1ed87a48011420db0,x,,Megzis Ch.,https://x.com/MegzisLurnyl,HOLD_NEEDS_CHANNEL_REVIEW,NO_REVIEWED_PLATFORM_ACCOUNT_ID,False
x:acct_27e09f0ab434ea71acf9,x,,Fumi Hausu,https://x.com/FumiHausu,HOLD_NEEDS_CHANNEL_REVIEW,NO_REVIEWED_PLATFORM_ACCOUNT_ID,False
x:acct_27fdc37d3c5391403db6,x,,Seina Ch.,https://x.com/Seina_IDYP,HOLD_NEEDS_CHANNEL_REVIEW,NO_REVIEWED_PLATFORM_ACCOUNT_ID,False
x:acct_281275d75b08700d33bf,x,,Tsuku CH.,https://x.com/KSR_Tsuku,HOLD_NEEDS_CHANNEL_REVIEW,NO_REVIEWED_PLATFORM_ACCOUNT_ID,False
x:acct_2838ee76e044f7e2e2d5,x,,lullalull,https://x.com/__lullalull,HOLD_NEEDS_CHANNEL_REVIEW,NO_REVIEWED_PLATFORM_ACCOUNT_ID,False
x:acct_285e21b0101d3d675668,x,,LINCKIA Ch.,https://x.com/Linckia_IDYP,HOLD_NEEDS_CHANNEL_REVIEW,NO_REVIEWED_PLATFORM_ACCOUNT_ID,False
x:acct_28a512f75e4fa88cfc57,x,,Avisa Lopez Ch. [Autumnia],https://x.com/AvisaLPZ,HOLD_NEEDS_CHANNEL_REVIEW,NO_REVIEWED_PLATFORM_ACCOUNT_ID,False
x:acct_28bd979906290819b0b4,x,,Torakaze,https://x.com/Torakaze_13,HOLD_NEEDS_CHANNEL_REVIEW,NO_REVIEWED_PLATFORM_ACCOUNT_ID,False
x:acct_29550fededc6855411fb,x,,Riko Phokaia,https://x.com/Riko_Seal,HOLD_NEEDS_CHANNEL_REVIEW,NO_REVIEWED_PLATFORM_ACCOUNT_ID,False
x:acct_29806c7cd3f4b94b21d0,x,,Beta AMI Ch. Lumina-World-End,https://x.com/AMIWorldEnd,HOLD_NEEDS_CHANNEL_REVIEW,NO_REVIEWED_PLATFORM_ACCOUNT_ID,False
x:acct_298d70d044b027578486,x,,PRAEAM_SLX,https://x.com/Praeam_SLX,HOLD_NEEDS_CHANNEL_REVIEW,NO_REVIEWED_PLATFORM_ACCOUNT_ID,False
x:acct_29962ffbf25e3ab98f58,x,,RIYA【璃夜】,https://x.com/RiyaVtuberTH,HOLD_NEEDS_CHANNEL_REVIEW,NO_REVIEWED_PLATFORM_ACCOUNT_ID,False
x:acct_29afc78461a9eefc6e39,x,,Elena Elle | AcastledProject,https://x.com/Elle_acastled,HOLD_NEEDS_CHANNEL_REVIEW,NO_REVIEWED_PLATFORM_ACCOUNT_ID,False
x:acct_29d00e552219dcd8d3f5,x,,EMIL,https://x.com/EmilVtuberth,HOLD_NEEDS_CHANNEL_REVIEW,NO_REVIEWED_PLATFORM_ACCOUNT_ID,False
x:acct_2a1cab96ff28d90cadb3,x,,Fina and Tier,https://x.com/Fina_fisher,HOLD_NEEDS_CHANNEL_REVIEW,NO_REVIEWED_PLATFORM_ACCOUNT_ID,False
x:acct_2a2cb86d721be64be0dc,x,,Estxr Channel,https://x.com/estxr_ch,HOLD_NEEDS_CHANNEL_REVIEW,NO_REVIEWED_PLATFORM_ACCOUNT_ID,False
x:acct_2a50dd09d28f974512ae,x,,Llewella Elias Ch.,https://x.com/LlewellaElias,HOLD_NEEDS_CHANNEL_REVIEW,NO_REVIEWED_PLATFORM_ACCOUNT_ID,False
x:acct_2aaa9355f4b73b4c9893,x,,Salvatore Ch.『 VNV 』,https://x.com/SalvatoreVNV_I,HOLD_NEEDS_CHANNEL_REVIEW,NO_REVIEWED_PLATFORM_ACCOUNT_ID,False
x:acct_2aea552d306ff3627ee3,x,,Linden Emilio,https://x.com/EmilioLinden,HOLD_NEEDS_CHANNEL_REVIEW,NO_REVIEWED_PLATFORM_ACCOUNT_ID,False
x:acct_2b3555edd9d472f0f28f,x,,AELA CH. [EC19 Projekt],https://x.com/_LnwAelaEC19,HOLD_NEEDS_CHANNEL_REVIEW,NO_REVIEWED_PLATFORM_ACCOUNT_ID,False
x:acct_2b65db320fb0130ab1b8,x,,Chloe J. Park Ch. | VTUBER,https://x.com/ChloeJParkV2ber,HOLD_NEEDS_CHANNEL_REVIEW,NO_REVIEWED_PLATFORM_ACCOUNT_ID,False
x:acct_2c06f29545fa9bf8f229,x,,StelLa Ch.【XEKIN】,https://x.com/StellarLynx,HOLD_NEEDS_CHANNEL_REVIEW,NO_REVIEWED_PLATFORM_ACCOUNT_ID,False
x:acct_2c1cc61e3fec6796b1c3,x,,AlexisWolf,https://x.com/Its_Alexis_Wolf,HOLD_NEEDS_CHANNEL_REVIEW,NO_REVIEWED_PLATFORM_ACCOUNT_ID,False
x:acct_2c8be911ba1cc2b3645e,x,,Rong da Ferret ,https://x.com/rr_ferre_eieiza,HOLD_NEEDS_CHANNEL_REVIEW,NO_REVIEWED_PLATFORM_ACCOUNT_ID,False
x:acct_2d2049cee2acb3204926,x,,UnUn the Bat Ch.,https://x.com/Unun2Bat,HOLD_NEEDS_CHANNEL_REVIEW,NO_REVIEWED_PLATFORM_ACCOUNT_ID,False
x:acct_2e08c58e2f176f5e6aec,x,,WINT3R ⌜VZ⌟,https://x.com/wint3r_vz,HOLD_NEEDS_CHANNEL_REVIEW,NO_REVIEWED_PLATFORM_ACCOUNT_ID,False
x:acct_2e5fe2415330504be931,x,,BoomVtube Ch.,https://x.com/boomvtuber,HOLD_NEEDS_CHANNEL_REVIEW,NO_REVIEWED_PLATFORM_ACCOUNT_ID,False
x:acct_2ea1cc4301bfdbd616f3,x,,Kitsunebana Aiku Ch.,https://x.com/Aiku_TH,HOLD_NEEDS_CHANNEL_REVIEW,NO_REVIEWED_PLATFORM_ACCOUNT_ID,False
x:acct_2ec27bdd04e0af85a4dc,x,,Amnuai CH,https://x.com/amnuaimaewuan,HOLD_NEEDS_CHANNEL_REVIEW,NO_REVIEWED_PLATFORM_ACCOUNT_ID,False
x:acct_2ee2b0bed0ff1bc5e3a9,x,,Amello,https://x.com/Amello_Channel,HOLD_NEEDS_CHANNEL_REVIEW,NO_REVIEWED_PLATFORM_ACCOUNT_ID,False
x:acct_2f3770361b757168e8e5,x,,【graduated】Amaris Sayo Ch. / AStars Amakara,https://x.com/AmarisSayo_AS,HOLD_NEEDS_CHANNEL_REVIEW,NO_REVIEWED_PLATFORM_ACCOUNT_ID,False
x:acct_2f5ddb9b60c87d1ae20f,x,,Zuii Ch.,https://x.com/TatsugamiZuii,HOLD_NEEDS_CHANNEL_REVIEW,NO_REVIEWED_PLATFORM_ACCOUNT_ID,False
x:acct_2f982e0cc7d16558a69e,x,,Archbas Ch.,https://x.com/Archbas_,HOLD_NEEDS_CHANNEL_REVIEW,NO_REVIEWED_PLATFORM_ACCOUNT_ID,False
x:acct_2fadc37ffe368665f356,x,,YotChi,https://x.com/Y0tChi_,HOLD_NEEDS_CHANNEL_REVIEW,NO_REVIEWED_PLATFORM_ACCOUNT_ID,False
x:acct_2faf1c72071e51c9d5cb,x,,HoshiNa Vtuber Ch.,https://x.com/hoshin_a,HOLD_NEEDS_CHANNEL_REVIEW,NO_REVIEWED_PLATFORM_ACCOUNT_ID,False
x:acct_2fb86824a68e67b173e5,x,,ManaPTマナーVtuber,https://x.com/ManaPT5,HOLD_NEEDS_CHANNEL_REVIEW,NO_REVIEWED_PLATFORM_ACCOUNT_ID,False
x:acct_3057314a754049338503,x,,Azure Bluebell,https://x.com/ArtisansG_Bell,HOLD_NEEDS_CHANNEL_REVIEW,NO_REVIEWED_PLATFORM_ACCOUNT_ID,False
x:acct_30605d205e1fca0b4d1e,x,,NoA Noaris,https://x.com/NoA_Noaris,HOLD_NEEDS_CHANNEL_REVIEW,NO_REVIEWED_PLATFORM_ACCOUNT_ID,False
x:acct_30fef3465256bc6ff349,x,,Carina Aquarius,https://x.com/CarinaAquarius,HOLD_NEEDS_CHANNEL_REVIEW,NO_REVIEWED_PLATFORM_ACCOUNT_ID,False
x:acct_310097c5e469b3a9510e,x,,SeaU Ch.【CRA】,https://x.com/UndertheSeaUCRA,HOLD_NEEDS_CHANNEL_REVIEW,NO_REVIEWED_PLATFORM_ACCOUNT_ID,False
x:acct_313ec2e0bf970900b182,x,,Snowfern_,https://x.com/Firn_Snowfern,HOLD_NEEDS_CHANNEL_REVIEW,NO_REVIEWED_PLATFORM_ACCOUNT_ID,False
x:acct_315445b49599116be620,x,,Bluwey Ch,https://x.com/Bluwey_Gamer,HOLD_NEEDS_CHANNEL_REVIEW,NO_REVIEWED_PLATFORM_ACCOUNT_ID,False
x:acct_31a251a5b0bdf3e9d7ff,x,,Hinabe HongFei Ch. Pixela Project,https://x.com/HongFei_PIX,HOLD_NEEDS_CHANNEL_REVIEW,NO_REVIEWED_PLATFORM_ACCOUNT_ID,False
x:acct_31b828d535f0362fb26f,x,,อยากเปลี่ยนชื่ออะ อดีตตามหลอกหลอนอย่างมาก,https://x.com/Re_OokamiShiro,HOLD_NEEDS_CHANNEL_REVIEW,NO_REVIEWED_PLATFORM_ACCOUNT_ID,False
x:acct_31e7ddcfe5107abcc064,x,,เกมส์เมอร์ขาอ่อน 【18 B 】,https://x.com/GamerkaonTH,HOLD_NEEDS_CHANNEL_REVIEW,NO_REVIEWED_PLATFORM_ACCOUNT_ID,False
x:acct_320cec997af93d673d07,x,,Natsume [NEX],https://x.com/Natsume_NEX,HOLD_NEEDS_CHANNEL_REVIEW,NO_REVIEWED_PLATFORM_ACCOUNT_ID,False
x:acct_32113aa0b4d1c38466d0,x,,Tora Mochizuki ,https://x.com/MochizukiTora,HOLD_NEEDS_CHANNEL_REVIEW,NO_REVIEWED_PLATFORM_ACCOUNT_ID,False
x:acct_3221cbe6577384d8d37d,x,,Mit PESISTH,https://x.com/pesisthatcer,HOLD_NEEDS_CHANNEL_REVIEW,NO_REVIEWED_PLATFORM_ACCOUNT_ID,False
x:acct_324f42cced79b214f8e3,x,,Lawiz Ch.,https://x.com/JackalopeLawiz,HOLD_NEEDS_CHANNEL_REVIEW,NO_REVIEWED_PLATFORM_ACCOUNT_ID,False
x:acct_326061a1be49e4857487,x,,⚡GS_ก๊อปแก๊ป พาเพลิน⚡,https://x.com/gs_golfpraplern,HOLD_NEEDS_CHANNEL_REVIEW,NO_REVIEWED_PLATFORM_ACCOUNT_ID,False
x:acct_326e8ed49be92fd51747,x,,Yuklear,https://x.com/Yuklear,HOLD_NEEDS_CHANNEL_REVIEW,NO_REVIEWED_PLATFORM_ACCOUNT_ID,False
x:acct_327267281ab2dec88d34,x,,haidan Ayso0 Ch.,https://x.com/Ayso0_vtuber,HOLD_NEEDS_CHANNEL_REVIEW,NO_REVIEWED_PLATFORM_ACCOUNT_ID,False
x:acct_330cbf992b1732783bbd,x,,Sen Koretane Ch.,https://x.com/SenKoretane,HOLD_NEEDS_CHANNEL_REVIEW,NO_REVIEWED_PLATFORM_ACCOUNT_ID,False
x:acct_330ef9eb75caf1523f10,x,,Ramoi Bonko,https://x.com/Ramoi_Bonko,HOLD_NEEDS_CHANNEL_REVIEW,NO_REVIEWED_PLATFORM_ACCOUNT_ID,False
x:acct_331964623e68c1a00705,x,,Veera Ch.,https://x.com/veera_eastegg,HOLD_NEEDS_CHANNEL_REVIEW,NO_REVIEWED_PLATFORM_ACCOUNT_ID,False
x:acct_332fafb12f3978ad4266,x,,PAres Spacedog『Berlina•ECR』,https://x.com/PAres_Spacedog,HOLD_NEEDS_CHANNEL_REVIEW,NO_REVIEWED_PLATFORM_ACCOUNT_ID,False
x:acct_333ed818e7d3335919e3,x,,LIMESALTZ Ch.,https://x.com/Limesaltz,HOLD_NEEDS_CHANNEL_REVIEW,NO_REVIEWED_PLATFORM_ACCOUNT_ID,False
x:acct_333fd9849d1118b557ef,x,,Faethon Uni. Jantra,https://x.com/Faethon_Jantra,HOLD_NEEDS_CHANNEL_REVIEW,NO_REVIEWED_PLATFORM_ACCOUNT_ID,False
x:acct_3392c0c9ffddc71839eb,x,,YumeMaTTy Ch.,https://x.com/YumeMaTTych,HOLD_NEEDS_CHANNEL_REVIEW,NO_REVIEWED_PLATFORM_ACCOUNT_ID,False
x:acct_33b04960ce719fb0bbd2,x,,霧死 - Kirishi,https://x.com/Kirishi_021,HOLD_NEEDS_CHANNEL_REVIEW,NO_REVIEWED_PLATFORM_ACCOUNT_ID,False
x:acct_33d920304551b66b2abf,x,,「トイイ」TOii,https://x.com/Fionix_Ch,HOLD_NEEDS_CHANNEL_REVIEW,NO_REVIEWED_PLATFORM_ACCOUNT_ID,False
x:acct_3494c1da5aa52319e9a6,x,,Sojuu S.,https://x.com/sojuusmiley,HOLD_NEEDS_CHANNEL_REVIEW,NO_REVIEWED_PLATFORM_ACCOUNT_ID,False
x:acct_3495445a2addb6411d6a,x,,CandyCatdy CH.,https://x.com/CandyCatdy,HOLD_NEEDS_CHANNEL_REVIEW,NO_REVIEWED_PLATFORM_ACCOUNT_ID,False
x:acct_3496a9cb3142f558d356,x,,Ryuji Ch.,https://x.com/Ryuji_CH,HOLD_NEEDS_CHANNEL_REVIEW,NO_REVIEWED_PLATFORM_ACCOUNT_ID,False
x:acct_3530b5b7d635b2bd247c,x,,AofEdits | オッフ【716RM】,https://x.com/AofEdits,HOLD_NEEDS_CHANNEL_REVIEW,NO_REVIEWED_PLATFORM_ACCOUNT_ID,False
x:acct_35348eaf978358eb53b9,x,,Aru Hoshima Ch. | 星間アル,https://x.com/Aru_Hoshima,HOLD_NEEDS_CHANNEL_REVIEW,NO_REVIEWED_PLATFORM_ACCOUNT_ID,False
x:acct_3536947229c7541f6e4c,x,,Kamphee soAlone Ch. [Autumnia],https://x.com/KampheeA,HOLD_NEEDS_CHANNEL_REVIEW,NO_REVIEWED_PLATFORM_ACCOUNT_ID,False
x:acct_354dcc61ab5d2ede20cb,x,,Eranthia ch.,https://x.com/Eranthia_,HOLD_NEEDS_CHANNEL_REVIEW,NO_REVIEWED_PLATFORM_ACCOUNT_ID,False
x:acct_3552961dd0c7b4f116fb,x,,Queenetta Indigo Night | ท่านควีน,https://x.com/queenetta_idg_n,HOLD_NEEDS_CHANNEL_REVIEW,NO_REVIEWED_PLATFORM_ACCOUNT_ID,False
x:acct_356493f68a8a70e21f74,x,,Sirin 『VTG』,https://x.com/sirin_vtg,HOLD_NEEDS_CHANNEL_REVIEW,NO_REVIEWED_PLATFORM_ACCOUNT_ID,False
x:acct_35f611051c0e89abdfa9,x,,Seijo Ch.,https://x.com/seijodezu,HOLD_NEEDS_CHANNEL_REVIEW,NO_REVIEWED_PLATFORM_ACCOUNT_ID,False
x:acct_36181545ef635ee0f7c4,x,,Nicole BLANK,https://x.com/BLANKofficial00,HOLD_NEEDS_CHANNEL_REVIEW,NO_REVIEWED_PLATFORM_ACCOUNT_ID,False
x:acct_36295fd09b67e5c4423c,x,,MyxNyx I VtuberTH,https://x.com/MyxNyxx,HOLD_NEEDS_CHANNEL_REVIEW,NO_REVIEWED_PLATFORM_ACCOUNT_ID,False
x:acct_368907d9230850686198,x,,Puffy Fluffy Ch.,https://x.com/PuffyVtuber,HOLD_NEEDS_CHANNEL_REVIEW,NO_REVIEWED_PLATFORM_ACCOUNT_ID,False
x:acct_3699290b1f51ffdd90d2,x,,Camellia Ch.,https://x.com/ElfHomeless,HOLD_NEEDS_CHANNEL_REVIEW,NO_REVIEWED_PLATFORM_ACCOUNT_ID,False
x:acct_369c327c9ac63108734e,x,,Thina Borboleta Ch.,https://x.com/SenoliveProj,HOLD_NEEDS_CHANNEL_REVIEW,NO_REVIEWED_PLATFORM_ACCOUNT_ID,False
x:acct_36be4138ceca24e56cd2,x,,Tantaros,https://x.com/Tan_Tantaros,HOLD_NEEDS_CHANNEL_REVIEW,NO_REVIEWED_PLATFORM_ACCOUNT_ID,False
x:acct_37112750f3e8dd4318bf,x,,Pak LIGHT,https://x.com/Light_wis,HOLD_NEEDS_CHANNEL_REVIEW,NO_REVIEWED_PLATFORM_ACCOUNT_ID,False
x:acct_37270987081b5d3f90b0,x,,Waririn Channel ⌜VZ⌟,https://x.com/WaririnChannel,HOLD_NEEDS_CHANNEL_REVIEW,NO_REVIEWED_PLATFORM_ACCOUNT_ID,False
x:acct_3734752ad098869c9d68,x,,Kyo Koi ,https://x.com/KyoKoi_Vtuber,HOLD_NEEDS_CHANNEL_REVIEW,NO_REVIEWED_PLATFORM_ACCOUNT_ID,False
x:acct_3761671d2da93efd15e4,x,,Sleepfii. 💤,https://x.com/sleepfii_zzz,HOLD_NEEDS_CHANNEL_REVIEW,NO_REVIEWED_PLATFORM_ACCOUNT_ID,False
x:acct_37a6f954c47073c78c57,x,,Rui Kazu 《 EXia 》,https://x.com/Rui_EXia,HOLD_NEEDS_CHANNEL_REVIEW,NO_REVIEWED_PLATFORM_ACCOUNT_ID,False
x:acct_3801ea154132cef093b7,x,,ศาลเจ้ามังกรเนื้อทอง,https://x.com/lnw_neuatong,HOLD_NEEDS_CHANNEL_REVIEW,NO_REVIEWED_PLATFORM_ACCOUNT_ID,False
x:acct_3844b07e441f4154881a,x,,Freidya Ch,https://x.com/FreidyaE,HOLD_NEEDS_CHANNEL_REVIEW,NO_REVIEWED_PLATFORM_ACCOUNT_ID,False
x:acct_38d2ae0883491d57808b,x,,Cazzia Bakeriana Ch. - Parabellum,https://x.com/Cazzia_Sensei,HOLD_NEEDS_CHANNEL_REVIEW,NO_REVIEWED_PLATFORM_ACCOUNT_ID,False
x:acct_38fb012fc1014585e455,x,,Damon Vilanish(VTuber),https://x.com/Damon_Vilanish,HOLD_NEEDS_CHANNEL_REVIEW,NO_REVIEWED_PLATFORM_ACCOUNT_ID,False
x:acct_397280c4bd31f49cd6c3,x,,Haori Circinus Ch.,https://x.com/Haori_Circinus,HOLD_NEEDS_CHANNEL_REVIEW,NO_REVIEWED_PLATFORM_ACCOUNT_ID,False
x:acct_39f6b3bb1867b8e18972,x,,Delphyron,https://x.com/Delphyron,HOLD_NEEDS_CHANNEL_REVIEW,NO_REVIEWED_PLATFORM_ACCOUNT_ID,False
x:acct_3a0a7f109d831ec2efbe,x,,Melita X Ch. Pixela Project,https://x.com/Melita_PIX,HOLD_NEEDS_CHANNEL_REVIEW,NO_REVIEWED_PLATFORM_ACCOUNT_ID,False
x:acct_3a2825957320b34aa055,x,,Noa / のあくん,https://x.com/noakun_rev,HOLD_NEEDS_CHANNEL_REVIEW,NO_REVIEWED_PLATFORM_ACCOUNT_ID,False
x:acct_3ad37d39a31f1fd29466,x,,SICXERZ : CORE Ch.,https://x.com/s_sicxerz,HOLD_NEEDS_CHANNEL_REVIEW,NO_REVIEWED_PLATFORM_ACCOUNT_ID,False
x:acct_3b047065a721994d4e0e,x,,XINPIA ⌜VZ⌟,https://x.com/xinpia,HOLD_NEEDS_CHANNEL_REVIEW,NO_REVIEWED_PLATFORM_ACCOUNT_ID,False
x:acct_3b48e42dcae6dee7e6ea,x,,Kamienø Stąr Ch.【PSM】,https://x.com/STX03R,HOLD_NEEDS_CHANNEL_REVIEW,NO_REVIEWED_PLATFORM_ACCOUNT_ID,False
x:acct_3b69d31c90264a6aaca5,x,,Seikou iMinato,https://x.com/IMin4to,HOLD_NEEDS_CHANNEL_REVIEW,NO_REVIEWED_PLATFORM_ACCOUNT_ID,False
x:acct_3b6ee57670d311465064,x,,Freyrina,https://x.com/Freyrina_Rio,HOLD_NEEDS_CHANNEL_REVIEW,NO_REVIEWED_PLATFORM_ACCOUNT_ID,False
x:acct_3bd21c198c9f4522d69b,x,,Logan U Stryker,https://x.com/urStrykerVtuber,HOLD_NEEDS_CHANNEL_REVIEW,NO_REVIEWED_PLATFORM_ACCOUNT_ID,False
x:acct_3c02e129cc082d0fd425,x,,Valent Soel S,https://x.com/ValentSoelS,HOLD_NEEDS_CHANNEL_REVIEW,NO_REVIEWED_PLATFORM_ACCOUNT_ID,False
x:acct_3c6e5418f6b773d1a193,x,,Lamppy,https://x.com/Lamppyz,HOLD_NEEDS_CHANNEL_REVIEW,NO_REVIEWED_PLATFORM_ACCOUNT_ID,False
x:acct_3cc8a07bfb2696cf7958,x,,Alvina Ch,https://x.com/Alvina_Ch1,HOLD_NEEDS_CHANNEL_REVIEW,NO_REVIEWED_PLATFORM_ACCOUNT_ID,False
x:acct_3cff46cf4d7eeaf00b82,x,,Mysti Ch.,https://x.com/Mystiexe,HOLD_NEEDS_CHANNEL_REVIEW,NO_REVIEWED_PLATFORM_ACCOUNT_ID,False
x:acct_3d06ae2cc529b351ae48,x,,Midnight Ch.【ARP】,https://x.com/Midnight12AMARP,HOLD_NEEDS_CHANNEL_REVIEW,NO_REVIEWED_PLATFORM_ACCOUNT_ID,False
x:acct_3d16ac8d115d05bd6f04,x,,Valery Ch.【Ti19t】,https://x.com/Valery3nake,HOLD_NEEDS_CHANNEL_REVIEW,NO_REVIEWED_PLATFORM_ACCOUNT_ID,False
x:acct_3d37deb00141f35af619,x,,ChouxCream シュークリーム,https://x.com/ChouxCreamii,HOLD_NEEDS_CHANNEL_REVIEW,NO_REVIEWED_PLATFORM_ACCOUNT_ID,False
x:acct_3d9e79ea01e75cad78d4,x,,Draki Kona Ch. Lumina-First-Myth,https://x.com/DrakiKonaV2,HOLD_NEEDS_CHANNEL_REVIEW,NO_REVIEWED_PLATFORM_ACCOUNT_ID,False
x:acct_3e3ca13fcda186e0c4f1,x,,Qmulaz,https://x.com/Qmulaz_VT,HOLD_NEEDS_CHANNEL_REVIEW,NO_REVIEWED_PLATFORM_ACCOUNT_ID,False
x:acct_3e7760b3a994a3eb0100,x,,Dragooooon Vtuber,https://x.com/Dragooooon_LH,HOLD_NEEDS_CHANNEL_REVIEW,NO_REVIEWED_PLATFORM_ACCOUNT_ID,False
x:acct_3f0d4aeecd48eb8e382f,x,,Jiah ch. Euphora,https://x.com/Jiah_EPR,HOLD_NEEDS_CHANNEL_REVIEW,NO_REVIEWED_PLATFORM_ACCOUNT_ID,False
x:acct_3f51139e5c5993070b34,x,,MELBEZ,https://x.com/MelBeZ_bk,HOLD_NEEDS_CHANNEL_REVIEW,NO_REVIEWED_PLATFORM_ACCOUNT_ID,False
x:acct_3fb1e6c5a981b7c94bc5,x,,Renkon Ch.,https://x.com/Hiroaki_Renkon,HOLD_NEEDS_CHANNEL_REVIEW,NO_REVIEWED_PLATFORM_ACCOUNT_ID,False
x:acct_3ff37fea503c37df0b54,x,,Noir Vinterny | V.W.Y,https://x.com/Noir_Vinterny,HOLD_NEEDS_CHANNEL_REVIEW,NO_REVIEWED_PLATFORM_ACCOUNT_ID,False
x:acct_4020371637514dca710c,x,,Kamiyu Reirin Ch. Lumina-First-Myth,https://x.com/KamiyuReirinV2,HOLD_NEEDS_CHANNEL_REVIEW,NO_REVIEWED_PLATFORM_ACCOUNT_ID,False
x:acct_406f55b737c08ae66a50,x,,Pimkishy,https://x.com/pimkishy,HOLD_NEEDS_CHANNEL_REVIEW,NO_REVIEWED_PLATFORM_ACCOUNT_ID,False
x:acct_40a344fb5254e54ec821,x,,Algorhythm Project,https://x.com/ARP_Vtuber,HOLD_NEEDS_CHANNEL_REVIEW,NO_REVIEWED_PLATFORM_ACCOUNT_ID,False
x:acct_40cc0a3f82ee5ddbeb8f,x,,Fusui Ch.,https://x.com/FusuiForry,HOLD_NEEDS_CHANNEL_REVIEW,NO_REVIEWED_PLATFORM_ACCOUNT_ID,False
x:acct_40ee6d54b8c780c80da1,x,, NiRu Channel ,https://x.com/niru_channel,HOLD_NEEDS_CHANNEL_REVIEW,NO_REVIEWED_PLATFORM_ACCOUNT_ID,False
x:acct_41373cfe10332e137488,x,,Janus ch.「TRR」,https://x.com/Janus_TRR,HOLD_NEEDS_CHANNEL_REVIEW,NO_REVIEWED_PLATFORM_ACCOUNT_ID,False
x:acct_416f8f14a9714fe45a47,x,,Punquix,https://x.com/Punquix,HOLD_NEEDS_CHANNEL_REVIEW,NO_REVIEWED_PLATFORM_ACCOUNT_ID,False
x:acct_419ff949f8b12ac2d0f5,x,,PENELOPE PINK,https://x.com/pennypenepink,HOLD_NEEDS_CHANNEL_REVIEW,NO_REVIEWED_PLATFORM_ACCOUNT_ID,False
x:acct_42706e14a8526d11b436,x,,Cyntia Ch.,https://x.com/CyntiaSkareth,HOLD_NEEDS_CHANNEL_REVIEW,NO_REVIEWED_PLATFORM_ACCOUNT_ID,False
x:acct_42b12e737d51640f4b84,x,,Zetsuna Ch.,https://x.com/ZetsunaZ,HOLD_NEEDS_CHANNEL_REVIEW,NO_REVIEWED_PLATFORM_ACCOUNT_ID,False
x:acct_4395ca93e10f121c7263,x,,Venus Lapirus Ch.,https://x.com/VenusLapis,HOLD_NEEDS_CHANNEL_REVIEW,NO_REVIEWED_PLATFORM_ACCOUNT_ID,False
x:acct_43b8bfc561eba7882afc,x,,RAILONEY,https://x.com/RailoneyCh,HOLD_NEEDS_CHANNEL_REVIEW,NO_REVIEWED_PLATFORM_ACCOUNT_ID,False
x:acct_4428d02d6eaa4f728674,x,,Oneiros Norr Ch.,https://x.com/OneirosNorr,HOLD_NEEDS_CHANNEL_REVIEW,NO_REVIEWED_PLATFORM_ACCOUNT_ID,False
x:acct_443c91c1ec7d43d5344f,x,,Muendria_SLR,https://x.com/Muendria_SLR,HOLD_NEEDS_CHANNEL_REVIEW,NO_REVIEWED_PLATFORM_ACCOUNT_ID,False
x:acct_44544c4b5951e4be4b79,x,,KZYU ReI『LIP』,https://x.com/KzYuyuCH,HOLD_NEEDS_CHANNEL_REVIEW,NO_REVIEWED_PLATFORM_ACCOUNT_ID,False
x:acct_44c9ba14b362bcc2ba2e,x,,Frederick Ch.,https://x.com/FredVtuber,HOLD_NEEDS_CHANNEL_REVIEW,NO_REVIEWED_PLATFORM_ACCOUNT_ID,False
x:acct_44f4249f41ca8943e5c3,x,,Asher Dawnbaker,https://x.com/asherdawnbaker,HOLD_NEEDS_CHANNEL_REVIEW,NO_REVIEWED_PLATFORM_ACCOUNT_ID,False
x:acct_450c80a4aed9f8f2e451,x,,FuMoon Dayooo,https://x.com/fumoondayo,HOLD_NEEDS_CHANNEL_REVIEW,NO_REVIEWED_PLATFORM_ACCOUNT_ID,False
x:acct_45303341b1faa7b7c48f,x,,CHUKOLIANG ch. 【FIXIX VT】,https://x.com/Chuko_FIXIXVT,HOLD_NEEDS_CHANNEL_REVIEW,NO_REVIEWED_PLATFORM_ACCOUNT_ID,False
x:acct_453f83c5dedbdf6d8766,x,,Adama MiSE Ch.,https://x.com/AdamaMise,HOLD_NEEDS_CHANNEL_REVIEW,NO_REVIEWED_PLATFORM_ACCOUNT_ID,False
x:acct_45c99eb98ecb3948e351,x,,Kayna,https://x.com/kaynavtuber,HOLD_NEEDS_CHANNEL_REVIEW,NO_REVIEWED_PLATFORM_ACCOUNT_ID,False
x:acct_4666b7ee8d54e9ad6925,x,,moujob,https://x.com/soorakanika,HOLD_NEEDS_CHANNEL_REVIEW,NO_REVIEWED_PLATFORM_ACCOUNT_ID,False
x:acct_468c41ad58c67f50a9da,x,,FAUST The Corelector,https://x.com/FAUST_SinbiosiS,HOLD_NEEDS_CHANNEL_REVIEW,NO_REVIEWED_PLATFORM_ACCOUNT_ID,False
x:acct_47a4dae975a0dd1e5c42,x,,Seabunnyi,https://x.com/seabunnyi,HOLD_NEEDS_CHANNEL_REVIEW,NO_REVIEWED_PLATFORM_ACCOUNT_ID,False
x:acct_47a8fce67ee6d16b6c86,x,,RieLKurasaki  ,https://x.com/RieLkurasaki,HOLD_NEEDS_CHANNEL_REVIEW,NO_REVIEWED_PLATFORM_ACCOUNT_ID,False
x:acct_47e5e8de5185bf601e12,x,,Loxifyr,https://x.com/loxifyr_Vtory,HOLD_NEEDS_CHANNEL_REVIEW,NO_REVIEWED_PLATFORM_ACCOUNT_ID,False
x:acct_47f743fea1ce96696421,x,,Pleiades Frontier【21PM】,https://x.com/Frontier21PM,HOLD_NEEDS_CHANNEL_REVIEW,NO_REVIEWED_PLATFORM_ACCOUNT_ID,False
x:acct_485c4488d122490f8fca,x,,Shirasagi Ch.,https://x.com/Shirasagi_XX,HOLD_NEEDS_CHANNEL_REVIEW,NO_REVIEWED_PLATFORM_ACCOUNT_ID,False
x:acct_486db56467782570cdfe,x,,กะละมัง วีทูปเบอร์,https://x.com/KaLaMangVT,HOLD_NEEDS_CHANNEL_REVIEW,NO_REVIEWED_PLATFORM_ACCOUNT_ID,False
x:acct_48a515977bd9657c89a3,x,,Yusha | V.W.Y,https://x.com/ssk_yusha,HOLD_NEEDS_CHANNEL_REVIEW,NO_REVIEWED_PLATFORM_ACCOUNT_ID,False
x:acct_48b1c67fbaa8544f0240,x,,MurkilyCH.,https://x.com/Murkily_Calhoun,HOLD_NEEDS_CHANNEL_REVIEW,NO_REVIEWED_PLATFORM_ACCOUNT_ID,False
x:acct_48e5f3f45c505d3e9a84,x,,ChaoPlaThong,https://x.com/chao_plathong,HOLD_NEEDS_CHANNEL_REVIEW,NO_REVIEWED_PLATFORM_ACCOUNT_ID,False
x:acct_48eebd8099329c311683,x,,Aki the Valkyrie Ch.,https://x.com/AkiSora_chan,HOLD_NEEDS_CHANNEL_REVIEW,NO_REVIEWED_PLATFORM_ACCOUNT_ID,False
x:acct_491c6dd59f87e2b565a7,x,,Kamashi Ch.,https://x.com/KamashijustKama,HOLD_NEEDS_CHANNEL_REVIEW,NO_REVIEWED_PLATFORM_ACCOUNT_ID,False
x:acct_491d2804937e767a091d,x,,Benibanashi Gento | 紅話玄踪-VTuber,https://x.com/BenibanaGento,HOLD_NEEDS_CHANNEL_REVIEW,NO_REVIEWED_PLATFORM_ACCOUNT_ID,False
x:acct_4921217613a5b5c06875,x,,Yena Hwang ch. 황예나,https://x.com/YenaHwang_V,HOLD_NEEDS_CHANNEL_REVIEW,NO_REVIEWED_PLATFORM_ACCOUNT_ID,False
x:acct_49260a888f4701c842d7,x,,Ryoukatsu Ch.,https://x.com/Ryoukatsu_Meow,HOLD_NEEDS_CHANNEL_REVIEW,NO_REVIEWED_PLATFORM_ACCOUNT_ID,False
x:acct_493e8612423467aa4f51,x,,Akari Kanon,https://x.com/AkariKanonVtube,HOLD_NEEDS_CHANNEL_REVIEW,NO_REVIEWED_PLATFORM_ACCOUNT_ID,False
x:acct_493ebc4813dd1007e635,x,,Hatsuji ::H.T.J ,https://x.com/Hatsuji_Mind,HOLD_NEEDS_CHANNEL_REVIEW,NO_REVIEWED_PLATFORM_ACCOUNT_ID,False
x:acct_498822b6c95a06904c6a,x,,Arcanon Tarotar Ch. Lumina-Mutelu,https://x.com/ArcanonMutelu,HOLD_NEEDS_CHANNEL_REVIEW,NO_REVIEWED_PLATFORM_ACCOUNT_ID,False
x:acct_498836d1fc8f4c3726ce,x,,Pyork The Pork,https://x.com/PyorkThePork,HOLD_NEEDS_CHANNEL_REVIEW,NO_REVIEWED_PLATFORM_ACCOUNT_ID,False
x:acct_499a361b7e5f179f3476,x,,Urara Momomi,https://x.com/uraramomomi,HOLD_NEEDS_CHANNEL_REVIEW,NO_REVIEWED_PLATFORM_ACCOUNT_ID,False
x:acct_49a82131dc53e0f43ad5,x,,Anastasia Ch.「TRR」,https://x.com/Anastasia_TRR,HOLD_NEEDS_CHANNEL_REVIEW,NO_REVIEWED_PLATFORM_ACCOUNT_ID,False
x:acct_4a376286bb7f18914391,x,,Cerafine Mikael Ch. Lumina-First-Myth,https://x.com/CerafineMikael,HOLD_NEEDS_CHANNEL_REVIEW,NO_REVIEWED_PLATFORM_ACCOUNT_ID,False
x:acct_4a6ffcaa0cae5059716f,x,,sunraindre,https://x.com/sunraindre,HOLD_NEEDS_CHANNEL_REVIEW,NO_REVIEWED_PLATFORM_ACCOUNT_ID,False
x:acct_4ace921fbb47e133f1b4,x,,Faminé Ch.【ARP】,https://x.com/Famine_ARP,HOLD_NEEDS_CHANNEL_REVIEW,NO_REVIEWED_PLATFORM_ACCOUNT_ID,False
x:acct_4b06fde65d4e6f0b0428,x,,Rosalyn Ch.,https://x.com/Rosettawitch,HOLD_NEEDS_CHANNEL_REVIEW,NO_REVIEWED_PLATFORM_ACCOUNT_ID,False
x:acct_4b64287b5153530e6e27,x,,Nerumi-s,https://x.com/nerumi_s,HOLD_NEEDS_CHANNEL_REVIEW,NO_REVIEWED_PLATFORM_ACCOUNT_ID,False
x:acct_4c18218da9b4ac0aad6f,x,,RainRem Ch. レーンレム,https://x.com/RainRemVtuber,HOLD_NEEDS_CHANNEL_REVIEW,NO_REVIEWED_PLATFORM_ACCOUNT_ID,False
x:acct_4c805fc4ce3bb125f5b1,x,,Elice Ch.,https://x.com/itseliceelicia,HOLD_NEEDS_CHANNEL_REVIEW,NO_REVIEWED_PLATFORM_ACCOUNT_ID,False
x:acct_4cb9a3b113710b42630e,x,,Minami Lollipopza Ch. ʕ •ᴥ•ʔ,https://x.com/TakagiMinami_7,HOLD_NEEDS_CHANNEL_REVIEW,NO_REVIEWED_PLATFORM_ACCOUNT_ID,False
x:acct_4ce60d02e3402790236d,x,,นานาโฮชิ นานะ / 七星ナナ,https://x.com/nana_nanahoshi,HOLD_NEEDS_CHANNEL_REVIEW,NO_REVIEWED_PLATFORM_ACCOUNT_ID,False
x:acct_4cf91a251135c2d45448,x,,KNIGHT BARLET Ch.,https://x.com/Knightbutler5,HOLD_NEEDS_CHANNEL_REVIEW,NO_REVIEWED_PLATFORM_ACCOUNT_ID,False
x:acct_4cfb3fc7ed0989e33719,x,,khunCHANII,https://x.com/khunchaniii,HOLD_NEEDS_CHANNEL_REVIEW,NO_REVIEWED_PLATFORM_ACCOUNT_ID,False
x:acct_4d24f01706096ec82272,x,,Shiba Inuri Ch.,https://x.com/ShibaInuri,HOLD_NEEDS_CHANNEL_REVIEW,NO_REVIEWED_PLATFORM_ACCOUNT_ID,False
x:acct_4d8a409a24f0ab14e082,x,,Nyamaru Yui,https://x.com/NyamaruYui,HOLD_NEEDS_CHANNEL_REVIEW,NO_REVIEWED_PLATFORM_ACCOUNT_ID,False
x:acct_4dac7926bc44db5402f5,x,,Zalivia,https://x.com/zalyzalivia,HOLD_NEEDS_CHANNEL_REVIEW,NO_REVIEWED_PLATFORM_ACCOUNT_ID,False
x:acct_4dd741422dec7f7d5f0b,x,,TIWa_SAMA Ch.,https://x.com/TIWaSaMa0,HOLD_NEEDS_CHANNEL_REVIEW,NO_REVIEWED_PLATFORM_ACCOUNT_ID,False
x:acct_4df38c7f805b1f3d8074,x,,NEBUEL | VTUBER,https://x.com/Nebuel_wis,HOLD_NEEDS_CHANNEL_REVIEW,NO_REVIEWED_PLATFORM_ACCOUNT_ID,False
x:acct_4e4f7a276be0fce48472,x,,Lanka Vtuber,https://x.com/Lanka_Ch,HOLD_NEEDS_CHANNEL_REVIEW,NO_REVIEWED_PLATFORM_ACCOUNT_ID,False
x:acct_4e9484718395e8b2a865,x,,Mor9an ՞·ᴥ·՞ (มอร์แกน)『VFree』,https://x.com/Mor9an_m,HOLD_NEEDS_CHANNEL_REVIEW,NO_REVIEWED_PLATFORM_ACCOUNT_ID,False
x:acct_4e97b1e23cf0823cabf0,x,,Aidin,https://x.com/AidinStreamer,HOLD_NEEDS_CHANNEL_REVIEW,NO_REVIEWED_PLATFORM_ACCOUNT_ID,False
x:acct_4e987eccc1c2dcd8c3ad,x,,Phelita ch. Euphora • [On Hold],https://x.com/Phelita_EPR,HOLD_NEEDS_CHANNEL_REVIEW,NO_REVIEWED_PLATFORM_ACCOUNT_ID,False
x:acct_4ed5fd9559eb990a5bd6,x,,Copper Vtuber,https://x.com/Copper_Vtuber,HOLD_NEEDS_CHANNEL_REVIEW,NO_REVIEWED_PLATFORM_ACCOUNT_ID,False
x:acct_4f5731bcfa8aaff65dea,x,,Shishiou Seito Ch. / AStars,https://x.com/Seito_AS,HOLD_NEEDS_CHANNEL_REVIEW,NO_REVIEWED_PLATFORM_ACCOUNT_ID,False
x:acct_4f59d07dec366d6885d2,x,,Mikadzuki Nammy,https://x.com/Mikadzuki_Nammy,HOLD_NEEDS_CHANNEL_REVIEW,NO_REVIEWED_PLATFORM_ACCOUNT_ID,False
x:acct_4f5e0331464012f1593c,x,,KuraAlan,https://x.com/KurayamiAlan,HOLD_NEEDS_CHANNEL_REVIEW,NO_REVIEWED_PLATFORM_ACCOUNT_ID,False
x:acct_4f6110263bbb44f102f8,x,,Era Ch.【ARP】,https://x.com/Era_ARP,HOLD_NEEDS_CHANNEL_REVIEW,NO_REVIEWED_PLATFORM_ACCOUNT_ID,False
x:acct_4fdb8e417ffa6c208c2c,x,,MaRinENaJa,https://x.com/MaRinE_Vtuber_,HOLD_NEEDS_CHANNEL_REVIEW,NO_REVIEWED_PLATFORM_ACCOUNT_ID,False
x:acct_4fde01bde02f972a253a,x,,Veena - OWG,https://x.com/Veena_OWG,HOLD_NEEDS_CHANNEL_REVIEW,NO_REVIEWED_PLATFORM_ACCOUNT_ID,False
x:acct_4ffcbada9c7c15460b07,x,,Silver VTH,https://x.com/SilverVTH,HOLD_NEEDS_CHANNEL_REVIEW,NO_REVIEWED_PLATFORM_ACCOUNT_ID,False
x:acct_500738d5228b2aaf9414,x,,มาลัย / Malai [EC19 Projekt],https://x.com/Ec19Malai,HOLD_NEEDS_CHANNEL_REVIEW,NO_REVIEWED_PLATFORM_ACCOUNT_ID,False
x:acct_50167deac8417aa1b2c9,x,,Bishamon Kuroneko Ch. / AStars Chrono prince,https://x.com/Bishamon_AS,HOLD_NEEDS_CHANNEL_REVIEW,NO_REVIEWED_PLATFORM_ACCOUNT_ID,False
x:acct_50bfb9d7267e50b48227,x,,Aina VTuber,https://x.com/aina_vtuber,HOLD_NEEDS_CHANNEL_REVIEW,NO_REVIEWED_PLATFORM_ACCOUNT_ID,False
x:acct_522231496f5ef2d07bfe,x,,Dariela,https://x.com/Darieladolly,HOLD_NEEDS_CHANNEL_REVIEW,NO_REVIEWED_PLATFORM_ACCOUNT_ID,False
x:acct_52a3a7dddbd9b2ff3c35,x,,Meteona Mars Ch.,https://x.com/mar_chan15,HOLD_NEEDS_CHANNEL_REVIEW,NO_REVIEWED_PLATFORM_ACCOUNT_ID,False
x:acct_52bbcf484b86113a471e,x,,TANTAN,https://x.com/tanehasol,HOLD_NEEDS_CHANNEL_REVIEW,NO_REVIEWED_PLATFORM_ACCOUNT_ID,False
x:acct_52d12f384dfd2f1c0712,x,,CinCin Vtu,https://x.com/CincinVtu,HOLD_NEEDS_CHANNEL_REVIEW,NO_REVIEWED_PLATFORM_ACCOUNT_ID,False
x:acct_52d61320dcd4543a1e2d,x,,GNTGxd,https://x.com/GNTG_xd,HOLD_NEEDS_CHANNEL_REVIEW,NO_REVIEWED_PLATFORM_ACCOUNT_ID,False
x:acct_52d88e033d073857f77e,x,,KOHAKU Ch.,https://x.com/KohakuTanuki,HOLD_NEEDS_CHANNEL_REVIEW,NO_REVIEWED_PLATFORM_ACCOUNT_ID,False
x:acct_52fc5a117e99784e03d8,x,,Beatrix CH. - ビアトリクス,https://x.com/Beatrix_monroe,HOLD_NEEDS_CHANNEL_REVIEW,NO_REVIEWED_PLATFORM_ACCOUNT_ID,False
x:acct_530198973bf2a1ead1a5,x,,Zelune Noctarielle 🌙,https://x.com/Zelune_luneze,HOLD_NEEDS_CHANNEL_REVIEW,NO_REVIEWED_PLATFORM_ACCOUNT_ID,False
x:acct_5384f17ee8c89f5740b1,x,,Zoomdesu,https://x.com/_Zoomdesu,HOLD_NEEDS_CHANNEL_REVIEW,NO_REVIEWED_PLATFORM_ACCOUNT_ID,False
x:acct_5385e22c7800c749aab0,x,,Zeiji7 Ch.,https://x.com/Zeiji7th,HOLD_NEEDS_CHANNEL_REVIEW,NO_REVIEWED_PLATFORM_ACCOUNT_ID,False
x:acct_53f43c2882b50718bd99,x,,Zoey Ch.【 HZ 】,https://x.com/ZoeyChHz,HOLD_NEEDS_CHANNEL_REVIEW,NO_REVIEWED_PLATFORM_ACCOUNT_ID,False
x:acct_54466d8ed5071f17db65,x,,Minato Hatsuki【JVP】,https://x.com/MinatoHatsuki,HOLD_NEEDS_CHANNEL_REVIEW,NO_REVIEWED_PLATFORM_ACCOUNT_ID,False
x:acct_549531f8c6ac34d12fbf,x,,Effy Ch.【ARP】,https://x.com/Effy_ARP,HOLD_NEEDS_CHANNEL_REVIEW,NO_REVIEWED_PLATFORM_ACCOUNT_ID,False
x:acct_549c41c7478194c46026,x,,NICHA Ch. 【SSR】,https://x.com/NICHA_SSR,HOLD_NEEDS_CHANNEL_REVIEW,NO_REVIEWED_PLATFORM_ACCOUNT_ID,False
x:acct_54a1f5eaf0414bfc4ac3,x,,Evelyn Treeswift,https://x.com/Evelyn_KwikKwik,HOLD_NEEDS_CHANNEL_REVIEW,NO_REVIEWED_PLATFORM_ACCOUNT_ID,False
x:acct_54f0c20b4d5ef7f00f69,x,,Leinn Channel,https://x.com/LeinnCH,HOLD_NEEDS_CHANNEL_REVIEW,NO_REVIEWED_PLATFORM_ACCOUNT_ID,False
x:acct_54f37ea90dfb2c53fe80,x,,Zinnia,https://x.com/Zinnialy,HOLD_NEEDS_CHANNEL_REVIEW,NO_REVIEWED_PLATFORM_ACCOUNT_ID,False
x:acct_54f80efbf3c9936eead6,x,,012CQ Ch. Ruka Inochizuna,https://x.com/012Cq,HOLD_NEEDS_CHANNEL_REVIEW,NO_REVIEWED_PLATFORM_ACCOUNT_ID,False
x:acct_54ff690cabce4825bc50,x,,Antolnette the Magnificent Ch. Lumina-Muse,https://x.com/AntolnetteMuse,HOLD_NEEDS_CHANNEL_REVIEW,NO_REVIEWED_PLATFORM_ACCOUNT_ID,False
x:acct_55169b046d8b14f4fb08,x,,Moe Kaori  ⌜VZ⌟,https://x.com/moekaori,HOLD_NEEDS_CHANNEL_REVIEW,NO_REVIEWED_PLATFORM_ACCOUNT_ID,False
x:acct_5520b6b89b078ce3392e,x,,RuLaRaLan,https://x.com/rularalan,HOLD_NEEDS_CHANNEL_REVIEW,NO_REVIEWED_PLATFORM_ACCOUNT_ID,False
x:acct_55371199eaa14c1e8ae4,x,,M3R0 ch.,https://x.com/amn_m3rx,HOLD_NEEDS_CHANNEL_REVIEW,NO_REVIEWED_PLATFORM_ACCOUNT_ID,False
x:acct_55c898cf21e53c949c77,x,,Laychlype「ALF」,https://x.com/Laychlype_ALF,HOLD_NEEDS_CHANNEL_REVIEW,NO_REVIEWED_PLATFORM_ACCOUNT_ID,False
x:acct_55cf81ea343f819931f1,x,,SakiMori Mikan,https://x.com/SakiMoriMikan,HOLD_NEEDS_CHANNEL_REVIEW,NO_REVIEWED_PLATFORM_ACCOUNT_ID,False
x:acct_565199f65b18a050b45b,x,,Xro Ch,https://x.com/Xuri_Xro,HOLD_NEEDS_CHANNEL_REVIEW,NO_REVIEWED_PLATFORM_ACCOUNT_ID,False
x:acct_5656b07484ab52beb31f,x,,Shirowashi Ch.,https://x.com/Shirowashi_,HOLD_NEEDS_CHANNEL_REVIEW,NO_REVIEWED_PLATFORM_ACCOUNT_ID,False
x:acct_5664fae2003a5709bb83,x,,SHiA_4a,https://x.com/shia_4a_,HOLD_NEEDS_CHANNEL_REVIEW,NO_REVIEWED_PLATFORM_ACCOUNT_ID,False
x:acct_5681546fe302b99a7ebb,x,,JomJam_SLX,https://x.com/JomJam_SLX,HOLD_NEEDS_CHANNEL_REVIEW,NO_REVIEWED_PLATFORM_ACCOUNT_ID,False
x:acct_56acba48d933880f8460,x,,OwlMan Ch.,https://x.com/OwlManCh,HOLD_NEEDS_CHANNEL_REVIEW,NO_REVIEWED_PLATFORM_ACCOUNT_ID,False
x:acct_571bac82a0de53960b98,x,,- Azuko - あずこ - Ch.,https://x.com/Azuko_98,HOLD_NEEDS_CHANNEL_REVIEW,NO_REVIEWED_PLATFORM_ACCOUNT_ID,False
x:acct_571ef65e27b41f6b54ac,x,,Ramirez Svensons,https://x.com/Ramirez_Vtuber,HOLD_NEEDS_CHANNEL_REVIEW,NO_REVIEWED_PLATFORM_ACCOUNT_ID,False
x:acct_5731f299901b7911939a,x,,Nezumi Elze Ch. Pixela Legends,https://x.com/NezumiElze,HOLD_NEEDS_CHANNEL_REVIEW,NO_REVIEWED_PLATFORM_ACCOUNT_ID,False
x:acct_577d8889377f755b4d94,x,,Momoka Ch.,https://x.com/MomokaNijiiro,HOLD_NEEDS_CHANNEL_REVIEW,NO_REVIEWED_PLATFORM_ACCOUNT_ID,False
x:acct_57a1a0bc4778db780dca,x,,NEMI,https://x.com/NEMI012,HOLD_NEEDS_CHANNEL_REVIEW,NO_REVIEWED_PLATFORM_ACCOUNT_ID,False
x:acct_57a2b21a5daa4c213640,x,,KiwaPawari Ch. | キワー,https://x.com/KiwaPawari,HOLD_NEEDS_CHANNEL_REVIEW,NO_REVIEWED_PLATFORM_ACCOUNT_ID,False
x:acct_57c297e32f977db404a7,x,,PINTO,https://x.com/pinto__xx,HOLD_NEEDS_CHANNEL_REVIEW,NO_REVIEWED_PLATFORM_ACCOUNT_ID,False
x:acct_57c32abee5c4deb6c7b9,x,,Bingsujuseyo Ch.,https://x.com/bingsujuseyo,HOLD_NEEDS_CHANNEL_REVIEW,NO_REVIEWED_PLATFORM_ACCOUNT_ID,False
x:acct_57c4f44fe44325f8093b,x,,Heiman Ch.,https://x.com/heiman_vtuber,HOLD_NEEDS_CHANNEL_REVIEW,NO_REVIEWED_PLATFORM_ACCOUNT_ID,False
x:acct_580f130a2c85c9558a96,x,,Enri Ch.,https://x.com/mjgt_v,HOLD_NEEDS_CHANNEL_REVIEW,NO_REVIEWED_PLATFORM_ACCOUNT_ID,False
x:acct_584e3bb1228909ed59ca,x,,Mild-R Ch. Lumina-World-End,https://x.com/MildRWorldEnd,HOLD_NEEDS_CHANNEL_REVIEW,NO_REVIEWED_PLATFORM_ACCOUNT_ID,False
x:acct_593dcd4c0903e5c870df,x,,Katsuki Ch.,https://x.com/KatsukiCh_VT,HOLD_NEEDS_CHANNEL_REVIEW,NO_REVIEWED_PLATFORM_ACCOUNT_ID,False
x:acct_595bd4c36241bcaaa250,x,,LunaLumIIna 「 PRD 」,https://x.com/lunalumiina,HOLD_NEEDS_CHANNEL_REVIEW,NO_REVIEWED_PLATFORM_ACCOUNT_ID,False
x:acct_59a8fae5fe255a2dc787,x,,Kanako Ch. / 金狐カナ,https://x.com/KanakoChTH,HOLD_NEEDS_CHANNEL_REVIEW,NO_REVIEWED_PLATFORM_ACCOUNT_ID,False
x:acct_59fc891e551032bda1ab,x,,Bettha Ch.,https://x.com/Bettha_Vtuber,HOLD_NEEDS_CHANNEL_REVIEW,NO_REVIEWED_PLATFORM_ACCOUNT_ID,False
x:acct_5a40b18d410f26d02c0b,x,,Mylah Ch.,https://x.com/Mylah_Ch,HOLD_NEEDS_CHANNEL_REVIEW,NO_REVIEWED_PLATFORM_ACCOUNT_ID,False
x:acct_5a7f5c8c709171a50d8c,x,,ZAIN Ch.,https://x.com/ZainDSS,HOLD_NEEDS_CHANNEL_REVIEW,NO_REVIEWED_PLATFORM_ACCOUNT_ID,False
x:acct_5aa14587c4e1c597f273,x,,Shion,https://x.com/Shion_VWY,HOLD_NEEDS_CHANNEL_REVIEW,NO_REVIEWED_PLATFORM_ACCOUNT_ID,False
x:acct_5ae66c1a5e5b166bcb01,x,,ApriRiru,https://x.com/apririru,HOLD_NEEDS_CHANNEL_REVIEW,NO_REVIEWED_PLATFORM_ACCOUNT_ID,False
x:acct_5b3d750455417359336f,x,,Lynze,https://x.com/Lynze_vvn,HOLD_NEEDS_CHANNEL_REVIEW,NO_REVIEWED_PLATFORM_ACCOUNT_ID,False
x:acct_5b428a4367e376fc93f4,x,,-Kami Rei- ,https://x.com/kamireiV,HOLD_NEEDS_CHANNEL_REVIEW,NO_REVIEWED_PLATFORM_ACCOUNT_ID,False
x:acct_5b67f7c8e8ef3b885aea,x,,Cersei Lezlie,https://x.com/Cersei_Lezlie,HOLD_NEEDS_CHANNEL_REVIEW,NO_REVIEWED_PLATFORM_ACCOUNT_ID,False
x:acct_5b733fc9e3128811c488,x,,Cobalt HellHound Ch. (ฮาวนด์),https://x.com/CBLT_HellHound,HOLD_NEEDS_CHANNEL_REVIEW,NO_REVIEWED_PLATFORM_ACCOUNT_ID,False
x:acct_5b92252fb80df18f7060,x,,Kumoku Tsururu Ch. Lumina-World-End,https://x.com/TsururuWorldEnd,HOLD_NEEDS_CHANNEL_REVIEW,NO_REVIEWED_PLATFORM_ACCOUNT_ID,False
x:acct_5b9de3f82ec205b49101,x,,Hanabi Lafy Ch. Pixela-Isekai,https://x.com/HanabiLafy,HOLD_NEEDS_CHANNEL_REVIEW,NO_REVIEWED_PLATFORM_ACCOUNT_ID,False
x:acct_5bc7a8671ea507a2b6c9,x,,Tsukiko かざん,https://x.com/Tsukikosui,HOLD_NEEDS_CHANNEL_REVIEW,NO_REVIEWED_PLATFORM_ACCOUNT_ID,False
x:acct_5c3c743c8e3d22fa8727,x,,DEV Ch.【ARP】,https://x.com/DEV_ARP,HOLD_NEEDS_CHANNEL_REVIEW,NO_REVIEWED_PLATFORM_ACCOUNT_ID,False
x:acct_5cd3cc36bbf013d77a29,x,,DieInGamez,https://x.com/m_DIGZ,HOLD_NEEDS_CHANNEL_REVIEW,NO_REVIEWED_PLATFORM_ACCOUNT_ID,False
x:acct_5cf19831e574be6c1e50,x,,Mizu Gracia Ch.,https://x.com/MizuGracia,HOLD_NEEDS_CHANNEL_REVIEW,NO_REVIEWED_PLATFORM_ACCOUNT_ID,False
x:acct_5cf300ddb683afbd385c,x,,Aito LH,https://x.com/Aito_LH,HOLD_NEEDS_CHANNEL_REVIEW,NO_REVIEWED_PLATFORM_ACCOUNT_ID,False
x:acct_5d1b00e97b4b64d69834,x,,Chiziz R Fa,https://x.com/ChiziziFa_,HOLD_NEEDS_CHANNEL_REVIEW,NO_REVIEWED_PLATFORM_ACCOUNT_ID,False
x:acct_5d57cf8b797e348c2720,x,,Bamboo Niffy,https://x.com/BambooNiffyy,HOLD_NEEDS_CHANNEL_REVIEW,NO_REVIEWED_PLATFORM_ACCOUNT_ID,False
x:acct_5d5ef156868aec365d1b,x,,X-JEVZ,https://x.com/JEVZlnwza,HOLD_NEEDS_CHANNEL_REVIEW,NO_REVIEWED_PLATFORM_ACCOUNT_ID,False
x:acct_5d7ac5709b67164cf693,x,,Harumoon Ch.,https://x.com/Harumoon_v2,HOLD_NEEDS_CHANNEL_REVIEW,NO_REVIEWED_PLATFORM_ACCOUNT_ID,False
x:acct_5dcd3569c5e37d3eb216,x,,Kiran Regalia『AST』 ,https://x.com/Kiran_Regalia,HOLD_NEEDS_CHANNEL_REVIEW,NO_REVIEWED_PLATFORM_ACCOUNT_ID,False
x:acct_5e171e61dc75e239a6cb,x,,Celestier Rolannda [crrda.ch],https://x.com/V_Esper_C,HOLD_NEEDS_CHANNEL_REVIEW,NO_REVIEWED_PLATFORM_ACCOUNT_ID,False
x:acct_5e5032b7ba616041daa4,x,,xLazyYui,https://x.com/Lazyy_Yui,HOLD_NEEDS_CHANNEL_REVIEW,NO_REVIEWED_PLATFORM_ACCOUNT_ID,False
x:acct_5e7a16b38a8f5bd9d642,x,,Sebastos | Vtuber,https://x.com/Sebastos_vt_r,HOLD_NEEDS_CHANNEL_REVIEW,NO_REVIEWED_PLATFORM_ACCOUNT_ID,False
x:acct_5ec7b7a5dbd499173268,x,,Zandy,https://x.com/zandy31a,HOLD_NEEDS_CHANNEL_REVIEW,NO_REVIEWED_PLATFORM_ACCOUNT_ID,False
x:acct_5ec89245abfbd33cf514,x,,Sirris Goddess Ch.,https://x.com/SirrisGoddess,HOLD_NEEDS_CHANNEL_REVIEW,NO_REVIEWED_PLATFORM_ACCOUNT_ID,False
x:acct_5edb052c2456893bbb3c,x,,Mitsuki Vtuber,https://x.com/MitsukiRinna_LH,HOLD_NEEDS_CHANNEL_REVIEW,NO_REVIEWED_PLATFORM_ACCOUNT_ID,False
x:acct_5f220e46cb5b35bb1d07,x,,Azazel the Wanderer Ch.,https://x.com/OldmanAzazel,HOLD_NEEDS_CHANNEL_REVIEW,NO_REVIEWED_PLATFORM_ACCOUNT_ID,False
x:acct_5f482407f3aedf6199d2,x,,Shogo ⌜VZ⌟,https://x.com/KamikoShogo,HOLD_NEEDS_CHANNEL_REVIEW,NO_REVIEWED_PLATFORM_ACCOUNT_ID,False
x:acct_5f5634044e67b1f309f4,x,,Lattemelo,https://x.com/_pingpinx,HOLD_NEEDS_CHANNEL_REVIEW,NO_REVIEWED_PLATFORM_ACCOUNT_ID,False
x:acct_5f8adab75d0d3bac3b9b,x,,Akemi Arlin Ch. Pixela Legends,https://x.com/AkemiArlin,HOLD_NEEDS_CHANNEL_REVIEW,NO_REVIEWED_PLATFORM_ACCOUNT_ID,False
x:acct_5fa6af1c56a1f920254c,x,,Hiyoribouzu Ch.,https://x.com/Reyiji,HOLD_NEEDS_CHANNEL_REVIEW,NO_REVIEWED_PLATFORM_ACCOUNT_ID,False
x:acct_5fd7890c823dcca05ffb,x,,Adrelis Zinya「ALF」,https://x.com/Adrelis_ALF,HOLD_NEEDS_CHANNEL_REVIEW,NO_REVIEWED_PLATFORM_ACCOUNT_ID,False
x:acct_604e4fda2ea165bdb364,x,,Astrea Ch. アストリア〖ECR〗,https://x.com/AstreaASTR,HOLD_NEEDS_CHANNEL_REVIEW,NO_REVIEWED_PLATFORM_ACCOUNT_ID,False
x:acct_6071fc340a9b0ed2c2f5,x,,ช่องนี้ ซัน คุม อิอิ,https://x.com/TrustLnw,HOLD_NEEDS_CHANNEL_REVIEW,NO_REVIEWED_PLATFORM_ACCOUNT_ID,False
x:acct_613ce872a1304ba8fac5,x,,Thear DreamWhale° 10Hz,https://x.com/ThearDreamWhale,HOLD_NEEDS_CHANNEL_REVIEW,NO_REVIEWED_PLATFORM_ACCOUNT_ID,False
x:acct_61fcdfce5678fb015871,x,,Renia Marinette Ch.【PSM】,https://x.com/ReniaMarinette,HOLD_NEEDS_CHANNEL_REVIEW,NO_REVIEWED_PLATFORM_ACCOUNT_ID,False
x:acct_620af983ac18a3cad85c,x,,Aelisse,https://x.com/Aelisse_EPR,HOLD_NEEDS_CHANNEL_REVIEW,NO_REVIEWED_PLATFORM_ACCOUNT_ID,False
x:acct_630b00e031382f412fe9,x,,Liz's | WISLIVE,https://x.com/Lizsy_wis,HOLD_NEEDS_CHANNEL_REVIEW,NO_REVIEWED_PLATFORM_ACCOUNT_ID,False
x:acct_632583be7572caf58312,x,,Azuri「 PRD 」,https://x.com/Azuri_PRD,HOLD_NEEDS_CHANNEL_REVIEW,NO_REVIEWED_PLATFORM_ACCOUNT_ID,False
x:acct_63476d4b853a42bdddb8,x,,Yves Monet Deirdre【21PM】,https://x.com/YvesMonet_21PM,HOLD_NEEDS_CHANNEL_REVIEW,NO_REVIEWED_PLATFORM_ACCOUNT_ID,False
x:acct_636e49efeba06edb96b6,x,,Uniwii Ch.【ARP】,https://x.com/Uniwii_ARP,HOLD_NEEDS_CHANNEL_REVIEW,NO_REVIEWED_PLATFORM_ACCOUNT_ID,False
x:acct_63a06146b4d53af07f66,x,,Bunana Vtuber,https://x.com/Bunana_Vtuber,HOLD_NEEDS_CHANNEL_REVIEW,NO_REVIEWED_PLATFORM_ACCOUNT_ID,False
x:acct_63b685961253cc45c6dc,x,,Ryusei Starlight Ch.,https://x.com/RyuseiStarlight,HOLD_NEEDS_CHANNEL_REVIEW,NO_REVIEWED_PLATFORM_ACCOUNT_ID,False
x:acct_63b8d126d7717b3e856a,x,,Dalphon_Vtuber ,https://x.com/DalphonV,HOLD_NEEDS_CHANNEL_REVIEW,NO_REVIEWED_PLATFORM_ACCOUNT_ID,False
x:acct_6431c606bd6d75366bb9,x,,Aventurine Ch,https://x.com/goddess__ofwAr,HOLD_NEEDS_CHANNEL_REVIEW,NO_REVIEWED_PLATFORM_ACCOUNT_ID,False
x:acct_64326d029e9faf35ad4f,x,,Athrun Ch. ,https://x.com/Athrun_TytoAlba,HOLD_NEEDS_CHANNEL_REVIEW,NO_REVIEWED_PLATFORM_ACCOUNT_ID,False
x:acct_647fa15567aa9384dced,x,,deksammy,https://x.com/deksammy_,HOLD_NEEDS_CHANNEL_REVIEW,NO_REVIEWED_PLATFORM_ACCOUNT_ID,False
x:acct_6480fdd00ef1af297afa,x,,LIVIANA Ch.,https://x.com/Liviana_VWitch,HOLD_NEEDS_CHANNEL_REVIEW,NO_REVIEWED_PLATFORM_ACCOUNT_ID,False
x:acct_64951bf4265d179c79e7,x,,MOLLY,https://x.com/komurahuak,HOLD_NEEDS_CHANNEL_REVIEW,NO_REVIEWED_PLATFORM_ACCOUNT_ID,False
x:acct_657c333960c0a7a6f535,x,,Oatsukaresan「ECR」,https://x.com/Oatsukaresan,HOLD_NEEDS_CHANNEL_REVIEW,NO_REVIEWED_PLATFORM_ACCOUNT_ID,False
x:acct_6582d613f31ecd2797fc,x,,Banpratou,https://x.com/banpratou,HOLD_NEEDS_CHANNEL_REVIEW,NO_REVIEWED_PLATFORM_ACCOUNT_ID,False
x:acct_65b591c3b00b8ba82c25,x,,RIPry - ริบหรี่,https://x.com/BaimonUrBFF,HOLD_NEEDS_CHANNEL_REVIEW,NO_REVIEWED_PLATFORM_ACCOUNT_ID,False
x:acct_66206fb152607e0b5f50,x,,ANT4ZIN,https://x.com/_ANT4ZIN_,HOLD_NEEDS_CHANNEL_REVIEW,NO_REVIEWED_PLATFORM_ACCOUNT_ID,False
x:acct_66535dbfe43dbee6b8f5,x,,Ureinaz,https://x.com/ureinaz,HOLD_NEEDS_CHANNEL_REVIEW,NO_REVIEWED_PLATFORM_ACCOUNT_ID,False
x:acct_66b7bf770214d10f03f8,x,,FouruaryTH,https://x.com/FouruaryTH,HOLD_NEEDS_CHANNEL_REVIEW,NO_REVIEWED_PLATFORM_ACCOUNT_ID,False
x:acct_66dea2a9be2cf554b285,x,,Wilona Ch.,https://x.com/wilona_thegoat,HOLD_NEEDS_CHANNEL_REVIEW,NO_REVIEWED_PLATFORM_ACCOUNT_ID,False
x:acct_6701cfed8acece8e19ae,x,,Narelle ch. 【FIXIX VT】,https://x.com/Narelle_FIXIXVT,HOLD_NEEDS_CHANNEL_REVIEW,NO_REVIEWED_PLATFORM_ACCOUNT_ID,False
x:acct_6799ff471aba3acf7da9,x,,Sarana Sapina Ch.,https://x.com/SaranaSapina,HOLD_NEEDS_CHANNEL_REVIEW,NO_REVIEWED_PLATFORM_ACCOUNT_ID,False
x:acct_67b7d62cc817ae7fe7cc,x,,XIAOLI《小莉》,https://x.com/XiaoliVTofuTH,HOLD_NEEDS_CHANNEL_REVIEW,NO_REVIEWED_PLATFORM_ACCOUNT_ID,False
x:acct_6815c6fe408af012bc9d,x,,Jozetté Wrasset Ch. | OAL,https://x.com/jozette_oal,HOLD_NEEDS_CHANNEL_REVIEW,NO_REVIEWED_PLATFORM_ACCOUNT_ID,False
x:acct_68189cb7ce0d30ec2b28,x,,Aoi Nekomori,https://x.com/AoiNekomori,HOLD_NEEDS_CHANNEL_REVIEW,NO_REVIEWED_PLATFORM_ACCOUNT_ID,False
x:acct_682ce8d0fa92196a5cc1,x,,Rubellite ch. Euphora,https://x.com/Rubellite_EPR,HOLD_NEEDS_CHANNEL_REVIEW,NO_REVIEWED_PLATFORM_ACCOUNT_ID,False
x:acct_68973f7e282d8c5e9989,x,,Lynis ch. Euphora | Vtuber,https://x.com/Lynis_EPR,HOLD_NEEDS_CHANNEL_REVIEW,NO_REVIEWED_PLATFORM_ACCOUNT_ID,False
x:acct_68c63c445cbb336e64ae,x,,Simon von Crucisburg,https://x.com/SimonCrucisburg,HOLD_NEEDS_CHANNEL_REVIEW,NO_REVIEWED_PLATFORM_ACCOUNT_ID,False
x:acct_68f69cfac1905b87b9c1,x,,Drewiskiy,https://x.com/Drewiskiy,HOLD_NEEDS_CHANNEL_REVIEW,NO_REVIEWED_PLATFORM_ACCOUNT_ID,False
x:acct_69110086836360e3f5fd,x,,YuChan Channel ⌜VZ⌟,https://x.com/Kirameki_Yu,HOLD_NEEDS_CHANNEL_REVIEW,NO_REVIEWED_PLATFORM_ACCOUNT_ID,False
x:acct_69ebd6f414461038f406,x,,MerryKomori Lu.,https://x.com/MerryKomori,HOLD_NEEDS_CHANNEL_REVIEW,NO_REVIEWED_PLATFORM_ACCOUNT_ID,False
x:acct_6a292b4a9588bdc59be1,x,,Kirine Ch.,https://x.com/Kirine_21,HOLD_NEEDS_CHANNEL_REVIEW,NO_REVIEWED_PLATFORM_ACCOUNT_ID,False
x:acct_6a6d7ee563105efc2731,x,,Keressa Zoulfia Ch. Pixela-Mystic,https://x.com/KeressaZoulfia,HOLD_NEEDS_CHANNEL_REVIEW,NO_REVIEWED_PLATFORM_ACCOUNT_ID,False
x:acct_6ac9e04ab416c45a400e,x,,Kuzune Ch.,https://x.com/9ro9zu,HOLD_NEEDS_CHANNEL_REVIEW,NO_REVIEWED_PLATFORM_ACCOUNT_ID,False
x:acct_6ae11f41a6b71ff97aac,x,,Somjeedbanrai【VJN】,https://x.com/Somjeedbanrai,HOLD_NEEDS_CHANNEL_REVIEW,NO_REVIEWED_PLATFORM_ACCOUNT_ID,False
x:acct_6af108d007a91ccc4c5a,x,,Tako_TK Ch.,https://x.com/TAKO_TK2126,HOLD_NEEDS_CHANNEL_REVIEW,NO_REVIEWED_PLATFORM_ACCOUNT_ID,False
x:acct_6aff979f014236bd8201,x,,Zekai Ch.【ARP】,https://x.com/Zekai_ARP,HOLD_NEEDS_CHANNEL_REVIEW,NO_REVIEWED_PLATFORM_ACCOUNT_ID,False
x:acct_6b67e3f71d93eab35a07,x,,Nora Vanadiz 「univirsual」,https://x.com/Nora_Vanadiz,HOLD_NEEDS_CHANNEL_REVIEW,NO_REVIEWED_PLATFORM_ACCOUNT_ID,False
x:acct_6b992e3ef774cd5205ac,x,,Pekorin SSR,https://x.com/Pekorin_SSR,HOLD_NEEDS_CHANNEL_REVIEW,NO_REVIEWED_PLATFORM_ACCOUNT_ID,False
x:acct_6be472d5e67787124161,x,,Jolly Estaa Ch. Pixela-Isekai,https://x.com/JollyEstaaV2,HOLD_NEEDS_CHANNEL_REVIEW,NO_REVIEWED_PLATFORM_ACCOUNT_ID,False
x:acct_6bf121d638fad21b46ea,x,,MeowMiKe CH. 《19'S》,https://x.com/Mikethemeow,HOLD_NEEDS_CHANNEL_REVIEW,NO_REVIEWED_PLATFORM_ACCOUNT_ID,False
x:acct_6c486de2c971d63da71c,x,,Kurosawa Karwara〖Autumnia〗,https://x.com/KurosawaSP,HOLD_NEEDS_CHANNEL_REVIEW,NO_REVIEWED_PLATFORM_ACCOUNT_ID,False
x:acct_6c823c91cbc0aff49383,x,,It's SouYuu vtb,https://x.com/SoulYuuVtb2615,HOLD_NEEDS_CHANNEL_REVIEW,NO_REVIEWED_PLATFORM_ACCOUNT_ID,False
x:acct_6cc60c7b91afef9632c4,x,,Nongwan TV,https://x.com/Nongwan49319887,HOLD_NEEDS_CHANNEL_REVIEW,NO_REVIEWED_PLATFORM_ACCOUNT_ID,False
x:acct_6cebdf76e32cb5932c79,x,,Arisu Jin Ch.【PSM】,https://x.com/ArisuINJin,HOLD_NEEDS_CHANNEL_REVIEW,NO_REVIEWED_PLATFORM_ACCOUNT_ID,False
x:acct_6d1a931a4b08887dc7a4,x,,MONGON. Association From 48 Dimension World (V.2),https://x.com/Mongon_AF48DW,HOLD_NEEDS_CHANNEL_REVIEW,NO_REVIEWED_PLATFORM_ACCOUNT_ID,False
x:acct_6d7a3f2180f84665bea9,x,,MAJCHA มัจฉา | DEBUT SOON,https://x.com/majcha_ch,HOLD_NEEDS_CHANNEL_REVIEW,NO_REVIEWED_PLATFORM_ACCOUNT_ID,False
x:acct_6db6ceb8f2a90104e698,x,,NamiNe,https://x.com/NamiNeRakko,HOLD_NEEDS_CHANNEL_REVIEW,NO_REVIEWED_PLATFORM_ACCOUNT_ID,False
x:acct_6dbc45524ce3784a30d8,x,,Artie ch. Euphora,https://x.com/Artie_EPR,HOLD_NEEDS_CHANNEL_REVIEW,NO_REVIEWED_PLATFORM_ACCOUNT_ID,False
x:acct_6dbcb2d8f78604fccebd,x,,FoodieFo ch ⌜VZ⌟,https://x.com/FoodieFo_4,HOLD_NEEDS_CHANNEL_REVIEW,NO_REVIEWED_PLATFORM_ACCOUNT_ID,False
x:acct_6dd902316f6ad0b2340a,x,,Orinnia ch.,https://x.com/orinnia_Vtuber,HOLD_NEEDS_CHANNEL_REVIEW,NO_REVIEWED_PLATFORM_ACCOUNT_ID,False
x:acct_6deabc33f77ba3110115,x,,Patchay channel,https://x.com/Patchaychannel,HOLD_NEEDS_CHANNEL_REVIEW,NO_REVIEWED_PLATFORM_ACCOUNT_ID,False
x:acct_6e03a4323fa41dd7b6d2,x,,Thicha ch.,https://x.com/MThich_a,HOLD_NEEDS_CHANNEL_REVIEW,NO_REVIEWED_PLATFORM_ACCOUNT_ID,False
x:acct_6e05bcb8dfc33226ffe8,x,,Timothy Weii Ch.,https://x.com/Timothy_Weii,HOLD_NEEDS_CHANNEL_REVIEW,NO_REVIEWED_PLATFORM_ACCOUNT_ID,False
x:acct_6e2d8d0b1fe7ef77f4fd,x,,Anya Smith,https://x.com/AnyaSmith203,HOLD_NEEDS_CHANNEL_REVIEW,NO_REVIEWED_PLATFORM_ACCOUNT_ID,False
x:acct_6e4c5f470f5b109d5fa8,x,,QURSE,https://x.com/QurseVibeENT,HOLD_NEEDS_CHANNEL_REVIEW,NO_REVIEWED_PLATFORM_ACCOUNT_ID,False
x:acct_6f1fb93aadb6cc430829,x,,Keelin Peryton『VW』,https://x.com/Keelin_Peryton,HOLD_NEEDS_CHANNEL_REVIEW,NO_REVIEWED_PLATFORM_ACCOUNT_ID,False
x:acct_6f22ceb2d515df18fc8d,x,,Hydejung 【21PM】,https://x.com/hydejung21PM,HOLD_NEEDS_CHANNEL_REVIEW,NO_REVIEWED_PLATFORM_ACCOUNT_ID,False
x:acct_6f307b60cf02a4e6d439,x,,Whyte Ch.,https://x.com/WhitePGZ,HOLD_NEEDS_CHANNEL_REVIEW,NO_REVIEWED_PLATFORM_ACCOUNT_ID,False
x:acct_6f64f7da1463d3847ecb,x,,Callidora Ch.【VJN】,https://x.com/CallidoraAngeni,HOLD_NEEDS_CHANNEL_REVIEW,NO_REVIEWED_PLATFORM_ACCOUNT_ID,False
x:acct_6fb2851744248e4c79d8,x,,Aki Masamune Ch. / AStars Chrono prince,https://x.com/AkiMasamune_AS,HOLD_NEEDS_CHANNEL_REVIEW,NO_REVIEWED_PLATFORM_ACCOUNT_ID,False
x:acct_6fe629a30645b8e6332c,x,,Taka Melonpan,https://x.com/takamelonpan,HOLD_NEEDS_CHANNEL_REVIEW,NO_REVIEWED_PLATFORM_ACCOUNT_ID,False
x:acct_6ff3b6229e163dd4dbb6,x,,MaddoxTheOrder,https://x.com/MaddoxTheOrder,HOLD_NEEDS_CHANNEL_REVIEW,NO_REVIEWED_PLATFORM_ACCOUNT_ID,False
x:acct_7005d76cbd84872d33d4,x,,Uniinu ch. Euphora,https://x.com/Uniinu_EPR,HOLD_NEEDS_CHANNEL_REVIEW,NO_REVIEWED_PLATFORM_ACCOUNT_ID,False
x:acct_705115517a1b27082020,x,,Ziika ⌜VZ⌟,https://x.com/MU_Ziika,HOLD_NEEDS_CHANNEL_REVIEW,NO_REVIEWED_PLATFORM_ACCOUNT_ID,False
x:acct_70c58f348777e14955b6,x,,Mixzy Ch.【21PM】,https://x.com/Mixzy21PM,HOLD_NEEDS_CHANNEL_REVIEW,NO_REVIEWED_PLATFORM_ACCOUNT_ID,False
x:acct_70f857c700f90891f5df,x,,Moia | โมเอีย 🪶,https://x.com/moia_lnwza55,HOLD_NEEDS_CHANNEL_REVIEW,NO_REVIEWED_PLATFORM_ACCOUNT_ID,False
x:acct_713775460d5ecaab95bd,x,,Hamiko Channel,https://x.com/Hamikoooo,HOLD_NEEDS_CHANNEL_REVIEW,NO_REVIEWED_PLATFORM_ACCOUNT_ID,False
x:acct_71419fdfe24c0aabf531,x,,Kianae IONIX,https://x.com/Kianae_IONIX,HOLD_NEEDS_CHANNEL_REVIEW,NO_REVIEWED_PLATFORM_ACCOUNT_ID,False
x:acct_718babba6d56df9c3705,x,,Besicka「ALF」,https://x.com/Besicka_ALF,HOLD_NEEDS_CHANNEL_REVIEW,NO_REVIEWED_PLATFORM_ACCOUNT_ID,False
x:acct_71a22b86daa3d78c9a9d,x,,MeltildaVT Ch.,https://x.com/MeltildaVT,HOLD_NEEDS_CHANNEL_REVIEW,NO_REVIEWED_PLATFORM_ACCOUNT_ID,False
x:acct_71bcc643e1f4222872a6,x,,Neris Ch.,https://x.com/ThelittleNelle,HOLD_NEEDS_CHANNEL_REVIEW,NO_REVIEWED_PLATFORM_ACCOUNT_ID,False
x:acct_71c19f56f586f0a17776,x,,Mosant Ch.,https://x.com/MosantXD,HOLD_NEEDS_CHANNEL_REVIEW,NO_REVIEWED_PLATFORM_ACCOUNT_ID,False
x:acct_71e52c82d89f82c88dcf,x,,Estelle Wil Ch.,https://x.com/Estelle_New,HOLD_NEEDS_CHANNEL_REVIEW,NO_REVIEWED_PLATFORM_ACCOUNT_ID,False
x:acct_72037131188e7e802993,x,,เจ้าหญิงวารินทร์,https://x.com/VarinRTN,HOLD_NEEDS_CHANNEL_REVIEW,NO_REVIEWED_PLATFORM_ACCOUNT_ID,False
x:acct_7237630e18054c6a9551,x,,Yukino Taifu Ch. ,https://x.com/YukinoTaifu,HOLD_NEEDS_CHANNEL_REVIEW,NO_REVIEWED_PLATFORM_ACCOUNT_ID,False
x:acct_724ba42c600472c52553,x,,Saneko ch. Euphora,https://x.com/Saneko_EPR,HOLD_NEEDS_CHANNEL_REVIEW,NO_REVIEWED_PLATFORM_ACCOUNT_ID,False
x:acct_725846025b9c5615eb18,x,,Hecate Ch.,https://x.com/HecateVTuber,HOLD_NEEDS_CHANNEL_REVIEW,NO_REVIEWED_PLATFORM_ACCOUNT_ID,False
x:acct_726b9af81fcc6e51eb33,x,,Cheryu Ch.,https://x.com/Vtubercheryu,HOLD_NEEDS_CHANNEL_REVIEW,NO_REVIEWED_PLATFORM_ACCOUNT_ID,False
x:acct_7281b446073e7c0e4442,x,,Kryspeia Cosmelis Ch. Lumina-Mutelu,https://x.com/KryspeiaMutelu,HOLD_NEEDS_CHANNEL_REVIEW,NO_REVIEWED_PLATFORM_ACCOUNT_ID,False
x:acct_72c92683c886f8fe09f5,x,,PILA P.CROWEN Ch.【PSM】,https://x.com/pila_p_crowen,HOLD_NEEDS_CHANNEL_REVIEW,NO_REVIEWED_PLATFORM_ACCOUNT_ID,False
x:acct_72cb90ccad6441a4bbc6,x,,Gutz ch.,https://x.com/GutzLibrarian,HOLD_NEEDS_CHANNEL_REVIEW,NO_REVIEWED_PLATFORM_ACCOUNT_ID,False
x:acct_73854c44ac9e86e81235,x,,Chiiaki Jellyfishkun,https://x.com/Chiiaki_jf,HOLD_NEEDS_CHANNEL_REVIEW,NO_REVIEWED_PLATFORM_ACCOUNT_ID,False
x:acct_73b2884d2d24a681b340,x,,HØRI 07 ⌜VZ⌟,https://x.com/HO07RI,HOLD_NEEDS_CHANNEL_REVIEW,NO_REVIEWED_PLATFORM_ACCOUNT_ID,False
x:acct_7418d3397d5554d516d1,x,,【黒崎】Asmodeus Ch.,https://x.com/Krsk963,HOLD_NEEDS_CHANNEL_REVIEW,NO_REVIEWED_PLATFORM_ACCOUNT_ID,False
x:acct_745a34957466f9bcd1d9,x,,Maiyara 【21PM】,https://x.com/Maiyara21PM,HOLD_NEEDS_CHANNEL_REVIEW,NO_REVIEWED_PLATFORM_ACCOUNT_ID,False
x:acct_74923bdd4b98b86ea0a1,x,,Haine『Paralist』,https://x.com/Haine_vt,HOLD_NEEDS_CHANNEL_REVIEW,NO_REVIEWED_PLATFORM_ACCOUNT_ID,False
x:acct_7549a32047b951120f18,x,,Asaka Irin | Operation V Ch.,https://x.com/asaka_irin,HOLD_NEEDS_CHANNEL_REVIEW,NO_REVIEWED_PLATFORM_ACCOUNT_ID,False
x:acct_75749417d4292a08f2fd,x,,KitadesuS,https://x.com/KitadesuS,HOLD_NEEDS_CHANNEL_REVIEW,NO_REVIEWED_PLATFORM_ACCOUNT_ID,False
x:acct_75aefa6ff5e99014bf3b,x,,Kyubi Nine キュビ ナイン,https://x.com/Kyubi_IX,HOLD_NEEDS_CHANNEL_REVIEW,NO_REVIEWED_PLATFORM_ACCOUNT_ID,False
x:acct_75c269f0cec57da25415,x,,Aster Kalimeris Ch.,https://x.com/AsterKalimeris,HOLD_NEEDS_CHANNEL_REVIEW,NO_REVIEWED_PLATFORM_ACCOUNT_ID,False
x:acct_76001d95e44de97730b0,x,,FuwaFuwaSeal,https://x.com/FuwaFuwaSeal,HOLD_NEEDS_CHANNEL_REVIEW,NO_REVIEWED_PLATFORM_ACCOUNT_ID,False
x:acct_76270a492f3083d17c35,x,,Azar《 OTL 》,https://x.com/Azar_OTL,HOLD_NEEDS_CHANNEL_REVIEW,NO_REVIEWED_PLATFORM_ACCOUNT_ID,False
x:acct_7659c5f969aec2e99a9b,x,,Dellons Ch.【𝐙𝐎𝐑𝐀】(REST),https://x.com/Dellons_Vtuber,HOLD_NEEDS_CHANNEL_REVIEW,NO_REVIEWED_PLATFORM_ACCOUNT_ID,False
x:acct_766f0d5b12d94f2565a8,x,,Varkin Ch,https://x.com/LVarkin,HOLD_NEEDS_CHANNEL_REVIEW,NO_REVIEWED_PLATFORM_ACCOUNT_ID,False
x:acct_7685302db8fc6026f49a,x,,Vina Olivia Ch.,https://x.com/VinaVtuberTH,HOLD_NEEDS_CHANNEL_REVIEW,NO_REVIEWED_PLATFORM_ACCOUNT_ID,False
x:acct_76f7292acdd27c92bde2,x,,chloridefow,https://x.com/ChlorideFow,HOLD_NEEDS_CHANNEL_REVIEW,NO_REVIEWED_PLATFORM_ACCOUNT_ID,False
x:acct_77b071a641f555e075a1,x,,Aiboh Canis (ไอโบ),https://x.com/AibohCanis,HOLD_NEEDS_CHANNEL_REVIEW,NO_REVIEWED_PLATFORM_ACCOUNT_ID,False
x:acct_77c7a1c9d3e6e98d983e,x,,ITsMeYao,https://x.com/ISmeyao,HOLD_NEEDS_CHANNEL_REVIEW,NO_REVIEWED_PLATFORM_ACCOUNT_ID,False
x:acct_77c7b9c0bcc6bb9589ac,x,,Mizuhara Yami Ch.,https://x.com/Mizuhara_Yami,HOLD_NEEDS_CHANNEL_REVIEW,NO_REVIEWED_PLATFORM_ACCOUNT_ID,False
x:acct_77ff76d4066a2c5f1a07,x,,crazyghsot,https://x.com/crazyghsot,HOLD_NEEDS_CHANNEL_REVIEW,NO_REVIEWED_PLATFORM_ACCOUNT_ID,False
x:acct_78541a43c1225d96cde3,x,,RaFa DXD,https://x.com/RafaVtuberCH,HOLD_NEEDS_CHANNEL_REVIEW,NO_REVIEWED_PLATFORM_ACCOUNT_ID,False
x:acct_785b1c70cd0072f7822a,x,,Kisa l FoxRabbitC4T,https://x.com/foxrabbitc4t,HOLD_NEEDS_CHANNEL_REVIEW,NO_REVIEWED_PLATFORM_ACCOUNT_ID,False
x:acct_78aa0becbafe2b704bdf,x,,Iryne Mau Ch. [Autumnia],https://x.com/IryneMau,HOLD_NEEDS_CHANNEL_REVIEW,NO_REVIEWED_PLATFORM_ACCOUNT_ID,False
x:acct_793de72ce4290e4123f8,x,,Nanako_SLR,https://x.com/Nanako_SLR,HOLD_NEEDS_CHANNEL_REVIEW,NO_REVIEWED_PLATFORM_ACCOUNT_ID,False
x:acct_79571295d938637942d1,x,,Nebula Faragonda 【 V-DragQueen 】,https://x.com/NebulaFaragonda,HOLD_NEEDS_CHANNEL_REVIEW,NO_REVIEWED_PLATFORM_ACCOUNT_ID,False
x:acct_798f78446bcf3395165a,x,,Niew Lock ,https://x.com/Niewlock,HOLD_NEEDS_CHANNEL_REVIEW,NO_REVIEWED_PLATFORM_ACCOUNT_ID,False
x:acct_79a79bc604a0974822a4,x,,Kaylef Orion,https://x.com/KaylefOrion,HOLD_NEEDS_CHANNEL_REVIEW,NO_REVIEWED_PLATFORM_ACCOUNT_ID,False
x:acct_79d7a455035859f4837a,x,,Xonebu X'thulhu Ch. Lumina-World-End,https://x.com/XonebuWorldEnd,HOLD_NEEDS_CHANNEL_REVIEW,NO_REVIEWED_PLATFORM_ACCOUNT_ID,False
x:acct_7a29b2e18a12d38123a1,x,,Zia Sylph Ch. / AStars Amakara,https://x.com/ZiaSylph_AS_,HOLD_NEEDS_CHANNEL_REVIEW,NO_REVIEWED_PLATFORM_ACCOUNT_ID,False
x:acct_7a3bb411215271bfa156,x,,Rainnimin,https://x.com/Rainnimin,HOLD_NEEDS_CHANNEL_REVIEW,NO_REVIEWED_PLATFORM_ACCOUNT_ID,False
x:acct_7a6aae40e16b25e0a872,x,,【graduated】Ice Shirakoi Ch. / AStars Amakara,https://x.com/IceShirakoi_AS,HOLD_NEEDS_CHANNEL_REVIEW,NO_REVIEWED_PLATFORM_ACCOUNT_ID,False
x:acct_7a9d1bf80e0d2328d11d,x,,Leox Ch. Genesis Project,https://x.com/Leox_Genesis,HOLD_NEEDS_CHANNEL_REVIEW,NO_REVIEWED_PLATFORM_ACCOUNT_ID,False
x:acct_7aeda83fe914972205ca,x,,Kirari Esu,https://x.com/KirariEsu_VT,HOLD_NEEDS_CHANNEL_REVIEW,NO_REVIEWED_PLATFORM_ACCOUNT_ID,False
x:acct_7b2bc82558798d9f4248,x,,WhanYenJiab Channel,https://x.com/whanyenjiab,HOLD_NEEDS_CHANNEL_REVIEW,NO_REVIEWED_PLATFORM_ACCOUNT_ID,False
x:acct_7b5d7dc2dc1062b5a4b3,x,,Wizteria Ch.,https://x.com/ArtisansG_Wiz,HOLD_NEEDS_CHANNEL_REVIEW,NO_REVIEWED_PLATFORM_ACCOUNT_ID,False
x:acct_7b822c4c3646bd5ffba6,x,,Frozy Ch.,https://x.com/FrozyVtuber,HOLD_NEEDS_CHANNEL_REVIEW,NO_REVIEWED_PLATFORM_ACCOUNT_ID,False
x:acct_7bb77651eee870edb1f7,x,,Makarov ch. 🐺,https://x.com/Makarovch227,HOLD_NEEDS_CHANNEL_REVIEW,NO_REVIEWED_PLATFORM_ACCOUNT_ID,False
x:acct_7c2355c4ef9c6b3dd2d6,x,,Kennedy Meow,https://x.com/Kennedy_MeowVT,HOLD_NEEDS_CHANNEL_REVIEW,NO_REVIEWED_PLATFORM_ACCOUNT_ID,False
x:acct_7c69e1d81a3b4769ef20,x,,Kuroda Mikari,https://x.com/kuroda_mikari,HOLD_NEEDS_CHANNEL_REVIEW,NO_REVIEWED_PLATFORM_ACCOUNT_ID,False
x:acct_7cd822b81a5b3abf0d12,x,,SaiMaiZ さいまい ⌜VZ⌟,https://x.com/SaiMaiZ_,HOLD_NEEDS_CHANNEL_REVIEW,NO_REVIEWED_PLATFORM_ACCOUNT_ID,False
x:acct_7d1c29bdbf7a2d4f0e4e,x,,AltairAlAl Ch.,https://x.com/Altair_AlAl,HOLD_NEEDS_CHANNEL_REVIEW,NO_REVIEWED_PLATFORM_ACCOUNT_ID,False
x:acct_7d3f87a54be55cd168fc,x,,Taki Fugu Ch.,https://x.com/FuguTaki,HOLD_NEEDS_CHANNEL_REVIEW,NO_REVIEWED_PLATFORM_ACCOUNT_ID,False
x:acct_7d5dd2a122f0f194544f,x,,Bunnieskisses ch. | VtuberTH,https://x.com/BunnieskissesVT,HOLD_NEEDS_CHANNEL_REVIEW,NO_REVIEWED_PLATFORM_ACCOUNT_ID,False
x:acct_7d6d530c9a4ba8d38895,x,,Shinya Natonsai,https://x.com/Lamphu_Manager,HOLD_NEEDS_CHANNEL_REVIEW,NO_REVIEWED_PLATFORM_ACCOUNT_ID,False
x:acct_7df47c05ddb0590b3309,x,,RAITO-KUN,https://x.com/Raito_kun123,HOLD_NEEDS_CHANNEL_REVIEW,NO_REVIEWED_PLATFORM_ACCOUNT_ID,False
x:acct_7dff3f374019beeb46f2,x,,Furorin Ch. ,https://x.com/Furorinlor,HOLD_NEEDS_CHANNEL_REVIEW,NO_REVIEWED_PLATFORM_ACCOUNT_ID,False
x:acct_7e003e8ec5c951b66990,x,,Akinori Eiji Ch.「TRR」 ,https://x.com/AkinoriEiji_TRR,HOLD_NEEDS_CHANNEL_REVIEW,NO_REVIEWED_PLATFORM_ACCOUNT_ID,False
x:acct_7e0c1b6d28bc70ac0e4c,x,,Maewmon ch.,https://x.com/maewmon_25,HOLD_NEEDS_CHANNEL_REVIEW,NO_REVIEWED_PLATFORM_ACCOUNT_ID,False
x:acct_7e2f15b13e74b827114d,x,,G. Mosotaa,https://x.com/G_Mosotaa,HOLD_NEEDS_CHANNEL_REVIEW,NO_REVIEWED_PLATFORM_ACCOUNT_ID,False
x:acct_7eb5f0228dc7951c3816,x,,Helen Candleby ,https://x.com/HelenCandleby,HOLD_NEEDS_CHANNEL_REVIEW,NO_REVIEWED_PLATFORM_ACCOUNT_ID,False
x:acct_7eca4594c7f900b4a2cf,x,,Wine Ch. ,https://x.com/wine_vylalun,HOLD_NEEDS_CHANNEL_REVIEW,NO_REVIEWED_PLATFORM_ACCOUNT_ID,False
x:acct_7eeb9bbc825348a182c3,x,,Antia Ch. 【Mystery】,https://x.com/AntiaVtuber,HOLD_NEEDS_CHANNEL_REVIEW,NO_REVIEWED_PLATFORM_ACCOUNT_ID,False
x:acct_7f081649b2de0319d6be,x,,Notaki Ch.,https://x.com/KNotaki,HOLD_NEEDS_CHANNEL_REVIEW,NO_REVIEWED_PLATFORM_ACCOUNT_ID,False
x:acct_7f2b897118192709a051,x,,Lucia Xavier,https://x.com/Lucia_Xavier_,HOLD_NEEDS_CHANNEL_REVIEW,NO_REVIEWED_PLATFORM_ACCOUNT_ID,False
x:acct_7f6aea562f63ac6504b3,x,,เซียน่า | Sienna 【RE:S】,https://x.com/sienna_res,HOLD_NEEDS_CHANNEL_REVIEW,NO_REVIEWED_PLATFORM_ACCOUNT_ID,False
x:acct_7fa6023df25278ed7f68,x,,Alparu Vtuber ch.,https://x.com/AlparuVtuber,HOLD_NEEDS_CHANNEL_REVIEW,NO_REVIEWED_PLATFORM_ACCOUNT_ID,False
x:acct_7fd6f78b70887f7f38d0,x,,AquaMarinia 【BLP】,https://x.com/aquamariniavt,HOLD_NEEDS_CHANNEL_REVIEW,NO_REVIEWED_PLATFORM_ACCOUNT_ID,False
x:acct_7fdcff048930f2f50d0c,x,,Fufu15 Ch. 〖ST〗,https://x.com/VFufu15,HOLD_NEEDS_CHANNEL_REVIEW,NO_REVIEWED_PLATFORM_ACCOUNT_ID,False
x:acct_800463e7220e4c943294,x,,MONARICA ,https://x.com/mona_vvitch,HOLD_NEEDS_CHANNEL_REVIEW,NO_REVIEWED_PLATFORM_ACCOUNT_ID,False
x:acct_803eed9ba1929a63c015,x,,VoidCat,https://x.com/VoidCatFatBeans,HOLD_NEEDS_CHANNEL_REVIEW,NO_REVIEWED_PLATFORM_ACCOUNT_ID,False
x:acct_804758324b11a71099df,x,,Rawley Izzy G. Ch. | Graduated,https://x.com/vty_Izzy_g,HOLD_NEEDS_CHANNEL_REVIEW,NO_REVIEWED_PLATFORM_ACCOUNT_ID,False
x:acct_8091a99ddd01e0f9550a,x,,Umino Ciala Ch. Pixela Legends,https://x.com/UminoCiala,HOLD_NEEDS_CHANNEL_REVIEW,NO_REVIEWED_PLATFORM_ACCOUNT_ID,False
x:acct_812820b329138f1926b4,x,,LIN Darling Ch.,https://x.com/LIN_LINDarling,HOLD_NEEDS_CHANNEL_REVIEW,NO_REVIEWED_PLATFORM_ACCOUNT_ID,False
x:acct_814b38e43c87832a5e73,x,,King Slime VTH ,https://x.com/KingSlimeVTH,HOLD_NEEDS_CHANNEL_REVIEW,NO_REVIEWED_PLATFORM_ACCOUNT_ID,False
x:acct_815ace3f375bcea0c44a,x,,Saniyah L. Ch.,https://x.com/SAN1BAEBi1,HOLD_NEEDS_CHANNEL_REVIEW,NO_REVIEWED_PLATFORM_ACCOUNT_ID,False
x:acct_81c5a7176fb020410bdb,x,,Nihr Farfalla,https://x.com/NihrTH,HOLD_NEEDS_CHANNEL_REVIEW,NO_REVIEWED_PLATFORM_ACCOUNT_ID,False
x:acct_822291788fe7fb44c31e,x,,KoSaru_Ch,https://x.com/KoSaru_Ch,HOLD_NEEDS_CHANNEL_REVIEW,NO_REVIEWED_PLATFORM_ACCOUNT_ID,False
x:acct_8230de5162125eaaa1d8,x,,MATSURII Ch.,https://x.com/MATSURIIVT,HOLD_NEEDS_CHANNEL_REVIEW,NO_REVIEWED_PLATFORM_ACCOUNT_ID,False
x:acct_824bbd5c538a2a388a28,x,,Riel Tabiji,https://x.com/Riel_Tabiji,HOLD_NEEDS_CHANNEL_REVIEW,NO_REVIEWED_PLATFORM_ACCOUNT_ID,False
x:acct_82bc4926f2fb8aa9e3af,x,,Dëa Ex Δ Ch. Lumina-Muse,https://x.com/DeaExDeltaMuse,HOLD_NEEDS_CHANNEL_REVIEW,NO_REVIEWED_PLATFORM_ACCOUNT_ID,False
x:acct_82e9be6b2372dcf14d32,x,,Nergal Near Ch.,https://x.com/NergalNear,HOLD_NEEDS_CHANNEL_REVIEW,NO_REVIEWED_PLATFORM_ACCOUNT_ID,False
x:acct_8302c24dcda541960a7f,x,,- MINTKUNG XD -,https://x.com/mintkung_xd,HOLD_NEEDS_CHANNEL_REVIEW,NO_REVIEWED_PLATFORM_ACCOUNT_ID,False
x:acct_839059ab9baac63bf2ee,x,,Remisde || Vtuber,https://x.com/Remisde_Vtuber,HOLD_NEEDS_CHANNEL_REVIEW,NO_REVIEWED_PLATFORM_ACCOUNT_ID,False
x:acct_83e94310f9ae2af6bae0,x,,Rayan ch.【FIXIX VT】,https://x.com/Rayan_FIXIXVT,HOLD_NEEDS_CHANNEL_REVIEW,NO_REVIEWED_PLATFORM_ACCOUNT_ID,False
x:acct_848fa7ba3563db50469b,x,,Nisa Ch. นิสาปี้,https://x.com/nisapoyo,HOLD_NEEDS_CHANNEL_REVIEW,NO_REVIEWED_PLATFORM_ACCOUNT_ID,False
x:acct_84beda9c1aa8f20be667,x,,Yokina Saori,https://x.com/Yokina_Saori,HOLD_NEEDS_CHANNEL_REVIEW,NO_REVIEWED_PLATFORM_ACCOUNT_ID,False
x:acct_84e127c2be29120ce9ad,x,,Poru Ch.【ARP】,https://x.com/Poru_ARP,HOLD_NEEDS_CHANNEL_REVIEW,NO_REVIEWED_PLATFORM_ACCOUNT_ID,False
x:acct_84fd0f0c4638051670b7,x,,Drako Nya Mio,https://x.com/DrakoNyaMio,HOLD_NEEDS_CHANNEL_REVIEW,NO_REVIEWED_PLATFORM_ACCOUNT_ID,False
x:acct_85057a641eb8c55b0387,x,,ZAAB Ch. / QURSE,https://x.com/ZaabVibeENT,HOLD_NEEDS_CHANNEL_REVIEW,NO_REVIEWED_PLATFORM_ACCOUNT_ID,False
x:acct_85207815ee102189c16f,x,,Masato Ch.😈 | VtuberTH,https://x.com/MasatoMz_,HOLD_NEEDS_CHANNEL_REVIEW,NO_REVIEWED_PLATFORM_ACCOUNT_ID,False
x:acct_853533e03650e80e1529,x,,Hinaree Kannari Ch. Lumina-Muse,https://x.com/HinareeMuse,HOLD_NEEDS_CHANNEL_REVIEW,NO_REVIEWED_PLATFORM_ACCOUNT_ID,False
x:acct_855fb928768e6d54b5da,x,,AlpacaALAL Ch.,https://x.com/ALALAnnika,HOLD_NEEDS_CHANNEL_REVIEW,NO_REVIEWED_PLATFORM_ACCOUNT_ID,False
x:acct_8578aaf774ea6c7f827d,x,,Urana Ch.,https://x.com/Urana_0279,HOLD_NEEDS_CHANNEL_REVIEW,NO_REVIEWED_PLATFORM_ACCOUNT_ID,False
x:acct_858342aefd21fb84b521,x,,Vellva Koray Ch.,https://x.com/Vellvakoray,HOLD_NEEDS_CHANNEL_REVIEW,NO_REVIEWED_PLATFORM_ACCOUNT_ID,False
x:acct_85860f13f3a7f020d4e9,x,,SoDaChan | Vtuber,https://x.com/Soda_Dayooo,HOLD_NEEDS_CHANNEL_REVIEW,NO_REVIEWED_PLATFORM_ACCOUNT_ID,False
x:acct_85d6990bb734c44965bc,x,,ALThiMa-NigHT,https://x.com/ALThiMa_NigHT,HOLD_NEEDS_CHANNEL_REVIEW,NO_REVIEWED_PLATFORM_ACCOUNT_ID,False
x:acct_85d8c8dfd19c0ce065af,x,,Zenovaz Ch.,https://x.com/ZenovazVtuber,HOLD_NEEDS_CHANNEL_REVIEW,NO_REVIEWED_PLATFORM_ACCOUNT_ID,False
x:acct_8625aef102909c097ea7,x,,SCSugarZ.,https://x.com/SCSugarCute1,HOLD_NEEDS_CHANNEL_REVIEW,NO_REVIEWED_PLATFORM_ACCOUNT_ID,False
x:acct_86965e823cffc09ab0af,x,,KAMAI,https://x.com/KaMaiT4Chi,HOLD_NEEDS_CHANNEL_REVIEW,NO_REVIEWED_PLATFORM_ACCOUNT_ID,False
x:acct_86d178754bec725074be,x,,ZhenLinxing ch. PowerPay,https://x.com/Linxing_PPV,HOLD_NEEDS_CHANNEL_REVIEW,NO_REVIEWED_PLATFORM_ACCOUNT_ID,False
x:acct_87130bd78ac385afa07e,x,,Mirinku ,https://x.com/Rin_The_Witch,HOLD_NEEDS_CHANNEL_REVIEW,NO_REVIEWED_PLATFORM_ACCOUNT_ID,False
x:acct_87133161190f4dac9a46,x,,S1R Ch.【ARP】,https://x.com/S1R_ARP,HOLD_NEEDS_CHANNEL_REVIEW,NO_REVIEWED_PLATFORM_ACCOUNT_ID,False
x:acct_873f6f1fcc0b3f6b4788,x,,Yoino Buten Ch.,https://x.com/Yoinobuten,HOLD_NEEDS_CHANNEL_REVIEW,NO_REVIEWED_PLATFORM_ACCOUNT_ID,False
x:acct_87566b94fe45787231d9,x,,Nicca Ch.,https://x.com/KidNicca,HOLD_NEEDS_CHANNEL_REVIEW,NO_REVIEWED_PLATFORM_ACCOUNT_ID,False
x:acct_876bc6aab20ac8c27267,x,,MixerMaze,https://x.com/mixer_vtuber,HOLD_NEEDS_CHANNEL_REVIEW,NO_REVIEWED_PLATFORM_ACCOUNT_ID,False
x:acct_879f931353d51be3f7a9,x,,Usami Bunny,https://x.com/Usami_Bunny_,HOLD_NEEDS_CHANNEL_REVIEW,NO_REVIEWED_PLATFORM_ACCOUNT_ID,False
x:acct_87d9c6c43310d6720236,x,,MonJi,https://x.com/Monji_Ultimate,HOLD_NEEDS_CHANNEL_REVIEW,NO_REVIEWED_PLATFORM_ACCOUNT_ID,False
x:acct_87f00eca90dc6bdccec0,x,,NakiRiku Ch.,https://x.com/RikuKomaVS,HOLD_NEEDS_CHANNEL_REVIEW,NO_REVIEWED_PLATFORM_ACCOUNT_ID,False
x:acct_87fd997b9e55e7553b88,x,,Rewarin Ch.,https://x.com/RewarinRei,HOLD_NEEDS_CHANNEL_REVIEW,NO_REVIEWED_PLATFORM_ACCOUNT_ID,False
x:acct_88acc0d3f92c2489a2fe,x,,Flur Furry Ch.,https://x.com/flurfurryth,HOLD_NEEDS_CHANNEL_REVIEW,NO_REVIEWED_PLATFORM_ACCOUNT_ID,False
x:acct_8904cc6241d59e87b22c,x,,Fenix Jairon,https://x.com/fenixjairon,HOLD_NEEDS_CHANNEL_REVIEW,NO_REVIEWED_PLATFORM_ACCOUNT_ID,False
x:acct_891683f65b83d07bb039,x,,Nostradamus Karasu,https://x.com/NostradamusVT,HOLD_NEEDS_CHANNEL_REVIEW,NO_REVIEWED_PLATFORM_ACCOUNT_ID,False
x:acct_89252de95f4624ba0b53,x,,IV_1386 ch.,https://x.com/1386Iv,HOLD_NEEDS_CHANNEL_REVIEW,NO_REVIEWED_PLATFORM_ACCOUNT_ID,False
x:acct_8969ad8f8416b06f713e,x,,Yukai Myoujou《 SSR 》,https://x.com/Myoujou_Y,HOLD_NEEDS_CHANNEL_REVIEW,NO_REVIEWED_PLATFORM_ACCOUNT_ID,False
x:acct_8983ceeb02f4a0eb5547,x,,PanBiBi,https://x.com/PanBiBi_,HOLD_NEEDS_CHANNEL_REVIEW,NO_REVIEWED_PLATFORM_ACCOUNT_ID,False
x:acct_8a3cd24d79b968fe6e0f,x,,Suiren Ch. ◣PLO◥,https://x.com/tmr_suiren,HOLD_NEEDS_CHANNEL_REVIEW,NO_REVIEWED_PLATFORM_ACCOUNT_ID,False
x:acct_8a4a7fd2cf3304072a6b,x,,Vivera Carmine,https://x.com/Vivera_eylz,HOLD_NEEDS_CHANNEL_REVIEW,NO_REVIEWED_PLATFORM_ACCOUNT_ID,False
x:acct_8a69b255c3867f3310c7,x,,Sirena Ch.,https://x.com/sirena_vt,HOLD_NEEDS_CHANNEL_REVIEW,NO_REVIEWED_PLATFORM_ACCOUNT_ID,False
x:acct_8a87ab049cd6609296cb,x,,PaFeMiLK vtuber,https://x.com/PaFeMiLK,HOLD_NEEDS_CHANNEL_REVIEW,NO_REVIEWED_PLATFORM_ACCOUNT_ID,False
x:acct_8ab04977cf552de4c566,x,,Ayna Ch.【ARP】,https://x.com/Ayna_ARP,HOLD_NEEDS_CHANNEL_REVIEW,NO_REVIEWED_PLATFORM_ACCOUNT_ID,False
x:acct_8ac39dcd7ac93c419dfc,x,,Lyric Ursae,https://x.com/LyricUrsae,HOLD_NEEDS_CHANNEL_REVIEW,NO_REVIEWED_PLATFORM_ACCOUNT_ID,False
x:acct_8b4702058577e3dae13c,x,,Natsu Ch.,https://x.com/Taka_NatsuCh,HOLD_NEEDS_CHANNEL_REVIEW,NO_REVIEWED_PLATFORM_ACCOUNT_ID,False
x:acct_8b907cc0b3b3d843be15,x,,Xanael,https://x.com/xanaelTH,HOLD_NEEDS_CHANNEL_REVIEW,NO_REVIEWED_PLATFORM_ACCOUNT_ID,False
x:acct_8b9a8ea35f17e8e87cd4,x,,Ginnique Ch.【ARP】,https://x.com/Ginnique_ARP,HOLD_NEEDS_CHANNEL_REVIEW,NO_REVIEWED_PLATFORM_ACCOUNT_ID,False
x:acct_8babeb9f3d640e3a1253,x,,Ay1inND,https://x.com/noyashi_33,HOLD_NEEDS_CHANNEL_REVIEW,NO_REVIEWED_PLATFORM_ACCOUNT_ID,False
x:acct_8bedc6edf0e064fa47a2,x,,EC19 Projekt Official,https://x.com/Ec19Projekt,HOLD_NEEDS_CHANNEL_REVIEW,NO_REVIEWED_PLATFORM_ACCOUNT_ID,False
x:acct_8bf117dc2134e3abeb0b,x,,I'm a Mee,https://x.com/ImAbearAbear,HOLD_NEEDS_CHANNEL_REVIEW,NO_REVIEWED_PLATFORM_ACCOUNT_ID,False
x:acct_8c137640afea1d8784ff,x,,TOMA Ch.,https://x.com/slushytoma_,HOLD_NEEDS_CHANNEL_REVIEW,NO_REVIEWED_PLATFORM_ACCOUNT_ID,False
x:acct_8c99b5c3d9a5dcce21dd,x,,Victor Hoshino【GRADUATED】,https://x.com/Victorrr_hn,HOLD_NEEDS_CHANNEL_REVIEW,NO_REVIEWED_PLATFORM_ACCOUNT_ID,False
x:acct_8cb511acf075fdc25352,x,,DuziHa DuDu Ch.,https://x.com/_DuziHa_,HOLD_NEEDS_CHANNEL_REVIEW,NO_REVIEWED_PLATFORM_ACCOUNT_ID,False
x:acct_8d0280edec91f12402e8,x,,Darin V,https://x.com/darinVmonster,HOLD_NEEDS_CHANNEL_REVIEW,NO_REVIEWED_PLATFORM_ACCOUNT_ID,False
x:acct_8d3f465b746a71af99f0,x,,Mortifer Bathory Ch.,https://x.com/MortyBathory,HOLD_NEEDS_CHANNEL_REVIEW,NO_REVIEWED_PLATFORM_ACCOUNT_ID,False
x:acct_8d7068437667cc9cdfc0,x,,Mellowlop「Paralist」,https://x.com/REAL_PARALIST,HOLD_NEEDS_CHANNEL_REVIEW,NO_REVIEWED_PLATFORM_ACCOUNT_ID,False
x:acct_8dd467422e904ffe0033,x,,Maylyn Ch.【ARP】,https://x.com/Maylyn_ARP,HOLD_NEEDS_CHANNEL_REVIEW,NO_REVIEWED_PLATFORM_ACCOUNT_ID,False
x:acct_8dfde88798503553c3dc,x,,Laibaht Ch. / หลายบาท,https://x.com/manybaht,HOLD_NEEDS_CHANNEL_REVIEW,NO_REVIEWED_PLATFORM_ACCOUNT_ID,False
x:acct_8e24a92dc6f3630151bd,x,,Ray Ametier Yuan Ch.,https://x.com/RayAmetier_Yuan,HOLD_NEEDS_CHANNEL_REVIEW,NO_REVIEWED_PLATFORM_ACCOUNT_ID,False
x:acct_8e9e1d60eb6f9bd53acc,x,,Joro Gumo,https://x.com/Jorogumov,HOLD_NEEDS_CHANNEL_REVIEW,NO_REVIEWED_PLATFORM_ACCOUNT_ID,False
x:acct_8ec6eca5a91d7000391a,x,,gingerbelle,https://x.com/ggingerbelle,HOLD_NEEDS_CHANNEL_REVIEW,NO_REVIEWED_PLATFORM_ACCOUNT_ID,False
x:acct_8f01d48fc0b277ae7c53,x,,Xyne Valdreth「ZTP」,https://x.com/Xyne_ZTP,HOLD_NEEDS_CHANNEL_REVIEW,NO_REVIEWED_PLATFORM_ACCOUNT_ID,False
x:acct_8f7c3663abaa1ca0e5d1,x,,Hibana Nekomata,https://x.com/hibana_nekomata,HOLD_NEEDS_CHANNEL_REVIEW,NO_REVIEWED_PLATFORM_ACCOUNT_ID,False
x:acct_8fabd77803a728c3c860,x,,OkiChinaToy,https://x.com/Oki_Toy42935,HOLD_NEEDS_CHANNEL_REVIEW,NO_REVIEWED_PLATFORM_ACCOUNT_ID,False
x:acct_9080bf60a37c4c053e6c,x,,Cylowless,https://x.com/cylowless,HOLD_NEEDS_CHANNEL_REVIEW,NO_REVIEWED_PLATFORM_ACCOUNT_ID,False
x:acct_90e2c3559c202d08bc76,x,,Polygon Official,https://x.com/Polygon_Project,HOLD_NEEDS_CHANNEL_REVIEW,NO_REVIEWED_PLATFORM_ACCOUNT_ID,False
x:acct_910060d349d54d547046,x,,Maimon CH,https://x.com/Demon_Maimon,HOLD_NEEDS_CHANNEL_REVIEW,NO_REVIEWED_PLATFORM_ACCOUNT_ID,False
x:acct_914e6e8df43e26000ef9,x,,Naoki Yuuto Ch.,https://x.com/yuuto_naoki,HOLD_NEEDS_CHANNEL_REVIEW,NO_REVIEWED_PLATFORM_ACCOUNT_ID,False
x:acct_91763e38093ce30658a1,x,,Julius Kosmolatria Ch.,https://x.com/JuliusKosmoVT,HOLD_NEEDS_CHANNEL_REVIEW,NO_REVIEWED_PLATFORM_ACCOUNT_ID,False
x:acct_91a8f0b781ab3ec1dcb5,x,,Zerias Ch.,https://x.com/Zerias_nagao,HOLD_NEEDS_CHANNEL_REVIEW,NO_REVIEWED_PLATFORM_ACCOUNT_ID,False
x:acct_9226a2c62283482c5c0c,x,,Rainbows Fukio,https://x.com/fukio425641,HOLD_NEEDS_CHANNEL_REVIEW,NO_REVIEWED_PLATFORM_ACCOUNT_ID,False
x:acct_92b893b19abeb0ef38f0,x,,ไดได ⨳ECR⨳,https://x.com/DaiDai_vtuber,HOLD_NEEDS_CHANNEL_REVIEW,NO_REVIEWED_PLATFORM_ACCOUNT_ID,False
x:acct_92ce3e4c9688934e0019,x,,Gris Panthera Ch. ,https://x.com/gris_panthera,HOLD_NEEDS_CHANNEL_REVIEW,NO_REVIEWED_PLATFORM_ACCOUNT_ID,False
x:acct_931d6357175d1c11d61c,x,,Haru CH.,https://x.com/Haru_Haru_TH,HOLD_NEEDS_CHANNEL_REVIEW,NO_REVIEWED_PLATFORM_ACCOUNT_ID,False
x:acct_93a484761640b4dc28a0,x,,tomo_corn,https://x.com/tomo_cornCh,HOLD_NEEDS_CHANNEL_REVIEW,NO_REVIEWED_PLATFORM_ACCOUNT_ID,False
x:acct_93d138e0d46608ae4fc2,x,,Azazel  Ch.,https://x.com/VAngle_Azazel,HOLD_NEEDS_CHANNEL_REVIEW,NO_REVIEWED_PLATFORM_ACCOUNT_ID,False
x:acct_93dc92c57f8e5407ed94,x,,Nyeeeon,https://x.com/nyeeeon,HOLD_NEEDS_CHANNEL_REVIEW,NO_REVIEWED_PLATFORM_ACCOUNT_ID,False
x:acct_93eb24552b9017fd7f97,x,,MIINA Ch.,https://x.com/miina_manii,HOLD_NEEDS_CHANNEL_REVIEW,NO_REVIEWED_PLATFORM_ACCOUNT_ID,False
x:acct_9452f02d63cbd417370d,x,,Daddy Evil Ch.,https://x.com/Daddy_Evil_Ch,HOLD_NEEDS_CHANNEL_REVIEW,NO_REVIEWED_PLATFORM_ACCOUNT_ID,False
x:acct_9499337ea5b97c4e7798,x,,キラリKirari NeNe,https://x.com/KirariNene,HOLD_NEEDS_CHANNEL_REVIEW,NO_REVIEWED_PLATFORM_ACCOUNT_ID,False
x:acct_951a6c7e1a834701555b,x,,Hugo Ch. Vprolive,https://x.com/Hugo_Vprolive,HOLD_NEEDS_CHANNEL_REVIEW,NO_REVIEWED_PLATFORM_ACCOUNT_ID,False
x:acct_95af777f511723b896e4,x,,AmaneRei Ch.,https://x.com/AmaneRei_,HOLD_NEEDS_CHANNEL_REVIEW,NO_REVIEWED_PLATFORM_ACCOUNT_ID,False
x:acct_95d702beadfabeb012ef,x,,Timetuba,https://x.com/timetoking2545,HOLD_NEEDS_CHANNEL_REVIEW,NO_REVIEWED_PLATFORM_ACCOUNT_ID,False
x:acct_95f15a0f0a1ea4765902,x,,Odiare Ch ,https://x.com/Odiare_Ch,HOLD_NEEDS_CHANNEL_REVIEW,NO_REVIEWED_PLATFORM_ACCOUNT_ID,False
x:acct_96271c4469ff12178d57,x,,C1EL ,https://x.com/C1EL_THECAT,HOLD_NEEDS_CHANNEL_REVIEW,NO_REVIEWED_PLATFORM_ACCOUNT_ID,False
x:acct_9628653148099803109e,x,,KamiSaki Kuro Ch.,https://x.com/KamiSaki_Kur0,HOLD_NEEDS_CHANNEL_REVIEW,NO_REVIEWED_PLATFORM_ACCOUNT_ID,False
x:acct_9645987b62382c56de6d,x,,StormBullet,https://x.com/Storm_Bullet13,HOLD_NEEDS_CHANNEL_REVIEW,NO_REVIEWED_PLATFORM_ACCOUNT_ID,False
x:acct_9646352af45d11ca54da,x,,Ryuuga The Crane,https://x.com/Ryuuga_crane,HOLD_NEEDS_CHANNEL_REVIEW,NO_REVIEWED_PLATFORM_ACCOUNT_ID,False
x:acct_967ec53a3c19b1605aa5,x,,Kumo Kuma ch.,https://x.com/Kumo_Kumoma,HOLD_NEEDS_CHANNEL_REVIEW,NO_REVIEWED_PLATFORM_ACCOUNT_ID,False
x:acct_977a2f859e3fa114d48c,x,,Ursa Scorpio,https://x.com/ursa_vtuber,HOLD_NEEDS_CHANNEL_REVIEW,NO_REVIEWED_PLATFORM_ACCOUNT_ID,False
x:acct_977b16f87dcf5e66ad47,x,,Listen Ch.【ARP】,https://x.com/Listen_ARP,HOLD_NEEDS_CHANNEL_REVIEW,NO_REVIEWED_PLATFORM_ACCOUNT_ID,False
x:acct_97c488f7ed8d781d3342,x,,Sora Myojo《 EXia 》,https://x.com/SoraMyojo_EXia,HOLD_NEEDS_CHANNEL_REVIEW,NO_REVIEWED_PLATFORM_ACCOUNT_ID,False
x:acct_97e2227603282d234873,x,,1KFuu Ch.,https://x.com/1KFUU,HOLD_NEEDS_CHANNEL_REVIEW,NO_REVIEWED_PLATFORM_ACCOUNT_ID,False
x:acct_97e4342c7670704ace50,x,,Catta.,https://x.com/Catta4R,HOLD_NEEDS_CHANNEL_REVIEW,NO_REVIEWED_PLATFORM_ACCOUNT_ID,False
x:acct_97f4f41fb3e85254060b,x,,Anthia Ch.,https://x.com/PDRve_Official,HOLD_NEEDS_CHANNEL_REVIEW,NO_REVIEWED_PLATFORM_ACCOUNT_ID,False
x:acct_97fcca2b128ce0b749bf,x,,Yobi Shiro Ch.,https://x.com/ShiroYobiii,HOLD_NEEDS_CHANNEL_REVIEW,NO_REVIEWED_PLATFORM_ACCOUNT_ID,False
x:acct_98450d1f4769f36b4c40,x,,Melody Sparkle【PajamaJa】,https://x.com/MelodySparklePJ,HOLD_NEEDS_CHANNEL_REVIEW,NO_REVIEWED_PLATFORM_ACCOUNT_ID,False
x:acct_98474b64a718dcbf3a4d,x,,Winter Apatite Ch.,https://x.com/WinterApatite,HOLD_NEEDS_CHANNEL_REVIEW,NO_REVIEWED_PLATFORM_ACCOUNT_ID,False
x:acct_985c7112e75af1451f8a,x,,^-Maru Chan-^,https://x.com/MarukoMeruna,HOLD_NEEDS_CHANNEL_REVIEW,NO_REVIEWED_PLATFORM_ACCOUNT_ID,False
x:acct_9889bc20df8034d56b15,x,,Sistra Lyrics《 OTL 》,https://x.com/Sistra_OTL,HOLD_NEEDS_CHANNEL_REVIEW,NO_REVIEWED_PLATFORM_ACCOUNT_ID,False
x:acct_98d5e00f9631dd412740,x,,Akihira Ch.- あきひら -,https://x.com/Sonicspeex,HOLD_NEEDS_CHANNEL_REVIEW,NO_REVIEWED_PLATFORM_ACCOUNT_ID,False
x:acct_98d67baa44d6c9b65946,x,,Hanna Ch. ハンナー,https://x.com/CatloverMochi,HOLD_NEEDS_CHANNEL_REVIEW,NO_REVIEWED_PLATFORM_ACCOUNT_ID,False
x:acct_994011330ef18547a02f,x,,Ngerntong-เงินทอง,https://x.com/ngern_tong,HOLD_NEEDS_CHANNEL_REVIEW,NO_REVIEWED_PLATFORM_ACCOUNT_ID,False
x:acct_9985fd7e1b6399a985e9,x,,Koru Ch.,https://x.com/MasukayaKoruto,HOLD_NEEDS_CHANNEL_REVIEW,NO_REVIEWED_PLATFORM_ACCOUNT_ID,False
x:acct_999f042084647f481af5,x,,Akito Q Flame『VW』,https://x.com/akitoqflame,HOLD_NEEDS_CHANNEL_REVIEW,NO_REVIEWED_PLATFORM_ACCOUNT_ID,False
x:acct_9a36d286b66a1e18a4c1,x,,Meraki Keimii Ch. Pixela Legends,https://x.com/MerakiKeimii,HOLD_NEEDS_CHANNEL_REVIEW,NO_REVIEWED_PLATFORM_ACCOUNT_ID,False
x:acct_9a525598a7a164caf2bd,x,,Midori Suika,https://x.com/Midori_Suikaa,HOLD_NEEDS_CHANNEL_REVIEW,NO_REVIEWED_PLATFORM_ACCOUNT_ID,False
x:acct_9a59d9a68ee29f747d89,x,,Junichi Channel,https://x.com/DoctorJunichi,HOLD_NEEDS_CHANNEL_REVIEW,NO_REVIEWED_PLATFORM_ACCOUNT_ID,False
x:acct_9a6566d3004e996c1c74,x,,Keiler Ch.〖SSR〗,https://x.com/keiler_SSR,HOLD_NEEDS_CHANNEL_REVIEW,NO_REVIEWED_PLATFORM_ACCOUNT_ID,False
x:acct_9abab99243dfb333fa41,x,,Ezra Ch.,https://x.com/Ezraaa__,HOLD_NEEDS_CHANNEL_REVIEW,NO_REVIEWED_PLATFORM_ACCOUNT_ID,False
x:acct_9b0918bd96ebf44f8a48,x,,จู้จีนจุกจิก | Regene【RE:S】,https://x.com/Regene_RES,HOLD_NEEDS_CHANNEL_REVIEW,NO_REVIEWED_PLATFORM_ACCOUNT_ID,False
x:acct_9b269bd520e86a2c1c80,x,,Willow Ch.【 HZ 】,https://x.com/Willoww_Ch,HOLD_NEEDS_CHANNEL_REVIEW,NO_REVIEWED_PLATFORM_ACCOUNT_ID,False
x:acct_9b5a4c654b8eb523e289,x,,Faribell SEIREKI [ 西暦 ],https://x.com/FaribellSEIREKI,HOLD_NEEDS_CHANNEL_REVIEW,NO_REVIEWED_PLATFORM_ACCOUNT_ID,False
x:acct_9b7f21c2cd39ffd148c6,x,,ImsoGracechu!,https://x.com/ImsoGracechu,HOLD_NEEDS_CHANNEL_REVIEW,NO_REVIEWED_PLATFORM_ACCOUNT_ID,False
x:acct_9b81a977fc99e8f86357,x,,Baku Ch.【ARP】,https://x.com/Baku_ARP,HOLD_NEEDS_CHANNEL_REVIEW,NO_REVIEWED_PLATFORM_ACCOUNT_ID,False
x:acct_9ba94563cd984050e08f,x,,SHUA Ch. / QURSE,https://x.com/ShuaVibeENT,HOLD_NEEDS_CHANNEL_REVIEW,NO_REVIEWED_PLATFORM_ACCOUNT_ID,False
x:acct_9bb4f510d341c469f4ed,x,,Klangkhuen / กลางคืน,https://x.com/klangkhuen,HOLD_NEEDS_CHANNEL_REVIEW,NO_REVIEWED_PLATFORM_ACCOUNT_ID,False
x:acct_9bba20c63604333dedf4,x,,Tiara Rexa Ch. 【POLYGON】,https://x.com/RexaPLG,HOLD_NEEDS_CHANNEL_REVIEW,NO_REVIEWED_PLATFORM_ACCOUNT_ID,False
x:acct_9c1004a7c797e7b4f7db,x,,Meiiyume Ch.,https://x.com/meiiyume,HOLD_NEEDS_CHANNEL_REVIEW,NO_REVIEWED_PLATFORM_ACCOUNT_ID,False
x:acct_9c68ee47d5dd67602e46,x,,Leviana Ch.,https://x.com/LivyaCh,HOLD_NEEDS_CHANNEL_REVIEW,NO_REVIEWED_PLATFORM_ACCOUNT_ID,False
x:acct_9ca63966c3b4cb7573c6,x,,Wynn Carwin Ch. | OAL,https://x.com/wynn_oal,HOLD_NEEDS_CHANNEL_REVIEW,NO_REVIEWED_PLATFORM_ACCOUNT_ID,False
x:acct_9cf42961e7e9dfa157af,x,,Morr Ch.【ARP】,https://x.com/Morr_ARP,HOLD_NEEDS_CHANNEL_REVIEW,NO_REVIEWED_PLATFORM_ACCOUNT_ID,False
x:acct_9cf54b45e8e0a232f907,x,,Kaamoria Ch.,https://x.com/kaamoria,HOLD_NEEDS_CHANNEL_REVIEW,NO_REVIEWED_PLATFORM_ACCOUNT_ID,False
x:acct_9d0412b8db1cd2577c9f,x,,IRISS Ch.,https://x.com/IRISSxOfficer,HOLD_NEEDS_CHANNEL_REVIEW,NO_REVIEWED_PLATFORM_ACCOUNT_ID,False
x:acct_9d772f2f0e1da3c3afa5,x,,Red FarTear Ch.,https://x.com/Red_Fartear,HOLD_NEEDS_CHANNEL_REVIEW,NO_REVIEWED_PLATFORM_ACCOUNT_ID,False
x:acct_9d7b4923feb12542ecbf,x,,Lumiel Ch. 【DPX】,https://x.com/Lumiel_DPX,HOLD_NEEDS_CHANNEL_REVIEW,NO_REVIEWED_PLATFORM_ACCOUNT_ID,False
x:acct_9deab3738297a4b9a4c3,x,,MaewBaew,https://x.com/MaewBaew,HOLD_NEEDS_CHANNEL_REVIEW,NO_REVIEWED_PLATFORM_ACCOUNT_ID,False
x:acct_9df9cb3bb1aa289b97d6,x,,Xenon PhaneJohn 🐊💧,https://x.com/XenonPhaneJohn,HOLD_NEEDS_CHANNEL_REVIEW,NO_REVIEWED_PLATFORM_ACCOUNT_ID,False
x:acct_9e47c5686fe104a05604,x,,Tequila Ch.【ARP】,https://x.com/Tequila_ARP,HOLD_NEEDS_CHANNEL_REVIEW,NO_REVIEWED_PLATFORM_ACCOUNT_ID,False
x:acct_9ef47be07286265245f5,x,,MawMeow Channel / แมวเหมียว~,https://x.com/maw_studio,HOLD_NEEDS_CHANNEL_REVIEW,NO_REVIEWED_PLATFORM_ACCOUNT_ID,False
x:acct_9f1d5563ff43b5ee7f25,x,,Goozilla Ily Ch. [Autumnia],https://x.com/GoozillaIly,HOLD_NEEDS_CHANNEL_REVIEW,NO_REVIEWED_PLATFORM_ACCOUNT_ID,False
x:acct_9f399e83e245ed162429,x,,Jaqua Ch.,https://x.com/Jaqua_ch,HOLD_NEEDS_CHANNEL_REVIEW,NO_REVIEWED_PLATFORM_ACCOUNT_ID,False
x:acct_9f3a0ea27473cfcdd5b7,x,,MALAI ch.【FIXIX TN】,https://x.com/MALAI_FIXIXTN,HOLD_NEEDS_CHANNEL_REVIEW,NO_REVIEWED_PLATFORM_ACCOUNT_ID,False
x:acct_9f8a4500ca6c1f1414c1,x,,Kiyomi Ch.,https://x.com/Kiyomi_Chan943,HOLD_NEEDS_CHANNEL_REVIEW,NO_REVIEWED_PLATFORM_ACCOUNT_ID,False
x:acct_9fa492f6fb1a47a02639,x,,Minami Cera Ch. 【POLYGON】,https://x.com/CeraPLG,HOLD_NEEDS_CHANNEL_REVIEW,NO_REVIEWED_PLATFORM_ACCOUNT_ID,False
x:acct_a03d06a5cec1743f0a7a,x,,Mr. Jameson,https://x.com/MrJamesonn,HOLD_NEEDS_CHANNEL_REVIEW,NO_REVIEWED_PLATFORM_ACCOUNT_ID,False
x:acct_a0a772a419b5bc434904,x,,Nithra Lapis Ch.,https://x.com/NithraLapis,HOLD_NEEDS_CHANNEL_REVIEW,NO_REVIEWED_PLATFORM_ACCOUNT_ID,False
x:acct_a10c2cb0f51870dab399,x,,น้องมะม่วง TV,https://x.com/NongMaMuangTH,HOLD_NEEDS_CHANNEL_REVIEW,NO_REVIEWED_PLATFORM_ACCOUNT_ID,False
x:acct_a146eec510f75399dbdc,x,,Schneider Ch.【ARP】,https://x.com/Schneider_ARP,HOLD_NEEDS_CHANNEL_REVIEW,NO_REVIEWED_PLATFORM_ACCOUNT_ID,False
x:acct_a1704a088f5e2ac58f90,x,,Mirae Solstice🌌VtuberTH🌅,https://x.com/vashsolac_mirea,HOLD_NEEDS_CHANNEL_REVIEW,NO_REVIEWED_PLATFORM_ACCOUNT_ID,False
x:acct_a29cb4a9e5ed720dcf53,x,,Chana チャナ,https://x.com/Chana_Vtuber,HOLD_NEEDS_CHANNEL_REVIEW,NO_REVIEWED_PLATFORM_ACCOUNT_ID,False
x:acct_a2ab01943f24278d89bf,x,,Kousei Ch.,https://x.com/kouwinkle_star,HOLD_NEEDS_CHANNEL_REVIEW,NO_REVIEWED_PLATFORM_ACCOUNT_ID,False
x:acct_a313856b1b0e3da54018,x,,ONOMIL Ch.,https://x.com/onomilvt,HOLD_NEEDS_CHANNEL_REVIEW,NO_REVIEWED_PLATFORM_ACCOUNT_ID,False
x:acct_a330d10b8928683dc6b2,x,,นางิริน | Nagirin 【RE:S】,https://x.com/Nagirin_res,HOLD_NEEDS_CHANNEL_REVIEW,NO_REVIEWED_PLATFORM_ACCOUNT_ID,False
x:acct_a344d234bd2122a2aa86,x,,Karu Ch.【ARP】,https://x.com/Karu_ARP,HOLD_NEEDS_CHANNEL_REVIEW,NO_REVIEWED_PLATFORM_ACCOUNT_ID,False
x:acct_a37b4352f44ad6b497f9,x,,Night Nai ナイトナイ,https://x.com/Yorufuyuki,HOLD_NEEDS_CHANNEL_REVIEW,NO_REVIEWED_PLATFORM_ACCOUNT_ID,False
x:acct_a3b50145f65a07702d5b,x,,Dayeon,https://x.com/Dayeon_B1ue,HOLD_NEEDS_CHANNEL_REVIEW,NO_REVIEWED_PLATFORM_ACCOUNT_ID,False
x:acct_a3bd085ffd54b8bc17e4,x,,Kokori 《 OTL 》,https://x.com/Kokori_OTL,HOLD_NEEDS_CHANNEL_REVIEW,NO_REVIEWED_PLATFORM_ACCOUNT_ID,False
x:acct_a3c2b7b1ff8087d63bb0,x,,อเมะ,https://x.com/Ame_Amethyst001,HOLD_NEEDS_CHANNEL_REVIEW,NO_REVIEWED_PLATFORM_ACCOUNT_ID,False
x:acct_a4093757d882fde2607d,x,,Endoria Fia「ALF」,https://x.com/Endoria_ALF,HOLD_NEEDS_CHANNEL_REVIEW,NO_REVIEWED_PLATFORM_ACCOUNT_ID,False
x:acct_a40dd10a0caa1718dca9,x,,RaneeTani『VTG』,https://x.com/raneetani,HOLD_NEEDS_CHANNEL_REVIEW,NO_REVIEWED_PLATFORM_ACCOUNT_ID,False
x:acct_a413ab4425d0829624dd,x,,Muay​ The Barista ,https://x.com/Muay_barista001,HOLD_NEEDS_CHANNEL_REVIEW,NO_REVIEWED_PLATFORM_ACCOUNT_ID,False
x:acct_a433875b29c991edd955,x,,LittleG ch. Euphora,https://x.com/LittleG_Warin,HOLD_NEEDS_CHANNEL_REVIEW,NO_REVIEWED_PLATFORM_ACCOUNT_ID,False
x:acct_a46bc34619d389b17518,x,,Roxzy ロキジー,https://x.com/RoxzySama,HOLD_NEEDS_CHANNEL_REVIEW,NO_REVIEWED_PLATFORM_ACCOUNT_ID,False
x:acct_a4a305248500f42f1ee6,x,,Jiru ch. Euphora,https://x.com/Jiru_EPR,HOLD_NEEDS_CHANNEL_REVIEW,NO_REVIEWED_PLATFORM_ACCOUNT_ID,False
x:acct_a4e28079c1ed1c3084c0,x,,Pugko Ch.,https://x.com/Pugko_,HOLD_NEEDS_CHANNEL_REVIEW,NO_REVIEWED_PLATFORM_ACCOUNT_ID,False
x:acct_a601f433bf5358c55e44,x,,PopKorn163 Vtuber Ch.,https://x.com/PopKorn163,HOLD_NEEDS_CHANNEL_REVIEW,NO_REVIEWED_PLATFORM_ACCOUNT_ID,False
x:acct_a68acdfff98ecb896561,x,,Hoshimura Himawari,https://x.com/VT_Himawari_Owl,HOLD_NEEDS_CHANNEL_REVIEW,NO_REVIEWED_PLATFORM_ACCOUNT_ID,False
x:acct_a6f18a0ae273c8225a6c,x,,CIEL Chouette ch. Euphora,https://x.com/Ciel_EPR,HOLD_NEEDS_CHANNEL_REVIEW,NO_REVIEWED_PLATFORM_ACCOUNT_ID,False
x:acct_a70eb44fc7676d9dbc19,x,,IKKI CHANNEL,https://x.com/ONI_IKKI,HOLD_NEEDS_CHANNEL_REVIEW,NO_REVIEWED_PLATFORM_ACCOUNT_ID,False
x:acct_a739849ca91375918c0d,x,,Tinsley Alaappaat Ch.,https://x.com/TinsleyTheFox,HOLD_NEEDS_CHANNEL_REVIEW,NO_REVIEWED_PLATFORM_ACCOUNT_ID,False
x:acct_a7440fee458f3ab22c8d,x,,Chiharu ch.「TRR」,https://x.com/chiharu_trr,HOLD_NEEDS_CHANNEL_REVIEW,NO_REVIEWED_PLATFORM_ACCOUNT_ID,False
x:acct_a76b3a143ee35da45cea,x,,Scentharmony,https://x.com/ScentHarmony,HOLD_NEEDS_CHANNEL_REVIEW,NO_REVIEWED_PLATFORM_ACCOUNT_ID,False
x:acct_a803ebdd6f887a32a3ee,x,,Rubii Ch.,https://x.com/space_rubii,HOLD_NEEDS_CHANNEL_REVIEW,NO_REVIEWED_PLATFORM_ACCOUNT_ID,False
x:acct_a8303149eba24b582c2f,x,,fxoverpur,https://x.com/fxoverpur,HOLD_NEEDS_CHANNEL_REVIEW,NO_REVIEWED_PLATFORM_ACCOUNT_ID,False
x:acct_a84f1789621c72fa2b2a,x,,Yoshie Ch. Yoshie Teriri,https://x.com/YTeriri,HOLD_NEEDS_CHANNEL_REVIEW,NO_REVIEWED_PLATFORM_ACCOUNT_ID,False
x:acct_a85c8a54eb67295a3136,x,,Navia Whale,https://x.com/Navii_Whale,HOLD_NEEDS_CHANNEL_REVIEW,NO_REVIEWED_PLATFORM_ACCOUNT_ID,False
x:acct_a88d28db505f3521ff75,x,,Micaela Michelle Ch.,https://x.com/michelle_OYW,HOLD_NEEDS_CHANNEL_REVIEW,NO_REVIEWED_PLATFORM_ACCOUNT_ID,False
x:acct_a89137c1440d7567144c,x,,Biscuit Blythe Ch. Pixela Destiny,https://x.com/BiscuitBlythe,HOLD_NEEDS_CHANNEL_REVIEW,NO_REVIEWED_PLATFORM_ACCOUNT_ID,False
x:acct_a8986892727d8183d534,x,,NepkoNova Ch.,https://x.com/NepkoNova,HOLD_NEEDS_CHANNEL_REVIEW,NO_REVIEWED_PLATFORM_ACCOUNT_ID,False
x:acct_a89881c320b381955f13,x,,Kaede Ch. [ Graduated],https://x.com/K_H_Kaede,HOLD_NEEDS_CHANNEL_REVIEW,NO_REVIEWED_PLATFORM_ACCOUNT_ID,False
x:acct_a8acc4751625e729a7b3,x,,Kurisumasu_ Ch.,https://x.com/Kurisumasu_TV,HOLD_NEEDS_CHANNEL_REVIEW,NO_REVIEWED_PLATFORM_ACCOUNT_ID,False
x:acct_a9bc6b8107d87bed5edd,x,,Evalia Ch.【ARP】,https://x.com/Evalia_ARP,HOLD_NEEDS_CHANNEL_REVIEW,NO_REVIEWED_PLATFORM_ACCOUNT_ID,False
x:acct_aa0177229014694c9045,x,,TakumaRei「บ่นไปเรื่อย」,https://x.com/ReiTakuma,HOLD_NEEDS_CHANNEL_REVIEW,NO_REVIEWED_PLATFORM_ACCOUNT_ID,False
x:acct_aa4ab9d86e41b627f871,x,,Breindel the duck Ch.,https://x.com/Bel_The_Duck,HOLD_NEEDS_CHANNEL_REVIEW,NO_REVIEWED_PLATFORM_ACCOUNT_ID,False
x:acct_ab141def5e68516a184f,x,,Sata Channel,https://x.com/satachan3,HOLD_NEEDS_CHANNEL_REVIEW,NO_REVIEWED_PLATFORM_ACCOUNT_ID,False
x:acct_ab264a921d384ddd5fcf,x,,ToraSunday Ch.,https://x.com/torasanch,HOLD_NEEDS_CHANNEL_REVIEW,NO_REVIEWED_PLATFORM_ACCOUNT_ID,False
x:acct_ab55f15c81ad0e433e52,x,,SEO A XAY,https://x.com/Xay_1st,HOLD_NEEDS_CHANNEL_REVIEW,NO_REVIEWED_PLATFORM_ACCOUNT_ID,False
x:acct_ab814850f73a88038203,x,,Aozora Sukai Ch.,https://x.com/SukaiVtuber,HOLD_NEEDS_CHANNEL_REVIEW,NO_REVIEWED_PLATFORM_ACCOUNT_ID,False
x:acct_ab8f139694323aeb9b18,x,,Lucala Ch.【APT】,https://x.com/LucalaGravity,HOLD_NEEDS_CHANNEL_REVIEW,NO_REVIEWED_PLATFORM_ACCOUNT_ID,False
x:acct_abc8043a9f71c97aebe1,x,,Takiya Ch.,https://x.com/Takiya_koz,HOLD_NEEDS_CHANNEL_REVIEW,NO_REVIEWED_PLATFORM_ACCOUNT_ID,False
x:acct_ac47440e00ec045762d4,x,,Vivian V. Wendell Ch.,https://x.com/vvee_vivian,HOLD_NEEDS_CHANNEL_REVIEW,NO_REVIEWED_PLATFORM_ACCOUNT_ID,False
x:acct_ac67bb1977a4b4d5afd4,x,,Kyomu Ch.,https://x.com/Kyomu_Vtuber,HOLD_NEEDS_CHANNEL_REVIEW,NO_REVIEWED_PLATFORM_ACCOUNT_ID,False
x:acct_ace79c38cc60ab6aa981,x,,MamMam Ch. 真夢マム,https://x.com/mammamdesu,HOLD_NEEDS_CHANNEL_REVIEW,NO_REVIEWED_PLATFORM_ACCOUNT_ID,False
x:acct_ad1b16b0cbaa435b8ec3,x,,Langler Ch.,https://x.com/Langler_Obite,HOLD_NEEDS_CHANNEL_REVIEW,NO_REVIEWED_PLATFORM_ACCOUNT_ID,False
x:acct_ad48117eed7d8fec3c71,x,,【123DP】 Ting Ting ch.,https://x.com/TingVnimal,HOLD_NEEDS_CHANNEL_REVIEW,NO_REVIEWED_PLATFORM_ACCOUNT_ID,False
x:acct_ad9d4c2bd4a9c0b57765,x,,PlatinumRankWrath | V-Storyteller,https://x.com/PtRankWrath,HOLD_NEEDS_CHANNEL_REVIEW,NO_REVIEWED_PLATFORM_ACCOUNT_ID,False
x:acct_adc138b0fa138344ac0c,x,,Kisane Miko Ch,https://x.com/KisaneMikoCh,HOLD_NEEDS_CHANNEL_REVIEW,NO_REVIEWED_PLATFORM_ACCOUNT_ID,False
x:acct_add203052e4e39c8a8b9,x,,xElizia,https://x.com/loveuelizia_x,HOLD_NEEDS_CHANNEL_REVIEW,NO_REVIEWED_PLATFORM_ACCOUNT_ID,False
x:acct_addd279b6c0d52812727,x,,JaoGuin Ch.,https://x.com/JaoGuin_Channel,HOLD_NEEDS_CHANNEL_REVIEW,NO_REVIEWED_PLATFORM_ACCOUNT_ID,False
x:acct_ae27bf25f245494076af,x,,Chalong Ch.,https://x.com/YarmLong_Ch,HOLD_NEEDS_CHANNEL_REVIEW,NO_REVIEWED_PLATFORM_ACCOUNT_ID,False
x:acct_ae2cf155649bab49eb5a,x,,KissCross,https://x.com/KissCross_VIG,HOLD_NEEDS_CHANNEL_REVIEW,NO_REVIEWED_PLATFORM_ACCOUNT_ID,False
x:acct_ae3a9d45ed16402e92ec,x,,Housagi ch. Euphora,https://x.com/Housagi_EPR,HOLD_NEEDS_CHANNEL_REVIEW,NO_REVIEWED_PLATFORM_ACCOUNT_ID,False
x:acct_ae531131247123cfd239,x,,Miyao Ch. 夏日みやお,https://x.com/nbMeowCatz,HOLD_NEEDS_CHANNEL_REVIEW,NO_REVIEWED_PLATFORM_ACCOUNT_ID,False
x:acct_ae6386e07d3405593b8b,x,,Zenos Ch.,https://x.com/Zenos_PDR,HOLD_NEEDS_CHANNEL_REVIEW,NO_REVIEWED_PLATFORM_ACCOUNT_ID,False
x:acct_afe3e866cdc7fa8dd525,x,,Kapz,https://x.com/Kapz_vvn,HOLD_NEEDS_CHANNEL_REVIEW,NO_REVIEWED_PLATFORM_ACCOUNT_ID,False
x:acct_b011c84a4ddc2f0a77c8,x,,Masumi Kyou Ch.,https://x.com/Masumi_Kyou,HOLD_NEEDS_CHANNEL_REVIEW,NO_REVIEWED_PLATFORM_ACCOUNT_ID,False
x:acct_b04_seikou_x,x,,Seikou iMinato,https://x.com/Seikou_MinatoVT,HOLD_NEEDS_CHANNEL_REVIEW,NO_REVIEWED_PLATFORM_ACCOUNT_ID,False
x:acct_b0a5c9701ffa2c4412ce,x,,Mina Nekogaki / 猫垣ミナ【MSV】,https://x.com/MinaNe_MSV,HOLD_NEEDS_CHANNEL_REVIEW,NO_REVIEWED_PLATFORM_ACCOUNT_ID,False
x:acct_b0ff92c8e04c051ab1e0,x,,シノライラ - Shino Laila【WACTOR】,https://x.com/ShinoLaila,HOLD_NEEDS_CHANNEL_REVIEW,NO_REVIEWED_PLATFORM_ACCOUNT_ID,False
x:acct_b1337b86d358c80f5c92,x,,Sua Ch.,https://x.com/sua_vtuber,HOLD_NEEDS_CHANNEL_REVIEW,NO_REVIEWED_PLATFORM_ACCOUNT_ID,False
x:acct_b182b36465c58e718de8,x,,Hanami Lay CH.,https://x.com/HanamiLay,HOLD_NEEDS_CHANNEL_REVIEW,NO_REVIEWED_PLATFORM_ACCOUNT_ID,False
x:acct_b1eec970cd5f34eb9617,x,,Dalinju モラー,https://x.com/dalinjumora,HOLD_NEEDS_CHANNEL_REVIEW,NO_REVIEWED_PLATFORM_ACCOUNT_ID,False
x:acct_b1fdffd584062197d1b4,x,,Galactic Lunarr,https://x.com/Lunarr_VT,HOLD_NEEDS_CHANNEL_REVIEW,NO_REVIEWED_PLATFORM_ACCOUNT_ID,False
x:acct_b2a0330ed9468e78d78e,x,,Unnämed,https://x.com/unnamednow00,HOLD_NEEDS_CHANNEL_REVIEW,NO_REVIEWED_PLATFORM_ACCOUNT_ID,False
x:acct_b2b3c06120b3cc0a465c,x,,Warene Ch. [ヴァリーネー],https://x.com/Warene_ch,HOLD_NEEDS_CHANNEL_REVIEW,NO_REVIEWED_PLATFORM_ACCOUNT_ID,False
x:acct_b3084dcbfbdee7fb8a48,x,,Yuusa Ch. 優桜ヨルモ,https://x.com/Yuusa_Yorumo,HOLD_NEEDS_CHANNEL_REVIEW,NO_REVIEWED_PLATFORM_ACCOUNT_ID,False
x:acct_b315f30050ed001f8502,x,,Faye Ashefort,https://x.com/FAY3Ashefort,HOLD_NEEDS_CHANNEL_REVIEW,NO_REVIEWED_PLATFORM_ACCOUNT_ID,False
x:acct_b32f29fc7eef6c0c5709,x,,LUM1N S.,https://x.com/LuminShinehart,HOLD_NEEDS_CHANNEL_REVIEW,NO_REVIEWED_PLATFORM_ACCOUNT_ID,False
x:acct_b3391f4846a24b2b2fee,x,,NokiZen,https://x.com/NokiZen1,HOLD_NEEDS_CHANNEL_REVIEW,NO_REVIEWED_PLATFORM_ACCOUNT_ID,False
x:acct_b3aab4ca0c583e5490e3,x,,Tsontaya Knox Ch.,https://x.com/TsontayaKnox,HOLD_NEEDS_CHANNEL_REVIEW,NO_REVIEWED_PLATFORM_ACCOUNT_ID,False
x:acct_b3caeff0de1f591f86d4,x,,SaySheath,https://x.com/SaySheath,HOLD_NEEDS_CHANNEL_REVIEW,NO_REVIEWED_PLATFORM_ACCOUNT_ID,False
x:acct_b3cca9e12b8d3d4b4bd1,x,,Padzang Channel,https://x.com/PadzangChannel,HOLD_NEEDS_CHANNEL_REVIEW,NO_REVIEWED_PLATFORM_ACCOUNT_ID,False
x:acct_b3ecae9372c4300b7674,x,,Miibelle「ASMR VTUBER」,https://x.com/mii__belle,HOLD_NEEDS_CHANNEL_REVIEW,NO_REVIEWED_PLATFORM_ACCOUNT_ID,False
x:acct_b443f10626463ade52f4,x,,Puipui Memory,https://x.com/PuipuiMemory,HOLD_NEEDS_CHANNEL_REVIEW,NO_REVIEWED_PLATFORM_ACCOUNT_ID,False
x:acct_b4651128da25d356b142,x,,Althena Ch.,https://x.com/_althenaCH,HOLD_NEEDS_CHANNEL_REVIEW,NO_REVIEWED_PLATFORM_ACCOUNT_ID,False
x:acct_b4885a6ada5d2a542ed6,x,,Astella Rieka Ch.,https://x.com/AstellaRieka,HOLD_NEEDS_CHANNEL_REVIEW,NO_REVIEWED_PLATFORM_ACCOUNT_ID,False
x:acct_b488738976c0311aa544,x,,Gloria ch.【21PM】,https://x.com/Gloria21Pm,HOLD_NEEDS_CHANNEL_REVIEW,NO_REVIEWED_PLATFORM_ACCOUNT_ID,False
x:acct_b4eb2498b7ae81b6f129,x,,เคอเรนเซียวีปกติɞ,https://x.com/kungphaokung,HOLD_NEEDS_CHANNEL_REVIEW,NO_REVIEWED_PLATFORM_ACCOUNT_ID,False
x:acct_b5930031d367d46adba6,x,,Esme Nightingale,https://x.com/EsmeNightingale,HOLD_NEEDS_CHANNEL_REVIEW,NO_REVIEWED_PLATFORM_ACCOUNT_ID,False
x:acct_b5d739d084f436c66dfa,x,,Zeraphina Hana,https://x.com/ZeraphinaHN,HOLD_NEEDS_CHANNEL_REVIEW,NO_REVIEWED_PLATFORM_ACCOUNT_ID,False
x:acct_b5dacbdc3a83787d1ae8,x,,Ume Ch. しのはな❀梅,https://x.com/Shinohanaume,HOLD_NEEDS_CHANNEL_REVIEW,NO_REVIEWED_PLATFORM_ACCOUNT_ID,False
x:acct_b68b95fa0819a6a17ec1,x,,Yuu Ch.,https://x.com/Hakugetsu_Yuu,HOLD_NEEDS_CHANNEL_REVIEW,NO_REVIEWED_PLATFORM_ACCOUNT_ID,False
x:acct_b6a6883fa8f4f75c558c,x,,NaruFay,https://x.com/NaruFay,HOLD_NEEDS_CHANNEL_REVIEW,NO_REVIEWED_PLATFORM_ACCOUNT_ID,False
x:acct_b6e610533f80ce1009d0,x,,Rion Chitose Ch. / AStars Chrono prince,https://x.com/RionChitose_AS,HOLD_NEEDS_CHANNEL_REVIEW,NO_REVIEWED_PLATFORM_ACCOUNT_ID,False
x:acct_b6f0dfeb48f125ecc040,x,,TEENIE | WISLIVE,https://x.com/TeenieWis,HOLD_NEEDS_CHANNEL_REVIEW,NO_REVIEWED_PLATFORM_ACCOUNT_ID,False
x:acct_b6f3f83f61a99776df32,x,,Carys Cordelia,https://x.com/Carys_eylz,HOLD_NEEDS_CHANNEL_REVIEW,NO_REVIEWED_PLATFORM_ACCOUNT_ID,False
x:acct_b713853064e079945fd7,x,,Midori,https://x.com/MSandori,HOLD_NEEDS_CHANNEL_REVIEW,NO_REVIEWED_PLATFORM_ACCOUNT_ID,False
x:acct_b72555505fc7cb992af8,x,,Ririka ch. / ริริกะ【SSR】,https://x.com/Ririka_SSR,HOLD_NEEDS_CHANNEL_REVIEW,NO_REVIEWED_PLATFORM_ACCOUNT_ID,False
x:acct_b75ad56713eb55ebaeca,x,,Melanox Lunix「ALF」,https://x.com/melanox_alf,HOLD_NEEDS_CHANNEL_REVIEW,NO_REVIEWED_PLATFORM_ACCOUNT_ID,False
x:acct_b7804a8c97e7ccc672f6,x,,DeliCiae,https://x.com/DeliCiae_v,HOLD_NEEDS_CHANNEL_REVIEW,NO_REVIEWED_PLATFORM_ACCOUNT_ID,False
x:acct_b820ad649bf2296c35e0,x,,Sakamajimai / Sharky Ch.,https://x.com/sakamajimai,HOLD_NEEDS_CHANNEL_REVIEW,NO_REVIEWED_PLATFORM_ACCOUNT_ID,False
x:acct_b86d2d503a34c8911f75,x,,Kikuhara Himegu Ch.,https://x.com/kiku_himegu,HOLD_NEEDS_CHANNEL_REVIEW,NO_REVIEWED_PLATFORM_ACCOUNT_ID,False
x:acct_b9487f61a64b34b623e9,x,,Rendell Druid Ch.,https://x.com/RendellDruid,HOLD_NEEDS_CHANNEL_REVIEW,NO_REVIEWED_PLATFORM_ACCOUNT_ID,False
x:acct_b950d53d79e05474a7c1,x,,Superpretty TAKOPERO Ch. Pixela Legends,https://x.com/TAKOPERO,HOLD_NEEDS_CHANNEL_REVIEW,NO_REVIEWED_PLATFORM_ACCOUNT_ID,False
x:acct_b9b00c7681f2d6a07366,x,,MomaMae,https://x.com/Momay_Allegrala,HOLD_NEEDS_CHANNEL_REVIEW,NO_REVIEWED_PLATFORM_ACCOUNT_ID,False
x:acct_b9c327999ba237644a15,x,,Neoda Neviris,https://x.com/NNeviris,HOLD_NEEDS_CHANNEL_REVIEW,NO_REVIEWED_PLATFORM_ACCOUNT_ID,False
x:acct_b9d7f6366d2ddabf19e2,x,,Peeing Ch.,https://x.com/PeeingCh,HOLD_NEEDS_CHANNEL_REVIEW,NO_REVIEWED_PLATFORM_ACCOUNT_ID,False
x:acct_b9e76627f49039e09e52,x,,Zenaida XETA-102 Channel,https://x.com/ZenaidaXETA102,HOLD_NEEDS_CHANNEL_REVIEW,NO_REVIEWED_PLATFORM_ACCOUNT_ID,False
x:acct_b9f2f6ffd654c9142118,x,,Fo_Kuro「フォー黒」,https://x.com/FoKuroVtuber,HOLD_NEEDS_CHANNEL_REVIEW,NO_REVIEWED_PLATFORM_ACCOUNT_ID,False
x:acct_b9fc7d40e6fccda2fe4f,x,,SUIFONG CH〖DPX〗,https://x.com/Suifong_DPX,HOLD_NEEDS_CHANNEL_REVIEW,NO_REVIEWED_PLATFORM_ACCOUNT_ID,False
x:acct_ba474fad42625086ec93,x,,Zane『VTG』,https://x.com/Zane_VTG,HOLD_NEEDS_CHANNEL_REVIEW,NO_REVIEWED_PLATFORM_ACCOUNT_ID,False
x:acct_ba8d869a50b440abfd5c,x,,Shikár Dawg,https://x.com/Shikar_Dawg,HOLD_NEEDS_CHANNEL_REVIEW,NO_REVIEWED_PLATFORM_ACCOUNT_ID,False
x:acct_baf603e4882f22c2041a,x,,Lilia,https://x.com/masurulilia,HOLD_NEEDS_CHANNEL_REVIEW,NO_REVIEWED_PLATFORM_ACCOUNT_ID,False
x:acct_bb770be79b780e1e2501,x,,SUWAPIS,https://x.com/SUWAPIS_Ch,HOLD_NEEDS_CHANNEL_REVIEW,NO_REVIEWED_PLATFORM_ACCOUNT_ID,False
x:acct_bb7a6604e91c052dc433,x,,NancyGimme2000,https://x.com/NancyGimme2000,HOLD_NEEDS_CHANNEL_REVIEW,NO_REVIEWED_PLATFORM_ACCOUNT_ID,False
x:acct_bb8b5eaeea68481f1c96,x,,koshumu,https://x.com/koshumu,HOLD_NEEDS_CHANNEL_REVIEW,NO_REVIEWED_PLATFORM_ACCOUNT_ID,False
x:acct_bbe62914e2f3d1e1cb4a,x,,yoinmori,https://x.com/yoinmori,HOLD_NEEDS_CHANNEL_REVIEW,NO_REVIEWED_PLATFORM_ACCOUNT_ID,False
x:acct_bc00a1f44cd2cdf3c261,x,,Elleusia,https://x.com/Elleusia,HOLD_NEEDS_CHANNEL_REVIEW,NO_REVIEWED_PLATFORM_ACCOUNT_ID,False
x:acct_bc4152587cb6c19a9cb5,x,,Astia Ch.,https://x.com/astiavtuber,HOLD_NEEDS_CHANNEL_REVIEW,NO_REVIEWED_PLATFORM_ACCOUNT_ID,False
x:acct_bc4c832cdece8fba03c1,x,,SAYU Ch. 小百合さゆ  ,https://x.com/SAYUVtuberTH,HOLD_NEEDS_CHANNEL_REVIEW,NO_REVIEWED_PLATFORM_ACCOUNT_ID,False
x:acct_bc75366f9f29d3a5dabf,x,,Fury.D [FRG],https://x.com/Fury_D_Vtuber,HOLD_NEEDS_CHANNEL_REVIEW,NO_REVIEWED_PLATFORM_ACCOUNT_ID,False
x:acct_bca7a3542c097fe8cfab,x,,Wahri【WahrheitIVIX】,https://x.com/Wahri_Wahri,HOLD_NEEDS_CHANNEL_REVIEW,NO_REVIEWED_PLATFORM_ACCOUNT_ID,False
x:acct_bca7eab9fb11468f4e26,x,,dtto.,https://x.com/_dtto,HOLD_NEEDS_CHANNEL_REVIEW,NO_REVIEWED_PLATFORM_ACCOUNT_ID,False
x:acct_bcc7109aa51f55c1963a,x,,Souji Roy,https://x.com/Souji_Roy,HOLD_NEEDS_CHANNEL_REVIEW,NO_REVIEWED_PLATFORM_ACCOUNT_ID,False
x:acct_bd442900bbdc3dbf7970,x,,M4YA,https://x.com/M4YAMARZ,HOLD_NEEDS_CHANNEL_REVIEW,NO_REVIEWED_PLATFORM_ACCOUNT_ID,False
x:acct_bd65d903232dde77d54f,x,,zaczoa Twin Aliens,https://x.com/Zac_aoZ,HOLD_NEEDS_CHANNEL_REVIEW,NO_REVIEWED_PLATFORM_ACCOUNT_ID,False
x:acct_bda8dce82c4f908a11e2,x,,Den Trenton Ch. | OAL,https://x.com/den_oal,HOLD_NEEDS_CHANNEL_REVIEW,NO_REVIEWED_PLATFORM_ACCOUNT_ID,False
x:acct_bf1af89113f50e0fa5da,x,,M a l l o w  Ch.,https://x.com/Mallow_Ham,HOLD_NEEDS_CHANNEL_REVIEW,NO_REVIEWED_PLATFORM_ACCOUNT_ID,False
x:acct_bf26b4b90b160bc0c5c8,x,,Pinku no Megami - Virtual7『TH』,https://x.com/Pinku_no_Megami,HOLD_NEEDS_CHANNEL_REVIEW,NO_REVIEWED_PLATFORM_ACCOUNT_ID,False
x:acct_bf2ac487062e7772336f,x,,R Y O S H I ch.,https://x.com/ryoshi_artist,HOLD_NEEDS_CHANNEL_REVIEW,NO_REVIEWED_PLATFORM_ACCOUNT_ID,False
x:acct_bf336f69eeb381c93f71,x,,PingPingko【REC】,https://x.com/PingPingko_01,HOLD_NEEDS_CHANNEL_REVIEW,NO_REVIEWED_PLATFORM_ACCOUNT_ID,False
x:acct_bf734d7e5b23d39083a0,x,,Emiliaエミリア🌸🍡 ch.,https://x.com/Emi_Emilia24,HOLD_NEEDS_CHANNEL_REVIEW,NO_REVIEWED_PLATFORM_ACCOUNT_ID,False
x:acct_bf7b494cb78c9306dec3,x,,Aisha Channel,https://x.com/Aisha_Channel,HOLD_NEEDS_CHANNEL_REVIEW,NO_REVIEWED_PLATFORM_ACCOUNT_ID,False
x:acct_bfd162a8af0885379b9d,x,,Hey Solly,https://x.com/Solly_Vtory,HOLD_NEEDS_CHANNEL_REVIEW,NO_REVIEWED_PLATFORM_ACCOUNT_ID,False
x:acct_bffc2d5fd132e21f6f2c,x,,unibunty,https://x.com/unibuntyy,HOLD_NEEDS_CHANNEL_REVIEW,NO_REVIEWED_PLATFORM_ACCOUNT_ID,False
x:acct_bffcae08c7c9bd77b43d,x,,Kimhan Summer /คิมหันต์ [EC19 Projekt],https://x.com/kimhansummer1,HOLD_NEEDS_CHANNEL_REVIEW,NO_REVIEWED_PLATFORM_ACCOUNT_ID,False
x:acct_c076029949f3a4ed7b4c,x,,Reva Regalia『AST』,https://x.com/reva_regalia,HOLD_NEEDS_CHANNEL_REVIEW,NO_REVIEWED_PLATFORM_ACCOUNT_ID,False
x:acct_c087fd3675850be00805,x,,AonGreyFox,https://x.com/AonGreyFox,HOLD_NEEDS_CHANNEL_REVIEW,NO_REVIEWED_PLATFORM_ACCOUNT_ID,False
x:acct_c09681f70eaf4c93f2c0,x,,Amy Chan ◤VTP◢,https://x.com/Amychan_VTP,HOLD_NEEDS_CHANNEL_REVIEW,NO_REVIEWED_PLATFORM_ACCOUNT_ID,False
x:acct_c0b468159c60986dbbf1,x,,SHIRO K. Channel,https://x.com/Shil2oKuma,HOLD_NEEDS_CHANNEL_REVIEW,NO_REVIEWED_PLATFORM_ACCOUNT_ID,False
x:acct_c0f981f7ef57f6f381d6,x,,EVA THE RHINO Ch.,https://x.com/EvatheRhino,HOLD_NEEDS_CHANNEL_REVIEW,NO_REVIEWED_PLATFORM_ACCOUNT_ID,False
x:acct_c1a53acec5cac24a2ecc,x,,MEILIN CH.,https://x.com/Meilin_Vtuber,HOLD_NEEDS_CHANNEL_REVIEW,NO_REVIEWED_PLATFORM_ACCOUNT_ID,False
x:acct_c1b84c462d1f1c4cbc65,x,,Debirun Ch. Pixela-World-End,https://x.com/DebirunWorldEnd,HOLD_NEEDS_CHANNEL_REVIEW,NO_REVIEWED_PLATFORM_ACCOUNT_ID,False
x:acct_c1d75a721b2003b2c467,x,,Lukami Ch. ルカミ [Lukami Stellaz],https://x.com/Lukami_TH,HOLD_NEEDS_CHANNEL_REVIEW,NO_REVIEWED_PLATFORM_ACCOUNT_ID,False
x:acct_c20e1929149052176b39,x,,Maemi Nippy ⨳ECR⨳,https://x.com/MaemiNippy,HOLD_NEEDS_CHANNEL_REVIEW,NO_REVIEWED_PLATFORM_ACCOUNT_ID,False
x:acct_c26b951fa739406adbfc,x,,Inori Aijou Ch.,https://x.com/inoriaijou,HOLD_NEEDS_CHANNEL_REVIEW,NO_REVIEWED_PLATFORM_ACCOUNT_ID,False
x:acct_c27634954b565c853321,x,,Lucid Ch.,https://x.com/lucidreverdream,HOLD_NEEDS_CHANNEL_REVIEW,NO_REVIEWED_PLATFORM_ACCOUNT_ID,False
x:acct_c3171a3fba63df00fc31,x,,Nyann Nyatsume,https://x.com/NNyatsume,HOLD_NEEDS_CHANNEL_REVIEW,NO_REVIEWED_PLATFORM_ACCOUNT_ID,False
x:acct_c34e1f424ec17a2e0910,x,,PeachVTB Ch.,https://x.com/PeachVTB,HOLD_NEEDS_CHANNEL_REVIEW,NO_REVIEWED_PLATFORM_ACCOUNT_ID,False
x:acct_c39c7dc43515cfc84782,x,,BOOKGAMER,https://x.com/BGamecaster,HOLD_NEEDS_CHANNEL_REVIEW,NO_REVIEWED_PLATFORM_ACCOUNT_ID,False
x:acct_c39f73ac768aa1793595,x,,Kumi Chan「クミちゃん」,https://x.com/KitsuneKumiChan,HOLD_NEEDS_CHANNEL_REVIEW,NO_REVIEWED_PLATFORM_ACCOUNT_ID,False
x:acct_c3a54fe5f53daaca44c9,x,,「ねし」Neshi CH,https://x.com/Neshi_OwO,HOLD_NEEDS_CHANNEL_REVIEW,NO_REVIEWED_PLATFORM_ACCOUNT_ID,False
x:acct_c3f36232b1698200b808,x,,Luthia IONIX,https://x.com/Luthia_IONIX,HOLD_NEEDS_CHANNEL_REVIEW,NO_REVIEWED_PLATFORM_ACCOUNT_ID,False
x:acct_c3f6fd5dabf699a6a66d,x,,AzuruVT,https://x.com/AzuruVT,HOLD_NEEDS_CHANNEL_REVIEW,NO_REVIEWED_PLATFORM_ACCOUNT_ID,False
x:acct_c4516e96087a8a14e019,x,,Atsuko Meron【SRV】,https://x.com/AtsukoMeron_SRV,HOLD_NEEDS_CHANNEL_REVIEW,NO_REVIEWED_PLATFORM_ACCOUNT_ID,False
x:acct_c49e50835b8c01edc4a0,x,,BRRWYN Ch. / QURSE,https://x.com/BrrwynVibeENT,HOLD_NEEDS_CHANNEL_REVIEW,NO_REVIEWED_PLATFORM_ACCOUNT_ID,False
x:acct_c4a63b60acebb95b3704,x,,Norik Garcia Ch.,https://x.com/NorikTheD,HOLD_NEEDS_CHANNEL_REVIEW,NO_REVIEWED_PLATFORM_ACCOUNT_ID,False
x:acct_c4f070285752d88cf970,x,,Nokk_tt Ch.,https://x.com/N0kkTT_vtuber,HOLD_NEEDS_CHANNEL_REVIEW,NO_REVIEWED_PLATFORM_ACCOUNT_ID,False
x:acct_c5052410e9e5c47cd77f,x,,N4NAMi,https://x.com/1tsn4nami,HOLD_NEEDS_CHANNEL_REVIEW,NO_REVIEWED_PLATFORM_ACCOUNT_ID,False
x:acct_c51374171b9ab7c5afd1,x,,Letia ch.【FIXIX VT】,https://x.com/Letia_FIXIXVT,HOLD_NEEDS_CHANNEL_REVIEW,NO_REVIEWED_PLATFORM_ACCOUNT_ID,False
x:acct_c53f3b46f7f4cd357a2a,x,,QueenSere.Physia Ch,https://x.com/SerePhysia,HOLD_NEEDS_CHANNEL_REVIEW,NO_REVIEWED_PLATFORM_ACCOUNT_ID,False
x:acct_c54b6aa615b18481d871,x,,Asteroth Ch.【ARP】,https://x.com/Asteroth_ARP,HOLD_NEEDS_CHANNEL_REVIEW,NO_REVIEWED_PLATFORM_ACCOUNT_ID,False
x:acct_c5655b3f396ddb7df18a,x,,Akaku Mikoni | V.W.Y,https://x.com/Akaku_Mikoni,HOLD_NEEDS_CHANNEL_REVIEW,NO_REVIEWED_PLATFORM_ACCOUNT_ID,False
x:acct_c56a41af6ee9006b0c74,x,,Frayr《WAV》,https://x.com/frayr_wav,HOLD_NEEDS_CHANNEL_REVIEW,NO_REVIEWED_PLATFORM_ACCOUNT_ID,False
x:acct_c5a9830f075d57d1e5cc,x,,Allure TND.【Mystery】,https://x.com/allure_mystery,HOLD_NEEDS_CHANNEL_REVIEW,NO_REVIEWED_PLATFORM_ACCOUNT_ID,False
x:acct_c5ad3732e96bfbfd24ba,x,,Lyvea•Eve,https://x.com/LyveaV_Eve,HOLD_NEEDS_CHANNEL_REVIEW,NO_REVIEWED_PLATFORM_ACCOUNT_ID,False
x:acct_c5bf1d9b2d498412a36f,x,,MIKA'mu,https://x.com/kustumino_vth,HOLD_NEEDS_CHANNEL_REVIEW,NO_REVIEWED_PLATFORM_ACCOUNT_ID,False
x:acct_c613f193d3f299c17ad9,x,,Aikon (ไอ่ก้อน) 〖ST〗,https://x.com/Ai_konCh,HOLD_NEEDS_CHANNEL_REVIEW,NO_REVIEWED_PLATFORM_ACCOUNT_ID,False
x:acct_c6291844a7513b65e2ab,x,,Azato Stacia Ch.,https://x.com/AzatoStacia,HOLD_NEEDS_CHANNEL_REVIEW,NO_REVIEWED_PLATFORM_ACCOUNT_ID,False
x:acct_c64d7fc646fe02b3ce8b,x,,Gibpuri Ch,https://x.com/Gibpurin,HOLD_NEEDS_CHANNEL_REVIEW,NO_REVIEWED_PLATFORM_ACCOUNT_ID,False
x:acct_c658d711423e2e6cdb9e,x,,Lyneth Ch.,https://x.com/Lyneththerabbit,HOLD_NEEDS_CHANNEL_REVIEW,NO_REVIEWED_PLATFORM_ACCOUNT_ID,False
x:acct_c7289080236b29fe69df,x,,Serenno Koriel ,https://x.com/suminokori,HOLD_NEEDS_CHANNEL_REVIEW,NO_REVIEWED_PLATFORM_ACCOUNT_ID,False
x:acct_c739e8e1c570826331cc,x,,Davina V.,https://x.com/DavinaVtuber,HOLD_NEEDS_CHANNEL_REVIEW,NO_REVIEWED_PLATFORM_ACCOUNT_ID,False
x:acct_c75d7726fc359609307a,x,,Stamp LMTY ⌜VZ⌟,https://x.com/StampLMTY,HOLD_NEEDS_CHANNEL_REVIEW,NO_REVIEWED_PLATFORM_ACCOUNT_ID,False
x:acct_c79194a61a1eb91ce4a3,x,,Jusia Ch. ASMR,https://x.com/JusiaChVtuber,HOLD_NEEDS_CHANNEL_REVIEW,NO_REVIEWED_PLATFORM_ACCOUNT_ID,False
x:acct_c7d02bff6666645b7390,x,,Lenezmee Dollynx,https://x.com/Lenezmee_AS,HOLD_NEEDS_CHANNEL_REVIEW,NO_REVIEWED_PLATFORM_ACCOUNT_ID,False
x:acct_c8b544dfaee0a875a12e,x,,Laven Ch. Genesis Project,https://x.com/Laven_Genesis,HOLD_NEEDS_CHANNEL_REVIEW,NO_REVIEWED_PLATFORM_ACCOUNT_ID,False
x:acct_c91c0d7bda303959cbbf,x,,Minwa.39,https://x.com/39Minwa,HOLD_NEEDS_CHANNEL_REVIEW,NO_REVIEWED_PLATFORM_ACCOUNT_ID,False
x:acct_c9298aa7162c785d2905,x,,Green TH นายเขียว,https://x.com/Green_TH_0,HOLD_NEEDS_CHANNEL_REVIEW,NO_REVIEWED_PLATFORM_ACCOUNT_ID,False
x:acct_c9309c7f275d3cf88687,x,,Moracel VT,https://x.com/moracel_vt,HOLD_NEEDS_CHANNEL_REVIEW,NO_REVIEWED_PLATFORM_ACCOUNT_ID,False
x:acct_c93bf8c5c2d02134b976,x,,Euthalia Zéphyr Ch. Pixela Destiny,https://x.com/EuthaliaZephyr,HOLD_NEEDS_CHANNEL_REVIEW,NO_REVIEWED_PLATFORM_ACCOUNT_ID,False
x:acct_c959e7ee1b6df86da2ec,x,,Kylanz,https://x.com/Kylanz_KLZ,HOLD_NEEDS_CHANNEL_REVIEW,NO_REVIEWED_PLATFORM_ACCOUNT_ID,False
x:acct_c97e97bfe7fe0497567e,x,,[ 海姫 ]Marin Ch. ◈BLB◈,https://x.com/MarinTera_BLB,HOLD_NEEDS_CHANNEL_REVIEW,NO_REVIEWED_PLATFORM_ACCOUNT_ID,False
x:acct_c9844bccbd6a7a4fbe8c,x,,Morika Rei【ARRI】[Graduated],https://x.com/MorikaRei,HOLD_NEEDS_CHANNEL_REVIEW,NO_REVIEWED_PLATFORM_ACCOUNT_ID,False
x:acct_c99cfbb456840c9d8e69,x,,Zhenzhen Ch. 【SSR】,https://x.com/Zhenzhen_SSR,HOLD_NEEDS_CHANNEL_REVIEW,NO_REVIEWED_PLATFORM_ACCOUNT_ID,False
x:acct_ca09a486f55f6ffc77bc,x,,Eyez Benjaneth Ch.,https://x.com/Eyez_Benjaneth,HOLD_NEEDS_CHANNEL_REVIEW,NO_REVIEWED_PLATFORM_ACCOUNT_ID,False
x:acct_ca40683359e1076cc483,x,,Pixiang Meiyin Ch. Lumina-Mutelu,https://x.com/MeiyinMutelu,HOLD_NEEDS_CHANNEL_REVIEW,NO_REVIEWED_PLATFORM_ACCOUNT_ID,False
x:acct_ca55480480c2db92bd61,x,,Rarin Ch.,https://x.com/Rarin_Vtuber,HOLD_NEEDS_CHANNEL_REVIEW,NO_REVIEWED_PLATFORM_ACCOUNT_ID,False
x:acct_ca726da84eca73028180,x,,Maikumira,https://x.com/Maikumiller,HOLD_NEEDS_CHANNEL_REVIEW,NO_REVIEWED_PLATFORM_ACCOUNT_ID,False
x:acct_cad2d0fb77a4fc650715,x,,Magcro Ravencroft Ch.,https://x.com/Minmin_MNG,HOLD_NEEDS_CHANNEL_REVIEW,NO_REVIEWED_PLATFORM_ACCOUNT_ID,False
x:acct_cb3b57bbc52a9b042e58,x,,Seiji San,https://x.com/seijisanVTB,HOLD_NEEDS_CHANNEL_REVIEW,NO_REVIEWED_PLATFORM_ACCOUNT_ID,False
x:acct_cb43e946a5b176848ec3,x,,Pengu Ch.【Ti19t】,https://x.com/PenguCH,HOLD_NEEDS_CHANNEL_REVIEW,NO_REVIEWED_PLATFORM_ACCOUNT_ID,False
x:acct_cb5a527b8ddcca63a5c8,x,,Fortuna Leah,https://x.com/Fortuna_Leah,HOLD_NEEDS_CHANNEL_REVIEW,NO_REVIEWED_PLATFORM_ACCOUNT_ID,False
x:acct_cb6c1576e35d3bbdc3a0,x,,Aifei ch.,https://x.com/AifeiVtuber,HOLD_NEEDS_CHANNEL_REVIEW,NO_REVIEWED_PLATFORM_ACCOUNT_ID,False
x:acct_cb78216dce8999065b67,x,,Lotte Ch.,https://x.com/Liselotte_Ch,HOLD_NEEDS_CHANNEL_REVIEW,NO_REVIEWED_PLATFORM_ACCOUNT_ID,False
x:acct_cbecc8144139d09926c2,x,,Bloodyflora,https://x.com/FaiyBloodyflora,HOLD_NEEDS_CHANNEL_REVIEW,NO_REVIEWED_PLATFORM_ACCOUNT_ID,False
x:acct_cc3b07e93655e15017b3,x,,Akito ch. アキト【SOA】,https://x.com/Akito_SOA,HOLD_NEEDS_CHANNEL_REVIEW,NO_REVIEWED_PLATFORM_ACCOUNT_ID,False
x:acct_cc6a845ab9ae1847ad25,x,,Lukmai_PP,https://x.com/lukmai_pp,HOLD_NEEDS_CHANNEL_REVIEW,NO_REVIEWED_PLATFORM_ACCOUNT_ID,False
x:acct_cc70a35c04538f7d9889,x,,Nuttiz,https://x.com/imnotnuttiz,HOLD_NEEDS_CHANNEL_REVIEW,NO_REVIEWED_PLATFORM_ACCOUNT_ID,False
x:acct_cd68ea8ac0d8032f0516,x,,Holie Ch.,https://x.com/holie_ch,HOLD_NEEDS_CHANNEL_REVIEW,NO_REVIEWED_PLATFORM_ACCOUNT_ID,False
x:acct_cd6f4780fb74d8c8a817,x,,Retsu_Red,https://x.com/Retsu_Red,HOLD_NEEDS_CHANNEL_REVIEW,NO_REVIEWED_PLATFORM_ACCOUNT_ID,False
x:acct_cde64246f289ae827218,x,,久檻夜くぅ / Qualia Qu Ch.,https://x.com/Qu_Qualia,HOLD_NEEDS_CHANNEL_REVIEW,NO_REVIEWED_PLATFORM_ACCOUNT_ID,False
x:acct_ce12b73efccd5f24bdb5,x,,RatoMatsudaラト松田 Ch.,https://x.com/MatsudaRato,HOLD_NEEDS_CHANNEL_REVIEW,NO_REVIEWED_PLATFORM_ACCOUNT_ID,False
x:acct_ce459aa8eef02cc5015e,x,,Yuzei Akatsuki,https://x.com/Yuzei_Akatsuki,HOLD_NEEDS_CHANNEL_REVIEW,NO_REVIEWED_PLATFORM_ACCOUNT_ID,False
x:acct_ce63dc5b8ecde05bab9a,x,,Murasako Reino,https://x.com/Reikob_VT,HOLD_NEEDS_CHANNEL_REVIEW,NO_REVIEWED_PLATFORM_ACCOUNT_ID,False
x:acct_ce8259eb04e91c991849,x,,Sisira Hydrangea Ch. Pixela S,https://x.com/SSR_Hydrangea,HOLD_NEEDS_CHANNEL_REVIEW,NO_REVIEWED_PLATFORM_ACCOUNT_ID,False
x:acct_cebd53f560cde5943004,x,,Orca-Okaru CH,https://x.com/Aqua_ooca,HOLD_NEEDS_CHANNEL_REVIEW,NO_REVIEWED_PLATFORM_ACCOUNT_ID,False
x:acct_cec6e0136b56d6f79b26,x,,SWITCHIZ,https://x.com/SWITCHIZ_PNG,HOLD_NEEDS_CHANNEL_REVIEW,NO_REVIEWED_PLATFORM_ACCOUNT_ID,False
x:acct_ced378ebcc210447625b,x,,Ayris Belle Melleri Ch.,https://x.com/AyrisBelle,HOLD_NEEDS_CHANNEL_REVIEW,NO_REVIEWED_PLATFORM_ACCOUNT_ID,False
x:acct_cee5b9fcc8136c1233db,x,,JayVounter,https://x.com/JayVounter,HOLD_NEEDS_CHANNEL_REVIEW,NO_REVIEWED_PLATFORM_ACCOUNT_ID,False
x:acct_cf2824d807dbfe0fe385,x,,Nx-Aji,https://x.com/aji2806,HOLD_NEEDS_CHANNEL_REVIEW,NO_REVIEWED_PLATFORM_ACCOUNT_ID,False
x:acct_cf4dc7975bace7d5ddcc,x,,Acintunz,https://x.com/Acintunz,HOLD_NEEDS_CHANNEL_REVIEW,NO_REVIEWED_PLATFORM_ACCOUNT_ID,False
x:acct_cfac9b04b561bcae0920,x,,Cresent Ansel Ch.,https://x.com/CresentAnsel,HOLD_NEEDS_CHANNEL_REVIEW,NO_REVIEWED_PLATFORM_ACCOUNT_ID,False
x:acct_cfe0a9496a8323df2def,x,,OKAMI bwt,https://x.com/okamibwt,HOLD_NEEDS_CHANNEL_REVIEW,NO_REVIEWED_PLATFORM_ACCOUNT_ID,False
x:acct_cfe140ae6886bd5d9910,x,,Lamu Ch.,https://x.com/Lamu_official,HOLD_NEEDS_CHANNEL_REVIEW,NO_REVIEWED_PLATFORM_ACCOUNT_ID,False
x:acct_cfe9db1107720235f2af,x,,Kampaiii 《Vtuber》,https://x.com/Kampaiii_vtuber,HOLD_NEEDS_CHANNEL_REVIEW,NO_REVIEWED_PLATFORM_ACCOUNT_ID,False
x:acct_cff8929023021666755b,x,,Ari Kate Ch.,https://x.com/AriKate_,HOLD_NEEDS_CHANNEL_REVIEW,NO_REVIEWED_PLATFORM_ACCOUNT_ID,False
x:acct_cffc22864833e9d627d4,x,,ดอยล์,https://x.com/dajinsrins,HOLD_NEEDS_CHANNEL_REVIEW,NO_REVIEWED_PLATFORM_ACCOUNT_ID,False
x:acct_d04643ab7aca1507195a,x,,Sonnenblume,https://x.com/OshiOshiro,HOLD_NEEDS_CHANNEL_REVIEW,NO_REVIEWED_PLATFORM_ACCOUNT_ID,False
x:acct_d0587b271844feec980c,x,,Kini キニ ch,https://x.com/BabyOniKini,HOLD_NEEDS_CHANNEL_REVIEW,NO_REVIEWED_PLATFORM_ACCOUNT_ID,False
x:acct_d087582a355880dd4466,x,,Akimoto Yuna Ch.,https://x.com/AkimotoYunaV,HOLD_NEEDS_CHANNEL_REVIEW,NO_REVIEWED_PLATFORM_ACCOUNT_ID,False
x:acct_d0a88c7c1011ac9f7c2c,x,,Chouya,https://x.com/chuya_77,HOLD_NEEDS_CHANNEL_REVIEW,NO_REVIEWED_PLATFORM_ACCOUNT_ID,False
x:acct_d10f755b526cfb8218cf,x,,Yunes Ch ,https://x.com/Yuneshestia,HOLD_NEEDS_CHANNEL_REVIEW,NO_REVIEWED_PLATFORM_ACCOUNT_ID,False
x:acct_d1401ddb235a648938ce,x,,Krynaydin 「ZTP」,https://x.com/krynaydin_ztp,HOLD_NEEDS_CHANNEL_REVIEW,NO_REVIEWED_PLATFORM_ACCOUNT_ID,False
x:acct_d14dd45a0bbb965df2ed,x,,Val 5332,https://x.com/Valkyrie5332,HOLD_NEEDS_CHANNEL_REVIEW,NO_REVIEWED_PLATFORM_ACCOUNT_ID,False
x:acct_d158bce54a58e8da0726,x,,Yukito - ユキト,https://x.com/Tachibana_Yuki7,HOLD_NEEDS_CHANNEL_REVIEW,NO_REVIEWED_PLATFORM_ACCOUNT_ID,False
x:acct_d16deb3497fe8ca32bac,x,,Kagemaru 404,https://x.com/Kagemaru404,HOLD_NEEDS_CHANNEL_REVIEW,NO_REVIEWED_PLATFORM_ACCOUNT_ID,False
x:acct_d1b68a241fd474383c9e,x,,Merryl Wayne,https://x.com/merryl_wayne,HOLD_NEEDS_CHANNEL_REVIEW,NO_REVIEWED_PLATFORM_ACCOUNT_ID,False
x:acct_d1f541a52e4b29843551,x,,MamiMumei,https://x.com/mamimumei_ch,HOLD_NEEDS_CHANNEL_REVIEW,NO_REVIEWED_PLATFORM_ACCOUNT_ID,False
x:acct_d2143e1ffb3c4a29f58d,x,,Aika,https://x.com/a1chandesu_ofcl,HOLD_NEEDS_CHANNEL_REVIEW,NO_REVIEWED_PLATFORM_ACCOUNT_ID,False
x:acct_d2e773b8d43aa2cce76d,x,,Himari Hana Ch.,https://x.com/HanaChannel7,HOLD_NEEDS_CHANNEL_REVIEW,NO_REVIEWED_PLATFORM_ACCOUNT_ID,False
x:acct_d2f0d4d23c668c5e2737,x,,Deilliah Goodknight ,https://x.com/deilliah,HOLD_NEEDS_CHANNEL_REVIEW,NO_REVIEWED_PLATFORM_ACCOUNT_ID,False
x:acct_d331e9c15e53af2c18bf,x,,ALhong 『VTG』,https://x.com/ALhongVTG,HOLD_NEEDS_CHANNEL_REVIEW,NO_REVIEWED_PLATFORM_ACCOUNT_ID,False
x:acct_d33f590b18860767a556,x,,Amu V Ch.,https://x.com/AmuVCh,HOLD_NEEDS_CHANNEL_REVIEW,NO_REVIEWED_PLATFORM_ACCOUNT_ID,False
x:acct_d36dafcba716497513de,x,,BoonLan『VTG』,https://x.com/Boonlan_VTG,HOLD_NEEDS_CHANNEL_REVIEW,NO_REVIEWED_PLATFORM_ACCOUNT_ID,False
x:acct_d36ececea29faa1586ce,x,,Shunka INE [NEX],https://x.com/INE_NEX,HOLD_NEEDS_CHANNEL_REVIEW,NO_REVIEWED_PLATFORM_ACCOUNT_ID,False
x:acct_d3a5d8c2a9ae517dccc8,x,,Geno Ch.『TST』,https://x.com/Geno_TST,HOLD_NEEDS_CHANNEL_REVIEW,NO_REVIEWED_PLATFORM_ACCOUNT_ID,False
x:acct_d3e96e2c8ba085daae1f,x,,Aida Ch.,https://x.com/Aida_Playgames,HOLD_NEEDS_CHANNEL_REVIEW,NO_REVIEWED_PLATFORM_ACCOUNT_ID,False
x:acct_d40db63a8206c57ca194,x,,พรี่โอม Omoro & คุณนายกระต่าย BunBun,https://x.com/OmoroTheBunny,HOLD_NEEDS_CHANNEL_REVIEW,NO_REVIEWED_PLATFORM_ACCOUNT_ID,False
x:acct_d45bbcd2ded953db0748,x,,SeraPhyne Ch【ECR】,https://x.com/sera_phyne,HOLD_NEEDS_CHANNEL_REVIEW,NO_REVIEWED_PLATFORM_ACCOUNT_ID,False
x:acct_d45e16e54ab215b42547,x,,Alya Vestiny,https://x.com/alya_ves,HOLD_NEEDS_CHANNEL_REVIEW,NO_REVIEWED_PLATFORM_ACCOUNT_ID,False
x:acct_d4965f0ef465f0933a2a,x,,MiYuu43 ch. みゆ,https://x.com/Miyuu433,HOLD_NEEDS_CHANNEL_REVIEW,NO_REVIEWED_PLATFORM_ACCOUNT_ID,False
x:acct_d4a67eccbf92dc8ccf7e,x,,Haguruma,https://x.com/HagurumaVTB,HOLD_NEEDS_CHANNEL_REVIEW,NO_REVIEWED_PLATFORM_ACCOUNT_ID,False
x:acct_d4bd24f95f19041a814b,x,,Nagumo ⛈️,https://x.com/nagumoiscool,HOLD_NEEDS_CHANNEL_REVIEW,NO_REVIEWED_PLATFORM_ACCOUNT_ID,False
x:acct_d5013696697e6b34a693,x,,Kazumi Ch.,https://x.com/Kazumi_desu,HOLD_NEEDS_CHANNEL_REVIEW,NO_REVIEWED_PLATFORM_ACCOUNT_ID,False
x:acct_d5ac1a4e772ec686b10e,x,,Viola C. Ae,https://x.com/Viola_ce_ae,HOLD_NEEDS_CHANNEL_REVIEW,NO_REVIEWED_PLATFORM_ACCOUNT_ID,False
x:acct_d5cb64f463b209de4f4b,x,,JUNEVY Ch.,https://x.com/JUNEVY888,HOLD_NEEDS_CHANNEL_REVIEW,NO_REVIEWED_PLATFORM_ACCOUNT_ID,False
x:acct_d5d3bd208bce7ad4b07c,x,,MAD:HATTER ⌜VZ⌟,https://x.com/MadHatterVZ,HOLD_NEEDS_CHANNEL_REVIEW,NO_REVIEWED_PLATFORM_ACCOUNT_ID,False
x:acct_d662ab62d7b32cfc06ae,x,,Rubellus Remis | VArtist,https://x.com/RubellusRemis,HOLD_NEEDS_CHANNEL_REVIEW,NO_REVIEWED_PLATFORM_ACCOUNT_ID,False
x:acct_d6de3f920310c3018634,x,,Cynthia,https://x.com/CynthiaFvP,HOLD_NEEDS_CHANNEL_REVIEW,NO_REVIEWED_PLATFORM_ACCOUNT_ID,False
x:acct_d6e7f3267fc4a403d7be,x,,Risa Ch.,https://x.com/RisaAphiwat,HOLD_NEEDS_CHANNEL_REVIEW,NO_REVIEWED_PLATFORM_ACCOUNT_ID,False
x:acct_d77e8f82c63e6583406c,x,,Vulgtmnahog,https://x.com/Vulg_BGP,HOLD_NEEDS_CHANNEL_REVIEW,NO_REVIEWED_PLATFORM_ACCOUNT_ID,False
x:acct_d784824dfd334b4ef25b,x,,DeathEx Ch.,https://x.com/DeathEx_Ch,HOLD_NEEDS_CHANNEL_REVIEW,NO_REVIEWED_PLATFORM_ACCOUNT_ID,False
x:acct_d82d7406502383a63b86,x,,Nero Ch.《CodeCreation》,https://x.com/ShirokamiNero,HOLD_NEEDS_CHANNEL_REVIEW,NO_REVIEWED_PLATFORM_ACCOUNT_ID,False
x:acct_d84908b40e726ff8e6a1,x,,Ark Ch.【ARP】,https://x.com/Ark_ARP,HOLD_NEEDS_CHANNEL_REVIEW,NO_REVIEWED_PLATFORM_ACCOUNT_ID,False
x:acct_d8a0c1bea130531d53fd,x,,Jorirynn 【PRIME】,https://x.com/Jorirynn_Astray,HOLD_NEEDS_CHANNEL_REVIEW,NO_REVIEWED_PLATFORM_ACCOUNT_ID,False
x:acct_d8b78273dc44d1d61473,x,,GusBearTuber,https://x.com/GusBeartuber,HOLD_NEEDS_CHANNEL_REVIEW,NO_REVIEWED_PLATFORM_ACCOUNT_ID,False
x:acct_d8c4e8a021d0ae06414e,x,, Cliche Ch.〖SSR〗,https://x.com/cliche_SSR,HOLD_NEEDS_CHANNEL_REVIEW,NO_REVIEWED_PLATFORM_ACCOUNT_ID,False
x:acct_d900712bd9600b1dbb4f,x,,Kuro『VTG』,https://x.com/Kuro_VTG,HOLD_NEEDS_CHANNEL_REVIEW,NO_REVIEWED_PLATFORM_ACCOUNT_ID,False
x:acct_d967752f33fddefa79fd,x,,HyougaAlpha Ch.【ARP】,https://x.com/HyougaAlpha_ARP,HOLD_NEEDS_CHANNEL_REVIEW,NO_REVIEWED_PLATFORM_ACCOUNT_ID,False
x:acct_d9e7db4a4db10a256743,x,,Ardalita Lilibelle Ch. Lumina-First-Myth,https://x.com/ArdalitaLili,HOLD_NEEDS_CHANNEL_REVIEW,NO_REVIEWED_PLATFORM_ACCOUNT_ID,False
x:acct_da50b18a66a7f4212c7b,x,,Ariel | R.E.L's New Laboratory,https://x.com/VthAriel,HOLD_NEEDS_CHANNEL_REVIEW,NO_REVIEWED_PLATFORM_ACCOUNT_ID,False
x:acct_da510400108415911391,x,,Byte001_SLR,https://x.com/Byte001_SLR,HOLD_NEEDS_CHANNEL_REVIEW,NO_REVIEWED_PLATFORM_ACCOUNT_ID,False
x:acct_da9298ca56a0ed6e9c06,x,,Miledy Z.Devlin ch.,https://x.com/MiledyZ_Devlin,HOLD_NEEDS_CHANNEL_REVIEW,NO_REVIEWED_PLATFORM_ACCOUNT_ID,False
x:acct_dabff1b42f2e2df1e439,x,,Momo Vtuber,https://x.com/MomoCh_LH,HOLD_NEEDS_CHANNEL_REVIEW,NO_REVIEWED_PLATFORM_ACCOUNT_ID,False
x:acct_daf2bb2ba95c8e804cde,x,,MaaeTheGreatest,https://x.com/MaaeTheGreatest,HOLD_NEEDS_CHANNEL_REVIEW,NO_REVIEWED_PLATFORM_ACCOUNT_ID,False
x:acct_db615372d549221aa5e3,x,,VLazy,https://x.com/VendettaVtb,HOLD_NEEDS_CHANNEL_REVIEW,NO_REVIEWED_PLATFORM_ACCOUNT_ID,False
x:acct_db7ac075ec0e493f8bd8,x,,Murkiel Ch.,https://x.com/murkielV2,HOLD_NEEDS_CHANNEL_REVIEW,NO_REVIEWED_PLATFORM_ACCOUNT_ID,False
x:acct_db8aab9aa9548add873e,x,,叶龙 Yelong CH.,https://x.com/Yelong_vth,HOLD_NEEDS_CHANNEL_REVIEW,NO_REVIEWED_PLATFORM_ACCOUNT_ID,False
x:acct_dbad0bf4354f62e3fd68,x,,PandaSensi,https://x.com/xOx_panda_xOo,HOLD_NEEDS_CHANNEL_REVIEW,NO_REVIEWED_PLATFORM_ACCOUNT_ID,False
x:acct_dbfb4028256e0e521fc2,x,,Kaneaki Arina Ch.,https://x.com/arina_kaneaki,HOLD_NEEDS_CHANNEL_REVIEW,NO_REVIEWED_PLATFORM_ACCOUNT_ID,False
x:acct_dc48fda6b19cf4062502,x,,Zenith Ch.【ARP】,https://x.com/Zenith_ARP,HOLD_NEEDS_CHANNEL_REVIEW,NO_REVIEWED_PLATFORM_ACCOUNT_ID,False
x:acct_dc5c94bfbd0b71c462b4,x,,Valak Ch.,https://x.com/ValakVtuber,HOLD_NEEDS_CHANNEL_REVIEW,NO_REVIEWED_PLATFORM_ACCOUNT_ID,False
x:acct_dd27bdb456f36efd573b,x,,Zentiera【VJN】,https://x.com/Zenti_e_Ra,HOLD_NEEDS_CHANNEL_REVIEW,NO_REVIEWED_PLATFORM_ACCOUNT_ID,False
x:acct_de0df287be7cc6566286,x,,Sunfish Ch.,https://x.com/SunfishCh,HOLD_NEEDS_CHANNEL_REVIEW,NO_REVIEWED_PLATFORM_ACCOUNT_ID,False
x:acct_de1d9b1fdec49f3f8a15,x,,Bitscuit La Cielhare,https://x.com/Bitscuito,HOLD_NEEDS_CHANNEL_REVIEW,NO_REVIEWED_PLATFORM_ACCOUNT_ID,False
x:acct_de36e1b2e72ea0c0f78b,x,,Este Ch.,https://x.com/EsteVtuber,HOLD_NEEDS_CHANNEL_REVIEW,NO_REVIEWED_PLATFORM_ACCOUNT_ID,False
x:acct_df06ba720b87d90638f7,x,,Urai [NecroMezza],https://x.com/Urai_NCG,HOLD_NEEDS_CHANNEL_REVIEW,NO_REVIEWED_PLATFORM_ACCOUNT_ID,False
x:acct_df0eb2f72f0e2c424e27,x,,Yukito Hoshitoki Ch. / AStars Chrono prince,https://x.com/YukitoHoshi_AS,HOLD_NEEDS_CHANNEL_REVIEW,NO_REVIEWED_PLATFORM_ACCOUNT_ID,False
x:acct_df16a0dc451e0def5c1b,x,,NaNA Ch.,https://x.com/NaNA_Saurus,HOLD_NEEDS_CHANNEL_REVIEW,NO_REVIEWED_PLATFORM_ACCOUNT_ID,False
x:acct_df28cc8b58e9e1e1ccec,x,,Maybliss Blessyou Ch.,https://x.com/MayblissVT,HOLD_NEEDS_CHANNEL_REVIEW,NO_REVIEWED_PLATFORM_ACCOUNT_ID,False
x:acct_df97f8b83ae677c37fd7,x,,Esme Mew,https://x.com/Esme_Mew,HOLD_NEEDS_CHANNEL_REVIEW,NO_REVIEWED_PLATFORM_ACCOUNT_ID,False
x:acct_dfe56c3cea0947941076,x,,Another Beariss,https://x.com/BearissB,HOLD_NEEDS_CHANNEL_REVIEW,NO_REVIEWED_PLATFORM_ACCOUNT_ID,False
x:acct_e048cabf9112fb22fe21,x,,Aya Leveru Ch.,https://x.com/AyaLeveru,HOLD_NEEDS_CHANNEL_REVIEW,NO_REVIEWED_PLATFORM_ACCOUNT_ID,False
x:acct_e150a65faa130a3aae79,x,,chika🍀,https://x.com/nonokochika,HOLD_NEEDS_CHANNEL_REVIEW,NO_REVIEWED_PLATFORM_ACCOUNT_ID,False
x:acct_e16927b19a94d7e37dad,x,,HoshinoKuroi Ch.,https://x.com/HoshinoKuroi,HOLD_NEEDS_CHANNEL_REVIEW,NO_REVIEWED_PLATFORM_ACCOUNT_ID,False
x:acct_e1b0933dafcccf80449e,x,,Akilah Ch.,https://x.com/Akilah_MJNV,HOLD_NEEDS_CHANNEL_REVIEW,NO_REVIEWED_PLATFORM_ACCOUNT_ID,False
x:acct_e1cbcb99b933de0e5063,x,,Erima Channel,https://x.com/erimadesu,HOLD_NEEDS_CHANNEL_REVIEW,NO_REVIEWED_PLATFORM_ACCOUNT_ID,False
x:acct_e20f1edf11b07bebec93,x,,MAYANuT,https://x.com/mayanutoo,HOLD_NEEDS_CHANNEL_REVIEW,NO_REVIEWED_PLATFORM_ACCOUNT_ID,False
x:acct_e23587ee21cc268da055,x,,Hakka,https://x.com/HakkaCHV,HOLD_NEEDS_CHANNEL_REVIEW,NO_REVIEWED_PLATFORM_ACCOUNT_ID,False
x:acct_e2a3f26af326f796143a,x,,靖海 • J1ngHaii,https://x.com/J1ngHaii,HOLD_NEEDS_CHANNEL_REVIEW,NO_REVIEWED_PLATFORM_ACCOUNT_ID,False
x:acct_e3bc79e976cbb560d6a7,x,,Miya the Melf Ch.,https://x.com/mamelfmiya,HOLD_NEEDS_CHANNEL_REVIEW,NO_REVIEWED_PLATFORM_ACCOUNT_ID,False
x:acct_e3cc4ff2874fb97c74fb,x,,Shishiro Taiga Ch. (志白タイガ),https://x.com/Shishiro_Taiga,HOLD_NEEDS_CHANNEL_REVIEW,NO_REVIEWED_PLATFORM_ACCOUNT_ID,False
x:acct_e3d8d7726b74e52647e2,x,,Plathong Ch.,https://x.com/Ungelngel,HOLD_NEEDS_CHANNEL_REVIEW,NO_REVIEWED_PLATFORM_ACCOUNT_ID,False
x:acct_e3f7187874ff283f23f0,x,,TEDDYBEL 【Official】,https://x.com/TeddybeL_Teddy,HOLD_NEEDS_CHANNEL_REVIEW,NO_REVIEWED_PLATFORM_ACCOUNT_ID,False
x:acct_e43f6e4db152d578d2f8,x,,Mycara Melony Ch. Pixela-Mystic,https://x.com/MycaraMelony,HOLD_NEEDS_CHANNEL_REVIEW,NO_REVIEWED_PLATFORM_ACCOUNT_ID,False
x:acct_e4a0c8147debb6a06288,x,,Sour,https://x.com/SourSama_,HOLD_NEEDS_CHANNEL_REVIEW,NO_REVIEWED_PLATFORM_ACCOUNT_ID,False
x:acct_e513924e19cef8a1e546,x,,Navy Lucifer | V.W.Y,https://x.com/Navylnwza007x,HOLD_NEEDS_CHANNEL_REVIEW,NO_REVIEWED_PLATFORM_ACCOUNT_ID,False
x:acct_e54bf599c7d3ef2c7687,x,,Folpuzx Ch.,https://x.com/Folpuzx,HOLD_NEEDS_CHANNEL_REVIEW,NO_REVIEWED_PLATFORM_ACCOUNT_ID,False
x:acct_e5502a3dc28a65ac042a,x,,NamwanVchan,https://x.com/NamwanVchan,HOLD_NEEDS_CHANNEL_REVIEW,NO_REVIEWED_PLATFORM_ACCOUNT_ID,False
x:acct_e57366e4c8b136379768,x,,Yuina Hoshi Ch.,https://x.com/YuinaHoshi_CH,HOLD_NEEDS_CHANNEL_REVIEW,NO_REVIEWED_PLATFORM_ACCOUNT_ID,False
x:acct_e5b31f4d6253226b11f6,x,,Blu-Chan GMOT ⌜VZ⌟,https://x.com/BluChanGMOT,HOLD_NEEDS_CHANNEL_REVIEW,NO_REVIEWED_PLATFORM_ACCOUNT_ID,False
x:acct_e5b9bfec90db1d5ed9d8,x,,Mei Vtuber,https://x.com/Fukura_mei,HOLD_NEEDS_CHANNEL_REVIEW,NO_REVIEWED_PLATFORM_ACCOUNT_ID,False
x:acct_e6b6b94c50abeef61a5f,x,,Halon Hashi Ch.,https://x.com/Halonhalorn,HOLD_NEEDS_CHANNEL_REVIEW,NO_REVIEWED_PLATFORM_ACCOUNT_ID,False
x:acct_e704f9c6ea189e7ce5c3,x,,NutsuruSama ,https://x.com/NutsuruSam4,HOLD_NEEDS_CHANNEL_REVIEW,NO_REVIEWED_PLATFORM_ACCOUNT_ID,False
x:acct_e70c2a7ede3f1bf85c7e,x,,HEXO Ch. / QURSE,https://x.com/HexoVibeENT,HOLD_NEEDS_CHANNEL_REVIEW,NO_REVIEWED_PLATFORM_ACCOUNT_ID,False
x:acct_e77db04ed34e21d36be5,x,,Heli Ch.【REC】,https://x.com/helisunch,HOLD_NEEDS_CHANNEL_REVIEW,NO_REVIEWED_PLATFORM_ACCOUNT_ID,False
x:acct_e7a2f24dc9bcda09ca2e,x,,sSolarly Ch.,https://x.com/sSolarly,HOLD_NEEDS_CHANNEL_REVIEW,NO_REVIEWED_PLATFORM_ACCOUNT_ID,False
x:acct_e7bcc80145352ff81de8,x,,Lunessa Florynne Ch. Lumina-Muse,https://x.com/FlorynneMuse,HOLD_NEEDS_CHANNEL_REVIEW,NO_REVIEWED_PLATFORM_ACCOUNT_ID,False
x:acct_e826bae647e612229c98,x,,Mira Pilula,https://x.com/MiraPilula,HOLD_NEEDS_CHANNEL_REVIEW,NO_REVIEWED_PLATFORM_ACCOUNT_ID,False
x:acct_e84fabbe581e088a5d56,x,,Karin Ch. 躑躅かりん,https://x.com/Karin_Tsutsuji,HOLD_NEEDS_CHANNEL_REVIEW,NO_REVIEWED_PLATFORM_ACCOUNT_ID,False
x:acct_e8681420285e3a5f8dfa,x,,Smokesword Channel,https://x.com/SmokeswordTP,HOLD_NEEDS_CHANNEL_REVIEW,NO_REVIEWED_PLATFORM_ACCOUNT_ID,False
x:acct_e86e57f6a4cecbf087fb,x,,RLanz Ch.,https://x.com/RLanz_tn,HOLD_NEEDS_CHANNEL_REVIEW,NO_REVIEWED_PLATFORM_ACCOUNT_ID,False
x:acct_e87acc36d5a0d985bd10,x,,Fuyu Kaida,https://x.com/fuyu_kaida,HOLD_NEEDS_CHANNEL_REVIEW,NO_REVIEWED_PLATFORM_ACCOUNT_ID,False
x:acct_e8845040f61c054edbf1,x,,Salvia Ch.,https://x.com/SalviaVtuber,HOLD_NEEDS_CHANNEL_REVIEW,NO_REVIEWED_PLATFORM_ACCOUNT_ID,False
x:acct_e8ed0a289ab42fdcf2dc,x,,EikiShiro ch.,https://x.com/Eiki_Shiro,HOLD_NEEDS_CHANNEL_REVIEW,NO_REVIEWED_PLATFORM_ACCOUNT_ID,False
x:acct_e8fcbd50937ab8591a35,x,,Atlanteia Sireen Ch. Lumina-First-Myth,https://x.com/AtlanteiaSireen,HOLD_NEEDS_CHANNEL_REVIEW,NO_REVIEWED_PLATFORM_ACCOUNT_ID,False
x:acct_e92425a482994f2786c0,x,,Valkyrie Ch.,https://x.com/cs_valkyrie,HOLD_NEEDS_CHANNEL_REVIEW,NO_REVIEWED_PLATFORM_ACCOUNT_ID,False
x:acct_e944d38b6de230736f71,x,,Yuuta Natsuki,https://x.com/YuutaNatsuki,HOLD_NEEDS_CHANNEL_REVIEW,NO_REVIEWED_PLATFORM_ACCOUNT_ID,False
x:acct_e94ee7f23b8306f961bb,x,,MikiVtuber,https://x.com/MikiVTB,HOLD_NEEDS_CHANNEL_REVIEW,NO_REVIEWED_PLATFORM_ACCOUNT_ID,False
x:acct_e96ef551ad14c2bfef65,x,,Little Lonita ⌜VZ⌟,https://x.com/LittleLonita,HOLD_NEEDS_CHANNEL_REVIEW,NO_REVIEWED_PLATFORM_ACCOUNT_ID,False
x:acct_e9aecee7741be8158393,x,,Verdelite PowerPay,https://x.com/verdelite110,HOLD_NEEDS_CHANNEL_REVIEW,NO_REVIEWED_PLATFORM_ACCOUNT_ID,False
x:acct_e9baa3df9c282b199f86,x,,RA1NY ⌜VZ⌟,https://x.com/ra1ny_vz,HOLD_NEEDS_CHANNEL_REVIEW,NO_REVIEWED_PLATFORM_ACCOUNT_ID,False
x:acct_e9fb22327d9631fa76c0,x,,Pixela Official,https://x.com/PixelaProject,HOLD_NEEDS_CHANNEL_REVIEW,NO_REVIEWED_PLATFORM_ACCOUNT_ID,False
x:acct_ea0ba2ff99604c60c13d,x,,Killa ch.,https://x.com/KillaArtemis,HOLD_NEEDS_CHANNEL_REVIEW,NO_REVIEWED_PLATFORM_ACCOUNT_ID,False
x:acct_ea9cc882cd2bfd070182,x,,VitaOvO💊,https://x.com/VitaMindCare,HOLD_NEEDS_CHANNEL_REVIEW,NO_REVIEWED_PLATFORM_ACCOUNT_ID,False
x:acct_eabc4a406d5eaa4fe300,x,,Miguel Noxz,https://x.com/MiguelNoxz,HOLD_NEEDS_CHANNEL_REVIEW,NO_REVIEWED_PLATFORM_ACCOUNT_ID,False
x:acct_eabf11179e98d4ec1d35,x,,JumpMy Ch.【XIRCONIA】,https://x.com/JumpMy3,HOLD_NEEDS_CHANNEL_REVIEW,NO_REVIEWED_PLATFORM_ACCOUNT_ID,False
x:acct_eb2080257a7db336a04c,x,,Sarnna Black Herbilrah |【SH】,https://x.com/Sarnna_BH_BR,HOLD_NEEDS_CHANNEL_REVIEW,NO_REVIEWED_PLATFORM_ACCOUNT_ID,False
x:acct_eb2b8d83613405264d77,x,,Leon Ch.,https://x.com/KoteiLeon,HOLD_NEEDS_CHANNEL_REVIEW,NO_REVIEWED_PLATFORM_ACCOUNT_ID,False
x:acct_eb4bfe26c95b9c62a51e,x,,JellMellO,https://x.com/JellMellO_J,HOLD_NEEDS_CHANNEL_REVIEW,NO_REVIEWED_PLATFORM_ACCOUNT_ID,False
x:acct_eb6b9acc0dbe4a956d9f,x,,Aruna Shuun Ch. Pixela Destiny,https://x.com/ArunaShuun,HOLD_NEEDS_CHANNEL_REVIEW,NO_REVIEWED_PLATFORM_ACCOUNT_ID,False
x:acct_eb78756b952e8c9e6c07,x,,Nora,https://x.com/amamiyanora,HOLD_NEEDS_CHANNEL_REVIEW,NO_REVIEWED_PLATFORM_ACCOUNT_ID,False
x:acct_eb88d59ff4b3f99398ed,x,,Kana Ibera Ch.,https://x.com/IberaKana,HOLD_NEEDS_CHANNEL_REVIEW,NO_REVIEWED_PLATFORM_ACCOUNT_ID,False
x:acct_ebb02bf02e6d6a44cd35,x,,Grazia Ch.,https://x.com/grazia_vtuber,HOLD_NEEDS_CHANNEL_REVIEW,NO_REVIEWED_PLATFORM_ACCOUNT_ID,False
x:acct_ebe8c937b9ba7b0d549a,x,,shiorichan,https://x.com/shiorichanvt,HOLD_NEEDS_CHANNEL_REVIEW,NO_REVIEWED_PLATFORM_ACCOUNT_ID,False
x:acct_ec14e74d57b96a78a5fa,x,,Choya Ch.,https://x.com/Choya_Vtuber,HOLD_NEEDS_CHANNEL_REVIEW,NO_REVIEWED_PLATFORM_ACCOUNT_ID,False
x:acct_ec3959dcc34271787932,x,,Zoel Ch.,https://x.com/Nv_Zoel,HOLD_NEEDS_CHANNEL_REVIEW,NO_REVIEWED_PLATFORM_ACCOUNT_ID,False
x:acct_ec58ed7c959e196534dd,x,,Keiji,https://x.com/krKeiji,HOLD_NEEDS_CHANNEL_REVIEW,NO_REVIEWED_PLATFORM_ACCOUNT_ID,False
x:acct_ec9bc582832830cb8a34,x,,Odele Ch.,https://x.com/OdeletheSwan,HOLD_NEEDS_CHANNEL_REVIEW,NO_REVIEWED_PLATFORM_ACCOUNT_ID,False
x:acct_ecd389ffb6a5f48c480f,x,,Woofna ch. ,https://x.com/Wolf_woofna,HOLD_NEEDS_CHANNEL_REVIEW,NO_REVIEWED_PLATFORM_ACCOUNT_ID,False
x:acct_ed87e4814fe5ebe80d90,x,,カエン KAEN Ch.,https://x.com/kaen_astalia,HOLD_NEEDS_CHANNEL_REVIEW,NO_REVIEWED_PLATFORM_ACCOUNT_ID,False
x:acct_ee2d9933de5a1c88aa90,x,,Kikii_TanSama CH.,https://x.com/KagiKikii,HOLD_NEEDS_CHANNEL_REVIEW,NO_REVIEWED_PLATFORM_ACCOUNT_ID,False
x:acct_ee32d4d26787283f6752,x,,Asatsuyu Ch.,https://x.com/Asatsuyu_CH,HOLD_NEEDS_CHANNEL_REVIEW,NO_REVIEWED_PLATFORM_ACCOUNT_ID,False
x:acct_ee41e5cb81b551f8611c,x,,Y' ม๋า Hunter,https://x.com/Hunter_Vtory,HOLD_NEEDS_CHANNEL_REVIEW,NO_REVIEWED_PLATFORM_ACCOUNT_ID,False
x:acct_ee5019209b80315f791a,x,,ฟ้อนดาวมาเล่า | Fondawl【RE:S】,https://x.com/Fondawl_RES,HOLD_NEEDS_CHANNEL_REVIEW,NO_REVIEWED_PLATFORM_ACCOUNT_ID,False
x:acct_ee7b864d2db88d6ffc22,x,,Koemi Eimii Ch.,https://x.com/Eimiichan__,HOLD_NEEDS_CHANNEL_REVIEW,NO_REVIEWED_PLATFORM_ACCOUNT_ID,False
x:acct_eea2345230f2c440a7e6,x,,Akakurai [明暗い],https://x.com/AkakuraiY,HOLD_NEEDS_CHANNEL_REVIEW,NO_REVIEWED_PLATFORM_ACCOUNT_ID,False
x:acct_eedb815fef30d003815e,x,,TiernSay,https://x.com/Tiern_Vtory,HOLD_NEEDS_CHANNEL_REVIEW,NO_REVIEWED_PLATFORM_ACCOUNT_ID,False
x:acct_eee1b6586f4ac4a0e346,x,,Aikaze,https://x.com/ShinAikaze,HOLD_NEEDS_CHANNEL_REVIEW,NO_REVIEWED_PLATFORM_ACCOUNT_ID,False
x:acct_eeedd8ebed6bf79d85a3,x,,Atsuki丨アツキ,https://x.com/Inumaru_Atsuki,HOLD_NEEDS_CHANNEL_REVIEW,NO_REVIEWED_PLATFORM_ACCOUNT_ID,False
x:acct_ef672c5331ac387955c6,x,,Realiable Ch.,https://x.com/RealiableCh,HOLD_NEEDS_CHANNEL_REVIEW,NO_REVIEWED_PLATFORM_ACCOUNT_ID,False
x:acct_ef7887cc35e1467902a0,x,,Felixia-zorei-aixela Ch.,https://x.com/FelixiaVtuber,HOLD_NEEDS_CHANNEL_REVIEW,NO_REVIEWED_PLATFORM_ACCOUNT_ID,False
x:acct_efeb23fe49fef7927336,x,,MOHOMI,https://x.com/MOHOMIz,HOLD_NEEDS_CHANNEL_REVIEW,NO_REVIEWED_PLATFORM_ACCOUNT_ID,False
x:acct_eff4296366f8a65e42d0,x,,Leviaz Ch.,https://x.com/Leviaz_Ch,HOLD_NEEDS_CHANNEL_REVIEW,NO_REVIEWED_PLATFORM_ACCOUNT_ID,False
x:acct_f004cc1f1e7a5c91c809,x,,Killian Mare,https://x.com/Killian_Mare,HOLD_NEEDS_CHANNEL_REVIEW,NO_REVIEWED_PLATFORM_ACCOUNT_ID,False
x:acct_f04cf70509facf8a633e,x,,Lune&Sol Ch.,https://x.com/Lune_Sol_V,HOLD_NEEDS_CHANNEL_REVIEW,NO_REVIEWED_PLATFORM_ACCOUNT_ID,False
x:acct_f05fd05a0c229d1058e8,x,,Myrrha Enchanté Ch. [Autumnia],https://x.com/MyrrhaEnchante,HOLD_NEEDS_CHANNEL_REVIEW,NO_REVIEWED_PLATFORM_ACCOUNT_ID,False
x:acct_f095be0c48ee11212e2d,x,,Zion《ATX》,https://x.com/Zion_ATX,HOLD_NEEDS_CHANNEL_REVIEW,NO_REVIEWED_PLATFORM_ACCOUNT_ID,False
x:acct_f0b747c122baa06ece7d,x,,Leona Channel『VW』,https://x.com/LeonaVtuber,HOLD_NEEDS_CHANNEL_REVIEW,NO_REVIEWED_PLATFORM_ACCOUNT_ID,False
x:acct_f0e2f8ddcc4dce92a0de,x,,Cordelia Mairi Ch.,https://x.com/cordelia_mairi,HOLD_NEEDS_CHANNEL_REVIEW,NO_REVIEWED_PLATFORM_ACCOUNT_ID,False
x:acct_f1148b524eca0a75f266,x,,ChaAYM,https://x.com/ChaAYMeiei,HOLD_NEEDS_CHANNEL_REVIEW,NO_REVIEWED_PLATFORM_ACCOUNT_ID,False
x:acct_f11d66b28d536ffb7dbe,x,,SUMM3R ⌜VZ⌟,https://x.com/summ3r_vz,HOLD_NEEDS_CHANNEL_REVIEW,NO_REVIEWED_PLATFORM_ACCOUNT_ID,False
x:acct_f13475e2706ad5519210,x,,MamunzaaTV,https://x.com/mamunzaa,HOLD_NEEDS_CHANNEL_REVIEW,NO_REVIEWED_PLATFORM_ACCOUNT_ID,False
x:acct_f147ec194937f6050fd2,x,,Ponpun.,https://x.com/Ponpundayo,HOLD_NEEDS_CHANNEL_REVIEW,NO_REVIEWED_PLATFORM_ACCOUNT_ID,False
x:acct_f1510f79abda4dcc39eb,x,,JosephineCres,https://x.com/Josephine_Cres,HOLD_NEEDS_CHANNEL_REVIEW,NO_REVIEWED_PLATFORM_ACCOUNT_ID,False
x:acct_f167445bff6fc926d4f4,x,,Milyni Tivona【BLP】,https://x.com/Milyni_Tivona,HOLD_NEEDS_CHANNEL_REVIEW,NO_REVIEWED_PLATFORM_ACCOUNT_ID,False
x:acct_f172da33f8c41c884fca,x,,Elsenia Volentia,https://x.com/ElseniaVolentia,HOLD_NEEDS_CHANNEL_REVIEW,NO_REVIEWED_PLATFORM_ACCOUNT_ID,False
x:acct_f1a0832080679a6d2c92,x,,GoMu no Ch.,https://x.com/GoMutaCh,HOLD_NEEDS_CHANNEL_REVIEW,NO_REVIEWED_PLATFORM_ACCOUNT_ID,False
x:acct_f1c88ae8a5f05335fb1a,x,,Jaowayde,https://x.com/jaowayde,HOLD_NEEDS_CHANNEL_REVIEW,NO_REVIEWED_PLATFORM_ACCOUNT_ID,False
x:acct_f1dc3c082eb4fd98fb2f,x,,Kafune CH.,https://x.com/AsamiKafune,HOLD_NEEDS_CHANNEL_REVIEW,NO_REVIEWED_PLATFORM_ACCOUNT_ID,False
x:acct_f23f20d942275f62d119,x,,Ricotta Ch.【ARP】,https://x.com/Ricotta_ARP,HOLD_NEEDS_CHANNEL_REVIEW,NO_REVIEWED_PLATFORM_ACCOUNT_ID,False
x:acct_f279b6d8614c1f0f1c61,x,,MeidayV.,https://x.com/Meiday_Mayday,HOLD_NEEDS_CHANNEL_REVIEW,NO_REVIEWED_PLATFORM_ACCOUNT_ID,False
x:acct_f2aecbec4964d0bd4c5b,x,,CallistoSoCool Ch.,https://x.com/CallistoSoCool,HOLD_NEEDS_CHANNEL_REVIEW,NO_REVIEWED_PLATFORM_ACCOUNT_ID,False
x:acct_f2d4b55ec40843d04957,x,,RIN_RINZ Ch.,https://x.com/RINRINZ_GSM,HOLD_NEEDS_CHANNEL_REVIEW,NO_REVIEWED_PLATFORM_ACCOUNT_ID,False
x:acct_f35a92012c6037653663,x,,LVMP,https://x.com/LVMP_Channel,HOLD_NEEDS_CHANNEL_REVIEW,NO_REVIEWED_PLATFORM_ACCOUNT_ID,False
x:acct_f396d1d8a12010675348,x,,Solar Ch.【ARP】,https://x.com/Solar_ARProject,HOLD_NEEDS_CHANNEL_REVIEW,NO_REVIEWED_PLATFORM_ACCOUNT_ID,False
x:acct_f3c23aeb9e0dbeff04da,x,,Aranis Elvene Ch. Pixela-Isekai,https://x.com/AranisElvene,HOLD_NEEDS_CHANNEL_REVIEW,NO_REVIEWED_PLATFORM_ACCOUNT_ID,False
x:acct_f4a46637fe62f58b3f2f,x,,Reilim Channel,https://x.com/Reilimiella,HOLD_NEEDS_CHANNEL_REVIEW,NO_REVIEWED_PLATFORM_ACCOUNT_ID,False
x:acct_f4e968c1a34779186492,x,,•Battosenpai•,https://x.com/battosenpai,HOLD_NEEDS_CHANNEL_REVIEW,NO_REVIEWED_PLATFORM_ACCOUNT_ID,False
x:acct_f4ec04171289591b0549,x,,Sia Asmodeusia ch. ◈BLB◈,https://x.com/Asmo69_BLB,HOLD_NEEDS_CHANNEL_REVIEW,NO_REVIEWED_PLATFORM_ACCOUNT_ID,False
x:acct_f50eece3ff0f6dd0455d,x,,Lanlongying Ch.,https://x.com/lanlongying,HOLD_NEEDS_CHANNEL_REVIEW,NO_REVIEWED_PLATFORM_ACCOUNT_ID,False
x:acct_f539165bb8d60ce56c91,x,,NonGField,https://x.com/NonGFieldKB,HOLD_NEEDS_CHANNEL_REVIEW,NO_REVIEWED_PLATFORM_ACCOUNT_ID,False
x:acct_f566073b54dc40291692,x,,Maprang 【Vtuber】,https://x.com/Maprang_Vtuber,HOLD_NEEDS_CHANNEL_REVIEW,NO_REVIEWED_PLATFORM_ACCOUNT_ID,False
x:acct_f5d4d4cb140432ff0730,x,,โป๊ะโกะ / PoKo ปลวกทูปเบ๋อ,https://x.com/Poko_Vtuber,HOLD_NEEDS_CHANNEL_REVIEW,NO_REVIEWED_PLATFORM_ACCOUNT_ID,False
x:acct_f5f33d140fff6eb4e3cd,x,,Biru [ビール],https://x.com/BiruWolf,HOLD_NEEDS_CHANNEL_REVIEW,NO_REVIEWED_PLATFORM_ACCOUNT_ID,False
x:acct_f65a02b050b62f24dd53,x,,Lunatrix Ch.,https://x.com/LTX022,HOLD_NEEDS_CHANNEL_REVIEW,NO_REVIEWED_PLATFORM_ACCOUNT_ID,False
x:acct_f65dcce8f2dd2524a99f,x,,กลิ่นทอง | Klinthong 【RE:S】,https://x.com/Klinthong_res,HOLD_NEEDS_CHANNEL_REVIEW,NO_REVIEWED_PLATFORM_ACCOUNT_ID,False
x:acct_f6761e0f0ca34b90acc0,x,,MEWRCCLUB Ch.,https://x.com/mewrcclub382,HOLD_NEEDS_CHANNEL_REVIEW,NO_REVIEWED_PLATFORM_ACCOUNT_ID,False
x:acct_f688bdd01ee181dc6f9b,x,,Blinkdraws ,https://x.com/blinkdraws,HOLD_NEEDS_CHANNEL_REVIEW,NO_REVIEWED_PLATFORM_ACCOUNT_ID,False
x:acct_f691b1d7050f0b4a2180,x,,Nocturnaz Naar Ch. Pixela-Mystic,https://x.com/NocturnazNaar,HOLD_NEEDS_CHANNEL_REVIEW,NO_REVIEWED_PLATFORM_ACCOUNT_ID,False
x:acct_f6d0c74966b684c75552,x,,Quentin Ch.【ARP】,https://x.com/Quentin_ARP,HOLD_NEEDS_CHANNEL_REVIEW,NO_REVIEWED_PLATFORM_ACCOUNT_ID,False
x:acct_f7a3525bfd034ea0db31,x,,Benny Ch.,https://x.com/Benny7418,HOLD_NEEDS_CHANNEL_REVIEW,NO_REVIEWED_PLATFORM_ACCOUNT_ID,False
x:acct_f7ba071c2f7a9070970f,x,,Seren Channel,https://x.com/Seren_Yukihoshi,HOLD_NEEDS_CHANNEL_REVIEW,NO_REVIEWED_PLATFORM_ACCOUNT_ID,False
x:acct_f82f4ec8d40e9e24b352,x,,T-Reina Ashyra Ch. Lumina-World-End,https://x.com/AshyraWorldEnd,HOLD_NEEDS_CHANNEL_REVIEW,NO_REVIEWED_PLATFORM_ACCOUNT_ID,False
x:acct_f8943c7acdcb8858dc70,x,,Aythera VT,https://x.com/AytheraVT,HOLD_NEEDS_CHANNEL_REVIEW,NO_REVIEWED_PLATFORM_ACCOUNT_ID,False
x:acct_f8f37e0c2ff1da922b53,x,,【แวมเป้า】- Vampaow,https://x.com/VampaowCh,HOLD_NEEDS_CHANNEL_REVIEW,NO_REVIEWED_PLATFORM_ACCOUNT_ID,False
x:acct_f9001d2c2fa07d1b91f9,x,,Anemizz,https://x.com/Anemizz,HOLD_NEEDS_CHANNEL_REVIEW,NO_REVIEWED_PLATFORM_ACCOUNT_ID,False
x:acct_f9ea9b7e38df98e58a0c,x,,Mabelle.a,https://x.com/Mabelle_Ahouri,HOLD_NEEDS_CHANNEL_REVIEW,NO_REVIEWED_PLATFORM_ACCOUNT_ID,False
x:acct_fa4e49031af1e9018635,x,,Rafinia Ch.,https://x.com/Rafinia_Ch,HOLD_NEEDS_CHANNEL_REVIEW,NO_REVIEWED_PLATFORM_ACCOUNT_ID,False
x:acct_fa72944bb17bb54ac4b9,x,,P1achon,https://x.com/P1achonz,HOLD_NEEDS_CHANNEL_REVIEW,NO_REVIEWED_PLATFORM_ACCOUNT_ID,False
x:acct_fab88e38f6b8d169923a,x,,Okami Hito CH【APD】,https://x.com/0kami_Hito,HOLD_NEEDS_CHANNEL_REVIEW,NO_REVIEWED_PLATFORM_ACCOUNT_ID,False
x:acct_fc0bf635c093e0cbd5a6,x,,Peace Ch.,https://x.com/Peace_Vtuber,HOLD_NEEDS_CHANNEL_REVIEW,NO_REVIEWED_PLATFORM_ACCOUNT_ID,False
x:acct_fc6808d340cb56ba0b95,x,,ChazuminXD Ch.,https://x.com/streamcafemusic,HOLD_NEEDS_CHANNEL_REVIEW,NO_REVIEWED_PLATFORM_ACCOUNT_ID,False
x:acct_fc770bbd787f60ba1b7e,x,,MAMORI Ch.,https://x.com/MamoriTanuki,HOLD_NEEDS_CHANNEL_REVIEW,NO_REVIEWED_PLATFORM_ACCOUNT_ID,False
x:acct_fce3ed2d3bd9374e24c0,x,,RAF4EL,https://x.com/RealPink1367104,HOLD_NEEDS_CHANNEL_REVIEW,NO_REVIEWED_PLATFORM_ACCOUNT_ID,False
x:acct_fdbcbee97bdbf68d6658,x,,Moonique Ch.,https://x.com/MooniqueVT,HOLD_NEEDS_CHANNEL_REVIEW,NO_REVIEWED_PLATFORM_ACCOUNT_ID,False
x:acct_fdd0700984db94869b24,x,,MaewDam T. Mira,https://x.com/MaewDamTMira,HOLD_NEEDS_CHANNEL_REVIEW,NO_REVIEWED_PLATFORM_ACCOUNT_ID,False
x:acct_fde7bf3cd5d221162f9e,x,,AidenShia Ch.,https://x.com/AidenShia,HOLD_NEEDS_CHANNEL_REVIEW,NO_REVIEWED_PLATFORM_ACCOUNT_ID,False
x:acct_fee968fb40fae28cacd3,x,,SeJi Ch.,https://x.com/SeJi_ak,HOLD_NEEDS_CHANNEL_REVIEW,NO_REVIEWED_PLATFORM_ACCOUNT_ID,False
x:acct_fef14d536413970b994c,x,,TheQuillmon ⌜VZ⌟,https://x.com/thequillmon1112,HOLD_NEEDS_CHANNEL_REVIEW,NO_REVIEWED_PLATFORM_ACCOUNT_ID,False
x:acct_ff07e4496b17ba8a5e72,x,,Cerise Channel,https://x.com/ChannelCerise,HOLD_NEEDS_CHANNEL_REVIEW,NO_REVIEWED_PLATFORM_ACCOUNT_ID,False
x:acct_ff8bd12e26529f38e121,x,,Fallyn『VTG』,https://x.com/Fallyn_VTG,HOLD_NEEDS_CHANNEL_REVIEW,NO_REVIEWED_PLATFORM_ACCOUNT_ID,False
x:acct_ffb90e5521cd06591a27,x,,MillyBill Ch.,https://x.com/MillybillC,HOLD_NEEDS_CHANNEL_REVIEW,NO_REVIEWED_PLATFORM_ACCOUNT_ID,False
x:acct_fff0347ec02e8a08dbb2,x,,Edella Edward Ch.,https://x.com/EdelLA_Edward,HOLD_NEEDS_CHANNEL_REVIEW,NO_REVIEWED_PLATFORM_ACCOUNT_ID,False
x:candidate_00ae66312be4c55df4af,x,,Marinelle,https://x.com/MarinelleVtuber,HOLD_NEEDS_CHANNEL_REVIEW,NO_REVIEWED_PLATFORM_ACCOUNT_ID,False
x:candidate_00eb5829fe74cab9b8be,x,,Drako Nya Mio,https://x.com/DrakoNyaMio,HOLD_NEEDS_CHANNEL_REVIEW,NO_REVIEWED_PLATFORM_ACCOUNT_ID,False
x:candidate_01c8a96c00e4cd2a501a,x,,MyxNyx | VtuberTH,https://x.com/MyxNyxx,HOLD_NEEDS_CHANNEL_REVIEW,NO_REVIEWED_PLATFORM_ACCOUNT_ID,False
x:candidate_01daf10143ed6bb9efe3,x,,Chalatte Jisooman,https://x.com/T1Jisoomanz,HOLD_NEEDS_CHANNEL_REVIEW,NO_REVIEWED_PLATFORM_ACCOUNT_ID,False
x:candidate_021eceda2342a97d99b2,x,,Shouka Dreadprince | Virtual Zeven EN,https://x.com/ShoukaDP_VZ,HOLD_NEEDS_CHANNEL_REVIEW,NO_REVIEWED_PLATFORM_ACCOUNT_ID,False
x:candidate_036b56d9b5ea8c5a2b57,x,,Wang Cheng Se | V.W.Y,https://x.com/WangChengSe,HOLD_NEEDS_CHANNEL_REVIEW,NO_REVIEWED_PLATFORM_ACCOUNT_ID,False
x:candidate_04095695980e4701fd9d,x,,NiewLock,https://x.com/NiewLock,HOLD_NEEDS_CHANNEL_REVIEW,NO_REVIEWED_PLATFORM_ACCOUNT_ID,False
x:candidate_0631160c6240fd492ae7,x,,Moe Miyabi,https://x.com/moe_miyabi,HOLD_NEEDS_CHANNEL_REVIEW,NO_REVIEWED_PLATFORM_ACCOUNT_ID,False
x:candidate_066e621e3e51f332026b,x,,MIKA'mu | Independent Vtuber TH,https://x.com/kustumino_vth,HOLD_NEEDS_CHANNEL_REVIEW,NO_REVIEWED_PLATFORM_ACCOUNT_ID,False
x:candidate_097369a8b5dc96fdac41,x,,Kingyo Maemi,https://x.com/kingyo_maemivt,HOLD_NEEDS_CHANNEL_REVIEW,NO_REVIEWED_PLATFORM_ACCOUNT_ID,False
x:candidate_0a69434753d2f94ada2e,x,,KurosawaSP,https://x.com/KurosawaSP,HOLD_NEEDS_CHANNEL_REVIEW,NO_REVIEWED_PLATFORM_ACCOUNT_ID,False
x:candidate_0bc74aaef9c01203cf18,x,,Kuronia | VtuberTH,https://x.com/KurosekiNia,HOLD_NEEDS_CHANNEL_REVIEW,NO_REVIEWED_PLATFORM_ACCOUNT_ID,False
x:candidate_0bcf4d736a5695d61026,x,,Saya Melcoltor,https://x.com/leeorkim,HOLD_NEEDS_CHANNEL_REVIEW,NO_REVIEWED_PLATFORM_ACCOUNT_ID,False
x:candidate_0cac2c990b3044e6a20d,x,,Ambrida Chimes | VtuberTH,https://x.com/AmbridaChimes,HOLD_NEEDS_CHANNEL_REVIEW,NO_REVIEWED_PLATFORM_ACCOUNT_ID,False
x:candidate_0eadd4966bfb53902497,x,,Whim Sical | Virtual Zeven EN FØR•REST,https://x.com/WhimSical_VZ,HOLD_NEEDS_CHANNEL_REVIEW,NO_REVIEWED_PLATFORM_ACCOUNT_ID,False
x:candidate_0eb81f3232b8ffbf7249,x,,LunaLumiina | ルナ・ルミナ,https://x.com/lunalumiina,HOLD_NEEDS_CHANNEL_REVIEW,NO_REVIEWED_PLATFORM_ACCOUNT_ID,False
x:candidate_12179b158a466538464a,x,,Khaojao,https://x.com/Khaojao_Vtuber,HOLD_NEEDS_CHANNEL_REVIEW,NO_REVIEWED_PLATFORM_ACCOUNT_ID,False
x:candidate_15d5d0617f4d930a18b3,x,,Lyrin | V-artist〖MER0DIS〗,https://x.com/lyrinwt_,HOLD_NEEDS_CHANNEL_REVIEW,NO_REVIEWED_PLATFORM_ACCOUNT_ID,False
x:candidate_17b66d8a7854418eff63,x,,Sherrisia | PNGTuberTH,https://x.com/sherrisiana,HOLD_NEEDS_CHANNEL_REVIEW,NO_REVIEWED_PLATFORM_ACCOUNT_ID,False
x:candidate_192a81e232499bec8386,x,,Alteria,https://x.com/Alteria_Vtuber,HOLD_NEEDS_CHANNEL_REVIEW,NO_REVIEWED_PLATFORM_ACCOUNT_ID,False
x:candidate_1a69598a1fdd5be02ac5,x,,Salvia,https://x.com/salviavtuber,HOLD_NEEDS_CHANNEL_REVIEW,NO_REVIEWED_PLATFORM_ACCOUNT_ID,False
x:candidate_214e1a5b195a1dca9def,x,,Somneng Mio | VTuberTH,https://x.com/Somneng_Mio,HOLD_NEEDS_CHANNEL_REVIEW,NO_REVIEWED_PLATFORM_ACCOUNT_ID,False
x:candidate_26d84c8c2129539db694,x,,DuziHa | VStreamer VTuberTH,https://x.com/_DuziHa_,HOLD_NEEDS_CHANNEL_REVIEW,NO_REVIEWED_PLATFORM_ACCOUNT_ID,False
x:candidate_27a5996fb828069e77dd,x,,Vai Valentine | Virtual Zeven EN,https://x.com/VaiValentine_VZ,HOLD_NEEDS_CHANNEL_REVIEW,NO_REVIEWED_PLATFORM_ACCOUNT_ID,False
x:candidate_27b940c7e4582a37078d,x,,Fuuto | Half PNGTuber,https://x.com/Fuuto701,HOLD_NEEDS_CHANNEL_REVIEW,NO_REVIEWED_PLATFORM_ACCOUNT_ID,False
x:candidate_29a65af1bb9c35e23326,x,,Nora Vanadiz,https://x.com/Nora_Vanadiz,HOLD_NEEDS_CHANNEL_REVIEW,NO_REVIEWED_PLATFORM_ACCOUNT_ID,False
x:candidate_2d3108c45c273de07bb6,x,,AiShiro,https://x.com/AiShiro_Cho,HOLD_NEEDS_CHANNEL_REVIEW,NO_REVIEWED_PLATFORM_ACCOUNT_ID,False
x:candidate_2fd0da6b0c0612ef0d02,x,,Nouri | VtuberTH,https://x.com/RousokiNouri,HOLD_NEEDS_CHANNEL_REVIEW,NO_REVIEWED_PLATFORM_ACCOUNT_ID,False
x:candidate_36d2b724d6f5bff4409f,x,,WINT3R,https://x.com/wint3r_vz,HOLD_NEEDS_CHANNEL_REVIEW,NO_REVIEWED_PLATFORM_ACCOUNT_ID,False
x:candidate_392ecafa8ab5198eda0c,x,,Mireen | Pre-Debut VtuberTH,https://x.com/MinkariMireen,HOLD_NEEDS_CHANNEL_REVIEW,NO_REVIEWED_PLATFORM_ACCOUNT_ID,False
x:candidate_3c9ed5ad2f834690c0d6,x,,Pheonyx Thea,https://x.com/PheonyxThea_TSP,HOLD_NEEDS_CHANNEL_REVIEW,NO_REVIEWED_PLATFORM_ACCOUNT_ID,False
x:candidate_41fd1a4cbf6b91c01cfb,x,,SIRENSOUL | VtuberTH Twitch,https://x.com/__s1rens0ul,HOLD_NEEDS_CHANNEL_REVIEW,NO_REVIEWED_PLATFORM_ACCOUNT_ID,False
x:candidate_42824d3d6c1170dc76be,x,,Kamphee | Autumnia,https://x.com/KampheeA,HOLD_NEEDS_CHANNEL_REVIEW,NO_REVIEWED_PLATFORM_ACCOUNT_ID,False
x:candidate_42b0d30e38a8a78c68e3,x,,Lynis Luminous,https://x.com/Lynis_EPR,HOLD_NEEDS_CHANNEL_REVIEW,NO_REVIEWED_PLATFORM_ACCOUNT_ID,False
x:candidate_42e11627fd57ce253f62,x,,KrynAyDïn | ZTP VtuberTH,https://x.com/krynaydin_ZTP,HOLD_NEEDS_CHANNEL_REVIEW,NO_REVIEWED_PLATFORM_ACCOUNT_ID,False
x:candidate_479dfd77a920df7ee2cb,x,,Lovely Loafty | Virtual Zeven,https://x.com/LovelyLoafty_VZ,HOLD_NEEDS_CHANNEL_REVIEW,NO_REVIEWED_PLATFORM_ACCOUNT_ID,False
x:candidate_49621da14243ea45aa63,x,,Chofy | PNGTuber VTC,https://x.com/ChofyVTC,HOLD_NEEDS_CHANNEL_REVIEW,NO_REVIEWED_PLATFORM_ACCOUNT_ID,False
x:candidate_49bba32fb8308d56d716,x,,Bellina,https://x.com/I3ellinaz_vth,HOLD_NEEDS_CHANNEL_REVIEW,NO_REVIEWED_PLATFORM_ACCOUNT_ID,False
x:candidate_4c3b936be265b6375b0f,x,,Hatsuji Mind,https://x.com/Hatsuji_Mind,HOLD_NEEDS_CHANNEL_REVIEW,NO_REVIEWED_PLATFORM_ACCOUNT_ID,False
x:candidate_4c706c53893e55e99954,x,,Tanujo Aredhan,https://x.com/aredhantanujo,HOLD_NEEDS_CHANNEL_REVIEW,NO_REVIEWED_PLATFORM_ACCOUNT_ID,False
x:candidate_4d71a532ba1f562e393a,x,,Kampaiii | VtuberTH,https://x.com/Kampaiii_vtuber,HOLD_NEEDS_CHANNEL_REVIEW,NO_REVIEWED_PLATFORM_ACCOUNT_ID,False
x:candidate_4e0093a0937ef671463d,x,,Amellyn,https://x.com/AmellynFairy,HOLD_NEEDS_CHANNEL_REVIEW,NO_REVIEWED_PLATFORM_ACCOUNT_ID,False
x:candidate_4f688af5634b3fcbcd75,x,,Do-Yun,https://x.com/DoYun_V,HOLD_NEEDS_CHANNEL_REVIEW,NO_REVIEWED_PLATFORM_ACCOUNT_ID,False
x:candidate_5135fcf3cd4ca3c808be,x,,Kiseria,https://x.com/KiSSeria_,HOLD_NEEDS_CHANNEL_REVIEW,NO_REVIEWED_PLATFORM_ACCOUNT_ID,False
x:candidate_52e16bdc1fa6ace3137e,x,,Byakko | V-Blader,https://x.com/byakko0_,HOLD_NEEDS_CHANNEL_REVIEW,NO_REVIEWED_PLATFORM_ACCOUNT_ID,False
x:candidate_54383854cfb40a79852a,x,,Rosita Batzu | Vtuber TH,https://x.com/RositaB_Vtuber,HOLD_NEEDS_CHANNEL_REVIEW,NO_REVIEWED_PLATFORM_ACCOUNT_ID,False
x:candidate_57026e1085d059d42e0d,x,,Micaela Michelle,https://x.com/michelle_OYW,HOLD_NEEDS_CHANNEL_REVIEW,NO_REVIEWED_PLATFORM_ACCOUNT_ID,False
x:candidate_576dd7910c315a012bb7,x,,AI-ZON | CYBER ANGEL VTUBER,https://x.com/AI_ZONN,HOLD_NEEDS_CHANNEL_REVIEW,NO_REVIEWED_PLATFORM_ACCOUNT_ID,False
x:candidate_579faf50f17c842d9178,x,,margrace | PNGTuber,https://x.com/margraceishere,HOLD_NEEDS_CHANNEL_REVIEW,NO_REVIEWED_PLATFORM_ACCOUNT_ID,False
x:candidate_5a08f35870c616a2bba7,x,,Sekine Doyoubi | Virtual Manga Creator,https://x.com/sekine_doyoubi,HOLD_NEEDS_CHANNEL_REVIEW,NO_REVIEWED_PLATFORM_ACCOUNT_ID,False
x:candidate_5ea3ae5391cdf48900b8,x,,หลินเหม่ยเอ๋อร์ | MELODIS,https://x.com/linmeierv,HOLD_NEEDS_CHANNEL_REVIEW,NO_REVIEWED_PLATFORM_ACCOUNT_ID,False
x:candidate_5ec52e5b1a9a86fe8dd7,x,,NeoSnowWhite,https://x.com/NeoSnowhite,HOLD_NEEDS_CHANNEL_REVIEW,NO_REVIEWED_PLATFORM_ACCOUNT_ID,False
x:candidate_62ea22ea8a45d3935e23,x,,sSolarly | VStreamer,https://x.com/sSolarly,HOLD_NEEDS_CHANNEL_REVIEW,NO_REVIEWED_PLATFORM_ACCOUNT_ID,False
x:candidate_641987f17f311c980908,x,,Flynn Mycorrin | Virtual Zeven EN,https://x.com/FlynnMyco_VZ,HOLD_NEEDS_CHANNEL_REVIEW,NO_REVIEWED_PLATFORM_ACCOUNT_ID,False
x:candidate_64b49be7e6929e3a77c7,x,,Haru CH. | VtuberTH,https://x.com/Haru_Haru_TH,HOLD_NEEDS_CHANNEL_REVIEW,NO_REVIEWED_PLATFORM_ACCOUNT_ID,False
x:candidate_66bd41640516545817f1,x,,Little Lonita,https://x.com/LittleLonita,HOLD_NEEDS_CHANNEL_REVIEW,NO_REVIEWED_PLATFORM_ACCOUNT_ID,False
x:candidate_68058ab5c8e2222ed267,x,,Odette Roseclair | PNGTuber,https://x.com/odetteroseclair,HOLD_NEEDS_CHANNEL_REVIEW,NO_REVIEWED_PLATFORM_ACCOUNT_ID,False
x:candidate_686f3111b4c558b7eae9,x,,Kealan Hmm,https://x.com/KealanHmm,HOLD_NEEDS_CHANNEL_REVIEW,NO_REVIEWED_PLATFORM_ACCOUNT_ID,False
x:candidate_68b488771313a44d308d,x,,Esra The Essential Rat | VtuberTH,https://x.com/Esra_epr,HOLD_NEEDS_CHANNEL_REVIEW,NO_REVIEWED_PLATFORM_ACCOUNT_ID,False
x:candidate_693a37262645cc142ba8,x,,Fukurō Ui | PNGtuber,https://x.com/FukuroUi_,HOLD_NEEDS_CHANNEL_REVIEW,NO_REVIEWED_PLATFORM_ACCOUNT_ID,False
x:candidate_6a89e67f1884ee3b5d1a,x,,Seiryu Fenrika,https://x.com/4_kia4,HOLD_NEEDS_CHANNEL_REVIEW,NO_REVIEWED_PLATFORM_ACCOUNT_ID,False
x:candidate_6de7ac69b38a4e0ce236,x,,Leviaz Ch.,https://x.com/Leviaz_Ch,HOLD_NEEDS_CHANNEL_REVIEW,NO_REVIEWED_PLATFORM_ACCOUNT_ID,False
x:candidate_6e434c82664237e6d269,x,,Petchy | Pre-Debut VTuberTH,https://x.com/pp37tchyy,HOLD_NEEDS_CHANNEL_REVIEW,NO_REVIEWED_PLATFORM_ACCOUNT_ID,False
x:candidate_6ef1d291b64101534e6d,x,,Aelisse | Euphora VtuberTH,https://x.com/Aelisse_EPR,HOLD_NEEDS_CHANNEL_REVIEW,NO_REVIEWED_PLATFORM_ACCOUNT_ID,False
x:candidate_6f727cda870c4507bb4a,x,,Cqueen Nani〖BGP〗,https://x.com/Cqueennani,HOLD_NEEDS_CHANNEL_REVIEW,NO_REVIEWED_PLATFORM_ACCOUNT_ID,False
x:candidate_70cd83f8cda2f4ba1047,x,,Lucid Reverdream,https://x.com/LucidReverdream,HOLD_NEEDS_CHANNEL_REVIEW,NO_REVIEWED_PLATFORM_ACCOUNT_ID,False
x:candidate_74a512a96ce4e8553440,x,,juné | VtuberTH Twitch,https://x.com/meowjunemeow,HOLD_NEEDS_CHANNEL_REVIEW,NO_REVIEWED_PLATFORM_ACCOUNT_ID,False
x:candidate_7b5e6c46a464be64d844,x,,Hecate | VtuberTH,https://x.com/tsukimorihecate,HOLD_NEEDS_CHANNEL_REVIEW,NO_REVIEWED_PLATFORM_ACCOUNT_ID,False
x:candidate_7dca7355829289d18396,x,,LALIN,https://x.com/LalintheAlien,HOLD_NEEDS_CHANNEL_REVIEW,NO_REVIEWED_PLATFORM_ACCOUNT_ID,False
x:candidate_801859a4b714deb8b97d,x,,Kazuki Kei | PNG Tuber,https://x.com/k4zuk1_ke1,HOLD_NEEDS_CHANNEL_REVIEW,NO_REVIEWED_PLATFORM_ACCOUNT_ID,False
x:candidate_8e890c73b0762804ee60,x,,Coralyn Mare | Virtual Zeven EN,https://x.com/coralynmare_vz,HOLD_NEEDS_CHANNEL_REVIEW,NO_REVIEWED_PLATFORM_ACCOUNT_ID,False
x:candidate_8fd6871bdcd4bfd5933e,x,,Geno Algos〖TST〗,https://x.com/Geno_TST,HOLD_NEEDS_CHANNEL_REVIEW,NO_REVIEWED_PLATFORM_ACCOUNT_ID,False
x:candidate_903305b71fa14615f0af,x,,Navy Lucifer | V.W.Y,https://x.com/Navylnwza007x,HOLD_NEEDS_CHANNEL_REVIEW,NO_REVIEWED_PLATFORM_ACCOUNT_ID,False
x:candidate_907fc0816b640891dd3f,x,,Alizabyleth,https://x.com/AlizabylethChuu,HOLD_NEEDS_CHANNEL_REVIEW,NO_REVIEWED_PLATFORM_ACCOUNT_ID,False
x:candidate_947be4216fd6849340e7,x,,Maewmon,https://x.com/maewmon_25,HOLD_NEEDS_CHANNEL_REVIEW,NO_REVIEWED_PLATFORM_ACCOUNT_ID,False
x:candidate_97e86391444071c64356,x,,Yoshi_seMe | VtuberTH,https://x.com/yoshi_seme,HOLD_NEEDS_CHANNEL_REVIEW,NO_REVIEWED_PLATFORM_ACCOUNT_ID,False
x:candidate_987f0a151f7963614298,x,,Midori Narumi | V.W.Y,https://x.com/MidoriNaruMi,HOLD_NEEDS_CHANNEL_REVIEW,NO_REVIEWED_PLATFORM_ACCOUNT_ID,False
x:candidate_9a542898c3d7ec017a48,x,,Anorz Mystrosia | VtuberTH,https://x.com/AnorzMystrosia,HOLD_NEEDS_CHANNEL_REVIEW,NO_REVIEWED_PLATFORM_ACCOUNT_ID,False
x:candidate_9d7a7a1b7418dbeb671b,x,,Midori Suika,https://x.com/Midori_Suikaa,HOLD_NEEDS_CHANNEL_REVIEW,NO_REVIEWED_PLATFORM_ACCOUNT_ID,False
x:candidate_9ef6fac2bb099aac3e81,x,,Jack Valentine | Virtual Zeven EN,https://x.com/JackV_VZ,HOLD_NEEDS_CHANNEL_REVIEW,NO_REVIEWED_PLATFORM_ACCOUNT_ID,False
x:candidate_a91cdc69d364f058b91d,x,,Valler De Amethyst | V.W.Y,https://x.com/ValDeAmethyst,HOLD_NEEDS_CHANNEL_REVIEW,NO_REVIEWED_PLATFORM_ACCOUNT_ID,False
x:candidate_ab1a299d209c20ef8dd5,x,,Canoko | VtuberTH,https://x.com/CanokoVtuber,HOLD_NEEDS_CHANNEL_REVIEW,NO_REVIEWED_PLATFORM_ACCOUNT_ID,False
x:candidate_aee4136e189265c0abc5,x,,Laibaht,https://x.com/manybaht,HOLD_NEEDS_CHANNEL_REVIEW,NO_REVIEWED_PLATFORM_ACCOUNT_ID,False
x:candidate_af5e1507f41a9e5d3b63,x,,Kimewa Yuki,https://x.com/Kimewa_yuki,HOLD_NEEDS_CHANNEL_REVIEW,NO_REVIEWED_PLATFORM_ACCOUNT_ID,False
x:candidate_b236efea1e7988eab77e,x,,MAJCHA | VTuberTH,https://x.com/majcha_ch,HOLD_NEEDS_CHANNEL_REVIEW,NO_REVIEWED_PLATFORM_ACCOUNT_ID,False
x:candidate_b3e24f027428de890430,x,,Demii | VtuberTH,https://x.com/demetriakubpom,HOLD_NEEDS_CHANNEL_REVIEW,NO_REVIEWED_PLATFORM_ACCOUNT_ID,False
x:candidate_b457b74a4f0b0e750dc4,x,,HAJI | VTuberTH Pre-debut,https://x.com/HKunng,HOLD_NEEDS_CHANNEL_REVIEW,NO_REVIEWED_PLATFORM_ACCOUNT_ID,False
x:candidate_b524667d8aa783591a7b,x,,Wilo | Virtual Zeven EN,https://x.com/Wilo_VZ,HOLD_NEEDS_CHANNEL_REVIEW,NO_REVIEWED_PLATFORM_ACCOUNT_ID,False
x:candidate_ba5c8ebc80b0b9a70791,x,,Katsuki | PNGTuberTH,https://x.com/KatsukiCh_VT,HOLD_NEEDS_CHANNEL_REVIEW,NO_REVIEWED_PLATFORM_ACCOUNT_ID,False
x:candidate_be7f6c7fefcd6a12f8c7,x,,Florina Vivian | VtuberTH,https://x.com/florinavivian_,HOLD_NEEDS_CHANNEL_REVIEW,NO_REVIEWED_PLATFORM_ACCOUNT_ID,False
x:candidate_c0a0739573ecfd2ba3c0,x,,Orinnia Luminarae,https://x.com/orinnia_Vtuber,HOLD_NEEDS_CHANNEL_REVIEW,NO_REVIEWED_PLATFORM_ACCOUNT_ID,False
x:candidate_c4abede54c93ebacdd33,x,,Kanzaki Aito | inLAB Intern,https://x.com/kanzaki_aito,HOLD_NEEDS_CHANNEL_REVIEW,NO_REVIEWED_PLATFORM_ACCOUNT_ID,False
x:candidate_c505c1de814778ade262,x,,Zin'fandel,https://x.com/zinfandel_ZTP,HOLD_NEEDS_CHANNEL_REVIEW,NO_REVIEWED_PLATFORM_ACCOUNT_ID,False
x:candidate_c689393a3065d3a85424,x,,Seina | IDYP,https://x.com/seina_idyp,HOLD_NEEDS_CHANNEL_REVIEW,NO_REVIEWED_PLATFORM_ACCOUNT_ID,False
x:candidate_c73958a40168f62c0f34,x,,Rosaline,https://x.com/rosaline_vtuber,HOLD_NEEDS_CHANNEL_REVIEW,NO_REVIEWED_PLATFORM_ACCOUNT_ID,False
x:candidate_c7d887c9010270e195ae,x,,PHRAK | VtuberTH,https://x.com/PHRAK_VTG,HOLD_NEEDS_CHANNEL_REVIEW,NO_REVIEWED_PLATFORM_ACCOUNT_ID,False
x:candidate_ca6494a5ac7bcc790755,x,,1KFuu Ch.,https://x.com/1KFUU,HOLD_NEEDS_CHANNEL_REVIEW,NO_REVIEWED_PLATFORM_ACCOUNT_ID,False
x:candidate_cb256da6bc4478154f97,x,,Ophelia Florence | VTuberTH,https://x.com/OpheliaFlorenc,HOLD_NEEDS_CHANNEL_REVIEW,NO_REVIEWED_PLATFORM_ACCOUNT_ID,False
x:candidate_cd0c830c1cd8c110a099,x,,Rubyele Garnet,https://x.com/rubyeleg,HOLD_NEEDS_CHANNEL_REVIEW,NO_REVIEWED_PLATFORM_ACCOUNT_ID,False
x:candidate_d7f1f9aa988cf7298c9b,x,,Yunaria Zayu CH.〖CPJ〗,https://x.com/yunariazayu,HOLD_NEEDS_CHANNEL_REVIEW,NO_REVIEWED_PLATFORM_ACCOUNT_ID,False
x:candidate_d98bf41bd2222aecba6c,x,,Xanael | Independent Vtuber TH/EN,https://x.com/xanaelth,HOLD_NEEDS_CHANNEL_REVIEW,NO_REVIEWED_PLATFORM_ACCOUNT_ID,False
x:candidate_dc6ba19ebcf50c96a0bb,x,,LiLiJ Mimicsaur | VtuberTH,https://x.com/LiliJ_MMc,HOLD_NEEDS_CHANNEL_REVIEW,NO_REVIEWED_PLATFORM_ACCOUNT_ID,False
x:candidate_dd1b512a80be395f799e,x,,Azuri,https://x.com/Azuri_PRD,HOLD_NEEDS_CHANNEL_REVIEW,NO_REVIEWED_PLATFORM_ACCOUNT_ID,False
x:candidate_dd2fdbc51393ddd6ff79,x,,Yuzuki Koya | Pre-Debut VTuber,https://x.com/Koya_VDS,HOLD_NEEDS_CHANNEL_REVIEW,NO_REVIEWED_PLATFORM_ACCOUNT_ID,False
x:candidate_de522eec1ab373c67fc8,x,,Chality〖PRL〗,https://x.com/Chality_prl,HOLD_NEEDS_CHANNEL_REVIEW,NO_REVIEWED_PLATFORM_ACCOUNT_ID,False
x:candidate_deeb43a010e781042c47,x,,JazyKix (เจซซี่),https://x.com/JazyKix_Vtuber,HOLD_NEEDS_CHANNEL_REVIEW,NO_REVIEWED_PLATFORM_ACCOUNT_ID,False
x:candidate_e0a2199e617805af301b,x,,Fuwari Hoshi,https://x.com/fuwarihoshi,HOLD_NEEDS_CHANNEL_REVIEW,NO_REVIEWED_PLATFORM_ACCOUNT_ID,False
x:candidate_e2eaaefc8ad6f75a4bb2,x,,Pirania | VtuberTH,https://x.com/Pirania_Vtuber,HOLD_NEEDS_CHANNEL_REVIEW,NO_REVIEWED_PLATFORM_ACCOUNT_ID,False
x:candidate_e417c6d0c88c5ae78aff,x,,HØRI 07,https://x.com/HO07RI,HOLD_NEEDS_CHANNEL_REVIEW,NO_REVIEWED_PLATFORM_ACCOUNT_ID,False
x:candidate_e5701ae594bebebc851d,x,,Marin Morgan,https://x.com/marinringring,HOLD_NEEDS_CHANNEL_REVIEW,NO_REVIEWED_PLATFORM_ACCOUNT_ID,False
x:candidate_e5c07fa68429330b6d09,x,,Mellowlop〖PRL〗,https://x.com/mellowlop,HOLD_NEEDS_CHANNEL_REVIEW,NO_REVIEWED_PLATFORM_ACCOUNT_ID,False
x:candidate_e64331713b0318df25ea,x,,Uniinu | VtuberTH,https://x.com/Uniinu_EPR,HOLD_NEEDS_CHANNEL_REVIEW,NO_REVIEWED_PLATFORM_ACCOUNT_ID,False
x:candidate_ea55a8bbdd7a99b51e50,x,,Chiipika Poya | Virtual Zeven EN FØR•REST,https://x.com/chiipikapoya_vz,HOLD_NEEDS_CHANNEL_REVIEW,NO_REVIEWED_PLATFORM_ACCOUNT_ID,False
x:candidate_ea72750ba7107d764e1e,x,,CcretRain | FLAW Project Pre-debut,https://x.com/CcretRain_Flaw,HOLD_NEEDS_CHANNEL_REVIEW,NO_REVIEWED_PLATFORM_ACCOUNT_ID,False
x:candidate_ea8b2374e1a4bd6d11f0,x,,YURAburi,https://x.com/YURAburi,HOLD_NEEDS_CHANNEL_REVIEW,NO_REVIEWED_PLATFORM_ACCOUNT_ID,False
x:candidate_ec853adf990a32d7065d,x,,MaddoxTheOrder,https://x.com/MaddoxTheOrder,HOLD_NEEDS_CHANNEL_REVIEW,NO_REVIEWED_PLATFORM_ACCOUNT_ID,False
x:candidate_ed4b911f31cf4e52213e,x,,White | V.W.Y,https://x.com/White_VwithU,HOLD_NEEDS_CHANNEL_REVIEW,NO_REVIEWED_PLATFORM_ACCOUNT_ID,False
x:candidate_edad50557b364483686f,x,,Rui Kazu | EXia,https://x.com/Rui_EXia,HOLD_NEEDS_CHANNEL_REVIEW,NO_REVIEWED_PLATFORM_ACCOUNT_ID,False
x:candidate_f0025b00ee4247ce9cb1,x,,Titorch,https://x.com/Titorch_ch,HOLD_NEEDS_CHANNEL_REVIEW,NO_REVIEWED_PLATFORM_ACCOUNT_ID,False
x:candidate_f0269b32da46f3922e0f,x,,Meltilda,https://x.com/meltilda_vtuber,HOLD_NEEDS_CHANNEL_REVIEW,NO_REVIEWED_PLATFORM_ACCOUNT_ID,False
x:candidate_f3327f9752b3cb4663a0,x,,Haruhi Liru,https://x.com/Haruhi_Liru,HOLD_NEEDS_CHANNEL_REVIEW,NO_REVIEWED_PLATFORM_ACCOUNT_ID,False
x:candidate_f4f1f2534330a0f3e199,x,,Bluebell | VtuberTH,https://x.com/BluebellNR,HOLD_NEEDS_CHANNEL_REVIEW,NO_REVIEWED_PLATFORM_ACCOUNT_ID,False
x:candidate_f5336f8c4de6499c2000,x,,Little G Warin | VtuberTH,https://x.com/LittleG_Warin,HOLD_NEEDS_CHANNEL_REVIEW,NO_REVIEWED_PLATFORM_ACCOUNT_ID,False
x:candidate_f5e44e3e05c250c9ba7f,x,,Raz Tablo | Virtual Zeven EN FØR•REST,https://x.com/RazTablo_VZ,HOLD_NEEDS_CHANNEL_REVIEW,NO_REVIEWED_PLATFORM_ACCOUNT_ID,False
x:candidate_f65cba3f6003dd3a5171,x,,Ayris Belle Melleri,https://x.com/AyrisBelle,HOLD_NEEDS_CHANNEL_REVIEW,NO_REVIEWED_PLATFORM_ACCOUNT_ID,False
x:candidate_fbf2470fc726b66a14c3,x,,Aki Masamune | AStars,https://x.com/AkiMasamune_AS,HOLD_NEEDS_CHANNEL_REVIEW,NO_REVIEWED_PLATFORM_ACCOUNT_ID,False
x:candidate_fe2029986e1c617488bb,x,,Rhumora,https://x.com/Rhumora_ZTP,HOLD_NEEDS_CHANNEL_REVIEW,NO_REVIEWED_PLATFORM_ACCOUNT_ID,False
youtube:UC-1J1TwDCLKe2p4HVchqGiw,youtube,UC-1J1TwDCLKe2p4HVchqGiw,Mosant Ch.,https://www.youtube.com/channel/UC-1J1TwDCLKe2p4HVchqGiw,HOLD_NEEDS_CHANNEL_REVIEW,NO_CHANNEL_ELIGIBILITY_REVIEW,False
youtube:UC-4w5VWWZRCK_wg9EJ-lr1w,youtube,UC-4w5VWWZRCK_wg9EJ-lr1w,haidan Ayso0 Ch.,https://www.youtube.com/channel/UC-4w5VWWZRCK_wg9EJ-lr1w,HOLD_NEEDS_CHANNEL_REVIEW,NO_CHANNEL_ELIGIBILITY_REVIEW,False
youtube:UC-7KSYyqZ5FthXGj4R1nVbw,youtube,UC-7KSYyqZ5FthXGj4R1nVbw,Shian Blueth,https://www.youtube.com/channel/UC-7KSYyqZ5FthXGj4R1nVbw,HOLD_NEEDS_CHANNEL_REVIEW,NO_CHANNEL_ELIGIBILITY_REVIEW,False
youtube:UC-8ovOIio6IUT-2DFsZvnMw,youtube,UC-8ovOIio6IUT-2DFsZvnMw,Lune&Sol Ch.,https://www.youtube.com/channel/UC-8ovOIio6IUT-2DFsZvnMw,HOLD_NEEDS_CHANNEL_REVIEW,NO_CHANNEL_ELIGIBILITY_REVIEW,False
youtube:UC-FO1d6VYrHvbPjzr4Fuwgg,youtube,UC-FO1d6VYrHvbPjzr4Fuwgg,Kuronuri Inuri 【Rainbow Arc.】,https://www.youtube.com/channel/UC-FO1d6VYrHvbPjzr4Fuwgg,HOLD_NEEDS_CHANNEL_REVIEW,NO_CHANNEL_ELIGIBILITY_REVIEW,False
youtube:UC-FSZsfcwy_e-gRtYr8ns5A,youtube,UC-FSZsfcwy_e-gRtYr8ns5A,Kurumi Maki Ch.,https://www.youtube.com/channel/UC-FSZsfcwy_e-gRtYr8ns5A,HOLD_NEEDS_CHANNEL_REVIEW,NO_CHANNEL_ELIGIBILITY_REVIEW,False
youtube:UC-KEm4E7Yp_t0Gzix4SwkwA,youtube,UC-KEm4E7Yp_t0Gzix4SwkwA,Dëa Ex Δ Ch. Lumina-Muse,https://www.youtube.com/channel/UC-KEm4E7Yp_t0Gzix4SwkwA,HOLD_NEEDS_CHANNEL_REVIEW,NO_CHANNEL_ELIGIBILITY_REVIEW,False
youtube:UC-Xb3VhAajR8bir4XpgtZNA,youtube,UC-Xb3VhAajR8bir4XpgtZNA,Caelith - ケイリス Keirisu -,https://www.youtube.com/channel/UC-Xb3VhAajR8bir4XpgtZNA,HOLD_NEEDS_CHANNEL_REVIEW,NO_CHANNEL_ELIGIBILITY_REVIEW,False
youtube:UC-ZDJww4irljOotrkMG0FeA,youtube,UC-ZDJww4irljOotrkMG0FeA,˚｡ෆ Morosis ⤾,https://www.youtube.com/channel/UC-ZDJww4irljOotrkMG0FeA,HOLD_NEEDS_CHANNEL_REVIEW,NO_CHANNEL_ELIGIBILITY_REVIEW,False
youtube:UC-e-7z5tyBNm8M0XxySq0lg,youtube,UC-e-7z5tyBNm8M0XxySq0lg,Nihil Aeternum | VtuberTH 🔎,https://www.youtube.com/channel/UC-e-7z5tyBNm8M0XxySq0lg,HOLD_NEEDS_CHANNEL_REVIEW,NO_CHANNEL_ELIGIBILITY_REVIEW,False
youtube:UC-hRgpBR4P_7FAf_73rEfAA,youtube,UC-hRgpBR4P_7FAf_73rEfAA,Fina and Tier,https://www.youtube.com/channel/UC-hRgpBR4P_7FAf_73rEfAA,HOLD_NEEDS_CHANNEL_REVIEW,NO_CHANNEL_ELIGIBILITY_REVIEW,False
youtube:UC-qBbCCqtD2H4WSs9m978Ow,youtube,UC-qBbCCqtD2H4WSs9m978Ow,Cazzie K. Monie,https://www.youtube.com/channel/UC-qBbCCqtD2H4WSs9m978Ow,HOLD_NEEDS_CHANNEL_REVIEW,NO_CHANNEL_ELIGIBILITY_REVIEW,False
youtube:UC-qpvnKJF0bd-r10dtgkXyg,youtube,UC-qpvnKJF0bd-r10dtgkXyg,Maybliss Blessyou Ch.,https://www.youtube.com/channel/UC-qpvnKJF0bd-r10dtgkXyg,HOLD_NEEDS_CHANNEL_REVIEW,NO_CHANNEL_ELIGIBILITY_REVIEW,False
youtube:UC-rl31Wigrn8iexKkpNl7jg,youtube,UC-rl31Wigrn8iexKkpNl7jg,DolcheB,https://www.youtube.com/channel/UC-rl31Wigrn8iexKkpNl7jg,HOLD_NEEDS_CHANNEL_REVIEW,NO_CHANNEL_ELIGIBILITY_REVIEW,False
youtube:UC-uDG_nIZg8zySZPAJ1Ex2Q,youtube,UC-uDG_nIZg8zySZPAJ1Ex2Q,Lunette CH.,https://www.youtube.com/channel/UC-uDG_nIZg8zySZPAJ1Ex2Q,HOLD_NEEDS_CHANNEL_REVIEW,NO_CHANNEL_ELIGIBILITY_REVIEW,False
youtube:UC-z7X8ICz1T-5gAJLgvYWCQ,youtube,UC-z7X8ICz1T-5gAJLgvYWCQ,【公式】HAJITABI ハジタビ,https://www.youtube.com/channel/UC-z7X8ICz1T-5gAJLgvYWCQ,HOLD_NEEDS_CHANNEL_REVIEW,NO_CHANNEL_ELIGIBILITY_REVIEW,False
youtube:UC06xwFlEkBFdtxqV0WpVcqg,youtube,UC06xwFlEkBFdtxqV0WpVcqg,Kiaren Ch.,https://www.youtube.com/channel/UC06xwFlEkBFdtxqV0WpVcqg,HOLD_NEEDS_CHANNEL_REVIEW,NO_CHANNEL_ELIGIBILITY_REVIEW,False
youtube:UC0C2fagfuiXuEgVCHEkJi4Q,youtube,UC0C2fagfuiXuEgVCHEkJi4Q,Zenos Ch.,https://www.youtube.com/channel/UC0C2fagfuiXuEgVCHEkJi4Q,HOLD_NEEDS_CHANNEL_REVIEW,NO_CHANNEL_ELIGIBILITY_REVIEW,False
youtube:UC0C6NAfPq2HMMqxO4hXyG-g,youtube,UC0C6NAfPq2HMMqxO4hXyG-g,สุรกี้ | วีทูปเบอร์,https://www.youtube.com/channel/UC0C6NAfPq2HMMqxO4hXyG-g,HOLD_NEEDS_CHANNEL_REVIEW,NO_CHANNEL_ELIGIBILITY_REVIEW,False
youtube:UC0C_CplF_fwd1hEZuIE6VIw,youtube,UC0C_CplF_fwd1hEZuIE6VIw,Rawley Izzy G. Ch. | Graduated,https://www.youtube.com/channel/UC0C_CplF_fwd1hEZuIE6VIw,HOLD_NEEDS_CHANNEL_REVIEW,NO_CHANNEL_ELIGIBILITY_REVIEW,False
youtube:UC0HGT-zZVzNq5JGOJOGYfJA,youtube,UC0HGT-zZVzNq5JGOJOGYfJA,TEDDYBEL 【Official】,https://www.youtube.com/channel/UC0HGT-zZVzNq5JGOJOGYfJA,HOLD_NEEDS_CHANNEL_REVIEW,NO_CHANNEL_ELIGIBILITY_REVIEW,False
youtube:UC0J6pp9DfQIKE0ZP7nHq7oA,youtube,UC0J6pp9DfQIKE0ZP7nHq7oA,Keiler Ch.〖SSR〗,https://www.youtube.com/channel/UC0J6pp9DfQIKE0ZP7nHq7oA,HOLD_NEEDS_CHANNEL_REVIEW,NO_CHANNEL_ELIGIBILITY_REVIEW,False
youtube:UC0Ky1U__7T2Z5SOZCvNlJ-Q,youtube,UC0Ky1U__7T2Z5SOZCvNlJ-Q,Beariss Beam,https://www.youtube.com/channel/UC0Ky1U__7T2Z5SOZCvNlJ-Q,HOLD_NEEDS_CHANNEL_REVIEW,NO_CHANNEL_ELIGIBILITY_REVIEW,False
youtube:UC0WohB8vCmGDUn1q67z8kTA,youtube,UC0WohB8vCmGDUn1q67z8kTA,NaruFay,https://www.youtube.com/channel/UC0WohB8vCmGDUn1q67z8kTA,HOLD_NEEDS_CHANNEL_REVIEW,NO_CHANNEL_ELIGIBILITY_REVIEW,False
youtube:UC0XEfbSBJTqH5sH79R7ZXKw,youtube,UC0XEfbSBJTqH5sH79R7ZXKw,Muay​ The Barista ,https://www.youtube.com/channel/UC0XEfbSBJTqH5sH79R7ZXKw,HOLD_NEEDS_CHANNEL_REVIEW,EXACT_CHANNEL_ID_REVIEW,False
youtube:UC0XMhMMHSxNWG2wz38VRpiA,youtube,UC0XMhMMHSxNWG2wz38VRpiA,Aster Kalimeris Ch.,https://www.youtube.com/channel/UC0XMhMMHSxNWG2wz38VRpiA,HOLD_NEEDS_CHANNEL_REVIEW,NO_CHANNEL_ELIGIBILITY_REVIEW,False
youtube:UC0Zn4uhb90EBb5e3NlvuS1g,youtube,UC0Zn4uhb90EBb5e3NlvuS1g,chika🍀,https://www.youtube.com/channel/UC0Zn4uhb90EBb5e3NlvuS1g,HOLD_NEEDS_CHANNEL_REVIEW,NO_CHANNEL_ELIGIBILITY_REVIEW,False
youtube:UC0ZulKukNQiTsA2r7dEL0OA,youtube,UC0ZulKukNQiTsA2r7dEL0OA,KiwaPawari Ch. | キワー,https://www.youtube.com/channel/UC0ZulKukNQiTsA2r7dEL0OA,HOLD_NEEDS_CHANNEL_REVIEW,NO_CHANNEL_ELIGIBILITY_REVIEW,False
youtube:UC0_VlKMxJuvQm5lZnG5AT4g,youtube,UC0_VlKMxJuvQm5lZnG5AT4g,Yuzei Akatsuki,https://www.youtube.com/channel/UC0_VlKMxJuvQm5lZnG5AT4g,HOLD_NEEDS_CHANNEL_REVIEW,NO_CHANNEL_ELIGIBILITY_REVIEW,False
youtube:UC0bsrd1M3gCF6XqT_pBobjg,youtube,UC0bsrd1M3gCF6XqT_pBobjg,P1achon,https://www.youtube.com/channel/UC0bsrd1M3gCF6XqT_pBobjg,HOLD_NEEDS_CHANNEL_REVIEW,NO_CHANNEL_ELIGIBILITY_REVIEW,False
youtube:UC0cpWaYfZHppuIXGN6on59Q,youtube,UC0cpWaYfZHppuIXGN6on59Q,Nisa Ch. นิสาปี้,https://www.youtube.com/channel/UC0cpWaYfZHppuIXGN6on59Q,HOLD_NEEDS_CHANNEL_REVIEW,EXACT_CHANNEL_ID_REVIEW,False
youtube:UC0fZ_5Kil9VctNzpYo4vpLg,youtube,UC0fZ_5Kil9VctNzpYo4vpLg,Tenebris D. Armis Ch. | RPG 【GRADUATED】,https://www.youtube.com/channel/UC0fZ_5Kil9VctNzpYo4vpLg,HOLD_NEEDS_CHANNEL_REVIEW,NO_CHANNEL_ELIGIBILITY_REVIEW,False
youtube:UC0j83REEO0vmUB6UOJpC5EA,youtube,UC0j83REEO0vmUB6UOJpC5EA,Riel Tabiji,https://www.youtube.com/channel/UC0j83REEO0vmUB6UOJpC5EA,HOLD_NEEDS_CHANNEL_REVIEW,NO_CHANNEL_ELIGIBILITY_REVIEW,False
youtube:UC0nW1honcPC62DD5Qkv3NAw,youtube,UC0nW1honcPC62DD5Qkv3NAw,NonGField,https://www.youtube.com/channel/UC0nW1honcPC62DD5Qkv3NAw,HOLD_NEEDS_CHANNEL_REVIEW,NO_CHANNEL_ELIGIBILITY_REVIEW,False
youtube:UC0sN779hXum_LluFaWfJjcw,youtube,UC0sN779hXum_LluFaWfJjcw,Hinaree Kannari Ch. Lumina-Muse,https://www.youtube.com/channel/UC0sN779hXum_LluFaWfJjcw,HOLD_NEEDS_CHANNEL_REVIEW,NO_CHANNEL_ELIGIBILITY_REVIEW,False
youtube:UC0uCH-bvebuZ7QeacMlMqsg,youtube,UC0uCH-bvebuZ7QeacMlMqsg,Nihr Farfalla,https://www.youtube.com/channel/UC0uCH-bvebuZ7QeacMlMqsg,HOLD_NEEDS_CHANNEL_REVIEW,NO_CHANNEL_ELIGIBILITY_REVIEW,False
youtube:UC0vtaaMk6-hGYcx4QWoMymg,youtube,UC0vtaaMk6-hGYcx4QWoMymg,Toru Kuma,https://www.youtube.com/channel/UC0vtaaMk6-hGYcx4QWoMymg,HOLD_NEEDS_CHANNEL_REVIEW,NO_CHANNEL_ELIGIBILITY_REVIEW,False
youtube:UC16UwMg_siDFehWYFcjZhDQ,youtube,UC16UwMg_siDFehWYFcjZhDQ,Kanako Ch. / 金狐カナ,https://www.youtube.com/channel/UC16UwMg_siDFehWYFcjZhDQ,HOLD_NEEDS_CHANNEL_REVIEW,NO_CHANNEL_ELIGIBILITY_REVIEW,False
youtube:UC19G1A17yxePMyLJqcNBN7Q,youtube,UC19G1A17yxePMyLJqcNBN7Q,Kuroda Mikari,https://www.youtube.com/channel/UC19G1A17yxePMyLJqcNBN7Q,HOLD_NEEDS_CHANNEL_REVIEW,NO_CHANNEL_ELIGIBILITY_REVIEW,False
youtube:UC1FwYKHZnh2Qrj4GVbes9zQ,youtube,UC1FwYKHZnh2Qrj4GVbes9zQ,StunKung,https://www.youtube.com/channel/UC1FwYKHZnh2Qrj4GVbes9zQ,HOLD_NEEDS_CHANNEL_REVIEW,NO_CHANNEL_ELIGIBILITY_REVIEW,False
youtube:UC1Ow3RRt6TlD5__a3t-UYLQ,youtube,UC1Ow3RRt6TlD5__a3t-UYLQ,Kurosegawa Renjimaru 黒瀬川 櫺子丸 Ch.,https://www.youtube.com/channel/UC1Ow3RRt6TlD5__a3t-UYLQ,HOLD_NEEDS_CHANNEL_REVIEW,EXACT_CHANNEL_ID_REVIEW,False
youtube:UC1W2400L97Bwe2leu7eXEzA,youtube,UC1W2400L97Bwe2leu7eXEzA,Khaojao,https://www.youtube.com/channel/UC1W2400L97Bwe2leu7eXEzA,HOLD_NEEDS_CHANNEL_REVIEW,NO_CHANNEL_ELIGIBILITY_REVIEW,False
youtube:UC1_PguMZvyU9DhFVuwuUgTw,youtube,UC1_PguMZvyU9DhFVuwuUgTw,Lucala Ch.【APT】,https://www.youtube.com/channel/UC1_PguMZvyU9DhFVuwuUgTw,HOLD_NEEDS_CHANNEL_REVIEW,NO_CHANNEL_ELIGIBILITY_REVIEW,False
youtube:UC1ibZkqGoK8pSctzOwXUcWA,youtube,UC1ibZkqGoK8pSctzOwXUcWA,Mizuhara Yami Ch.,https://www.youtube.com/channel/UC1ibZkqGoK8pSctzOwXUcWA,HOLD_NEEDS_CHANNEL_REVIEW,NO_CHANNEL_ELIGIBILITY_REVIEW,False
youtube:UC1jZ0KuzFRgWD_s9E-KLcFQ,youtube,UC1jZ0KuzFRgWD_s9E-KLcFQ,Yue Meili [ECR],https://www.youtube.com/channel/UC1jZ0KuzFRgWD_s9E-KLcFQ,HOLD_NEEDS_CHANNEL_REVIEW,NO_CHANNEL_ELIGIBILITY_REVIEW,False
youtube:UC1miE8rA7u3-CVPpuZGUT7g,youtube,UC1miE8rA7u3-CVPpuZGUT7g,Frozy Ch.,https://www.youtube.com/channel/UC1miE8rA7u3-CVPpuZGUT7g,HOLD_NEEDS_CHANNEL_REVIEW,NO_CHANNEL_ELIGIBILITY_REVIEW,False
youtube:UC1o-4IZwxHOxGyUKN6xpNZA,youtube,UC1o-4IZwxHOxGyUKN6xpNZA,KIMEWA_YUKI 【SOA】,https://www.youtube.com/channel/UC1o-4IZwxHOxGyUKN6xpNZA,HOLD_NEEDS_CHANNEL_REVIEW,NO_CHANNEL_ELIGIBILITY_REVIEW,False
youtube:UC1pSe5kxpCK1BwA_bZQ97-g,youtube,UC1pSe5kxpCK1BwA_bZQ97-g,Fancy Ch.,https://www.youtube.com/channel/UC1pSe5kxpCK1BwA_bZQ97-g,HOLD_NEEDS_CHANNEL_REVIEW,EXACT_CHANNEL_ID_REVIEW,False
youtube:UC1pYd8HCTuc8Kdh_8m_znpA,youtube,UC1pYd8HCTuc8Kdh_8m_znpA,Freyrina,https://www.youtube.com/channel/UC1pYd8HCTuc8Kdh_8m_znpA,HOLD_NEEDS_CHANNEL_REVIEW,NO_CHANNEL_ELIGIBILITY_REVIEW,False
youtube:UC1s5T_9sfGrRxHJhjEceVSg,youtube,UC1s5T_9sfGrRxHJhjEceVSg,Kafune CH.,https://www.youtube.com/channel/UC1s5T_9sfGrRxHJhjEceVSg,HOLD_NEEDS_CHANNEL_REVIEW,NO_CHANNEL_ELIGIBILITY_REVIEW,False
youtube:UC1xmO5jVjOCeo02XCpq4WFA,youtube,UC1xmO5jVjOCeo02XCpq4WFA,Erima Channel,https://www.youtube.com/channel/UC1xmO5jVjOCeo02XCpq4WFA,HOLD_NEEDS_CHANNEL_REVIEW,NO_CHANNEL_ELIGIBILITY_REVIEW,False
youtube:UC1ypugJJiDakFeDlxQO2Tew,youtube,UC1ypugJJiDakFeDlxQO2Tew,Smokesword Channel,https://www.youtube.com/channel/UC1ypugJJiDakFeDlxQO2Tew,HOLD_NEEDS_CHANNEL_REVIEW,NO_CHANNEL_ELIGIBILITY_REVIEW,False
youtube:UC1z-ybaAe5LYfcnDdzp9SGw,youtube,UC1z-ybaAe5LYfcnDdzp9SGw,กินข้าวแซ่บ,https://www.youtube.com/channel/UC1z-ybaAe5LYfcnDdzp9SGw,HOLD_NEEDS_CHANNEL_REVIEW,NO_CHANNEL_ELIGIBILITY_REVIEW,False
youtube:UC2109-BUhq7iEs9k9PlCzsw,youtube,UC2109-BUhq7iEs9k9PlCzsw,Cheryu Ch.,https://www.youtube.com/channel/UC2109-BUhq7iEs9k9PlCzsw,HOLD_NEEDS_CHANNEL_REVIEW,NO_CHANNEL_ELIGIBILITY_REVIEW,False
youtube:UC238YXwPe4b4T57pFWioIfA,youtube,UC238YXwPe4b4T57pFWioIfA,Arine Vtuber,https://www.youtube.com/channel/UC238YXwPe4b4T57pFWioIfA,HOLD_NEEDS_CHANNEL_REVIEW,NO_CHANNEL_ELIGIBILITY_REVIEW,False
youtube:UC25e5qEqvVaG_VKrkTmJBmw,youtube,UC25e5qEqvVaG_VKrkTmJBmw,Lucene Ch.,https://www.youtube.com/channel/UC25e5qEqvVaG_VKrkTmJBmw,HOLD_NEEDS_CHANNEL_REVIEW,NO_CHANNEL_ELIGIBILITY_REVIEW,False
youtube:UC27OebwwE2AWaJF8fUSkDcA,youtube,UC27OebwwE2AWaJF8fUSkDcA,Mooco Witchie,https://www.youtube.com/channel/UC27OebwwE2AWaJF8fUSkDcA,HOLD_NEEDS_CHANNEL_REVIEW,NO_CHANNEL_ELIGIBILITY_REVIEW,False
youtube:UC2AmIPun8jDuz1ksnxQTtcw,youtube,UC2AmIPun8jDuz1ksnxQTtcw,sunraindre,https://www.youtube.com/channel/UC2AmIPun8jDuz1ksnxQTtcw,HOLD_NEEDS_CHANNEL_REVIEW,NO_CHANNEL_ELIGIBILITY_REVIEW,False
youtube:UC2B7d67dSU9i69rF8vK_t5A,youtube,UC2B7d67dSU9i69rF8vK_t5A,Aythera VT,https://www.youtube.com/channel/UC2B7d67dSU9i69rF8vK_t5A,HOLD_NEEDS_CHANNEL_REVIEW,NO_CHANNEL_ELIGIBILITY_REVIEW,False
youtube:UC2GaO3oPD_bkDMtLLRHnJgw,youtube,UC2GaO3oPD_bkDMtLLRHnJgw,Nelynn,https://www.youtube.com/channel/UC2GaO3oPD_bkDMtLLRHnJgw,HOLD_NEEDS_CHANNEL_REVIEW,NO_CHANNEL_ELIGIBILITY_REVIEW,False
youtube:UC2IZur8-GAsn7gHQNTNOOgQ,youtube,UC2IZur8-GAsn7gHQNTNOOgQ,Potia PBT,https://www.youtube.com/channel/UC2IZur8-GAsn7gHQNTNOOgQ,HOLD_NEEDS_CHANNEL_REVIEW,NO_CHANNEL_ELIGIBILITY_REVIEW,False
youtube:UC2eai5waelgobAHgp20DEYg,youtube,UC2eai5waelgobAHgp20DEYg,Ardalita Lilibelle Ch. Lumina-First-Myth,https://www.youtube.com/channel/UC2eai5waelgobAHgp20DEYg,HOLD_NEEDS_CHANNEL_REVIEW,NO_CHANNEL_ELIGIBILITY_REVIEW,False
youtube:UC2erQwP2foSQARjw5zUbrnQ,youtube,UC2erQwP2foSQARjw5zUbrnQ,Sirris Goddess Ch.,https://www.youtube.com/channel/UC2erQwP2foSQARjw5zUbrnQ,HOLD_NEEDS_CHANNEL_REVIEW,EXACT_CHANNEL_ID_REVIEW,False
youtube:UC2kjsGpKTwnFKZLLTUkK4Gw,youtube,UC2kjsGpKTwnFKZLLTUkK4Gw,BRRWYN Ch. / QURSE,https://www.youtube.com/channel/UC2kjsGpKTwnFKZLLTUkK4Gw,HOLD_NEEDS_CHANNEL_REVIEW,NO_CHANNEL_ELIGIBILITY_REVIEW,False
youtube:UC2mkbeIUVeIZeV7E2_dNCSg,youtube,UC2mkbeIUVeIZeV7E2_dNCSg,Cersei Lezlie,https://www.youtube.com/channel/UC2mkbeIUVeIZeV7E2_dNCSg,HOLD_NEEDS_CHANNEL_REVIEW,EXACT_CHANNEL_ID_REVIEW,False
youtube:UC2q-fPPrsyKOjRpmm--vzPQ,youtube,UC2q-fPPrsyKOjRpmm--vzPQ,Kuroyoru Yami,https://www.youtube.com/channel/UC2q-fPPrsyKOjRpmm--vzPQ,HOLD_NEEDS_CHANNEL_REVIEW,EXACT_CHANNEL_ID_REVIEW,False
youtube:UC2r8lotcMM1AF1BIJs9kMHA,youtube,UC2r8lotcMM1AF1BIJs9kMHA,Cynthia | FvP Project,https://www.youtube.com/channel/UC2r8lotcMM1AF1BIJs9kMHA,HOLD_NEEDS_CHANNEL_REVIEW,NO_CHANNEL_ELIGIBILITY_REVIEW,False
youtube:UC2uv9lpMiz72v_qPVFDSZmA,youtube,UC2uv9lpMiz72v_qPVFDSZmA,Suiren Ch. ◣PLO◥,https://www.youtube.com/channel/UC2uv9lpMiz72v_qPVFDSZmA,HOLD_NEEDS_CHANNEL_REVIEW,NO_CHANNEL_ELIGIBILITY_REVIEW,False
youtube:UC2z7pz25bgnqLHdTd7EvVoQ,youtube,UC2z7pz25bgnqLHdTd7EvVoQ,Shishiou Seito Ch. / AStars,https://www.youtube.com/channel/UC2z7pz25bgnqLHdTd7EvVoQ,HOLD_NEEDS_CHANNEL_REVIEW,NO_CHANNEL_ELIGIBILITY_REVIEW,False
youtube:UC31u9DPv_zbrasL8FTH7K5g,youtube,UC31u9DPv_zbrasL8FTH7K5g,Reiden_R Ch.,https://www.youtube.com/channel/UC31u9DPv_zbrasL8FTH7K5g,HOLD_NEEDS_CHANNEL_REVIEW,NO_CHANNEL_ELIGIBILITY_REVIEW,False
youtube:UC32lsx7u7vqy63SguuuzmVg,youtube,UC32lsx7u7vqy63SguuuzmVg,Narelle ch. 【FIXIX VT】,https://www.youtube.com/channel/UC32lsx7u7vqy63SguuuzmVg,HOLD_NEEDS_CHANNEL_REVIEW,NO_CHANNEL_ELIGIBILITY_REVIEW,False
youtube:UC33VkaWtUAg84eE1BfScpZg,youtube,UC33VkaWtUAg84eE1BfScpZg,PanBiBi,https://www.youtube.com/channel/UC33VkaWtUAg84eE1BfScpZg,HOLD_NEEDS_CHANNEL_REVIEW,NO_CHANNEL_ELIGIBILITY_REVIEW,False
youtube:UC3D2LNEOdYQq5mu9hjoQTZQ,youtube,UC3D2LNEOdYQq5mu9hjoQTZQ,ROOKCAN ch〖DPX〗,https://www.youtube.com/channel/UC3D2LNEOdYQq5mu9hjoQTZQ,HOLD_NEEDS_CHANNEL_REVIEW,NO_CHANNEL_ELIGIBILITY_REVIEW,False
youtube:UC3DORp_0MHcP00w2JxQ88_Q,youtube,UC3DORp_0MHcP00w2JxQ88_Q,SHIRO K. Channel,https://www.youtube.com/channel/UC3DORp_0MHcP00w2JxQ88_Q,HOLD_NEEDS_CHANNEL_REVIEW,NO_CHANNEL_ELIGIBILITY_REVIEW,False
youtube:UC3H7_4Gz8PhHeMz0hHwuFTw,youtube,UC3H7_4Gz8PhHeMz0hHwuFTw,Morika Rei【ARRI】[Graduated],https://www.youtube.com/channel/UC3H7_4Gz8PhHeMz0hHwuFTw,HOLD_NEEDS_CHANNEL_REVIEW,NO_CHANNEL_ELIGIBILITY_REVIEW,False
youtube:UC3HM8L5j53x0WsliGNTXhbQ,youtube,UC3HM8L5j53x0WsliGNTXhbQ,Shanaru Ch.,https://www.youtube.com/channel/UC3HM8L5j53x0WsliGNTXhbQ,HOLD_NEEDS_CHANNEL_REVIEW,NO_CHANNEL_ELIGIBILITY_REVIEW,False
youtube:UC3JqFoY66A90sdqe46mvbTA,youtube,UC3JqFoY66A90sdqe46mvbTA,Eli Aharon 「イーライ」,https://www.youtube.com/channel/UC3JqFoY66A90sdqe46mvbTA,HOLD_NEEDS_CHANNEL_REVIEW,NO_CHANNEL_ELIGIBILITY_REVIEW,False
youtube:UC3K3Crh966nzLx41obfJhaA,youtube,UC3K3Crh966nzLx41obfJhaA,Drako Nya Mio,https://www.youtube.com/channel/UC3K3Crh966nzLx41obfJhaA,HOLD_NEEDS_CHANNEL_REVIEW,NO_CHANNEL_ELIGIBILITY_REVIEW,False
youtube:UC3OnR-Tqd8dHmY-XNHO4iZw,youtube,UC3OnR-Tqd8dHmY-XNHO4iZw,kukiko hikaru,https://www.youtube.com/channel/UC3OnR-Tqd8dHmY-XNHO4iZw,HOLD_NEEDS_CHANNEL_REVIEW,NO_CHANNEL_ELIGIBILITY_REVIEW,False
youtube:UC3PeUyEXBffDBFpOiuk0odQ,youtube,UC3PeUyEXBffDBFpOiuk0odQ,Jisooman Ch.,https://www.youtube.com/channel/UC3PeUyEXBffDBFpOiuk0odQ,HOLD_NEEDS_CHANNEL_REVIEW,NO_CHANNEL_ELIGIBILITY_REVIEW,False
youtube:UC3QFzOkthyhz4O1w7x7k3uQ,youtube,UC3QFzOkthyhz4O1w7x7k3uQ,WhanYenJiab Channel,https://www.youtube.com/channel/UC3QFzOkthyhz4O1w7x7k3uQ,HOLD_NEEDS_CHANNEL_REVIEW,NO_CHANNEL_ELIGIBILITY_REVIEW,False
youtube:UC3QIcnp1II_iCt-_JG8btKQ,youtube,UC3QIcnp1II_iCt-_JG8btKQ,Era Ch.【ARP】,https://www.youtube.com/channel/UC3QIcnp1II_iCt-_JG8btKQ,HOLD_NEEDS_CHANNEL_REVIEW,NO_CHANNEL_ELIGIBILITY_REVIEW,False
youtube:UC3QTic1iBGQN_LzWo7JfDKQ,youtube,UC3QTic1iBGQN_LzWo7JfDKQ,CallistoSoCool Ch.,https://www.youtube.com/channel/UC3QTic1iBGQN_LzWo7JfDKQ,HOLD_NEEDS_CHANNEL_REVIEW,NO_CHANNEL_ELIGIBILITY_REVIEW,False
youtube:UC3TQ2myWZR8pZiUZ6Cs0-Sw,youtube,UC3TQ2myWZR8pZiUZ6Cs0-Sw,Bianca Ch. 【ARP】,https://www.youtube.com/channel/UC3TQ2myWZR8pZiUZ6Cs0-Sw,HOLD_NEEDS_CHANNEL_REVIEW,NO_CHANNEL_ELIGIBILITY_REVIEW,False
youtube:UC3ZglUA0HEUCuGbe5b8zXKw,youtube,UC3ZglUA0HEUCuGbe5b8zXKw,The Lupas,https://www.youtube.com/channel/UC3ZglUA0HEUCuGbe5b8zXKw,HOLD_NEEDS_CHANNEL_REVIEW,NO_CHANNEL_ELIGIBILITY_REVIEW,False
youtube:UC3aHMGHRuQAonBUpE2a94bA,youtube,UC3aHMGHRuQAonBUpE2a94bA,Ryoukatsu Ch.,https://www.youtube.com/channel/UC3aHMGHRuQAonBUpE2a94bA,HOLD_NEEDS_CHANNEL_REVIEW,NO_CHANNEL_ELIGIBILITY_REVIEW,False
youtube:UC3cucsq4iSW-mU8-E18ESCQ,youtube,UC3cucsq4iSW-mU8-E18ESCQ,Cordelia Mairi Ch.,https://www.youtube.com/channel/UC3cucsq4iSW-mU8-E18ESCQ,HOLD_NEEDS_CHANNEL_REVIEW,NO_CHANNEL_ELIGIBILITY_REVIEW,False
youtube:UC3ea-AGQlCDx_XOMO58C0Jg,youtube,UC3ea-AGQlCDx_XOMO58C0Jg,The Doll Tales,https://www.youtube.com/channel/UC3ea-AGQlCDx_XOMO58C0Jg,HOLD_NEEDS_CHANNEL_REVIEW,NO_CHANNEL_ELIGIBILITY_REVIEW,False
youtube:UC3gREX7tB8vEhPFgAOGr9xg,youtube,UC3gREX7tB8vEhPFgAOGr9xg,1KFuu Ch.,https://www.youtube.com/channel/UC3gREX7tB8vEhPFgAOGr9xg,HOLD_NEEDS_CHANNEL_REVIEW,NO_CHANNEL_ELIGIBILITY_REVIEW,False
youtube:UC3it6w4G8eUA98J2w60gBDQ,youtube,UC3it6w4G8eUA98J2w60gBDQ,Orca-Okaru CH,https://www.youtube.com/channel/UC3it6w4G8eUA98J2w60gBDQ,HOLD_NEEDS_CHANNEL_REVIEW,NO_CHANNEL_ELIGIBILITY_REVIEW,False
youtube:UC3lFI2WTG-d0KrTRwAbjAlw,youtube,UC3lFI2WTG-d0KrTRwAbjAlw,Aiden Leonheart【SRV】,https://www.youtube.com/channel/UC3lFI2WTG-d0KrTRwAbjAlw,HOLD_NEEDS_CHANNEL_REVIEW,NO_CHANNEL_ELIGIBILITY_REVIEW,False
youtube:UC3qWSgyoIB-pyGhjTBUwQww,youtube,UC3qWSgyoIB-pyGhjTBUwQww,Zoel Ch.,https://www.youtube.com/channel/UC3qWSgyoIB-pyGhjTBUwQww,HOLD_NEEDS_CHANNEL_REVIEW,NO_CHANNEL_ELIGIBILITY_REVIEW,False
youtube:UC3rL0_fwhvTx0zpFj4pn5Dw,youtube,UC3rL0_fwhvTx0zpFj4pn5Dw,Timothy Weii Ch.,https://www.youtube.com/channel/UC3rL0_fwhvTx0zpFj4pn5Dw,HOLD_NEEDS_CHANNEL_REVIEW,NO_CHANNEL_ELIGIBILITY_REVIEW,False
youtube:UC4194MxDKFwBEFtaFbwwM7g,youtube,UC4194MxDKFwBEFtaFbwwM7g,Sour,https://www.youtube.com/channel/UC4194MxDKFwBEFtaFbwwM7g,HOLD_NEEDS_CHANNEL_REVIEW,NO_CHANNEL_ELIGIBILITY_REVIEW,False
youtube:UC42syJbZL4oBacK-QFTie6w,youtube,UC42syJbZL4oBacK-QFTie6w,Astella Rieka Ch.,https://www.youtube.com/channel/UC42syJbZL4oBacK-QFTie6w,HOLD_NEEDS_CHANNEL_REVIEW,NO_CHANNEL_ELIGIBILITY_REVIEW,False
youtube:UC4CQvHd-rReEpxE43dluLYQ,youtube,UC4CQvHd-rReEpxE43dluLYQ,X-JEVZ,https://www.youtube.com/channel/UC4CQvHd-rReEpxE43dluLYQ,HOLD_NEEDS_CHANNEL_REVIEW,NO_CHANNEL_ELIGIBILITY_REVIEW,False
youtube:UC4Ceq8atGdQu58Dn3YKF1Ig,youtube,UC4Ceq8atGdQu58Dn3YKF1Ig,T หมาป่าบลูเบอร์รี่ Wolfficial,https://www.youtube.com/channel/UC4Ceq8atGdQu58Dn3YKF1Ig,HOLD_NEEDS_CHANNEL_REVIEW,EXACT_CHANNEL_ID_REVIEW,False
youtube:UC4EiUVIMjw-SE6_6Kt0Mk-g,youtube,UC4EiUVIMjw-SE6_6Kt0Mk-g, เช่ค้าบ 𝗟𝗨𝗖𝗛𝗘,https://www.youtube.com/channel/UC4EiUVIMjw-SE6_6Kt0Mk-g,HOLD_NEEDS_CHANNEL_REVIEW,EXACT_CHANNEL_ID_REVIEW,False
youtube:UC4IVinDrDxJGqolrsYSwnnw,youtube,UC4IVinDrDxJGqolrsYSwnnw,thomashi ch. 翔真志,https://www.youtube.com/channel/UC4IVinDrDxJGqolrsYSwnnw,HOLD_NEEDS_CHANNEL_REVIEW,NO_CHANNEL_ELIGIBILITY_REVIEW,False
youtube:UC4JQ9apR_7oHuqn05Zzy1KA,youtube,UC4JQ9apR_7oHuqn05Zzy1KA,Tako_TK Ch.,https://www.youtube.com/channel/UC4JQ9apR_7oHuqn05Zzy1KA,HOLD_NEEDS_CHANNEL_REVIEW,NO_CHANNEL_ELIGIBILITY_REVIEW,False
youtube:UC4P6ez9eO2Lv8Jun5zXaVMg,youtube,UC4P6ez9eO2Lv8Jun5zXaVMg,sSolarly Ch.,https://www.youtube.com/channel/UC4P6ez9eO2Lv8Jun5zXaVMg,HOLD_NEEDS_CHANNEL_REVIEW,EXACT_CHANNEL_ID_REVIEW,False
youtube:UC4QiJt8a2VjOnwI-0zzMsKA,youtube,UC4QiJt8a2VjOnwI-0zzMsKA,Kanon Official,https://www.youtube.com/channel/UC4QiJt8a2VjOnwI-0zzMsKA,HOLD_NEEDS_CHANNEL_REVIEW,NO_CHANNEL_ELIGIBILITY_REVIEW,False
youtube:UC4QwUkFO1_JJe_TTN5jYoyA,youtube,UC4QwUkFO1_JJe_TTN5jYoyA,Atsuki丨アツキ,https://www.youtube.com/channel/UC4QwUkFO1_JJe_TTN5jYoyA,HOLD_NEEDS_CHANNEL_REVIEW,NO_CHANNEL_ELIGIBILITY_REVIEW,False
youtube:UC4Ty5GzSA5YjeXN-DqPIWfA,youtube,UC4Ty5GzSA5YjeXN-DqPIWfA,Rewarin Ch.,https://www.youtube.com/channel/UC4Ty5GzSA5YjeXN-DqPIWfA,HOLD_NEEDS_CHANNEL_REVIEW,NO_CHANNEL_ELIGIBILITY_REVIEW,False
youtube:UC4fR2AniBIratHesKgQyHiw,youtube,UC4fR2AniBIratHesKgQyHiw,Nokk_tt Ch.,https://www.youtube.com/channel/UC4fR2AniBIratHesKgQyHiw,HOLD_NEEDS_CHANNEL_REVIEW,NO_CHANNEL_ELIGIBILITY_REVIEW,False
youtube:UC4gflcsvblzsnCtNddgDSQA,youtube,UC4gflcsvblzsnCtNddgDSQA,Moia | โมเอีย 🪶,https://www.youtube.com/channel/UC4gflcsvblzsnCtNddgDSQA,HOLD_NEEDS_CHANNEL_REVIEW,NO_CHANNEL_ELIGIBILITY_REVIEW,False
youtube:UC4kzIt5iyX7QC27TTKfUnXA,youtube,UC4kzIt5iyX7QC27TTKfUnXA,Witchy Rochelle,https://www.youtube.com/channel/UC4kzIt5iyX7QC27TTKfUnXA,HOLD_NEEDS_CHANNEL_REVIEW,NO_CHANNEL_ELIGIBILITY_REVIEW,False
youtube:UC4nsIGJlPXdVHJ61TQdEzfQ,youtube,UC4nsIGJlPXdVHJ61TQdEzfQ,Mariabell Rain - 雨 ,https://www.youtube.com/channel/UC4nsIGJlPXdVHJ61TQdEzfQ,HOLD_NEEDS_CHANNEL_REVIEW,NO_CHANNEL_ELIGIBILITY_REVIEW,False
youtube:UC4sCp51x2lBXf7x2Uy_fj_A,youtube,UC4sCp51x2lBXf7x2Uy_fj_A,Sistra Lyrics《 OTL 》,https://www.youtube.com/channel/UC4sCp51x2lBXf7x2Uy_fj_A,HOLD_NEEDS_CHANNEL_REVIEW,EXACT_CHANNEL_ID_REVIEW,False
youtube:UC4t1p_Eg0GcjdrdctUIAaug,youtube,UC4t1p_Eg0GcjdrdctUIAaug,MAYANuT,https://www.youtube.com/channel/UC4t1p_Eg0GcjdrdctUIAaug,HOLD_NEEDS_CHANNEL_REVIEW,EXACT_CHANNEL_ID_REVIEW,False
youtube:UC51b_p9sAVzl9PIwnVe0Wnw,youtube,UC51b_p9sAVzl9PIwnVe0Wnw,Kamphee soAlone Ch. [Autumnia],https://www.youtube.com/channel/UC51b_p9sAVzl9PIwnVe0Wnw,HOLD_NEEDS_CHANNEL_REVIEW,NO_CHANNEL_ELIGIBILITY_REVIEW,False
youtube:UC52dzPlsz8jN2hIevufKCHA,youtube,UC52dzPlsz8jN2hIevufKCHA,ALhong 『VTG』,https://www.youtube.com/channel/UC52dzPlsz8jN2hIevufKCHA,HOLD_NEEDS_CHANNEL_REVIEW,NO_CHANNEL_ELIGIBILITY_REVIEW,False
youtube:UC548-tLEd7-0kgzXGeSdUtw,youtube,UC548-tLEd7-0kgzXGeSdUtw,MIEMER,https://www.youtube.com/channel/UC548-tLEd7-0kgzXGeSdUtw,HOLD_NEEDS_CHANNEL_REVIEW,NO_CHANNEL_ELIGIBILITY_REVIEW,False
youtube:UC594RC-Qw6XeppHmxJWOZGg,youtube,UC594RC-Qw6XeppHmxJWOZGg,Saviola JTM Channel,https://www.youtube.com/channel/UC594RC-Qw6XeppHmxJWOZGg,HOLD_NEEDS_CHANNEL_REVIEW,NO_CHANNEL_ELIGIBILITY_REVIEW,False
youtube:UC5FZBzrjJ0DQwkP6D91M-0g,youtube,UC5FZBzrjJ0DQwkP6D91M-0g,ZINZIER Ch.,https://www.youtube.com/channel/UC5FZBzrjJ0DQwkP6D91M-0g,HOLD_NEEDS_CHANNEL_REVIEW,NO_CHANNEL_ELIGIBILITY_REVIEW,False
youtube:UC5HQtSunzJjhS-XcBdbUC6Q,youtube,UC5HQtSunzJjhS-XcBdbUC6Q,Woofna ch. ,https://www.youtube.com/channel/UC5HQtSunzJjhS-XcBdbUC6Q,HOLD_NEEDS_CHANNEL_REVIEW,NO_CHANNEL_ELIGIBILITY_REVIEW,False
youtube:UC5N4WI1wHPrffHY-r1FtnIw,youtube,UC5N4WI1wHPrffHY-r1FtnIw,RESU,https://www.youtube.com/channel/UC5N4WI1wHPrffHY-r1FtnIw,HOLD_NEEDS_CHANNEL_REVIEW,NO_CHANNEL_ELIGIBILITY_REVIEW,False
youtube:UC5NrMFPWAtcfNH8ibcBlWhQ,youtube,UC5NrMFPWAtcfNH8ibcBlWhQ,霧死 - Kirishi,https://www.youtube.com/channel/UC5NrMFPWAtcfNH8ibcBlWhQ,HOLD_NEEDS_CHANNEL_REVIEW,NO_CHANNEL_ELIGIBILITY_REVIEW,False
youtube:UC5NtCgUU-vQC_GrtzSUeSZA,youtube,UC5NtCgUU-vQC_GrtzSUeSZA,Gloria ch.【21PM】,https://www.youtube.com/channel/UC5NtCgUU-vQC_GrtzSUeSZA,HOLD_NEEDS_CHANNEL_REVIEW,NO_CHANNEL_ELIGIBILITY_REVIEW,False
youtube:UC5RdVorohRmiGKHN4VHYZJg,youtube,UC5RdVorohRmiGKHN4VHYZJg,TAIYO BOUKEN Ch.,https://www.youtube.com/channel/UC5RdVorohRmiGKHN4VHYZJg,HOLD_NEEDS_CHANNEL_REVIEW,NO_CHANNEL_ELIGIBILITY_REVIEW,False
youtube:UC5TnSrUJmrC_KFW9VLi37lA,youtube,UC5TnSrUJmrC_KFW9VLi37lA,ArrLost Ch.,https://www.youtube.com/channel/UC5TnSrUJmrC_KFW9VLi37lA,HOLD_NEEDS_CHANNEL_REVIEW,NO_CHANNEL_ELIGIBILITY_REVIEW,False
youtube:UC5VPIoY1j_x9UZSqkpwg8jw,youtube,UC5VPIoY1j_x9UZSqkpwg8jw,Maya Oboro Ch.,https://www.youtube.com/channel/UC5VPIoY1j_x9UZSqkpwg8jw,HOLD_NEEDS_CHANNEL_REVIEW,NO_CHANNEL_ELIGIBILITY_REVIEW,False
youtube:UC5ZB56gBvLOM3e_eVioCrCQ,youtube,UC5ZB56gBvLOM3e_eVioCrCQ,Bettha Ch.,https://www.youtube.com/channel/UC5ZB56gBvLOM3e_eVioCrCQ,HOLD_NEEDS_CHANNEL_REVIEW,NO_CHANNEL_ELIGIBILITY_REVIEW,False
youtube:UC5ZH6Ynk7iBN4wJBanvhXcg,youtube,UC5ZH6Ynk7iBN4wJBanvhXcg,Janus ch.「TRR」,https://www.youtube.com/channel/UC5ZH6Ynk7iBN4wJBanvhXcg,HOLD_NEEDS_CHANNEL_REVIEW,NO_CHANNEL_ELIGIBILITY_REVIEW,False
youtube:UC5hOgx6yvYrY8Rn1zaxAY1A,youtube,UC5hOgx6yvYrY8Rn1zaxAY1A,Zelune Noctarielle 🌙,https://www.youtube.com/channel/UC5hOgx6yvYrY8Rn1zaxAY1A,HOLD_NEEDS_CHANNEL_REVIEW,NO_CHANNEL_ELIGIBILITY_REVIEW,False
youtube:UC5kkY1f25n1e9KYxSKVtUpg,youtube,UC5kkY1f25n1e9KYxSKVtUpg,XETSU Ch. / QURSE,https://www.youtube.com/channel/UC5kkY1f25n1e9KYxSKVtUpg,HOLD_NEEDS_CHANNEL_REVIEW,NO_CHANNEL_ELIGIBILITY_REVIEW,False
youtube:UC5lHMQtDJF1h2-s0nCBQpoA,youtube,UC5lHMQtDJF1h2-s0nCBQpoA,Somjeedbanrai【VJN】,https://www.youtube.com/channel/UC5lHMQtDJF1h2-s0nCBQpoA,HOLD_NEEDS_CHANNEL_REVIEW,NO_CHANNEL_ELIGIBILITY_REVIEW,False
youtube:UC5wA30Tc9ONbRjj6QNinH9w,youtube,UC5wA30Tc9ONbRjj6QNinH9w,Kayo Ch. 【かよCh.】◣PLO◥,https://www.youtube.com/channel/UC5wA30Tc9ONbRjj6QNinH9w,HOLD_NEEDS_CHANNEL_REVIEW,EXACT_CHANNEL_ID_REVIEW,False
youtube:UC5x2tcpXNa1dZx035isZKWQ,youtube,UC5x2tcpXNa1dZx035isZKWQ,LunaLumIIna 「 PRD 」,https://www.youtube.com/channel/UC5x2tcpXNa1dZx035isZKWQ,HOLD_NEEDS_CHANNEL_REVIEW,NO_CHANNEL_ELIGIBILITY_REVIEW,False
youtube:UC5zC3ZIFihxnJBNaJU9cZcQ,youtube,UC5zC3ZIFihxnJBNaJU9cZcQ,Elphylia CH.,https://www.youtube.com/channel/UC5zC3ZIFihxnJBNaJU9cZcQ,HOLD_NEEDS_CHANNEL_REVIEW,EXACT_CHANNEL_ID_REVIEW,False
youtube:UC60htQi5nenKGnv6lEdGF_g,youtube,UC60htQi5nenKGnv6lEdGF_g,Kamienø Stąr Ch.【PSM】,https://www.youtube.com/channel/UC60htQi5nenKGnv6lEdGF_g,HOLD_NEEDS_CHANNEL_REVIEW,EXACT_CHANNEL_ID_REVIEW,False
youtube:UC64_YFnoPvaGUSv4fpozr1w,youtube,UC64_YFnoPvaGUSv4fpozr1w,MONARICA ,https://www.youtube.com/channel/UC64_YFnoPvaGUSv4fpozr1w,HOLD_NEEDS_CHANNEL_REVIEW,NO_CHANNEL_ELIGIBILITY_REVIEW,False
youtube:UC66RiI-qzUfCiZzcmjU8T3A,youtube,UC66RiI-qzUfCiZzcmjU8T3A,Snowfern_,https://www.youtube.com/channel/UC66RiI-qzUfCiZzcmjU8T3A,HOLD_NEEDS_CHANNEL_REVIEW,NO_CHANNEL_ELIGIBILITY_REVIEW,False
youtube:UC68XQCQ4MOys5hfxi3jW34g,youtube,UC68XQCQ4MOys5hfxi3jW34g,Norik Garcia Ch.,https://www.youtube.com/channel/UC68XQCQ4MOys5hfxi3jW34g,HOLD_NEEDS_CHANNEL_REVIEW,NO_CHANNEL_ELIGIBILITY_REVIEW,False
youtube:UC6Dl6t5ceRRpRx5VwkQWPTw,youtube,UC6Dl6t5ceRRpRx5VwkQWPTw,Lamppy,https://www.youtube.com/channel/UC6Dl6t5ceRRpRx5VwkQWPTw,HOLD_NEEDS_CHANNEL_REVIEW,NO_CHANNEL_ELIGIBILITY_REVIEW,False
youtube:UC6Ea68DSHlXrcy9uIw4oUIg,youtube,UC6Ea68DSHlXrcy9uIw4oUIg,Lanlongying Ch.,https://www.youtube.com/channel/UC6Ea68DSHlXrcy9uIw4oUIg,HOLD_NEEDS_CHANNEL_REVIEW,NO_CHANNEL_ELIGIBILITY_REVIEW,False
youtube:UC6JIG9kjnF3ml6gLudTyzuA,youtube,UC6JIG9kjnF3ml6gLudTyzuA,Zuii Ch.,https://www.youtube.com/channel/UC6JIG9kjnF3ml6gLudTyzuA,HOLD_NEEDS_CHANNEL_REVIEW,NO_CHANNEL_ELIGIBILITY_REVIEW,False
youtube:UC6KTB79XRwx_iwxnrIEvHQA,youtube,UC6KTB79XRwx_iwxnrIEvHQA,Seiji San,https://www.youtube.com/channel/UC6KTB79XRwx_iwxnrIEvHQA,HOLD_NEEDS_CHANNEL_REVIEW,NO_CHANNEL_ELIGIBILITY_REVIEW,False
youtube:UC6KkQjryShrw6MRBPX6XMmw,youtube,UC6KkQjryShrw6MRBPX6XMmw,Rahhatem Ch.【PSM】,https://www.youtube.com/channel/UC6KkQjryShrw6MRBPX6XMmw,HOLD_NEEDS_CHANNEL_REVIEW,NO_CHANNEL_ELIGIBILITY_REVIEW,False
youtube:UC6V9R4VQTjewZj-xfnqrO_g,youtube,UC6V9R4VQTjewZj-xfnqrO_g,Xeran Ch,https://www.youtube.com/channel/UC6V9R4VQTjewZj-xfnqrO_g,HOLD_NEEDS_CHANNEL_REVIEW,NO_CHANNEL_ELIGIBILITY_REVIEW,False
youtube:UC6iflr_8DNUZl0hY0FUXWbQ,youtube,UC6iflr_8DNUZl0hY0FUXWbQ,XIAOLI《小莉》,https://www.youtube.com/channel/UC6iflr_8DNUZl0hY0FUXWbQ,HOLD_NEEDS_CHANNEL_REVIEW,EXACT_CHANNEL_ID_REVIEW,False
youtube:UC6jEdLoM959IpJeDP5sYgaQ,youtube,UC6jEdLoM959IpJeDP5sYgaQ,Wan Jan,https://www.youtube.com/channel/UC6jEdLoM959IpJeDP5sYgaQ,HOLD_NEEDS_CHANNEL_REVIEW,NO_CHANNEL_ELIGIBILITY_REVIEW,False
youtube:UC6kddWCoJL4IneTbHRFnViQ,youtube,UC6kddWCoJL4IneTbHRFnViQ,Shin Inbox,https://www.youtube.com/channel/UC6kddWCoJL4IneTbHRFnViQ,HOLD_NEEDS_CHANNEL_REVIEW,NO_CHANNEL_ELIGIBILITY_REVIEW,False
youtube:UC6mMhtBN142AdbakQVDricQ,youtube,UC6mMhtBN142AdbakQVDricQ,Elena Elle | AcastledProject,https://www.youtube.com/channel/UC6mMhtBN142AdbakQVDricQ,HOLD_NEEDS_CHANNEL_REVIEW,NO_CHANNEL_ELIGIBILITY_REVIEW,False
youtube:UC6uFH49ET-CCA_a4rMdfBdA,youtube,UC6uFH49ET-CCA_a4rMdfBdA,Merryl Wayne,https://www.youtube.com/channel/UC6uFH49ET-CCA_a4rMdfBdA,HOLD_NEEDS_CHANNEL_REVIEW,NO_CHANNEL_ELIGIBILITY_REVIEW,False
youtube:UC6zUAJO-4874qj9agP7idbg,youtube,UC6zUAJO-4874qj9agP7idbg,Hugo Ch. Vprolive,https://www.youtube.com/channel/UC6zUAJO-4874qj9agP7idbg,HOLD_NEEDS_CHANNEL_REVIEW,NO_CHANNEL_ELIGIBILITY_REVIEW,False
youtube:UC7-ZM8Wi1U6yerqHSEq5tlA,youtube,UC7-ZM8Wi1U6yerqHSEq5tlA,Pleiades Frontier【21PM】,https://www.youtube.com/channel/UC7-ZM8Wi1U6yerqHSEq5tlA,HOLD_NEEDS_CHANNEL_REVIEW,NO_CHANNEL_ELIGIBILITY_REVIEW,False
youtube:UC7BIFEORuYKNyE9d_Y2-sVw,youtube,UC7BIFEORuYKNyE9d_Y2-sVw,RieLKurasaki  ,https://www.youtube.com/channel/UC7BIFEORuYKNyE9d_Y2-sVw,HOLD_NEEDS_CHANNEL_REVIEW,NO_CHANNEL_ELIGIBILITY_REVIEW,False
youtube:UC7QHNjS_btGI8AhRkju_NxQ,youtube,UC7QHNjS_btGI8AhRkju_NxQ,Another Beariss,https://www.youtube.com/channel/UC7QHNjS_btGI8AhRkju_NxQ,HOLD_NEEDS_CHANNEL_REVIEW,NO_CHANNEL_ELIGIBILITY_REVIEW,False
youtube:UC7iCSRt7Jej2XE0MaM9gPgg,youtube,UC7iCSRt7Jej2XE0MaM9gPgg,YuChan Channel ⌜VZ⌟,https://www.youtube.com/channel/UC7iCSRt7Jej2XE0MaM9gPgg,HOLD_NEEDS_CHANNEL_REVIEW,NO_CHANNEL_ELIGIBILITY_REVIEW,False
youtube:UC7kqvU3tDlBUJlkpcB7252A,youtube,UC7kqvU3tDlBUJlkpcB7252A,Yobi Shiro Ch.,https://www.youtube.com/channel/UC7kqvU3tDlBUJlkpcB7252A,HOLD_NEEDS_CHANNEL_REVIEW,NO_CHANNEL_ELIGIBILITY_REVIEW,False
youtube:UC7ks6YhbNxNIJzJUKRH0OQA,youtube,UC7ks6YhbNxNIJzJUKRH0OQA,In0suke,https://www.youtube.com/channel/UC7ks6YhbNxNIJzJUKRH0OQA,HOLD_NEEDS_CHANNEL_REVIEW,NO_CHANNEL_ELIGIBILITY_REVIEW,False
youtube:UC7mdtnzH9kw4sBoZvmfcI9Q,youtube,UC7mdtnzH9kw4sBoZvmfcI9Q,SUWAPIS,https://www.youtube.com/channel/UC7mdtnzH9kw4sBoZvmfcI9Q,HOLD_NEEDS_CHANNEL_REVIEW,NO_CHANNEL_ELIGIBILITY_REVIEW,False
youtube:UC7rJN7zzIdUfNogj1RnTXDw,youtube,UC7rJN7zzIdUfNogj1RnTXDw,SaySheath,https://www.youtube.com/channel/UC7rJN7zzIdUfNogj1RnTXDw,HOLD_NEEDS_CHANNEL_REVIEW,NO_CHANNEL_ELIGIBILITY_REVIEW,False
youtube:UC7txsIaSjDTuvN7h9BzVAsw,youtube,UC7txsIaSjDTuvN7h9BzVAsw,Kiran Regalia『AST』 ,https://www.youtube.com/channel/UC7txsIaSjDTuvN7h9BzVAsw,HOLD_NEEDS_CHANNEL_REVIEW,NO_CHANNEL_ELIGIBILITY_REVIEW,False
youtube:UC7uttDpQDJ3bdnU8u8gZzbQ,youtube,UC7uttDpQDJ3bdnU8u8gZzbQ,Junichi Channel,https://www.youtube.com/channel/UC7uttDpQDJ3bdnU8u8gZzbQ,HOLD_NEEDS_CHANNEL_REVIEW,NO_CHANNEL_ELIGIBILITY_REVIEW,False
youtube:UC8-JXAccuh7DvI_A_lObw-w,youtube,UC8-JXAccuh7DvI_A_lObw-w,Uniinu ch. Euphora,https://www.youtube.com/channel/UC8-JXAccuh7DvI_A_lObw-w,HOLD_NEEDS_CHANNEL_REVIEW,NO_CHANNEL_ELIGIBILITY_REVIEW,False
youtube:UC82qGW5XAba3LYqMEmiVBgg,youtube,UC82qGW5XAba3LYqMEmiVBgg,Naoki Yuuto Ch.,https://www.youtube.com/channel/UC82qGW5XAba3LYqMEmiVBgg,HOLD_NEEDS_CHANNEL_REVIEW,EXACT_CHANNEL_ID_REVIEW,False
youtube:UC8A9JEM4P4ywcQvqo2ZDX-A,youtube,UC8A9JEM4P4ywcQvqo2ZDX-A,RIN_RINZ Ch.,https://www.youtube.com/channel/UC8A9JEM4P4ywcQvqo2ZDX-A,HOLD_NEEDS_CHANNEL_REVIEW,NO_CHANNEL_ELIGIBILITY_REVIEW,False
youtube:UC8DTBPbQq0NZNo2RtCtTXuw,youtube,UC8DTBPbQq0NZNo2RtCtTXuw,Flora Vtuber Project,https://www.youtube.com/channel/UC8DTBPbQq0NZNo2RtCtTXuw,EXCLUDE_NON_PERSONA_ACCOUNT,EXACT_CHANNEL_ID_REVIEW,False
youtube:UC8F193K1kmD8_MB2F3wLVXQ,youtube,UC8F193K1kmD8_MB2F3wLVXQ,FoodieFo ch ⌜VZ⌟,https://www.youtube.com/channel/UC8F193K1kmD8_MB2F3wLVXQ,HOLD_NEEDS_CHANNEL_REVIEW,NO_CHANNEL_ELIGIBILITY_REVIEW,False
youtube:UC8JQQZeNeEmiFbgtYmuFTVQ,youtube,UC8JQQZeNeEmiFbgtYmuFTVQ,Masato Ch.😈 | VtuberTH,https://www.youtube.com/channel/UC8JQQZeNeEmiFbgtYmuFTVQ,HOLD_NEEDS_CHANNEL_REVIEW,NO_CHANNEL_ELIGIBILITY_REVIEW,False
youtube:UC8Qt3A_iRI_ShDDCtfHpZaA,youtube,UC8Qt3A_iRI_ShDDCtfHpZaA,Adama MiSE Ch.,https://www.youtube.com/channel/UC8Qt3A_iRI_ShDDCtfHpZaA,HOLD_NEEDS_CHANNEL_REVIEW,NO_CHANNEL_ELIGIBILITY_REVIEW,False
youtube:UC8Wd2kN3xc_c8ppnBON_luw,youtube,UC8Wd2kN3xc_c8ppnBON_luw,Pekorin SSR,https://www.youtube.com/channel/UC8Wd2kN3xc_c8ppnBON_luw,HOLD_NEEDS_CHANNEL_REVIEW,NO_CHANNEL_ELIGIBILITY_REVIEW,False
youtube:UC8bJCt2cONnB9AooIC6fomw,youtube,UC8bJCt2cONnB9AooIC6fomw,Lucid Ch.,https://www.youtube.com/channel/UC8bJCt2cONnB9AooIC6fomw,HOLD_NEEDS_CHANNEL_REVIEW,NO_CHANNEL_ELIGIBILITY_REVIEW,False
youtube:UC8cpV2XY6w58Ftbx_yMBc6w,youtube,UC8cpV2XY6w58Ftbx_yMBc6w,Soleil Ch.,https://www.youtube.com/channel/UC8cpV2XY6w58Ftbx_yMBc6w,HOLD_NEEDS_CHANNEL_REVIEW,NO_CHANNEL_ELIGIBILITY_REVIEW,False
youtube:UC8hIV_IaH0IIObGBw0engEQ,youtube,UC8hIV_IaH0IIObGBw0engEQ,Haru CH.,https://www.youtube.com/channel/UC8hIV_IaH0IIObGBw0engEQ,HOLD_NEEDS_CHANNEL_REVIEW,NO_CHANNEL_ELIGIBILITY_REVIEW,False
youtube:UC8iTIbRueIONUDDgHN74JHw,youtube,UC8iTIbRueIONUDDgHN74JHw,MikiVtuber,https://www.youtube.com/channel/UC8iTIbRueIONUDDgHN74JHw,HOLD_NEEDS_CHANNEL_REVIEW,NO_CHANNEL_ELIGIBILITY_REVIEW,False
youtube:UC8lQ60XP8szvj0GHwxYUS2Q,youtube,UC8lQ60XP8szvj0GHwxYUS2Q,Kyomu Ch.,https://www.youtube.com/channel/UC8lQ60XP8szvj0GHwxYUS2Q,HOLD_NEEDS_CHANNEL_REVIEW,NO_CHANNEL_ELIGIBILITY_REVIEW,False
youtube:UC8pTkUvJe50zHIbl8LkZphQ,youtube,UC8pTkUvJe50zHIbl8LkZphQ,SeraPhyne Ch【ECR】,https://www.youtube.com/channel/UC8pTkUvJe50zHIbl8LkZphQ,HOLD_NEEDS_CHANNEL_REVIEW,NO_CHANNEL_ELIGIBILITY_REVIEW,False
youtube:UC8xAtvAk_HX1j3egTO7ylIQ,youtube,UC8xAtvAk_HX1j3egTO7ylIQ,Roselia de Magentia Ch. Pixela S,https://www.youtube.com/channel/UC8xAtvAk_HX1j3egTO7ylIQ,HOLD_NEEDS_CHANNEL_REVIEW,NO_CHANNEL_ELIGIBILITY_REVIEW,False
youtube:UC8xrzfcBL_42uWEf-8pO6og,youtube,UC8xrzfcBL_42uWEf-8pO6og,土曜日関根 Doyoubi Sekine [ECR],https://www.youtube.com/channel/UC8xrzfcBL_42uWEf-8pO6og,HOLD_NEEDS_CHANNEL_REVIEW,NO_CHANNEL_ELIGIBILITY_REVIEW,False
youtube:UC90zZA9j8jdWVb5NNqddKQQ,youtube,UC90zZA9j8jdWVb5NNqddKQQ,OkiChinaToy,https://www.youtube.com/channel/UC90zZA9j8jdWVb5NNqddKQQ,HOLD_NEEDS_CHANNEL_REVIEW,NO_CHANNEL_ELIGIBILITY_REVIEW,False
youtube:UC93X4Rs0vDthp-qsZu4TQpg,youtube,UC93X4Rs0vDthp-qsZu4TQpg,Allure TND.【Mystery】,https://www.youtube.com/channel/UC93X4Rs0vDthp-qsZu4TQpg,HOLD_NEEDS_CHANNEL_REVIEW,NO_CHANNEL_ELIGIBILITY_REVIEW,False
youtube:UC9CzeQQnApnpW8-KIsqKwWQ,youtube,UC9CzeQQnApnpW8-KIsqKwWQ,Anya Smith,https://www.youtube.com/channel/UC9CzeQQnApnpW8-KIsqKwWQ,HOLD_NEEDS_CHANNEL_REVIEW,NO_CHANNEL_ELIGIBILITY_REVIEW,False
youtube:UC9PtF5-uRTZEUuOS5tr1Gxg,youtube,UC9PtF5-uRTZEUuOS5tr1Gxg,นางิริน | Nagirin 【RE:S】,https://www.youtube.com/channel/UC9PtF5-uRTZEUuOS5tr1Gxg,HOLD_NEEDS_CHANNEL_REVIEW,NO_CHANNEL_ELIGIBILITY_REVIEW,False
youtube:UC9TMDpET50CJkgQnB56Xj5g,youtube,UC9TMDpET50CJkgQnB56Xj5g,Tsuruko ch.【SOA】,https://www.youtube.com/channel/UC9TMDpET50CJkgQnB56Xj5g,HOLD_NEEDS_CHANNEL_REVIEW,NO_CHANNEL_ELIGIBILITY_REVIEW,False
youtube:UC9UHurp_G26BzYGxLvUzZTA,youtube,UC9UHurp_G26BzYGxLvUzZTA,Hakka Ch.【Ti19t】,https://www.youtube.com/channel/UC9UHurp_G26BzYGxLvUzZTA,HOLD_NEEDS_CHANNEL_REVIEW,NO_CHANNEL_ELIGIBILITY_REVIEW,False
youtube:UC9b9Qttg1NHYSPmKu9mb3iw,youtube,UC9b9Qttg1NHYSPmKu9mb3iw,Asher Dawnbaker,https://www.youtube.com/channel/UC9b9Qttg1NHYSPmKu9mb3iw,HOLD_NEEDS_CHANNEL_REVIEW,NO_CHANNEL_ELIGIBILITY_REVIEW,False
youtube:UC9owX01ODpgeUePEIdC_qlA,youtube,UC9owX01ODpgeUePEIdC_qlA,R Y O S H I ch.,https://www.youtube.com/channel/UC9owX01ODpgeUePEIdC_qlA,HOLD_NEEDS_CHANNEL_REVIEW,NO_CHANNEL_ELIGIBILITY_REVIEW,False
youtube:UC9p_lqQ0FEDz327Vgf5JwqA,youtube,UC9p_lqQ0FEDz327Vgf5JwqA,Koseki Bijou,https://www.youtube.com/channel/UC9p_lqQ0FEDz327Vgf5JwqA,HOLD_NEEDS_CHANNEL_REVIEW,NO_CHANNEL_ELIGIBILITY_REVIEW,False
youtube:UC9uFujZvbTm3PpTycIz5Z0w,youtube,UC9uFujZvbTm3PpTycIz5Z0w,Aelios Ch.,https://www.youtube.com/channel/UC9uFujZvbTm3PpTycIz5Z0w,HOLD_NEEDS_CHANNEL_REVIEW,NO_CHANNEL_ELIGIBILITY_REVIEW,False
youtube:UCA8IZ8dlQc70uzP8WYsFE-w,youtube,UCA8IZ8dlQc70uzP8WYsFE-w,FAYUUCHAN CHANNEL,https://www.youtube.com/channel/UCA8IZ8dlQc70uzP8WYsFE-w,HOLD_NEEDS_CHANNEL_REVIEW,NO_CHANNEL_ELIGIBILITY_REVIEW,False
youtube:UCAKxVqeGyZTrxYwg3p3xUAg,youtube,UCAKxVqeGyZTrxYwg3p3xUAg,Tsontaya Knox Ch.,https://www.youtube.com/channel/UCAKxVqeGyZTrxYwg3p3xUAg,HOLD_NEEDS_CHANNEL_REVIEW,NO_CHANNEL_ELIGIBILITY_REVIEW,False
youtube:UCAOMy65Qod9DDOU40mWsXdA,youtube,UCAOMy65Qod9DDOU40mWsXdA,Athrun Ch. ,https://www.youtube.com/channel/UCAOMy65Qod9DDOU40mWsXdA,HOLD_NEEDS_CHANNEL_REVIEW,NO_CHANNEL_ELIGIBILITY_REVIEW,False
youtube:UCAPbXyM7sw0_6VMcrWeX7Ug,youtube,UCAPbXyM7sw0_6VMcrWeX7Ug,Meiiyume Ch.,https://www.youtube.com/channel/UCAPbXyM7sw0_6VMcrWeX7Ug,HOLD_NEEDS_CHANNEL_REVIEW,NO_CHANNEL_ELIGIBILITY_REVIEW,False
youtube:UCAQnqwL4eytWAamhZs18ovw,youtube,UCAQnqwL4eytWAamhZs18ovw,Raizuu,https://www.youtube.com/channel/UCAQnqwL4eytWAamhZs18ovw,HOLD_NEEDS_CHANNEL_REVIEW,NO_CHANNEL_ELIGIBILITY_REVIEW,False
youtube:UCASVAAgvntOrwRgVeMAkIPg,youtube,UCASVAAgvntOrwRgVeMAkIPg,MMD Takumi Ch.,https://www.youtube.com/channel/UCASVAAgvntOrwRgVeMAkIPg,HOLD_NEEDS_CHANNEL_REVIEW,NO_CHANNEL_ELIGIBILITY_REVIEW,False
youtube:UCASpA6_BQVi6LpuBRdSxfmw,youtube,UCASpA6_BQVi6LpuBRdSxfmw,ALThiMa-NigHT,https://www.youtube.com/channel/UCASpA6_BQVi6LpuBRdSxfmw,HOLD_NEEDS_CHANNEL_REVIEW,NO_CHANNEL_ELIGIBILITY_REVIEW,False
youtube:UCASukO4m2BR4uqZH0XlH1IA,youtube,UCASukO4m2BR4uqZH0XlH1IA,AlpacaALAL Ch.,https://www.youtube.com/channel/UCASukO4m2BR4uqZH0XlH1IA,HOLD_NEEDS_CHANNEL_REVIEW,NO_CHANNEL_ELIGIBILITY_REVIEW,False
youtube:UCAV2_Jxxt-JJ08v77lNLBtg,youtube,UCAV2_Jxxt-JJ08v77lNLBtg,มาลัยเดวา,https://www.youtube.com/channel/UCAV2_Jxxt-JJ08v77lNLBtg,HOLD_NEEDS_CHANNEL_REVIEW,NO_CHANNEL_ELIGIBILITY_REVIEW,False
youtube:UCAid1uC5pxxvPasgFTJZEAw,youtube,UCAid1uC5pxxvPasgFTJZEAw,Miledy Z.Devlin ch.,https://www.youtube.com/channel/UCAid1uC5pxxvPasgFTJZEAw,HOLD_NEEDS_CHANNEL_REVIEW,NO_CHANNEL_ELIGIBILITY_REVIEW,False
youtube:UCAj8NHkWEqbJ2er8Umbpoog,youtube,UCAj8NHkWEqbJ2er8Umbpoog,BoomVtube Ch.,https://www.youtube.com/channel/UCAj8NHkWEqbJ2er8Umbpoog,HOLD_NEEDS_CHANNEL_REVIEW,NO_CHANNEL_ELIGIBILITY_REVIEW,False
youtube:UCApZxq6J3R2XNqhzKiBv5mg,youtube,UCApZxq6J3R2XNqhzKiBv5mg,Zandy,https://www.youtube.com/channel/UCApZxq6J3R2XNqhzKiBv5mg,HOLD_NEEDS_CHANNEL_REVIEW,NO_CHANNEL_ELIGIBILITY_REVIEW,False
youtube:UCArXPBCsEt2_rDC63tPLYmg,youtube,UCArXPBCsEt2_rDC63tPLYmg,GIN,https://www.youtube.com/channel/UCArXPBCsEt2_rDC63tPLYmg,HOLD_NEEDS_CHANNEL_REVIEW,NO_CHANNEL_ELIGIBILITY_REVIEW,False
youtube:UCAvKK8pzAthBfVeXq_Bj4Ow,youtube,UCAvKK8pzAthBfVeXq_Bj4Ow,Maewmon ch.,https://www.youtube.com/channel/UCAvKK8pzAthBfVeXq_Bj4Ow,HOLD_NEEDS_CHANNEL_REVIEW,NO_CHANNEL_ELIGIBILITY_REVIEW,False
youtube:UCAvQO1F-w6NELewvcDFupmw,youtube,UCAvQO1F-w6NELewvcDFupmw,MaewUVChan Channel,https://www.youtube.com/channel/UCAvQO1F-w6NELewvcDFupmw,HOLD_NEEDS_CHANNEL_REVIEW,NO_CHANNEL_ELIGIBILITY_REVIEW,False
youtube:UCAv_XjRwhU7sMl3YlM0WoJw,youtube,UCAv_XjRwhU7sMl3YlM0WoJw,ShiroiKumaTan Ch.,https://www.youtube.com/channel/UCAv_XjRwhU7sMl3YlM0WoJw,HOLD_NEEDS_CHANNEL_REVIEW,NO_CHANNEL_ELIGIBILITY_REVIEW,False
youtube:UCAzfyfbQ7XHmznbOKinAunQ,youtube,UCAzfyfbQ7XHmznbOKinAunQ,MeltildaVT Ch.,https://www.youtube.com/channel/UCAzfyfbQ7XHmznbOKinAunQ,HOLD_NEEDS_CHANNEL_REVIEW,NO_CHANNEL_ELIGIBILITY_REVIEW,False
youtube:UCB2UBUgwjQ7y8k3JNEFEVaQ,youtube,UCB2UBUgwjQ7y8k3JNEFEVaQ,Nagumo ⛈️,https://www.youtube.com/channel/UCB2UBUgwjQ7y8k3JNEFEVaQ,HOLD_NEEDS_CHANNEL_REVIEW,NO_CHANNEL_ELIGIBILITY_REVIEW,False
youtube:UCBDu-HE-uL4a-SqH9q5ZZ6g,youtube,UCBDu-HE-uL4a-SqH9q5ZZ6g,Hengkungpen,https://www.youtube.com/channel/UCBDu-HE-uL4a-SqH9q5ZZ6g,HOLD_NEEDS_CHANNEL_REVIEW,NO_CHANNEL_ELIGIBILITY_REVIEW,False
youtube:UCBLV-Zv25LzajWyKEofqvVQ,youtube,UCBLV-Zv25LzajWyKEofqvVQ,[ปิดตัว],https://www.youtube.com/channel/UCBLV-Zv25LzajWyKEofqvVQ,HOLD_NEEDS_CHANNEL_REVIEW,NO_CHANNEL_ELIGIBILITY_REVIEW,False
youtube:UCBQi4hldyh7jrIU07hL_EbQ,youtube,UCBQi4hldyh7jrIU07hL_EbQ,MaewBaew,https://www.youtube.com/channel/UCBQi4hldyh7jrIU07hL_EbQ,HOLD_NEEDS_CHANNEL_REVIEW,NO_CHANNEL_ELIGIBILITY_REVIEW,False
youtube:UCBSiJy11yFeJsCRdZ3ZtfBw,youtube,UCBSiJy11yFeJsCRdZ3ZtfBw,Vellva Koray Ch.,https://www.youtube.com/channel/UCBSiJy11yFeJsCRdZ3ZtfBw,HOLD_NEEDS_CHANNEL_REVIEW,NO_CHANNEL_ELIGIBILITY_REVIEW,False
youtube:UCBTCAyvs7TAzghRqideHGzw,youtube,UCBTCAyvs7TAzghRqideHGzw,Anemizz,https://www.youtube.com/channel/UCBTCAyvs7TAzghRqideHGzw,HOLD_NEEDS_CHANNEL_REVIEW,NO_CHANNEL_ELIGIBILITY_REVIEW,False
youtube:UCBUEDay6omiIO9XebzcButg,youtube,UCBUEDay6omiIO9XebzcButg,Aru Hoshima Ch. | 星間アル,https://www.youtube.com/channel/UCBUEDay6omiIO9XebzcButg,HOLD_NEEDS_CHANNEL_REVIEW,NO_CHANNEL_ELIGIBILITY_REVIEW,False
youtube:UCBXpnfoHqIZRqi3ex50bB4w,youtube,UCBXpnfoHqIZRqi3ex50bB4w,B-DY 【#BADD30】,https://www.youtube.com/channel/UCBXpnfoHqIZRqi3ex50bB4w,HOLD_NEEDS_CHANNEL_REVIEW,NO_CHANNEL_ELIGIBILITY_REVIEW,False
youtube:UCB_Ooo_Eanv8LHYUGqMMDjg,youtube,UCB_Ooo_Eanv8LHYUGqMMDjg,Yuuta Natsuki,https://www.youtube.com/channel/UCB_Ooo_Eanv8LHYUGqMMDjg,HOLD_NEEDS_CHANNEL_REVIEW,NO_CHANNEL_ELIGIBILITY_REVIEW,False
youtube:UCB_l7aUEixTDZ0uItf4A2bw,youtube,UCB_l7aUEixTDZ0uItf4A2bw,Mit Pesisth,https://www.youtube.com/channel/UCB_l7aUEixTDZ0uItf4A2bw,HOLD_NEEDS_CHANNEL_REVIEW,NO_CHANNEL_ELIGIBILITY_REVIEW,False
youtube:UCBbXLmauGSmFdQakk2dS8Rw,youtube,UCBbXLmauGSmFdQakk2dS8Rw,Maikumira,https://www.youtube.com/channel/UCBbXLmauGSmFdQakk2dS8Rw,HOLD_NEEDS_CHANNEL_REVIEW,NO_CHANNEL_ELIGIBILITY_REVIEW,False
youtube:UCBi2sDv2HYYnCtEqldp0RFA,youtube,UCBi2sDv2HYYnCtEqldp0RFA,Astrea Ch. アストリア〖ECR〗,https://www.youtube.com/channel/UCBi2sDv2HYYnCtEqldp0RFA,HOLD_NEEDS_CHANNEL_REVIEW,EXACT_CHANNEL_ID_REVIEW,False
youtube:UCBjUiJxMKaM2YTIo3r4KdHA,youtube,UCBjUiJxMKaM2YTIo3r4KdHA,Fenix Jairon,https://www.youtube.com/channel/UCBjUiJxMKaM2YTIo3r4KdHA,HOLD_NEEDS_CHANNEL_REVIEW,NO_CHANNEL_ELIGIBILITY_REVIEW,False
youtube:UCBmXZKNg_Tsy-r5pZsBPVVA,youtube,UCBmXZKNg_Tsy-r5pZsBPVVA,M3R0 ch.,https://www.youtube.com/channel/UCBmXZKNg_Tsy-r5pZsBPVVA,HOLD_NEEDS_CHANNEL_REVIEW,NO_CHANNEL_ELIGIBILITY_REVIEW,False
youtube:UCBq8wrxx6gPxxmZwDnZEEYA,youtube,UCBq8wrxx6gPxxmZwDnZEEYA,Milyni Tivona【BLP】,https://www.youtube.com/channel/UCBq8wrxx6gPxxmZwDnZEEYA,HOLD_NEEDS_CHANNEL_REVIEW,NO_CHANNEL_ELIGIBILITY_REVIEW,False
youtube:UCBsUODmi56ijq4o4imeZuwg,youtube,UCBsUODmi56ijq4o4imeZuwg,Oneiros Norr Ch.,https://www.youtube.com/channel/UCBsUODmi56ijq4o4imeZuwg,HOLD_NEEDS_CHANNEL_REVIEW,EXACT_CHANNEL_ID_REVIEW,False
youtube:UCC3IBnXJb8xYdg-_MMh1qNg,youtube,UCC3IBnXJb8xYdg-_MMh1qNg,Pamberry Ch,https://www.youtube.com/channel/UCC3IBnXJb8xYdg-_MMh1qNg,HOLD_NEEDS_CHANNEL_REVIEW,NO_CHANNEL_ELIGIBILITY_REVIEW,False
youtube:UCC4Wb_x57Ks43GRJ6x_wT5Q,youtube,UCC4Wb_x57Ks43GRJ6x_wT5Q,Choya Ch.,https://www.youtube.com/channel/UCC4Wb_x57Ks43GRJ6x_wT5Q,HOLD_NEEDS_CHANNEL_REVIEW,NO_CHANNEL_ELIGIBILITY_REVIEW,False
youtube:UCC5q6CpuDflPvO7pNn52RGQ,youtube,UCC5q6CpuDflPvO7pNn52RGQ,Lapine Ch.,https://www.youtube.com/channel/UCC5q6CpuDflPvO7pNn52RGQ,HOLD_NEEDS_CHANNEL_REVIEW,NO_CHANNEL_ELIGIBILITY_REVIEW,False
youtube:UCCCOpUUMaweGiTZ_vNSdh1w,youtube,UCCCOpUUMaweGiTZ_vNSdh1w,Shirasagi Ch.,https://www.youtube.com/channel/UCCCOpUUMaweGiTZ_vNSdh1w,HOLD_NEEDS_CHANNEL_REVIEW,NO_CHANNEL_ELIGIBILITY_REVIEW,False
youtube:UCCDb84g4xtJYE0bOJ6BLwJg,youtube,UCCDb84g4xtJYE0bOJ6BLwJg,Damon Vilanish(VTuber),https://www.youtube.com/channel/UCCDb84g4xtJYE0bOJ6BLwJg,HOLD_NEEDS_CHANNEL_REVIEW,NO_CHANNEL_ELIGIBILITY_REVIEW,False
youtube:UCCEHpnzn37K8kQv2QtybE2w,youtube,UCCEHpnzn37K8kQv2QtybE2w,Ray Ametier Yuan Ch.,https://www.youtube.com/channel/UCCEHpnzn37K8kQv2QtybE2w,HOLD_NEEDS_CHANNEL_REVIEW,NO_CHANNEL_ELIGIBILITY_REVIEW,False
youtube:UCCM6yLTh1Ep5rlwrapyyNOQ,youtube,UCCM6yLTh1Ep5rlwrapyyNOQ,Hajime Rei Ch. / AStars,https://www.youtube.com/channel/UCCM6yLTh1Ep5rlwrapyyNOQ,HOLD_NEEDS_CHANNEL_REVIEW,NO_CHANNEL_ELIGIBILITY_REVIEW,False
youtube:UCCQd9y8LSnnp09dF7Mrp5Jg,youtube,UCCQd9y8LSnnp09dF7Mrp5Jg,Leviaz Ch.,https://www.youtube.com/channel/UCCQd9y8LSnnp09dF7Mrp5Jg,HOLD_NEEDS_CHANNEL_REVIEW,EXACT_CHANNEL_ID_REVIEW,False
youtube:UCCXtKBc_KnKRtT-9qXu5Y7A,youtube,UCCXtKBc_KnKRtT-9qXu5Y7A,KOHAKU Ch.,https://www.youtube.com/channel/UCCXtKBc_KnKRtT-9qXu5Y7A,HOLD_NEEDS_CHANNEL_REVIEW,EXACT_CHANNEL_ID_REVIEW,False
youtube:UCC_P34t35REbiPzbHO_bifA,youtube,UCC_P34t35REbiPzbHO_bifA,Kayna,https://www.youtube.com/channel/UCC_P34t35REbiPzbHO_bifA,HOLD_NEEDS_CHANNEL_REVIEW,NO_CHANNEL_ELIGIBILITY_REVIEW,False
youtube:UCCa03c0JD-H5AoJ_a6PuQrA,youtube,UCCa03c0JD-H5AoJ_a6PuQrA,Onnari Ch.,https://www.youtube.com/channel/UCCa03c0JD-H5AoJ_a6PuQrA,HOLD_NEEDS_CHANNEL_REVIEW,NO_CHANNEL_ELIGIBILITY_REVIEW,False
youtube:UCCcZmve86N8WakyfYRqc0uA,youtube,UCCcZmve86N8WakyfYRqc0uA,Chata Cloveron ,https://www.youtube.com/channel/UCCcZmve86N8WakyfYRqc0uA,HOLD_NEEDS_CHANNEL_REVIEW,NO_CHANNEL_ELIGIBILITY_REVIEW,False
youtube:UCCjunxHiL2OHhNDl4sdD1bg,youtube,UCCjunxHiL2OHhNDl4sdD1bg,Murasako Reino,https://www.youtube.com/channel/UCCjunxHiL2OHhNDl4sdD1bg,HOLD_NEEDS_CHANNEL_REVIEW,NO_CHANNEL_ELIGIBILITY_REVIEW,False
youtube:UCCmBL9p7d1a0aBjZSPF8QpQ,youtube,UCCmBL9p7d1a0aBjZSPF8QpQ,switch on vtuber,https://www.youtube.com/channel/UCCmBL9p7d1a0aBjZSPF8QpQ,HOLD_NEEDS_CHANNEL_REVIEW,NO_CHANNEL_ELIGIBILITY_REVIEW,False
youtube:UCCnI25SLttKYJdVgno6qkYg,youtube,UCCnI25SLttKYJdVgno6qkYg,LVMP,https://www.youtube.com/channel/UCCnI25SLttKYJdVgno6qkYg,HOLD_NEEDS_CHANNEL_REVIEW,EXACT_CHANNEL_ID_REVIEW,False
youtube:UCCo8rdZh_V_irwScgnHJb2Q,youtube,UCCo8rdZh_V_irwScgnHJb2Q,Artie ch. Euphora,https://www.youtube.com/channel/UCCo8rdZh_V_irwScgnHJb2Q,HOLD_NEEDS_CHANNEL_REVIEW,NO_CHANNEL_ELIGIBILITY_REVIEW,False
youtube:UCCsgAS-uqrGRdmvJzvfAXsw,youtube,UCCsgAS-uqrGRdmvJzvfAXsw,Hanna Ch. ハンナー,https://www.youtube.com/channel/UCCsgAS-uqrGRdmvJzvfAXsw,HOLD_NEEDS_CHANNEL_REVIEW,EXACT_CHANNEL_ID_REVIEW,False
youtube:UCCwDLJmhL5pYyXzN7coVwTw,youtube,UCCwDLJmhL5pYyXzN7coVwTw,Hajikeru Haruno Ch,https://www.youtube.com/channel/UCCwDLJmhL5pYyXzN7coVwTw,HOLD_NEEDS_CHANNEL_REVIEW,EXACT_CHANNEL_ID_REVIEW,False
youtube:UCD0aj_PFkBK-LGaDIiXvBww,youtube,UCD0aj_PFkBK-LGaDIiXvBww,Regina Ch.,https://www.youtube.com/channel/UCD0aj_PFkBK-LGaDIiXvBww,HOLD_NEEDS_CHANNEL_REVIEW,EXACT_CHANNEL_ID_REVIEW,False
youtube:UCD2BJUqKTEPOkxdTyxfvCuQ,youtube,UCD2BJUqKTEPOkxdTyxfvCuQ,AzuruVT,https://www.youtube.com/channel/UCD2BJUqKTEPOkxdTyxfvCuQ,HOLD_NEEDS_CHANNEL_REVIEW,EXACT_CHANNEL_ID_REVIEW,False
youtube:UCD5-go4VNzPs044VuPf2-uA,youtube,UCD5-go4VNzPs044VuPf2-uA,Saamazu Suwai,https://www.youtube.com/channel/UCD5-go4VNzPs044VuPf2-uA,HOLD_NEEDS_CHANNEL_REVIEW,NO_CHANNEL_ELIGIBILITY_REVIEW,False
youtube:UCD67JYizIZGNc-1Dsn9eu3A,youtube,UCD67JYizIZGNc-1Dsn9eu3A,เซียน่า | Sienna 【RE:S】,https://www.youtube.com/channel/UCD67JYizIZGNc-1Dsn9eu3A,HOLD_NEEDS_CHANNEL_REVIEW,NO_CHANNEL_ELIGIBILITY_REVIEW,False
youtube:UCDCOWpzyBFsavT-K7AmN3MQ,youtube,UCDCOWpzyBFsavT-K7AmN3MQ,Azato Stacia Ch.,https://www.youtube.com/channel/UCDCOWpzyBFsavT-K7AmN3MQ,HOLD_NEEDS_CHANNEL_REVIEW,NO_CHANNEL_ELIGIBILITY_REVIEW,False
youtube:UCDH0eXdMf-vFqvTtjADsOcw,youtube,UCDH0eXdMf-vFqvTtjADsOcw,_PONDEX,https://www.youtube.com/channel/UCDH0eXdMf-vFqvTtjADsOcw,HOLD_NEEDS_CHANNEL_REVIEW,NO_CHANNEL_ELIGIBILITY_REVIEW,False
youtube:UCDSn4Ql7fuyjxsSNOws81iQ,youtube,UCDSn4Ql7fuyjxsSNOws81iQ,BorntoDev,https://www.youtube.com/channel/UCDSn4Ql7fuyjxsSNOws81iQ,HOLD_NEEDS_CHANNEL_REVIEW,NO_CHANNEL_ELIGIBILITY_REVIEW,False
youtube:UCDUFEQDrHUjO5vAVwPPiG3Q,youtube,UCDUFEQDrHUjO5vAVwPPiG3Q,Akakurai [明暗い],https://www.youtube.com/channel/UCDUFEQDrHUjO5vAVwPPiG3Q,HOLD_NEEDS_CHANNEL_REVIEW,NO_CHANNEL_ELIGIBILITY_REVIEW,False
youtube:UCDUdT8_IEOY-Z9KfLiCOfuQ,youtube,UCDUdT8_IEOY-Z9KfLiCOfuQ,Zin'fandel「ZTP」,https://www.youtube.com/channel/UCDUdT8_IEOY-Z9KfLiCOfuQ,HOLD_NEEDS_CHANNEL_REVIEW,EXACT_CHANNEL_ID_REVIEW,False
youtube:UCDWp89OUkBRM9cDmOXHT6bw,youtube,UCDWp89OUkBRM9cDmOXHT6bw,Momoka Ch.,https://www.youtube.com/channel/UCDWp89OUkBRM9cDmOXHT6bw,HOLD_NEEDS_CHANNEL_REVIEW,NO_CHANNEL_ELIGIBILITY_REVIEW,False
youtube:UCDXhbquWzQvdwZC1yVUmxAA,youtube,UCDXhbquWzQvdwZC1yVUmxAA,Alicia Ch.,https://www.youtube.com/channel/UCDXhbquWzQvdwZC1yVUmxAA,HOLD_NEEDS_CHANNEL_REVIEW,NO_CHANNEL_ELIGIBILITY_REVIEW,False
youtube:UCDYy9EVjkBym7bUYwTKzugA,youtube,UCDYy9EVjkBym7bUYwTKzugA,ALU Channel,https://www.youtube.com/channel/UCDYy9EVjkBym7bUYwTKzugA,HOLD_NEEDS_CHANNEL_REVIEW,NO_CHANNEL_ELIGIBILITY_REVIEW,False
youtube:UCD_y0feXuBuX9z6RAxz4afg,youtube,UCD_y0feXuBuX9z6RAxz4afg,Mikadzuki Nammy,https://www.youtube.com/channel/UCD_y0feXuBuX9z6RAxz4afg,HOLD_NEEDS_CHANNEL_REVIEW,NO_CHANNEL_ELIGIBILITY_REVIEW,False
youtube:UCDb3FYf93LJEcswNeZ05uag,youtube,UCDb3FYf93LJEcswNeZ05uag,Kampaiii 《Vtuber》,https://www.youtube.com/channel/UCDb3FYf93LJEcswNeZ05uag,HOLD_NEEDS_CHANNEL_REVIEW,NO_CHANNEL_ELIGIBILITY_REVIEW,False
youtube:UCDcMQuBXmp3NByn3wD5lZog,youtube,UCDcMQuBXmp3NByn3wD5lZog,Yw Vynter,https://www.youtube.com/channel/UCDcMQuBXmp3NByn3wD5lZog,HOLD_NEEDS_CHANNEL_REVIEW,NO_CHANNEL_ELIGIBILITY_REVIEW,False
youtube:UCDgD6lN0SQJTfiy0y-7oFzw,youtube,UCDgD6lN0SQJTfiy0y-7oFzw,the wanderer is not here anymore.,https://www.youtube.com/channel/UCDgD6lN0SQJTfiy0y-7oFzw,HOLD_NEEDS_CHANNEL_REVIEW,NO_CHANNEL_ELIGIBILITY_REVIEW,False
youtube:UCDgEY3e3hNge2XzFhFuYPYw,youtube,UCDgEY3e3hNge2XzFhFuYPYw,Maemi Nippy ⨳ECR⨳,https://www.youtube.com/channel/UCDgEY3e3hNge2XzFhFuYPYw,HOLD_NEEDS_CHANNEL_REVIEW,NO_CHANNEL_ELIGIBILITY_REVIEW,False
youtube:UCDgptjggm1YvNSn7GQ19sEA,youtube,UCDgptjggm1YvNSn7GQ19sEA,Lord Cha Zele Ch. ◤Graduation◢,https://www.youtube.com/channel/UCDgptjggm1YvNSn7GQ19sEA,HOLD_NEEDS_CHANNEL_REVIEW,NO_CHANNEL_ELIGIBILITY_REVIEW,False
youtube:UCDhUZlrVbcdvac4SRLi3tXA,youtube,UCDhUZlrVbcdvac4SRLi3tXA,Shiro11,https://www.youtube.com/channel/UCDhUZlrVbcdvac4SRLi3tXA,HOLD_NEEDS_CHANNEL_REVIEW,NO_CHANNEL_ELIGIBILITY_REVIEW,False
youtube:UCDki34ncCre0xPgf1JCkqCA,youtube,UCDki34ncCre0xPgf1JCkqCA,Shogo ⌜VZ⌟,https://www.youtube.com/channel/UCDki34ncCre0xPgf1JCkqCA,HOLD_NEEDS_CHANNEL_REVIEW,NO_CHANNEL_ELIGIBILITY_REVIEW,False
youtube:UCDmay2oK3RLbl8ooxYv-wJg,youtube,UCDmay2oK3RLbl8ooxYv-wJg,CHALONETTA | VArtisit,https://www.youtube.com/channel/UCDmay2oK3RLbl8ooxYv-wJg,HOLD_NEEDS_CHANNEL_REVIEW,NO_CHANNEL_ELIGIBILITY_REVIEW,False
youtube:UCDmlKuJkE2tIR-Q8bSWPvDw,youtube,UCDmlKuJkE2tIR-Q8bSWPvDw,HEXO Ch. / QURSE,https://www.youtube.com/channel/UCDmlKuJkE2tIR-Q8bSWPvDw,HOLD_NEEDS_CHANNEL_REVIEW,NO_CHANNEL_ELIGIBILITY_REVIEW,False
youtube:UCDrFZpqKkgV27Q1NcYYYU2w,youtube,UCDrFZpqKkgV27Q1NcYYYU2w,Kiyomi Ch.,https://www.youtube.com/channel/UCDrFZpqKkgV27Q1NcYYYU2w,HOLD_NEEDS_CHANNEL_REVIEW,EXACT_CHANNEL_ID_REVIEW,False
youtube:UCDuv12N1-maTw7eemVA2hgQ,youtube,UCDuv12N1-maTw7eemVA2hgQ,カエン KAEN Ch.,https://www.youtube.com/channel/UCDuv12N1-maTw7eemVA2hgQ,HOLD_NEEDS_CHANNEL_REVIEW,NO_CHANNEL_ELIGIBILITY_REVIEW,False
youtube:UCDwExMfrKLpB6j0vDUW-0WA,youtube,UCDwExMfrKLpB6j0vDUW-0WA,Minarin Sárkányszél Ch.,https://www.youtube.com/channel/UCDwExMfrKLpB6j0vDUW-0WA,HOLD_NEEDS_CHANNEL_REVIEW,NO_CHANNEL_ELIGIBILITY_REVIEW,False
youtube:UCDwGQS9PGoUV-yMRsQ5pBxw,youtube,UCDwGQS9PGoUV-yMRsQ5pBxw,Vi : Lieszen,https://www.youtube.com/channel/UCDwGQS9PGoUV-yMRsQ5pBxw,HOLD_NEEDS_CHANNEL_REVIEW,NO_CHANNEL_ELIGIBILITY_REVIEW,False
youtube:UCDx_VxFnDh_yxtff1akPpvg,youtube,UCDx_VxFnDh_yxtff1akPpvg,Keelin Peryton『VW』,https://www.youtube.com/channel/UCDx_VxFnDh_yxtff1akPpvg,HOLD_NEEDS_CHANNEL_REVIEW,EXACT_CHANNEL_ID_REVIEW,False
youtube:UCDzIAHQJv3O2IN0u26bHlaw,youtube,UCDzIAHQJv3O2IN0u26bHlaw,Yukai Myoujou《 SSR 》,https://www.youtube.com/channel/UCDzIAHQJv3O2IN0u26bHlaw,HOLD_NEEDS_CHANNEL_REVIEW,NO_CHANNEL_ELIGIBILITY_REVIEW,False
youtube:UCE010cVAgWFD24wIJ95sDKw,youtube,UCE010cVAgWFD24wIJ95sDKw,Fumi Hausu,https://www.youtube.com/channel/UCE010cVAgWFD24wIJ95sDKw,HOLD_NEEDS_CHANNEL_REVIEW,NO_CHANNEL_ELIGIBILITY_REVIEW,False
youtube:UCE46-Cb8vr2ra-YAJ7UoOcA,youtube,UCE46-Cb8vr2ra-YAJ7UoOcA,Benny Ch.,https://www.youtube.com/channel/UCE46-Cb8vr2ra-YAJ7UoOcA,HOLD_NEEDS_CHANNEL_REVIEW,EXACT_CHANNEL_ID_REVIEW,False
youtube:UCEAweQRj86ga-ymLA_L50BA,youtube,UCEAweQRj86ga-ymLA_L50BA,ToHu kheow Ch.,https://www.youtube.com/channel/UCEAweQRj86ga-ymLA_L50BA,HOLD_NEEDS_CHANNEL_REVIEW,NO_CHANNEL_ELIGIBILITY_REVIEW,False
youtube:UCEI_LsIHnvFh0dN8KmVy7hg,youtube,UCEI_LsIHnvFh0dN8KmVy7hg,Winter Apatite Ch.,https://www.youtube.com/channel/UCEI_LsIHnvFh0dN8KmVy7hg,HOLD_NEEDS_CHANNEL_REVIEW,NO_CHANNEL_ELIGIBILITY_REVIEW,False
youtube:UCEL3qsIRdudjSuFHMHUxi0Q,youtube,UCEL3qsIRdudjSuFHMHUxi0Q,Rui Kazu 《 EXia 》,https://www.youtube.com/channel/UCEL3qsIRdudjSuFHMHUxi0Q,HOLD_NEEDS_CHANNEL_REVIEW,NO_CHANNEL_ELIGIBILITY_REVIEW,False
youtube:UCEMqL-RYgeAEhTMUJeHfkaw,youtube,UCEMqL-RYgeAEhTMUJeHfkaw,Toru Kumaトルくま,https://www.youtube.com/channel/UCEMqL-RYgeAEhTMUJeHfkaw,HOLD_NEEDS_CHANNEL_REVIEW,NO_CHANNEL_ELIGIBILITY_REVIEW,False
youtube:UCEQ28ZgkC47h0jG8CWN_V2Q,youtube,UCEQ28ZgkC47h0jG8CWN_V2Q,TANTAN,https://www.youtube.com/channel/UCEQ28ZgkC47h0jG8CWN_V2Q,HOLD_NEEDS_CHANNEL_REVIEW,NO_CHANNEL_ELIGIBILITY_REVIEW,False
youtube:UCER-4jqj3kUgY36i3FPAtJA,youtube,UCER-4jqj3kUgY36i3FPAtJA,Tantaros,https://www.youtube.com/channel/UCER-4jqj3kUgY36i3FPAtJA,HOLD_NEEDS_CHANNEL_REVIEW,NO_CHANNEL_ELIGIBILITY_REVIEW,False
youtube:UCEXxxuO6GnVJmwqIz9etkKA,youtube,UCEXxxuO6GnVJmwqIz9etkKA,Leviana Ch.,https://www.youtube.com/channel/UCEXxxuO6GnVJmwqIz9etkKA,HOLD_NEEDS_CHANNEL_REVIEW,NO_CHANNEL_ELIGIBILITY_REVIEW,False
youtube:UCEZZl5ozactQATI4iIx2mOg,youtube,UCEZZl5ozactQATI4iIx2mOg,Maiyara 【21PM】,https://www.youtube.com/channel/UCEZZl5ozactQATI4iIx2mOg,HOLD_NEEDS_CHANNEL_REVIEW,NO_CHANNEL_ELIGIBILITY_REVIEW,False
youtube:UCEZl6aWM_c93GHtB12UfxNA,youtube,UCEZl6aWM_c93GHtB12UfxNA,SICXERZ : CORE Ch.,https://www.youtube.com/channel/UCEZl6aWM_c93GHtB12UfxNA,HOLD_NEEDS_CHANNEL_REVIEW,NO_CHANNEL_ELIGIBILITY_REVIEW,False
youtube:UCEbwSVZLmNpdgZPbeFL7chg,youtube,UCEbwSVZLmNpdgZPbeFL7chg,kevin TH,https://www.youtube.com/channel/UCEbwSVZLmNpdgZPbeFL7chg,HOLD_NEEDS_CHANNEL_REVIEW,NO_CHANNEL_ELIGIBILITY_REVIEW,False
youtube:UCEcSxWcQiyfpx7mRAdb_emg,youtube,UCEcSxWcQiyfpx7mRAdb_emg,Henry,https://www.youtube.com/channel/UCEcSxWcQiyfpx7mRAdb_emg,HOLD_NEEDS_CHANNEL_REVIEW,NO_CHANNEL_ELIGIBILITY_REVIEW,False
youtube:UCEjF-FvkrvMhQ7b6KT5UCAw,youtube,UCEjF-FvkrvMhQ7b6KT5UCAw,Azar《 OTL 》,https://www.youtube.com/channel/UCEjF-FvkrvMhQ7b6KT5UCAw,HOLD_NEEDS_CHANNEL_REVIEW,EXACT_CHANNEL_ID_REVIEW,False
youtube:UCEk6QSUJhVf56A_VznMpKpg,youtube,UCEk6QSUJhVf56A_VznMpKpg,PeachiView,https://www.youtube.com/channel/UCEk6QSUJhVf56A_VznMpKpg,HOLD_NEEDS_CHANNEL_REVIEW,NO_CHANNEL_ELIGIBILITY_REVIEW,False
youtube:UCEuU0EQj7eWL2-vf5hGFwXg,youtube,UCEuU0EQj7eWL2-vf5hGFwXg,Narin  Vtuber TH,https://www.youtube.com/channel/UCEuU0EQj7eWL2-vf5hGFwXg,HOLD_NEEDS_CHANNEL_REVIEW,NO_CHANNEL_ELIGIBILITY_REVIEW,False
youtube:UCEvyDOkcGkzCTo62d9BrhkA,youtube,UCEvyDOkcGkzCTo62d9BrhkA,Minami Cera Ch. 【POLYGON】,https://www.youtube.com/channel/UCEvyDOkcGkzCTo62d9BrhkA,HOLD_NEEDS_CHANNEL_REVIEW,NO_CHANNEL_ELIGIBILITY_REVIEW,False
youtube:UCF19DHmsDiaB3P3Cbpdp14g,youtube,UCF19DHmsDiaB3P3Cbpdp14g,ChouxCream シュークリーム,https://www.youtube.com/channel/UCF19DHmsDiaB3P3Cbpdp14g,HOLD_NEEDS_CHANNEL_REVIEW,EXACT_CHANNEL_ID_REVIEW,False
youtube:UCF81ZEcn0aKct7TJPZVINAw,youtube,UCF81ZEcn0aKct7TJPZVINAw,BoonLan『VTG』,https://www.youtube.com/channel/UCF81ZEcn0aKct7TJPZVINAw,HOLD_NEEDS_CHANNEL_REVIEW,NO_CHANNEL_ELIGIBILITY_REVIEW,False
youtube:UCFB-5_h8i1373WvI7ElG2FA,youtube,UCFB-5_h8i1373WvI7ElG2FA,VLazy,https://www.youtube.com/channel/UCFB-5_h8i1373WvI7ElG2FA,HOLD_NEEDS_CHANNEL_REVIEW,NO_CHANNEL_ELIGIBILITY_REVIEW,False
youtube:UCFBj6s8uT6nphkbV7UMVGsQ,youtube,UCFBj6s8uT6nphkbV7UMVGsQ,CHUKOLIANG ch. 【FIXIX VT】,https://www.youtube.com/channel/UCFBj6s8uT6nphkbV7UMVGsQ,HOLD_NEEDS_CHANNEL_REVIEW,NO_CHANNEL_ELIGIBILITY_REVIEW,False
youtube:UCFKBoyzpTZdu20o-O5XUf8g,youtube,UCFKBoyzpTZdu20o-O5XUf8g,Minwa.39,https://www.youtube.com/channel/UCFKBoyzpTZdu20o-O5XUf8g,HOLD_NEEDS_CHANNEL_REVIEW,NO_CHANNEL_ELIGIBILITY_REVIEW,False
youtube:UCFN4mdxw4ss6DMB6ZYPXPuw,youtube,UCFN4mdxw4ss6DMB6ZYPXPuw,Nora,https://www.youtube.com/channel/UCFN4mdxw4ss6DMB6ZYPXPuw,HOLD_NEEDS_CHANNEL_REVIEW,NO_CHANNEL_ELIGIBILITY_REVIEW,False
youtube:UCFNsc_xre9fXD0-f8kyrUTQ,youtube,UCFNsc_xre9fXD0-f8kyrUTQ,Sexy Salsa CH,https://www.youtube.com/channel/UCFNsc_xre9fXD0-f8kyrUTQ,HOLD_NEEDS_CHANNEL_REVIEW,NO_CHANNEL_ELIGIBILITY_REVIEW,False
youtube:UCFRCQhHa_MUmmRaGUJVN8zA,youtube,UCFRCQhHa_MUmmRaGUJVN8zA,Zenovaz Ch.,https://www.youtube.com/channel/UCFRCQhHa_MUmmRaGUJVN8zA,HOLD_NEEDS_CHANNEL_REVIEW,NO_CHANNEL_ELIGIBILITY_REVIEW,False
youtube:UCFSkExeBcqI4nb_ArHeByNw,youtube,UCFSkExeBcqI4nb_ArHeByNw,シノライラ - Shino Laila【WACTOR】,https://www.youtube.com/channel/UCFSkExeBcqI4nb_ArHeByNw,HOLD_NEEDS_CHANNEL_REVIEW,NO_CHANNEL_ELIGIBILITY_REVIEW,False
youtube:UCFVbcS05rXwR7iLPl2K82Kw,youtube,UCFVbcS05rXwR7iLPl2K82Kw,SoLRuN Ch.,https://www.youtube.com/channel/UCFVbcS05rXwR7iLPl2K82Kw,HOLD_NEEDS_CHANNEL_REVIEW,NO_CHANNEL_ELIGIBILITY_REVIEW,False
youtube:UCFXP-2Bob2gW8rlEffW1hgA,youtube,UCFXP-2Bob2gW8rlEffW1hgA,Halon Hashi Ch.,https://www.youtube.com/channel/UCFXP-2Bob2gW8rlEffW1hgA,HOLD_NEEDS_CHANNEL_REVIEW,NO_CHANNEL_ELIGIBILITY_REVIEW,False
youtube:UCF_-M79ivR0lBcxI4VcYiWg,youtube,UCF_-M79ivR0lBcxI4VcYiWg,Lilia,https://www.youtube.com/channel/UCF_-M79ivR0lBcxI4VcYiWg,HOLD_NEEDS_CHANNEL_REVIEW,NO_CHANNEL_ELIGIBILITY_REVIEW,False
youtube:UCFcV8AGufMRT7is-GX1Y9gQ,youtube,UCFcV8AGufMRT7is-GX1Y9gQ,Puinoon プイヌン,https://www.youtube.com/channel/UCFcV8AGufMRT7is-GX1Y9gQ,HOLD_NEEDS_CHANNEL_REVIEW,NO_CHANNEL_ELIGIBILITY_REVIEW,False
youtube:UCFd3ivp0P8uWR-SdnMLWDoQ,youtube,UCFd3ivp0P8uWR-SdnMLWDoQ,JaoGuin Ch.,https://www.youtube.com/channel/UCFd3ivp0P8uWR-SdnMLWDoQ,HOLD_NEEDS_CHANNEL_REVIEW,NO_CHANNEL_ELIGIBILITY_REVIEW,False
youtube:UCFjBM9wvCqb5wBLpp_cHxfA,youtube,UCFjBM9wvCqb5wBLpp_cHxfA,JumpMy Ch.【XIRCONIA】,https://www.youtube.com/channel/UCFjBM9wvCqb5wBLpp_cHxfA,HOLD_NEEDS_CHANNEL_REVIEW,NO_CHANNEL_ELIGIBILITY_REVIEW,False
youtube:UCFr02a1OIuA1yrnJuB2dSpw,youtube,UCFr02a1OIuA1yrnJuB2dSpw,Shishiro Taiga Ch. (志白タイガ),https://www.youtube.com/channel/UCFr02a1OIuA1yrnJuB2dSpw,HOLD_NEEDS_CHANNEL_REVIEW,NO_CHANNEL_ELIGIBILITY_REVIEW,False
youtube:UCFuUpyt6u2UC90h1nAWuXkw,youtube,UCFuUpyt6u2UC90h1nAWuXkw,Trashythemeow,https://www.youtube.com/channel/UCFuUpyt6u2UC90h1nAWuXkw,HOLD_NEEDS_CHANNEL_REVIEW,NO_CHANNEL_ELIGIBILITY_REVIEW,False
youtube:UCFycFPpGcrne7rAp_Xa6tbg,youtube,UCFycFPpGcrne7rAp_Xa6tbg,Patchay channel,https://www.youtube.com/channel/UCFycFPpGcrne7rAp_Xa6tbg,HOLD_NEEDS_CHANNEL_REVIEW,NO_CHANNEL_ELIGIBILITY_REVIEW,False
youtube:UCG-PEjbBmm82pBvWvJJfxgQ,youtube,UCG-PEjbBmm82pBvWvJJfxgQ,Shinya Natonsai,https://www.youtube.com/channel/UCG-PEjbBmm82pBvWvJJfxgQ,HOLD_NEEDS_CHANNEL_REVIEW,NO_CHANNEL_ELIGIBILITY_REVIEW,False
youtube:UCG04BGkyQFQPV3jl5ANHPZA,youtube,UCG04BGkyQFQPV3jl5ANHPZA,Kyo Koi ,https://www.youtube.com/channel/UCG04BGkyQFQPV3jl5ANHPZA,HOLD_NEEDS_CHANNEL_REVIEW,NO_CHANNEL_ELIGIBILITY_REVIEW,False
youtube:UCG1UqDhwKiOIHHAhwZqJGQg,youtube,UCG1UqDhwKiOIHHAhwZqJGQg,Lukami Ch. ルカミ [Lukami Stellaz],https://www.youtube.com/channel/UCG1UqDhwKiOIHHAhwZqJGQg,HOLD_NEEDS_CHANNEL_REVIEW,NO_CHANNEL_ELIGIBILITY_REVIEW,False
youtube:UCGAYOnH9azmAmcHpzRWZsOg,youtube,UCGAYOnH9azmAmcHpzRWZsOg,NoA Noaris,https://www.youtube.com/channel/UCGAYOnH9azmAmcHpzRWZsOg,HOLD_NEEDS_CHANNEL_REVIEW,NO_CHANNEL_ELIGIBILITY_REVIEW,False
youtube:UCGAxNdaCC9RI6-u3QabJ8Fg,youtube,UCGAxNdaCC9RI6-u3QabJ8Fg,MomaMae,https://www.youtube.com/channel/UCGAxNdaCC9RI6-u3QabJ8Fg,HOLD_NEEDS_CHANNEL_REVIEW,NO_CHANNEL_ELIGIBILITY_REVIEW,False
youtube:UCGBkYTR4tMKS38TQHGWWLjg,youtube,UCGBkYTR4tMKS38TQHGWWLjg,Aito LH,https://www.youtube.com/channel/UCGBkYTR4tMKS38TQHGWWLjg,HOLD_NEEDS_CHANNEL_REVIEW,NO_CHANNEL_ELIGIBILITY_REVIEW,False
youtube:UCGFON7MMs-K2rmM_TjNG82A,youtube,UCGFON7MMs-K2rmM_TjNG82A,Aifei ch.,https://www.youtube.com/channel/UCGFON7MMs-K2rmM_TjNG82A,HOLD_NEEDS_CHANNEL_REVIEW,NO_CHANNEL_ELIGIBILITY_REVIEW,False
youtube:UCGFX2NZhsWp_hpZiYmyJnRQ,youtube,UCGFX2NZhsWp_hpZiYmyJnRQ,Elice Ch.,https://www.youtube.com/channel/UCGFX2NZhsWp_hpZiYmyJnRQ,HOLD_NEEDS_CHANNEL_REVIEW,NO_CHANNEL_ELIGIBILITY_REVIEW,False
youtube:UCGGJmwrqz9q6BAVK0VWYE8g,youtube,UCGGJmwrqz9q6BAVK0VWYE8g,KDemon,https://www.youtube.com/channel/UCGGJmwrqz9q6BAVK0VWYE8g,HOLD_NEEDS_CHANNEL_REVIEW,NO_CHANNEL_ELIGIBILITY_REVIEW,False
youtube:UCGIDvgCG2v47r33D14QlasA,youtube,UCGIDvgCG2v47r33D14QlasA,Jusia Ch. ASMR,https://www.youtube.com/channel/UCGIDvgCG2v47r33D14QlasA,HOLD_NEEDS_CHANNEL_REVIEW,NO_CHANNEL_ELIGIBILITY_REVIEW,False
youtube:UCGIo_THCq5eGbEdb8f0z10Q,youtube,UCGIo_THCq5eGbEdb8f0z10Q,Shirowashi Ch.,https://www.youtube.com/channel/UCGIo_THCq5eGbEdb8f0z10Q,HOLD_NEEDS_CHANNEL_REVIEW,NO_CHANNEL_ELIGIBILITY_REVIEW,False
youtube:UCGMSJFuXdNmswEPX4X6NnLQ,youtube,UCGMSJFuXdNmswEPX4X6NnLQ,Mycara Melony Ch. Pixela-Mystic,https://www.youtube.com/channel/UCGMSJFuXdNmswEPX4X6NnLQ,HOLD_NEEDS_CHANNEL_REVIEW,EXACT_CHANNEL_ID_REVIEW,False
youtube:UCGMiAEmU8MB1-2abX_Tjkyw,youtube,UCGMiAEmU8MB1-2abX_Tjkyw,Wine Ch. ,https://www.youtube.com/channel/UCGMiAEmU8MB1-2abX_Tjkyw,HOLD_NEEDS_CHANNEL_REVIEW,NO_CHANNEL_ELIGIBILITY_REVIEW,False
youtube:UCGRF7CYtM2Qvevmach7enPA,youtube,UCGRF7CYtM2Qvevmach7enPA,Seabunnyi,https://www.youtube.com/channel/UCGRF7CYtM2Qvevmach7enPA,HOLD_NEEDS_CHANNEL_REVIEW,NO_CHANNEL_ELIGIBILITY_REVIEW,False
youtube:UCGWwz0WBEcGozJ6yZNGIsPw,youtube,UCGWwz0WBEcGozJ6yZNGIsPw,Estxr Channel,https://www.youtube.com/channel/UCGWwz0WBEcGozJ6yZNGIsPw,HOLD_NEEDS_CHANNEL_REVIEW,NO_CHANNEL_ELIGIBILITY_REVIEW,False
youtube:UCGXguhCIYycPMOTZN9s4x6A,youtube,UCGXguhCIYycPMOTZN9s4x6A,จู้จีนจุกจิก | Regene【RE:S】,https://www.youtube.com/channel/UCGXguhCIYycPMOTZN9s4x6A,HOLD_NEEDS_CHANNEL_REVIEW,NO_CHANNEL_ELIGIBILITY_REVIEW,False
youtube:UCGbMin84xisO1Yuq_guVlFA,youtube,UCGbMin84xisO1Yuq_guVlFA,NUTTY ROZE ,https://www.youtube.com/channel/UCGbMin84xisO1Yuq_guVlFA,HOLD_NEEDS_CHANNEL_REVIEW,NO_CHANNEL_ELIGIBILITY_REVIEW,False
youtube:UCGc2qf0Pkl7RyvqTyyP_o9w,youtube,UCGc2qf0Pkl7RyvqTyyP_o9w,MiYuu43 ch. みゆ,https://www.youtube.com/channel/UCGc2qf0Pkl7RyvqTyyP_o9w,HOLD_NEEDS_CHANNEL_REVIEW,NO_CHANNEL_ELIGIBILITY_REVIEW,False
youtube:UCGgUYt_n_Uzi5xYAS12XDww,youtube,UCGgUYt_n_Uzi5xYAS12XDww,Kahel Kallas『AST』 ,https://www.youtube.com/channel/UCGgUYt_n_Uzi5xYAS12XDww,HOLD_NEEDS_CHANNEL_REVIEW,NO_CHANNEL_ELIGIBILITY_REVIEW,False
youtube:UCGi7W6vbEJjPi1nzJfW-zOQ,youtube,UCGi7W6vbEJjPi1nzJfW-zOQ,Felixia-zorei-aixela Ch.,https://www.youtube.com/channel/UCGi7W6vbEJjPi1nzJfW-zOQ,HOLD_NEEDS_CHANNEL_REVIEW,NO_CHANNEL_ELIGIBILITY_REVIEW,False
youtube:UCGjZDsjGu_BzQ_hPKTRBLLw,youtube,UCGjZDsjGu_BzQ_hPKTRBLLw,Aidin,https://www.youtube.com/channel/UCGjZDsjGu_BzQ_hPKTRBLLw,HOLD_NEEDS_CHANNEL_REVIEW,EXACT_CHANNEL_ID_REVIEW,False
youtube:UCGmvJX9TaHps4LB-J-cR6bQ,youtube,UCGmvJX9TaHps4LB-J-cR6bQ,Sora Myojo《 EXia 》,https://www.youtube.com/channel/UCGmvJX9TaHps4LB-J-cR6bQ,HOLD_NEEDS_CHANNEL_REVIEW,NO_CHANNEL_ELIGIBILITY_REVIEW,False
youtube:UCGofntRkNUAgXGqimLtLy4g,youtube,UCGofntRkNUAgXGqimLtLy4g,Reilim Channel,https://www.youtube.com/channel/UCGofntRkNUAgXGqimLtLy4g,HOLD_NEEDS_CHANNEL_REVIEW,NO_CHANNEL_ELIGIBILITY_REVIEW,False
youtube:UCGtHn0fmqCAp_8AzV_PWd6A,youtube,UCGtHn0fmqCAp_8AzV_PWd6A,Eveshaiah Miraclover Ch. Lumina-Mutelu,https://www.youtube.com/channel/UCGtHn0fmqCAp_8AzV_PWd6A,HOLD_NEEDS_CHANNEL_REVIEW,NO_CHANNEL_ELIGIBILITY_REVIEW,False
youtube:UCGtjAVYcncs1AJ5hQY0gASQ,youtube,UCGtjAVYcncs1AJ5hQY0gASQ,KAMAI,https://www.youtube.com/channel/UCGtjAVYcncs1AJ5hQY0gASQ,HOLD_NEEDS_CHANNEL_REVIEW,NO_CHANNEL_ELIGIBILITY_REVIEW,False
youtube:UCGzgTzdaT1_RJM2rZm4O-dg,youtube,UCGzgTzdaT1_RJM2rZm4O-dg,Ryuuga The crane,https://www.youtube.com/channel/UCGzgTzdaT1_RJM2rZm4O-dg,HOLD_NEEDS_CHANNEL_REVIEW,NO_CHANNEL_ELIGIBILITY_REVIEW,False
youtube:UCH3mEs_fK3r0M2hJ9NsgNPg,youtube,UCH3mEs_fK3r0M2hJ9NsgNPg,fxoverpur,https://www.youtube.com/channel/UCH3mEs_fK3r0M2hJ9NsgNPg,HOLD_NEEDS_CHANNEL_REVIEW,NO_CHANNEL_ELIGIBILITY_REVIEW,False
youtube:UCH7h3T7J1ck7YgjbI2YPR7g,youtube,UCH7h3T7J1ck7YgjbI2YPR7g,Akinori Eiji Ch.「TRR」 ,https://www.youtube.com/channel/UCH7h3T7J1ck7YgjbI2YPR7g,HOLD_NEEDS_CHANNEL_REVIEW,NO_CHANNEL_ELIGIBILITY_REVIEW,False
youtube:UCH9YSRP3hG56bs2lzmMoOVw,youtube,UCH9YSRP3hG56bs2lzmMoOVw,Kimhan Summer /คิมหันต์ [EC19 Projekt],https://www.youtube.com/channel/UCH9YSRP3hG56bs2lzmMoOVw,HOLD_NEEDS_CHANNEL_REVIEW,NO_CHANNEL_ELIGIBILITY_REVIEW,False
youtube:UCHCvUUDxEP1ve9Zg_tZP5ug,youtube,UCHCvUUDxEP1ve9Zg_tZP5ug,Luthia IONIX,https://www.youtube.com/channel/UCHCvUUDxEP1ve9Zg_tZP5ug,HOLD_NEEDS_CHANNEL_REVIEW,NO_CHANNEL_ELIGIBILITY_REVIEW,False
youtube:UCHEnKuFdHAKL20IpCTi8l9Q,youtube,UCHEnKuFdHAKL20IpCTi8l9Q,SeJi Ch.,https://www.youtube.com/channel/UCHEnKuFdHAKL20IpCTi8l9Q,HOLD_NEEDS_CHANNEL_REVIEW,EXACT_CHANNEL_ID_REVIEW,False
youtube:UCHGviQ_8o_ZLS_k1vpFOtmQ,youtube,UCHGviQ_8o_ZLS_k1vpFOtmQ,Cobalt HellHound Ch. (ฮาวนด์),https://www.youtube.com/channel/UCHGviQ_8o_ZLS_k1vpFOtmQ,HOLD_NEEDS_CHANNEL_REVIEW,NO_CHANNEL_ELIGIBILITY_REVIEW,False
youtube:UCHL4mRfm4hZgmg4sPYRiYkg,youtube,UCHL4mRfm4hZgmg4sPYRiYkg,Bombay Bergamot,https://www.youtube.com/channel/UCHL4mRfm4hZgmg4sPYRiYkg,HOLD_NEEDS_CHANNEL_REVIEW,NO_CHANNEL_ELIGIBILITY_REVIEW,False
youtube:UCHONh9zedNOSdzUqUbSUQ-Q,youtube,UCHONh9zedNOSdzUqUbSUQ-Q,baruru channel,https://www.youtube.com/channel/UCHONh9zedNOSdzUqUbSUQ-Q,HOLD_NEEDS_CHANNEL_REVIEW,NO_CHANNEL_ELIGIBILITY_REVIEW,False
youtube:UCHRq9JfoPNIg5p1rMG02oqA,youtube,UCHRq9JfoPNIg5p1rMG02oqA,Zinnia,https://www.youtube.com/channel/UCHRq9JfoPNIg5p1rMG02oqA,HOLD_NEEDS_CHANNEL_REVIEW,NO_CHANNEL_ELIGIBILITY_REVIEW,False
youtube:UCHYMhyLCSsaZCRPzov6tHLg,youtube,UCHYMhyLCSsaZCRPzov6tHLg,Wilona Ch.,https://www.youtube.com/channel/UCHYMhyLCSsaZCRPzov6tHLg,HOLD_NEEDS_CHANNEL_REVIEW,EXACT_CHANNEL_ID_REVIEW,False
youtube:UCHa6wMUGqyur-ZWsUwDeQOg,youtube,UCHa6wMUGqyur-ZWsUwDeQOg, Cliche Ch.〖SSR〗,https://www.youtube.com/channel/UCHa6wMUGqyur-ZWsUwDeQOg,HOLD_NEEDS_CHANNEL_REVIEW,NO_CHANNEL_ELIGIBILITY_REVIEW,False
youtube:UCHeMMokpj5MpPVZwS121gZw,youtube,UCHeMMokpj5MpPVZwS121gZw,ヤマキ君,https://www.youtube.com/channel/UCHeMMokpj5MpPVZwS121gZw,HOLD_NEEDS_CHANNEL_REVIEW,NO_CHANNEL_ELIGIBILITY_REVIEW,False
youtube:UCHhEdxjXqC8sbAj7a-PVFlg,youtube,UCHhEdxjXqC8sbAj7a-PVFlg,LUM1N S.,https://www.youtube.com/channel/UCHhEdxjXqC8sbAj7a-PVFlg,HOLD_NEEDS_CHANNEL_REVIEW,NO_CHANNEL_ELIGIBILITY_REVIEW,False
youtube:UCHhIQk2SuVBxR4H2PH_3j2Q,youtube,UCHhIQk2SuVBxR4H2PH_3j2Q,นานาโฮชิ นานะ / 七星ナナ,https://www.youtube.com/channel/UCHhIQk2SuVBxR4H2PH_3j2Q,HOLD_NEEDS_CHANNEL_REVIEW,NO_CHANNEL_ELIGIBILITY_REVIEW,False
youtube:UCHhUajhm4zRg-_Ubw11otfw,youtube,UCHhUajhm4zRg-_Ubw11otfw,NamiNe,https://www.youtube.com/channel/UCHhUajhm4zRg-_Ubw11otfw,HOLD_NEEDS_CHANNEL_REVIEW,NO_CHANNEL_ELIGIBILITY_REVIEW,False
youtube:UCHhj6UP01456AHTAZkrKDrg,youtube,UCHhj6UP01456AHTAZkrKDrg,KIRIN,https://www.youtube.com/channel/UCHhj6UP01456AHTAZkrKDrg,HOLD_NEEDS_CHANNEL_REVIEW,NO_CHANNEL_ELIGIBILITY_REVIEW,False
youtube:UCHkNbiqY3dc4AcaiGxSq2_Q,youtube,UCHkNbiqY3dc4AcaiGxSq2_Q,Rosalyn Ch.,https://www.youtube.com/channel/UCHkNbiqY3dc4AcaiGxSq2_Q,HOLD_NEEDS_CHANNEL_REVIEW,NO_CHANNEL_ELIGIBILITY_REVIEW,False
youtube:UCHlFbiJk0VWcT2dPwTqXcxw,youtube,UCHlFbiJk0VWcT2dPwTqXcxw, JaoKat \ ジャオカットくん,https://www.youtube.com/channel/UCHlFbiJk0VWcT2dPwTqXcxw,HOLD_NEEDS_CHANNEL_REVIEW,NO_CHANNEL_ELIGIBILITY_REVIEW,False
youtube:UCHomiuTL8mMUPtDIbJw_TFg,youtube,UCHomiuTL8mMUPtDIbJw_TFg,Remisde || Vtuber,https://www.youtube.com/channel/UCHomiuTL8mMUPtDIbJw_TFg,HOLD_NEEDS_CHANNEL_REVIEW,NO_CHANNEL_ELIGIBILITY_REVIEW,False
youtube:UCHudKjxLpwqHoqV-57uTRFw,youtube,UCHudKjxLpwqHoqV-57uTRFw,FuwaFuwaSeal,https://www.youtube.com/channel/UCHudKjxLpwqHoqV-57uTRFw,HOLD_NEEDS_CHANNEL_REVIEW,NO_CHANNEL_ELIGIBILITY_REVIEW,False
youtube:UCHzQgT7k-UHxSo8oLQlf6Qg,youtube,UCHzQgT7k-UHxSo8oLQlf6Qg,VoidCat,https://www.youtube.com/channel/UCHzQgT7k-UHxSo8oLQlf6Qg,HOLD_NEEDS_CHANNEL_REVIEW,EXACT_CHANNEL_ID_REVIEW,False
youtube:UCI-P6wAQOviwsqMuVTVYKPQ,youtube,UCI-P6wAQOviwsqMuVTVYKPQ,Benibanashi Gento | 紅話玄踪-VTuber,https://www.youtube.com/channel/UCI-P6wAQOviwsqMuVTVYKPQ,HOLD_NEEDS_CHANNEL_REVIEW,EXACT_CHANNEL_ID_REVIEW,False
youtube:UCI0fG0fCTx3iyzC6wv_hI3g,youtube,UCI0fG0fCTx3iyzC6wv_hI3g,Hibana Nekomata,https://www.youtube.com/channel/UCI0fG0fCTx3iyzC6wv_hI3g,HOLD_NEEDS_CHANNEL_REVIEW,NO_CHANNEL_ELIGIBILITY_REVIEW,False
youtube:UCI1SAgyaSIwdGf2uVbcmuvQ,youtube,UCI1SAgyaSIwdGf2uVbcmuvQ,Realiable Ch.,https://www.youtube.com/channel/UCI1SAgyaSIwdGf2uVbcmuvQ,HOLD_NEEDS_CHANNEL_REVIEW,NO_CHANNEL_ELIGIBILITY_REVIEW,False
youtube:UCI38FHfSdCBRlD90Np1mGSQ,youtube,UCI38FHfSdCBRlD90Np1mGSQ,Catta.,https://www.youtube.com/channel/UCI38FHfSdCBRlD90Np1mGSQ,HOLD_NEEDS_CHANNEL_REVIEW,NO_CHANNEL_ELIGIBILITY_REVIEW,False
youtube:UCI7HyoyonuN4gh_Mgu6Kzbg,youtube,UCI7HyoyonuN4gh_Mgu6Kzbg,Hydejung 【21PM】,https://www.youtube.com/channel/UCI7HyoyonuN4gh_Mgu6Kzbg,HOLD_NEEDS_CHANNEL_REVIEW,NO_CHANNEL_ELIGIBILITY_REVIEW,False
youtube:UCI9bNMcvSiuq-bfjsPNomTA,youtube,UCI9bNMcvSiuq-bfjsPNomTA,Kana Ibera Ch.,https://www.youtube.com/channel/UCI9bNMcvSiuq-bfjsPNomTA,HOLD_NEEDS_CHANNEL_REVIEW,NO_CHANNEL_ELIGIBILITY_REVIEW,False
youtube:UCIBdFlC2Fk3rID8CAETV35g,youtube,UCIBdFlC2Fk3rID8CAETV35g,Kryspeia Cosmelis Ch. Lumina-Mutelu,https://www.youtube.com/channel/UCIBdFlC2Fk3rID8CAETV35g,HOLD_NEEDS_CHANNEL_REVIEW,NO_CHANNEL_ELIGIBILITY_REVIEW,False
youtube:UCIDkMzUr_JW5yoiq_Nx35_A,youtube,UCIDkMzUr_JW5yoiq_Nx35_A,MaaeTheGreatest,https://www.youtube.com/channel/UCIDkMzUr_JW5yoiq_Nx35_A,HOLD_NEEDS_CHANNEL_REVIEW,NO_CHANNEL_ELIGIBILITY_REVIEW,False
youtube:UCIGChk_c7ZNdtpOrmbHr2NA,youtube,UCIGChk_c7ZNdtpOrmbHr2NA,Miibelle「ASMR VTUBER」,https://www.youtube.com/channel/UCIGChk_c7ZNdtpOrmbHr2NA,HOLD_NEEDS_CHANNEL_REVIEW,NO_CHANNEL_ELIGIBILITY_REVIEW,False
youtube:UCIJlMF7bynSgi0G8Hy6j94g,youtube,UCIJlMF7bynSgi0G8Hy6j94g,SoDaChan | Vtuber,https://www.youtube.com/channel/UCIJlMF7bynSgi0G8Hy6j94g,HOLD_NEEDS_CHANNEL_REVIEW,EXACT_CHANNEL_ID_REVIEW,False
youtube:UCIMFIkXOGA7dWA903WdRKKg,youtube,UCIMFIkXOGA7dWA903WdRKKg,Nezumi Elze Ch. Pixela Legends,https://www.youtube.com/channel/UCIMFIkXOGA7dWA903WdRKKg,HOLD_NEEDS_CHANNEL_REVIEW,NO_CHANNEL_ELIGIBILITY_REVIEW,False
youtube:UCINz9FJcpcedlGsYKXQkopA,youtube,UCINz9FJcpcedlGsYKXQkopA,Hoshimura Himawari,https://www.youtube.com/channel/UCINz9FJcpcedlGsYKXQkopA,HOLD_NEEDS_CHANNEL_REVIEW,NO_CHANNEL_ELIGIBILITY_REVIEW,False
youtube:UCIWrMTsjxdx_V1zlBkbCVCg,youtube,UCIWrMTsjxdx_V1zlBkbCVCg,MaRinE Channel,https://www.youtube.com/channel/UCIWrMTsjxdx_V1zlBkbCVCg,HOLD_NEEDS_CHANNEL_REVIEW,NO_CHANNEL_ELIGIBILITY_REVIEW,False
youtube:UCIc2CW34mQ6eAlJoPV2Un4Q,youtube,UCIc2CW34mQ6eAlJoPV2Un4Q,Sonnenblume,https://www.youtube.com/channel/UCIc2CW34mQ6eAlJoPV2Un4Q,HOLD_NEEDS_CHANNEL_REVIEW,NO_CHANNEL_ELIGIBILITY_REVIEW,False
youtube:UCIcJV6J1HFf0cHKeswvTyaw,youtube,UCIcJV6J1HFf0cHKeswvTyaw,Navia Whale,https://www.youtube.com/channel/UCIcJV6J1HFf0cHKeswvTyaw,HOLD_NEEDS_CHANNEL_REVIEW,NO_CHANNEL_ELIGIBILITY_REVIEW,False
youtube:UCIgXtat0bKE5e8sXtUgutOw,youtube,UCIgXtat0bKE5e8sXtUgutOw,Torakaze,https://www.youtube.com/channel/UCIgXtat0bKE5e8sXtUgutOw,HOLD_NEEDS_CHANNEL_REVIEW,NO_CHANNEL_ELIGIBILITY_REVIEW,False
youtube:UCIh-YIiPfxN0qPWAvIpfBXQ,youtube,UCIh-YIiPfxN0qPWAvIpfBXQ,Himari Hana Ch.,https://www.youtube.com/channel/UCIh-YIiPfxN0qPWAvIpfBXQ,HOLD_NEEDS_CHANNEL_REVIEW,NO_CHANNEL_ELIGIBILITY_REVIEW,False
youtube:UCIxWJ7k2MWKT6sIg3mLjkTg,youtube,UCIxWJ7k2MWKT6sIg3mLjkTg,โป๊ะโกะ / PoKo ปลวกทูปเบ๋อ,https://www.youtube.com/channel/UCIxWJ7k2MWKT6sIg3mLjkTg,HOLD_NEEDS_CHANNEL_REVIEW,NO_CHANNEL_ELIGIBILITY_REVIEW,False
youtube:UCJ2Ahrr9QYJnrjYJkWccSzg,youtube,UCJ2Ahrr9QYJnrjYJkWccSzg,Kochiki Gram Ch.,https://www.youtube.com/channel/UCJ2Ahrr9QYJnrjYJkWccSzg,HOLD_NEEDS_CHANNEL_REVIEW,NO_CHANNEL_ELIGIBILITY_REVIEW,False
youtube:UCJ6kqLPI4aALUa0p3kJJUKQ,youtube,UCJ6kqLPI4aALUa0p3kJJUKQ,Mellowlop「Paralist」,https://www.youtube.com/channel/UCJ6kqLPI4aALUa0p3kJJUKQ,HOLD_NEEDS_CHANNEL_REVIEW,EXACT_CHANNEL_ID_REVIEW,False
youtube:UCJ8R9I1AWV94psG7gxLiU5Q,youtube,UCJ8R9I1AWV94psG7gxLiU5Q,MaRinENaJa,https://www.youtube.com/channel/UCJ8R9I1AWV94psG7gxLiU5Q,HOLD_NEEDS_CHANNEL_REVIEW,NO_CHANNEL_ELIGIBILITY_REVIEW,False
youtube:UCJ8hefgtMDAtBo7NRSa90Zg,youtube,UCJ8hefgtMDAtBo7NRSa90Zg,OwlMan Ch.,https://www.youtube.com/channel/UCJ8hefgtMDAtBo7NRSa90Zg,HOLD_NEEDS_CHANNEL_REVIEW,NO_CHANNEL_ELIGIBILITY_REVIEW,False
youtube:UCJ9STJzDqEexCPnqAAHe5Cw,youtube,UCJ9STJzDqEexCPnqAAHe5Cw,RINNPING,https://www.youtube.com/channel/UCJ9STJzDqEexCPnqAAHe5Cw,HOLD_NEEDS_CHANNEL_REVIEW,NO_CHANNEL_ELIGIBILITY_REVIEW,False
youtube:UCJAI6tpsee_w0sMV7-NB_Tw,youtube,UCJAI6tpsee_w0sMV7-NB_Tw,SUIFONG CH〖DPX〗,https://www.youtube.com/channel/UCJAI6tpsee_w0sMV7-NB_Tw,HOLD_NEEDS_CHANNEL_REVIEW,EXACT_CHANNEL_ID_REVIEW,False
youtube:UCJFoHpvvS4MLNsq0VeiEAyg,youtube,UCJFoHpvvS4MLNsq0VeiEAyg,Yunes Ch ,https://www.youtube.com/channel/UCJFoHpvvS4MLNsq0VeiEAyg,HOLD_NEEDS_CHANNEL_REVIEW,NO_CHANNEL_ELIGIBILITY_REVIEW,False
youtube:UCJGy7NCvnc-xcVPwdDzuxvQ,youtube,UCJGy7NCvnc-xcVPwdDzuxvQ,Fukio_VT,https://www.youtube.com/channel/UCJGy7NCvnc-xcVPwdDzuxvQ,HOLD_NEEDS_CHANNEL_REVIEW,NO_CHANNEL_ELIGIBILITY_REVIEW,False
youtube:UCJL3R_l2-sxDQelzyQ6fHug,youtube,UCJL3R_l2-sxDQelzyQ6fHug, NiRu Channel ,https://www.youtube.com/channel/UCJL3R_l2-sxDQelzyQ6fHug,HOLD_NEEDS_CHANNEL_REVIEW,NO_CHANNEL_ELIGIBILITY_REVIEW,False
youtube:UCJMSZ92fkCAzyWmkdpvCuQA,youtube,UCJMSZ92fkCAzyWmkdpvCuQA,SZeroCh,https://www.youtube.com/channel/UCJMSZ92fkCAzyWmkdpvCuQA,HOLD_NEEDS_CHANNEL_REVIEW,NO_CHANNEL_ELIGIBILITY_REVIEW,False
youtube:UCJMtmiajwsQXE4rpd2wuEyg,youtube,UCJMtmiajwsQXE4rpd2wuEyg,Chiharu ch.「TRR」,https://www.youtube.com/channel/UCJMtmiajwsQXE4rpd2wuEyg,HOLD_NEEDS_CHANNEL_REVIEW,NO_CHANNEL_ELIGIBILITY_REVIEW,False
youtube:UCJVNjk7J4WxX4ccFl11SzDw,youtube,UCJVNjk7J4WxX4ccFl11SzDw,MOA - โมอา,https://www.youtube.com/channel/UCJVNjk7J4WxX4ccFl11SzDw,HOLD_NEEDS_CHANNEL_REVIEW,NO_CHANNEL_ELIGIBILITY_REVIEW,False
youtube:UCJV_fi2dwgLJLLkIIzsT4hg,youtube,UCJV_fi2dwgLJLLkIIzsT4hg,StelLa Ch.【XEKIN】,https://www.youtube.com/channel/UCJV_fi2dwgLJLLkIIzsT4hg,HOLD_NEEDS_CHANNEL_REVIEW,NO_CHANNEL_ELIGIBILITY_REVIEW,False
youtube:UCJZdSYHLTvG4d3yVd-NyasA,youtube,UCJZdSYHLTvG4d3yVd-NyasA,AYANE  SHIWAWA,https://www.youtube.com/channel/UCJZdSYHLTvG4d3yVd-NyasA,HOLD_NEEDS_CHANNEL_REVIEW,NO_CHANNEL_ELIGIBILITY_REVIEW,False
youtube:UCJ_UF-kgawF3QedMVkllT4g,youtube,UCJ_UF-kgawF3QedMVkllT4g,Zabrina-VtuberTH,https://www.youtube.com/channel/UCJ_UF-kgawF3QedMVkllT4g,HOLD_NEEDS_CHANNEL_REVIEW,NO_CHANNEL_ELIGIBILITY_REVIEW,False
youtube:UCJcUPyHbfB_4evd9PhFyfXQ,youtube,UCJcUPyHbfB_4evd9PhFyfXQ,AltairAlAl Ch.,https://www.youtube.com/channel/UCJcUPyHbfB_4evd9PhFyfXQ,HOLD_NEEDS_CHANNEL_REVIEW,NO_CHANNEL_ELIGIBILITY_REVIEW,False
youtube:UCJcfB-86rWM0NF2li1CqNNw,youtube,UCJcfB-86rWM0NF2li1CqNNw,NutsuruSama ,https://www.youtube.com/channel/UCJcfB-86rWM0NF2li1CqNNw,HOLD_NEEDS_CHANNEL_REVIEW,NO_CHANNEL_ELIGIBILITY_REVIEW,False
youtube:UCJdXesaZYrQVSjhlYhme8rQ,youtube,UCJdXesaZYrQVSjhlYhme8rQ,Ayna Ch.【ARP】,https://www.youtube.com/channel/UCJdXesaZYrQVSjhlYhme8rQ,HOLD_NEEDS_CHANNEL_REVIEW,NO_CHANNEL_ELIGIBILITY_REVIEW,False
youtube:UCJh1yHdhK6XA2brZ8EIuaaw,youtube,UCJh1yHdhK6XA2brZ8EIuaaw,BlueMoon Ch. ,https://www.youtube.com/channel/UCJh1yHdhK6XA2brZ8EIuaaw,HOLD_NEEDS_CHANNEL_REVIEW,NO_CHANNEL_ELIGIBILITY_REVIEW,False
youtube:UCJu3OL7duainSbXcDvU-bUA,youtube,UCJu3OL7duainSbXcDvU-bUA,Kurosawa Karwara〖Autumnia〗,https://www.youtube.com/channel/UCJu3OL7duainSbXcDvU-bUA,HOLD_NEEDS_CHANNEL_REVIEW,NO_CHANNEL_ELIGIBILITY_REVIEW,False
youtube:UCJxIZZSfV0u2b7p_bK7jOjw,youtube,UCJxIZZSfV0u2b7p_bK7jOjw,Endoria Fia「ALF」,https://www.youtube.com/channel/UCJxIZZSfV0u2b7p_bK7jOjw,HOLD_NEEDS_CHANNEL_REVIEW,NO_CHANNEL_ELIGIBILITY_REVIEW,False
youtube:UCK0yR420GTebrHIJy1-ND2g,youtube,UCK0yR420GTebrHIJy1-ND2g,Zoey Ch.【 HZ 】,https://www.youtube.com/channel/UCK0yR420GTebrHIJy1-ND2g,HOLD_NEEDS_CHANNEL_REVIEW,NO_CHANNEL_ELIGIBILITY_REVIEW,False
youtube:UCK8GmjIUCbl_qlRCfAR3yaA,youtube,UCK8GmjIUCbl_qlRCfAR3yaA,Project R.,https://www.youtube.com/channel/UCK8GmjIUCbl_qlRCfAR3yaA,HOLD_NEEDS_CHANNEL_REVIEW,NO_CHANNEL_ELIGIBILITY_REVIEW,False
youtube:UCKE7TdJhSFGM6eBxAOZrw8g,youtube,UCKE7TdJhSFGM6eBxAOZrw8g,Urana Ch.,https://www.youtube.com/channel/UCKE7TdJhSFGM6eBxAOZrw8g,HOLD_NEEDS_CHANNEL_REVIEW,NO_CHANNEL_ELIGIBILITY_REVIEW,False
youtube:UCKKPleoe-EdGryxMCf0i9UA,youtube,UCKKPleoe-EdGryxMCf0i9UA,DoMINO DDD.,https://www.youtube.com/channel/UCKKPleoe-EdGryxMCf0i9UA,HOLD_NEEDS_CHANNEL_REVIEW,NO_CHANNEL_ELIGIBILITY_REVIEW,False
youtube:UCKPcwla_mvpdBnyjHYTiwoQ,youtube,UCKPcwla_mvpdBnyjHYTiwoQ,Puipui Memory,https://www.youtube.com/channel/UCKPcwla_mvpdBnyjHYTiwoQ,HOLD_NEEDS_CHANNEL_REVIEW,NO_CHANNEL_ELIGIBILITY_REVIEW,False
youtube:UCKSfn-s6fgSVkkNGcPPUuBQ,youtube,UCKSfn-s6fgSVkkNGcPPUuBQ,Sua Ch.,https://www.youtube.com/channel/UCKSfn-s6fgSVkkNGcPPUuBQ,HOLD_NEEDS_CHANNEL_REVIEW,NO_CHANNEL_ELIGIBILITY_REVIEW,False
youtube:UCKlC3deRExVS_eCuFg2ec2g,youtube,UCKlC3deRExVS_eCuFg2ec2g,Yama 『VTG』,https://www.youtube.com/channel/UCKlC3deRExVS_eCuFg2ec2g,HOLD_NEEDS_CHANNEL_REVIEW,NO_CHANNEL_ELIGIBILITY_REVIEW,False
youtube:UCKlrZ_Pp4UE8miUIbC3kFjg,youtube,UCKlrZ_Pp4UE8miUIbC3kFjg,Castesia | Phoenix Vtuber of Noxus,https://www.youtube.com/channel/UCKlrZ_Pp4UE8miUIbC3kFjg,HOLD_NEEDS_CHANNEL_REVIEW,NO_CHANNEL_ELIGIBILITY_REVIEW,False
youtube:UCKuzX7wNaRVXEI9a81xeNfA,youtube,UCKuzX7wNaRVXEI9a81xeNfA,Minami Lollipopza Ch. ʕ •ᴥ•ʔ,https://www.youtube.com/channel/UCKuzX7wNaRVXEI9a81xeNfA,HOLD_NEEDS_CHANNEL_REVIEW,EXACT_CHANNEL_ID_REVIEW,False
youtube:UCL0sord1bwoWcg2M2WExpiA,youtube,UCL0sord1bwoWcg2M2WExpiA,Sullivan Ch. Vprolive,https://www.youtube.com/channel/UCL0sord1bwoWcg2M2WExpiA,HOLD_NEEDS_CHANNEL_REVIEW,NO_CHANNEL_ELIGIBILITY_REVIEW,False
youtube:UCL1yaSZue9dW_zyvhdI8C3w,youtube,UCL1yaSZue9dW_zyvhdI8C3w,Friskfitz,https://www.youtube.com/channel/UCL1yaSZue9dW_zyvhdI8C3w,HOLD_NEEDS_CHANNEL_REVIEW,NO_CHANNEL_ELIGIBILITY_REVIEW,False
youtube:UCL2geAXXebwlFLe-dokNCkw,youtube,UCL2geAXXebwlFLe-dokNCkw,Phelita ch. Euphora • [On Hold],https://www.youtube.com/channel/UCL2geAXXebwlFLe-dokNCkw,HOLD_NEEDS_CHANNEL_REVIEW,NO_CHANNEL_ELIGIBILITY_REVIEW,False
youtube:UCL4nWmMsqtYKN6OvcmskNtg,youtube,UCL4nWmMsqtYKN6OvcmskNtg,Rubellite ch. Euphora,https://www.youtube.com/channel/UCL4nWmMsqtYKN6OvcmskNtg,HOLD_NEEDS_CHANNEL_REVIEW,NO_CHANNEL_ELIGIBILITY_REVIEW,False
youtube:UCL6YKqCxZoo1ecno9Zn6RDg,youtube,UCL6YKqCxZoo1ecno9Zn6RDg,Lynis ch. Euphora | Vtuber,https://www.youtube.com/channel/UCL6YKqCxZoo1ecno9Zn6RDg,HOLD_NEEDS_CHANNEL_REVIEW,NO_CHANNEL_ELIGIBILITY_REVIEW,False
youtube:UCL9pGQHePabm2RkTgbFR7YQ,youtube,UCL9pGQHePabm2RkTgbFR7YQ,TayTungKeyVR,https://www.youtube.com/channel/UCL9pGQHePabm2RkTgbFR7YQ,HOLD_NEEDS_CHANNEL_REVIEW,NO_CHANNEL_ELIGIBILITY_REVIEW,False
youtube:UCLNBff3KDEUxdfH_lkvyOKQ,youtube,UCLNBff3KDEUxdfH_lkvyOKQ,Kamiyu Reirin Ch. Lumina-First-Myth,https://www.youtube.com/channel/UCLNBff3KDEUxdfH_lkvyOKQ,HOLD_NEEDS_CHANNEL_REVIEW,NO_CHANNEL_ELIGIBILITY_REVIEW,False
youtube:UCLUmZp46kwJs1YENDLsGV9A,youtube,UCLUmZp46kwJs1YENDLsGV9A,Lyric Ursae,https://www.youtube.com/channel/UCLUmZp46kwJs1YENDLsGV9A,HOLD_NEEDS_CHANNEL_REVIEW,NO_CHANNEL_ELIGIBILITY_REVIEW,False
youtube:UCLplEzbrp6AFeZIyVp9EnRA,youtube,UCLplEzbrp6AFeZIyVp9EnRA,แก้วกษิรา [KAEWKASIRA] 🐍🌸,https://www.youtube.com/channel/UCLplEzbrp6AFeZIyVp9EnRA,HOLD_NEEDS_CHANNEL_REVIEW,NO_CHANNEL_ELIGIBILITY_REVIEW,False
youtube:UCLy-ymZxh0-UFi3ov7MJKvA,youtube,UCLy-ymZxh0-UFi3ov7MJKvA,T0NZero x N5S,https://www.youtube.com/channel/UCLy-ymZxh0-UFi3ov7MJKvA,HOLD_NEEDS_CHANNEL_REVIEW,NO_CHANNEL_ELIGIBILITY_REVIEW,False
youtube:UCM69uU9b_raR3mcACHeivgg,youtube,UCM69uU9b_raR3mcACHeivgg,Pyork The Pork,https://www.youtube.com/channel/UCM69uU9b_raR3mcACHeivgg,HOLD_NEEDS_CHANNEL_REVIEW,NO_CHANNEL_ELIGIBILITY_REVIEW,False
youtube:UCM7lej36ZymXK4KGygFQN8w,youtube,UCM7lej36ZymXK4KGygFQN8w,MINI_lorii,https://www.youtube.com/channel/UCM7lej36ZymXK4KGygFQN8w,HOLD_NEEDS_CHANNEL_REVIEW,NO_CHANNEL_ELIGIBILITY_REVIEW,False
youtube:UCM96L0HabMkeIGyBViLZ4YQ,youtube,UCM96L0HabMkeIGyBViLZ4YQ,Cynthia Rowena Ch.,https://www.youtube.com/channel/UCM96L0HabMkeIGyBViLZ4YQ,HOLD_NEEDS_CHANNEL_REVIEW,NO_CHANNEL_ELIGIBILITY_REVIEW,False
youtube:UCMBxPwSlBQz2TxRnA2ogq0w,youtube,UCMBxPwSlBQz2TxRnA2ogq0w,Jayda,https://www.youtube.com/channel/UCMBxPwSlBQz2TxRnA2ogq0w,HOLD_NEEDS_CHANNEL_REVIEW,NO_CHANNEL_ELIGIBILITY_REVIEW,False
youtube:UCMDaeugSCq7jNvWma9pa0ZQ,youtube,UCMDaeugSCq7jNvWma9pa0ZQ,ReaTH Ch.,https://www.youtube.com/channel/UCMDaeugSCq7jNvWma9pa0ZQ,HOLD_NEEDS_CHANNEL_REVIEW,NO_CHANNEL_ELIGIBILITY_REVIEW,False
youtube:UCMHyqlEwC-IdXCQZht8g44w,youtube,UCMHyqlEwC-IdXCQZht8g44w,Sigmunda Riona Ch. 【POLYGON】,https://www.youtube.com/channel/UCMHyqlEwC-IdXCQZht8g44w,HOLD_NEEDS_CHANNEL_REVIEW,NO_CHANNEL_ELIGIBILITY_REVIEW,False
youtube:UCMQ21qN4qXA0sJf-kUK9ZjQ,youtube,UCMQ21qN4qXA0sJf-kUK9ZjQ,SIXTEEN WATHATHAI ,https://www.youtube.com/channel/UCMQ21qN4qXA0sJf-kUK9ZjQ,HOLD_NEEDS_CHANNEL_REVIEW,NO_CHANNEL_ELIGIBILITY_REVIEW,False
youtube:UCMQwItTmnjFp1VK-v6aR15g,youtube,UCMQwItTmnjFp1VK-v6aR15g,Rendell Druid Ch.,https://www.youtube.com/channel/UCMQwItTmnjFp1VK-v6aR15g,HOLD_NEEDS_CHANNEL_REVIEW,NO_CHANNEL_ELIGIBILITY_REVIEW,False
youtube:UCMZkIRSYq4NX-rBGs7n-3-g,youtube,UCMZkIRSYq4NX-rBGs7n-3-g,Yena Hwang ch. 황예나,https://www.youtube.com/channel/UCMZkIRSYq4NX-rBGs7n-3-g,HOLD_NEEDS_CHANNEL_REVIEW,NO_CHANNEL_ELIGIBILITY_REVIEW,False
youtube:UCMdzC45Herdf2KXfEyhAjLg,youtube,UCMdzC45Herdf2KXfEyhAjLg,MaewDam T. Mira,https://www.youtube.com/channel/UCMdzC45Herdf2KXfEyhAjLg,HOLD_NEEDS_CHANNEL_REVIEW,NO_CHANNEL_ELIGIBILITY_REVIEW,False
youtube:UCMh4voylnr9h_UVZWJI5Vew,youtube,UCMh4voylnr9h_UVZWJI5Vew,CandyCatdy CH.,https://www.youtube.com/channel/UCMh4voylnr9h_UVZWJI5Vew,HOLD_NEEDS_CHANNEL_REVIEW,NO_CHANNEL_ELIGIBILITY_REVIEW,False
youtube:UCMhUWTKBjrRSacizvjq3HLg,youtube,UCMhUWTKBjrRSacizvjq3HLg,L4zyGone,https://www.youtube.com/channel/UCMhUWTKBjrRSacizvjq3HLg,HOLD_NEEDS_CHANNEL_REVIEW,NO_CHANNEL_ELIGIBILITY_REVIEW,False
youtube:UCMoP04hETQT8gYkfCI675EQ,youtube,UCMoP04hETQT8gYkfCI675EQ,Memories of Munia ,https://www.youtube.com/channel/UCMoP04hETQT8gYkfCI675EQ,HOLD_NEEDS_CHANNEL_REVIEW,NO_CHANNEL_ELIGIBILITY_REVIEW,False
youtube:UCMrMIuX-WYd9Tpr8E1-ryKQ,youtube,UCMrMIuX-WYd9Tpr8E1-ryKQ,Neru - Gemini,https://www.youtube.com/channel/UCMrMIuX-WYd9Tpr8E1-ryKQ,HOLD_NEEDS_CHANNEL_REVIEW,EXACT_CHANNEL_ID_REVIEW,False
youtube:UCMs5aPn2oecJGX0siIC3q0Q,youtube,UCMs5aPn2oecJGX0siIC3q0Q,Ayris Belle Melleri Ch.,https://www.youtube.com/channel/UCMs5aPn2oecJGX0siIC3q0Q,HOLD_NEEDS_CHANNEL_REVIEW,NO_CHANNEL_ELIGIBILITY_REVIEW,False
youtube:UCMvIUZRjMYx-_U7_RRlQYqw,youtube,UCMvIUZRjMYx-_U7_RRlQYqw,Zerin Ch. - ゼリン -,https://www.youtube.com/channel/UCMvIUZRjMYx-_U7_RRlQYqw,HOLD_NEEDS_CHANNEL_REVIEW,NO_CHANNEL_ELIGIBILITY_REVIEW,False
youtube:UCMvc8BlQ7r5gRbz-D2EY0LA,youtube,UCMvc8BlQ7r5gRbz-D2EY0LA,HØRI 07 ⌜VZ⌟,https://www.youtube.com/channel/UCMvc8BlQ7r5gRbz-D2EY0LA,HOLD_NEEDS_CHANNEL_REVIEW,EXACT_CHANNEL_ID_REVIEW,False
youtube:UCN0m7R88NRnqBdjIPcloOnw,youtube,UCN0m7R88NRnqBdjIPcloOnw,Natsume [NEX],https://www.youtube.com/channel/UCN0m7R88NRnqBdjIPcloOnw,HOLD_NEEDS_CHANNEL_REVIEW,NO_CHANNEL_ELIGIBILITY_REVIEW,False
youtube:UCN2h2ov92AeTDv60a1mUr0g,youtube,UCN2h2ov92AeTDv60a1mUr0g,Puffy Fluffy Ch.,https://www.youtube.com/channel/UCN2h2ov92AeTDv60a1mUr0g,HOLD_NEEDS_CHANNEL_REVIEW,NO_CHANNEL_ELIGIBILITY_REVIEW,False
youtube:UCN2uHnFKm8CTbjFQ9H7Uotg,youtube,UCN2uHnFKm8CTbjFQ9H7Uotg,Nonghong,https://www.youtube.com/channel/UCN2uHnFKm8CTbjFQ9H7Uotg,HOLD_NEEDS_CHANNEL_REVIEW,NO_CHANNEL_ELIGIBILITY_REVIEW,False
youtube:UCN3A90FXb4u4ZirE2LmB_9Q,youtube,UCN3A90FXb4u4ZirE2LmB_9Q,HEADCHEF,https://www.youtube.com/channel/UCN3A90FXb4u4ZirE2LmB_9Q,HOLD_NEEDS_CHANNEL_REVIEW,NO_CHANNEL_ELIGIBILITY_REVIEW,False
youtube:UCN3ujjUVCDcAjX-wfkU00SQ,youtube,UCN3ujjUVCDcAjX-wfkU00SQ,TomatoChan🍅,https://www.youtube.com/channel/UCN3ujjUVCDcAjX-wfkU00SQ,HOLD_NEEDS_CHANNEL_REVIEW,NO_CHANNEL_ELIGIBILITY_REVIEW,False
youtube:UCN5KfrZRFVu6QbnPC3bl9qA,youtube,UCN5KfrZRFVu6QbnPC3bl9qA,Mamushi Ene Ch.,https://www.youtube.com/channel/UCN5KfrZRFVu6QbnPC3bl9qA,HOLD_NEEDS_CHANNEL_REVIEW,EXACT_CHANNEL_ID_REVIEW,False
youtube:UCN6506blTCjlsfwnRBMRB0Q,youtube,UCN6506blTCjlsfwnRBMRB0Q,Norigo Ch.,https://www.youtube.com/channel/UCN6506blTCjlsfwnRBMRB0Q,HOLD_NEEDS_CHANNEL_REVIEW,NO_CHANNEL_ELIGIBILITY_REVIEW,False
youtube:UCN9xSRO9lXdzO3mM3BCEt9w,youtube,UCN9xSRO9lXdzO3mM3BCEt9w,Nyann Nyatsume,https://www.youtube.com/channel/UCN9xSRO9lXdzO3mM3BCEt9w,HOLD_NEEDS_CHANNEL_REVIEW,NO_CHANNEL_ELIGIBILITY_REVIEW,False
youtube:UCNDYUXSVC7ffBAGEktilzUQ,youtube,UCNDYUXSVC7ffBAGEktilzUQ,Hanami Lay CH.,https://www.youtube.com/channel/UCNDYUXSVC7ffBAGEktilzUQ,HOLD_NEEDS_CHANNEL_REVIEW,NO_CHANNEL_ELIGIBILITY_REVIEW,False
youtube:UCNGyEYW2pFjhR_YqSuC4zjg,youtube,UCNGyEYW2pFjhR_YqSuC4zjg,SAYU Ch. 小百合さゆ  ,https://www.youtube.com/channel/UCNGyEYW2pFjhR_YqSuC4zjg,HOLD_NEEDS_CHANNEL_REVIEW,NO_CHANNEL_ELIGIBILITY_REVIEW,False
youtube:UCNLd5kFDUcQyiiiV8f56Tlw,youtube,UCNLd5kFDUcQyiiiV8f56Tlw,Hecate Ch.,https://www.youtube.com/channel/UCNLd5kFDUcQyiiiV8f56Tlw,HOLD_NEEDS_CHANNEL_REVIEW,EXACT_CHANNEL_ID_REVIEW,False
youtube:UCNMSbSb456HB-QHasfl7dtg,youtube,UCNMSbSb456HB-QHasfl7dtg,MEWRCCLUB Ch.,https://www.youtube.com/channel/UCNMSbSb456HB-QHasfl7dtg,HOLD_NEEDS_CHANNEL_REVIEW,NO_CHANNEL_ELIGIBILITY_REVIEW,False
youtube:UCNRhbYsDR35KlFvAeP_WmrA,youtube,UCNRhbYsDR35KlFvAeP_WmrA,NatchaLatte Official,https://www.youtube.com/channel/UCNRhbYsDR35KlFvAeP_WmrA,HOLD_NEEDS_CHANNEL_REVIEW,NO_CHANNEL_ELIGIBILITY_REVIEW,False
youtube:UCNTEr2_96vJnXNazr5MwNLA,youtube,UCNTEr2_96vJnXNazr5MwNLA,Schneider Ch.【ARP】,https://www.youtube.com/channel/UCNTEr2_96vJnXNazr5MwNLA,HOLD_NEEDS_CHANNEL_REVIEW,NO_CHANNEL_ELIGIBILITY_REVIEW,False
youtube:UCNaHMNS61Q1f1nIRDS0429A,youtube,UCNaHMNS61Q1f1nIRDS0429A,Weiß,https://www.youtube.com/channel/UCNaHMNS61Q1f1nIRDS0429A,HOLD_NEEDS_CHANNEL_REVIEW,NO_CHANNEL_ELIGIBILITY_REVIEW,False
youtube:UCNak-g6_mKH-UkDLnrvjyzw,youtube,UCNak-g6_mKH-UkDLnrvjyzw,MATSURII Ch.,https://www.youtube.com/channel/UCNak-g6_mKH-UkDLnrvjyzw,HOLD_NEEDS_CHANNEL_REVIEW,NO_CHANNEL_ELIGIBILITY_REVIEW,False
youtube:UCNbXahoA48lOdkSS9fAWmcQ,youtube,UCNbXahoA48lOdkSS9fAWmcQ,เกมส์เมอร์ขาอ่อน 【18 B 】,https://www.youtube.com/channel/UCNbXahoA48lOdkSS9fAWmcQ,HOLD_NEEDS_CHANNEL_REVIEW,NO_CHANNEL_ELIGIBILITY_REVIEW,False
youtube:UCNlt0mYDjOGDQNEYXytL4xQ,youtube,UCNlt0mYDjOGDQNEYXytL4xQ,Zeiji7 Ch.,https://www.youtube.com/channel/UCNlt0mYDjOGDQNEYXytL4xQ,HOLD_NEEDS_CHANNEL_REVIEW,NO_CHANNEL_ELIGIBILITY_REVIEW,False
youtube:UCNmZMq-4asLHHd0WvdO2iRQ,youtube,UCNmZMq-4asLHHd0WvdO2iRQ,Pheonyx Thea Ch.,https://www.youtube.com/channel/UCNmZMq-4asLHHd0WvdO2iRQ,HOLD_NEEDS_CHANNEL_REVIEW,NO_CHANNEL_ELIGIBILITY_REVIEW,False
youtube:UCNvLBLJ0HtlmeEKsGC5F4PQ,youtube,UCNvLBLJ0HtlmeEKsGC5F4PQ,OKAMI bwt,https://www.youtube.com/channel/UCNvLBLJ0HtlmeEKsGC5F4PQ,HOLD_NEEDS_CHANNEL_REVIEW,NO_CHANNEL_ELIGIBILITY_REVIEW,False
youtube:UCNxjqm_u1zOpgisojN5WoSw,youtube,UCNxjqm_u1zOpgisojN5WoSw,zaczoa Twin Aliens,https://www.youtube.com/channel/UCNxjqm_u1zOpgisojN5WoSw,HOLD_NEEDS_CHANNEL_REVIEW,EXACT_CHANNEL_ID_REVIEW,False
youtube:UCNy9BIHfr9iuvGdeQ0jm1gA,youtube,UCNy9BIHfr9iuvGdeQ0jm1gA,MaddoxTheOrder,https://www.youtube.com/channel/UCNy9BIHfr9iuvGdeQ0jm1gA,HOLD_NEEDS_CHANNEL_REVIEW,NO_CHANNEL_ELIGIBILITY_REVIEW,False
youtube:UCO-cQ0fuaInGZHIxSn9iO3g,youtube,UCO-cQ0fuaInGZHIxSn9iO3g,Peace Ch.,https://www.youtube.com/channel/UCO-cQ0fuaInGZHIxSn9iO3g,HOLD_NEEDS_CHANNEL_REVIEW,NO_CHANNEL_ELIGIBILITY_REVIEW,False
youtube:UCO16Msf-IqFupuEiRYbmC7A,youtube,UCO16Msf-IqFupuEiRYbmC7A,Niji Ch.,https://www.youtube.com/channel/UCO16Msf-IqFupuEiRYbmC7A,HOLD_NEEDS_CHANNEL_REVIEW,NO_CHANNEL_ELIGIBILITY_REVIEW,False
youtube:UCO6R8Pc5g2R7ObJQPBGppdg,youtube,UCO6R8Pc5g2R7ObJQPBGppdg,Baku Ch.【ARP】,https://www.youtube.com/channel/UCO6R8Pc5g2R7ObJQPBGppdg,HOLD_NEEDS_CHANNEL_REVIEW,NO_CHANNEL_ELIGIBILITY_REVIEW,False
youtube:UCO87oFEFK06LeevWL4WYEEA,youtube,UCO87oFEFK06LeevWL4WYEEA,Peeing Ch.,https://www.youtube.com/channel/UCO87oFEFK06LeevWL4WYEEA,HOLD_NEEDS_CHANNEL_REVIEW,NO_CHANNEL_ELIGIBILITY_REVIEW,False
youtube:UCO8YcEfbe_-_WlX9QTU6b0Q,youtube,UCO8YcEfbe_-_WlX9QTU6b0Q,Shua Channel,https://www.youtube.com/channel/UCO8YcEfbe_-_WlX9QTU6b0Q,HOLD_NEEDS_CHANNEL_REVIEW,NO_CHANNEL_ELIGIBILITY_REVIEW,False
youtube:UCOFHRsSrDPOcdiz3Crc2ZBw,youtube,UCOFHRsSrDPOcdiz3Crc2ZBw,Hatsu ch〖DPX〗,https://www.youtube.com/channel/UCOFHRsSrDPOcdiz3Crc2ZBw,HOLD_NEEDS_CHANNEL_REVIEW,EXACT_CHANNEL_ID_REVIEW,False
youtube:UCOGGZpm2i6PXFI9yBvEueRA,youtube,UCOGGZpm2i6PXFI9yBvEueRA,ดอยล์,https://www.youtube.com/channel/UCOGGZpm2i6PXFI9yBvEueRA,HOLD_NEEDS_CHANNEL_REVIEW,EXACT_CHANNEL_ID_REVIEW,False
youtube:UCOH1TjDVrc5Mds_Xv3J8RFg,youtube,UCOH1TjDVrc5Mds_Xv3J8RFg,Akari Kanon,https://www.youtube.com/channel/UCOH1TjDVrc5Mds_Xv3J8RFg,HOLD_NEEDS_CHANNEL_REVIEW,EXACT_CHANNEL_ID_REVIEW,False
youtube:UCOHKuZWqnh7JOMMGn7tVlLw,youtube,UCOHKuZWqnh7JOMMGn7tVlLw,Taka Melonpan,https://www.youtube.com/channel/UCOHKuZWqnh7JOMMGn7tVlLw,HOLD_NEEDS_CHANNEL_REVIEW,NO_CHANNEL_ELIGIBILITY_REVIEW,False
youtube:UCOMnre_EA7EoOVQEkBwWKRA,youtube,UCOMnre_EA7EoOVQEkBwWKRA,Mabelle.a,https://www.youtube.com/channel/UCOMnre_EA7EoOVQEkBwWKRA,HOLD_NEEDS_CHANNEL_REVIEW,NO_CHANNEL_ELIGIBILITY_REVIEW,False
youtube:UCONVwO_B2jxgzpbsVopQ6fw,youtube,UCONVwO_B2jxgzpbsVopQ6fw,Zion《ATX》,https://www.youtube.com/channel/UCONVwO_B2jxgzpbsVopQ6fw,HOLD_NEEDS_CHANNEL_REVIEW,NO_CHANNEL_ELIGIBILITY_REVIEW,False
youtube:UCOQXDZCXXd-05ikdDsNaPEQ,youtube,UCOQXDZCXXd-05ikdDsNaPEQ,aimtraps,https://www.youtube.com/channel/UCOQXDZCXXd-05ikdDsNaPEQ,HOLD_NEEDS_CHANNEL_REVIEW,NO_CHANNEL_ELIGIBILITY_REVIEW,False
youtube:UCOVpD7MesZKe44ZvLVuwXvA,youtube,UCOVpD7MesZKe44ZvLVuwXvA,Asteroth Ch.【ARP】,https://www.youtube.com/channel/UCOVpD7MesZKe44ZvLVuwXvA,HOLD_NEEDS_CHANNEL_REVIEW,NO_CHANNEL_ELIGIBILITY_REVIEW,False
youtube:UCOWt5oD4DqoGowGNz0F6Gkw,youtube,UCOWt5oD4DqoGowGNz0F6Gkw,Yumiiko CH.,https://www.youtube.com/channel/UCOWt5oD4DqoGowGNz0F6Gkw,HOLD_NEEDS_CHANNEL_REVIEW,EXACT_CHANNEL_ID_REVIEW,False
youtube:UCOX-wAA5Yzn1JPt6MsgO8VQ,youtube,UCOX-wAA5Yzn1JPt6MsgO8VQ,Letia ch.【FIXIX VT】,https://www.youtube.com/channel/UCOX-wAA5Yzn1JPt6MsgO8VQ,HOLD_NEEDS_CHANNEL_REVIEW,NO_CHANNEL_ELIGIBILITY_REVIEW,False
youtube:UCOaTgKPjI9cgXLoDW7XFDDw,youtube,UCOaTgKPjI9cgXLoDW7XFDDw,Princess Zelina Ch. Pixela Project,https://www.youtube.com/channel/UCOaTgKPjI9cgXLoDW7XFDDw,HOLD_NEEDS_CHANNEL_REVIEW,NO_CHANNEL_ELIGIBILITY_REVIEW,False
youtube:UCOuVBxzBW503oxpubfVEF3Q,youtube,UCOuVBxzBW503oxpubfVEF3Q,Just ONELL,https://www.youtube.com/channel/UCOuVBxzBW503oxpubfVEF3Q,HOLD_NEEDS_CHANNEL_REVIEW,NO_CHANNEL_ELIGIBILITY_REVIEW,False
youtube:UCOv6QnpFZfsVsOfh581sFrA,youtube,UCOv6QnpFZfsVsOfh581sFrA,KitadesuS,https://www.youtube.com/channel/UCOv6QnpFZfsVsOfh581sFrA,HOLD_NEEDS_CHANNEL_REVIEW,NO_CHANNEL_ELIGIBILITY_REVIEW,False
youtube:UCOv7oTy19P_uD5LmMFP9qUA,youtube,UCOv7oTy19P_uD5LmMFP9qUA,Rinna Rin,https://www.youtube.com/channel/UCOv7oTy19P_uD5LmMFP9qUA,HOLD_NEEDS_CHANNEL_REVIEW,NO_CHANNEL_ELIGIBILITY_REVIEW,False
youtube:UCOzFeOVoXq-E_8ClgO16msg,youtube,UCOzFeOVoXq-E_8ClgO16msg,Ryuji Ch.,https://www.youtube.com/channel/UCOzFeOVoXq-E_8ClgO16msg,HOLD_NEEDS_CHANNEL_REVIEW,NO_CHANNEL_ELIGIBILITY_REVIEW,False
youtube:UCP1bDt91t4IsUJ4EgPBg1Og,youtube,UCP1bDt91t4IsUJ4EgPBg1Og,SWITCHIZ,https://www.youtube.com/channel/UCP1bDt91t4IsUJ4EgPBg1Og,HOLD_NEEDS_CHANNEL_REVIEW,NO_CHANNEL_ELIGIBILITY_REVIEW,False
youtube:UCP8f5nq2YdKUmHmLUCkroSw,youtube,UCP8f5nq2YdKUmHmLUCkroSw,Nx-Aji,https://www.youtube.com/channel/UCP8f5nq2YdKUmHmLUCkroSw,HOLD_NEEDS_CHANNEL_REVIEW,NO_CHANNEL_ELIGIBILITY_REVIEW,False
youtube:UCP9x4Ib5jyCiZTjcRY8HTsg,youtube,UCP9x4Ib5jyCiZTjcRY8HTsg,【Madoka to Nihongo!】まどかと にほんご!,https://www.youtube.com/channel/UCP9x4Ib5jyCiZTjcRY8HTsg,HOLD_NEEDS_CHANNEL_REVIEW,NO_CHANNEL_ELIGIBILITY_REVIEW,False
youtube:UCPKp1agiHSOwu9iPyb6WSNw,youtube,UCPKp1agiHSOwu9iPyb6WSNw,「トイイ」TOii,https://www.youtube.com/channel/UCPKp1agiHSOwu9iPyb6WSNw,HOLD_NEEDS_CHANNEL_REVIEW,NO_CHANNEL_ELIGIBILITY_REVIEW,False
youtube:UCPLU2nDo8FV9JAyXLAcTsCw,youtube,UCPLU2nDo8FV9JAyXLAcTsCw,Risa Ch.,https://www.youtube.com/channel/UCPLU2nDo8FV9JAyXLAcTsCw,HOLD_NEEDS_CHANNEL_REVIEW,NO_CHANNEL_ELIGIBILITY_REVIEW,False
youtube:UCPMOk4hbIh5A-_6uNhzAvDg,youtube,UCPMOk4hbIh5A-_6uNhzAvDg,Kitsuneko Mewten Ch. Pixela-Isekai,https://www.youtube.com/channel/UCPMOk4hbIh5A-_6uNhzAvDg,HOLD_NEEDS_CHANNEL_REVIEW,NO_CHANNEL_ELIGIBILITY_REVIEW,False
youtube:UCPVWE9LAQH_Tttu3bHT8puQ,youtube,UCPVWE9LAQH_Tttu3bHT8puQ,ขนปุย,https://www.youtube.com/channel/UCPVWE9LAQH_Tttu3bHT8puQ,HOLD_NEEDS_CHANNEL_REVIEW,NO_CHANNEL_ELIGIBILITY_REVIEW,False
youtube:UCPW4hvhGciPdGqcsM1OCZ-Q,youtube,UCPW4hvhGciPdGqcsM1OCZ-Q,Avele Ch. [Pandora],https://www.youtube.com/channel/UCPW4hvhGciPdGqcsM1OCZ-Q,HOLD_NEEDS_CHANNEL_REVIEW,NO_CHANNEL_ELIGIBILITY_REVIEW,False
youtube:UCPdYJjRagj71zeEgh3v0R6Q,youtube,UCPdYJjRagj71zeEgh3v0R6Q,KuraAlan,https://www.youtube.com/channel/UCPdYJjRagj71zeEgh3v0R6Q,HOLD_NEEDS_CHANNEL_REVIEW,EXACT_CHANNEL_ID_REVIEW,False
youtube:UCPf8rkZeeiHlQUC0CMgxPQw,youtube,UCPf8rkZeeiHlQUC0CMgxPQw,MOHOMI,https://www.youtube.com/channel/UCPf8rkZeeiHlQUC0CMgxPQw,HOLD_NEEDS_CHANNEL_REVIEW,NO_CHANNEL_ELIGIBILITY_REVIEW,False
youtube:UCPh5ZGdw9LkBXxpCAdSaCrw,youtube,UCPh5ZGdw9LkBXxpCAdSaCrw,Vivera Carmine,https://www.youtube.com/channel/UCPh5ZGdw9LkBXxpCAdSaCrw,HOLD_NEEDS_CHANNEL_REVIEW,NO_CHANNEL_ELIGIBILITY_REVIEW,False
youtube:UCPiTBgk5j5A8wDdoyJ-01iA,youtube,UCPiTBgk5j5A8wDdoyJ-01iA,Hoshino Tamami Ch. 【POLYGON】,https://www.youtube.com/channel/UCPiTBgk5j5A8wDdoyJ-01iA,HOLD_NEEDS_CHANNEL_REVIEW,EXACT_CHANNEL_ID_REVIEW,False
youtube:UCPkvqo6J3A8Y2_mCQmUl-zA,youtube,UCPkvqo6J3A8Y2_mCQmUl-zA,Melinoir Ch.,https://www.youtube.com/channel/UCPkvqo6J3A8Y2_mCQmUl-zA,HOLD_NEEDS_CHANNEL_REVIEW,NO_CHANNEL_ELIGIBILITY_REVIEW,False
youtube:UCPtO4Ttn7kqIaxDHBr15fNQ,youtube,UCPtO4Ttn7kqIaxDHBr15fNQ,Zelycia Le Chantel,https://www.youtube.com/channel/UCPtO4Ttn7kqIaxDHBr15fNQ,HOLD_NEEDS_CHANNEL_REVIEW,EXACT_CHANNEL_ID_REVIEW,False
youtube:UCPtSgQ5-yCPl9wbo5w7tmWQ,youtube,UCPtSgQ5-yCPl9wbo5w7tmWQ,Evalia Ch.【ARP】,https://www.youtube.com/channel/UCPtSgQ5-yCPl9wbo5w7tmWQ,HOLD_NEEDS_CHANNEL_REVIEW,EXACT_CHANNEL_ID_REVIEW,False
youtube:UCPtilLPQCGVrhxeuu7nbxRQ,youtube,UCPtilLPQCGVrhxeuu7nbxRQ,Antia Ch. 【Mystery】,https://www.youtube.com/channel/UCPtilLPQCGVrhxeuu7nbxRQ,HOLD_NEEDS_CHANNEL_REVIEW,NO_CHANNEL_ELIGIBILITY_REVIEW,False
youtube:UCPuf-39u2U7T-5ClpMYQgWA,youtube,UCPuf-39u2U7T-5ClpMYQgWA,Fautier Owiwi Ch.,https://www.youtube.com/channel/UCPuf-39u2U7T-5ClpMYQgWA,HOLD_NEEDS_CHANNEL_REVIEW,NO_CHANNEL_ELIGIBILITY_REVIEW,False
youtube:UCPzpIPohJ6axdgSWGyCNmHg,youtube,UCPzpIPohJ6axdgSWGyCNmHg,Veera Ch.,https://www.youtube.com/channel/UCPzpIPohJ6axdgSWGyCNmHg,HOLD_NEEDS_CHANNEL_REVIEW,NO_CHANNEL_ELIGIBILITY_REVIEW,False
youtube:UCQ-6qbMhvGGmyGq6eZZE8gQ,youtube,UCQ-6qbMhvGGmyGq6eZZE8gQ,Kylanz,https://www.youtube.com/channel/UCQ-6qbMhvGGmyGq6eZZE8gQ,HOLD_NEEDS_CHANNEL_REVIEW,NO_CHANNEL_ELIGIBILITY_REVIEW,False
youtube:UCQ6O2psxMSAQ5Tt2DUp3_Rg,youtube,UCQ6O2psxMSAQ5Tt2DUp3_Rg,Night Nai ナイトナイ,https://www.youtube.com/channel/UCQ6O2psxMSAQ5Tt2DUp3_Rg,HOLD_NEEDS_CHANNEL_REVIEW,NO_CHANNEL_ELIGIBILITY_REVIEW,False
youtube:UCQ71gJATjZSuE2-jCvBddog,youtube,UCQ71gJATjZSuE2-jCvBddog,Furorin Ch. ,https://www.youtube.com/channel/UCQ71gJATjZSuE2-jCvBddog,HOLD_NEEDS_CHANNEL_REVIEW,EXACT_CHANNEL_ID_REVIEW,False
youtube:UCQClP6HJ_vecN7W2YmTnLmg,youtube,UCQClP6HJ_vecN7W2YmTnLmg,Ricotta Ch.【ARP】,https://www.youtube.com/channel/UCQClP6HJ_vecN7W2YmTnLmg,HOLD_NEEDS_CHANNEL_REVIEW,NO_CHANNEL_ELIGIBILITY_REVIEW,False
youtube:UCQS3nybcx-p4g8oFidDRMXA,youtube,UCQS3nybcx-p4g8oFidDRMXA,Xyne Valdreth「ZTP」,https://www.youtube.com/channel/UCQS3nybcx-p4g8oFidDRMXA,HOLD_NEEDS_CHANNEL_REVIEW,NO_CHANNEL_ELIGIBILITY_REVIEW,False
youtube:UCQSPYuDISdhcuvXsAhn3BTQ,youtube,UCQSPYuDISdhcuvXsAhn3BTQ,Lunatrix Ch.,https://www.youtube.com/channel/UCQSPYuDISdhcuvXsAhn3BTQ,HOLD_NEEDS_CHANNEL_REVIEW,NO_CHANNEL_ELIGIBILITY_REVIEW,False
youtube:UCQV-OVdAFkMRyZyotBxX6TQ,youtube,UCQV-OVdAFkMRyZyotBxX6TQ,Melanox Lunix「ALF」,https://www.youtube.com/channel/UCQV-OVdAFkMRyZyotBxX6TQ,HOLD_NEEDS_CHANNEL_REVIEW,NO_CHANNEL_ELIGIBILITY_REVIEW,False
youtube:UCQVYQZO7SBMPXHNvKxE16Gg,youtube,UCQVYQZO7SBMPXHNvKxE16Gg,Wizteria Ch.,https://www.youtube.com/channel/UCQVYQZO7SBMPXHNvKxE16Gg,HOLD_NEEDS_CHANNEL_REVIEW,NO_CHANNEL_ELIGIBILITY_REVIEW,False
youtube:UCQYwIUCLqFoin7lHKmePjJw,youtube,UCQYwIUCLqFoin7lHKmePjJw,Klara Charmwood,https://www.youtube.com/channel/UCQYwIUCLqFoin7lHKmePjJw,HOLD_NEEDS_CHANNEL_REVIEW,NO_CHANNEL_ELIGIBILITY_REVIEW,False
youtube:UCQdJThdCgaDzgk0je69GfhQ,youtube,UCQdJThdCgaDzgk0je69GfhQ,Gaogi Gyaruoji,https://www.youtube.com/channel/UCQdJThdCgaDzgk0je69GfhQ,HOLD_NEEDS_CHANNEL_REVIEW,NO_CHANNEL_ELIGIBILITY_REVIEW,False
youtube:UCQf7QAgBILAuLKG0Eg_WLBw,youtube,UCQf7QAgBILAuLKG0Eg_WLBw,SayJifuyuV,https://www.youtube.com/channel/UCQf7QAgBILAuLKG0Eg_WLBw,HOLD_NEEDS_CHANNEL_REVIEW,NO_CHANNEL_ELIGIBILITY_REVIEW,False
youtube:UCQkOhOg9Q1uYjfHSvuHMX6w,youtube,UCQkOhOg9Q1uYjfHSvuHMX6w,Jiah ch. Euphora,https://www.youtube.com/channel/UCQkOhOg9Q1uYjfHSvuHMX6w,HOLD_NEEDS_CHANNEL_REVIEW,NO_CHANNEL_ELIGIBILITY_REVIEW,False
youtube:UCQlpWpnmSm9wn3L1eTVWnbA,youtube,UCQlpWpnmSm9wn3L1eTVWnbA,Amywitch,https://www.youtube.com/channel/UCQlpWpnmSm9wn3L1eTVWnbA,HOLD_NEEDS_CHANNEL_REVIEW,NO_CHANNEL_ELIGIBILITY_REVIEW,False
youtube:UCQsrKHkR4lZpdKVL8QOgtgg,youtube,UCQsrKHkR4lZpdKVL8QOgtgg,Akihira Ch.- あきひら -,https://www.youtube.com/channel/UCQsrKHkR4lZpdKVL8QOgtgg,HOLD_NEEDS_CHANNEL_REVIEW,NO_CHANNEL_ELIGIBILITY_REVIEW,False
youtube:UCQxYe05rfMOW_gesVywQlYA,youtube,UCQxYe05rfMOW_gesVywQlYA,Nakaru Rikka,https://www.youtube.com/channel/UCQxYe05rfMOW_gesVywQlYA,HOLD_NEEDS_CHANNEL_REVIEW,NO_CHANNEL_ELIGIBILITY_REVIEW,False
youtube:UCR-zVE5eBtbAnTHlZFz5Pzg,youtube,UCR-zVE5eBtbAnTHlZFz5Pzg,Npc•Artist ,https://www.youtube.com/channel/UCR-zVE5eBtbAnTHlZFz5Pzg,HOLD_NEEDS_CHANNEL_REVIEW,NO_CHANNEL_ELIGIBILITY_REVIEW,False
youtube:UCR1Htb-H1-tus7UPotPh69A,youtube,UCR1Htb-H1-tus7UPotPh69A,Laibaht Ch. / หลายบาท,https://www.youtube.com/channel/UCR1Htb-H1-tus7UPotPh69A,HOLD_NEEDS_CHANNEL_REVIEW,NO_CHANNEL_ELIGIBILITY_REVIEW,False
youtube:UCR4Vap93GIkE4zA4DrMW-Rw,youtube,UCR4Vap93GIkE4zA4DrMW-Rw,NamwanVchan,https://www.youtube.com/channel/UCR4Vap93GIkE4zA4DrMW-Rw,HOLD_NEEDS_CHANNEL_REVIEW,NO_CHANNEL_ELIGIBILITY_REVIEW,False
youtube:UCRG5fX1v4b-3sUyKfAAtxxA,youtube,UCRG5fX1v4b-3sUyKfAAtxxA,Luxia Ch.,https://www.youtube.com/channel/UCRG5fX1v4b-3sUyKfAAtxxA,HOLD_NEEDS_CHANNEL_REVIEW,NO_CHANNEL_ELIGIBILITY_REVIEW,False
youtube:UCRGaEF2NMlp0n3gTlPFj27Q,youtube,UCRGaEF2NMlp0n3gTlPFj27Q,Kaamoria Ch.,https://www.youtube.com/channel/UCRGaEF2NMlp0n3gTlPFj27Q,HOLD_NEEDS_CHANNEL_REVIEW,EXACT_CHANNEL_ID_REVIEW,False
youtube:UCRNJOb6iROvOKqWiB9H1lBg,youtube,UCRNJOb6iROvOKqWiB9H1lBg,JayVounter,https://www.youtube.com/channel/UCRNJOb6iROvOKqWiB9H1lBg,HOLD_NEEDS_CHANNEL_REVIEW,NO_CHANNEL_ELIGIBILITY_REVIEW,False
youtube:UCRYa4rXZl4M4aXDVdRWamZA,youtube,UCRYa4rXZl4M4aXDVdRWamZA,Frayr《WAV》,https://www.youtube.com/channel/UCRYa4rXZl4M4aXDVdRWamZA,HOLD_NEEDS_CHANNEL_REVIEW,NO_CHANNEL_ELIGIBILITY_REVIEW,False
youtube:UCRk9GF8RknJ1tfcgP2Rr2Vw,youtube,UCRk9GF8RknJ1tfcgP2Rr2Vw,Ran [EC19 Projekt],https://www.youtube.com/channel/UCRk9GF8RknJ1tfcgP2Rr2Vw,HOLD_NEEDS_CHANNEL_REVIEW,NO_CHANNEL_ELIGIBILITY_REVIEW,False
youtube:UCRldXR7ASrCYYoxeqOU-_og,youtube,UCRldXR7ASrCYYoxeqOU-_og,Varkin Ch,https://www.youtube.com/channel/UCRldXR7ASrCYYoxeqOU-_og,HOLD_NEEDS_CHANNEL_REVIEW,NO_CHANNEL_ELIGIBILITY_REVIEW,False
youtube:UCRpEzYWkJforn6YhvaSVXtA,youtube,UCRpEzYWkJforn6YhvaSVXtA,Llewella Elias Ch.,https://www.youtube.com/channel/UCRpEzYWkJforn6YhvaSVXtA,HOLD_NEEDS_CHANNEL_REVIEW,NO_CHANNEL_ELIGIBILITY_REVIEW,False
youtube:UCRpX7uvjkoy3-j_U_3atvog,youtube,UCRpX7uvjkoy3-j_U_3atvog,Urara Momomi,https://www.youtube.com/channel/UCRpX7uvjkoy3-j_U_3atvog,HOLD_NEEDS_CHANNEL_REVIEW,NO_CHANNEL_ELIGIBILITY_REVIEW,False
youtube:UCRq6GGcCP8sjIRfzIhfmv4w,youtube,UCRq6GGcCP8sjIRfzIhfmv4w,AmaneRei Ch.,https://www.youtube.com/channel/UCRq6GGcCP8sjIRfzIhfmv4w,HOLD_NEEDS_CHANNEL_REVIEW,NO_CHANNEL_ELIGIBILITY_REVIEW,False
youtube:UCRyGfYHjCHIeWZQRpdnDKMg,youtube,UCRyGfYHjCHIeWZQRpdnDKMg,Katsuki Ch.,https://www.youtube.com/channel/UCRyGfYHjCHIeWZQRpdnDKMg,HOLD_NEEDS_CHANNEL_REVIEW,NO_CHANNEL_ELIGIBILITY_REVIEW,False
youtube:UCS1PrWcX95lKikSMIsm6eRg,youtube,UCS1PrWcX95lKikSMIsm6eRg,Aki the Valkyrie Ch.,https://www.youtube.com/channel/UCS1PrWcX95lKikSMIsm6eRg,HOLD_NEEDS_CHANNEL_REVIEW,EXACT_CHANNEL_ID_REVIEW,False
youtube:UCS2-t9SC5UZ9kS_bhbAxPaw,youtube,UCS2-t9SC5UZ9kS_bhbAxPaw,Notaki Ch.,https://www.youtube.com/channel/UCS2-t9SC5UZ9kS_bhbAxPaw,HOLD_NEEDS_CHANNEL_REVIEW,NO_CHANNEL_ELIGIBILITY_REVIEW,False
youtube:UCS2xtM_DkvYKVxBEQxIf2-g,youtube,UCS2xtM_DkvYKVxBEQxIf2-g,MuMind Ch.,https://www.youtube.com/channel/UCS2xtM_DkvYKVxBEQxIf2-g,HOLD_NEEDS_CHANNEL_REVIEW,NO_CHANNEL_ELIGIBILITY_REVIEW,False
youtube:UCS7BVBZ3itZ0wqlEX8a2UBA,youtube,UCS7BVBZ3itZ0wqlEX8a2UBA,Remiel noch,https://www.youtube.com/channel/UCS7BVBZ3itZ0wqlEX8a2UBA,HOLD_NEEDS_CHANNEL_REVIEW,NO_CHANNEL_ELIGIBILITY_REVIEW,False
youtube:UCSFXk1n7GTDk6x_7HWlopjA,youtube,UCSFXk1n7GTDk6x_7HWlopjA,Nestor Ch.,https://www.youtube.com/channel/UCSFXk1n7GTDk6x_7HWlopjA,HOLD_NEEDS_CHANNEL_REVIEW,NO_CHANNEL_ELIGIBILITY_REVIEW,False
youtube:UCSG5e3zBiGSZRvD42HSnbxw,youtube,UCSG5e3zBiGSZRvD42HSnbxw,PILA P.CROWEN Ch.【PSM】,https://www.youtube.com/channel/UCSG5e3zBiGSZRvD42HSnbxw,HOLD_NEEDS_CHANNEL_REVIEW,NO_CHANNEL_ELIGIBILITY_REVIEW,False
youtube:UCSMH958kINERMdSx7u76Fmg,youtube,UCSMH958kINERMdSx7u76Fmg,Nemuru 夜雲 ネムル,https://www.youtube.com/channel/UCSMH958kINERMdSx7u76Fmg,HOLD_NEEDS_CHANNEL_REVIEW,NO_CHANNEL_ELIGIBILITY_REVIEW,False
youtube:UCSOxauTBY7eKbUnQ86W708Q,youtube,UCSOxauTBY7eKbUnQ86W708Q,Supeacha ⌜VZ⌟,https://www.youtube.com/channel/UCSOxauTBY7eKbUnQ86W708Q,HOLD_NEEDS_CHANNEL_REVIEW,NO_CHANNEL_ELIGIBILITY_REVIEW,False
youtube:UCSPAN-WjdncItj4wMfi451g,youtube,UCSPAN-WjdncItj4wMfi451g,Zalivia,https://www.youtube.com/channel/UCSPAN-WjdncItj4wMfi451g,HOLD_NEEDS_CHANNEL_REVIEW,EXACT_CHANNEL_ID_REVIEW,False
youtube:UCSQCuMGGicyB_QqG_mApH7w,youtube,UCSQCuMGGicyB_QqG_mApH7w,Kaede Ch. [ Graduated],https://www.youtube.com/channel/UCSQCuMGGicyB_QqG_mApH7w,HOLD_NEEDS_CHANNEL_REVIEW,NO_CHANNEL_ELIGIBILITY_REVIEW,False
youtube:UCSR9HXXmM7Er6ebxyIoBgpw,youtube,UCSR9HXXmM7Er6ebxyIoBgpw,Stamp LMTY ⌜VZ⌟,https://www.youtube.com/channel/UCSR9HXXmM7Er6ebxyIoBgpw,HOLD_NEEDS_CHANNEL_REVIEW,NO_CHANNEL_ELIGIBILITY_REVIEW,False
youtube:UCSXwfOj8mTDxE1ZaIEHXN2w,youtube,UCSXwfOj8mTDxE1ZaIEHXN2w,Meraki Keimii Ch. Pixela Legends,https://www.youtube.com/channel/UCSXwfOj8mTDxE1ZaIEHXN2w,HOLD_NEEDS_CHANNEL_REVIEW,NO_CHANNEL_ELIGIBILITY_REVIEW,False
youtube:UCSZe92Gr5MIRyGSokkfOOzg,youtube,UCSZe92Gr5MIRyGSokkfOOzg,lullalull,https://www.youtube.com/channel/UCSZe92Gr5MIRyGSokkfOOzg,HOLD_NEEDS_CHANNEL_REVIEW,NO_CHANNEL_ELIGIBILITY_REVIEW,False
youtube:UCSaQSMvF2aOoz6GTnrb6VXw,youtube,UCSaQSMvF2aOoz6GTnrb6VXw,Koemi Eimii Ch.,https://www.youtube.com/channel/UCSaQSMvF2aOoz6GTnrb6VXw,HOLD_NEEDS_CHANNEL_REVIEW,NO_CHANNEL_ELIGIBILITY_REVIEW,False
youtube:UCSc_KzY_9WYAx9LghggjVRA,youtube,UCSc_KzY_9WYAx9LghggjVRA,Yugo Asuma,https://www.youtube.com/channel/UCSc_KzY_9WYAx9LghggjVRA,HOLD_NEEDS_CHANNEL_REVIEW,NO_CHANNEL_ELIGIBILITY_REVIEW,False
youtube:UCSdV0wKlfljMvRY3mFVn1ZQ,youtube,UCSdV0wKlfljMvRY3mFVn1ZQ,Vanila Mali,https://www.youtube.com/channel/UCSdV0wKlfljMvRY3mFVn1ZQ,HOLD_NEEDS_CHANNEL_REVIEW,NO_CHANNEL_ELIGIBILITY_REVIEW,False
youtube:UCSdtAY_t7uWTGhzka8QEO4Q,youtube,UCSdtAY_t7uWTGhzka8QEO4Q,Arisu Jin Ch.【PSM】,https://www.youtube.com/channel/UCSdtAY_t7uWTGhzka8QEO4Q,HOLD_NEEDS_CHANNEL_REVIEW,NO_CHANNEL_ELIGIBILITY_REVIEW,False
youtube:UCSgcToKU-n_0b_v7FLltJuQ,youtube,UCSgcToKU-n_0b_v7FLltJuQ,Emil Ch.【Ti19t】,https://www.youtube.com/channel/UCSgcToKU-n_0b_v7FLltJuQ,HOLD_NEEDS_CHANNEL_REVIEW,NO_CHANNEL_ELIGIBILITY_REVIEW,False
youtube:UCSjgfxkp4S7l1BrUObNUzzw,youtube,UCSjgfxkp4S7l1BrUObNUzzw,MAD:HATTER ⌜VZ⌟,https://www.youtube.com/channel/UCSjgfxkp4S7l1BrUObNUzzw,HOLD_NEEDS_CHANNEL_REVIEW,NO_CHANNEL_ELIGIBILITY_REVIEW,False
youtube:UCSlT8Mc_dty5c_cFmi1zz4Q,youtube,UCSlT8Mc_dty5c_cFmi1zz4Q,Mikotomi Maneneko Ch. Lumina-Mutelu,https://www.youtube.com/channel/UCSlT8Mc_dty5c_cFmi1zz4Q,HOLD_NEEDS_CHANNEL_REVIEW,NO_CHANNEL_ELIGIBILITY_REVIEW,False
youtube:UCSmwbpH_ZvRCn8-gbggGfTw,youtube,UCSmwbpH_ZvRCn8-gbggGfTw,Kati Ch. กะทิ,https://www.youtube.com/channel/UCSmwbpH_ZvRCn8-gbggGfTw,HOLD_NEEDS_CHANNEL_REVIEW,NO_CHANNEL_ELIGIBILITY_REVIEW,False
youtube:UCSoFIMz3y6jOVMg8nggpcMQ,youtube,UCSoFIMz3y6jOVMg8nggpcMQ,Pixiang Meiyin Ch. Lumina-Mutelu,https://www.youtube.com/channel/UCSoFIMz3y6jOVMg8nggpcMQ,HOLD_NEEDS_CHANNEL_REVIEW,NO_CHANNEL_ELIGIBILITY_REVIEW,False
youtube:UCSpIYbnsnaXgRpIpipxJRcw,youtube,UCSpIYbnsnaXgRpIpipxJRcw,Laychlype「ALF」,https://www.youtube.com/channel/UCSpIYbnsnaXgRpIpipxJRcw,HOLD_NEEDS_CHANNEL_REVIEW,EXACT_CHANNEL_ID_REVIEW,False
youtube:UCSqQDeXi3tLW_MyHnwTgvDA,youtube,UCSqQDeXi3tLW_MyHnwTgvDA,ช่องนี้ ซัน คุม อิอิ,https://www.youtube.com/channel/UCSqQDeXi3tLW_MyHnwTgvDA,HOLD_NEEDS_CHANNEL_REVIEW,NO_CHANNEL_ELIGIBILITY_REVIEW,False
youtube:UCSus3TGWTuMjiQWycSI1CaA,youtube,UCSus3TGWTuMjiQWycSI1CaA,Pugmaru_VTube,https://www.youtube.com/channel/UCSus3TGWTuMjiQWycSI1CaA,HOLD_NEEDS_CHANNEL_REVIEW,NO_CHANNEL_ELIGIBILITY_REVIEW,False
youtube:UCSviD27_MRT7oAdJUi0StPQ,youtube,UCSviD27_MRT7oAdJUi0StPQ,Yoino Buten Ch.,https://www.youtube.com/channel/UCSviD27_MRT7oAdJUi0StPQ,HOLD_NEEDS_CHANNEL_REVIEW,NO_CHANNEL_ELIGIBILITY_REVIEW,False
youtube:UCSxxTmjwf04nMcIALS1RyMQ,youtube,UCSxxTmjwf04nMcIALS1RyMQ,Akito ch. アキト【SOA】,https://www.youtube.com/channel/UCSxxTmjwf04nMcIALS1RyMQ,HOLD_NEEDS_CHANNEL_REVIEW,NO_CHANNEL_ELIGIBILITY_REVIEW,False
youtube:UCSy4T_D4xz0IcnrAoNKd8Sw,youtube,UCSy4T_D4xz0IcnrAoNKd8Sw,Dalinju モラー,https://www.youtube.com/channel/UCSy4T_D4xz0IcnrAoNKd8Sw,HOLD_NEEDS_CHANNEL_REVIEW,NO_CHANNEL_ELIGIBILITY_REVIEW,False
youtube:UCSyG0x9lhNOi6hbyVy7hZ7g,youtube,UCSyG0x9lhNOi6hbyVy7hZ7g,Kumo Kuma ch.,https://www.youtube.com/channel/UCSyG0x9lhNOi6hbyVy7hZ7g,HOLD_NEEDS_CHANNEL_REVIEW,NO_CHANNEL_ELIGIBILITY_REVIEW,False
youtube:UCT-XhKtg0Ld-uAjsdf-qFMA,youtube,UCT-XhKtg0Ld-uAjsdf-qFMA,Orinnia ch.,https://www.youtube.com/channel/UCT-XhKtg0Ld-uAjsdf-qFMA,HOLD_NEEDS_CHANNEL_REVIEW,NO_CHANNEL_ELIGIBILITY_REVIEW,False
youtube:UCT0u795YFp9O_k9cL5d0RZg,youtube,UCT0u795YFp9O_k9cL5d0RZg,Z,https://www.youtube.com/channel/UCT0u795YFp9O_k9cL5d0RZg,HOLD_NEEDS_CHANNEL_REVIEW,NO_CHANNEL_ELIGIBILITY_REVIEW,False
youtube:UCT6AsljeggMR6rqkQ5NSeRA,youtube,UCT6AsljeggMR6rqkQ5NSeRA,JosephineCres,https://www.youtube.com/channel/UCT6AsljeggMR6rqkQ5NSeRA,HOLD_NEEDS_CHANNEL_REVIEW,NO_CHANNEL_ELIGIBILITY_REVIEW,False
youtube:UCTAEz5besWbmV4xp13zc0HA,youtube,UCTAEz5besWbmV4xp13zc0HA,MoRin Ch.,https://www.youtube.com/channel/UCTAEz5besWbmV4xp13zc0HA,HOLD_NEEDS_CHANNEL_REVIEW,NO_CHANNEL_ELIGIBILITY_REVIEW,False
youtube:UCTD-nm97tb5Sh7_ou7LFSUQ,youtube,UCTD-nm97tb5Sh7_ou7LFSUQ,Euthalia Zéphyr Ch. Pixela Destiny,https://www.youtube.com/channel/UCTD-nm97tb5Sh7_ou7LFSUQ,HOLD_NEEDS_CHANNEL_REVIEW,NO_CHANNEL_ELIGIBILITY_REVIEW,False
youtube:UCTIi4NC8SvzUZDMExjCscVA,youtube,UCTIi4NC8SvzUZDMExjCscVA,UCTIi4NC8SvzUZDMExjCscVA,https://www.youtube.com/channel/UCTIi4NC8SvzUZDMExjCscVA,HOLD_NEEDS_CHANNEL_REVIEW,NO_CHANNEL_ELIGIBILITY_REVIEW,False
youtube:UCTJ1Zw4hW6L7iZ1i9aaIF7A,youtube,UCTJ1Zw4hW6L7iZ1i9aaIF7A,Esme Nightingale,https://www.youtube.com/channel/UCTJ1Zw4hW6L7iZ1i9aaIF7A,HOLD_NEEDS_CHANNEL_REVIEW,NO_CHANNEL_ELIGIBILITY_REVIEW,False
youtube:UCTME5FbcsqcbWSZVIapkchA,youtube,UCTME5FbcsqcbWSZVIapkchA,MesiaReia Ch.,https://www.youtube.com/channel/UCTME5FbcsqcbWSZVIapkchA,HOLD_NEEDS_CHANNEL_REVIEW,NO_CHANNEL_ELIGIBILITY_REVIEW,False
youtube:UCTPI0_Vjw_vnKlbHXN1H-Tw,youtube,UCTPI0_Vjw_vnKlbHXN1H-Tw,MALAI ch.【FIXIX TN】,https://www.youtube.com/channel/UCTPI0_Vjw_vnKlbHXN1H-Tw,HOLD_NEEDS_CHANNEL_REVIEW,NO_CHANNEL_ELIGIBILITY_REVIEW,False
youtube:UCTSWYTxXHbb_9sbz84xSR8Q,youtube,UCTSWYTxXHbb_9sbz84xSR8Q,LIMESALTZ Ch.,https://www.youtube.com/channel/UCTSWYTxXHbb_9sbz84xSR8Q,HOLD_NEEDS_CHANNEL_REVIEW,NO_CHANNEL_ELIGIBILITY_REVIEW,False
youtube:UCTb15SroUenoP9Ckboz6s3g,youtube,UCTb15SroUenoP9Ckboz6s3g,Wahri【WahrheitIVIX】,https://www.youtube.com/channel/UCTb15SroUenoP9Ckboz6s3g,HOLD_NEEDS_CHANNEL_REVIEW,NO_CHANNEL_ELIGIBILITY_REVIEW,False
youtube:UCTpRi8YKKMNfY_YviDeFNig,youtube,UCTpRi8YKKMNfY_YviDeFNig,Urai [NecroMezza],https://www.youtube.com/channel/UCTpRi8YKKMNfY_YviDeFNig,HOLD_NEEDS_CHANNEL_REVIEW,NO_CHANNEL_ELIGIBILITY_REVIEW,False
youtube:UCTt2KsR8ZwnsTyoebl3eXsQ,youtube,UCTt2KsR8ZwnsTyoebl3eXsQ,Yves Monet Deirdre【21PM】,https://www.youtube.com/channel/UCTt2KsR8ZwnsTyoebl3eXsQ,HOLD_NEEDS_CHANNEL_REVIEW,NO_CHANNEL_ELIGIBILITY_REVIEW,False
youtube:UCTuKqG6tWqVKKWMGO1Uhdsg,youtube,UCTuKqG6tWqVKKWMGO1Uhdsg,ZAAB Ch. / QURSE,https://www.youtube.com/channel/UCTuKqG6tWqVKKWMGO1Uhdsg,HOLD_NEEDS_CHANNEL_REVIEW,EXACT_CHANNEL_ID_REVIEW,False
youtube:UCTxCJt6jtRKeLJys0AaSUew,youtube,UCTxCJt6jtRKeLJys0AaSUew,ลุงขนุน《 SSR 》,https://www.youtube.com/channel/UCTxCJt6jtRKeLJys0AaSUew,HOLD_NEEDS_CHANNEL_REVIEW,EXACT_CHANNEL_ID_REVIEW,False
youtube:UCTygto_BZDamXNv2YRqPNKg,youtube,UCTygto_BZDamXNv2YRqPNKg, Nor_Noir [นน.],https://www.youtube.com/channel/UCTygto_BZDamXNv2YRqPNKg,HOLD_NEEDS_CHANNEL_REVIEW,NO_CHANNEL_ELIGIBILITY_REVIEW,False
youtube:UCU-O713Qgg5-OKKlt6nceiQ,youtube,UCU-O713Qgg5-OKKlt6nceiQ,MixerMaze,https://www.youtube.com/channel/UCU-O713Qgg5-OKKlt6nceiQ,HOLD_NEEDS_CHANNEL_REVIEW,NO_CHANNEL_ELIGIBILITY_REVIEW,False
youtube:UCU17NWo-I4dIYYbWBjU2cHg,youtube,UCU17NWo-I4dIYYbWBjU2cHg,RLanz Ch.,https://www.youtube.com/channel/UCU17NWo-I4dIYYbWBjU2cHg,HOLD_NEEDS_CHANNEL_REVIEW,NO_CHANNEL_ELIGIBILITY_REVIEW,False
youtube:UCU1t3KkZ6-ytH1stNylfv1Q,youtube,UCU1t3KkZ6-ytH1stNylfv1Q,Rosánn Ch.,https://www.youtube.com/channel/UCU1t3KkZ6-ytH1stNylfv1Q,HOLD_NEEDS_CHANNEL_REVIEW,NO_CHANNEL_ELIGIBILITY_REVIEW,False
youtube:UCU5Bt3GkZmiYkazw37gJqIw,youtube,UCU5Bt3GkZmiYkazw37gJqIw,Lotte Ch.,https://www.youtube.com/channel/UCU5Bt3GkZmiYkazw37gJqIw,HOLD_NEEDS_CHANNEL_REVIEW,NO_CHANNEL_ELIGIBILITY_REVIEW,False
youtube:UCU6UxFBQ19d2otSnCPeyykg,youtube,UCU6UxFBQ19d2otSnCPeyykg,MamunzaaTV,https://www.youtube.com/channel/UCU6UxFBQ19d2otSnCPeyykg,HOLD_NEEDS_CHANNEL_REVIEW,NO_CHANNEL_ELIGIBILITY_REVIEW,False
youtube:UCU8-PjzR1iFtqdmATtRrYYQ,youtube,UCU8-PjzR1iFtqdmATtRrYYQ,Tinsley Alaappaat Ch.,https://www.youtube.com/channel/UCU8-PjzR1iFtqdmATtRrYYQ,HOLD_NEEDS_CHANNEL_REVIEW,EXACT_CHANNEL_ID_REVIEW,False
youtube:UCUBooBbB6GNYvQJEna3eRBQ,youtube,UCUBooBbB6GNYvQJEna3eRBQ,Beatrix CH. - ビアトリクス,https://www.youtube.com/channel/UCUBooBbB6GNYvQJEna3eRBQ,HOLD_NEEDS_CHANNEL_REVIEW,NO_CHANNEL_ELIGIBILITY_REVIEW,False
youtube:UCUH2P2QP0-0wbHJkOQbK5WQ,youtube,UCUH2P2QP0-0wbHJkOQbK5WQ,Seiko Vtuber,https://www.youtube.com/channel/UCUH2P2QP0-0wbHJkOQbK5WQ,HOLD_NEEDS_CHANNEL_REVIEW,NO_CHANNEL_ELIGIBILITY_REVIEW,False
youtube:UCULjjXc2IgdCBaEVD-Qgaqw,youtube,UCULjjXc2IgdCBaEVD-Qgaqw,[ad] Khaow | ยุติบทบาท / ทอดทิ้งงาน,https://www.youtube.com/channel/UCULjjXc2IgdCBaEVD-Qgaqw,HOLD_NEEDS_CHANNEL_REVIEW,NO_CHANNEL_ELIGIBILITY_REVIEW,False
youtube:UCUOVWfFzNwIfu3_MfXegyPA,youtube,UCUOVWfFzNwIfu3_MfXegyPA,Akaku Mikoni | V.W.Y,https://www.youtube.com/channel/UCUOVWfFzNwIfu3_MfXegyPA,HOLD_NEEDS_CHANNEL_REVIEW,NO_CHANNEL_ELIGIBILITY_REVIEW,False
youtube:UCUPi3XlTX0rLUWjFHifNl-Q,youtube,UCUPi3XlTX0rLUWjFHifNl-Q,Bloodyflora,https://www.youtube.com/channel/UCUPi3XlTX0rLUWjFHifNl-Q,HOLD_NEEDS_CHANNEL_REVIEW,NO_CHANNEL_ELIGIBILITY_REVIEW,False
youtube:UCUR0HEtdHk4nx2WddW0Qthg,youtube,UCUR0HEtdHk4nx2WddW0Qthg,Verdelite PowerPay,https://www.youtube.com/channel/UCUR0HEtdHk4nx2WddW0Qthg,HOLD_NEEDS_CHANNEL_REVIEW,NO_CHANNEL_ELIGIBILITY_REVIEW,False
youtube:UCURSzDgzFhYWhKDySspPisA,youtube,UCURSzDgzFhYWhKDySspPisA,LittleG ch. Euphora,https://www.youtube.com/channel/UCURSzDgzFhYWhKDySspPisA,HOLD_NEEDS_CHANNEL_REVIEW,NO_CHANNEL_ELIGIBILITY_REVIEW,False
youtube:UCUTA8ZrTOZGUNezeAYWrajg,youtube,UCUTA8ZrTOZGUNezeAYWrajg,QueenSere.Physia Ch,https://www.youtube.com/channel/UCUTA8ZrTOZGUNezeAYWrajg,HOLD_NEEDS_CHANNEL_REVIEW,NO_CHANNEL_ELIGIBILITY_REVIEW,False
youtube:UCUUiRsJXOGaGUMsgwX1h_5g,youtube,UCUUiRsJXOGaGUMsgwX1h_5g,Thicha ch.,https://www.youtube.com/channel/UCUUiRsJXOGaGUMsgwX1h_5g,HOLD_NEEDS_CHANNEL_REVIEW,NO_CHANNEL_ELIGIBILITY_REVIEW,False
youtube:UCUXyd8UJv3jOudmtabpsRfQ,youtube,UCUXyd8UJv3jOudmtabpsRfQ,Thina Borboleta Ch.,https://www.youtube.com/channel/UCUXyd8UJv3jOudmtabpsRfQ,HOLD_NEEDS_CHANNEL_REVIEW,NO_CHANNEL_ELIGIBILITY_REVIEW,False
youtube:UCUYOr3CaHR0XIv0FfM22CyA,youtube,UCUYOr3CaHR0XIv0FfM22CyA,Niew Lock ,https://www.youtube.com/channel/UCUYOr3CaHR0XIv0FfM22CyA,HOLD_NEEDS_CHANNEL_REVIEW,NO_CHANNEL_ELIGIBILITY_REVIEW,False
youtube:UCUaWCz3UX9XNdA97qPHuAYg,youtube,UCUaWCz3UX9XNdA97qPHuAYg,MamiMumei,https://www.youtube.com/channel/UCUaWCz3UX9XNdA97qPHuAYg,HOLD_NEEDS_CHANNEL_REVIEW,NO_CHANNEL_ELIGIBILITY_REVIEW,False
youtube:UCUajlJqlGrWNNdCUEwgvI0g,youtube,UCUajlJqlGrWNNdCUEwgvI0g,Viola C. Ae,https://www.youtube.com/channel/UCUajlJqlGrWNNdCUEwgvI0g,HOLD_NEEDS_CHANNEL_REVIEW,NO_CHANNEL_ELIGIBILITY_REVIEW,False
youtube:UCUec0cPy5IPOXNODqho9wNw,youtube,UCUec0cPy5IPOXNODqho9wNw,TAeOH,https://www.youtube.com/channel/UCUec0cPy5IPOXNODqho9wNw,HOLD_NEEDS_CHANNEL_REVIEW,NO_CHANNEL_ELIGIBILITY_REVIEW,False
youtube:UCUf34M2JBvh6JK-fNR34d6w,youtube,UCUf34M2JBvh6JK-fNR34d6w,UnUn the Bat Ch.,https://www.youtube.com/channel/UCUf34M2JBvh6JK-fNR34d6w,HOLD_NEEDS_CHANNEL_REVIEW,NO_CHANNEL_ELIGIBILITY_REVIEW,False
youtube:UCUfM5IcATD5-AB1If9v7wTA,youtube,UCUfM5IcATD5-AB1If9v7wTA,Den Trenton Ch. | OAL,https://www.youtube.com/channel/UCUfM5IcATD5-AB1If9v7wTA,HOLD_NEEDS_CHANNEL_REVIEW,NO_CHANNEL_ELIGIBILITY_REVIEW,False
youtube:UCUhJEHIfPOZorfvJmvgievA,youtube,UCUhJEHIfPOZorfvJmvgievA,Drewiskiy,https://www.youtube.com/channel/UCUhJEHIfPOZorfvJmvgievA,HOLD_NEEDS_CHANNEL_REVIEW,NO_CHANNEL_ELIGIBILITY_REVIEW,False
youtube:UCUlc9fwNihOqufbS8KtakvA,youtube,UCUlc9fwNihOqufbS8KtakvA,Koharu Channel,https://www.youtube.com/channel/UCUlc9fwNihOqufbS8KtakvA,HOLD_NEEDS_CHANNEL_REVIEW,NO_CHANNEL_ELIGIBILITY_REVIEW,False
youtube:UCUlyl-zRpqE1Dm0GYoKFEJw,youtube,UCUlyl-zRpqE1Dm0GYoKFEJw,เจ้าหญิงวารินทร์,https://www.youtube.com/channel/UCUlyl-zRpqE1Dm0GYoKFEJw,HOLD_NEEDS_CHANNEL_REVIEW,NO_CHANNEL_ELIGIBILITY_REVIEW,False
youtube:UCUqKneO3jlE5_HS6leBiXOw,youtube,UCUqKneO3jlE5_HS6leBiXOw,Hope Popuri,https://www.youtube.com/channel/UCUqKneO3jlE5_HS6leBiXOw,HOLD_NEEDS_CHANNEL_REVIEW,NO_CHANNEL_ELIGIBILITY_REVIEW,False
youtube:UCUz8QMqTQYtmKprSeGGKEkw,youtube,UCUz8QMqTQYtmKprSeGGKEkw,Kaylef Orion,https://www.youtube.com/channel/UCUz8QMqTQYtmKprSeGGKEkw,HOLD_NEEDS_CHANNEL_REVIEW,NO_CHANNEL_ELIGIBILITY_REVIEW,False
youtube:UCV04Z1PL6HevUdDeHDHwkDw,youtube,UCV04Z1PL6HevUdDeHDHwkDw,MeiLi,https://www.youtube.com/channel/UCV04Z1PL6HevUdDeHDHwkDw,HOLD_NEEDS_CHANNEL_REVIEW,NO_CHANNEL_ELIGIBILITY_REVIEW,False
youtube:UCV3mg1zXhXfWHcL2iq3z-Aw,youtube,UCV3mg1zXhXfWHcL2iq3z-Aw,Laurie Blisse Ch.,https://www.youtube.com/channel/UCV3mg1zXhXfWHcL2iq3z-Aw,HOLD_NEEDS_CHANNEL_REVIEW,NO_CHANNEL_ELIGIBILITY_REVIEW,False
youtube:UCV7dVXp53A48-Iwqg5BezQA,youtube,UCV7dVXp53A48-Iwqg5BezQA,Dubbing for fun,https://www.youtube.com/channel/UCV7dVXp53A48-Iwqg5BezQA,HOLD_NEEDS_CHANNEL_REVIEW,NO_CHANNEL_ELIGIBILITY_REVIEW,False
youtube:UCVAsOHcLLGVQq6aOpesOwBQ,youtube,UCVAsOHcLLGVQq6aOpesOwBQ,Hanabi Lafy Ch. Pixela-Isekai,https://www.youtube.com/channel/UCVAsOHcLLGVQq6aOpesOwBQ,HOLD_NEEDS_CHANNEL_REVIEW,NO_CHANNEL_ELIGIBILITY_REVIEW,False
youtube:UCVBaM-3Ot6LmwX1cbhqQvVw,youtube,UCVBaM-3Ot6LmwX1cbhqQvVw,Eric'Mariner Ch.,https://www.youtube.com/channel/UCVBaM-3Ot6LmwX1cbhqQvVw,HOLD_NEEDS_CHANNEL_REVIEW,NO_CHANNEL_ELIGIBILITY_REVIEW,False
youtube:UCVGgfzDAft7MekDFSwl4i6Q,youtube,UCVGgfzDAft7MekDFSwl4i6Q,Althena Ch.,https://www.youtube.com/channel/UCVGgfzDAft7MekDFSwl4i6Q,HOLD_NEEDS_CHANNEL_REVIEW,NO_CHANNEL_ELIGIBILITY_REVIEW,False
youtube:UCVIYXTaNDVbb2c1_HXGDXhg,youtube,UCVIYXTaNDVbb2c1_HXGDXhg,Miya the Melf Ch.,https://www.youtube.com/channel/UCVIYXTaNDVbb2c1_HXGDXhg,HOLD_NEEDS_CHANNEL_REVIEW,NO_CHANNEL_ELIGIBILITY_REVIEW,False
youtube:UCVKmkTCnz56PpKQFxYMuAHg,youtube,UCVKmkTCnz56PpKQFxYMuAHg,Flur Furry Ch.,https://www.youtube.com/channel/UCVKmkTCnz56PpKQFxYMuAHg,HOLD_NEEDS_CHANNEL_REVIEW,NO_CHANNEL_ELIGIBILITY_REVIEW,False
youtube:UCVLZI8sZ1J1PDVHdPLgnChw,youtube,UCVLZI8sZ1J1PDVHdPLgnChw,Freyraine Ch.,https://www.youtube.com/channel/UCVLZI8sZ1J1PDVHdPLgnChw,HOLD_NEEDS_CHANNEL_REVIEW,NO_CHANNEL_ELIGIBILITY_REVIEW,False
youtube:UCVX1q9x58mqu12j94cAwr0w,youtube,UCVX1q9x58mqu12j94cAwr0w,Kirine Ch.,https://www.youtube.com/channel/UCVX1q9x58mqu12j94cAwr0w,HOLD_NEEDS_CHANNEL_REVIEW,EXACT_CHANNEL_ID_REVIEW,False
youtube:UCVa_b2jriwKJLcS4CP9Pq3w,youtube,UCVa_b2jriwKJLcS4CP9Pq3w,Rubellus Remis | VArtist,https://www.youtube.com/channel/UCVa_b2jriwKJLcS4CP9Pq3w,HOLD_NEEDS_CHANNEL_REVIEW,NO_CHANNEL_ELIGIBILITY_REVIEW,False
youtube:UCVfj4ZZ02FyqOracLd7r5oQ,youtube,UCVfj4ZZ02FyqOracLd7r5oQ,TARIN,https://www.youtube.com/channel/UCVfj4ZZ02FyqOracLd7r5oQ,HOLD_NEEDS_CHANNEL_REVIEW,NO_CHANNEL_ELIGIBILITY_REVIEW,False
youtube:UCVgbTA9qzHDr3nPsN3-Nsuw,youtube,UCVgbTA9qzHDr3nPsN3-Nsuw,NoranekoGotty,https://www.youtube.com/channel/UCVgbTA9qzHDr3nPsN3-Nsuw,HOLD_NEEDS_CHANNEL_REVIEW,NO_CHANNEL_ELIGIBILITY_REVIEW,False
youtube:UCVgoTNEZIS4UVoe2M4CSc4w,youtube,UCVgoTNEZIS4UVoe2M4CSc4w,⚡GS_ก๊อปแก๊ป พาเพลิน⚡,https://www.youtube.com/channel/UCVgoTNEZIS4UVoe2M4CSc4w,HOLD_NEEDS_CHANNEL_REVIEW,NO_CHANNEL_ELIGIBILITY_REVIEW,False
youtube:UCVhHSmzes15AABN5pKcq7bQ,youtube,UCVhHSmzes15AABN5pKcq7bQ,พรี่โอม Omoro & คุณนายกระต่าย BunBun,https://www.youtube.com/channel/UCVhHSmzes15AABN5pKcq7bQ,HOLD_NEEDS_CHANNEL_REVIEW,NO_CHANNEL_ELIGIBILITY_REVIEW,False
youtube:UCVhMzJhna39ULdMowQAE-uQ,youtube,UCVhMzJhna39ULdMowQAE-uQ,Hatsuji ::H.T.J ,https://www.youtube.com/channel/UCVhMzJhna39ULdMowQAE-uQ,HOLD_NEEDS_CHANNEL_REVIEW,NO_CHANNEL_ELIGIBILITY_REVIEW,False
youtube:UCVjCtqjlMB3S0UpsJsC9_xA,youtube,UCVjCtqjlMB3S0UpsJsC9_xA,กะละมัง วีทูปเบอร์,https://www.youtube.com/channel/UCVjCtqjlMB3S0UpsJsC9_xA,HOLD_NEEDS_CHANNEL_REVIEW,NO_CHANNEL_ELIGIBILITY_REVIEW,False
youtube:UCVjZjOsH1_hkjhOkYkylAmg,youtube,UCVjZjOsH1_hkjhOkYkylAmg,Odele Ch.,https://www.youtube.com/channel/UCVjZjOsH1_hkjhOkYkylAmg,HOLD_NEEDS_CHANNEL_REVIEW,NO_CHANNEL_ELIGIBILITY_REVIEW,False
youtube:UCVjhbrfJG9GX2sXsl7B3AIg,youtube,UCVjhbrfJG9GX2sXsl7B3AIg,Mei Vtuber,https://www.youtube.com/channel/UCVjhbrfJG9GX2sXsl7B3AIg,HOLD_NEEDS_CHANNEL_REVIEW,NO_CHANNEL_ELIGIBILITY_REVIEW,False
youtube:UCVjpFP1_Ny3PUoE26r4ITaw,youtube,UCVjpFP1_Ny3PUoE26r4ITaw,Bunana Vtuber,https://www.youtube.com/channel/UCVjpFP1_Ny3PUoE26r4ITaw,HOLD_NEEDS_CHANNEL_REVIEW,NO_CHANNEL_ELIGIBILITY_REVIEW,False
youtube:UCVogMqMZimg5YbPE48oPrlg,youtube,UCVogMqMZimg5YbPE48oPrlg,Mysterica X. Ch. | RPG,https://www.youtube.com/channel/UCVogMqMZimg5YbPE48oPrlg,HOLD_NEEDS_CHANNEL_REVIEW,NO_CHANNEL_ELIGIBILITY_REVIEW,False
youtube:UCVvTvmP37h2C2NuHqB_Uekg,youtube,UCVvTvmP37h2C2NuHqB_Uekg,Merope Ch.,https://www.youtube.com/channel/UCVvTvmP37h2C2NuHqB_Uekg,HOLD_NEEDS_CHANNEL_REVIEW,NO_CHANNEL_ELIGIBILITY_REVIEW,False
youtube:UCVxEGzv2qEyFXQAsqgjuIog,youtube,UCVxEGzv2qEyFXQAsqgjuIog,Aika,https://www.youtube.com/channel/UCVxEGzv2qEyFXQAsqgjuIog,HOLD_NEEDS_CHANNEL_REVIEW,NO_CHANNEL_ELIGIBILITY_REVIEW,False
youtube:UCVzwh-Nav8BxYbm-Vt6xQYg,youtube,UCVzwh-Nav8BxYbm-Vt6xQYg,-Kami Rei- ,https://www.youtube.com/channel/UCVzwh-Nav8BxYbm-Vt6xQYg,HOLD_NEEDS_CHANNEL_REVIEW,NO_CHANNEL_ELIGIBILITY_REVIEW,False
youtube:UCW0p7VdWVO0bn0_FELopJpQ,youtube,UCW0p7VdWVO0bn0_FELopJpQ,Dtto.,https://www.youtube.com/channel/UCW0p7VdWVO0bn0_FELopJpQ,HOLD_NEEDS_CHANNEL_REVIEW,NO_CHANNEL_ELIGIBILITY_REVIEW,False
youtube:UCW5ZZhibxHgZ6wLzqXK97XQ,youtube,UCW5ZZhibxHgZ6wLzqXK97XQ,PAres Spacedog『Berlina•ECR』,https://www.youtube.com/channel/UCW5ZZhibxHgZ6wLzqXK97XQ,HOLD_NEEDS_CHANNEL_REVIEW,NO_CHANNEL_ELIGIBILITY_REVIEW,False
youtube:UCWGL-srZbmgncoJ9YKJrdAg,youtube,UCWGL-srZbmgncoJ9YKJrdAg,OYAZUMISAN,https://www.youtube.com/channel/UCWGL-srZbmgncoJ9YKJrdAg,HOLD_NEEDS_CHANNEL_REVIEW,NO_CHANNEL_ELIGIBILITY_REVIEW,False
youtube:UCWM76ZPAZqDNOAp5AKn9uIw,youtube,UCWM76ZPAZqDNOAp5AKn9uIw,JueBigHead,https://www.youtube.com/channel/UCWM76ZPAZqDNOAp5AKn9uIw,HOLD_NEEDS_CHANNEL_REVIEW,NO_CHANNEL_ELIGIBILITY_REVIEW,False
youtube:UCWNVjAzZmYUni8YBXYiy01w,youtube,UCWNVjAzZmYUni8YBXYiy01w,dtto.,https://www.youtube.com/channel/UCWNVjAzZmYUni8YBXYiy01w,HOLD_NEEDS_CHANNEL_REVIEW,NO_CHANNEL_ELIGIBILITY_REVIEW,False
youtube:UCWO1YqwwjkAk2aXp8y-Qo8g,youtube,UCWO1YqwwjkAk2aXp8y-Qo8g,Ekaros Ch. Vprolive,https://www.youtube.com/channel/UCWO1YqwwjkAk2aXp8y-Qo8g,HOLD_NEEDS_CHANNEL_REVIEW,NO_CHANNEL_ELIGIBILITY_REVIEW,False
youtube:UCWRc7m30K-4jNCyVnWh_a-w,youtube,UCWRc7m30K-4jNCyVnWh_a-w,Freidya Ch,https://www.youtube.com/channel/UCWRc7m30K-4jNCyVnWh_a-w,HOLD_NEEDS_CHANNEL_REVIEW,NO_CHANNEL_ELIGIBILITY_REVIEW,False
youtube:UCWS53JU_S79XyN9KKOCOCHw,youtube,UCWS53JU_S79XyN9KKOCOCHw,Kianae IONIX,https://www.youtube.com/channel/UCWS53JU_S79XyN9KKOCOCHw,HOLD_NEEDS_CHANNEL_REVIEW,NO_CHANNEL_ELIGIBILITY_REVIEW,False
youtube:UCWU7kvLd_JBaBqO_ilTYd_A,youtube,UCWU7kvLd_JBaBqO_ilTYd_A,Zekai Ch.【ARP】,https://www.youtube.com/channel/UCWU7kvLd_JBaBqO_ilTYd_A,HOLD_NEEDS_CHANNEL_REVIEW,EXACT_CHANNEL_ID_REVIEW,False
youtube:UCWa0z5W_t2B46XB3a5OKU0Q,youtube,UCWa0z5W_t2B46XB3a5OKU0Q,Jao_KaoJao,https://www.youtube.com/channel/UCWa0z5W_t2B46XB3a5OKU0Q,HOLD_NEEDS_CHANNEL_REVIEW,NO_CHANNEL_ELIGIBILITY_REVIEW,False
youtube:UCWe8lxEFSt84vZ7srlHySVw,youtube,UCWe8lxEFSt84vZ7srlHySVw,Sataru【21PM】,https://www.youtube.com/channel/UCWe8lxEFSt84vZ7srlHySVw,HOLD_NEEDS_CHANNEL_REVIEW,NO_CHANNEL_ELIGIBILITY_REVIEW,False
youtube:UCWjaqaEssIOviThtKEtBvsw,youtube,UCWjaqaEssIOviThtKEtBvsw,Hibiki Diva『DPX』,https://www.youtube.com/channel/UCWjaqaEssIOviThtKEtBvsw,HOLD_NEEDS_CHANNEL_REVIEW,NO_CHANNEL_ELIGIBILITY_REVIEW,False
youtube:UCWm99dEdWyZR-jWLyzzOIZA,youtube,UCWm99dEdWyZR-jWLyzzOIZA,RAILONEY,https://www.youtube.com/channel/UCWm99dEdWyZR-jWLyzzOIZA,HOLD_NEEDS_CHANNEL_REVIEW,NO_CHANNEL_ELIGIBILITY_REVIEW,False
youtube:UCWp6-EK_2seNDN_HN3mo9gA,youtube,UCWp6-EK_2seNDN_HN3mo9gA,^-Maru Chan-^,https://www.youtube.com/channel/UCWp6-EK_2seNDN_HN3mo9gA,HOLD_NEEDS_CHANNEL_REVIEW,NO_CHANNEL_ELIGIBILITY_REVIEW,False
youtube:UCWw9JzEA7hdBnSFR-_Y0DlA,youtube,UCWw9JzEA7hdBnSFR-_Y0DlA,Seina Ch.,https://www.youtube.com/channel/UCWw9JzEA7hdBnSFR-_Y0DlA,HOLD_NEEDS_CHANNEL_REVIEW,EXACT_CHANNEL_ID_REVIEW,False
youtube:UCWyO0Zn2Vx6U2VOIpeCjsJw,youtube,UCWyO0Zn2Vx6U2VOIpeCjsJw,Liyin,https://www.youtube.com/channel/UCWyO0Zn2Vx6U2VOIpeCjsJw,HOLD_NEEDS_CHANNEL_REVIEW,NO_CHANNEL_ELIGIBILITY_REVIEW,False
youtube:UCX5Qv6nz_HUVKtaDiMEReyQ,youtube,UCX5Qv6nz_HUVKtaDiMEReyQ,Red FarTear Ch.,https://www.youtube.com/channel/UCX5Qv6nz_HUVKtaDiMEReyQ,HOLD_NEEDS_CHANNEL_REVIEW,NO_CHANNEL_ELIGIBILITY_REVIEW,False
youtube:UCX709cHEHWW3QU1qSA_dyVA,youtube,UCX709cHEHWW3QU1qSA_dyVA,Housagi ch. Euphora,https://www.youtube.com/channel/UCX709cHEHWW3QU1qSA_dyVA,HOLD_NEEDS_CHANNEL_REVIEW,NO_CHANNEL_ELIGIBILITY_REVIEW,False
youtube:UCXBd37-oAdMimpTzXN9WtVQ,youtube,UCXBd37-oAdMimpTzXN9WtVQ,Gutz ch.,https://www.youtube.com/channel/UCXBd37-oAdMimpTzXN9WtVQ,HOLD_NEEDS_CHANNEL_REVIEW,NO_CHANNEL_ELIGIBILITY_REVIEW,False
youtube:UCXG9ZvdggOsj5kb996vbYPg,youtube,UCXG9ZvdggOsj5kb996vbYPg,FL_FirstsLove ⌜VZ⌟,https://www.youtube.com/channel/UCXG9ZvdggOsj5kb996vbYPg,HOLD_NEEDS_CHANNEL_REVIEW,NO_CHANNEL_ELIGIBILITY_REVIEW,False
youtube:UCXIVuxD2sPqxESwVEUtGPuA,youtube,UCXIVuxD2sPqxESwVEUtGPuA,Leonetta Ch. 《NEOVISTA》,https://www.youtube.com/channel/UCXIVuxD2sPqxESwVEUtGPuA,HOLD_NEEDS_CHANNEL_REVIEW,NO_CHANNEL_ELIGIBILITY_REVIEW,False
youtube:UCXOGcY1DJ8uohGI3KTPue-g,youtube,UCXOGcY1DJ8uohGI3KTPue-g,ToraSunday Ch.,https://www.youtube.com/channel/UCXOGcY1DJ8uohGI3KTPue-g,HOLD_NEEDS_CHANNEL_REVIEW,NO_CHANNEL_ELIGIBILITY_REVIEW,False
youtube:UCXORtYHsd6uxJK15JvHzxvA,youtube,UCXORtYHsd6uxJK15JvHzxvA,AonGreyFox,https://www.youtube.com/channel/UCXORtYHsd6uxJK15JvHzxvA,HOLD_NEEDS_CHANNEL_REVIEW,NO_CHANNEL_ELIGIBILITY_REVIEW,False
youtube:UCXOcqHz5rj8NGhNvAQfManw,youtube,UCXOcqHz5rj8NGhNvAQfManw,unibunty,https://www.youtube.com/channel/UCXOcqHz5rj8NGhNvAQfManw,HOLD_NEEDS_CHANNEL_REVIEW,EXACT_CHANNEL_ID_REVIEW,False
youtube:UCXTC545Ye8-2RFdSZ4LXoSg,youtube,UCXTC545Ye8-2RFdSZ4LXoSg,Xeres Artrophel Ch.,https://www.youtube.com/channel/UCXTC545Ye8-2RFdSZ4LXoSg,HOLD_NEEDS_CHANNEL_REVIEW,NO_CHANNEL_ELIGIBILITY_REVIEW,False
youtube:UCXWwuHiYZepNhYk3lBrj2pg,youtube,UCXWwuHiYZepNhYk3lBrj2pg,Hyoki Howatora Ch.,https://www.youtube.com/channel/UCXWwuHiYZepNhYk3lBrj2pg,HOLD_NEEDS_CHANNEL_REVIEW,NO_CHANNEL_ELIGIBILITY_REVIEW,False
youtube:UCX_lpBjVENv-6AmJmtGAuig,youtube,UCX_lpBjVENv-6AmJmtGAuig,Aoi Nekomori,https://www.youtube.com/channel/UCX_lpBjVENv-6AmJmtGAuig,HOLD_NEEDS_CHANNEL_REVIEW,NO_CHANNEL_ELIGIBILITY_REVIEW,False
youtube:UCXl3UWVn6XXFSNM5YNHlSCw,youtube,UCXl3UWVn6XXFSNM5YNHlSCw,Kaiyo Ch.,https://www.youtube.com/channel/UCXl3UWVn6XXFSNM5YNHlSCw,HOLD_NEEDS_CHANNEL_REVIEW,NO_CHANNEL_ELIGIBILITY_REVIEW,False
youtube:UCXuiHw-k05CnSu5_DjKUytw,youtube,UCXuiHw-k05CnSu5_DjKUytw,LIVIANA Ch.,https://www.youtube.com/channel/UCXuiHw-k05CnSu5_DjKUytw,HOLD_NEEDS_CHANNEL_REVIEW,NO_CHANNEL_ELIGIBILITY_REVIEW,False
youtube:UCXwc3r1q3yyxugIq2KM9K7A,youtube,UCXwc3r1q3yyxugIq2KM9K7A,Plathong Ch.,https://www.youtube.com/channel/UCXwc3r1q3yyxugIq2KM9K7A,HOLD_NEEDS_CHANNEL_REVIEW,NO_CHANNEL_ELIGIBILITY_REVIEW,False
youtube:UCY-5Lf7AJKFj4fudzFi1AZw,youtube,UCY-5Lf7AJKFj4fudzFi1AZw,TeenWISU,https://www.youtube.com/channel/UCY-5Lf7AJKFj4fudzFi1AZw,HOLD_NEEDS_CHANNEL_REVIEW,EXACT_CHANNEL_ID_REVIEW,False
youtube:UCY2VnFiaqNirU_QKxqgR96w,youtube,UCY2VnFiaqNirU_QKxqgR96w,Kris Ch. Vprolive,https://www.youtube.com/channel/UCY2VnFiaqNirU_QKxqgR96w,HOLD_NEEDS_CHANNEL_REVIEW,NO_CHANNEL_ELIGIBILITY_REVIEW,False
youtube:UCY342fay_tyCV5bdoy2zTZQ,youtube,UCY342fay_tyCV5bdoy2zTZQ,QURSE,https://www.youtube.com/channel/UCY342fay_tyCV5bdoy2zTZQ,HOLD_NEEDS_CHANNEL_REVIEW,NO_CHANNEL_ELIGIBILITY_REVIEW,False
youtube:UCY3reV-jwagniwcghy1B4VA,youtube,UCY3reV-jwagniwcghy1B4VA,Nicca Ch.,https://www.youtube.com/channel/UCY3reV-jwagniwcghy1B4VA,HOLD_NEEDS_CHANNEL_REVIEW,EXACT_CHANNEL_ID_REVIEW,False
youtube:UCY8j33h1epfkBEkIv_K5WKg,youtube,UCY8j33h1epfkBEkIv_K5WKg,Lufine Ch. ลูฟิเน่,https://www.youtube.com/channel/UCY8j33h1epfkBEkIv_K5WKg,HOLD_NEEDS_CHANNEL_REVIEW,NO_CHANNEL_ELIGIBILITY_REVIEW,False
youtube:UCYAKTFHayiQ-yvllmFmx5IA,youtube,UCYAKTFHayiQ-yvllmFmx5IA,KRATOI 《19'S》,https://www.youtube.com/channel/UCYAKTFHayiQ-yvllmFmx5IA,HOLD_NEEDS_CHANNEL_REVIEW,NO_CHANNEL_ELIGIBILITY_REVIEW,False
youtube:UCYEWH_8lJYYxB_Ws5ee_ROw,youtube,UCYEWH_8lJYYxB_Ws5ee_ROw,Saniyah L. Ch.,https://www.youtube.com/channel/UCYEWH_8lJYYxB_Ws5ee_ROw,HOLD_NEEDS_CHANNEL_REVIEW,EXACT_CHANNEL_ID_REVIEW,False
youtube:UCYJ82i8mzIoGAyzIY4gLZKA,youtube,UCYJ82i8mzIoGAyzIY4gLZKA,DarkPhoenix13Fr,https://www.youtube.com/channel/UCYJ82i8mzIoGAyzIY4gLZKA,HOLD_NEEDS_CHANNEL_REVIEW,NO_CHANNEL_ELIGIBILITY_REVIEW,False
youtube:UCYXMY8jostUgR-jf0tJD5dQ,youtube,UCYXMY8jostUgR-jf0tJD5dQ,Nithra Lapis Ch.,https://www.youtube.com/channel/UCYXMY8jostUgR-jf0tJD5dQ,HOLD_NEEDS_CHANNEL_REVIEW,EXACT_CHANNEL_ID_REVIEW,False
youtube:UCYhbR4N_I_P5zMpK1rAR8Cw,youtube,UCYhbR4N_I_P5zMpK1rAR8Cw,Moracel VT,https://www.youtube.com/channel/UCYhbR4N_I_P5zMpK1rAR8Cw,HOLD_NEEDS_CHANNEL_REVIEW,NO_CHANNEL_ELIGIBILITY_REVIEW,False
youtube:UCYknXN1ydnhJACllweXGd-w,youtube,UCYknXN1ydnhJACllweXGd-w,Bitscuit La Cielhare,https://www.youtube.com/channel/UCYknXN1ydnhJACllweXGd-w,HOLD_NEEDS_CHANNEL_REVIEW,EXACT_CHANNEL_ID_REVIEW,False
youtube:UCYo4x86C700J5ivxg98oOtw,youtube,UCYo4x86C700J5ivxg98oOtw,G. Mosotaa,https://www.youtube.com/channel/UCYo4x86C700J5ivxg98oOtw,HOLD_NEEDS_CHANNEL_REVIEW,NO_CHANNEL_ELIGIBILITY_REVIEW,False
youtube:UCYtNZ8-aeaazi3ImKB6y8aQ,youtube,UCYtNZ8-aeaazi3ImKB6y8aQ,Jibara​ Ch.,https://www.youtube.com/channel/UCYtNZ8-aeaazi3ImKB6y8aQ,HOLD_NEEDS_CHANNEL_REVIEW,NO_CHANNEL_ELIGIBILITY_REVIEW,False
youtube:UCYu6kxGsCK2-LcCmydfajgg,youtube,UCYu6kxGsCK2-LcCmydfajgg,KissCross,https://www.youtube.com/channel/UCYu6kxGsCK2-LcCmydfajgg,HOLD_NEEDS_CHANNEL_REVIEW,NO_CHANNEL_ELIGIBILITY_REVIEW,False
youtube:UCYu6pahmFwIki35ru8s62pQ,youtube,UCYu6pahmFwIki35ru8s62pQ,Destinesia Project,https://www.youtube.com/channel/UCYu6pahmFwIki35ru8s62pQ,EXCLUDE_NON_PERSONA_ACCOUNT,EXACT_CHANNEL_ID_REVIEW,False
youtube:UCZ-Vbihp3Y84EzwVVd2GjDQ,youtube,UCZ-Vbihp3Y84EzwVVd2GjDQ,Kazumi Ch.,https://www.youtube.com/channel/UCZ-Vbihp3Y84EzwVVd2GjDQ,HOLD_NEEDS_CHANNEL_REVIEW,NO_CHANNEL_ELIGIBILITY_REVIEW,False
youtube:UCZ0NN8Yx0Iq6RG7-hORFNbA,youtube,UCZ0NN8Yx0Iq6RG7-hORFNbA,Heli Ch.【REC】,https://www.youtube.com/channel/UCZ0NN8Yx0Iq6RG7-hORFNbA,HOLD_NEEDS_CHANNEL_REVIEW,NO_CHANNEL_ELIGIBILITY_REVIEW,False
youtube:UCZ8gzZWoN9B6GhlVOwnj0aQ,youtube,UCZ8gzZWoN9B6GhlVOwnj0aQ,Ririka ch. / ริริกะ【SSR】,https://www.youtube.com/channel/UCZ8gzZWoN9B6GhlVOwnj0aQ,HOLD_NEEDS_CHANNEL_REVIEW,NO_CHANNEL_ELIGIBILITY_REVIEW,False
youtube:UCZHQ9zIKFuUEtoFd2c6yjwA,youtube,UCZHQ9zIKFuUEtoFd2c6yjwA,PJ_OWL OWL【VJN】,https://www.youtube.com/channel/UCZHQ9zIKFuUEtoFd2c6yjwA,HOLD_NEEDS_CHANNEL_REVIEW,NO_CHANNEL_ELIGIBILITY_REVIEW,False
youtube:UCZK2FFIIlsvkbf07ctIEncg,youtube,UCZK2FFIIlsvkbf07ctIEncg,DeliCiae,https://www.youtube.com/channel/UCZK2FFIIlsvkbf07ctIEncg,HOLD_NEEDS_CHANNEL_REVIEW,NO_CHANNEL_ELIGIBILITY_REVIEW,False
youtube:UCZLcxopXBfzR1Dsu8eC1DeQ,youtube,UCZLcxopXBfzR1Dsu8eC1DeQ,Amy Stella Ch.,https://www.youtube.com/channel/UCZLcxopXBfzR1Dsu8eC1DeQ,HOLD_NEEDS_CHANNEL_REVIEW,NO_CHANNEL_ELIGIBILITY_REVIEW,False
youtube:UCZSudswFZkaARozAZPFoC2Q,youtube,UCZSudswFZkaARozAZPFoC2Q,Azazel  Ch.,https://www.youtube.com/channel/UCZSudswFZkaARozAZPFoC2Q,HOLD_NEEDS_CHANNEL_REVIEW,EXACT_CHANNEL_ID_REVIEW,False
youtube:UCZYLQLIIviw56yaDcA9-VwA,youtube,UCZYLQLIIviw56yaDcA9-VwA,Azuri「 PRD 」,https://www.youtube.com/channel/UCZYLQLIIviw56yaDcA9-VwA,HOLD_NEEDS_CHANNEL_REVIEW,NO_CHANNEL_ELIGIBILITY_REVIEW,False
youtube:UCZgkeKMeSJ5-ETLvt1KGgmg,youtube,UCZgkeKMeSJ5-ETLvt1KGgmg,Jaqua Ch.,https://www.youtube.com/channel/UCZgkeKMeSJ5-ETLvt1KGgmg,HOLD_NEEDS_CHANNEL_REVIEW,EXACT_CHANNEL_ID_REVIEW,False
youtube:UCZhewVQstdQB87rdWwIRHzg,youtube,UCZhewVQstdQB87rdWwIRHzg,MEILIN CH.,https://www.youtube.com/channel/UCZhewVQstdQB87rdWwIRHzg,HOLD_NEEDS_CHANNEL_REVIEW,NO_CHANNEL_ELIGIBILITY_REVIEW,False
youtube:UCZilc7jP-X_92Fii1uTIs0Q,youtube,UCZilc7jP-X_92Fii1uTIs0Q,Hoku Ch.,https://www.youtube.com/channel/UCZilc7jP-X_92Fii1uTIs0Q,HOLD_NEEDS_CHANNEL_REVIEW,NO_CHANNEL_ELIGIBILITY_REVIEW,False
youtube:UCZmw6cMeVaCMtL_NhybhWJw,youtube,UCZmw6cMeVaCMtL_NhybhWJw,Poppy the Puppy,https://www.youtube.com/channel/UCZmw6cMeVaCMtL_NhybhWJw,HOLD_NEEDS_CHANNEL_REVIEW,NO_CHANNEL_ELIGIBILITY_REVIEW,False
youtube:UCZq9-nxDs5XXEtAPzAuBnhQ,youtube,UCZq9-nxDs5XXEtAPzAuBnhQ,Wynn Carwin Ch. | OAL,https://www.youtube.com/channel/UCZq9-nxDs5XXEtAPzAuBnhQ,HOLD_NEEDS_CHANNEL_REVIEW,NO_CHANNEL_ELIGIBILITY_REVIEW,False
youtube:UCZrJx0Gxf_Vv2njDwnkaHIA,youtube,UCZrJx0Gxf_Vv2njDwnkaHIA,แม่นิศรายงาน,https://www.youtube.com/channel/UCZrJx0Gxf_Vv2njDwnkaHIA,HOLD_NEEDS_CHANNEL_REVIEW,NO_CHANNEL_ELIGIBILITY_REVIEW,False
youtube:UCZsXl4d82Yx76SeGNtWGjlQ,youtube,UCZsXl4d82Yx76SeGNtWGjlQ,Fusui Ch.,https://www.youtube.com/channel/UCZsXl4d82Yx76SeGNtWGjlQ,HOLD_NEEDS_CHANNEL_REVIEW,NO_CHANNEL_ELIGIBILITY_REVIEW,False
youtube:UCZwx1KhdoiqQsoZAqCRbApw,youtube,UCZwx1KhdoiqQsoZAqCRbApw,Zentiera【VJN】,https://www.youtube.com/channel/UCZwx1KhdoiqQsoZAqCRbApw,HOLD_NEEDS_CHANNEL_REVIEW,NO_CHANNEL_ELIGIBILITY_REVIEW,False
youtube:UC_BZjak0ArVzJ-8yjUUaTqg,youtube,UC_BZjak0ArVzJ-8yjUUaTqg,SaiMaiZ さいまい ⌜VZ⌟,https://www.youtube.com/channel/UC_BZjak0ArVzJ-8yjUUaTqg,HOLD_NEEDS_CHANNEL_REVIEW,NO_CHANNEL_ELIGIBILITY_REVIEW,False
youtube:UC_JCN1qZMnnFzgzD_iTqrsg,youtube,UC_JCN1qZMnnFzgzD_iTqrsg,Edella Edward Ch.,https://www.youtube.com/channel/UC_JCN1qZMnnFzgzD_iTqrsg,HOLD_NEEDS_CHANNEL_REVIEW,NO_CHANNEL_ELIGIBILITY_REVIEW,False
youtube:UC_PZp8aADgJ9tiWMT44eUMg,youtube,UC_PZp8aADgJ9tiWMT44eUMg,Sirin 『VTG』,https://www.youtube.com/channel/UC_PZp8aADgJ9tiWMT44eUMg,HOLD_NEEDS_CHANNEL_REVIEW,NO_CHANNEL_ELIGIBILITY_REVIEW,False
youtube:UC_QxfkQ4RrWkiQmGeyYa1tQ,youtube,UC_QxfkQ4RrWkiQmGeyYa1tQ,AelegosSunOfaeminch.,https://www.youtube.com/channel/UC_QxfkQ4RrWkiQmGeyYa1tQ,HOLD_NEEDS_CHANNEL_REVIEW,NO_CHANNEL_ELIGIBILITY_REVIEW,False
youtube:UC_RvJQOjfm-vgtMRRXeq7mQ,youtube,UC_RvJQOjfm-vgtMRRXeq7mQ,Whyte Ch.,https://www.youtube.com/channel/UC_RvJQOjfm-vgtMRRXeq7mQ,HOLD_NEEDS_CHANNEL_REVIEW,EXACT_CHANNEL_ID_REVIEW,False
youtube:UC_Tz70m-NMqHHkblzKa9v6A,youtube,UC_Tz70m-NMqHHkblzKa9v6A,วายุ สวรรค์,https://www.youtube.com/channel/UC_Tz70m-NMqHHkblzKa9v6A,HOLD_NEEDS_CHANNEL_REVIEW,EXACT_CHANNEL_ID_REVIEW,False
youtube:UC_VUntI6UYF-qEB0k9VRWoQ,youtube,UC_VUntI6UYF-qEB0k9VRWoQ,Masumi Kyou Ch.,https://www.youtube.com/channel/UC_VUntI6UYF-qEB0k9VRWoQ,HOLD_NEEDS_CHANNEL_REVIEW,NO_CHANNEL_ELIGIBILITY_REVIEW,False
youtube:UC_Wo8eYbNSxzzeIke7_ssSQ,youtube,UC_Wo8eYbNSxzzeIke7_ssSQ,PENELOPE PINK,https://www.youtube.com/channel/UC_Wo8eYbNSxzzeIke7_ssSQ,HOLD_NEEDS_CHANNEL_REVIEW,NO_CHANNEL_ELIGIBILITY_REVIEW,False
youtube:UC_XPgDT6i9evZc5uJF1tc8g,youtube,UC_XPgDT6i9evZc5uJF1tc8g,Enryu Horus Ch. 炎竜ホルス,https://www.youtube.com/channel/UC_XPgDT6i9evZc5uJF1tc8g,HOLD_NEEDS_CHANNEL_REVIEW,NO_CHANNEL_ELIGIBILITY_REVIEW,False
youtube:UC_XyNfXasr_yngj3VOJU3dg,youtube,UC_XyNfXasr_yngj3VOJU3dg,Ursa Scorpio,https://www.youtube.com/channel/UC_XyNfXasr_yngj3VOJU3dg,HOLD_NEEDS_CHANNEL_REVIEW,NO_CHANNEL_ELIGIBILITY_REVIEW,False
youtube:UC_djfyZ7N_-hPSxtrSsBNfQ,youtube,UC_djfyZ7N_-hPSxtrSsBNfQ,Victor Hoshino【GRADUATED】,https://www.youtube.com/channel/UC_djfyZ7N_-hPSxtrSsBNfQ,HOLD_NEEDS_CHANNEL_REVIEW,EXACT_CHANNEL_ID_REVIEW,False
youtube:UC_f-4lGvlAXpBrN9vHertvA,youtube,UC_f-4lGvlAXpBrN9vHertvA,Akiyama Zqiu Ch. | RPG 【GRADUATED】,https://www.youtube.com/channel/UC_f-4lGvlAXpBrN9vHertvA,HOLD_NEEDS_CHANNEL_REVIEW,NO_CHANNEL_ELIGIBILITY_REVIEW,False
youtube:UC_hrRvjp0dzI0W6goBxRMPA,youtube,UC_hrRvjp0dzI0W6goBxRMPA,XINPIA ⌜VZ⌟,https://www.youtube.com/channel/UC_hrRvjp0dzI0W6goBxRMPA,HOLD_NEEDS_CHANNEL_REVIEW,NO_CHANNEL_ELIGIBILITY_REVIEW,False
youtube:UC_nmh9XycGlquouvai2UC6g,youtube,UC_nmh9XycGlquouvai2UC6g,Newzkung Raccoonza,https://www.youtube.com/channel/UC_nmh9XycGlquouvai2UC6g,HOLD_NEEDS_CHANNEL_REVIEW,NO_CHANNEL_ELIGIBILITY_REVIEW,False
youtube:UC_oH76DShLob3sbdod-RF6Q,youtube,UC_oH76DShLob3sbdod-RF6Q,SHUA Ch. / QURSE,https://www.youtube.com/channel/UC_oH76DShLob3sbdod-RF6Q,HOLD_NEEDS_CHANNEL_REVIEW,NO_CHANNEL_ELIGIBILITY_REVIEW,False
youtube:UC_qD5kQNDIWdfeAR5pH3bBA,youtube,UC_qD5kQNDIWdfeAR5pH3bBA,Asheria Ch.,https://www.youtube.com/channel/UC_qD5kQNDIWdfeAR5pH3bBA,HOLD_NEEDS_CHANNEL_REVIEW,NO_CHANNEL_ELIGIBILITY_REVIEW,False
youtube:UC_yoxmr7vWS7wD_ashIMaWg,youtube,UC_yoxmr7vWS7wD_ashIMaWg,Akane1120 CH.,https://www.youtube.com/channel/UC_yoxmr7vWS7wD_ashIMaWg,HOLD_NEEDS_CHANNEL_REVIEW,NO_CHANNEL_ELIGIBILITY_REVIEW,False
youtube:UCa-n4r4lWEWFcAT95ptx44w,youtube,UCa-n4r4lWEWFcAT95ptx44w,Kini キニ ch,https://www.youtube.com/channel/UCa-n4r4lWEWFcAT95ptx44w,HOLD_NEEDS_CHANNEL_REVIEW,NO_CHANNEL_ELIGIBILITY_REVIEW,False
youtube:UCa2Cm1mnIXZqcUkGBvOEAKw,youtube,UCa2Cm1mnIXZqcUkGBvOEAKw,Timetuba,https://www.youtube.com/channel/UCa2Cm1mnIXZqcUkGBvOEAKw,HOLD_NEEDS_CHANNEL_REVIEW,NO_CHANNEL_ELIGIBILITY_REVIEW,False
youtube:UCa4xya8876A35_fQCrjO46g,youtube,UCa4xya8876A35_fQCrjO46g,Azenta Ch. [STP],https://www.youtube.com/channel/UCa4xya8876A35_fQCrjO46g,HOLD_NEEDS_CHANNEL_REVIEW,NO_CHANNEL_ELIGIBILITY_REVIEW,False
youtube:UCa6vtZqjqy-qr4dOZty6xtQ,youtube,UCa6vtZqjqy-qr4dOZty6xtQ,The Black Wolf (PoLin),https://www.youtube.com/channel/UCa6vtZqjqy-qr4dOZty6xtQ,HOLD_NEEDS_CHANNEL_REVIEW,NO_CHANNEL_ELIGIBILITY_REVIEW,False
youtube:UCa7Slk7_l3qK3YFGZWa2IsQ,youtube,UCa7Slk7_l3qK3YFGZWa2IsQ,Ponya Ch. - Parabellum,https://www.youtube.com/channel/UCa7Slk7_l3qK3YFGZWa2IsQ,HOLD_NEEDS_CHANNEL_REVIEW,EXACT_CHANNEL_ID_REVIEW,False
youtube:UCaCHWJ4_dp4ovreQ91lp3Iw,youtube,UCaCHWJ4_dp4ovreQ91lp3Iw,Lyrics 🌙,https://www.youtube.com/channel/UCaCHWJ4_dp4ovreQ91lp3Iw,HOLD_NEEDS_CHANNEL_REVIEW,NO_CHANNEL_ELIGIBILITY_REVIEW,False
youtube:UCaCZ78DoDsPxejb_azg1hog,youtube,UCaCZ78DoDsPxejb_azg1hog,ITsMeYao,https://www.youtube.com/channel/UCaCZ78DoDsPxejb_azg1hog,HOLD_NEEDS_CHANNEL_REVIEW,NO_CHANNEL_ELIGIBILITY_REVIEW,False
youtube:UCaK_8j3AfLucrbABPzoqG8w,youtube,UCaK_8j3AfLucrbABPzoqG8w,Hwaru,https://www.youtube.com/channel/UCaK_8j3AfLucrbABPzoqG8w,HOLD_NEEDS_CHANNEL_REVIEW,NO_CHANNEL_ELIGIBILITY_REVIEW,False
youtube:UCaKlXG2ijXoovTEOlSBRTHA,youtube,UCaKlXG2ijXoovTEOlSBRTHA,Chouya,https://www.youtube.com/channel/UCaKlXG2ijXoovTEOlSBRTHA,HOLD_NEEDS_CHANNEL_REVIEW,NO_CHANNEL_ELIGIBILITY_REVIEW,False
youtube:UCaM7hDc5B6kte2T7P6_Fpnw,youtube,UCaM7hDc5B6kte2T7P6_Fpnw,tomo_corn,https://www.youtube.com/channel/UCaM7hDc5B6kte2T7P6_Fpnw,HOLD_NEEDS_CHANNEL_REVIEW,NO_CHANNEL_ELIGIBILITY_REVIEW,False
youtube:UCaNQI1xcU1ZC4W0guaIMgTg,youtube,UCaNQI1xcU1ZC4W0guaIMgTg,ศาลเจ้ามังกรเนื้อทอง,https://www.youtube.com/channel/UCaNQI1xcU1ZC4W0guaIMgTg,HOLD_NEEDS_CHANNEL_REVIEW,NO_CHANNEL_ELIGIBILITY_REVIEW,False
youtube:UCaNo5k03dtYzsJ3TqL3JPUw,youtube,UCaNo5k03dtYzsJ3TqL3JPUw,HirabikiVR,https://www.youtube.com/channel/UCaNo5k03dtYzsJ3TqL3JPUw,HOLD_NEEDS_CHANNEL_REVIEW,NO_CHANNEL_ELIGIBILITY_REVIEW,False
youtube:UCaXVZQ3bFktio7QkdpM6HIQ,youtube,UCaXVZQ3bFktio7QkdpM6HIQ,Thina Borboleta Ch.,https://www.youtube.com/channel/UCaXVZQ3bFktio7QkdpM6HIQ,HOLD_NEEDS_CHANNEL_REVIEW,NO_CHANNEL_ELIGIBILITY_REVIEW,False
youtube:UCaazykhRsTDHw7zxowhbpiw,youtube,UCaazykhRsTDHw7zxowhbpiw,Noa / のあくん,https://www.youtube.com/channel/UCaazykhRsTDHw7zxowhbpiw,HOLD_NEEDS_CHANNEL_REVIEW,NO_CHANNEL_ELIGIBILITY_REVIEW,False
youtube:UCacSkKAhjz4pDmyee5IiL5A,youtube,UCacSkKAhjz4pDmyee5IiL5A,Harumoon Ch.,https://www.youtube.com/channel/UCacSkKAhjz4pDmyee5IiL5A,HOLD_NEEDS_CHANNEL_REVIEW,NO_CHANNEL_ELIGIBILITY_REVIEW,False
youtube:UCafG1bj6Qtcbn4bozcicWfA,youtube,UCafG1bj6Qtcbn4bozcicWfA,ZONA Ch.,https://www.youtube.com/channel/UCafG1bj6Qtcbn4bozcicWfA,HOLD_NEEDS_CHANNEL_REVIEW,NO_CHANNEL_ELIGIBILITY_REVIEW,False
youtube:UCahw5ZcdjoFfS6WlfJButNg,youtube,UCahw5ZcdjoFfS6WlfJButNg,Adrelis Zinya「ALF」,https://www.youtube.com/channel/UCahw5ZcdjoFfS6WlfJButNg,HOLD_NEEDS_CHANNEL_REVIEW,NO_CHANNEL_ELIGIBILITY_REVIEW,False
youtube:UCalvpWY2A2P4-h5UIs1jGgA,youtube,UCalvpWY2A2P4-h5UIs1jGgA,yoinmori,https://www.youtube.com/channel/UCalvpWY2A2P4-h5UIs1jGgA,HOLD_NEEDS_CHANNEL_REVIEW,NO_CHANNEL_ELIGIBILITY_REVIEW,False
youtube:UCantL0_E-ATsKZTmZmZ51tw,youtube,UCantL0_E-ATsKZTmZmZ51tw,Millennia Ch.【ARP】,https://www.youtube.com/channel/UCantL0_E-ATsKZTmZmZ51tw,HOLD_NEEDS_CHANNEL_REVIEW,NO_CHANNEL_ELIGIBILITY_REVIEW,False
youtube:UCaq7JU0j74R0TsjlViB_-MA,youtube,UCaq7JU0j74R0TsjlViB_-MA,Astia Ch.,https://www.youtube.com/channel/UCaq7JU0j74R0TsjlViB_-MA,HOLD_NEEDS_CHANNEL_REVIEW,NO_CHANNEL_ELIGIBILITY_REVIEW,False
youtube:UCatSdbBdnsXgFpCyhJ7jYGg,youtube,UCatSdbBdnsXgFpCyhJ7jYGg,Darin V,https://www.youtube.com/channel/UCatSdbBdnsXgFpCyhJ7jYGg,HOLD_NEEDS_CHANNEL_REVIEW,NO_CHANNEL_ELIGIBILITY_REVIEW,False
youtube:UCawpXTKN_jWyTXG97-DD1zQ,youtube,UCawpXTKN_jWyTXG97-DD1zQ,Bamboo Niffy,https://www.youtube.com/channel/UCawpXTKN_jWyTXG97-DD1zQ,HOLD_NEEDS_CHANNEL_REVIEW,NO_CHANNEL_ELIGIBILITY_REVIEW,False
youtube:UCb6cL1o1-78FjrUOR-AVqMw,youtube,UCb6cL1o1-78FjrUOR-AVqMw,Chloe J. Park Ch. | VTUBER,https://www.youtube.com/channel/UCb6cL1o1-78FjrUOR-AVqMw,HOLD_NEEDS_CHANNEL_REVIEW,NO_CHANNEL_ELIGIBILITY_REVIEW,False
youtube:UCbD0eVN3O-T7iBszxoBYwdA,youtube,UCbD0eVN3O-T7iBszxoBYwdA,Aida Ch.,https://www.youtube.com/channel/UCbD0eVN3O-T7iBszxoBYwdA,HOLD_NEEDS_CHANNEL_REVIEW,NO_CHANNEL_ELIGIBILITY_REVIEW,False
youtube:UCbE22G3pUiL9j0mY0-XAl7w,youtube,UCbE22G3pUiL9j0mY0-XAl7w,Mixzy Ch.【21PM】,https://www.youtube.com/channel/UCbE22G3pUiL9j0mY0-XAl7w,HOLD_NEEDS_CHANNEL_REVIEW,NO_CHANNEL_ELIGIBILITY_REVIEW,False
youtube:UCbE5PSt6dbI8_URxa7tl_TA,youtube,UCbE5PSt6dbI8_URxa7tl_TA,Carys Cordelia,https://www.youtube.com/channel/UCbE5PSt6dbI8_URxa7tl_TA,HOLD_NEEDS_CHANNEL_REVIEW,NO_CHANNEL_ELIGIBILITY_REVIEW,False
youtube:UCbEkHjG43yPMGq5W08jq1TQ,youtube,UCbEkHjG43yPMGq5W08jq1TQ,ChaAYM,https://www.youtube.com/channel/UCbEkHjG43yPMGq5W08jq1TQ,HOLD_NEEDS_CHANNEL_REVIEW,NO_CHANNEL_ELIGIBILITY_REVIEW,False
youtube:UCbFDpdmVcTy1weHo1KDU9uQ,youtube,UCbFDpdmVcTy1weHo1KDU9uQ,Lattemelo,https://www.youtube.com/channel/UCbFDpdmVcTy1weHo1KDU9uQ,HOLD_NEEDS_CHANNEL_REVIEW,NO_CHANNEL_ELIGIBILITY_REVIEW,False
youtube:UCbJzR2e_KQAATjnkddLTL9A,youtube,UCbJzR2e_KQAATjnkddLTL9A,Polygon Official,https://www.youtube.com/channel/UCbJzR2e_KQAATjnkddLTL9A,HOLD_NEEDS_CHANNEL_REVIEW,NO_CHANNEL_ELIGIBILITY_REVIEW,False
youtube:UCbLBp0DgOr1ryQBdYp-AGcQ,youtube,UCbLBp0DgOr1ryQBdYp-AGcQ,Asaka Irin | Operation V Ch.,https://www.youtube.com/channel/UCbLBp0DgOr1ryQBdYp-AGcQ,HOLD_NEEDS_CHANNEL_REVIEW,NO_CHANNEL_ELIGIBILITY_REVIEW,False
youtube:UCbS8T1ffrgNRkvRy11KbnHQ,youtube,UCbS8T1ffrgNRkvRy11KbnHQ,Grey Murasaki Vitale Ch.,https://www.youtube.com/channel/UCbS8T1ffrgNRkvRy11KbnHQ,HOLD_NEEDS_CHANNEL_REVIEW,NO_CHANNEL_ELIGIBILITY_REVIEW,False
youtube:UCbTN1R7AbdA1vICChlVDaYg,youtube,UCbTN1R7AbdA1vICChlVDaYg,Serenno Koriel ,https://www.youtube.com/channel/UCbTN1R7AbdA1vICChlVDaYg,HOLD_NEEDS_CHANNEL_REVIEW,NO_CHANNEL_ELIGIBILITY_REVIEW,False
youtube:UCbXO3ON6BR4-lhx5Yd4yzKA,youtube,UCbXO3ON6BR4-lhx5Yd4yzKA,Midori Suika,https://www.youtube.com/channel/UCbXO3ON6BR4-lhx5Yd4yzKA,HOLD_NEEDS_CHANNEL_REVIEW,NO_CHANNEL_ELIGIBILITY_REVIEW,False
youtube:UCbXXQtmpcBI8GtO2Xg5pYuw,youtube,UCbXXQtmpcBI8GtO2Xg5pYuw,Donovan Ch.,https://www.youtube.com/channel/UCbXXQtmpcBI8GtO2Xg5pYuw,HOLD_NEEDS_CHANNEL_REVIEW,NO_CHANNEL_ELIGIBILITY_REVIEW,False
youtube:UCbXZ2JNCFUc5cMWO0480grA,youtube,UCbXZ2JNCFUc5cMWO0480grA,MAJCHA มัจฉา | DEBUT SOON,https://www.youtube.com/channel/UCbXZ2JNCFUc5cMWO0480grA,HOLD_NEEDS_CHANNEL_REVIEW,NO_CHANNEL_ELIGIBILITY_REVIEW,False
youtube:UCbbK8AskO_4tRrs0yc7bQXQ,youtube,UCbbK8AskO_4tRrs0yc7bQXQ,FouruaryTH,https://www.youtube.com/channel/UCbbK8AskO_4tRrs0yc7bQXQ,HOLD_NEEDS_CHANNEL_REVIEW,NO_CHANNEL_ELIGIBILITY_REVIEW,False
youtube:UCbd5WWyYS2WBMNNxfVEBQQg,youtube,UCbd5WWyYS2WBMNNxfVEBQQg,EVA THE RHINO Ch.,https://www.youtube.com/channel/UCbd5WWyYS2WBMNNxfVEBQQg,HOLD_NEEDS_CHANNEL_REVIEW,NO_CHANNEL_ELIGIBILITY_REVIEW,False
youtube:UCbdwIhYMC977P-Fk6d0utoQ,youtube,UCbdwIhYMC977P-Fk6d0utoQ,Neoda Neviris,https://www.youtube.com/channel/UCbdwIhYMC977P-Fk6d0utoQ,HOLD_NEEDS_CHANNEL_REVIEW,NO_CHANNEL_ELIGIBILITY_REVIEW,False
youtube:UCbeaB9MoD9IyXqBshyQuNRQ,youtube,UCbeaB9MoD9IyXqBshyQuNRQ,Nerumi-s,https://www.youtube.com/channel/UCbeaB9MoD9IyXqBshyQuNRQ,HOLD_NEEDS_CHANNEL_REVIEW,NO_CHANNEL_ELIGIBILITY_REVIEW,False
youtube:UCbfqosxk1LXHk3pW1p3G0GA,youtube,UCbfqosxk1LXHk3pW1p3G0GA,Issa,https://www.youtube.com/channel/UCbfqosxk1LXHk3pW1p3G0GA,HOLD_NEEDS_CHANNEL_REVIEW,NO_CHANNEL_ELIGIBILITY_REVIEW,False
youtube:UCbwvKxA5KSud4jcaD5g5ukQ,youtube,UCbwvKxA5KSud4jcaD5g5ukQ,Azazel the Wanderer Ch.,https://www.youtube.com/channel/UCbwvKxA5KSud4jcaD5g5ukQ,HOLD_NEEDS_CHANNEL_REVIEW,NO_CHANNEL_ELIGIBILITY_REVIEW,False
youtube:UCbypR_t0teWxIdrQ9i83XiQ,youtube,UCbypR_t0teWxIdrQ9i83XiQ,Lunessa Florynne Ch. Lumina-Muse,https://www.youtube.com/channel/UCbypR_t0teWxIdrQ9i83XiQ,HOLD_NEEDS_CHANNEL_REVIEW,NO_CHANNEL_ELIGIBILITY_REVIEW,False
youtube:UCbzEo3V4jrYslgsDPXUV8-A,youtube,UCbzEo3V4jrYslgsDPXUV8-A,靖海 • J1ngHaii,https://www.youtube.com/channel/UCbzEo3V4jrYslgsDPXUV8-A,HOLD_NEEDS_CHANNEL_REVIEW,EXACT_CHANNEL_ID_REVIEW,False
youtube:UCc31qMp87wZnOpcxkQB7Prw,youtube,UCc31qMp87wZnOpcxkQB7Prw,เบลล์ / Belle [EC19 Projekt],https://www.youtube.com/channel/UCc31qMp87wZnOpcxkQB7Prw,HOLD_NEEDS_CHANNEL_REVIEW,NO_CHANNEL_ELIGIBILITY_REVIEW,False
youtube:UCc3SW0RuO0pK4n1jYmDvGKw,youtube,UCc3SW0RuO0pK4n1jYmDvGKw,Ariel | R.E.L's New Laboratory,https://www.youtube.com/channel/UCc3SW0RuO0pK4n1jYmDvGKw,HOLD_NEEDS_CHANNEL_REVIEW,NO_CHANNEL_ELIGIBILITY_REVIEW,False
youtube:UCc6hwdN1yu2QT9o4yIHUPnQ,youtube,UCc6hwdN1yu2QT9o4yIHUPnQ,Vermillion Ch. Flora Project,https://www.youtube.com/channel/UCc6hwdN1yu2QT9o4yIHUPnQ,HOLD_NEEDS_CHANNEL_REVIEW,NO_CHANNEL_ELIGIBILITY_REVIEW,False
youtube:UCc6ilVu6_FK9y_9qMMh4WMQ,youtube,UCc6ilVu6_FK9y_9qMMh4WMQ,PlatinumRankWrath | V-Storyteller,https://www.youtube.com/channel/UCc6ilVu6_FK9y_9qMMh4WMQ,HOLD_NEEDS_CHANNEL_REVIEW,NO_CHANNEL_ELIGIBILITY_REVIEW,False
youtube:UCc9W8GnDEHPNgt6eshaAvQw,youtube,UCc9W8GnDEHPNgt6eshaAvQw,Nirvana Ch.【ARP】,https://www.youtube.com/channel/UCc9W8GnDEHPNgt6eshaAvQw,HOLD_NEEDS_CHANNEL_REVIEW,NO_CHANNEL_ELIGIBILITY_REVIEW,False
youtube:UCcEeR95bngZpdswBuEWJ0DQ,youtube,UCcEeR95bngZpdswBuEWJ0DQ,QueenSkaði Ch.スカディ,https://www.youtube.com/channel/UCcEeR95bngZpdswBuEWJ0DQ,HOLD_NEEDS_CHANNEL_REVIEW,NO_CHANNEL_ELIGIBILITY_REVIEW,False
youtube:UCcG3H4vlPyThp_yQpySo0gw,youtube,UCcG3H4vlPyThp_yQpySo0gw,Buruki Ch,https://www.youtube.com/channel/UCcG3H4vlPyThp_yQpySo0gw,HOLD_NEEDS_CHANNEL_REVIEW,NO_CHANNEL_ELIGIBILITY_REVIEW,False
youtube:UCcJnP0qoimAQg8L3sTJ1O_Q,youtube,UCcJnP0qoimAQg8L3sTJ1O_Q,MeidayV.,https://www.youtube.com/channel/UCcJnP0qoimAQg8L3sTJ1O_Q,HOLD_NEEDS_CHANNEL_REVIEW,NO_CHANNEL_ELIGIBILITY_REVIEW,False
youtube:UCcKP-pSFONm5IMA-GdikUEQ,youtube,UCcKP-pSFONm5IMA-GdikUEQ,Salvatore Ch.『 VNV 』,https://www.youtube.com/channel/UCcKP-pSFONm5IMA-GdikUEQ,HOLD_NEEDS_CHANNEL_REVIEW,NO_CHANNEL_ELIGIBILITY_REVIEW,False
youtube:UCcKPhwmHkBGaYKBp50jPzzg,youtube,UCcKPhwmHkBGaYKBp50jPzzg,Venus Lapirus Ch.,https://www.youtube.com/channel/UCcKPhwmHkBGaYKBp50jPzzg,HOLD_NEEDS_CHANNEL_REVIEW,EXACT_CHANNEL_ID_REVIEW,False
youtube:UCcLO1hhvvD6AKtDayqDABpA,youtube,UCcLO1hhvvD6AKtDayqDABpA,MawMeow Channel / แมวเหมียว~,https://www.youtube.com/channel/UCcLO1hhvvD6AKtDayqDABpA,HOLD_NEEDS_CHANNEL_REVIEW,NO_CHANNEL_ELIGIBILITY_REVIEW,False
youtube:UCcRaKGCG3RFenb8D2php_Jw,youtube,UCcRaKGCG3RFenb8D2php_Jw,Pixela Official,https://www.youtube.com/channel/UCcRaKGCG3RFenb8D2php_Jw,HOLD_NEEDS_CHANNEL_REVIEW,NO_CHANNEL_ELIGIBILITY_REVIEW,False
youtube:UCcTGGIt4hirVXIxUHPxIvXw,youtube,UCcTGGIt4hirVXIxUHPxIvXw,Aya Leveru Ch.,https://www.youtube.com/channel/UCcTGGIt4hirVXIxUHPxIvXw,HOLD_NEEDS_CHANNEL_REVIEW,NO_CHANNEL_ELIGIBILITY_REVIEW,False
youtube:UCcbMfHO8TX8mQ9LEi4zs5Zw,youtube,UCcbMfHO8TX8mQ9LEi4zs5Zw,Gris Panthera Ch. ,https://www.youtube.com/channel/UCcbMfHO8TX8mQ9LEi4zs5Zw,HOLD_NEEDS_CHANNEL_REVIEW,NO_CHANNEL_ELIGIBILITY_REVIEW,False
youtube:UCcdu_2oQRES4yHL98BC4_fw,youtube,UCcdu_2oQRES4yHL98BC4_fw,Souji Roy,https://www.youtube.com/channel/UCcdu_2oQRES4yHL98BC4_fw,HOLD_NEEDS_CHANNEL_REVIEW,EXACT_CHANNEL_ID_REVIEW,False
youtube:UCcfkeut6fAXSfuT1AmFi2cA,youtube,UCcfkeut6fAXSfuT1AmFi2cA,Valkyrie Ch.,https://www.youtube.com/channel/UCcfkeut6fAXSfuT1AmFi2cA,HOLD_NEEDS_CHANNEL_REVIEW,NO_CHANNEL_ELIGIBILITY_REVIEW,False
youtube:UCcmmL4Bdgf1tvkAm8C57_rg,youtube,UCcmmL4Bdgf1tvkAm8C57_rg,Umi Uzagi Ch.,https://www.youtube.com/channel/UCcmmL4Bdgf1tvkAm8C57_rg,HOLD_NEEDS_CHANNEL_REVIEW,NO_CHANNEL_ELIGIBILITY_REVIEW,False
youtube:UCcrJWJBgpZ1A-EoFKqRRzOg,youtube,UCcrJWJBgpZ1A-EoFKqRRzOg,_AiRiTk_,https://www.youtube.com/channel/UCcrJWJBgpZ1A-EoFKqRRzOg,HOLD_NEEDS_CHANNEL_REVIEW,NO_CHANNEL_ELIGIBILITY_REVIEW,False
youtube:UCctSbuyO_J73eUqGUesZotw,youtube,UCctSbuyO_J73eUqGUesZotw,dtto's Empire,https://www.youtube.com/channel/UCctSbuyO_J73eUqGUesZotw,HOLD_NEEDS_CHANNEL_REVIEW,NO_CHANNEL_ELIGIBILITY_REVIEW,False
youtube:UCd6bx1YwqNRzfaMoMB5nOHg,youtube,UCd6bx1YwqNRzfaMoMB5nOHg,KYOYA KIERAN【SKR】,https://www.youtube.com/channel/UCd6bx1YwqNRzfaMoMB5nOHg,HOLD_NEEDS_CHANNEL_REVIEW,NO_CHANNEL_ELIGIBILITY_REVIEW,False
youtube:UCdGC8XH74o6QTavyXw-5q2w,youtube,UCdGC8XH74o6QTavyXw-5q2w,HoshiNa Vtuber Ch.,https://www.youtube.com/channel/UCdGC8XH74o6QTavyXw-5q2w,HOLD_NEEDS_CHANNEL_REVIEW,NO_CHANNEL_ELIGIBILITY_REVIEW,False
youtube:UCdVlryCezLzVh74qwUfrL6Q,youtube,UCdVlryCezLzVh74qwUfrL6Q,ฟ้อนดาวมาเล่า | Fondawl【RE:S】,https://www.youtube.com/channel/UCdVlryCezLzVh74qwUfrL6Q,HOLD_NEEDS_CHANNEL_REVIEW,NO_CHANNEL_ELIGIBILITY_REVIEW,False
youtube:UCdYlA3Qi1TnZwThS9Rb7dog,youtube,UCdYlA3Qi1TnZwThS9Rb7dog,JayloNy,https://www.youtube.com/channel/UCdYlA3Qi1TnZwThS9Rb7dog,HOLD_NEEDS_CHANNEL_REVIEW,NO_CHANNEL_ELIGIBILITY_REVIEW,False
youtube:UCddeSRGyCRq2K8k_NPprI-g,youtube,UCddeSRGyCRq2K8k_NPprI-g,Daichi Merinor ch. ◈BLB◈,https://www.youtube.com/channel/UCddeSRGyCRq2K8k_NPprI-g,HOLD_NEEDS_CHANNEL_REVIEW,NO_CHANNEL_ELIGIBILITY_REVIEW,False
youtube:UCdgjIr2R7jAjCO-62Y4nMoQ,youtube,UCdgjIr2R7jAjCO-62Y4nMoQ,Cyntia Ch.,https://www.youtube.com/channel/UCdgjIr2R7jAjCO-62Y4nMoQ,HOLD_NEEDS_CHANNEL_REVIEW,NO_CHANNEL_ELIGIBILITY_REVIEW,False
youtube:UCdlJxYXr4eh44NeCSjOe_Fg,youtube,UCdlJxYXr4eh44NeCSjOe_Fg,RainRem Ch. レーンレム,https://www.youtube.com/channel/UCdlJxYXr4eh44NeCSjOe_Fg,HOLD_NEEDS_CHANNEL_REVIEW,NO_CHANNEL_ELIGIBILITY_REVIEW,False
youtube:UCdlpXdGT3nGDTqIlxUcufCQ,youtube,UCdlpXdGT3nGDTqIlxUcufCQ,Doyser ,https://www.youtube.com/channel/UCdlpXdGT3nGDTqIlxUcufCQ,HOLD_NEEDS_CHANNEL_REVIEW,NO_CHANNEL_ELIGIBILITY_REVIEW,False
youtube:UCdlsSG0fa6l_BQ9otNkHjMg,youtube,UCdlsSG0fa6l_BQ9otNkHjMg,Ainam ch.,https://www.youtube.com/channel/UCdlsSG0fa6l_BQ9otNkHjMg,HOLD_NEEDS_CHANNEL_REVIEW,EXACT_CHANNEL_ID_REVIEW,False
youtube:UCdoQwqmi-QKjHOJnvg0wm4Q,youtube,UCdoQwqmi-QKjHOJnvg0wm4Q,xLazyYui,https://www.youtube.com/channel/UCdoQwqmi-QKjHOJnvg0wm4Q,HOLD_NEEDS_CHANNEL_REVIEW,NO_CHANNEL_ELIGIBILITY_REVIEW,False
youtube:UCdr7zWq0TdPTK-kp2hxUIVg,youtube,UCdr7zWq0TdPTK-kp2hxUIVg,X ZiLVA,https://www.youtube.com/channel/UCdr7zWq0TdPTK-kp2hxUIVg,HOLD_NEEDS_CHANNEL_REVIEW,NO_CHANNEL_ELIGIBILITY_REVIEW,False
youtube:UCdxaZWWFBl3N7Ollc3EwZAw,youtube,UCdxaZWWFBl3N7Ollc3EwZAw,White Sky Ch.,https://www.youtube.com/channel/UCdxaZWWFBl3N7Ollc3EwZAw,HOLD_NEEDS_CHANNEL_REVIEW,NO_CHANNEL_ELIGIBILITY_REVIEW,False
youtube:UCe33CjMy_3DqvmKMMqEjWDQ,youtube,UCe33CjMy_3DqvmKMMqEjWDQ,- Azuko - あずこ - Ch.,https://www.youtube.com/channel/UCe33CjMy_3DqvmKMMqEjWDQ,HOLD_NEEDS_CHANNEL_REVIEW,NO_CHANNEL_ELIGIBILITY_REVIEW,False
youtube:UCe7hiXgbk4K2XB677rqeOjA,youtube,UCe7hiXgbk4K2XB677rqeOjA,Kikii_TanSama CH.,https://www.youtube.com/channel/UCe7hiXgbk4K2XB677rqeOjA,HOLD_NEEDS_CHANNEL_REVIEW,NO_CHANNEL_ELIGIBILITY_REVIEW,False
youtube:UCe9-AfWL4jLg9CQC7QWa0_g,youtube,UCe9-AfWL4jLg9CQC7QWa0_g,MIKA'mu,https://www.youtube.com/channel/UCe9-AfWL4jLg9CQC7QWa0_g,HOLD_NEEDS_CHANNEL_REVIEW,NO_CHANNEL_ELIGIBILITY_REVIEW,False
youtube:UCe9JOhIANHHvJovOdv-0r8A,youtube,UCe9JOhIANHHvJovOdv-0r8A,MaëlFritz Channel ,https://www.youtube.com/channel/UCe9JOhIANHHvJovOdv-0r8A,HOLD_NEEDS_CHANNEL_REVIEW,NO_CHANNEL_ELIGIBILITY_REVIEW,False
youtube:UCeC8cJfqtHYl7w-0AoLApHQ,youtube,UCeC8cJfqtHYl7w-0AoLApHQ,Kathic Ch.13 [Vtuber],https://www.youtube.com/channel/UCeC8cJfqtHYl7w-0AoLApHQ,HOLD_NEEDS_CHANNEL_REVIEW,NO_CHANNEL_ELIGIBILITY_REVIEW,False
youtube:UCeI78GYlqHWzmWvjGmcjDsA,youtube,UCeI78GYlqHWzmWvjGmcjDsA,M4YA,https://www.youtube.com/channel/UCeI78GYlqHWzmWvjGmcjDsA,HOLD_NEEDS_CHANNEL_REVIEW,NO_CHANNEL_ELIGIBILITY_REVIEW,False
youtube:UCeKUKj8zu8QI_8Zidqgw1Kg,youtube,UCeKUKj8zu8QI_8Zidqgw1Kg,ConNeSe Plai,https://www.youtube.com/channel/UCeKUKj8zu8QI_8Zidqgw1Kg,HOLD_NEEDS_CHANNEL_REVIEW,NO_CHANNEL_ELIGIBILITY_REVIEW,False
youtube:UCeLJ2rBYZwPrb5hbKY5X5eg,youtube,UCeLJ2rBYZwPrb5hbKY5X5eg,Latta Ch.【ARP】,https://www.youtube.com/channel/UCeLJ2rBYZwPrb5hbKY5X5eg,HOLD_NEEDS_CHANNEL_REVIEW,NO_CHANNEL_ELIGIBILITY_REVIEW,False
youtube:UCeMd3ACzZD2sVn2fYYWcuMQ,youtube,UCeMd3ACzZD2sVn2fYYWcuMQ,Chermy Ch.,https://www.youtube.com/channel/UCeMd3ACzZD2sVn2fYYWcuMQ,HOLD_NEEDS_CHANNEL_REVIEW,EXACT_CHANNEL_ID_REVIEW,False
youtube:UCeTNHgOSMMFQTlWbJwpex_g,youtube,UCeTNHgOSMMFQTlWbJwpex_g,น้องมะม่วง TV,https://www.youtube.com/channel/UCeTNHgOSMMFQTlWbJwpex_g,HOLD_NEEDS_CHANNEL_REVIEW,NO_CHANNEL_ELIGIBILITY_REVIEW,False
youtube:UCeY7KQH92GvxRR4F0YWbknA,youtube,UCeY7KQH92GvxRR4F0YWbknA,Viorises,https://www.youtube.com/channel/UCeY7KQH92GvxRR4F0YWbknA,HOLD_NEEDS_CHANNEL_REVIEW,NO_CHANNEL_ELIGIBILITY_REVIEW,False
youtube:UCeogDPUhePBegonMId-BM_Q,youtube,UCeogDPUhePBegonMId-BM_Q,Holie Ch.,https://www.youtube.com/channel/UCeogDPUhePBegonMId-BM_Q,HOLD_NEEDS_CHANNEL_REVIEW,NO_CHANNEL_ELIGIBILITY_REVIEW,False
youtube:UCepIXUC8KUvonowbahgMsQA,youtube,UCepIXUC8KUvonowbahgMsQA,Tho Rok Rok,https://www.youtube.com/channel/UCepIXUC8KUvonowbahgMsQA,HOLD_NEEDS_CHANNEL_REVIEW,NO_CHANNEL_ELIGIBILITY_REVIEW,False
youtube:UCepQ5leDU2_KgTVOsD4so7A,youtube,UCepQ5leDU2_KgTVOsD4so7A,ManaPTマナーVtuber,https://www.youtube.com/channel/UCepQ5leDU2_KgTVOsD4so7A,HOLD_NEEDS_CHANNEL_REVIEW,NO_CHANNEL_ELIGIBILITY_REVIEW,False
youtube:UCeze7PeKkKYEkDmdPuNQOhQ,youtube,UCeze7PeKkKYEkDmdPuNQOhQ,SeaU Ch.【CRA】,https://www.youtube.com/channel/UCeze7PeKkKYEkDmdPuNQOhQ,HOLD_NEEDS_CHANNEL_REVIEW,NO_CHANNEL_ELIGIBILITY_REVIEW,False
youtube:UCf-29F7w_0xRTXVDFol0spQ,youtube,UCf-29F7w_0xRTXVDFol0spQ,Roxzy ロキジー,https://www.youtube.com/channel/UCf-29F7w_0xRTXVDFol0spQ,HOLD_NEEDS_CHANNEL_REVIEW,NO_CHANNEL_ELIGIBILITY_REVIEW,False
youtube:UCf-P7yTlHAJlVwxzwHu915Q,youtube,UCf-P7yTlHAJlVwxzwHu915Q,NancyGimme2000,https://www.youtube.com/channel/UCf-P7yTlHAJlVwxzwHu915Q,HOLD_NEEDS_CHANNEL_REVIEW,NO_CHANNEL_ELIGIBILITY_REVIEW,False
youtube:UCf0WmZk5F5_1Qm9CNgEZNuA,youtube,UCf0WmZk5F5_1Qm9CNgEZNuA,WATCH,https://www.youtube.com/channel/UCf0WmZk5F5_1Qm9CNgEZNuA,HOLD_NEEDS_CHANNEL_REVIEW,NO_CHANNEL_ELIGIBILITY_REVIEW,False
youtube:UCf1aJaf0L0SXieSscG0qA9A,youtube,UCf1aJaf0L0SXieSscG0qA9A,Miyao Ch. 夏日みやお,https://www.youtube.com/channel/UCf1aJaf0L0SXieSscG0qA9A,HOLD_NEEDS_CHANNEL_REVIEW,EXACT_CHANNEL_ID_REVIEW,False
youtube:UCf4ma6wZwlPor4Q9uvHUvDQ,youtube,UCf4ma6wZwlPor4Q9uvHUvDQ,Xenon PhaneJohn 🐊💧,https://www.youtube.com/channel/UCf4ma6wZwlPor4Q9uvHUvDQ,HOLD_NEEDS_CHANNEL_REVIEW,NO_CHANNEL_ELIGIBILITY_REVIEW,False
youtube:UCfDCemDzrBpQoZMIajLeI-w,youtube,UCfDCemDzrBpQoZMIajLeI-w,Okami Hito CH【APD】,https://www.youtube.com/channel/UCfDCemDzrBpQoZMIajLeI-w,HOLD_NEEDS_CHANNEL_REVIEW,NO_CHANNEL_ELIGIBILITY_REVIEW,False
youtube:UCfEcgIyELdrDcSbH6frZslg,youtube,UCfEcgIyELdrDcSbH6frZslg,Keiji,https://www.youtube.com/channel/UCfEcgIyELdrDcSbH6frZslg,HOLD_NEEDS_CHANNEL_REVIEW,NO_CHANNEL_ELIGIBILITY_REVIEW,False
youtube:UCfI5PfgpNZ3a2p7MS-m5gPA,youtube,UCfI5PfgpNZ3a2p7MS-m5gPA,Ponpun.,https://www.youtube.com/channel/UCfI5PfgpNZ3a2p7MS-m5gPA,HOLD_NEEDS_CHANNEL_REVIEW,NO_CHANNEL_ELIGIBILITY_REVIEW,False
youtube:UCfIXIjmCUKMBdmB2EspTygw,youtube,UCfIXIjmCUKMBdmB2EspTygw,crazyghsot,https://www.youtube.com/channel/UCfIXIjmCUKMBdmB2EspTygw,HOLD_NEEDS_CHANNEL_REVIEW,NO_CHANNEL_ELIGIBILITY_REVIEW,False
youtube:UCfPOynlPffrryH8JAsHOmJA,youtube,UCfPOynlPffrryH8JAsHOmJA,it’s hi Ch.【ARP】,https://www.youtube.com/channel/UCfPOynlPffrryH8JAsHOmJA,HOLD_NEEDS_CHANNEL_REVIEW,NO_CHANNEL_ELIGIBILITY_REVIEW,False
youtube:UCfS5hs5aCCN3rijKpXjuddg,youtube,UCfS5hs5aCCN3rijKpXjuddg,Simon von Crucisburg,https://www.youtube.com/channel/UCfS5hs5aCCN3rijKpXjuddg,HOLD_NEEDS_CHANNEL_REVIEW,NO_CHANNEL_ELIGIBILITY_REVIEW,False
youtube:UCfSvuVrYSKM3RgdEjl7iVxQ,youtube,UCfSvuVrYSKM3RgdEjl7iVxQ,Wornlity「 PRD 」,https://www.youtube.com/channel/UCfSvuVrYSKM3RgdEjl7iVxQ,HOLD_NEEDS_CHANNEL_REVIEW,NO_CHANNEL_ELIGIBILITY_REVIEW,False
youtube:UCfaZG-sf7NrY3RBmoHBSOcg,youtube,UCfaZG-sf7NrY3RBmoHBSOcg,Oatsukaresan「ECR」,https://www.youtube.com/channel/UCfaZG-sf7NrY3RBmoHBSOcg,HOLD_NEEDS_CHANNEL_REVIEW,NO_CHANNEL_ELIGIBILITY_REVIEW,False
youtube:UCfcNIwkAhHcDTP1rQg2n5nw,youtube,UCfcNIwkAhHcDTP1rQg2n5nw,Tiara Rexa Ch. 【POLYGON】,https://www.youtube.com/channel/UCfcNIwkAhHcDTP1rQg2n5nw,HOLD_NEEDS_CHANNEL_REVIEW,NO_CHANNEL_ELIGIBILITY_REVIEW,False
youtube:UCfpH7l2htEr8t_l6D3MbLpQ,youtube,UCfpH7l2htEr8t_l6D3MbLpQ,NokiZen,https://www.youtube.com/channel/UCfpH7l2htEr8t_l6D3MbLpQ,HOLD_NEEDS_CHANNEL_REVIEW,EXACT_CHANNEL_ID_REVIEW,False
youtube:UCfsp8STf-CwUzDXVLwWiiPA,youtube,UCfsp8STf-CwUzDXVLwWiiPA,GusBearTuber,https://www.youtube.com/channel/UCfsp8STf-CwUzDXVLwWiiPA,HOLD_NEEDS_CHANNEL_REVIEW,NO_CHANNEL_ELIGIBILITY_REVIEW,False
youtube:UCfuH_6QxAjJXM_9q8-iRqQQ,youtube,UCfuH_6QxAjJXM_9q8-iRqQQ,ryuq,https://www.youtube.com/channel/UCfuH_6QxAjJXM_9q8-iRqQQ,HOLD_NEEDS_CHANNEL_REVIEW,NO_CHANNEL_ELIGIBILITY_REVIEW,False
youtube:UCfw10eIAXlZOWbJAZBySdcA,youtube,UCfw10eIAXlZOWbJAZBySdcA,Zeno,https://www.youtube.com/channel/UCfw10eIAXlZOWbJAZBySdcA,HOLD_NEEDS_CHANNEL_REVIEW,NO_CHANNEL_ELIGIBILITY_REVIEW,False
youtube:UCfx7DcAIytFlHnLK3riX7BQ,youtube,UCfx7DcAIytFlHnLK3riX7BQ,สกาว พี่สาวออฟฟิศ,https://www.youtube.com/channel/UCfx7DcAIytFlHnLK3riX7BQ,HOLD_NEEDS_CHANNEL_REVIEW,NO_CHANNEL_ELIGIBILITY_REVIEW,False
youtube:UCfxVeSpEx_K1VwHIcdNX0rw,youtube,UCfxVeSpEx_K1VwHIcdNX0rw,BOOKGAMER,https://www.youtube.com/channel/UCfxVeSpEx_K1VwHIcdNX0rw,HOLD_NEEDS_CHANNEL_REVIEW,EXACT_CHANNEL_ID_REVIEW,False
youtube:UCg--DR1FShlr9BKjJ9OQc5g,youtube,UCg--DR1FShlr9BKjJ9OQc5g,Vina Olivia Ch.,https://www.youtube.com/channel/UCg--DR1FShlr9BKjJ9OQc5g,HOLD_NEEDS_CHANNEL_REVIEW,EXACT_CHANNEL_ID_REVIEW,False
youtube:UCg1lfyLDBsy0INi17egh6IA,youtube,UCg1lfyLDBsy0INi17egh6IA,Enri Ch.,https://www.youtube.com/channel/UCg1lfyLDBsy0INi17egh6IA,HOLD_NEEDS_CHANNEL_REVIEW,NO_CHANNEL_ELIGIBILITY_REVIEW,False
youtube:UCg53fzp6UNYvsyAg8UoNXCA,youtube,UCg53fzp6UNYvsyAg8UoNXCA,Draki Kona Ch. Lumina-First-Myth,https://www.youtube.com/channel/UCg53fzp6UNYvsyAg8UoNXCA,HOLD_NEEDS_CHANNEL_REVIEW,NO_CHANNEL_ELIGIBILITY_REVIEW,False
youtube:UCg7LMUxDiwIDngWPjo60iTw,youtube,UCg7LMUxDiwIDngWPjo60iTw,Killian Mare,https://www.youtube.com/channel/UCg7LMUxDiwIDngWPjo60iTw,HOLD_NEEDS_CHANNEL_REVIEW,NO_CHANNEL_ELIGIBILITY_REVIEW,False
youtube:UCgJiSmkfl1jCbczrs6kDWVw,youtube,UCgJiSmkfl1jCbczrs6kDWVw,DuziHa DuDu Ch.,https://www.youtube.com/channel/UCgJiSmkfl1jCbczrs6kDWVw,HOLD_NEEDS_CHANNEL_REVIEW,NO_CHANNEL_ELIGIBILITY_REVIEW,False
youtube:UCgLadXz0sJbHQL98eoAd9ag,youtube,UCgLadXz0sJbHQL98eoAd9ag,【graduated】Ice Shirakoi Ch. / AStars Amakara,https://www.youtube.com/channel/UCgLadXz0sJbHQL98eoAd9ag,HOLD_NEEDS_CHANNEL_REVIEW,EXACT_CHANNEL_ID_REVIEW,False
youtube:UCgM2ZDG20kYbeYrG1wy1MSQ,youtube,UCgM2ZDG20kYbeYrG1wy1MSQ,Norma Ch.,https://www.youtube.com/channel/UCgM2ZDG20kYbeYrG1wy1MSQ,HOLD_NEEDS_CHANNEL_REVIEW,EXACT_CHANNEL_ID_REVIEW,False
youtube:UCgMHb11ydIWSAgvzrxOPjRg,youtube,UCgMHb11ydIWSAgvzrxOPjRg,Arcanon Tarotar Ch. Lumina-Mutelu,https://www.youtube.com/channel/UCgMHb11ydIWSAgvzrxOPjRg,HOLD_NEEDS_CHANNEL_REVIEW,NO_CHANNEL_ELIGIBILITY_REVIEW,False
youtube:UCgQHTHlOXAX0PEVBeHTlSnA,youtube,UCgQHTHlOXAX0PEVBeHTlSnA,Nero Ch.《CodeCreation》,https://www.youtube.com/channel/UCgQHTHlOXAX0PEVBeHTlSnA,HOLD_NEEDS_CHANNEL_REVIEW,EXACT_CHANNEL_ID_REVIEW,False
youtube:UCgRxjdx4-ZMtmhjyl2N27nw,youtube,UCgRxjdx4-ZMtmhjyl2N27nw,Blinkdraws ,https://www.youtube.com/channel/UCgRxjdx4-ZMtmhjyl2N27nw,HOLD_NEEDS_CHANNEL_REVIEW,NO_CHANNEL_ELIGIBILITY_REVIEW,False
youtube:UCgSsXxQ71nScJ-GIc90ZkYw,youtube,UCgSsXxQ71nScJ-GIc90ZkYw,Cerafine Mikael Ch. Lumina-First-Myth,https://www.youtube.com/channel/UCgSsXxQ71nScJ-GIc90ZkYw,HOLD_NEEDS_CHANNEL_REVIEW,NO_CHANNEL_ELIGIBILITY_REVIEW,False
youtube:UCgfEMiBgW-JSS3qksegDo3Q,youtube,UCgfEMiBgW-JSS3qksegDo3Q,Rlanzshino,https://www.youtube.com/channel/UCgfEMiBgW-JSS3qksegDo3Q,HOLD_NEEDS_CHANNEL_REVIEW,NO_CHANNEL_ELIGIBILITY_REVIEW,False
youtube:UCghRTkqCoqGGmq9s8z7muLg,youtube,UCghRTkqCoqGGmq9s8z7muLg,G RED,https://www.youtube.com/channel/UCghRTkqCoqGGmq9s8z7muLg,HOLD_NEEDS_CHANNEL_REVIEW,NO_CHANNEL_ELIGIBILITY_REVIEW,False
youtube:UCgiEVQfolrB4MExyzxq_L5Q,youtube,UCgiEVQfolrB4MExyzxq_L5Q,AquaMarinia 【BLP】,https://www.youtube.com/channel/UCgiEVQfolrB4MExyzxq_L5Q,HOLD_NEEDS_CHANNEL_REVIEW,EXACT_CHANNEL_ID_REVIEW,False
youtube:UCgkQ3ELvRzik3JDfc4o4S_g,youtube,UCgkQ3ELvRzik3JDfc4o4S_g,Mor9an ՞·ᴥ·՞ (มอร์แกน)『VFree』,https://www.youtube.com/channel/UCgkQ3ELvRzik3JDfc4o4S_g,HOLD_NEEDS_CHANNEL_REVIEW,NO_CHANNEL_ELIGIBILITY_REVIEW,False
youtube:UCgnavpGZUMzWODQB_daHZbQ,youtube,UCgnavpGZUMzWODQB_daHZbQ,Listen Ch.【ARP】,https://www.youtube.com/channel/UCgnavpGZUMzWODQB_daHZbQ,HOLD_NEEDS_CHANNEL_REVIEW,NO_CHANNEL_ELIGIBILITY_REVIEW,False
youtube:UCgq-rIElYiBFQnxgMnkojwg,youtube,UCgq-rIElYiBFQnxgMnkojwg,Padzang Channel,https://www.youtube.com/channel/UCgq-rIElYiBFQnxgMnkojwg,HOLD_NEEDS_CHANNEL_REVIEW,NO_CHANNEL_ELIGIBILITY_REVIEW,False
youtube:UCgqsGN6McgMtc-Xz50MsG9w,youtube,UCgqsGN6McgMtc-Xz50MsG9w,Uniwii Ch.【ARP】,https://www.youtube.com/channel/UCgqsGN6McgMtc-Xz50MsG9w,HOLD_NEEDS_CHANNEL_REVIEW,NO_CHANNEL_ELIGIBILITY_REVIEW,False
youtube:UCgwH2no530s8Ios2doKELKw,youtube,UCgwH2no530s8Ios2doKELKw,DanDan,https://www.youtube.com/channel/UCgwH2no530s8Ios2doKELKw,HOLD_NEEDS_CHANNEL_REVIEW,EXACT_CHANNEL_ID_REVIEW,False
youtube:UCgxuLWOuU5QX8ReEFthb_lA,youtube,UCgxuLWOuU5QX8ReEFthb_lA,อยากเปลี่ยนชื่ออะ อดีตตามหลอกหลอนอย่างมาก,https://www.youtube.com/channel/UCgxuLWOuU5QX8ReEFthb_lA,HOLD_NEEDS_CHANNEL_REVIEW,NO_CHANNEL_ELIGIBILITY_REVIEW,False
youtube:UCgyDesMB7dtmRf5O8WCbsgQ,youtube,UCgyDesMB7dtmRf5O8WCbsgQ,Fynn Ch.,https://www.youtube.com/channel/UCgyDesMB7dtmRf5O8WCbsgQ,HOLD_NEEDS_CHANNEL_REVIEW,NO_CHANNEL_ELIGIBILITY_REVIEW,False
youtube:UCh-ktlPulzCBs5S1Ynk3UOg,youtube,UCh-ktlPulzCBs5S1Ynk3UOg,Faye Ashefort,https://www.youtube.com/channel/UCh-ktlPulzCBs5S1Ynk3UOg,HOLD_NEEDS_CHANNEL_REVIEW,NO_CHANNEL_ELIGIBILITY_REVIEW,False
youtube:UCh27XHdphGUo6meLoVblIoQ,youtube,UCh27XHdphGUo6meLoVblIoQ,Kevara ch. Euphora,https://www.youtube.com/channel/UCh27XHdphGUo6meLoVblIoQ,HOLD_NEEDS_CHANNEL_REVIEW,NO_CHANNEL_ELIGIBILITY_REVIEW,False
youtube:UCh3KvFEZOwMfaFYMzvdznRA,youtube,UCh3KvFEZOwMfaFYMzvdznRA,Kyofu Akari Ch.,https://www.youtube.com/channel/UCh3KvFEZOwMfaFYMzvdznRA,HOLD_NEEDS_CHANNEL_REVIEW,NO_CHANNEL_ELIGIBILITY_REVIEW,False
youtube:UCh4SV9jjhMTFd8QRBh0IegA,youtube,UCh4SV9jjhMTFd8QRBh0IegA,Cream Stew,https://www.youtube.com/channel/UCh4SV9jjhMTFd8QRBh0IegA,HOLD_NEEDS_CHANNEL_REVIEW,NO_CHANNEL_ELIGIBILITY_REVIEW,False
youtube:UChAhP23slVdjdrpt4aRukIw,youtube,UChAhP23slVdjdrpt4aRukIw,Daddy Evil Ch.,https://www.youtube.com/channel/UChAhP23slVdjdrpt4aRukIw,HOLD_NEEDS_CHANNEL_REVIEW,NO_CHANNEL_ELIGIBILITY_REVIEW,False
youtube:UChDf-gzKsx3l4_NUvAB12Lw,youtube,UChDf-gzKsx3l4_NUvAB12Lw,AstralKami Ch.,https://www.youtube.com/channel/UChDf-gzKsx3l4_NUvAB12Lw,HOLD_NEEDS_CHANNEL_REVIEW,NO_CHANNEL_ELIGIBILITY_REVIEW,False
youtube:UChF6_MAcqWD8q-mnRoDViEQ,youtube,UChF6_MAcqWD8q-mnRoDViEQ,KNIGHT BARLET Ch.,https://www.youtube.com/channel/UChF6_MAcqWD8q-mnRoDViEQ,HOLD_NEEDS_CHANNEL_REVIEW,NO_CHANNEL_ELIGIBILITY_REVIEW,False
youtube:UChNALrBJanqhbKasT0tgajQ,youtube,UChNALrBJanqhbKasT0tgajQ,Honoru Ch. โฮโนรุ,https://www.youtube.com/channel/UChNALrBJanqhbKasT0tgajQ,HOLD_NEEDS_CHANNEL_REVIEW,NO_CHANNEL_ELIGIBILITY_REVIEW,False
youtube:UChNrxGsRq7xpntwWcI-h5Hg,youtube,UChNrxGsRq7xpntwWcI-h5Hg,Yuitoku Ch.,https://www.youtube.com/channel/UChNrxGsRq7xpntwWcI-h5Hg,HOLD_NEEDS_CHANNEL_REVIEW,NO_CHANNEL_ELIGIBILITY_REVIEW,False
youtube:UChSGIJlrLUI1UVds38w2Obg,youtube,UChSGIJlrLUI1UVds38w2Obg,Leon Ch.,https://www.youtube.com/channel/UChSGIJlrLUI1UVds38w2Obg,HOLD_NEEDS_CHANNEL_REVIEW,NO_CHANNEL_ELIGIBILITY_REVIEW,False
youtube:UChW_l65xozteVRme3mFE0Jg,youtube,UChW_l65xozteVRme3mFE0Jg,Melantha Vtopia,https://www.youtube.com/channel/UChW_l65xozteVRme3mFE0Jg,HOLD_NEEDS_CHANNEL_REVIEW,NO_CHANNEL_ELIGIBILITY_REVIEW,False
youtube:UChd2cJe7HuTYbZGkOO-QKwg,youtube,UChd2cJe7HuTYbZGkOO-QKwg,Xen Ch. 【Ti19t】,https://www.youtube.com/channel/UChd2cJe7HuTYbZGkOO-QKwg,HOLD_NEEDS_CHANNEL_REVIEW,NO_CHANNEL_ELIGIBILITY_REVIEW,False
youtube:UChgVLsZjY0Pzzm5CZ-8a6MQ,youtube,UChgVLsZjY0Pzzm5CZ-8a6MQ,PingPingko【REC】,https://www.youtube.com/channel/UChgVLsZjY0Pzzm5CZ-8a6MQ,HOLD_NEEDS_CHANNEL_REVIEW,NO_CHANNEL_ELIGIBILITY_REVIEW,False
youtube:UChgltsIqf_o4bFSKd9dVE5A,youtube,UChgltsIqf_o4bFSKd9dVE5A,Ramirez Svensons,https://www.youtube.com/channel/UChgltsIqf_o4bFSKd9dVE5A,HOLD_NEEDS_CHANNEL_REVIEW,NO_CHANNEL_ELIGIBILITY_REVIEW,False
youtube:UChmC0OWdqJFyrdKQtseamJA,youtube,UChmC0OWdqJFyrdKQtseamJA,Killa ch.,https://www.youtube.com/channel/UChmC0OWdqJFyrdKQtseamJA,HOLD_NEEDS_CHANNEL_REVIEW,NO_CHANNEL_ELIGIBILITY_REVIEW,False
youtube:UCi0lsSeXkSUuFwWTdhk73IA,youtube,UCi0lsSeXkSUuFwWTdhk73IA,Homooto the gang (โฮมู่โตะ),https://www.youtube.com/channel/UCi0lsSeXkSUuFwWTdhk73IA,HOLD_NEEDS_CHANNEL_REVIEW,NO_CHANNEL_ELIGIBILITY_REVIEW,False
youtube:UCi201iDULX3c5VXIlh65zOA,youtube,UCi201iDULX3c5VXIlh65zOA,Bunnieskisses ch. | VtuberTH,https://www.youtube.com/channel/UCi201iDULX3c5VXIlh65zOA,HOLD_NEEDS_CHANNEL_REVIEW,NO_CHANNEL_ELIGIBILITY_REVIEW,False
youtube:UCi2T9exDdJRTsxL1vnNV9gQ,youtube,UCi2T9exDdJRTsxL1vnNV9gQ,Nanino Channel,https://www.youtube.com/channel/UCi2T9exDdJRTsxL1vnNV9gQ,HOLD_NEEDS_CHANNEL_REVIEW,NO_CHANNEL_ELIGIBILITY_REVIEW,False
youtube:UCiFkwxPLkte3F9h7cgo3tOg,youtube,UCiFkwxPLkte3F9h7cgo3tOg,DubeDuck ,https://www.youtube.com/channel/UCiFkwxPLkte3F9h7cgo3tOg,HOLD_NEEDS_CHANNEL_REVIEW,NO_CHANNEL_ELIGIBILITY_REVIEW,False
youtube:UCiG3hDSyLNx-tani2z03_Zg,youtube,UCiG3hDSyLNx-tani2z03_Zg,AmiLLy,https://www.youtube.com/channel/UCiG3hDSyLNx-tani2z03_Zg,HOLD_NEEDS_CHANNEL_REVIEW,EXACT_CHANNEL_ID_REVIEW,False
youtube:UCiK62ZOsD7vMwTw0MJiYDLw,youtube,UCiK62ZOsD7vMwTw0MJiYDLw,Kikuhara Himegu Ch.,https://www.youtube.com/channel/UCiK62ZOsD7vMwTw0MJiYDLw,HOLD_NEEDS_CHANNEL_REVIEW,NO_CHANNEL_ELIGIBILITY_REVIEW,False
youtube:UCiM8hgTBL6sBMugCDBlij6A,youtube,UCiM8hgTBL6sBMugCDBlij6A,Sen Koretane Ch.,https://www.youtube.com/channel/UCiM8hgTBL6sBMugCDBlij6A,HOLD_NEEDS_CHANNEL_REVIEW,NO_CHANNEL_ELIGIBILITY_REVIEW,False
youtube:UCiVx0R2pqr8Zg-tivdPDgig,youtube,UCiVx0R2pqr8Zg-tivdPDgig,Sarnna Black Herbilrah |【SH】,https://www.youtube.com/channel/UCiVx0R2pqr8Zg-tivdPDgig,HOLD_NEEDS_CHANNEL_REVIEW,NO_CHANNEL_ELIGIBILITY_REVIEW,False
youtube:UCiYFmDfFBoAP2yk9yuXBTTg,youtube,UCiYFmDfFBoAP2yk9yuXBTTg,S1R Ch.【ARP】,https://www.youtube.com/channel/UCiYFmDfFBoAP2yk9yuXBTTg,HOLD_NEEDS_CHANNEL_REVIEW,NO_CHANNEL_ELIGIBILITY_REVIEW,False
youtube:UCiZG4hoElnNYefqCSu5MC5A,youtube,UCiZG4hoElnNYefqCSu5MC5A,Midori,https://www.youtube.com/channel/UCiZG4hoElnNYefqCSu5MC5A,HOLD_NEEDS_CHANNEL_REVIEW,NO_CHANNEL_ELIGIBILITY_REVIEW,False
youtube:UCiZyQDO7v9UY_-Q24VsSLlQ,youtube,UCiZyQDO7v9UY_-Q24VsSLlQ,Antolnette the Magnificent Ch. Lumina-Muse,https://www.youtube.com/channel/UCiZyQDO7v9UY_-Q24VsSLlQ,HOLD_NEEDS_CHANNEL_REVIEW,NO_CHANNEL_ELIGIBILITY_REVIEW,False
youtube:UCiayPBsTG18EBsORDWmBOXQ,youtube,UCiayPBsTG18EBsORDWmBOXQ,VitaOvO💊,https://www.youtube.com/channel/UCiayPBsTG18EBsORDWmBOXQ,HOLD_NEEDS_CHANNEL_REVIEW,EXACT_CHANNEL_ID_REVIEW,False
youtube:UCiggUCFZrCho_ZtAMxSYx0Q,youtube,UCiggUCFZrCho_ZtAMxSYx0Q,AlexisWolf,https://www.youtube.com/channel/UCiggUCFZrCho_ZtAMxSYx0Q,HOLD_NEEDS_CHANNEL_REVIEW,NO_CHANNEL_ELIGIBILITY_REVIEW,False
youtube:UCihXBP7iwDIIkzbTbUR4jXg,youtube,UCihXBP7iwDIIkzbTbUR4jXg,Krynaydin 「ZTP」,https://www.youtube.com/channel/UCihXBP7iwDIIkzbTbUR4jXg,HOLD_NEEDS_CHANNEL_REVIEW,NO_CHANNEL_ELIGIBILITY_REVIEW,False
youtube:UCikyhPyuEu3rn1izGOGxZcg,youtube,UCikyhPyuEu3rn1izGOGxZcg,Aranis Elvene Ch. Pixela-Isekai,https://www.youtube.com/channel/UCikyhPyuEu3rn1izGOGxZcg,HOLD_NEEDS_CHANNEL_REVIEW,NO_CHANNEL_ELIGIBILITY_REVIEW,False
youtube:UCivtAz2MHfiy-HC0VW9fR2Q,youtube,UCivtAz2MHfiy-HC0VW9fR2Q,วาฬ くじら,https://www.youtube.com/channel/UCivtAz2MHfiy-HC0VW9fR2Q,HOLD_NEEDS_CHANNEL_REVIEW,NO_CHANNEL_ELIGIBILITY_REVIEW,False
youtube:UCj0_mU0sUlDnVfoaOT6ve_A,youtube,UCj0_mU0sUlDnVfoaOT6ve_A,เคอเรนเซียวีปกติɞ,https://www.youtube.com/channel/UCj0_mU0sUlDnVfoaOT6ve_A,HOLD_NEEDS_CHANNEL_REVIEW,NO_CHANNEL_ELIGIBILITY_REVIEW,False
youtube:UCj3jRZ4HHn1hZtwzs5Sw2KQ,youtube,UCj3jRZ4HHn1hZtwzs5Sw2KQ,- BURN -,https://www.youtube.com/channel/UCj3jRZ4HHn1hZtwzs5Sw2KQ,HOLD_NEEDS_CHANNEL_REVIEW,NO_CHANNEL_ELIGIBILITY_REVIEW,False
youtube:UCjD3GQq05AJ2Hwh0wDkiV4w,youtube,UCjD3GQq05AJ2Hwh0wDkiV4w,CIEL Chouette ch. Euphora,https://www.youtube.com/channel/UCjD3GQq05AJ2Hwh0wDkiV4w,HOLD_NEEDS_CHANNEL_REVIEW,NO_CHANNEL_ELIGIBILITY_REVIEW,False
youtube:UCjGFO21Jia-O4vL-KSHO44Q,youtube,UCjGFO21Jia-O4vL-KSHO44Q,Odiare Ch ,https://www.youtube.com/channel/UCjGFO21Jia-O4vL-KSHO44Q,HOLD_NEEDS_CHANNEL_REVIEW,NO_CHANNEL_ELIGIBILITY_REVIEW,False
youtube:UCjIqzPdepT_59R3_pBlERxg,youtube,UCjIqzPdepT_59R3_pBlERxg,PandaSensi,https://www.youtube.com/channel/UCjIqzPdepT_59R3_pBlERxg,HOLD_NEEDS_CHANNEL_REVIEW,NO_CHANNEL_ELIGIBILITY_REVIEW,False
youtube:UCjK-ZpWlurxanrP62Di8HkA,youtube,UCjK-ZpWlurxanrP62Di8HkA,Momay infinite,https://www.youtube.com/channel/UCjK-ZpWlurxanrP62Di8HkA,HOLD_NEEDS_CHANNEL_REVIEW,NO_CHANNEL_ELIGIBILITY_REVIEW,False
youtube:UCjNcr0lsW_G8u6zJjjHlBXw,youtube,UCjNcr0lsW_G8u6zJjjHlBXw,Veena - OWG,https://www.youtube.com/channel/UCjNcr0lsW_G8u6zJjjHlBXw,HOLD_NEEDS_CHANNEL_REVIEW,EXACT_CHANNEL_ID_REVIEW,False
youtube:UCjQS71kGf-Ph6uy08IEG2bg,youtube,UCjQS71kGf-Ph6uy08IEG2bg,WalkyTalky Vber Ch.,https://www.youtube.com/channel/UCjQS71kGf-Ph6uy08IEG2bg,HOLD_NEEDS_CHANNEL_REVIEW,NO_CHANNEL_ELIGIBILITY_REVIEW,False
youtube:UCjQxLH9yqYXowVtH7a-6L-Q,youtube,UCjQxLH9yqYXowVtH7a-6L-Q,MikuRu-0 Project,https://www.youtube.com/channel/UCjQxLH9yqYXowVtH7a-6L-Q,HOLD_NEEDS_CHANNEL_REVIEW,NO_CHANNEL_ELIGIBILITY_REVIEW,False
youtube:UCjRhcXQcLp0Zz08tE_-DX-w,youtube,UCjRhcXQcLp0Zz08tE_-DX-w,SCSugarZ.,https://www.youtube.com/channel/UCjRhcXQcLp0Zz08tE_-DX-w,HOLD_NEEDS_CHANNEL_REVIEW,NO_CHANNEL_ELIGIBILITY_REVIEW,False
youtube:UCjeOlTHXWFsFfQ6o6Y_Dlsw,youtube,UCjeOlTHXWFsFfQ6o6Y_Dlsw,MaewLham,https://www.youtube.com/channel/UCjeOlTHXWFsFfQ6o6Y_Dlsw,HOLD_NEEDS_CHANNEL_REVIEW,NO_CHANNEL_ELIGIBILITY_REVIEW,False
youtube:UCjgbkv8rEi3oBPjhsCRUWsA,youtube,UCjgbkv8rEi3oBPjhsCRUWsA,Shunka INE [NEX],https://www.youtube.com/channel/UCjgbkv8rEi3oBPjhsCRUWsA,HOLD_NEEDS_CHANNEL_REVIEW,NO_CHANNEL_ELIGIBILITY_REVIEW,False
youtube:UCjgyitv53-dae3SMkKwruGw,youtube,UCjgyitv53-dae3SMkKwruGw,MELBEZ,https://www.youtube.com/channel/UCjgyitv53-dae3SMkKwruGw,HOLD_NEEDS_CHANNEL_REVIEW,NO_CHANNEL_ELIGIBILITY_REVIEW,False
youtube:UCjiIfHN3nlU80_DgNz-5qlA,youtube,UCjiIfHN3nlU80_DgNz-5qlA,Mitsuki Vtuber,https://www.youtube.com/channel/UCjiIfHN3nlU80_DgNz-5qlA,HOLD_NEEDS_CHANNEL_REVIEW,NO_CHANNEL_ELIGIBILITY_REVIEW,False
youtube:UCjnKbgxO0tCXzNlSsnYjdyg,youtube,UCjnKbgxO0tCXzNlSsnYjdyg,Kerori Raika,https://www.youtube.com/channel/UCjnKbgxO0tCXzNlSsnYjdyg,HOLD_NEEDS_CHANNEL_REVIEW,NO_CHANNEL_ELIGIBILITY_REVIEW,False
youtube:UCjpsxqVVjdZWy5eW5-ZkbcA,youtube,UCjpsxqVVjdZWy5eW5-ZkbcA,Amnuai CH,https://www.youtube.com/channel/UCjpsxqVVjdZWy5eW5-ZkbcA,HOLD_NEEDS_CHANNEL_REVIEW,NO_CHANNEL_ELIGIBILITY_REVIEW,False
youtube:UCjr1VnM1LBRp9Ez2JGNndaA,youtube,UCjr1VnM1LBRp9Ez2JGNndaA,Aosora Popo Ch.,https://www.youtube.com/channel/UCjr1VnM1LBRp9Ez2JGNndaA,HOLD_NEEDS_CHANNEL_REVIEW,NO_CHANNEL_ELIGIBILITY_REVIEW,False
youtube:UCjrs5Sse402rafaOP-k37Xw,youtube,UCjrs5Sse402rafaOP-k37Xw,Sisira Hydrangea Ch. Pixela S,https://www.youtube.com/channel/UCjrs5Sse402rafaOP-k37Xw,HOLD_NEEDS_CHANNEL_REVIEW,NO_CHANNEL_ELIGIBILITY_REVIEW,False
youtube:UCjtjNwzYjmM3PQkMWTP3MNw,youtube,UCjtjNwzYjmM3PQkMWTP3MNw,Yusha | V.W.Y,https://www.youtube.com/channel/UCjtjNwzYjmM3PQkMWTP3MNw,HOLD_NEEDS_CHANNEL_REVIEW,NO_CHANNEL_ELIGIBILITY_REVIEW,False
youtube:UCjw7DQp5uNND5qMyyhtOpdQ,youtube,UCjw7DQp5uNND5qMyyhtOpdQ,RaFa DXD,https://www.youtube.com/channel/UCjw7DQp5uNND5qMyyhtOpdQ,HOLD_NEEDS_CHANNEL_REVIEW,NO_CHANNEL_ELIGIBILITY_REVIEW,False
youtube:UCk0bJC1-V_BIE-FY8qYrVQA,youtube,UCk0bJC1-V_BIE-FY8qYrVQA,Bingsujuseyo Ch.,https://www.youtube.com/channel/UCk0bJC1-V_BIE-FY8qYrVQA,HOLD_NEEDS_CHANNEL_REVIEW,EXACT_CHANNEL_ID_REVIEW,False
youtube:UCk1dqQF3v91PtquvzNf151g,youtube,UCk1dqQF3v91PtquvzNf151g,Aiboh Canis (ไอโบ),https://www.youtube.com/channel/UCk1dqQF3v91PtquvzNf151g,HOLD_NEEDS_CHANNEL_REVIEW,NO_CHANNEL_ELIGIBILITY_REVIEW,False
youtube:UCk5hcuReSItZee785U4jMDA,youtube,UCk5hcuReSItZee785U4jMDA,Dear_759TH ◤VTP◢,https://www.youtube.com/channel/UCk5hcuReSItZee785U4jMDA,HOLD_NEEDS_CHANNEL_REVIEW,EXACT_CHANNEL_ID_REVIEW,False
youtube:UCkDoqvUkpbGqskcODT-S0ag,youtube,UCkDoqvUkpbGqskcODT-S0ag,Fazia,https://www.youtube.com/channel/UCkDoqvUkpbGqskcODT-S0ag,HOLD_NEEDS_CHANNEL_REVIEW,NO_CHANNEL_ELIGIBILITY_REVIEW,False
youtube:UCkEcY4RbLYs2AF45nhkyjtw,youtube,UCkEcY4RbLYs2AF45nhkyjtw,Jolly Estaa Ch. Pixela-Isekai,https://www.youtube.com/channel/UCkEcY4RbLYs2AF45nhkyjtw,HOLD_NEEDS_CHANNEL_REVIEW,NO_CHANNEL_ELIGIBILITY_REVIEW,False
youtube:UCkEgF0BmvRD2QKETDKoIzdQ,youtube,UCkEgF0BmvRD2QKETDKoIzdQ,Fernis Esme,https://www.youtube.com/channel/UCkEgF0BmvRD2QKETDKoIzdQ,HOLD_NEEDS_CHANNEL_REVIEW,NO_CHANNEL_ELIGIBILITY_REVIEW,False
youtube:UCkFFuJTqPWwFZ5I0smL8NrQ,youtube,UCkFFuJTqPWwFZ5I0smL8NrQ,Aikon (ไอ่ก้อน) 〖ST〗,https://www.youtube.com/channel/UCkFFuJTqPWwFZ5I0smL8NrQ,HOLD_NEEDS_CHANNEL_REVIEW,NO_CHANNEL_ELIGIBILITY_REVIEW,False
youtube:UCkL-uaHGA8xe516I3y00OZA,youtube,UCkL-uaHGA8xe516I3y00OZA,IsitTime,https://www.youtube.com/channel/UCkL-uaHGA8xe516I3y00OZA,HOLD_NEEDS_CHANNEL_REVIEW,NO_CHANNEL_ELIGIBILITY_REVIEW,False
youtube:UCkLlWzLdsqNdEaW9QYRbZCw,youtube,UCkLlWzLdsqNdEaW9QYRbZCw,Zynlyp,https://www.youtube.com/channel/UCkLlWzLdsqNdEaW9QYRbZCw,HOLD_NEEDS_CHANNEL_REVIEW,NO_CHANNEL_ELIGIBILITY_REVIEW,False
youtube:UCkNTg_9AatcdDorXO0ijfYQ,youtube,UCkNTg_9AatcdDorXO0ijfYQ,Fuyu Kaida,https://www.youtube.com/channel/UCkNTg_9AatcdDorXO0ijfYQ,HOLD_NEEDS_CHANNEL_REVIEW,EXACT_CHANNEL_ID_REVIEW,False
youtube:UCkWqUSYGks1CqOcCm-zwfzw,youtube,UCkWqUSYGks1CqOcCm-zwfzw,Lalia,https://www.youtube.com/channel/UCkWqUSYGks1CqOcCm-zwfzw,HOLD_NEEDS_CHANNEL_REVIEW,EXACT_CHANNEL_ID_REVIEW,False
youtube:UCkfMOc9cpO2jNCQcr_9nnKw,youtube,UCkfMOc9cpO2jNCQcr_9nnKw,CcretRain [ FLAW project ],https://www.youtube.com/channel/UCkfMOc9cpO2jNCQcr_9nnKw,HOLD_NEEDS_CHANNEL_REVIEW,NO_CHANNEL_ELIGIBILITY_REVIEW,False
youtube:UCkjQ55wHjS7cQ9Xol9qW7Ow,youtube,UCkjQ55wHjS7cQ9Xol9qW7Ow,東雲こね / Shinonome Kone ⌜VZ⌟,https://www.youtube.com/channel/UCkjQ55wHjS7cQ9Xol9qW7Ow,HOLD_NEEDS_CHANNEL_REVIEW,NO_CHANNEL_ELIGIBILITY_REVIEW,False
youtube:UCklpP4KpgJdCfz4XVe0Nhvg,youtube,UCklpP4KpgJdCfz4XVe0Nhvg,PeachVTB Ch.,https://www.youtube.com/channel/UCklpP4KpgJdCfz4XVe0Nhvg,HOLD_NEEDS_CHANNEL_REVIEW,NO_CHANNEL_ELIGIBILITY_REVIEW,False
youtube:UCkmdieFgz-8jWHBE1OlucAA,youtube,UCkmdieFgz-8jWHBE1OlucAA,กลิ่นทอง | Klinthong 【RE:S】,https://www.youtube.com/channel/UCkmdieFgz-8jWHBE1OlucAA,HOLD_NEEDS_CHANNEL_REVIEW,NO_CHANNEL_ELIGIBILITY_REVIEW,False
youtube:UCkrja0w7A6MHJ5UAxjTgH7Q,youtube,UCkrja0w7A6MHJ5UAxjTgH7Q,shaleep.,https://www.youtube.com/channel/UCkrja0w7A6MHJ5UAxjTgH7Q,HOLD_NEEDS_CHANNEL_REVIEW,NO_CHANNEL_ELIGIBILITY_REVIEW,False
youtube:UCktUGMC7AKl1e8n20Ys8w0Q,youtube,UCktUGMC7AKl1e8n20Ys8w0Q,Superpretty TAKOPERO Ch. Pixela Legends,https://www.youtube.com/channel/UCktUGMC7AKl1e8n20Ys8w0Q,HOLD_NEEDS_CHANNEL_REVIEW,NO_CHANNEL_ELIGIBILITY_REVIEW,False
youtube:UCktowrrd3HTEugAQdKeuZOQ,youtube,UCktowrrd3HTEugAQdKeuZOQ,GNTGxd,https://www.youtube.com/channel/UCktowrrd3HTEugAQdKeuZOQ,HOLD_NEEDS_CHANNEL_REVIEW,NO_CHANNEL_ELIGIBILITY_REVIEW,False
youtube:UCkvce0jZJYBWJLTuKoLIvLA,youtube,UCkvce0jZJYBWJLTuKoLIvLA,Noeluc,https://www.youtube.com/channel/UCkvce0jZJYBWJLTuKoLIvLA,HOLD_NEEDS_CHANNEL_REVIEW,NO_CHANNEL_ELIGIBILITY_REVIEW,False
youtube:UCkwcFk8UHZO0ANkB6aBCo2w,youtube,UCkwcFk8UHZO0ANkB6aBCo2w,Breindel the duck Ch.,https://www.youtube.com/channel/UCkwcFk8UHZO0ANkB6aBCo2w,HOLD_NEEDS_CHANNEL_REVIEW,NO_CHANNEL_ELIGIBILITY_REVIEW,False
youtube:UCkxYPkvxIhorqG9577J0KGg,youtube,UCkxYPkvxIhorqG9577J0KGg,N4iKI,https://www.youtube.com/channel/UCkxYPkvxIhorqG9577J0KGg,HOLD_NEEDS_CHANNEL_REVIEW,NO_CHANNEL_ELIGIBILITY_REVIEW,False
youtube:UCl-gN216hlPiOzGOm_Jkosg,youtube,UCl-gN216hlPiOzGOm_Jkosg,Melriz,https://www.youtube.com/channel/UCl-gN216hlPiOzGOm_Jkosg,HOLD_NEEDS_CHANNEL_REVIEW,NO_CHANNEL_ELIGIBILITY_REVIEW,False
youtube:UClBbcA64ikRSXTijItUQ-OA,youtube,UClBbcA64ikRSXTijItUQ-OA,Mizo Chan Ch.【PSM】,https://www.youtube.com/channel/UClBbcA64ikRSXTijItUQ-OA,HOLD_NEEDS_CHANNEL_REVIEW,NO_CHANNEL_ELIGIBILITY_REVIEW,False
youtube:UClENshywr_HiWzG7WHnBUDQ,youtube,UClENshywr_HiWzG7WHnBUDQ,Yuklear,https://www.youtube.com/channel/UClENshywr_HiWzG7WHnBUDQ,HOLD_NEEDS_CHANNEL_REVIEW,NO_CHANNEL_ELIGIBILITY_REVIEW,False
youtube:UClEcDlghI58w28f7H9pO-7Q,youtube,UClEcDlghI58w28f7H9pO-7Q,EC19 Projekt Official,https://www.youtube.com/channel/UClEcDlghI58w28f7H9pO-7Q,HOLD_NEEDS_CHANNEL_REVIEW,NO_CHANNEL_ELIGIBILITY_REVIEW,False
youtube:UClFQeZMVqFVZonqSYk0l-Og,youtube,UClFQeZMVqFVZonqSYk0l-Og,Kagemaru 404,https://www.youtube.com/channel/UClFQeZMVqFVZonqSYk0l-Og,HOLD_NEEDS_CHANNEL_REVIEW,NO_CHANNEL_ELIGIBILITY_REVIEW,False
youtube:UClGxY7R31Snisoccta9uByg,youtube,UClGxY7R31Snisoccta9uByg,Zane『VTG』,https://www.youtube.com/channel/UClGxY7R31Snisoccta9uByg,HOLD_NEEDS_CHANNEL_REVIEW,NO_CHANNEL_ELIGIBILITY_REVIEW,False
youtube:UClHAmzOCBWpIxaeLoB1C3WQ,youtube,UClHAmzOCBWpIxaeLoB1C3WQ,HottoMaya,https://www.youtube.com/channel/UClHAmzOCBWpIxaeLoB1C3WQ,HOLD_NEEDS_CHANNEL_REVIEW,EXACT_CHANNEL_ID_REVIEW,False
youtube:UClIlMpdlevmQHyd7qQLLNWA,youtube,UClIlMpdlevmQHyd7qQLLNWA,ghostmaiky,https://www.youtube.com/channel/UClIlMpdlevmQHyd7qQLLNWA,HOLD_NEEDS_CHANNEL_REVIEW,NO_CHANNEL_ELIGIBILITY_REVIEW,False
youtube:UClKBrxMxPf1-104BQRNkDYw,youtube,UClKBrxMxPf1-104BQRNkDYw,Lyon De Gladiolus,https://www.youtube.com/channel/UClKBrxMxPf1-104BQRNkDYw,HOLD_NEEDS_CHANNEL_REVIEW,NO_CHANNEL_ELIGIBILITY_REVIEW,False
youtube:UClLePWOXDCn6ZxhcM3jjPBw,youtube,UClLePWOXDCn6ZxhcM3jjPBw,EuRo,https://www.youtube.com/channel/UClLePWOXDCn6ZxhcM3jjPBw,HOLD_NEEDS_CHANNEL_REVIEW,NO_CHANNEL_ELIGIBILITY_REVIEW,False
youtube:UClOemvfyX_2oQPj-foZu5jw,youtube,UClOemvfyX_2oQPj-foZu5jw,RAITO-KUN,https://www.youtube.com/channel/UClOemvfyX_2oQPj-foZu5jw,HOLD_NEEDS_CHANNEL_REVIEW,NO_CHANNEL_ELIGIBILITY_REVIEW,False
youtube:UClSlkwPIViMrT4Mj_8enkew,youtube,UClSlkwPIViMrT4Mj_8enkew,Ning Ning,https://www.youtube.com/channel/UClSlkwPIViMrT4Mj_8enkew,HOLD_NEEDS_CHANNEL_REVIEW,NO_CHANNEL_ELIGIBILITY_REVIEW,False
youtube:UClbr2Ml5EXjoAysIGi65z4w,youtube,UClbr2Ml5EXjoAysIGi65z4w,「ねし」Neshi CH,https://www.youtube.com/channel/UClbr2Ml5EXjoAysIGi65z4w,HOLD_NEEDS_CHANNEL_REVIEW,NO_CHANNEL_ELIGIBILITY_REVIEW,False
youtube:UCldD-XczW0-Frlbo11CIqfg,youtube,UCldD-XczW0-Frlbo11CIqfg,Darchelle ch.,https://www.youtube.com/channel/UCldD-XczW0-Frlbo11CIqfg,HOLD_NEEDS_CHANNEL_REVIEW,NO_CHANNEL_ELIGIBILITY_REVIEW,False
youtube:UClfz6OCQ6Lic7BGFsn1q0Ww,youtube,UClfz6OCQ6Lic7BGFsn1q0Ww,Yamisamadesu,https://www.youtube.com/channel/UClfz6OCQ6Lic7BGFsn1q0Ww,HOLD_NEEDS_CHANNEL_REVIEW,NO_CHANNEL_ELIGIBILITY_REVIEW,False
youtube:UClkwdtOk6yQekM-UsoJNErg,youtube,UClkwdtOk6yQekM-UsoJNErg,Aelisse,https://www.youtube.com/channel/UClkwdtOk6yQekM-UsoJNErg,HOLD_NEEDS_CHANNEL_REVIEW,NO_CHANNEL_ELIGIBILITY_REVIEW,False
youtube:UClsrtReeDeC9WGR926fICZA,youtube,UClsrtReeDeC9WGR926fICZA,Kamashi Ch.,https://www.youtube.com/channel/UClsrtReeDeC9WGR926fICZA,HOLD_NEEDS_CHANNEL_REVIEW,NO_CHANNEL_ELIGIBILITY_REVIEW,False
youtube:UCm0b6rM-6um9H8ZIiljKncg,youtube,UCm0b6rM-6um9H8ZIiljKncg,chloridefow,https://www.youtube.com/channel/UCm0b6rM-6um9H8ZIiljKncg,HOLD_NEEDS_CHANNEL_REVIEW,NO_CHANNEL_ELIGIBILITY_REVIEW,False
youtube:UCm4MvNX1EORDR3dgOxLhcJQ,youtube,UCm4MvNX1EORDR3dgOxLhcJQ,Eranthia ch.,https://www.youtube.com/channel/UCm4MvNX1EORDR3dgOxLhcJQ,HOLD_NEEDS_CHANNEL_REVIEW,NO_CHANNEL_ELIGIBILITY_REVIEW,False
youtube:UCm5SLUk640GMLdp6ePCaXHQ,youtube,UCm5SLUk640GMLdp6ePCaXHQ,Alizabyleth Ch.,https://www.youtube.com/channel/UCm5SLUk640GMLdp6ePCaXHQ,HOLD_NEEDS_CHANNEL_REVIEW,NO_CHANNEL_ELIGIBILITY_REVIEW,False
youtube:UCm7uL6HoDxrJ7aJm7HMacQA,youtube,UCm7uL6HoDxrJ7aJm7HMacQA,ZGezz Channel by พี่กอล์ฟ,https://www.youtube.com/channel/UCm7uL6HoDxrJ7aJm7HMacQA,HOLD_NEEDS_CHANNEL_REVIEW,NO_CHANNEL_ELIGIBILITY_REVIEW,False
youtube:UCmBtZhaKjvZ6zotSOuOMnwQ,youtube,UCmBtZhaKjvZ6zotSOuOMnwQ,Fortuna Leah,https://www.youtube.com/channel/UCmBtZhaKjvZ6zotSOuOMnwQ,HOLD_NEEDS_CHANNEL_REVIEW,NO_CHANNEL_ELIGIBILITY_REVIEW,False
youtube:UCmDDNnaWA_lEL4rpWqD4nSA,youtube,UCmDDNnaWA_lEL4rpWqD4nSA,JomJam_SLX,https://www.youtube.com/channel/UCmDDNnaWA_lEL4rpWqD4nSA,HOLD_NEEDS_CHANNEL_REVIEW,NO_CHANNEL_ELIGIBILITY_REVIEW,False
youtube:UCmEBfH-cA250fGCvUb9CIGA,youtube,UCmEBfH-cA250fGCvUb9CIGA,Zerias Ch.,https://www.youtube.com/channel/UCmEBfH-cA250fGCvUb9CIGA,HOLD_NEEDS_CHANNEL_REVIEW,NO_CHANNEL_ELIGIBILITY_REVIEW,False
youtube:UCmE_BKy2qSzjCC9HyRrxcqA,youtube,UCmE_BKy2qSzjCC9HyRrxcqA,Rubyele Garnet Ch.,https://www.youtube.com/channel/UCmE_BKy2qSzjCC9HyRrxcqA,HOLD_NEEDS_CHANNEL_REVIEW,NO_CHANNEL_ELIGIBILITY_REVIEW,False
youtube:UCmKiQxuXbizCEo77GCBTOig,youtube,UCmKiQxuXbizCEo77GCBTOig,Lyneth Ch.,https://www.youtube.com/channel/UCmKiQxuXbizCEo77GCBTOig,HOLD_NEEDS_CHANNEL_REVIEW,NO_CHANNEL_ELIGIBILITY_REVIEW,False
youtube:UCmLd6QDRBcD9TfFrThJucng,youtube,UCmLd6QDRBcD9TfFrThJucng,Haine『Paralist』,https://www.youtube.com/channel/UCmLd6QDRBcD9TfFrThJucng,HOLD_NEEDS_CHANNEL_REVIEW,NO_CHANNEL_ELIGIBILITY_REVIEW,False
youtube:UCmNHaTv_3klfUfaokHoXWJQ,youtube,UCmNHaTv_3klfUfaokHoXWJQ,Vivian V. Wendell Ch.,https://www.youtube.com/channel/UCmNHaTv_3klfUfaokHoXWJQ,HOLD_NEEDS_CHANNEL_REVIEW,NO_CHANNEL_ELIGIBILITY_REVIEW,False
youtube:UCmR_ysVFhbwdrh080o1MuMQ,youtube,UCmR_ysVFhbwdrh080o1MuMQ,Momo Vtuber,https://www.youtube.com/channel/UCmR_ysVFhbwdrh080o1MuMQ,HOLD_NEEDS_CHANNEL_REVIEW,NO_CHANNEL_ELIGIBILITY_REVIEW,False
youtube:UCmTbPJp-N5R1KFvMO51giCg,youtube,UCmTbPJp-N5R1KFvMO51giCg,SKarenNin,https://www.youtube.com/channel/UCmTbPJp-N5R1KFvMO51giCg,HOLD_NEEDS_CHANNEL_REVIEW,EXACT_CHANNEL_ID_REVIEW,False
youtube:UCmVx2k5Qcsmk8qGbZEBZGCw,youtube,UCmVx2k5Qcsmk8qGbZEBZGCw,Lucia Xavier,https://www.youtube.com/channel/UCmVx2k5Qcsmk8qGbZEBZGCw,HOLD_NEEDS_CHANNEL_REVIEW,NO_CHANNEL_ELIGIBILITY_REVIEW,False
youtube:UCmeYkTj7_pBYgWSJmM_eJPQ,youtube,UCmeYkTj7_pBYgWSJmM_eJPQ,Akimoto Yuna Ch.,https://www.youtube.com/channel/UCmeYkTj7_pBYgWSJmM_eJPQ,HOLD_NEEDS_CHANNEL_REVIEW,NO_CHANNEL_ELIGIBILITY_REVIEW,False
youtube:UCmfo9Rqc55Hpb5x_Cu2FrFw,youtube,UCmfo9Rqc55Hpb5x_Cu2FrFw,Scentharmony,https://www.youtube.com/channel/UCmfo9Rqc55Hpb5x_Cu2FrFw,HOLD_NEEDS_CHANNEL_REVIEW,NO_CHANNEL_ELIGIBILITY_REVIEW,False
youtube:UCmg0gZHGn-zuq1JnYPB_EjQ,youtube,UCmg0gZHGn-zuq1JnYPB_EjQ,TEENIE | WISLIVE,https://www.youtube.com/channel/UCmg0gZHGn-zuq1JnYPB_EjQ,HOLD_NEEDS_CHANNEL_REVIEW,EXACT_CHANNEL_ID_REVIEW,False
youtube:UCmi6wrDDb_2qXsMK4nyLgjA,youtube,UCmi6wrDDb_2qXsMK4nyLgjA,Collie rinitta,https://www.youtube.com/channel/UCmi6wrDDb_2qXsMK4nyLgjA,HOLD_NEEDS_CHANNEL_REVIEW,NO_CHANNEL_ELIGIBILITY_REVIEW,False
youtube:UCmiO2DRc4e80eWfElzQfWyA,youtube,UCmiO2DRc4e80eWfElzQfWyA,SORASAMA,https://www.youtube.com/channel/UCmiO2DRc4e80eWfElzQfWyA,HOLD_NEEDS_CHANNEL_REVIEW,NO_CHANNEL_ELIGIBILITY_REVIEW,False
youtube:UCmn9plmPAP1BsFyLe-Ji13g,youtube,UCmn9plmPAP1BsFyLe-Ji13g,Micaela Michelle Ch.,https://www.youtube.com/channel/UCmn9plmPAP1BsFyLe-Ji13g,HOLD_NEEDS_CHANNEL_REVIEW,NO_CHANNEL_ELIGIBILITY_REVIEW,False
youtube:UCmnSx_jWSZKAlYUtutvY3dQ,youtube,UCmnSx_jWSZKAlYUtutvY3dQ,Muendria_SLR,https://www.youtube.com/channel/UCmnSx_jWSZKAlYUtutvY3dQ,HOLD_NEEDS_CHANNEL_REVIEW,NO_CHANNEL_ELIGIBILITY_REVIEW,False
youtube:UCmo490psosEoBDv_hNHmmng,youtube,UCmo490psosEoBDv_hNHmmng,Lynze,https://www.youtube.com/channel/UCmo490psosEoBDv_hNHmmng,HOLD_NEEDS_CHANNEL_REVIEW,NO_CHANNEL_ELIGIBILITY_REVIEW,False
youtube:UCmrnmSL4OHsw_i0a5d2RUpg,youtube,UCmrnmSL4OHsw_i0a5d2RUpg,Atsuko Meron【SRV】,https://www.youtube.com/channel/UCmrnmSL4OHsw_i0a5d2RUpg,HOLD_NEEDS_CHANNEL_REVIEW,NO_CHANNEL_ELIGIBILITY_REVIEW,False
youtube:UCmtuXBKrUdFlVgFUrA4Kvuw,youtube,UCmtuXBKrUdFlVgFUrA4Kvuw,Algorhythm Project,https://www.youtube.com/channel/UCmtuXBKrUdFlVgFUrA4Kvuw,HOLD_NEEDS_CHANNEL_REVIEW,NO_CHANNEL_ELIGIBILITY_REVIEW,False
youtube:UCmuDlfckZosXYzs1B6Fyuyg,youtube,UCmuDlfckZosXYzs1B6Fyuyg,Alteria Channel,https://www.youtube.com/channel/UCmuDlfckZosXYzs1B6Fyuyg,HOLD_NEEDS_CHANNEL_REVIEW,NO_CHANNEL_ELIGIBILITY_REVIEW,False
youtube:UCmvFibZ6umhTdyUpLya_vLg,youtube,UCmvFibZ6umhTdyUpLya_vLg,Nyeeeon,https://www.youtube.com/channel/UCmvFibZ6umhTdyUpLya_vLg,HOLD_NEEDS_CHANNEL_REVIEW,NO_CHANNEL_ELIGIBILITY_REVIEW,False
youtube:UCn1m7XGKGyJ1B1Y_SRkISRA,youtube,UCn1m7XGKGyJ1B1Y_SRkISRA,MOMOMOTH,https://www.youtube.com/channel/UCn1m7XGKGyJ1B1Y_SRkISRA,HOLD_NEEDS_CHANNEL_REVIEW,NO_CHANNEL_ELIGIBILITY_REVIEW,False
youtube:UCn1sslufP5oBkTGkIqL72ZQ,youtube,UCn1sslufP5oBkTGkIqL72ZQ,ลินน่าจะร้อง | Lynna Vsinger,https://www.youtube.com/channel/UCn1sslufP5oBkTGkIqL72ZQ,HOLD_NEEDS_CHANNEL_REVIEW,NO_CHANNEL_ELIGIBILITY_REVIEW,False
youtube:UCn3Svapu91rgZVUsBajKTuA,youtube,UCn3Svapu91rgZVUsBajKTuA,khunCHANII,https://www.youtube.com/channel/UCn3Svapu91rgZVUsBajKTuA,HOLD_NEEDS_CHANNEL_REVIEW,NO_CHANNEL_ELIGIBILITY_REVIEW,False
youtube:UCn7L1iwOGczRAc3DHgrRelQ,youtube,UCn7L1iwOGczRAc3DHgrRelQ,JoroGumo【Ti19t】,https://www.youtube.com/channel/UCn7L1iwOGczRAc3DHgrRelQ,HOLD_NEEDS_CHANNEL_REVIEW,NO_CHANNEL_ELIGIBILITY_REVIEW,False
youtube:UCn7M5AjjaC3Ajftlx9GMVLg,youtube,UCn7M5AjjaC3Ajftlx9GMVLg,FAUST The Corelector,https://www.youtube.com/channel/UCn7M5AjjaC3Ajftlx9GMVLg,HOLD_NEEDS_CHANNEL_REVIEW,NO_CHANNEL_ELIGIBILITY_REVIEW,False
youtube:UCn7S0uvqI3_5NYli07qxZCA,youtube,UCn7S0uvqI3_5NYli07qxZCA,Alya Vestiny,https://www.youtube.com/channel/UCn7S0uvqI3_5NYli07qxZCA,HOLD_NEEDS_CHANNEL_REVIEW,EXACT_CHANNEL_ID_REVIEW,False
youtube:UCn9yL4ihVNU-IxPRmpXDivg,youtube,UCn9yL4ihVNU-IxPRmpXDivg,Acintunz,https://www.youtube.com/channel/UCn9yL4ihVNU-IxPRmpXDivg,HOLD_NEEDS_CHANNEL_REVIEW,EXACT_CHANNEL_ID_REVIEW,False
youtube:UCnE5l4nDqoRA84HT5ZRXbig,youtube,UCnE5l4nDqoRA84HT5ZRXbig,Cylowless,https://www.youtube.com/channel/UCnE5l4nDqoRA84HT5ZRXbig,HOLD_NEEDS_CHANNEL_REVIEW,NO_CHANNEL_ELIGIBILITY_REVIEW,False
youtube:UCnH5yoBy1jRySZ4uLcdX5Tw,youtube,UCnH5yoBy1jRySZ4uLcdX5Tw,NakiRiku Ch.,https://www.youtube.com/channel/UCnH5yoBy1jRySZ4uLcdX5Tw,HOLD_NEEDS_CHANNEL_REVIEW,EXACT_CHANNEL_ID_REVIEW,False
youtube:UCnJIpwyhPbMxAw2qdaQ8a2g,youtube,UCnJIpwyhPbMxAw2qdaQ8a2g,Kashina CH. ,https://www.youtube.com/channel/UCnJIpwyhPbMxAw2qdaQ8a2g,HOLD_NEEDS_CHANNEL_REVIEW,NO_CHANNEL_ELIGIBILITY_REVIEW,False
youtube:UCnNZtWXxIpMK02DYkPMq8vA,youtube,UCnNZtWXxIpMK02DYkPMq8vA,Zhenzhen Ch. 【SSR】,https://www.youtube.com/channel/UCnNZtWXxIpMK02DYkPMq8vA,HOLD_NEEDS_CHANNEL_REVIEW,NO_CHANNEL_ELIGIBILITY_REVIEW,False
youtube:UCnOY70F34J77m2YzkW7B5qw,youtube,UCnOY70F34J77m2YzkW7B5qw,Hamiko Channel,https://www.youtube.com/channel/UCnOY70F34J77m2YzkW7B5qw,HOLD_NEEDS_CHANNEL_REVIEW,EXACT_CHANNEL_ID_REVIEW,False
youtube:UCnPvPjGOanX6I3aqPNNJ-PA,youtube,UCnPvPjGOanX6I3aqPNNJ-PA,Archbas Ch.,https://www.youtube.com/channel/UCnPvPjGOanX6I3aqPNNJ-PA,HOLD_NEEDS_CHANNEL_REVIEW,NO_CHANNEL_ELIGIBILITY_REVIEW,False
youtube:UCnbzFCOWYTBTIe9a3aUlKkg,youtube,UCnbzFCOWYTBTIe9a3aUlKkg,NoBoRu Ch.,https://www.youtube.com/channel/UCnbzFCOWYTBTIe9a3aUlKkg,HOLD_NEEDS_CHANNEL_REVIEW,NO_CHANNEL_ELIGIBILITY_REVIEW,False
youtube:UCneBNeVOlRm-gHbSrqC9DYg,youtube,UCneBNeVOlRm-gHbSrqC9DYg,Timers TH,https://www.youtube.com/channel/UCneBNeVOlRm-gHbSrqC9DYg,HOLD_NEEDS_CHANNEL_REVIEW,NO_CHANNEL_ELIGIBILITY_REVIEW,False
youtube:UCnfKwU2JKvFnZzjQGmzM2Kw,youtube,UCnfKwU2JKvFnZzjQGmzM2Kw,KhaiTun Ch.,https://www.youtube.com/channel/UCnfKwU2JKvFnZzjQGmzM2Kw,HOLD_NEEDS_CHANNEL_REVIEW,NO_CHANNEL_ELIGIBILITY_REVIEW,False
youtube:UCnmykXkj5SVMQf75oyp7Lkg,youtube,UCnmykXkj5SVMQf75oyp7Lkg,Melody Sparkle【PajamaJa】,https://www.youtube.com/channel/UCnmykXkj5SVMQf75oyp7Lkg,HOLD_NEEDS_CHANNEL_REVIEW,NO_CHANNEL_ELIGIBILITY_REVIEW,False
youtube:UCnvBsJQ0TztZ4Mq7qDaL_FA,youtube,UCnvBsJQ0TztZ4Mq7qDaL_FA,Xaniel Ch. Flora Project,https://www.youtube.com/channel/UCnvBsJQ0TztZ4Mq7qDaL_FA,HOLD_NEEDS_CHANNEL_REVIEW,NO_CHANNEL_ELIGIBILITY_REVIEW,False
youtube:UCo6cNRSdO6tsZ4IW-aMmsZg,youtube,UCo6cNRSdO6tsZ4IW-aMmsZg,YueQin Vtuber 『Berlina•ECR』,https://www.youtube.com/channel/UCo6cNRSdO6tsZ4IW-aMmsZg,HOLD_NEEDS_CHANNEL_REVIEW,NO_CHANNEL_ELIGIBILITY_REVIEW,False
youtube:UCoBGfXR9OWCgLbsm01o55ZA,youtube,UCoBGfXR9OWCgLbsm01o55ZA,N4NAMi,https://www.youtube.com/channel/UCoBGfXR9OWCgLbsm01o55ZA,HOLD_NEEDS_CHANNEL_REVIEW,NO_CHANNEL_ELIGIBILITY_REVIEW,False
youtube:UCoOMJUZ5plQtVQDYbicD3dw,youtube,UCoOMJUZ5plQtVQDYbicD3dw,Mortifer Bathory Ch.,https://www.youtube.com/channel/UCoOMJUZ5plQtVQDYbicD3dw,HOLD_NEEDS_CHANNEL_REVIEW,NO_CHANNEL_ELIGIBILITY_REVIEW,False
youtube:UCoR4fWv6I7yN9uVgSO1hc1w,youtube,UCoR4fWv6I7yN9uVgSO1hc1w,KZYU ReI『LIP』,https://www.youtube.com/channel/UCoR4fWv6I7yN9uVgSO1hc1w,HOLD_NEEDS_CHANNEL_REVIEW,EXACT_CHANNEL_ID_REVIEW,False
youtube:UCoTx4fCYIuOBrdK_rWGjqbA,youtube,UCoTx4fCYIuOBrdK_rWGjqbA,Lana 89 ll Loveland Project,https://www.youtube.com/channel/UCoTx4fCYIuOBrdK_rWGjqbA,HOLD_NEEDS_CHANNEL_REVIEW,NO_CHANNEL_ELIGIBILITY_REVIEW,False
youtube:UCoVDjNrJWdIZ65qITyrseng,youtube,UCoVDjNrJWdIZ65qITyrseng,MonJi,https://www.youtube.com/channel/UCoVDjNrJWdIZ65qITyrseng,HOLD_NEEDS_CHANNEL_REVIEW,NO_CHANNEL_ELIGIBILITY_REVIEW,False
youtube:UCoVpEObbNlG_AVSz-K8yYTg,youtube,UCoVpEObbNlG_AVSz-K8yYTg,koshumu,https://www.youtube.com/channel/UCoVpEObbNlG_AVSz-K8yYTg,HOLD_NEEDS_CHANNEL_REVIEW,NO_CHANNEL_ELIGIBILITY_REVIEW,False
youtube:UCoWVH0zHK4XpY8oqEWZ1Thw,youtube,UCoWVH0zHK4XpY8oqEWZ1Thw,Salvia Ch.,https://www.youtube.com/channel/UCoWVH0zHK4XpY8oqEWZ1Thw,HOLD_NEEDS_CHANNEL_REVIEW,NO_CHANNEL_ELIGIBILITY_REVIEW,False
youtube:UCoWrleC-JaPnJLGU87F8OxQ,youtube,UCoWrleC-JaPnJLGU87F8OxQ,RIYA【璃夜】,https://www.youtube.com/channel/UCoWrleC-JaPnJLGU87F8OxQ,HOLD_NEEDS_CHANNEL_REVIEW,NO_CHANNEL_ELIGIBILITY_REVIEW,False
youtube:UCobiRetMOLHDrdLfLQzGiAw,youtube,UCobiRetMOLHDrdLfLQzGiAw,Elsenia Volentia,https://www.youtube.com/channel/UCobiRetMOLHDrdLfLQzGiAw,HOLD_NEEDS_CHANNEL_REVIEW,NO_CHANNEL_ELIGIBILITY_REVIEW,False
youtube:UCoc4ArTO-yJUzpqufus_Pdg,youtube,UCoc4ArTO-yJUzpqufus_Pdg,Kokori 《 OTL 》,https://www.youtube.com/channel/UCoc4ArTO-yJUzpqufus_Pdg,HOLD_NEEDS_CHANNEL_REVIEW,EXACT_CHANNEL_ID_REVIEW,False
youtube:UCongbtOF4PDmJ-HOXx0jSIQ,youtube,UCongbtOF4PDmJ-HOXx0jSIQ,MyxNyx I VtuberTH,https://www.youtube.com/channel/UCongbtOF4PDmJ-HOXx0jSIQ,HOLD_NEEDS_CHANNEL_REVIEW,NO_CHANNEL_ELIGIBILITY_REVIEW,False
youtube:UCopYEIEfBeNiGMuDACD61xA,youtube,UCopYEIEfBeNiGMuDACD61xA,Ay1inND,https://www.youtube.com/channel/UCopYEIEfBeNiGMuDACD61xA,HOLD_NEEDS_CHANNEL_REVIEW,NO_CHANNEL_ELIGIBILITY_REVIEW,False
youtube:UCoyNRGf27kjzfmJiuXNLwrQ,youtube,UCoyNRGf27kjzfmJiuXNLwrQ,Dayeon,https://www.youtube.com/channel/UCoyNRGf27kjzfmJiuXNLwrQ,HOLD_NEEDS_CHANNEL_REVIEW,NO_CHANNEL_ELIGIBILITY_REVIEW,False
youtube:UCoz4Uka8Yrr2SM8Ml_shIhg,youtube,UCoz4Uka8Yrr2SM8Ml_shIhg,ImsoGracechu!,https://www.youtube.com/channel/UCoz4Uka8Yrr2SM8Ml_shIhg,HOLD_NEEDS_CHANNEL_REVIEW,NO_CHANNEL_ELIGIBILITY_REVIEW,False
youtube:UCp3WxJ4-xF8C9vJfvFs4ioQ,youtube,UCp3WxJ4-xF8C9vJfvFs4ioQ,Silver VTH,https://www.youtube.com/channel/UCp3WxJ4-xF8C9vJfvFs4ioQ,HOLD_NEEDS_CHANNEL_REVIEW,NO_CHANNEL_ELIGIBILITY_REVIEW,False
youtube:UCpD_Ds-YEOOhPobh2xOGBHA,youtube,UCpD_Ds-YEOOhPobh2xOGBHA,ZAIN Ch.,https://www.youtube.com/channel/UCpD_Ds-YEOOhPobh2xOGBHA,HOLD_NEEDS_CHANNEL_REVIEW,EXACT_CHANNEL_ID_REVIEW,False
youtube:UCpDj-ctDxLn5M5H5G_UxuRA,youtube,UCpDj-ctDxLn5M5H5G_UxuRA,Deilliah Goodknight ,https://www.youtube.com/channel/UCpDj-ctDxLn5M5H5G_UxuRA,HOLD_NEEDS_CHANNEL_REVIEW,NO_CHANNEL_ELIGIBILITY_REVIEW,False
youtube:UCpGtwNmbOtgmcKIY81MIX_w,youtube,UCpGtwNmbOtgmcKIY81MIX_w,Nongwan TV,https://www.youtube.com/channel/UCpGtwNmbOtgmcKIY81MIX_w,HOLD_NEEDS_CHANNEL_REVIEW,NO_CHANNEL_ELIGIBILITY_REVIEW,False
youtube:UCpMuWBxMa6ttNgtylPTn3Hg,youtube,UCpMuWBxMa6ttNgtylPTn3Hg,Nergal Near Ch.,https://www.youtube.com/channel/UCpMuWBxMa6ttNgtylPTn3Hg,HOLD_NEEDS_CHANNEL_REVIEW,NO_CHANNEL_ELIGIBILITY_REVIEW,False
youtube:UCpNAFq_PANbmcdfhzfuiekA,youtube,UCpNAFq_PANbmcdfhzfuiekA,Sata Channel,https://www.youtube.com/channel/UCpNAFq_PANbmcdfhzfuiekA,HOLD_NEEDS_CHANNEL_REVIEW,NO_CHANNEL_ELIGIBILITY_REVIEW,False
youtube:UCpSsKMbL7zvD87O8-57Mg7A,youtube,UCpSsKMbL7zvD87O8-57Mg7A,Aikaze,https://www.youtube.com/channel/UCpSsKMbL7zvD87O8-57Mg7A,HOLD_NEEDS_CHANNEL_REVIEW,NO_CHANNEL_ELIGIBILITY_REVIEW,False
youtube:UCpWF1pMyJtMvlynspGnThdw,youtube,UCpWF1pMyJtMvlynspGnThdw,MamMam Ch. 真夢マム,https://www.youtube.com/channel/UCpWF1pMyJtMvlynspGnThdw,HOLD_NEEDS_CHANNEL_REVIEW,EXACT_CHANNEL_ID_REVIEW,False
youtube:UCpWoDWpQSzhs3PMMU4WrfiQ,youtube,UCpWoDWpQSzhs3PMMU4WrfiQ,Zoe Specter Ch.,https://www.youtube.com/channel/UCpWoDWpQSzhs3PMMU4WrfiQ,HOLD_NEEDS_CHANNEL_REVIEW,NO_CHANNEL_ELIGIBILITY_REVIEW,False
youtube:UCpXRdlZ-aGpd9s2gFVl63lg,youtube,UCpXRdlZ-aGpd9s2gFVl63lg,อเมะ,https://www.youtube.com/channel/UCpXRdlZ-aGpd9s2gFVl63lg,HOLD_NEEDS_CHANNEL_REVIEW,NO_CHANNEL_ELIGIBILITY_REVIEW,False
youtube:UCpZhmRU3HDKMau3Tv0_DsGg,youtube,UCpZhmRU3HDKMau3Tv0_DsGg,[ 海姫 ]Marin Ch. ◈BLB◈,https://www.youtube.com/channel/UCpZhmRU3HDKMau3Tv0_DsGg,HOLD_NEEDS_CHANNEL_REVIEW,NO_CHANNEL_ELIGIBILITY_REVIEW,False
youtube:UCpaaIu52BVuInfJkO0-Ft3Q,youtube,UCpaaIu52BVuInfJkO0-Ft3Q,Valent Soel S,https://www.youtube.com/channel/UCpaaIu52BVuInfJkO0-Ft3Q,HOLD_NEEDS_CHANNEL_REVIEW,NO_CHANNEL_ELIGIBILITY_REVIEW,False
youtube:UCpbHtJERmEP-GZJeSpziqCQ,youtube,UCpbHtJERmEP-GZJeSpziqCQ,Zuruya Ch.,https://www.youtube.com/channel/UCpbHtJERmEP-GZJeSpziqCQ,HOLD_NEEDS_CHANNEL_REVIEW,NO_CHANNEL_ELIGIBILITY_REVIEW,False
youtube:UCpfWYM5nNmWfroMIXBk3Gug,youtube,UCpfWYM5nNmWfroMIXBk3Gug,Jozetté Wrasset Ch. | OAL,https://www.youtube.com/channel/UCpfWYM5nNmWfroMIXBk3Gug,HOLD_NEEDS_CHANNEL_REVIEW,NO_CHANNEL_ELIGIBILITY_REVIEW,False
youtube:UCpke74KAbZIIj7KrNdPgxow,youtube,UCpke74KAbZIIj7KrNdPgxow,Ayelet Nocturna ch.,https://www.youtube.com/channel/UCpke74KAbZIIj7KrNdPgxow,HOLD_NEEDS_CHANNEL_REVIEW,EXACT_CHANNEL_ID_REVIEW,False
youtube:UCprsCfEbSQRzd-mK4Cgd1Rg,youtube,UCprsCfEbSQRzd-mK4Cgd1Rg,RAY XILLIA,https://www.youtube.com/channel/UCprsCfEbSQRzd-mK4Cgd1Rg,HOLD_NEEDS_CHANNEL_REVIEW,NO_CHANNEL_ELIGIBILITY_REVIEW,False
youtube:UCpv77tyTG6nJlO9oBIFZ5xQ,youtube,UCpv77tyTG6nJlO9oBIFZ5xQ,Meteona Mars Ch.,https://www.youtube.com/channel/UCpv77tyTG6nJlO9oBIFZ5xQ,HOLD_NEEDS_CHANNEL_REVIEW,NO_CHANNEL_ELIGIBILITY_REVIEW,False
youtube:UCpwaMGj7IdlttM_bP2iKZmw,youtube,UCpwaMGj7IdlttM_bP2iKZmw,Nz_Nezz Ch.,https://www.youtube.com/channel/UCpwaMGj7IdlttM_bP2iKZmw,HOLD_NEEDS_CHANNEL_REVIEW,NO_CHANNEL_ELIGIBILITY_REVIEW,False
youtube:UCq0Nq6SwDplj3OcuvwkE1Mg,youtube,UCq0Nq6SwDplj3OcuvwkE1Mg,Fuka CH.〔 DBT 〕,https://www.youtube.com/channel/UCq0Nq6SwDplj3OcuvwkE1Mg,HOLD_NEEDS_CHANNEL_REVIEW,NO_CHANNEL_ELIGIBILITY_REVIEW,False
youtube:UCq97LOtWB1CgRVFzDF3FSSA,youtube,UCq97LOtWB1CgRVFzDF3FSSA,Langray Ch.,https://www.youtube.com/channel/UCq97LOtWB1CgRVFzDF3FSSA,HOLD_NEEDS_CHANNEL_REVIEW,NO_CHANNEL_ELIGIBILITY_REVIEW,False
youtube:UCqBG-DyjOA-llSpScSDOxqA,youtube,UCqBG-DyjOA-llSpScSDOxqA,ApriRiru,https://www.youtube.com/channel/UCqBG-DyjOA-llSpScSDOxqA,HOLD_NEEDS_CHANNEL_REVIEW,NO_CHANNEL_ELIGIBILITY_REVIEW,False
youtube:UCqCI_qpXBTlVO0kZhB51I6w,youtube,UCqCI_qpXBTlVO0kZhB51I6w,Elleusia,https://www.youtube.com/channel/UCqCI_qpXBTlVO0kZhB51I6w,HOLD_NEEDS_CHANNEL_REVIEW,NO_CHANNEL_ELIGIBILITY_REVIEW,False
youtube:UCqCv5pUmAMeoQMushiW3Csg,youtube,UCqCv5pUmAMeoQMushiW3Csg,Lamu Ch.,https://www.youtube.com/channel/UCqCv5pUmAMeoQMushiW3Csg,HOLD_NEEDS_CHANNEL_REVIEW,NO_CHANNEL_ELIGIBILITY_REVIEW,False
youtube:UCqKKqKP-G8LYkWMQeJAc2vA,youtube,UCqKKqKP-G8LYkWMQeJAc2vA,Noir Vinterny | V.W.Y,https://www.youtube.com/channel/UCqKKqKP-G8LYkWMQeJAc2vA,HOLD_NEEDS_CHANNEL_REVIEW,EXACT_CHANNEL_ID_REVIEW,False
youtube:UCqMmxgXhKhZxIeIXSxho6mw,youtube,UCqMmxgXhKhZxIeIXSxho6mw,Lucky Vulpecula,https://www.youtube.com/channel/UCqMmxgXhKhZxIeIXSxho6mw,HOLD_NEEDS_CHANNEL_REVIEW,NO_CHANNEL_ELIGIBILITY_REVIEW,False
youtube:UCqTbc_8tl7ZFcEEuZtzfr2w,youtube,UCqTbc_8tl7ZFcEEuZtzfr2w,Leinn Channel,https://www.youtube.com/channel/UCqTbc_8tl7ZFcEEuZtzfr2w,HOLD_NEEDS_CHANNEL_REVIEW,NO_CHANNEL_ELIGIBILITY_REVIEW,False
youtube:UCqUKFVHfbb0ujmoxNfGSu1w,youtube,UCqUKFVHfbb0ujmoxNfGSu1w,Magcro Ravencroft Ch.,https://www.youtube.com/channel/UCqUKFVHfbb0ujmoxNfGSu1w,HOLD_NEEDS_CHANNEL_REVIEW,EXACT_CHANNEL_ID_REVIEW,False
youtube:UCqVbto9IH79DiJQab1nZ8CA,youtube,UCqVbto9IH79DiJQab1nZ8CA,Dellons Ch.【𝐙𝐎𝐑𝐀】(REST),https://www.youtube.com/channel/UCqVbto9IH79DiJQab1nZ8CA,HOLD_NEEDS_CHANNEL_REVIEW,EXACT_CHANNEL_ID_REVIEW,False
youtube:UCq_POu51qgVp0O9EgcJgsDw,youtube,UCq_POu51qgVp0O9EgcJgsDw,Sia Asmodeusia ch. ◈BLB◈,https://www.youtube.com/channel/UCq_POu51qgVp0O9EgcJgsDw,HOLD_NEEDS_CHANNEL_REVIEW,NO_CHANNEL_ELIGIBILITY_REVIEW,False
youtube:UCqbax9GTF0U2i7Fzk7HjOyg,youtube,UCqbax9GTF0U2i7Fzk7HjOyg,Liztsu Hikake Ch.,https://www.youtube.com/channel/UCqbax9GTF0U2i7Fzk7HjOyg,HOLD_NEEDS_CHANNEL_REVIEW,NO_CHANNEL_ELIGIBILITY_REVIEW,False
youtube:UCqfR7Nkz-wkfQgcMDsU7HnA,youtube,UCqfR7Nkz-wkfQgcMDsU7HnA,Pimkishy,https://www.youtube.com/channel/UCqfR7Nkz-wkfQgcMDsU7HnA,HOLD_NEEDS_CHANNEL_REVIEW,NO_CHANNEL_ELIGIBILITY_REVIEW,False
youtube:UCqhhWjpw23dWhJ5rRwCCrMA,youtube,UCqhhWjpw23dWhJ5rRwCCrMA,Aisha Channel,https://www.youtube.com/channel/UCqhhWjpw23dWhJ5rRwCCrMA,HOLD_NEEDS_CHANNEL_REVIEW,EXACT_CHANNEL_ID_REVIEW,False
youtube:UCqlIHZinRgdevuHuCILlgjA,youtube,UCqlIHZinRgdevuHuCILlgjA,MeowMiKe CH. 《19'S》,https://www.youtube.com/channel/UCqlIHZinRgdevuHuCILlgjA,HOLD_NEEDS_CHANNEL_REVIEW,NO_CHANNEL_ELIGIBILITY_REVIEW,False
youtube:UCqozdR0DYubMg22jJV2eThQ,youtube,UCqozdR0DYubMg22jJV2eThQ,Anastasia Ch.「TRR」,https://www.youtube.com/channel/UCqozdR0DYubMg22jJV2eThQ,HOLD_NEEDS_CHANNEL_REVIEW,NO_CHANNEL_ELIGIBILITY_REVIEW,False
youtube:UCqxS4qNzJUWdPgR2UdLpemA,youtube,UCqxS4qNzJUWdPgR2UdLpemA,Akito Q Flame『VW』,https://www.youtube.com/channel/UCqxS4qNzJUWdPgR2UdLpemA,HOLD_NEEDS_CHANNEL_REVIEW,NO_CHANNEL_ELIGIBILITY_REVIEW,False
youtube:UCr0-V3nBW3klbNrklD_1TPg,youtube,UCr0-V3nBW3klbNrklD_1TPg,Hiyoribouzu Ch.,https://www.youtube.com/channel/UCr0-V3nBW3klbNrklD_1TPg,HOLD_NEEDS_CHANNEL_REVIEW,NO_CHANNEL_ELIGIBILITY_REVIEW,False
youtube:UCr6JjOIjCAYFGJIW3_BznmA,youtube,UCr6JjOIjCAYFGJIW3_BznmA,Big M 4U 『ECR』,https://www.youtube.com/channel/UCr6JjOIjCAYFGJIW3_BznmA,HOLD_NEEDS_CHANNEL_REVIEW,NO_CHANNEL_ELIGIBILITY_REVIEW,False
youtube:UCrDlc3CYB6TXFoU01jw0XPg,youtube,UCrDlc3CYB6TXFoU01jw0XPg,YumeMaTTy Ch.,https://www.youtube.com/channel/UCrDlc3CYB6TXFoU01jw0XPg,HOLD_NEEDS_CHANNEL_REVIEW,NO_CHANNEL_ELIGIBILITY_REVIEW,False
youtube:UCrIs26bEKOvA_lRnO2Hgscw,youtube,UCrIs26bEKOvA_lRnO2Hgscw,Unnämed,https://www.youtube.com/channel/UCrIs26bEKOvA_lRnO2Hgscw,HOLD_NEEDS_CHANNEL_REVIEW,NO_CHANNEL_ELIGIBILITY_REVIEW,False
youtube:UCrKHJptt9n65z_2UFZc-aMg,youtube,UCrKHJptt9n65z_2UFZc-aMg,Kombucha Ch.,https://www.youtube.com/channel/UCrKHJptt9n65z_2UFZc-aMg,HOLD_NEEDS_CHANNEL_REVIEW,NO_CHANNEL_ELIGIBILITY_REVIEW,False
youtube:UCrKgRzwdpFIyoYBvyuacmPg,youtube,UCrKgRzwdpFIyoYBvyuacmPg,Nogi Sensei,https://www.youtube.com/channel/UCrKgRzwdpFIyoYBvyuacmPg,HOLD_NEEDS_CHANNEL_REVIEW,NO_CHANNEL_ELIGIBILITY_REVIEW,False
youtube:UCrOhfmfkwCUS5ibUehZpJtA,youtube,UCrOhfmfkwCUS5ibUehZpJtA,JUNEVY Ch.,https://www.youtube.com/channel/UCrOhfmfkwCUS5ibUehZpJtA,HOLD_NEEDS_CHANNEL_REVIEW,NO_CHANNEL_ELIGIBILITY_REVIEW,False
youtube:UCrQORO4YG9kd7FXl9nB-_Bw,youtube,UCrQORO4YG9kd7FXl9nB-_Bw,Meiai ch.,https://www.youtube.com/channel/UCrQORO4YG9kd7FXl9nB-_Bw,HOLD_NEEDS_CHANNEL_REVIEW,NO_CHANNEL_ELIGIBILITY_REVIEW,False
youtube:UCrUmEIK7jOgqVw5BPEDfQdQ,youtube,UCrUmEIK7jOgqVw5BPEDfQdQ,キラリKirari NeNe,https://www.youtube.com/channel/UCrUmEIK7jOgqVw5BPEDfQdQ,HOLD_NEEDS_CHANNEL_REVIEW,NO_CHANNEL_ELIGIBILITY_REVIEW,False
youtube:UCrVrg-DbNYlz-1TMgthXWRA,youtube,UCrVrg-DbNYlz-1TMgthXWRA,Frounce Zebious,https://www.youtube.com/channel/UCrVrg-DbNYlz-1TMgthXWRA,HOLD_NEEDS_CHANNEL_REVIEW,NO_CHANNEL_ELIGIBILITY_REVIEW,False
youtube:UCrYkQnbL_OiYyGuiZyvcO7g,youtube,UCrYkQnbL_OiYyGuiZyvcO7g,Hey Solly,https://www.youtube.com/channel/UCrYkQnbL_OiYyGuiZyvcO7g,HOLD_NEEDS_CHANNEL_REVIEW,NO_CHANNEL_ELIGIBILITY_REVIEW,False
youtube:UCrZZ55RSNNZvURxjffvIDng,youtube,UCrZZ55RSNNZvURxjffvIDng,DieInGamez,https://www.youtube.com/channel/UCrZZ55RSNNZvURxjffvIDng,HOLD_NEEDS_CHANNEL_REVIEW,NO_CHANNEL_ELIGIBILITY_REVIEW,False
youtube:UCroF8LjEdRGOerNXLR0ddLA,youtube,UCroF8LjEdRGOerNXLR0ddLA,Saria Ch.,https://www.youtube.com/channel/UCroF8LjEdRGOerNXLR0ddLA,HOLD_NEEDS_CHANNEL_REVIEW,NO_CHANNEL_ELIGIBILITY_REVIEW,False
youtube:UCrpZITOa4ElrYQ7bjSXn75w,youtube,UCrpZITOa4ElrYQ7bjSXn75w,Kealan Hmm [ECR],https://www.youtube.com/channel/UCrpZITOa4ElrYQ7bjSXn75w,HOLD_NEEDS_CHANNEL_REVIEW,NO_CHANNEL_ELIGIBILITY_REVIEW,False
youtube:UCrrhPvH5ZB7UBcjCajs9OmQ,youtube,UCrrhPvH5ZB7UBcjCajs9OmQ,Valery Ch.【Ti19t】,https://www.youtube.com/channel/UCrrhPvH5ZB7UBcjCajs9OmQ,HOLD_NEEDS_CHANNEL_REVIEW,NO_CHANNEL_ELIGIBILITY_REVIEW,False
youtube:UCrsyP6H1Ftqt503xKE7_CUg,youtube,UCrsyP6H1Ftqt503xKE7_CUg,Akemi Arlin Ch. Pixela Legends,https://www.youtube.com/channel/UCrsyP6H1Ftqt503xKE7_CUg,HOLD_NEEDS_CHANNEL_REVIEW,NO_CHANNEL_ELIGIBILITY_REVIEW,False
youtube:UCrv90qmK4-Yxj_QyNMqBVQA,youtube,UCrv90qmK4-Yxj_QyNMqBVQA,Faethon Uni. Jantra,https://www.youtube.com/channel/UCrv90qmK4-Yxj_QyNMqBVQA,HOLD_NEEDS_CHANNEL_REVIEW,NO_CHANNEL_ELIGIBILITY_REVIEW,False
youtube:UCrvgFjRmdALKWipRU1MQBsQ,youtube,UCrvgFjRmdALKWipRU1MQBsQ,StormBullet,https://www.youtube.com/channel/UCrvgFjRmdALKWipRU1MQBsQ,HOLD_NEEDS_CHANNEL_REVIEW,NO_CHANNEL_ELIGIBILITY_REVIEW,False
youtube:UCs3O6VR89_-NPCUSj29jY3Q,youtube,UCs3O6VR89_-NPCUSj29jY3Q,gingerbelle,https://www.youtube.com/channel/UCs3O6VR89_-NPCUSj29jY3Q,HOLD_NEEDS_CHANNEL_REVIEW,NO_CHANNEL_ELIGIBILITY_REVIEW,False
youtube:UCs9_O1tRPMQTHQ-N_L6FU2g,youtube,UCs9_O1tRPMQTHQ-N_L6FU2g,Takane Lui,https://www.youtube.com/channel/UCs9_O1tRPMQTHQ-N_L6FU2g,HOLD_NEEDS_CHANNEL_REVIEW,NO_CHANNEL_ELIGIBILITY_REVIEW,False
youtube:UCsB043n4HJ1SfywowZACmug,youtube,UCsB043n4HJ1SfywowZACmug,Ané Monie Ch. | OAL,https://www.youtube.com/channel/UCsB043n4HJ1SfywowZACmug,HOLD_NEEDS_CHANNEL_REVIEW,NO_CHANNEL_ELIGIBILITY_REVIEW,False
youtube:UCsBCAX4sd9ro4MhqVTyfOwg,youtube,UCsBCAX4sd9ro4MhqVTyfOwg,Am,https://www.youtube.com/channel/UCsBCAX4sd9ro4MhqVTyfOwg,HOLD_NEEDS_CHANNEL_REVIEW,NO_CHANNEL_ELIGIBILITY_REVIEW,False
youtube:UCsI6assrGUpDX_TmSK4zehg,youtube,UCsI6assrGUpDX_TmSK4zehg,Layniazia Ch.,https://www.youtube.com/channel/UCsI6assrGUpDX_TmSK4zehg,HOLD_NEEDS_CHANNEL_REVIEW,NO_CHANNEL_ELIGIBILITY_REVIEW,False
youtube:UCsO3bLRlRtET6FMH0KIWvYQ,youtube,UCsO3bLRlRtET6FMH0KIWvYQ,SCSugarZ.,https://www.youtube.com/channel/UCsO3bLRlRtET6FMH0KIWvYQ,HOLD_NEEDS_CHANNEL_REVIEW,NO_CHANNEL_ELIGIBILITY_REVIEW,False
youtube:UCsPn9TRLJIGDWPnfa32EX7Q,youtube,UCsPn9TRLJIGDWPnfa32EX7Q,Este Ch.,https://www.youtube.com/channel/UCsPn9TRLJIGDWPnfa32EX7Q,HOLD_NEEDS_CHANNEL_REVIEW,NO_CHANNEL_ELIGIBILITY_REVIEW,False
youtube:UCsQphFL62QU4XfvjN4B0kAQ,youtube,UCsQphFL62QU4XfvjN4B0kAQ,RuLaRaLan,https://www.youtube.com/channel/UCsQphFL62QU4XfvjN4B0kAQ,HOLD_NEEDS_CHANNEL_REVIEW,NO_CHANNEL_ELIGIBILITY_REVIEW,False
youtube:UCsQqb5obLoEfcDoiaZFM7LA,youtube,UCsQqb5obLoEfcDoiaZFM7LA,moujob,https://www.youtube.com/channel/UCsQqb5obLoEfcDoiaZFM7LA,HOLD_NEEDS_CHANNEL_REVIEW,NO_CHANNEL_ELIGIBILITY_REVIEW,False
youtube:UCsZSZCsOh_00oTBLdk2w-GA,youtube,UCsZSZCsOh_00oTBLdk2w-GA,Haguruma,https://www.youtube.com/channel/UCsZSZCsOh_00oTBLdk2w-GA,HOLD_NEEDS_CHANNEL_REVIEW,NO_CHANNEL_ELIGIBILITY_REVIEW,False
youtube:UCsg4TnP4vfR82IvQ5FKC9Cg,youtube,UCsg4TnP4vfR82IvQ5FKC9Cg,Yasou Azrael Ch. / AStars,https://www.youtube.com/channel/UCsg4TnP4vfR82IvQ5FKC9Cg,HOLD_NEEDS_CHANNEL_REVIEW,NO_CHANNEL_ELIGIBILITY_REVIEW,False
youtube:UCsopSzBjIt3naRqabJrXpRA,youtube,UCsopSzBjIt3naRqabJrXpRA,PRAEAM_SLX,https://www.youtube.com/channel/UCsopSzBjIt3naRqabJrXpRA,HOLD_NEEDS_CHANNEL_REVIEW,NO_CHANNEL_ELIGIBILITY_REVIEW,False
youtube:UCsqbAJWvp5DMgg69Clc81pA,youtube,UCsqbAJWvp5DMgg69Clc81pA,Devto Demon,https://www.youtube.com/channel/UCsqbAJWvp5DMgg69Clc81pA,HOLD_NEEDS_CHANNEL_REVIEW,NO_CHANNEL_ELIGIBILITY_REVIEW,False
youtube:UCsrs6PQ6BxBGZbDuuD8i6iA,youtube,UCsrs6PQ6BxBGZbDuuD8i6iA,MerryKomori Lu.,https://www.youtube.com/channel/UCsrs6PQ6BxBGZbDuuD8i6iA,HOLD_NEEDS_CHANNEL_REVIEW,NO_CHANNEL_ELIGIBILITY_REVIEW,False
youtube:UCsvM-x2McjES-pJMGfq8PuA,youtube,UCsvM-x2McjES-pJMGfq8PuA,Rafinia Ch.,https://www.youtube.com/channel/UCsvM-x2McjES-pJMGfq8PuA,HOLD_NEEDS_CHANNEL_REVIEW,NO_CHANNEL_ELIGIBILITY_REVIEW,False
youtube:UCsyvaOTDKdgG_iglzRnWzOQ,youtube,UCsyvaOTDKdgG_iglzRnWzOQ,Mr. Jameson,https://www.youtube.com/channel/UCsyvaOTDKdgG_iglzRnWzOQ,HOLD_NEEDS_CHANNEL_REVIEW,NO_CHANNEL_ELIGIBILITY_REVIEW,False
youtube:UCt-_7LOFGUhAQGzePZtbYZg,youtube,UCt-_7LOFGUhAQGzePZtbYZg,Renkon Ch.,https://www.youtube.com/channel/UCt-_7LOFGUhAQGzePZtbYZg,HOLD_NEEDS_CHANNEL_REVIEW,NO_CHANNEL_ELIGIBILITY_REVIEW,False
youtube:UCt27auVkfJgmTnKJI6UAZwg,youtube,UCt27auVkfJgmTnKJI6UAZwg,Mali_SLR,https://www.youtube.com/channel/UCt27auVkfJgmTnKJI6UAZwg,HOLD_NEEDS_CHANNEL_REVIEW,NO_CHANNEL_ELIGIBILITY_REVIEW,False
youtube:UCt2nUyG9wE579wkiik-bfHQ,youtube,UCt2nUyG9wE579wkiik-bfHQ,Amy Chan ◤VTP◢,https://www.youtube.com/channel/UCt2nUyG9wE579wkiik-bfHQ,HOLD_NEEDS_CHANNEL_REVIEW,NO_CHANNEL_ELIGIBILITY_REVIEW,False
youtube:UCt3VBRNF3sR05y763RZx2xw,youtube,UCt3VBRNF3sR05y763RZx2xw,AELA CH. [EC19 Projekt],https://www.youtube.com/channel/UCt3VBRNF3sR05y763RZx2xw,HOLD_NEEDS_CHANNEL_REVIEW,EXACT_CHANNEL_ID_REVIEW,False
youtube:UCt483dpJFmpjRjADkNCWj1A,youtube,UCt483dpJFmpjRjADkNCWj1A,Bluwey Ch,https://www.youtube.com/channel/UCt483dpJFmpjRjADkNCWj1A,HOLD_NEEDS_CHANNEL_REVIEW,NO_CHANNEL_ELIGIBILITY_REVIEW,False
youtube:UCt5N-YObN60x8TQTMh6mvbw,youtube,UCt5N-YObN60x8TQTMh6mvbw,Chiiaki Jellyfishkun,https://www.youtube.com/channel/UCt5N-YObN60x8TQTMh6mvbw,HOLD_NEEDS_CHANNEL_REVIEW,NO_CHANNEL_ELIGIBILITY_REVIEW,False
youtube:UCt6FZvZeGX7_0dFT5bibXig,youtube,UCt6FZvZeGX7_0dFT5bibXig,Banpratou,https://www.youtube.com/channel/UCt6FZvZeGX7_0dFT5bibXig,HOLD_NEEDS_CHANNEL_REVIEW,NO_CHANNEL_ELIGIBILITY_REVIEW,False
youtube:UCt8NgIONfmrNcyJt26ntJQg,youtube,UCt8NgIONfmrNcyJt26ntJQg,Yozora /星屑 夜空 Ch.,https://www.youtube.com/channel/UCt8NgIONfmrNcyJt26ntJQg,HOLD_NEEDS_CHANNEL_REVIEW,EXACT_CHANNEL_ID_REVIEW,False
youtube:UCt8vlwt6qi6P1mz5uuStJCA,youtube,UCt8vlwt6qi6P1mz5uuStJCA,Shimonz,https://www.youtube.com/channel/UCt8vlwt6qi6P1mz5uuStJCA,HOLD_NEEDS_CHANNEL_REVIEW,NO_CHANNEL_ELIGIBILITY_REVIEW,False
youtube:UCtD7KwwGOSgFu4FEd46msMg,youtube,UCtD7KwwGOSgFu4FEd46msMg,Mylah Ch.,https://www.youtube.com/channel/UCtD7KwwGOSgFu4FEd46msMg,HOLD_NEEDS_CHANNEL_REVIEW,NO_CHANNEL_ELIGIBILITY_REVIEW,False
youtube:UCtEA5OK8LV4vf3Pi8M0dxjQ,youtube,UCtEA5OK8LV4vf3Pi8M0dxjQ,Frederick Ch.,https://www.youtube.com/channel/UCtEA5OK8LV4vf3Pi8M0dxjQ,HOLD_NEEDS_CHANNEL_REVIEW,NO_CHANNEL_ELIGIBILITY_REVIEW,False
youtube:UCtECeyZ_Uc-oE4fJCt3YPoA,youtube,UCtECeyZ_Uc-oE4fJCt3YPoA,Byte001_SLR,https://www.youtube.com/channel/UCtECeyZ_Uc-oE4fJCt3YPoA,HOLD_NEEDS_CHANNEL_REVIEW,NO_CHANNEL_ELIGIBILITY_REVIEW,False
youtube:UCtGhO6z6GxqtBZ4gP-3rUpA,youtube,UCtGhO6z6GxqtBZ4gP-3rUpA,TakumaRei「บ่นไปเรื่อย」,https://www.youtube.com/channel/UCtGhO6z6GxqtBZ4gP-3rUpA,HOLD_NEEDS_CHANNEL_REVIEW,NO_CHANNEL_ELIGIBILITY_REVIEW,False
youtube:UCtHdI-Bb1OWP9VaQpBHy7kg,youtube,UCtHdI-Bb1OWP9VaQpBHy7kg,Titorch Ch.,https://www.youtube.com/channel/UCtHdI-Bb1OWP9VaQpBHy7kg,HOLD_NEEDS_CHANNEL_REVIEW,NO_CHANNEL_ELIGIBILITY_REVIEW,False
youtube:UCtI52RQ3VagjRMERxov_OxA,youtube,UCtI52RQ3VagjRMERxov_OxA,Nyamaru Yui,https://www.youtube.com/channel/UCtI52RQ3VagjRMERxov_OxA,HOLD_NEEDS_CHANNEL_REVIEW,EXACT_CHANNEL_ID_REVIEW,False
youtube:UCtJXU7YRwS-Cc8pu8U8bicg,youtube,UCtJXU7YRwS-Cc8pu8U8bicg,Chiziz R Fa,https://www.youtube.com/channel/UCtJXU7YRwS-Cc8pu8U8bicg,HOLD_NEEDS_CHANNEL_REVIEW,NO_CHANNEL_ELIGIBILITY_REVIEW,False
youtube:UCtPjQ122cAR7pcv0NiSPhyQ,youtube,UCtPjQ122cAR7pcv0NiSPhyQ,Thara Ocean Fae ,https://www.youtube.com/channel/UCtPjQ122cAR7pcv0NiSPhyQ,HOLD_NEEDS_CHANNEL_REVIEW,EXACT_CHANNEL_ID_REVIEW,False
youtube:UCtTZglpnK3yce4PUZNBUS0w,youtube,UCtTZglpnK3yce4PUZNBUS0w,MillyBill Ch.,https://www.youtube.com/channel/UCtTZglpnK3yce4PUZNBUS0w,HOLD_NEEDS_CHANNEL_REVIEW,NO_CHANNEL_ELIGIBILITY_REVIEW,False
youtube:UCtXAgf3uaHnIZyLr3fF8Fnw,youtube,UCtXAgf3uaHnIZyLr3fF8Fnw,Faribell SEIREKI [ 西暦 ],https://www.youtube.com/channel/UCtXAgf3uaHnIZyLr3fF8Fnw,HOLD_NEEDS_CHANNEL_REVIEW,NO_CHANNEL_ELIGIBILITY_REVIEW,False
youtube:UCtiDekGvmiFPVU6hfUDprcw,youtube,UCtiDekGvmiFPVU6hfUDprcw,TIWa_SAMA Ch.,https://www.youtube.com/channel/UCtiDekGvmiFPVU6hfUDprcw,HOLD_NEEDS_CHANNEL_REVIEW,NO_CHANNEL_ELIGIBILITY_REVIEW,False
youtube:UCtk8lcwk_Gx9egTljfiCMYw,youtube,UCtk8lcwk_Gx9egTljfiCMYw,Qmulaz,https://www.youtube.com/channel/UCtk8lcwk_Gx9egTljfiCMYw,HOLD_NEEDS_CHANNEL_REVIEW,NO_CHANNEL_ELIGIBILITY_REVIEW,False
youtube:UCtorf7cuSwiGmA2lEuuubCQ,youtube,UCtorf7cuSwiGmA2lEuuubCQ,LUNA NENE ◤VTP◢,https://www.youtube.com/channel/UCtorf7cuSwiGmA2lEuuubCQ,HOLD_NEEDS_CHANNEL_REVIEW,NO_CHANNEL_ELIGIBILITY_REVIEW,False
youtube:UCtqg53LG-0LfkUn5PssQr_g,youtube,UCtqg53LG-0LfkUn5PssQr_g,Kumi Chan「クミちゃん」,https://www.youtube.com/channel/UCtqg53LG-0LfkUn5PssQr_g,HOLD_NEEDS_CHANNEL_REVIEW,NO_CHANNEL_ELIGIBILITY_REVIEW,False
youtube:UCtwkgAaBfYn8dGavjDAITxg,youtube,UCtwkgAaBfYn8dGavjDAITxg,Kitsunebana Aiku Ch.,https://www.youtube.com/channel/UCtwkgAaBfYn8dGavjDAITxg,HOLD_NEEDS_CHANNEL_REVIEW,NO_CHANNEL_ELIGIBILITY_REVIEW,False
youtube:UCtzBNRsOnn_xYOmXm09YAMw,youtube,UCtzBNRsOnn_xYOmXm09YAMw,Tanujo [ECR],https://www.youtube.com/channel/UCtzBNRsOnn_xYOmXm09YAMw,HOLD_NEEDS_CHANNEL_REVIEW,NO_CHANNEL_ELIGIBILITY_REVIEW,False
youtube:UCu5HHrUzCcFmIgeIqImDUhQ,youtube,UCu5HHrUzCcFmIgeIqImDUhQ,Rubii Ch.,https://www.youtube.com/channel/UCu5HHrUzCcFmIgeIqImDUhQ,HOLD_NEEDS_CHANNEL_REVIEW,EXACT_CHANNEL_ID_REVIEW,False
youtube:UCu5cg0PIbWKd3VuBgu6KDIA,youtube,UCu5cg0PIbWKd3VuBgu6KDIA,Natsu Ch.,https://www.youtube.com/channel/UCu5cg0PIbWKd3VuBgu6KDIA,HOLD_NEEDS_CHANNEL_REVIEW,NO_CHANNEL_ELIGIBILITY_REVIEW,False
youtube:UCuSeRbNKfziUQdW6hZgiZjw,youtube,UCuSeRbNKfziUQdW6hZgiZjw,Lu Yao Ch.,https://www.youtube.com/channel/UCuSeRbNKfziUQdW6hZgiZjw,HOLD_NEEDS_CHANNEL_REVIEW,NO_CHANNEL_ELIGIBILITY_REVIEW,False
youtube:UCuknM_MfOGBZgedmcu8sf-w,youtube,UCuknM_MfOGBZgedmcu8sf-w,•Battosenpai•,https://www.youtube.com/channel/UCuknM_MfOGBZgedmcu8sf-w,HOLD_NEEDS_CHANNEL_REVIEW,NO_CHANNEL_ELIGIBILITY_REVIEW,False
youtube:UCus7FjtV4qGWS1v1GIhfZaQ,youtube,UCus7FjtV4qGWS1v1GIhfZaQ,Wallace VV,https://www.youtube.com/channel/UCus7FjtV4qGWS1v1GIhfZaQ,HOLD_NEEDS_CHANNEL_REVIEW,NO_CHANNEL_ELIGIBILITY_REVIEW,False
youtube:UCuyrIzf_bCTnyJHktJVpe4g,youtube,UCuyrIzf_bCTnyJHktJVpe4g,Atlanteia Sireen Ch. Lumina-First-Myth,https://www.youtube.com/channel/UCuyrIzf_bCTnyJHktJVpe4g,HOLD_NEEDS_CHANNEL_REVIEW,EXACT_CHANNEL_ID_REVIEW,False
youtube:UCv4vY8ecIowhnHMvuNt7ywg,youtube,UCv4vY8ecIowhnHMvuNt7ywg,Evelyn Treeswift,https://www.youtube.com/channel/UCv4vY8ecIowhnHMvuNt7ywg,HOLD_NEEDS_CHANNEL_REVIEW,NO_CHANNEL_ELIGIBILITY_REVIEW,False
youtube:UCv6T5E7meuUtXHOAg_jQonQ,youtube,UCv6T5E7meuUtXHOAg_jQonQ,Leona Channel『VW』,https://www.youtube.com/channel/UCv6T5E7meuUtXHOAg_jQonQ,HOLD_NEEDS_CHANNEL_REVIEW,NO_CHANNEL_ELIGIBILITY_REVIEW,False
youtube:UCv8Jc5Icn5MIoBC1g-dXH8Q,youtube,UCv8Jc5Icn5MIoBC1g-dXH8Q,- MINTKUNG XD -,https://www.youtube.com/channel/UCv8Jc5Icn5MIoBC1g-dXH8Q,HOLD_NEEDS_CHANNEL_REVIEW,EXACT_CHANNEL_ID_REVIEW,False
youtube:UCvAjpLYnhtnZn-6UDT4rraQ,youtube,UCvAjpLYnhtnZn-6UDT4rraQ,TOMA Ch.,https://www.youtube.com/channel/UCvAjpLYnhtnZn-6UDT4rraQ,HOLD_NEEDS_CHANNEL_REVIEW,NO_CHANNEL_ELIGIBILITY_REVIEW,False
youtube:UCvHE8ZCOcfZR_8HvmBA9JBw,youtube,UCvHE8ZCOcfZR_8HvmBA9JBw,Kapz,https://www.youtube.com/channel/UCvHE8ZCOcfZR_8HvmBA9JBw,HOLD_NEEDS_CHANNEL_REVIEW,NO_CHANNEL_ELIGIBILITY_REVIEW,False
youtube:UCvJ9kX_3beaSWPPfHPBq8Uw,youtube,UCvJ9kX_3beaSWPPfHPBq8Uw,Rong da Ferret ,https://www.youtube.com/channel/UCvJ9kX_3beaSWPPfHPBq8Uw,HOLD_NEEDS_CHANNEL_REVIEW,NO_CHANNEL_ELIGIBILITY_REVIEW,False
youtube:UCvOrkbDoUwKzbtODiiU8YXg,youtube,UCvOrkbDoUwKzbtODiiU8YXg,Mirae Solstice🌌VtuberTH🌅,https://www.youtube.com/channel/UCvOrkbDoUwKzbtODiiU8YXg,HOLD_NEEDS_CHANNEL_REVIEW,NO_CHANNEL_ELIGIBILITY_REVIEW,False
youtube:UCvQ3ivV2lcNxaSr66Xl_Kcw,youtube,UCvQ3ivV2lcNxaSr66Xl_Kcw,【แวมเป้า】- Vampaow,https://www.youtube.com/channel/UCvQ3ivV2lcNxaSr66Xl_Kcw,HOLD_NEEDS_CHANNEL_REVIEW,NO_CHANNEL_ELIGIBILITY_REVIEW,False
youtube:UCvTchQs3VuPF74Y3e6pPAMQ,youtube,UCvTchQs3VuPF74Y3e6pPAMQ,SwordAce,https://www.youtube.com/channel/UCvTchQs3VuPF74Y3e6pPAMQ,HOLD_NEEDS_CHANNEL_REVIEW,NO_CHANNEL_ELIGIBILITY_REVIEW,False
youtube:UCvWAlkD3Aguu5zAh7X3ZPPA,youtube,UCvWAlkD3Aguu5zAh7X3ZPPA,Miguel Noxz,https://www.youtube.com/channel/UCvWAlkD3Aguu5zAh7X3ZPPA,HOLD_NEEDS_CHANNEL_REVIEW,NO_CHANNEL_ELIGIBILITY_REVIEW,False
youtube:UCvX83QsQu4NvT0pnEC6b9Hg,youtube,UCvX83QsQu4NvT0pnEC6b9Hg,Daiji Inuyuki 《 OTL 》,https://www.youtube.com/channel/UCvX83QsQu4NvT0pnEC6b9Hg,HOLD_NEEDS_CHANNEL_REVIEW,EXACT_CHANNEL_ID_REVIEW,False
youtube:UCvYUivIS4WcgfACH3xBJ0DQ,youtube,UCvYUivIS4WcgfACH3xBJ0DQ,Zayn Ch【 HZ 】,https://www.youtube.com/channel/UCvYUivIS4WcgfACH3xBJ0DQ,HOLD_NEEDS_CHANNEL_REVIEW,EXACT_CHANNEL_ID_REVIEW,False
youtube:UCvZWxyOOheSuqwVVIT-lJjw,youtube,UCvZWxyOOheSuqwVVIT-lJjw,It's SouYuu vtb,https://www.youtube.com/channel/UCvZWxyOOheSuqwVVIT-lJjw,HOLD_NEEDS_CHANNEL_REVIEW,NO_CHANNEL_ELIGIBILITY_REVIEW,False
youtube:UCvbHZ8Ye_C0BHMLVU9F9nuA,youtube,UCvbHZ8Ye_C0BHMLVU9F9nuA,NALIKA Vtuber,https://www.youtube.com/channel/UCvbHZ8Ye_C0BHMLVU9F9nuA,HOLD_NEEDS_CHANNEL_REVIEW,NO_CHANNEL_ELIGIBILITY_REVIEW,False
youtube:UCvjP5hF6Z7o8C4HWEVZmVSQ,youtube,UCvjP5hF6Z7o8C4HWEVZmVSQ,Amello,https://www.youtube.com/channel/UCvjP5hF6Z7o8C4HWEVZmVSQ,HOLD_NEEDS_CHANNEL_REVIEW,NO_CHANNEL_ELIGIBILITY_REVIEW,False
youtube:UCvk4wE32YLgO7MhSBNDx2Xw,youtube,UCvk4wE32YLgO7MhSBNDx2Xw,RIPry - ริบหรี่,https://www.youtube.com/channel/UCvk4wE32YLgO7MhSBNDx2Xw,HOLD_NEEDS_CHANNEL_REVIEW,NO_CHANNEL_ELIGIBILITY_REVIEW,False
youtube:UCvkWF6PZ6h7T9wOej3bWGcw,youtube,UCvkWF6PZ6h7T9wOej3bWGcw,Zariza Ophius Ch.,https://www.youtube.com/channel/UCvkWF6PZ6h7T9wOej3bWGcw,HOLD_NEEDS_CHANNEL_REVIEW,NO_CHANNEL_ELIGIBILITY_REVIEW,False
youtube:UCvob8U-yjPS-fSf5bq7jvGw,youtube,UCvob8U-yjPS-fSf5bq7jvGw,Umino Ciala Ch. Pixela Legends,https://www.youtube.com/channel/UCvob8U-yjPS-fSf5bq7jvGw,HOLD_NEEDS_CHANNEL_REVIEW,NO_CHANNEL_ELIGIBILITY_REVIEW,False
youtube:UCvsZDzO8ATDZJJgkhVlWopg,youtube,UCvsZDzO8ATDZJJgkhVlWopg,Xeno Horizon,https://www.youtube.com/channel/UCvsZDzO8ATDZJJgkhVlWopg,HOLD_NEEDS_CHANNEL_REVIEW,NO_CHANNEL_ELIGIBILITY_REVIEW,False
youtube:UCw-oKO2PVt2CvgcEjuODDRw,youtube,UCw-oKO2PVt2CvgcEjuODDRw,Yukito - ユキト,https://www.youtube.com/channel/UCw-oKO2PVt2CvgcEjuODDRw,HOLD_NEEDS_CHANNEL_REVIEW,NO_CHANNEL_ELIGIBILITY_REVIEW,False
youtube:UCw64ItsCX0Cb4lCjb68oTpw,youtube,UCw64ItsCX0Cb4lCjb68oTpw,Eileennoir Ch.,https://www.youtube.com/channel/UCw64ItsCX0Cb4lCjb68oTpw,HOLD_NEEDS_CHANNEL_REVIEW,NO_CHANNEL_ELIGIBILITY_REVIEW,False
youtube:UCwHZUHipePFREEvP-5xT3MA,youtube,UCwHZUHipePFREEvP-5xT3MA,【graduated】Lenezmee Dollynx Ch. / AStars Amakara,https://www.youtube.com/channel/UCwHZUHipePFREEvP-5xT3MA,HOLD_NEEDS_CHANNEL_REVIEW,NO_CHANNEL_ELIGIBILITY_REVIEW,False
youtube:UCwKydIfpAlllZap4K7dzJ4g,youtube,UCwKydIfpAlllZap4K7dzJ4g,HyougaAlpha Ch.【ARP】,https://www.youtube.com/channel/UCwKydIfpAlllZap4K7dzJ4g,HOLD_NEEDS_CHANNEL_REVIEW,NO_CHANNEL_ELIGIBILITY_REVIEW,False
youtube:UCwLCMt4wN6dTIWvxt0w95rQ,youtube,UCwLCMt4wN6dTIWvxt0w95rQ,Alvina Ch,https://www.youtube.com/channel/UCwLCMt4wN6dTIWvxt0w95rQ,HOLD_NEEDS_CHANNEL_REVIEW,NO_CHANNEL_ELIGIBILITY_REVIEW,False
youtube:UCwUOnMoqNijxs5e6GbfRJ3Q,youtube,UCwUOnMoqNijxs5e6GbfRJ3Q,ANT4ZIN,https://www.youtube.com/channel/UCwUOnMoqNijxs5e6GbfRJ3Q,HOLD_NEEDS_CHANNEL_REVIEW,NO_CHANNEL_ELIGIBILITY_REVIEW,False
youtube:UCwUlSrFBV74QvDBE112cibw,youtube,UCwUlSrFBV74QvDBE112cibw,Aii MangaPink ch,https://www.youtube.com/channel/UCwUlSrFBV74QvDBE112cibw,HOLD_NEEDS_CHANNEL_REVIEW,NO_CHANNEL_ELIGIBILITY_REVIEW,False
youtube:UCwV_WXNH4iIvUJIVddjyhbg,youtube,UCwV_WXNH4iIvUJIVddjyhbg,RA1NY ⌜VZ⌟,https://www.youtube.com/channel/UCwV_WXNH4iIvUJIVddjyhbg,HOLD_NEEDS_CHANNEL_REVIEW,NO_CHANNEL_ELIGIBILITY_REVIEW,False
youtube:UCw_7F4A38u-T_craqX6_OpQ,youtube,UCw_7F4A38u-T_craqX6_OpQ,LINCKIA Ch.,https://www.youtube.com/channel/UCw_7F4A38u-T_craqX6_OpQ,HOLD_NEEDS_CHANNEL_REVIEW,EXACT_CHANNEL_ID_REVIEW,False
youtube:UCwhHNYldCXfIX6UtRY0VTjw,youtube,UCwhHNYldCXfIX6UtRY0VTjw,Seren Channel,https://www.youtube.com/channel/UCwhHNYldCXfIX6UtRY0VTjw,HOLD_NEEDS_CHANNEL_REVIEW,NO_CHANNEL_ELIGIBILITY_REVIEW,False
youtube:UCx0dAEK6I00_Q7l9HJN86bQ,youtube,UCx0dAEK6I00_Q7l9HJN86bQ,Chika Ch. Flora Project,https://www.youtube.com/channel/UCx0dAEK6I00_Q7l9HJN86bQ,HOLD_NEEDS_CHANNEL_REVIEW,NO_CHANNEL_ELIGIBILITY_REVIEW,False
youtube:UCx1g_QQFax29m6z1UXLTI3g,youtube,UCx1g_QQFax29m6z1UXLTI3g,Fiatake,https://www.youtube.com/channel/UCx1g_QQFax29m6z1UXLTI3g,HOLD_NEEDS_CHANNEL_REVIEW,NO_CHANNEL_ELIGIBILITY_REVIEW,False
youtube:UCx5NsY_dUUU2NHK2P8u10xQ,youtube,UCx5NsY_dUUU2NHK2P8u10xQ,Ngerntong-เงินทอง,https://www.youtube.com/channel/UCx5NsY_dUUU2NHK2P8u10xQ,HOLD_NEEDS_CHANNEL_REVIEW,EXACT_CHANNEL_ID_REVIEW,False
youtube:UCxH2k-7jm1hMVcujrnMMj0A,youtube,UCxH2k-7jm1hMVcujrnMMj0A,Ryouta OrcusX Ch.,https://www.youtube.com/channel/UCxH2k-7jm1hMVcujrnMMj0A,HOLD_NEEDS_CHANNEL_REVIEW,NO_CHANNEL_ELIGIBILITY_REVIEW,False
youtube:UCxI2vEES81ViqI4xs7dnsnA,youtube,UCxI2vEES81ViqI4xs7dnsnA,I'Shida,https://www.youtube.com/channel/UCxI2vEES81ViqI4xs7dnsnA,HOLD_NEEDS_CHANNEL_REVIEW,NO_CHANNEL_ELIGIBILITY_REVIEW,False
youtube:UCxIaiSqWfGmUoAkcT6A8LAA,youtube,UCxIaiSqWfGmUoAkcT6A8LAA,Lania Ch『VW』,https://www.youtube.com/channel/UCxIaiSqWfGmUoAkcT6A8LAA,HOLD_NEEDS_CHANNEL_REVIEW,NO_CHANNEL_ELIGIBILITY_REVIEW,False
youtube:UCxLACuzMdL0qGzmXBu1VwJg,youtube,UCxLACuzMdL0qGzmXBu1VwJg,Yuusa Ch. 優桜ヨルモ,https://www.youtube.com/channel/UCxLACuzMdL0qGzmXBu1VwJg,HOLD_NEEDS_CHANNEL_REVIEW,NO_CHANNEL_ELIGIBILITY_REVIEW,False
youtube:UCxLMvBlryxSsteqI9L8RmZg,youtube,UCxLMvBlryxSsteqI9L8RmZg,NEBUEL | VTUBER,https://www.youtube.com/channel/UCxLMvBlryxSsteqI9L8RmZg,HOLD_NEEDS_CHANNEL_REVIEW,EXACT_CHANNEL_ID_REVIEW,False
youtube:UCxWsr2bxzcNitGtnPk9hRbQ,youtube,UCxWsr2bxzcNitGtnPk9hRbQ,StellarParticle,https://www.youtube.com/channel/UCxWsr2bxzcNitGtnPk9hRbQ,HOLD_NEEDS_CHANNEL_REVIEW,NO_CHANNEL_ELIGIBILITY_REVIEW,False
youtube:UCx_2bHOqtU_pUtB62VDRF8Q,youtube,UCx_2bHOqtU_pUtB62VDRF8Q,G_round,https://www.youtube.com/channel/UCx_2bHOqtU_pUtB62VDRF8Q,HOLD_NEEDS_CHANNEL_REVIEW,NO_CHANNEL_ELIGIBILITY_REVIEW,False
youtube:UCx_E2v60IowRRNd5nb-4uBQ,youtube,UCx_E2v60IowRRNd5nb-4uBQ,Murkiel Ch.,https://www.youtube.com/channel/UCx_E2v60IowRRNd5nb-4uBQ,HOLD_NEEDS_CHANNEL_REVIEW,EXACT_CHANNEL_ID_REVIEW,False
youtube:UCxaiTOKjBqy0b9am_EGvexA,youtube,UCxaiTOKjBqy0b9am_EGvexA,HoshinoKuroi Ch.,https://www.youtube.com/channel/UCxaiTOKjBqy0b9am_EGvexA,HOLD_NEEDS_CHANNEL_REVIEW,NO_CHANNEL_ELIGIBILITY_REVIEW,False
youtube:UCxcmm1lpyL1Z3o7SgPAM1nw,youtube,UCxcmm1lpyL1Z3o7SgPAM1nw,Haori Circinus Ch.,https://www.youtube.com/channel/UCxcmm1lpyL1Z3o7SgPAM1nw,HOLD_NEEDS_CHANNEL_REVIEW,NO_CHANNEL_ELIGIBILITY_REVIEW,False
youtube:UCxfx5BudsoFOV-TLl0RdFNw,youtube,UCxfx5BudsoFOV-TLl0RdFNw,ChaoPlaThong,https://www.youtube.com/channel/UCxfx5BudsoFOV-TLl0RdFNw,HOLD_NEEDS_CHANNEL_REVIEW,NO_CHANNEL_ELIGIBILITY_REVIEW,False
youtube:UCxhTc8KCXqpWtvpBqx_Yi8g,youtube,UCxhTc8KCXqpWtvpBqx_Yi8g,Seijo Ch.,https://www.youtube.com/channel/UCxhTc8KCXqpWtvpBqx_Yi8g,HOLD_NEEDS_CHANNEL_REVIEW,EXACT_CHANNEL_ID_REVIEW,False
youtube:UCxk5wi2uWUh2hVlTuP7dW4A,youtube,UCxk5wi2uWUh2hVlTuP7dW4A,A la Charmine,https://www.youtube.com/channel/UCxk5wi2uWUh2hVlTuP7dW4A,HOLD_NEEDS_CHANNEL_REVIEW,NO_CHANNEL_ELIGIBILITY_REVIEW,False
youtube:UCxn_EkDl0yi45LN2H00ddiQ,youtube,UCxn_EkDl0yi45LN2H00ddiQ,SEO A XAY,https://www.youtube.com/channel/UCxn_EkDl0yi45LN2H00ddiQ,HOLD_NEEDS_CHANNEL_REVIEW,NO_CHANNEL_ELIGIBILITY_REVIEW,False
youtube:UCxnehbcB4sU8tjcfRsKxqGw,youtube,UCxnehbcB4sU8tjcfRsKxqGw,Lana Vtuber,https://www.youtube.com/channel/UCxnehbcB4sU8tjcfRsKxqGw,HOLD_NEEDS_CHANNEL_REVIEW,NO_CHANNEL_ELIGIBILITY_REVIEW,False
youtube:UCxsvotVZGKCimeSlzK9bSzA,youtube,UCxsvotVZGKCimeSlzK9bSzA,deksammy,https://www.youtube.com/channel/UCxsvotVZGKCimeSlzK9bSzA,HOLD_NEEDS_CHANNEL_REVIEW,NO_CHANNEL_ELIGIBILITY_REVIEW,False
youtube:UCxsyPoIG4fruqHyq91UwIMQ,youtube,UCxsyPoIG4fruqHyq91UwIMQ,NICHA Ch. 【SSR】,https://www.youtube.com/channel/UCxsyPoIG4fruqHyq91UwIMQ,HOLD_NEEDS_CHANNEL_REVIEW,NO_CHANNEL_ELIGIBILITY_REVIEW,False
youtube:UCxvs-I90Ta71nqbT62ATU2A,youtube,UCxvs-I90Ta71nqbT62ATU2A,Kuriimu Ch.,https://www.youtube.com/channel/UCxvs-I90Ta71nqbT62ATU2A,HOLD_NEEDS_CHANNEL_REVIEW,NO_CHANNEL_ELIGIBILITY_REVIEW,False
youtube:UCyA1KEXjcq2za_bsJp9KmZQ,youtube,UCyA1KEXjcq2za_bsJp9KmZQ,RAF4EL,https://www.youtube.com/channel/UCyA1KEXjcq2za_bsJp9KmZQ,HOLD_NEEDS_CHANNEL_REVIEW,NO_CHANNEL_ELIGIBILITY_REVIEW,False
youtube:UCyBovYeA-FnqRz8sigBql8w,youtube,UCyBovYeA-FnqRz8sigBql8w,Nomu | Live2D,https://www.youtube.com/channel/UCyBovYeA-FnqRz8sigBql8w,HOLD_NEEDS_CHANNEL_REVIEW,NO_CHANNEL_ELIGIBILITY_REVIEW,False
youtube:UCyC0qxWVTV7Aq0WdyBkeypw,youtube,UCyC0qxWVTV7Aq0WdyBkeypw,Rera Drago ch. AKD,https://www.youtube.com/channel/UCyC0qxWVTV7Aq0WdyBkeypw,HOLD_NEEDS_CHANNEL_REVIEW,NO_CHANNEL_ELIGIBILITY_REVIEW,False
youtube:UCyHbGgiIiuzrZUX-VKVsmcw,youtube,UCyHbGgiIiuzrZUX-VKVsmcw,MIINA Ch.,https://www.youtube.com/channel/UCyHbGgiIiuzrZUX-VKVsmcw,HOLD_NEEDS_CHANNEL_REVIEW,EXACT_CHANNEL_ID_REVIEW,False
youtube:UCyHu19qHV0hFQyK3ZOhtcnA,youtube,UCyHu19qHV0hFQyK3ZOhtcnA,Nuttiz,https://www.youtube.com/channel/UCyHu19qHV0hFQyK3ZOhtcnA,HOLD_NEEDS_CHANNEL_REVIEW,NO_CHANNEL_ELIGIBILITY_REVIEW,False
youtube:UCyJplWD3_LWpNMOOkiVVurg,youtube,UCyJplWD3_LWpNMOOkiVVurg,DEV Ch.【ARP】,https://www.youtube.com/channel/UCyJplWD3_LWpNMOOkiVVurg,HOLD_NEEDS_CHANNEL_REVIEW,NO_CHANNEL_ELIGIBILITY_REVIEW,False
youtube:UCyMsZpmjEnQxpem3QEJ1G4Q,youtube,UCyMsZpmjEnQxpem3QEJ1G4Q,Arisa อาริสาและภาษาญี่ปุ่น,https://www.youtube.com/channel/UCyMsZpmjEnQxpem3QEJ1G4Q,HOLD_NEEDS_CHANNEL_REVIEW,NO_CHANNEL_ELIGIBILITY_REVIEW,False
youtube:UCyPXMeC0RCQPGlImQXmN8xg,youtube,UCyPXMeC0RCQPGlImQXmN8xg,Oni Shinkim Ch.【PSM】,https://www.youtube.com/channel/UCyPXMeC0RCQPGlImQXmN8xg,HOLD_NEEDS_CHANNEL_REVIEW,NO_CHANNEL_ELIGIBILITY_REVIEW,False
youtube:UCyXcXkTe7XZYGvX7A3_f3Jw,youtube,UCyXcXkTe7XZYGvX7A3_f3Jw,ONOMIL Ch.,https://www.youtube.com/channel/UCyXcXkTe7XZYGvX7A3_f3Jw,HOLD_NEEDS_CHANNEL_REVIEW,NO_CHANNEL_ELIGIBILITY_REVIEW,False
youtube:UCyZOcyIIrCmWMWlZCbPL9kw,youtube,UCyZOcyIIrCmWMWlZCbPL9kw,ไดได ⨳ECR⨳,https://www.youtube.com/channel/UCyZOcyIIrCmWMWlZCbPL9kw,HOLD_NEEDS_CHANNEL_REVIEW,NO_CHANNEL_ELIGIBILITY_REVIEW,False
youtube:UCydCZ9HbM9TbvXwsoI8rSdQ,youtube,UCydCZ9HbM9TbvXwsoI8rSdQ,QDM. Nora 『VW』,https://www.youtube.com/channel/UCydCZ9HbM9TbvXwsoI8rSdQ,HOLD_NEEDS_CHANNEL_REVIEW,EXACT_CHANNEL_ID_REVIEW,False
youtube:UCyjuanhJSwS5h6edhGKmMbQ,youtube,UCyjuanhJSwS5h6edhGKmMbQ,Julius Kosmolatria Ch.,https://www.youtube.com/channel/UCyjuanhJSwS5h6edhGKmMbQ,HOLD_NEEDS_CHANNEL_REVIEW,NO_CHANNEL_ELIGIBILITY_REVIEW,False
youtube:UCz-_0-a_GPsU1-lrJJfYz7w,youtube,UCz-_0-a_GPsU1-lrJJfYz7w,Little Lonita ⌜VZ⌟,https://www.youtube.com/channel/UCz-_0-a_GPsU1-lrJJfYz7w,HOLD_NEEDS_CHANNEL_REVIEW,NO_CHANNEL_ELIGIBILITY_REVIEW,False
youtube:UCz8nJz2tNY6dbNiQ0JlZnnw,youtube,UCz8nJz2tNY6dbNiQ0JlZnnw,Rayan ch.【FIXIX VT】,https://www.youtube.com/channel/UCz8nJz2tNY6dbNiQ0JlZnnw,HOLD_NEEDS_CHANNEL_REVIEW,NO_CHANNEL_ELIGIBILITY_REVIEW,False
youtube:UCzH5tEYALkblyTy99n3-YEA,youtube,UCzH5tEYALkblyTy99n3-YEA,Tsukiko かざん,https://www.youtube.com/channel/UCzH5tEYALkblyTy99n3-YEA,HOLD_NEEDS_CHANNEL_REVIEW,EXACT_CHANNEL_ID_REVIEW,False
youtube:UCzM-6yhdmR4UGS_g_zzSf5Q,youtube,UCzM-6yhdmR4UGS_g_zzSf5Q,Sleepfii. 💤,https://www.youtube.com/channel/UCzM-6yhdmR4UGS_g_zzSf5Q,HOLD_NEEDS_CHANNEL_REVIEW,NO_CHANNEL_ELIGIBILITY_REVIEW,False
youtube:UCzOlFrxT8PsxRRA5E4MiMUQ,youtube,UCzOlFrxT8PsxRRA5E4MiMUQ,210Ri_CH,https://www.youtube.com/channel/UCzOlFrxT8PsxRRA5E4MiMUQ,HOLD_NEEDS_CHANNEL_REVIEW,NO_CHANNEL_ELIGIBILITY_REVIEW,False
youtube:UCzVku8IXYwuk04hCXUh6nng,youtube,UCzVku8IXYwuk04hCXUh6nng,Anya Marshall Ch. 【POLYGON】,https://www.youtube.com/channel/UCzVku8IXYwuk04hCXUh6nng,HOLD_NEEDS_CHANNEL_REVIEW,NO_CHANNEL_ELIGIBILITY_REVIEW,False
youtube:UCzXQmOiroz8RwldLOFiuVAw,youtube,UCzXQmOiroz8RwldLOFiuVAw,Shiroyasha Zerim Ch.,https://www.youtube.com/channel/UCzXQmOiroz8RwldLOFiuVAw,HOLD_NEEDS_CHANNEL_REVIEW,NO_CHANNEL_ELIGIBILITY_REVIEW,False
youtube:UCzYPCWp1tiIXgQ_aj39Oddw,youtube,UCzYPCWp1tiIXgQ_aj39Oddw,Akira Zaki Ch.,https://www.youtube.com/channel/UCzYPCWp1tiIXgQ_aj39Oddw,HOLD_NEEDS_CHANNEL_REVIEW,NO_CHANNEL_ELIGIBILITY_REVIEW,False
youtube:UCzYQq6dHfzsNqBOwK1nw07A,youtube,UCzYQq6dHfzsNqBOwK1nw07A,CinCin Vtu,https://www.youtube.com/channel/UCzYQq6dHfzsNqBOwK1nw07A,HOLD_NEEDS_CHANNEL_REVIEW,NO_CHANNEL_ELIGIBILITY_REVIEW,False
youtube:UCzc8C1vlN6t3ZfAkQLemjIg,youtube,UCzc8C1vlN6t3ZfAkQLemjIg,Kurisumasu_ Ch.,https://www.youtube.com/channel/UCzc8C1vlN6t3ZfAkQLemjIg,HOLD_NEEDS_CHANNEL_REVIEW,NO_CHANNEL_ELIGIBILITY_REVIEW,False
youtube:UCzfzVFRd81VcN7mseTpusIg,youtube,UCzfzVFRd81VcN7mseTpusIg,Sirena Ch.,https://www.youtube.com/channel/UCzfzVFRd81VcN7mseTpusIg,HOLD_NEEDS_CHANNEL_REVIEW,NO_CHANNEL_ELIGIBILITY_REVIEW,False
youtube:UCzgxF7sRv7n4V8l7uU-tdYQ,youtube,UCzgxF7sRv7n4V8l7uU-tdYQ,Azure Bluebell,https://www.youtube.com/channel/UCzgxF7sRv7n4V8l7uU-tdYQ,HOLD_NEEDS_CHANNEL_REVIEW,NO_CHANNEL_ELIGIBILITY_REVIEW,False
youtube:UCziNHXJm0dWUHoi6d0lfGXQ,youtube,UCziNHXJm0dWUHoi6d0lfGXQ,Monmon Thedoggo Ch.,https://www.youtube.com/channel/UCziNHXJm0dWUHoi6d0lfGXQ,HOLD_NEEDS_CHANNEL_REVIEW,NO_CHANNEL_ELIGIBILITY_REVIEW,False
youtube:UCzpxNuttbdXvtmZH4w5kRnA,youtube,UCzpxNuttbdXvtmZH4w5kRnA,JamMyChan ch.,https://www.youtube.com/channel/UCzpxNuttbdXvtmZH4w5kRnA,HOLD_NEEDS_CHANNEL_REVIEW,NO_CHANNEL_ELIGIBILITY_REVIEW,False
youtube:UCzyUybcviqNk9YXKuMhCXqQ,youtube,UCzyUybcviqNk9YXKuMhCXqQ,Green TH นายเขียว,https://www.youtube.com/channel/UCzyUybcviqNk9YXKuMhCXqQ,HOLD_NEEDS_CHANNEL_REVIEW,NO_CHANNEL_ELIGIBILITY_REVIEW,False
youtube:candidate_005ddb664b9cb301b7bd,youtube,,MasatoMz,https://www.youtube.com/@MasatoMz,HOLD_NEEDS_CHANNEL_REVIEW,NO_REVIEWED_PLATFORM_ACCOUNT_ID,False
youtube:candidate_0125ca919a83d205a801,youtube,,soumeivtuber,https://www.youtube.com/@soumeivtuber,HOLD_NEEDS_CHANNEL_REVIEW,NO_REVIEWED_PLATFORM_ACCOUNT_ID,False
youtube:candidate_0184e75b36dac49c7103,youtube,,LonitaCH,https://www.youtube.com/@LonitaCH,HOLD_NEEDS_CHANNEL_REVIEW,NO_REVIEWED_PLATFORM_ACCOUNT_ID,False
youtube:candidate_018dfc1bf5228583c982,youtube,,CasherCard,https://www.youtube.com/@CasherCard,HOLD_NEEDS_CHANNEL_REVIEW,NO_REVIEWED_PLATFORM_ACCOUNT_ID,False
youtube:candidate_035bc14f5d56e5fc1fb6,youtube,,MAYANuT,https://www.youtube.com/@MAYANuT,HOLD_NEEDS_CHANNEL_REVIEW,NO_REVIEWED_PLATFORM_ACCOUNT_ID,False
youtube:candidate_0531e6f052758271c560,youtube,,RionChitose_AS,https://www.youtube.com/@RionChitose_AS,HOLD_NEEDS_CHANNEL_REVIEW,NO_REVIEWED_PLATFORM_ACCOUNT_ID,False
youtube:candidate_076790ca3ca69a354f1b,youtube,,iamSometimes,https://www.youtube.com/@iamSometimes,HOLD_NEEDS_CHANNEL_REVIEW,NO_REVIEWED_PLATFORM_ACCOUNT_ID,False
youtube:candidate_07a446ca57097635be92,youtube,,PoKo_Vtuber,https://www.youtube.com/@PoKo_Vtuber,HOLD_NEEDS_CHANNEL_REVIEW,NO_REVIEWED_PLATFORM_ACCOUNT_ID,False
youtube:candidate_09002d93e78c358f46f6,youtube,,AofEdits,https://www.youtube.com/@AofEdits,HOLD_NEEDS_CHANNEL_REVIEW,NO_REVIEWED_PLATFORM_ACCOUNT_ID,False
youtube:candidate_093c2d7f6288f90c77cb,youtube,,Zekai Ch.【ARP】,https://www.youtube.com/zekaicharp,HOLD_NEEDS_CHANNEL_REVIEW,NO_REVIEWED_PLATFORM_ACCOUNT_ID,False
youtube:candidate_09fe7fe170680e26254d,youtube,,QurseVibeENT,https://www.youtube.com/@QurseVibeENT,HOLD_NEEDS_CHANNEL_REVIEW,NO_REVIEWED_PLATFORM_ACCOUNT_ID,False
youtube:candidate_0a20ecbf2f332008f5ca,youtube,,SupercutieLucilla,https://www.youtube.com/@SupercutieLucilla,HOLD_NEEDS_CHANNEL_REVIEW,NO_REVIEWED_PLATFORM_ACCOUNT_ID,False
youtube:candidate_0c18cce03d1511d0c667,youtube,,Chicken V,https://www.youtube.com/@chickenv56,HOLD_NEEDS_CHANNEL_REVIEW,NO_REVIEWED_PLATFORM_ACCOUNT_ID,False
youtube:candidate_0c8bfd8ed0ffeb25e932,youtube,,Hatsuji ::H.T.J ,https://www.youtube.com/c/HatsujiHTJ,HOLD_NEEDS_CHANNEL_REVIEW,NO_REVIEWED_PLATFORM_ACCOUNT_ID,False
youtube:candidate_0cb8521a74f3a0823a44,youtube,,UnUnTheBat,https://www.youtube.com/@UnUnTheBat,HOLD_NEEDS_CHANNEL_REVIEW,NO_REVIEWED_PLATFORM_ACCOUNT_ID,False
youtube:candidate_0d814a44a8c1a0d38081,youtube,,NanahoshiNana,https://www.youtube.com/@NanahoshiNana,HOLD_NEEDS_CHANNEL_REVIEW,NO_REVIEWED_PLATFORM_ACCOUNT_ID,False
youtube:candidate_0ddf22d7834bb204e578,youtube,,ihatedoyle,https://www.youtube.com/@ihatedoyle,HOLD_NEEDS_CHANNEL_REVIEW,NO_REVIEWED_PLATFORM_ACCOUNT_ID,False
youtube:candidate_0e08188c665eb48a4e18,youtube,,alvina-ch,https://youtube.com/@alvina-ch,HOLD_NEEDS_CHANNEL_REVIEW,NO_REVIEWED_PLATFORM_ACCOUNT_ID,False
youtube:candidate_10ddbd67d4faa9225087,youtube,,amamiyanora,https://youtube.com/@amamiyanora,HOLD_NEEDS_CHANNEL_REVIEW,NO_REVIEWED_PLATFORM_ACCOUNT_ID,False
youtube:candidate_111f8544c4d833ea8682,youtube,,Klinthong_RES,https://www.youtube.com/@Klinthong_RES,HOLD_NEEDS_CHANNEL_REVIEW,NO_REVIEWED_PLATFORM_ACCOUNT_ID,False
youtube:candidate_12e112df945a42bab7df,youtube,,Livietia | VTuberTH,https://www.youtube.com/@Livietia,HOLD_NEEDS_CHANNEL_REVIEW,NO_REVIEWED_PLATFORM_ACCOUNT_ID,False
youtube:candidate_12f7f8c016a71437aba9,youtube,,MAMORI Ch.,https://www.youtube.com/c/MAMORICh,HOLD_NEEDS_CHANNEL_REVIEW,NO_REVIEWED_PLATFORM_ACCOUNT_ID,False
youtube:candidate_13f71d7b5c724c337ad9,youtube,,Noir Vinterny,https://www.youtube.com/@noirvinterny,HOLD_NEEDS_CHANNEL_REVIEW,NO_REVIEWED_PLATFORM_ACCOUNT_ID,False
youtube:candidate_154bd67dd9eb369efb0c,youtube,,Rubii Ch.,https://www.youtube.com/c/RubiiCh,HOLD_NEEDS_CHANNEL_REVIEW,NO_REVIEWED_PLATFORM_ACCOUNT_ID,False
youtube:candidate_16747c8f479f020f110a,youtube,,IsitTime,https://www.youtube.com/@IsItTimeOfficial,HOLD_NEEDS_CHANNEL_REVIEW,NO_REVIEWED_PLATFORM_ACCOUNT_ID,False
youtube:candidate_16f765453552db24a265,youtube,,NancyGimme2000,https://www.youtube.com/@NancyGimme2000,HOLD_NEEDS_CHANNEL_REVIEW,NO_REVIEWED_PLATFORM_ACCOUNT_ID,False
youtube:candidate_18542e643b9bac43760b,youtube,,PixiangMeiyin,https://www.youtube.com/@PixiangMeiyin,HOLD_NEEDS_CHANNEL_REVIEW,NO_REVIEWED_PLATFORM_ACCOUNT_ID,False
youtube:candidate_18e20e6a1f27f57af0e5,youtube,,vtuberthailand3883,https://www.youtube.com/@vtuberthailand3883,HOLD_NEEDS_CHANNEL_REVIEW,NO_REVIEWED_PLATFORM_ACCOUNT_ID,False
youtube:candidate_18f897437f4a360bef53,youtube,,AvisaLPZ,https://www.youtube.com/@AvisaLPZ,HOLD_NEEDS_CHANNEL_REVIEW,NO_REVIEWED_PLATFORM_ACCOUNT_ID,False
youtube:candidate_194557a0630913d34dbc,youtube,,Midnight_ARP,https://www.youtube.com/@Midnight_ARP,HOLD_NEEDS_CHANNEL_REVIEW,NO_REVIEWED_PLATFORM_ACCOUNT_ID,False
youtube:candidate_196f88647b3a864c6881,youtube,,MiguelNoxz,https://www.youtube.com/@MiguelNoxz,HOLD_NEEDS_CHANNEL_REVIEW,NO_REVIEWED_PLATFORM_ACCOUNT_ID,False
youtube:candidate_1cfa75963dc58057962d,youtube,,Nuttito,https://www.youtube.com/@Nutty4U2012,HOLD_NEEDS_CHANNEL_REVIEW,NO_REVIEWED_PLATFORM_ACCOUNT_ID,False
youtube:candidate_1d17aedfa66e5e9fe2fd,youtube,,Mizuho Kai 《 EXia 》,https://www.youtube.com/@MizuhoKai_EX,HOLD_NEEDS_CHANNEL_REVIEW,NO_REVIEWED_PLATFORM_ACCOUNT_ID,False
youtube:candidate_1d494235970b452140f7,youtube,,Streamer Moment So Good,https://www.youtube.com/@streamermomentsogood5857,HOLD_NEEDS_CHANNEL_REVIEW,NO_REVIEWED_PLATFORM_ACCOUNT_ID,False
youtube:candidate_1f03bf4090484aa9eee8,youtube,,Banpratou,https://www.youtube.com/@Banpratou,HOLD_NEEDS_CHANNEL_REVIEW,NO_REVIEWED_PLATFORM_ACCOUNT_ID,False
youtube:candidate_1f4908a0b30aef74f87c,youtube,,Howl,https://www.youtube.com/@Howl_FVP,HOLD_NEEDS_CHANNEL_REVIEW,NO_REVIEWED_PLATFORM_ACCOUNT_ID,False
youtube:candidate_1f8f6c3e48808546aeac,youtube,,Taka_Natsu23,https://www.youtube.com/@Taka_Natsu23,HOLD_NEEDS_CHANNEL_REVIEW,NO_REVIEWED_PLATFORM_ACCOUNT_ID,False
youtube:candidate_203807a650126df55630,youtube,,bingsujuseyo,https://www.youtube.com/@bingsujuseyo,HOLD_NEEDS_CHANNEL_REVIEW,NO_REVIEWED_PLATFORM_ACCOUNT_ID,False
youtube:candidate_207edba7b648f121b454,youtube,,NPC Gatip,https://www.youtube.com/@NPCGatip,HOLD_NEEDS_CHANNEL_REVIEW,NO_REVIEWED_PLATFORM_ACCOUNT_ID,False
youtube:candidate_20d5e13ce33c81186025,youtube,,CerseiLezlie,https://www.youtube.com/@CerseiLezlie,HOLD_NEEDS_CHANNEL_REVIEW,NO_REVIEWED_PLATFORM_ACCOUNT_ID,False
youtube:candidate_2191571826386363fd1f,youtube,,Pandora_official,https://www.youtube.com/@Pandora_official,HOLD_NEEDS_CHANNEL_REVIEW,NO_REVIEWED_PLATFORM_ACCOUNT_ID,False
youtube:candidate_21d479352a1526e91b3e,youtube,,AonGreyFox,https://youtube.com/c/AonGreyFox,HOLD_NEEDS_CHANNEL_REVIEW,NO_REVIEWED_PLATFORM_ACCOUNT_ID,False
youtube:candidate_22e2954bd171cdbc547b,youtube,,CresentAnsel,https://www.youtube.com/@CresentAnsel,HOLD_NEEDS_CHANNEL_REVIEW,NO_REVIEWED_PLATFORM_ACCOUNT_ID,False
youtube:candidate_2403bdd6068bc050ab6e,youtube,,Bitscuits_La_Cielhare,https://www.youtube.com/@Bitscuits_La_Cielhare,HOLD_NEEDS_CHANNEL_REVIEW,NO_REVIEWED_PLATFORM_ACCOUNT_ID,False
youtube:candidate_248371a292e3c1ced8a5,youtube,,fukach.dobutsuproject,https://youtube.com/@fukach.dobutsuproject,HOLD_NEEDS_CHANNEL_REVIEW,NO_REVIEWED_PLATFORM_ACCOUNT_ID,False
youtube:candidate_25196282caa0c3ef652c,youtube,,ตื่นมาแปล,https://www.youtube.com/@Tuenmaplae,HOLD_NEEDS_CHANNEL_REVIEW,NO_REVIEWED_PLATFORM_ACCOUNT_ID,False
youtube:candidate_2561c6f49b648acf4b62,youtube,,Rawley Izzy G. Ch. | Graduated,https://www.youtube.com/c/IzzyGCh,HOLD_NEEDS_CHANNEL_REVIEW,NO_REVIEWED_PLATFORM_ACCOUNT_ID,False
youtube:candidate_2646bee585e106d5af89,youtube,,KOHAKU Ch.,https://www.youtube.com/c/KOHAKUCh,HOLD_NEEDS_CHANNEL_REVIEW,NO_REVIEWED_PLATFORM_ACCOUNT_ID,False
youtube:candidate_26a4889cea8b0cf8b965,youtube,,MaewBaew,https://youtube.com/@MaewBaew,HOLD_NEEDS_CHANNEL_REVIEW,NO_REVIEWED_PLATFORM_ACCOUNT_ID,False
youtube:candidate_27233b21a4d7144a10e9,youtube,,summ3r_vz,https://www.youtube.com/@summ3r_vz,HOLD_NEEDS_CHANNEL_REVIEW,NO_REVIEWED_PLATFORM_ACCOUNT_ID,False
youtube:candidate_274c1a59f1565b65dc5c,youtube,,Kana Ibera Ch.,https://www.youtube.com/c/KanaIberaChannel,HOLD_NEEDS_CHANNEL_REVIEW,NO_REVIEWED_PLATFORM_ACCOUNT_ID,False
youtube:candidate_28b191b980eb88a4d8d7,youtube,,SVNZ,https://www.youtube.com/@Surveniezch,HOLD_NEEDS_CHANNEL_REVIEW,NO_REVIEWED_PLATFORM_ACCOUNT_ID,False
youtube:candidate_28ba805f878186521ed4,youtube,,StampLMTY,https://www.youtube.com/@StampLMTY,HOLD_NEEDS_CHANNEL_REVIEW,NO_REVIEWED_PLATFORM_ACCOUNT_ID,False
youtube:candidate_29f8689383c4885305c0,youtube,,Shinjix,https://www.youtube.com/@Shinjix004,HOLD_NEEDS_CHANNEL_REVIEW,NO_REVIEWED_PLATFORM_ACCOUNT_ID,False
youtube:candidate_2a82be5b9c4d5dd871b0,youtube,,AmuiiiChan,https://www.youtube.com/@AmuiiiChan,HOLD_NEEDS_CHANNEL_REVIEW,NO_REVIEWED_PLATFORM_ACCOUNT_ID,False
youtube:candidate_2a8898c4f43335603d6b,youtube,,Kamphee,https://www.youtube.com/@Kamphee,HOLD_NEEDS_CHANNEL_REVIEW,NO_REVIEWED_PLATFORM_ACCOUNT_ID,False
youtube:candidate_2b916f6a5e55311a4607,youtube,,Reiden_R Ch.,https://www.youtube.com/c/ReidenR-LiberTales,HOLD_NEEDS_CHANNEL_REVIEW,NO_REVIEWED_PLATFORM_ACCOUNT_ID,False
youtube:candidate_2bcc20f91c6cf66ffd15,youtube,,SiamNeko_ARP,https://www.youtube.com/@SiamNeko_ARP,HOLD_NEEDS_CHANNEL_REVIEW,NO_REVIEWED_PLATFORM_ACCOUNT_ID,False
youtube:candidate_2cf0fc37e7d271cdfc02,youtube,,RieLKurasaki,https://www.youtube.com/@RieLKurasaki,HOLD_NEEDS_CHANNEL_REVIEW,NO_REVIEWED_PLATFORM_ACCOUNT_ID,False
youtube:candidate_2dbfc7b56a2db67ee5ab,youtube,,keroriRaika,https://youtube.com/@keroriRaika,HOLD_NEEDS_CHANNEL_REVIEW,NO_REVIEWED_PLATFORM_ACCOUNT_ID,False
youtube:candidate_2dd5ef65c0f3269f1fa1,youtube,,shiorichan,https://www.youtube.com/@shiorichanvt,HOLD_NEEDS_CHANNEL_REVIEW,NO_REVIEWED_PLATFORM_ACCOUNT_ID,False
youtube:candidate_2e3653ad8cbcdc68f2dc,youtube,,Laibaht Ch. / หลายบาท,https://www.youtube.com/c/laibaht,HOLD_NEEDS_CHANNEL_REVIEW,NO_REVIEWED_PLATFORM_ACCOUNT_ID,False
youtube:candidate_2edf51f8e19c1c0b28e7,youtube,,Fondawl_RES,https://www.youtube.com/@Fondawl_RES,HOLD_NEEDS_CHANNEL_REVIEW,NO_REVIEWED_PLATFORM_ACCOUNT_ID,False
youtube:candidate_2f255aced5ce53ab03c6,youtube,,freyraine,https://youtube.com/@freyraine,HOLD_NEEDS_CHANNEL_REVIEW,NO_REVIEWED_PLATFORM_ACCOUNT_ID,False
youtube:candidate_2f49ff0331ad00a0751d,youtube,,Uniinu ch. Euphora,https://www.youtube.com/@UniinuEPR,HOLD_NEEDS_CHANNEL_REVIEW,NO_REVIEWED_PLATFORM_ACCOUNT_ID,False
youtube:candidate_302df359899b761a895f,youtube,,Kurisumasu_tv,https://www.youtube.com/@Kurisumasu_tv,HOLD_NEEDS_CHANNEL_REVIEW,NO_REVIEWED_PLATFORM_ACCOUNT_ID,False
youtube:candidate_31c706b3359040cfe69d,youtube,,shin_aikaze,https://youtube.com/@shin_aikaze,HOLD_NEEDS_CHANNEL_REVIEW,NO_REVIEWED_PLATFORM_ACCOUNT_ID,False
youtube:candidate_33a6ac36f393cd7a797f,youtube,,greymvitale,https://www.youtube.com/@greymvitale,HOLD_NEEDS_CHANNEL_REVIEW,NO_REVIEWED_PLATFORM_ACCOUNT_ID,False
youtube:candidate_33aa3003f1c4557cc0ca,youtube,,Tsunnya 【The Clipper】,https://www.youtube.com/@Tsun,HOLD_NEEDS_CHANNEL_REVIEW,NO_REVIEWED_PLATFORM_ACCOUNT_ID,False
youtube:candidate_34c026d1b2df3500f0c2,youtube,,meidayv.5800,https://youtube.com/@meidayv.5800,HOLD_NEEDS_CHANNEL_REVIEW,NO_REVIEWED_PLATFORM_ACCOUNT_ID,False
youtube:candidate_3547389160797c6397c5,youtube,,KuraseTaoh,https://www.youtube.com/@KuraseTaoh,HOLD_NEEDS_CHANNEL_REVIEW,NO_REVIEWED_PLATFORM_ACCOUNT_ID,False
youtube:candidate_360c873dd7eb645b1518,youtube,,yoinmori,https://www.youtube.com/@yoinmori,HOLD_NEEDS_CHANNEL_REVIEW,NO_REVIEWED_PLATFORM_ACCOUNT_ID,False
youtube:candidate_38d1007011d9f7baf9e5,youtube,,eikishiro,https://youtube.com/@eikishiro,HOLD_NEEDS_CHANNEL_REVIEW,NO_REVIEWED_PLATFORM_ACCOUNT_ID,False
youtube:candidate_3af81978583b8cd74bb2,youtube,,Xonebu X'thulhu Ch. Lumina-World-End,https://www.youtube.com/@XonebuWorldEnd,HOLD_NEEDS_CHANNEL_REVIEW,NO_REVIEWED_PLATFORM_ACCOUNT_ID,False
youtube:candidate_3d6c21e7c44d07c37bda,youtube,,mikadzuki_nammy,https://youtube.com/@mikadzuki_nammy,HOLD_NEEDS_CHANNEL_REVIEW,NO_REVIEWED_PLATFORM_ACCOUNT_ID,False
youtube:candidate_3dde1b101b9f6beb0ac4,youtube,,ShiO,https://www.youtube.com/@shiomiau,HOLD_NEEDS_CHANNEL_REVIEW,NO_REVIEWED_PLATFORM_ACCOUNT_ID,False
youtube:candidate_3df7b88e17ee3a598a74,youtube,,Sakamajimai,https://youtube.com/@Sakamajimai,HOLD_NEEDS_CHANNEL_REVIEW,NO_REVIEWED_PLATFORM_ACCOUNT_ID,False
youtube:candidate_3e07cc624fd4e61f58f1,youtube,,ryoshi_artist,https://www.youtube.com/@ryoshi_artist,HOLD_NEEDS_CHANNEL_REVIEW,NO_REVIEWED_PLATFORM_ACCOUNT_ID,False
youtube:candidate_3e1bb83f50909f9ad914,youtube,,wadogardenw,https://youtube.com/@wadogardenw,HOLD_NEEDS_CHANNEL_REVIEW,NO_REVIEWED_PLATFORM_ACCOUNT_ID,False
youtube:candidate_3eb36052a25ff5ebd6d9,youtube,,Lastcrosser,https://www.youtube.com/@Lastcrosser,HOLD_NEEDS_CHANNEL_REVIEW,NO_REVIEWED_PLATFORM_ACCOUNT_ID,False
youtube:candidate_40d9f0ba6525254e7b83,youtube,,Apologize Ch,https://www.youtube.com/@ApologizeCh122,HOLD_NEEDS_CHANNEL_REVIEW,NO_REVIEWED_PLATFORM_ACCOUNT_ID,False
youtube:candidate_416e275936ea7ff7e3c8,youtube,,Hatsuji ::H.T.J ,https://youtube.com/shorts/zxuWh0ffiuI,HOLD_NEEDS_CHANNEL_REVIEW,NO_REVIEWED_PLATFORM_ACCOUNT_ID,False
youtube:candidate_41b361c2d6597310aaed,youtube,,Rarin Ch.,https://youtube.com/shorts/5fweUpvBeBM,HOLD_NEEDS_CHANNEL_REVIEW,NO_REVIEWED_PLATFORM_ACCOUNT_ID,False
youtube:candidate_4231aba205e5f41593b3,youtube,,Melody Sparkle【PajamaJa】,https://www.youtube.com/c/MelodyS,HOLD_NEEDS_CHANNEL_REVIEW,NO_REVIEWED_PLATFORM_ACCOUNT_ID,False
youtube:candidate_4284262c8b30e68a37ed,youtube,,Wanoiz,https://www.youtube.com/@Wanoiz,HOLD_NEEDS_CHANNEL_REVIEW,NO_REVIEWED_PLATFORM_ACCOUNT_ID,False
youtube:candidate_42e0931a9c05144e2be0,youtube,,Mosant Ch.,https://www.youtube.com/c/MosantCh,HOLD_NEEDS_CHANNEL_REVIEW,NO_REVIEWED_PLATFORM_ACCOUNT_ID,False
youtube:candidate_42e4039d70abb5cdfc1c,youtube,,หิวหัวหอม Ch.,https://www.youtube.com/@HioHuahom,HOLD_NEEDS_CHANNEL_REVIEW,NO_REVIEWED_PLATFORM_ACCOUNT_ID,False
youtube:candidate_42ea2ac6ecdf55febec1,youtube,,Nostradamus Karasu,https://www.youtube.com/@NostradamusKarasu,HOLD_NEEDS_CHANNEL_REVIEW,NO_REVIEWED_PLATFORM_ACCOUNT_ID,False
youtube:candidate_43029cfa6e838c36754e,youtube,,BishamonKuroneko_AS,https://youtube.com/@BishamonKuroneko_AS,HOLD_NEEDS_CHANNEL_REVIEW,NO_REVIEWED_PLATFORM_ACCOUNT_ID,False
youtube:candidate_432b89507e8a1b684089,youtube,,เจ้าหญิงวารินทร์,https://www.youtube.com/c/VarinChannel,HOLD_NEEDS_CHANNEL_REVIEW,NO_REVIEWED_PLATFORM_ACCOUNT_ID,False
youtube:candidate_438261f15df8494d23fb,youtube,,komurahuak,https://www.youtube.com/@komurahuak,HOLD_NEEDS_CHANNEL_REVIEW,NO_REVIEWED_PLATFORM_ACCOUNT_ID,False
youtube:candidate_4472d50ead95a39d0211,youtube,,zigxc.,https://www.youtube.com/@zigxc,HOLD_NEEDS_CHANNEL_REVIEW,NO_REVIEWED_PLATFORM_ACCOUNT_ID,False
youtube:candidate_44823ff20781ad4adee9,youtube,,YouTube TV Recap TV,https://www.youtube.com/@YouTubeRecapTV,HOLD_NEEDS_CHANNEL_REVIEW,NO_REVIEWED_PLATFORM_ACCOUNT_ID,False
youtube:candidate_46a18ed6b35430987e61,youtube,,AkakuMikoni,https://www.youtube.com/@AkakuMikoni,HOLD_NEEDS_CHANNEL_REVIEW,NO_REVIEWED_PLATFORM_ACCOUNT_ID,False
youtube:candidate_476028204595dee3c1e4,youtube,,ฟ้อนดาวมาเล่า | Fondawl【RE:S】,https://youtube.com/shorts/E0xW6jOtkeQ,HOLD_NEEDS_CHANNEL_REVIEW,NO_REVIEWED_PLATFORM_ACCOUNT_ID,False
youtube:candidate_47b1504b6ab1fb76fb4d,youtube,,AidaCh,https://www.youtube.com/@AidaCh,HOLD_NEEDS_CHANNEL_REVIEW,NO_REVIEWED_PLATFORM_ACCOUNT_ID,False
youtube:candidate_47d7f6065da7687e437e,youtube,,estxr_ch,https://www.youtube.com/@estxr_ch,HOLD_NEEDS_CHANNEL_REVIEW,NO_REVIEWED_PLATFORM_ACCOUNT_ID,False
youtube:candidate_49e6e965825055ef8d12,youtube,,RiyaVtuberTH,https://www.youtube.com/@RiyaVtuberTH,HOLD_NEEDS_CHANNEL_REVIEW,NO_REVIEWED_PLATFORM_ACCOUNT_ID,False
youtube:candidate_4ad08d3510b0052de1c8,youtube,,Enryu Horus Ch. 炎竜ホルス,https://youtube.com/shorts/4EUX04B-4As,HOLD_NEEDS_CHANNEL_REVIEW,NO_REVIEWED_PLATFORM_ACCOUNT_ID,False
youtube:candidate_4b9fb9448851b8560501,youtube,,Anya_Smith,https://www.youtube.com/@Anya_Smith,HOLD_NEEDS_CHANNEL_REVIEW,NO_REVIEWED_PLATFORM_ACCOUNT_ID,False
youtube:candidate_4c9b006374e9345657a8,youtube,,RuLaRaLan,https://www.youtube.com/@RuLaRaLan,HOLD_NEEDS_CHANNEL_REVIEW,NO_REVIEWED_PLATFORM_ACCOUNT_ID,False
youtube:candidate_4cedaf4405fd8c2f34e6,youtube,,Nanako_SLR,https://www.youtube.com/@Nanako_SLR,HOLD_NEEDS_CHANNEL_REVIEW,NO_REVIEWED_PLATFORM_ACCOUNT_ID,False
youtube:candidate_4dd0d1ab5d49b74d3199,youtube,,Azuka_ontop,https://www.youtube.com/@RAKNONGMUY,HOLD_NEEDS_CHANNEL_REVIEW,NO_REVIEWED_PLATFORM_ACCOUNT_ID,False
youtube:candidate_4dd67b1b557875e3df1c,youtube,,Zinnialy,https://www.youtube.com/@Zinnialy,HOLD_NEEDS_CHANNEL_REVIEW,NO_REVIEWED_PLATFORM_ACCOUNT_ID,False
youtube:candidate_4ff06640f2a95d15b686,youtube,,CoolRin CH,https://www.youtube.com/coolrinch,HOLD_NEEDS_CHANNEL_REVIEW,NO_REVIEWED_PLATFORM_ACCOUNT_ID,False
youtube:candidate_50bfe1e54520f7a663ba,youtube,,willowhz,https://youtube.com/@willowhz,HOLD_NEEDS_CHANNEL_REVIEW,NO_REVIEWED_PLATFORM_ACCOUNT_ID,False
youtube:candidate_5203bde17f1109b6e73a,youtube,,greymvitale,https://youtube.com/@greymvitale,HOLD_NEEDS_CHANNEL_REVIEW,NO_REVIEWED_PLATFORM_ACCOUNT_ID,False
youtube:candidate_52e7f0fc8f8f59f4b6f9,youtube,,SaySheath,https://www.youtube.com/@SaySheath,HOLD_NEEDS_CHANNEL_REVIEW,NO_REVIEWED_PLATFORM_ACCOUNT_ID,False
youtube:candidate_5340e77244c163e7015c,youtube,,EveshaiahMiraclover,https://www.youtube.com/@EveshaiahMiraclover,HOLD_NEEDS_CHANNEL_REVIEW,NO_REVIEWED_PLATFORM_ACCOUNT_ID,False
youtube:candidate_538513b5c2d99b06a03e,youtube,,orinnia_vtuber,https://youtube.com/@orinnia_vtuber,HOLD_NEEDS_CHANNEL_REVIEW,NO_REVIEWED_PLATFORM_ACCOUNT_ID,False
youtube:candidate_53ef3d9a88cd57a347d8,youtube,,GNTGxd,https://www.youtube.com/@GNTGxd,HOLD_NEEDS_CHANNEL_REVIEW,NO_REVIEWED_PLATFORM_ACCOUNT_ID,False
youtube:candidate_5459bb682e29583e31d5,youtube,,AStarsofficial,https://www.youtube.com/@AStarsofficial,HOLD_NEEDS_CHANNEL_REVIEW,NO_REVIEWED_PLATFORM_ACCOUNT_ID,False
youtube:candidate_54d9f30437be81053cfe,youtube,,ruby-ele,https://www.youtube.com/@ruby-ele,HOLD_NEEDS_CHANNEL_REVIEW,NO_REVIEWED_PLATFORM_ACCOUNT_ID,False
youtube:candidate_54ebd98ae12aa3b5719b,youtube,,keilerwang,https://www.youtube.com/@keilerwang,HOLD_NEEDS_CHANNEL_REVIEW,NO_REVIEWED_PLATFORM_ACCOUNT_ID,False
youtube:candidate_54f89e1d145e5cfef7a1,youtube,,PadzangChannel,https://youtube.com/@PadzangChannel,HOLD_NEEDS_CHANNEL_REVIEW,NO_REVIEWED_PLATFORM_ACCOUNT_ID,False
youtube:candidate_564a5c086af542e53cda,youtube,,Terios Ch.,https://www.youtube.com/c/TeriosDemon,HOLD_NEEDS_CHANNEL_REVIEW,NO_REVIEWED_PLATFORM_ACCOUNT_ID,False
youtube:candidate_584b406e8d6145a93070,youtube,,NatsubiMiyao,https://www.youtube.com/@NatsubiMiyao,HOLD_NEEDS_CHANNEL_REVIEW,NO_REVIEWED_PLATFORM_ACCOUNT_ID,False
youtube:candidate_5896797c3e568464df95,youtube,,zoespecter,https://www.youtube.com/@zoespecter,HOLD_NEEDS_CHANNEL_REVIEW,NO_REVIEWED_PLATFORM_ACCOUNT_ID,False
youtube:candidate_58bf026f85303c8a7040,youtube,,PMheeMaru,https://www.youtube.com/@PMheeMaru,HOLD_NEEDS_CHANNEL_REVIEW,NO_REVIEWED_PLATFORM_ACCOUNT_ID,False
youtube:candidate_5952f47ffb3080650de9,youtube,,aidenshia,https://www.youtube.com/@aidenshia,HOLD_NEEDS_CHANNEL_REVIEW,NO_REVIEWED_PLATFORM_ACCOUNT_ID,False
youtube:candidate_5a27269b49216be8b9a9,youtube,,azuruvt,https://www.youtube.com/@azuruvt,HOLD_NEEDS_CHANNEL_REVIEW,NO_REVIEWED_PLATFORM_ACCOUNT_ID,False
youtube:candidate_5ac2831601d4666f8284,youtube,,Notaki Ch.,https://www.youtube.com/c/NotakiCh,HOLD_NEEDS_CHANNEL_REVIEW,NO_REVIEWED_PLATFORM_ACCOUNT_ID,False
youtube:candidate_5ae0f4af6bcce9792160,youtube,,MadhatterVZ,https://www.youtube.com/@MadhatterVZ,HOLD_NEEDS_CHANNEL_REVIEW,NO_REVIEWED_PLATFORM_ACCOUNT_ID,False
youtube:candidate_5ae205ce876f102891f4,youtube,,Rong_ferrettie,https://www.youtube.com/@Rong_ferrettie,HOLD_NEEDS_CHANNEL_REVIEW,NO_REVIEWED_PLATFORM_ACCOUNT_ID,False
youtube:candidate_5b2d3eaa09bf1cc5779f,youtube,,Rarin_Ch,https://youtube.com/@Rarin_Ch,HOLD_NEEDS_CHANNEL_REVIEW,NO_REVIEWED_PLATFORM_ACCOUNT_ID,False
youtube:candidate_5b67e77eeb8598e8d131,youtube,,pugko,https://www.youtube.com/@pugko,HOLD_NEEDS_CHANNEL_REVIEW,NO_REVIEWED_PLATFORM_ACCOUNT_ID,False
youtube:candidate_5bfe8b507d5c313c5d62,youtube,,HelenCandleby,https://www.youtube.com/@HelenCandleby,HOLD_NEEDS_CHANNEL_REVIEW,NO_REVIEWED_PLATFORM_ACCOUNT_ID,False
youtube:candidate_5cf4361def0cb41165be,youtube,,Freidya Einwaltz | Vartist Gamer Vtuber,https://www.youtube.com/@freidya-ch,HOLD_NEEDS_CHANNEL_REVIEW,NO_REVIEWED_PLATFORM_ACCOUNT_ID,False
youtube:candidate_5d28525d1e8b82594736,youtube,,RubelliteEuphora,https://www.youtube.com/@RubelliteEuphora,HOLD_NEEDS_CHANNEL_REVIEW,NO_REVIEWED_PLATFORM_ACCOUNT_ID,False
youtube:candidate_5d799760f27c329afc43,youtube,,Xanael-TH,https://youtube.com/@Xanael-TH,HOLD_NEEDS_CHANNEL_REVIEW,NO_REVIEWED_PLATFORM_ACCOUNT_ID,False
youtube:candidate_5de4d47fefd370d5a913,youtube,,CLOUDSPHERE,https://www.youtube.com/@CLOUDSPHERE,HOLD_NEEDS_CHANNEL_REVIEW,NO_REVIEWED_PLATFORM_ACCOUNT_ID,False
youtube:candidate_5e0540c9b4b60a7ebb3c,youtube,,Tim Koa,https://www.youtube.com/@TimKoa,HOLD_NEEDS_CHANNEL_REVIEW,NO_REVIEWED_PLATFORM_ACCOUNT_ID,False
youtube:candidate_5e90b0c3fe875027add8,youtube,,Streamtenders,https://www.youtube.com/@streamtenders,HOLD_NEEDS_CHANNEL_REVIEW,NO_REVIEWED_PLATFORM_ACCOUNT_ID,False
youtube:candidate_5f907a5c5b08e505383c,youtube,,AitoLH,https://youtube.com/@AitoLH,HOLD_NEEDS_CHANNEL_REVIEW,NO_REVIEWED_PLATFORM_ACCOUNT_ID,False
youtube:candidate_60b3f3ff6ac87243312a,youtube,,CobaltHellHound,https://www.youtube.com/@CobaltHellHound,HOLD_NEEDS_CHANNEL_REVIEW,NO_REVIEWED_PLATFORM_ACCOUNT_ID,False
youtube:candidate_63865de4d3ef8e06e268,youtube,,TheQuillmon ⌜VZ⌟,https://www.youtube.com/TheQuillmon,HOLD_NEEDS_CHANNEL_REVIEW,NO_REVIEWED_PLATFORM_ACCOUNT_ID,False
youtube:candidate_63989a00001e67aaf2b6,youtube,,Aiboh Canis (ไอโบ),https://www.youtube.com/c/AibohCanis,HOLD_NEEDS_CHANNEL_REVIEW,NO_REVIEWED_PLATFORM_ACCOUNT_ID,False
youtube:candidate_64b73b41f846ea52ddf8,youtube,,Lumina Project,https://www.youtube.com/@LuminaVProject,HOLD_NEEDS_CHANNEL_REVIEW,NO_REVIEWED_PLATFORM_ACCOUNT_ID,False
youtube:candidate_64f4926d28ce72b08598,youtube,,ZAINvtuber,https://www.youtube.com/@ZAINvtuber,HOLD_NEEDS_CHANNEL_REVIEW,NO_REVIEWED_PLATFORM_ACCOUNT_ID,False
youtube:candidate_6597ed6bc4d13c0c6551,youtube,,Nerumis,https://youtube.com/@Nerumis,HOLD_NEEDS_CHANNEL_REVIEW,NO_REVIEWED_PLATFORM_ACCOUNT_ID,False
youtube:candidate_6625dd9ed3ee518fa56b,youtube,,ServAntics,https://www.youtube.com/@ServAnticscat,HOLD_NEEDS_CHANNEL_REVIEW,NO_REVIEWED_PLATFORM_ACCOUNT_ID,False
youtube:candidate_6730cbe640305a454f2c,youtube,,valakch.1435,https://www.youtube.com/@valakch.1435,HOLD_NEEDS_CHANNEL_REVIEW,NO_REVIEWED_PLATFORM_ACCOUNT_ID,False
youtube:candidate_67e8ad76f80ef05d728d,youtube,,Nicca Ch.,https://www.youtube.com/user/Niccakun,HOLD_NEEDS_CHANNEL_REVIEW,NO_REVIEWED_PLATFORM_ACCOUNT_ID,False
youtube:candidate_68107c75d02c1c5b4aea,youtube,,IceShirakoi_AS,https://www.youtube.com/@IceShirakoi_AS,HOLD_NEEDS_CHANNEL_REVIEW,NO_REVIEWED_PLATFORM_ACCOUNT_ID,False
youtube:candidate_6852c55a85a240ce13bc,youtube,,Hanami Lay CH.,https://www.youtube.com/c/HanamiLayCH,HOLD_NEEDS_CHANNEL_REVIEW,NO_REVIEWED_PLATFORM_ACCOUNT_ID,False
youtube:candidate_690fad75662c729325b6,youtube,,akimotoyuna,https://www.youtube.com/@akimotoyuna,HOLD_NEEDS_CHANNEL_REVIEW,NO_REVIEWED_PLATFORM_ACCOUNT_ID,False
youtube:candidate_693c7f5b699e7e361693,youtube,,maprang_vtuber,https://youtube.com/@maprang_vtuber,HOLD_NEEDS_CHANNEL_REVIEW,NO_REVIEWED_PLATFORM_ACCOUNT_ID,False
youtube:candidate_6afc09308493331b265c,youtube,,NocturnazNaar,https://www.youtube.com/@NocturnazNaar,HOLD_NEEDS_CHANNEL_REVIEW,NO_REVIEWED_PLATFORM_ACCOUNT_ID,False
youtube:candidate_6b7c2682fece3e9a8214,youtube,,hathamgang,https://youtube.com/@hathamgang,HOLD_NEEDS_CHANNEL_REVIEW,NO_REVIEWED_PLATFORM_ACCOUNT_ID,False
youtube:candidate_6b7d2949b171bc6f4416,youtube,,Hayato Asukaze [VTravelVlog],https://www.youtube.com/@HayatoASKZ,HOLD_NEEDS_CHANNEL_REVIEW,NO_REVIEWED_PLATFORM_ACCOUNT_ID,False
youtube:candidate_6bcf02e2a684cdbef549,youtube,,HalonHashi,https://www.youtube.com/@HalonHashi,HOLD_NEEDS_CHANNEL_REVIEW,NO_REVIEWED_PLATFORM_ACCOUNT_ID,False
youtube:candidate_6d58d6c59accc97cccb4,youtube,,Pleiades_Frontier,https://www.youtube.com/@Pleiades_Frontier,HOLD_NEEDS_CHANNEL_REVIEW,NO_REVIEWED_PLATFORM_ACCOUNT_ID,False
youtube:candidate_6d623fb270ef8b990197,youtube,,BreakGate,https://www.youtube.com/@BreakGate,HOLD_NEEDS_CHANNEL_REVIEW,NO_REVIEWED_PLATFORM_ACCOUNT_ID,False
youtube:candidate_6deb696b1e8723ae5e98,youtube,,ESC LT PLAYER,https://www.youtube.com/@ESCLTPLAYER,HOLD_NEEDS_CHANNEL_REVIEW,NO_REVIEWED_PLATFORM_ACCOUNT_ID,False
youtube:candidate_6e65a1d5d0089c5967ca,youtube,,Keiko Kezoku,https://www.youtube.com/@keikokezoku,HOLD_NEEDS_CHANNEL_REVIEW,NO_REVIEWED_PLATFORM_ACCOUNT_ID,False
youtube:candidate_6f14967ec13a0e37c868,youtube,,ALThiMa-NigHT,https://www.youtube.com/@ALThiMa-NigHT,HOLD_NEEDS_CHANNEL_REVIEW,NO_REVIEWED_PLATFORM_ACCOUNT_ID,False
youtube:candidate_6f60b8b74c178945b54a,youtube,,แปลเป็นไทย Vtuber,https://www.youtube.com/@vtuberthaisub,HOLD_NEEDS_CHANNEL_REVIEW,NO_REVIEWED_PLATFORM_ACCOUNT_ID,False
youtube:candidate_71b93cca3be76ed066b0,youtube,,ShogoCh,https://www.youtube.com/@ShogoCh,HOLD_NEEDS_CHANNEL_REVIEW,NO_REVIEWED_PLATFORM_ACCOUNT_ID,False
youtube:candidate_722bf8ab92fc2d6e5d0b,youtube,,YenaHwangch,https://www.youtube.com/@YenaHwangch,HOLD_NEEDS_CHANNEL_REVIEW,NO_REVIEWED_PLATFORM_ACCOUNT_ID,False
youtube:candidate_7252fef074d9ebf1a0d1,youtube,,Ivy_ARP,https://youtube.com/@Ivy_ARP,HOLD_NEEDS_CHANNEL_REVIEW,NO_REVIEWED_PLATFORM_ACCOUNT_ID,False
youtube:candidate_72d64ff0608f3de991c9,youtube,,murkielch,https://www.youtube.com/@murkielch,HOLD_NEEDS_CHANNEL_REVIEW,NO_REVIEWED_PLATFORM_ACCOUNT_ID,False
youtube:candidate_7326048ef33cab8d68e6,youtube,,OwlMan Ch.,https://www.youtube.com/@OwlManCh,HOLD_NEEDS_CHANNEL_REVIEW,NO_REVIEWED_PLATFORM_ACCOUNT_ID,False
youtube:candidate_7498049c2290ef93d335,youtube,,CyntiaVtuber,https://www.youtube.com/@CyntiaVtuber,HOLD_NEEDS_CHANNEL_REVIEW,NO_REVIEWED_PLATFORM_ACCOUNT_ID,False
youtube:candidate_74c0c7bb5b364c055fbd,youtube,,TARIN,https://www.youtube.com/@TA121N,HOLD_NEEDS_CHANNEL_REVIEW,NO_REVIEWED_PLATFORM_ACCOUNT_ID,False
youtube:candidate_7520665dbfe5b3dc39b5,youtube,,JunoF8,https://www.youtube.com/@JunoF8,HOLD_NEEDS_CHANNEL_REVIEW,NO_REVIEWED_PLATFORM_ACCOUNT_ID,False
youtube:candidate_7556c98af430d17009b6,youtube,,Streaming by Max 2.0,https://www.youtube.com/@StreamingbyMax2.0,HOLD_NEEDS_CHANNEL_REVIEW,NO_REVIEWED_PLATFORM_ACCOUNT_ID,False
youtube:candidate_761e6b6bf804c34f366e,youtube,,byte001_slr,https://www.youtube.com/@byte001_slr,HOLD_NEEDS_CHANNEL_REVIEW,NO_REVIEWED_PLATFORM_ACCOUNT_ID,False
youtube:candidate_766f8de78043f4c334c8,youtube,,Nuttiz,https://www.youtube.com/@Nuttiz,HOLD_NEEDS_CHANNEL_REVIEW,NO_REVIEWED_PLATFORM_ACCOUNT_ID,False
youtube:candidate_76a028202af5e351e72a,youtube,,BoomVtube Ch.,https://www.youtube.com/c/BoomVtubeCh,HOLD_NEEDS_CHANNEL_REVIEW,NO_REVIEWED_PLATFORM_ACCOUNT_ID,False
youtube:candidate_77309460007c58d90a89,youtube,,Yuklear,https://www.youtube.com/@Yuklear,HOLD_NEEDS_CHANNEL_REVIEW,NO_REVIEWED_PLATFORM_ACCOUNT_ID,False
youtube:candidate_773cab5bb6c5c1852202,youtube,,Faethon_Janta,https://www.youtube.com/@Faethon_Janta,HOLD_NEEDS_CHANNEL_REVIEW,NO_REVIEWED_PLATFORM_ACCOUNT_ID,False
youtube:candidate_7788ddb066dbeff379c1,youtube,,ZephyrEuthalia,https://www.youtube.com/@ZephyrEuthalia,HOLD_NEEDS_CHANNEL_REVIEW,NO_REVIEWED_PLATFORM_ACCOUNT_ID,False
youtube:candidate_78ffd63457c08d24d630,youtube,,NUTTY-WIS,https://youtube.com/@NUTTY-WIS,HOLD_NEEDS_CHANNEL_REVIEW,NO_REVIEWED_PLATFORM_ACCOUNT_ID,False
youtube:candidate_797436926d6183c3894e,youtube,,Slapper,https://www.youtube.com/@slapperch,HOLD_NEEDS_CHANNEL_REVIEW,NO_REVIEWED_PLATFORM_ACCOUNT_ID,False
youtube:candidate_7c1a2810614a367098e4,youtube,,chiiakijf,https://www.youtube.com/@chiiakijf,HOLD_NEEDS_CHANNEL_REVIEW,NO_REVIEWED_PLATFORM_ACCOUNT_ID,False
youtube:candidate_7c6b446e2a25b1a89efa,youtube,,YotChi,https://www.youtube.com/c/YotChiCh,HOLD_NEEDS_CHANNEL_REVIEW,NO_REVIEWED_PLATFORM_ACCOUNT_ID,False
youtube:candidate_7dc59f01ac3d6138f475,youtube,,vthAriel,https://www.youtube.com/@vthAriel,HOLD_NEEDS_CHANNEL_REVIEW,NO_REVIEWED_PLATFORM_ACCOUNT_ID,False
youtube:candidate_82070faaa621bf4f004e,youtube,,Mixzy21PM,https://www.youtube.com/@Mixzy21PM,HOLD_NEEDS_CHANNEL_REVIEW,NO_REVIEWED_PLATFORM_ACCOUNT_ID,False
youtube:candidate_823a5d3725dc332c8d3a,youtube,,MeteonaMarsCh,https://www.youtube.com/@MeteonaMarsCh,HOLD_NEEDS_CHANNEL_REVIEW,NO_REVIEWED_PLATFORM_ACCOUNT_ID,False
youtube:candidate_830f3713a99ca168fc79,youtube,,Wahri_Wahri,https://www.youtube.com/@Wahri_Wahri,HOLD_NEEDS_CHANNEL_REVIEW,NO_REVIEWED_PLATFORM_ACCOUNT_ID,False
youtube:candidate_832e5e86a9e1935f398a,youtube,,PHETWEATHER,https://www.youtube.com/@PHETWEATHER,HOLD_NEEDS_CHANNEL_REVIEW,NO_REVIEWED_PLATFORM_ACCOUNT_ID,False
youtube:candidate_8403d30b255fb310a175,youtube,,Celestier.R,https://www.youtube.com/@crrda_ch,HOLD_NEEDS_CHANNEL_REVIEW,NO_REVIEWED_PLATFORM_ACCOUNT_ID,False
youtube:candidate_858f6a8eb92a7e2481f6,youtube,,Usaku | VTuberTH,https://www.youtube.com/@yuuroki_usaku,HOLD_NEEDS_CHANNEL_REVIEW,NO_REVIEWED_PLATFORM_ACCOUNT_ID,False
youtube:candidate_85babfc7d2278e09ad45,youtube,,DuziHa DuDu Ch.,https://www.youtube.com/@DuziHa,HOLD_NEEDS_CHANNEL_REVIEW,NO_REVIEWED_PLATFORM_ACCOUNT_ID,False
youtube:candidate_872dcc18f9ba8c3ca0ee,youtube,,Bunnieskisses.vtuber,https://youtube.com/@Bunnieskisses.vtuber,HOLD_NEEDS_CHANNEL_REVIEW,NO_REVIEWED_PLATFORM_ACCOUNT_ID,False
youtube:candidate_880e263079ce856d7199,youtube,,LuckFast,https://www.youtube.com/@FastDrama,HOLD_NEEDS_CHANNEL_REVIEW,NO_REVIEWED_PLATFORM_ACCOUNT_ID,False
youtube:candidate_8857aa549b76b9d90a7d,youtube,,Realiable Ch.,https://youtube.com/c/RealiableCh,HOLD_NEEDS_CHANNEL_REVIEW,NO_REVIEWED_PLATFORM_ACCOUNT_ID,False
youtube:candidate_88c465c3bc7c12c1bd68,youtube,,RaneeTani,https://youtube.com/@RaneeTani,HOLD_NEEDS_CHANNEL_REVIEW,NO_REVIEWED_PLATFORM_ACCOUNT_ID,False
youtube:candidate_899d6372486282cd63b4,youtube,,ChouxCreamii,https://youtube.com/@ChouxCreamii,HOLD_NEEDS_CHANNEL_REVIEW,NO_REVIEWED_PLATFORM_ACCOUNT_ID,False
youtube:candidate_8a6d486dc8fd612699d6,youtube,,Cazzia Bakeriana Ch. - Parabellum,https://www.youtube.com/CazziaBakerianaChParabellum,HOLD_NEEDS_CHANNEL_REVIEW,NO_REVIEWED_PLATFORM_ACCOUNT_ID,False
youtube:candidate_8abc0b548b5830950b8e,youtube,,moemiyabiv3,https://youtube.com/@moemiyabiv3,HOLD_NEEDS_CHANNEL_REVIEW,NO_REVIEWED_PLATFORM_ACCOUNT_ID,False
youtube:candidate_8acb95a27c72ae134b98,youtube,,zandy31a,https://www.youtube.com/@zandy31a,HOLD_NEEDS_CHANNEL_REVIEW,NO_REVIEWED_PLATFORM_ACCOUNT_ID,False
youtube:candidate_8b1ceaa9e3de0e4fd6da,youtube,,wadogardenwoofna,https://youtube.com/@wadogardenwoofna,HOLD_NEEDS_CHANNEL_REVIEW,NO_REVIEWED_PLATFORM_ACCOUNT_ID,False
youtube:candidate_8bb1ad91905db02f81d2,youtube,,Pekorin_SSR,https://www.youtube.com/@Pekorin_SSR,HOLD_NEEDS_CHANNEL_REVIEW,NO_REVIEWED_PLATFORM_ACCOUNT_ID,False
youtube:candidate_8cf210912815f9b8162a,youtube,,กิต งายย,https://www.youtube.com/@kritngi,HOLD_NEEDS_CHANNEL_REVIEW,NO_REVIEWED_PLATFORM_ACCOUNT_ID,False
youtube:candidate_8d3c0005f8409eba4ab5,youtube,,NonghongV,https://www.youtube.com/@NonghongV,HOLD_NEEDS_CHANNEL_REVIEW,NO_REVIEWED_PLATFORM_ACCOUNT_ID,False
youtube:candidate_8d867907562c92c2c972,youtube,,Choya.Vtuber,https://www.youtube.com/@Choya.Vtuber,HOLD_NEEDS_CHANNEL_REVIEW,NO_REVIEWED_PLATFORM_ACCOUNT_ID,False
youtube:candidate_8e74fc0c45bc4c1e4698,youtube,,ShishiouSeito_AS,https://www.youtube.com/@ShishiouSeito_AS,HOLD_NEEDS_CHANNEL_REVIEW,NO_REVIEWED_PLATFORM_ACCOUNT_ID,False
youtube:candidate_8e76f63a6d7096bf2e87,youtube,,Cliche_SSR,https://www.youtube.com/@Cliche_SSR,HOLD_NEEDS_CHANNEL_REVIEW,NO_REVIEWED_PLATFORM_ACCOUNT_ID,False
youtube:candidate_8f447736bcf7ef25dc7a,youtube,,ThearDreamWhale,https://youtube.com/@ThearDreamWhale,HOLD_NEEDS_CHANNEL_REVIEW,NO_REVIEWED_PLATFORM_ACCOUNT_ID,False
youtube:candidate_8f71984478e338ce6cec,youtube,,ShuunAruna,https://www.youtube.com/@ShuunAruna,HOLD_NEEDS_CHANNEL_REVIEW,NO_REVIEWED_PLATFORM_ACCOUNT_ID,False
youtube:candidate_8fc73a293f49db429fc5,youtube,,merryl_wayne,https://www.youtube.com/@merryl_wayne,HOLD_NEEDS_CHANNEL_REVIEW,NO_REVIEWED_PLATFORM_ACCOUNT_ID,False
youtube:candidate_9213508e35201d63f64b,youtube,,AosoraPopo,https://www.youtube.com/@AosoraPopo,HOLD_NEEDS_CHANNEL_REVIEW,NO_REVIEWED_PLATFORM_ACCOUNT_ID,False
youtube:candidate_923b3dd0a4885692420f,youtube,,AsherDawnbaker,https://www.youtube.com/@AsherDawnbaker,HOLD_NEEDS_CHANNEL_REVIEW,NO_REVIEWED_PLATFORM_ACCOUNT_ID,False
youtube:candidate_93d9c6a3f23ff85d3017,youtube,,BNNx,https://www.youtube.com/@bnnx.21,HOLD_NEEDS_CHANNEL_REVIEW,NO_REVIEWED_PLATFORM_ACCOUNT_ID,False
youtube:candidate_955197d8b1778f291406,youtube,,LIMESALTZ | Thai VTuber,https://www.youtube.com/@limesaltz,HOLD_NEEDS_CHANNEL_REVIEW,NO_REVIEWED_PLATFORM_ACCOUNT_ID,False
youtube:candidate_97df4b96e10f28de1048,youtube,,TeddyBeL_Official,https://youtube.com/@TeddyBeL_Official,HOLD_NEEDS_CHANNEL_REVIEW,NO_REVIEWED_PLATFORM_ACCOUNT_ID,False
youtube:candidate_98aa40dbfe15b2f026d5,youtube,,AmySTL999,https://youtube.com/@AmySTL999,HOLD_NEEDS_CHANNEL_REVIEW,NO_REVIEWED_PLATFORM_ACCOUNT_ID,False
youtube:candidate_9963cd9005be4a929665,youtube,,PonPun,https://www.youtube.com/@PonPun,HOLD_NEEDS_CHANNEL_REVIEW,NO_REVIEWED_PLATFORM_ACCOUNT_ID,False
youtube:candidate_998c136375004781f3ff,youtube,,Tinsley | VtuberTH,https://www.youtube.com/@TinsleyALPT,HOLD_NEEDS_CHANNEL_REVIEW,NO_REVIEWED_PLATFORM_ACCOUNT_ID,False
youtube:candidate_9a48a4a16cd4decb66c0,youtube,,TakumaRei「บ่นไปเรื่อย」,https://www.youtube.com/@TAkumaRei,HOLD_NEEDS_CHANNEL_REVIEW,NO_REVIEWED_PLATFORM_ACCOUNT_ID,False
youtube:candidate_9a6773931d7716139239,youtube,,EdellaEdward,https://www.youtube.com/@EdellaEdward,HOLD_NEEDS_CHANNEL_REVIEW,NO_REVIEWED_PLATFORM_ACCOUNT_ID,False
youtube:candidate_9b2060c4ef2019a309f8,youtube,,ลืมพิมพ์,https://www.youtube.com/@Luemphim,HOLD_NEEDS_CHANNEL_REVIEW,NO_REVIEWED_PLATFORM_ACCOUNT_ID,False
youtube:candidate_9ba0bde719a1f4954152,youtube,,zaneVTG,https://youtube.com/@zaneVTG,HOLD_NEEDS_CHANNEL_REVIEW,NO_REVIEWED_PLATFORM_ACCOUNT_ID,False
youtube:candidate_9cab426e026f4e8e3d47,youtube,,Momo_LH,https://www.youtube.com/@Momo_LH,HOLD_NEEDS_CHANNEL_REVIEW,NO_REVIEWED_PLATFORM_ACCOUNT_ID,False
youtube:candidate_9fad6936b0384ac3a050,youtube,,Hererm,https://www.youtube.com/@hererm,HOLD_NEEDS_CHANNEL_REVIEW,NO_REVIEWED_PLATFORM_ACCOUNT_ID,False
youtube:candidate_9fbd0fdedbf108cf21e9,youtube,,chanavtuber,https://www.youtube.com/@chanavtuber,HOLD_NEEDS_CHANNEL_REVIEW,NO_REVIEWED_PLATFORM_ACCOUNT_ID,False
youtube:candidate_9fd32853104c4ab50b90,youtube,,KRISSAE,https://www.youtube.com/@KRISSA.E,HOLD_NEEDS_CHANNEL_REVIEW,NO_REVIEWED_PLATFORM_ACCOUNT_ID,False
youtube:candidate_a085a8da02a9f21555ea,youtube,,devtodemon,https://youtube.com/@devtodemon,HOLD_NEEDS_CHANNEL_REVIEW,NO_REVIEWED_PLATFORM_ACCOUNT_ID,False
youtube:candidate_a0fc96aa2cf065612409,youtube,,Regene_RES,https://www.youtube.com/@Regene_RES,HOLD_NEEDS_CHANNEL_REVIEW,NO_REVIEWED_PLATFORM_ACCOUNT_ID,False
youtube:candidate_a1bd2fe3692698aa9aae,youtube,,Ryuji Ch.,https://www.youtube.com/c/ryujich,HOLD_NEEDS_CHANNEL_REVIEW,NO_REVIEWED_PLATFORM_ACCOUNT_ID,False
youtube:candidate_a21b29c6536c9e56e7f2,youtube,,JusiaASMR,https://youtube.com/@JusiaASMR,HOLD_NEEDS_CHANNEL_REVIEW,NO_REVIEWED_PLATFORM_ACCOUNT_ID,False
youtube:candidate_a2c69ed0b48587750750,youtube,,SistraLyrics_OTL,https://www.youtube.com/@SistraLyrics_OTL,HOLD_NEEDS_CHANNEL_REVIEW,NO_REVIEWED_PLATFORM_ACCOUNT_ID,False
youtube:candidate_a34684102b1f27996b3d,youtube,,VALORANT Esports Thailand,https://www.youtube.com/@VALORANTEsportsTH,HOLD_NEEDS_CHANNEL_REVIEW,NO_REVIEWED_PLATFORM_ACCOUNT_ID,False
youtube:candidate_a443393b79dd57723142,youtube,,callistosocool,https://youtube.com/@callistosocool,HOLD_NEEDS_CHANNEL_REVIEW,NO_REVIEWED_PLATFORM_ACCOUNT_ID,False
youtube:candidate_a468f2cb938c2673d58c,youtube,,Rayanch.FIXIXVT,https://youtube.com/@Rayanch.FIXIXVT,HOLD_NEEDS_CHANNEL_REVIEW,NO_REVIEWED_PLATFORM_ACCOUNT_ID,False
youtube:candidate_a514000d7bf62817236d,youtube,,"Peko the Witch ★ แม่มด""พีโกะ""",https://www.youtube.com/c/Peko-ChTH,HOLD_NEEDS_CHANNEL_REVIEW,NO_REVIEWED_PLATFORM_ACCOUNT_ID,False
youtube:candidate_a522c9fa9a75225b7d67,youtube,,whitepgz,https://www.youtube.com/@whitepgz,HOLD_NEEDS_CHANNEL_REVIEW,NO_REVIEWED_PLATFORM_ACCOUNT_ID,False
youtube:candidate_a53fed80013c7810b92e,youtube,,UnUnTheBat,https://youtube.com/@UnUnTheBat,HOLD_NEEDS_CHANNEL_REVIEW,NO_REVIEWED_PLATFORM_ACCOUNT_ID,False
youtube:candidate_a607a2b977813c8d44bc,youtube,,Zenovaz Ch.,https://www.youtube.com/c/ZenovazCh,HOLD_NEEDS_CHANNEL_REVIEW,NO_REVIEWED_PLATFORM_ACCOUNT_ID,False
youtube:candidate_a69692ac74b4e8aad2c3,youtube,,sunfishch,https://www.youtube.com/@sunfishch,HOLD_NEEDS_CHANNEL_REVIEW,NO_REVIEWED_PLATFORM_ACCOUNT_ID,False
youtube:candidate_a753ca8610236707ee1c,youtube,,NEBUEL-V,https://www.youtube.com/@NEBUEL-V,HOLD_NEEDS_CHANNEL_REVIEW,NO_REVIEWED_PLATFORM_ACCOUNT_ID,False
youtube:candidate_a7db5e45452d90327f65,youtube,,TAeOH,https://www.youtube.com/c/TAeOH,HOLD_NEEDS_CHANNEL_REVIEW,NO_REVIEWED_PLATFORM_ACCOUNT_ID,False
youtube:candidate_a98d7477073afea98acb,youtube,,ppimirl,https://www.youtube.com/@ppimirl,HOLD_NEEDS_CHANNEL_REVIEW,NO_REVIEWED_PLATFORM_ACCOUNT_ID,False
youtube:candidate_aac43a6de614ac0cb77d,youtube,,MikuRu0Project,https://www.youtube.com/@MikuRu0Project,HOLD_NEEDS_CHANNEL_REVIEW,NO_REVIEWED_PLATFORM_ACCOUNT_ID,False
youtube:candidate_ac41eeb771668aa29217,youtube,,Hinaree Kannari Ch. Lumina-Muse,https://www.youtube.com/@HinareeKannari,HOLD_NEEDS_CHANNEL_REVIEW,NO_REVIEWED_PLATFORM_ACCOUNT_ID,False
youtube:candidate_ac4b938abc7e0265c6c4,youtube,,Camellia Ch.,https://www.youtube.com/c/CamelliaCh-TL,HOLD_NEEDS_CHANNEL_REVIEW,NO_REVIEWED_PLATFORM_ACCOUNT_ID,False
youtube:candidate_add573e686507f0edd1c,youtube,,Sashimi Clips,https://www.youtube.com/@SashimiClips,HOLD_NEEDS_CHANNEL_REVIEW,NO_REVIEWED_PLATFORM_ACCOUNT_ID,False
youtube:candidate_ae0eeb21ee9a8e9109dd,youtube,,Enryu Horus Ch. 炎竜ホルス,https://youtube.com/shorts/3lExZD4sjeY,HOLD_NEEDS_CHANNEL_REVIEW,NO_REVIEWED_PLATFORM_ACCOUNT_ID,False
youtube:candidate_aec098775e8fec964d78,youtube,,PINTO,https://www.youtube.com/@pinto__xx,HOLD_NEEDS_CHANNEL_REVIEW,NO_REVIEWED_PLATFORM_ACCOUNT_ID,False
youtube:candidate_af3ab63822eeda450a64,youtube,,Charlie Chang,https://www.youtube.com/@CharlieChang,HOLD_NEEDS_CHANNEL_REVIEW,NO_REVIEWED_PLATFORM_ACCOUNT_ID,False
youtube:candidate_af5d46a46785878b2924,youtube,,Wizteria Ch.,https://www.youtube.com/c/FujinoWizteria,HOLD_NEEDS_CHANNEL_REVIEW,NO_REVIEWED_PLATFORM_ACCOUNT_ID,False
youtube:candidate_b083f79e40a55be771b8,youtube,,Bangkok Esports,https://www.youtube.com/@BangkokEsports,HOLD_NEEDS_CHANNEL_REVIEW,NO_REVIEWED_PLATFORM_ACCOUNT_ID,False
youtube:candidate_b202365fe4b3b32ddbb1,youtube,,MyxNyxx,https://www.youtube.com/@MyxNyxx,HOLD_NEEDS_CHANNEL_REVIEW,NO_REVIEWED_PLATFORM_ACCOUNT_ID,False
youtube:candidate_b2323f9f941458326a81,youtube,,HØRI 07 ⌜VZ⌟,https://www.youtube.com/c/HØRI07,HOLD_NEEDS_CHANNEL_REVIEW,NO_REVIEWED_PLATFORM_ACCOUNT_ID,False
youtube:candidate_b297c147542c164a05a3,youtube,,Edella Edward Ch.,https://youtube.com/shorts/bJoM23njAaM,HOLD_NEEDS_CHANNEL_REVIEW,NO_REVIEWED_PLATFORM_ACCOUNT_ID,False
youtube:candidate_b2aa238a99433ead9233,youtube,,Delphyron,https://youtube.com/@Delphyron,HOLD_NEEDS_CHANNEL_REVIEW,NO_REVIEWED_PLATFORM_ACCOUNT_ID,False
youtube:candidate_b3441c0a37f72385eddf,youtube,,KryspeiaCosmelis,https://www.youtube.com/@KryspeiaCosmelis,HOLD_NEEDS_CHANNEL_REVIEW,NO_REVIEWED_PLATFORM_ACCOUNT_ID,False
youtube:candidate_b578179d56c10569bf84,youtube,,VALGANG - TH,https://www.youtube.com/@valgang.official,HOLD_NEEDS_CHANNEL_REVIEW,NO_REVIEWED_PLATFORM_ACCOUNT_ID,False
youtube:candidate_b80f7de711e44a705e13,youtube,,FAUST_SinbiosiS,https://www.youtube.com/@FAUST_SinbiosiS,HOLD_NEEDS_CHANNEL_REVIEW,NO_REVIEWED_PLATFORM_ACCOUNT_ID,False
youtube:candidate_b87686f60fe52c2657e9,youtube,,Ari Kate Ch.,https://youtube.com/c/AriKateCh,HOLD_NEEDS_CHANNEL_REVIEW,NO_REVIEWED_PLATFORM_ACCOUNT_ID,False
youtube:candidate_b94c08ba4923cbe7bf74,youtube,,wint3r_vz,https://www.youtube.com/@wint3r_vz,HOLD_NEEDS_CHANNEL_REVIEW,NO_REVIEWED_PLATFORM_ACCOUNT_ID,False
youtube:candidate_b9e30ef87d75a2a9d03c,youtube,,Yoino Buten | VtuberTH,https://www.youtube.com/@Yoinobuten,HOLD_NEEDS_CHANNEL_REVIEW,NO_REVIEWED_PLATFORM_ACCOUNT_ID,False
youtube:candidate_b9f5eb58d5d76e36927f,youtube,,endoria_alf,https://youtube.com/@endoria_alf,HOLD_NEEDS_CHANNEL_REVIEW,NO_REVIEWED_PLATFORM_ACCOUNT_ID,False
youtube:candidate_ba31c1140db2932a76b1,youtube,,AMIWorldEnd,https://www.youtube.com/@AMIWorldEnd,HOLD_NEEDS_CHANNEL_REVIEW,NO_REVIEWED_PLATFORM_ACCOUNT_ID,False
youtube:candidate_bb148800f5bd48c76036,youtube,,Carina Aquarius,https://www.youtube.com/@CarinaAquarius_Ch,HOLD_NEEDS_CHANNEL_REVIEW,NO_REVIEWED_PLATFORM_ACCOUNT_ID,False
youtube:candidate_bc0176ed55b09ecabb1c,youtube,,Magcro Ravencroft Ch.,https://www.youtube.com/@MagcroRavencroftCh,HOLD_NEEDS_CHANNEL_REVIEW,NO_REVIEWED_PLATFORM_ACCOUNT_ID,False
youtube:candidate_bc302b37e4e77bba1377,youtube,,1KFuu Ch.,https://www.youtube.com/c/ArashiFuuCh,HOLD_NEEDS_CHANNEL_REVIEW,NO_REVIEWED_PLATFORM_ACCOUNT_ID,False
youtube:candidate_bc70df90e618f8501ca7,youtube,,noeluc_,https://www.youtube.com/@noeluc_,HOLD_NEEDS_CHANNEL_REVIEW,NO_REVIEWED_PLATFORM_ACCOUNT_ID,False
youtube:candidate_bd08af9c1b011f241e74,youtube,,Alparu Vtuber ch.,https://www.youtube.com/c/AlparuVtuberch,HOLD_NEEDS_CHANNEL_REVIEW,NO_REVIEWED_PLATFORM_ACCOUNT_ID,False
youtube:candidate_bdaf537c5ac0013daf08,youtube,,san1baebi1,https://youtube.com/@san1baebi1,HOLD_NEEDS_CHANNEL_REVIEW,NO_REVIEWED_PLATFORM_ACCOUNT_ID,False
youtube:candidate_be286223a4bf008e4fad,youtube,,eliciaa,https://www.youtube.com/@eliciaa,HOLD_NEEDS_CHANNEL_REVIEW,NO_REVIEWED_PLATFORM_ACCOUNT_ID,False
youtube:candidate_bfb643785cad204b2179,youtube,,RuiKazu_EXia,https://youtube.com/@RuiKazu_EXia,HOLD_NEEDS_CHANNEL_REVIEW,NO_REVIEWED_PLATFORM_ACCOUNT_ID,False
youtube:candidate_c04ba4082cade31a3fcb,youtube,,Killa ch.,https://www.youtube.com/c/Killach,HOLD_NEEDS_CHANNEL_REVIEW,NO_REVIEWED_PLATFORM_ACCOUNT_ID,False
youtube:candidate_c0e6bb0f909b16e7f8b1,youtube,,Alzena_SLR,https://www.youtube.com/@Alzena_SLR,HOLD_NEEDS_CHANNEL_REVIEW,NO_REVIEWED_PLATFORM_ACCOUNT_ID,False
youtube:candidate_c19e17f71118a2ff5487,youtube,,ALThiMa-NigHT,https://www.youtube.com/shorts/UZDwRCAWzhc,HOLD_NEEDS_CHANNEL_REVIEW,NO_REVIEWED_PLATFORM_ACCOUNT_ID,False
youtube:candidate_c20197c485ed59bfc6b3,youtube,,RaneeTani,https://www.youtube.com/@RaneeTani,HOLD_NEEDS_CHANNEL_REVIEW,NO_REVIEWED_PLATFORM_ACCOUNT_ID,False
youtube:candidate_c369f7cbcdbac15ae067,youtube,,kamaisanch,https://youtube.com/@kamaisanch,HOLD_NEEDS_CHANNEL_REVIEW,NO_REVIEWED_PLATFORM_ACCOUNT_ID,False
youtube:candidate_c36b8be3efc0e3b3941f,youtube,,Usami Bunny,https://www.youtube.com/@USAMIBUNNY,HOLD_NEEDS_CHANNEL_REVIEW,NO_REVIEWED_PLATFORM_ACCOUNT_ID,False
youtube:candidate_c3c179126cd0b0bd77ee,youtube,,Lunatrix Ch.,https://www.youtube.com/@LunatrixCh,HOLD_NEEDS_CHANNEL_REVIEW,NO_REVIEWED_PLATFORM_ACCOUNT_ID,False
youtube:candidate_c44499654c2efd1189a2,youtube,,Laychlype_ALF,https://youtube.com/@Laychlype_ALF,HOLD_NEEDS_CHANNEL_REVIEW,NO_REVIEWED_PLATFORM_ACCOUNT_ID,False
youtube:candidate_c4a086983072edb69f30,youtube,,MixerMaze,https://youtube.com/@MixerMaze,HOLD_NEEDS_CHANNEL_REVIEW,NO_REVIEWED_PLATFORM_ACCOUNT_ID,False
youtube:candidate_c5026e8cf8fd67c94814,youtube,,ursa_vtuber,https://www.youtube.com/@ursa_vtuber,HOLD_NEEDS_CHANNEL_REVIEW,NO_REVIEWED_PLATFORM_ACCOUNT_ID,False
youtube:candidate_c543a84ac75ce8c88a23,youtube,,narellech.fixixvt,https://youtube.com/@narellech.fixixvt,HOLD_NEEDS_CHANNEL_REVIEW,NO_REVIEWED_PLATFORM_ACCOUNT_ID,False
youtube:candidate_c56033b76da7e3a1379e,youtube,,glowshinmikothaivtubergrou5964,https://www.youtube.com/@glowshinmikothaivtubergrou5964,HOLD_NEEDS_CHANNEL_REVIEW,NO_REVIEWED_PLATFORM_ACCOUNT_ID,False
youtube:candidate_c676b3368a102360ca9b,youtube,,แมวพิมพ์ [ Vtuber แปลไทย ],https://www.youtube.com/@Maewpim,HOLD_NEEDS_CHANNEL_REVIEW,NO_REVIEWED_PLATFORM_ACCOUNT_ID,False
youtube:candidate_c6e66ddcebbac6ef3968,youtube,,Asatsuyu Ch.,https://www.youtube.com/c/AsatsuyuChannel,HOLD_NEEDS_CHANNEL_REVIEW,NO_REVIEWED_PLATFORM_ACCOUNT_ID,False
youtube:candidate_c824d62bdf24b4dd2446,youtube,,BrrwynVibeENT,https://www.youtube.com/@BrrwynVibeENT,HOLD_NEEDS_CHANNEL_REVIEW,NO_REVIEWED_PLATFORM_ACCOUNT_ID,False
youtube:candidate_c8f842cd15f83d4a3130,youtube,,Supeacha ⌜VZ⌟,https://www.youtube.com/c/Supeacha,HOLD_NEEDS_CHANNEL_REVIEW,NO_REVIEWED_PLATFORM_ACCOUNT_ID,False
youtube:candidate_c90aeecbda73f1a17185,youtube,,trustlnwvtuber,https://www.youtube.com/@trustlnwvtuber,HOLD_NEEDS_CHANNEL_REVIEW,NO_REVIEWED_PLATFORM_ACCOUNT_ID,False
youtube:candidate_c97d25f6049155c8dce5,youtube,,SKYLER | VtuberTH,https://www.youtube.com/@SKYLERcvc,HOLD_NEEDS_CHANNEL_REVIEW,NO_REVIEWED_PLATFORM_ACCOUNT_ID,False
youtube:candidate_ca0182779761b7822e64,youtube,,ra1ny_vz,https://www.youtube.com/@ra1ny_vz,HOLD_NEEDS_CHANNEL_REVIEW,NO_REVIEWED_PLATFORM_ACCOUNT_ID,False
youtube:candidate_cb075048a0fc3e11de0c,youtube,,Lanka_LH,https://www.youtube.com/@Lanka_LH,HOLD_NEEDS_CHANNEL_REVIEW,NO_REVIEWED_PLATFORM_ACCOUNT_ID,False
youtube:candidate_cb348711ad8bda5f9e3c,youtube,,masumikyou,https://www.youtube.com/@masumikyou,HOLD_NEEDS_CHANNEL_REVIEW,NO_REVIEWED_PLATFORM_ACCOUNT_ID,False
youtube:candidate_cbc5662215f32c664097,youtube,,Aiboh Canis,https://www.youtube.com/@AibohCanis,HOLD_NEEDS_CHANNEL_REVIEW,NO_REVIEWED_PLATFORM_ACCOUNT_ID,False
youtube:candidate_cd02fe1ea0e58da79d89,youtube,,Ani-One Thailand,https://www.youtube.com/@AniOneThailand,HOLD_NEEDS_CHANNEL_REVIEW,NO_REVIEWED_PLATFORM_ACCOUNT_ID,False
youtube:candidate_ce1cce3106793cad1f1e,youtube,,ShuaVibeENT,https://www.youtube.com/@ShuaVibeENT,HOLD_NEEDS_CHANNEL_REVIEW,NO_REVIEWED_PLATFORM_ACCOUNT_ID,False
youtube:candidate_cecdb81d28656c999ce6,youtube,,Mikadzuki_Nammy,https://www.youtube.com/@Mikadzuki_Nammy,HOLD_NEEDS_CHANNEL_REVIEW,NO_REVIEWED_PLATFORM_ACCOUNT_ID,False
youtube:candidate_cf5269f455f0a05e72a1,youtube,,KeressaZoulfia,https://www.youtube.com/@KeressaZoulfia,HOLD_NEEDS_CHANNEL_REVIEW,NO_REVIEWED_PLATFORM_ACCOUNT_ID,False
youtube:candidate_cf73e9a50c6863b99830,youtube,,USS enterprise,https://www.youtube.com/@uss3208,HOLD_NEEDS_CHANNEL_REVIEW,NO_REVIEWED_PLATFORM_ACCOUNT_ID,False
youtube:candidate_d0d9e5c2311acc3d76e4,youtube,,วันๆของ Vtuber ก็งี้แหละ,https://www.youtube.com/@vtuber3606,HOLD_NEEDS_CHANNEL_REVIEW,NO_REVIEWED_PLATFORM_ACCOUNT_ID,False
youtube:candidate_d118434329fdd1d75c31,youtube,,Gibpuri Ch,https://www.youtube.com/c/GibpuriCh,HOLD_NEEDS_CHANNEL_REVIEW,NO_REVIEWED_PLATFORM_ACCOUNT_ID,False
youtube:candidate_d173a0b6463c296f80b0,youtube,,DEV_ARP,https://www.youtube.com/@DEV_ARP,HOLD_NEEDS_CHANNEL_REVIEW,NO_REVIEWED_PLATFORM_ACCOUNT_ID,False
youtube:candidate_d1a9c310aa7f728250e5,youtube,,JellMellO_J,https://www.youtube.com/@JellMellO_J,HOLD_NEEDS_CHANNEL_REVIEW,NO_REVIEWED_PLATFORM_ACCOUNT_ID,False
youtube:candidate_d1dd10d47fd0fc1eb149,youtube,,BishamonKuroneko_AS,https://www.youtube.com/@BishamonKuroneko_AS,HOLD_NEEDS_CHANNEL_REVIEW,NO_REVIEWED_PLATFORM_ACCOUNT_ID,False
youtube:candidate_d2a3a84d6b9a7ef5d75f,youtube,,yentafobnj,https://www.youtube.com/@yentafobnj,HOLD_NEEDS_CHANNEL_REVIEW,NO_REVIEWED_PLATFORM_ACCOUNT_ID,False
youtube:candidate_d37c8be70febef6d7bbf,youtube,,nongmamuang_vtuber,https://youtube.com/@nongmamuang_vtuber,HOLD_NEEDS_CHANNEL_REVIEW,NO_REVIEWED_PLATFORM_ACCOUNT_ID,False
youtube:candidate_d3d0abea48017a5c3eb7,youtube,,Leon,https://www.youtube.com/@Leon-R-Shootingstar,HOLD_NEEDS_CHANNEL_REVIEW,NO_REVIEWED_PLATFORM_ACCOUNT_ID,False
youtube:candidate_d3fd1b14ebb2faf8af74,youtube,,EliAharon,https://www.youtube.com/@EliAharon,HOLD_NEEDS_CHANNEL_REVIEW,NO_REVIEWED_PLATFORM_ACCOUNT_ID,False
youtube:candidate_d4169101dd42cb77a9dd,youtube,,Caters Clips,https://www.youtube.com/@CatersClips,HOLD_NEEDS_CHANNEL_REVIEW,NO_REVIEWED_PLATFORM_ACCOUNT_ID,False
youtube:candidate_d499edeb56a1f5244ebb,youtube,,zaneVTG,https://www.youtube.com/@zaneVTG,HOLD_NEEDS_CHANNEL_REVIEW,NO_REVIEWED_PLATFORM_ACCOUNT_ID,False
youtube:candidate_d56827f0ed003b46900f,youtube,,PurpleDog BaBo,https://www.youtube.com/@PurpleDogBabo,HOLD_NEEDS_CHANNEL_REVIEW,NO_REVIEWED_PLATFORM_ACCOUNT_ID,False
youtube:candidate_d58961c34872be34602c,youtube,,Quentin_ARP,https://www.youtube.com/@Quentin_ARP,HOLD_NEEDS_CHANNEL_REVIEW,NO_REVIEWED_PLATFORM_ACCOUNT_ID,False
youtube:candidate_d6110768bbf26d2ac794,youtube,,Mortifer Bathory Ch.,https://www.youtube.com/c/MortiferBathoryChParabellum,HOLD_NEEDS_CHANNEL_REVIEW,NO_REVIEWED_PLATFORM_ACCOUNT_ID,False
youtube:candidate_d6282533a945707a1f66,youtube,,BRE GAMING,https://www.youtube.com/@BREGAMING01,HOLD_NEEDS_CHANNEL_REVIEW,NO_REVIEWED_PLATFORM_ACCOUNT_ID,False
youtube:candidate_d8e14980502e2e44ceed,youtube,,Estelle Wil Ch.,https://www.youtube.com/@EstelleWil,HOLD_NEEDS_CHANNEL_REVIEW,NO_REVIEWED_PLATFORM_ACCOUNT_ID,False
youtube:candidate_d97bfc386bda3faa4a8e,youtube,,ReginaVtuber,https://www.youtube.com/@ReginaVtuber,HOLD_NEEDS_CHANNEL_REVIEW,NO_REVIEWED_PLATFORM_ACCOUNT_ID,False
youtube:candidate_da32ebf29776361ead00,youtube,,TeenMu,https://www.youtube.com/@TeenMu,HOLD_NEEDS_CHANNEL_REVIEW,NO_REVIEWED_PLATFORM_ACCOUNT_ID,False
youtube:candidate_da96cfd476dc3111c304,youtube,,umiuzagi_vth,https://www.youtube.com/@umiuzagi_vth,HOLD_NEEDS_CHANNEL_REVIEW,NO_REVIEWED_PLATFORM_ACCOUNT_ID,False
youtube:candidate_db9e3ac096ba847b8b74,youtube,,vivera_eylz,https://youtube.com/@vivera_eylz,HOLD_NEEDS_CHANNEL_REVIEW,NO_REVIEWED_PLATFORM_ACCOUNT_ID,False
youtube:candidate_dc4f114c747ebe74206f,youtube,,LonitaCH,https://youtube.com/@LonitaCH,HOLD_NEEDS_CHANNEL_REVIEW,NO_REVIEWED_PLATFORM_ACCOUNT_ID,False
youtube:candidate_dc67b9271e9c74e5e77c,youtube,,Hoshi_1489【DL】,https://www.youtube.com/@hoshi_1489,HOLD_NEEDS_CHANNEL_REVIEW,NO_REVIEWED_PLATFORM_ACCOUNT_ID,False
youtube:candidate_dc719eee2f4f9b099e1f,youtube,,gingerbelle,https://www.youtube.com/c/gingerbelle1208,HOLD_NEEDS_CHANNEL_REVIEW,NO_REVIEWED_PLATFORM_ACCOUNT_ID,False
youtube:candidate_dcc44d661b5060245144,youtube,,MiledyZ_ch,https://youtube.com/@MiledyZ_ch,HOLD_NEEDS_CHANNEL_REVIEW,NO_REVIEWED_PLATFORM_ACCOUNT_ID,False
youtube:candidate_dcfd5957be23a2f0da22,youtube,,Nergal Near Ch.,https://www.youtube.com/@NergalNearCH,HOLD_NEEDS_CHANNEL_REVIEW,NO_REVIEWED_PLATFORM_ACCOUNT_ID,False
youtube:candidate_dd132eed8f7672b36ad1,youtube,,Logan U Stryker,https://www.youtube.com/@urStrykerVtuber,HOLD_NEEDS_CHANNEL_REVIEW,NO_REVIEWED_PLATFORM_ACCOUNT_ID,False
youtube:candidate_ddecf7366f043b97fac6,youtube,,RuLaRaLan,https://www.youtube.com/shorts/fF5KPNZ0TJk,HOLD_NEEDS_CHANNEL_REVIEW,NO_REVIEWED_PLATFORM_ACCOUNT_ID,False
youtube:candidate_df4368f4046ca8e95881,youtube,,PANNAWAT,https://www.youtube.com/@pannawat8032,HOLD_NEEDS_CHANNEL_REVIEW,NO_REVIEWED_PLATFORM_ACCOUNT_ID,False
youtube:candidate_df816373fc1d5bc13530,youtube,,Effy_ARP,https://youtube.com/@Effy_ARP,HOLD_NEEDS_CHANNEL_REVIEW,NO_REVIEWED_PLATFORM_ACCOUNT_ID,False
youtube:candidate_e01122ecb884f8f928b1,youtube,,Kaamoria,https://www.youtube.com/@Kaamoria,HOLD_NEEDS_CHANNEL_REVIEW,NO_REVIEWED_PLATFORM_ACCOUNT_ID,False
youtube:candidate_e1799d75f633ea10a4d9,youtube,,LittleG ch. Euphora,https://www.youtube.com/@LittleGWarin,HOLD_NEEDS_CHANNEL_REVIEW,NO_REVIEWED_PLATFORM_ACCOUNT_ID,False
youtube:candidate_e259134b6beddfb54513,youtube,,cliche_SSR,https://youtube.com/@cliche_SSR,HOLD_NEEDS_CHANNEL_REVIEW,NO_REVIEWED_PLATFORM_ACCOUNT_ID,False
youtube:candidate_e2a34a4493ccd6b5fcc8,youtube,,MinORu,https://www.youtube.com/@MinORuOnly,HOLD_NEEDS_CHANNEL_REVIEW,NO_REVIEWED_PLATFORM_ACCOUNT_ID,False
youtube:candidate_e2a472aa27f701b85827,youtube,,XY AZ,https://www.youtube.com/@XY_AZ,HOLD_NEEDS_CHANNEL_REVIEW,NO_REVIEWED_PLATFORM_ACCOUNT_ID,False
youtube:candidate_e35c1f9cc5ba80130961,youtube,,P.AresSpacedog,https://www.youtube.com/@P.AresSpacedog,HOLD_NEEDS_CHANNEL_REVIEW,NO_REVIEWED_PLATFORM_ACCOUNT_ID,False
youtube:candidate_e3df698ee37767524d8c,youtube,,Leona Channel『VW』,https://www.youtube.com/c/LeonaChannel,HOLD_NEEDS_CHANNEL_REVIEW,NO_REVIEWED_PLATFORM_ACCOUNT_ID,False
youtube:candidate_e59d9f65980a7c30c768,youtube,,rlanz_tn,https://www.youtube.com/@rlanz_tn,HOLD_NEEDS_CHANNEL_REVIEW,NO_REVIEWED_PLATFORM_ACCOUNT_ID,False
youtube:candidate_e75fe4be2e942a6f1d0d,youtube,,Zin'fandel「ZTP」,https://www.youtube.com/shorts/gpU4DR0SRsc,HOLD_NEEDS_CHANNEL_REVIEW,NO_REVIEWED_PLATFORM_ACCOUNT_ID,False
youtube:candidate_e884e36a61c6ea2b930c,youtube,,ZiaSylph_AS,https://www.youtube.com/@ZiaSylph_AS,HOLD_NEEDS_CHANNEL_REVIEW,NO_REVIEWED_PLATFORM_ACCOUNT_ID,False
youtube:candidate_e9e6d2de0400a9a15c4d,youtube,,Karu Ch.【ARP】,https://www.youtube.com/@Karu_ARP,HOLD_NEEDS_CHANNEL_REVIEW,NO_REVIEWED_PLATFORM_ACCOUNT_ID,False
youtube:candidate_ea92c2605bf501db393f,youtube,,SenKoretane,https://youtube.com/@SenKoretane,HOLD_NEEDS_CHANNEL_REVIEW,NO_REVIEWED_PLATFORM_ACCOUNT_ID,False
youtube:candidate_ebf98465805011badb4f,youtube,,Gamerkaon,https://www.youtube.com/@Gamerkaon,HOLD_NEEDS_CHANNEL_REVIEW,NO_REVIEWED_PLATFORM_ACCOUNT_ID,False
youtube:candidate_ec2831edfd7ddd3186aa,youtube,,SirrisGoddess,https://youtube.com/@SirrisGoddess,HOLD_NEEDS_CHANNEL_REVIEW,NO_REVIEWED_PLATFORM_ACCOUNT_ID,False
youtube:candidate_ecb08d4e76555c3f9ee5,youtube,,Supeacha ⌜VZ⌟,https://www.youtube.com/@Supeacha,HOLD_NEEDS_CHANNEL_REVIEW,NO_REVIEWED_PLATFORM_ACCOUNT_ID,False
youtube:candidate_ee409d7ed82e95f6d64b,youtube,,Seikou iMinato,https://www.youtube.com/@i.Minato7,HOLD_NEEDS_CHANNEL_REVIEW,NO_REVIEWED_PLATFORM_ACCOUNT_ID,False
youtube:candidate_ef644fedc34b6fccb254,youtube,,Muendria_SLR,https://www.youtube.com/@Muendria_SLR,HOLD_NEEDS_CHANNEL_REVIEW,NO_REVIEWED_PLATFORM_ACCOUNT_ID,False
youtube:candidate_efc2b108b4acd04b8262,youtube,,LIVIANA,https://www.youtube.com/@Liviana_VWitch,HOLD_NEEDS_CHANNEL_REVIEW,NO_REVIEWED_PLATFORM_ACCOUNT_ID,False
youtube:candidate_efcc39dc2cd53ebced33,youtube,,ZiaSylph_AS,https://youtube.com/@ZiaSylph_AS,HOLD_NEEDS_CHANNEL_REVIEW,NO_REVIEWED_PLATFORM_ACCOUNT_ID,False
youtube:candidate_efee3ad0365900df118e,youtube,,Captain MUAL2027 Gamer,https://www.youtube.com/@CaptainMUAL,HOLD_NEEDS_CHANNEL_REVIEW,NO_REVIEWED_PLATFORM_ACCOUNT_ID,False
youtube:candidate_f0a308a32ac412644fb9,youtube,,Fo_Kuro「フォー黒」,https://youtube.com/c/FoKuro25,HOLD_NEEDS_CHANNEL_REVIEW,NO_REVIEWED_PLATFORM_ACCOUNT_ID,False
youtube:candidate_f195838b48f0246f0189,youtube,,MerryKomori,https://www.youtube.com/@MerryKomori,HOLD_NEEDS_CHANNEL_REVIEW,NO_REVIEWED_PLATFORM_ACCOUNT_ID,False
youtube:candidate_f1e631f2b3ad599a33e8,youtube,,karin-izumi,https://youtube.com/@karin-izumi,HOLD_NEEDS_CHANNEL_REVIEW,NO_REVIEWED_PLATFORM_ACCOUNT_ID,False
youtube:candidate_f230431fe6fcc4071682,youtube,,Heiman-hm,https://www.youtube.com/@Heiman-hm,HOLD_NEEDS_CHANNEL_REVIEW,NO_REVIEWED_PLATFORM_ACCOUNT_ID,False
youtube:candidate_f369807886a355c1a426,youtube,,MoeKaoriVZ,https://youtube.com/@MoeKaoriVZ,HOLD_NEEDS_CHANNEL_REVIEW,NO_REVIEWED_PLATFORM_ACCOUNT_ID,False
youtube:candidate_f4827cc8f1f9f0469434,youtube,,maeminippych,https://youtube.com/@maeminippych,HOLD_NEEDS_CHANNEL_REVIEW,NO_REVIEWED_PLATFORM_ACCOUNT_ID,False
youtube:candidate_f4a4d3afe29b335588a6,youtube,,TODAY Bizview,https://www.youtube.com/@TODAYBizview,HOLD_NEEDS_CHANNEL_REVIEW,NO_REVIEWED_PLATFORM_ACCOUNT_ID,False
youtube:candidate_f53ca0e7a6bc1470fdff,youtube,,KaNaSomSom,https://www.youtube.com/@KaNaSomSom,HOLD_NEEDS_CHANNEL_REVIEW,NO_REVIEWED_PLATFORM_ACCOUNT_ID,False
youtube:candidate_f5887ad99d6faa836bd3,youtube,,Jisooman Ch.,https://www.youtube.com/@jisoomansololove1818,HOLD_NEEDS_CHANNEL_REVIEW,NO_REVIEWED_PLATFORM_ACCOUNT_ID,False
youtube:candidate_f5fdd5773628a090559c,youtube,,PadzangChannel,https://www.youtube.com/@PadzangChannel,HOLD_NEEDS_CHANNEL_REVIEW,NO_REVIEWED_PLATFORM_ACCOUNT_ID,False
youtube:candidate_f6e6d835c4b502010a37,youtube,,ClipsVonClaus,https://www.youtube.com/@clipsvonclaus,HOLD_NEEDS_CHANNEL_REVIEW,NO_REVIEWED_PLATFORM_ACCOUNT_ID,False
youtube:candidate_f755b271275129a7aa0f,youtube,,Fouradd,https://www.youtube.com/@Fouradd99,HOLD_NEEDS_CHANNEL_REVIEW,NO_REVIEWED_PLATFORM_ACCOUNT_ID,False
youtube:candidate_f88fbf53ebdd2d10e247,youtube,,DeaExDelta,https://www.youtube.com/@DeaExDelta,HOLD_NEEDS_CHANNEL_REVIEW,NO_REVIEWED_PLATFORM_ACCOUNT_ID,False
youtube:candidate_f94ad6f96afa3f3d713c,youtube,,crazyghsot,https://www.youtube.com/@crazyghsot,HOLD_NEEDS_CHANNEL_REVIEW,NO_REVIEWED_PLATFORM_ACCOUNT_ID,False
youtube:candidate_f9b0d43fd68fe72115df,youtube,,zinfandel_ZTP,https://youtube.com/@zinfandel_ZTP,HOLD_NEEDS_CHANNEL_REVIEW,NO_REVIEWED_PLATFORM_ACCOUNT_ID,False
youtube:candidate_faa2db93a360032dffef,youtube,,Bunnieskisses.vtuber,https://www.youtube.com/@Bunnieskisses.vtuber,HOLD_NEEDS_CHANNEL_REVIEW,NO_REVIEWED_PLATFORM_ACCOUNT_ID,False
youtube:candidate_fb138e20a74c50751a6f,youtube,,mii__belle,https://www.youtube.com/@mii__belle,HOLD_NEEDS_CHANNEL_REVIEW,NO_REVIEWED_PLATFORM_ACCOUNT_ID,False
youtube:candidate_fb565ece73f9bd2093e6,youtube,,sleepfii_zzz,https://www.youtube.com/@sleepfii_zzz,HOLD_NEEDS_CHANNEL_REVIEW,NO_REVIEWED_PLATFORM_ACCOUNT_ID,False
youtube:candidate_fba87aa975cbac48b142,youtube,,X-JEVZ,https://www.youtube.com/@X-JEVZ,HOLD_NEEDS_CHANNEL_REVIEW,NO_REVIEWED_PLATFORM_ACCOUNT_ID,False
youtube:candidate_fbd3abb0e14962ce0d18,youtube,,ANIMORth - อนิเมาะไทย,https://www.youtube.com/@ANIMORth,HOLD_NEEDS_CHANNEL_REVIEW,NO_REVIEWED_PLATFORM_ACCOUNT_ID,False
youtube:record:3:1376,youtube,,Varin Rattanavisut,,HOLD_NEEDS_CHANNEL_REVIEW,NO_REVIEWED_PLATFORM_ACCOUNT_ID,False
youtube:record:3:1377,youtube,,MikuRu-0,,HOLD_NEEDS_CHANNEL_REVIEW,NO_REVIEWED_PLATFORM_ACCOUNT_ID,False
youtube:record:3:1378,youtube,,Vanila Mali,,HOLD_NEEDS_CHANNEL_REVIEW,NO_REVIEWED_PLATFORM_ACCOUNT_ID,False
youtube:record:3:1379,youtube,,KAMAI,,HOLD_NEEDS_CHANNEL_REVIEW,NO_REVIEWED_PLATFORM_ACCOUNT_ID,False
youtube:record:3:1380,youtube,,Ursa Scorpio,,HOLD_NEEDS_CHANNEL_REVIEW,NO_REVIEWED_PLATFORM_ACCOUNT_ID,False
youtube:record:3:1381,youtube,,Liselotte Engelhardt,,HOLD_NEEDS_CHANNEL_REVIEW,NO_REVIEWED_PLATFORM_ACCOUNT_ID,False
