channel_id,name,handle,channel_url,agency,activity_status,vtuber_status,person_id,canonical_name,channel_type,subscriber_count,video_count,view_count,last_video_published_at,country,thai_confidence,reference_sources,checked_date,evidence_notes,enabled
UC1s5T_9sfGrRxHJhjEceVSg,Kafune CH.,@kafunech,https://www.youtube.com/channel/UC1s5T_9sfGrRxHJhjEceVSg,Independent,hiatus,CONFIRMED,vtuber_kafunech,Kafune CH.,main,3340,88,151042,2024-05-11T01:02:42+00:00,TH,0.8,Thai VTuber Ranking,2026-09-06T15:07:31.268816+00:00,Thai confidence: 0.80; Sources: Thai VTuber Ranking; Hiatus / Inactive for 848 days (> 180d),True
UC2IZur8-GAsn7gHQNTNOOgQ,Potia PBT,@potiaht,https://www.youtube.com/channel/UC2IZur8-GAsn7gHQNTNOOgQ,Independent,active,CONFIRMED,vtuber_potiaht,Potia PBT,main,1520,63,7468,2026-05-15T08:42:00+00:00,,0.45,Thai VTuber Ranking,2026-09-06T15:07:31.268967+00:00,Thai confidence: 0.45; Sources: Thai VTuber Ranking; Active (last video published 114 days ago),True
UC25e5qEqvVaG_VKrkTmJBmw,Lucene Ch.,@luceneplg,https://www.youtube.com/channel/UC25e5qEqvVaG_VKrkTmJBmw,Independent,active,CONFIRMED,vtuber_luceneplg,Lucene Ch.,main,83200,1959,9969940,2026-09-05T17:08:55+00:00,TH,0.8,Thai VTuber Ranking; Virtual YouTuber Fandom Wiki,2026-09-06T15:07:31.269006+00:00,"Thai confidence: 0.80; Sources: Thai VTuber Ranking, Virtual YouTuber Fandom Wiki; Active (last video published 0 days ago)",True
UC2AmIPun8jDuz1ksnxQTtcw,sunraindre,@sunraindre,https://www.youtube.com/channel/UC2AmIPun8jDuz1ksnxQTtcw,Independent,active,CONFIRMED,vtuber_sunraindre,sunraindre,main,2860,423,265323,2026-09-05T20:12:14+00:00,TH,0.8,Thai VTuber Ranking,2026-09-06T15:07:31.269053+00:00,Thai confidence: 0.80; Sources: Thai VTuber Ranking; Active (last video published 0 days ago),True
UC2kjsGpKTwnFKZLLTUkK4Gw,BRRWYN Ch. / QURSE,@brrwynvibeent,https://www.youtube.com/channel/UC2kjsGpKTwnFKZLLTUkK4Gw,Independent,active,CONFIRMED,vtuber_brrwynvibeent,BRRWYN Ch. / QURSE,main,4160,77,78411,2026-09-03T04:16:29+00:00,,0.2,Thai VTuber Ranking,2026-09-06T15:07:31.269073+00:00,"VTuber signals: vtuber, thai vtuber; Sources: Thai VTuber Ranking; Active (last video published 3 days ago)",True
UC32lsx7u7vqy63SguuuzmVg,Narelle ch. 【FIXIX VT】,@narellech.fixixvt,https://www.youtube.com/channel/UC32lsx7u7vqy63SguuuzmVg,Independent,hiatus,CONFIRMED,vtuber_narellech.fixixvt,Narelle ch. 【FIXIX VT】,main,2120,128,123777,2025-12-22T06:00:06+00:00,,0.45,Thai VTuber Ranking,2026-09-06T15:07:31.269098+00:00,Thai confidence: 0.45; Sources: Thai VTuber Ranking; Hiatus / Inactive for 258 days (> 180d),True
UC3gREX7tB8vEhPFgAOGr9xg,1KFuu Ch.,@arashifuu,https://www.youtube.com/channel/UC3gREX7tB8vEhPFgAOGr9xg,Independent,active,CONFIRMED,vtuber_arashifuu,1KFuu Ch.,main,23900,1023,1483946,2026-09-02T03:38:34+00:00,TH,0.8,Thai VTuber Ranking,2026-09-06T15:07:31.269121+00:00,Thai confidence: 0.80; Sources: Thai VTuber Ranking; Active (last video published 4 days ago),True
UC35EDRwjO07DpevXGxo3Y0g,IKUTO ch.,@ikutoch,https://www.youtube.com/channel/UC35EDRwjO07DpevXGxo3Y0g,Independent,active,CONFIRMED,vtuber_ikutoch,IKUTO ch.,main,3130,319,71027,2026-05-31T15:00:35+00:00,TH,0.8,Thai VTuber Ranking,2026-09-06T15:07:31.269152+00:00,Thai confidence: 0.80; Sources: Thai VTuber Ranking; Active (last video published 98 days ago),True
UC3ZglUA0HEUCuGbe5b8zXKw,The Lupas,@lupasch,https://www.youtube.com/channel/UC3ZglUA0HEUCuGbe5b8zXKw,Independent,hiatus,CONFIRMED,vtuber_lupasch,The Lupas,main,1070,29,14013,2022-05-13T01:27:03+00:00,,0.45,Thai VTuber Ranking,2026-09-06T15:07:31.269187+00:00,Thai confidence: 0.45; Sources: Thai VTuber Ranking; Hiatus / Inactive for 1577 days (> 180d),True
UC2uv9lpMiz72v_qPVFDSZmA,Suiren Ch. ◣PLO◥,@tmr_suiren,https://www.youtube.com/channel/UC2uv9lpMiz72v_qPVFDSZmA,Independent,active,CONFIRMED,vtuber_tmr_suiren,Suiren Ch. ◣PLO◥,main,2780,74,113349,2026-09-05T10:00:39+00:00,TH,0.8,Thai VTuber Ranking,2026-09-06T15:07:31.269208+00:00,VTuber signals: วีทูป; Thai confidence: 0.80; Sources: Thai VTuber Ranking; Active (last video published 1 days ago),True
UC3OnR-Tqd8dHmY-XNHO4iZw,kukiko hikaru,@kukikohikaru4454,https://www.youtube.com/channel/UC3OnR-Tqd8dHmY-XNHO4iZw,Independent,active,CONFIRMED,vtuber_kukikohikaru4454,kukiko hikaru,main,1340,29,12736,2026-08-14T16:32:42+00:00,TH,0.55,Thai VTuber Ranking,2026-09-06T15:07:31.269225+00:00,"VTuber signals: vtuber, thai vtuber; Thai confidence: 0.55; Sources: Thai VTuber Ranking; Active (last video published 22 days ago)",True
UC1pYd8HCTuc8Kdh_8m_znpA,Freyrina,@freyrinavtuber,https://www.youtube.com/channel/UC1pYd8HCTuc8Kdh_8m_znpA,Independent,active,CONFIRMED,vtuber_freyrinavtuber,Freyrina,main,10100,398,794543,2026-09-03T10:12:11+00:00,,0.45,Thai VTuber Ranking,2026-09-06T15:07:31.269270+00:00,"VTuber signals: vtuber, vtuberth; Thai confidence: 0.45; Sources: Thai VTuber Ranking; Active (last video published 3 days ago)",True
UC3H7_4Gz8PhHeMz0hHwuFTw,Morika Rei【ARRI】[Graduated],@morikareich,https://www.youtube.com/channel/UC3H7_4Gz8PhHeMz0hHwuFTw,Independent,hiatus,CONFIRMED,vtuber_morikareich,Morika Rei【ARRI】[Graduated],main,1200,37,73731,2025-12-28T16:17:43+00:00,TH,0.35,Thai VTuber Ranking,2026-09-06T15:07:31.269293+00:00,Thai confidence: 0.35; Sources: Thai VTuber Ranking; Hiatus / Inactive for 251 days (> 180d),True
UC1ypugJJiDakFeDlxQO2Tew,Smokesword Channel,@smokeswordch.,https://www.youtube.com/channel/UC1ypugJJiDakFeDlxQO2Tew,Independent,active,CONFIRMED,vtuber_smokeswordch.,Smokesword Channel,main,1690,517,258118,2026-09-05T10:00:28+00:00,TH,0.5,Thai VTuber Ranking,2026-09-06T15:07:31.269322+00:00,Thai confidence: 0.50; Sources: Thai VTuber Ranking; Active (last video published 1 days ago),True
UC3QTic1iBGQN_LzWo7JfDKQ,CallistoSoCool Ch.,@callistosocool,https://www.youtube.com/channel/UC3QTic1iBGQN_LzWo7JfDKQ,Independent,active,CONFIRMED,vtuber_callistosocool,CallistoSoCool Ch.,main,457,254,144872,2026-09-04T03:38:14+00:00,,0.65,Thai VTuber Ranking,2026-09-06T15:07:31.269350+00:00,VTuber signals: vtuber; Thai confidence: 0.65; Sources: Thai VTuber Ranking; Active (last video published 2 days ago),True
UC3aHMGHRuQAonBUpE2a94bA,Ryoukatsu Ch.,@ryoukatsu_meow,https://www.youtube.com/channel/UC3aHMGHRuQAonBUpE2a94bA,Independent,active,CONFIRMED,vtuber_ryoukatsu_meow,Ryoukatsu Ch.,main,718,352,40364,2026-09-03T14:35:52+00:00,TH,1.0,Thai VTuber Ranking,2026-09-06T15:07:31.269372+00:00,Thai confidence: 1.00; Sources: Thai VTuber Ranking; Active (last video published 3 days ago),True
UC3TQ2myWZR8pZiUZ6Cs0-Sw,Bianca Ch. 【ARP】,@bianca_arp,https://www.youtube.com/channel/UC3TQ2myWZR8pZiUZ6Cs0-Sw,Algorhythm Project,hiatus,CONFIRMED,vtuber_bianca_arp,Bianca Ch. 【ARP】,main,26300,0,0,2024-04-13T13:38:54+00:00,,0.65,Thai VTuber Ranking,2026-09-06T15:07:31.269414+00:00,"VTuber signals: vtuber, วีทูบเบอร์, agency:Algorhythm Project; Agency: Algorhythm Project; Thai confidence: 0.65; Sources: Thai VTuber Ranking; Hiatus / Inactive for 876 days (> 180d)",True
UC1z-ybaAe5LYfcnDdzp9SGw,กินข้าวแซ่บ,@ginkowzap,https://www.youtube.com/channel/UC1z-ybaAe5LYfcnDdzp9SGw,Independent,unknown,CONFIRMED,vtuber_ginkowzap,กินข้าวแซ่บ,main,6780,0,0,,TH,0.8,Thai VTuber Ranking,2026-09-06T15:07:31.269435+00:00,Thai confidence: 0.80; Sources: Thai VTuber Ranking; No public video history recorded,False
UC1o-4IZwxHOxGyUKN6xpNZA,KIMEWA_YUKI 【SOA】,@kimewa_yuki_soa,https://www.youtube.com/channel/UC1o-4IZwxHOxGyUKN6xpNZA,Independent,active,CONFIRMED,vtuber_kimewa_yuki_soa,KIMEWA_YUKI 【SOA】,main,396,76,12861,2026-08-30T06:28:35+00:00,TH,0.8,Thai VTuber Ranking,2026-09-06T15:07:31.269464+00:00,Thai confidence: 0.80; Sources: Thai VTuber Ranking; Active (last video published 7 days ago),True
UC2z7pz25bgnqLHdTd7EvVoQ,Shishiou Seito Ch. / AStars,@shishiouseito_as,https://www.youtube.com/channel/UC2z7pz25bgnqLHdTd7EvVoQ,AStars Production,active,CONFIRMED,vtuber_shishiouseito_as,Shishiou Seito Ch. / AStars,main,5130,242,215064,2026-09-05T19:22:10+00:00,,0.2,Thai VTuber Ranking; Virtual YouTuber Fandom Wiki,2026-09-06T15:07:31.269480+00:00,"VTuber signals: vtuber, thai vtuber; Sources: Thai VTuber Ranking, Virtual YouTuber Fandom Wiki; Active (last video published 0 days ago)",True
UC3it6w4G8eUA98J2w60gBDQ,Orca-Okaru CH,@kingorca,https://www.youtube.com/channel/UC3it6w4G8eUA98J2w60gBDQ,Independent,active,CONFIRMED,vtuber_kingorca,Orca-Okaru CH,main,1200,279,49077,2026-09-02T15:40:31+00:00,TH,0.8,Thai VTuber Ranking,2026-09-06T15:07:31.269531+00:00,VTuber signals: vtuber; Thai confidence: 0.80; Sources: Thai VTuber Ranking; Active (last video published 3 days ago),True
UC27OebwwE2AWaJF8fUSkDcA,Mooco Witchie,@moocowitchie,https://www.youtube.com/channel/UC27OebwwE2AWaJF8fUSkDcA,Independent,unknown,CONFIRMED,vtuber_moocowitchie,Mooco Witchie,main,15000,0,0,,TH,0.55,Thai VTuber Ranking; Virtual YouTuber Fandom Wiki,2026-09-06T15:07:31.269545+00:00,"VTuber signals: vtuber, thai vtuber; Thai confidence: 0.55; Sources: Thai VTuber Ranking, Virtual YouTuber Fandom Wiki; No public video history recorded",False
UC2iD3jxz5srvHoV7gXtBYvQ,Davina V.,@davinav,https://www.youtube.com/channel/UC2iD3jxz5srvHoV7gXtBYvQ,Independent,hiatus,CONFIRMED,vtuber_davinav,Davina V.,main,2890,341,115160,2025-01-08T17:25:00+00:00,TH,0.55,Thai VTuber Ranking,2026-09-06T15:07:31.269558+00:00,"VTuber signals: vtuber, thai vtuber; Thai confidence: 0.55; Sources: Thai VTuber Ranking; Hiatus / Inactive for 605 days (> 180d)",True
UC3JqFoY66A90sdqe46mvbTA,Eli Aharon 「イーライ」,@eliaharon,https://www.youtube.com/channel/UC3JqFoY66A90sdqe46mvbTA,Independent,active,CONFIRMED,vtuber_eliaharon,Eli Aharon 「イーライ」,main,40900,855,7263293,2026-09-05T11:30:29+00:00,TH,0.8,Thai VTuber Ranking,2026-09-06T15:07:31.269594+00:00,Thai confidence: 0.80; Sources: Thai VTuber Ranking; Active (last video published 1 days ago),True
UC2sAw3h-IzU3JOtvXVzTjxw,叶龙 Yelong CH.,@yelong_vth,https://www.youtube.com/channel/UC2sAw3h-IzU3JOtvXVzTjxw,Independent,active,CONFIRMED,vtuber_yelong_vth,叶龙 Yelong CH.,main,230,160,13010,2026-08-29T21:08:46+00:00,TH,0.95,Thai VTuber Ranking,2026-09-06T15:07:31.269612+00:00,Thai confidence: 0.95; Sources: Thai VTuber Ranking; Active (last video published 7 days ago),True
UC2mSWpVqjjQ7G7gEIfQ7p9w,Zeraphina Hana,@zeraphinahn,https://www.youtube.com/channel/UC2mSWpVqjjQ7G7gEIfQ7p9w,Independent,active,CONFIRMED,vtuber_zeraphinahn,Zeraphina Hana,main,1470,336,149977,2026-09-02T10:00:08+00:00,TH,0.55,Thai VTuber Ranking,2026-09-06T15:07:31.269629+00:00,Thai confidence: 0.55; Sources: Thai VTuber Ranking; Active (last video published 4 days ago),True
UC3D2LNEOdYQq5mu9hjoQTZQ,ROOKCAN ch〖DPX〗,@rookcanch,https://www.youtube.com/channel/UC3D2LNEOdYQq5mu9hjoQTZQ,DPX,active,CONFIRMED,vtuber_rookcanch,ROOKCAN ch〖DPX〗,main,14200,478,1405114,2026-08-20T14:51:20+00:00,,0.45,Thai VTuber Ranking,2026-09-06T15:07:31.269648+00:00,Thai confidence: 0.45; Sources: Thai VTuber Ranking; Active (last video published 17 days ago),True
UC2eai5waelgobAHgp20DEYg,Ardalita Lilibelle Ch. Lumina-First-Myth,@ardalitalilibelle,https://www.youtube.com/channel/UC2eai5waelgobAHgp20DEYg,Lumina Live,active,CONFIRMED,vtuber_ardalitalilibelle,Ardalita Lilibelle Ch. Lumina-First-Myth,main,50800,991,8346791,2026-09-05T19:19:37+00:00,TH,0.8,Thai VTuber Ranking; Virtual YouTuber Fandom Wiki,2026-09-06T15:07:31.269691+00:00,"VTuber signals: agency:Lumina Live; Agency: Lumina Live; Thai confidence: 0.80; Sources: Thai VTuber Ranking, Virtual YouTuber Fandom Wiki; Active (last video published 0 days ago)",True
UC33VkaWtUAg84eE1BfScpZg,PanBiBi,@panbibi,https://www.youtube.com/channel/UC33VkaWtUAg84eE1BfScpZg,Independent,hiatus,CONFIRMED,vtuber_panbibi,PanBiBi,main,4280,53,243044,2026-01-23T13:05:30+00:00,TH,0.8,Thai VTuber Ranking,2026-09-06T15:07:31.269720+00:00,Thai confidence: 0.80; Sources: Thai VTuber Ranking; Hiatus / Inactive for 226 days (> 180d),True
UC1miE8rA7u3-CVPpuZGUT7g,Frozy Ch.,@frozyvtuber,https://www.youtube.com/channel/UC1miE8rA7u3-CVPpuZGUT7g,Independent,hiatus,CONFIRMED,vtuber_frozyvtuber,Frozy Ch.,main,9810,45,82027,2025-02-22T13:36:46+00:00,TH,0.8,Thai VTuber Ranking,2026-09-06T15:07:31.269739+00:00,Thai confidence: 0.80; Sources: Thai VTuber Ranking; Hiatus / Inactive for 561 days (> 180d),True
UC31Hn_T44_qvI_yTY-BFbPw,LIN Darling Ch.,@lindarlingch,https://www.youtube.com/channel/UC31Hn_T44_qvI_yTY-BFbPw,Independent,active,CONFIRMED,vtuber_lindarlingch,LIN Darling Ch.,main,2970,636,201754,2026-07-12T10:28:45+00:00,TH,0.8,Thai VTuber Ranking,2026-09-06T15:07:31.269780+00:00,VTuber signals: vtuber; Thai confidence: 0.80; Sources: Thai VTuber Ranking; Active (last video published 56 days ago),True
UC2mkbeIUVeIZeV7E2_dNCSg,Cersei Lezlie,@cerseilezlie,https://www.youtube.com/channel/UC2mkbeIUVeIZeV7E2_dNCSg,Independent,active,CONFIRMED,vtuber_cerseilezlie,Cersei Lezlie,main,1300,193,51170,2026-08-28T02:49:06+00:00,TH,0.8,Thai VTuber Ranking,2026-09-06T15:07:31.269823+00:00,Thai confidence: 0.80; Sources: Thai VTuber Ranking; Active (last video published 9 days ago),True
UC3ea-AGQlCDx_XOMO58C0Jg,The Doll Tales,@thedolltales,https://www.youtube.com/channel/UC3ea-AGQlCDx_XOMO58C0Jg,Independent,active,CONFIRMED,vtuber_thedolltales,The Doll Tales,main,876,87,43417,2026-09-01T11:57:00+00:00,,0.45,Thai VTuber Ranking,2026-09-06T15:07:31.269850+00:00,"VTuber signals: วีทูปเบอร์, วีทูป; Thai confidence: 0.45; Sources: Thai VTuber Ranking; Active (last video published 5 days ago)",True
UC3DORp_0MHcP00w2JxQ88_Q,SHIRO K. Channel,@shirokchannel,https://www.youtube.com/channel/UC3DORp_0MHcP00w2JxQ88_Q,Independent,active,CONFIRMED,vtuber_shirokchannel,SHIRO K. Channel,main,4670,415,195094,2026-08-30T15:21:57+00:00,,0.45,Thai VTuber Ranking,2026-09-06T15:07:31.269873+00:00,"VTuber signals: vtuber, vtuberth; Thai confidence: 0.45; Sources: Thai VTuber Ranking; Active (last video published 6 days ago)",True
UC3cucsq4iSW-mU8-E18ESCQ,Cordelia Mairi Ch.,@cordeliamairich,https://www.youtube.com/channel/UC3cucsq4iSW-mU8-E18ESCQ,Independent,active,CONFIRMED,vtuber_cordeliamairich,Cordelia Mairi Ch.,main,1190,31,16120,2026-09-03T15:05:00+00:00,,0.45,Thai VTuber Ranking,2026-09-06T15:07:31.269895+00:00,Thai confidence: 0.45; Sources: Thai VTuber Ranking; Active (last video published 3 days ago),True
UC2109-BUhq7iEs9k9PlCzsw,Cheryu Ch.,@cheryuch.1657,https://www.youtube.com/channel/UC2109-BUhq7iEs9k9PlCzsw,Independent,active,CONFIRMED,vtuber_cheryuch.1657,Cheryu Ch.,main,603,487,42364,2026-08-29T17:00:32+00:00,,0.2,Thai VTuber Ranking,2026-09-06T15:07:31.269908+00:00,"VTuber signals: vtuber, thai vtuber; Sources: Thai VTuber Ranking; Active (last video published 7 days ago)",True
UC3HM8L5j53x0WsliGNTXhbQ,Shanaru Ch.,@shanaruch,https://www.youtube.com/channel/UC3HM8L5j53x0WsliGNTXhbQ,Independent,hiatus,CONFIRMED,vtuber_shanaruch,Shanaru Ch.,main,1050,493,60383,2025-10-08T02:55:03+00:00,TH,0.8,Thai VTuber Ranking,2026-09-06T15:07:31.270005+00:00,"VTuber signals: vtuber, live2d; Thai confidence: 0.80; Sources: Thai VTuber Ranking; Hiatus / Inactive for 333 days (> 180d)",True
UC2erQwP2foSQARjw5zUbrnQ,Sirris Goddess Ch.,@sirrisgoddess,https://www.youtube.com/channel/UC2erQwP2foSQARjw5zUbrnQ,Independent,active,CONFIRMED,vtuber_sirrisgoddess,Sirris Goddess Ch.,main,2080,305,66691,2026-09-01T05:30:58+00:00,,0.45,Thai VTuber Ranking,2026-09-06T15:07:31.270026+00:00,Thai confidence: 0.45; Sources: Thai VTuber Ranking; Active (last video published 5 days ago),True
UC3O5wAgEVyNA1Jw3gyi-_jA,MOLLY,@mollyehe,https://www.youtube.com/channel/UC3O5wAgEVyNA1Jw3gyi-_jA,Independent,active,CONFIRMED,vtuber_mollyehe,MOLLY,main,80500,423,10844008,2026-09-05T03:20:34+00:00,TH,0.35,Thai VTuber Ranking,2026-09-06T15:07:31.270046+00:00,VTuber signals: live2d; Thai confidence: 0.35; Sources: Thai VTuber Ranking; Active (last video published 1 days ago),True
UC1pSe5kxpCK1BwA_bZQ97-g,Fancy Ch.,@fancychnsk,https://www.youtube.com/channel/UC1pSe5kxpCK1BwA_bZQ97-g,Independent,hiatus,CONFIRMED,vtuber_fancychnsk,Fancy Ch.,main,1360,115,34158,2024-07-31T17:09:26+00:00,TH,0.8,Thai VTuber Ranking,2026-09-06T15:07:31.270069+00:00,"VTuber signals: vtuber, vtuberth; Thai confidence: 0.80; Sources: Thai VTuber Ranking; Hiatus / Inactive for 766 days (> 180d)",True
UC3K3Crh966nzLx41obfJhaA,Drako Nya Mio,@drakonyamio,https://www.youtube.com/channel/UC3K3Crh966nzLx41obfJhaA,Independent,active,CONFIRMED,vtuber_drakonyamio,Drako Nya Mio,main,1620,881,96488,2026-08-26T00:00:57+00:00,TH,0.35,Thai VTuber Ranking,2026-09-06T15:07:31.270089+00:00,Thai confidence: 0.35; Sources: Thai VTuber Ranking; Active (last video published 11 days ago),True
UC3QIcnp1II_iCt-_JG8btKQ,Era Ch.【ARP】,@era_arp,https://www.youtube.com/channel/UC3QIcnp1II_iCt-_JG8btKQ,Algorhythm Project,active,CONFIRMED,vtuber_era_arp,Era Ch.【ARP】,main,23100,262,936460,2026-09-05T05:21:44+00:00,,0.45,Thai VTuber Ranking; Virtual YouTuber Fandom Wiki,2026-09-06T15:07:31.270104+00:00,"VTuber signals: agency:Algorhythm Project; Agency: Algorhythm Project; Thai confidence: 0.45; Sources: Thai VTuber Ranking, Virtual YouTuber Fandom Wiki; Active (last video published 1 days ago)",True
UC3PeUyEXBffDBFpOiuk0odQ,Jisooman Ch.,@jisoomansololove1818,https://www.youtube.com/channel/UC3PeUyEXBffDBFpOiuk0odQ,Independent,active,CONFIRMED,vtuber_jisoomansololove1818,Jisooman Ch.,main,851,460,122338,2026-09-03T10:13:24+00:00,TH,0.8,Thai VTuber Ranking,2026-09-06T15:07:31.270248+00:00,"VTuber signals: วีทูปเบอร์, วีทูป; Thai confidence: 0.80; Sources: Thai VTuber Ranking; Active (last video published 3 days ago)",True
UC3lFI2WTG-d0KrTRwAbjAlw,Aiden Leonheart【SRV】,@aidenleonheart_srv,https://www.youtube.com/channel/UC3lFI2WTG-d0KrTRwAbjAlw,Independent,hiatus,CONFIRMED,vtuber_aidenleonheart_srv,Aiden Leonheart【SRV】,main,4820,18,525860,2026-02-04T15:30:47+00:00,TH,0.35,Thai VTuber Ranking,2026-09-06T15:07:31.270268+00:00,VTuber signals: vtuber; Thai confidence: 0.35; Sources: Thai VTuber Ranking; Hiatus / Inactive for 213 days (> 180d),True
UC238YXwPe4b4T57pFWioIfA,Arine Vtuber,@arinevtuber,https://www.youtube.com/channel/UC238YXwPe4b4T57pFWioIfA,Independent,hiatus,CONFIRMED,vtuber_arinevtuber,Arine Vtuber,main,11800,507,1137576,2025-11-14T17:41:08+00:00,,0.2,Thai VTuber Ranking,2026-09-06T15:07:31.270283+00:00,VTuber signals: vtuber; Sources: Thai VTuber Ranking; Hiatus / Inactive for 295 days (> 180d),True
UC1xmO5jVjOCeo02XCpq4WFA,Erima Channel,@erimach,https://www.youtube.com/channel/UC1xmO5jVjOCeo02XCpq4WFA,Independent,active,CONFIRMED,vtuber_erimach,Erima Channel,main,17400,120,446829,2026-07-04T16:43:27+00:00,TH,0.35,Thai VTuber Ranking; Virtual YouTuber Fandom Wiki,2026-09-06T15:07:31.270322+00:00,"Thai confidence: 0.35; Sources: Thai VTuber Ranking, Virtual YouTuber Fandom Wiki; Active (last video published 63 days ago)",True
UC1jZ0KuzFRgWD_s9E-KLcFQ,Yue Meili [ECR],@yuemeilich,https://www.youtube.com/channel/UC1jZ0KuzFRgWD_s9E-KLcFQ,Independent,active,CONFIRMED,vtuber_yuemeilich,Yue Meili [ECR],main,1440,130,54534,2026-09-05T15:15:48+00:00,,0.45,Thai VTuber Ranking,2026-09-06T15:07:31.270393+00:00,VTuber signals: vtuber; Thai confidence: 0.45; Sources: Thai VTuber Ranking; Active (last video published 0 days ago),True
UCGAtHjeWWgyWboVQ33ZQX6Q,Zenith Ch.【ARP】,@zenith_arp,https://www.youtube.com/channel/UCGAtHjeWWgyWboVQ33ZQX6Q,Algorhythm Project,active,CONFIRMED,vtuber_zenith_arp,Zenith Ch.【ARP】,main,52100,466,3200540,2026-08-22T17:53:36+00:00,TH,0.8,Thai VTuber Ranking,2026-09-06T15:07:31.270417+00:00,"VTuber signals: vtuber, vtuberth, agency:Algorhythm Project; Agency: Algorhythm Project; Thai confidence: 0.80; Sources: Thai VTuber Ranking; Active (last video published 14 days ago)",True
UCH9YSRP3hG56bs2lzmMoOVw,Kimhan Summer /คิมหันต์ [EC19 Projekt],@kimhansummerec19projekt49,https://www.youtube.com/channel/UCH9YSRP3hG56bs2lzmMoOVw,Independent,active,CONFIRMED,vtuber_kimhansummerec19projekt49,Kimhan Summer /คิมหันต์ [EC19 Projekt],main,5130,575,215324,2026-09-02T15:18:20+00:00,TH,0.8,Thai VTuber Ranking,2026-09-06T15:07:31.270442+00:00,VTuber signals: vtuber; Thai confidence: 0.80; Sources: Thai VTuber Ranking; Active (last video published 3 days ago),True
UCG04BGkyQFQPV3jl5ANHPZA,Kyo Koi ,@kyokoi_vtuber,https://www.youtube.com/channel/UCG04BGkyQFQPV3jl5ANHPZA,Independent,active,CONFIRMED,vtuber_kyokoi_vtuber,Kyo Koi ,main,3250,124,37238,2026-08-16T19:22:09+00:00,,0.45,Thai VTuber Ranking,2026-09-06T15:07:31.270469+00:00,"VTuber signals: vtuber, วีทูป; Thai confidence: 0.45; Sources: Thai VTuber Ranking; Active (last video published 20 days ago)",True
UCHCvUUDxEP1ve9Zg_tZP5ug,Luthia IONIX,@luthia_ionix,https://www.youtube.com/channel/UCHCvUUDxEP1ve9Zg_tZP5ug,Independent,active,CONFIRMED,vtuber_luthia_ionix,Luthia IONIX,main,2470,79,24790,2026-07-13T01:07:54+00:00,TH,0.8,Thai VTuber Ranking,2026-09-06T15:07:31.270496+00:00,Thai confidence: 0.80; Sources: Thai VTuber Ranking; Active (last video published 55 days ago),True
UCHJyN2D9QrjAujzsrDkguRA,Yuina Hoshi Ch.,@yuinahoshich,https://www.youtube.com/channel/UCHJyN2D9QrjAujzsrDkguRA,Independent,active,CONFIRMED,vtuber_yuinahoshich,Yuina Hoshi Ch.,main,1360,153,34660,2026-08-13T00:19:23+00:00,TH,0.8,Thai VTuber Ranking,2026-09-06T15:07:31.270523+00:00,Thai confidence: 0.80; Sources: Thai VTuber Ranking; Active (last video published 24 days ago),True
UCGFX2NZhsWp_hpZiYmyJnRQ,Elice Ch.,@eliciaa,https://www.youtube.com/channel/UCGFX2NZhsWp_hpZiYmyJnRQ,Independent,active,CONFIRMED,vtuber_eliciaa,Elice Ch.,main,5440,384,175697,2026-06-12T03:27:42+00:00,TH,0.8,Thai VTuber Ranking,2026-09-06T15:07:31.270539+00:00,Thai confidence: 0.80; Sources: Thai VTuber Ranking; Active (last video published 86 days ago),True
UCGmm95ZgqXrfS-0pu980_tA,Renai ai Ch.〖DPX〗,@renaidivipj,https://www.youtube.com/channel/UCGmm95ZgqXrfS-0pu980_tA,DPX,active,CONFIRMED,vtuber_renaidivipj,Renai ai Ch.〖DPX〗,main,1190,211,47715,2026-08-12T20:36:47+00:00,,0.2,Thai VTuber Ranking,2026-09-06T15:07:31.270556+00:00,"VTuber signals: vtuber, thai vtuber; Sources: Thai VTuber Ranking; Active (last video published 24 days ago)",True
UCGmvJX9TaHps4LB-J-cR6bQ,Sora Myojo《 EXia 》,@sora_myojo,https://www.youtube.com/channel/UCGmvJX9TaHps4LB-J-cR6bQ,EXia,active,CONFIRMED,vtuber_sora_myojo,Sora Myojo《 EXia 》,main,605,146,64508,2026-08-31T16:10:13+00:00,TH,0.35,Thai VTuber Ranking,2026-09-06T15:07:31.270573+00:00,Thai confidence: 0.35; Sources: Thai VTuber Ranking; Active (last video published 5 days ago),True
UCGjZDsjGu_BzQ_hPKTRBLLw,Aidin,@aidinstreamer,https://www.youtube.com/channel/UCGjZDsjGu_BzQ_hPKTRBLLw,Independent,active,CONFIRMED,vtuber_aidinstreamer,Aidin,main,7130,361,445509,2026-09-02T01:43:17+00:00,TH,0.35,Thai VTuber Ranking,2026-09-06T15:07:31.270611+00:00,VTuber signals: vtuber; Thai confidence: 0.35; Sources: Thai VTuber Ranking; Active (last video published 4 days ago),True
UCGOkjVQVJivJxDN7iSdQuLA,Moe Miyabi ⌜VZ⌟,@moemiyabiv7,https://www.youtube.com/channel/UCGOkjVQVJivJxDN7iSdQuLA,Virtual Zeven (VZ),active,CONFIRMED,vtuber_moemiyabiv7,Moe Miyabi ⌜VZ⌟,main,12100,377,1467596,2026-08-31T20:06:25+00:00,TH,0.8,Thai VTuber Ranking,2026-09-06T15:07:31.270671+00:00,"VTuber signals: vtuber, vtuberth; Thai confidence: 0.80; Sources: Thai VTuber Ranking; Active (last video published 5 days ago)",True
UCGGJmwrqz9q6BAVK0VWYE8g,KDemon,@kdemon114,https://www.youtube.com/channel/UCGGJmwrqz9q6BAVK0VWYE8g,Independent,active,CONFIRMED,vtuber_kdemon114,KDemon,main,22500,878,11627283,2026-08-29T10:15:19+00:00,TH,1.0,Thai VTuber Ranking,2026-09-06T15:07:31.270707+00:00,Thai confidence: 1.00; Sources: Thai VTuber Ranking; Active (last video published 8 days ago),True
UCFjBM9wvCqb5wBLpp_cHxfA,JumpMy Ch.【XIRCONIA】,@jumpmy3,https://www.youtube.com/channel/UCFjBM9wvCqb5wBLpp_cHxfA,Independent,active,CONFIRMED,vtuber_jumpmy3,JumpMy Ch.【XIRCONIA】,main,7560,518,577726,2026-08-30T15:06:47+00:00,TH,0.8,Thai VTuber Ranking,2026-09-06T15:07:31.270737+00:00,VTuber signals: vtuber; Thai confidence: 0.80; Sources: Thai VTuber Ranking; Active (last video published 7 days ago),True
UCGMiAEmU8MB1-2abX_Tjkyw,Wine Ch. ,@winevylalun,https://www.youtube.com/channel/UCGMiAEmU8MB1-2abX_Tjkyw,Independent,active,CONFIRMED,vtuber_winevylalun,Wine Ch. ,main,880,131,43892,2026-06-12T05:30:56+00:00,,0.45,Thai VTuber Ranking,2026-09-06T15:07:31.270764+00:00,Thai confidence: 0.45; Sources: Thai VTuber Ranking; Active (last video published 86 days ago),True
UCGXguhCIYycPMOTZN9s4x6A,จู้จีนจุกจิก | Regene【RE:S】,@regene_res,https://www.youtube.com/channel/UCGXguhCIYycPMOTZN9s4x6A,Independent,hiatus,CONFIRMED,vtuber_regene_res,จู้จีนจุกจิก | Regene【RE:S】,main,4210,117,255323,2025-10-24T13:48:14+00:00,,0.45,Thai VTuber Ranking,2026-09-06T15:07:31.270801+00:00,Thai confidence: 0.45; Sources: Thai VTuber Ranking; Hiatus / Inactive for 317 days (> 180d),True
UCGWwz0WBEcGozJ6yZNGIsPw,Estxr Channel,@estxr_ch,https://www.youtube.com/channel/UCGWwz0WBEcGozJ6yZNGIsPw,Independent,active,CONFIRMED,vtuber_estxr_ch,Estxr Channel,main,1280,472,177246,2026-09-01T18:57:06+00:00,TH,0.35,Thai VTuber Ranking,2026-09-06T15:07:31.270830+00:00,Thai confidence: 0.35; Sources: Thai VTuber Ranking; Active (last video published 4 days ago),True
UCH7h3T7J1ck7YgjbI2YPR7g,Akinori Eiji Ch.「TRR」 ,@akinorieiji_trr,https://www.youtube.com/channel/UCH7h3T7J1ck7YgjbI2YPR7g,Independent,active,CONFIRMED,vtuber_akinorieiji_trr,Akinori Eiji Ch.「TRR」 ,main,5030,276,150933,2026-08-27T02:42:36+00:00,TH,0.8,Thai VTuber Ranking,2026-09-06T15:07:31.270852+00:00,Thai confidence: 0.80; Sources: Thai VTuber Ranking; Active (last video published 10 days ago),True
UCH6Fib1kQUaR2qurlEXnZMA,Zenaida XETA-102 Channel,@zenaidaxeta-102,https://www.youtube.com/channel/UCH6Fib1kQUaR2qurlEXnZMA,Independent,hiatus,CONFIRMED,vtuber_zenaidaxeta-102,Zenaida XETA-102 Channel,main,1580,30,65377,2023-02-15T12:00:08+00:00,,0.45,Thai VTuber Ranking,2026-09-06T15:07:31.270872+00:00,Thai confidence: 0.45; Sources: Thai VTuber Ranking; Hiatus / Inactive for 1299 days (> 180d),True
UCGbMin84xisO1Yuq_guVlFA,NUTTY ROZE ,@nutty.roze-wis,https://www.youtube.com/channel/UCGbMin84xisO1Yuq_guVlFA,Independent,hiatus,CONFIRMED,vtuber_nutty.roze-wis,NUTTY ROZE ,main,53000,43,52063,2026-01-22T02:08:42+00:00,TH,0.8,Thai VTuber Ranking,2026-09-06T15:07:31.270890+00:00,Thai confidence: 0.80; Sources: Thai VTuber Ranking; Hiatus / Inactive for 227 days (> 180d),True
UCGofntRkNUAgXGqimLtLy4g,Reilim Channel,@reilimchannel,https://www.youtube.com/channel/UCGofntRkNUAgXGqimLtLy4g,Independent,active,CONFIRMED,vtuber_reilimchannel,Reilim Channel,main,36100,925,2633012,2026-09-02T15:21:51+00:00,TH,1.0,Thai VTuber Ranking,2026-09-06T15:07:31.270974+00:00,VTuber signals: virtual youtuber; Thai confidence: 1.00; Sources: Thai VTuber Ranking; Active (last video published 3 days ago),True
UCGgUYt_n_Uzi5xYAS12XDww,Kahel Kallas『AST』 ,@kahelkallasast,https://www.youtube.com/channel/UCGgUYt_n_Uzi5xYAS12XDww,Independent,hiatus,CONFIRMED,vtuber_kahelkallasast,Kahel Kallas『AST』 ,main,1940,6,10260,2025-01-01T05:42:48+00:00,,0.45,Thai VTuber Ranking,2026-09-06T15:07:31.270999+00:00,Thai confidence: 0.45; Sources: Thai VTuber Ranking; Hiatus / Inactive for 613 days (> 180d),True
UCGIDvgCG2v47r33D14QlasA,Jusia Ch. ASMR,@jusiaasmr,https://www.youtube.com/channel/UCGIDvgCG2v47r33D14QlasA,Independent,active,CONFIRMED,vtuber_jusiaasmr,Jusia Ch. ASMR,main,28900,625,1130202,2026-09-02T08:21:53+00:00,TH,0.8,Thai VTuber Ranking,2026-09-06T15:07:31.271072+00:00,"VTuber signals: vtuber, วีทูปเบอร์, วีทูป, live2d, vtuberth; Thai confidence: 0.80; Sources: Thai VTuber Ranking; Active (last video published 4 days ago)",True
UCG-PEjbBmm82pBvWvJJfxgQ,Shinya Natonsai,@shinya_natonsai,https://www.youtube.com/channel/UCG-PEjbBmm82pBvWvJJfxgQ,Independent,active,CONFIRMED,vtuber_shinya_natonsai,Shinya Natonsai,main,6110,173,237893,2026-08-28T04:13:57+00:00,TH,0.8,Thai VTuber Ranking,2026-09-06T15:07:31.271095+00:00,Thai confidence: 0.80; Sources: Thai VTuber Ranking; Active (last video published 9 days ago),True
UCGhWfzi-1RoI9mJKzrCJGHQ,Sakamajimai / Sharky Ch.,@sakamajimai,https://www.youtube.com/channel/UCGhWfzi-1RoI9mJKzrCJGHQ,Independent,active,CONFIRMED,vtuber_sakamajimai,Sakamajimai / Sharky Ch.,main,5450,175,400483,2026-08-12T22:10:37+00:00,TH,1.0,Thai VTuber Ranking,2026-09-06T15:07:31.271122+00:00,VTuber signals: วีทูป; Thai confidence: 1.00; Sources: Thai VTuber Ranking; Active (last video published 24 days ago),True
UCHBOkil-h2JiTQ2LEJtG7FA,Cerise Channel,@cerise_channel,https://www.youtube.com/channel/UCHBOkil-h2JiTQ2LEJtG7FA,Independent,active,CONFIRMED,vtuber_cerise_channel,Cerise Channel,main,4580,306,63898,2026-08-30T09:45:14+00:00,TH,0.8,Thai VTuber Ranking,2026-09-06T15:07:31.271235+00:00,Thai confidence: 0.80; Sources: Thai VTuber Ranking; Active (last video published 7 days ago),True
UCGc2qf0Pkl7RyvqTyyP_o9w,MiYuu43 ch. みゆ,@miyuu43ch,https://www.youtube.com/channel/UCGc2qf0Pkl7RyvqTyyP_o9w,Independent,active,CONFIRMED,vtuber_miyuu43ch,MiYuu43 ch. みゆ,main,72200,861,6099150,2026-09-03T10:30:33+00:00,TH,1.0,Thai VTuber Ranking; Virtual YouTuber Fandom Wiki,2026-09-06T15:07:31.271258+00:00,"VTuber signals: vtuber; Thai confidence: 1.00; Sources: Thai VTuber Ranking, Virtual YouTuber Fandom Wiki; Active (last video published 3 days ago)",True
UCG1UqDhwKiOIHHAhwZqJGQg,Lukami Ch. ルカミ [Lukami Stellaz],@lukamith,https://www.youtube.com/channel/UCG1UqDhwKiOIHHAhwZqJGQg,Independent,active,CONFIRMED,vtuber_lukamith,Lukami Ch. ルカミ [Lukami Stellaz],main,3970,607,463207,2026-09-03T10:15:05+00:00,TH,0.95,Thai VTuber Ranking,2026-09-06T15:07:31.271345+00:00,Thai confidence: 0.95; Sources: Thai VTuber Ranking; Active (last video published 3 days ago),True
UCFkljb428Byj00FxL_kwYyA,OZiK Ch.,@ozik-the-goat,https://www.youtube.com/channel/UCFkljb428Byj00FxL_kwYyA,Independent,hiatus,CONFIRMED,vtuber_ozik-the-goat,OZiK Ch.,main,4200,280,131073,2026-02-17T15:15:37+00:00,,0.2,Thai VTuber Ranking,2026-09-06T15:07:31.271382+00:00,"VTuber signals: vtuber, thai vtuber; Sources: Thai VTuber Ranking; Hiatus / Inactive for 200 days (> 180d)",True
UCGi7W6vbEJjPi1nzJfW-zOQ,Felixia-zorei-aixela Ch.,@felixia-zorei-aixela,https://www.youtube.com/channel/UCGi7W6vbEJjPi1nzJfW-zOQ,Independent,hiatus,CONFIRMED,vtuber_felixia-zorei-aixela,Felixia-zorei-aixela Ch.,main,2430,186,144708,2024-07-31T04:26:41+00:00,,0.2,Thai VTuber Ranking,2026-09-06T15:07:31.271397+00:00,"VTuber signals: vtuber, thai vtuber; Sources: Thai VTuber Ranking; Hiatus / Inactive for 767 days (> 180d)",True
UCGRF7CYtM2Qvevmach7enPA,Seabunnyi,@seabunnyily,https://www.youtube.com/channel/UCGRF7CYtM2Qvevmach7enPA,Independent,active,CONFIRMED,vtuber_seabunnyily,Seabunnyi,main,11200,120,700374,2026-03-27T14:43:40+00:00,,0.45,Thai VTuber Ranking,2026-09-06T15:07:31.271438+00:00,VTuber signals: virtual streamer; Thai confidence: 0.45; Sources: Thai VTuber Ranking; Active (last video published 163 days ago),True
UCGMSJFuXdNmswEPX4X6NnLQ,Mycara Melony Ch. Pixela-Mystic,@mycaramelony,https://www.youtube.com/channel/UCGMSJFuXdNmswEPX4X6NnLQ,Pixela Project,active,CONFIRMED,vtuber_mycaramelony,Mycara Melony Ch. Pixela-Mystic,main,42300,944,3976926,2026-09-03T04:50:39+00:00,TH,0.8,Thai VTuber Ranking,2026-09-06T15:07:31.271488+00:00,"VTuber signals: vtuber, agency:Pixela Project; Agency: Pixela Project; Thai confidence: 0.80; Sources: Thai VTuber Ranking; Active (last video published 3 days ago)",True
UCGwh4Fq6iBno7cSieXcgh0w,Saiko Ch.,@saikoch.7416,https://www.youtube.com/channel/UCGwh4Fq6iBno7cSieXcgh0w,Independent,hiatus,CONFIRMED,vtuber_saikoch.7416,Saiko Ch.,main,2320,116,68076,2022-09-01T04:45:09+00:00,TH,0.55,Thai VTuber Ranking,2026-09-06T15:07:31.271501+00:00,"VTuber signals: vtuber, thai vtuber; Thai confidence: 0.55; Sources: Thai VTuber Ranking; Hiatus / Inactive for 1466 days (> 180d)",True
UCFycFPpGcrne7rAp_Xa6tbg,Patchay channel,@patchayvtuber,https://www.youtube.com/channel/UCFycFPpGcrne7rAp_Xa6tbg,Independent,unknown,CONFIRMED,vtuber_patchayvtuber,Patchay channel,main,1660,0,0,,TH,1.0,Thai VTuber Ranking,2026-09-06T15:07:31.271563+00:00,Thai confidence: 1.00; Sources: Thai VTuber Ranking; No public video history recorded,False
UCFuUpyt6u2UC90h1nAWuXkw,Trashythemeow,@trashythemeow,https://www.youtube.com/channel/UCFuUpyt6u2UC90h1nAWuXkw,Independent,active,CONFIRMED,vtuber_trashythemeow,Trashythemeow,main,12,5,511,2026-08-21T12:13:17+00:00,TH,0.8,Thai VTuber Ranking,2026-09-06T15:07:31.271584+00:00,"VTuber signals: วีทูปเบอร์, วีทูป; Thai confidence: 0.80; Sources: Thai VTuber Ranking; Active (last video published 16 days ago)",True
UCGSthfh4W439C_2cQloVocw,Val 5332,@valk5332,https://www.youtube.com/channel/UCGSthfh4W439C_2cQloVocw,Independent,hiatus,CONFIRMED,vtuber_valk5332,Val 5332,main,924,106,62961,2023-04-01T04:01:24+00:00,,0.45,Thai VTuber Ranking,2026-09-06T15:07:31.271630+00:00,VTuber signals: vtuber; Thai confidence: 0.45; Sources: Thai VTuber Ranking; Hiatus / Inactive for 1254 days (> 180d),True
UCGFON7MMs-K2rmM_TjNG82A,Aifei ch.,@aifeivtuber,https://www.youtube.com/channel/UCGFON7MMs-K2rmM_TjNG82A,Independent,active,CONFIRMED,vtuber_aifeivtuber,Aifei ch.,main,2190,117,47849,2026-05-27T15:36:41+00:00,TH,0.8,Thai VTuber Ranking,2026-09-06T15:07:31.271649+00:00,VTuber signals: vtuber; Thai confidence: 0.80; Sources: Thai VTuber Ranking; Active (last video published 101 days ago),True
UCHEnKuFdHAKL20IpCTi8l9Q,SeJi Ch.,@sejichaki,https://www.youtube.com/channel/UCHEnKuFdHAKL20IpCTi8l9Q,Independent,active,CONFIRMED,vtuber_sejichaki,SeJi Ch.,main,983,97,53615,2026-08-31T13:44:26+00:00,,0.45,Thai VTuber Ranking,2026-09-06T15:07:31.271701+00:00,VTuber signals: vtuber; Thai confidence: 0.45; Sources: Thai VTuber Ranking; Active (last video published 6 days ago),True
UCFd3ivp0P8uWR-SdnMLWDoQ,JaoGuin Ch.,@jaoguinch,https://www.youtube.com/channel/UCFd3ivp0P8uWR-SdnMLWDoQ,Independent,active,CONFIRMED,vtuber_jaoguinch,JaoGuin Ch.,main,1690,195,156900,2026-09-05T03:39:38+00:00,,0.45,Thai VTuber Ranking,2026-09-06T15:07:31.271759+00:00,Thai confidence: 0.45; Sources: Thai VTuber Ranking; Active (last video published 1 days ago),True
UCHGviQ_8o_ZLS_k1vpFOtmQ,Cobalt HellHound Ch. (ฮาวนด์),@cobalthellhound,https://www.youtube.com/channel/UCHGviQ_8o_ZLS_k1vpFOtmQ,Independent,active,CONFIRMED,vtuber_cobalthellhound,Cobalt HellHound Ch. (ฮาวนด์),main,1570,337,116388,2026-08-21T19:44:50+00:00,TH,1.0,Thai VTuber Ranking,2026-09-06T15:07:31.271804+00:00,VTuber signals: วีทูบเบอร์; Thai confidence: 1.00; Sources: Thai VTuber Ranking; Active (last video published 15 days ago),True
UCGo7fnmWfGQewxZVDmC3iJQ,Xonebu X'thulhu Ch. Lumina-World-End,@xonebuworldend,https://www.youtube.com/channel/UCGo7fnmWfGQewxZVDmC3iJQ,Lumina Live,active,CONFIRMED,vtuber_xonebuworldend,Xonebu X'thulhu Ch. Lumina-World-End,main,56500,778,9275625,2026-09-02T16:12:42+00:00,TH,0.8,Thai VTuber Ranking,2026-09-06T15:07:31.271836+00:00,VTuber signals: agency:Lumina Live; Agency: Lumina Live; Thai confidence: 0.80; Sources: Thai VTuber Ranking; Active (last video published 3 days ago),True
UCGkGWo40A2iZKQl9ug1oXoA,Loxifyr,@loxifyr,https://www.youtube.com/channel/UCGkGWo40A2iZKQl9ug1oXoA,Independent,active,CONFIRMED,vtuber_loxifyr,Loxifyr,main,7860,579,513924,2026-09-03T04:11:03+00:00,TH,0.8,Thai VTuber Ranking; Virtual YouTuber Fandom Wiki,2026-09-06T15:07:31.271871+00:00,"Thai confidence: 0.80; Sources: Thai VTuber Ranking, Virtual YouTuber Fandom Wiki; Active (last video published 3 days ago)",True
UCGtHn0fmqCAp_8AzV_PWd6A,Eveshaiah Miraclover Ch. Lumina-Mutelu,@eveshaiahmiraclover,https://www.youtube.com/channel/UCGtHn0fmqCAp_8AzV_PWd6A,Lumina Live,active,CONFIRMED,vtuber_eveshaiahmiraclover,Eveshaiah Miraclover Ch. Lumina-Mutelu,main,13600,220,1728932,2026-09-04T10:44:26+00:00,TH,0.8,Thai VTuber Ranking,2026-09-06T15:07:31.271904+00:00,VTuber signals: agency:Lumina Live; Agency: Lumina Live; Thai confidence: 0.80; Sources: Thai VTuber Ranking; Active (last video published 2 days ago),True
UCGAxNdaCC9RI6-u3QabJ8Fg,MomaMae,@momay.allegrala,https://www.youtube.com/channel/UCGAxNdaCC9RI6-u3QabJ8Fg,Independent,active,CONFIRMED,vtuber_momay.allegrala,MomaMae,main,18600,241,5146539,2026-09-03T05:00:38+00:00,TH,0.8,Thai VTuber Ranking,2026-09-06T15:07:31.271931+00:00,Thai confidence: 0.80; Sources: Thai VTuber Ranking; Active (last video published 3 days ago),True
UCFr02a1OIuA1yrnJuB2dSpw,Shishiro Taiga Ch. (志白タイガ),@shishiro_taiga,https://www.youtube.com/channel/UCFr02a1OIuA1yrnJuB2dSpw,Independent,active,CONFIRMED,vtuber_shishiro_taiga,Shishiro Taiga Ch. (志白タイガ),main,3970,277,672145,2026-08-30T04:16:14+00:00,,0.45,Thai VTuber Ranking,2026-09-06T15:07:31.271991+00:00,"VTuber signals: vtuber, วีทูปเบอร์, วีทูป; Thai confidence: 0.45; Sources: Thai VTuber Ranking; Active (last video published 7 days ago)",True
UCGBkYTR4tMKS38TQHGWWLjg,Aito LH,@aitolh,https://www.youtube.com/channel/UCGBkYTR4tMKS38TQHGWWLjg,Independent,active,CONFIRMED,vtuber_aitolh,Aito LH,main,1900000,3317,411425763,2026-09-03T10:00:01+00:00,TH,0.8,Thai VTuber Ranking,2026-09-06T15:07:31.272036+00:00,Thai confidence: 0.80; Sources: Thai VTuber Ranking; Active (last video published 3 days ago),True
UCG1Dk3994tPaCIBJp8Cu2pg,Kamilla Lich,@kamillalich,https://www.youtube.com/channel/UCG1Dk3994tPaCIBJp8Cu2pg,Independent,active,CONFIRMED,vtuber_kamillalich,Kamilla Lich,main,3480,380,231510,2026-09-02T13:00:05+00:00,TH,0.55,Thai VTuber Ranking,2026-09-06T15:07:31.272055+00:00,"VTuber signals: vtuber, thai vtuber; Thai confidence: 0.55; Sources: Thai VTuber Ranking; Active (last video published 4 days ago)",True
UCGIo_THCq5eGbEdb8f0z10Q,Shirowashi Ch.,@shirowashivtuber,https://www.youtube.com/channel/UCGIo_THCq5eGbEdb8f0z10Q,Independent,active,CONFIRMED,vtuber_shirowashivtuber,Shirowashi Ch.,main,670,93,15227,2026-08-28T06:54:20+00:00,,0.45,Thai VTuber Ranking,2026-09-06T15:07:31.272088+00:00,Thai confidence: 0.45; Sources: Thai VTuber Ranking; Active (last video published 9 days ago),True
UCGtjAVYcncs1AJ5hQY0gASQ,KAMAI,@kamaisanch,https://www.youtube.com/channel/UCGtjAVYcncs1AJ5hQY0gASQ,Independent,active,CONFIRMED,vtuber_kamaisanch,KAMAI,main,63200,145,16844396,2026-08-30T15:35:02+00:00,JP,0.3,Thai VTuber Ranking; Virtual YouTuber Fandom Wiki,2026-09-06T15:07:31.272117+00:00,"VTuber signals: vtuber; Thai confidence: 0.30; Sources: Thai VTuber Ranking, Virtual YouTuber Fandom Wiki; Active (last video published 6 days ago)",True
UCU8-PjzR1iFtqdmATtRrYYQ,Tinsley Alaappaat Ch.,@tinsleythefox,https://www.youtube.com/channel/UCU8-PjzR1iFtqdmATtRrYYQ,Independent,active,CONFIRMED,vtuber_tinsleythefox,Tinsley Alaappaat Ch.,main,1450,482,258748,2026-08-14T01:53:02+00:00,TH,0.35,Thai VTuber Ranking,2026-09-06T15:07:31.272153+00:00,VTuber signals: live2d; Thai confidence: 0.35; Sources: Thai VTuber Ranking; Active (last video published 23 days ago),True
UCURO2Hz8CWn0knwFbNTo2ng,RaneeTani『VTG』,@raneetani,https://www.youtube.com/channel/UCURO2Hz8CWn0knwFbNTo2ng,Independent,active,CONFIRMED,vtuber_raneetani,RaneeTani『VTG』,main,4180,336,67703,2026-08-31T12:24:24+00:00,TH,0.8,Thai VTuber Ranking,2026-09-06T15:07:31.272209+00:00,Thai confidence: 0.80; Sources: Thai VTuber Ranking; Active (last video published 6 days ago),True
UCUPi3XlTX0rLUWjFHifNl-Q,Bloodyflora,@bloodyflora,https://www.youtube.com/channel/UCUPi3XlTX0rLUWjFHifNl-Q,Independent,active,CONFIRMED,vtuber_bloodyflora,Bloodyflora,main,38200,515,7582627,2026-08-30T02:42:22+00:00,TH,0.35,Thai VTuber Ranking,2026-09-06T15:07:31.272242+00:00,VTuber signals: vtuber; Thai confidence: 0.35; Sources: Thai VTuber Ranking; Active (last video published 7 days ago),True
UCUUvW_FwpvBRsubHH7loRFA,【黒崎】Asmodeus Ch.,@krsk963,https://www.youtube.com/channel/UCUUvW_FwpvBRsubHH7loRFA,Independent,active,CONFIRMED,vtuber_krsk963,【黒崎】Asmodeus Ch.,main,2350,350,99621,2026-08-29T19:20:17+00:00,TH,0.8,Thai VTuber Ranking,2026-09-06T15:07:31.272290+00:00,VTuber signals: vtuber; Thai confidence: 0.80; Sources: Thai VTuber Ranking; Active (last video published 7 days ago),True
UCTc2h8nlS0U1LhCjMgHVFzw,Retsu Hasuki,@hasukiretsu,https://www.youtube.com/channel/UCTc2h8nlS0U1LhCjMgHVFzw,Independent,active,CONFIRMED,vtuber_hasukiretsu,Retsu Hasuki,main,1870,135,67542,2026-08-10T16:08:52+00:00,,0.2,Thai VTuber Ranking,2026-09-06T15:07:31.272310+00:00,"VTuber signals: vtuber, thai vtuber; Sources: Thai VTuber Ranking; Active (last video published 26 days ago)",True
UCTIi4NC8SvzUZDMExjCscVA,UCTIi4NC8SvzUZDMExjCscVA,@uctii4nc8svzuzdmexjcscva,https://www.youtube.com/channel/UCTIi4NC8SvzUZDMExjCscVA,Independent,hiatus,CONFIRMED,vtuber_uctii4nc8svzuzdmexjcscva,UCTIi4NC8SvzUZDMExjCscVA,main,30800,0,0,2020-08-13T14:51:46+00:00,TH,0.35,Thai VTuber Ranking,2026-09-06T15:07:31.272328+00:00,Thai confidence: 0.35; Sources: Thai VTuber Ranking; Hiatus / Inactive for 2215 days (> 180d),True
UCUR0HEtdHk4nx2WddW0Qthg,Verdelite PowerPay,@verdelitepowerpay,https://www.youtube.com/channel/UCUR0HEtdHk4nx2WddW0Qthg,Independent,hiatus,CONFIRMED,vtuber_verdelitepowerpay,Verdelite PowerPay,main,6480,657,259890,2023-09-27T14:56:07+00:00,TH,0.8,Thai VTuber Ranking,2026-09-06T15:07:31.272381+00:00,"VTuber signals: วีทูปเบอร์, วีทูป; Thai confidence: 0.80; Sources: Thai VTuber Ranking; Hiatus / Inactive for 1075 days (> 180d)",True
UCTbgUT9_ipoQbiC7IxhJdoQ,Maimon CH,@demon_maimon,https://www.youtube.com/channel/UCTbgUT9_ipoQbiC7IxhJdoQ,Independent,active,CONFIRMED,vtuber_demon_maimon,Maimon CH,main,17300,132,515626,2026-06-07T15:29:03+00:00,,0.2,Thai VTuber Ranking,2026-09-06T15:07:31.272397+00:00,"VTuber signals: vtuber, thai vtuber; Sources: Thai VTuber Ranking; Active (last video published 90 days ago)",True
UCTt2KsR8ZwnsTyoebl3eXsQ,Yves Monet Deirdre【21PM】,@yvesmonet_21pm,https://www.youtube.com/channel/UCTt2KsR8ZwnsTyoebl3eXsQ,Independent,active,CONFIRMED,vtuber_yvesmonet_21pm,Yves Monet Deirdre【21PM】,main,620,123,20587,2026-08-27T23:03:46+00:00,,0.2,Thai VTuber Ranking,2026-09-06T15:07:31.272416+00:00,"VTuber signals: vtuber, thai vtuber; Sources: Thai VTuber Ranking; Active (last video published 9 days ago)",True
UCTtgiI6vO_zxlcOBLd3P7Jg,Xro Ch,@xuri_xro,https://www.youtube.com/channel/UCTtgiI6vO_zxlcOBLd3P7Jg,Independent,active,CONFIRMED,vtuber_xuri_xro,Xro Ch,main,1620,164,166107,2026-07-17T19:22:28+00:00,,0.2,Thai VTuber Ranking,2026-09-06T15:07:31.272429+00:00,"VTuber signals: vtuber, thai vtuber; Sources: Thai VTuber Ranking; Active (last video published 50 days ago)",True
UCTE0_50-t5vJqrC832LV2eQ,Laven Ch. Genesis Project,@lavenchannel,https://www.youtube.com/channel/UCTE0_50-t5vJqrC832LV2eQ,Genesis Project,hiatus,CONFIRMED,vtuber_lavenchannel,Laven Ch. Genesis Project,main,4410,123,103010,2025-12-13T05:58:56+00:00,TH,0.8,Thai VTuber Ranking,2026-09-06T15:07:31.272459+00:00,"VTuber signals: vtuber, virtual youtuber; Thai confidence: 0.80; Sources: Thai VTuber Ranking; Hiatus / Inactive for 267 days (> 180d)",True
UCUGwdp5xDeKhuhHBgZLX_ng,PopKorn163 Vtuber Ch.,@popkorn163,https://www.youtube.com/channel/UCUGwdp5xDeKhuhHBgZLX_ng,Independent,active,CONFIRMED,vtuber_popkorn163,PopKorn163 Vtuber Ch.,main,1500,335,110283,2026-08-31T13:53:43+00:00,,0.65,Thai VTuber Ranking,2026-09-06T15:07:31.272513+00:00,VTuber signals: vtuber; Thai confidence: 0.65; Sources: Thai VTuber Ranking; Active (last video published 6 days ago),True
UCUBooBbB6GNYvQJEna3eRBQ,Beatrix CH. - ビアトリクス,@beatrix_monroe,https://www.youtube.com/channel/UCUBooBbB6GNYvQJEna3eRBQ,Independent,active,CONFIRMED,vtuber_beatrix_monroe,Beatrix CH. - ビアトリクス,main,2260,328,100449,2026-05-29T12:39:36+00:00,,0.45,Thai VTuber Ranking,2026-09-06T15:07:31.272556+00:00,"VTuber signals: vtuber, vtuberth; Thai confidence: 0.45; Sources: Thai VTuber Ranking; Active (last video published 100 days ago)",True
UCUfM5IcATD5-AB1If9v7wTA,Den Trenton Ch. | OAL,@den_oal,https://www.youtube.com/channel/UCUfM5IcATD5-AB1If9v7wTA,OAL,active,CONFIRMED,vtuber_den_oal,Den Trenton Ch. | OAL,main,948,159,94303,2026-06-21T01:59:59+00:00,TH,0.35,Thai VTuber Ranking,2026-09-06T15:07:31.272575+00:00,Thai confidence: 0.35; Sources: Thai VTuber Ranking; Active (last video published 77 days ago),True
UCUYOr3CaHR0XIv0FfM22CyA,Niew Lock ,@niewlocker,https://www.youtube.com/channel/UCUYOr3CaHR0XIv0FfM22CyA,Independent,active,CONFIRMED,vtuber_niewlocker,Niew Lock ,main,9310,217,368053,2026-08-31T09:29:23+00:00,TH,0.8,Thai VTuber Ranking,2026-09-06T15:07:31.272611+00:00,"VTuber signals: vtuber, vtuberth; Thai confidence: 0.80; Sources: Thai VTuber Ranking; Active (last video published 6 days ago)",True
UCU5Bt3GkZmiYkazw37gJqIw,Lotte Ch.,@liselotte_ch,https://www.youtube.com/channel/UCU5Bt3GkZmiYkazw37gJqIw,Independent,active,CONFIRMED,vtuber_liselotte_ch,Lotte Ch.,main,2990,106,67915,2026-08-31T02:38:08+00:00,TH,0.8,Thai VTuber Ranking; Virtual YouTuber Fandom Wiki,2026-09-06T15:07:31.272695+00:00,"VTuber signals: vtuber, วีทูปเบอร์, วีทูป, vtuberth; Thai confidence: 0.80; Sources: Thai VTuber Ranking, Virtual YouTuber Fandom Wiki; Active (last video published 6 days ago)",True
UCUHopfMWIslGzHiNMs-vtVw,Queenetta Indigo Night | ท่านควีน,@queenettaindigonight,https://www.youtube.com/channel/UCUHopfMWIslGzHiNMs-vtVw,Independent,active,CONFIRMED,vtuber_queenettaindigonight,Queenetta Indigo Night | ท่านควีน,main,10000,433,261280,2026-08-29T16:31:04+00:00,,0.45,Thai VTuber Ranking,2026-09-06T15:07:31.272964+00:00,Thai confidence: 0.45; Sources: Thai VTuber Ranking; Active (last video published 7 days ago),True
UCV3mg1zXhXfWHcL2iq3z-Aw,Laurie Blisse Ch.,@laurie_blisse,https://www.youtube.com/channel/UCV3mg1zXhXfWHcL2iq3z-Aw,Independent,active,CONFIRMED,vtuber_laurie_blisse,Laurie Blisse Ch.,main,9790,332,881859,2026-08-31T12:55:51+00:00,TH,0.35,Thai VTuber Ranking,2026-09-06T15:07:31.272983+00:00,Thai confidence: 0.35; Sources: Thai VTuber Ranking; Active (last video published 6 days ago),True
UCULjjXc2IgdCBaEVD-Qgaqw,[ad] Khaow | ยุติบทบาท / ทอดทิ้งงาน,@adkhaow07,https://www.youtube.com/channel/UCULjjXc2IgdCBaEVD-Qgaqw,Independent,hiatus,CONFIRMED,vtuber_adkhaow07,[ad] Khaow | ยุติบทบาท / ทอดทิ้งงาน,main,20100,0,0,2023-01-30T11:45:54+00:00,TH,0.8,Thai VTuber Ranking,2026-09-06T15:07:31.273008+00:00,Thai confidence: 0.80; Sources: Thai VTuber Ranking; Hiatus / Inactive for 1315 days (> 180d),True
UCTb15SroUenoP9Ckboz6s3g,Wahri【WahrheitIVIX】,@wahri_wahri,https://www.youtube.com/channel/UCTb15SroUenoP9Ckboz6s3g,Independent,active,CONFIRMED,vtuber_wahri_wahri,Wahri【WahrheitIVIX】,main,2530,893,595201,2026-09-03T16:19:37+00:00,TH,0.8,Thai VTuber Ranking,2026-09-06T15:07:31.273079+00:00,VTuber signals: วีทูป; Thai confidence: 0.80; Sources: Thai VTuber Ranking; Active (last video published 2 days ago),True
UCUXyd8UJv3jOudmtabpsRfQ,Thina Borboleta Ch.,@thinaborboletach,https://www.youtube.com/channel/UCUXyd8UJv3jOudmtabpsRfQ,Independent,hiatus,CONFIRMED,vtuber_thinaborboletach,Thina Borboleta Ch.,main,6410,7,15207,2024-04-28T18:04:55+00:00,TH,0.8,Thai VTuber Ranking,2026-09-06T15:07:31.273113+00:00,Thai confidence: 0.80; Sources: Thai VTuber Ranking; Hiatus / Inactive for 860 days (> 180d),True
UCTJ1Zw4hW6L7iZ1i9aaIF7A,Esme Nightingale,@esme_nightingale,https://www.youtube.com/channel/UCTJ1Zw4hW6L7iZ1i9aaIF7A,Independent,active,CONFIRMED,vtuber_esme_nightingale,Esme Nightingale,main,3130,103,148426,2026-08-22T04:00:33+00:00,,0.65,Thai VTuber Ranking,2026-09-06T15:07:31.273133+00:00,VTuber signals: vtuber; Thai confidence: 0.65; Sources: Thai VTuber Ranking; Active (last video published 15 days ago),True
UCTSWYTxXHbb_9sbz84xSR8Q,LIMESALTZ Ch.,@limesaltz,https://www.youtube.com/channel/UCTSWYTxXHbb_9sbz84xSR8Q,Independent,active,CONFIRMED,vtuber_limesaltz,LIMESALTZ Ch.,main,7240,479,425710,2026-08-29T15:17:46+00:00,TH,0.8,Thai VTuber Ranking,2026-09-06T15:07:31.273165+00:00,"VTuber signals: วีทูปเบอร์, วีทูป; Thai confidence: 0.80; Sources: Thai VTuber Ranking; Active (last video published 7 days ago)",True
UCUaWCz3UX9XNdA97qPHuAYg,MamiMumei,@mamimumeich,https://www.youtube.com/channel/UCUaWCz3UX9XNdA97qPHuAYg,Independent,active,CONFIRMED,vtuber_mamimumeich,MamiMumei,main,70200,189,13122701,2026-09-02T15:18:12+00:00,TH,0.8,Thai VTuber Ranking; Virtual YouTuber Fandom Wiki,2026-09-06T15:07:31.273196+00:00,"Thai confidence: 0.80; Sources: Thai VTuber Ranking, Virtual YouTuber Fandom Wiki; Active (last video published 3 days ago)",True
UCTRQ7X-nxix3gjjXUb6ylvA,Ginnique Ch.【ARP】,@ginnique_arp,https://www.youtube.com/channel/UCTRQ7X-nxix3gjjXUb6ylvA,Algorhythm Project,active,CONFIRMED,vtuber_ginnique_arp,Ginnique Ch.【ARP】,main,70500,387,8713135,2026-09-01T19:12:48+00:00,,0.0,Thai VTuber Ranking,2026-09-06T15:07:31.273223+00:00,"VTuber signals: vtuber, agency:Algorhythm Project; Agency: Algorhythm Project; Sources: Thai VTuber Ranking; Active (last video published 4 days ago)",True
UCTuKqG6tWqVKKWMGO1Uhdsg,ZAAB Ch. / QURSE,@zaabvibeent,https://www.youtube.com/channel/UCTuKqG6tWqVKKWMGO1Uhdsg,Independent,active,CONFIRMED,vtuber_zaabvibeent,ZAAB Ch. / QURSE,main,13000,56,852943,2026-08-19T03:23:49+00:00,,0.2,Thai VTuber Ranking,2026-09-06T15:07:31.273238+00:00,"VTuber signals: vtuber, thai vtuber; Sources: Thai VTuber Ranking; Active (last video published 18 days ago)",True
UCU1t3KkZ6-ytH1stNylfv1Q,Rosánn Ch.,@rosann_myssiera,https://www.youtube.com/channel/UCU1t3KkZ6-ytH1stNylfv1Q,Independent,active,CONFIRMED,vtuber_rosann_myssiera,Rosánn Ch.,main,5630,211,140094,2026-08-31T04:15:33+00:00,TH,0.35,Thai VTuber Ranking,2026-09-06T15:07:31.273261+00:00,"VTuber signals: vtuber, vtuberth; Thai confidence: 0.35; Sources: Thai VTuber Ranking; Active (last video published 6 days ago)",True
UCUqKneO3jlE5_HS6leBiXOw,Hope Popuri,@porichan,https://www.youtube.com/channel/UCUqKneO3jlE5_HS6leBiXOw,Independent,active,CONFIRMED,vtuber_porichan,Hope Popuri,main,2830,765,240046,2026-08-31T11:49:48+00:00,TH,0.8,Thai VTuber Ranking,2026-09-06T15:07:31.273321+00:00,VTuber signals: virtual youtuber; Thai confidence: 0.80; Sources: Thai VTuber Ranking; Active (last video published 6 days ago),True
UCV7dVXp53A48-Iwqg5BezQA,Dubbing for fun,@natchan4838,https://www.youtube.com/channel/UCV7dVXp53A48-Iwqg5BezQA,Independent,active,CONFIRMED,vtuber_natchan4838,Dubbing for fun,main,7540,9,629,2026-03-24T20:54:26+00:00,,0.45,Thai VTuber Ranking,2026-09-06T15:07:31.273340+00:00,Thai confidence: 0.45; Sources: Thai VTuber Ranking; Active (last video published 165 days ago),True
UCURSzDgzFhYWhKDySspPisA,LittleG ch. Euphora,@littlegwarin,https://www.youtube.com/channel/UCURSzDgzFhYWhKDySspPisA,Euphora Project,active,CONFIRMED,vtuber_littlegwarin,LittleG ch. Euphora,main,17800,868,884978,2026-08-30T13:47:43+00:00,TH,0.8,Thai VTuber Ranking,2026-09-06T15:07:31.273366+00:00,VTuber signals: agency:Euphora Project; Agency: Euphora Project; Thai confidence: 0.80; Sources: Thai VTuber Ranking; Active (last video published 7 days ago),True
UCU17NWo-I4dIYYbWBjU2cHg,RLanz Ch.,@rlanz_tn,https://www.youtube.com/channel/UCU17NWo-I4dIYYbWBjU2cHg,Independent,active,CONFIRMED,vtuber_rlanz_tn,RLanz Ch.,main,2330,31,111097,2026-08-31T13:33:02+00:00,TH,0.55,Thai VTuber Ranking,2026-09-06T15:07:31.273381+00:00,"VTuber signals: vtuber, thai vtuber; Thai confidence: 0.55; Sources: Thai VTuber Ranking; Active (last video published 6 days ago)",True
UCUajlJqlGrWNNdCUEwgvI0g,Viola C. Ae,@violacae,https://www.youtube.com/channel/UCUajlJqlGrWNNdCUEwgvI0g,Independent,hiatus,CONFIRMED,vtuber_violacae,Viola C. Ae,main,1440,5,8628,2022-04-28T10:28:23+00:00,,0.2,Thai VTuber Ranking,2026-09-06T15:07:31.273395+00:00,"VTuber signals: vtuber, thai vtuber; Sources: Thai VTuber Ranking; Hiatus / Inactive for 1592 days (> 180d)",True
UCUmR1YXqxbx1NXusY2ugj8A,Thear DreamWhale° 10Hz,@theardreamwhale,https://www.youtube.com/channel/UCUmR1YXqxbx1NXusY2ugj8A,Independent,active,CONFIRMED,vtuber_theardreamwhale,Thear DreamWhale° 10Hz,main,1760,182,73900,2026-08-30T19:41:26+00:00,TH,0.8,Thai VTuber Ranking,2026-09-06T15:07:31.273438+00:00,VTuber signals: vtuber; Thai confidence: 0.80; Sources: Thai VTuber Ranking; Active (last video published 6 days ago),True
UCUf34M2JBvh6JK-fNR34d6w,UnUn the Bat Ch.,@ununthebat,https://www.youtube.com/channel/UCUf34M2JBvh6JK-fNR34d6w,Independent,active,CONFIRMED,vtuber_ununthebat,UnUn the Bat Ch.,main,2540,371,63229,2026-04-05T18:40:02+00:00,TH,0.8,Thai VTuber Ranking,2026-09-06T15:07:31.273470+00:00,Thai confidence: 0.80; Sources: Thai VTuber Ranking; Active (last video published 153 days ago),True
UCUUiRsJXOGaGUMsgwX1h_5g,Thicha ch.,@mthicha,https://www.youtube.com/channel/UCUUiRsJXOGaGUMsgwX1h_5g,Independent,active,CONFIRMED,vtuber_mthicha,Thicha ch.,main,8170,632,411268,2026-08-28T13:53:31+00:00,TH,0.8,Thai VTuber Ranking,2026-09-06T15:07:31.273510+00:00,VTuber signals: vtuber; Thai confidence: 0.80; Sources: Thai VTuber Ranking; Active (last video published 9 days ago),True
UCTpRi8YKKMNfY_YviDeFNig,Urai [NecroMezza],@uraincg,https://www.youtube.com/channel/UCTpRi8YKKMNfY_YviDeFNig,Independent,active,CONFIRMED,vtuber_uraincg,Urai [NecroMezza],main,12300,350,2159637,2026-09-02T08:02:48+00:00,TH,0.8,Thai VTuber Ranking,2026-09-06T15:07:31.273545+00:00,Thai confidence: 0.80; Sources: Thai VTuber Ranking; Active (last video published 4 days ago),True
UCTPI0_Vjw_vnKlbHXN1H-Tw,MALAI ch.【FIXIX TN】,@malaich.fixixtn,https://www.youtube.com/channel/UCTPI0_Vjw_vnKlbHXN1H-Tw,Independent,active,CONFIRMED,vtuber_malaich.fixixtn,MALAI ch.【FIXIX TN】,main,6960,50,540812,2026-08-14T05:03:51+00:00,TH,0.8,Thai VTuber Ranking,2026-09-06T15:07:31.273592+00:00,Thai confidence: 0.80; Sources: Thai VTuber Ranking; Active (last video published 23 days ago),True
UCUTA8ZrTOZGUNezeAYWrajg,QueenSere.Physia Ch,@serevtuber,https://www.youtube.com/channel/UCUTA8ZrTOZGUNezeAYWrajg,Independent,hiatus,CONFIRMED,vtuber_serevtuber,QueenSere.Physia Ch,main,1650,119,27914,2025-10-10T00:07:39+00:00,,0.45,Thai VTuber Ranking,2026-09-06T15:07:31.273631+00:00,VTuber signals: vtuber; Thai confidence: 0.45; Sources: Thai VTuber Ranking; Hiatus / Inactive for 331 days (> 180d),True
UCTygto_BZDamXNv2YRqPNKg, Nor_Noir [นน.],@nor_noir,https://www.youtube.com/channel/UCTygto_BZDamXNv2YRqPNKg,Independent,hiatus,CONFIRMED,vtuber_nor_noir, Nor_Noir [นน.],main,2610,2,174,2025-09-09T12:07:05+00:00,TH,0.8,Thai VTuber Ranking,2026-09-06T15:07:31.273663+00:00,Thai confidence: 0.80; Sources: Thai VTuber Ranking; Hiatus / Inactive for 362 days (> 180d),True
UCTME5FbcsqcbWSZVIapkchA,MesiaReia Ch.,@mesiareiach.7385,https://www.youtube.com/channel/UCTME5FbcsqcbWSZVIapkchA,Independent,unknown,CONFIRMED,vtuber_mesiareiach.7385,MesiaReia Ch.,main,1480,0,0,,TH,0.35,Thai VTuber Ranking,2026-09-06T15:07:31.273694+00:00,Thai confidence: 0.35; Sources: Thai VTuber Ranking; No public video history recorded,False
UCUH2P2QP0-0wbHJkOQbK5WQ,Seiko Vtuber,@seikovtuberx,https://www.youtube.com/channel/UCUH2P2QP0-0wbHJkOQbK5WQ,Independent,active,CONFIRMED,vtuber_seikovtuberx,Seiko Vtuber,main,1800,121,40613,2026-09-05T09:42:29+00:00,TH,0.8,Thai VTuber Ranking,2026-09-06T15:07:31.273859+00:00,"VTuber signals: vtuber, วีทูปเบอร์, วีทูป; Thai confidence: 0.80; Sources: Thai VTuber Ranking; Active (last video published 1 days ago)",True
UCUz8QMqTQYtmKprSeGGKEkw,Kaylef Orion,@kaylef,https://www.youtube.com/channel/UCUz8QMqTQYtmKprSeGGKEkw,Independent,active,CONFIRMED,vtuber_kaylef,Kaylef Orion,main,2960,499,88087,2026-08-31T06:27:11+00:00,TH,1.0,Thai VTuber Ranking,2026-09-06T15:07:31.273911+00:00,"VTuber signals: วีทูปเบอร์, วีทูป; Thai confidence: 1.00; Sources: Thai VTuber Ranking; Active (last video published 6 days ago)",True
UCUlyl-zRpqE1Dm0GYoKFEJw,เจ้าหญิงวารินทร์,@varinchannel,https://www.youtube.com/channel/UCUlyl-zRpqE1Dm0GYoKFEJw,Independent,hiatus,CONFIRMED,vtuber_varinchannel,เจ้าหญิงวารินทร์,main,15100,267,437923,2025-11-05T13:18:24+00:00,TH,0.8,Thai VTuber Ranking; Virtual YouTuber Fandom Wiki,2026-09-06T15:07:31.273993+00:00,"VTuber signals: vtuber, วีทูปเบอร์, วีทูป, vtuberth; Thai confidence: 0.80; Sources: Thai VTuber Ranking, Virtual YouTuber Fandom Wiki; Hiatus / Inactive for 305 days (> 180d)",True
UCUec0cPy5IPOXNODqho9wNw,TAeOH,@taeoh,https://www.youtube.com/channel/UCUec0cPy5IPOXNODqho9wNw,Independent,active,CONFIRMED,vtuber_taeoh,TAeOH,main,1760,563,78558,2026-08-22T16:50:25+00:00,,0.45,Thai VTuber Ranking,2026-09-06T15:07:31.274083+00:00,Thai confidence: 0.45; Sources: Thai VTuber Ranking; Active (last video published 14 days ago),True
UCU-O713Qgg5-OKKlt6nceiQ,MixerMaze,@mixermaze,https://www.youtube.com/channel/UCU-O713Qgg5-OKKlt6nceiQ,Independent,active,CONFIRMED,vtuber_mixermaze,MixerMaze,main,1280,186,20715,2026-08-26T16:50:42+00:00,TH,0.8,Thai VTuber Ranking,2026-09-06T15:07:31.274171+00:00,"VTuber signals: vtuber, วีทูปเบอร์, วีทูบเบอร์, วีทูป, vtuberth; Thai confidence: 0.80; Sources: Thai VTuber Ranking; Active (last video published 10 days ago)",True
UCTxCJt6jtRKeLJys0AaSUew,ลุงขนุน《 SSR 》,@unclekanun_ssr,https://www.youtube.com/channel/UCTxCJt6jtRKeLJys0AaSUew,Independent,active,CONFIRMED,vtuber_unclekanun_ssr,ลุงขนุน《 SSR 》,main,27900,688,29303302,2026-08-31T11:47:53+00:00,TH,0.8,Thai VTuber Ranking,2026-09-06T15:07:31.274242+00:00,Thai confidence: 0.80; Sources: Thai VTuber Ranking; Active (last video published 6 days ago),True
UCU6UxFBQ19d2otSnCPeyykg,MamunzaaTV,@mamunzaatv,https://www.youtube.com/channel/UCU6UxFBQ19d2otSnCPeyykg,Independent,active,CONFIRMED,vtuber_mamunzaatv,MamunzaaTV,main,1750,226,517622,2026-08-30T13:53:31+00:00,TH,0.8,Thai VTuber Ranking,2026-09-06T15:07:31.274285+00:00,Thai confidence: 0.80; Sources: Thai VTuber Ranking; Active (last video published 7 days ago),True
UCUhJEHIfPOZorfvJmvgievA,Drewiskiy,@drewiskiy,https://www.youtube.com/channel/UCUhJEHIfPOZorfvJmvgievA,Independent,active,CONFIRMED,vtuber_drewiskiy,Drewiskiy,main,307,198,67927,2026-08-29T22:34:48+00:00,TH,0.55,Thai VTuber Ranking,2026-09-06T15:07:31.274302+00:00,Thai confidence: 0.55; Sources: Thai VTuber Ranking; Active (last video published 7 days ago),True
UCa8ILv94qHT6oar_jVzg9sQ,Beta AMI Ch. Lumina-World-End,@amiworldend,https://www.youtube.com/channel/UCa8ILv94qHT6oar_jVzg9sQ,Lumina Live,active,CONFIRMED,vtuber_amiworldend,Beta AMI Ch. Lumina-World-End,main,30300,669,3705795,2026-09-03T12:30:28+00:00,,0.45,Thai VTuber Ranking; Virtual YouTuber Fandom Wiki,2026-09-06T15:07:31.274434+00:00,"VTuber signals: agency:Lumina Live; Agency: Lumina Live; Thai confidence: 0.45; Sources: Thai VTuber Ranking, Virtual YouTuber Fandom Wiki; Active (last video published 3 days ago)",True
UC_LTVw7bj_wFH4n8POeSNbw,Faminé Ch.【ARP】,@famine_arp,https://www.youtube.com/channel/UC_LTVw7bj_wFH4n8POeSNbw,Algorhythm Project,active,CONFIRMED,vtuber_famine_arp,Faminé Ch.【ARP】,main,47400,293,3536323,2026-08-29T16:04:40+00:00,TH,0.8,Thai VTuber Ranking,2026-09-06T15:07:31.274478+00:00,"VTuber signals: vtuber, agency:Algorhythm Project; Agency: Algorhythm Project; Thai confidence: 0.80; Sources: Thai VTuber Ranking; Active (last video published 7 days ago)",True
UCadBHNCSacgE3vePH8UtbMA,Chalong Ch.,@chalongtheyam,https://www.youtube.com/channel/UCadBHNCSacgE3vePH8UtbMA,Independent,active,CONFIRMED,vtuber_chalongtheyam,Chalong Ch.,main,1680,224,44941,2026-08-01T18:21:53+00:00,,0.65,Thai VTuber Ranking,2026-09-06T15:07:31.274525+00:00,VTuber signals: vtuber; Thai confidence: 0.65; Sources: Thai VTuber Ranking; Active (last video published 35 days ago),True
UC_Wo8eYbNSxzzeIke7_ssSQ,PENELOPE PINK,@penelopepink,https://www.youtube.com/channel/UC_Wo8eYbNSxzzeIke7_ssSQ,Independent,active,CONFIRMED,vtuber_penelopepink,PENELOPE PINK,main,4450,685,284251,2026-09-02T17:56:16+00:00,,0.45,Thai VTuber Ranking,2026-09-06T15:07:31.274573+00:00,"VTuber signals: vtuber, vtuberth; Thai confidence: 0.45; Sources: Thai VTuber Ranking; Active (last video published 3 days ago)",True
UC_s_7eBay8mKkA8L7HBtzHQ,Anthia Ch.,@anthia_vos,https://www.youtube.com/channel/UC_s_7eBay8mKkA8L7HBtzHQ,Independent,hiatus,CONFIRMED,vtuber_anthia_vos,Anthia Ch.,main,2850,284,98095,2025-03-14T14:50:00+00:00,,0.45,Thai VTuber Ranking,2026-09-06T15:07:31.274628+00:00,Thai confidence: 0.45; Sources: Thai VTuber Ranking; Hiatus / Inactive for 541 days (> 180d),True
UCaO7dcbFuHSol9_4g1driVg,Y' ม๋า Hunter,@yourdoghunter,https://www.youtube.com/channel/UCaO7dcbFuHSol9_4g1driVg,Independent,active,CONFIRMED,vtuber_yourdoghunter,Y' ม๋า Hunter,main,7900,707,304407,2026-08-27T03:44:34+00:00,TH,0.8,Thai VTuber Ranking; Virtual YouTuber Fandom Wiki,2026-09-06T15:07:31.274657+00:00,"Thai confidence: 0.80; Sources: Thai VTuber Ranking, Virtual YouTuber Fandom Wiki; Active (last video published 10 days ago)",True
UCa-n4r4lWEWFcAT95ptx44w,Kini キニ ch,@kini_hayami,https://www.youtube.com/channel/UCa-n4r4lWEWFcAT95ptx44w,Independent,hiatus,CONFIRMED,vtuber_kini_hayami,Kini キニ ch,main,1900,175,43931,2025-08-18T09:24:38+00:00,TH,0.55,Thai VTuber Ranking,2026-09-06T15:07:31.274675+00:00,"VTuber signals: vtuber, thai vtuber; Thai confidence: 0.55; Sources: Thai VTuber Ranking; Hiatus / Inactive for 384 days (> 180d)",True
UCaNQI1xcU1ZC4W0guaIMgTg,ศาลเจ้ามังกรเนื้อทอง,@lnw_neuatong,https://www.youtube.com/channel/UCaNQI1xcU1ZC4W0guaIMgTg,Independent,active,CONFIRMED,vtuber_lnw_neuatong,ศาลเจ้ามังกรเนื้อทอง,main,209000,2784,60744204,2026-09-04T11:21:14+00:00,TH,0.8,Thai VTuber Ranking; Virtual YouTuber Fandom Wiki,2026-09-06T15:07:31.274736+00:00,"Thai confidence: 0.80; Sources: Thai VTuber Ranking, Virtual YouTuber Fandom Wiki; Active (last video published 2 days ago)",True
UCaGeOrKAIDWkmwp4MvPXVtg,Xanael,@xanael-th,https://www.youtube.com/channel/UCaGeOrKAIDWkmwp4MvPXVtg,Independent,active,CONFIRMED,vtuber_xanael-th,Xanael,main,229,182,8915,2026-08-24T18:03:12+00:00,TH,1.0,Thai VTuber Ranking,2026-09-06T15:07:31.274761+00:00,"VTuber signals: vtuber, vtuberth; Thai confidence: 1.00; Sources: Thai VTuber Ranking; Active (last video published 12 days ago)",True
UCbE22G3pUiL9j0mY0-XAl7w,Mixzy Ch.【21PM】,@mixzy21pm,https://www.youtube.com/channel/UCbE22G3pUiL9j0mY0-XAl7w,Independent,active,CONFIRMED,vtuber_mixzy21pm,Mixzy Ch.【21PM】,main,584,411,52231,2026-08-29T18:31:34+00:00,TH,0.8,Thai VTuber Ranking,2026-09-06T15:07:31.274792+00:00,Thai confidence: 0.80; Sources: Thai VTuber Ranking; Active (last video published 7 days ago),True
UCaazykhRsTDHw7zxowhbpiw,Noa / のあくん,@noakunrev,https://www.youtube.com/channel/UCaazykhRsTDHw7zxowhbpiw,Independent,active,CONFIRMED,vtuber_noakunrev,Noa / のあくん,main,943,13,13959,2026-06-23T11:06:55+00:00,TH,0.8,Thai VTuber Ranking,2026-09-06T15:07:31.274812+00:00,Thai confidence: 0.80; Sources: Thai VTuber Ranking; Active (last video published 75 days ago),True
UCaKlXG2ijXoovTEOlSBRTHA,Chouya,@kobayashichouya,https://www.youtube.com/channel/UCaKlXG2ijXoovTEOlSBRTHA,Independent,active,CONFIRMED,vtuber_kobayashichouya,Chouya,main,863,161,47136,2026-08-30T03:29:37+00:00,TH,1.0,Thai VTuber Ranking,2026-09-06T15:07:31.274904+00:00,Thai confidence: 1.00; Sources: Thai VTuber Ranking; Active (last video published 7 days ago),True
UC_VUntI6UYF-qEB0k9VRWoQ,Masumi Kyou Ch.,@masumikyou,https://www.youtube.com/channel/UC_VUntI6UYF-qEB0k9VRWoQ,Independent,active,CONFIRMED,vtuber_masumikyou,Masumi Kyou Ch.,main,9830,555,557577,2026-09-03T16:53:57+00:00,,0.45,Thai VTuber Ranking,2026-09-06T15:07:31.274935+00:00,Thai confidence: 0.45; Sources: Thai VTuber Ranking; Active (last video published 2 days ago),True
UCa4xya8876A35_fQCrjO46g,Azenta Ch. [STP],@azenta_stp,https://www.youtube.com/channel/UCa4xya8876A35_fQCrjO46g,STP,active,CONFIRMED,vtuber_azenta_stp,Azenta Ch. [STP],main,834,8,12607,2026-04-11T03:13:54+00:00,TH,0.8,Thai VTuber Ranking,2026-09-06T15:07:31.274971+00:00,Thai confidence: 0.80; Sources: Thai VTuber Ranking; Active (last video published 148 days ago),True
UC_f-4lGvlAXpBrN9vHertvA,Akiyama Zqiu Ch. | RPG 【GRADUATED】,@zqiurelife,https://www.youtube.com/channel/UC_f-4lGvlAXpBrN9vHertvA,RPG,unknown,CONFIRMED,vtuber_zqiurelife,Akiyama Zqiu Ch. | RPG 【GRADUATED】,main,1660,0,0,,TH,0.55,Thai VTuber Ranking,2026-09-06T15:07:31.274995+00:00,"VTuber signals: vtuber, thai vtuber; Thai confidence: 0.55; Sources: Thai VTuber Ranking; No public video history recorded",False
UCaK_8j3AfLucrbABPzoqG8w,Hwaru,@hwaruuuuuuu,https://www.youtube.com/channel/UCaK_8j3AfLucrbABPzoqG8w,Independent,hiatus,CONFIRMED,vtuber_hwaruuuuuuu,Hwaru,main,3850,9,7140,2024-08-11T10:00:55+00:00,TH,0.35,Thai VTuber Ranking,2026-09-06T15:07:31.275011+00:00,Thai confidence: 0.35; Sources: Thai VTuber Ranking; Hiatus / Inactive for 756 days (> 180d),True
UC_yoxmr7vWS7wD_ashIMaWg,Akane1120 CH.,@akane1120vtuber,https://www.youtube.com/channel/UC_yoxmr7vWS7wD_ashIMaWg,Independent,hiatus,CONFIRMED,vtuber_akane1120vtuber,Akane1120 CH.,main,1470,380,37890,2024-12-31T16:01:00+00:00,TH,1.0,Thai VTuber Ranking,2026-09-06T15:07:31.275068+00:00,"VTuber signals: vtuber, vtuberth; Thai confidence: 1.00; Sources: Thai VTuber Ranking; Hiatus / Inactive for 613 days (> 180d)",True
UCbEkHjG43yPMGq5W08jq1TQ,ChaAYM,@chaaymth,https://www.youtube.com/channel/UCbEkHjG43yPMGq5W08jq1TQ,Independent,active,CONFIRMED,vtuber_chaaymth,ChaAYM,main,56300,794,4919716,2026-09-04T09:00:08+00:00,TH,0.5,Thai VTuber Ranking; Virtual YouTuber Fandom Wiki,2026-09-06T15:07:31.275083+00:00,"Thai confidence: 0.50; Sources: Thai VTuber Ranking, Virtual YouTuber Fandom Wiki; Active (last video published 2 days ago)",True
UCa-B3lVdQB9UOCAfVVoVcIA,Valak Ch.,@valakch.1435,https://www.youtube.com/channel/UCa-B3lVdQB9UOCAfVVoVcIA,Independent,hiatus,CONFIRMED,vtuber_valakch.1435,Valak Ch.,main,6290,74,234515,2025-09-09T19:13:06+00:00,,0.45,Thai VTuber Ranking,2026-09-06T15:07:31.275104+00:00,Thai confidence: 0.45; Sources: Thai VTuber Ranking; Hiatus / Inactive for 361 days (> 180d),True
UC_XPgDT6i9evZc5uJF1tc8g,Enryu Horus Ch. 炎竜ホルス,@enryuhorus,https://www.youtube.com/channel/UC_XPgDT6i9evZc5uJF1tc8g,Independent,active,CONFIRMED,vtuber_enryuhorus,Enryu Horus Ch. 炎竜ホルス,main,3300,327,413143,2026-09-04T09:00:02+00:00,TH,0.35,Thai VTuber Ranking,2026-09-06T15:07:31.275133+00:00,Thai confidence: 0.35; Sources: Thai VTuber Ranking; Active (last video published 2 days ago),True
UCatSdbBdnsXgFpCyhJ7jYGg,Darin V,@darinvmonster,https://www.youtube.com/channel/UCatSdbBdnsXgFpCyhJ7jYGg,Independent,active,CONFIRMED,vtuber_darinvmonster,Darin V,main,74900,233,1258264,2026-08-15T15:45:13+00:00,TH,1.0,Thai VTuber Ranking; Virtual YouTuber Fandom Wiki,2026-09-06T15:07:31.275183+00:00,"Thai confidence: 1.00; Sources: Thai VTuber Ranking, Virtual YouTuber Fandom Wiki; Active (last video published 21 days ago)",True
UC_djfyZ7N_-hPSxtrSsBNfQ,Victor Hoshino【GRADUATED】,@victorrrhn,https://www.youtube.com/channel/UC_djfyZ7N_-hPSxtrSsBNfQ,Independent,hiatus,CONFIRMED,vtuber_victorrrhn,Victor Hoshino【GRADUATED】,main,4310,54,117419,2025-09-20T16:59:00+00:00,,0.2,Thai VTuber Ranking,2026-09-06T15:07:31.275208+00:00,VTuber signals: vtuber; Sources: Thai VTuber Ranking; Hiatus / Inactive for 350 days (> 180d),True
UCaM7hDc5B6kte2T7P6_Fpnw,tomo_corn,@tomo_corn,https://www.youtube.com/channel/UCaM7hDc5B6kte2T7P6_Fpnw,Independent,active,CONFIRMED,vtuber_tomo_corn,tomo_corn,main,241,494,44240,2026-09-02T12:00:37+00:00,TH,0.8,Thai VTuber Ranking,2026-09-06T15:07:31.275241+00:00,Thai confidence: 0.80; Sources: Thai VTuber Ranking; Active (last video published 4 days ago),True
UCa2Cm1mnIXZqcUkGBvOEAKw,Timetuba,@timetuba2002,https://www.youtube.com/channel/UCa2Cm1mnIXZqcUkGBvOEAKw,Independent,active,CONFIRMED,vtuber_timetuba2002,Timetuba,main,625,73,18403,2026-09-04T14:40:23+00:00,,0.45,Thai VTuber Ranking,2026-09-06T15:07:31.275297+00:00,Thai confidence: 0.45; Sources: Thai VTuber Ranking; Active (last video published 2 days ago),True
UC_RrxXP6eSLxgYYmoV4QdmA,Keressa Zoulfia Ch. Pixela-Mystic,@keressazoulfia,https://www.youtube.com/channel/UC_RrxXP6eSLxgYYmoV4QdmA,Pixela Project,hiatus,CONFIRMED,vtuber_keressazoulfia,Keressa Zoulfia Ch. Pixela-Mystic,main,20800,418,1130215,2025-02-03T14:39:16+00:00,TH,0.8,Thai VTuber Ranking,2026-09-06T15:07:31.275318+00:00,VTuber signals: agency:Pixela Project; Agency: Pixela Project; Thai confidence: 0.80; Sources: Thai VTuber Ranking; Hiatus / Inactive for 580 days (> 180d),True
UCa6vtZqjqy-qr4dOZty6xtQ,The Black Wolf (PoLin),@theblackwolf3047,https://www.youtube.com/channel/UCa6vtZqjqy-qr4dOZty6xtQ,Independent,active,CONFIRMED,vtuber_theblackwolf3047,The Black Wolf (PoLin),main,236,305,21187,2026-08-29T10:41:48+00:00,TH,0.8,Thai VTuber Ranking,2026-09-06T15:07:31.275347+00:00,Thai confidence: 0.80; Sources: Thai VTuber Ranking; Active (last video published 8 days ago),True
UC_PZp8aADgJ9tiWMT44eUMg,Sirin 『VTG』,@sirinvtg,https://www.youtube.com/channel/UC_PZp8aADgJ9tiWMT44eUMg,Independent,active,CONFIRMED,vtuber_sirinvtg,Sirin 『VTG』,main,2280,121,62262,2026-08-13T10:40:46+00:00,,0.45,Thai VTuber Ranking,2026-09-06T15:07:31.275367+00:00,Thai confidence: 0.45; Sources: Thai VTuber Ranking; Active (last video published 24 days ago),True
UCbFDpdmVcTy1weHo1KDU9uQ,Lattemelo,@lattemelo,https://www.youtube.com/channel/UCbFDpdmVcTy1weHo1KDU9uQ,Independent,active,CONFIRMED,vtuber_lattemelo,Lattemelo,main,1420,32,41702,2026-06-14T16:56:20+00:00,TH,0.55,Thai VTuber Ranking,2026-09-06T15:07:31.275443+00:00,"VTuber signals: vtuber, thai vtuber; Thai confidence: 0.55; Sources: Thai VTuber Ranking; Active (last video published 83 days ago)",True
UCantL0_E-ATsKZTmZmZ51tw,Millennia Ch.【ARP】,@millennia_arp,https://www.youtube.com/channel/UCantL0_E-ATsKZTmZmZ51tw,Algorhythm Project,active,CONFIRMED,vtuber_millennia_arp,Millennia Ch.【ARP】,main,25900,163,883043,2026-09-04T03:33:09+00:00,TH,0.8,Thai VTuber Ranking,2026-09-06T15:07:31.275466+00:00,"VTuber signals: vtuber, agency:Algorhythm Project; Agency: Algorhythm Project; Thai confidence: 0.80; Sources: Thai VTuber Ranking; Active (last video published 2 days ago)",True
UCapmEuEA_aL81YaihYO27vQ,Tsuku CH.,@tsukuch.2483,https://www.youtube.com/channel/UCapmEuEA_aL81YaihYO27vQ,Independent,hiatus,CONFIRMED,vtuber_tsukuch.2483,Tsuku CH.,main,52100,28,20417,2022-01-18T22:03:18+00:00,TH,0.55,Thai VTuber Ranking,2026-09-06T15:07:31.275480+00:00,"VTuber signals: vtuber, thai vtuber; Thai confidence: 0.55; Sources: Thai VTuber Ranking; Hiatus / Inactive for 1691 days (> 180d)",True
UC_Tz70m-NMqHHkblzKa9v6A,วายุ สวรรค์,@wayusawan,https://www.youtube.com/channel/UC_Tz70m-NMqHHkblzKa9v6A,Independent,active,CONFIRMED,vtuber_wayusawan,วายุ สวรรค์,main,16100,692,1583578,2026-08-29T10:45:32+00:00,TH,1.0,Thai VTuber Ranking,2026-09-06T15:07:31.275525+00:00,"VTuber signals: วีทูปเบอร์, วีทูป; Thai confidence: 1.00; Sources: Thai VTuber Ranking; Active (last video published 8 days ago)",True
UC_RvJQOjfm-vgtMRRXeq7mQ,Whyte Ch.,@whitepgz,https://www.youtube.com/channel/UC_RvJQOjfm-vgtMRRXeq7mQ,Independent,active,CONFIRMED,vtuber_whitepgz,Whyte Ch.,main,14400,124,304113,2026-08-31T01:40:34+00:00,,0.65,Thai VTuber Ranking,2026-09-06T15:07:31.275549+00:00,Thai confidence: 0.65; Sources: Thai VTuber Ranking; Active (last video published 6 days ago),True
UCbD0eVN3O-T7iBszxoBYwdA,Aida Ch.,@aidach,https://www.youtube.com/channel/UCbD0eVN3O-T7iBszxoBYwdA,Independent,active,CONFIRMED,vtuber_aidach,Aida Ch.,main,4670,809,190128,2026-08-26T11:19:18+00:00,TH,0.8,Thai VTuber Ranking,2026-09-06T15:07:31.275598+00:00,"VTuber signals: vtuber, vtuberth; Thai confidence: 0.80; Sources: Thai VTuber Ranking; Active (last video published 11 days ago)",True
UCaq7JU0j74R0TsjlViB_-MA,Astia Ch.,@astianievestelarch,https://www.youtube.com/channel/UCaq7JU0j74R0TsjlViB_-MA,Independent,active,CONFIRMED,vtuber_astianievestelarch,Astia Ch.,main,11600,312,538028,2026-09-04T09:04:40+00:00,,0.45,Thai VTuber Ranking,2026-09-06T15:07:31.275629+00:00,Thai confidence: 0.45; Sources: Thai VTuber Ranking; Active (last video published 2 days ago),True
UCafG1bj6Qtcbn4bozcicWfA,ZONA Ch.,@zonaplg,https://www.youtube.com/channel/UCafG1bj6Qtcbn4bozcicWfA,Polygon Official,active,CONFIRMED,vtuber_zonaplg,ZONA Ch.,main,172000,2033,52092150,2026-09-04T04:51:52+00:00,TH,0.8,Thai VTuber Ranking; Virtual YouTuber Fandom Wiki,2026-09-06T15:07:31.275668+00:00,"VTuber signals: vtuber, agency:Polygon Official; Agency: Polygon Official; Thai confidence: 0.80; Sources: Thai VTuber Ranking, Virtual YouTuber Fandom Wiki; Active (last video published 2 days ago)",True
UCawpXTKN_jWyTXG97-DD1zQ,Bamboo Niffy,@uniff4,https://www.youtube.com/channel/UCawpXTKN_jWyTXG97-DD1zQ,Independent,active,CONFIRMED,vtuber_uniff4,Bamboo Niffy,main,237,19,2700,2026-07-25T16:54:27+00:00,TH,0.8,Thai VTuber Ranking,2026-09-06T15:07:31.275700+00:00,VTuber signals: vtuber; Thai confidence: 0.80; Sources: Thai VTuber Ranking; Active (last video published 42 days ago),True
UCaCZ78DoDsPxejb_azg1hog,ITsMeYao,@itsmeyao,https://www.youtube.com/channel/UCaCZ78DoDsPxejb_azg1hog,Independent,active,CONFIRMED,vtuber_itsmeyao,ITsMeYao,main,77600,627,6918565,2026-05-23T05:00:33+00:00,TH,0.8,Thai VTuber Ranking; Virtual YouTuber Fandom Wiki,2026-09-06T15:07:31.275732+00:00,"Thai confidence: 0.80; Sources: Thai VTuber Ranking, Virtual YouTuber Fandom Wiki; Active (last video published 106 days ago)",True
UCb6cL1o1-78FjrUOR-AVqMw,Chloe J. Park Ch. | VTUBER,@chloejparkvtuber,https://www.youtube.com/channel/UCb6cL1o1-78FjrUOR-AVqMw,Independent,active,CONFIRMED,vtuber_chloejparkvtuber,Chloe J. Park Ch. | VTUBER,main,702,220,46934,2026-09-03T02:58:32+00:00,,0.45,Thai VTuber Ranking,2026-09-06T15:07:31.275776+00:00,VTuber signals: vtuber; Thai confidence: 0.45; Sources: Thai VTuber Ranking; Active (last video published 3 days ago),True
UC_oH76DShLob3sbdod-RF6Q,SHUA Ch. / QURSE,@shuavibeent,https://www.youtube.com/channel/UC_oH76DShLob3sbdod-RF6Q,Independent,active,CONFIRMED,vtuber_shuavibeent,SHUA Ch. / QURSE,main,6330,82,145701,2026-09-04T09:56:20+00:00,,0.2,Thai VTuber Ranking,2026-09-06T15:07:31.275792+00:00,"VTuber signals: vtuber, thai vtuber; Sources: Thai VTuber Ranking; Active (last video published 2 days ago)",True
UCahw5ZcdjoFfS6WlfJButNg,Adrelis Zinya「ALF」,@adrelis_alf,https://www.youtube.com/channel/UCahw5ZcdjoFfS6WlfJButNg,ALF,active,CONFIRMED,vtuber_adrelis_alf,Adrelis Zinya「ALF」,main,2340,176,205035,2026-09-01T14:46:37+00:00,,0.45,Thai VTuber Ranking,2026-09-06T15:07:31.275815+00:00,Thai confidence: 0.45; Sources: Thai VTuber Ranking; Active (last video published 5 days ago),True
UC_qD5kQNDIWdfeAR5pH3bBA,Asheria Ch.,@asheriabrumby,https://www.youtube.com/channel/UC_qD5kQNDIWdfeAR5pH3bBA,Independent,active,CONFIRMED,vtuber_asheriabrumby,Asheria Ch.,main,1070,88,18984,2026-04-12T14:32:17+00:00,,0.2,Thai VTuber Ranking,2026-09-06T15:07:31.275828+00:00,"VTuber signals: vtuber, thai vtuber; Sources: Thai VTuber Ranking; Active (last video published 147 days ago)",True
UCbE5PSt6dbI8_URxa7tl_TA,Carys Cordelia,@carys_eylz,https://www.youtube.com/channel/UCbE5PSt6dbI8_URxa7tl_TA,Independent,active,CONFIRMED,vtuber_carys_eylz,Carys Cordelia,main,1030,133,44901,2026-09-04T05:38:42+00:00,,0.45,Thai VTuber Ranking,2026-09-06T15:07:31.275876+00:00,Thai confidence: 0.45; Sources: Thai VTuber Ranking; Active (last video published 2 days ago),True
UC_QxfkQ4RrWkiQmGeyYa1tQ,AelegosSunOfaeminch.,@aelegossunofaemin,https://www.youtube.com/channel/UC_QxfkQ4RrWkiQmGeyYa1tQ,Independent,active,CONFIRMED,vtuber_aelegossunofaemin,AelegosSunOfaeminch.,main,1090,1045,83319,2026-09-03T07:54:20+00:00,,0.45,Thai VTuber Ranking,2026-09-06T15:07:31.275899+00:00,Thai confidence: 0.45; Sources: Thai VTuber Ranking; Active (last video published 3 days ago),True
UCaMhj4Q6-bx1IZE3izVtk6A,Saneko ch. Euphora,@sanekoepr,https://www.youtube.com/channel/UCaMhj4Q6-bx1IZE3izVtk6A,Euphora Project,hiatus,CONFIRMED,vtuber_sanekoepr,Saneko ch. Euphora,main,6350,197,124764,2025-12-07T17:02:26+00:00,,0.45,Thai VTuber Ranking,2026-09-06T15:07:31.275940+00:00,VTuber signals: agency:Euphora Project; Agency: Euphora Project; Thai confidence: 0.45; Sources: Thai VTuber Ranking; Hiatus / Inactive for 272 days (> 180d),True
UCalvpWY2A2P4-h5UIs1jGgA,yoinmori,@yoinmori,https://www.youtube.com/channel/UCalvpWY2A2P4-h5UIs1jGgA,Independent,active,CONFIRMED,vtuber_yoinmori,yoinmori,main,89900,778,99334666,2026-09-04T10:52:29+00:00,TH,0.8,Thai VTuber Ranking,2026-09-06T15:07:31.275964+00:00,Thai confidence: 0.80; Sources: Thai VTuber Ranking; Active (last video published 2 days ago),True
UC_hrRvjp0dzI0W6goBxRMPA,XINPIA ⌜VZ⌟,@xinpia,https://www.youtube.com/channel/UC_hrRvjp0dzI0W6goBxRMPA,Virtual Zeven (VZ),active,CONFIRMED,vtuber_xinpia,XINPIA ⌜VZ⌟,main,2560,201,127643,2026-08-14T03:53:25+00:00,TH,1.0,Thai VTuber Ranking,2026-09-06T15:07:31.276007+00:00,Thai confidence: 1.00; Sources: Thai VTuber Ranking; Active (last video published 23 days ago),True
UCacSkKAhjz4pDmyee5IiL5A,Harumoon Ch.,@harumoonch,https://www.youtube.com/channel/UCacSkKAhjz4pDmyee5IiL5A,Independent,active,CONFIRMED,vtuber_harumoonch,Harumoon Ch.,main,16700,626,1199757,2026-08-31T17:11:03+00:00,TH,0.35,Thai VTuber Ranking,2026-09-06T15:07:31.276036+00:00,"VTuber signals: vtuber, vtuberth; Thai confidence: 0.35; Sources: Thai VTuber Ranking; Active (last video published 5 days ago)",True
UCriNq8O70ubJVbUtJ9yoGNw,IRISS Ch.,@irissxofficer,https://www.youtube.com/channel/UCriNq8O70ubJVbUtJ9yoGNw,Independent,active,CONFIRMED,vtuber_irissxofficer,IRISS Ch.,main,6010,429,340935,2026-05-31T09:46:35+00:00,TH,0.8,Thai VTuber Ranking,2026-09-06T15:07:31.276074+00:00,VTuber signals: vtuber; Thai confidence: 0.80; Sources: Thai VTuber Ranking; Active (last video published 98 days ago),True
UCtAwmDprhStjmfRwyF3znsQ,Warene Ch. [ヴァリーネー],@warenech.2253,https://www.youtube.com/channel/UCtAwmDprhStjmfRwyF3znsQ,Independent,hiatus,CONFIRMED,vtuber_warenech.2253,Warene Ch. [ヴァリーネー],main,2810,74,44306,2022-06-23T18:23:37+00:00,,0.65,Thai VTuber Ranking,2026-09-06T15:07:31.276115+00:00,VTuber signals: vtuber; Thai confidence: 0.65; Sources: Thai VTuber Ranking; Hiatus / Inactive for 1535 days (> 180d),True
UCsZSZCsOh_00oTBLdk2w-GA,Haguruma,@hagurumavtuber,https://www.youtube.com/channel/UCsZSZCsOh_00oTBLdk2w-GA,Independent,active,CONFIRMED,vtuber_hagurumavtuber,Haguruma,main,1230,132,54392,2026-08-31T11:24:00+00:00,TH,0.35,Thai VTuber Ranking,2026-09-06T15:07:31.276135+00:00,Thai confidence: 0.35; Sources: Thai VTuber Ranking; Active (last video published 6 days ago),True
UCrOhfmfkwCUS5ibUehZpJtA,JUNEVY Ch.,@junevy888,https://www.youtube.com/channel/UCrOhfmfkwCUS5ibUehZpJtA,Independent,hiatus,CONFIRMED,vtuber_junevy888,JUNEVY Ch.,main,1570,13,14316,2024-06-04T17:06:08+00:00,TH,0.8,Thai VTuber Ranking,2026-09-06T15:07:31.276185+00:00,"VTuber signals: vtuber, วีทูปเบอร์, วีทูป, vtuberth; Thai confidence: 0.80; Sources: Thai VTuber Ranking; Hiatus / Inactive for 823 days (> 180d)",True
UCsBCAX4sd9ro4MhqVTyfOwg,Am,@am-lilden,https://www.youtube.com/channel/UCsBCAX4sd9ro4MhqVTyfOwg,Independent,active,CONFIRMED,vtuber_am-lilden,Am,main,3700,15,2737,2026-07-15T06:12:58+00:00,,0.45,Thai VTuber Ranking,2026-09-06T15:07:31.276208+00:00,Thai confidence: 0.45; Sources: Thai VTuber Ranking; Active (last video published 53 days ago),True
UCtD7KwwGOSgFu4FEd46msMg,Mylah Ch.,@mylah_ch,https://www.youtube.com/channel/UCtD7KwwGOSgFu4FEd46msMg,Independent,active,CONFIRMED,vtuber_mylah_ch,Mylah Ch.,main,3030,310,103345,2026-08-25T21:19:09+00:00,,0.2,Thai VTuber Ranking,2026-09-06T15:07:31.276223+00:00,"VTuber signals: vtuber, thai vtuber; Sources: Thai VTuber Ranking; Active (last video published 11 days ago)",True
UCsPn9TRLJIGDWPnfa32EX7Q,Este Ch.,@esteestella,https://www.youtube.com/channel/UCsPn9TRLJIGDWPnfa32EX7Q,Independent,active,CONFIRMED,vtuber_esteestella,Este Ch.,main,1380,637,55121,2026-09-05T05:57:30+00:00,TH,0.8,Thai VTuber Ranking,2026-09-06T15:07:31.276258+00:00,Thai confidence: 0.80; Sources: Thai VTuber Ranking; Active (last video published 1 days ago),True
UCtGhO6z6GxqtBZ4gP-3rUpA,TakumaRei「บ่นไปเรื่อย」,@takumarei,https://www.youtube.com/channel/UCtGhO6z6GxqtBZ4gP-3rUpA,Independent,active,CONFIRMED,vtuber_takumarei,TakumaRei「บ่นไปเรื่อย」,main,86300,517,96814229,2026-09-05T13:02:22+00:00,TH,0.8,Thai VTuber Ranking,2026-09-06T15:07:31.276325+00:00,VTuber signals: vtuber; Thai confidence: 0.80; Sources: Thai VTuber Ranking; Active (last video published 1 days ago),True
UCt6FZvZeGX7_0dFT5bibXig,Banpratou,@banpratou,https://www.youtube.com/channel/UCt6FZvZeGX7_0dFT5bibXig,Independent,hiatus,CONFIRMED,vtuber_banpratou,Banpratou,main,3610,531,467101,2025-10-24T14:50:42+00:00,TH,0.8,Thai VTuber Ranking,2026-09-06T15:07:31.276378+00:00,Thai confidence: 0.80; Sources: Thai VTuber Ranking; Hiatus / Inactive for 317 days (> 180d),True
UCrKgRzwdpFIyoYBvyuacmPg,Nogi Sensei,@nogibynagi,https://www.youtube.com/channel/UCrKgRzwdpFIyoYBvyuacmPg,Independent,hiatus,CONFIRMED,vtuber_nogibynagi,Nogi Sensei,main,44400,154,4858416,2025-11-26T12:02:48+00:00,TH,0.8,Thai VTuber Ranking,2026-09-06T15:07:31.276401+00:00,Thai confidence: 0.80; Sources: Thai VTuber Ranking; Hiatus / Inactive for 284 days (> 180d),True
UCrUmEIK7jOgqVw5BPEDfQdQ,キラリKirari NeNe,@kirarinene,https://www.youtube.com/channel/UCrUmEIK7jOgqVw5BPEDfQdQ,Independent,hiatus,CONFIRMED,vtuber_kirarinene,キラリKirari NeNe,main,25400,158,953443,2023-09-19T09:02:19+00:00,TH,0.8,Thai VTuber Ranking,2026-09-06T15:07:31.276468+00:00,Thai confidence: 0.80; Sources: Thai VTuber Ranking; Hiatus / Inactive for 1083 days (> 180d),True
UCsO3bLRlRtET6FMH0KIWvYQ,SCSugarZ.,@scsugarcute,https://www.youtube.com/channel/UCsO3bLRlRtET6FMH0KIWvYQ,Independent,hiatus,CONFIRMED,vtuber_scsugarcute,SCSugarZ.,main,2680,3,771,2022-02-27T03:00:15+00:00,,0.45,Thai VTuber Ranking,2026-09-06T15:07:31.276521+00:00,VTuber signals: vtuber; Thai confidence: 0.45; Sources: Thai VTuber Ranking; Hiatus / Inactive for 1652 days (> 180d),True
UCrQORO4YG9kd7FXl9nB-_Bw,Meiai ch.,@meiaimuguri,https://www.youtube.com/channel/UCrQORO4YG9kd7FXl9nB-_Bw,Independent,hiatus,CONFIRMED,vtuber_meiaimuguri,Meiai ch.,main,1900,28,85703,2025-09-15T14:35:57+00:00,TH,0.55,Thai VTuber Ranking,2026-09-06T15:07:31.276535+00:00,"VTuber signals: vtuber, thai vtuber; Thai confidence: 0.55; Sources: Thai VTuber Ranking; Hiatus / Inactive for 356 days (> 180d)",True
UCsvM-x2McjES-pJMGfq8PuA,Rafinia Ch.,@rafiniach.,https://www.youtube.com/channel/UCsvM-x2McjES-pJMGfq8PuA,Independent,active,CONFIRMED,vtuber_rafiniach.,Rafinia Ch.,main,13100,818,700030,2026-09-05T05:57:26+00:00,TH,0.8,Thai VTuber Ranking,2026-09-06T15:07:31.276578+00:00,Thai confidence: 0.80; Sources: Thai VTuber Ranking; Active (last video published 1 days ago),True
UCsopSzBjIt3naRqabJrXpRA,PRAEAM_SLX,@praeam_slx,https://www.youtube.com/channel/UCsopSzBjIt3naRqabJrXpRA,Independent,active,CONFIRMED,vtuber_praeam_slx,PRAEAM_SLX,main,101,109,13213,2026-08-17T02:00:35+00:00,,0.45,Thai VTuber Ranking,2026-09-06T15:07:31.276627+00:00,Thai confidence: 0.45; Sources: Thai VTuber Ranking; Active (last video published 20 days ago),True
UCrkmFl9WbotWvZMH8wQM2mw,Kisane Miko Ch,@kisanemikoch,https://www.youtube.com/channel/UCrkmFl9WbotWvZMH8wQM2mw,Independent,active,CONFIRMED,vtuber_kisanemikoch,Kisane Miko Ch,main,10500,516,244680,2026-06-19T08:00:05+00:00,TH,0.8,Thai VTuber Ranking,2026-09-06T15:07:31.276670+00:00,Thai confidence: 0.80; Sources: Thai VTuber Ranking; Active (last video published 79 days ago),True
UCrv90qmK4-Yxj_QyNMqBVQA,Faethon Uni. Jantra,@faethon_jantra,https://www.youtube.com/channel/UCrv90qmK4-Yxj_QyNMqBVQA,Independent,active,CONFIRMED,vtuber_faethon_jantra,Faethon Uni. Jantra,main,1810,232,241958,2026-09-02T09:51:44+00:00,TH,0.35,Thai VTuber Ranking,2026-09-06T15:07:31.276691+00:00,Thai confidence: 0.35; Sources: Thai VTuber Ranking; Active (last video published 4 days ago),True
UCsQphFL62QU4XfvjN4B0kAQ,RuLaRaLan,@rularalan,https://www.youtube.com/channel/UCsQphFL62QU4XfvjN4B0kAQ,Independent,active,CONFIRMED,vtuber_rularalan,RuLaRaLan,main,447,193,33670,2026-09-02T19:01:19+00:00,TH,0.8,Thai VTuber Ranking,2026-09-06T15:07:31.276734+00:00,Thai confidence: 0.80; Sources: Thai VTuber Ranking; Active (last video published 3 days ago),True
UCroF8LjEdRGOerNXLR0ddLA,Saria Ch.,@sariachannal,https://www.youtube.com/channel/UCroF8LjEdRGOerNXLR0ddLA,Independent,hiatus,CONFIRMED,vtuber_sariachannal,Saria Ch.,main,1740,3,204,2022-05-12T22:40:06+00:00,TH,0.55,Thai VTuber Ranking; Virtual YouTuber Fandom Wiki,2026-09-06T15:07:31.276756+00:00,"VTuber signals: vtuber; Thai confidence: 0.55; Sources: Thai VTuber Ranking, Virtual YouTuber Fandom Wiki; Hiatus / Inactive for 1577 days (> 180d)",True
UCt483dpJFmpjRjADkNCWj1A,Bluwey Ch,@bluweyvgamer,https://www.youtube.com/channel/UCt483dpJFmpjRjADkNCWj1A,Independent,active,CONFIRMED,vtuber_bluweyvgamer,Bluwey Ch,main,3590,676,264538,2026-09-03T23:44:20+00:00,TH,0.8,Thai VTuber Ranking,2026-09-06T15:07:31.276803+00:00,Thai confidence: 0.80; Sources: Thai VTuber Ranking; Active (last video published 2 days ago),True
UCsg4TnP4vfR82IvQ5FKC9Cg,Yasou Azrael Ch. / AStars,@yasouazrael_as,https://www.youtube.com/channel/UCsg4TnP4vfR82IvQ5FKC9Cg,AStars Production,active,CONFIRMED,vtuber_yasouazrael_as,Yasou Azrael Ch. / AStars,main,1980,191,85629,2026-09-02T11:00:06+00:00,TH,1.0,Thai VTuber Ranking; Virtual YouTuber Fandom Wiki,2026-09-06T15:07:31.276838+00:00,"VTuber signals: vtuber, vtuberth; Thai confidence: 1.00; Sources: Thai VTuber Ranking, Virtual YouTuber Fandom Wiki; Active (last video published 4 days ago)",True
UCt-_7LOFGUhAQGzePZtbYZg,Renkon Ch.,@renkon12,https://www.youtube.com/channel/UCt-_7LOFGUhAQGzePZtbYZg,Independent,active,CONFIRMED,vtuber_renkon12,Renkon Ch.,main,41800,12,3157641,2026-08-12T14:30:28+00:00,,0.45,Thai VTuber Ranking,2026-09-06T15:07:31.276863+00:00,Thai confidence: 0.45; Sources: Thai VTuber Ranking; Active (last video published 25 days ago),True
UCt8NgIONfmrNcyJt26ntJQg,Yozora /星屑 夜空 Ch.,@yoru-no-zora,https://www.youtube.com/channel/UCt8NgIONfmrNcyJt26ntJQg,Independent,active,CONFIRMED,vtuber_yoru-no-zora,Yozora /星屑 夜空 Ch.,main,1500,140,9908,2026-09-03T12:22:23+00:00,TH,0.8,Thai VTuber Ranking,2026-09-06T15:07:31.276895+00:00,Thai confidence: 0.80; Sources: Thai VTuber Ranking; Active (last video published 3 days ago),True
UCt2nUyG9wE579wkiik-bfHQ,Amy Chan ◤VTP◢,@amychan_vtp,https://www.youtube.com/channel/UCt2nUyG9wE579wkiik-bfHQ,Independent,active,CONFIRMED,vtuber_amychan_vtp,Amy Chan ◤VTP◢,main,628,293,25349,2026-08-23T09:48:23+00:00,TH,0.35,Thai VTuber Ranking,2026-09-06T15:07:31.276916+00:00,Thai confidence: 0.35; Sources: Thai VTuber Ranking; Active (last video published 14 days ago),True
UCrYkQnbL_OiYyGuiZyvcO7g,Hey Solly,@heysolly,https://www.youtube.com/channel/UCrYkQnbL_OiYyGuiZyvcO7g,Independent,hiatus,CONFIRMED,vtuber_heysolly,Hey Solly,main,230000,97,2059206,2024-08-27T11:00:07+00:00,TH,1.0,Thai VTuber Ranking; Virtual YouTuber Fandom Wiki,2026-09-06T15:07:31.276991+00:00,"Thai confidence: 1.00; Sources: Thai VTuber Ranking, Virtual YouTuber Fandom Wiki; Hiatus / Inactive for 740 days (> 180d)",True
UCt3VBRNF3sR05y763RZx2xw,AELA CH. [EC19 Projekt],@aelachec19projekt,https://www.youtube.com/channel/UCt3VBRNF3sR05y763RZx2xw,Independent,active,CONFIRMED,vtuber_aelachec19projekt,AELA CH. [EC19 Projekt],main,13600,572,461673,2026-09-04T17:01:34+00:00,TH,0.8,Thai VTuber Ranking; Virtual YouTuber Fandom Wiki,2026-09-06T15:07:31.277030+00:00,"Thai confidence: 0.80; Sources: Thai VTuber Ranking, Virtual YouTuber Fandom Wiki; Active (last video published 1 days ago)",True
UCsQqb5obLoEfcDoiaZFM7LA,moujob,@aimoumoujob,https://www.youtube.com/channel/UCsQqb5obLoEfcDoiaZFM7LA,Independent,active,CONFIRMED,vtuber_aimoumoujob,moujob,main,44800,44,4956441,2026-07-20T20:38:10+00:00,,0.45,Thai VTuber Ranking,2026-09-06T15:07:31.277057+00:00,Thai confidence: 0.45; Sources: Thai VTuber Ranking; Active (last video published 47 days ago),True
UCtI52RQ3VagjRMERxov_OxA,Nyamaru Yui,@nyamaru_yui,https://www.youtube.com/channel/UCtI52RQ3VagjRMERxov_OxA,Independent,active,CONFIRMED,vtuber_nyamaru_yui,Nyamaru Yui,main,6080,295,639429,2026-08-26T02:12:50+00:00,TH,0.55,Thai VTuber Ranking,2026-09-06T15:07:31.277076+00:00,"VTuber signals: vtuber, thai vtuber; Thai confidence: 0.55; Sources: Thai VTuber Ranking; Active (last video published 11 days ago)",True
UCsqbAJWvp5DMgg69Clc81pA,Devto Demon,@devtodemon,https://www.youtube.com/channel/UCsqbAJWvp5DMgg69Clc81pA,Independent,active,CONFIRMED,vtuber_devtodemon,Devto Demon,main,2270,544,354164,2026-09-05T03:50:20+00:00,,0.45,Thai VTuber Ranking,2026-09-06T15:07:31.277109+00:00,VTuber signals: วีทูป; Thai confidence: 0.45; Sources: Thai VTuber Ranking; Active (last video published 1 days ago),True
UCrrhPvH5ZB7UBcjCajs9OmQ,Valery Ch.【Ti19t】,@valery3nake,https://www.youtube.com/channel/UCrrhPvH5ZB7UBcjCajs9OmQ,Ti19t,active,CONFIRMED,vtuber_valery3nake,Valery Ch.【Ti19t】,main,2040,217,69740,2026-08-28T03:45:44+00:00,TH,0.35,Thai VTuber Ranking,2026-09-06T15:07:31.277137+00:00,Thai confidence: 0.35; Sources: Thai VTuber Ranking; Active (last video published 9 days ago),True
UCrvgFjRmdALKWipRU1MQBsQ,StormBullet,@stormbullet,https://www.youtube.com/channel/UCrvgFjRmdALKWipRU1MQBsQ,Independent,active,CONFIRMED,vtuber_stormbullet,StormBullet,main,779,412,244597,2026-08-16T20:59:35+00:00,TH,0.8,Thai VTuber Ranking,2026-09-06T15:07:31.277173+00:00,VTuber signals: วีทูบเบอร์; Thai confidence: 0.80; Sources: Thai VTuber Ranking; Active (last video published 20 days ago),True
UCrKHJptt9n65z_2UFZc-aMg,Kombucha Ch.,@kombuchach,https://www.youtube.com/channel/UCrKHJptt9n65z_2UFZc-aMg,Independent,unknown,CONFIRMED,vtuber_kombuchach,Kombucha Ch.,main,1060,0,0,,TH,0.35,Thai VTuber Ranking,2026-09-06T15:07:31.277196+00:00,Thai confidence: 0.35; Sources: Thai VTuber Ranking; No public video history recorded,False
UCrVrg-DbNYlz-1TMgthXWRA,Frounce Zebious,@zebiousfrounce,https://www.youtube.com/channel/UCrVrg-DbNYlz-1TMgthXWRA,Independent,active,CONFIRMED,vtuber_zebiousfrounce,Frounce Zebious,main,1540,432,271791,2026-08-23T00:00:30+00:00,TH,0.55,Thai VTuber Ranking,2026-09-06T15:07:31.277217+00:00,"VTuber signals: vtuber, thai vtuber; Thai confidence: 0.55; Sources: Thai VTuber Ranking; Active (last video published 14 days ago)",True
UCt5N-YObN60x8TQTMh6mvbw,Chiiaki Jellyfishkun,@chiiakijf,https://www.youtube.com/channel/UCt5N-YObN60x8TQTMh6mvbw,Independent,active,CONFIRMED,vtuber_chiiakijf,Chiiaki Jellyfishkun,main,14500,2782,2649892,2026-09-05T06:46:01+00:00,TH,1.0,Thai VTuber Ranking,2026-09-06T15:07:31.277387+00:00,"VTuber signals: vtuber, วีทูปเบอร์, วีทูป, vtuberth; Thai confidence: 1.00; Sources: Thai VTuber Ranking; Active (last video published 1 days ago)",True
UCsrQN_xHHIOLkPfQ-uP1zag,Kuro『VTG』,@kuro_vtg,https://www.youtube.com/channel/UCsrQN_xHHIOLkPfQ-uP1zag,Independent,active,CONFIRMED,vtuber_kuro_vtg,Kuro『VTG』,main,1000,246,52385,2026-07-18T04:26:08+00:00,,0.2,Thai VTuber Ranking,2026-09-06T15:07:31.277441+00:00,"VTuber signals: vtuber, thai vtuber; Sources: Thai VTuber Ranking; Active (last video published 50 days ago)",True
UCsyvaOTDKdgG_iglzRnWzOQ,Mr. Jameson,@mr.jameson9965,https://www.youtube.com/channel/UCsyvaOTDKdgG_iglzRnWzOQ,Independent,hiatus,CONFIRMED,vtuber_mr.jameson9965,Mr. Jameson,main,1750,94,38365,2024-05-23T15:29:42+00:00,TH,0.55,Thai VTuber Ranking,2026-09-06T15:07:31.277460+00:00,"VTuber signals: vtuber, thai vtuber; Thai confidence: 0.55; Sources: Thai VTuber Ranking; Hiatus / Inactive for 835 days (> 180d)",True
UCrsyP6H1Ftqt503xKE7_CUg,Akemi Arlin Ch. Pixela Legends,@akemiarlin,https://www.youtube.com/channel/UCrsyP6H1Ftqt503xKE7_CUg,Pixela Project,active,CONFIRMED,vtuber_akemiarlin,Akemi Arlin Ch. Pixela Legends,main,51000,1081,4280921,2026-09-05T01:21:11+00:00,TH,0.8,Thai VTuber Ranking; Virtual YouTuber Fandom Wiki,2026-09-06T15:07:31.277504+00:00,"VTuber signals: agency:Pixela Project; Agency: Pixela Project; Thai confidence: 0.80; Sources: Thai VTuber Ranking, Virtual YouTuber Fandom Wiki; Active (last video published 1 days ago)",True
UCt27auVkfJgmTnKJI6UAZwg,Mali_SLR,@malislr,https://www.youtube.com/channel/UCt27auVkfJgmTnKJI6UAZwg,Independent,active,CONFIRMED,vtuber_malislr,Mali_SLR,main,613,14,19918,2026-09-02T04:05:02+00:00,,0.45,Thai VTuber Ranking,2026-09-06T15:07:31.277535+00:00,Thai confidence: 0.45; Sources: Thai VTuber Ranking; Active (last video published 4 days ago),True
UCt1L2vxqFD0xZeYHeHPZQoQ,CooGa,@cooga,https://www.youtube.com/channel/UCt1L2vxqFD0xZeYHeHPZQoQ,Independent,active,CONFIRMED,vtuber_cooga,CooGa,main,169000,1999,3555824,2026-09-05T07:43:09+00:00,TH,1.0,Thai VTuber Ranking,2026-09-06T15:07:31.277600+00:00,Thai confidence: 1.00; Sources: Thai VTuber Ranking; Active (last video published 1 days ago),True
UCrkWEJaRE2eCpEpGZbpNhIQ,Ryusei Starlight Ch.,@ryuseistarlightch,https://www.youtube.com/channel/UCrkWEJaRE2eCpEpGZbpNhIQ,Independent,active,CONFIRMED,vtuber_ryuseistarlightch,Ryusei Starlight Ch.,main,2250,231,119556,2026-08-30T06:49:29+00:00,,0.65,Thai VTuber Ranking,2026-09-06T15:07:31.277623+00:00,VTuber signals: vtuber; Thai confidence: 0.65; Sources: Thai VTuber Ranking; Active (last video published 7 days ago),True
UCrpZITOa4ElrYQ7bjSXn75w,Kealan Hmm [ECR],@kealanhmm,https://www.youtube.com/channel/UCrpZITOa4ElrYQ7bjSXn75w,Independent,active,CONFIRMED,vtuber_kealanhmm,Kealan Hmm [ECR],main,1630,238,114348,2026-09-03T15:24:13+00:00,TH,1.0,Thai VTuber Ranking,2026-09-06T15:07:31.277690+00:00,Thai confidence: 1.00; Sources: Thai VTuber Ranking; Active (last video published 2 days ago),True
UCrZZ55RSNNZvURxjffvIDng,DieInGamez,@dieingamez,https://www.youtube.com/channel/UCrZZ55RSNNZvURxjffvIDng,Independent,hiatus,CONFIRMED,vtuber_dieingamez,DieInGamez,main,5340,1069,201971,2025-12-01T01:52:05+00:00,TH,0.8,Thai VTuber Ranking,2026-09-06T15:07:31.277749+00:00,Thai confidence: 0.80; Sources: Thai VTuber Ranking; Hiatus / Inactive for 279 days (> 180d),True
UCsMUB8xL0-TcsBxpfb7LA8w,NepkoNova Ch.,@nepkonova,https://www.youtube.com/channel/UCsMUB8xL0-TcsBxpfb7LA8w,Independent,hiatus,CONFIRMED,vtuber_nepkonova,NepkoNova Ch.,main,5240,63,131303,2022-11-25T12:59:04+00:00,TH,0.8,Thai VTuber Ranking,2026-09-06T15:07:31.277787+00:00,VTuber signals: vtuber; Thai confidence: 0.80; Sources: Thai VTuber Ranking; Hiatus / Inactive for 1381 days (> 180d),True
UCs3O6VR89_-NPCUSj29jY3Q,gingerbelle,@ging3rbelle,https://www.youtube.com/channel/UCs3O6VR89_-NPCUSj29jY3Q,Independent,hiatus,CONFIRMED,vtuber_ging3rbelle,gingerbelle,main,1750,463,93072,2025-12-15T18:42:02+00:00,TH,0.8,Thai VTuber Ranking,2026-09-06T15:07:31.277915+00:00,Thai confidence: 0.80; Sources: Thai VTuber Ranking; Hiatus / Inactive for 264 days (> 180d),True
UCsrs6PQ6BxBGZbDuuD8i6iA,MerryKomori Lu.,@merrykomori,https://www.youtube.com/channel/UCsrs6PQ6BxBGZbDuuD8i6iA,Independent,active,CONFIRMED,vtuber_merrykomori,MerryKomori Lu.,main,14000,389,1394165,2026-09-05T06:52:34+00:00,TH,0.8,Thai VTuber Ranking,2026-09-06T15:07:31.277982+00:00,Thai confidence: 0.80; Sources: Thai VTuber Ranking; Active (last video published 1 days ago),True
UCsI6assrGUpDX_TmSK4zehg,Layniazia Ch.,@layniazia,https://www.youtube.com/channel/UCsI6assrGUpDX_TmSK4zehg,Independent,active,CONFIRMED,vtuber_layniazia,Layniazia Ch.,main,3750,583,200790,2026-09-05T06:49:25+00:00,TH,0.8,Thai VTuber Ranking,2026-09-06T15:07:31.278022+00:00,"VTuber signals: vtuber, vtuberth; Thai confidence: 0.80; Sources: Thai VTuber Ranking; Active (last video published 1 days ago)",True
UCO-cQ0fuaInGZHIxSn9iO3g,Peace Ch.,@peacech16,https://www.youtube.com/channel/UCO-cQ0fuaInGZHIxSn9iO3g,Independent,active,CONFIRMED,vtuber_peacech16,Peace Ch.,main,2540,135,218382,2026-09-03T14:15:22+00:00,,0.45,Thai VTuber Ranking,2026-09-06T15:07:31.278067+00:00,Thai confidence: 0.45; Sources: Thai VTuber Ranking; Active (last video published 3 days ago),True
UCMvIUZRjMYx-_U7_RRlQYqw,Zerin Ch. - ゼリン -,@zerindesu,https://www.youtube.com/channel/UCMvIUZRjMYx-_U7_RRlQYqw,Independent,hiatus,CONFIRMED,vtuber_zerindesu,Zerin Ch. - ゼリン -,main,5310,2,75568,2022-02-18T11:00:12+00:00,TH,0.8,Thai VTuber Ranking,2026-09-06T15:07:31.278105+00:00,"VTuber signals: vtuber, vtuberth; Thai confidence: 0.80; Sources: Thai VTuber Ranking; Hiatus / Inactive for 1661 days (> 180d)",True
UCN3A90FXb4u4ZirE2LmB_9Q,HEADCHEF,@headlnwza,https://www.youtube.com/channel/UCN3A90FXb4u4ZirE2LmB_9Q,Independent,active,CONFIRMED,vtuber_headlnwza,HEADCHEF,main,5180,447,208440,2026-04-30T03:50:13+00:00,TH,0.8,Thai VTuber Ranking,2026-09-06T15:07:31.278127+00:00,Thai confidence: 0.80; Sources: Thai VTuber Ranking; Active (last video published 129 days ago),True
UCN6506blTCjlsfwnRBMRB0Q,Norigo Ch.,@norigoch,https://www.youtube.com/channel/UCN6506blTCjlsfwnRBMRB0Q,Independent,active,CONFIRMED,vtuber_norigoch,Norigo Ch.,main,4050,261,214238,2026-06-10T02:33:34+00:00,TH,1.0,Thai VTuber Ranking,2026-09-06T15:07:31.278181+00:00,VTuber signals: vtuber; Thai confidence: 1.00; Sources: Thai VTuber Ranking; Active (last video published 88 days ago),True
UCNbXahoA48lOdkSS9fAWmcQ,เกมส์เมอร์ขาอ่อน 【18 B 】,@gamerkaon,https://www.youtube.com/channel/UCNbXahoA48lOdkSS9fAWmcQ,Independent,active,CONFIRMED,vtuber_gamerkaon,เกมส์เมอร์ขาอ่อน 【18 B 】,main,1160,1246,292467,2026-09-02T20:51:38+00:00,TH,0.8,Thai VTuber Ranking,2026-09-06T15:07:31.278212+00:00,"VTuber signals: vtuber, vtuberth; Thai confidence: 0.80; Sources: Thai VTuber Ranking; Active (last video published 3 days ago)",True
UCNLRchQpCrJaUvYo731Y_vg,Callidora Ch.【VJN】,@callidorajanaiyo,https://www.youtube.com/channel/UCNLRchQpCrJaUvYo731Y_vg,Independent,active,CONFIRMED,vtuber_callidorajanaiyo,Callidora Ch.【VJN】,main,1120,269,65949,2026-08-20T16:26:19+00:00,,0.45,Thai VTuber Ranking,2026-09-06T15:07:31.278293+00:00,"VTuber signals: vtuber, vtuberth; Thai confidence: 0.45; Sources: Thai VTuber Ranking; Active (last video published 16 days ago)",True
UCOWt5oD4DqoGowGNz0F6Gkw,Yumiiko CH.,@yumiiko,https://www.youtube.com/channel/UCOWt5oD4DqoGowGNz0F6Gkw,Independent,active,CONFIRMED,vtuber_yumiiko,Yumiiko CH.,main,2340,323,405945,2026-09-03T06:27:12+00:00,TH,0.8,Thai VTuber Ranking,2026-09-06T15:07:31.278339+00:00,Thai confidence: 0.80; Sources: Thai VTuber Ranking; Active (last video published 3 days ago),True
UCN0m7R88NRnqBdjIPcloOnw,Natsume [NEX],@natsumenex,https://www.youtube.com/channel/UCN0m7R88NRnqBdjIPcloOnw,Independent,active,CONFIRMED,vtuber_natsumenex,Natsume [NEX],main,2630,26,29794,2026-06-17T05:34:50+00:00,,0.45,Thai VTuber Ranking,2026-09-06T15:07:31.278370+00:00,Thai confidence: 0.45; Sources: Thai VTuber Ranking; Active (last video published 81 days ago),True
UCMhUWTKBjrRSacizvjq3HLg,L4zyGone,@l4zygone,https://www.youtube.com/channel/UCMhUWTKBjrRSacizvjq3HLg,Independent,active,CONFIRMED,vtuber_l4zygone,L4zyGone,main,201000,52,44963,2026-08-22T22:13:50+00:00,TH,1.0,Thai VTuber Ranking,2026-09-06T15:07:31.278413+00:00,Thai confidence: 1.00; Sources: Thai VTuber Ranking; Active (last video published 14 days ago),True
UCMZkIRSYq4NX-rBGs7n-3-g,Yena Hwang ch. 황예나,@yenahwangch,https://www.youtube.com/channel/UCMZkIRSYq4NX-rBGs7n-3-g,Independent,hiatus,CONFIRMED,vtuber_yenahwangch,Yena Hwang ch. 황예나,main,1100,168,28258,2024-09-07T01:36:09+00:00,TH,0.8,Thai VTuber Ranking,2026-09-06T15:07:31.278441+00:00,Thai confidence: 0.80; Sources: Thai VTuber Ranking; Hiatus / Inactive for 729 days (> 180d),True
UCMh4voylnr9h_UVZWJI5Vew,CandyCatdy CH.,@candycatdych,https://www.youtube.com/channel/UCMh4voylnr9h_UVZWJI5Vew,Independent,active,CONFIRMED,vtuber_candycatdych,CandyCatdy CH.,main,23000,396,883283,2026-09-02T04:42:21+00:00,TH,0.8,Thai VTuber Ranking,2026-09-06T15:07:31.278469+00:00,Thai confidence: 0.80; Sources: Thai VTuber Ranking; Active (last video published 4 days ago),True
UCN2h2ov92AeTDv60a1mUr0g,Puffy Fluffy Ch.,@puffyvtuber,https://www.youtube.com/channel/UCN2h2ov92AeTDv60a1mUr0g,Independent,active,CONFIRMED,vtuber_puffyvtuber,Puffy Fluffy Ch.,main,1120,240,40081,2026-08-28T04:29:48+00:00,,0.45,Thai VTuber Ranking,2026-09-06T15:07:31.278532+00:00,"VTuber signals: วีทูปเบอร์, วีทูป; Thai confidence: 0.45; Sources: Thai VTuber Ranking; Active (last video published 9 days ago)",True
UCOVpD7MesZKe44ZvLVuwXvA,Asteroth Ch.【ARP】,@asteroth_arp,https://www.youtube.com/channel/UCOVpD7MesZKe44ZvLVuwXvA,Algorhythm Project,hiatus,CONFIRMED,vtuber_asteroth_arp,Asteroth Ch.【ARP】,main,49800,976,5200636,2025-09-12T02:11:32+00:00,TH,0.65,Thai VTuber Ranking; Virtual YouTuber Fandom Wiki,2026-09-06T15:07:31.278570+00:00,"VTuber signals: agency:Algorhythm Project; Agency: Algorhythm Project; Thai confidence: 0.65; Sources: Thai VTuber Ranking, Virtual YouTuber Fandom Wiki; Hiatus / Inactive for 359 days (> 180d)",True
UCNMSbSb456HB-QHasfl7dtg,MEWRCCLUB Ch.,@mewrcclub,https://www.youtube.com/channel/UCNMSbSb456HB-QHasfl7dtg,Independent,active,CONFIRMED,vtuber_mewrcclub,MEWRCCLUB Ch.,main,441,147,106425,2026-09-02T17:07:15+00:00,TH,0.8,Thai VTuber Ranking,2026-09-06T15:07:31.278598+00:00,VTuber signals: vtuber; Thai confidence: 0.80; Sources: Thai VTuber Ranking; Active (last video published 3 days ago),True
UCN2uHnFKm8CTbjFQ9H7Uotg,Nonghong,@nonghongv,https://www.youtube.com/channel/UCN2uHnFKm8CTbjFQ9H7Uotg,Independent,active,CONFIRMED,vtuber_nonghongv,Nonghong,main,8310,227,577349,2026-08-31T19:22:04+00:00,TH,0.35,Thai VTuber Ranking,2026-09-06T15:07:31.278612+00:00,Thai confidence: 0.35; Sources: Thai VTuber Ranking; Active (last video published 5 days ago),True
UCNRhbYsDR35KlFvAeP_WmrA,NatchaLatte Official,@natchalatteofficial,https://www.youtube.com/channel/UCNRhbYsDR35KlFvAeP_WmrA,Independent,hiatus,CONFIRMED,vtuber_natchalatteofficial,NatchaLatte Official,main,5100,227,1621346,2025-01-12T02:09:29+00:00,TH,1.0,Thai VTuber Ranking,2026-09-06T15:07:31.278679+00:00,Thai confidence: 1.00; Sources: Thai VTuber Ranking; Hiatus / Inactive for 602 days (> 180d),True
UCOHKuZWqnh7JOMMGn7tVlLw,Taka Melonpan,@takamelonpan,https://www.youtube.com/channel/UCOHKuZWqnh7JOMMGn7tVlLw,Independent,active,CONFIRMED,vtuber_takamelonpan,Taka Melonpan,main,4050,258,1670356,2026-09-02T11:30:39+00:00,TH,0.55,Thai VTuber Ranking,2026-09-06T15:07:31.278707+00:00,VTuber signals: vtuber; Thai confidence: 0.55; Sources: Thai VTuber Ranking; Active (last video published 4 days ago),True
UCNy9BIHfr9iuvGdeQ0jm1gA,MaddoxTheOrder,@maddoxtheorder,https://www.youtube.com/channel/UCNy9BIHfr9iuvGdeQ0jm1gA,Independent,active,CONFIRMED,vtuber_maddoxtheorder,MaddoxTheOrder,main,1780,202,63607,2026-09-03T08:30:07+00:00,,0.45,Thai VTuber Ranking,2026-09-06T15:07:31.278736+00:00,Thai confidence: 0.45; Sources: Thai VTuber Ranking; Active (last video published 3 days ago),True
UCO8YcEfbe_-_WlX9QTU6b0Q,Shua Channel,@shuachannel,https://www.youtube.com/channel/UCO8YcEfbe_-_WlX9QTU6b0Q,Independent,hiatus,CONFIRMED,vtuber_shuachannel,Shua Channel,main,1830,1,975,2021-12-04T12:20:50+00:00,TH,0.8,Thai VTuber Ranking,2026-09-06T15:07:31.278769+00:00,Thai confidence: 0.80; Sources: Thai VTuber Ranking; Hiatus / Inactive for 1737 days (> 180d),True
UCOMnre_EA7EoOVQEkBwWKRA,Mabelle.a,@mabelle.a,https://www.youtube.com/channel/UCOMnre_EA7EoOVQEkBwWKRA,Independent,active,CONFIRMED,vtuber_mabelle.a,Mabelle.a,main,52900,1956,24807103,2026-09-03T10:02:11+00:00,TH,0.8,Thai VTuber Ranking,2026-09-06T15:07:31.278794+00:00,Thai confidence: 0.80; Sources: Thai VTuber Ranking; Active (last video published 3 days ago),True
UCN5KfrZRFVu6QbnPC3bl9qA,Mamushi Ene Ch.,@mamushiene,https://www.youtube.com/channel/UCN5KfrZRFVu6QbnPC3bl9qA,Independent,active,CONFIRMED,vtuber_mamushiene,Mamushi Ene Ch.,main,7510,374,370471,2026-05-17T17:09:39+00:00,TH,0.8,Thai VTuber Ranking,2026-09-06T15:07:31.278816+00:00,Thai confidence: 0.80; Sources: Thai VTuber Ranking; Active (last video published 111 days ago),True
UCMvc8BlQ7r5gRbz-D2EY0LA,HØRI 07 ⌜VZ⌟,@hori07,https://www.youtube.com/channel/UCMvc8BlQ7r5gRbz-D2EY0LA,Virtual Zeven (VZ),active,CONFIRMED,vtuber_hori07,HØRI 07 ⌜VZ⌟,main,366000,1022,44855602,2026-09-03T11:11:46+00:00,TH,1.0,Thai VTuber Ranking; Virtual YouTuber Fandom Wiki,2026-09-06T15:07:31.278877+00:00,"VTuber signals: vtuber, virtual youtuber, vtuberth; Thai confidence: 1.00; Sources: Thai VTuber Ranking, Virtual YouTuber Fandom Wiki; Active (last video published 3 days ago)",True
UCN9xSRO9lXdzO3mM3BCEt9w,Nyann Nyatsume,@nnyatsume,https://www.youtube.com/channel/UCN9xSRO9lXdzO3mM3BCEt9w,Independent,active,CONFIRMED,vtuber_nnyatsume,Nyann Nyatsume,main,1670,204,60214,2026-09-02T16:07:00+00:00,,0.45,Thai VTuber Ranking,2026-09-06T15:07:31.278913+00:00,Thai confidence: 0.45; Sources: Thai VTuber Ranking; Active (last video published 3 days ago),True
UCNLd5kFDUcQyiiiV8f56Tlw,Hecate Ch.,@hecatevtuber,https://www.youtube.com/channel/UCNLd5kFDUcQyiiiV8f56Tlw,Independent,active,CONFIRMED,vtuber_hecatevtuber,Hecate Ch.,main,1110,333,44024,2026-09-03T10:26:37+00:00,TH,0.8,Thai VTuber Ranking,2026-09-06T15:07:31.278953+00:00,VTuber signals: vtuber; Thai confidence: 0.80; Sources: Thai VTuber Ranking; Active (last video published 3 days ago),True
UCMVdzsLwVWc241rrjK78aXA,Pak LIGHT,@pak-light,https://www.youtube.com/channel/UCMVdzsLwVWc241rrjK78aXA,Independent,hiatus,CONFIRMED,vtuber_pak-light,Pak LIGHT,main,37300,78,854476,2026-02-08T09:53:29+00:00,TH,0.35,Thai VTuber Ranking,2026-09-06T15:07:31.278983+00:00,Thai confidence: 0.35; Sources: Thai VTuber Ranking; Hiatus / Inactive for 210 days (> 180d),True
UCMoP04hETQT8gYkfCI675EQ,Memories of Munia ,@munia_momumupmip,https://www.youtube.com/channel/UCMoP04hETQT8gYkfCI675EQ,Independent,active,CONFIRMED,vtuber_munia_momumupmip,Memories of Munia ,main,1190,8,48686,2026-03-25T15:24:08+00:00,TH,0.35,Thai VTuber Ranking,2026-09-06T15:07:31.279004+00:00,Thai confidence: 0.35; Sources: Thai VTuber Ranking; Active (last video published 164 days ago),True
UCNxjqm_u1zOpgisojN5WoSw,zaczoa Twin Aliens,@zaczoatwinaliens,https://www.youtube.com/channel/UCNxjqm_u1zOpgisojN5WoSw,Independent,active,CONFIRMED,vtuber_zaczoatwinaliens,zaczoa Twin Aliens,main,2190,376,130913,2026-07-11T19:36:48+00:00,,0.45,Thai VTuber Ranking,2026-09-06T15:07:31.279094+00:00,VTuber signals: vtuber; Thai confidence: 0.45; Sources: Thai VTuber Ranking; Active (last video published 56 days ago),True
UCO6R8Pc5g2R7ObJQPBGppdg,Baku Ch.【ARP】,@baku_arp,https://www.youtube.com/channel/UCO6R8Pc5g2R7ObJQPBGppdg,Algorhythm Project,active,CONFIRMED,vtuber_baku,Baku ARP,main,60800,528,7260588,2026-08-09T18:39:37+00:00,TH,0.8,Thai VTuber Ranking,2026-09-06T15:07:31.279146+00:00,"VTuber signals: vtuber, agency:Algorhythm Project; Agency: Algorhythm Project; Thai confidence: 0.80; Sources: Thai VTuber Ranking; Active (last video published 27 days ago)",True
UCNEjPeYZ1R9xQEjHFU__Nhw,012CQ Ch. Ruka Inochizuna,@012cq,https://www.youtube.com/channel/UCNEjPeYZ1R9xQEjHFU__Nhw,Independent,active,CONFIRMED,vtuber_012cq,012CQ Ch. Ruka Inochizuna,main,3430,172,99686,2026-07-23T12:41:36+00:00,TH,0.8,Thai VTuber Ranking; Virtual YouTuber Fandom Wiki,2026-09-06T15:07:31.279190+00:00,"VTuber signals: vtuber; Thai confidence: 0.80; Sources: Thai VTuber Ranking, Virtual YouTuber Fandom Wiki; Active (last video published 45 days ago)",True
UCMrMIuX-WYd9Tpr8E1-ryKQ,Neru - Gemini,@nerugemini,https://www.youtube.com/channel/UCMrMIuX-WYd9Tpr8E1-ryKQ,Independent,hiatus,CONFIRMED,vtuber_nerugemini,Neru - Gemini,main,1040,34,5443,2021-12-02T18:04:28+00:00,TH,1.0,Thai VTuber Ranking,2026-09-06T15:07:31.279253+00:00,"VTuber signals: vtuber, vtuberth; Thai confidence: 1.00; Sources: Thai VTuber Ranking; Hiatus / Inactive for 1738 days (> 180d)",True
UCN3ujjUVCDcAjX-wfkU00SQ,TomatoChan🍅,@wormtomato,https://www.youtube.com/channel/UCN3ujjUVCDcAjX-wfkU00SQ,Independent,active,CONFIRMED,vtuber_wormtomato,TomatoChan🍅,main,2790,266,84565,2026-08-18T03:03:06+00:00,TH,0.8,Thai VTuber Ranking,2026-09-06T15:07:31.279308+00:00,Thai confidence: 0.80; Sources: Thai VTuber Ranking; Active (last video published 19 days ago),True
UCO87oFEFK06LeevWL4WYEEA,Peeing Ch.,@peeingch,https://www.youtube.com/channel/UCO87oFEFK06LeevWL4WYEEA,Independent,active,CONFIRMED,vtuber_peeingch,Peeing Ch.,main,8730,346,561263,2026-08-23T04:54:01+00:00,TH,0.8,Thai VTuber Ranking,2026-09-06T15:07:31.279355+00:00,Thai confidence: 0.80; Sources: Thai VTuber Ranking; Active (last video published 14 days ago),True
UCOH1TjDVrc5Mds_Xv3J8RFg,Akari Kanon,@akarikanon,https://www.youtube.com/channel/UCOH1TjDVrc5Mds_Xv3J8RFg,Independent,active,CONFIRMED,vtuber_akarikanon,Akari Kanon,main,4480,325,247965,2026-08-20T09:01:48+00:00,TH,0.8,Thai VTuber Ranking,2026-09-06T15:07:31.279432+00:00,Thai confidence: 0.80; Sources: Thai VTuber Ranking; Active (last video published 17 days ago),True
UCMUtWzsjAQJgp6UlkbVSo1w,Laguna JuJu Ch. Pixela Project,@lagunajuju,https://www.youtube.com/channel/UCMUtWzsjAQJgp6UlkbVSo1w,Pixela Project,hiatus,CONFIRMED,vtuber_lagunajuju,Laguna JuJu Ch. Pixela Project,main,75800,663,6414873,2023-11-29T16:11:45+00:00,TH,0.8,Thai VTuber Ranking; Virtual YouTuber Fandom Wiki,2026-09-06T15:07:31.279453+00:00,"VTuber signals: agency:Pixela Project; Agency: Pixela Project; Thai confidence: 0.80; Sources: Thai VTuber Ranking, Virtual YouTuber Fandom Wiki; Hiatus / Inactive for 1011 days (> 180d)",True
UCOQXDZCXXd-05ikdDsNaPEQ,aimtraps,@aimt1964,https://www.youtube.com/channel/UCOQXDZCXXd-05ikdDsNaPEQ,Independent,hiatus,CONFIRMED,vtuber_aimt1964,aimtraps,main,9470,36,38866,2026-01-02T10:28:49+00:00,TH,0.35,Thai VTuber Ranking,2026-09-06T15:07:31.279468+00:00,Thai confidence: 0.35; Sources: Thai VTuber Ranking; Hiatus / Inactive for 247 days (> 180d),True
UCMdzC45Herdf2KXfEyhAjLg,MaewDam T. Mira,@maewdamtmira,https://www.youtube.com/channel/UCMdzC45Herdf2KXfEyhAjLg,Independent,active,CONFIRMED,vtuber_maewdamtmira,MaewDam T. Mira,main,913,259,310567,2026-09-03T13:26:29+00:00,TH,0.8,Thai VTuber Ranking,2026-09-06T15:07:31.279575+00:00,Thai confidence: 0.80; Sources: Thai VTuber Ranking; Active (last video published 3 days ago),True
UCO16Msf-IqFupuEiRYbmC7A,Niji Ch.,@kitsukaminijich-eastereggth,https://www.youtube.com/channel/UCO16Msf-IqFupuEiRYbmC7A,Independent,hiatus,CONFIRMED,vtuber_kitsukaminijich-eastereggth,Niji Ch.,main,1410,0,0,2021-04-20T13:32:28+00:00,TH,0.5,Thai VTuber Ranking; Virtual YouTuber Fandom Wiki,2026-09-06T15:07:31.279616+00:00,"Thai confidence: 0.50; Sources: Thai VTuber Ranking, Virtual YouTuber Fandom Wiki; Hiatus / Inactive for 1965 days (> 180d)",True
UCNGyEYW2pFjhR_YqSuC4zjg,SAYU Ch. 小百合さゆ  ,@sayuchannel14,https://www.youtube.com/channel/UCNGyEYW2pFjhR_YqSuC4zjg,Independent,active,CONFIRMED,vtuber_sayuchannel14,SAYU Ch. 小百合さゆ  ,main,194000,1376,30294598,2026-08-26T06:38:11+00:00,TH,0.8,Thai VTuber Ranking,2026-09-06T15:07:31.279656+00:00,"VTuber signals: vtuber, vtuberth; Thai confidence: 0.80; Sources: Thai VTuber Ranking; Active (last video published 11 days ago)",True
UCNvLBLJ0HtlmeEKsGC5F4PQ,OKAMI bwt,@okamibwt,https://www.youtube.com/channel/UCNvLBLJ0HtlmeEKsGC5F4PQ,Independent,hiatus,CONFIRMED,vtuber_okamibwt,OKAMI bwt,main,3350,148,71054,2025-02-16T03:00:38+00:00,TH,0.8,Thai VTuber Ranking,2026-09-06T15:07:31.279780+00:00,Thai confidence: 0.80; Sources: Thai VTuber Ranking; Hiatus / Inactive for 567 days (> 180d),True
UCNDYUXSVC7ffBAGEktilzUQ,Hanami Lay CH.,@hanamilaych,https://www.youtube.com/channel/UCNDYUXSVC7ffBAGEktilzUQ,Independent,active,CONFIRMED,vtuber_hanamilaych,Hanami Lay CH.,main,69200,1430,6709840,2026-09-02T22:07:14+00:00,TH,0.8,Thai VTuber Ranking,2026-09-06T15:07:31.279943+00:00,Thai confidence: 0.80; Sources: Thai VTuber Ranking; Active (last video published 3 days ago),True
UCMs5aPn2oecJGX0siIC3q0Q,Ayris Belle Melleri Ch.,@ayrisbelle,https://www.youtube.com/channel/UCMs5aPn2oecJGX0siIC3q0Q,Independent,active,CONFIRMED,vtuber_ayrisbelle,Ayris Belle Melleri Ch.,main,3840,53,271072,2026-09-01T04:12:49+00:00,TH,0.55,Thai VTuber Ranking,2026-09-06T15:07:31.279984+00:00,Thai confidence: 0.55; Sources: Thai VTuber Ranking; Active (last video published 5 days ago),True
UCOJiQA9afDpohgpxgKIKljA,RinREXGer,@rinrexger,https://www.youtube.com/channel/UCOJiQA9afDpohgpxgKIKljA,Independent,active,CONFIRMED,vtuber_rinrexger,RinREXGer,main,1760,201,38209,2026-09-03T06:17:35+00:00,TH,1.0,Thai VTuber Ranking,2026-09-06T15:07:31.280128+00:00,Thai confidence: 1.00; Sources: Thai VTuber Ranking; Active (last video published 3 days ago),True
UCNmZMq-4asLHHd0WvdO2iRQ,Pheonyx Thea Ch.,@pheonyxthea,https://www.youtube.com/channel/UCNmZMq-4asLHHd0WvdO2iRQ,Independent,active,CONFIRMED,vtuber_pheonyxthea,Pheonyx Thea Ch.,main,2290,2,1949,2026-08-27T15:41:21+00:00,TH,0.55,Thai VTuber Ranking,2026-09-06T15:07:31.280150+00:00,"VTuber signals: vtuber, thai vtuber; Thai confidence: 0.55; Sources: Thai VTuber Ranking; Active (last video published 9 days ago)",True
UCNW0brB5G5GcBDXuJ1iDglw,Megzis Ch.,@megzisln,https://www.youtube.com/channel/UCNW0brB5G5GcBDXuJ1iDglw,Independent,active,CONFIRMED,vtuber_megzisln,Megzis Ch.,main,3480,88,43539,2026-07-14T12:00:06+00:00,TH,0.8,Thai VTuber Ranking,2026-09-06T15:07:31.280199+00:00,Thai confidence: 0.80; Sources: Thai VTuber Ranking; Active (last video published 54 days ago),True
UCNTEr2_96vJnXNazr5MwNLA,Schneider Ch.【ARP】,@schneider_arp,https://www.youtube.com/channel/UCNTEr2_96vJnXNazr5MwNLA,Algorhythm Project,active,CONFIRMED,vtuber_schneider,Schneider ARP,main,242000,579,27465960,2026-09-03T12:53:45+00:00,TH,0.35,Thai VTuber Ranking,2026-09-06T15:07:31.280247+00:00,"VTuber signals: vtuber, agency:Algorhythm Project; Agency: Algorhythm Project; Thai confidence: 0.35; Sources: Thai VTuber Ranking; Active (last video published 3 days ago)",True
UCOGGZpm2i6PXFI9yBvEueRA,ดอยล์,@ihatedoyle,https://www.youtube.com/channel/UCOGGZpm2i6PXFI9yBvEueRA,Independent,active,CONFIRMED,vtuber_ihatedoyle,ดอยล์,main,42300,58,3019274,2026-08-09T06:08:14+00:00,TH,1.0,Thai VTuber Ranking,2026-09-06T15:07:31.280286+00:00,"VTuber signals: vtuber, live2d; Thai confidence: 1.00; Sources: Thai VTuber Ranking; Active (last video published 28 days ago)",True
UCNak-g6_mKH-UkDLnrvjyzw,MATSURII Ch.,@matsuriivt,https://www.youtube.com/channel/UCNak-g6_mKH-UkDLnrvjyzw,Independent,active,CONFIRMED,vtuber_matsuriivt,MATSURII Ch.,main,784,106,23171,2026-08-23T11:54:39+00:00,TH,0.8,Thai VTuber Ranking,2026-09-06T15:07:31.280360+00:00,VTuber signals: vtuber; Thai confidence: 0.80; Sources: Thai VTuber Ranking; Active (last video published 14 days ago),True
UC8GsIgxeIHQMaTQgkEUXhMw,Ari Kate Ch.,@arikatech,https://www.youtube.com/channel/UC8GsIgxeIHQMaTQgkEUXhMw,Independent,hiatus,CONFIRMED,vtuber_arikatech,Ari Kate Ch.,main,3050,115,179696,2024-05-02T03:51:12+00:00,TH,0.8,Thai VTuber Ranking,2026-09-06T15:07:31.280405+00:00,Thai confidence: 0.80; Sources: Thai VTuber Ranking; Hiatus / Inactive for 857 days (> 180d),True
UC6V9R4VQTjewZj-xfnqrO_g,Xeran Ch,@xeranch,https://www.youtube.com/channel/UC6V9R4VQTjewZj-xfnqrO_g,Independent,active,CONFIRMED,vtuber_xeranch,Xeran Ch,main,2860,70,805843,2026-08-31T12:55:42+00:00,,0.3,Thai VTuber Ranking,2026-09-06T15:07:31.280431+00:00,Thai confidence: 0.30; Sources: Thai VTuber Ranking; Active (last video published 6 days ago),True
UC8F193K1kmD8_MB2F3wLVXQ,FoodieFo ch ⌜VZ⌟,@foodiefoch,https://www.youtube.com/channel/UC8F193K1kmD8_MB2F3wLVXQ,Virtual Zeven (VZ),active,CONFIRMED,vtuber_foodiefoch,FoodieFo ch ⌜VZ⌟,main,3730,563,221859,2026-09-02T02:33:43+00:00,TH,0.8,Thai VTuber Ranking,2026-09-06T15:07:31.280465+00:00,VTuber signals: vtuber; Thai confidence: 0.80; Sources: Thai VTuber Ranking; Active (last video published 4 days ago),True
UC7_cZ5j3JJRERezE3YHnm5w,Avisa Lopez Ch. [Autumnia],@avisalpz,https://www.youtube.com/channel/UC7_cZ5j3JJRERezE3YHnm5w,Autumnia,hiatus,CONFIRMED,vtuber_avisalpz,Avisa Lopez Ch. [Autumnia],main,2260,203,104306,2025-08-01T17:33:22+00:00,TH,0.8,Thai VTuber Ranking,2026-09-06T15:07:31.280517+00:00,Thai confidence: 0.80; Sources: Thai VTuber Ranking; Hiatus / Inactive for 400 days (> 180d),True
UC6Zrmc0VG4gqQJ4jS58iKGw,Ezra Ch.,@ezrach,https://www.youtube.com/channel/UC6Zrmc0VG4gqQJ4jS58iKGw,Independent,hiatus,CONFIRMED,vtuber_ezrach,Ezra Ch.,main,1820,100,56154,2022-02-16T18:00:58+00:00,TH,0.8,Thai VTuber Ranking,2026-09-06T15:07:31.280547+00:00,Thai confidence: 0.80; Sources: Thai VTuber Ranking; Hiatus / Inactive for 1662 days (> 180d),True
UC7txsIaSjDTuvN7h9BzVAsw,Kiran Regalia『AST』 ,@kiranregaliaast,https://www.youtube.com/channel/UC7txsIaSjDTuvN7h9BzVAsw,Independent,active,CONFIRMED,vtuber_kiranregaliaast,Kiran Regalia『AST』 ,main,1870,54,12852,2026-09-04T02:45:49+00:00,,0.2,Thai VTuber Ranking,2026-09-06T15:07:31.280577+00:00,"VTuber signals: vtuber, thai vtuber; Sources: Thai VTuber Ranking; Active (last video published 2 days ago)",True
UC8DTBPbQq0NZNo2RtCtTXuw,Flora Vtuber Project,@floravtuberproject,https://www.youtube.com/channel/UC8DTBPbQq0NZNo2RtCtTXuw,Flora Project,hiatus,CONFIRMED,vtuber_floravtuberproject,Flora Vtuber Project,main,19100,195,594397,2025-01-06T12:00:06+00:00,TH,0.8,Thai VTuber Ranking,2026-09-06T15:07:31.280627+00:00,"VTuber signals: vtuber, vtuberth; Thai confidence: 0.80; Sources: Thai VTuber Ranking; Hiatus / Inactive for 608 days (> 180d)",True
UC7ks6YhbNxNIJzJUKRH0OQA,In0suke,@in0suke,https://www.youtube.com/channel/UC7ks6YhbNxNIJzJUKRH0OQA,Independent,hiatus,CONFIRMED,vtuber_in0suke,In0suke,main,8430,35,73325,2021-11-21T09:49:46+00:00,TH,0.35,Thai VTuber Ranking,2026-09-06T15:07:31.280667+00:00,Thai confidence: 0.35; Sources: Thai VTuber Ranking; Hiatus / Inactive for 1750 days (> 180d),True
UC65MNFVWnrkOpg04LBHVvzw,Bishamon Kuroneko Ch. / AStars Chrono prince,@bishamonkuroneko_as,https://www.youtube.com/channel/UC65MNFVWnrkOpg04LBHVvzw,AStars Production,active,CONFIRMED,vtuber_bishamonkuroneko_as,Bishamon Kuroneko Ch. / AStars Chrono prince,main,24600,504,861398,2026-09-02T10:00:02+00:00,TH,0.55,Thai VTuber Ranking; Virtual YouTuber Fandom Wiki,2026-09-06T15:07:31.280701+00:00,"VTuber signals: vtuber, thai vtuber; Thai confidence: 0.55; Sources: Thai VTuber Ranking, Virtual YouTuber Fandom Wiki; Active (last video published 4 days ago)",True
UC6iflr_8DNUZl0hY0FUXWbQ,XIAOLI《小莉》,@xiaolivtofuth,https://www.youtube.com/channel/UC6iflr_8DNUZl0hY0FUXWbQ,Independent,active,CONFIRMED,vtuber_xiaolivtofuth,XIAOLI《小莉》,main,1060,83,196045,2026-08-31T03:16:32+00:00,DE,0.6,Thai VTuber Ranking,2026-09-06T15:07:31.280742+00:00,Thai confidence: 0.60; Sources: Thai VTuber Ranking; Active (last video published 6 days ago),True
UC6Ea68DSHlXrcy9uIw4oUIg,Lanlongying Ch.,@lanlongyingch.,https://www.youtube.com/channel/UC6Ea68DSHlXrcy9uIw4oUIg,Independent,active,CONFIRMED,vtuber_lanlongyingch.,Lanlongying Ch.,main,11400,1195,436069,2026-09-02T12:08:19+00:00,TH,1.0,Thai VTuber Ranking,2026-09-06T15:07:31.280835+00:00,"VTuber signals: vtuber, vtuberth; Thai confidence: 1.00; Sources: Thai VTuber Ranking; Active (last video published 4 days ago)",True
UC7iCSRt7Jej2XE0MaM9gPgg,YuChan Channel ⌜VZ⌟,@yuchanvz,https://www.youtube.com/channel/UC7iCSRt7Jej2XE0MaM9gPgg,Virtual Zeven (VZ),hiatus,CONFIRMED,vtuber_yuchanvz,YuChan Channel ⌜VZ⌟,main,106000,0,0,2020-09-28T16:24:25+00:00,TH,0.55,Thai VTuber Ranking,2026-09-06T15:07:31.280902+00:00,"VTuber signals: vtuber, thai vtuber; Thai confidence: 0.55; Sources: Thai VTuber Ranking; Hiatus / Inactive for 2168 days (> 180d)",True
UC6Dl6t5ceRRpRx5VwkQWPTw,Lamppy,@lamppyz,https://www.youtube.com/channel/UC6Dl6t5ceRRpRx5VwkQWPTw,Independent,active,CONFIRMED,vtuber_lamppyz,Lamppy,main,9810,564,3244184,2026-09-01T17:13:32+00:00,,0.45,Thai VTuber Ranking,2026-09-06T15:07:31.280931+00:00,Thai confidence: 0.45; Sources: Thai VTuber Ranking; Active (last video published 4 days ago),True
UC7rJN7zzIdUfNogj1RnTXDw,SaySheath,@saysheath,https://www.youtube.com/channel/UC7rJN7zzIdUfNogj1RnTXDw,Independent,active,CONFIRMED,vtuber_saysheath,SaySheath,main,5130,720,195588,2026-08-15T15:08:57+00:00,TH,0.95,Thai VTuber Ranking,2026-09-06T15:07:31.280972+00:00,Thai confidence: 0.95; Sources: Thai VTuber Ranking; Active (last video published 21 days ago),True
UC7QHNjS_btGI8AhRkju_NxQ,Another Beariss,@anotherbeariss,https://www.youtube.com/channel/UC7QHNjS_btGI8AhRkju_NxQ,Independent,hiatus,CONFIRMED,vtuber_anotherbeariss,Another Beariss,main,9400,113,226164,2023-10-13T15:06:20+00:00,,0.2,Thai VTuber Ranking,2026-09-06T15:07:31.280991+00:00,"VTuber signals: vtuber, thai vtuber; Sources: Thai VTuber Ranking; Hiatus / Inactive for 1059 days (> 180d)",True
UC8Wd2kN3xc_c8ppnBON_luw,Pekorin SSR,@pekorin_ssr,https://www.youtube.com/channel/UC8Wd2kN3xc_c8ppnBON_luw,Independent,active,CONFIRMED,vtuber_pekorin_ssr,Pekorin SSR,main,21300,388,4398480,2026-09-05T13:32:44+00:00,TH,0.8,Thai VTuber Ranking,2026-09-06T15:07:31.281034+00:00,VTuber signals: vtuber; Thai confidence: 0.80; Sources: Thai VTuber Ranking; Active (last video published 1 days ago),True
UC7TOQpHWGhZ_mJ_KkdUazFg,Nayuta『VW』,@nayutavw,https://www.youtube.com/channel/UC7TOQpHWGhZ_mJ_KkdUazFg,Independent,active,CONFIRMED,vtuber_nayutavw,Nayuta『VW』,main,4990,664,164507,2026-08-30T15:25:16+00:00,TH,0.8,Thai VTuber Ranking,2026-09-06T15:07:31.281064+00:00,Thai confidence: 0.80; Sources: Thai VTuber Ranking; Active (last video published 6 days ago),True
UC6KkQjryShrw6MRBPX6XMmw,Rahhatem Ch.【PSM】,@rahhatempsm,https://www.youtube.com/channel/UC6KkQjryShrw6MRBPX6XMmw,Independent,active,CONFIRMED,vtuber_rahhatempsm,Rahhatem Ch.【PSM】,main,1070,212,164438,2026-08-20T16:27:28+00:00,,0.45,Thai VTuber Ranking,2026-09-06T15:07:31.281088+00:00,Thai confidence: 0.45; Sources: Thai VTuber Ranking; Active (last video published 16 days ago),True
UC68XQCQ4MOys5hfxi3jW34g,Norik Garcia Ch.,@nor1k,https://www.youtube.com/channel/UC68XQCQ4MOys5hfxi3jW34g,Independent,active,CONFIRMED,vtuber_nor1k,Norik Garcia Ch.,main,1020,248,31388,2026-07-17T19:34:07+00:00,TH,0.55,Thai VTuber Ranking,2026-09-06T15:07:31.281110+00:00,Thai confidence: 0.55; Sources: Thai VTuber Ranking; Active (last video published 50 days ago),True
UC7BTojsUPC4JhxDYRgmuz2Q,Jiru ch. Euphora,@jiruepr,https://www.youtube.com/channel/UC7BTojsUPC4JhxDYRgmuz2Q,Euphora Project,hiatus,CONFIRMED,vtuber_jiruepr,Jiru ch. Euphora,main,47000,654,6837686,2026-01-31T22:33:26+00:00,TH,0.8,Thai VTuber Ranking,2026-09-06T15:07:31.281164+00:00,"VTuber signals: virtual idol, agency:Euphora Project; Agency: Euphora Project; Thai confidence: 0.80; Sources: Thai VTuber Ranking; Hiatus / Inactive for 217 days (> 180d)",True
UC8Qt3A_iRI_ShDDCtfHpZaA,Adama MiSE Ch.,@adamamise,https://www.youtube.com/channel/UC8Qt3A_iRI_ShDDCtfHpZaA,Independent,hiatus,CONFIRMED,vtuber_adamamise,Adama MiSE Ch.,main,14500,210,237754,2025-10-23T16:55:26+00:00,,0.45,Thai VTuber Ranking,2026-09-06T15:07:31.281185+00:00,Thai confidence: 0.45; Sources: Thai VTuber Ranking; Hiatus / Inactive for 317 days (> 180d),True
UC5zC3ZIFihxnJBNaJU9cZcQ,Elphylia CH.,@elphylia_el,https://www.youtube.com/channel/UC5zC3ZIFihxnJBNaJU9cZcQ,Independent,active,CONFIRMED,vtuber_elphylia_el,Elphylia CH.,main,2750,671,229401,2026-09-02T15:22:24+00:00,TH,1.0,Thai VTuber Ranking,2026-09-06T15:07:31.281261+00:00,VTuber signals: vtuber; Thai confidence: 1.00; Sources: Thai VTuber Ranking; Active (last video published 3 days ago),True
UC7uttDpQDJ3bdnU8u8gZzbQ,Junichi Channel,@junichichannel,https://www.youtube.com/channel/UC7uttDpQDJ3bdnU8u8gZzbQ,Independent,hiatus,CONFIRMED,vtuber_junichichannel,Junichi Channel,main,12300,134,361902,2023-09-02T02:46:49+00:00,TH,0.8,Thai VTuber Ranking; Virtual YouTuber Fandom Wiki,2026-09-06T15:07:31.281287+00:00,"Thai confidence: 0.80; Sources: Thai VTuber Ranking, Virtual YouTuber Fandom Wiki; Hiatus / Inactive for 1100 days (> 180d)",True
UC6KTB79XRwx_iwxnrIEvHQA,Seiji San,@seijisan,https://www.youtube.com/channel/UC6KTB79XRwx_iwxnrIEvHQA,Independent,hiatus,CONFIRMED,vtuber_seijisan,Seiji San,main,2440,79,82832,2021-03-02T16:00:16+00:00,TH,0.8,Thai VTuber Ranking,2026-09-06T15:07:31.281312+00:00,Thai confidence: 0.80; Sources: Thai VTuber Ranking; Hiatus / Inactive for 2013 days (> 180d),True
UC7ZDXfdtafyoSwxXysGJU3A,Lumiel Ch. 【DPX】,@lumiel_dpx,https://www.youtube.com/channel/UC7ZDXfdtafyoSwxXysGJU3A,DPX,active,CONFIRMED,vtuber_lumiel_dpx,Lumiel Ch. 【DPX】,main,397,111,10542,2026-08-07T06:41:10+00:00,,0.2,Thai VTuber Ranking,2026-09-06T15:07:31.281329+00:00,"VTuber signals: vtuber, thai vtuber; Sources: Thai VTuber Ranking; Active (last video published 30 days ago)",True
UC6uFH49ET-CCA_a4rMdfBdA,Merryl Wayne,@merryl_wayne,https://www.youtube.com/channel/UC6uFH49ET-CCA_a4rMdfBdA,Independent,active,CONFIRMED,vtuber_merryl_wayne,Merryl Wayne,main,279,6,4826,2026-08-25T20:07:29+00:00,,0.45,Thai VTuber Ranking,2026-09-06T15:07:31.281364+00:00,"VTuber signals: วีทูปเบอร์, วีทูป; Thai confidence: 0.45; Sources: Thai VTuber Ranking; Active (last video published 11 days ago)",True
UC8-JXAccuh7DvI_A_lObw-w,Uniinu ch. Euphora,@uniinuepr,https://www.youtube.com/channel/UC8-JXAccuh7DvI_A_lObw-w,Euphora Project,active,CONFIRMED,vtuber_uniinuepr,Uniinu ch. Euphora,main,87200,623,21775406,2026-09-06T04:01:00+00:00,,0.45,Thai VTuber Ranking,2026-09-06T15:07:31.281399+00:00,VTuber signals: agency:Euphora Project; Agency: Euphora Project; Thai confidence: 0.45; Sources: Thai VTuber Ranking; Active (last video published 0 days ago),True
UC64_YFnoPvaGUSv4fpozr1w,MONARICA ,@monarica,https://www.youtube.com/channel/UC64_YFnoPvaGUSv4fpozr1w,Independent,active,CONFIRMED,vtuber_monarica,MONARICA ,main,51000,878,5730088,2026-08-31T10:10:12+00:00,TH,0.8,Thai VTuber Ranking,2026-09-06T15:07:31.281426+00:00,Thai confidence: 0.80; Sources: Thai VTuber Ranking; Active (last video published 6 days ago),True
UC6Q4UI5mEjeZOIRoTtRoFJA,Midnight Ch.【ARP】,@midnight_arp,https://www.youtube.com/channel/UC6Q4UI5mEjeZOIRoTtRoFJA,Algorhythm Project,active,CONFIRMED,vtuber_midnight_arp,Midnight Ch.【ARP】,main,26800,621,697148,2026-08-29T18:35:14+00:00,TH,0.8,Thai VTuber Ranking; Virtual YouTuber Fandom Wiki,2026-09-06T15:07:31.281480+00:00,"VTuber signals: vtuber, agency:Algorhythm Project; Agency: Algorhythm Project; Thai confidence: 0.80; Sources: Thai VTuber Ranking, Virtual YouTuber Fandom Wiki; Active (last video published 7 days ago)",True
UC6mMhtBN142AdbakQVDricQ,Elena Elle | AcastledProject,@ellevtuber,https://www.youtube.com/channel/UC6mMhtBN142AdbakQVDricQ,Independent,active,CONFIRMED,vtuber_ellevtuber,Elena Elle | AcastledProject,main,2330,211,63252,2026-04-04T21:13:49+00:00,TH,0.8,Thai VTuber Ranking,2026-09-06T15:07:31.281512+00:00,"VTuber signals: วีทูปเบอร์, วีทูป; Thai confidence: 0.80; Sources: Thai VTuber Ranking; Active (last video published 154 days ago)",True
UC6zUAJO-4874qj9agP7idbg,Hugo Ch. Vprolive,@hugovprolive,https://www.youtube.com/channel/UC6zUAJO-4874qj9agP7idbg,Independent,hiatus,CONFIRMED,vtuber_hugovprolive,Hugo Ch. Vprolive,main,1350,128,63021,2024-06-30T12:44:33+00:00,,0.2,Thai VTuber Ranking,2026-09-06T15:07:31.281529+00:00,"VTuber signals: vtuber, thai vtuber; Sources: Thai VTuber Ranking; Hiatus / Inactive for 798 days (> 180d)",True
UC8A9JEM4P4ywcQvqo2ZDX-A,RIN_RINZ Ch.,@rin_rinz,https://www.youtube.com/channel/UC8A9JEM4P4ywcQvqo2ZDX-A,Independent,active,CONFIRMED,vtuber_rin_rinz,RIN_RINZ Ch.,main,3450,93,92222,2026-04-23T14:26:11+00:00,TH,0.55,Thai VTuber Ranking,2026-09-06T15:07:31.281548+00:00,Thai confidence: 0.55; Sources: Thai VTuber Ranking; Active (last video published 136 days ago),True
UC61qTNWVk4mkDXe01xgudpA,MurkilyCH.,@murkilycalhoun,https://www.youtube.com/channel/UC61qTNWVk4mkDXe01xgudpA,Independent,active,CONFIRMED,vtuber_murkilycalhoun,MurkilyCH.,main,4360,250,25799,2026-03-17T21:35:51+00:00,TH,0.35,Thai VTuber Ranking,2026-09-06T15:07:31.281563+00:00,Thai confidence: 0.35; Sources: Thai VTuber Ranking; Active (last video published 172 days ago),True
UC6o7pFz9U9kcE9d8op_eUQQ,Delphyron,@delphyron,https://www.youtube.com/channel/UC6o7pFz9U9kcE9d8op_eUQQ,Independent,active,CONFIRMED,vtuber_delphyron,Delphyron,main,1500,35,65818,2026-08-31T16:59:57+00:00,TH,0.8,Thai VTuber Ranking,2026-09-06T15:07:31.281591+00:00,VTuber signals: vtuber; Thai confidence: 0.80; Sources: Thai VTuber Ranking; Active (last video published 5 days ago),True
UC60htQi5nenKGnv6lEdGF_g,Kamienø Stąr Ch.【PSM】,@stx03r,https://www.youtube.com/channel/UC60htQi5nenKGnv6lEdGF_g,Independent,hiatus,CONFIRMED,vtuber_stx03r,Kamienø Stąr Ch.【PSM】,main,1640,73,83192,2024-06-23T18:02:37+00:00,TH,0.8,Thai VTuber Ranking,2026-09-06T15:07:31.281649+00:00,VTuber signals: vtuber; Thai confidence: 0.80; Sources: Thai VTuber Ranking; Hiatus / Inactive for 804 days (> 180d),True
UC72_UWR1CAQhC-Kg48e5mjA,Calista Ch.【ARP】,@calista_arp,https://www.youtube.com/channel/UC72_UWR1CAQhC-Kg48e5mjA,Algorhythm Project,active,CONFIRMED,vtuber_calista_arp,Calista Ch.【ARP】,main,19200,383,526952,2026-07-03T14:46:28+00:00,TH,0.85,Thai VTuber Ranking,2026-09-06T15:07:31.281667+00:00,VTuber signals: agency:Algorhythm Project; Agency: Algorhythm Project; Thai confidence: 0.85; Sources: Thai VTuber Ranking; Active (last video published 65 days ago),True
UC6TOqqD-TLbPlnV5i3DiIrw,NEMI,@nemi012,https://www.youtube.com/channel/UC6TOqqD-TLbPlnV5i3DiIrw,Independent,active,CONFIRMED,vtuber_nemi012,NEMI,main,2560,247,55850,2026-03-25T20:26:32+00:00,TH,0.8,Thai VTuber Ranking,2026-09-06T15:07:31.281691+00:00,Thai confidence: 0.80; Sources: Thai VTuber Ranking; Active (last video published 164 days ago),True
UC7BIFEORuYKNyE9d_Y2-sVw,RieLKurasaki  ,@rielkurasaki,https://www.youtube.com/channel/UC7BIFEORuYKNyE9d_Y2-sVw,Independent,active,CONFIRMED,vtuber_rielkurasaki,RieLKurasaki  ,main,4540,11,24171,2026-08-30T19:20:52+00:00,TH,0.65,Thai VTuber Ranking,2026-09-06T15:07:31.281712+00:00,VTuber signals: vtuber; Thai confidence: 0.65; Sources: Thai VTuber Ranking; Active (last video published 6 days ago),True
UC7kqvU3tDlBUJlkpcB7252A,Yobi Shiro Ch.,@shiroyobi,https://www.youtube.com/channel/UC7kqvU3tDlBUJlkpcB7252A,Independent,hiatus,CONFIRMED,vtuber_shiroyobi,Yobi Shiro Ch.,main,1260,66,19850,2026-01-26T04:54:06+00:00,TH,0.35,Thai VTuber Ranking,2026-09-06T15:07:31.281730+00:00,Thai confidence: 0.35; Sources: Thai VTuber Ranking; Hiatus / Inactive for 223 days (> 180d),True
UC89-GlmTgO8a9QyE0QL0q1w,Riko Phokaia,@rikophokaia4134,https://www.youtube.com/channel/UC89-GlmTgO8a9QyE0QL0q1w,Independent,hiatus,CONFIRMED,vtuber_rikophokaia4134,Riko Phokaia,main,1480,152,37861,2024-11-01T08:38:50+00:00,TH,0.55,Thai VTuber Ranking,2026-09-06T15:07:31.281748+00:00,"VTuber signals: vtuber, thai vtuber; Thai confidence: 0.55; Sources: Thai VTuber Ranking; Hiatus / Inactive for 674 days (> 180d)",True
UC6JIG9kjnF3ml6gLudTyzuA,Zuii Ch.,@tatsugamizuiich-eastereggth,https://www.youtube.com/channel/UC6JIG9kjnF3ml6gLudTyzuA,Independent,hiatus,CONFIRMED,vtuber_tatsugamizuiich-eastereggth,Zuii Ch.,main,1240,0,0,2021-02-25T22:59:29+00:00,TH,0.5,Thai VTuber Ranking; Virtual YouTuber Fandom Wiki,2026-09-06T15:07:31.281767+00:00,"VTuber signals: vtuber; Thai confidence: 0.50; Sources: Thai VTuber Ranking, Virtual YouTuber Fandom Wiki; Hiatus / Inactive for 2018 days (> 180d)",True
UC7mdtnzH9kw4sBoZvmfcI9Q,SUWAPIS,@suwapis,https://www.youtube.com/channel/UC7mdtnzH9kw4sBoZvmfcI9Q,Independent,hiatus,CONFIRMED,vtuber_suwapis,SUWAPIS,main,2090,115,96979,2021-12-24T03:00:38+00:00,TH,0.8,Thai VTuber Ranking,2026-09-06T15:07:31.281848+00:00,VTuber signals: vtuber; Thai confidence: 0.80; Sources: Thai VTuber Ranking; Hiatus / Inactive for 1717 days (> 180d),True
UC7-ZM8Wi1U6yerqHSEq5tlA,Pleiades Frontier【21PM】,@pleiades_frontier,https://www.youtube.com/channel/UC7-ZM8Wi1U6yerqHSEq5tlA,Independent,active,CONFIRMED,vtuber_pleiades_frontier,Pleiades Frontier【21PM】,main,519,80,19558,2026-08-30T12:33:41+00:00,TH,0.8,Thai VTuber Ranking,2026-09-06T15:07:31.281889+00:00,"VTuber signals: vtuber, vtuberth; Thai confidence: 0.80; Sources: Thai VTuber Ranking; Active (last video published 7 days ago)",True
UC7FpwTuRGribXTefl5SMkAg,AidenShia Ch.,@aidenshia,https://www.youtube.com/channel/UC7FpwTuRGribXTefl5SMkAg,Independent,active,CONFIRMED,vtuber_aidenshia,AidenShia Ch.,main,3060,390,81868,2026-08-19T16:17:58+00:00,,0.65,Thai VTuber Ranking,2026-09-06T15:07:31.281917+00:00,VTuber signals: live2d; Thai confidence: 0.65; Sources: Thai VTuber Ranking; Active (last video published 17 days ago),True
UC66RiI-qzUfCiZzcmjU8T3A,Snowfern_,@snowfern_,https://www.youtube.com/channel/UC66RiI-qzUfCiZzcmjU8T3A,Independent,active,CONFIRMED,vtuber_snowfern_,Snowfern_,main,1430,104,10427,2026-08-04T05:31:31+00:00,TH,0.35,Thai VTuber Ranking,2026-09-06T15:07:31.281937+00:00,Thai confidence: 0.35; Sources: Thai VTuber Ranking; Active (last video published 33 days ago),True
UC8JQQZeNeEmiFbgtYmuFTVQ,Masato Ch.😈 | VtuberTH,@masatomz,https://www.youtube.com/channel/UC8JQQZeNeEmiFbgtYmuFTVQ,Independent,active,CONFIRMED,vtuber_masatomz,Masato Ch.😈 | VtuberTH,main,2380,152,158554,2026-09-06T03:55:23+00:00,,0.0,Thai VTuber Ranking,2026-09-06T15:07:31.281965+00:00,"VTuber signals: vtuber, vtuberth; Sources: Thai VTuber Ranking; Active (last video published 0 days ago)",True
UC6kddWCoJL4IneTbHRFnViQ,Shin Inbox,@shininbox,https://www.youtube.com/channel/UC6kddWCoJL4IneTbHRFnViQ,Independent,hiatus,CONFIRMED,vtuber_shininbox,Shin Inbox,main,64000,1011,17218690,2025-11-06T08:00:50+00:00,TH,0.35,Thai VTuber Ranking,2026-09-06T15:07:31.281981+00:00,Thai confidence: 0.35; Sources: Thai VTuber Ranking; Hiatus / Inactive for 304 days (> 180d),True
UCzyUybcviqNk9YXKuMhCXqQ,Green TH นายเขียว,@greenth,https://www.youtube.com/channel/UCzyUybcviqNk9YXKuMhCXqQ,Independent,active,CONFIRMED,vtuber_greenth,Green TH นายเขียว,main,1630,889,264054,2026-09-05T11:01:25+00:00,TH,1.0,Thai VTuber Ranking,2026-09-06T15:07:31.282027+00:00,Thai confidence: 1.00; Sources: Thai VTuber Ranking; Active (last video published 1 days ago),True
UCzqqEpXJN-HMmFp-_hHyHGA,Ramoi Bonko,@ramoibonko,https://www.youtube.com/channel/UCzqqEpXJN-HMmFp-_hHyHGA,Independent,hiatus,CONFIRMED,vtuber_ramoibonko,Ramoi Bonko,main,2080,368,63137,2025-10-08T05:09:12+00:00,TH,0.8,Thai VTuber Ranking,2026-09-06T15:07:31.282058+00:00,"VTuber signals: วีทูปเบอร์, วีทูป; Thai confidence: 0.80; Sources: Thai VTuber Ranking; Hiatus / Inactive for 333 days (> 180d)",True
UCziNHXJm0dWUHoi6d0lfGXQ,Monmon Thedoggo Ch.,@monmonthedoggoch,https://www.youtube.com/channel/UCziNHXJm0dWUHoi6d0lfGXQ,Independent,active,CONFIRMED,vtuber_monmonthedoggoch,Monmon Thedoggo Ch.,main,1860,266,362371,2026-09-01T03:00:37+00:00,TH,0.8,Thai VTuber Ranking,2026-09-06T15:07:31.282083+00:00,VTuber signals: vtuber; Thai confidence: 0.80; Sources: Thai VTuber Ranking; Active (last video published 5 days ago),True
UCzYQq6dHfzsNqBOwK1nw07A,CinCin Vtu,@cincinvtu,https://www.youtube.com/channel/UCzYQq6dHfzsNqBOwK1nw07A,Independent,hiatus,CONFIRMED,vtuber_cincinvtu,CinCin Vtu,main,1730,165,62260,2022-08-18T11:00:20+00:00,TH,1.0,Thai VTuber Ranking,2026-09-06T15:07:31.282130+00:00,Thai confidence: 1.00; Sources: Thai VTuber Ranking; Hiatus / Inactive for 1480 days (> 180d),True
UCzH5tEYALkblyTy99n3-YEA,Tsukiko かざん,@tsukikosui,https://www.youtube.com/channel/UCzH5tEYALkblyTy99n3-YEA,Independent,active,CONFIRMED,vtuber_tsukikosui,Tsukiko かざん,main,5370,491,996744,2026-09-02T11:15:27+00:00,TH,0.8,Thai VTuber Ranking,2026-09-06T15:07:31.282177+00:00,VTuber signals: vtuber; Thai confidence: 0.80; Sources: Thai VTuber Ranking; Active (last video published 4 days ago),True
UCzpxNuttbdXvtmZH4w5kRnA,JamMyChan ch.,@jammychanch,https://www.youtube.com/channel/UCzpxNuttbdXvtmZH4w5kRnA,Independent,active,CONFIRMED,vtuber_jammychanch,JamMyChan ch.,main,5030,600,250443,2026-08-10T09:42:10+00:00,TH,0.55,Thai VTuber Ranking,2026-09-06T15:07:31.282196+00:00,"VTuber signals: vtuber, thai vtuber; Thai confidence: 0.55; Sources: Thai VTuber Ranking; Active (last video published 27 days ago)",True
UCzgxF7sRv7n4V8l7uU-tdYQ,Azure Bluebell,@azurebluebell,https://www.youtube.com/channel/UCzgxF7sRv7n4V8l7uU-tdYQ,Independent,hiatus,CONFIRMED,vtuber_azurebluebell,Azure Bluebell,main,2070,226,60418,2024-07-22T10:44:37+00:00,,0.2,Thai VTuber Ranking,2026-09-06T15:07:31.282215+00:00,"VTuber signals: vtuber, thai vtuber; Sources: Thai VTuber Ranking; Hiatus / Inactive for 776 days (> 180d)",True
UCzM-6yhdmR4UGS_g_zzSf5Q,Sleepfii. 💤,@sleepfii_zzz,https://www.youtube.com/channel/UCzM-6yhdmR4UGS_g_zzSf5Q,Independent,active,CONFIRMED,vtuber_sleepfii_zzz,Sleepfii. 💤,main,5060,224,134611,2026-09-02T13:10:49+00:00,TH,0.35,Thai VTuber Ranking,2026-09-06T15:07:31.282233+00:00,Thai confidence: 0.35; Sources: Thai VTuber Ranking; Active (last video published 4 days ago),True
UCzHbS7cXhke4di7y2RV8wyw,Inori Aijou Ch.,@inoriaijouch,https://www.youtube.com/channel/UCzHbS7cXhke4di7y2RV8wyw,Independent,hiatus,CONFIRMED,vtuber_inoriaijouch,Inori Aijou Ch.,main,5500,201,86975,2025-01-05T06:11:46+00:00,US,0.45,Thai VTuber Ranking; Virtual YouTuber Fandom Wiki,2026-09-06T15:07:31.282268+00:00,"VTuber signals: vtuber; Thai confidence: 0.45; Sources: Thai VTuber Ranking, Virtual YouTuber Fandom Wiki; Hiatus / Inactive for 609 days (> 180d)",True
UCzXQmOiroz8RwldLOFiuVAw,Shiroyasha Zerim Ch.,@zerimch,https://www.youtube.com/channel/UCzXQmOiroz8RwldLOFiuVAw,Independent,active,CONFIRMED,vtuber_zerimch,Shiroyasha Zerim Ch.,main,1150,800,71810,2026-09-02T11:00:18+00:00,TH,0.8,Thai VTuber Ranking,2026-09-06T15:07:31.282304+00:00,VTuber signals: vtuber; Thai confidence: 0.80; Sources: Thai VTuber Ranking; Active (last video published 4 days ago),True
UCzfzVFRd81VcN7mseTpusIg,Sirena Ch.,@sirenavtuberth,https://www.youtube.com/channel/UCzfzVFRd81VcN7mseTpusIg,Independent,active,CONFIRMED,vtuber_sirenavtuberth,Sirena Ch.,main,4560,127,446394,2026-09-02T06:35:49+00:00,TH,1.0,Thai VTuber Ranking,2026-09-06T15:07:31.282327+00:00,Thai confidence: 1.00; Sources: Thai VTuber Ranking; Active (last video published 4 days ago),True
UCzYPCWp1tiIXgQ_aj39Oddw,Akira Zaki Ch.,@akirazakich.2883,https://www.youtube.com/channel/UCzYPCWp1tiIXgQ_aj39Oddw,Independent,unknown,CONFIRMED,vtuber_akirazakich.2883,Akira Zaki Ch.,main,1940,0,0,,TH,1.0,Thai VTuber Ranking,2026-09-06T15:07:31.282375+00:00,VTuber signals: vtuber; Thai confidence: 1.00; Sources: Thai VTuber Ranking; No public video history recorded,False
UCzc8C1vlN6t3ZfAkQLemjIg,Kurisumasu_ Ch.,@kurisumasu_tv,https://www.youtube.com/channel/UCzc8C1vlN6t3ZfAkQLemjIg,Independent,active,CONFIRMED,vtuber_kurisumasu_tv,Kurisumasu_ Ch.,main,862,99,42804,2026-08-25T12:59:25+00:00,,0.2,Thai VTuber Ranking,2026-09-06T15:07:31.282394+00:00,"VTuber signals: vtuber, thai vtuber; Sources: Thai VTuber Ranking; Active (last video published 12 days ago)",True
UCzVku8IXYwuk04hCXUh6nng,Anya Marshall Ch. 【POLYGON】,@anyaplg,https://www.youtube.com/channel/UCzVku8IXYwuk04hCXUh6nng,Polygon Official,active,CONFIRMED,vtuber_anyaplg,Anya Marshall Ch. 【POLYGON】,main,19500,1157,2241949,2026-09-01T13:58:52+00:00,TH,0.8,Thai VTuber Ranking,2026-09-06T15:07:31.282456+00:00,VTuber signals: agency:Polygon Official; Agency: Polygon Official; Thai confidence: 0.80; Sources: Thai VTuber Ranking; Active (last video published 5 days ago),True
UCzOlFrxT8PsxRRA5E4MiMUQ,210Ri_CH,@210rich,https://www.youtube.com/channel/UCzOlFrxT8PsxRRA5E4MiMUQ,Independent,hiatus,CONFIRMED,vtuber_210rich,210Ri_CH,main,10800,6,63676,2021-07-28T17:00:21+00:00,JP,0.45,Thai VTuber Ranking; Virtual YouTuber Fandom Wiki,2026-09-06T15:07:31.282520+00:00,"VTuber signals: vtuber; Thai confidence: 0.45; Sources: Thai VTuber Ranking, Virtual YouTuber Fandom Wiki; Hiatus / Inactive for 1865 days (> 180d)",True
UCnH5yoBy1jRySZ4uLcdX5Tw,NakiRiku Ch.,@nakirikuch,https://www.youtube.com/channel/UCnH5yoBy1jRySZ4uLcdX5Tw,Independent,active,CONFIRMED,vtuber_nakirikuch,NakiRiku Ch.,main,4590,321,259392,2026-08-30T17:08:34+00:00,TH,0.8,Thai VTuber Ranking,2026-09-06T15:07:31.282550+00:00,Thai confidence: 0.80; Sources: Thai VTuber Ranking; Active (last video published 6 days ago),True
UCnNZtWXxIpMK02DYkPMq8vA,Zhenzhen Ch. 【SSR】,@zhenzhen_ssr,https://www.youtube.com/channel/UCnNZtWXxIpMK02DYkPMq8vA,Independent,active,CONFIRMED,vtuber_zhenzhen_ssr,Zhenzhen Ch. 【SSR】,main,4230,186,429808,2026-09-01T06:53:58+00:00,,0.45,Thai VTuber Ranking,2026-09-06T15:07:31.282611+00:00,VTuber signals: vtuber; Thai confidence: 0.45; Sources: Thai VTuber Ranking; Active (last video published 5 days ago),True
UCn1m7XGKGyJ1B1Y_SRkISRA,MOMOMOTH,@momomoth.vtuber,https://www.youtube.com/channel/UCn1m7XGKGyJ1B1Y_SRkISRA,Independent,active,CONFIRMED,vtuber_momomoth.vtuber,MOMOMOTH,main,2490,44,48904,2026-08-26T05:55:45+00:00,TH,0.55,Thai VTuber Ranking,2026-09-06T15:07:31.282640+00:00,VTuber signals: vtuber; Thai confidence: 0.55; Sources: Thai VTuber Ranking; Active (last video published 11 days ago),True
UCoz4Uka8Yrr2SM8Ml_shIhg,ImsoGracechu!,@imsogracechu,https://www.youtube.com/channel/UCoz4Uka8Yrr2SM8Ml_shIhg,Independent,active,CONFIRMED,vtuber_imsogracechu,ImsoGracechu!,main,16900,256,541537,2026-08-26T06:20:18+00:00,TH,0.55,Thai VTuber Ranking,2026-09-06T15:07:31.282663+00:00,"VTuber signals: vtuber, thai vtuber; Thai confidence: 0.55; Sources: Thai VTuber Ranking; Active (last video published 11 days ago)",True
UCmWdh_wjFaSdX7sZUWGNuDQ,Fallyn『VTG』,@fallyn_vtg,https://www.youtube.com/channel/UCmWdh_wjFaSdX7sZUWGNuDQ,Independent,active,CONFIRMED,vtuber_fallyn_vtg,Fallyn『VTG』,main,724,172,14767,2026-08-04T20:55:09+00:00,TH,0.8,Thai VTuber Ranking,2026-09-06T15:07:31.282692+00:00,"VTuber signals: vtuber, vtuberth; Thai confidence: 0.80; Sources: Thai VTuber Ranking; Active (last video published 32 days ago)",True
UCnfKwU2JKvFnZzjQGmzM2Kw,KhaiTun Ch.,@khaitunch.2617,https://www.youtube.com/channel/UCnfKwU2JKvFnZzjQGmzM2Kw,Independent,unknown,CONFIRMED,vtuber_khaitunch.2617,KhaiTun Ch.,main,7020,0,0,,TH,0.35,Thai VTuber Ranking,2026-09-06T15:07:31.282714+00:00,Thai confidence: 0.35; Sources: Thai VTuber Ranking; No public video history recorded,False
UCn7M5AjjaC3Ajftlx9GMVLg,FAUST The Corelector,@faust_sinbiosis,https://www.youtube.com/channel/UCn7M5AjjaC3Ajftlx9GMVLg,Independent,hiatus,CONFIRMED,vtuber_faust_sinbiosis,FAUST The Corelector,main,1130,8,69428,2025-12-19T03:19:46+00:00,TH,0.65,Thai VTuber Ranking,2026-09-06T15:07:31.282744+00:00,VTuber signals: vtuber; Thai confidence: 0.65; Sources: Thai VTuber Ranking; Hiatus / Inactive for 261 days (> 180d),True
UCoWrleC-JaPnJLGU87F8OxQ,RIYA【璃夜】,@riyavtuberth,https://www.youtube.com/channel/UCoWrleC-JaPnJLGU87F8OxQ,Independent,active,CONFIRMED,vtuber_riyavtuberth,RIYA【璃夜】,main,2110,755,226985,2026-09-01T11:40:05+00:00,TH,0.5,Thai VTuber Ranking,2026-09-06T15:07:31.282810+00:00,Thai confidence: 0.50; Sources: Thai VTuber Ranking; Active (last video published 5 days ago),True
UCot8DHNnZ2X0ARgaNYZopjw,Debirun Ch. Pixela-World-End,@debirunworldend,https://www.youtube.com/channel/UCot8DHNnZ2X0ARgaNYZopjw,Pixela Project,active,CONFIRMED,vtuber_debirunworldend,Debirun Ch. Pixela-World-End,main,21600,660,2679262,2026-09-01T10:00:30+00:00,TH,0.8,Thai VTuber Ranking,2026-09-06T15:07:31.282910+00:00,"VTuber signals: วีทูปเบอร์, วีทูป, agency:Pixela Project; Agency: Pixela Project; Thai confidence: 0.80; Sources: Thai VTuber Ranking; Active (last video published 5 days ago)",True
UCoBGfXR9OWCgLbsm01o55ZA,N4NAMi,@1tsn4nami,https://www.youtube.com/channel/UCoBGfXR9OWCgLbsm01o55ZA,Independent,active,CONFIRMED,vtuber_1tsn4nami,N4NAMi,main,1210,111,365695,2026-08-28T08:47:32+00:00,TH,0.8,Thai VTuber Ranking,2026-09-06T15:07:31.282942+00:00,"VTuber signals: vtuber, วีทูปเบอร์, วีทูป; Thai confidence: 0.80; Sources: Thai VTuber Ranking; Active (last video published 9 days ago)",True
UCmrnmSL4OHsw_i0a5d2RUpg,Atsuko Meron【SRV】,@atsukomeron_srv,https://www.youtube.com/channel/UCmrnmSL4OHsw_i0a5d2RUpg,Independent,active,CONFIRMED,vtuber_atsukomeron_srv,Atsuko Meron【SRV】,main,2420,261,210265,2026-08-30T17:39:33+00:00,TH,0.8,Thai VTuber Ranking,2026-09-06T15:07:31.283013+00:00,VTuber signals: vtuber; Thai confidence: 0.80; Sources: Thai VTuber Ranking; Active (last video published 6 days ago),True
UCneBNeVOlRm-gHbSrqC9DYg,Timers TH,@timers_th,https://www.youtube.com/channel/UCneBNeVOlRm-gHbSrqC9DYg,Independent,active,CONFIRMED,vtuber_timers_th,Timers TH,main,339,28,42067,2026-08-16T01:07:01+00:00,,0.35,Thai VTuber Ranking,2026-09-06T15:07:31.283034+00:00,VTuber signals: vtuber; Thai confidence: 0.35; Sources: Thai VTuber Ranking; Active (last video published 21 days ago),True
UCmo490psosEoBDv_hNHmmng,Lynze,@lynze_vvn,https://www.youtube.com/channel/UCmo490psosEoBDv_hNHmmng,Independent,active,CONFIRMED,vtuber_lynze_vvn,Lynze,main,917,45,23484,2026-04-04T06:51:51+00:00,TH,0.35,Thai VTuber Ranking,2026-09-06T15:07:31.283059+00:00,VTuber signals: vtuber; Thai confidence: 0.35; Sources: Thai VTuber Ranking; Active (last video published 155 days ago),True
UCmi6wrDDb_2qXsMK4nyLgjA,Collie rinitta,@collierinitta,https://www.youtube.com/channel/UCmi6wrDDb_2qXsMK4nyLgjA,Independent,active,CONFIRMED,vtuber_collierinitta,Collie rinitta,main,31,5,134,2026-07-09T05:50:08+00:00,,0.2,Thai VTuber Ranking,2026-09-06T15:07:31.283075+00:00,"VTuber signals: vtuber, thai vtuber; Sources: Thai VTuber Ranking; Active (last video published 59 days ago)",True
UCoWVH0zHK4XpY8oqEWZ1Thw,Salvia Ch.,@salviavtuber,https://www.youtube.com/channel/UCoWVH0zHK4XpY8oqEWZ1Thw,Independent,active,CONFIRMED,vtuber_salviavtuber,Salvia Ch.,main,4700,781,179540,2026-08-31T02:45:43+00:00,,0.65,Thai VTuber Ranking,2026-09-06T15:07:31.283103+00:00,VTuber signals: vtuber; Thai confidence: 0.65; Sources: Thai VTuber Ranking; Active (last video published 6 days ago),True
UCmmq-jL8gjo_J-KHYIXcLMQ,【123DP】 Ting Ting ch.,@123dp.ch.,https://www.youtube.com/channel/UCmmq-jL8gjo_J-KHYIXcLMQ,Independent,hiatus,CONFIRMED,vtuber_123dp.ch.,【123DP】 Ting Ting ch.,main,1170,56,25580,2024-11-29T03:24:14+00:00,TH,0.8,Thai VTuber Ranking,2026-09-06T15:07:31.283143+00:00,VTuber signals: vtuber; Thai confidence: 0.80; Sources: Thai VTuber Ranking; Hiatus / Inactive for 646 days (> 180d),True
UCmn9plmPAP1BsFyLe-Ji13g,Micaela Michelle Ch.,@micaelamichelleofficial,https://www.youtube.com/channel/UCmn9plmPAP1BsFyLe-Ji13g,Independent,active,CONFIRMED,vtuber_micaelamichelleofficial,Micaela Michelle Ch.,main,3660,271,190199,2026-09-01T04:05:44+00:00,TH,0.35,Thai VTuber Ranking,2026-09-06T15:07:31.283164+00:00,Thai confidence: 0.35; Sources: Thai VTuber Ranking; Active (last video published 5 days ago),True
UCoTx4fCYIuOBrdK_rWGjqbA,Lana 89 ll Loveland Project,@lanaaa89,https://www.youtube.com/channel/UCoTx4fCYIuOBrdK_rWGjqbA,Loveland Project,hiatus,CONFIRMED,vtuber_lanaaa89,Lana 89 ll Loveland Project,main,1880,43,190867,2023-01-24T10:12:39+00:00,,0.45,Thai VTuber Ranking,2026-09-06T15:07:31.283186+00:00,Thai confidence: 0.45; Sources: Thai VTuber Ranking; Hiatus / Inactive for 1321 days (> 180d),True
UCopYEIEfBeNiGMuDACD61xA,Ay1inND,@aylinnd22,https://www.youtube.com/channel/UCopYEIEfBeNiGMuDACD61xA,Independent,active,CONFIRMED,vtuber_aylinnd22,Ay1inND,main,3980,156,199014,2026-08-20T22:57:45+00:00,TH,0.8,Thai VTuber Ranking,2026-09-06T15:07:31.283206+00:00,Thai confidence: 0.80; Sources: Thai VTuber Ranking; Active (last video published 16 days ago),True
UCnvBsJQ0TztZ4Mq7qDaL_FA,Xaniel Ch. Flora Project,@xaniel_vt,https://www.youtube.com/channel/UCnvBsJQ0TztZ4Mq7qDaL_FA,Flora Project,unknown,CONFIRMED,vtuber_xaniel_vt,Xaniel Ch. Flora Project,main,34800,0,0,,TH,0.8,Thai VTuber Ranking,2026-09-06T15:07:31.283230+00:00,Thai confidence: 0.80; Sources: Thai VTuber Ranking; No public video history recorded,False
UCongbtOF4PDmJ-HOXx0jSIQ,MyxNyx I VtuberTH,@myxnyxx,https://www.youtube.com/channel/UCongbtOF4PDmJ-HOXx0jSIQ,Independent,active,CONFIRMED,vtuber_myxnyxx,MyxNyx I VtuberTH,main,6570,760,530977,2026-08-30T16:35:29+00:00,TH,0.8,Thai VTuber Ranking,2026-09-06T15:07:31.283269+00:00,"VTuber signals: vtuber, วีทูปเบอร์, วีทูป, vtuberth; Thai confidence: 0.80; Sources: Thai VTuber Ranking; Active (last video published 6 days ago)",True
UCni4SBfvmKlD7bu_ZWDmKiQ,CoolRin CH,@coolrinch,https://www.youtube.com/channel/UCni4SBfvmKlD7bu_ZWDmKiQ,Independent,hiatus,CONFIRMED,vtuber_coolrinch,CoolRin CH,main,126000,1377,29174761,2024-02-13T15:12:33+00:00,TH,0.55,Thai VTuber Ranking,2026-09-06T15:07:31.283287+00:00,VTuber signals: vtuber; Thai confidence: 0.55; Sources: Thai VTuber Ranking; Hiatus / Inactive for 935 days (> 180d),True
UCoR4fWv6I7yN9uVgSO1hc1w,KZYU ReI『LIP』,@kzyureich8670,https://www.youtube.com/channel/UCoR4fWv6I7yN9uVgSO1hc1w,Independent,active,CONFIRMED,vtuber_kzyureich8670,KZYU ReI『LIP』,main,2190,409,90193,2026-05-28T23:33:16+00:00,,0.45,Thai VTuber Ranking,2026-09-06T15:07:31.283311+00:00,Thai confidence: 0.45; Sources: Thai VTuber Ranking; Active (last video published 100 days ago),True
UCmuDlfckZosXYzs1B6Fyuyg,Alteria Channel,@alteriastareater,https://www.youtube.com/channel/UCmuDlfckZosXYzs1B6Fyuyg,Independent,active,CONFIRMED,vtuber_alteriastareater,Alteria Channel,main,3640,358,227397,2026-08-30T03:00:31+00:00,,0.45,Thai VTuber Ranking,2026-09-06T15:07:31.283346+00:00,Thai confidence: 0.45; Sources: Thai VTuber Ranking; Active (last video published 7 days ago),True
UCoyNRGf27kjzfmJiuXNLwrQ,Dayeon,@dayeon,https://www.youtube.com/channel/UCoyNRGf27kjzfmJiuXNLwrQ,Independent,active,CONFIRMED,vtuber_dayeon,Dayeon,main,15700,171,456585,2026-09-01T07:22:35+00:00,TH,0.35,Thai VTuber Ranking,2026-09-06T15:07:31.283366+00:00,VTuber signals: vtuber; Thai confidence: 0.35; Sources: Thai VTuber Ranking; Active (last video published 5 days ago),True
UCompe4fS2oUss8CGTuhOSxA,Gibpuri Ch,@gibpurich,https://www.youtube.com/channel/UCompe4fS2oUss8CGTuhOSxA,Independent,active,CONFIRMED,vtuber_gibpurich,Gibpuri Ch,main,1900000,3740,355100408,2026-08-29T15:46:39+00:00,TH,1.0,Thai VTuber Ranking,2026-09-06T15:07:31.283445+00:00,Thai confidence: 1.00; Sources: Thai VTuber Ranking; Active (last video published 7 days ago),True
UCoVDjNrJWdIZ65qITyrseng,MonJi,@monji_ultimate,https://www.youtube.com/channel/UCoVDjNrJWdIZ65qITyrseng,Independent,active,CONFIRMED,vtuber_monji_ultimate,MonJi,main,2160,577,86564,2026-08-25T08:32:49+00:00,TH,0.55,Thai VTuber Ranking,2026-09-06T15:07:31.283463+00:00,"VTuber signals: vtuber, thai vtuber; Thai confidence: 0.55; Sources: Thai VTuber Ranking; Active (last video published 12 days ago)",True
UCnJIpwyhPbMxAw2qdaQ8a2g,Kashina CH. ,@kashina_official,https://www.youtube.com/channel/UCnJIpwyhPbMxAw2qdaQ8a2g,Independent,hiatus,CONFIRMED,vtuber_kashina_official,Kashina CH. ,main,960,144,45913,2024-01-22T04:32:36+00:00,TH,0.8,Thai VTuber Ranking,2026-09-06T15:07:31.283486+00:00,Thai confidence: 0.80; Sources: Thai VTuber Ranking; Hiatus / Inactive for 958 days (> 180d),True
UCnmykXkj5SVMQf75oyp7Lkg,Melody Sparkle【PajamaJa】,@melodypj21,https://www.youtube.com/channel/UCnmykXkj5SVMQf75oyp7Lkg,Independent,active,CONFIRMED,vtuber_melodypj21,Melody Sparkle【PajamaJa】,main,3290,169,21111,2026-07-08T11:15:36+00:00,TH,0.35,Thai VTuber Ranking,2026-09-06T15:07:31.283519+00:00,VTuber signals: vtuber; Thai confidence: 0.35; Sources: Thai VTuber Ranking; Active (last video published 60 days ago),True
UCo6cNRSdO6tsZ4IW-aMmsZg,YueQin Vtuber 『Berlina•ECR』,@yueqinvtuber,https://www.youtube.com/channel/UCo6cNRSdO6tsZ4IW-aMmsZg,Independent,active,CONFIRMED,vtuber_yueqinvtuber,YueQin Vtuber 『Berlina•ECR』,main,11900,805,1427149,2026-09-01T09:04:20+00:00,TH,0.8,Thai VTuber Ranking,2026-09-06T15:07:31.283609+00:00,VTuber signals: vtuber; Thai confidence: 0.80; Sources: Thai VTuber Ranking; Active (last video published 5 days ago),True
UCn7S0uvqI3_5NYli07qxZCA,Alya Vestiny,@alyavestiny,https://www.youtube.com/channel/UCn7S0uvqI3_5NYli07qxZCA,Independent,hiatus,CONFIRMED,vtuber_alyavestiny,Alya Vestiny,main,2710,166,93208,2024-04-04T16:12:09+00:00,,0.45,Thai VTuber Ranking,2026-09-06T15:07:31.283627+00:00,Thai confidence: 0.45; Sources: Thai VTuber Ranking; Hiatus / Inactive for 884 days (> 180d),True
UCmrINu03JIZLU04794Ril2w,C1EL ,@c1el_thecat,https://www.youtube.com/channel/UCmrINu03JIZLU04794Ril2w,Independent,active,CONFIRMED,vtuber_c1el_thecat,C1EL ,main,2470,184,162042,2026-08-29T02:48:19+00:00,TH,0.8,Thai VTuber Ranking,2026-09-06T15:07:31.283658+00:00,Thai confidence: 0.80; Sources: Thai VTuber Ranking; Active (last video published 8 days ago),True
UCmfo9Rqc55Hpb5x_Cu2FrFw,Scentharmony,@scentharmony,https://www.youtube.com/channel/UCmfo9Rqc55Hpb5x_Cu2FrFw,Independent,active,CONFIRMED,vtuber_scentharmony,Scentharmony,main,1520,55,180556,2026-08-31T03:13:15+00:00,TH,0.8,Thai VTuber Ranking,2026-09-06T15:07:31.283678+00:00,Thai confidence: 0.80; Sources: Thai VTuber Ranking; Active (last video published 6 days ago),True
UCmeYkTj7_pBYgWSJmM_eJPQ,Akimoto Yuna Ch.,@akimotoyuna,https://www.youtube.com/channel/UCmeYkTj7_pBYgWSJmM_eJPQ,Independent,active,CONFIRMED,vtuber_akimotoyuna,Akimoto Yuna Ch.,main,1280,434,98715,2026-08-28T03:39:08+00:00,TH,0.8,Thai VTuber Ranking,2026-09-06T15:07:31.283708+00:00,VTuber signals: vtuber; Thai confidence: 0.80; Sources: Thai VTuber Ranking; Active (last video published 9 days ago),True
UCmrTXPnIhAm-hosYsZ8rAHg,Yukito Hoshitoki Ch. / AStars Chrono prince,@yukitohoshitoki_as,https://www.youtube.com/channel/UCmrTXPnIhAm-hosYsZ8rAHg,AStars Production,active,CONFIRMED,vtuber_yukitohoshitoki_as,Yukito Hoshitoki Ch. / AStars Chrono prince,main,23400,436,919769,2026-06-01T02:15:25+00:00,TH,0.55,Thai VTuber Ranking; Virtual YouTuber Fandom Wiki,2026-09-06T15:07:31.283727+00:00,"VTuber signals: vtuber, thai vtuber; Thai confidence: 0.55; Sources: Thai VTuber Ranking, Virtual YouTuber Fandom Wiki; Active (last video published 97 days ago)",True
UCn1sslufP5oBkTGkIqL72ZQ,ลินน่าจะร้อง | Lynna Vsinger,@lynna_vtuber,https://www.youtube.com/channel/UCn1sslufP5oBkTGkIqL72ZQ,Independent,active,CONFIRMED,vtuber_lynna_vtuber,ลินน่าจะร้อง | Lynna Vsinger,main,1330,59,98623,2026-08-27T06:36:11+00:00,,0.45,Thai VTuber Ranking,2026-09-06T15:07:31.283753+00:00,Thai confidence: 0.45; Sources: Thai VTuber Ranking; Active (last video published 10 days ago),True
UCn9yL4ihVNU-IxPRmpXDivg,Acintunz,@acintunz,https://www.youtube.com/channel/UCn9yL4ihVNU-IxPRmpXDivg,Independent,active,CONFIRMED,vtuber_acintunz,Acintunz,main,3220,330,1131507,2026-07-21T14:34:04+00:00,,0.45,Thai VTuber Ranking,2026-09-06T15:07:31.283795+00:00,"VTuber signals: วีทูปเบอร์, วีทูป; Thai confidence: 0.45; Sources: Thai VTuber Ranking; Active (last video published 47 days ago)",True
UCnE5l4nDqoRA84HT5ZRXbig,Cylowless,@cylowless,https://www.youtube.com/channel/UCnE5l4nDqoRA84HT5ZRXbig,Independent,active,CONFIRMED,vtuber_cylowless,Cylowless,main,1470,405,47004,2026-08-28T15:39:15+00:00,,0.45,Thai VTuber Ranking,2026-09-06T15:07:31.283822+00:00,Thai confidence: 0.45; Sources: Thai VTuber Ranking; Active (last video published 8 days ago),True
UCn3Svapu91rgZVUsBajKTuA,khunCHANII,@khunchanii,https://www.youtube.com/channel/UCn3Svapu91rgZVUsBajKTuA,Independent,active,CONFIRMED,vtuber_khunchanii,khunCHANII,main,6030,126,125238,2026-08-26T11:00:10+00:00,TH,0.65,Thai VTuber Ranking,2026-09-06T15:07:31.283844+00:00,Thai confidence: 0.65; Sources: Thai VTuber Ranking; Active (last video published 11 days ago),True
UCp3WxJ4-xF8C9vJfvFs4ioQ,Silver VTH,@silvervth153,https://www.youtube.com/channel/UCp3WxJ4-xF8C9vJfvFs4ioQ,Independent,active,CONFIRMED,vtuber_silvervth153,Silver VTH,main,2010,233,79869,2026-08-23T16:29:53+00:00,TH,0.8,Thai VTuber Ranking,2026-09-06T15:07:31.283884+00:00,Thai confidence: 0.80; Sources: Thai VTuber Ranking; Active (last video published 13 days ago),True
UCoekpBaMC20hpELSXrqRTzg,Fury.D [FRG],@furydfrigid,https://www.youtube.com/channel/UCoekpBaMC20hpELSXrqRTzg,Independent,active,CONFIRMED,vtuber_furydfrigid,Fury.D [FRG],main,11000,501,2184826,2026-08-05T12:30:06+00:00,TH,0.8,Thai VTuber Ranking,2026-09-06T15:07:31.283929+00:00,Thai confidence: 0.80; Sources: Thai VTuber Ranking; Active (last video published 32 days ago),True
UCmnSx_jWSZKAlYUtutvY3dQ,Muendria_SLR,@muendria_slr,https://www.youtube.com/channel/UCmnSx_jWSZKAlYUtutvY3dQ,Independent,active,CONFIRMED,vtuber_muendria_slr,Muendria_SLR,main,657,73,23288,2026-08-29T04:32:10+00:00,,0.45,Thai VTuber Ranking,2026-09-06T15:07:31.283963+00:00,"VTuber signals: วีทูปเบอร์, วีทูป; Thai confidence: 0.45; Sources: Thai VTuber Ranking; Active (last video published 8 days ago)",True
UCnPvPjGOanX6I3aqPNNJ-PA,Archbas Ch.,@archbas_slt,https://www.youtube.com/channel/UCnPvPjGOanX6I3aqPNNJ-PA,Independent,active,CONFIRMED,vtuber_archbas_slt,Archbas Ch.,main,1050,208,66409,2026-08-24T17:03:05+00:00,TH,0.55,Thai VTuber Ranking,2026-09-06T15:07:31.283984+00:00,VTuber signals: vtuber; Thai confidence: 0.55; Sources: Thai VTuber Ranking; Active (last video published 12 days ago),True
UCoiKcLNgt7N9KIoBL-fx2YA,Alparu Vtuber ch.,@alparuvtuberch,https://www.youtube.com/channel/UCoiKcLNgt7N9KIoBL-fx2YA,Independent,active,CONFIRMED,vtuber_alparuvtuberch,Alparu Vtuber ch.,main,19800,675,997874,2026-06-02T21:19:07+00:00,TH,0.8,Thai VTuber Ranking,2026-09-06T15:07:31.284019+00:00,VTuber signals: vtuber; Thai confidence: 0.80; Sources: Thai VTuber Ranking; Active (last video published 95 days ago),True
UCoVpEObbNlG_AVSz-K8yYTg,koshumu,@koshumu,https://www.youtube.com/channel/UCoVpEObbNlG_AVSz-K8yYTg,Independent,active,CONFIRMED,vtuber_koshumu,koshumu,main,5030,13,222855,2026-07-04T13:00:27+00:00,TH,0.35,Thai VTuber Ranking,2026-09-06T15:07:31.284035+00:00,Thai confidence: 0.35; Sources: Thai VTuber Ranking; Active (last video published 64 days ago),True
UCoOMJUZ5plQtVQDYbicD3dw,Mortifer Bathory Ch.,@mortiferbathorych,https://www.youtube.com/channel/UCoOMJUZ5plQtVQDYbicD3dw,Independent,hiatus,CONFIRMED,vtuber_mortiferbathorych,Mortifer Bathory Ch.,main,9350,161,147581,2025-06-22T03:31:44+00:00,TH,0.55,Thai VTuber Ranking; Virtual YouTuber Fandom Wiki,2026-09-06T15:07:31.284062+00:00,"VTuber signals: vtuber; Thai confidence: 0.55; Sources: Thai VTuber Ranking, Virtual YouTuber Fandom Wiki; Hiatus / Inactive for 441 days (> 180d)",True
UCoc4ArTO-yJUzpqufus_Pdg,Kokori 《 OTL 》,@kokori_otl,https://www.youtube.com/channel/UCoc4ArTO-yJUzpqufus_Pdg,Independent,active,CONFIRMED,vtuber_kokori_otl,Kokori 《 OTL 》,main,2140,203,124014,2026-08-22T11:00:35+00:00,TH,0.8,Thai VTuber Ranking,2026-09-06T15:07:31.284101+00:00,VTuber signals: vtuber; Thai confidence: 0.80; Sources: Thai VTuber Ranking; Active (last video published 15 days ago),True
UCmiO2DRc4e80eWfElzQfWyA,SORASAMA,@sorasamavtuber,https://www.youtube.com/channel/UCmiO2DRc4e80eWfElzQfWyA,Independent,active,CONFIRMED,vtuber_sorasamavtuber,SORASAMA,main,646,62,73905,2026-08-30T11:27:42+00:00,,0.45,Thai VTuber Ranking,2026-09-06T15:07:31.284151+00:00,VTuber signals: vtuber; Thai confidence: 0.45; Sources: Thai VTuber Ranking; Active (last video published 7 days ago),True
UCmg0gZHGn-zuq1JnYPB_EjQ,TEENIE | WISLIVE,@teenie-wis,https://www.youtube.com/channel/UCmg0gZHGn-zuq1JnYPB_EjQ,Independent,hiatus,CONFIRMED,vtuber_teenie-wis,TEENIE | WISLIVE,main,74000,153,1531684,2024-11-03T14:24:47+00:00,TH,0.8,Thai VTuber Ranking,2026-09-06T15:07:31.284174+00:00,Thai confidence: 0.80; Sources: Thai VTuber Ranking; Hiatus / Inactive for 672 days (> 180d),True
UCnOY70F34J77m2YzkW7B5qw,Hamiko Channel,@hamikochannel,https://www.youtube.com/channel/UCnOY70F34J77m2YzkW7B5qw,Independent,active,CONFIRMED,vtuber_hamikochannel,Hamiko Channel,main,860,388,20967,2026-09-01T12:29:30+00:00,,0.65,Thai VTuber Ranking,2026-09-06T15:07:31.284233+00:00,VTuber signals: vtuber; Thai confidence: 0.65; Sources: Thai VTuber Ranking; Active (last video published 5 days ago),True
UCDki34ncCre0xPgf1JCkqCA,Shogo ⌜VZ⌟,@shogoch,https://www.youtube.com/channel/UCDki34ncCre0xPgf1JCkqCA,Virtual Zeven (VZ),active,CONFIRMED,vtuber_shogoch,Shogo ⌜VZ⌟,main,20100,829,382457,2026-08-28T19:27:35+00:00,TH,1.0,Thai VTuber Ranking; Virtual YouTuber Fandom Wiki,2026-09-06T15:07:31.284260+00:00,"VTuber signals: vtuber, vtuberth; Thai confidence: 1.00; Sources: Thai VTuber Ranking, Virtual YouTuber Fandom Wiki; Active (last video published 8 days ago)",True
UCEI_LsIHnvFh0dN8KmVy7hg,Winter Apatite Ch.,@winterapatitech,https://www.youtube.com/channel/UCEI_LsIHnvFh0dN8KmVy7hg,Independent,hiatus,CONFIRMED,vtuber_winterapatitech,Winter Apatite Ch.,main,1840,16,16569,2025-11-13T16:33:39+00:00,TH,0.8,Thai VTuber Ranking,2026-09-06T15:07:31.284282+00:00,"VTuber signals: วีทูปเบอร์, วีทูป; Thai confidence: 0.80; Sources: Thai VTuber Ranking; Hiatus / Inactive for 296 days (> 180d)",True
UCDb3FYf93LJEcswNeZ05uag,Kampaiii 《Vtuber》,@kampaiii_vtuber,https://www.youtube.com/channel/UCDb3FYf93LJEcswNeZ05uag,Independent,active,CONFIRMED,vtuber_kampaiii_vtuber,Kampaiii 《Vtuber》,main,902,268,73993,2026-08-29T13:35:24+00:00,TH,0.8,Thai VTuber Ranking,2026-09-06T15:07:31.284307+00:00,VTuber signals: vtuber; Thai confidence: 0.80; Sources: Thai VTuber Ranking; Active (last video published 8 days ago),True
UCEuU0EQj7eWL2-vf5hGFwXg,Narin  Vtuber TH,@narinvtuberth,https://www.youtube.com/channel/UCEuU0EQj7eWL2-vf5hGFwXg,Independent,active,CONFIRMED,vtuber_narinvtuberth,Narin  Vtuber TH,main,2530,1208,204665,2026-08-30T14:33:23+00:00,TH,1.0,Thai VTuber Ranking,2026-09-06T15:07:31.284353+00:00,VTuber signals: vtuber; Thai confidence: 1.00; Sources: Thai VTuber Ranking; Active (last video published 7 days ago),True
UCEjF-FvkrvMhQ7b6KT5UCAw,Azar《 OTL 》,@azar_otl,https://www.youtube.com/channel/UCEjF-FvkrvMhQ7b6KT5UCAw,Independent,active,CONFIRMED,vtuber_azar_otl,Azar《 OTL 》,main,1590,289,167306,2026-08-29T17:48:41+00:00,TH,0.8,Thai VTuber Ranking,2026-09-06T15:07:31.284388+00:00,Thai confidence: 0.80; Sources: Thai VTuber Ranking; Active (last video published 7 days ago),True
UCDmlKuJkE2tIR-Q8bSWPvDw,HEXO Ch. / QURSE,@hexovibeent,https://www.youtube.com/channel/UCDmlKuJkE2tIR-Q8bSWPvDw,Independent,active,CONFIRMED,vtuber_hexovibeent,HEXO Ch. / QURSE,main,4360,79,103735,2026-08-21T04:58:33+00:00,,0.2,Thai VTuber Ranking,2026-09-06T15:07:31.284404+00:00,"VTuber signals: vtuber, thai vtuber; Sources: Thai VTuber Ranking; Active (last video published 16 days ago)",True
UCFcV8AGufMRT7is-GX1Y9gQ,Puinoon プイヌン,@puinoondesu,https://www.youtube.com/channel/UCFcV8AGufMRT7is-GX1Y9gQ,Independent,hiatus,CONFIRMED,vtuber_puinoondesu,Puinoon プイヌン,main,6450,29,1404051,2026-02-05T10:15:01+00:00,,0.0,Thai VTuber Ranking,2026-09-06T15:07:31.284424+00:00,VTuber signals: vtuber; Sources: Thai VTuber Ranking; Hiatus / Inactive for 213 days (> 180d),True
UCFLR42m7vGHPi3wSROWaepA,GoMu no Ch.,@gomu_channel,https://www.youtube.com/channel/UCFLR42m7vGHPi3wSROWaepA,Independent,active,CONFIRMED,vtuber_gomu_channel,GoMu no Ch.,main,1290,365,104582,2026-08-30T14:47:16+00:00,TH,0.8,Thai VTuber Ranking,2026-09-06T15:07:31.284453+00:00,Thai confidence: 0.80; Sources: Thai VTuber Ranking; Active (last video published 7 days ago),True
UCDgD6lN0SQJTfiy0y-7oFzw,the wanderer is not here anymore.,@ttangierch,https://www.youtube.com/channel/UCDgD6lN0SQJTfiy0y-7oFzw,Independent,active,CONFIRMED,vtuber_ttangierch,the wanderer is not here anymore.,main,841,0,0,2026-04-10T14:18:25+00:00,TH,0.35,Thai VTuber Ranking,2026-09-06T15:07:31.284471+00:00,Thai confidence: 0.35; Sources: Thai VTuber Ranking; Active (last video published 149 days ago),True
UCDx_VxFnDh_yxtff1akPpvg,Keelin Peryton『VW』,@keelinperytonch,https://www.youtube.com/channel/UCDx_VxFnDh_yxtff1akPpvg,Independent,active,CONFIRMED,vtuber_keelinperytonch,Keelin Peryton『VW』,main,11200,281,274448,2026-08-30T10:10:32+00:00,TH,1.0,Thai VTuber Ranking; Virtual YouTuber Fandom Wiki,2026-09-06T15:07:31.284525+00:00,"VTuber signals: vtuber; Thai confidence: 1.00; Sources: Thai VTuber Ranking, Virtual YouTuber Fandom Wiki; Active (last video published 7 days ago)",True
UCF_-M79ivR0lBcxI4VcYiWg,Lilia,@masurulilia,https://www.youtube.com/channel/UCF_-M79ivR0lBcxI4VcYiWg,Independent,hiatus,CONFIRMED,vtuber_masurulilia,Lilia,main,2150,0,0,2025-03-01T03:00:23+00:00,TH,0.35,Thai VTuber Ranking,2026-09-06T15:07:31.284545+00:00,VTuber signals: vtuber; Thai confidence: 0.35; Sources: Thai VTuber Ranking; Hiatus / Inactive for 554 days (> 180d),True
UCEpxkPOevg0ItmSknvEcngg,Tamto Ch.,@tamto,https://www.youtube.com/channel/UCEpxkPOevg0ItmSknvEcngg,Independent,active,CONFIRMED,vtuber_tamto,Tamto Ch.,main,9530,437,328465,2026-08-28T18:00:18+00:00,TH,0.8,Thai VTuber Ranking,2026-09-06T15:07:31.284570+00:00,Thai confidence: 0.80; Sources: Thai VTuber Ranking; Active (last video published 8 days ago),True
UCDrFZpqKkgV27Q1NcYYYU2w,Kiyomi Ch.,@kiyomi_no_hikarijinja,https://www.youtube.com/channel/UCDrFZpqKkgV27Q1NcYYYU2w,Independent,hiatus,CONFIRMED,vtuber_kiyomi_no_hikarijinja,Kiyomi Ch.,main,878,454,64635,2025-08-19T04:42:29+00:00,TH,1.0,Thai VTuber Ranking,2026-09-06T15:07:31.284646+00:00,VTuber signals: vtuber; Thai confidence: 1.00; Sources: Thai VTuber Ranking; Hiatus / Inactive for 383 days (> 180d),True
UCDgEY3e3hNge2XzFhFuYPYw,Maemi Nippy ⨳ECR⨳,@maeminippych,https://www.youtube.com/channel/UCDgEY3e3hNge2XzFhFuYPYw,Independent,active,CONFIRMED,vtuber_maeminippych,Maemi Nippy ⨳ECR⨳,main,2590,561,225389,2026-08-30T07:08:38+00:00,,0.45,Thai VTuber Ranking,2026-09-06T15:07:31.284667+00:00,Thai confidence: 0.45; Sources: Thai VTuber Ranking; Active (last video published 7 days ago),True
UCF81ZEcn0aKct7TJPZVINAw,BoonLan『VTG』,@boonlan_vtg,https://www.youtube.com/channel/UCF81ZEcn0aKct7TJPZVINAw,Independent,active,CONFIRMED,vtuber_boonlan_vtg,BoonLan『VTG』,main,3070,169,68501,2026-08-28T18:00:28+00:00,TH,0.8,Thai VTuber Ranking,2026-09-06T15:07:31.284703+00:00,Thai confidence: 0.80; Sources: Thai VTuber Ranking; Active (last video published 8 days ago),True
UCDwExMfrKLpB6j0vDUW-0WA,Minarin Sárkányszél Ch.,@minarinsarkany,https://www.youtube.com/channel/UCDwExMfrKLpB6j0vDUW-0WA,Independent,active,CONFIRMED,vtuber_minarinsarkany,Minarin Sárkányszél Ch.,main,2420,42,48739,2026-08-12T03:24:11+00:00,TH,0.65,Thai VTuber Ranking,2026-09-06T15:07:31.284729+00:00,VTuber signals: vtuber; Thai confidence: 0.65; Sources: Thai VTuber Ranking; Active (last video published 25 days ago),True
UCEMqL-RYgeAEhTMUJeHfkaw,Toru Kumaトルくま,@torukuma,https://www.youtube.com/channel/UCEMqL-RYgeAEhTMUJeHfkaw,Independent,active,CONFIRMED,vtuber_torukuma,Toru Kumaトルくま,main,75400,862,4869812,2026-08-29T16:16:31+00:00,TH,0.8,Thai VTuber Ranking,2026-09-06T15:07:31.284773+00:00,VTuber signals: vtuber; Thai confidence: 0.80; Sources: Thai VTuber Ranking; Active (last video published 7 days ago),True
UCFRCQhHa_MUmmRaGUJVN8zA,Zenovaz Ch.,@zenovazch,https://www.youtube.com/channel/UCFRCQhHa_MUmmRaGUJVN8zA,Independent,active,CONFIRMED,vtuber_zenovazch,Zenovaz Ch.,main,597,375,45366,2026-07-17T15:50:12+00:00,TH,0.35,Thai VTuber Ranking,2026-09-06T15:07:31.284791+00:00,VTuber signals: vtuber; Thai confidence: 0.35; Sources: Thai VTuber Ranking; Active (last video published 50 days ago),True
UCDzIAHQJv3O2IN0u26bHlaw,Yukai Myoujou《 SSR 》,@yukaimyoujou_ssr,https://www.youtube.com/channel/UCDzIAHQJv3O2IN0u26bHlaw,Independent,active,CONFIRMED,vtuber_yukaimyoujou_ssr,Yukai Myoujou《 SSR 》,main,2920,186,165842,2026-07-12T03:34:46+00:00,TH,0.8,Thai VTuber Ranking,2026-09-06T15:07:31.284854+00:00,"VTuber signals: วีทูปเบอร์, วีทูป; Thai confidence: 0.80; Sources: Thai VTuber Ranking; Active (last video published 56 days ago)",True
UCDiyOEC0TGng4cudBJbMyWg,Celeste Ch.,@celestevtuber,https://www.youtube.com/channel/UCDiyOEC0TGng4cudBJbMyWg,Independent,active,CONFIRMED,vtuber_celestevtuber,Celeste Ch.,main,14400,413,480400,2026-08-30T10:43:29+00:00,TH,1.0,Thai VTuber Ranking,2026-09-06T15:07:31.284898+00:00,"VTuber signals: vtuber, vtuberth, thaivtuber; Thai confidence: 1.00; Sources: Thai VTuber Ranking; Active (last video published 7 days ago)",True
UCFBj6s8uT6nphkbV7UMVGsQ,CHUKOLIANG ch. 【FIXIX VT】,@chukoliangch.fixixvt,https://www.youtube.com/channel/UCFBj6s8uT6nphkbV7UMVGsQ,Independent,active,CONFIRMED,vtuber_chukoliangch.fixixvt,CHUKOLIANG ch. 【FIXIX VT】,main,5960,275,498441,2026-08-28T10:37:07+00:00,TH,0.8,Thai VTuber Ranking,2026-09-06T15:07:31.284921+00:00,Thai confidence: 0.80; Sources: Thai VTuber Ranking; Active (last video published 9 days ago),True
UCEk6QSUJhVf56A_VznMpKpg,PeachiView,@peachiview249,https://www.youtube.com/channel/UCEk6QSUJhVf56A_VznMpKpg,Independent,hiatus,CONFIRMED,vtuber_peachiview249,PeachiView,main,55900,99,2004835,2022-01-14T08:00:23+00:00,TH,1.0,Thai VTuber Ranking,2026-09-06T15:07:31.284969+00:00,"VTuber signals: vtuber, วีทูปเบอร์, วีทูป; Thai confidence: 1.00; Sources: Thai VTuber Ranking; Hiatus / Inactive for 1696 days (> 180d)",True
UCDuv12N1-maTw7eemVA2hgQ,カエン KAEN Ch.,@kaen_official,https://www.youtube.com/channel/UCDuv12N1-maTw7eemVA2hgQ,Independent,active,CONFIRMED,vtuber_kaen_official,カエン KAEN Ch.,main,4430,484,280732,2026-08-29T09:14:06+00:00,TH,0.8,Thai VTuber Ranking,2026-09-06T15:07:31.284995+00:00,"VTuber signals: vtuber, vtuberth; Thai confidence: 0.80; Sources: Thai VTuber Ranking; Active (last video published 8 days ago)",True
UCFXP-2Bob2gW8rlEffW1hgA,Halon Hashi Ch.,@halonhashi,https://www.youtube.com/channel/UCFXP-2Bob2gW8rlEffW1hgA,Independent,hiatus,CONFIRMED,vtuber_halonhashi,Halon Hashi Ch.,main,21100,0,0,2025-12-31T17:54:18+00:00,TH,0.8,Thai VTuber Ranking,2026-09-06T15:07:31.285037+00:00,"VTuber signals: วีทูปเบอร์, วีทูป; Thai confidence: 0.80; Sources: Thai VTuber Ranking; Hiatus / Inactive for 248 days (> 180d)",True
UCEcSxWcQiyfpx7mRAdb_emg,Henry,@mynamehenry,https://www.youtube.com/channel/UCEcSxWcQiyfpx7mRAdb_emg,Independent,active,CONFIRMED,vtuber_mynamehenry,Henry,main,443,298,69043,2026-08-30T07:37:35+00:00,TH,0.8,Thai VTuber Ranking,2026-09-06T15:07:31.285070+00:00,"VTuber signals: วีทูปเบอร์, วีทูป; Thai confidence: 0.80; Sources: Thai VTuber Ranking; Active (last video published 7 days ago)",True
UCDdYlO59uiphs8QUL7I88Rg,Kaneaki Arina Ch.,@kaneaki_arina,https://www.youtube.com/channel/UCDdYlO59uiphs8QUL7I88Rg,Independent,active,CONFIRMED,vtuber_kaneaki_arina,Kaneaki Arina Ch.,main,4290,647,313006,2026-08-28T18:49:24+00:00,TH,0.8,Thai VTuber Ranking,2026-09-06T15:07:31.285113+00:00,Thai confidence: 0.80; Sources: Thai VTuber Ranking; Active (last video published 8 days ago),True
UCFB-5_h8i1373WvI7ElG2FA,VLazy,@vlazy2727,https://www.youtube.com/channel/UCFB-5_h8i1373WvI7ElG2FA,Independent,hiatus,CONFIRMED,vtuber_vlazy2727,VLazy,main,2700,227,70244,2025-09-04T10:24:27+00:00,TH,0.55,Thai VTuber Ranking,2026-09-06T15:07:31.285129+00:00,"VTuber signals: vtuber, thai vtuber; Thai confidence: 0.55; Sources: Thai VTuber Ranking; Hiatus / Inactive for 367 days (> 180d)",True
UCFN4mdxw4ss6DMB6ZYPXPuw,Nora,@amamiyanora,https://www.youtube.com/channel/UCFN4mdxw4ss6DMB6ZYPXPuw,Independent,active,CONFIRMED,vtuber_amamiyanora,Nora,main,680,690,134992,2026-08-21T05:59:25+00:00,TH,0.8,Thai VTuber Ranking,2026-09-06T15:07:31.285156+00:00,"VTuber signals: vtuber, วีทูปเบอร์, วีทูป, vtuberth; Thai confidence: 0.80; Sources: Thai VTuber Ranking; Active (last video published 16 days ago)",True
UCFKBoyzpTZdu20o-O5XUf8g,Minwa.39,@minwa39,https://www.youtube.com/channel/UCFKBoyzpTZdu20o-O5XUf8g,Independent,hiatus,CONFIRMED,vtuber_minwa39,Minwa.39,main,10100,86,241991,2024-09-30T05:22:43+00:00,TH,0.8,Thai VTuber Ranking,2026-09-06T15:07:31.285177+00:00,"VTuber signals: vtuber, vtuberth; Thai confidence: 0.80; Sources: Thai VTuber Ranking; Hiatus / Inactive for 706 days (> 180d)",True
UCDwGQS9PGoUV-yMRsQ5pBxw,Vi : Lieszen,@vi_lieszen,https://www.youtube.com/channel/UCDwGQS9PGoUV-yMRsQ5pBxw,Independent,active,CONFIRMED,vtuber_vi_lieszen,Vi : Lieszen,main,854,318,61389,2026-09-05T05:43:59+00:00,TH,0.8,Thai VTuber Ranking,2026-09-06T15:07:31.285220+00:00,"VTuber signals: วีทูปเบอร์, วีทูป; Thai confidence: 0.80; Sources: Thai VTuber Ranking; Active (last video published 1 days ago)",True
UCE010cVAgWFD24wIJ95sDKw,Fumi Hausu,@fumihausu,https://www.youtube.com/channel/UCE010cVAgWFD24wIJ95sDKw,Independent,active,CONFIRMED,vtuber_fumihausu,Fumi Hausu,main,88100,1783,14131457,2026-08-30T12:13:30+00:00,TH,0.8,Thai VTuber Ranking; Virtual YouTuber Fandom Wiki,2026-09-06T15:07:31.285250+00:00,"Thai confidence: 0.80; Sources: Thai VTuber Ranking, Virtual YouTuber Fandom Wiki; Active (last video published 7 days ago)",True
UCEAweQRj86ga-ymLA_L50BA,ToHu kheow Ch.,@tohukheowch,https://www.youtube.com/channel/UCEAweQRj86ga-ymLA_L50BA,Independent,hiatus,CONFIRMED,vtuber_tohukheowch,ToHu kheow Ch.,main,2060,2,225,2022-09-01T06:19:21+00:00,TH,0.8,Thai VTuber Ranking,2026-09-06T15:07:31.285269+00:00,Thai confidence: 0.80; Sources: Thai VTuber Ranking; Hiatus / Inactive for 1466 days (> 180d),True
UCFNsc_xre9fXD0-f8kyrUTQ,Sexy Salsa CH,@sexysalsa,https://www.youtube.com/channel/UCFNsc_xre9fXD0-f8kyrUTQ,Independent,hiatus,CONFIRMED,vtuber_sexysalsa,Sexy Salsa CH,main,2200,109,58704,2024-08-29T22:22:53+00:00,TH,0.8,Thai VTuber Ranking,2026-09-06T15:07:31.285286+00:00,Thai confidence: 0.80; Sources: Thai VTuber Ranking; Hiatus / Inactive for 737 days (> 180d),True
UCE46-Cb8vr2ra-YAJ7UoOcA,Benny Ch.,@benny7418ch,https://www.youtube.com/channel/UCE46-Cb8vr2ra-YAJ7UoOcA,Independent,active,CONFIRMED,vtuber_benny7418ch,Benny Ch.,main,17600,320,3481649,2026-08-30T16:47:24+00:00,TH,0.8,Thai VTuber Ranking,2026-09-06T15:07:31.285315+00:00,VTuber signals: วีทูป; Thai confidence: 0.80; Sources: Thai VTuber Ranking; Active (last video published 6 days ago),True
UCEvyDOkcGkzCTo62d9BrhkA,Minami Cera Ch. 【POLYGON】,@ceraplg,https://www.youtube.com/channel/UCEvyDOkcGkzCTo62d9BrhkA,Polygon Official,active,CONFIRMED,vtuber_minami_cera,Minami Cera,main,29700,952,2161938,2026-03-31T12:00:00+00:00,TH,0.8,Thai VTuber Ranking; Virtual YouTuber Fandom Wiki,2026-09-06T15:07:31.285373+00:00,"VTuber signals: agency:Polygon Official; Agency: Polygon Official; Thai confidence: 0.80; Sources: Thai VTuber Ranking, Virtual YouTuber Fandom Wiki; Active (last video published 159 days ago)",True
UCEXxxuO6GnVJmwqIz9etkKA,Leviana Ch.,@levianach.9171,https://www.youtube.com/channel/UCEXxxuO6GnVJmwqIz9etkKA,Independent,unknown,CONFIRMED,vtuber_levianach.9171,Leviana Ch.,main,1060,0,0,,TH,0.55,Thai VTuber Ranking; Virtual YouTuber Fandom Wiki,2026-09-06T15:07:31.285389+00:00,"VTuber signals: vtuber, thai vtuber; Thai confidence: 0.55; Sources: Thai VTuber Ranking, Virtual YouTuber Fandom Wiki; No public video history recorded",False
UCEbwSVZLmNpdgZPbeFL7chg,kevin TH,@kevinth,https://www.youtube.com/channel/UCEbwSVZLmNpdgZPbeFL7chg,Independent,active,CONFIRMED,vtuber_kevinth,kevin TH,main,2040,2531,476588,2026-08-30T15:02:51+00:00,,0.8,Thai VTuber Ranking,2026-09-06T15:07:31.285410+00:00,VTuber signals: vtuber; Thai confidence: 0.80; Sources: Thai VTuber Ranking; Active (last video published 7 days ago),True
UCF19DHmsDiaB3P3Cbpdp14g,ChouxCream シュークリーム,@chouxcreamii,https://www.youtube.com/channel/UCF19DHmsDiaB3P3Cbpdp14g,Independent,active,CONFIRMED,vtuber_chouxcreamii,ChouxCream シュークリーム,main,4810,652,450415,2026-08-29T10:00:17+00:00,,0.45,Thai VTuber Ranking,2026-09-06T15:07:31.285492+00:00,"VTuber signals: วีทูปเบอร์, วีทูป; Thai confidence: 0.45; Sources: Thai VTuber Ranking; Active (last video published 8 days ago)",True
UCDhUZlrVbcdvac4SRLi3tXA,Shiro11,@shiro11c,https://www.youtube.com/channel/UCDhUZlrVbcdvac4SRLi3tXA,Independent,active,CONFIRMED,vtuber_shiro11c,Shiro11,main,851,241,72219,2026-05-27T17:21:21+00:00,TH,1.0,Thai VTuber Ranking,2026-09-06T15:07:31.285555+00:00,"VTuber signals: vtuber, vtuberth; Thai confidence: 1.00; Sources: Thai VTuber Ranking; Active (last video published 101 days ago)",True
UCER-4jqj3kUgY36i3FPAtJA,Tantaros,@tanthetantaros,https://www.youtube.com/channel/UCER-4jqj3kUgY36i3FPAtJA,Independent,active,CONFIRMED,vtuber_tanthetantaros,Tantaros,main,1180,1240,150785,2026-08-29T17:24:54+00:00,TH,0.8,Thai VTuber Ranking,2026-09-06T15:07:31.285583+00:00,VTuber signals: vtuber; Thai confidence: 0.80; Sources: Thai VTuber Ranking; Active (last video published 7 days ago),True
UCDgptjggm1YvNSn7GQ19sEA,Lord Cha Zele Ch. ◤Graduation◢,@zelechavtp,https://www.youtube.com/channel/UCDgptjggm1YvNSn7GQ19sEA,Independent,hiatus,CONFIRMED,vtuber_zelechavtp,Lord Cha Zele Ch. ◤Graduation◢,main,1340,8,834,2025-05-08T12:56:40+00:00,TH,0.8,Thai VTuber Ranking,2026-09-06T15:07:31.285609+00:00,"VTuber signals: vtuber, vtuberth; Thai confidence: 0.80; Sources: Thai VTuber Ranking; Hiatus / Inactive for 486 days (> 180d)",True
UCEZZl5ozactQATI4iIx2mOg,Maiyara 【21PM】,@maiyara_21pm,https://www.youtube.com/channel/UCEZZl5ozactQATI4iIx2mOg,Independent,active,CONFIRMED,vtuber_maiyara_21pm,Maiyara 【21PM】,main,830,132,46754,2026-08-18T16:31:08+00:00,TH,0.8,Thai VTuber Ranking,2026-09-06T15:07:31.285668+00:00,Thai confidence: 0.80; Sources: Thai VTuber Ranking; Active (last video published 18 days ago),True
UCDcMQuBXmp3NByn3wD5lZog,Yw Vynter,@ywvynter,https://www.youtube.com/channel/UCDcMQuBXmp3NByn3wD5lZog,Independent,hiatus,CONFIRMED,vtuber_ywvynter,Yw Vynter,main,1850,7,5952,2023-03-16T14:43:33+00:00,TH,1.0,Thai VTuber Ranking,2026-09-06T15:07:31.285736+00:00,Thai confidence: 1.00; Sources: Thai VTuber Ranking; Hiatus / Inactive for 1270 days (> 180d),True
UCEQ28ZgkC47h0jG8CWN_V2Q,TANTAN,@tanehasol,https://www.youtube.com/channel/UCEQ28ZgkC47h0jG8CWN_V2Q,Independent,active,CONFIRMED,vtuber_tanehasol,TANTAN,main,770,150,31965,2026-08-29T15:13:23+00:00,TH,0.8,Thai VTuber Ranking,2026-09-06T15:07:31.285787+00:00,"VTuber signals: วีทูปเบอร์, วีทูป; Thai confidence: 0.80; Sources: Thai VTuber Ranking; Active (last video published 7 days ago)",True
UCEZl6aWM_c93GHtB12UfxNA,SICXERZ : CORE Ch.,@sicxerz,https://www.youtube.com/channel/UCEZl6aWM_c93GHtB12UfxNA,Independent,active,CONFIRMED,vtuber_sicxerz,SICXERZ : CORE Ch.,main,48800,407,3788105,2026-08-21T11:30:32+00:00,TH,0.35,Thai VTuber Ranking,2026-09-06T15:07:31.285805+00:00,VTuber signals: vtuber; Thai confidence: 0.35; Sources: Thai VTuber Ranking; Active (last video published 16 days ago),True
UCFVbcS05rXwR7iLPl2K82Kw,SoLRuN Ch.,@nanatsukisolrun,https://www.youtube.com/channel/UCFVbcS05rXwR7iLPl2K82Kw,Independent,active,CONFIRMED,vtuber_nanatsukisolrun,SoLRuN Ch.,main,1280,245,55118,2026-08-30T12:05:20+00:00,,0.45,Thai VTuber Ranking,2026-09-06T15:07:31.285843+00:00,Thai confidence: 0.45; Sources: Thai VTuber Ranking; Active (last video published 7 days ago),True
UCyTfmwqdhzlv9YD6-vmz2tQ,Biru [ビール],@biru101,https://www.youtube.com/channel/UCyTfmwqdhzlv9YD6-vmz2tQ,Independent,active,CONFIRMED,vtuber_biru101,Biru [ビール],main,3820,597,458573,2026-09-03T17:27:27+00:00,TH,0.8,Thai VTuber Ranking,2026-09-06T15:07:31.285899+00:00,Thai confidence: 0.80; Sources: Thai VTuber Ranking; Active (last video published 2 days ago),True
UCxsyPoIG4fruqHyq91UwIMQ,NICHA Ch. 【SSR】,@nicha_ssr,https://www.youtube.com/channel/UCxsyPoIG4fruqHyq91UwIMQ,Independent,active,CONFIRMED,vtuber_nicha_ssr,NICHA Ch. 【SSR】,main,6360,277,712102,2026-09-04T11:00:16+00:00,,0.45,Thai VTuber Ranking,2026-09-06T15:07:31.285973+00:00,VTuber signals: vtuber; Thai confidence: 0.45; Sources: Thai VTuber Ranking; Active (last video published 2 days ago),True
UCxk5wi2uWUh2hVlTuP7dW4A,A la Charmine,@alacharmine,https://www.youtube.com/channel/UCxk5wi2uWUh2hVlTuP7dW4A,Independent,hiatus,CONFIRMED,vtuber_alacharmine,A la Charmine,main,15800,0,0,2024-09-17T12:11:14+00:00,TH,0.35,Thai VTuber Ranking,2026-09-06T15:07:31.285989+00:00,Thai confidence: 0.35; Sources: Thai VTuber Ranking; Hiatus / Inactive for 719 days (> 180d),True
UCxLMvBlryxSsteqI9L8RmZg,NEBUEL | VTUBER,@nebuel-v,https://www.youtube.com/channel/UCxLMvBlryxSsteqI9L8RmZg,Independent,hiatus,CONFIRMED,vtuber_nebuel-v,NEBUEL | VTUBER,main,55300,186,3400247,2026-02-03T22:19:51+00:00,TH,0.8,Thai VTuber Ranking,2026-09-06T15:07:31.286012+00:00,VTuber signals: vtuber; Thai confidence: 0.80; Sources: Thai VTuber Ranking; Hiatus / Inactive for 214 days (> 180d),True
UCxvd3oONCAAlvj5E6sbniuQ,xElizia,@xelizia8050,https://www.youtube.com/channel/UCxvd3oONCAAlvj5E6sbniuQ,Independent,active,CONFIRMED,vtuber_xelizia8050,xElizia,main,2410,111,96323,2026-03-28T08:15:12+00:00,TH,0.8,Thai VTuber Ranking,2026-09-06T15:07:31.286049+00:00,Thai confidence: 0.80; Sources: Thai VTuber Ranking; Active (last video published 162 days ago),True
UCyA1KEXjcq2za_bsJp9KmZQ,RAF4EL,@raf4el,https://www.youtube.com/channel/UCyA1KEXjcq2za_bsJp9KmZQ,Independent,active,CONFIRMED,vtuber_raf4el,RAF4EL,main,381000,821,42240871,2026-08-21T04:13:37+00:00,TH,0.35,Thai VTuber Ranking,2026-09-06T15:07:31.286068+00:00,Thai confidence: 0.35; Sources: Thai VTuber Ranking; Active (last video published 16 days ago),True
UCxcmm1lpyL1Z3o7SgPAM1nw,Haori Circinus Ch.,@haori_circinus,https://www.youtube.com/channel/UCxcmm1lpyL1Z3o7SgPAM1nw,Independent,active,CONFIRMED,vtuber_haori_circinus,Haori Circinus Ch.,main,2120,512,80296,2026-08-29T17:52:25+00:00,TH,0.8,Thai VTuber Ranking,2026-09-06T15:07:31.286092+00:00,VTuber signals: vtuber; Thai confidence: 0.80; Sources: Thai VTuber Ranking; Active (last video published 7 days ago),True
UCyBovYeA-FnqRz8sigBql8w,Nomu | Live2D,@nomuvtuber,https://www.youtube.com/channel/UCyBovYeA-FnqRz8sigBql8w,Independent,hiatus,CONFIRMED,vtuber_nomuvtuber,Nomu | Live2D,main,2470,19,32425,2024-04-20T17:31:17+00:00,TH,0.55,Thai VTuber Ranking,2026-09-06T15:07:31.286108+00:00,"VTuber signals: vtuber, live2d, thai vtuber; Thai confidence: 0.55; Sources: Thai VTuber Ranking; Hiatus / Inactive for 868 days (> 180d)",True
UCwv0DTchQQhKo7-C0VPu9yA,Nora Vanadiz 「univirsual」,@noravanadiz,https://www.youtube.com/channel/UCwv0DTchQQhKo7-C0VPu9yA,Independent,active,CONFIRMED,vtuber_noravanadiz,Nora Vanadiz 「univirsual」,main,1400,364,57254,2026-09-03T00:49:37+00:00,TH,0.8,Thai VTuber Ranking,2026-09-06T15:07:31.286139+00:00,Thai confidence: 0.80; Sources: Thai VTuber Ranking; Active (last video published 3 days ago),True
UCyXcXkTe7XZYGvX7A3_f3Jw,ONOMIL Ch.,@onomil,https://www.youtube.com/channel/UCyXcXkTe7XZYGvX7A3_f3Jw,Independent,active,CONFIRMED,vtuber_onomil,ONOMIL Ch.,main,16900,1562,2669467,2026-09-05T14:00:14+00:00,TH,1.0,Thai VTuber Ranking,2026-09-06T15:07:31.286192+00:00,VTuber signals: vtuber; Thai confidence: 1.00; Sources: Thai VTuber Ranking; Active (last video published 1 days ago),True
UCyJplWD3_LWpNMOOkiVVurg,DEV Ch.【ARP】,@dev_arp,https://www.youtube.com/channel/UCyJplWD3_LWpNMOOkiVVurg,Algorhythm Project,active,CONFIRMED,vtuber_dev_arp,DEV Ch.【ARP】,main,30800,329,2422735,2026-09-03T02:24:40+00:00,TH,1.0,Thai VTuber Ranking,2026-09-06T15:07:31.286220+00:00,VTuber signals: agency:Algorhythm Project; Agency: Algorhythm Project; Thai confidence: 1.00; Sources: Thai VTuber Ranking; Active (last video published 3 days ago),True
UCwhHNYldCXfIX6UtRY0VTjw,Seren Channel,@seren_yukihoshi,https://www.youtube.com/channel/UCwhHNYldCXfIX6UtRY0VTjw,Independent,active,CONFIRMED,vtuber_seren_yukihoshi,Seren Channel,main,4480,294,135896,2026-08-21T19:10:17+00:00,,0.65,Thai VTuber Ranking,2026-09-06T15:07:31.286264+00:00,"VTuber signals: vtuber, vtuberth; Thai confidence: 0.65; Sources: Thai VTuber Ranking; Active (last video published 15 days ago)",True
UCxMjBu1cPzJpPWmGd0UdUhA,Maylyn Ch.【ARP】,@maylyn_arp,https://www.youtube.com/channel/UCxMjBu1cPzJpPWmGd0UdUhA,Algorhythm Project,active,CONFIRMED,vtuber_maylyn_arp,Maylyn Ch.【ARP】,main,22300,698,1113455,2026-09-05T19:50:34+00:00,,0.45,Thai VTuber Ranking,2026-09-06T15:07:31.286310+00:00,"VTuber signals: vtuber, วีทูบเบอร์, agency:Algorhythm Project; Agency: Algorhythm Project; Thai confidence: 0.45; Sources: Thai VTuber Ranking; Active (last video published 0 days ago)",True
UCx_2bHOqtU_pUtB62VDRF8Q,G_round,@g_roundv,https://www.youtube.com/channel/UCx_2bHOqtU_pUtB62VDRF8Q,Independent,active,CONFIRMED,vtuber_g_roundv,G_round,main,4940,942,534936,2026-09-04T02:39:17+00:00,,0.45,Thai VTuber Ranking,2026-09-06T15:07:31.286336+00:00,Thai confidence: 0.45; Sources: Thai VTuber Ranking; Active (last video published 2 days ago),True
UCx0dAEK6I00_Q7l9HJN86bQ,Chika Ch. Flora Project,@chikachfloraproject,https://www.youtube.com/channel/UCx0dAEK6I00_Q7l9HJN86bQ,Flora Project,hiatus,CONFIRMED,vtuber_chikachfloraproject,Chika Ch. Flora Project,main,6190,11,103487,2022-10-30T15:10:20+00:00,TH,1.0,Thai VTuber Ranking,2026-09-06T15:07:31.286374+00:00,"VTuber signals: vtuber, วีทูปเบอร์, วีทูป, vtuberth; Thai confidence: 1.00; Sources: Thai VTuber Ranking; Hiatus / Inactive for 1406 days (> 180d)",True
UCxH2k-7jm1hMVcujrnMMj0A,Ryouta OrcusX Ch.,@ryouta_vpj,https://www.youtube.com/channel/UCxH2k-7jm1hMVcujrnMMj0A,Independent,unknown,CONFIRMED,vtuber_ryouta_vpj,Ryouta OrcusX Ch.,main,50200,0,0,,,0.45,Thai VTuber Ranking,2026-09-06T15:07:31.286391+00:00,Thai confidence: 0.45; Sources: Thai VTuber Ranking; No public video history recorded,False
UCwV_WXNH4iIvUJIVddjyhbg,RA1NY ⌜VZ⌟,@ra1ny_vz,https://www.youtube.com/channel/UCwV_WXNH4iIvUJIVddjyhbg,Virtual Zeven (VZ),active,CONFIRMED,vtuber_ra1ny_vz,RA1NY ⌜VZ⌟,main,3890,359,185791,2026-09-01T03:31:00+00:00,TH,0.8,Thai VTuber Ranking,2026-09-06T15:07:31.286437+00:00,"VTuber signals: vtuber, vtuberth; Thai confidence: 0.80; Sources: Thai VTuber Ranking; Active (last video published 5 days ago)",True
UCxsvotVZGKCimeSlzK9bSzA,deksammy,@deksammy,https://www.youtube.com/channel/UCxsvotVZGKCimeSlzK9bSzA,Independent,active,CONFIRMED,vtuber_deksammy,deksammy,main,73400,411,10789547,2026-08-30T15:01:32+00:00,TH,0.8,Thai VTuber Ranking,2026-09-06T15:07:31.286456+00:00,Thai confidence: 0.80; Sources: Thai VTuber Ranking; Active (last video published 7 days ago),True
UCxvs-I90Ta71nqbT62ATU2A,Kuriimu Ch.,@kuriimuch,https://www.youtube.com/channel/UCxvs-I90Ta71nqbT62ATU2A,Independent,active,CONFIRMED,vtuber_kuriimuch,Kuriimu Ch.,main,4230,221,66713,2026-09-05T12:44:48+00:00,,0.45,Thai VTuber Ranking,2026-09-06T15:07:31.286498+00:00,"VTuber signals: vtuber, วีทูปเบอร์, วีทูป, vtuberth; Thai confidence: 0.45; Sources: Thai VTuber Ranking; Active (last video published 1 days ago)",True
UCx_E2v60IowRRNd5nb-4uBQ,Murkiel Ch.,@murkielch,https://www.youtube.com/channel/UCx_E2v60IowRRNd5nb-4uBQ,Independent,active,CONFIRMED,vtuber_murkielch,Murkiel Ch.,main,5740,355,245365,2026-07-31T16:42:12+00:00,TH,0.8,Thai VTuber Ranking,2026-09-06T15:07:31.286539+00:00,Thai confidence: 0.80; Sources: Thai VTuber Ranking; Active (last video published 36 days ago),True
UCwUlSrFBV74QvDBE112cibw,Aii MangaPink ch,@aii_mangapinkch,https://www.youtube.com/channel/UCwUlSrFBV74QvDBE112cibw,Independent,active,CONFIRMED,vtuber_aii_mangapinkch,Aii MangaPink ch,main,6670,940,790055,2026-09-05T01:00:12+00:00,,0.45,Thai VTuber Ranking,2026-09-06T15:07:31.286575+00:00,Thai confidence: 0.45; Sources: Thai VTuber Ranking; Active (last video published 1 days ago),True
UCxIaiSqWfGmUoAkcT6A8LAA,Lania Ch『VW』,@laniach,https://www.youtube.com/channel/UCxIaiSqWfGmUoAkcT6A8LAA,Independent,hiatus,CONFIRMED,vtuber_laniach,Lania Ch『VW』,main,6590,277,123057,2023-01-21T07:21:35+00:00,TH,0.8,Thai VTuber Ranking,2026-09-06T15:07:31.286606+00:00,Thai confidence: 0.80; Sources: Thai VTuber Ranking; Hiatus / Inactive for 1324 days (> 180d),True
UCyVnAtNZMl0S4x6F3msaElg,Makarov ch. 🐺,@makarovch.40k,https://www.youtube.com/channel/UCyVnAtNZMl0S4x6F3msaElg,Independent,active,CONFIRMED,vtuber_makarovch.40k,Makarov ch. 🐺,main,2730,183,396351,2026-09-05T14:45:36+00:00,TH,0.8,Thai VTuber Ranking,2026-09-06T15:07:31.286637+00:00,Thai confidence: 0.80; Sources: Thai VTuber Ranking; Active (last video published 1 days ago),True
UCxYJqN90g84gIwfCO2bUKLA,Nocturnaz Naar Ch. Pixela-Mystic,@nocturnaznaar,https://www.youtube.com/channel/UCxYJqN90g84gIwfCO2bUKLA,Pixela Project,hiatus,CONFIRMED,vtuber_nocturnaznaar,Nocturnaz Naar Ch. Pixela-Mystic,main,17400,191,548965,2024-06-01T03:15:00+00:00,TH,0.8,Thai VTuber Ranking,2026-09-06T15:07:31.286670+00:00,VTuber signals: agency:Pixela Project; Agency: Pixela Project; Thai confidence: 0.80; Sources: Thai VTuber Ranking; Hiatus / Inactive for 827 days (> 180d),True
UCyHu19qHV0hFQyK3ZOhtcnA,Nuttiz,@nuttiz,https://www.youtube.com/channel/UCyHu19qHV0hFQyK3ZOhtcnA,Independent,active,CONFIRMED,vtuber_nuttiz,Nuttiz,main,11000,444,1767866,2026-09-04T18:00:21+00:00,TH,0.8,Thai VTuber Ranking,2026-09-06T15:07:31.286719+00:00,Thai confidence: 0.80; Sources: Thai VTuber Ranking; Active (last video published 1 days ago),True
UCxLACuzMdL0qGzmXBu1VwJg,Yuusa Ch. 優桜ヨルモ,@yuusayorumo,https://www.youtube.com/channel/UCxLACuzMdL0qGzmXBu1VwJg,Independent,unknown,CONFIRMED,vtuber_yuusayorumo,Yuusa Ch. 優桜ヨルモ,main,9690,23,60610,,TH,0.8,Thai VTuber Ranking,2026-09-06T15:07:31.286756+00:00,Thai confidence: 0.80; Sources: Thai VTuber Ranking; No public video history recorded,False
UCyPXMeC0RCQPGlImQXmN8xg,Oni Shinkim Ch.【PSM】,@onishinkim,https://www.youtube.com/channel/UCyPXMeC0RCQPGlImQXmN8xg,Independent,active,CONFIRMED,vtuber_onishinkim,Oni Shinkim Ch.【PSM】,main,2460,60,96807,2026-05-06T13:00:06+00:00,,0.45,Thai VTuber Ranking,2026-09-06T15:07:31.286799+00:00,Thai confidence: 0.45; Sources: Thai VTuber Ranking; Active (last video published 123 days ago),True
UCz-_0-a_GPsU1-lrJJfYz7w,Little Lonita ⌜VZ⌟,@lonitach,https://www.youtube.com/channel/UCz-_0-a_GPsU1-lrJJfYz7w,Virtual Zeven (VZ),active,CONFIRMED,vtuber_lonitach,Little Lonita ⌜VZ⌟,main,18700,1556,2331571,2026-09-05T10:00:10+00:00,TH,0.35,Thai VTuber Ranking; Virtual YouTuber Fandom Wiki,2026-09-06T15:07:31.286847+00:00,"VTuber signals: vtuber, vtuberth; Thai confidence: 0.35; Sources: Thai VTuber Ranking, Virtual YouTuber Fandom Wiki; Active (last video published 1 days ago)",True
UCxWsr2bxzcNitGtnPk9hRbQ,StellarParticle,@stellarparticle,https://www.youtube.com/channel/UCxWsr2bxzcNitGtnPk9hRbQ,Algorhythm Project,hiatus,CONFIRMED,vtuber_stellarparticle,StellarParticle,main,3870,0,0,2026-02-22T08:56:06+00:00,US,0.2,Thai VTuber Ranking,2026-09-06T15:07:31.286862+00:00,"VTuber signals: vtuber, agency:Algorhythm Project; Agency: Algorhythm Project; Sources: Thai VTuber Ranking; Hiatus / Inactive for 196 days (> 180d)",True
UCyZOcyIIrCmWMWlZCbPL9kw,ไดได ⨳ECR⨳,@ravia_d_princisia,https://www.youtube.com/channel/UCyZOcyIIrCmWMWlZCbPL9kw,Independent,active,CONFIRMED,vtuber_ravia_d_princisia,ไดได ⨳ECR⨳,main,2610,210,54860,2026-09-02T02:46:28+00:00,TH,0.8,Thai VTuber Ranking,2026-09-06T15:07:31.286909+00:00,Thai confidence: 0.80; Sources: Thai VTuber Ranking; Active (last video published 4 days ago),True
UCxaiTOKjBqy0b9am_EGvexA,HoshinoKuroi Ch.,@hoshinokuroi440,https://www.youtube.com/channel/UCxaiTOKjBqy0b9am_EGvexA,Independent,active,CONFIRMED,vtuber_hoshinokuroi440,HoshinoKuroi Ch.,main,1030,211,163704,2026-09-05T01:35:39+00:00,TH,0.8,Thai VTuber Ranking,2026-09-06T15:07:31.286984+00:00,VTuber signals: live2d; Thai confidence: 0.80; Sources: Thai VTuber Ranking; Active (last video published 1 days ago),True
UCz8nJz2tNY6dbNiQ0JlZnnw,Rayan ch.【FIXIX VT】,@rayanch.fixixvt,https://www.youtube.com/channel/UCz8nJz2tNY6dbNiQ0JlZnnw,Independent,hiatus,CONFIRMED,vtuber_rayanch.fixixvt,Rayan ch.【FIXIX VT】,main,1360,13,8049,2025-03-09T18:06:56+00:00,,0.45,Thai VTuber Ranking,2026-09-06T15:07:31.287004+00:00,Thai confidence: 0.45; Sources: Thai VTuber Ranking; Hiatus / Inactive for 545 days (> 180d),True
UCyjuanhJSwS5h6edhGKmMbQ,Julius Kosmolatria Ch.,@julius_kosmolatria,https://www.youtube.com/channel/UCyjuanhJSwS5h6edhGKmMbQ,Independent,active,CONFIRMED,vtuber_julius_kosmolatria,Julius Kosmolatria Ch.,main,1670,60,6662,2026-09-05T15:35:54+00:00,TH,0.8,Thai VTuber Ranking; Virtual YouTuber Fandom Wiki,2026-09-06T15:07:31.287096+00:00,"VTuber signals: vtuber; Thai confidence: 0.80; Sources: Thai VTuber Ranking, Virtual YouTuber Fandom Wiki; Active (last video published 0 days ago)",True
UCxI2vEES81ViqI4xs7dnsnA,I'Shida,@ishida7489,https://www.youtube.com/channel/UCxI2vEES81ViqI4xs7dnsnA,Independent,hiatus,CONFIRMED,vtuber_ishida7489,I'Shida,main,2390,11,22379,2020-08-29T04:16:29+00:00,TH,0.55,Thai VTuber Ranking,2026-09-06T15:07:31.287140+00:00,"VTuber signals: vtuber, thai vtuber; Thai confidence: 0.55; Sources: Thai VTuber Ranking; Hiatus / Inactive for 2199 days (> 180d)",True
UCwtyxO7B0xIv3XdtSvdnYgQ,Aoi Crescent Ch.,@aoicrescent,https://www.youtube.com/channel/UCwtyxO7B0xIv3XdtSvdnYgQ,Independent,active,CONFIRMED,vtuber_aoicrescent,Aoi Crescent Ch.,main,35600,878,2014509,2026-09-04T17:25:54+00:00,TH,0.8,Thai VTuber Ranking; Virtual YouTuber Fandom Wiki,2026-09-06T15:07:31.287209+00:00,"VTuber signals: vtuber; Thai confidence: 0.80; Sources: Thai VTuber Ranking, Virtual YouTuber Fandom Wiki; Active (last video published 1 days ago)",True
UCx1g_QQFax29m6z1UXLTI3g,Fiatake,@fiatake1311,https://www.youtube.com/channel/UCx1g_QQFax29m6z1UXLTI3g,Independent,active,CONFIRMED,vtuber_fiatake1311,Fiatake,main,72700,342,3050784,2026-09-05T10:58:39+00:00,TH,0.8,Thai VTuber Ranking,2026-09-06T15:07:31.287256+00:00,Thai confidence: 0.80; Sources: Thai VTuber Ranking; Active (last video published 1 days ago),True
UCysbx8fVJc92SL4KtsakA8Q,CHACHACHALICE,@chachachalice,https://www.youtube.com/channel/UCysbx8fVJc92SL4KtsakA8Q,Independent,hiatus,CONFIRMED,vtuber_chachachalice,CHACHACHALICE,main,3530,40,28326,2023-10-15T03:07:06+00:00,,0.45,Thai VTuber Ranking,2026-09-06T15:07:31.287309+00:00,Thai confidence: 0.45; Sources: Thai VTuber Ranking; Hiatus / Inactive for 1057 days (> 180d),True
UCxnehbcB4sU8tjcfRsKxqGw,Lana Vtuber,@lanach_lh,https://www.youtube.com/channel/UCxnehbcB4sU8tjcfRsKxqGw,Independent,hiatus,CONFIRMED,vtuber_lanach_lh,Lana Vtuber,main,1550,0,0,2022-01-16T16:58:54+00:00,TH,0.8,Thai VTuber Ranking,2026-09-06T15:07:31.287336+00:00,VTuber signals: vtuber; Thai confidence: 0.80; Sources: Thai VTuber Ranking; Hiatus / Inactive for 1693 days (> 180d),True
UCydCZ9HbM9TbvXwsoI8rSdQ,QDM. Nora 『VW』,@qdmnora,https://www.youtube.com/channel/UCydCZ9HbM9TbvXwsoI8rSdQ,Independent,active,CONFIRMED,vtuber_qdmnora,QDM. Nora 『VW』,main,2120,991,543208,2026-09-05T18:15:56+00:00,,0.45,Thai VTuber Ranking,2026-09-06T15:07:31.287389+00:00,Thai confidence: 0.45; Sources: Thai VTuber Ranking; Active (last video published 0 days ago),True
UCxhTc8KCXqpWtvpBqx_Yi8g,Seijo Ch.,@seijoch,https://www.youtube.com/channel/UCxhTc8KCXqpWtvpBqx_Yi8g,Independent,active,CONFIRMED,vtuber_seijoch,Seijo Ch.,main,10400,507,613664,2026-09-05T16:21:11+00:00,TH,0.8,Thai VTuber Ranking,2026-09-06T15:07:31.287415+00:00,"VTuber signals: vtuber, วีทูปเบอร์, วีทูป; Thai confidence: 0.80; Sources: Thai VTuber Ranking; Active (last video published 0 days ago)",True
UCyMsZpmjEnQxpem3QEJ1G4Q,Arisa อาริสาและภาษาญี่ปุ่น,@arisa6033,https://www.youtube.com/channel/UCyMsZpmjEnQxpem3QEJ1G4Q,Independent,hiatus,CONFIRMED,vtuber_arisa6033,Arisa อาริสาและภาษาญี่ปุ่น,main,27600,46,583299,2022-03-27T13:08:46+00:00,TH,0.8,Thai VTuber Ranking,2026-09-06T15:07:31.287482+00:00,VTuber signals: vtuber; Thai confidence: 0.80; Sources: Thai VTuber Ranking; Hiatus / Inactive for 1624 days (> 180d),True
UCxn_EkDl0yi45LN2H00ddiQ,SEO A XAY,@seoaxay,https://www.youtube.com/channel/UCxn_EkDl0yi45LN2H00ddiQ,Independent,active,CONFIRMED,vtuber_seoaxay,SEO A XAY,main,41600,1014,2887256,2026-09-05T02:36:01+00:00,TH,0.8,Thai VTuber Ranking,2026-09-06T15:07:31.287554+00:00,Thai confidence: 0.80; Sources: Thai VTuber Ranking; Active (last video published 1 days ago),True
UCyHbGgiIiuzrZUX-VKVsmcw,MIINA Ch.,@miina_manii,https://www.youtube.com/channel/UCyHbGgiIiuzrZUX-VKVsmcw,Independent,active,CONFIRMED,vtuber_miina_manii,MIINA Ch.,main,1980,189,89990,2026-09-02T14:18:54+00:00,,0.45,Thai VTuber Ranking,2026-09-06T15:07:31.287582+00:00,Thai confidence: 0.45; Sources: Thai VTuber Ranking; Active (last video published 4 days ago),True
UCxfx5BudsoFOV-TLl0RdFNw,ChaoPlaThong,@chaoplathong,https://www.youtube.com/channel/UCxfx5BudsoFOV-TLl0RdFNw,Independent,active,CONFIRMED,vtuber_chaoplathong,ChaoPlaThong,main,65900,219,2849866,2026-07-23T12:26:50+00:00,TH,0.8,Thai VTuber Ranking,2026-09-06T15:07:31.287639+00:00,Thai confidence: 0.80; Sources: Thai VTuber Ranking; Active (last video published 45 days ago),True
UCw_7F4A38u-T_craqX6_OpQ,LINCKIA Ch.,@linckia_idyp,https://www.youtube.com/channel/UCw_7F4A38u-T_craqX6_OpQ,Independent,active,CONFIRMED,vtuber_linckia_idyp,LINCKIA Ch.,main,1260,219,49456,2026-08-09T03:04:32+00:00,,0.45,Thai VTuber Ranking,2026-09-06T15:07:31.287692+00:00,Thai confidence: 0.45; Sources: Thai VTuber Ranking; Active (last video published 28 days ago),True
UCx4qz8NiVkQQj4x-7mhS9Dg,Eyez Benjaneth Ch.,@eyezbenjaneth,https://www.youtube.com/channel/UCx4qz8NiVkQQj4x-7mhS9Dg,Independent,active,CONFIRMED,vtuber_eyezbenjaneth,Eyez Benjaneth Ch.,main,1930,308,64222,2026-09-02T15:44:24+00:00,,0.35,Thai VTuber Ranking,2026-09-06T15:07:31.287727+00:00,"VTuber signals: vtuber, thai vtuber; Thai confidence: 0.35; Sources: Thai VTuber Ranking; Active (last video published 3 days ago)",True
UCySlA9Pv5IVXvkW_lN_NXRw,Tequila Ch.【ARP】,@tequila_arp,https://www.youtube.com/channel/UCySlA9Pv5IVXvkW_lN_NXRw,Algorhythm Project,active,CONFIRMED,vtuber_tequila_arp,Tequila Ch.【ARP】,main,18000,667,562377,2026-09-05T10:50:27+00:00,,0.0,Thai VTuber Ranking,2026-09-06T15:07:31.287763+00:00,VTuber signals: agency:Algorhythm Project; Agency: Algorhythm Project; Sources: Thai VTuber Ranking; Active (last video published 1 days ago),True
UCx5NsY_dUUU2NHK2P8u10xQ,Ngerntong-เงินทอง,@ngern_tong,https://www.youtube.com/channel/UCx5NsY_dUUU2NHK2P8u10xQ,Independent,active,CONFIRMED,vtuber_ngern_tong,Ngerntong-เงินทอง,main,69400,442,6203763,2026-08-26T04:14:28+00:00,TH,1.0,Thai VTuber Ranking,2026-09-06T15:07:31.287804+00:00,"VTuber signals: vtuber, thai vtuber; Thai confidence: 1.00; Sources: Thai VTuber Ranking; Active (last video published 11 days ago)",True
UCJ6HUQOWSjCHHdOgz13zFlA,TheQuillmon ⌜VZ⌟,@thequillmon,https://www.youtube.com/channel/UCJ6HUQOWSjCHHdOgz13zFlA,Virtual Zeven (VZ),active,CONFIRMED,vtuber_thequillmon,TheQuillmon ⌜VZ⌟,main,405000,264,10054665,2026-09-02T12:00:27+00:00,TH,0.35,Thai VTuber Ranking,2026-09-06T15:07:31.287880+00:00,"VTuber signals: vtuber, virtual streamer, vtuberth; Thai confidence: 0.35; Sources: Thai VTuber Ranking; Active (last video published 4 days ago)",True
UCI1SAgyaSIwdGf2uVbcmuvQ,Realiable Ch.,@realiablech,https://www.youtube.com/channel/UCI1SAgyaSIwdGf2uVbcmuvQ,Independent,active,CONFIRMED,vtuber_realiablech,Realiable Ch.,main,4870,2142,807018,2026-09-03T04:26:26+00:00,TH,1.0,Thai VTuber Ranking,2026-09-06T15:07:31.287914+00:00,Thai confidence: 1.00; Sources: Thai VTuber Ranking; Active (last video published 3 days ago),True
UCJ2Ahrr9QYJnrjYJkWccSzg,Kochiki Gram Ch.,@kochikigram,https://www.youtube.com/channel/UCJ2Ahrr9QYJnrjYJkWccSzg,Independent,active,CONFIRMED,vtuber_kochikigram,Kochiki Gram Ch.,main,755,120,60159,2026-09-03T11:00:28+00:00,,0.45,Thai VTuber Ranking,2026-09-06T15:07:31.287939+00:00,Thai confidence: 0.45; Sources: Thai VTuber Ranking; Active (last video published 3 days ago),True
UCIgXtat0bKE5e8sXtUgutOw,Torakaze,@torakaze_13,https://www.youtube.com/channel/UCIgXtat0bKE5e8sXtUgutOw,Independent,active,CONFIRMED,vtuber_torakaze_13,Torakaze,main,1030,546,262586,2026-08-28T15:56:20+00:00,TH,0.8,Thai VTuber Ranking,2026-09-06T15:07:31.287967+00:00,VTuber signals: vtuber; Thai confidence: 0.80; Sources: Thai VTuber Ranking; Active (last video published 8 days ago),True
UCJH6IzDkIlz5Dw93LzEC_Nw,Cazzia Bakeriana Ch. - Parabellum,@cazziabakerianachparabellum,https://www.youtube.com/channel/UCJH6IzDkIlz5Dw93LzEC_Nw,Independent,hiatus,CONFIRMED,vtuber_cazziabakerianachparabellum,Cazzia Bakeriana Ch. - Parabellum,main,1240,13,17507,2022-04-23T15:22:32+00:00,,0.45,Thai VTuber Ranking,2026-09-06T15:07:31.288000+00:00,Thai confidence: 0.45; Sources: Thai VTuber Ranking; Hiatus / Inactive for 1596 days (> 180d),True
UCJL3R_l2-sxDQelzyQ6fHug, NiRu Channel ,@niru_ch,https://www.youtube.com/channel/UCJL3R_l2-sxDQelzyQ6fHug,Independent,active,CONFIRMED,vtuber_niru_ch, NiRu Channel ,main,423,212,34218,2026-08-31T17:05:24+00:00,,0.45,Thai VTuber Ranking,2026-09-06T15:07:31.288119+00:00,VTuber signals: vtuber; Thai confidence: 0.45; Sources: Thai VTuber Ranking; Active (last video published 5 days ago),True
UCIcJV6J1HFf0cHKeswvTyaw,Navia Whale,@navii_whale,https://www.youtube.com/channel/UCIcJV6J1HFf0cHKeswvTyaw,Independent,active,CONFIRMED,vtuber_navii_whale,Navia Whale,main,980,58,57801,2026-08-05T11:31:47+00:00,TH,0.8,Thai VTuber Ranking,2026-09-06T15:07:31.288151+00:00,Thai confidence: 0.80; Sources: Thai VTuber Ranking; Active (last video published 32 days ago),True
UCHeMMokpj5MpPVZwS121gZw,ヤマキ君,@muzusa1234,https://www.youtube.com/channel/UCHeMMokpj5MpPVZwS121gZw,Independent,hiatus,CONFIRMED,vtuber_muzusa1234,ヤマキ君,main,1990,0,0,2023-05-01T15:30:26+00:00,TH,0.55,Thai VTuber Ranking,2026-09-06T15:07:31.288171+00:00,"VTuber signals: vtuber, thai vtuber; Thai confidence: 0.55; Sources: Thai VTuber Ranking; Hiatus / Inactive for 1223 days (> 180d)",True
UCHUHJ0riRQWzPWdAchy6D4w,Besicka「ALF」,@besicka_alf,https://www.youtube.com/channel/UCHUHJ0riRQWzPWdAchy6D4w,ALF,active,CONFIRMED,vtuber_besicka_alf,Besicka「ALF」,main,418,225,18702,2026-08-27T03:35:17+00:00,,0.45,Thai VTuber Ranking,2026-09-06T15:07:31.288194+00:00,Thai confidence: 0.45; Sources: Thai VTuber Ranking; Active (last video published 10 days ago),True
UCIc2CW34mQ6eAlJoPV2Un4Q,Sonnenblume,@sonnenblume_helianthus,https://www.youtube.com/channel/UCIc2CW34mQ6eAlJoPV2Un4Q,Independent,active,CONFIRMED,vtuber_sonnenblume_helianthus,Sonnenblume,main,2060,763,133486,2026-09-02T18:35:06+00:00,TH,0.8,Thai VTuber Ranking,2026-09-06T15:07:31.288219+00:00,Thai confidence: 0.80; Sources: Thai VTuber Ranking; Active (last video published 3 days ago),True
UCHL4mRfm4hZgmg4sPYRiYkg,Bombay Bergamot,@bombaybergamot8,https://www.youtube.com/channel/UCHL4mRfm4hZgmg4sPYRiYkg,Independent,hiatus,CONFIRMED,vtuber_bombaybergamot8,Bombay Bergamot,main,3520,112,68171,2025-06-01T09:30:12+00:00,TH,0.55,Thai VTuber Ranking,2026-09-06T15:07:31.288243+00:00,VTuber signals: vtuber; Thai confidence: 0.55; Sources: Thai VTuber Ranking; Hiatus / Inactive for 462 days (> 180d),True
UCJCORIrObs3iTzSzCHHvlCA,Lyvea•Eve,@lyveaveve,https://www.youtube.com/channel/UCJCORIrObs3iTzSzCHHvlCA,Independent,active,CONFIRMED,vtuber_lyveaveve,Lyvea•Eve,main,6390,407,255085,2026-09-01T07:00:48+00:00,,0.3,Thai VTuber Ranking,2026-09-06T15:07:31.288263+00:00,VTuber signals: live2d; Thai confidence: 0.30; Sources: Thai VTuber Ranking; Active (last video published 5 days ago),True
UCHomiuTL8mMUPtDIbJw_TFg,Remisde || Vtuber,@remisde_vtuber,https://www.youtube.com/channel/UCHomiuTL8mMUPtDIbJw_TFg,Independent,active,CONFIRMED,vtuber_remisde_vtuber,Remisde || Vtuber,main,141,50,3767,2026-08-13T19:29:03+00:00,,0.45,Thai VTuber Ranking,2026-09-06T15:07:31.288290+00:00,VTuber signals: vtuber; Thai confidence: 0.45; Sources: Thai VTuber Ranking; Active (last video published 23 days ago),True
UCHYMhyLCSsaZCRPzov6tHLg,Wilona Ch.,@wilona.thegoat,https://www.youtube.com/channel/UCHYMhyLCSsaZCRPzov6tHLg,Independent,active,CONFIRMED,vtuber_wilona.thegoat,Wilona Ch.,main,1580,111,63724,2026-08-28T10:59:59+00:00,TH,0.55,Thai VTuber Ranking,2026-09-06T15:07:31.288310+00:00,VTuber signals: vtuber; Thai confidence: 0.55; Sources: Thai VTuber Ranking; Active (last video published 9 days ago),True
UCI0fG0fCTx3iyzC6wv_hI3g,Hibana Nekomata,@hbnpoyo,https://www.youtube.com/channel/UCI0fG0fCTx3iyzC6wv_hI3g,Independent,active,CONFIRMED,vtuber_hbnpoyo,Hibana Nekomata,main,2160,178,444228,2026-08-28T09:55:03+00:00,TH,0.8,Thai VTuber Ranking,2026-09-06T15:07:31.288393+00:00,VTuber signals: vtuber; Thai confidence: 0.80; Sources: Thai VTuber Ranking; Active (last video published 9 days ago),True
UCINPv9Ffoo7mgvEfKY8Ks2A,Pugko Ch.,@pugko,https://www.youtube.com/channel/UCINPv9Ffoo7mgvEfKY8Ks2A,Independent,active,CONFIRMED,vtuber_pugko,Pugko Ch.,main,2890,365,111011,2026-09-03T10:28:53+00:00,,0.65,Thai VTuber Ranking,2026-09-06T15:07:31.288426+00:00,"VTuber signals: vtuber, วีทูปเบอร์, วีทูป, live2d; Thai confidence: 0.65; Sources: Thai VTuber Ranking; Active (last video published 3 days ago)",True
UCJFoHpvvS4MLNsq0VeiEAyg,Yunes Ch ,@yunesch,https://www.youtube.com/channel/UCJFoHpvvS4MLNsq0VeiEAyg,Independent,active,CONFIRMED,vtuber_yunesch,Yunes Ch ,main,5790,592,562007,2026-09-02T20:01:59+00:00,,0.45,Thai VTuber Ranking,2026-09-06T15:07:31.288474+00:00,Thai confidence: 0.45; Sources: Thai VTuber Ranking; Active (last video published 3 days ago),True
UCJEy_y-4fO4j2D6RLANc25Q,Zetsuna Ch.,@zetsunach.7273,https://www.youtube.com/channel/UCJEy_y-4fO4j2D6RLANc25Q,Independent,active,CONFIRMED,vtuber_zetsunach.7273,Zetsuna Ch.,main,1180,217,149832,2026-08-25T15:11:31+00:00,TH,0.8,Thai VTuber Ranking,2026-09-06T15:07:31.288496+00:00,VTuber signals: วีทูบเบอร์; Thai confidence: 0.80; Sources: Thai VTuber Ranking; Active (last video published 11 days ago),True
UCINz9FJcpcedlGsYKXQkopA,Hoshimura Himawari,@himawariwhiteowl,https://www.youtube.com/channel/UCINz9FJcpcedlGsYKXQkopA,Independent,active,CONFIRMED,vtuber_himawariwhiteowl,Hoshimura Himawari,main,12700,815,451262,2026-09-01T12:00:01+00:00,TH,0.8,Thai VTuber Ranking,2026-09-06T15:07:31.288564+00:00,Thai confidence: 0.80; Sources: Thai VTuber Ranking; Active (last video published 5 days ago),True
UCHhj6UP01456AHTAZkrKDrg,KIRIN,@kirin_vexorcist,https://www.youtube.com/channel/UCHhj6UP01456AHTAZkrKDrg,Independent,active,CONFIRMED,vtuber_kirin_vexorcist,KIRIN,main,2230,122,93497,2026-09-03T04:50:19+00:00,,0.45,Thai VTuber Ranking,2026-09-06T15:07:31.288587+00:00,Thai confidence: 0.45; Sources: Thai VTuber Ranking; Active (last video published 3 days ago),True
UCJ8R9I1AWV94psG7gxLiU5Q,MaRinENaJa,@marinenaja,https://www.youtube.com/channel/UCJ8R9I1AWV94psG7gxLiU5Q,Independent,active,CONFIRMED,vtuber_marinenaja,MaRinENaJa,main,1830,106,198389,2026-06-09T05:06:24+00:00,TH,0.8,Thai VTuber Ranking,2026-09-06T15:07:31.288613+00:00,Thai confidence: 0.80; Sources: Thai VTuber Ranking; Active (last video published 89 days ago),True
UCI7HyoyonuN4gh_Mgu6Kzbg,Hydejung 【21PM】,@hydejung21pm,https://www.youtube.com/channel/UCI7HyoyonuN4gh_Mgu6Kzbg,Independent,active,CONFIRMED,vtuber_hydejung21pm,Hydejung 【21PM】,main,6110,719,330315,2026-09-02T16:32:14+00:00,TH,0.8,Thai VTuber Ranking,2026-09-06T15:07:31.288648+00:00,VTuber signals: vtuber; Thai confidence: 0.80; Sources: Thai VTuber Ranking; Active (last video published 3 days ago),True
UCIBdFlC2Fk3rID8CAETV35g,Kryspeia Cosmelis Ch. Lumina-Mutelu,@kryspeiacosmelis,https://www.youtube.com/channel/UCIBdFlC2Fk3rID8CAETV35g,Lumina Live,active,CONFIRMED,vtuber_kryspeiacosmelis,Kryspeia Cosmelis Ch. Lumina-Mutelu,main,13500,228,1004150,2026-09-04T11:00:33+00:00,TH,0.8,Thai VTuber Ranking,2026-09-06T15:07:31.288699+00:00,VTuber signals: agency:Lumina Live; Agency: Lumina Live; Thai confidence: 0.80; Sources: Thai VTuber Ranking; Active (last video published 2 days ago),True
UCIWrMTsjxdx_V1zlBkbCVCg,MaRinE Channel,@marine_vtuber_,https://www.youtube.com/channel/UCIWrMTsjxdx_V1zlBkbCVCg,Independent,hiatus,CONFIRMED,vtuber_marine_vtuber_,MaRinE Channel,main,2670,5,19559,2024-04-03T20:23:54+00:00,,0.45,Thai VTuber Ranking,2026-09-06T15:07:31.288722+00:00,Thai confidence: 0.45; Sources: Thai VTuber Ranking; Hiatus / Inactive for 885 days (> 180d),True
UCI-P6wAQOviwsqMuVTVYKPQ,Benibanashi Gento | 紅話玄踪-VTuber,@benibanashigento,https://www.youtube.com/channel/UCI-P6wAQOviwsqMuVTVYKPQ,Independent,active,CONFIRMED,vtuber_benibanashigento,Benibanashi Gento | 紅話玄踪-VTuber,main,2770,91,85201,2026-08-22T16:20:54+00:00,TH,1.0,Thai VTuber Ranking,2026-09-06T15:07:31.288835+00:00,VTuber signals: vtuber; Thai confidence: 1.00; Sources: Thai VTuber Ranking; Active (last video published 14 days ago),True
UCHONh9zedNOSdzUqUbSUQ-Q,baruru channel,@baruruchannel,https://www.youtube.com/channel/UCHONh9zedNOSdzUqUbSUQ-Q,Independent,active,CONFIRMED,vtuber_baruruchannel,baruru channel,main,19500,1143,965847,2026-09-02T16:18:55+00:00,,0.45,Thai VTuber Ranking,2026-09-06T15:07:31.288877+00:00,"VTuber signals: vtuber, วีทูปเบอร์, วีทูป; Thai confidence: 0.45; Sources: Thai VTuber Ranking; Active (last video published 3 days ago)",True
UCI38FHfSdCBRlD90Np1mGSQ,Catta.,@catta4r,https://www.youtube.com/channel/UCI38FHfSdCBRlD90Np1mGSQ,Independent,active,CONFIRMED,vtuber_catta4r,Catta.,main,18300,202,7936594,2026-08-31T17:54:30+00:00,,0.3,Thai VTuber Ranking,2026-09-06T15:07:31.288894+00:00,Thai confidence: 0.30; Sources: Thai VTuber Ranking; Active (last video published 5 days ago),True
UCHRq9JfoPNIg5p1rMG02oqA,Zinnia,@zinnialy,https://www.youtube.com/channel/UCHRq9JfoPNIg5p1rMG02oqA,Independent,active,CONFIRMED,vtuber_zinnialy,Zinnia,main,719,137,23971,2026-07-27T04:18:31+00:00,TH,1.0,Thai VTuber Ranking,2026-09-06T15:07:31.288939+00:00,"VTuber signals: vtuber, vtuberth; Thai confidence: 1.00; Sources: Thai VTuber Ranking; Active (last video published 41 days ago)",True
UCJMSZ92fkCAzyWmkdpvCuQA,SZeroCh,@szeroatsushi,https://www.youtube.com/channel/UCJMSZ92fkCAzyWmkdpvCuQA,Independent,active,CONFIRMED,vtuber_szeroatsushi,SZeroCh,main,243,250,9840,2026-09-01T01:05:21+00:00,TH,0.8,Thai VTuber Ranking,2026-09-06T15:07:31.288960+00:00,Thai confidence: 0.80; Sources: Thai VTuber Ranking; Active (last video published 5 days ago),True
UCHa6wMUGqyur-ZWsUwDeQOg, Cliche Ch.〖SSR〗,@cliche_ssr,https://www.youtube.com/channel/UCHa6wMUGqyur-ZWsUwDeQOg,Independent,active,CONFIRMED,vtuber_cliche_ssr, Cliche Ch.〖SSR〗,main,710,65,65547,2026-09-03T03:19:30+00:00,,0.45,Thai VTuber Ranking,2026-09-06T15:07:31.288990+00:00,Thai confidence: 0.45; Sources: Thai VTuber Ranking; Active (last video published 3 days ago),True
UCHzQgT7k-UHxSo8oLQlf6Qg,VoidCat,@voidcatfatbeans,https://www.youtube.com/channel/UCHzQgT7k-UHxSo8oLQlf6Qg,Independent,hiatus,CONFIRMED,vtuber_voidcatfatbeans,VoidCat,main,5510,72,117451,2025-12-03T17:43:50+00:00,,0.45,Thai VTuber Ranking,2026-09-06T15:07:31.289010+00:00,Thai confidence: 0.45; Sources: Thai VTuber Ranking; Hiatus / Inactive for 276 days (> 180d),True
UCHlFbiJk0VWcT2dPwTqXcxw, JaoKat \ ジャオカットくん,@jaokat,https://www.youtube.com/channel/UCHlFbiJk0VWcT2dPwTqXcxw,Independent,active,CONFIRMED,vtuber_jaokat, JaoKat \ ジャオカットくん,main,225,114,16339,2026-07-28T05:32:17+00:00,,0.45,Thai VTuber Ranking,2026-09-06T15:07:31.289041+00:00,Thai confidence: 0.45; Sources: Thai VTuber Ranking; Active (last video published 40 days ago),True
UCJ9STJzDqEexCPnqAAHe5Cw,RINNPING,@rinnping8745,https://www.youtube.com/channel/UCJ9STJzDqEexCPnqAAHe5Cw,Independent,hiatus,CONFIRMED,vtuber_rinnping8745,RINNPING,main,3080,190,257758,2023-01-18T16:12:33+00:00,TH,0.85,Thai VTuber Ranking,2026-09-06T15:07:31.289073+00:00,"VTuber signals: vtuber, vtuberth; Thai confidence: 0.85; Sources: Thai VTuber Ranking; Hiatus / Inactive for 1326 days (> 180d)",True
UCHkNbiqY3dc4AcaiGxSq2_Q,Rosalyn Ch.,@rosettawitch,https://www.youtube.com/channel/UCHkNbiqY3dc4AcaiGxSq2_Q,Independent,active,CONFIRMED,vtuber_rosettawitch,Rosalyn Ch.,main,717,219,32117,2026-08-24T00:03:41+00:00,TH,0.8,Thai VTuber Ranking,2026-09-06T15:07:31.289112+00:00,Thai confidence: 0.80; Sources: Thai VTuber Ranking; Active (last video published 13 days ago),True
UCJ6kqLPI4aALUa0p3kJJUKQ,Mellowlop「Paralist」,@mellowlop,https://www.youtube.com/channel/UCJ6kqLPI4aALUa0p3kJJUKQ,Paralist,active,CONFIRMED,vtuber_mellowlop,Mellowlop「Paralist」,main,2540,494,168040,2026-08-29T15:39:12+00:00,TH,1.0,Thai VTuber Ranking,2026-09-06T15:07:31.289173+00:00,Thai confidence: 1.00; Sources: Thai VTuber Ranking; Active (last video published 7 days ago),True
UCIh-YIiPfxN0qPWAvIpfBXQ,Himari Hana Ch.,@himari_hana,https://www.youtube.com/channel/UCIh-YIiPfxN0qPWAvIpfBXQ,Independent,hiatus,CONFIRMED,vtuber_himari_hana,Himari Hana Ch.,main,1060,5,485,2025-08-26T12:59:40+00:00,TH,0.8,Thai VTuber Ranking,2026-09-06T15:07:31.289261+00:00,Thai confidence: 0.80; Sources: Thai VTuber Ranking; Hiatus / Inactive for 376 days (> 180d),True
UCIxWJ7k2MWKT6sIg3mLjkTg,โป๊ะโกะ / PoKo ปลวกทูปเบ๋อ,@poko_vtuber,https://www.youtube.com/channel/UCIxWJ7k2MWKT6sIg3mLjkTg,Independent,active,CONFIRMED,vtuber_poko_vtuber,โป๊ะโกะ / PoKo ปลวกทูปเบ๋อ,main,90400,89,20334166,2026-09-03T03:00:51+00:00,TH,0.8,Thai VTuber Ranking,2026-09-06T15:07:31.289281+00:00,Thai confidence: 0.80; Sources: Thai VTuber Ranking; Active (last video published 3 days ago),True
UCHhIQk2SuVBxR4H2PH_3j2Q,นานาโฮชิ นานะ / 七星ナナ,@nanahoshinana,https://www.youtube.com/channel/UCHhIQk2SuVBxR4H2PH_3j2Q,Independent,active,CONFIRMED,vtuber_nanahoshinana,นานาโฮชิ นานะ / 七星ナナ,main,177000,405,48215678,2026-09-01T18:04:32+00:00,TH,0.8,Thai VTuber Ranking; Virtual YouTuber Fandom Wiki,2026-09-06T15:07:31.289324+00:00,"Thai confidence: 0.80; Sources: Thai VTuber Ranking, Virtual YouTuber Fandom Wiki; Active (last video published 4 days ago)",True
UCI9bNMcvSiuq-bfjsPNomTA,Kana Ibera Ch.,@kanaiberachannel,https://www.youtube.com/channel/UCI9bNMcvSiuq-bfjsPNomTA,Independent,active,CONFIRMED,vtuber_kanaiberachannel,Kana Ibera Ch.,main,3560,1351,493842,2026-09-02T18:32:55+00:00,TH,0.8,Thai VTuber Ranking,2026-09-06T15:07:31.289354+00:00,VTuber signals: virtual youtuber; Thai confidence: 0.80; Sources: Thai VTuber Ranking; Active (last video published 3 days ago),True
UCJ8hefgtMDAtBo7NRSa90Zg,OwlMan Ch.,@owlmanch,https://www.youtube.com/channel/UCJ8hefgtMDAtBo7NRSa90Zg,Independent,active,CONFIRMED,vtuber_owlmanch,OwlMan Ch.,main,361,160,13675,2026-08-19T17:11:55+00:00,,0.2,Thai VTuber Ranking,2026-09-06T15:07:31.289392+00:00,"VTuber signals: vtuber, thai vtuber; Sources: Thai VTuber Ranking; Active (last video published 17 days ago)",True
UCIDkMzUr_JW5yoiq_Nx35_A,MaaeTheGreatest,@maaethegreatest,https://www.youtube.com/channel/UCIDkMzUr_JW5yoiq_Nx35_A,Independent,hiatus,CONFIRMED,vtuber_maaethegreatest,MaaeTheGreatest,main,1020,20,100438,2026-03-06T10:45:00+00:00,TH,0.8,Thai VTuber Ranking,2026-09-06T15:07:31.289418+00:00,"VTuber signals: วีทูปเบอร์, วีทูป; Thai confidence: 0.80; Sources: Thai VTuber Ranking; Hiatus / Inactive for 184 days (> 180d)",True
UCHyAFq-CHcgrOte84Wvmorw,IKKI CHANNEL,@ikkichannel_,https://www.youtube.com/channel/UCHyAFq-CHcgrOte84Wvmorw,Independent,active,CONFIRMED,vtuber_ikkichannel_,IKKI CHANNEL,main,3380,97,62042,2026-06-20T10:03:32+00:00,TH,0.8,Thai VTuber Ranking,2026-09-06T15:07:31.289456+00:00,Thai confidence: 0.80; Sources: Thai VTuber Ranking; Active (last video published 78 days ago),True
UCIGChk_c7ZNdtpOrmbHr2NA,Miibelle「ASMR VTUBER」,@mii__belle,https://www.youtube.com/channel/UCIGChk_c7ZNdtpOrmbHr2NA,Independent,active,CONFIRMED,vtuber_mii__belle,Miibelle「ASMR VTUBER」,main,15800,5,35596,2026-04-15T10:00:06+00:00,TH,0.8,Thai VTuber Ranking; Virtual YouTuber Fandom Wiki,2026-09-06T15:07:31.289478+00:00,"VTuber signals: vtuber; Thai confidence: 0.80; Sources: Thai VTuber Ranking, Virtual YouTuber Fandom Wiki; Active (last video published 144 days ago)",True
UCJAI6tpsee_w0sMV7-NB_Tw,SUIFONG CH〖DPX〗,@suifong_ch,https://www.youtube.com/channel/UCJAI6tpsee_w0sMV7-NB_Tw,DPX,active,CONFIRMED,vtuber_suifong_ch,SUIFONG CH〖DPX〗,main,2210,98,59363,2026-08-15T10:37:17+00:00,TH,0.8,Thai VTuber Ranking,2026-09-06T15:07:31.289574+00:00,"VTuber signals: vtuber, vtuberth; Thai confidence: 0.80; Sources: Thai VTuber Ranking; Active (last video published 22 days ago)",True
UCHhUajhm4zRg-_Ubw11otfw,NamiNe,@naminerakko,https://www.youtube.com/channel/UCHhUajhm4zRg-_Ubw11otfw,Independent,active,CONFIRMED,vtuber_naminerakko,NamiNe,main,9410,171,247515,2026-08-30T15:18:44+00:00,TH,0.35,Thai VTuber Ranking,2026-09-06T15:07:31.289607+00:00,"VTuber signals: vtuber, vtuberth; Thai confidence: 0.35; Sources: Thai VTuber Ranking; Active (last video published 6 days ago)",True
UCHudKjxLpwqHoqV-57uTRFw,FuwaFuwaSeal,@fuwafuwaseal,https://www.youtube.com/channel/UCHudKjxLpwqHoqV-57uTRFw,Independent,active,CONFIRMED,vtuber_fuwafuwaseal,FuwaFuwaSeal,main,6480,1279,440928,2026-08-14T02:00:15+00:00,TH,0.8,Thai VTuber Ranking,2026-09-06T15:07:31.289704+00:00,"VTuber signals: vtuber, วีทูป; Thai confidence: 0.80; Sources: Thai VTuber Ranking; Active (last video published 23 days ago)",True
UCIMFIkXOGA7dWA903WdRKKg,Nezumi Elze Ch. Pixela Legends,@nezumielze,https://www.youtube.com/channel/UCIMFIkXOGA7dWA903WdRKKg,Pixela Project,active,CONFIRMED,vtuber_nezumielze,Nezumi Elze Ch. Pixela Legends,main,58200,1322,6700340,2026-09-03T04:13:56+00:00,TH,0.8,Thai VTuber Ranking,2026-09-06T15:07:31.289736+00:00,VTuber signals: agency:Pixela Project; Agency: Pixela Project; Thai confidence: 0.80; Sources: Thai VTuber Ranking; Active (last video published 3 days ago),True
UCIJlMF7bynSgi0G8Hy6j94g,SoDaChan | Vtuber,@sodachanvtuber,https://www.youtube.com/channel/UCIJlMF7bynSgi0G8Hy6j94g,Independent,active,CONFIRMED,vtuber_sodachanvtuber,SoDaChan | Vtuber,main,4630,239,459737,2026-08-12T18:26:21+00:00,,0.45,Thai VTuber Ranking,2026-09-06T15:07:31.289794+00:00,VTuber signals: vtuber; Thai confidence: 0.45; Sources: Thai VTuber Ranking; Active (last video published 24 days ago),True
UCHNUhekh0u_TuF6vZ5S5j8w,MONGON. Association From 48 Dimension World (V.2),@mongon.af48dw.,https://www.youtube.com/channel/UCHNUhekh0u_TuF6vZ5S5j8w,Independent,active,CONFIRMED,vtuber_mongon.af48dw.,MONGON. Association From 48 Dimension World (V.2),main,7670,1232,1891721,2026-08-31T02:15:55+00:00,TH,1.0,Thai VTuber Ranking,2026-09-06T15:07:31.289881+00:00,Thai confidence: 1.00; Sources: Thai VTuber Ranking; Active (last video published 6 days ago),True
UCpMuWBxMa6ttNgtylPTn3Hg,Nergal Near Ch.,@nergalnearch,https://www.youtube.com/channel/UCpMuWBxMa6ttNgtylPTn3Hg,Independent,active,CONFIRMED,vtuber_nergalnearch,Nergal Near Ch.,main,53900,630,26108832,2026-09-01T19:03:46+00:00,TH,0.8,Thai VTuber Ranking,2026-09-06T15:07:31.289945+00:00,"VTuber signals: vtuber, วีทูปเบอร์, วีทูป, live2d, vtuberth; Thai confidence: 0.80; Sources: Thai VTuber Ranking; Active (last video published 4 days ago)",True
UCq0Nq6SwDplj3OcuvwkE1Mg,Fuka CH.〔 DBT 〕,@kitsunefukadbt,https://www.youtube.com/channel/UCq0Nq6SwDplj3OcuvwkE1Mg,Independent,active,CONFIRMED,vtuber_kitsunefukadbt,Fuka CH.〔 DBT 〕,main,658,204,15760,2026-09-01T14:06:51+00:00,TH,0.8,Thai VTuber Ranking,2026-09-06T15:07:31.289976+00:00,VTuber signals: วีทูป; Thai confidence: 0.80; Sources: Thai VTuber Ranking; Active (last video published 5 days ago),True
UCq1-zScAqUHmGQO9SYI5pIg,JellMellO,@jellmello_j,https://www.youtube.com/channel/UCq1-zScAqUHmGQO9SYI5pIg,Independent,active,CONFIRMED,vtuber_jellmello_j,JellMellO,main,3160,617,128270,2026-08-16T12:29:43+00:00,TH,0.55,Thai VTuber Ranking,2026-09-06T15:07:31.289993+00:00,"VTuber signals: vtuber, thai vtuber; Thai confidence: 0.55; Sources: Thai VTuber Ranking; Active (last video published 21 days ago)",True
UCqCv5pUmAMeoQMushiW3Csg,Lamu Ch.,@lamuch,https://www.youtube.com/channel/UCqCv5pUmAMeoQMushiW3Csg,Independent,active,CONFIRMED,vtuber_lamuch,Lamu Ch.,main,19600,692,2887524,2026-09-04T01:30:01+00:00,TH,1.0,Thai VTuber Ranking,2026-09-06T15:07:31.290031+00:00,"VTuber signals: vtuber, virtual youtuber; Thai confidence: 1.00; Sources: Thai VTuber Ranking; Active (last video published 2 days ago)",True
UCqu5twYqzKGrRyIrcvg4YXA,Rainnie Rgrada Ch.,@rainniergradach,https://www.youtube.com/channel/UCqu5twYqzKGrRyIrcvg4YXA,Independent,active,CONFIRMED,vtuber_rainniergradach,Rainnie Rgrada Ch.,main,6160,101,163378,2026-05-21T08:54:56+00:00,TH,0.8,Thai VTuber Ranking,2026-09-06T15:07:31.290080+00:00,VTuber signals: vtuber; Thai confidence: 0.80; Sources: Thai VTuber Ranking; Active (last video published 108 days ago),True
UCpWoDWpQSzhs3PMMU4WrfiQ,Zoe Specter Ch.,@zoespecter,https://www.youtube.com/channel/UCpWoDWpQSzhs3PMMU4WrfiQ,Independent,active,CONFIRMED,vtuber_zoespecter,Zoe Specter Ch.,main,13900,757,3083464,2026-08-30T12:29:05+00:00,,0.45,Thai VTuber Ranking,2026-09-06T15:07:31.290141+00:00,VTuber signals: vtuber; Thai confidence: 0.45; Sources: Thai VTuber Ranking; Active (last video published 7 days ago),True
UCr0-V3nBW3klbNrklD_1TPg,Hiyoribouzu Ch.,@hiyoribouzu,https://www.youtube.com/channel/UCr0-V3nBW3klbNrklD_1TPg,Independent,active,CONFIRMED,vtuber_hiyoribouzu,Hiyoribouzu Ch.,main,2410,189,231625,2026-08-24T03:08:11+00:00,TH,0.55,Thai VTuber Ranking,2026-09-06T15:07:31.290163+00:00,Thai confidence: 0.55; Sources: Thai VTuber Ranking; Active (last video published 13 days ago),True
UCpaaIu52BVuInfJkO0-Ft3Q,Valent Soel S,@valentsoels,https://www.youtube.com/channel/UCpaaIu52BVuInfJkO0-Ft3Q,Independent,active,CONFIRMED,vtuber_valentsoels,Valent Soel S,main,1520,91,52918,2026-08-31T15:44:28+00:00,AU,0.45,Thai VTuber Ranking,2026-09-06T15:07:31.290206+00:00,"VTuber signals: วีทูปเบอร์, วีทูป; Thai confidence: 0.45; Sources: Thai VTuber Ranking; Active (last video published 5 days ago)",True
UCrICh9KpS2QHVWOkfJ7GO1g,AofEdits | オッフ【716RM】,@aofedits,https://www.youtube.com/channel/UCrICh9KpS2QHVWOkfJ7GO1g,Independent,active,CONFIRMED,vtuber_aofedits,AofEdits | オッフ【716RM】,main,586,152,20404,2026-07-28T15:19:26+00:00,,0.2,Thai VTuber Ranking,2026-09-06T15:07:31.290226+00:00,"VTuber signals: vtuber, thai vtuber; Sources: Thai VTuber Ranking; Active (last video published 39 days ago)",True
UCpNAFq_PANbmcdfhzfuiekA,Sata Channel,@satachanneldayo,https://www.youtube.com/channel/UCpNAFq_PANbmcdfhzfuiekA,Independent,active,CONFIRMED,vtuber_satachanneldayo,Sata Channel,main,1240,1138,141530,2026-08-31T16:42:26+00:00,TH,0.8,Thai VTuber Ranking,2026-09-06T15:07:31.290268+00:00,Thai confidence: 0.80; Sources: Thai VTuber Ranking; Active (last video published 5 days ago),True
UCq97LOtWB1CgRVFzDF3FSSA,Langray Ch.,@langraych.2390,https://www.youtube.com/channel/UCq97LOtWB1CgRVFzDF3FSSA,Independent,unknown,CONFIRMED,vtuber_langraych.2390,Langray Ch.,main,1240,0,0,,TH,1.0,Thai VTuber Ranking,2026-09-06T15:07:31.290296+00:00,"VTuber signals: vtuber, thai vtuber; Thai confidence: 1.00; Sources: Thai VTuber Ranking; No public video history recorded",False
UCpke74KAbZIIj7KrNdPgxow,Ayelet Nocturna ch.,@ayeletnocturnach.,https://www.youtube.com/channel/UCpke74KAbZIIj7KrNdPgxow,Independent,active,CONFIRMED,vtuber_ayeletnocturnach.,Ayelet Nocturna ch.,main,441,539,35134,2026-08-23T01:57:23+00:00,,0.45,Thai VTuber Ranking,2026-09-06T15:07:31.290331+00:00,Thai confidence: 0.45; Sources: Thai VTuber Ranking; Active (last video published 14 days ago),True
UCpIlOwUGihEx-Qzie2JiMWw,Retsu_Red,@retsured,https://www.youtube.com/channel/UCpIlOwUGihEx-Qzie2JiMWw,Independent,active,CONFIRMED,vtuber_retsured,Retsu_Red,main,514,157,60209,2026-08-30T08:25:27+00:00,,0.45,Thai VTuber Ranking,2026-09-06T15:07:31.290356+00:00,Thai confidence: 0.45; Sources: Thai VTuber Ranking; Active (last video published 7 days ago),True
UCpXRdlZ-aGpd9s2gFVl63lg,อเมะ,@amethyst_ame,https://www.youtube.com/channel/UCpXRdlZ-aGpd9s2gFVl63lg,Independent,active,CONFIRMED,vtuber_amethyst_ame,อเมะ,main,5530,213,201635,2026-09-01T03:59:37+00:00,TH,1.0,Thai VTuber Ranking,2026-09-06T15:07:31.290385+00:00,VTuber signals: vtuber; Thai confidence: 1.00; Sources: Thai VTuber Ranking; Active (last video published 5 days ago),True
UCpDj-ctDxLn5M5H5G_UxuRA,Deilliah Goodknight ,@deilliahgoodknight,https://www.youtube.com/channel/UCpDj-ctDxLn5M5H5G_UxuRA,Independent,active,CONFIRMED,vtuber_deilliahgoodknight,Deilliah Goodknight ,main,3960,443,289241,2026-09-01T12:00:01+00:00,TH,0.8,Thai VTuber Ranking,2026-09-06T15:07:31.290416+00:00,"VTuber signals: vtuber, vtuberth; Thai confidence: 0.80; Sources: Thai VTuber Ranking; Active (last video published 5 days ago)",True
UCpwaMGj7IdlttM_bP2iKZmw,Nz_Nezz Ch.,@nz_nezzch.8022,https://www.youtube.com/channel/UCpwaMGj7IdlttM_bP2iKZmw,Independent,hiatus,CONFIRMED,vtuber_nz_nezzch.8022,Nz_Nezz Ch.,main,898,0,0,2021-04-07T11:47:58+00:00,TH,0.55,Thai VTuber Ranking,2026-09-06T15:07:31.290434+00:00,"VTuber signals: vtuber, thai vtuber; Thai confidence: 0.55; Sources: Thai VTuber Ranking; Hiatus / Inactive for 1978 days (> 180d)",True
UCr6JjOIjCAYFGJIW3_BznmA,Big M 4U 『ECR』,@bigm4u,https://www.youtube.com/channel/UCr6JjOIjCAYFGJIW3_BznmA,Independent,active,CONFIRMED,vtuber_bigm4u,Big M 4U 『ECR』,main,20700,1802,1675033,2026-09-05T10:17:14+00:00,TH,0.8,Thai VTuber Ranking,2026-09-06T15:07:31.290460+00:00,"VTuber signals: วีทูปเบอร์, วีทูป; Thai confidence: 0.80; Sources: Thai VTuber Ranking; Active (last video published 1 days ago)",True
UCprsCfEbSQRzd-mK4Cgd1Rg,RAY XILLIA,@rayxillia,https://www.youtube.com/channel/UCprsCfEbSQRzd-mK4Cgd1Rg,Independent,hiatus,CONFIRMED,vtuber_rayxillia,RAY XILLIA,main,4850,1,212,2025-06-07T10:00:36+00:00,TH,0.35,Thai VTuber Ranking,2026-09-06T15:07:31.290478+00:00,VTuber signals: vtuber; Thai confidence: 0.35; Sources: Thai VTuber Ranking; Hiatus / Inactive for 456 days (> 180d),True
UCqfR7Nkz-wkfQgcMDsU7HnA,Pimkishy,@pimkishy,https://www.youtube.com/channel/UCqfR7Nkz-wkfQgcMDsU7HnA,Independent,active,CONFIRMED,vtuber_pimkishy,Pimkishy,main,1610,213,186800,2026-09-04T05:00:37+00:00,TH,0.8,Thai VTuber Ranking,2026-09-06T15:07:31.290540+00:00,Thai confidence: 0.80; Sources: Thai VTuber Ranking; Active (last video published 2 days ago),True
UCqMmxgXhKhZxIeIXSxho6mw,Lucky Vulpecula,@luckytime-v1204,https://www.youtube.com/channel/UCqMmxgXhKhZxIeIXSxho6mw,Independent,active,CONFIRMED,vtuber_luckytime-v1204,Lucky Vulpecula,main,499,176,19402,2026-08-31T22:31:10+00:00,TH,0.8,Thai VTuber Ranking,2026-09-06T15:07:31.290565+00:00,Thai confidence: 0.80; Sources: Thai VTuber Ranking; Active (last video published 5 days ago),True
UCpBjGiBLFJ8x-7kHDtPY74g,SE1 Ch.,@seikich,https://www.youtube.com/channel/UCpBjGiBLFJ8x-7kHDtPY74g,Independent,hiatus,CONFIRMED,vtuber_seikich,SE1 Ch.,main,1120,100,26022,2022-12-28T07:12:04+00:00,TH,0.8,Thai VTuber Ranking,2026-09-06T15:07:31.290589+00:00,VTuber signals: vtuber; Thai confidence: 0.80; Sources: Thai VTuber Ranking; Hiatus / Inactive for 1348 days (> 180d),True
UCq_POu51qgVp0O9EgcJgsDw,Sia Asmodeusia ch. ◈BLB◈,@asmodeusiablb,https://www.youtube.com/channel/UCq_POu51qgVp0O9EgcJgsDw,Independent,active,CONFIRMED,vtuber_asmodeusiablb,Sia Asmodeusia ch. ◈BLB◈,main,2800,496,150369,2026-08-22T21:37:32+00:00,TH,0.8,Thai VTuber Ranking,2026-09-06T15:07:31.290639+00:00,"VTuber signals: วีทูปเบอร์, วีทูป; Thai confidence: 0.80; Sources: Thai VTuber Ranking; Active (last video published 14 days ago)",True
UCqbax9GTF0U2i7Fzk7HjOyg,Liztsu Hikake Ch.,@lizt_hikake,https://www.youtube.com/channel/UCqbax9GTF0U2i7Fzk7HjOyg,Independent,active,CONFIRMED,vtuber_lizt_hikake,Liztsu Hikake Ch.,main,360,110,12641,2026-09-02T10:10:24+00:00,,0.45,Thai VTuber Ranking,2026-09-06T15:07:31.290726+00:00,"VTuber signals: vtuber, vtuberth; Thai confidence: 0.45; Sources: Thai VTuber Ranking; Active (last video published 4 days ago)",True
UCqDHOqlcApniKvQAPW2LlMQ,Herah Castor | AcastledProject,@herahvtuber,https://www.youtube.com/channel/UCqDHOqlcApniKvQAPW2LlMQ,Independent,hiatus,CONFIRMED,vtuber_herahvtuber,Herah Castor | AcastledProject,main,992,105,17019,2024-06-27T01:00:07+00:00,TH,0.8,Thai VTuber Ranking,2026-09-06T15:07:31.290764+00:00,Thai confidence: 0.80; Sources: Thai VTuber Ranking; Hiatus / Inactive for 801 days (> 180d),True
UCqlIHZinRgdevuHuCILlgjA,MeowMiKe CH. 《19'S》,@meowmikech,https://www.youtube.com/channel/UCqlIHZinRgdevuHuCILlgjA,Independent,active,CONFIRMED,vtuber_meowmikech,MeowMiKe CH. 《19'S》,main,373,99,16735,2026-09-01T12:20:33+00:00,,0.45,Thai VTuber Ranking,2026-09-06T15:07:31.290788+00:00,Thai confidence: 0.45; Sources: Thai VTuber Ranking; Active (last video published 5 days ago),True
UCpuk3ld3rGWSsLOhuVlOFBQ,Kuzune Ch.,@kuzunech.5390,https://www.youtube.com/channel/UCpuk3ld3rGWSsLOhuVlOFBQ,Independent,hiatus,CONFIRMED,vtuber_kuzunech.5390,Kuzune Ch.,main,4540,140,94850,2023-03-07T02:33:29+00:00,TH,0.35,Thai VTuber Ranking; Virtual YouTuber Fandom Wiki,2026-09-06T15:07:31.290809+00:00,"Thai confidence: 0.35; Sources: Thai VTuber Ranking, Virtual YouTuber Fandom Wiki; Hiatus / Inactive for 1279 days (> 180d)",True
UCpSsKMbL7zvD87O8-57Mg7A,Aikaze,@shin_aikaze,https://www.youtube.com/channel/UCpSsKMbL7zvD87O8-57Mg7A,Independent,active,CONFIRMED,vtuber_shin_aikaze,Aikaze,main,884,388,56417,2026-07-12T03:24:53+00:00,TH,0.8,Thai VTuber Ranking,2026-09-06T15:07:31.290859+00:00,Thai confidence: 0.80; Sources: Thai VTuber Ranking; Active (last video published 56 days ago),True
UCqq085DI0tDBblF3Q1nsdcg,Thuay_Fu Wolfcute【Mystery】,@thuayfuwolfcute,https://www.youtube.com/channel/UCqq085DI0tDBblF3Q1nsdcg,Independent,active,CONFIRMED,vtuber_thuayfuwolfcute,Thuay_Fu Wolfcute【Mystery】,main,8780,639,554448,2026-09-04T19:19:59+00:00,TH,0.8,Thai VTuber Ranking,2026-09-06T15:07:31.290885+00:00,VTuber signals: vtuber; Thai confidence: 0.80; Sources: Thai VTuber Ranking; Active (last video published 1 days ago),True
UCqhhWjpw23dWhJ5rRwCCrMA,Aisha Channel,@aishachannel,https://www.youtube.com/channel/UCqhhWjpw23dWhJ5rRwCCrMA,Independent,active,CONFIRMED,vtuber_aisha,Aisha,main,543000,1603,81810980,2026-06-12T11:00:15+00:00,TH,0.8,Thai VTuber Ranking; Virtual YouTuber Fandom Wiki,2026-09-06T15:07:31.290927+00:00,"VTuber signals: virtual idol; Thai confidence: 0.80; Sources: Thai VTuber Ranking, Virtual YouTuber Fandom Wiki; Active (last video published 86 days ago)",True
UCqxS4qNzJUWdPgR2UdLpemA,Akito Q Flame『VW』,@akitoqflame,https://www.youtube.com/channel/UCqxS4qNzJUWdPgR2UdLpemA,Independent,active,CONFIRMED,vtuber_akitoqflame,Akito Q Flame『VW』,main,3590,899,278794,2026-08-30T22:42:31+00:00,TH,0.8,Thai VTuber Ranking,2026-09-06T15:07:31.290949+00:00,"VTuber signals: วีทูปเบอร์, วีทูป; Thai confidence: 0.80; Sources: Thai VTuber Ranking; Active (last video published 6 days ago)",True
UCph_3mJbLtVYMFr4-n_rRgw,WINT3R ⌜VZ⌟,@wint3r_vz,https://www.youtube.com/channel/UCph_3mJbLtVYMFr4-n_rRgw,Virtual Zeven (VZ),active,CONFIRMED,vtuber_wint3r_vz,WINT3R ⌜VZ⌟,main,14900,665,1059122,2026-09-01T03:07:27+00:00,TH,0.8,Thai VTuber Ranking,2026-09-06T15:07:31.291004+00:00,"VTuber signals: vtuber, virtual idol, vtuberth; Thai confidence: 0.80; Sources: Thai VTuber Ranking; Active (last video published 5 days ago)",True
UCrDlc3CYB6TXFoU01jw0XPg,YumeMaTTy Ch.,@yumemattych,https://www.youtube.com/channel/UCrDlc3CYB6TXFoU01jw0XPg,Independent,active,CONFIRMED,vtuber_yumemattych,YumeMaTTy Ch.,main,7410,789,204263,2026-09-05T05:40:20+00:00,TH,0.8,Thai VTuber Ranking,2026-09-06T15:07:31.291065+00:00,Thai confidence: 0.80; Sources: Thai VTuber Ranking; Active (last video published 1 days ago),True
UCqCI_qpXBTlVO0kZhB51I6w,Elleusia,@elleusia,https://www.youtube.com/channel/UCqCI_qpXBTlVO0kZhB51I6w,Independent,active,CONFIRMED,vtuber_elleusia,Elleusia,main,1450,108,40356,2026-08-16T12:33:08+00:00,,0.45,Thai VTuber Ranking,2026-09-06T15:07:31.291137+00:00,Thai confidence: 0.45; Sources: Thai VTuber Ranking; Active (last video published 21 days ago),True
UCpWF1pMyJtMvlynspGnThdw,MamMam Ch. 真夢マム,@mammamch.,https://www.youtube.com/channel/UCpWF1pMyJtMvlynspGnThdw,Independent,hiatus,CONFIRMED,vtuber_mammamch.,MamMam Ch. 真夢マム,main,122000,83,4999754,2022-06-18T02:18:46+00:00,JP,0.0,Thai VTuber Ranking,2026-09-06T15:07:31.291156+00:00,VTuber signals: vtuber; Sources: Thai VTuber Ranking; Hiatus / Inactive for 1541 days (> 180d),True
UCqKKqKP-G8LYkWMQeJAc2vA,Noir Vinterny | V.W.Y,@noirvinterny,https://www.youtube.com/channel/UCqKKqKP-G8LYkWMQeJAc2vA,V.W.Y,active,CONFIRMED,vtuber_noirvinterny,Noir Vinterny | V.W.Y,main,5210,460,137840,2026-03-09T19:13:41+00:00,,0.2,Thai VTuber Ranking,2026-09-06T15:07:31.291175+00:00,"VTuber signals: vtuber, thai vtuber; Sources: Thai VTuber Ranking; Active (last video published 180 days ago)",True
UCpGtwNmbOtgmcKIY81MIX_w,Nongwan TV,@nongwantv,https://www.youtube.com/channel/UCpGtwNmbOtgmcKIY81MIX_w,Independent,active,CONFIRMED,vtuber_nongwantv,Nongwan TV,main,606000,1824,272648918,2026-09-01T11:00:13+00:00,TH,0.8,Thai VTuber Ranking,2026-09-06T15:07:31.291248+00:00,Thai confidence: 0.80; Sources: Thai VTuber Ranking; Active (last video published 5 days ago),True
UCqUKFVHfbb0ujmoxNfGSu1w,Magcro Ravencroft Ch.,@magcroravencroftch,https://www.youtube.com/channel/UCqUKFVHfbb0ujmoxNfGSu1w,Independent,active,CONFIRMED,vtuber_magcroravencroftch,Magcro Ravencroft Ch.,main,23100,1022,1200973,2026-08-27T07:58:42+00:00,TH,1.0,Thai VTuber Ranking,2026-09-06T15:07:31.291319+00:00,VTuber signals: vtuber; Thai confidence: 1.00; Sources: Thai VTuber Ranking; Active (last video published 10 days ago),True
UCqTbc_8tl7ZFcEEuZtzfr2w,Leinn Channel,@leinnch,https://www.youtube.com/channel/UCqTbc_8tl7ZFcEEuZtzfr2w,Independent,active,CONFIRMED,vtuber_leinnch,Leinn Channel,main,27300,340,11767453,2026-09-04T11:00:48+00:00,TH,0.8,Thai VTuber Ranking,2026-09-06T15:07:31.291345+00:00,Thai confidence: 0.80; Sources: Thai VTuber Ranking; Active (last video published 2 days ago),True
UCp6qRWhZi2nDUSWKwV_V08Q,PaFeMiLK vtuber,@pafemilkvtuber,https://www.youtube.com/channel/UCp6qRWhZi2nDUSWKwV_V08Q,Independent,hiatus,CONFIRMED,vtuber_pafemilkvtuber,PaFeMiLK vtuber,main,6880,324,72690,2025-11-01T16:27:20+00:00,TH,0.8,Thai VTuber Ranking,2026-09-06T15:07:31.291381+00:00,VTuber signals: vtuber; Thai confidence: 0.80; Sources: Thai VTuber Ranking; Hiatus / Inactive for 308 days (> 180d),True
UCpNkVsMlsJRF792H-1_1vPA,Melita X Ch. Pixela Project,@melitax-san,https://www.youtube.com/channel/UCpNkVsMlsJRF792H-1_1vPA,Pixela Project,hiatus,CONFIRMED,vtuber_melitax-san,Melita X Ch. Pixela Project,main,75900,646,4753960,2023-11-30T16:58:02+00:00,TH,0.8,Thai VTuber Ranking; Virtual YouTuber Fandom Wiki,2026-09-06T15:07:31.291403+00:00,"VTuber signals: agency:Pixela Project; Agency: Pixela Project; Thai confidence: 0.80; Sources: Thai VTuber Ranking, Virtual YouTuber Fandom Wiki; Hiatus / Inactive for 1010 days (> 180d)",True
UCqBG-DyjOA-llSpScSDOxqA,ApriRiru,@apririru,https://www.youtube.com/channel/UCqBG-DyjOA-llSpScSDOxqA,Independent,active,CONFIRMED,vtuber_apririru,ApriRiru,main,11000,82,101731,2026-08-24T14:09:07+00:00,TH,0.8,Thai VTuber Ranking; Virtual YouTuber Fandom Wiki,2026-09-06T15:07:31.291461+00:00,"VTuber signals: vtuber; Thai confidence: 0.80; Sources: Thai VTuber Ranking, Virtual YouTuber Fandom Wiki; Active (last video published 13 days ago)",True
UCqozdR0DYubMg22jJV2eThQ,Anastasia Ch.「TRR」,@anastasia_trr,https://www.youtube.com/channel/UCqozdR0DYubMg22jJV2eThQ,Independent,active,CONFIRMED,vtuber_anastasia_trr,Anastasia Ch.「TRR」,main,278,83,8180,2026-07-30T02:45:59+00:00,,0.45,Thai VTuber Ranking,2026-09-06T15:07:31.291757+00:00,Thai confidence: 0.45; Sources: Thai VTuber Ranking; Active (last video published 38 days ago),True
UCqsUkQeicv0nEs5_d6DXYvQ,Shikár Dawg,@shikar_dawg,https://www.youtube.com/channel/UCqsUkQeicv0nEs5_d6DXYvQ,Independent,active,CONFIRMED,vtuber_shikar_dawg,Shikár Dawg,main,1230,297,73340,2026-09-01T03:32:43+00:00,TH,0.8,Thai VTuber Ranking,2026-09-06T15:07:31.291787+00:00,Thai confidence: 0.80; Sources: Thai VTuber Ranking; Active (last video published 5 days ago),True
UCqVbto9IH79DiJQab1nZ8CA,Dellons Ch.【𝐙𝐎𝐑𝐀】(REST),@dellonsch.,https://www.youtube.com/channel/UCqVbto9IH79DiJQab1nZ8CA,Independent,active,CONFIRMED,vtuber_dellonsch.,Dellons Ch.【𝐙𝐎𝐑𝐀】(REST),main,994,193,14500,2026-08-08T18:28:15+00:00,TH,0.65,Thai VTuber Ranking,2026-09-06T15:07:31.291818+00:00,Thai confidence: 0.65; Sources: Thai VTuber Ranking; Active (last video published 28 days ago),True
UCpZhmRU3HDKMau3Tv0_DsGg,[ 海姫 ]Marin Ch. ◈BLB◈,@marintera_blb,https://www.youtube.com/channel/UCpZhmRU3HDKMau3Tv0_DsGg,Independent,active,CONFIRMED,vtuber_marintera_blb,[ 海姫 ]Marin Ch. ◈BLB◈,main,1960,413,66911,2026-08-30T09:25:48+00:00,TH,0.8,Thai VTuber Ranking,2026-09-06T15:07:31.291844+00:00,Thai confidence: 0.80; Sources: Thai VTuber Ranking; Active (last video published 7 days ago),True
UCpv77tyTG6nJlO9oBIFZ5xQ,Meteona Mars Ch.,@meteonamarsch,https://www.youtube.com/channel/UCpv77tyTG6nJlO9oBIFZ5xQ,Independent,active,CONFIRMED,vtuber_meteonamarsch,Meteona Mars Ch.,main,28300,745,954585,2026-08-31T15:14:31+00:00,,0.45,Thai VTuber Ranking,2026-09-06T15:07:31.291901+00:00,VTuber signals: vtuber; Thai confidence: 0.45; Sources: Thai VTuber Ranking; Active (last video published 5 days ago),True
UCSmwbpH_ZvRCn8-gbggGfTw,Kati Ch. กะทิ,@nagaminekati,https://www.youtube.com/channel/UCSmwbpH_ZvRCn8-gbggGfTw,Independent,active,CONFIRMED,vtuber_nagaminekati,Kati Ch. กะทิ,main,14500,235,418387,2026-07-30T10:00:15+00:00,TH,0.8,Thai VTuber Ranking,2026-09-06T15:07:31.291940+00:00,"VTuber signals: vtuber, vtuberth; Thai confidence: 0.80; Sources: Thai VTuber Ranking; Active (last video published 38 days ago)",True
UCSqQDeXi3tLW_MyHnwTgvDA,ช่องนี้ ซัน คุม อิอิ,@trustlnwvtuber,https://www.youtube.com/channel/UCSqQDeXi3tLW_MyHnwTgvDA,Independent,active,CONFIRMED,vtuber_trustlnwvtuber,ช่องนี้ ซัน คุม อิอิ,main,4770,240,176517,2026-04-18T00:06:48+00:00,TH,0.8,Thai VTuber Ranking,2026-09-06T15:07:31.291966+00:00,Thai confidence: 0.80; Sources: Thai VTuber Ranking; Active (last video published 141 days ago),True
UCRpEzYWkJforn6YhvaSVXtA,Llewella Elias Ch.,@llewellaelias,https://www.youtube.com/channel/UCRpEzYWkJforn6YhvaSVXtA,Independent,hiatus,CONFIRMED,vtuber_llewellaelias,Llewella Elias Ch.,main,3500,215,64841,2025-10-24T17:12:27+00:00,TH,1.0,Thai VTuber Ranking,2026-09-06T15:07:31.291995+00:00,Thai confidence: 1.00; Sources: Thai VTuber Ranking; Hiatus / Inactive for 316 days (> 180d),True
UCRpX7uvjkoy3-j_U_3atvog,Urara Momomi,@uraramomomi,https://www.youtube.com/channel/UCRpX7uvjkoy3-j_U_3atvog,Independent,hiatus,CONFIRMED,vtuber_uraramomomi,Urara Momomi,main,2890,177,94405,2026-02-17T15:39:24+00:00,TH,0.8,Thai VTuber Ranking,2026-09-06T15:07:31.292026+00:00,VTuber signals: vtuber; Thai confidence: 0.80; Sources: Thai VTuber Ranking; Hiatus / Inactive for 200 days (> 180d),True
UCSZe92Gr5MIRyGSokkfOOzg,lullalull,@lullalulllalull,https://www.youtube.com/channel/UCSZe92Gr5MIRyGSokkfOOzg,Independent,active,CONFIRMED,vtuber_lullalulllalull,lullalull,main,716,11,15600,2026-09-02T11:00:18+00:00,TH,0.35,Thai VTuber Ranking,2026-09-06T15:07:31.292075+00:00,Thai confidence: 0.35; Sources: Thai VTuber Ranking; Active (last video published 4 days ago),True
UCRZE5IMKRUpTgfjaniVKpbg,ChazuminXD Ch.,@chazuminxd,https://www.youtube.com/channel/UCRZE5IMKRUpTgfjaniVKpbg,Independent,active,CONFIRMED,vtuber_chazuminxd,ChazuminXD Ch.,main,1210,61,25777,2026-08-29T20:03:01+00:00,,0.45,Thai VTuber Ranking,2026-09-06T15:07:31.292099+00:00,Thai confidence: 0.45; Sources: Thai VTuber Ranking; Active (last video published 7 days ago),True
UCS7BVBZ3itZ0wqlEX8a2UBA,Remiel noch,@remielnoch492,https://www.youtube.com/channel/UCS7BVBZ3itZ0wqlEX8a2UBA,Independent,unknown,CONFIRMED,vtuber_remielnoch492,Remiel noch,main,3390,0,0,,,0.45,Thai VTuber Ranking,2026-09-06T15:07:31.292127+00:00,"VTuber signals: วีทูปเบอร์, วีทูป; Thai confidence: 0.45; Sources: Thai VTuber Ranking; No public video history recorded",False
UCRyGfYHjCHIeWZQRpdnDKMg,Katsuki Ch.,@katsuki_ch,https://www.youtube.com/channel/UCRyGfYHjCHIeWZQRpdnDKMg,Independent,active,CONFIRMED,vtuber_katsuki_ch,Katsuki Ch.,main,3180,607,163253,2026-08-31T17:26:58+00:00,TH,0.8,Thai VTuber Ranking,2026-09-06T15:07:31.292171+00:00,VTuber signals: vtuber; Thai confidence: 0.80; Sources: Thai VTuber Ranking; Active (last video published 5 days ago),True
UCS2-t9SC5UZ9kS_bhbAxPaw,Notaki Ch.,@notakich,https://www.youtube.com/channel/UCS2-t9SC5UZ9kS_bhbAxPaw,Independent,active,CONFIRMED,vtuber_notakich,Notaki Ch.,main,5350,370,193873,2026-09-01T06:30:50+00:00,TH,1.0,Thai VTuber Ranking,2026-09-06T15:07:31.292243+00:00,"VTuber signals: vtuber, vtuberth; Thai confidence: 1.00; Sources: Thai VTuber Ranking; Active (last video published 5 days ago)",True
UCRldXR7ASrCYYoxeqOU-_og,Varkin Ch,@varkinch,https://www.youtube.com/channel/UCRldXR7ASrCYYoxeqOU-_og,Independent,active,CONFIRMED,vtuber_varkinch,Varkin Ch,main,1100,53,8991,2026-03-15T03:31:38+00:00,TH,0.55,Thai VTuber Ranking,2026-09-06T15:07:31.292262+00:00,"VTuber signals: vtuber, thai vtuber; Thai confidence: 0.55; Sources: Thai VTuber Ranking; Active (last video published 175 days ago)",True
UCTD-nm97tb5Sh7_ou7LFSUQ,Euthalia Zéphyr Ch. Pixela Destiny,@zephyreuthalia,https://www.youtube.com/channel/UCTD-nm97tb5Sh7_ou7LFSUQ,Pixela Project,hiatus,CONFIRMED,vtuber_zephyreuthalia,Euthalia Zéphyr Ch. Pixela Destiny,main,64600,341,4759536,2025-04-11T11:00:07+00:00,TH,0.35,Thai VTuber Ranking,2026-09-06T15:07:31.292283+00:00,VTuber signals: agency:Pixela Project; Agency: Pixela Project; Thai confidence: 0.35; Sources: Thai VTuber Ranking; Hiatus / Inactive for 513 days (> 180d),True
UCS2xtM_DkvYKVxBEQxIf2-g,MuMind Ch.,@mumindch,https://www.youtube.com/channel/UCS2xtM_DkvYKVxBEQxIf2-g,Independent,active,CONFIRMED,vtuber_mumindch,MuMind Ch.,main,1820,120,31911,2026-07-15T20:59:03+00:00,TH,0.35,Thai VTuber Ranking,2026-09-06T15:07:31.292301+00:00,Thai confidence: 0.35; Sources: Thai VTuber Ranking; Active (last video published 52 days ago),True
UCSoFIMz3y6jOVMg8nggpcMQ,Pixiang Meiyin Ch. Lumina-Mutelu,@pixiangmeiyin,https://www.youtube.com/channel/UCSoFIMz3y6jOVMg8nggpcMQ,Lumina Live,active,CONFIRMED,vtuber_pixiangmeiyin,Pixiang Meiyin Ch. Lumina-Mutelu,main,6690,224,578338,2026-09-04T14:37:54+00:00,TH,0.8,Thai VTuber Ranking,2026-09-06T15:07:31.292359+00:00,VTuber signals: agency:Lumina Live; Agency: Lumina Live; Thai confidence: 0.80; Sources: Thai VTuber Ranking; Active (last video published 2 days ago),True
UCSQCuMGGicyB_QqG_mApH7w,Kaede Ch. [ Graduated],@kaedekh,https://www.youtube.com/channel/UCSQCuMGGicyB_QqG_mApH7w,Independent,unknown,CONFIRMED,vtuber_kaedekh,Kaede Ch. [ Graduated],main,2630,0,0,,TH,0.8,Thai VTuber Ranking,2026-09-06T15:07:31.292396+00:00,"VTuber signals: vtuber, วีทูป; Thai confidence: 0.80; Sources: Thai VTuber Ranking; No public video history recorded",False
UCSdtAY_t7uWTGhzka8QEO4Q,Arisu Jin Ch.【PSM】,@arisuinjin,https://www.youtube.com/channel/UCSdtAY_t7uWTGhzka8QEO4Q,Independent,active,CONFIRMED,vtuber_arisuinjin,Arisu Jin Ch.【PSM】,main,835,195,23060,2026-08-22T17:32:34+00:00,TH,0.8,Thai VTuber Ranking,2026-09-06T15:07:31.292432+00:00,Thai confidence: 0.80; Sources: Thai VTuber Ranking; Active (last video published 14 days ago),True
UCSyG0x9lhNOi6hbyVy7hZ7g,Kumo Kuma ch.,@kumo_ma,https://www.youtube.com/channel/UCSyG0x9lhNOi6hbyVy7hZ7g,Independent,active,CONFIRMED,vtuber_kumo_ma,Kumo Kuma ch.,main,2240,600,82638,2026-09-03T11:40:00+00:00,,0.45,Thai VTuber Ranking,2026-09-06T15:07:31.292466+00:00,Thai confidence: 0.45; Sources: Thai VTuber Ranking; Active (last video published 3 days ago),True
UCSOxauTBY7eKbUnQ86W708Q,Supeacha ⌜VZ⌟,@supeacha,https://www.youtube.com/channel/UCSOxauTBY7eKbUnQ86W708Q,Virtual Zeven (VZ),active,CONFIRMED,vtuber_supeacha,Supeacha ⌜VZ⌟,main,47500,105,8540239,2026-08-30T15:53:34+00:00,TH,0.8,Thai VTuber Ranking,2026-09-06T15:07:31.292492+00:00,Thai confidence: 0.80; Sources: Thai VTuber Ranking; Active (last video published 6 days ago),True
UCRG5fX1v4b-3sUyKfAAtxxA,Luxia Ch.,@luxiaplg,https://www.youtube.com/channel/UCRG5fX1v4b-3sUyKfAAtxxA,Independent,active,CONFIRMED,vtuber_luxiaplg,Luxia Ch.,main,57000,1643,4860284,2026-09-02T05:16:43+00:00,TH,0.8,Thai VTuber Ranking; Virtual YouTuber Fandom Wiki,2026-09-06T15:07:31.292525+00:00,"Thai confidence: 0.80; Sources: Thai VTuber Ranking, Virtual YouTuber Fandom Wiki; Active (last video published 4 days ago)",True
UCSG5e3zBiGSZRvD42HSnbxw,PILA P.CROWEN Ch.【PSM】,@pilap.crowen,https://www.youtube.com/channel/UCSG5e3zBiGSZRvD42HSnbxw,Independent,active,CONFIRMED,vtuber_pilap.crowen,PILA P.CROWEN Ch.【PSM】,main,2040,184,129212,2026-09-01T01:28:21+00:00,TH,0.8,Thai VTuber Ranking,2026-09-06T15:07:31.292573+00:00,Thai confidence: 0.80; Sources: Thai VTuber Ranking; Active (last video published 5 days ago),True
UCS1PrWcX95lKikSMIsm6eRg,Aki the Valkyrie Ch.,@akithevalkyrie,https://www.youtube.com/channel/UCS1PrWcX95lKikSMIsm6eRg,Independent,active,CONFIRMED,vtuber_akithevalkyrie,Aki the Valkyrie Ch.,main,8470,334,310520,2026-09-03T14:21:37+00:00,TH,0.8,Thai VTuber Ranking,2026-09-06T15:07:31.292605+00:00,VTuber signals: vtuber; Thai confidence: 0.80; Sources: Thai VTuber Ranking; Active (last video published 3 days ago),True
UCS7XTVaCOg-rBOEM6Lyw5Jg,Myrrha Enchanté Ch. [Autumnia],@myrrhaenchante,https://www.youtube.com/channel/UCS7XTVaCOg-rBOEM6Lyw5Jg,Autumnia,hiatus,CONFIRMED,vtuber_myrrhaenchante,Myrrha Enchanté Ch. [Autumnia],main,2630,19,13696,2025-05-31T16:35:32+00:00,TH,0.8,Thai VTuber Ranking,2026-09-06T15:07:31.292640+00:00,Thai confidence: 0.80; Sources: Thai VTuber Ranking; Hiatus / Inactive for 462 days (> 180d),True
UCSus3TGWTuMjiQWycSI1CaA,Pugmaru_VTube,@inukami_pugmaru,https://www.youtube.com/channel/UCSus3TGWTuMjiQWycSI1CaA,Independent,active,CONFIRMED,vtuber_inukami_pugmaru,Pugmaru_VTube,main,102,39,10757,2026-07-12T11:00:30+00:00,,0.45,Thai VTuber Ranking,2026-09-06T15:07:31.292681+00:00,Thai confidence: 0.45; Sources: Thai VTuber Ranking; Active (last video published 56 days ago),True
UCRaAduo6w37DoPahoaiVbTg,Chana チャナ,@chanavtuber,https://www.youtube.com/channel/UCRaAduo6w37DoPahoaiVbTg,Independent,hiatus,CONFIRMED,vtuber_chanavtuber,Chana チャナ,main,12600,294,980136,2023-03-31T17:36:49+00:00,TH,0.8,Thai VTuber Ranking; Virtual YouTuber Fandom Wiki,2026-09-06T15:07:31.292716+00:00,"VTuber signals: vtuber; Thai confidence: 0.80; Sources: Thai VTuber Ranking, Virtual YouTuber Fandom Wiki; Hiatus / Inactive for 1254 days (> 180d)",True
UCT6E1GD1uAXAG6fWQCGPVXA,Sarana Sapina Ch.,@saranasapinach,https://www.youtube.com/channel/UCT6E1GD1uAXAG6fWQCGPVXA,Independent,active,CONFIRMED,vtuber_saranasapinach,Sarana Sapina Ch.,main,10200,480,199095,2026-09-01T17:44:36+00:00,TH,1.0,Thai VTuber Ranking,2026-09-06T15:07:31.292743+00:00,VTuber signals: vtuber; Thai confidence: 1.00; Sources: Thai VTuber Ranking; Active (last video published 4 days ago),True
UCSMH958kINERMdSx7u76Fmg,Nemuru 夜雲 ネムル,@nemuru_y,https://www.youtube.com/channel/UCSMH958kINERMdSx7u76Fmg,Independent,active,CONFIRMED,vtuber_nemuru_y,Nemuru 夜雲 ネムル,main,4720,58,16974,2026-09-03T19:27:40+00:00,TH,0.35,Thai VTuber Ranking,2026-09-06T15:07:31.292761+00:00,Thai confidence: 0.35; Sources: Thai VTuber Ranking; Active (last video published 2 days ago),True
UCTAEz5besWbmV4xp13zc0HA,MoRin Ch.,@morinplanet,https://www.youtube.com/channel/UCTAEz5besWbmV4xp13zc0HA,Independent,active,CONFIRMED,vtuber_morinplanet,MoRin Ch.,main,2300,1065,187295,2026-09-03T12:49:48+00:00,,0.45,Thai VTuber Ranking,2026-09-06T15:07:31.292788+00:00,Thai confidence: 0.45; Sources: Thai VTuber Ranking; Active (last video published 3 days ago),True
UCT6AsljeggMR6rqkQ5NSeRA,JosephineCres,@josephinecres,https://www.youtube.com/channel/UCT6AsljeggMR6rqkQ5NSeRA,Independent,active,CONFIRMED,vtuber_josephinecres,JosephineCres,main,665,155,74033,2026-09-03T14:58:43+00:00,,0.45,Thai VTuber Ranking,2026-09-06T15:07:31.292819+00:00,Thai confidence: 0.45; Sources: Thai VTuber Ranking; Active (last video published 3 days ago),True
UCRGaEF2NMlp0n3gTlPFj27Q,Kaamoria Ch.,@kaamoria,https://www.youtube.com/channel/UCRGaEF2NMlp0n3gTlPFj27Q,Independent,active,CONFIRMED,vtuber_kaamoria,Kaamoria Ch.,main,1470,343,165581,2026-09-03T08:47:20+00:00,,0.3,Thai VTuber Ranking,2026-09-06T15:07:31.292866+00:00,VTuber signals: vtuber; Thai confidence: 0.30; Sources: Thai VTuber Ranking; Active (last video published 3 days ago),True
UCSPAN-WjdncItj4wMfi451g,Zalivia,@zaly-zalivia,https://www.youtube.com/channel/UCSPAN-WjdncItj4wMfi451g,Independent,active,CONFIRMED,vtuber_zaly-zalivia,Zalivia,main,2950,362,144669,2026-09-03T18:49:08+00:00,,0.0,Thai VTuber Ranking,2026-09-06T15:07:31.292892+00:00,"VTuber signals: vtuber, vtuberth; Sources: Thai VTuber Ranking; Active (last video published 2 days ago)",True
UCRNJOb6iROvOKqWiB9H1lBg,JayVounter,@jayvounter,https://www.youtube.com/channel/UCRNJOb6iROvOKqWiB9H1lBg,Independent,active,CONFIRMED,vtuber_jayvounter,JayVounter,main,61000,170,13949394,2026-06-05T06:38:37+00:00,TH,0.35,Thai VTuber Ranking,2026-09-06T15:07:31.292915+00:00,Thai confidence: 0.35; Sources: Thai VTuber Ranking; Active (last video published 93 days ago),True
UCSR9HXXmM7Er6ebxyIoBgpw,Stamp LMTY ⌜VZ⌟,@stamplmty,https://www.youtube.com/channel/UCSR9HXXmM7Er6ebxyIoBgpw,Virtual Zeven (VZ),active,CONFIRMED,vtuber_stamplmty,Stamp LMTY ⌜VZ⌟,main,156000,1882,203220606,2026-09-03T11:00:18+00:00,TH,0.8,Thai VTuber Ranking,2026-09-06T15:07:31.292983+00:00,"VTuber signals: วีทูปเบอร์, วีทูป; Thai confidence: 0.80; Sources: Thai VTuber Ranking; Active (last video published 3 days ago)",True
UCSaQSMvF2aOoz6GTnrb6VXw,Koemi Eimii Ch.,@koemieimii,https://www.youtube.com/channel/UCSaQSMvF2aOoz6GTnrb6VXw,Independent,active,CONFIRMED,vtuber_koemieimii,Koemi Eimii Ch.,main,2970,67,53272,2026-09-02T03:41:13+00:00,TH,0.8,Thai VTuber Ranking,2026-09-06T15:07:31.293069+00:00,VTuber signals: vtuber; Thai confidence: 0.80; Sources: Thai VTuber Ranking; Active (last video published 4 days ago),True
UCS9vgAEQSQDhgTRIskKA2tA,Ark Ch.【ARP】,@arkarproject,https://www.youtube.com/channel/UCS9vgAEQSQDhgTRIskKA2tA,Algorhythm Project,active,CONFIRMED,vtuber_arkarproject,Ark Ch.【ARP】,main,59000,516,3016260,2026-09-01T13:00:06+00:00,,0.2,Thai VTuber Ranking,2026-09-06T15:07:31.293100+00:00,VTuber signals: agency:Algorhythm Project; Agency: Algorhythm Project; Sources: Thai VTuber Ranking; Active (last video published 5 days ago),True
UCRYa4rXZl4M4aXDVdRWamZA,Frayr《WAV》,@frayr_wav,https://www.youtube.com/channel/UCRYa4rXZl4M4aXDVdRWamZA,Independent,active,CONFIRMED,vtuber_frayr_wav,Frayr《WAV》,main,4280,152,308537,2026-08-29T03:59:46+00:00,TH,0.8,Thai VTuber Ranking,2026-09-06T15:07:31.293143+00:00,Thai confidence: 0.80; Sources: Thai VTuber Ranking; Active (last video published 8 days ago),True
UCSjgfxkp4S7l1BrUObNUzzw,MAD:HATTER ⌜VZ⌟,@madhattervz,https://www.youtube.com/channel/UCSjgfxkp4S7l1BrUObNUzzw,Virtual Zeven (VZ),active,CONFIRMED,vtuber_madhattervz,MAD:HATTER ⌜VZ⌟,main,1090,144,44347,2026-09-03T16:28:22+00:00,TH,0.35,Thai VTuber Ranking,2026-09-06T15:07:31.293198+00:00,"VTuber signals: vtuber, vtuberth; Thai confidence: 0.35; Sources: Thai VTuber Ranking; Active (last video published 2 days ago)",True
UCSy4T_D4xz0IcnrAoNKd8Sw,Dalinju モラー,@dalinju,https://www.youtube.com/channel/UCSy4T_D4xz0IcnrAoNKd8Sw,Independent,hiatus,CONFIRMED,vtuber_dalinju,Dalinju モラー,main,4790,179,158318,2026-01-04T04:07:26+00:00,TH,0.55,Thai VTuber Ranking,2026-09-06T15:07:31.293230+00:00,Thai confidence: 0.55; Sources: Thai VTuber Ranking; Hiatus / Inactive for 245 days (> 180d),True
UCSB3FXovZ5GLLAIfYyuXYJg,Maprang 【Vtuber】,@maprang_vtuber,https://www.youtube.com/channel/UCSB3FXovZ5GLLAIfYyuXYJg,Independent,active,CONFIRMED,vtuber_maprang_vtuber,Maprang 【Vtuber】,main,7400,302,229074,2026-08-28T05:11:14+00:00,TH,0.35,Thai VTuber Ranking,2026-09-06T15:07:31.293269+00:00,VTuber signals: vtuber; Thai confidence: 0.35; Sources: Thai VTuber Ranking; Active (last video published 9 days ago),True
UCT-XhKtg0Ld-uAjsdf-qFMA,Orinnia ch.,@orinnia_vtuber,https://www.youtube.com/channel/UCT-XhKtg0Ld-uAjsdf-qFMA,Independent,active,CONFIRMED,vtuber_orinnia_vtuber,Orinnia ch.,main,1060,64,71099,2026-09-02T16:44:10+00:00,TH,0.8,Thai VTuber Ranking,2026-09-06T15:07:31.293308+00:00,VTuber signals: vtuber; Thai confidence: 0.80; Sources: Thai VTuber Ranking; Active (last video published 3 days ago),True
UCSFXk1n7GTDk6x_7HWlopjA,Nestor Ch.,@nestorch,https://www.youtube.com/channel/UCSFXk1n7GTDk6x_7HWlopjA,Independent,active,CONFIRMED,vtuber_nestorch,Nestor Ch.,main,2680,136,106888,2026-03-30T03:52:50+00:00,,0.0,Thai VTuber Ranking,2026-09-06T15:07:31.293337+00:00,VTuber signals: vtuber; Sources: Thai VTuber Ranking; Active (last video published 160 days ago),True
UCSviD27_MRT7oAdJUi0StPQ,Yoino Buten Ch.,@yoinobuten,https://www.youtube.com/channel/UCSviD27_MRT7oAdJUi0StPQ,Independent,active,CONFIRMED,vtuber_yoinobuten,Yoino Buten Ch.,main,23000,422,782038,2026-09-03T17:16:24+00:00,TH,0.8,Thai VTuber Ranking,2026-09-06T15:07:31.293402+00:00,Thai confidence: 0.80; Sources: Thai VTuber Ranking; Active (last video published 2 days ago),True
UCR4Vap93GIkE4zA4DrMW-Rw,NamwanVchan,@namwanvtuber,https://www.youtube.com/channel/UCR4Vap93GIkE4zA4DrMW-Rw,Independent,active,CONFIRMED,vtuber_namwanvtuber,NamwanVchan,main,15600,1466,3712994,2026-09-03T12:18:42+00:00,TH,0.8,Thai VTuber Ranking,2026-09-06T15:07:31.293455+00:00,"VTuber signals: vtuber, virtual youtuber; Thai confidence: 0.80; Sources: Thai VTuber Ranking; Active (last video published 3 days ago)",True
UCSXwfOj8mTDxE1ZaIEHXN2w,Meraki Keimii Ch. Pixela Legends,@merakikeimii,https://www.youtube.com/channel/UCSXwfOj8mTDxE1ZaIEHXN2w,Pixela Project,hiatus,CONFIRMED,vtuber_merakikeimii,Meraki Keimii Ch. Pixela Legends,main,32700,40,1042240,2023-08-01T08:00:01+00:00,TH,0.8,Thai VTuber Ranking; Virtual YouTuber Fandom Wiki,2026-09-06T15:07:31.293496+00:00,"VTuber signals: agency:Pixela Project; Agency: Pixela Project; Thai confidence: 0.80; Sources: Thai VTuber Ranking, Virtual YouTuber Fandom Wiki; Hiatus / Inactive for 1132 days (> 180d)",True
UCSlT8Mc_dty5c_cFmi1zz4Q,Mikotomi Maneneko Ch. Lumina-Mutelu,@mikotomimaneneko,https://www.youtube.com/channel/UCSlT8Mc_dty5c_cFmi1zz4Q,Lumina Live,active,CONFIRMED,vtuber_mikotomimaneneko,Mikotomi Maneneko Ch. Lumina-Mutelu,main,8710,223,1271762,2026-09-04T18:26:40+00:00,TH,0.8,Thai VTuber Ranking,2026-09-06T15:07:31.293537+00:00,VTuber signals: agency:Lumina Live; Agency: Lumina Live; Thai confidence: 0.80; Sources: Thai VTuber Ranking; Active (last video published 1 days ago),True
UCRq6GGcCP8sjIRfzIhfmv4w,AmaneRei Ch.,@amanerei_vth,https://www.youtube.com/channel/UCRq6GGcCP8sjIRfzIhfmv4w,Independent,active,CONFIRMED,vtuber_amanerei_vth,AmaneRei Ch.,main,1180,71,68764,2026-08-22T03:44:04+00:00,TH,0.95,Thai VTuber Ranking,2026-09-06T15:07:31.293581+00:00,"VTuber signals: vtuber, vtuberth; Thai confidence: 0.95; Sources: Thai VTuber Ranking; Active (last video published 15 days ago)",True
UCRiS4VWQedLfgE1g1AKD1DQ,Iryne Mau Ch. [Autumnia],@irynemau,https://www.youtube.com/channel/UCRiS4VWQedLfgE1g1AKD1DQ,Autumnia,hiatus,CONFIRMED,vtuber_irynemau,Iryne Mau Ch. [Autumnia],main,2780,365,122996,2025-05-31T19:48:35+00:00,TH,1.0,Thai VTuber Ranking,2026-09-06T15:07:31.293617+00:00,Thai confidence: 1.00; Sources: Thai VTuber Ranking; Hiatus / Inactive for 462 days (> 180d),True
UCRk9GF8RknJ1tfcgP2Rr2Vw,Ran [EC19 Projekt],@ranec19projekt,https://www.youtube.com/channel/UCRk9GF8RknJ1tfcgP2Rr2Vw,Independent,hiatus,CONFIRMED,vtuber_ranec19projekt,Ran [EC19 Projekt],main,6990,13,8622,2021-10-10T14:54:29Z,TH,0.55,Thai VTuber Ranking,2026-09-06T15:07:31.293645+00:00,"VTuber signals: vtuber, thai vtuber; Thai confidence: 0.55; Sources: Thai VTuber Ranking; Hiatus / Inactive for 1792 days (> 180d)",True
UCSxxTmjwf04nMcIALS1RyMQ,Akito ch. アキト【SOA】,@akito_soa,https://www.youtube.com/channel/UCSxxTmjwf04nMcIALS1RyMQ,Independent,active,CONFIRMED,vtuber_akito_soa,Akito ch. アキト【SOA】,main,6260,868,934993,2026-09-02T22:25:11+00:00,TH,0.8,Thai VTuber Ranking,2026-09-06T15:07:31.293750+00:00,VTuber signals: vtuber; Thai confidence: 0.80; Sources: Thai VTuber Ranking; Active (last video published 3 days ago),True
UCJcfB-86rWM0NF2li1CqNNw,NutsuruSama ,@nutsurusama,https://www.youtube.com/channel/UCJcfB-86rWM0NF2li1CqNNw,Independent,active,CONFIRMED,vtuber_nutsurusama,NutsuruSama ,main,79400,1096,26525965,2026-09-03T11:18:51+00:00,TH,0.8,Thai VTuber Ranking,2026-09-06T15:07:31.293816+00:00,VTuber signals: vtuber; Thai confidence: 0.80; Sources: Thai VTuber Ranking; Active (last video published 3 days ago),True
UCLWpw8jaGYOVXV8cIu1WMqw,Fukai Lorn Ch.,@fukailorn,https://www.youtube.com/channel/UCLWpw8jaGYOVXV8cIu1WMqw,Independent,active,CONFIRMED,vtuber_fukailorn,Fukai Lorn Ch.,main,1710,374,55299,2026-08-27T20:14:52+00:00,TH,0.35,Thai VTuber Ranking,2026-09-06T15:07:31.293846+00:00,VTuber signals: vtuber; Thai confidence: 0.35; Sources: Thai VTuber Ranking; Active (last video published 9 days ago),True
UCJcUPyHbfB_4evd9PhFyfXQ,AltairAlAl Ch.,@altairalal,https://www.youtube.com/channel/UCJcUPyHbfB_4evd9PhFyfXQ,Independent,active,CONFIRMED,vtuber_altairalal,AltairAlAl Ch.,main,75,50,4666,2026-09-03T14:19:26+00:00,TH,0.8,Thai VTuber Ranking,2026-09-06T15:07:31.293875+00:00,Thai confidence: 0.80; Sources: Thai VTuber Ranking; Active (last video published 3 days ago),True
UCLH2yQZY_yG165dVqtabtYw,Aki Masamune Ch. / AStars Chrono prince,@akimasamune_as,https://www.youtube.com/channel/UCLH2yQZY_yG165dVqtabtYw,AStars Production,active,CONFIRMED,vtuber_akimasamune_as,Aki Masamune Ch. / AStars Chrono prince,main,19600,662,968722,2026-09-03T04:50:28+00:00,,0.2,Thai VTuber Ranking; Virtual YouTuber Fandom Wiki,2026-09-06T15:07:31.293897+00:00,"VTuber signals: vtuber, thai vtuber; Sources: Thai VTuber Ranking, Virtual YouTuber Fandom Wiki; Active (last video published 3 days ago)",True
UCJV_fi2dwgLJLLkIIzsT4hg,StelLa Ch.【XEKIN】,@stellachannel,https://www.youtube.com/channel/UCJV_fi2dwgLJLLkIIzsT4hg,Independent,unknown,CONFIRMED,vtuber_stellachannel,StelLa Ch.【XEKIN】,main,24300,0,0,,TH,0.8,Thai VTuber Ranking; Virtual YouTuber Fandom Wiki,2026-09-06T15:07:31.293924+00:00,"VTuber signals: vtuber; Thai confidence: 0.80; Sources: Thai VTuber Ranking, Virtual YouTuber Fandom Wiki; No public video history recorded",False
UCLEOU6NgYYoVmPV8MwbwOkg,RatoMatsudaラト松田 Ch.,@ratokungz,https://www.youtube.com/channel/UCLEOU6NgYYoVmPV8MwbwOkg,Independent,active,CONFIRMED,vtuber_ratokungz,RatoMatsudaラト松田 Ch.,main,4690,321,638987,2026-09-02T22:42:48+00:00,TH,0.35,Thai VTuber Ranking,2026-09-06T15:07:31.293946+00:00,"VTuber signals: vtuber, vtuberth; Thai confidence: 0.35; Sources: Thai VTuber Ranking; Active (last video published 3 days ago)",True
UCLrFWzD0xA5nDt4ZYUnbGew,Jorirynn 【PRIME】,@jorirynnjo,https://www.youtube.com/channel/UCLrFWzD0xA5nDt4ZYUnbGew,Independent,hiatus,CONFIRMED,vtuber_jorirynnjo,Jorirynn 【PRIME】,main,2940,124,68794,2025-08-21T16:28:36+00:00,TH,0.35,Thai VTuber Ranking,2026-09-06T15:07:31.293970+00:00,Thai confidence: 0.35; Sources: Thai VTuber Ranking; Hiatus / Inactive for 380 days (> 180d),True
UCM7lej36ZymXK4KGygFQN8w,MINI_lorii,@minilorri,https://www.youtube.com/channel/UCM7lej36ZymXK4KGygFQN8w,Independent,active,CONFIRMED,vtuber_minilorri,MINI_lorii,main,1750,190,166876,2026-08-29T17:27:17+00:00,,0.45,Thai VTuber Ranking,2026-09-06T15:07:31.294008+00:00,VTuber signals: vtuber; Thai confidence: 0.45; Sources: Thai VTuber Ranking; Active (last video published 7 days ago),True
UCLNBff3KDEUxdfH_lkvyOKQ,Kamiyu Reirin Ch. Lumina-First-Myth,@kamiyureirin,https://www.youtube.com/channel/UCLNBff3KDEUxdfH_lkvyOKQ,Lumina Live,active,CONFIRMED,vtuber_kamiyureirin,Kamiyu Reirin Ch. Lumina-First-Myth,main,86100,1259,9487582,2026-09-01T01:22:16+00:00,TH,0.8,Thai VTuber Ranking; Virtual YouTuber Fandom Wiki,2026-09-06T15:07:31.294065+00:00,"VTuber signals: agency:Lumina Live; Agency: Lumina Live; Thai confidence: 0.80; Sources: Thai VTuber Ranking, Virtual YouTuber Fandom Wiki; Active (last video published 5 days ago)",True
UCLEtK3UynAZPM7ODwPeveEw,LIRIN,@lirin0suke,https://www.youtube.com/channel/UCLEtK3UynAZPM7ODwPeveEw,Independent,active,CONFIRMED,vtuber_lirin0suke,LIRIN,main,32300,295,816690,2026-08-18T14:52:30+00:00,TH,0.35,Thai VTuber Ranking,2026-09-06T15:07:31.294091+00:00,Thai confidence: 0.35; Sources: Thai VTuber Ranking; Active (last video published 19 days ago),True
UCJVNjk7J4WxX4ccFl11SzDw,MOA - โมอา,@moaโมอา,https://www.youtube.com/channel/UCJVNjk7J4WxX4ccFl11SzDw,Independent,hiatus,CONFIRMED,vtuber_moaโมอา,MOA - โมอา,main,7260,22,12621,2025-10-09T03:55:01+00:00,,0.45,Thai VTuber Ranking,2026-09-06T15:07:31.294138+00:00,VTuber signals: vtuber; Thai confidence: 0.45; Sources: Thai VTuber Ranking; Hiatus / Inactive for 332 days (> 180d),True
UCL9pGQHePabm2RkTgbFR7YQ,TayTungKeyVR,@taytungkeyvr,https://www.youtube.com/channel/UCL9pGQHePabm2RkTgbFR7YQ,Independent,active,CONFIRMED,vtuber_taytungkeyvr,TayTungKeyVR,main,11900,156,561140,2026-08-29T20:16:47+00:00,TH,0.8,Thai VTuber Ranking,2026-09-06T15:07:31.294169+00:00,Thai confidence: 0.80; Sources: Thai VTuber Ranking; Active (last video published 7 days ago),True
UCLplEzbrp6AFeZIyVp9EnRA,แก้วกษิรา [KAEWKASIRA] 🐍🌸,@kksr_vt,https://www.youtube.com/channel/UCLplEzbrp6AFeZIyVp9EnRA,Independent,active,CONFIRMED,vtuber_kksr_vt,แก้วกษิรา [KAEWKASIRA] 🐍🌸,main,2150,17,11158,2026-07-28T01:08:20+00:00,,0.45,Thai VTuber Ranking,2026-09-06T15:07:31.294216+00:00,Thai confidence: 0.45; Sources: Thai VTuber Ranking; Active (last video published 40 days ago),True
UCJZdSYHLTvG4d3yVd-NyasA,AYANE  SHIWAWA,@ayane_shiwawa_,https://www.youtube.com/channel/UCJZdSYHLTvG4d3yVd-NyasA,Independent,active,CONFIRMED,vtuber_ayane_shiwawa_,AYANE  SHIWAWA,main,797,86,38388,2026-08-16T05:08:37+00:00,,0.45,Thai VTuber Ranking,2026-09-06T15:07:31.294250+00:00,Thai confidence: 0.45; Sources: Thai VTuber Ranking; Active (last video published 21 days ago),True
UCL7lolCifod5V21pPzR3K-w,Magnum Ch.【ARP】,@magnum_arp,https://www.youtube.com/channel/UCL7lolCifod5V21pPzR3K-w,Algorhythm Project,active,CONFIRMED,vtuber_magnum_arp,Magnum Ch.【ARP】,main,77500,413,8957543,2026-08-31T10:20:38+00:00,,0.65,Thai VTuber Ranking,2026-09-06T15:07:31.294277+00:00,"VTuber signals: vtuber, agency:Algorhythm Project; Agency: Algorhythm Project; Thai confidence: 0.65; Sources: Thai VTuber Ranking; Active (last video published 6 days ago)",True
UCKlC3deRExVS_eCuFg2ec2g,Yama 『VTG』,@yama_vtg,https://www.youtube.com/channel/UCKlC3deRExVS_eCuFg2ec2g,Independent,active,CONFIRMED,vtuber_yama_vtg,Yama 『VTG』,main,254,55,4688,2026-08-25T02:59:14+00:00,TH,0.8,Thai VTuber Ranking,2026-09-06T15:07:31.294364+00:00,Thai confidence: 0.80; Sources: Thai VTuber Ranking; Active (last video published 12 days ago),True
UCK8GmjIUCbl_qlRCfAR3yaA,Project R.,@projectrei,https://www.youtube.com/channel/UCK8GmjIUCbl_qlRCfAR3yaA,Independent,hiatus,CONFIRMED,vtuber_projectrei,Project R.,main,8530,0,0,2020-09-19T19:31:40+00:00,TH,0.35,Thai VTuber Ranking; Virtual YouTuber Fandom Wiki,2026-09-06T15:07:31.294461+00:00,"Thai confidence: 0.35; Sources: Thai VTuber Ranking, Virtual YouTuber Fandom Wiki; Hiatus / Inactive for 2177 days (> 180d)",True
UCMQwItTmnjFp1VK-v6aR15g,Rendell Druid Ch.,@rendelldruid,https://www.youtube.com/channel/UCMQwItTmnjFp1VK-v6aR15g,Independent,active,CONFIRMED,vtuber_rendelldruid,Rendell Druid Ch.,main,3340,639,197137,2026-08-31T17:08:59+00:00,,0.45,Thai VTuber Ranking,2026-09-06T15:07:31.294516+00:00,Thai confidence: 0.45; Sources: Thai VTuber Ranking; Active (last video published 5 days ago),True
UCMQ21qN4qXA0sJf-kUK9ZjQ,SIXTEEN WATHATHAI ,@sixteen-c5l,https://www.youtube.com/channel/UCMQ21qN4qXA0sJf-kUK9ZjQ,Independent,hiatus,CONFIRMED,vtuber_sixteen-c5l,SIXTEEN WATHATHAI ,main,4340,307,37209,2024-03-09T05:44:02+00:00,TH,1.0,Thai VTuber Ranking,2026-09-06T15:07:31.294585+00:00,Thai confidence: 1.00; Sources: Thai VTuber Ranking; Hiatus / Inactive for 911 days (> 180d),True
UCKKPleoe-EdGryxMCf0i9UA,DoMINO DDD.,@domino_non,https://www.youtube.com/channel/UCKKPleoe-EdGryxMCf0i9UA,Independent,active,CONFIRMED,vtuber_domino_non,DoMINO DDD.,main,1980,253,188032,2026-05-09T04:01:03+00:00,TH,0.8,Thai VTuber Ranking,2026-09-06T15:07:31.294624+00:00,VTuber signals: vtuber; Thai confidence: 0.80; Sources: Thai VTuber Ranking; Active (last video published 120 days ago),True
UCJdXesaZYrQVSjhlYhme8rQ,Ayna Ch.【ARP】,@ayna_arp,https://www.youtube.com/channel/UCJdXesaZYrQVSjhlYhme8rQ,Algorhythm Project,hiatus,CONFIRMED,vtuber_ayna_arp,Ayna Ch.【ARP】,main,50400,410,7210725,2025-04-04T17:45:43+00:00,TH,0.35,Thai VTuber Ranking; Virtual YouTuber Fandom Wiki,2026-09-06T15:07:31.294682+00:00,"VTuber signals: agency:Algorhythm Project; Agency: Algorhythm Project; Thai confidence: 0.35; Sources: Thai VTuber Ranking, Virtual YouTuber Fandom Wiki; Hiatus / Inactive for 519 days (> 180d)",True
UCL1yaSZue9dW_zyvhdI8C3w,Friskfitz,@friskfitz,https://www.youtube.com/channel/UCL1yaSZue9dW_zyvhdI8C3w,Independent,active,CONFIRMED,vtuber_friskfitz,Friskfitz,main,30600,334,9687571,2026-09-03T15:34:39+00:00,TH,0.8,Thai VTuber Ranking,2026-09-06T15:07:31.294736+00:00,Thai confidence: 0.80; Sources: Thai VTuber Ranking; Active (last video published 2 days ago),True
UCMDaeugSCq7jNvWma9pa0ZQ,ReaTH Ch.,@reathchnsk,https://www.youtube.com/channel/UCMDaeugSCq7jNvWma9pa0ZQ,Independent,unknown,CONFIRMED,vtuber_reathchnsk,ReaTH Ch.,main,1880,0,0,,TH,0.55,Thai VTuber Ranking,2026-09-06T15:07:31.294758+00:00,"VTuber signals: vtuber, thai vtuber; Thai confidence: 0.55; Sources: Thai VTuber Ranking; No public video history recorded",False
UCL6YKqCxZoo1ecno9Zn6RDg,Lynis ch. Euphora | Vtuber,@lynisepr,https://www.youtube.com/channel/UCL6YKqCxZoo1ecno9Zn6RDg,Euphora Project,active,CONFIRMED,vtuber_lynisepr,Lynis ch. Euphora | Vtuber,main,6940,252,193772,2026-09-03T11:47:41+00:00,TH,0.8,Thai VTuber Ranking,2026-09-06T15:07:31.294791+00:00,"VTuber signals: vtuber, agency:Euphora Project; Agency: Euphora Project; Thai confidence: 0.80; Sources: Thai VTuber Ranking; Active (last video published 3 days ago)",True
UCKE7TdJhSFGM6eBxAOZrw8g,Urana Ch.,@uranach,https://www.youtube.com/channel/UCKE7TdJhSFGM6eBxAOZrw8g,Independent,active,CONFIRMED,vtuber_uranach,Urana Ch.,main,7390,439,123768,2026-09-02T15:57:00+00:00,TH,0.55,Thai VTuber Ranking,2026-09-06T15:07:31.294848+00:00,Thai confidence: 0.55; Sources: Thai VTuber Ranking; Active (last video published 3 days ago),True
UCMBxPwSlBQz2TxRnA2ogq0w,Jayda,@jayda_suaymak,https://www.youtube.com/channel/UCMBxPwSlBQz2TxRnA2ogq0w,Independent,active,CONFIRMED,vtuber_jayda_suaymak,Jayda,main,910,65,6675,2026-09-03T12:52:47+00:00,,0.65,Thai VTuber Ranking,2026-09-06T15:07:31.294902+00:00,VTuber signals: vtuber; Thai confidence: 0.65; Sources: Thai VTuber Ranking; Active (last video published 3 days ago),True
UCM69uU9b_raR3mcACHeivgg,Pyork The Pork,@pyorkthepork,https://www.youtube.com/channel/UCM69uU9b_raR3mcACHeivgg,Independent,active,CONFIRMED,vtuber_pyorkthepork,Pyork The Pork,main,224000,27,2436660,2026-04-04T15:48:57+00:00,TH,0.8,Thai VTuber Ranking,2026-09-06T15:07:31.294936+00:00,Thai confidence: 0.80; Sources: Thai VTuber Ranking; Active (last video published 154 days ago),True
UCK0yR420GTebrHIJy1-ND2g,Zoey Ch.【 HZ 】,@zoeychanhz,https://www.youtube.com/channel/UCK0yR420GTebrHIJy1-ND2g,HZ,active,CONFIRMED,vtuber_zoeychanhz,Zoey Ch.【 HZ 】,main,776,177,48264,2026-08-26T06:27:01+00:00,,0.45,Thai VTuber Ranking,2026-09-06T15:07:31.294968+00:00,Thai confidence: 0.45; Sources: Thai VTuber Ranking; Active (last video published 11 days ago),True
UCL0LiR5zg3vRnIHp-CowVBg,KamiSaki Kuro Ch.,@kamisaki_kuro,https://www.youtube.com/channel/UCL0LiR5zg3vRnIHp-CowVBg,Independent,active,CONFIRMED,vtuber_kamisaki_kuro,KamiSaki Kuro Ch.,main,966,310,67273,2026-08-29T16:52:14+00:00,TH,0.35,Thai VTuber Ranking,2026-09-06T15:07:31.294993+00:00,Thai confidence: 0.35; Sources: Thai VTuber Ranking; Active (last video published 7 days ago),True
UCKCL2NsTO_FOaWHEE6OiHoA,Akira Ch. 狐川アキラ,@kogawaakira,https://www.youtube.com/channel/UCKCL2NsTO_FOaWHEE6OiHoA,Independent,active,CONFIRMED,vtuber_kogawaakira,Akira Ch. 狐川アキラ,main,672,181,22902,2026-08-28T05:00:47+00:00,TH,0.8,Thai VTuber Ranking,2026-09-06T15:07:31.295040+00:00,Thai confidence: 0.80; Sources: Thai VTuber Ranking; Active (last video published 9 days ago),True
UCJu3OL7duainSbXcDvU-bUA,Kurosawa Karwara〖Autumnia〗,@kurosawasp,https://www.youtube.com/channel/UCJu3OL7duainSbXcDvU-bUA,Autumnia,active,CONFIRMED,vtuber_kurosawasp,Kurosawa Karwara〖Autumnia〗,main,523,205,38350,2026-08-28T16:53:42+00:00,TH,0.8,Thai VTuber Ranking,2026-09-06T15:07:31.295099+00:00,Thai confidence: 0.80; Sources: Thai VTuber Ranking; Active (last video published 8 days ago),True
UCMJcr4CRojJ_0Qkyd1a5ULQ,DeathEx Ch.,@deathexch.,https://www.youtube.com/channel/UCMJcr4CRojJ_0Qkyd1a5ULQ,Independent,active,CONFIRMED,vtuber_deathexch.,DeathEx Ch.,main,544,340,25088,2026-09-01T03:24:27+00:00,TH,0.8,Thai VTuber Ranking,2026-09-06T15:07:31.295179+00:00,"VTuber signals: vtuber, วีทูปเบอร์, วีทูป, vtuberth; Thai confidence: 0.80; Sources: Thai VTuber Ranking; Active (last video published 5 days ago)",True
UCJMtmiajwsQXE4rpd2wuEyg,Chiharu ch.「TRR」,@chiharu_trr,https://www.youtube.com/channel/UCJMtmiajwsQXE4rpd2wuEyg,Independent,active,CONFIRMED,vtuber_chiharu_trr,Chiharu ch.「TRR」,main,266,65,3470,2026-07-28T23:44:35+00:00,,0.45,Thai VTuber Ranking,2026-09-06T15:07:31.295212+00:00,VTuber signals: vtuber; Thai confidence: 0.45; Sources: Thai VTuber Ranking; Active (last video published 39 days ago),True
UCJh1yHdhK6XA2brZ8EIuaaw,BlueMoon Ch. ,@demon_blxe,https://www.youtube.com/channel/UCJh1yHdhK6XA2brZ8EIuaaw,Independent,active,CONFIRMED,vtuber_demon_blxe,BlueMoon Ch. ,main,552,38,3116,2026-08-31T00:43:15+00:00,TH,0.35,Thai VTuber Ranking,2026-09-06T15:07:31.295235+00:00,Thai confidence: 0.35; Sources: Thai VTuber Ranking; Active (last video published 6 days ago),True
UCM96L0HabMkeIGyBViLZ4YQ,Cynthia Rowena Ch.,@cynthiarowena,https://www.youtube.com/channel/UCM96L0HabMkeIGyBViLZ4YQ,Independent,active,CONFIRMED,vtuber_cynthiarowena,Cynthia Rowena Ch.,main,35300,701,609757,2026-09-03T10:17:50+00:00,TH,0.8,Thai VTuber Ranking,2026-09-06T15:07:31.295257+00:00,VTuber signals: vtuber; Thai confidence: 0.80; Sources: Thai VTuber Ranking; Active (last video published 3 days ago),True
UCLWuDHSv5EWSQqAxar2YTlw,Akilah Ch.,@akilah_mjnv,https://www.youtube.com/channel/UCLWuDHSv5EWSQqAxar2YTlw,Independent,active,CONFIRMED,vtuber_akilah_mjnv,Akilah Ch.,main,7680,279,362057,2026-08-29T04:16:19+00:00,TH,0.35,Thai VTuber Ranking,2026-09-06T15:07:31.295282+00:00,Thai confidence: 0.35; Sources: Thai VTuber Ranking; Active (last video published 8 days ago),True
UCJxIZZSfV0u2b7p_bK7jOjw,Endoria Fia「ALF」,@endoria_alf,https://www.youtube.com/channel/UCJxIZZSfV0u2b7p_bK7jOjw,ALF,active,CONFIRMED,vtuber_endoria_alf,Endoria Fia「ALF」,main,1120,75,76454,2026-09-03T06:45:39+00:00,,0.45,Thai VTuber Ranking,2026-09-06T15:07:31.295309+00:00,Thai confidence: 0.45; Sources: Thai VTuber Ranking; Active (last video published 3 days ago),True
UCL4nWmMsqtYKN6OvcmskNtg,Rubellite ch. Euphora,@rubelliteeuphora,https://www.youtube.com/channel/UCL4nWmMsqtYKN6OvcmskNtg,Euphora Project,active,CONFIRMED,vtuber_rubelliteeuphora,Rubellite ch. Euphora,main,7680,967,307171,2026-07-13T09:00:29+00:00,TH,0.35,Thai VTuber Ranking,2026-09-06T15:07:31.295349+00:00,VTuber signals: agency:Euphora Project; Agency: Euphora Project; Thai confidence: 0.35; Sources: Thai VTuber Ranking; Active (last video published 55 days ago),True
UCL0sord1bwoWcg2M2WExpiA,Sullivan Ch. Vprolive,@sullivanvprolive,https://www.youtube.com/channel/UCL0sord1bwoWcg2M2WExpiA,Independent,unknown,CONFIRMED,vtuber_sullivanvprolive,Sullivan Ch. Vprolive,main,1400,0,0,,,0.2,Thai VTuber Ranking,2026-09-06T15:07:31.295370+00:00,"VTuber signals: vtuber, thai vtuber; Sources: Thai VTuber Ranking; No public video history recorded",False
UCL2geAXXebwlFLe-dokNCkw,Phelita ch. Euphora • [On Hold],@phelitaepr,https://www.youtube.com/channel/UCL2geAXXebwlFLe-dokNCkw,Euphora Project,hiatus,CONFIRMED,vtuber_phelitaepr,Phelita ch. Euphora • [On Hold],main,8490,0,0,2023-08-02T18:51:39+00:00,TH,0.8,Thai VTuber Ranking,2026-09-06T15:07:31.295460+00:00,"VTuber signals: vtuber, agency:Euphora Project; Agency: Euphora Project; Thai confidence: 0.80; Sources: Thai VTuber Ranking; Hiatus / Inactive for 1130 days (> 180d)",True
UCKSfn-s6fgSVkkNGcPPUuBQ,Sua Ch.,@sua_vtuber,https://www.youtube.com/channel/UCKSfn-s6fgSVkkNGcPPUuBQ,Independent,active,CONFIRMED,vtuber_sua_vtuber,Sua Ch.,main,5540,190,354014,2026-08-24T00:20:17+00:00,TH,0.8,Thai VTuber Ranking,2026-09-06T15:07:31.295494+00:00,"VTuber signals: vtuber, วีทูปเบอร์, วีทูป, vtuberth; Thai confidence: 0.80; Sources: Thai VTuber Ranking; Active (last video published 13 days ago)",True
UCKPcwla_mvpdBnyjHYTiwoQ,Puipui Memory,@puipuimemory,https://www.youtube.com/channel/UCKPcwla_mvpdBnyjHYTiwoQ,Independent,hiatus,CONFIRMED,vtuber_puipuimemory,Puipui Memory,main,96400,787,9695487,2026-02-20T07:53:35+00:00,TH,1.0,Thai VTuber Ranking,2026-09-06T15:07:31.295572+00:00,"VTuber signals: vtuber, vtuberth; Thai confidence: 1.00; Sources: Thai VTuber Ranking; Hiatus / Inactive for 198 days (> 180d)",True
UCMHyqlEwC-IdXCQZht8g44w,Sigmunda Riona Ch. 【POLYGON】,@rionaplg,https://www.youtube.com/channel/UCMHyqlEwC-IdXCQZht8g44w,Polygon Official,active,CONFIRMED,vtuber_rionaplg,Sigmunda Riona Ch. 【POLYGON】,main,16100,1029,911647,2026-09-03T15:26:26+00:00,TH,0.8,Thai VTuber Ranking; Virtual YouTuber Fandom Wiki,2026-09-06T15:07:31.295677+00:00,"VTuber signals: agency:Polygon Official; Agency: Polygon Official; Thai confidence: 0.80; Sources: Thai VTuber Ranking, Virtual YouTuber Fandom Wiki; Active (last video published 2 days ago)",True
UCKlrZ_Pp4UE8miUIbC3kFjg,Castesia | Phoenix Vtuber of Noxus,@castesia,https://www.youtube.com/channel/UCKlrZ_Pp4UE8miUIbC3kFjg,Independent,hiatus,CONFIRMED,vtuber_castesia,Castesia | Phoenix Vtuber of Noxus,main,33700,465,3158827,2024-03-28T02:30:05+00:00,TH,0.8,Thai VTuber Ranking,2026-09-06T15:07:31.295738+00:00,VTuber signals: vtuber; Thai confidence: 0.80; Sources: Thai VTuber Ranking; Hiatus / Inactive for 892 days (> 180d),True
UCJNuYG7F5YzslTSYChWcKBw,Kousei Ch.,@kouseich219,https://www.youtube.com/channel/UCJNuYG7F5YzslTSYChWcKBw,Independent,active,CONFIRMED,vtuber_kouseich219,Kousei Ch.,main,5250,490,262683,2026-08-12T05:05:57+00:00,JP,0.45,Thai VTuber Ranking; Virtual YouTuber Fandom Wiki,2026-09-06T15:07:31.295817+00:00,"VTuber signals: vtuber, virtual idol; Thai confidence: 0.45; Sources: Thai VTuber Ranking, Virtual YouTuber Fandom Wiki; Active (last video published 25 days ago)",True
UCLUmZp46kwJs1YENDLsGV9A,Lyric Ursae,@lyricursae,https://www.youtube.com/channel/UCLUmZp46kwJs1YENDLsGV9A,Independent,active,CONFIRMED,vtuber_lyricursae,Lyric Ursae,main,1320,218,81742,2026-09-03T09:16:01+00:00,TH,0.8,Thai VTuber Ranking,2026-09-06T15:07:31.295959+00:00,Thai confidence: 0.80; Sources: Thai VTuber Ranking; Active (last video published 3 days ago),True
UC5RdVorohRmiGKHN4VHYZJg,TAIYO BOUKEN Ch.,@taiyobouken,https://www.youtube.com/channel/UC5RdVorohRmiGKHN4VHYZJg,Independent,active,CONFIRMED,vtuber_taiyobouken,TAIYO BOUKEN Ch.,main,26000,770,2005554,2026-09-02T11:20:58+00:00,TH,0.8,Thai VTuber Ranking,2026-09-06T15:07:31.295996+00:00,VTuber signals: vtuber; Thai confidence: 0.80; Sources: Thai VTuber Ranking; Active (last video published 4 days ago),True
UC4kzIt5iyX7QC27TTKfUnXA,Witchy Rochelle,@witchy_rochelle,https://www.youtube.com/channel/UC4kzIt5iyX7QC27TTKfUnXA,Independent,active,CONFIRMED,vtuber_witchy_rochelle,Witchy Rochelle,main,5640,267,332541,2026-09-01T10:07:44+00:00,TH,0.8,Thai VTuber Ranking,2026-09-06T15:07:31.296060+00:00,Thai confidence: 0.80; Sources: Thai VTuber Ranking; Active (last video published 5 days ago),True
UC42syJbZL4oBacK-QFTie6w,Astella Rieka Ch.,@astellariekach,https://www.youtube.com/channel/UC42syJbZL4oBacK-QFTie6w,Independent,active,CONFIRMED,vtuber_astellariekach,Astella Rieka Ch.,main,25200,499,3886072,2026-09-02T11:30:23+00:00,TH,1.0,Thai VTuber Ranking; Virtual YouTuber Fandom Wiki,2026-09-06T15:07:31.296142+00:00,"VTuber signals: vtuber, vtuberth; Thai confidence: 1.00; Sources: Thai VTuber Ranking, Virtual YouTuber Fandom Wiki; Active (last video published 4 days ago)",True
UC4zIwNmfURhIO5Pj-ccmKBA,Amu V Ch.,@amuvch,https://www.youtube.com/channel/UC4zIwNmfURhIO5Pj-ccmKBA,Independent,hiatus,CONFIRMED,vtuber_amuvch,Amu V Ch.,main,1260,380,46835,2024-11-01T22:53:06+00:00,TH,0.55,Thai VTuber Ranking,2026-09-06T15:07:31.296171+00:00,Thai confidence: 0.55; Sources: Thai VTuber Ranking; Hiatus / Inactive for 673 days (> 180d),True
UC5N4WI1wHPrffHY-r1FtnIw,RESU,@retsueiei,https://www.youtube.com/channel/UC5N4WI1wHPrffHY-r1FtnIw,Independent,hiatus,CONFIRMED,vtuber_retsueiei,RESU,main,1480,14,38519,2024-11-20T03:24:51+00:00,TH,0.8,Thai VTuber Ranking,2026-09-06T15:07:31.296201+00:00,Thai confidence: 0.80; Sources: Thai VTuber Ranking; Hiatus / Inactive for 655 days (> 180d),True
UC4x2o7dyxOqFLoA9NKxf0Iw,Ivy Ch.【ARP】,@ivy_arp,https://www.youtube.com/channel/UC4x2o7dyxOqFLoA9NKxf0Iw,Algorhythm Project,active,CONFIRMED,vtuber_ivy_arp,Ivy Ch.【ARP】,main,50600,324,1847700,2026-08-10T12:00:06+00:00,JP,0.45,Thai VTuber Ranking,2026-09-06T15:07:31.296257+00:00,VTuber signals: agency:Algorhythm Project; Agency: Algorhythm Project; Thai confidence: 0.45; Sources: Thai VTuber Ranking; Active (last video published 27 days ago),True
UC3rL0_fwhvTx0zpFj4pn5Dw,Timothy Weii Ch.,@timothy_weii,https://www.youtube.com/channel/UC3rL0_fwhvTx0zpFj4pn5Dw,Independent,active,CONFIRMED,vtuber_timothy_weii,Timothy Weii Ch.,main,3620,234,141578,2026-08-06T16:51:18+00:00,,0.45,Thai VTuber Ranking,2026-09-06T15:07:31.296314+00:00,Thai confidence: 0.45; Sources: Thai VTuber Ranking; Active (last video published 30 days ago),True
UC4Ceq8atGdQu58Dn3YKF1Ig,T หมาป่าบลูเบอร์รี่ Wolfficial,@tblueberry,https://www.youtube.com/channel/UC4Ceq8atGdQu58Dn3YKF1Ig,Independent,active,CONFIRMED,vtuber_tblueberry,T หมาป่าบลูเบอร์รี่ Wolfficial,main,5620,282,318954,2026-08-29T03:00:08+00:00,TH,0.8,Thai VTuber Ranking,2026-09-06T15:07:31.296381+00:00,VTuber signals: vtuber; Thai confidence: 0.80; Sources: Thai VTuber Ranking; Active (last video published 8 days ago),True
UC4g_aNYnbZ564FUrzHvoFQA,Moe Kaori  ⌜VZ⌟,@moekaorivz,https://www.youtube.com/channel/UC4g_aNYnbZ564FUrzHvoFQA,Virtual Zeven (VZ),hiatus,CONFIRMED,vtuber_moekaorivz,Moe Kaori  ⌜VZ⌟,main,13600,383,800837,2025-09-12T07:20:57+00:00,TH,0.35,Thai VTuber Ranking,2026-09-06T15:07:31.296449+00:00,"VTuber signals: vtuber, vtuberth; Thai confidence: 0.35; Sources: Thai VTuber Ranking; Hiatus / Inactive for 359 days (> 180d)",True
UC52dzPlsz8jN2hIevufKCHA,ALhong 『VTG』,@alhongvtg,https://www.youtube.com/channel/UC52dzPlsz8jN2hIevufKCHA,Independent,active,CONFIRMED,vtuber_alhongvtg,ALhong 『VTG』,main,295,103,8774,2026-08-26T17:13:46+00:00,,0.45,Thai VTuber Ranking,2026-09-06T15:07:31.296486+00:00,Thai confidence: 0.45; Sources: Thai VTuber Ranking; Active (last video published 10 days ago),True
UC5x2tcpXNa1dZx035isZKWQ,LunaLumIIna 「 PRD 」,@lunalumiina,https://www.youtube.com/channel/UC5x2tcpXNa1dZx035isZKWQ,Independent,active,CONFIRMED,vtuber_lunalumiina,LunaLumIIna 「 PRD 」,main,1900,29,85865,2026-08-30T11:23:17+00:00,TH,0.8,Thai VTuber Ranking,2026-09-06T15:07:31.296610+00:00,VTuber signals: วีทูป; Thai confidence: 0.80; Sources: Thai VTuber Ranking; Active (last video published 7 days ago),True
UC4JQ9apR_7oHuqn05Zzy1KA,Tako_TK Ch.,@tako_tk,https://www.youtube.com/channel/UC4JQ9apR_7oHuqn05Zzy1KA,Independent,active,CONFIRMED,vtuber_tako_tk,Tako_TK Ch.,main,9980,486,505643,2026-09-01T05:52:12+00:00,TH,0.8,Thai VTuber Ranking,2026-09-06T15:07:31.296709+00:00,VTuber signals: vtuber; Thai confidence: 0.80; Sources: Thai VTuber Ranking; Active (last video published 5 days ago),True
UC5HQtSunzJjhS-XcBdbUC6Q,Woofna ch. ,@wadogardenwoofna,https://www.youtube.com/channel/UC5HQtSunzJjhS-XcBdbUC6Q,Independent,active,CONFIRMED,vtuber_wadogardenwoofna,Woofna ch. ,main,1530,351,58031,2026-08-30T14:35:06+00:00,TH,0.8,Thai VTuber Ranking,2026-09-06T15:07:31.296859+00:00,Thai confidence: 0.80; Sources: Thai VTuber Ranking; Active (last video published 7 days ago),True
UC4IVinDrDxJGqolrsYSwnnw,thomashi ch. 翔真志,@thomashiproject1770,https://www.youtube.com/channel/UC4IVinDrDxJGqolrsYSwnnw,Independent,active,CONFIRMED,vtuber_thomashiproject1770,thomashi ch. 翔真志,main,918,260,47020,2026-09-02T13:29:01+00:00,TH,0.8,Thai VTuber Ranking,2026-09-06T15:07:31.296912+00:00,Thai confidence: 0.80; Sources: Thai VTuber Ranking; Active (last video published 4 days ago),True
UC4EiUVIMjw-SE6_6Kt0Mk-g, เช่ค้าบ 𝗟𝗨𝗖𝗛𝗘,@luche_sinclair,https://www.youtube.com/channel/UC4EiUVIMjw-SE6_6Kt0Mk-g,Independent,active,CONFIRMED,vtuber_luche_sinclair, เช่ค้าบ 𝗟𝗨𝗖𝗛𝗘,main,3240,422,809348,2026-09-02T11:00:16+00:00,,0.45,Thai VTuber Ranking,2026-09-06T15:07:31.296954+00:00,Thai confidence: 0.45; Sources: Thai VTuber Ranking; Active (last video published 4 days ago),True
UC3qnb4Sgo4QtiOi8iS7jOsQ,Kumoku Tsururu Ch. Lumina-World-End,@tsururuworldend,https://www.youtube.com/channel/UC3qnb4Sgo4QtiOi8iS7jOsQ,Lumina Live,active,CONFIRMED,vtuber_tsururuworldend,Kumoku Tsururu Ch. Lumina-World-End,main,24900,749,3730113,2026-09-01T17:25:27+00:00,TH,0.8,Thai VTuber Ranking,2026-09-06T15:07:31.297022+00:00,VTuber signals: agency:Lumina Live; Agency: Lumina Live; Thai confidence: 0.80; Sources: Thai VTuber Ranking; Active (last video published 4 days ago),True
UC548-tLEd7-0kgzXGeSdUtw,MIEMER,@miemerr,https://www.youtube.com/channel/UC548-tLEd7-0kgzXGeSdUtw,Independent,unknown,CONFIRMED,vtuber_miemerr,MIEMER,main,2100,0,0,,TH,0.35,Thai VTuber Ranking,2026-09-06T15:07:31.297048+00:00,Thai confidence: 0.35; Sources: Thai VTuber Ranking; No public video history recorded,False
UC5TnSrUJmrC_KFW9VLi37lA,ArrLost Ch.,@ach_newsekai,https://www.youtube.com/channel/UC5TnSrUJmrC_KFW9VLi37lA,Independent,hiatus,CONFIRMED,vtuber_ach_newsekai,ArrLost Ch.,main,949,20,9376,2023-08-22T12:29:54+00:00,TH,0.35,Thai VTuber Ranking,2026-09-06T15:07:31.297076+00:00,Thai confidence: 0.35; Sources: Thai VTuber Ranking; Hiatus / Inactive for 1111 days (> 180d),True
UC4P6ez9eO2Lv8Jun5zXaVMg,sSolarly Ch.,@ssolarly,https://www.youtube.com/channel/UC4P6ez9eO2Lv8Jun5zXaVMg,Independent,active,CONFIRMED,vtuber_ssolarly,sSolarly Ch.,main,1380,222,216579,2026-08-25T07:30:21+00:00,TH,1.0,Thai VTuber Ranking,2026-09-06T15:07:31.297124+00:00,Thai confidence: 1.00; Sources: Thai VTuber Ranking; Active (last video published 12 days ago),True
UC5ZH6Ynk7iBN4wJBanvhXcg,Janus ch.「TRR」,@janus_trr,https://www.youtube.com/channel/UC5ZH6Ynk7iBN4wJBanvhXcg,Independent,active,CONFIRMED,vtuber_janus_trr,Janus ch.「TRR」,main,1130,174,25160,2026-09-02T14:37:46+00:00,TH,0.8,Thai VTuber Ranking,2026-09-06T15:07:31.297165+00:00,Thai confidence: 0.80; Sources: Thai VTuber Ranking; Active (last video published 4 days ago),True
UC4t1p_Eg0GcjdrdctUIAaug,MAYANuT,@mayanut,https://www.youtube.com/channel/UC4t1p_Eg0GcjdrdctUIAaug,Independent,active,CONFIRMED,vtuber_mayanut,MAYANuT,main,1310,248,161605,2026-09-02T16:36:15+00:00,,0.45,Thai VTuber Ranking,2026-09-06T15:07:31.297245+00:00,"VTuber signals: วีทูปเบอร์, วีทูป; Thai confidence: 0.45; Sources: Thai VTuber Ranking; Active (last video published 3 days ago)",True
UC5hOgx6yvYrY8Rn1zaxAY1A,Zelune Noctarielle 🌙,@zelune_lunezero,https://www.youtube.com/channel/UC5hOgx6yvYrY8Rn1zaxAY1A,Independent,active,CONFIRMED,vtuber_zelune_lunezero,Zelune Noctarielle 🌙,main,401,58,26265,2026-09-03T15:44:35+00:00,,0.45,Thai VTuber Ranking,2026-09-06T15:07:31.297284+00:00,Thai confidence: 0.45; Sources: Thai VTuber Ranking; Active (last video published 2 days ago),True
UC3sqLdjV0uxXfAzLE-fJeXw,Cresent Ansel Ch.,@cresentansel,https://www.youtube.com/channel/UC3sqLdjV0uxXfAzLE-fJeXw,Independent,hiatus,CONFIRMED,vtuber_cresentansel,Cresent Ansel Ch.,main,1710,141,81530,2025-03-29T04:41:31+00:00,,0.65,Thai VTuber Ranking,2026-09-06T15:07:31.297362+00:00,Thai confidence: 0.65; Sources: Thai VTuber Ranking; Hiatus / Inactive for 526 days (> 180d),True
UC5NtCgUU-vQC_GrtzSUeSZA,Gloria ch.【21PM】,@gloria21pm,https://www.youtube.com/channel/UC5NtCgUU-vQC_GrtzSUeSZA,Independent,active,CONFIRMED,vtuber_gloria21pm,Gloria ch.【21PM】,main,1270,225,37814,2026-08-23T20:17:16+00:00,,0.45,Thai VTuber Ranking,2026-09-06T15:07:31.297403+00:00,Thai confidence: 0.45; Sources: Thai VTuber Ranking; Active (last video published 13 days ago),True
UC4sCp51x2lBXf7x2Uy_fj_A,Sistra Lyrics《 OTL 》,@sistralyrics_otl,https://www.youtube.com/channel/UC4sCp51x2lBXf7x2Uy_fj_A,Independent,active,CONFIRMED,vtuber_sistralyrics_otl,Sistra Lyrics《 OTL 》,main,12400,291,1006056,2026-09-01T14:03:12+00:00,TH,0.8,Thai VTuber Ranking,2026-09-06T15:07:31.297462+00:00,Thai confidence: 0.80; Sources: Thai VTuber Ranking; Active (last video published 5 days ago),True
UC5VPIoY1j_x9UZSqkpwg8jw,Maya Oboro Ch.,@mayaoboroch,https://www.youtube.com/channel/UC5VPIoY1j_x9UZSqkpwg8jw,Independent,hiatus,CONFIRMED,vtuber_aisha,Aisha,sub,17000,270,809523,2022-12-24T16:11:27+00:00,TH,0.8,Thai VTuber Ranking,2026-09-06T15:07:31.297553+00:00,"VTuber signals: วีทูปเบอร์, วีทูป; Thai confidence: 0.80; Sources: Thai VTuber Ranking; Hiatus / Inactive for 1351 days (> 180d)",True
UC5iFCwUMeeZX9KLCTOIKItQ,Mirinku ,@mirinku,https://www.youtube.com/channel/UC5iFCwUMeeZX9KLCTOIKItQ,Independent,hiatus,CONFIRMED,vtuber_mirinku,Mirinku ,main,4430,424,96755,2025-12-11T16:53:22+00:00,TH,0.35,Thai VTuber Ranking,2026-09-06T15:07:31.297583+00:00,Thai confidence: 0.35; Sources: Thai VTuber Ranking; Hiatus / Inactive for 268 days (> 180d),True
UC51b_p9sAVzl9PIwnVe0Wnw,Kamphee soAlone Ch. [Autumnia],@kamphee,https://www.youtube.com/channel/UC51b_p9sAVzl9PIwnVe0Wnw,Autumnia,active,CONFIRMED,vtuber_kamphee,Kamphee soAlone Ch. [Autumnia],main,4800,878,241469,2026-09-02T12:02:55+00:00,TH,0.8,Thai VTuber Ranking,2026-09-06T15:07:31.297658+00:00,Thai confidence: 0.80; Sources: Thai VTuber Ranking; Active (last video published 4 days ago),True
UC5lHMQtDJF1h2-s0nCBQpoA,Somjeedbanrai【VJN】,@somjeedbanrai,https://www.youtube.com/channel/UC5lHMQtDJF1h2-s0nCBQpoA,Independent,active,CONFIRMED,vtuber_somjeedbanrai,Somjeedbanrai【VJN】,main,420,205,16376,2026-08-26T12:41:22+00:00,,0.45,Thai VTuber Ranking,2026-09-06T15:07:31.297693+00:00,Thai confidence: 0.45; Sources: Thai VTuber Ranking; Active (last video published 11 days ago),True
UC5cOcO_LxT0ZQ7Q2qQEM4Og,Shiba Inuri Ch.,@shibainuri,https://www.youtube.com/channel/UC5cOcO_LxT0ZQ7Q2qQEM4Og,Independent,active,CONFIRMED,vtuber_shibainuri,Shiba Inuri Ch.,main,356,150,10586,2026-08-29T16:57:28+00:00,,0.45,Thai VTuber Ranking,2026-09-06T15:07:31.297743+00:00,Thai confidence: 0.45; Sources: Thai VTuber Ranking; Active (last video published 7 days ago),True
UC5OXcxq6ab6RlhHqNyHws_w,M a l l o w  Ch.,@mallow_ham,https://www.youtube.com/channel/UC5OXcxq6ab6RlhHqNyHws_w,Independent,hiatus,CONFIRMED,vtuber_mallow_ham,M a l l o w  Ch.,main,1340,137,35850,2026-02-16T02:41:38+00:00,,0.0,Thai VTuber Ranking,2026-09-06T15:07:31.297780+00:00,"VTuber signals: vtuber, vtuberth; Sources: Thai VTuber Ranking; Hiatus / Inactive for 202 days (> 180d)",True
UC5kkY1f25n1e9KYxSKVtUpg,XETSU Ch. / QURSE,@xetsuvibeent,https://www.youtube.com/channel/UC5kkY1f25n1e9KYxSKVtUpg,Independent,active,CONFIRMED,vtuber_xetsuvibeent,XETSU Ch. / QURSE,main,4730,71,101761,2026-09-02T04:07:58+00:00,,0.2,Thai VTuber Ranking,2026-09-06T15:07:31.297808+00:00,"VTuber signals: vtuber, thai vtuber; Sources: Thai VTuber Ranking; Active (last video published 4 days ago)",True
UC5ZB56gBvLOM3e_eVioCrCQ,Bettha Ch.,@betthach,https://www.youtube.com/channel/UC5ZB56gBvLOM3e_eVioCrCQ,Independent,active,CONFIRMED,vtuber_betthach,Bettha Ch.,main,5410,706,262910,2026-09-02T16:08:08+00:00,TH,0.35,Thai VTuber Ranking,2026-09-06T15:07:31.297835+00:00,"VTuber signals: vtuber, vtuberth; Thai confidence: 0.35; Sources: Thai VTuber Ranking; Active (last video published 3 days ago)",True
UC5FZBzrjJ0DQwkP6D91M-0g,ZINZIER Ch.,@zinniszier,https://www.youtube.com/channel/UC5FZBzrjJ0DQwkP6D91M-0g,Independent,hiatus,CONFIRMED,vtuber_zinniszier,ZINZIER Ch.,main,929,0,0,2025-05-23T09:34:25+00:00,,0.45,Thai VTuber Ranking,2026-09-06T15:07:31.297898+00:00,Thai confidence: 0.45; Sources: Thai VTuber Ranking; Hiatus / Inactive for 471 days (> 180d),True
UC4fR2AniBIratHesKgQyHiw,Nokk_tt Ch.,@n0kk_tt,https://www.youtube.com/channel/UC4fR2AniBIratHesKgQyHiw,Independent,active,CONFIRMED,vtuber_n0kk_tt,Nokk_tt Ch.,main,474,86,137942,2026-08-31T12:04:55+00:00,TH,0.55,Thai VTuber Ranking,2026-09-06T15:07:31.297925+00:00,"VTuber signals: vtuber, thai vtuber; Thai confidence: 0.55; Sources: Thai VTuber Ranking; Active (last video published 6 days ago)",True
UC4CQvHd-rReEpxE43dluLYQ,X-JEVZ,@x-jevz,https://www.youtube.com/channel/UC4CQvHd-rReEpxE43dluLYQ,Independent,active,CONFIRMED,vtuber_x-jevz,X-JEVZ,main,353,57,27945,2026-09-01T11:23:45+00:00,,0.45,Thai VTuber Ranking,2026-09-06T15:07:31.297982+00:00,"VTuber signals: vtuber, vtuberth; Thai confidence: 0.45; Sources: Thai VTuber Ranking; Active (last video published 5 days ago)",True
UC4kKR_Kstzo__dyqZa-95Ig,King Slime VTH ,@kingslimevth,https://www.youtube.com/channel/UC4kKR_Kstzo__dyqZa-95Ig,Independent,active,CONFIRMED,vtuber_kingslimevth,King Slime VTH ,main,1320,229,152148,2026-09-02T05:42:43+00:00,TH,0.95,Thai VTuber Ranking,2026-09-06T15:07:31.298131+00:00,VTuber signals: vtuber; Thai confidence: 0.95; Sources: Thai VTuber Ranking; Active (last video published 4 days ago),True
UC48D7EILUGrBeffDrXXJAIQ,Langler Ch.,@langlerobite,https://www.youtube.com/channel/UC48D7EILUGrBeffDrXXJAIQ,Independent,hiatus,CONFIRMED,vtuber_langlerobite,Langler Ch.,main,1150,100,19461,2025-09-21T01:46:56+00:00,,0.2,Thai VTuber Ranking,2026-09-06T15:07:31.298158+00:00,"VTuber signals: vtuber, thai vtuber; Sources: Thai VTuber Ranking; Hiatus / Inactive for 350 days (> 180d)",True
UC4plXkAtJdWilZ7-YqWT7Zw,GINYADOM,@ginyadom,https://www.youtube.com/channel/UC4plXkAtJdWilZ7-YqWT7Zw,Independent,hiatus,CONFIRMED,vtuber_ginyadom,GINYADOM,main,1580,424,109833,2025-05-14T09:01:33+00:00,TH,0.8,Thai VTuber Ranking,2026-09-06T15:07:31.298199+00:00,Thai confidence: 0.80; Sources: Thai VTuber Ranking; Hiatus / Inactive for 480 days (> 180d),True
UC5I-HucSFSRsYl3HYMxtgEA,TiernSay,@tiernsay,https://www.youtube.com/channel/UC5I-HucSFSRsYl3HYMxtgEA,Independent,active,CONFIRMED,vtuber_tiernsay,TiernSay,main,8300,321,285634,2026-08-12T03:02:03+00:00,TH,0.8,Thai VTuber Ranking; Virtual YouTuber Fandom Wiki,2026-09-06T15:07:31.298246+00:00,"Thai confidence: 0.80; Sources: Thai VTuber Ranking, Virtual YouTuber Fandom Wiki; Active (last video published 25 days ago)",True
UC4gflcsvblzsnCtNddgDSQA,Moia | โมเอีย 🪶,@moia_lnwza55,https://www.youtube.com/channel/UC4gflcsvblzsnCtNddgDSQA,Independent,active,CONFIRMED,vtuber_moia_lnwza55,Moia | โมเอีย 🪶,main,549,166,40320,2026-09-02T13:49:11+00:00,,0.45,Thai VTuber Ranking,2026-09-06T15:07:31.298296+00:00,Thai confidence: 0.45; Sources: Thai VTuber Ranking; Active (last video published 4 days ago),True
UC5JlD3YtvbCaAeU3TWSpW6A,Kisa l FoxRabbitC4T,@foxrabbitc4t,https://www.youtube.com/channel/UC5JlD3YtvbCaAeU3TWSpW6A,Independent,active,CONFIRMED,vtuber_foxrabbitc4t,Kisa l FoxRabbitC4T,main,2320,200,73020,2026-08-14T06:31:26+00:00,,0.2,Thai VTuber Ranking,2026-09-06T15:07:31.298323+00:00,"VTuber signals: vtuber, thai vtuber; Sources: Thai VTuber Ranking; Active (last video published 23 days ago)",True
UC5wA30Tc9ONbRjj6QNinH9w,Kayo Ch. 【かよCh.】◣PLO◥,@kayoch,https://www.youtube.com/channel/UC5wA30Tc9ONbRjj6QNinH9w,Independent,active,CONFIRMED,vtuber_kayoch,Kayo Ch. 【かよCh.】◣PLO◥,main,2320,1070,159320,2026-08-27T16:19:13+00:00,,0.45,Thai VTuber Ranking,2026-09-06T15:07:31.298363+00:00,Thai confidence: 0.45; Sources: Thai VTuber Ranking; Active (last video published 9 days ago),True
UC4nsIGJlPXdVHJ61TQdEzfQ,Mariabell Rain - 雨 ,@mariabellrain,https://www.youtube.com/channel/UC4nsIGJlPXdVHJ61TQdEzfQ,Independent,active,CONFIRMED,vtuber_mariabellrain,Mariabell Rain - 雨 ,main,2210,838,139275,2026-09-01T09:19:47+00:00,TH,0.8,Thai VTuber Ranking,2026-09-06T15:07:31.298464+00:00,Thai confidence: 0.80; Sources: Thai VTuber Ranking; Active (last video published 5 days ago),True
UC5NrMFPWAtcfNH8ibcBlWhQ,霧死 - Kirishi,@kirishi_021,https://www.youtube.com/channel/UC5NrMFPWAtcfNH8ibcBlWhQ,Independent,active,CONFIRMED,vtuber_kirishi_021,霧死 - Kirishi,main,3950,370,856448,2026-09-01T22:11:29+00:00,TH,0.35,Thai VTuber Ranking,2026-09-06T15:07:31.298496+00:00,VTuber signals: vtuber; Thai confidence: 0.35; Sources: Thai VTuber Ranking; Active (last video published 4 days ago),True
UC4QwUkFO1_JJe_TTN5jYoyA,Atsuki丨アツキ,@inumaru_atsuki,https://www.youtube.com/channel/UC4QwUkFO1_JJe_TTN5jYoyA,Independent,active,CONFIRMED,vtuber_inumaru_atsuki,Atsuki丨アツキ,main,124,202,18166,2026-08-30T15:23:37+00:00,TH,0.35,Thai VTuber Ranking,2026-09-06T15:07:31.298530+00:00,VTuber signals: live2d; Thai confidence: 0.35; Sources: Thai VTuber Ranking; Active (last video published 6 days ago),True
UC4QiJt8a2VjOnwI-0zzMsKA,Kanon Official,@kanonharunaofficial,https://www.youtube.com/channel/UC4QiJt8a2VjOnwI-0zzMsKA,Independent,hiatus,CONFIRMED,vtuber_kanonharunaofficial,Kanon Official,main,2430,15,27759,2025-01-12T13:30:06+00:00,TH,0.8,Thai VTuber Ranking,2026-09-06T15:07:31.298582+00:00,Thai confidence: 0.80; Sources: Thai VTuber Ranking; Hiatus / Inactive for 602 days (> 180d),True
UC4194MxDKFwBEFtaFbwwM7g,Sour,@soursama_,https://www.youtube.com/channel/UC4194MxDKFwBEFtaFbwwM7g,Independent,active,CONFIRMED,vtuber_soursama_,Sour,main,699,132,75057,2026-07-30T14:26:03+00:00,TH,0.8,Thai VTuber Ranking,2026-09-06T15:07:31.298646+00:00,Thai confidence: 0.80; Sources: Thai VTuber Ranking; Active (last video published 38 days ago),True
UCc31qMp87wZnOpcxkQB7Prw,เบลล์ / Belle [EC19 Projekt],@belleec19projekt97,https://www.youtube.com/channel/UCc31qMp87wZnOpcxkQB7Prw,Independent,active,CONFIRMED,vtuber_belleec19projekt97,เบลล์ / Belle [EC19 Projekt],main,3970,581,109744,2026-08-27T15:50:19+00:00,TH,0.8,Thai VTuber Ranking,2026-09-06T15:07:31.298715+00:00,VTuber signals: virtual streamer; Thai confidence: 0.80; Sources: Thai VTuber Ranking; Active (last video published 9 days ago),True
UCcmmL4Bdgf1tvkAm8C57_rg,Umi Uzagi Ch.,@umiuzagi_vth,https://www.youtube.com/channel/UCcmmL4Bdgf1tvkAm8C57_rg,Independent,active,CONFIRMED,vtuber_umiuzagi_vth,Umi Uzagi Ch.,main,2000,254,213857,2026-09-02T14:11:24+00:00,,0.6,Thai VTuber Ranking,2026-09-06T15:07:31.298766+00:00,Thai confidence: 0.60; Sources: Thai VTuber Ranking; Active (last video published 4 days ago),True
UCbLBp0DgOr1ryQBdYp-AGcQ,Asaka Irin | Operation V Ch.,@asaka_irin,https://www.youtube.com/channel/UCbLBp0DgOr1ryQBdYp-AGcQ,Independent,active,CONFIRMED,vtuber_asaka_irin,Asaka Irin | Operation V Ch.,main,1300,163,53645,2026-07-25T14:40:54+00:00,TH,0.8,Thai VTuber Ranking,2026-09-06T15:07:31.298863+00:00,"VTuber signals: vtuber, vtuberth; Thai confidence: 0.80; Sources: Thai VTuber Ranking; Active (last video published 43 days ago)",True
UCctSbuyO_J73eUqGUesZotw,dtto's Empire,@dttosempire,https://www.youtube.com/channel/UCctSbuyO_J73eUqGUesZotw,Independent,hiatus,CONFIRMED,vtuber_dttosempire,dtto's Empire,main,6510,6,53466,2023-01-23T05:35:03+00:00,TH,0.55,Thai VTuber Ranking,2026-09-06T15:07:31.298892+00:00,"VTuber signals: vtuber, thai vtuber; Thai confidence: 0.55; Sources: Thai VTuber Ranking; Hiatus / Inactive for 1322 days (> 180d)",True
UCcfkeut6fAXSfuT1AmFi2cA,Valkyrie Ch.,@cs_valkyrie,https://www.youtube.com/channel/UCcfkeut6fAXSfuT1AmFi2cA,Independent,active,CONFIRMED,vtuber_cs_valkyrie,Valkyrie Ch.,main,1310,290,37765,2026-09-03T16:36:19+00:00,TH,1.0,Thai VTuber Ranking,2026-09-06T15:07:31.298925+00:00,Thai confidence: 1.00; Sources: Thai VTuber Ranking; Active (last video published 2 days ago),True
UCcjjQNj_XUhM1dH9TEXEpAg,มาลัย / Malai [EC19 Projekt],@malaiec19projekt9,https://www.youtube.com/channel/UCcjjQNj_XUhM1dH9TEXEpAg,Independent,active,CONFIRMED,vtuber_malaiec19projekt9,มาลัย / Malai [EC19 Projekt],main,2030,351,94173,2026-08-30T12:09:06+00:00,TH,1.0,Thai VTuber Ranking,2026-09-06T15:07:31.298959+00:00,"VTuber signals: vtuber, thai vtuber; Thai confidence: 1.00; Sources: Thai VTuber Ranking; Active (last video published 7 days ago)",True
UCcKP-pSFONm5IMA-GdikUEQ,Salvatore Ch.『 VNV 』,@salvatore_vnv,https://www.youtube.com/channel/UCcKP-pSFONm5IMA-GdikUEQ,Independent,active,CONFIRMED,vtuber_salvatore_vnv,Salvatore Ch.『 VNV 』,main,944,59,52727,2026-06-04T05:00:16+00:00,TH,0.8,Thai VTuber Ranking,2026-09-06T15:07:31.298995+00:00,Thai confidence: 0.80; Sources: Thai VTuber Ranking; Active (last video published 94 days ago),True
UCbXO3ON6BR4-lhx5Yd4yzKA,Midori Suika,@midorisuika,https://www.youtube.com/channel/UCbXO3ON6BR4-lhx5Yd4yzKA,Independent,active,CONFIRMED,vtuber_midorisuika,Midori Suika,main,3360,1016,208001,2026-09-03T17:44:03+00:00,TH,0.8,Thai VTuber Ranking,2026-09-06T15:07:31.299059+00:00,Thai confidence: 0.80; Sources: Thai VTuber Ranking; Active (last video published 2 days ago),True
UCc6ilVu6_FK9y_9qMMh4WMQ,PlatinumRankWrath | V-Storyteller,@platinumrankwrath,https://www.youtube.com/channel/UCc6ilVu6_FK9y_9qMMh4WMQ,Independent,hiatus,CONFIRMED,vtuber_platinumrankwrath,PlatinumRankWrath | V-Storyteller,main,2730,108,360125,2026-02-01T07:00:42+00:00,TH,0.95,Thai VTuber Ranking,2026-09-06T15:07:31.299101+00:00,Thai confidence: 0.95; Sources: Thai VTuber Ranking; Hiatus / Inactive for 217 days (> 180d),True
UCbd5WWyYS2WBMNNxfVEBQQg,EVA THE RHINO Ch.,@evatherhino,https://www.youtube.com/channel/UCbd5WWyYS2WBMNNxfVEBQQg,Independent,active,CONFIRMED,vtuber_evatherhino,EVA THE RHINO Ch.,main,13900,174,1381035,2026-09-04T09:30:17+00:00,,0.45,Thai VTuber Ranking,2026-09-06T15:07:31.299146+00:00,"VTuber signals: vtuber, วีทูปเบอร์, วีทูป, vtuberth; Thai confidence: 0.45; Sources: Thai VTuber Ranking; Active (last video published 2 days ago)",True
UCcLO1hhvvD6AKtDayqDABpA,MawMeow Channel / แมวเหมียว~,@mawmeowstudio,https://www.youtube.com/channel/UCcLO1hhvvD6AKtDayqDABpA,Independent,hiatus,CONFIRMED,vtuber_mawmeowstudio,MawMeow Channel / แมวเหมียว~,main,19400,112,707327,2022-10-22T14:05:52+00:00,TH,0.8,Thai VTuber Ranking,2026-09-06T15:07:31.299187+00:00,Thai confidence: 0.80; Sources: Thai VTuber Ranking; Hiatus / Inactive for 1415 days (> 180d),True
UCbbK8AskO_4tRrs0yc7bQXQ,FouruaryTH,@fouruaryth,https://www.youtube.com/channel/UCbbK8AskO_4tRrs0yc7bQXQ,Independent,active,CONFIRMED,vtuber_fouruaryth,FouruaryTH,main,2810,210,29188,2026-09-04T05:20:44+00:00,TH,0.95,Thai VTuber Ranking,2026-09-06T15:07:31.299276+00:00,"VTuber signals: vtuber, วีทูปเบอร์, วีทูป, vtuberth; Thai confidence: 0.95; Sources: Thai VTuber Ranking; Active (last video published 2 days ago)",True
UCcKPhwmHkBGaYKBp50jPzzg,Venus Lapirus Ch.,@venuslpr,https://www.youtube.com/channel/UCcKPhwmHkBGaYKBp50jPzzg,Independent,active,CONFIRMED,vtuber_venuslpr,Venus Lapirus Ch.,main,3760,392,187407,2026-09-04T13:17:22+00:00,TH,0.8,Thai VTuber Ranking,2026-09-06T15:07:31.299340+00:00,Thai confidence: 0.80; Sources: Thai VTuber Ranking; Active (last video published 2 days ago),True
UCbXZ2JNCFUc5cMWO0480grA,MAJCHA มัจฉา | DEBUT SOON,@majcha_ch,https://www.youtube.com/channel/UCbXZ2JNCFUc5cMWO0480grA,Independent,active,CONFIRMED,vtuber_majcha_ch,MAJCHA มัจฉา | DEBUT SOON,main,6260,6,66483,2026-08-12T21:01:26+00:00,TH,0.8,Thai VTuber Ranking,2026-09-06T15:07:31.299374+00:00,Thai confidence: 0.80; Sources: Thai VTuber Ranking; Active (last video published 24 days ago),True
UCcbMfHO8TX8mQ9LEi4zs5Zw,Gris Panthera Ch. ,@grispantherach,https://www.youtube.com/channel/UCcbMfHO8TX8mQ9LEi4zs5Zw,Independent,active,CONFIRMED,vtuber_grispantherach,Gris Panthera Ch. ,main,4070,721,1560128,2026-09-04T16:04:32+00:00,TH,0.8,Thai VTuber Ranking,2026-09-06T15:07:31.299451+00:00,"VTuber signals: วีทูปเบอร์, วีทูป; Thai confidence: 0.80; Sources: Thai VTuber Ranking; Active (last video published 1 days ago)",True
UCcJnP0qoimAQg8L3sTJ1O_Q,MeidayV.,@meidayv.5800,https://www.youtube.com/channel/UCcJnP0qoimAQg8L3sTJ1O_Q,Independent,active,CONFIRMED,vtuber_meidayv.5800,MeidayV.,main,340,233,13437,2026-08-31T15:12:41+00:00,TH,0.55,Thai VTuber Ranking,2026-09-06T15:07:31.299481+00:00,VTuber signals: vtuber; Thai confidence: 0.55; Sources: Thai VTuber Ranking; Active (last video published 5 days ago),True
UCbXXQtmpcBI8GtO2Xg5pYuw,Donovan Ch.,@donovanch,https://www.youtube.com/channel/UCbXXQtmpcBI8GtO2Xg5pYuw,Independent,active,CONFIRMED,vtuber_donovanch,Donovan Ch.,main,7490,792,400706,2026-09-04T09:22:27+00:00,TH,0.8,Thai VTuber Ranking,2026-09-06T15:07:31.299531+00:00,VTuber signals: วีทูบเบอร์; Thai confidence: 0.80; Sources: Thai VTuber Ranking; Active (last video published 2 days ago),True
UCdGC8XH74o6QTavyXw-5q2w,HoshiNa Vtuber Ch.,@hoshinach,https://www.youtube.com/channel/UCdGC8XH74o6QTavyXw-5q2w,Independent,active,CONFIRMED,vtuber_hoshinach,HoshiNa Vtuber Ch.,main,596,240,45181,2026-09-03T16:54:07+00:00,TH,0.8,Thai VTuber Ranking,2026-09-06T15:07:31.299586+00:00,VTuber signals: vtuber; Thai confidence: 0.80; Sources: Thai VTuber Ranking; Active (last video published 2 days ago),True
UCbdwIhYMC977P-Fk6d0utoQ,Neoda Neviris,@nneviris,https://www.youtube.com/channel/UCbdwIhYMC977P-Fk6d0utoQ,Independent,active,CONFIRMED,vtuber_nneviris,Neoda Neviris,main,5980,398,175203,2026-06-16T15:13:29+00:00,TH,0.55,Thai VTuber Ranking,2026-09-06T15:07:31.299613+00:00,"VTuber signals: vtuber, thai vtuber; Thai confidence: 0.55; Sources: Thai VTuber Ranking; Active (last video published 81 days ago)",True
UCdPOgLoE_grESHHrpHDNsEg,Idary tailor,@idarytailor8462,https://www.youtube.com/channel/UCdPOgLoE_grESHHrpHDNsEg,Independent,active,CONFIRMED,vtuber_idarytailor8462,Idary tailor,main,2190,405,768329,2026-09-04T16:32:00+00:00,TH,0.8,Thai VTuber Ranking,2026-09-06T15:07:31.299657+00:00,Thai confidence: 0.80; Sources: Thai VTuber Ranking; Active (last video published 1 days ago),True
UCcrJWJBgpZ1A-EoFKqRRzOg,_AiRiTk_,@_airitk_,https://www.youtube.com/channel/UCcrJWJBgpZ1A-EoFKqRRzOg,Independent,hiatus,CONFIRMED,vtuber__airitk_,_AiRiTk_,main,3000,399,92944,2024-12-25T20:14:22+00:00,TH,0.8,Thai VTuber Ranking,2026-09-06T15:07:31.299757+00:00,"VTuber signals: vtuber, vtuberth; Thai confidence: 0.80; Sources: Thai VTuber Ranking; Hiatus / Inactive for 619 days (> 180d)",True
UCdF31qg1W2KsKxSuSFECflA,Copper Vtuber,@copper_vtuber,https://www.youtube.com/channel/UCdF31qg1W2KsKxSuSFECflA,Independent,active,CONFIRMED,vtuber_copper_vtuber,Copper Vtuber,main,1330,146,261270,2026-09-04T12:21:53+00:00,,0.0,Thai VTuber Ranking,2026-09-06T15:07:31.299785+00:00,VTuber signals: vtuber; Sources: Thai VTuber Ranking; Active (last video published 2 days ago),True
UCbHVEzb9fr8DxWPUxCAEOVQ,Sebastos | Vtuber,@sebastos_vt,https://www.youtube.com/channel/UCbHVEzb9fr8DxWPUxCAEOVQ,Independent,active,CONFIRMED,vtuber_sebastos_vt,Sebastos | Vtuber,main,579,294,26210,2026-09-04T10:39:27+00:00,,0.65,Thai VTuber Ranking,2026-09-06T15:07:31.299823+00:00,VTuber signals: vtuber; Thai confidence: 0.65; Sources: Thai VTuber Ranking; Active (last video published 2 days ago),True
UCddeSRGyCRq2K8k_NPprI-g,Daichi Merinor ch. ◈BLB◈,@daichimerinor_blb,https://www.youtube.com/channel/UCddeSRGyCRq2K8k_NPprI-g,Independent,active,CONFIRMED,vtuber_daichimerinor_blb,Daichi Merinor ch. ◈BLB◈,main,924,279,19277,2026-08-12T15:29:50+00:00,TH,0.8,Thai VTuber Ranking,2026-09-06T15:07:31.299857+00:00,Thai confidence: 0.80; Sources: Thai VTuber Ranking; Active (last video published 24 days ago),True
UCd6Tzh7ZpVnCysNMt4nPjAg,Sojuu S.,@sojuusmiley,https://www.youtube.com/channel/UCd6Tzh7ZpVnCysNMt4nPjAg,Independent,active,CONFIRMED,vtuber_sojuusmiley,Sojuu S.,main,2970,374,204205,2026-09-04T06:26:46+00:00,,0.45,Thai VTuber Ranking,2026-09-06T15:07:31.299898+00:00,Thai confidence: 0.45; Sources: Thai VTuber Ranking; Active (last video published 2 days ago),True
UCcG3H4vlPyThp_yQpySo0gw,Buruki Ch,@burukivgamer,https://www.youtube.com/channel/UCcG3H4vlPyThp_yQpySo0gw,Independent,active,CONFIRMED,vtuber_burukivgamer,Buruki Ch,main,5100,58,7080,2026-05-23T16:08:09+00:00,TH,0.8,Thai VTuber Ranking,2026-09-06T15:07:31.299963+00:00,VTuber signals: vtuber; Thai confidence: 0.80; Sources: Thai VTuber Ranking; Active (last video published 105 days ago),True
UCcEeR95bngZpdswBuEWJ0DQ,QueenSkaði Ch.スカディ,@queenskaich.9439,https://www.youtube.com/channel/UCcEeR95bngZpdswBuEWJ0DQ,Independent,hiatus,CONFIRMED,vtuber_queenskaich.9439,QueenSkaði Ch.スカディ,main,1430,1,392,2022-05-08T02:02:04+00:00,TH,0.8,Thai VTuber Ranking,2026-09-06T15:07:31.300070+00:00,"VTuber signals: vtuber, วีทูปเบอร์, วีทูป, vtuberth; Thai confidence: 0.80; Sources: Thai VTuber Ranking; Hiatus / Inactive for 1582 days (> 180d)",True
UCcgDP2RmeCqW1GTms1mkUlQ,Karu Ch.【ARP】,@karu_arp,https://www.youtube.com/channel/UCcgDP2RmeCqW1GTms1mkUlQ,Algorhythm Project,active,CONFIRMED,vtuber_karu_arp,Karu Ch.【ARP】,main,175000,662,22581122,2026-09-04T14:20:21+00:00,,0.45,Thai VTuber Ranking; Virtual YouTuber Fandom Wiki,2026-09-06T15:07:31.300121+00:00,"VTuber signals: agency:Algorhythm Project; Agency: Algorhythm Project; Thai confidence: 0.45; Sources: Thai VTuber Ranking, Virtual YouTuber Fandom Wiki; Active (last video published 2 days ago)",True
UCc9W8GnDEHPNgt6eshaAvQw,Nirvana Ch.【ARP】,@nirvana_arp,https://www.youtube.com/channel/UCc9W8GnDEHPNgt6eshaAvQw,Algorhythm Project,active,CONFIRMED,vtuber_nirvana_arp,Nirvana Ch.【ARP】,main,33000,219,2031308,2026-09-02T15:16:46+00:00,,0.3,Thai VTuber Ranking,2026-09-06T15:07:31.300150+00:00,"VTuber signals: vtuber, agency:Algorhythm Project; Agency: Algorhythm Project; Thai confidence: 0.30; Sources: Thai VTuber Ranking; Active (last video published 3 days ago)",True
UCbzEo3V4jrYslgsDPXUV8-A,靖海 • J1ngHaii,@j1nghaii,https://www.youtube.com/channel/UCbzEo3V4jrYslgsDPXUV8-A,Independent,active,CONFIRMED,vtuber_j1nghaii,靖海 • J1ngHaii,main,1730,129,43833,2026-05-17T18:23:28+00:00,TH,0.55,Thai VTuber Ranking,2026-09-06T15:07:31.300195+00:00,Thai confidence: 0.55; Sources: Thai VTuber Ranking; Active (last video published 111 days ago),True
UCbypR_t0teWxIdrQ9i83XiQ,Lunessa Florynne Ch. Lumina-Muse,@lunessaflorynne,https://www.youtube.com/channel/UCbypR_t0teWxIdrQ9i83XiQ,Lumina Live,active,CONFIRMED,vtuber_lunessaflorynne,Lunessa Florynne Ch. Lumina-Muse,main,13600,147,1231726,2026-09-04T10:00:13+00:00,TH,0.8,Thai VTuber Ranking,2026-09-06T15:07:31.300255+00:00,VTuber signals: agency:Lumina Live; Agency: Lumina Live; Thai confidence: 0.80; Sources: Thai VTuber Ranking; Active (last video published 2 days ago),True
UCdgjIr2R7jAjCO-62Y4nMoQ,Cyntia Ch.,@cyntiavtuber,https://www.youtube.com/channel/UCdgjIr2R7jAjCO-62Y4nMoQ,Independent,active,CONFIRMED,vtuber_cyntiavtuber,Cyntia Ch.,main,5680,136,150250,2026-08-23T16:06:18+00:00,TH,0.35,Thai VTuber Ranking,2026-09-06T15:07:31.300295+00:00,Thai confidence: 0.35; Sources: Thai VTuber Ranking; Active (last video published 13 days ago),True
UCcPlWQeuFutZ8VllrN_O2YA,Ume Ch. しのはな❀梅,@umepinko,https://www.youtube.com/channel/UCcPlWQeuFutZ8VllrN_O2YA,Independent,hiatus,CONFIRMED,vtuber_umepinko,Ume Ch. しのはな❀梅,main,2270,130,36874,2022-10-01T10:50:02+00:00,TH,1.0,Thai VTuber Ranking,2026-09-06T15:07:31.300414+00:00,VTuber signals: live2d; Thai confidence: 1.00; Sources: Thai VTuber Ranking; Hiatus / Inactive for 1436 days (> 180d),True
UCbfARUSxU4X2o5_PwjRXezw,Mira Pilula,@mirapilula8509,https://www.youtube.com/channel/UCbfARUSxU4X2o5_PwjRXezw,Independent,hiatus,CONFIRMED,vtuber_mirapilula8509,Mira Pilula,main,6260,215,188372,2022-06-30T02:08:11+00:00,TH,0.8,Thai VTuber Ranking,2026-09-06T15:07:31.300452+00:00,Thai confidence: 0.80; Sources: Thai VTuber Ranking; Hiatus / Inactive for 1529 days (> 180d),True
UCcFIthTrwa6N-1ri9sQZstw,Poru Ch.【ARP】,@poru_arp,https://www.youtube.com/channel/UCcFIthTrwa6N-1ri9sQZstw,Algorhythm Project,active,CONFIRMED,vtuber_poru_arp,Poru Ch.【ARP】,main,89500,617,9422979,2026-09-04T12:12:03+00:00,,0.45,Thai VTuber Ranking,2026-09-06T15:07:31.300517+00:00,"VTuber signals: vtuber, agency:Algorhythm Project; Agency: Algorhythm Project; Thai confidence: 0.45; Sources: Thai VTuber Ranking; Active (last video published 2 days ago)",True
UCc3SW0RuO0pK4n1jYmDvGKw,Ariel | R.E.L's New Laboratory,@vthariel,https://www.youtube.com/channel/UCc3SW0RuO0pK4n1jYmDvGKw,Independent,active,CONFIRMED,vtuber_vthariel,Ariel | R.E.L's New Laboratory,main,263,233,27397,2026-09-02T15:17:03+00:00,,0.45,Thai VTuber Ranking,2026-09-06T15:07:31.300608+00:00,"VTuber signals: วีทูปเบอร์, วีทูป; Thai confidence: 0.45; Sources: Thai VTuber Ranking; Active (last video published 3 days ago)",True
UCchEIVkQk2tgdHiSc0LxGJQ,Dariela,@darieladolly,https://www.youtube.com/channel/UCchEIVkQk2tgdHiSc0LxGJQ,Independent,active,CONFIRMED,vtuber_darieladolly,Dariela,main,1280,149,54754,2026-08-23T03:30:24+00:00,TH,1.0,Thai VTuber Ranking,2026-09-06T15:07:31.300658+00:00,"VTuber signals: vtuber, vtuberth; Thai confidence: 1.00; Sources: Thai VTuber Ranking; Active (last video published 14 days ago)",True
UCbwvKxA5KSud4jcaD5g5ukQ,Azazel the Wanderer Ch.,@oldmanazazel,https://www.youtube.com/channel/UCbwvKxA5KSud4jcaD5g5ukQ,Independent,hiatus,CONFIRMED,vtuber_oldmanazazel,Azazel the Wanderer Ch.,main,1250,582,73786,2025-08-09T03:14:16+00:00,,0.0,Thai VTuber Ranking,2026-09-06T15:07:31.300710+00:00,"VTuber signals: vtuber, vtuberth; Sources: Thai VTuber Ranking; Hiatus / Inactive for 393 days (> 180d)",True
UCcdu_2oQRES4yHL98BC4_fw,Souji Roy,@soujiroy,https://www.youtube.com/channel/UCcdu_2oQRES4yHL98BC4_fw,Independent,active,CONFIRMED,vtuber_soujiroy,Souji Roy,main,10400,548,600588,2026-08-24T05:13:50+00:00,TH,0.8,Thai VTuber Ranking,2026-09-06T15:07:31.300785+00:00,VTuber signals: vtuber; Thai confidence: 0.80; Sources: Thai VTuber Ranking; Active (last video published 13 days ago),True
UCdYlA3Qi1TnZwThS9Rb7dog,JayloNy,@jaylony,https://www.youtube.com/channel/UCdYlA3Qi1TnZwThS9Rb7dog,Independent,active,CONFIRMED,vtuber_jaylony,JayloNy,main,251000,636,149244746,2026-04-23T07:00:22+00:00,TH,0.35,Thai VTuber Ranking,2026-09-06T15:07:31.300811+00:00,Thai confidence: 0.35; Sources: Thai VTuber Ranking; Active (last video published 136 days ago),True
UCbTN1R7AbdA1vICChlVDaYg,Serenno Koriel ,@serennokoriel,https://www.youtube.com/channel/UCbTN1R7AbdA1vICChlVDaYg,Independent,active,CONFIRMED,vtuber_serennokoriel,Serenno Koriel ,main,1040,54,14567,2026-09-04T06:23:31+00:00,,0.65,Thai VTuber Ranking,2026-09-06T15:07:31.300852+00:00,VTuber signals: vtuber; Thai confidence: 0.65; Sources: Thai VTuber Ranking; Active (last video published 2 days ago),True
UCdVlryCezLzVh74qwUfrL6Q,ฟ้อนดาวมาเล่า | Fondawl【RE:S】,@fondawl_res,https://www.youtube.com/channel/UCdVlryCezLzVh74qwUfrL6Q,Independent,hiatus,CONFIRMED,vtuber_fondawl_res,ฟ้อนดาวมาเล่า | Fondawl【RE:S】,main,14700,242,867872,2025-11-05T11:01:12+00:00,TH,0.8,Thai VTuber Ranking,2026-09-06T15:07:31.300924+00:00,Thai confidence: 0.80; Sources: Thai VTuber Ranking; Hiatus / Inactive for 305 days (> 180d),True
UCbS8T1ffrgNRkvRy11KbnHQ,Grey Murasaki Vitale Ch.,@greymvitale,https://www.youtube.com/channel/UCbS8T1ffrgNRkvRy11KbnHQ,Independent,active,CONFIRMED,vtuber_greymvitale,Grey Murasaki Vitale Ch.,main,10800,290,343324,2026-09-04T02:34:23+00:00,,0.45,Thai VTuber Ranking,2026-09-06T15:07:31.300997+00:00,"VTuber signals: vtuber, วีทูปเบอร์, วีทูป; Thai confidence: 0.45; Sources: Thai VTuber Ranking; Active (last video published 2 days ago)",True
UCcTGGIt4hirVXIxUHPxIvXw,Aya Leveru Ch.,@ayaleveruch,https://www.youtube.com/channel/UCcTGGIt4hirVXIxUHPxIvXw,Independent,active,CONFIRMED,vtuber_ayaleveruch,Aya Leveru Ch.,main,17900,835,1165630,2026-08-30T13:56:57+00:00,TH,1.0,Thai VTuber Ranking,2026-09-06T15:07:31.301050+00:00,Thai confidence: 1.00; Sources: Thai VTuber Ranking; Active (last video published 7 days ago),True
UCbZDGjLa_Rc3TfPVXMR1Tog,Biscuit Blythe Ch. Pixela Destiny,@blythebiscuit,https://www.youtube.com/channel/UCbZDGjLa_Rc3TfPVXMR1Tog,Pixela Project,active,CONFIRMED,vtuber_blythebiscuit,Biscuit Blythe Ch. Pixela Destiny,main,27200,715,2227548,2026-09-03T14:21:19+00:00,TH,0.35,Thai VTuber Ranking,2026-09-06T15:07:31.301082+00:00,VTuber signals: agency:Pixela Project; Agency: Pixela Project; Thai confidence: 0.35; Sources: Thai VTuber Ranking; Active (last video published 3 days ago),True
UCbeaB9MoD9IyXqBshyQuNRQ,Nerumi-s,@nerumi-s,https://www.youtube.com/channel/UCbeaB9MoD9IyXqBshyQuNRQ,Independent,active,CONFIRMED,vtuber_nerumi-s,Nerumi-s,main,73800,692,4899719,2026-09-04T11:00:38+00:00,TH,0.55,Thai VTuber Ranking,2026-09-06T15:07:31.301110+00:00,"VTuber signals: vtuber, thai vtuber; Thai confidence: 0.55; Sources: Thai VTuber Ranking; Active (last video published 2 days ago)",True
UCcM1cUyEXYmm13DgfwXS-oQ,Mysti Ch.,@mystich04,https://www.youtube.com/channel/UCcM1cUyEXYmm13DgfwXS-oQ,Independent,active,CONFIRMED,vtuber_mystich04,Mysti Ch.,main,3860,398,120877,2026-08-12T04:21:07+00:00,TH,0.8,Thai VTuber Ranking,2026-09-06T15:07:31.301177+00:00,Thai confidence: 0.80; Sources: Thai VTuber Ranking; Active (last video published 25 days ago),True
UCbfqosxk1LXHk3pW1p3G0GA,Issa,@issanumberone,https://www.youtube.com/channel/UCbfqosxk1LXHk3pW1p3G0GA,Independent,active,CONFIRMED,vtuber_issanumberone,Issa,main,11500,82,3022648,2026-09-03T18:37:59+00:00,TH,0.8,Thai VTuber Ranking,2026-09-06T15:07:31.301217+00:00,"VTuber signals: วีทูปเบอร์, วีทูป; Thai confidence: 0.80; Sources: Thai VTuber Ranking; Active (last video published 2 days ago)",True
UC-FO1d6VYrHvbPjzr4Fuwgg,Kuronuri Inuri 【Rainbow Arc.】,@kuronuriinurirainbowarc.2572,https://www.youtube.com/channel/UC-FO1d6VYrHvbPjzr4Fuwgg,Independent,hiatus,CONFIRMED,vtuber_kuronuriinurirainbowarc.2572,Kuronuri Inuri 【Rainbow Arc.】,main,952,0,0,2022-05-12T10:16:35+00:00,TH,1.0,Thai VTuber Ranking,2026-09-06T15:07:31.301339+00:00,Thai confidence: 1.00; Sources: Thai VTuber Ranking; Hiatus / Inactive for 1578 days (> 180d),True
UC16UwMg_siDFehWYFcjZhDQ,Kanako Ch. / 金狐カナ,@kanasomsom,https://www.youtube.com/channel/UC16UwMg_siDFehWYFcjZhDQ,Independent,active,CONFIRMED,vtuber_kanasomsom,Kanako Ch. / 金狐カナ,main,10000,223,1899074,2026-09-05T10:30:27+00:00,TH,1.0,Thai VTuber Ranking,2026-09-06T15:07:31.301451+00:00,VTuber signals: vtuber; Thai confidence: 1.00; Sources: Thai VTuber Ranking; Active (last video published 1 days ago),True
UC0cpWaYfZHppuIXGN6on59Q,Nisa Ch. นิสาปี้,@nisapoyo,https://www.youtube.com/channel/UC0cpWaYfZHppuIXGN6on59Q,Independent,active,CONFIRMED,vtuber_nisapoyo,Nisa Ch. นิสาปี้,main,5220,130,77531,2026-06-01T15:12:46+00:00,TH,0.8,Thai VTuber Ranking; Virtual YouTuber Fandom Wiki,2026-09-06T15:07:31.301526+00:00,"Thai confidence: 0.80; Sources: Thai VTuber Ranking, Virtual YouTuber Fandom Wiki; Active (last video published 96 days ago)",True
UC0C6NAfPq2HMMqxO4hXyG-g,สุรกี้ | วีทูปเบอร์,@vanderlinde-1986,https://www.youtube.com/channel/UC0C6NAfPq2HMMqxO4hXyG-g,Independent,active,CONFIRMED,vtuber_vanderlinde-1986,สุรกี้ | วีทูปเบอร์,main,1380,208,174968,2026-09-03T06:31:25+00:00,TH,0.8,Thai VTuber Ranking,2026-09-06T15:07:31.301601+00:00,"VTuber signals: วีทูปเบอร์, วีทูป; Thai confidence: 0.80; Sources: Thai VTuber Ranking; Active (last video published 3 days ago)",True
UC-4w5VWWZRCK_wg9EJ-lr1w,haidan Ayso0 Ch.,@haidanayso0,https://www.youtube.com/channel/UC-4w5VWWZRCK_wg9EJ-lr1w,Independent,hiatus,CONFIRMED,vtuber_haidanayso0,haidan Ayso0 Ch.,main,1150,1,675,2023-08-31T10:00:01+00:00,TH,0.8,Thai VTuber Ranking,2026-09-06T15:07:31.301657+00:00,"VTuber signals: วีทูปเบอร์, วีทูป; Thai confidence: 0.80; Sources: Thai VTuber Ranking; Hiatus / Inactive for 1102 days (> 180d)",True
UC-z7X8ICz1T-5gAJLgvYWCQ,【公式】HAJITABI ハジタビ,@-hajitabi,https://www.youtube.com/channel/UC-z7X8ICz1T-5gAJLgvYWCQ,Independent,hiatus,CONFIRMED,vtuber_-hajitabi,【公式】HAJITABI ハジタビ,main,8640,75,414127,2023-03-08T15:52:29+00:00,TH,0.55,Thai VTuber Ranking,2026-09-06T15:07:31.301730+00:00,"VTuber signals: vtuber, virtual youtuber; Thai confidence: 0.55; Sources: Thai VTuber Ranking; Hiatus / Inactive for 1277 days (> 180d)",True
UC-8ovOIio6IUT-2DFsZvnMw,Lune&Sol Ch.,@lunesolch,https://www.youtube.com/channel/UC-8ovOIio6IUT-2DFsZvnMw,Independent,hiatus,CONFIRMED,vtuber_lunesolch,Lune&Sol Ch.,main,17500,237,1592801,2024-01-21T09:25:28+00:00,TH,0.35,Thai VTuber Ranking,2026-09-06T15:07:31.301755+00:00,Thai confidence: 0.35; Sources: Thai VTuber Ranking; Hiatus / Inactive for 959 days (> 180d),True
UC05R2CcQn2TqvrgZRp-RF6w,Navy Lucifer | V.W.Y,@navyluciferv.w.y,https://www.youtube.com/channel/UC05R2CcQn2TqvrgZRp-RF6w,V.W.Y,hiatus,CONFIRMED,vtuber_navyluciferv.w.y,Navy Lucifer | V.W.Y,main,1490,337,53378,2026-03-06T04:30:43+00:00,,0.2,Thai VTuber Ranking,2026-09-06T15:07:31.301778+00:00,"VTuber signals: vtuber, thai vtuber; Sources: Thai VTuber Ranking; Hiatus / Inactive for 184 days (> 180d)",True
UC0Zn4uhb90EBb5e3NlvuS1g,chika🍀,@nonokochika,https://www.youtube.com/channel/UC0Zn4uhb90EBb5e3NlvuS1g,Independent,active,CONFIRMED,vtuber_nonokochika,chika🍀,main,883,201,88687,2026-09-04T13:40:28+00:00,TH,0.85,Thai VTuber Ranking,2026-09-06T15:07:31.301819+00:00,VTuber signals: vtuber; Thai confidence: 0.85; Sources: Thai VTuber Ranking; Active (last video published 2 days ago),True
UC-1J1TwDCLKe2p4HVchqGiw,Mosant Ch.,@mosantxd,https://www.youtube.com/channel/UC-1J1TwDCLKe2p4HVchqGiw,Independent,active,CONFIRMED,vtuber_mosantxd,Mosant Ch.,main,59400,921,17472035,2026-09-04T19:27:27+00:00,,0.45,Thai VTuber Ranking; Virtual YouTuber Fandom Wiki,2026-09-06T15:07:31.301899+00:00,"VTuber signals: vtuber, วีทูบเบอร์; Thai confidence: 0.45; Sources: Thai VTuber Ranking, Virtual YouTuber Fandom Wiki; Active (last video published 1 days ago)",True
UC0HGT-zZVzNq5JGOJOGYfJA,TEDDYBEL 【Official】,@teddybel_official,https://www.youtube.com/channel/UC0HGT-zZVzNq5JGOJOGYfJA,Independent,active,CONFIRMED,vtuber_teddybel_official,TEDDYBEL 【Official】,main,2020,188,143652,2026-09-05T04:58:22+00:00,,0.65,Thai VTuber Ranking,2026-09-06T15:07:31.302024+00:00,VTuber signals: vtuber; Thai confidence: 0.65; Sources: Thai VTuber Ranking; Active (last video published 1 days ago),True
UC0C2fagfuiXuEgVCHEkJi4Q,Zenos Ch.,@zenospdr,https://www.youtube.com/channel/UC0C2fagfuiXuEgVCHEkJi4Q,Independent,hiatus,CONFIRMED,vtuber_zenospdr,Zenos Ch.,main,6630,50,276561,2024-11-05T14:00:06+00:00,,0.45,Thai VTuber Ranking,2026-09-06T15:07:31.302078+00:00,Thai confidence: 0.45; Sources: Thai VTuber Ranking; Hiatus / Inactive for 670 days (> 180d),True
UC-uDG_nIZg8zySZPAJ1Ex2Q,Lunette CH.,@lunette_rabbit,https://www.youtube.com/channel/UC-uDG_nIZg8zySZPAJ1Ex2Q,Independent,active,CONFIRMED,vtuber_lunette_rabbit,Lunette CH.,main,646,302,80143,2026-07-25T14:45:48+00:00,TH,0.8,Thai VTuber Ranking,2026-09-06T15:07:31.302245+00:00,Thai confidence: 0.80; Sources: Thai VTuber Ranking; Active (last video published 43 days ago),True
UC0Ky1U__7T2Z5SOZCvNlJ-Q,Beariss Beam,@bearissbeam,https://www.youtube.com/channel/UC0Ky1U__7T2Z5SOZCvNlJ-Q,Independent,hiatus,CONFIRMED,vtuber_bearissbeam,Beariss Beam,main,108000,54,28764854,2025-10-13T02:56:11+00:00,TH,0.55,Thai VTuber Ranking,2026-09-06T15:07:31.302275+00:00,"VTuber signals: vtuber, thai vtuber; Thai confidence: 0.55; Sources: Thai VTuber Ranking; Hiatus / Inactive for 328 days (> 180d)",True
UC0nW1honcPC62DD5Qkv3NAw,NonGField,@ngf_kb,https://www.youtube.com/channel/UC0nW1honcPC62DD5Qkv3NAw,Independent,active,CONFIRMED,vtuber_ngf_kb,NonGField,main,2430,319,252723,2026-09-04T17:00:07+00:00,TH,0.8,Thai VTuber Ranking,2026-09-06T15:07:31.302354+00:00,Thai confidence: 0.80; Sources: Thai VTuber Ranking; Active (last video published 1 days ago),True
UC1ibZkqGoK8pSctzOwXUcWA,Mizuhara Yami Ch.,@mizuharayami,https://www.youtube.com/channel/UC1ibZkqGoK8pSctzOwXUcWA,Independent,active,CONFIRMED,vtuber_mizuharayami,Mizuhara Yami Ch.,main,23300,822,929968,2026-09-04T18:34:52+00:00,TH,0.8,Thai VTuber Ranking,2026-09-06T15:07:31.302417+00:00,VTuber signals: vtuber; Thai confidence: 0.80; Sources: Thai VTuber Ranking; Active (last video published 1 days ago),True
UC19G1A17yxePMyLJqcNBN7Q,Kuroda Mikari,@mikarichannel,https://www.youtube.com/channel/UC19G1A17yxePMyLJqcNBN7Q,Independent,hiatus,CONFIRMED,vtuber_mikarichannel,Kuroda Mikari,main,984,41,9662,2023-01-06T19:21:06+00:00,TH,0.8,Thai VTuber Ranking; Virtual YouTuber Fandom Wiki,2026-09-06T15:07:31.302471+00:00,"Thai confidence: 0.80; Sources: Thai VTuber Ranking, Virtual YouTuber Fandom Wiki; Hiatus / Inactive for 1338 days (> 180d)",True
UC-KEm4E7Yp_t0Gzix4SwkwA,Dëa Ex Δ Ch. Lumina-Muse,@deaexdelta,https://www.youtube.com/channel/UC-KEm4E7Yp_t0Gzix4SwkwA,Lumina Live,active,CONFIRMED,vtuber_deaexdelta,Dëa Ex Δ Ch. Lumina-Muse,main,22400,150,2203408,2026-09-01T09:00:37+00:00,TH,0.8,Thai VTuber Ranking,2026-09-06T15:07:31.302575+00:00,VTuber signals: agency:Lumina Live; Agency: Lumina Live; Thai confidence: 0.80; Sources: Thai VTuber Ranking; Active (last video published 5 days ago),True
UC0OQFhAPY9bgfKqi6u8MI7Q,Ryoukucha CH〖DPX〗,@ryoukuchach,https://www.youtube.com/channel/UC0OQFhAPY9bgfKqi6u8MI7Q,DPX,active,CONFIRMED,vtuber_ryoukuchach,Ryoukucha CH〖DPX〗,main,866,100,11622,2026-07-16T03:08:44+00:00,TH,0.55,Thai VTuber Ranking,2026-09-06T15:07:31.302611+00:00,"VTuber signals: vtuber, thai vtuber; Thai confidence: 0.55; Sources: Thai VTuber Ranking; Active (last video published 52 days ago)",True
UC-7KSYyqZ5FthXGj4R1nVbw,Shian Blueth,@shianblueth,https://www.youtube.com/channel/UC-7KSYyqZ5FthXGj4R1nVbw,Independent,active,CONFIRMED,vtuber_shianblueth,Shian Blueth,main,1050,85,27293,2026-07-11T18:23:45+00:00,TH,0.95,Thai VTuber Ranking,2026-09-06T15:07:31.302650+00:00,Thai confidence: 0.95; Sources: Thai VTuber Ranking; Active (last video published 56 days ago),True
UC0J6pp9DfQIKE0ZP7nHq7oA,Keiler Ch.〖SSR〗,@keilerwang,https://www.youtube.com/channel/UC0J6pp9DfQIKE0ZP7nHq7oA,Independent,active,CONFIRMED,vtuber_keilerwang,Keiler Ch.〖SSR〗,main,117,5,3233,2026-08-21T06:30:59+00:00,,0.2,Thai VTuber Ranking,2026-09-06T15:07:31.302679+00:00,"VTuber signals: vtuber, thai vtuber; Sources: Thai VTuber Ranking; Active (last video published 16 days ago)",True
UC0XEfbSBJTqH5sH79R7ZXKw,Muay​ The Barista ,@muay_barista001,https://www.youtube.com/channel/UC0XEfbSBJTqH5sH79R7ZXKw,Independent,active,CONFIRMED,vtuber_muay_barista001,Muay​ The Barista ,main,635,231,34883,2026-08-16T10:00:28+00:00,,0.45,Thai VTuber Ranking,2026-09-06T15:07:31.302723+00:00,VTuber signals: vtuber; Thai confidence: 0.45; Sources: Thai VTuber Ranking; Active (last video published 21 days ago),True
UC0j83REEO0vmUB6UOJpC5EA,Riel Tabiji,@rieltabiji,https://www.youtube.com/channel/UC0j83REEO0vmUB6UOJpC5EA,Independent,active,CONFIRMED,vtuber_rieltabiji,Riel Tabiji,main,441,196,26402,2026-09-05T14:40:12+00:00,TH,0.8,Thai VTuber Ranking,2026-09-06T15:07:31.302777+00:00,Thai confidence: 0.80; Sources: Thai VTuber Ranking; Active (last video published 1 days ago),True
UC0WohB8vCmGDUn1q67z8kTA,NaruFay,@narufay,https://www.youtube.com/channel/UC0WohB8vCmGDUn1q67z8kTA,Independent,active,CONFIRMED,vtuber_narufay,NaruFay,main,3370,108,1226040,2026-09-05T09:24:53+00:00,TH,0.8,Thai VTuber Ranking,2026-09-06T15:07:31.302840+00:00,Thai confidence: 0.80; Sources: Thai VTuber Ranking; Active (last video published 1 days ago),True
UC-hRgpBR4P_7FAf_73rEfAA,Fina and Tier,@finaandtier,https://www.youtube.com/channel/UC-hRgpBR4P_7FAf_73rEfAA,Independent,hiatus,CONFIRMED,vtuber_finaandtier,Fina and Tier,main,2690,126,649979,2025-02-21T14:00:35+00:00,TH,0.8,Thai VTuber Ranking,2026-09-06T15:07:31.302910+00:00,"VTuber signals: วีทูปเบอร์, วีทูป; Thai confidence: 0.80; Sources: Thai VTuber Ranking; Hiatus / Inactive for 562 days (> 180d)",True
UC0sN779hXum_LluFaWfJjcw,Hinaree Kannari Ch. Lumina-Muse,@hinareekannari,https://www.youtube.com/channel/UC0sN779hXum_LluFaWfJjcw,Lumina Live,active,CONFIRMED,vtuber_hinareekannari,Hinaree Kannari Ch. Lumina-Muse,main,11300,151,1043544,2026-09-01T09:30:16+00:00,TH,0.8,Thai VTuber Ranking,2026-09-06T15:07:31.302965+00:00,VTuber signals: agency:Lumina Live; Agency: Lumina Live; Thai confidence: 0.80; Sources: Thai VTuber Ranking; Active (last video published 5 days ago),True
UC1Ow3RRt6TlD5__a3t-UYLQ,Kurosegawa Renjimaru 黒瀬川 櫺子丸 Ch.,@kurosegawarenjimaruch.,https://www.youtube.com/channel/UC1Ow3RRt6TlD5__a3t-UYLQ,Independent,active,CONFIRMED,vtuber_kurosegawarenjimaruch.,Kurosegawa Renjimaru 黒瀬川 櫺子丸 Ch.,main,71,141,50424,2026-08-23T15:11:20+00:00,TH,0.8,Thai VTuber Ranking,2026-09-06T15:07:31.303032+00:00,"VTuber signals: vtuber, live2d; Thai confidence: 0.80; Sources: Thai VTuber Ranking; Active (last video published 13 days ago)",True
UC0bsrd1M3gCF6XqT_pBobjg,P1achon,@p1achon,https://www.youtube.com/channel/UC0bsrd1M3gCF6XqT_pBobjg,Independent,active,CONFIRMED,vtuber_p1achon,P1achon,main,16900,760,1603025,2026-09-05T10:11:38+00:00,TH,0.35,Thai VTuber Ranking,2026-09-06T15:07:31.303065+00:00,Thai confidence: 0.35; Sources: Thai VTuber Ranking; Active (last video published 1 days ago),True
UC06ZTttwwgmmMdc6ZMkOOgg,Akimoto Yuma Ch. [SOON],@akimotoyumach,https://www.youtube.com/channel/UC06ZTttwwgmmMdc6ZMkOOgg,Independent,hiatus,CONFIRMED,vtuber_akimotoyumach,Akimoto Yuma Ch. [SOON],main,2000,106,37579,2024-06-08T17:30:07+00:00,TH,0.8,Thai VTuber Ranking,2026-09-06T15:07:31.303102+00:00,Thai confidence: 0.80; Sources: Thai VTuber Ranking; Hiatus / Inactive for 819 days (> 180d),True
UC-KdQvTPC9k3pLjy4Y1PBkg,Aventurine Ch,@aventurinech,https://www.youtube.com/channel/UC-KdQvTPC9k3pLjy4Y1PBkg,Independent,active,CONFIRMED,vtuber_aventurinech,Aventurine Ch,main,1690,458,88483,2026-09-04T15:58:07+00:00,,0.2,Thai VTuber Ranking,2026-09-06T15:07:31.303124+00:00,"VTuber signals: vtuber, thai vtuber; Sources: Thai VTuber Ranking; Active (last video published 1 days ago)",True
UC1FwYKHZnh2Qrj4GVbes9zQ,StunKung,@stunkung,https://www.youtube.com/channel/UC1FwYKHZnh2Qrj4GVbes9zQ,Independent,active,CONFIRMED,vtuber_stunkung,StunKung,main,10400,1958,1264246,2026-09-05T01:39:14+00:00,TH,0.8,Thai VTuber Ranking,2026-09-06T15:07:31.303169+00:00,Thai confidence: 0.80; Sources: Thai VTuber Ranking; Active (last video published 1 days ago),True
UC1W2400L97Bwe2leu7eXEzA,Khaojao,@khaojao,https://www.youtube.com/channel/UC1W2400L97Bwe2leu7eXEzA,Independent,active,CONFIRMED,vtuber_khaojao,Khaojao,main,66800,899,4262755,2026-09-04T16:34:17+00:00,,0.45,Thai VTuber Ranking; Virtual YouTuber Fandom Wiki,2026-09-06T15:07:31.303190+00:00,"Thai confidence: 0.45; Sources: Thai VTuber Ranking, Virtual YouTuber Fandom Wiki; Active (last video published 1 days ago)",True
UC1893R8hjcc2zIu1KPT4MGw,Waririn Channel ⌜VZ⌟,@waririnchannel,https://www.youtube.com/channel/UC1893R8hjcc2zIu1KPT4MGw,Virtual Zeven (VZ),active,CONFIRMED,vtuber_waririnchannel,Waririn Channel ⌜VZ⌟,main,15200,425,536929,2026-05-01T18:05:25+00:00,TH,0.35,Thai VTuber Ranking,2026-09-06T15:07:31.303240+00:00,"VTuber signals: vtuber, vtuberth; Thai confidence: 0.35; Sources: Thai VTuber Ranking; Active (last video published 127 days ago)",True
UC-Xb3VhAajR8bir4XpgtZNA,Caelith - ケイリス Keirisu -,@caelithhoshizora,https://www.youtube.com/channel/UC-Xb3VhAajR8bir4XpgtZNA,Independent,active,CONFIRMED,vtuber_caelithhoshizora,Caelith - ケイリス Keirisu -,main,1400,51,294332,2026-08-01T12:03:08+00:00,TH,0.8,Thai VTuber Ranking,2026-09-06T15:07:31.303264+00:00,VTuber signals: vtuber; Thai confidence: 0.80; Sources: Thai VTuber Ranking; Active (last video published 36 days ago),True
UC06xwFlEkBFdtxqV0WpVcqg,Kiaren Ch.,@kiarenuwu,https://www.youtube.com/channel/UC06xwFlEkBFdtxqV0WpVcqg,Independent,active,CONFIRMED,vtuber_kiarenuwu,Kiaren Ch.,main,5330,149,143787,2026-09-04T11:00:06+00:00,TH,0.55,Thai VTuber Ranking,2026-09-06T15:07:31.303283+00:00,"VTuber signals: vtuber, thai vtuber; Thai confidence: 0.55; Sources: Thai VTuber Ranking; Active (last video published 2 days ago)",True
UC1_PguMZvyU9DhFVuwuUgTw,Lucala Ch.【APT】,@lucala_apt,https://www.youtube.com/channel/UC1_PguMZvyU9DhFVuwuUgTw,Independent,active,CONFIRMED,vtuber_lucala_apt,Lucala Ch.【APT】,main,1980,124,1125862,2026-08-22T09:28:54+00:00,,0.45,Thai VTuber Ranking,2026-09-06T15:07:31.303330+00:00,Thai confidence: 0.45; Sources: Thai VTuber Ranking; Active (last video published 15 days ago),True
UC0CvHQnIDi7-Pk5nyc09EYw,Kyubi Nine キュビ ナイン,@kyubi9,https://www.youtube.com/channel/UC0CvHQnIDi7-Pk5nyc09EYw,Independent,hiatus,CONFIRMED,vtuber_kyubi9,Kyubi Nine キュビ ナイン,main,16100,341,1127683,2025-07-14T11:01:44+00:00,TH,1.0,Thai VTuber Ranking,2026-09-06T15:07:31.303372+00:00,"VTuber signals: vtuber, วีทูปเบอร์, วีทูป, thai vtuber; Thai confidence: 1.00; Sources: Thai VTuber Ranking; Hiatus / Inactive for 419 days (> 180d)",True
UC0_VlKMxJuvQm5lZnG5AT4g,Yuzei Akatsuki,@yuzeiakatsuki,https://www.youtube.com/channel/UC0_VlKMxJuvQm5lZnG5AT4g,Independent,active,CONFIRMED,vtuber_yuzeiakatsuki,Yuzei Akatsuki,main,2040,222,120541,2026-03-27T18:51:28+00:00,TH,0.8,Thai VTuber Ranking,2026-09-06T15:07:31.303396+00:00,VTuber signals: vtuber; Thai confidence: 0.80; Sources: Thai VTuber Ranking; Active (last video published 162 days ago),True
UC-FSZsfcwy_e-gRtYr8ns5A,Kurumi Maki Ch.,@kurumi_maki,https://www.youtube.com/channel/UC-FSZsfcwy_e-gRtYr8ns5A,Independent,active,CONFIRMED,vtuber_kurumi_maki,Kurumi Maki Ch.,main,406,29,5787,2026-08-06T03:41:31+00:00,,0.45,Thai VTuber Ranking,2026-09-06T15:07:31.303424+00:00,Thai confidence: 0.45; Sources: Thai VTuber Ranking; Active (last video published 31 days ago),True
UC-qpvnKJF0bd-r10dtgkXyg,Maybliss Blessyou Ch.,@mayblissvt,https://www.youtube.com/channel/UC-qpvnKJF0bd-r10dtgkXyg,Independent,active,CONFIRMED,vtuber_mayblissvt,Maybliss Blessyou Ch.,main,17000,250,2503689,2026-09-04T06:00:07+00:00,TH,0.8,Thai VTuber Ranking,2026-09-06T15:07:31.303488+00:00,"VTuber signals: วีทูปเบอร์, วีทูป; Thai confidence: 0.80; Sources: Thai VTuber Ranking; Active (last video published 2 days ago)",True
UC-e-7z5tyBNm8M0XxySq0lg,Nihil Aeternum | VtuberTH 🔎,@nihil_vtuber,https://www.youtube.com/channel/UC-e-7z5tyBNm8M0XxySq0lg,Independent,active,CONFIRMED,vtuber_nihil_vtuber,Nihil Aeternum | VtuberTH 🔎,main,137,41,5222,2026-08-07T16:20:40+00:00,,0.0,Thai VTuber Ranking,2026-09-06T15:07:31.303524+00:00,"VTuber signals: vtuber, vtuberth; Sources: Thai VTuber Ranking; Active (last video published 29 days ago)",True
UC0C_CplF_fwd1hEZuIE6VIw,Rawley Izzy G. Ch. | Graduated,@izzygch,https://www.youtube.com/channel/UC0C_CplF_fwd1hEZuIE6VIw,Independent,hiatus,CONFIRMED,vtuber_izzygch,Rawley Izzy G. Ch. | Graduated,main,1940,291,61059,2024-03-15T15:59:21+00:00,TH,1.0,Thai VTuber Ranking,2026-09-06T15:07:31.303588+00:00,Thai confidence: 1.00; Sources: Thai VTuber Ranking; Hiatus / Inactive for 904 days (> 180d),True
UC0FTyntIoEvvpfQOe75zJXA,Marine Ch. マリン • チャリオット,@marineojou-sama,https://www.youtube.com/channel/UC0FTyntIoEvvpfQOe75zJXA,Independent,active,CONFIRMED,vtuber_marineojou-sama,Marine Ch. マリン • チャリオット,main,5920,451,229985,2026-09-05T06:17:28+00:00,JP,0.45,Thai VTuber Ranking,2026-09-06T15:07:31.303670+00:00,VTuber signals: vtuber; Thai confidence: 0.45; Sources: Thai VTuber Ranking; Active (last video published 1 days ago),True
UC-ZDJww4irljOotrkMG0FeA,˚｡ෆ Morosis ⤾,@morosisch,https://www.youtube.com/channel/UC-ZDJww4irljOotrkMG0FeA,Independent,active,CONFIRMED,vtuber_morosisch,˚｡ෆ Morosis ⤾,main,3250,55,17784,2026-05-27T03:54:28+00:00,TH,0.35,Thai VTuber Ranking,2026-09-06T15:07:31.303689+00:00,Thai confidence: 0.35; Sources: Thai VTuber Ranking; Active (last video published 102 days ago),True
UC-rl31Wigrn8iexKkpNl7jg,DolcheB,@dolcheb_ch,https://www.youtube.com/channel/UC-rl31Wigrn8iexKkpNl7jg,Independent,active,CONFIRMED,vtuber_dolcheb_ch,DolcheB,main,977,424,122464,2026-09-03T17:24:08+00:00,TH,0.35,Thai VTuber Ranking,2026-09-06T15:07:31.303758+00:00,"VTuber signals: vtuber, vtuberth; Thai confidence: 0.35; Sources: Thai VTuber Ranking; Active (last video published 2 days ago)",True
UC0XMhMMHSxNWG2wz38VRpiA,Aster Kalimeris Ch.,@asterkalimeris,https://www.youtube.com/channel/UC0XMhMMHSxNWG2wz38VRpiA,Independent,hiatus,CONFIRMED,vtuber_asterkalimeris,Aster Kalimeris Ch.,main,11200,0,0,2025-06-06T12:33:08+00:00,,0.45,Thai VTuber Ranking,2026-09-06T15:07:31.303800+00:00,Thai confidence: 0.45; Sources: Thai VTuber Ranking; Hiatus / Inactive for 457 days (> 180d),True
UC0D7SuIVLYoD1hU3dxNxdMg,Ziika ⌜VZ⌟,@mu_ziika,https://www.youtube.com/channel/UC0D7SuIVLYoD1hU3dxNxdMg,Virtual Zeven (VZ),active,CONFIRMED,vtuber_mu_ziika,Ziika ⌜VZ⌟,main,11200,585,499429,2026-09-03T03:07:41+00:00,TH,1.0,Thai VTuber Ranking,2026-09-06T15:07:31.303860+00:00,"VTuber signals: vtuber, vtuberth; Thai confidence: 1.00; Sources: Thai VTuber Ranking; Active (last video published 3 days ago)",True
UC0fZ_5Kil9VctNzpYo4vpLg,Tenebris D. Armis Ch. | RPG 【GRADUATED】,@tenebrisrelife,https://www.youtube.com/channel/UC0fZ_5Kil9VctNzpYo4vpLg,RPG,unknown,CONFIRMED,vtuber_tenebrisrelife,Tenebris D. Armis Ch. | RPG 【GRADUATED】,main,1270,0,0,,TH,0.35,Thai VTuber Ranking,2026-09-06T15:07:31.303881+00:00,Thai confidence: 0.35; Sources: Thai VTuber Ranking; No public video history recorded,False
UC0ZulKukNQiTsA2r7dEL0OA,KiwaPawari Ch. | キワー,@kiwapawari,https://www.youtube.com/channel/UC0ZulKukNQiTsA2r7dEL0OA,Independent,active,CONFIRMED,vtuber_kiwapawari,KiwaPawari Ch. | キワー,main,3010,614,113025,2026-08-30T03:13:49+00:00,TH,0.8,Thai VTuber Ranking,2026-09-06T15:07:31.303975+00:00,VTuber signals: vtuber; Thai confidence: 0.80; Sources: Thai VTuber Ranking; Active (last video published 7 days ago),True
UCklpP4KpgJdCfz4XVe0Nhvg,PeachVTB Ch.,@peachvtbch,https://www.youtube.com/channel/UCklpP4KpgJdCfz4XVe0Nhvg,Independent,hiatus,CONFIRMED,vtuber_peachvtbch,PeachVTB Ch.,main,11400,5,6490,2024-05-31T10:59:00+00:00,TH,1.0,Thai VTuber Ranking; Virtual YouTuber Fandom Wiki,2026-09-06T15:07:31.304001+00:00,"VTuber signals: vtuber, virtual youtuber; Thai confidence: 1.00; Sources: Thai VTuber Ranking, Virtual YouTuber Fandom Wiki; Hiatus / Inactive for 828 days (> 180d)",True
UClKKLcJYu3P7VdVVc4H8fUQ,Nicole BLANK,@nicoleblank,https://www.youtube.com/channel/UClKKLcJYu3P7VdVVc4H8fUQ,Independent,active,CONFIRMED,vtuber_nicoleblank,Nicole BLANK,main,1560,485,99804,2026-08-30T15:12:15+00:00,TH,0.8,Thai VTuber Ranking,2026-09-06T15:07:31.304034+00:00,Thai confidence: 0.80; Sources: Thai VTuber Ranking; Active (last video published 6 days ago),True
UCkf9IC_RAo1SSj4BvR7ahOA,Emiliaエミリア🌸🍡 ch.,@emi_emilia24,https://www.youtube.com/channel/UCkf9IC_RAo1SSj4BvR7ahOA,Independent,active,CONFIRMED,vtuber_emi_emilia24,Emiliaエミリア🌸🍡 ch.,main,2210,414,95291,2026-09-01T06:22:23+00:00,TH,1.0,Thai VTuber Ranking,2026-09-06T15:07:31.304092+00:00,"VTuber signals: vtuber, vtuberth; Thai confidence: 1.00; Sources: Thai VTuber Ranking; Active (last video published 5 days ago)",True
UCmAObfjMAwE-nqr9D0ISAFw,Fufu15 Ch. 〖ST〗,@fufu15vtuber44,https://www.youtube.com/channel/UCmAObfjMAwE-nqr9D0ISAFw,Independent,active,CONFIRMED,vtuber_fufu15vtuber44,Fufu15 Ch. 〖ST〗,main,976,357,51270,2026-09-01T13:57:18+00:00,TH,0.8,Thai VTuber Ranking,2026-09-06T15:07:31.304122+00:00,Thai confidence: 0.80; Sources: Thai VTuber Ranking; Active (last video published 5 days ago),True
UClOemvfyX_2oQPj-foZu5jw,RAITO-KUN,@raito-kun11,https://www.youtube.com/channel/UClOemvfyX_2oQPj-foZu5jw,Independent,active,CONFIRMED,vtuber_raito-kun11,RAITO-KUN,main,3640,488,635789,2026-07-29T03:38:10+00:00,TH,0.8,Thai VTuber Ranking,2026-09-06T15:07:31.304157+00:00,Thai confidence: 0.80; Sources: Thai VTuber Ranking; Active (last video published 39 days ago),True
UClBbcA64ikRSXTijItUQ-OA,Mizo Chan Ch.【PSM】,@mizochann,https://www.youtube.com/channel/UClBbcA64ikRSXTijItUQ-OA,Independent,active,CONFIRMED,vtuber_mizochann,Mizo Chan Ch.【PSM】,main,523,57,29569,2026-09-04T07:35:35+00:00,,0.3,Thai VTuber Ranking,2026-09-06T15:07:31.304195+00:00,Thai confidence: 0.30; Sources: Thai VTuber Ranking; Active (last video published 2 days ago),True
UCmR_ysVFhbwdrh080o1MuMQ,Momo Vtuber,@momo_lh,https://www.youtube.com/channel/UCmR_ysVFhbwdrh080o1MuMQ,Independent,active,CONFIRMED,vtuber_momo_lh,Momo Vtuber,main,17700,139,1615792,2026-08-29T02:38:02+00:00,TH,0.8,Thai VTuber Ranking,2026-09-06T15:07:31.304256+00:00,"VTuber signals: vtuber, vtuberth; Thai confidence: 0.80; Sources: Thai VTuber Ranking; Active (last video published 8 days ago)",True
UClIlMpdlevmQHyd7qQLLNWA,ghostmaiky,@ghostmaiky,https://www.youtube.com/channel/UClIlMpdlevmQHyd7qQLLNWA,Independent,active,CONFIRMED,vtuber_ghostmaiky,ghostmaiky,main,155000,633,35342252,2026-08-24T16:48:28+00:00,TH,0.35,Thai VTuber Ranking,2026-09-06T15:07:31.304276+00:00,Thai confidence: 0.35; Sources: Thai VTuber Ranking; Active (last video published 12 days ago),True
UCmBtZhaKjvZ6zotSOuOMnwQ,Fortuna Leah,@fortunaleah,https://www.youtube.com/channel/UCmBtZhaKjvZ6zotSOuOMnwQ,Independent,hiatus,CONFIRMED,vtuber_fortunaleah,Fortuna Leah,main,1730,439,63660,2025-12-28T17:42:59+00:00,TH,0.8,Thai VTuber Ranking,2026-09-06T15:07:31.304309+00:00,Thai confidence: 0.80; Sources: Thai VTuber Ranking; Hiatus / Inactive for 251 days (> 180d),True
UClHAmzOCBWpIxaeLoB1C3WQ,HottoMaya,@hottomaya559,https://www.youtube.com/channel/UClHAmzOCBWpIxaeLoB1C3WQ,Independent,active,CONFIRMED,vtuber_hottomaya559,HottoMaya,main,1130,100,36975,2026-08-29T08:56:08+00:00,TH,0.35,Thai VTuber Ranking,2026-09-06T15:07:31.304331+00:00,VTuber signals: vtuber; Thai confidence: 0.35; Sources: Thai VTuber Ranking; Active (last video published 8 days ago),True
UCkfMOc9cpO2jNCQcr_9nnKw,CcretRain [ FLAW project ],@ccretrain,https://www.youtube.com/channel/UCkfMOc9cpO2jNCQcr_9nnKw,Independent,active,CONFIRMED,vtuber_ccretrain,CcretRain [ FLAW project ],main,794,441,74550,2026-09-03T13:00:33+00:00,,0.45,Thai VTuber Ranking,2026-09-06T15:07:31.304421+00:00,"VTuber signals: vtuber, vtuberth; Thai confidence: 0.45; Sources: Thai VTuber Ranking; Active (last video published 3 days ago)",True
UCkxYPkvxIhorqG9577J0KGg,N4iKI,@naikich54,https://www.youtube.com/channel/UCkxYPkvxIhorqG9577J0KGg,Independent,active,CONFIRMED,vtuber_naikich54,N4iKI,main,1410,18,9648,2026-08-14T14:50:13+00:00,TH,0.8,Thai VTuber Ranking,2026-09-06T15:07:31.304445+00:00,Thai confidence: 0.80; Sources: Thai VTuber Ranking; Active (last video published 23 days ago),True
UCm7uL6HoDxrJ7aJm7HMacQA,ZGezz Channel by พี่กอล์ฟ,@zgezzchannel,https://www.youtube.com/channel/UCm7uL6HoDxrJ7aJm7HMacQA,Independent,hiatus,CONFIRMED,vtuber_zgezzchannel,ZGezz Channel by พี่กอล์ฟ,main,12000,402,1919236,2025-08-08T13:22:20+00:00,TH,0.8,Thai VTuber Ranking,2026-09-06T15:07:31.304562+00:00,Thai confidence: 0.80; Sources: Thai VTuber Ranking; Hiatus / Inactive for 394 days (> 180d),True
UCmU2ZpoUQNii8DSKuWR3qLQ,KoSaru_Ch,@kosaru_ch,https://www.youtube.com/channel/UCmU2ZpoUQNii8DSKuWR3qLQ,Independent,active,CONFIRMED,vtuber_kosaru_ch,KoSaru_Ch,main,1430,220,88344,2026-08-02T17:49:47+00:00,,0.45,Thai VTuber Ranking,2026-09-06T15:07:31.304631+00:00,Thai confidence: 0.45; Sources: Thai VTuber Ranking; Active (last video published 34 days ago),True
UCl-gN216hlPiOzGOm_Jkosg,Melriz,@melrizch,https://www.youtube.com/channel/UCl-gN216hlPiOzGOm_Jkosg,Independent,active,CONFIRMED,vtuber_melrizch,Melriz,main,3490,41,714750,2026-05-03T09:24:43+00:00,,0.45,Thai VTuber Ranking,2026-09-06T15:07:31.304688+00:00,VTuber signals: วีทูป; Thai confidence: 0.45; Sources: Thai VTuber Ranking; Active (last video published 126 days ago),True
UCmVx2k5Qcsmk8qGbZEBZGCw,Lucia Xavier,@lucia_xavier,https://www.youtube.com/channel/UCmVx2k5Qcsmk8qGbZEBZGCw,Independent,active,CONFIRMED,vtuber_lucia_xavier,Lucia Xavier,main,3700,140,429130,2026-08-27T07:35:31+00:00,TH,0.8,Thai VTuber Ranking,2026-09-06T15:07:31.304729+00:00,Thai confidence: 0.80; Sources: Thai VTuber Ranking; Active (last video published 10 days ago),True
UClsrtReeDeC9WGR926fICZA,Kamashi Ch.,@kamashi_ch,https://www.youtube.com/channel/UClsrtReeDeC9WGR926fICZA,Independent,active,CONFIRMED,vtuber_kamashi_ch,Kamashi Ch.,main,847,204,42453,2026-08-23T18:30:25+00:00,,0.45,Thai VTuber Ranking,2026-09-06T15:07:31.304768+00:00,Thai confidence: 0.45; Sources: Thai VTuber Ranking; Active (last video published 13 days ago),True
UCktUGMC7AKl1e8n20Ys8w0Q,Superpretty TAKOPERO Ch. Pixela Legends,@takopero,https://www.youtube.com/channel/UCktUGMC7AKl1e8n20Ys8w0Q,Pixela Project,active,CONFIRMED,vtuber_takopero,Superpretty TAKOPERO Ch. Pixela Legends,main,36600,985,3213439,2026-09-03T05:18:19+00:00,TH,0.8,Thai VTuber Ranking; Virtual YouTuber Fandom Wiki,2026-09-06T15:07:31.304807+00:00,"VTuber signals: agency:Pixela Project; Agency: Pixela Project; Thai confidence: 0.80; Sources: Thai VTuber Ranking, Virtual YouTuber Fandom Wiki; Active (last video published 3 days ago)",True
UClFQeZMVqFVZonqSYk0l-Og,Kagemaru 404,@kagemaru404,https://www.youtube.com/channel/UClFQeZMVqFVZonqSYk0l-Og,Independent,active,CONFIRMED,vtuber_kagemaru404,Kagemaru 404,main,237,110,22063,2026-09-02T17:21:51+00:00,,0.45,Thai VTuber Ranking,2026-09-06T15:07:31.304854+00:00,Thai confidence: 0.45; Sources: Thai VTuber Ranking; Active (last video published 3 days ago),True
UCmDDNnaWA_lEL4rpWqD4nSA,JomJam_SLX,@jomjam_slx,https://www.youtube.com/channel/UCmDDNnaWA_lEL4rpWqD4nSA,Independent,active,CONFIRMED,vtuber_jomjam_slx,JomJam_SLX,main,127,107,18840,2026-08-15T10:26:52+00:00,,0.2,Thai VTuber Ranking,2026-09-06T15:07:31.304884+00:00,"VTuber signals: vtuber, thai vtuber; Sources: Thai VTuber Ranking; Active (last video published 22 days ago)",True
UCmEBfH-cA250fGCvUb9CIGA,Zerias Ch.,@zerias_ch,https://www.youtube.com/channel/UCmEBfH-cA250fGCvUb9CIGA,Independent,active,CONFIRMED,vtuber_zerias_ch,Zerias Ch.,main,1530,35,305346,2026-04-09T14:31:49+00:00,TH,0.35,Thai VTuber Ranking,2026-09-06T15:07:31.304933+00:00,Thai confidence: 0.35; Sources: Thai VTuber Ranking; Active (last video published 150 days ago),True
UCkmdieFgz-8jWHBE1OlucAA,กลิ่นทอง | Klinthong 【RE:S】,@klinthong_res,https://www.youtube.com/channel/UCkmdieFgz-8jWHBE1OlucAA,Independent,active,CONFIRMED,vtuber_klinthong_res,กลิ่นทอง | Klinthong 【RE:S】,main,952,37,11461,2026-04-02T16:17:01+00:00,TH,0.8,Thai VTuber Ranking,2026-09-06T15:07:31.305000+00:00,Thai confidence: 0.80; Sources: Thai VTuber Ranking; Active (last video published 156 days ago),True
UClENshywr_HiWzG7WHnBUDQ,Yuklear,@yuklear,https://www.youtube.com/channel/UClENshywr_HiWzG7WHnBUDQ,Independent,active,CONFIRMED,vtuber_yuklear,Yuklear,main,10700,22,915103,2026-07-30T22:55:31+00:00,TH,0.8,Thai VTuber Ranking,2026-09-06T15:07:31.305030+00:00,Thai confidence: 0.80; Sources: Thai VTuber Ranking; Active (last video published 37 days ago),True
UCmTbPJp-N5R1KFvMO51giCg,SKarenNin,@skarennin,https://www.youtube.com/channel/UCmTbPJp-N5R1KFvMO51giCg,Independent,hiatus,CONFIRMED,vtuber_skarennin,SKarenNin,main,1990,460,52114,2025-11-04T13:42:39+00:00,,0.45,Thai VTuber Ranking,2026-09-06T15:07:31.305060+00:00,Thai confidence: 0.45; Sources: Thai VTuber Ranking; Hiatus / Inactive for 306 days (> 180d),True
UCldD-XczW0-Frlbo11CIqfg,Darchelle ch.,@darchelle_vtuber,https://www.youtube.com/channel/UCldD-XczW0-Frlbo11CIqfg,Independent,active,CONFIRMED,vtuber_darchelle_vtuber,Darchelle ch.,main,3990,345,282063,2026-08-08T03:00:33+00:00,TH,0.8,Thai VTuber Ranking,2026-09-06T15:07:31.305090+00:00,Thai confidence: 0.80; Sources: Thai VTuber Ranking; Active (last video published 29 days ago),True
UClbr2Ml5EXjoAysIGi65z4w,「ねし」Neshi CH,@neshich,https://www.youtube.com/channel/UClbr2Ml5EXjoAysIGi65z4w,Independent,active,CONFIRMED,vtuber_neshich,「ねし」Neshi CH,main,3100,2,781,2026-08-27T04:13:34+00:00,TH,0.8,Thai VTuber Ranking,2026-09-06T15:07:31.305118+00:00,Thai confidence: 0.80; Sources: Thai VTuber Ranking; Active (last video published 10 days ago),True
UClCLRJrlg3F9FOPnUfItZSw,Tatsuki Ch.,@tatsukich,https://www.youtube.com/channel/UClCLRJrlg3F9FOPnUfItZSw,Independent,hiatus,CONFIRMED,vtuber_tatsukich,Tatsuki Ch.,main,89700,67,211208,2022-11-06T10:53:34+00:00,TH,0.8,Thai VTuber Ranking,2026-09-06T15:07:31.305143+00:00,Thai confidence: 0.80; Sources: Thai VTuber Ranking; Hiatus / Inactive for 1400 days (> 180d),True
UCmE_BKy2qSzjCC9HyRrxcqA,Rubyele Garnet Ch.,@ruby-ele,https://www.youtube.com/channel/UCmE_BKy2qSzjCC9HyRrxcqA,Independent,active,CONFIRMED,vtuber_ruby-ele,Rubyele Garnet Ch.,main,1080,205,36117,2026-08-25T16:33:17+00:00,TH,0.8,Thai VTuber Ranking,2026-09-06T15:07:31.305169+00:00,Thai confidence: 0.80; Sources: Thai VTuber Ranking; Active (last video published 11 days ago),True
UCknOyz3O0-G6w5SJNAgO7uQ,Mild-R Ch. Lumina-World-End,@mildrworldend,https://www.youtube.com/channel/UCknOyz3O0-G6w5SJNAgO7uQ,Lumina Live,active,CONFIRMED,vtuber_mildrworldend,Mild-R Ch. Lumina-World-End,main,34300,625,3231096,2026-09-03T11:15:20+00:00,,0.45,Thai VTuber Ranking,2026-09-06T15:07:31.305217+00:00,VTuber signals: agency:Lumina Live; Agency: Lumina Live; Thai confidence: 0.45; Sources: Thai VTuber Ranking; Active (last video published 3 days ago),True
UClXPm_54oaVwVPKhewoDSQw,SHiA_4a,@shia_4a,https://www.youtube.com/channel/UClXPm_54oaVwVPKhewoDSQw,Independent,active,CONFIRMED,vtuber_shia_4a,SHiA_4a,main,495,685,81138,2026-08-29T01:50:16+00:00,TH,0.8,Thai VTuber Ranking,2026-09-06T15:07:31.305252+00:00,Thai confidence: 0.80; Sources: Thai VTuber Ranking; Active (last video published 8 days ago),True
UCkrja0w7A6MHJ5UAxjTgH7Q,shaleep.,@shaleep_uwu,https://www.youtube.com/channel/UCkrja0w7A6MHJ5UAxjTgH7Q,Independent,active,CONFIRMED,vtuber_shaleep_uwu,shaleep.,main,6570,102,52079,2026-09-04T18:40:21+00:00,TH,0.8,Thai VTuber Ranking,2026-09-06T15:07:31.305297+00:00,Thai confidence: 0.80; Sources: Thai VTuber Ranking; Active (last video published 1 days ago),True
UCm5SLUk640GMLdp6ePCaXHQ,Alizabyleth Ch.,@alizabylethcutievtuber,https://www.youtube.com/channel/UCm5SLUk640GMLdp6ePCaXHQ,Independent,active,CONFIRMED,vtuber_alizabylethcutievtuber,Alizabyleth Ch.,main,11500,706,928730,2026-09-01T15:21:34+00:00,TH,1.0,Thai VTuber Ranking,2026-09-06T15:07:31.305336+00:00,VTuber signals: virtual youtuber; Thai confidence: 1.00; Sources: Thai VTuber Ranking; Active (last video published 4 days ago),True
UCmKiQxuXbizCEo77GCBTOig,Lyneth Ch.,@lyneththerabbit,https://www.youtube.com/channel/UCmKiQxuXbizCEo77GCBTOig,Independent,active,CONFIRMED,vtuber_lyneththerabbit,Lyneth Ch.,main,11700,298,1003986,2026-08-29T05:20:04+00:00,,0.45,Thai VTuber Ranking,2026-09-06T15:07:31.305373+00:00,Thai confidence: 0.45; Sources: Thai VTuber Ranking; Active (last video published 8 days ago),True
UCm4MvNX1EORDR3dgOxLhcJQ,Eranthia ch.,@eranthiaa,https://www.youtube.com/channel/UCm4MvNX1EORDR3dgOxLhcJQ,Independent,active,CONFIRMED,vtuber_eranthiaa,Eranthia ch.,main,2830,122,217899,2026-09-05T07:30:13+00:00,,0.2,Thai VTuber Ranking,2026-09-06T15:07:31.305394+00:00,"VTuber signals: vtuber, thai vtuber; Sources: Thai VTuber Ranking; Active (last video published 1 days ago)",True
UCktowrrd3HTEugAQdKeuZOQ,GNTGxd,@gntgxd,https://www.youtube.com/channel/UCktowrrd3HTEugAQdKeuZOQ,Independent,active,CONFIRMED,vtuber_gntgxd,GNTGxd,main,13500,464,4907625,2026-08-08T03:19:28+00:00,TH,0.8,Thai VTuber Ranking,2026-09-06T15:07:31.305433+00:00,VTuber signals: vtuber; Thai confidence: 0.80; Sources: Thai VTuber Ranking; Active (last video published 29 days ago),True
UClGxY7R31Snisoccta9uByg,Zane『VTG』,@zanevtg,https://www.youtube.com/channel/UClGxY7R31Snisoccta9uByg,Independent,active,CONFIRMED,vtuber_zanevtg,Zane『VTG』,main,1050,8,513,2026-09-04T09:25:51+00:00,TH,0.8,Thai VTuber Ranking,2026-09-06T15:07:31.305458+00:00,Thai confidence: 0.80; Sources: Thai VTuber Ranking; Active (last video published 2 days ago),True
UClLePWOXDCn6ZxhcM3jjPBw,EuRo,@euroxyz,https://www.youtube.com/channel/UClLePWOXDCn6ZxhcM3jjPBw,Independent,active,CONFIRMED,vtuber_euroxyz,EuRo,main,1520,251,150264,2026-08-31T22:13:13+00:00,TH,0.8,Thai VTuber Ranking,2026-09-06T15:07:31.305493+00:00,Thai confidence: 0.80; Sources: Thai VTuber Ranking; Active (last video published 5 days ago),True
UClkwdtOk6yQekM-UsoJNErg,Aelisse,@aelisseepr,https://www.youtube.com/channel/UClkwdtOk6yQekM-UsoJNErg,Independent,active,CONFIRMED,vtuber_aelisseepr,Aelisse,main,6490,214,549474,2026-09-04T03:00:14+00:00,TH,0.35,Thai VTuber Ranking,2026-09-06T15:07:31.305513+00:00,Thai confidence: 0.35; Sources: Thai VTuber Ranking; Active (last video published 2 days ago),True
UCm0b6rM-6um9H8ZIiljKncg,chloridefow,@chloridefow,https://www.youtube.com/channel/UCm0b6rM-6um9H8ZIiljKncg,Independent,active,CONFIRMED,vtuber_chloridefow,chloridefow,main,1820,131,189192,2026-09-01T12:07:53+00:00,TH,0.8,Thai VTuber Ranking,2026-09-06T15:07:31.305554+00:00,VTuber signals: วีทูบเบอร์; Thai confidence: 0.80; Sources: Thai VTuber Ranking; Active (last video published 5 days ago),True
UClKBrxMxPf1-104BQRNkDYw,Lyon De Gladiolus,@lyondegra,https://www.youtube.com/channel/UClKBrxMxPf1-104BQRNkDYw,Independent,active,CONFIRMED,vtuber_lyondegra,Lyon De Gladiolus,main,1800,543,76860,2026-09-04T10:07:13+00:00,TH,0.8,Thai VTuber Ranking,2026-09-06T15:07:31.305606+00:00,VTuber signals: vtuber; Thai confidence: 0.80; Sources: Thai VTuber Ranking; Active (last video published 2 days ago),True
UClsYXk5BW7YOdB9mnGzikyQ,Celestier Rolannda [crrda.ch],@crrda_ch,https://www.youtube.com/channel/UClsYXk5BW7YOdB9mnGzikyQ,Independent,active,CONFIRMED,vtuber_crrda_ch,Celestier Rolannda [crrda.ch],main,1070,386,57951,2026-09-04T15:55:20+00:00,TH,0.8,Thai VTuber Ranking,2026-09-06T15:07:31.305676+00:00,"VTuber signals: virtual youtuber, live2d; Thai confidence: 0.80; Sources: Thai VTuber Ranking; Active (last video published 1 days ago)",True
UCmNHaTv_3klfUfaokHoXWJQ,Vivian V. Wendell Ch.,@vivianv.,https://www.youtube.com/channel/UCmNHaTv_3klfUfaokHoXWJQ,Independent,active,CONFIRMED,vtuber_vivianv.,Vivian V. Wendell Ch.,main,4280,400,116555,2026-08-29T02:24:25+00:00,TH,0.8,Thai VTuber Ranking,2026-09-06T15:07:31.305702+00:00,Thai confidence: 0.80; Sources: Thai VTuber Ranking; Active (last video published 8 days ago),True
UCmN7K6QnC46aah-_69EGksw,Lawrenze l Blessing,@lawrenzeblessing,https://www.youtube.com/channel/UCmN7K6QnC46aah-_69EGksw,Independent,active,CONFIRMED,vtuber_lawrenzeblessing,Lawrenze l Blessing,main,25600,271,723900,2026-08-03T03:08:21+00:00,TH,1.0,Thai VTuber Ranking,2026-09-06T15:07:31.305757+00:00,Thai confidence: 1.00; Sources: Thai VTuber Ranking; Active (last video published 34 days ago),True
UCkwcFk8UHZO0ANkB6aBCo2w,Breindel the duck Ch.,@breindeltheduck,https://www.youtube.com/channel/UCkwcFk8UHZO0ANkB6aBCo2w,Independent,active,CONFIRMED,vtuber_breindeltheduck,Breindel the duck Ch.,main,3890,742,254651,2026-08-28T18:15:21+00:00,TH,0.35,Thai VTuber Ranking,2026-09-06T15:07:31.305793+00:00,Thai confidence: 0.35; Sources: Thai VTuber Ranking; Active (last video published 8 days ago),True
UClfz6OCQ6Lic7BGFsn1q0Ww,Yamisamadesu,@yamisamadesu,https://www.youtube.com/channel/UClfz6OCQ6Lic7BGFsn1q0Ww,Independent,active,CONFIRMED,vtuber_yamisamadesu,Yamisamadesu,main,5260,63,62681,2026-07-25T12:53:00+00:00,TH,0.35,Thai VTuber Ranking,2026-09-06T15:07:31.305823+00:00,Thai confidence: 0.35; Sources: Thai VTuber Ranking; Active (last video published 43 days ago),True
UCVX1q9x58mqu12j94cAwr0w,Kirine Ch.,@kirine,https://www.youtube.com/channel/UCVX1q9x58mqu12j94cAwr0w,Independent,active,CONFIRMED,vtuber_kirine,Kirine Ch.,main,10600,699,457887,2026-08-28T15:47:43+00:00,TH,1.0,Thai VTuber Ranking; Virtual YouTuber Fandom Wiki,2026-09-06T15:07:31.305883+00:00,"Thai confidence: 1.00; Sources: Thai VTuber Ranking, Virtual YouTuber Fandom Wiki; Active (last video published 8 days ago)",True
UCWLGTmRYmq283VD3QreyyLg,Alzena_SLR,@alzena_slr,https://www.youtube.com/channel/UCWLGTmRYmq283VD3QreyyLg,Independent,active,CONFIRMED,vtuber_alzena_slr,Alzena_SLR,main,348,123,13475,2026-08-27T04:27:10+00:00,,0.2,Thai VTuber Ranking,2026-09-06T15:07:31.305903+00:00,"VTuber signals: vtuber, thai vtuber; Sources: Thai VTuber Ranking; Active (last video published 10 days ago)",True
UCXBd37-oAdMimpTzXN9WtVQ,Gutz ch.,@gutzch.4599,https://www.youtube.com/channel/UCXBd37-oAdMimpTzXN9WtVQ,Independent,unknown,CONFIRMED,vtuber_gutzch.4599,Gutz ch.,main,1740,0,0,,TH,0.35,Thai VTuber Ranking,2026-09-06T15:07:31.305931+00:00,Thai confidence: 0.35; Sources: Thai VTuber Ranking; No public video history recorded,False
UCWjaqaEssIOviThtKEtBvsw,Hibiki Diva『DPX』,@hibikidiva_ch,https://www.youtube.com/channel/UCWjaqaEssIOviThtKEtBvsw,DPX,active,CONFIRMED,vtuber_hibikidiva_ch,Hibiki Diva『DPX』,main,444,132,12899,2026-08-13T03:32:16+00:00,,0.45,Thai VTuber Ranking,2026-09-06T15:07:31.305956+00:00,Thai confidence: 0.45; Sources: Thai VTuber Ranking; Active (last video published 24 days ago),True
UCVjZjOsH1_hkjhOkYkylAmg,Odele Ch.,@odeletheswan,https://www.youtube.com/channel/UCVjZjOsH1_hkjhOkYkylAmg,Independent,active,CONFIRMED,vtuber_odeletheswan,Odele Ch.,main,2120,92,66684,2026-08-21T02:34:34+00:00,TH,1.0,Thai VTuber Ranking,2026-09-06T15:07:31.305980+00:00,VTuber signals: vtuber; Thai confidence: 1.00; Sources: Thai VTuber Ranking; Active (last video published 16 days ago),True
UCWm99dEdWyZR-jWLyzzOIZA,RAILONEY,@railoney_yt,https://www.youtube.com/channel/UCWm99dEdWyZR-jWLyzzOIZA,Independent,active,CONFIRMED,vtuber_railoney_yt,RAILONEY,main,321,62,5365,2026-08-17T03:02:22+00:00,,0.45,Thai VTuber Ranking,2026-09-06T15:07:31.306030+00:00,Thai confidence: 0.45; Sources: Thai VTuber Ranking; Active (last video published 20 days ago),True
UCVjhbrfJG9GX2sXsl7B3AIg,Mei Vtuber,@meivtuber,https://www.youtube.com/channel/UCVjhbrfJG9GX2sXsl7B3AIg,Independent,hiatus,CONFIRMED,vtuber_meivtuber,Mei Vtuber,main,4760,8,6147,2025-12-15T19:18:03+00:00,,0.45,Thai VTuber Ranking,2026-09-06T15:07:31.306081+00:00,VTuber signals: vtuber; Thai confidence: 0.45; Sources: Thai VTuber Ranking; Hiatus / Inactive for 264 days (> 180d),True
UCWa0z5W_t2B46XB3a5OKU0Q,Jao_KaoJao,@jao_kaojao,https://www.youtube.com/channel/UCWa0z5W_t2B46XB3a5OKU0Q,Independent,active,CONFIRMED,vtuber_jao_kaojao,Jao_KaoJao,main,3350,12,2537,2026-08-21T10:37:06+00:00,US,0.45,Thai VTuber Ranking,2026-09-06T15:07:31.306127+00:00,VTuber signals: vtuber; Thai confidence: 0.45; Sources: Thai VTuber Ranking; Active (last video published 16 days ago),True
UCVhMzJhna39ULdMowQAE-uQ,Hatsuji ::H.T.J ,@hatsujihtj,https://www.youtube.com/channel/UCVhMzJhna39ULdMowQAE-uQ,Independent,active,CONFIRMED,vtuber_hatsujihtj,Hatsuji ::H.T.J ,main,1890,654,158886,2026-08-28T11:00:28+00:00,,0.45,Thai VTuber Ranking,2026-09-06T15:07:31.306166+00:00,Thai confidence: 0.45; Sources: Thai VTuber Ranking; Active (last video published 9 days ago),True
UCWU7kvLd_JBaBqO_ilTYd_A,Zekai Ch.【ARP】,@zekai_arp,https://www.youtube.com/channel/UCWU7kvLd_JBaBqO_ilTYd_A,Algorhythm Project,active,CONFIRMED,vtuber_zekai_arp,Zekai Ch.【ARP】,main,109000,939,11477864,2026-08-30T20:40:55+00:00,TH,0.35,Thai VTuber Ranking; Virtual YouTuber Fandom Wiki,2026-09-06T15:07:31.306190+00:00,"VTuber signals: agency:Algorhythm Project; Agency: Algorhythm Project; Thai confidence: 0.35; Sources: Thai VTuber Ranking, Virtual YouTuber Fandom Wiki; Active (last video published 6 days ago)",True
UCVfj4ZZ02FyqOracLd7r5oQ,TARIN,@ta121n,https://www.youtube.com/channel/UCVfj4ZZ02FyqOracLd7r5oQ,Independent,active,CONFIRMED,vtuber_ta121n,TARIN,main,947,33,13311,2026-08-30T03:59:10+00:00,TH,1.0,Thai VTuber Ranking,2026-09-06T15:07:31.306225+00:00,"VTuber signals: vtuber, วีทูปเบอร์, วีทูป, vtuberth; Thai confidence: 1.00; Sources: Thai VTuber Ranking; Active (last video published 7 days ago)",True
UCVBaM-3Ot6LmwX1cbhqQvVw,Eric'Mariner Ch.,@ericmariner_vt,https://www.youtube.com/channel/UCVBaM-3Ot6LmwX1cbhqQvVw,Independent,active,CONFIRMED,vtuber_ericmariner_vt,Eric'Mariner Ch.,main,2720,107,312522,2026-08-28T09:25:12+00:00,TH,0.8,Thai VTuber Ranking,2026-09-06T15:07:31.306256+00:00,Thai confidence: 0.80; Sources: Thai VTuber Ranking; Active (last video published 9 days ago),True
UCXIVuxD2sPqxESwVEUtGPuA,Leonetta Ch. 《NEOVISTA》,@leonetta_nvp,https://www.youtube.com/channel/UCXIVuxD2sPqxESwVEUtGPuA,Independent,hiatus,CONFIRMED,vtuber_leonetta_nvp,Leonetta Ch. 《NEOVISTA》,main,1780,0,0,2023-05-27T17:32:13+00:00,TH,0.65,Thai VTuber Ranking,2026-09-06T15:07:31.306278+00:00,Thai confidence: 0.65; Sources: Thai VTuber Ranking; Hiatus / Inactive for 1197 days (> 180d),True
UCX709cHEHWW3QU1qSA_dyVA,Housagi ch. Euphora,@housagiepr,https://www.youtube.com/channel/UCX709cHEHWW3QU1qSA_dyVA,Euphora Project,active,CONFIRMED,vtuber_housagiepr,Housagi ch. Euphora,main,2520,459,194866,2026-08-31T20:56:15+00:00,TH,0.8,Thai VTuber Ranking,2026-09-06T15:07:31.306307+00:00,VTuber signals: agency:Euphora Project; Agency: Euphora Project; Thai confidence: 0.80; Sources: Thai VTuber Ranking; Active (last video published 5 days ago),True
UCWRc7m30K-4jNCyVnWh_a-w,Freidya Ch,@freidya-ch,https://www.youtube.com/channel/UCWRc7m30K-4jNCyVnWh_a-w,Independent,active,CONFIRMED,vtuber_freidya-ch,Freidya Ch,main,3520,1065,442540,2026-08-31T11:30:21+00:00,TH,0.85,Thai VTuber Ranking,2026-09-06T15:07:31.306367+00:00,VTuber signals: vtuber; Thai confidence: 0.85; Sources: Thai VTuber Ranking; Active (last video published 6 days ago),True
UCWGL-srZbmgncoJ9YKJrdAg,OYAZUMISAN,@oyazumi3,https://www.youtube.com/channel/UCWGL-srZbmgncoJ9YKJrdAg,Independent,hiatus,CONFIRMED,vtuber_oyazumi3,OYAZUMISAN,main,3080,0,0,2023-05-09T07:34:45+00:00,TH,0.35,Thai VTuber Ranking,2026-09-06T15:07:31.306387+00:00,Thai confidence: 0.35; Sources: Thai VTuber Ranking; Hiatus / Inactive for 1216 days (> 180d),True
UCVQrivN2wzHYLNrsAquYjhg,Jaowayde,@jaowayde_vt,https://www.youtube.com/channel/UCVQrivN2wzHYLNrsAquYjhg,Independent,active,CONFIRMED,vtuber_jaowayde_vt,Jaowayde,main,1130,378,99812,2026-08-28T16:54:27+00:00,TH,0.8,Thai VTuber Ranking,2026-09-06T15:07:31.306421+00:00,"VTuber signals: วีทูปเบอร์, วีทูป; Thai confidence: 0.80; Sources: Thai VTuber Ranking; Active (last video published 8 days ago)",True
UCVmZ-RvoPuxk9siBRctLwsA,NaNA Ch.,@nana_saurus,https://www.youtube.com/channel/UCVmZ-RvoPuxk9siBRctLwsA,Independent,active,CONFIRMED,vtuber_nana_saurus,NaNA Ch.,main,285,133,22570,2026-08-26T04:24:58+00:00,,0.45,Thai VTuber Ranking,2026-09-06T15:07:31.306456+00:00,Thai confidence: 0.45; Sources: Thai VTuber Ranking; Active (last video published 11 days ago),True
UCVgbTA9qzHDr3nPsN3-Nsuw,NoranekoGotty,@noranekogotty,https://www.youtube.com/channel/UCVgbTA9qzHDr3nPsN3-Nsuw,Independent,active,CONFIRMED,vtuber_noranekogotty,NoranekoGotty,main,4210,149,393100,2026-08-31T14:08:57+00:00,TH,0.55,Thai VTuber Ranking,2026-09-06T15:07:31.306475+00:00,"VTuber signals: vtuber, thai vtuber; Thai confidence: 0.55; Sources: Thai VTuber Ranking; Active (last video published 6 days ago)",True
UCXOGcY1DJ8uohGI3KTPue-g,ToraSunday Ch.,@torasundaych,https://www.youtube.com/channel/UCXOGcY1DJ8uohGI3KTPue-g,Independent,active,CONFIRMED,vtuber_torasundaych,ToraSunday Ch.,main,15900,262,2043027,2026-08-29T01:29:52+00:00,TH,0.8,Thai VTuber Ranking,2026-09-06T15:07:31.306504+00:00,VTuber signals: vtuber; Thai confidence: 0.80; Sources: Thai VTuber Ranking; Active (last video published 8 days ago),True
UCVlgCh9B_0PI7COJ2tJ7hIw,Heiman Ch.,@heiman-hm,https://www.youtube.com/channel/UCVlgCh9B_0PI7COJ2tJ7hIw,Independent,active,CONFIRMED,vtuber_heiman-hm,Heiman Ch.,main,4490,341,226584,2026-08-31T03:35:44+00:00,,0.2,Thai VTuber Ranking,2026-09-06T15:07:31.306530+00:00,VTuber signals: vtuber; Sources: Thai VTuber Ranking; Active (last video published 6 days ago),True
UCVY-v0sCwEjE3V7dUOqkFZg,Camellia Ch.,@camelliam,https://www.youtube.com/channel/UCVY-v0sCwEjE3V7dUOqkFZg,Independent,active,CONFIRMED,vtuber_camelliam,Camellia Ch.,main,8410,364,391550,2026-08-25T23:31:34+00:00,,0.45,Thai VTuber Ranking,2026-09-06T15:07:31.306585+00:00,Thai confidence: 0.45; Sources: Thai VTuber Ranking; Active (last video published 11 days ago),True
UCVLZI8sZ1J1PDVHdPLgnChw,Freyraine Ch.,@freyraine,https://www.youtube.com/channel/UCVLZI8sZ1J1PDVHdPLgnChw,Independent,active,CONFIRMED,vtuber_freyraine,Freyraine Ch.,main,1860,242,350401,2026-08-28T15:02:40+00:00,,0.65,Thai VTuber Ranking,2026-09-06T15:07:31.306610+00:00,VTuber signals: vtuber; Thai confidence: 0.65; Sources: Thai VTuber Ranking; Active (last video published 9 days ago),True
UCVxPzerhZ7g_OL_5okEk08g,Nanako_SLR,@nanako_slr,https://www.youtube.com/channel/UCVxPzerhZ7g_OL_5okEk08g,Independent,active,CONFIRMED,vtuber_nanako_slr,Nanako_SLR,main,428,138,17663,2026-08-26T03:29:23+00:00,,0.45,Thai VTuber Ranking,2026-09-06T15:07:31.306653+00:00,Thai confidence: 0.45; Sources: Thai VTuber Ranking; Active (last video published 11 days ago),True
UCXORtYHsd6uxJK15JvHzxvA,AonGreyFox,@aongreyfox,https://www.youtube.com/channel/UCXORtYHsd6uxJK15JvHzxvA,Independent,active,CONFIRMED,vtuber_aongreyfox,AonGreyFox,main,3000,1350,571159,2026-08-27T18:37:48+00:00,TH,0.8,Thai VTuber Ranking,2026-09-06T15:07:31.306733+00:00,VTuber signals: vtuber; Thai confidence: 0.80; Sources: Thai VTuber Ranking; Active (last video published 9 days ago),True
UCVvTvmP37h2C2NuHqB_Uekg,Merope Ch.,@meropevch,https://www.youtube.com/channel/UCVvTvmP37h2C2NuHqB_Uekg,Independent,hiatus,CONFIRMED,vtuber_meropevch,Merope Ch.,main,8170,1,455,2025-06-28T17:47:25+00:00,TH,0.8,Thai VTuber Ranking,2026-09-06T15:07:31.306760+00:00,Thai confidence: 0.80; Sources: Thai VTuber Ranking; Hiatus / Inactive for 434 days (> 180d),True
UCVgoTNEZIS4UVoe2M4CSc4w,⚡GS_ก๊อปแก๊ป พาเพลิน⚡,@gs_golfpraplern,https://www.youtube.com/channel/UCVgoTNEZIS4UVoe2M4CSc4w,Pixela Project,active,CONFIRMED,vtuber_gs_golfpraplern,⚡GS_ก๊อปแก๊ป พาเพลิน⚡,main,5440,1741,432646,2026-08-30T02:26:08+00:00,TH,0.8,Thai VTuber Ranking,2026-09-06T15:07:31.306862+00:00,"VTuber signals: vtuber, agency:Pixela Project; Agency: Pixela Project; Thai confidence: 0.80; Sources: Thai VTuber Ranking; Active (last video published 7 days ago)",True
UCVEL1jAgCQNQcRN9Ble6lMw,Chaos Ch.,@chaosch.4876,https://www.youtube.com/channel/UCVEL1jAgCQNQcRN9Ble6lMw,Independent,active,CONFIRMED,vtuber_chaosch.4876,Chaos Ch.,main,6820,683,503314,2026-08-31T03:39:11+00:00,,0.45,Thai VTuber Ranking,2026-09-06T15:07:31.306886+00:00,Thai confidence: 0.45; Sources: Thai VTuber Ranking; Active (last video published 6 days ago),True
UCVa_b2jriwKJLcS4CP9Pq3w,Rubellus Remis | VArtist,@rubellusremis,https://www.youtube.com/channel/UCVa_b2jriwKJLcS4CP9Pq3w,Independent,active,CONFIRMED,vtuber_rubellusremis,Rubellus Remis | VArtist,main,3090,210,483157,2026-08-29T16:20:01+00:00,,0.0,Thai VTuber Ranking,2026-09-06T15:07:31.306921+00:00,"VTuber signals: vtuber, live2d; Sources: Thai VTuber Ranking; Active (last video published 7 days ago)",True
UCWS53JU_S79XyN9KKOCOCHw,Kianae IONIX,@kianae_ionix,https://www.youtube.com/channel/UCWS53JU_S79XyN9KKOCOCHw,Independent,active,CONFIRMED,vtuber_kianae_ionix,Kianae IONIX,main,3260,126,168649,2026-07-10T17:10:01+00:00,TH,0.8,Thai VTuber Ranking,2026-09-06T15:07:31.306955+00:00,Thai confidence: 0.80; Sources: Thai VTuber Ranking; Active (last video published 57 days ago),True
UCVzwh-Nav8BxYbm-Vt6xQYg,-Kami Rei- ,@kamireiv,https://www.youtube.com/channel/UCVzwh-Nav8BxYbm-Vt6xQYg,Independent,active,CONFIRMED,vtuber_kamireiv,-Kami Rei- ,main,18000,1683,3097358,2026-08-28T17:18:40+00:00,TH,0.8,Thai VTuber Ranking,2026-09-06T15:07:31.306985+00:00,Thai confidence: 0.80; Sources: Thai VTuber Ranking; Active (last video published 8 days ago),True
UCWe8lxEFSt84vZ7srlHySVw,Sataru【21PM】,@sataru21pm,https://www.youtube.com/channel/UCWe8lxEFSt84vZ7srlHySVw,Independent,active,CONFIRMED,vtuber_sataru21pm,Sataru【21PM】,main,1890,197,48542,2026-08-29T11:05:13+00:00,TH,0.8,Thai VTuber Ranking,2026-09-06T15:07:31.307068+00:00,VTuber signals: vtuber; Thai confidence: 0.80; Sources: Thai VTuber Ranking; Active (last video published 8 days ago),True
UCWM76ZPAZqDNOAp5AKn9uIw,JueBigHead,@juebighead,https://www.youtube.com/channel/UCWM76ZPAZqDNOAp5AKn9uIw,Independent,active,CONFIRMED,vtuber_juebighead,JueBigHead,main,84700,272,50937577,2026-05-11T09:20:00+00:00,,0.45,Thai VTuber Ranking,2026-09-06T15:07:31.307094+00:00,Thai confidence: 0.45; Sources: Thai VTuber Ranking; Active (last video published 118 days ago),True
UCW0EhUBJrTtjSywG4-MGgrQ,Grimus Grimm Ch. Pixela Destiny,@grimmgrimus,https://www.youtube.com/channel/UCW0EhUBJrTtjSywG4-MGgrQ,Pixela Project,active,CONFIRMED,vtuber_grimmgrimus,Grimus Grimm Ch. Pixela Destiny,main,28200,626,1460273,2026-05-11T14:12:28+00:00,TH,0.35,Thai VTuber Ranking,2026-09-06T15:07:31.307115+00:00,VTuber signals: agency:Pixela Project; Agency: Pixela Project; Thai confidence: 0.35; Sources: Thai VTuber Ranking; Active (last video published 118 days ago),True
UCVAsOHcLLGVQq6aOpesOwBQ,Hanabi Lafy Ch. Pixela-Isekai,@hanabilafy,https://www.youtube.com/channel/UCVAsOHcLLGVQq6aOpesOwBQ,Pixela Project,active,CONFIRMED,vtuber_hanabilafy,Hanabi Lafy Ch. Pixela-Isekai,main,60300,910,4512429,2026-08-30T08:19:38+00:00,TH,0.8,Thai VTuber Ranking; Virtual YouTuber Fandom Wiki,2026-09-06T15:07:31.307200+00:00,"VTuber signals: agency:Pixela Project; Agency: Pixela Project; Thai confidence: 0.80; Sources: Thai VTuber Ranking, Virtual YouTuber Fandom Wiki; Active (last video published 7 days ago)",True
UCX5Qv6nz_HUVKtaDiMEReyQ,Red FarTear Ch.,@redfartearch,https://www.youtube.com/channel/UCX5Qv6nz_HUVKtaDiMEReyQ,Independent,active,CONFIRMED,vtuber_redfartearch,Red FarTear Ch.,main,7080,223,196540,2026-08-31T10:00:23+00:00,TH,0.8,Thai VTuber Ranking,2026-09-06T15:07:31.307227+00:00,Thai confidence: 0.80; Sources: Thai VTuber Ranking; Active (last video published 6 days ago),True
UCXG9ZvdggOsj5kb996vbYPg,FL_FirstsLove ⌜VZ⌟,@fl_firstslove,https://www.youtube.com/channel/UCXG9ZvdggOsj5kb996vbYPg,Virtual Zeven (VZ),active,CONFIRMED,vtuber_fl_firstslove,FL_FirstsLove ⌜VZ⌟,main,5970,775,558178,2026-08-31T16:35:19+00:00,TH,0.8,Thai VTuber Ranking,2026-09-06T15:07:31.307263+00:00,Thai confidence: 0.80; Sources: Thai VTuber Ranking; Active (last video published 5 days ago),True
UCVjCtqjlMB3S0UpsJsC9_xA,กะละมัง วีทูปเบอร์,@kalamangvt,https://www.youtube.com/channel/UCVjCtqjlMB3S0UpsJsC9_xA,Independent,active,CONFIRMED,vtuber_kalamangvt,กะละมัง วีทูปเบอร์,main,1670,333,268513,2026-08-29T02:18:18+00:00,TH,0.8,Thai VTuber Ranking,2026-09-06T15:07:31.307366+00:00,"VTuber signals: วีทูปเบอร์, วีทูป; Thai confidence: 0.80; Sources: Thai VTuber Ranking; Active (last video published 8 days ago)",True
UCVhHSmzes15AABN5pKcq7bQ,พรี่โอม Omoro & คุณนายกระต่าย BunBun,@omorothebunny,https://www.youtube.com/channel/UCVhHSmzes15AABN5pKcq7bQ,Independent,active,CONFIRMED,vtuber_omorothebunny,พรี่โอม Omoro & คุณนายกระต่าย BunBun,main,60800,410,18916974,2026-08-28T19:00:35+00:00,TH,0.8,Thai VTuber Ranking,2026-09-06T15:07:31.307394+00:00,Thai confidence: 0.80; Sources: Thai VTuber Ranking; Active (last video published 8 days ago),True
UCWNVjAzZmYUni8YBXYiy01w,dtto.,@dttodot,https://www.youtube.com/channel/UCWNVjAzZmYUni8YBXYiy01w,Independent,active,CONFIRMED,vtuber_dttodot,dtto.,main,222000,513,41157358,2026-08-28T09:00:06+00:00,TH,0.55,Thai VTuber Ranking,2026-09-06T15:07:31.307414+00:00,"VTuber signals: vtuber, thai vtuber; Thai confidence: 0.55; Sources: Thai VTuber Ranking; Active (last video published 9 days ago)",True
UCW5ZZhibxHgZ6wLzqXK97XQ,PAres Spacedog『Berlina•ECR』,@p.aresspacedog,https://www.youtube.com/channel/UCW5ZZhibxHgZ6wLzqXK97XQ,Independent,active,CONFIRMED,vtuber_p.aresspacedog,PAres Spacedog『Berlina•ECR』,main,14600,1736,1270775,2026-08-31T14:15:34+00:00,TH,0.8,Thai VTuber Ranking; Virtual YouTuber Fandom Wiki,2026-09-06T15:07:31.307454+00:00,"VTuber signals: vtuber; Thai confidence: 0.80; Sources: Thai VTuber Ranking, Virtual YouTuber Fandom Wiki; Active (last video published 6 days ago)",True
UCVKmkTCnz56PpKQFxYMuAHg,Flur Furry Ch.,@flurfurrych,https://www.youtube.com/channel/UCVKmkTCnz56PpKQFxYMuAHg,Independent,active,CONFIRMED,vtuber_flurfurrych,Flur Furry Ch.,main,737,191,23426,2026-08-28T15:46:49+00:00,,0.45,Thai VTuber Ranking,2026-09-06T15:07:31.307490+00:00,Thai confidence: 0.45; Sources: Thai VTuber Ranking; Active (last video published 8 days ago),True
UCVxEGzv2qEyFXQAsqgjuIog,Aika,@a1chandesu,https://www.youtube.com/channel/UCVxEGzv2qEyFXQAsqgjuIog,Independent,active,CONFIRMED,vtuber_a1chandesu,Aika,main,3390,149,106350,2026-08-22T04:13:48+00:00,TH,0.55,Thai VTuber Ranking,2026-09-06T15:07:31.307558+00:00,Thai confidence: 0.55; Sources: Thai VTuber Ranking; Active (last video published 15 days ago),True
UCWw9JzEA7hdBnSFR-_Y0DlA,Seina Ch.,@seina_idyp,https://www.youtube.com/channel/UCWw9JzEA7hdBnSFR-_Y0DlA,Independent,active,CONFIRMED,vtuber_seina_idyp,Seina Ch.,main,2050,529,132186,2026-08-30T11:00:44+00:00,,0.65,Thai VTuber Ranking,2026-09-06T15:07:31.307622+00:00,"VTuber signals: vtuber, vtuberth; Thai confidence: 0.65; Sources: Thai VTuber Ranking; Active (last video published 7 days ago)",True
UCWO1YqwwjkAk2aXp8y-Qo8g,Ekaros Ch. Vprolive,@ekarosvprolive,https://www.youtube.com/channel/UCWO1YqwwjkAk2aXp8y-Qo8g,Independent,unknown,CONFIRMED,vtuber_ekarosvprolive,Ekaros Ch. Vprolive,main,3540,0,0,,,0.2,Thai VTuber Ranking,2026-09-06T15:07:31.307643+00:00,"VTuber signals: vtuber, thai vtuber; Sources: Thai VTuber Ranking; No public video history recorded",False
UCBUEDay6omiIO9XebzcButg,Aru Hoshima Ch. | 星間アル,@aru_hoshima,https://www.youtube.com/channel/UCBUEDay6omiIO9XebzcButg,Independent,active,CONFIRMED,vtuber_aru_hoshima,Aru Hoshima Ch. | 星間アル,main,6830,255,256046,2026-07-28T01:51:17+00:00,,0.45,Thai VTuber Ranking,2026-09-06T15:07:31.307669+00:00,VTuber signals: vtuber; Thai confidence: 0.45; Sources: Thai VTuber Ranking; Active (last video published 40 days ago),True
UCCDb84g4xtJYE0bOJ6BLwJg,Damon Vilanish(VTuber),@damonvilanishvtuberth,https://www.youtube.com/channel/UCCDb84g4xtJYE0bOJ6BLwJg,Independent,active,CONFIRMED,vtuber_damonvilanishvtuberth,Damon Vilanish(VTuber),main,1260,332,135777,2026-09-01T05:33:18+00:00,,0.6,Thai VTuber Ranking,2026-09-06T15:07:31.307704+00:00,VTuber signals: vtuber; Thai confidence: 0.60; Sources: Thai VTuber Ranking; Active (last video published 5 days ago),True
UCBmXZKNg_Tsy-r5pZsBPVVA,M3R0 ch.,@amn_mero,https://www.youtube.com/channel/UCBmXZKNg_Tsy-r5pZsBPVVA,Independent,active,CONFIRMED,vtuber_amn_mero,M3R0 ch.,main,1830,100,166321,2026-09-01T18:24:41+00:00,,0.45,Thai VTuber Ranking,2026-09-06T15:07:31.307738+00:00,VTuber signals: vtuber; Thai confidence: 0.45; Sources: Thai VTuber Ranking; Active (last video published 4 days ago),True
UCCTu-nYFSFerCTEAQLwyRgA,Fo_Kuro「フォー黒」,@fo_kuro,https://www.youtube.com/channel/UCCTu-nYFSFerCTEAQLwyRgA,Independent,hiatus,CONFIRMED,vtuber_fo_kuro,Fo_Kuro「フォー黒」,main,1390,141,25255,2025-09-24T06:05:23+00:00,TH,1.0,Thai VTuber Ranking,2026-09-06T15:07:31.307783+00:00,Thai confidence: 1.00; Sources: Thai VTuber Ranking; Hiatus / Inactive for 347 days (> 180d),True
UCDXW5zG-2aZXL9K1bkV3Ajw,IV_1386 ch.,@iv1386ch,https://www.youtube.com/channel/UCDXW5zG-2aZXL9K1bkV3Ajw,Independent,active,CONFIRMED,vtuber_iv1386ch,IV_1386 ch.,main,3080,132,108837,2026-08-26T03:15:40+00:00,,0.65,Thai VTuber Ranking,2026-09-06T15:07:31.307844+00:00,VTuber signals: vtuber; Thai confidence: 0.65; Sources: Thai VTuber Ranking; Active (last video published 11 days ago),True
UCCa03c0JD-H5AoJ_a6PuQrA,Onnari Ch.,@onnaritengu,https://www.youtube.com/channel/UCCa03c0JD-H5AoJ_a6PuQrA,Independent,active,CONFIRMED,vtuber_onnaritengu,Onnari Ch.,main,1790,266,113445,2026-08-21T20:26:04+00:00,TH,0.8,Thai VTuber Ranking,2026-09-06T15:07:31.307870+00:00,VTuber signals: วีทูป; Thai confidence: 0.80; Sources: Thai VTuber Ranking; Active (last video published 15 days ago),True
UCDUFEQDrHUjO5vAVwPPiG3Q,Akakurai [明暗い],@akakurai,https://www.youtube.com/channel/UCDUFEQDrHUjO5vAVwPPiG3Q,Independent,hiatus,CONFIRMED,vtuber_akakurai,Akakurai [明暗い],main,875,52,37221,2025-12-02T12:06:40+00:00,TH,0.55,Thai VTuber Ranking,2026-09-06T15:07:31.307892+00:00,"VTuber signals: vtuber, thai vtuber; Thai confidence: 0.55; Sources: Thai VTuber Ranking; Hiatus / Inactive for 278 days (> 180d)",True
UCCo8rdZh_V_irwScgnHJb2Q,Artie ch. Euphora,@artieepr,https://www.youtube.com/channel/UCCo8rdZh_V_irwScgnHJb2Q,Euphora Project,active,CONFIRMED,vtuber_artieepr,Artie ch. Euphora,main,23400,331,378635,2026-09-06T11:09:00+00:00,TH,0.8,Thai VTuber Ranking,2026-09-06T15:07:31.307957+00:00,VTuber signals: agency:Euphora Project; Agency: Euphora Project; Thai confidence: 0.80; Sources: Thai VTuber Ranking; Active (last video published 0 days ago),True
UCD5-go4VNzPs044VuPf2-uA,Saamazu Suwai,@saamazusuwai,https://www.youtube.com/channel/UCD5-go4VNzPs044VuPf2-uA,Independent,active,CONFIRMED,vtuber_saamazusuwai,Saamazu Suwai,main,3220,265,258499,2026-08-09T12:35:00+00:00,TH,0.8,Thai VTuber Ranking,2026-09-06T15:07:31.308035+00:00,Thai confidence: 0.80; Sources: Thai VTuber Ranking; Active (last video published 28 days ago),True
UCCM6yLTh1Ep5rlwrapyyNOQ,Hajime Rei Ch. / AStars,@hajimerei_as,https://www.youtube.com/channel/UCCM6yLTh1Ep5rlwrapyyNOQ,AStars Production,active,CONFIRMED,vtuber_hajimerei_as,Hajime Rei Ch. / AStars,main,6810,141,149027,2026-09-05T15:14:53+00:00,,0.2,Thai VTuber Ranking; Virtual YouTuber Fandom Wiki,2026-09-06T15:07:31.308074+00:00,"VTuber signals: vtuber, thai vtuber; Sources: Thai VTuber Ranking, Virtual YouTuber Fandom Wiki; Active (last video published 0 days ago)",True
UCDVOWB_Fi5jmi6o-x5_uV8g,Deliva Kaga ch.,@delivakagach,https://www.youtube.com/channel/UCDVOWB_Fi5jmi6o-x5_uV8g,Independent,active,CONFIRMED,vtuber_delivakagach,Deliva Kaga ch.,main,2070,606,76722,2026-07-16T15:46:59+00:00,TH,0.8,Thai VTuber Ranking,2026-09-06T15:07:31.308149+00:00,Thai confidence: 0.80; Sources: Thai VTuber Ranking; Active (last video published 51 days ago),True
UCD_aBWFE2nsQB0Pb6Hj8Ksg,LittleBunnie Ch.,@littlebunniech,https://www.youtube.com/channel/UCD_aBWFE2nsQB0Pb6Hj8Ksg,Independent,hiatus,CONFIRMED,vtuber_littlebunniech,LittleBunnie Ch.,main,927,39,16500,2025-04-12T04:08:10+00:00,,0.45,Thai VTuber Ranking,2026-09-06T15:07:31.308192+00:00,Thai confidence: 0.45; Sources: Thai VTuber Ranking; Hiatus / Inactive for 512 days (> 180d),True
UCDH0eXdMf-vFqvTtjADsOcw,_PONDEX,@pondex219,https://www.youtube.com/channel/UCDH0eXdMf-vFqvTtjADsOcw,Independent,active,CONFIRMED,vtuber_pondex219,_PONDEX,main,189,123,18682,2026-08-29T18:45:08+00:00,,0.45,Thai VTuber Ranking,2026-09-06T15:07:31.308248+00:00,Thai confidence: 0.45; Sources: Thai VTuber Ranking; Active (last video published 7 days ago),True
UCCKvp_oV10qcK5Abjaz4FrA,Tiggar Ch.,@tiggarch,https://www.youtube.com/channel/UCCKvp_oV10qcK5Abjaz4FrA,Independent,hiatus,CONFIRMED,vtuber_tiggarch,Tiggar Ch.,main,1150,67,21982,2025-05-17T02:15:21+00:00,TH,0.35,Thai VTuber Ranking,2026-09-06T15:07:31.308281+00:00,Thai confidence: 0.35; Sources: Thai VTuber Ranking; Hiatus / Inactive for 477 days (> 180d),True
UCCQd9y8LSnnp09dF7Mrp5Jg,Leviaz Ch.,@leviazch,https://www.youtube.com/channel/UCCQd9y8LSnnp09dF7Mrp5Jg,Independent,active,CONFIRMED,vtuber_leviazch,Leviaz Ch.,main,26900,719,4281445,2026-09-02T16:59:14+00:00,TH,0.8,Thai VTuber Ranking,2026-09-06T15:07:31.308322+00:00,Thai confidence: 0.80; Sources: Thai VTuber Ranking; Active (last video published 3 days ago),True
UCBi2sDv2HYYnCtEqldp0RFA,Astrea Ch. アストリア〖ECR〗,@astreaastr,https://www.youtube.com/channel/UCBi2sDv2HYYnCtEqldp0RFA,Independent,active,CONFIRMED,vtuber_astreaastr,Astrea Ch. アストリア〖ECR〗,main,1840,395,94849,2026-09-05T06:00:02+00:00,TH,0.8,Thai VTuber Ranking,2026-09-06T15:07:31.308379+00:00,Thai confidence: 0.80; Sources: Thai VTuber Ranking; Active (last video published 1 days ago),True
UCDSn4Ql7fuyjxsSNOws81iQ,BorntoDev,@borntodev,https://www.youtube.com/channel/UCDSn4Ql7fuyjxsSNOws81iQ,Independent,active,CONFIRMED,vtuber_borntodev,BorntoDev,main,392000,1563,40699692,2026-08-30T03:00:10+00:00,TH,0.8,Thai VTuber Ranking,2026-09-06T15:07:31.308568+00:00,Thai confidence: 0.80; Sources: Thai VTuber Ranking; Active (last video published 7 days ago),True
UCDUdT8_IEOY-Z9KfLiCOfuQ,Zin'fandel「ZTP」,@zinfandel_ztp,https://www.youtube.com/channel/UCDUdT8_IEOY-Z9KfLiCOfuQ,Independent,active,CONFIRMED,vtuber_zinfandel_ztp,Zin'fandel「ZTP」,main,1360,349,100168,2026-08-29T16:36:25+00:00,,0.45,Thai VTuber Ranking,2026-09-06T15:07:31.308666+00:00,Thai confidence: 0.45; Sources: Thai VTuber Ranking; Active (last video published 7 days ago),True
UCCcZmve86N8WakyfYRqc0uA,Chata Cloveron ,@chatacloveron,https://www.youtube.com/channel/UCCcZmve86N8WakyfYRqc0uA,Independent,active,CONFIRMED,vtuber_chatacloveron,Chata Cloveron ,main,408,149,13795,2026-08-09T00:57:07+00:00,,0.45,Thai VTuber Ranking,2026-09-06T15:07:31.308740+00:00,Thai confidence: 0.45; Sources: Thai VTuber Ranking; Active (last video published 28 days ago),True
UCC4Wb_x57Ks43GRJ6x_wT5Q,Choya Ch.,@choya.vtuber,https://www.youtube.com/channel/UCC4Wb_x57Ks43GRJ6x_wT5Q,Independent,active,CONFIRMED,vtuber_choya.vtuber,Choya Ch.,main,488000,888,107822055,2026-09-03T11:46:43+00:00,TH,0.8,Thai VTuber Ranking,2026-09-06T15:07:31.308894+00:00,Thai confidence: 0.80; Sources: Thai VTuber Ranking; Active (last video published 3 days ago),True
UCBq8wrxx6gPxxmZwDnZEEYA,Milyni Tivona【BLP】,@milynitivona_blp,https://www.youtube.com/channel/UCBq8wrxx6gPxxmZwDnZEEYA,Independent,active,CONFIRMED,vtuber_milynitivona_blp,Milyni Tivona【BLP】,main,1590,294,84830,2026-09-06T05:41:31+00:00,,0.2,Thai VTuber Ranking,2026-09-06T15:07:31.308957+00:00,VTuber signals: vtuber; Sources: Thai VTuber Ranking; Active (last video published 0 days ago),True
UCDWp89OUkBRM9cDmOXHT6bw,Momoka Ch.,@momokachnjir,https://www.youtube.com/channel/UCDWp89OUkBRM9cDmOXHT6bw,Independent,active,CONFIRMED,vtuber_momokachnjir,Momoka Ch.,main,8090,393,178503,2026-08-26T20:07:41+00:00,,0.45,Thai VTuber Ranking,2026-09-06T15:07:31.309010+00:00,Thai confidence: 0.45; Sources: Thai VTuber Ranking; Active (last video published 10 days ago),True
UCBXpnfoHqIZRqi3ex50bB4w,B-DY 【#BADD30】,@badd30code,https://www.youtube.com/channel/UCBXpnfoHqIZRqi3ex50bB4w,Independent,active,CONFIRMED,vtuber_badd30code,B-DY 【#BADD30】,main,1630,65,21817,2026-09-05T09:33:01+00:00,TH,0.35,Thai VTuber Ranking,2026-09-06T15:07:31.309035+00:00,Thai confidence: 0.35; Sources: Thai VTuber Ranking; Active (last video published 1 days ago),True
UCCjunxHiL2OHhNDl4sdD1bg,Murasako Reino,@sotareino,https://www.youtube.com/channel/UCCjunxHiL2OHhNDl4sdD1bg,Independent,active,CONFIRMED,vtuber_sotareino,Murasako Reino,main,1970,287,40301,2026-06-13T12:15:16+00:00,TH,0.55,Thai VTuber Ranking,2026-09-06T15:07:31.309064+00:00,VTuber signals: vtuber; Thai confidence: 0.55; Sources: Thai VTuber Ranking; Active (last video published 85 days ago),True
UCC5q6CpuDflPvO7pNn52RGQ,Lapine Ch.,@lapineplg,https://www.youtube.com/channel/UCC5q6CpuDflPvO7pNn52RGQ,Independent,active,CONFIRMED,vtuber_lapineplg,Lapine Ch.,main,69300,1496,7057687,2026-09-03T06:16:42+00:00,TH,0.8,Thai VTuber Ranking; Virtual YouTuber Fandom Wiki,2026-09-06T15:07:31.309099+00:00,"Thai confidence: 0.80; Sources: Thai VTuber Ranking, Virtual YouTuber Fandom Wiki; Active (last video published 3 days ago)",True
UCDCOWpzyBFsavT-K7AmN3MQ,Azato Stacia Ch.,@azatostacia,https://www.youtube.com/channel/UCDCOWpzyBFsavT-K7AmN3MQ,Independent,active,CONFIRMED,vtuber_azatostacia,Azato Stacia Ch.,main,122000,989,26909951,2026-08-26T17:00:29+00:00,TH,0.35,Thai VTuber Ranking; Virtual YouTuber Fandom Wiki,2026-09-06T15:07:31.309135+00:00,"VTuber signals: virtual youtuber; Thai confidence: 0.35; Sources: Thai VTuber Ranking, Virtual YouTuber Fandom Wiki; Active (last video published 10 days ago)",True
UCC3IBnXJb8xYdg-_MMh1qNg,Pamberry Ch,@pamberrych,https://www.youtube.com/channel/UCC3IBnXJb8xYdg-_MMh1qNg,Independent,active,CONFIRMED,vtuber_pamberrych,Pamberry Ch,main,5490,724,425375,2026-09-05T05:47:59+00:00,TH,0.8,Thai VTuber Ranking,2026-09-06T15:07:31.309260+00:00,VTuber signals: vtuber; Thai confidence: 0.80; Sources: Thai VTuber Ranking; Active (last video published 1 days ago),True
UCCsgAS-uqrGRdmvJzvfAXsw,Hanna Ch. ハンナー,@hannach.2730,https://www.youtube.com/channel/UCCsgAS-uqrGRdmvJzvfAXsw,Independent,hiatus,CONFIRMED,vtuber_hannach.2730,Hanna Ch. ハンナー,main,921,13,10201,2022-09-07T17:52:52+00:00,,0.65,Thai VTuber Ranking,2026-09-06T15:07:31.309315+00:00,VTuber signals: vtuber; Thai confidence: 0.65; Sources: Thai VTuber Ranking; Hiatus / Inactive for 1459 days (> 180d),True
UCCCOpUUMaweGiTZ_vNSdh1w,Shirasagi Ch.,@shirasagich,https://www.youtube.com/channel/UCCCOpUUMaweGiTZ_vNSdh1w,Independent,active,CONFIRMED,vtuber_shirasagich,Shirasagi Ch.,main,2390,162,34480,2026-08-31T04:30:17+00:00,,0.2,Thai VTuber Ranking,2026-09-06T15:07:31.309347+00:00,"VTuber signals: vtuber, thai vtuber; Sources: Thai VTuber Ranking; Active (last video published 6 days ago)",True
UCD_y0feXuBuX9z6RAxz4afg,Mikadzuki Nammy,@mikadzuki_nammy,https://www.youtube.com/channel/UCD_y0feXuBuX9z6RAxz4afg,Independent,active,CONFIRMED,vtuber_mikadzuki_nammy,Mikadzuki Nammy,main,3310,446,146929,2026-06-01T04:40:37+00:00,,0.45,Thai VTuber Ranking,2026-09-06T15:07:31.309403+00:00,Thai confidence: 0.45; Sources: Thai VTuber Ranking; Active (last video published 97 days ago),True
UCD67JYizIZGNc-1Dsn9eu3A,เซียน่า | Sienna 【RE:S】,@sienna_res,https://www.youtube.com/channel/UCD67JYizIZGNc-1Dsn9eu3A,Independent,active,CONFIRMED,vtuber_sienna_res,เซียน่า | Sienna 【RE:S】,main,3630,210,400515,2026-08-29T20:05:42+00:00,TH,0.8,Thai VTuber Ranking; Virtual YouTuber Fandom Wiki,2026-09-06T15:07:31.309456+00:00,"Thai confidence: 0.80; Sources: Thai VTuber Ranking, Virtual YouTuber Fandom Wiki; Active (last video published 7 days ago)",True
UCCnI25SLttKYJdVgno6qkYg,LVMP,@lvmp_channel,https://www.youtube.com/channel/UCCnI25SLttKYJdVgno6qkYg,Independent,hiatus,CONFIRMED,vtuber_lvmp_channel,LVMP,main,9850,204,765758,2025-12-30T21:01:57+00:00,TH,0.8,Thai VTuber Ranking,2026-09-06T15:07:31.309532+00:00,Thai confidence: 0.80; Sources: Thai VTuber Ranking; Hiatus / Inactive for 249 days (> 180d),True
UCCXtKBc_KnKRtT-9qXu5Y7A,KOHAKU Ch.,@kohakuch,https://www.youtube.com/channel/UCCXtKBc_KnKRtT-9qXu5Y7A,Independent,hiatus,CONFIRMED,vtuber_kohakuch,KOHAKU Ch.,main,20600,43,535527,2023-04-26T07:09:52+00:00,TH,1.0,Thai VTuber Ranking,2026-09-06T15:07:31.309558+00:00,Thai confidence: 1.00; Sources: Thai VTuber Ranking; Hiatus / Inactive for 1229 days (> 180d),True
UCBev9yAPNYhFM4ORPQb_LYQ,Rion Chitose Ch. / AStars Chrono prince,@rionchitose_as,https://www.youtube.com/channel/UCBev9yAPNYhFM4ORPQb_LYQ,AStars Production,active,CONFIRMED,vtuber_rionchitose_as,Rion Chitose Ch. / AStars Chrono prince,main,19700,505,1126910,2026-09-02T16:19:47+00:00,TH,0.55,Thai VTuber Ranking; Virtual YouTuber Fandom Wiki,2026-09-06T15:07:31.309583+00:00,"VTuber signals: vtuber, thai vtuber; Thai confidence: 0.55; Sources: Thai VTuber Ranking, Virtual YouTuber Fandom Wiki; Active (last video published 3 days ago)",True
UCC_P34t35REbiPzbHO_bifA,Kayna,@kaynavtuberth,https://www.youtube.com/channel/UCC_P34t35REbiPzbHO_bifA,Independent,hiatus,CONFIRMED,vtuber_kaynavtuberth,Kayna,main,3400,739,188281,2026-01-07T00:00:39+00:00,TH,0.95,Thai VTuber Ranking,2026-09-06T15:07:31.309644+00:00,Thai confidence: 0.95; Sources: Thai VTuber Ranking; Hiatus / Inactive for 242 days (> 180d),True
UCBjUiJxMKaM2YTIo3r4KdHA,Fenix Jairon,@fenixjairon,https://www.youtube.com/channel/UCBjUiJxMKaM2YTIo3r4KdHA,Independent,active,CONFIRMED,vtuber_fenixjairon,Fenix Jairon,main,241,179,18853,2026-09-05T09:52:07+00:00,,0.45,Thai VTuber Ranking,2026-09-06T15:07:31.309694+00:00,VTuber signals: vtuber; Thai confidence: 0.45; Sources: Thai VTuber Ranking; Active (last video published 1 days ago),True
UCCmBL9p7d1a0aBjZSPF8QpQ,switch on vtuber,@switchonvtuber,https://www.youtube.com/channel/UCCmBL9p7d1a0aBjZSPF8QpQ,Independent,hiatus,CONFIRMED,vtuber_switchonvtuber,switch on vtuber,main,983,7,4993,2023-09-20T12:00:10+00:00,TH,0.8,Thai VTuber Ranking,2026-09-06T15:07:31.309742+00:00,VTuber signals: vtuber; Thai confidence: 0.80; Sources: Thai VTuber Ranking; Hiatus / Inactive for 1082 days (> 180d),True
UCBsUODmi56ijq4o4imeZuwg,Oneiros Norr Ch.,@norr.oneiros,https://www.youtube.com/channel/UCBsUODmi56ijq4o4imeZuwg,Independent,active,CONFIRMED,vtuber_norr.oneiros,Oneiros Norr Ch.,main,1040,197,30878,2026-08-30T22:46:50+00:00,TH,0.8,Thai VTuber Ranking,2026-09-06T15:07:31.309783+00:00,Thai confidence: 0.80; Sources: Thai VTuber Ranking; Active (last video published 6 days ago),True
UCBbXLmauGSmFdQakk2dS8Rw,Maikumira,@maikumira,https://www.youtube.com/channel/UCBbXLmauGSmFdQakk2dS8Rw,Independent,active,CONFIRMED,vtuber_maikumira,Maikumira,main,2030,875,248436,2026-04-10T10:06:37+00:00,TH,0.8,Thai VTuber Ranking,2026-09-06T15:07:31.309818+00:00,Thai confidence: 0.80; Sources: Thai VTuber Ranking; Active (last video published 149 days ago),True
UCD0aj_PFkBK-LGaDIiXvBww,Regina Ch.,@reginavtuber,https://www.youtube.com/channel/UCD0aj_PFkBK-LGaDIiXvBww,Independent,active,CONFIRMED,vtuber_reginavtuber,Regina Ch.,main,1700,113,146448,2026-09-01T01:30:32+00:00,,0.2,Thai VTuber Ranking,2026-09-06T15:07:31.309838+00:00,"VTuber signals: vtuber, thai vtuber; Sources: Thai VTuber Ranking; Active (last video published 5 days ago)",True
UCC8N_hO-iyfkS2uaJqkxfMA,KoriMisu Ch.  ,@korimisu,https://www.youtube.com/channel/UCC8N_hO-iyfkS2uaJqkxfMA,Independent,active,CONFIRMED,vtuber_korimisu,KoriMisu Ch.  ,main,1540,406,63528,2026-04-16T01:50:16+00:00,TH,0.8,Thai VTuber Ranking,2026-09-06T15:07:31.309874+00:00,Thai confidence: 0.80; Sources: Thai VTuber Ranking; Active (last video published 143 days ago),True
UCCEHpnzn37K8kQv2QtybE2w,Ray Ametier Yuan Ch.,@rayametier_yuan,https://www.youtube.com/channel/UCCEHpnzn37K8kQv2QtybE2w,Independent,active,CONFIRMED,vtuber_rayametier_yuan,Ray Ametier Yuan Ch.,main,621,320,33095,2026-09-05T14:43:26+00:00,TH,0.8,Thai VTuber Ranking,2026-09-06T15:07:31.309925+00:00,Thai confidence: 0.80; Sources: Thai VTuber Ranking; Active (last video published 1 days ago),True
UCDXhbquWzQvdwZC1yVUmxAA,Alicia Ch.,@aliciavtuberch,https://www.youtube.com/channel/UCDXhbquWzQvdwZC1yVUmxAA,Independent,hiatus,CONFIRMED,vtuber_aliciavtuberch,Alicia Ch.,main,5330,3,2239,2025-05-13T03:26:01+00:00,TH,0.8,Thai VTuber Ranking,2026-09-06T15:07:31.309971+00:00,"VTuber signals: vtuber, วีทูปเบอร์, วีทูป; Thai confidence: 0.80; Sources: Thai VTuber Ranking; Hiatus / Inactive for 481 days (> 180d)",True
UCB_Ooo_Eanv8LHYUGqMMDjg,Yuuta Natsuki,@yuutanatsuki,https://www.youtube.com/channel/UCB_Ooo_Eanv8LHYUGqMMDjg,Independent,active,CONFIRMED,vtuber_yuutanatsuki,Yuuta Natsuki,main,4110,307,197469,2026-09-06T10:00:06+00:00,TH,0.8,Thai VTuber Ranking,2026-09-06T15:07:31.310021+00:00,Thai confidence: 0.80; Sources: Thai VTuber Ranking; Active (last video published 0 days ago),True
UCDYy9EVjkBym7bUYwTKzugA,ALU Channel,@aluchannel,https://www.youtube.com/channel/UCDYy9EVjkBym7bUYwTKzugA,Independent,hiatus,CONFIRMED,vtuber_aluchannel,ALU Channel,main,4560,128,232657,2021-09-02T10:56:54+00:00,TH,1.0,Thai VTuber Ranking,2026-09-06T15:07:31.310080+00:00,"VTuber signals: vtuber, vtuberth; Thai confidence: 1.00; Sources: Thai VTuber Ranking; Hiatus / Inactive for 1830 days (> 180d)",True
UCCptqrhEdtJGBer1qWWRLnA,Lawiz Ch.,@lawizch,https://www.youtube.com/channel/UCCptqrhEdtJGBer1qWWRLnA,Independent,hiatus,CONFIRMED,vtuber_lawizch,Lawiz Ch.,main,14300,499,490410,2023-08-12T03:22:14+00:00,TH,0.8,Thai VTuber Ranking; Virtual YouTuber Fandom Wiki,2026-09-06T15:07:31.310169+00:00,"VTuber signals: vtuber; Thai confidence: 0.80; Sources: Thai VTuber Ranking, Virtual YouTuber Fandom Wiki; Hiatus / Inactive for 1121 days (> 180d)",True
UCfcNIwkAhHcDTP1rQg2n5nw,Tiara Rexa Ch. 【POLYGON】,@rexaplg,https://www.youtube.com/channel/UCfcNIwkAhHcDTP1rQg2n5nw,Polygon Official,active,CONFIRMED,vtuber_tiara_rexa,Tiara Rexa,main,20100,807,1164596,2026-06-03T11:00:11+00:00,TH,0.8,Thai VTuber Ranking; Virtual YouTuber Fandom Wiki,2026-09-06T15:07:31.310306+00:00,"VTuber signals: agency:Polygon Official; Agency: Polygon Official; Thai confidence: 0.80; Sources: Thai VTuber Ranking, Virtual YouTuber Fandom Wiki; Active (last video published 95 days ago)",True
UCfaZG-sf7NrY3RBmoHBSOcg,Oatsukaresan「ECR」,@kurasetaoh,https://www.youtube.com/channel/UCfaZG-sf7NrY3RBmoHBSOcg,Independent,active,CONFIRMED,vtuber_kurasetaoh,Oatsukaresan「ECR」,main,17500,1895,4482763,2026-09-04T14:29:07+00:00,TH,0.8,Thai VTuber Ranking,2026-09-06T15:07:31.310353+00:00,Thai confidence: 0.80; Sources: Thai VTuber Ranking; Active (last video published 2 days ago),True
UCeTNHgOSMMFQTlWbJwpex_g,น้องมะม่วง TV,@นองมะมวง_vtuber,https://www.youtube.com/channel/UCeTNHgOSMMFQTlWbJwpex_g,Independent,active,CONFIRMED,vtuber_นองมะมวง_vtuber,น้องมะม่วง TV,main,2240,931,136715,2026-09-03T23:20:34+00:00,TH,0.8,Thai VTuber Ranking,2026-09-06T15:07:31.310440+00:00,Thai confidence: 0.80; Sources: Thai VTuber Ranking; Active (last video published 2 days ago),True
UCfI5PfgpNZ3a2p7MS-m5gPA,Ponpun.,@ponpun,https://www.youtube.com/channel/UCfI5PfgpNZ3a2p7MS-m5gPA,Independent,active,CONFIRMED,vtuber_ponpun,Ponpun.,main,39600,830,2386203,2026-09-04T09:00:22+00:00,TH,0.8,Thai VTuber Ranking,2026-09-06T15:07:31.310472+00:00,Thai confidence: 0.80; Sources: Thai VTuber Ranking; Active (last video published 2 days ago),True
UCf-29F7w_0xRTXVDFol0spQ,Roxzy ロキジー,@roxzyvtuber,https://www.youtube.com/channel/UCf-29F7w_0xRTXVDFol0spQ,Independent,active,CONFIRMED,vtuber_roxzyvtuber,Roxzy ロキジー,main,144000,123,35863216,2026-08-28T11:30:02+00:00,TH,0.8,Thai VTuber Ranking,2026-09-06T15:07:31.310510+00:00,VTuber signals: vtuber; Thai confidence: 0.80; Sources: Thai VTuber Ranking; Active (last video published 9 days ago),True
UCf4ma6wZwlPor4Q9uvHUvDQ,Xenon PhaneJohn 🐊💧,@xenonphanejohn,https://www.youtube.com/channel/UCf4ma6wZwlPor4Q9uvHUvDQ,Independent,active,CONFIRMED,vtuber_xenonphanejohn,Xenon PhaneJohn 🐊💧,main,1530,241,52450,2026-07-29T02:02:05+00:00,TH,0.8,Thai VTuber Ranking,2026-09-06T15:07:31.310594+00:00,VTuber signals: vtuber; Thai confidence: 0.80; Sources: Thai VTuber Ranking; Active (last video published 39 days ago),True
UCe7hiXgbk4K2XB677rqeOjA,Kikii_TanSama CH.,@kikiitansama,https://www.youtube.com/channel/UCe7hiXgbk4K2XB677rqeOjA,Independent,active,CONFIRMED,vtuber_kikiitansama,Kikii_TanSama CH.,main,654,247,33392,2026-07-26T05:32:07+00:00,TH,0.8,Thai VTuber Ranking,2026-09-06T15:07:31.310627+00:00,Thai confidence: 0.80; Sources: Thai VTuber Ranking; Active (last video published 42 days ago),True
UCdlpXdGT3nGDTqIlxUcufCQ,Doyser ,@doyser,https://www.youtube.com/channel/UCdlpXdGT3nGDTqIlxUcufCQ,Independent,active,CONFIRMED,vtuber_doyser,Doyser ,main,2590000,3361,754412333,2026-09-04T09:00:39+00:00,,0.45,Thai VTuber Ranking,2026-09-06T15:07:31.310677+00:00,Thai confidence: 0.45; Sources: Thai VTuber Ranking; Active (last video published 2 days ago),True
UCdoQwqmi-QKjHOJnvg0wm4Q,xLazyYui,@xlazyyui,https://www.youtube.com/channel/UCdoQwqmi-QKjHOJnvg0wm4Q,Independent,hiatus,CONFIRMED,vtuber_xlazyyui,xLazyYui,main,46000,41,68166,2025-10-19T11:43:34+00:00,TH,0.65,Thai VTuber Ranking,2026-09-06T15:07:31.310718+00:00,Thai confidence: 0.65; Sources: Thai VTuber Ranking; Hiatus / Inactive for 322 days (> 180d),True
UCeZoMTRssGhbl9vS5lvYsQg,Rarin Ch.,@rarin_ch,https://www.youtube.com/channel/UCeZoMTRssGhbl9vS5lvYsQg,Independent,active,CONFIRMED,vtuber_rarin_ch,Rarin Ch.,main,3530,241,434857,2026-09-04T11:00:08+00:00,TH,0.8,Thai VTuber Ranking,2026-09-06T15:07:31.310753+00:00,"VTuber signals: วีทูปเบอร์, วีทูป; Thai confidence: 0.80; Sources: Thai VTuber Ranking; Active (last video published 2 days ago)",True
UCfEcgIyELdrDcSbH6frZslg,Keiji,@krkeiji,https://www.youtube.com/channel/UCfEcgIyELdrDcSbH6frZslg,Independent,active,CONFIRMED,vtuber_krkeiji,Keiji,main,2020,120,75809,2026-08-19T16:08:26+00:00,,0.45,Thai VTuber Ranking,2026-09-06T15:07:31.310787+00:00,Thai confidence: 0.45; Sources: Thai VTuber Ranking; Active (last video published 17 days ago),True
UCeze7PeKkKYEkDmdPuNQOhQ,SeaU Ch.【CRA】,@underthe_seaucra,https://www.youtube.com/channel/UCeze7PeKkKYEkDmdPuNQOhQ,Independent,active,CONFIRMED,vtuber_underthe_seaucra,SeaU Ch.【CRA】,main,2040,138,116835,2026-09-05T15:19:33+00:00,,0.45,Thai VTuber Ranking,2026-09-06T15:07:31.310841+00:00,Thai confidence: 0.45; Sources: Thai VTuber Ranking; Active (last video published 0 days ago),True
UCeMd3ACzZD2sVn2fYYWcuMQ,Chermy Ch.,@chermy_vtuber,https://www.youtube.com/channel/UCeMd3ACzZD2sVn2fYYWcuMQ,Independent,active,CONFIRMED,vtuber_chermy_vtuber,Chermy Ch.,main,13900,495,1544445,2026-09-03T12:18:54+00:00,TH,1.0,Thai VTuber Ranking,2026-09-06T15:07:31.310901+00:00,"VTuber signals: vtuber, วีทูปเบอร์, วีทูป, vtuberth; Thai confidence: 1.00; Sources: Thai VTuber Ranking; Active (last video published 3 days ago)",True
UCeY7KQH92GvxRR4F0YWbknA,Viorises,@viorises,https://www.youtube.com/channel/UCeY7KQH92GvxRR4F0YWbknA,Independent,active,CONFIRMED,vtuber_viorises,Viorises,main,993,208,53810,2026-09-04T11:39:57+00:00,TH,0.35,Thai VTuber Ranking,2026-09-06T15:07:31.310922+00:00,Thai confidence: 0.35; Sources: Thai VTuber Ranking; Active (last video published 2 days ago),True
UCfx7DcAIytFlHnLK3riX7BQ,สกาว พี่สาวออฟฟิศ,@sakaoofficelady,https://www.youtube.com/channel/UCfx7DcAIytFlHnLK3riX7BQ,Independent,active,CONFIRMED,vtuber_sakaoofficelady,สกาว พี่สาวออฟฟิศ,main,2350,12,1204,2026-09-02T06:35:26+00:00,TH,0.8,Thai VTuber Ranking,2026-09-06T15:07:31.310949+00:00,Thai confidence: 0.80; Sources: Thai VTuber Ranking; Active (last video published 4 days ago),True
UCeLJ2rBYZwPrb5hbKY5X5eg,Latta Ch.【ARP】,@latta_arp,https://www.youtube.com/channel/UCeLJ2rBYZwPrb5hbKY5X5eg,Algorhythm Project,hiatus,CONFIRMED,vtuber_latta_arp,Latta Ch.【ARP】,main,28600,342,1269715,2025-10-02T05:24:39+00:00,,0.2,Thai VTuber Ranking,2026-09-06T15:07:31.310969+00:00,"VTuber signals: vtuber, agency:Algorhythm Project; Agency: Algorhythm Project; Sources: Thai VTuber Ranking; Hiatus / Inactive for 339 days (> 180d)",True
UCfiD6DpIwPP4lQ4NPqZNOHg,Solar Ch.【ARP】,@solar_arp,https://www.youtube.com/channel/UCfiD6DpIwPP4lQ4NPqZNOHg,Algorhythm Project,active,CONFIRMED,vtuber_solar_arp,Solar Ch.【ARP】,main,70400,216,12735108,2026-09-03T15:02:48+00:00,TH,0.35,Thai VTuber Ranking,2026-09-06T15:07:31.311000+00:00,"VTuber signals: vtuber, vtuberth, agency:Algorhythm Project; Agency: Algorhythm Project; Thai confidence: 0.35; Sources: Thai VTuber Ranking; Active (last video published 3 days ago)",True
UCdr7zWq0TdPTK-kp2hxUIVg,X ZiLVA,@xzilva,https://www.youtube.com/channel/UCdr7zWq0TdPTK-kp2hxUIVg,Independent,hiatus,CONFIRMED,vtuber_xzilva,X ZiLVA,main,3920,40,16842,2025-07-26T10:00:06+00:00,TH,0.5,Thai VTuber Ranking,2026-09-06T15:07:31.311026+00:00,Thai confidence: 0.50; Sources: Thai VTuber Ranking; Hiatus / Inactive for 407 days (> 180d),True
UCfpH7l2htEr8t_l6D3MbLpQ,NokiZen,@nokizen526,https://www.youtube.com/channel/UCfpH7l2htEr8t_l6D3MbLpQ,Independent,active,CONFIRMED,vtuber_nokizen526,NokiZen,main,4830,523,399712,2026-08-26T18:14:58+00:00,TH,0.8,Thai VTuber Ranking,2026-09-06T15:07:31.311062+00:00,Thai confidence: 0.80; Sources: Thai VTuber Ranking; Active (last video published 10 days ago),True
UCfPtDFCs4PzDU_hy0usORnw,Reva Regalia『AST』,@revaregaliaast,https://www.youtube.com/channel/UCfPtDFCs4PzDU_hy0usORnw,Independent,active,CONFIRMED,vtuber_revaregaliaast,Reva Regalia『AST』,main,5210,434,311360,2026-09-04T09:07:07+00:00,,0.45,Thai VTuber Ranking,2026-09-06T15:07:31.311094+00:00,VTuber signals: vtuber; Thai confidence: 0.45; Sources: Thai VTuber Ranking; Active (last video published 2 days ago),True
UCepQ5leDU2_KgTVOsD4so7A,ManaPTマナーVtuber,@manapttttt,https://www.youtube.com/channel/UCepQ5leDU2_KgTVOsD4so7A,Independent,active,CONFIRMED,vtuber_manapttttt,ManaPTマナーVtuber,main,249,44,9209,2026-09-01T11:21:35+00:00,,0.2,Thai VTuber Ranking,2026-09-06T15:07:31.311134+00:00,"VTuber signals: vtuber, thai vtuber; Sources: Thai VTuber Ranking; Active (last video published 5 days ago)",True
UCdlJxYXr4eh44NeCSjOe_Fg,RainRem Ch. レーンレム,@rainremchvtuber,https://www.youtube.com/channel/UCdlJxYXr4eh44NeCSjOe_Fg,Independent,active,CONFIRMED,vtuber_rainremchvtuber,RainRem Ch. レーンレム,main,40500,1530,4840367,2026-09-04T06:52:36+00:00,TH,0.8,Thai VTuber Ranking,2026-09-06T15:07:31.311177+00:00,VTuber signals: vtuber; Thai confidence: 0.80; Sources: Thai VTuber Ranking; Active (last video published 2 days ago),True
UCf6P5ojQTWAgVNUvlu08DNw,Lukmai_PP,@lukmaipukp,https://www.youtube.com/channel/UCf6P5ojQTWAgVNUvlu08DNw,Independent,hiatus,CONFIRMED,vtuber_lukmaipukp,Lukmai_PP,main,1420,88,22139,2024-05-07T03:23:17+00:00,,0.45,Thai VTuber Ranking,2026-09-06T15:07:31.311206+00:00,Thai confidence: 0.45; Sources: Thai VTuber Ranking; Hiatus / Inactive for 852 days (> 180d),True
UCe9JOhIANHHvJovOdv-0r8A,MaëlFritz Channel ,@maelfritzchannel,https://www.youtube.com/channel/UCe9JOhIANHHvJovOdv-0r8A,Independent,active,CONFIRMED,vtuber_maelfritzchannel,MaëlFritz Channel ,main,1160,215,107946,2026-09-04T03:08:27+00:00,TH,0.8,Thai VTuber Ranking,2026-09-06T15:07:31.311239+00:00,Thai confidence: 0.80; Sources: Thai VTuber Ranking; Active (last video published 2 days ago),True
UCeKUKj8zu8QI_8Zidqgw1Kg,ConNeSe Plai,@byconnese,https://www.youtube.com/channel/UCeKUKj8zu8QI_8Zidqgw1Kg,Independent,active,CONFIRMED,vtuber_byconnese,ConNeSe Plai,main,17000,238,261507,2026-09-01T20:04:24+00:00,TH,0.8,Thai VTuber Ranking,2026-09-06T15:07:31.311305+00:00,Thai confidence: 0.80; Sources: Thai VTuber Ranking; Active (last video published 4 days ago),True
UCei3lo9UhW4K9QE26iwuVjg,RUNA Ch.[Vtuber],@runaluna,https://www.youtube.com/channel/UCei3lo9UhW4K9QE26iwuVjg,Independent,active,CONFIRMED,vtuber_runaluna,RUNA Ch.[Vtuber],main,2630,379,124336,2026-08-31T17:24:57+00:00,TH,1.0,Thai VTuber Ranking,2026-09-06T15:07:31.311334+00:00,VTuber signals: vtuber; Thai confidence: 1.00; Sources: Thai VTuber Ranking; Active (last video published 5 days ago),True
UCf-P7yTlHAJlVwxzwHu915Q,NancyGimme2000,@nancygimme2000,https://www.youtube.com/channel/UCf-P7yTlHAJlVwxzwHu915Q,Independent,active,CONFIRMED,vtuber_nancygimme2000,NancyGimme2000,main,1570,403,259251,2026-09-03T17:00:34+00:00,,0.45,Thai VTuber Ranking,2026-09-06T15:07:31.311371+00:00,VTuber signals: live2d; Thai confidence: 0.45; Sources: Thai VTuber Ranking; Active (last video published 2 days ago),True
UCg1lfyLDBsy0INi17egh6IA,Enri Ch.,@enri_vtuber,https://www.youtube.com/channel/UCg1lfyLDBsy0INi17egh6IA,Independent,active,CONFIRMED,vtuber_enri_vtuber,Enri Ch.,main,8930,355,393860,2026-09-04T10:00:12+00:00,TH,0.8,Thai VTuber Ranking; Virtual YouTuber Fandom Wiki,2026-09-06T15:07:31.311432+00:00,"VTuber signals: vtuber, วีทูปเบอร์, วีทูป, vtuberth; Thai confidence: 0.80; Sources: Thai VTuber Ranking, Virtual YouTuber Fandom Wiki; Active (last video published 2 days ago)",True
UCeogDPUhePBegonMId-BM_Q,Holie Ch.,@holiech,https://www.youtube.com/channel/UCeogDPUhePBegonMId-BM_Q,Independent,active,CONFIRMED,vtuber_holiech,Holie Ch.,main,15900,897,653429,2026-08-15T21:46:26+00:00,,0.45,Thai VTuber Ranking,2026-09-06T15:07:31.311471+00:00,Thai confidence: 0.45; Sources: Thai VTuber Ranking; Active (last video published 21 days ago),True
UCfDCemDzrBpQoZMIajLeI-w,Okami Hito CH【APD】,@okami_hito_ch,https://www.youtube.com/channel/UCfDCemDzrBpQoZMIajLeI-w,Independent,active,CONFIRMED,vtuber_okami_hito_ch,Okami Hito CH【APD】,main,2140,1232,190068,2026-09-04T12:32:45+00:00,TH,1.0,Thai VTuber Ranking,2026-09-06T15:07:31.311538+00:00,Thai confidence: 1.00; Sources: Thai VTuber Ranking; Active (last video published 2 days ago),True
UCe9-AfWL4jLg9CQC7QWa0_g,MIKA'mu,@mikamu3905,https://www.youtube.com/channel/UCe9-AfWL4jLg9CQC7QWa0_g,Independent,active,CONFIRMED,vtuber_mikamu3905,MIKA'mu,main,2800,324,143728,2026-08-29T23:08:06+00:00,,0.45,Thai VTuber Ranking,2026-09-06T15:07:31.311580+00:00,VTuber signals: vtuber; Thai confidence: 0.45; Sources: Thai VTuber Ranking; Active (last video published 7 days ago),True
UCepIXUC8KUvonowbahgMsQA,Tho Rok Rok,@thorokrok,https://www.youtube.com/channel/UCepIXUC8KUvonowbahgMsQA,Independent,hiatus,CONFIRMED,vtuber_thorokrok,Tho Rok Rok,main,2680,161,227968,2023-11-09T12:38:44+00:00,TH,0.8,Thai VTuber Ranking; Virtual YouTuber Fandom Wiki,2026-09-06T15:07:31.311649+00:00,"Thai confidence: 0.80; Sources: Thai VTuber Ranking, Virtual YouTuber Fandom Wiki; Hiatus / Inactive for 1032 days (> 180d)",True
UCfw10eIAXlZOWbJAZBySdcA,Zeno,@zenozeno_lulu,https://www.youtube.com/channel/UCfw10eIAXlZOWbJAZBySdcA,Independent,active,CONFIRMED,vtuber_zenozeno_lulu,Zeno,main,6810,39,49484,2026-05-12T02:38:17+00:00,TH,0.35,Thai VTuber Ranking,2026-09-06T15:07:31.311671+00:00,Thai confidence: 0.35; Sources: Thai VTuber Ranking; Active (last video published 117 days ago),True
UCeijqgCP9z3zLJ-uwQzvFtQ,Sora A.C.G.,@soraacg,https://www.youtube.com/channel/UCeijqgCP9z3zLJ-uwQzvFtQ,Independent,active,CONFIRMED,vtuber_soraacg,Sora A.C.G.,main,230000,1421,9805975,2026-04-13T04:30:00+00:00,TH,0.35,Thai VTuber Ranking,2026-09-06T15:07:31.311698+00:00,Thai confidence: 0.35; Sources: Thai VTuber Ranking; Active (last video published 146 days ago),True
UCfSvuVrYSKM3RgdEjl7iVxQ,Wornlity「 PRD 」,@wornlity,https://www.youtube.com/channel/UCfSvuVrYSKM3RgdEjl7iVxQ,Independent,active,CONFIRMED,vtuber_wornlity,Wornlity「 PRD 」,main,12600,49,164945,2026-04-06T13:22:47+00:00,TH,0.55,Thai VTuber Ranking,2026-09-06T15:07:31.311729+00:00,"VTuber signals: vtuber, thai vtuber; Thai confidence: 0.55; Sources: Thai VTuber Ranking; Active (last video published 153 days ago)",True
UCfTaHjdctcy9veUwXK_GDBg,Takiya Ch.,@takiya_koz,https://www.youtube.com/channel/UCfTaHjdctcy9veUwXK_GDBg,Independent,active,CONFIRMED,vtuber_takiya_koz,Takiya Ch.,main,3370,199,93570,2026-08-30T06:29:04+00:00,,0.2,Thai VTuber Ranking,2026-09-06T15:07:31.311753+00:00,"VTuber signals: vtuber, thai vtuber; Sources: Thai VTuber Ranking; Active (last video published 7 days ago)",True
UCeoR2ozI_rHNtMZyWyYWI6Q,Koru Ch.,@masukaya_koruto,https://www.youtube.com/channel/UCeoR2ozI_rHNtMZyWyYWI6Q,Independent,active,CONFIRMED,vtuber_masukaya_koruto,Koru Ch.,main,547,100,31698,2026-09-04T07:30:36+00:00,,0.45,Thai VTuber Ranking,2026-09-06T15:07:31.311794+00:00,Thai confidence: 0.45; Sources: Thai VTuber Ranking; Active (last video published 2 days ago),True
UCf1aJaf0L0SXieSscG0qA9A,Miyao Ch. 夏日みやお,@natsubimiyao,https://www.youtube.com/channel/UCf1aJaf0L0SXieSscG0qA9A,Independent,active,CONFIRMED,vtuber_natsubimiyao,Miyao Ch. 夏日みやお,main,3040,472,119586,2026-09-04T14:41:04+00:00,TH,0.8,Thai VTuber Ranking,2026-09-06T15:07:31.311845+00:00,Thai confidence: 0.80; Sources: Thai VTuber Ranking; Active (last video published 2 days ago),True
UCeoHajHKBl5q-UvfIEeOm3g,Mizu Gracia Ch.,@mizugracia,https://www.youtube.com/channel/UCeoHajHKBl5q-UvfIEeOm3g,Independent,hiatus,CONFIRMED,vtuber_mizugracia,Mizu Gracia Ch.,main,1730,199,59015,2025-10-08T04:38:47+00:00,TH,0.8,Thai VTuber Ranking,2026-09-06T15:07:31.311881+00:00,Thai confidence: 0.80; Sources: Thai VTuber Ranking; Hiatus / Inactive for 333 days (> 180d),True
UCeC8cJfqtHYl7w-0AoLApHQ,Kathic Ch.13 [Vtuber],@kathic_ch13,https://www.youtube.com/channel/UCeC8cJfqtHYl7w-0AoLApHQ,Independent,active,CONFIRMED,vtuber_kathic_ch13,Kathic Ch.13 [Vtuber],main,596,303,257502,2026-09-01T04:02:11+00:00,TH,0.8,Thai VTuber Ranking,2026-09-06T15:07:31.312033+00:00,"VTuber signals: vtuber, vtuberth; Thai confidence: 0.80; Sources: Thai VTuber Ranking; Active (last video published 5 days ago)",True
UCfxVeSpEx_K1VwHIcdNX0rw,BOOKGAMER,@bgrgamecaster,https://www.youtube.com/channel/UCfxVeSpEx_K1VwHIcdNX0rw,Independent,hiatus,CONFIRMED,vtuber_bgrgamecaster,BOOKGAMER,main,3580,516,151741,2022-10-31T14:02:39+00:00,TH,1.0,Thai VTuber Ranking,2026-09-06T15:07:31.312096+00:00,Thai confidence: 1.00; Sources: Thai VTuber Ranking; Hiatus / Inactive for 1406 days (> 180d),True
UCeI78GYlqHWzmWvjGmcjDsA,M4YA,@m4yamarz,https://www.youtube.com/channel/UCeI78GYlqHWzmWvjGmcjDsA,Independent,active,CONFIRMED,vtuber_m4yamarz,M4YA,main,2480,187,244744,2026-09-01T15:16:59+00:00,TH,0.35,Thai VTuber Ranking,2026-09-06T15:07:31.312127+00:00,VTuber signals: live2d; Thai confidence: 0.35; Sources: Thai VTuber Ranking; Active (last video published 4 days ago),True
UCg--DR1FShlr9BKjJ9OQc5g,Vina Olivia Ch.,@vinavtuberth,https://www.youtube.com/channel/UCg--DR1FShlr9BKjJ9OQc5g,Independent,active,CONFIRMED,vtuber_vinavtuberth,Vina Olivia Ch.,main,5150,402,227873,2026-08-30T17:35:45+00:00,,0.8,Thai VTuber Ranking,2026-09-06T15:07:31.312164+00:00,"VTuber signals: vtuber, วีทูปเบอร์, วีทูป, vtuberth; Thai confidence: 0.80; Sources: Thai VTuber Ranking; Active (last video published 6 days ago)",True
UCdxaZWWFBl3N7Ollc3EwZAw,White Sky Ch.,@whiteskych.6,https://www.youtube.com/channel/UCdxaZWWFBl3N7Ollc3EwZAw,Independent,active,CONFIRMED,vtuber_whiteskych.6,White Sky Ch.,main,47100,676,10993685,2026-09-02T02:30:22+00:00,TH,1.0,Thai VTuber Ranking,2026-09-06T15:07:31.312207+00:00,Thai confidence: 1.00; Sources: Thai VTuber Ranking; Active (last video published 4 days ago),True
UCfuH_6QxAjJXM_9q8-iRqQQ,ryuq,@ryuqv,https://www.youtube.com/channel/UCfuH_6QxAjJXM_9q8-iRqQQ,Independent,active,CONFIRMED,vtuber_ryuqv,ryuq,main,2250,63,14752,2026-05-11T01:55:30+00:00,TH,0.8,Thai VTuber Ranking,2026-09-06T15:07:31.312236+00:00,Thai confidence: 0.80; Sources: Thai VTuber Ranking; Active (last video published 118 days ago),True
UCfPOynlPffrryH8JAsHOmJA,it’s hi Ch.【ARP】,@its_hi_arp,https://www.youtube.com/channel/UCfPOynlPffrryH8JAsHOmJA,Algorhythm Project,active,CONFIRMED,vtuber_its_hi_arp,it’s hi Ch.【ARP】,main,41800,439,3220812,2026-09-03T09:36:06+00:00,TH,0.8,Thai VTuber Ranking,2026-09-06T15:07:31.312280+00:00,VTuber signals: agency:Algorhythm Project; Agency: Algorhythm Project; Thai confidence: 0.80; Sources: Thai VTuber Ranking; Active (last video published 3 days ago),True
UCe33CjMy_3DqvmKMMqEjWDQ,- Azuko - あずこ - Ch.,@azuko_98,https://www.youtube.com/channel/UCe33CjMy_3DqvmKMMqEjWDQ,Independent,active,CONFIRMED,vtuber_azuko_98,- Azuko - あずこ - Ch.,main,2850,341,95862,2026-05-13T03:11:30+00:00,,0.45,Thai VTuber Ranking,2026-09-06T15:07:31.312357+00:00,Thai confidence: 0.45; Sources: Thai VTuber Ranking; Active (last video published 116 days ago),True
UCfe7Lxdn2PDp_xnnrC_RSzA,【graduated】Amaris Sayo Ch. / AStars Amakara,@amarissayo_as,https://www.youtube.com/channel/UCfe7Lxdn2PDp_xnnrC_RSzA,AStars Production,hiatus,CONFIRMED,vtuber_amarissayo_as,【graduated】Amaris Sayo Ch. / AStars Amakara,main,10900,63,133834,2025-02-14T03:08:12+00:00,,0.2,Thai VTuber Ranking,2026-09-06T15:07:31.312387+00:00,"VTuber signals: vtuber, thai vtuber; Sources: Thai VTuber Ranking; Hiatus / Inactive for 569 days (> 180d)",True
UCdlsSG0fa6l_BQ9otNkHjMg,Ainam ch.,@ainamch,https://www.youtube.com/channel/UCdlsSG0fa6l_BQ9otNkHjMg,Independent,hiatus,CONFIRMED,vtuber_ainamch,Ainam ch.,main,1480,23,19473,2021-07-19T12:35:40+00:00,,0.2,Thai VTuber Ranking,2026-09-06T15:07:31.312416+00:00,"VTuber signals: vtuber, thai vtuber; Sources: Thai VTuber Ranking; Hiatus / Inactive for 1875 days (> 180d)",True
UCYXMY8jostUgR-jf0tJD5dQ,Nithra Lapis Ch.,@nithralapis,https://www.youtube.com/channel/UCYXMY8jostUgR-jf0tJD5dQ,Independent,hiatus,CONFIRMED,vtuber_nithralapis,Nithra Lapis Ch.,main,2320,124,30004,2025-12-26T03:58:14+00:00,TH,0.35,Thai VTuber Ranking,2026-09-06T15:07:31.312455+00:00,VTuber signals: vtuber; Thai confidence: 0.35; Sources: Thai VTuber Ranking; Hiatus / Inactive for 254 days (> 180d),True
UCZBylMHjwaeTNJTLPxl6VgA,Aina VTuber,@ainavtuber,https://www.youtube.com/channel/UCZBylMHjwaeTNJTLPxl6VgA,Independent,hiatus,CONFIRMED,vtuber_ainavtuber,Aina VTuber,main,1830,260,42139,2026-02-21T13:00:14+00:00,,0.45,Thai VTuber Ranking,2026-09-06T15:07:31.312502+00:00,"VTuber signals: vtuber, vtuberth; Thai confidence: 0.45; Sources: Thai VTuber Ranking; Hiatus / Inactive for 197 days (> 180d)",True
UCY3reV-jwagniwcghy1B4VA,Nicca Ch.,@niccakun,https://www.youtube.com/channel/UCY3reV-jwagniwcghy1B4VA,Independent,hiatus,CONFIRMED,vtuber_niccakun,Nicca Ch.,main,74100,303,6751901,2025-03-26T10:08:26+00:00,TH,0.35,Thai VTuber Ranking; Virtual YouTuber Fandom Wiki,2026-09-06T15:07:31.312569+00:00,"Thai confidence: 0.35; Sources: Thai VTuber Ranking, Virtual YouTuber Fandom Wiki; Hiatus / Inactive for 529 days (> 180d)",True
UCYhbR4N_I_P5zMpK1rAR8Cw,Moracel VT,@moracelvt,https://www.youtube.com/channel/UCYhbR4N_I_P5zMpK1rAR8Cw,Independent,active,CONFIRMED,vtuber_moracelvt,Moracel VT,main,2000,452,284203,2026-08-31T06:38:48+00:00,TH,0.8,Thai VTuber Ranking,2026-09-06T15:07:31.312615+00:00,Thai confidence: 0.80; Sources: Thai VTuber Ranking; Active (last video published 6 days ago),True
UCZHQ9zIKFuUEtoFd2c6yjwA,PJ_OWL OWL【VJN】,@pj_vjn,https://www.youtube.com/channel/UCZHQ9zIKFuUEtoFd2c6yjwA,Independent,active,CONFIRMED,vtuber_pj_vjn,PJ_OWL OWL【VJN】,main,205,90,8418,2026-08-15T04:19:27+00:00,,0.2,Thai VTuber Ranking,2026-09-06T15:07:31.312644+00:00,"VTuber signals: vtuber, thai vtuber; Sources: Thai VTuber Ranking; Active (last video published 22 days ago)",True
UCY5HIZ97IaqeUGCQCh5yDpA,Clairederier,@clairederier,https://www.youtube.com/channel/UCY5HIZ97IaqeUGCQCh5yDpA,Independent,active,CONFIRMED,vtuber_clairederier,Clairederier,main,4250,518,109524,2026-08-26T13:09:10+00:00,TH,0.35,Thai VTuber Ranking,2026-09-06T15:07:31.312672+00:00,Thai confidence: 0.35; Sources: Thai VTuber Ranking; Active (last video published 11 days ago),True
UCYo4x86C700J5ivxg98oOtw,G. Mosotaa,@mosotaa_vtuber,https://www.youtube.com/channel/UCYo4x86C700J5ivxg98oOtw,Independent,active,CONFIRMED,vtuber_mosotaa_vtuber,G. Mosotaa,main,3890,193,112803,2026-08-30T16:34:48+00:00,TH,0.8,Thai VTuber Ranking,2026-09-06T15:07:31.312702+00:00,Thai confidence: 0.80; Sources: Thai VTuber Ranking; Active (last video published 6 days ago),True
UCY8j33h1epfkBEkIv_K5WKg,Lufine Ch. ลูฟิเน่,@lufine,https://www.youtube.com/channel/UCY8j33h1epfkBEkIv_K5WKg,Independent,hiatus,CONFIRMED,vtuber_lufine,Lufine Ch. ลูฟิเน่,main,5300,1,1501,2022-05-05T04:40:07+00:00,TH,1.0,Thai VTuber Ranking,2026-09-06T15:07:31.312730+00:00,"VTuber signals: vtuber, thai vtuber; Thai confidence: 1.00; Sources: Thai VTuber Ranking; Hiatus / Inactive for 1585 days (> 180d)",True
UCYJ82i8mzIoGAyzIY4gLZKA,DarkPhoenix13Fr,@darkphoenix13fr,https://www.youtube.com/channel/UCYJ82i8mzIoGAyzIY4gLZKA,Independent,active,CONFIRMED,vtuber_darkphoenix13fr,DarkPhoenix13Fr,main,1760,420,174439,2026-09-03T03:53:10+00:00,TH,0.8,Thai VTuber Ranking,2026-09-06T15:07:31.312803+00:00,Thai confidence: 0.80; Sources: Thai VTuber Ranking; Active (last video published 3 days ago),True
UCZilc7jP-X_92Fii1uTIs0Q,Hoku Ch.,@hokuplg,https://www.youtube.com/channel/UCZilc7jP-X_92Fii1uTIs0Q,Independent,active,CONFIRMED,vtuber_hoku,Hoku Polygon,main,119000,2342,9726754,2026-09-04T07:21:37+00:00,TH,0.8,Thai VTuber Ranking; Virtual YouTuber Fandom Wiki,2026-09-06T15:07:31.312834+00:00,"Thai confidence: 0.80; Sources: Thai VTuber Ranking, Virtual YouTuber Fandom Wiki; Active (last video published 2 days ago)",True
UCYWG9ZKz94VcpEqvvhBXk0A,Tora Mochizuki ,@toramochizuki,https://www.youtube.com/channel/UCYWG9ZKz94VcpEqvvhBXk0A,Independent,active,CONFIRMED,vtuber_toramochizuki,Tora Mochizuki ,main,1130,420,66361,2026-08-23T17:47:19+00:00,TH,0.8,Thai VTuber Ranking,2026-09-06T15:07:31.312872+00:00,Thai confidence: 0.80; Sources: Thai VTuber Ranking; Active (last video published 13 days ago),True
UCZ3R0yNb7ktPu1hdjbyQ2lg,Yuu Ch.,@yuuch.4480,https://www.youtube.com/channel/UCZ3R0yNb7ktPu1hdjbyQ2lg,Independent,hiatus,CONFIRMED,vtuber_yuuch.4480,Yuu Ch.,main,1820,153,25734,2025-01-30T03:40:28+00:00,TH,0.8,Thai VTuber Ranking,2026-09-06T15:07:31.313039+00:00,VTuber signals: vtuber; Thai confidence: 0.80; Sources: Thai VTuber Ranking; Hiatus / Inactive for 584 days (> 180d),True
UCYtNZ8-aeaazi3ImKB6y8aQ,Jibara​ Ch.,@jibara,https://www.youtube.com/channel/UCYtNZ8-aeaazi3ImKB6y8aQ,Independent,active,CONFIRMED,vtuber_jibara,Jibara​ Ch.,main,6700,647,373768,2026-09-02T21:20:25+00:00,TH,0.35,Thai VTuber Ranking,2026-09-06T15:07:31.313084+00:00,Thai confidence: 0.35; Sources: Thai VTuber Ranking; Active (last video published 3 days ago),True
UCXWwuHiYZepNhYk3lBrj2pg,Hyoki Howatora Ch.,@hyokihowatora,https://www.youtube.com/channel/UCXWwuHiYZepNhYk3lBrj2pg,Independent,active,CONFIRMED,vtuber_hyokihowatora,Hyoki Howatora Ch.,main,2110,413,88426,2026-08-31T16:59:48+00:00,TH,0.8,Thai VTuber Ranking,2026-09-06T15:07:31.313153+00:00,"VTuber signals: วีทูปเบอร์, วีทูป; Thai confidence: 0.80; Sources: Thai VTuber Ranking; Active (last video published 5 days ago)",True
UCZwx1KhdoiqQsoZAqCRbApw,Zentiera【VJN】,@zenti_e_ra,https://www.youtube.com/channel/UCZwx1KhdoiqQsoZAqCRbApw,Independent,active,CONFIRMED,vtuber_zenti_e_ra,Zentiera【VJN】,main,1140,221,104047,2026-07-16T22:55:38+00:00,,0.3,Thai VTuber Ranking,2026-09-06T15:07:31.313191+00:00,Thai confidence: 0.30; Sources: Thai VTuber Ranking; Active (last video published 51 days ago),True
UCXTC545Ye8-2RFdSZ4LXoSg,Xeres Artrophel Ch.,@xeres_vtuber,https://www.youtube.com/channel/UCXTC545Ye8-2RFdSZ4LXoSg,Independent,active,CONFIRMED,vtuber_xeres_vtuber,Xeres Artrophel Ch.,main,5970,1428,563367,2026-08-15T08:49:28+00:00,TH,0.8,Thai VTuber Ranking,2026-09-06T15:07:31.313251+00:00,VTuber signals: vtuber; Thai confidence: 0.80; Sources: Thai VTuber Ranking; Active (last video published 22 days ago),True
UCYu6pahmFwIki35ru8s62pQ,Destinesia Project,@destinesiaproject6445,https://www.youtube.com/channel/UCYu6pahmFwIki35ru8s62pQ,Independent,hiatus,CONFIRMED,vtuber_destinesiaproject6445,Destinesia Project,main,2850,5,22817,2021-02-07T08:10:30+00:00,,0.2,Thai VTuber Ranking,2026-09-06T15:07:31.313276+00:00,"VTuber signals: vtuber, thai vtuber; Sources: Thai VTuber Ranking; Hiatus / Inactive for 2037 days (> 180d)",True
UCXOcqHz5rj8NGhNvAQfManw,unibunty,@unibunty,https://www.youtube.com/channel/UCXOcqHz5rj8NGhNvAQfManw,Independent,hiatus,CONFIRMED,vtuber_unibunty,unibunty,main,1070,92,13951,2024-06-25T03:20:43+00:00,TH,0.8,Thai VTuber Ranking,2026-09-06T15:07:31.313315+00:00,Thai confidence: 0.80; Sources: Thai VTuber Ranking; Hiatus / Inactive for 803 days (> 180d),True
UCYknXN1ydnhJACllweXGd-w,Bitscuit La Cielhare,@bitscuits_la_cielhare,https://www.youtube.com/channel/UCYknXN1ydnhJACllweXGd-w,Independent,active,CONFIRMED,vtuber_bitscuits_la_cielhare,Bitscuit La Cielhare,main,1430,99,30239,2026-08-30T16:44:08+00:00,TH,0.8,Thai VTuber Ranking,2026-09-06T15:07:31.313349+00:00,VTuber signals: วีทูป; Thai confidence: 0.80; Sources: Thai VTuber Ranking; Active (last video published 6 days ago),True
UCZmw6cMeVaCMtL_NhybhWJw,Poppy the Puppy,@poppythepuppy,https://www.youtube.com/channel/UCZmw6cMeVaCMtL_NhybhWJw,Independent,active,CONFIRMED,vtuber_poppythepuppy,Poppy the Puppy,main,38000,962,2527764,2026-09-04T11:30:05+00:00,TH,0.8,Thai VTuber Ranking,2026-09-06T15:07:31.313387+00:00,Thai confidence: 0.80; Sources: Thai VTuber Ranking; Active (last video published 2 days ago),True
UCZYLQLIIviw56yaDcA9-VwA,Azuri「 PRD 」,@azuri_prd,https://www.youtube.com/channel/UCZYLQLIIviw56yaDcA9-VwA,Independent,active,CONFIRMED,vtuber_azuri_prd,Azuri「 PRD 」,main,1100,199,69000,2026-09-02T15:34:42+00:00,TH,0.55,Thai VTuber Ranking,2026-09-06T15:07:31.313442+00:00,"VTuber signals: vtuber, thai vtuber; Thai confidence: 0.55; Sources: Thai VTuber Ranking; Active (last video published 3 days ago)",True
UCZ-Vbihp3Y84EzwVVd2GjDQ,Kazumi Ch.,@kazumich.2503,https://www.youtube.com/channel/UCZ-Vbihp3Y84EzwVVd2GjDQ,Independent,hiatus,CONFIRMED,vtuber_kazumich.2503,Kazumi Ch.,main,9050,10,43464,2022-06-21T00:47:02+00:00,TH,0.55,Thai VTuber Ranking,2026-09-06T15:07:31.313465+00:00,"VTuber signals: vtuber, thai vtuber; Thai confidence: 0.55; Sources: Thai VTuber Ranking; Hiatus / Inactive for 1538 days (> 180d)",True
UCY2VnFiaqNirU_QKxqgR96w,Kris Ch. Vprolive,@krisvprolive,https://www.youtube.com/channel/UCY2VnFiaqNirU_QKxqgR96w,Independent,unknown,CONFIRMED,vtuber_krisvprolive,Kris Ch. Vprolive,main,1330,0,0,,,0.2,Thai VTuber Ranking,2026-09-06T15:07:31.313487+00:00,"VTuber signals: vtuber, thai vtuber; Sources: Thai VTuber Ranking; No public video history recorded",False
UCZgkeKMeSJ5-ETLvt1KGgmg,Jaqua Ch.,@jaquach,https://www.youtube.com/channel/UCZgkeKMeSJ5-ETLvt1KGgmg,Independent,hiatus,CONFIRMED,vtuber_jaquach,Jaqua Ch.,main,1410,27,11453,2022-06-24T17:59:17+00:00,,0.2,Thai VTuber Ranking; Virtual YouTuber Fandom Wiki,2026-09-06T15:07:31.313513+00:00,"VTuber signals: vtuber, live2d; Sources: Thai VTuber Ranking, Virtual YouTuber Fandom Wiki; Hiatus / Inactive for 1534 days (> 180d)",True
UCXwc3r1q3yyxugIq2KM9K7A,Plathong Ch.,@plathongbigsis,https://www.youtube.com/channel/UCXwc3r1q3yyxugIq2KM9K7A,Independent,active,CONFIRMED,vtuber_plathongbigsis,Plathong Ch.,main,199000,3711,96439819,2026-09-03T09:08:41+00:00,TH,0.8,Thai VTuber Ranking,2026-09-06T15:07:31.313576+00:00,Thai confidence: 0.80; Sources: Thai VTuber Ranking; Active (last video published 3 days ago),True
UCY-5Lf7AJKFj4fudzFi1AZw,TeenWISU,@teenwisu2,https://www.youtube.com/channel/UCY-5Lf7AJKFj4fudzFi1AZw,Independent,active,CONFIRMED,vtuber_teenwisu2,TeenWISU,main,207000,292,24283201,2026-05-27T12:22:06+00:00,TH,0.8,Thai VTuber Ranking,2026-09-06T15:07:31.313608+00:00,Thai confidence: 0.80; Sources: Thai VTuber Ranking; Active (last video published 102 days ago),True
UCZYTMrnVmu1iUVyGeqB6zJQ,T-Reina Ashyra Ch. Lumina-World-End,@ashyraworldend,https://www.youtube.com/channel/UCZYTMrnVmu1iUVyGeqB6zJQ,Lumina Live,active,CONFIRMED,vtuber_ashyraworldend,T-Reina Ashyra Ch. Lumina-World-End,main,58700,658,7611597,2026-09-03T12:00:00+00:00,,0.45,Thai VTuber Ranking,2026-09-06T15:07:31.313732+00:00,VTuber signals: agency:Lumina Live; Agency: Lumina Live; Thai confidence: 0.45; Sources: Thai VTuber Ranking; Active (last video published 3 days ago),True
UCXyk13M_Y892ar9xTPNF75w,Helen Candleby ,@helencandleby,https://www.youtube.com/channel/UCXyk13M_Y892ar9xTPNF75w,Independent,active,CONFIRMED,vtuber_helencandleby,Helen Candleby ,main,3900,147,128233,2026-05-23T16:43:29+00:00,,0.45,Thai VTuber Ranking,2026-09-06T15:07:31.313765+00:00,Thai confidence: 0.45; Sources: Thai VTuber Ranking; Active (last video published 105 days ago),True
UCYu6kxGsCK2-LcCmydfajgg,KissCross,@kisscrossofficial,https://www.youtube.com/channel/UCYu6kxGsCK2-LcCmydfajgg,Independent,active,CONFIRMED,vtuber_kisscrossofficial,KissCross,main,13800,157,638565,2026-05-08T12:08:27+00:00,TH,0.8,Thai VTuber Ranking,2026-09-06T15:07:31.313835+00:00,VTuber signals: virtual idol; Thai confidence: 0.80; Sources: Thai VTuber Ranking; Active (last video published 121 days ago),True
UCZSudswFZkaARozAZPFoC2Q,Azazel  Ch.,@azazelch.7842,https://www.youtube.com/channel/UCZSudswFZkaARozAZPFoC2Q,Independent,hiatus,CONFIRMED,vtuber_azazelch.7842,Azazel  Ch.,main,1060,28,12727,2024-02-13T07:51:04+00:00,TH,0.8,Thai VTuber Ranking,2026-09-06T15:07:31.313887+00:00,"VTuber signals: vtuber, vtuberth; Thai confidence: 0.80; Sources: Thai VTuber Ranking; Hiatus / Inactive for 936 days (> 180d)",True
UCZmQjdEL_PAGWvFlAm4hQMg,Karin Ch. 躑躅かりん,@karintsutsuji,https://www.youtube.com/channel/UCZmQjdEL_PAGWvFlAm4hQMg,Independent,active,CONFIRMED,vtuber_karintsutsuji,Karin Ch. 躑躅かりん,main,15800,814,929014,2026-07-20T16:38:18+00:00,,0.2,Thai VTuber Ranking; Virtual YouTuber Fandom Wiki,2026-09-06T15:07:31.313910+00:00,"VTuber signals: vtuber, thai vtuber; Sources: Thai VTuber Ranking, Virtual YouTuber Fandom Wiki; Active (last video published 47 days ago)",True
UC_JCN1qZMnnFzgzD_iTqrsg,Edella Edward Ch.,@edellaedward,https://www.youtube.com/channel/UC_JCN1qZMnnFzgzD_iTqrsg,Independent,active,CONFIRMED,vtuber_edellaedward,Edella Edward Ch.,main,2210,459,73410,2026-09-03T16:40:15+00:00,,0.45,Thai VTuber Ranking,2026-09-06T15:07:31.313948+00:00,"VTuber signals: vtuber, vtuberth; Thai confidence: 0.45; Sources: Thai VTuber Ranking; Active (last video published 2 days ago)",True
UCXkoAHy8rg9tryYsD61IXOg,Morr Ch.【ARP】,@morr_arp,https://www.youtube.com/channel/UCXkoAHy8rg9tryYsD61IXOg,Algorhythm Project,active,CONFIRMED,vtuber_morr_arp,Morr Ch.【ARP】,main,49800,356,2779650,2026-08-30T11:15:38+00:00,,0.0,Thai VTuber Ranking,2026-09-06T15:07:31.313980+00:00,"VTuber signals: vtuber, agency:Algorhythm Project; Agency: Algorhythm Project; Sources: Thai VTuber Ranking; Active (last video published 7 days ago)",True
UCXuiHw-k05CnSu5_DjKUytw,LIVIANA Ch.,@liviana_vwitch,https://www.youtube.com/channel/UCXuiHw-k05CnSu5_DjKUytw,Independent,active,CONFIRMED,vtuber_liviana_vwitch,LIVIANA Ch.,main,133000,865,25337445,2026-08-31T13:48:58+00:00,TH,1.0,Thai VTuber Ranking,2026-09-06T15:07:31.314015+00:00,Thai confidence: 1.00; Sources: Thai VTuber Ranking; Active (last video published 6 days ago),True
UCXddo8vgPHBsEkDMqRwcYSQ,"Peko the Witch ★ แม่มด""พีโกะ""",@peko-chth,https://www.youtube.com/channel/UCXddo8vgPHBsEkDMqRwcYSQ,Independent,hiatus,CONFIRMED,vtuber_peko-chth,"Peko the Witch ★ แม่มด""พีโกะ""",main,1250,135,30996,2025-06-01T13:49:43+00:00,,0.6,Thai VTuber Ranking,2026-09-06T15:07:31.314047+00:00,VTuber signals: vtuber; Thai confidence: 0.60; Sources: Thai VTuber Ranking; Hiatus / Inactive for 462 days (> 180d),True
UCXl3UWVn6XXFSNM5YNHlSCw,Kaiyo Ch.,@kaiyovtb,https://www.youtube.com/channel/UCXl3UWVn6XXFSNM5YNHlSCw,Independent,hiatus,CONFIRMED,vtuber_kaiyovtb,Kaiyo Ch.,main,7000,0,27,2021-08-31T11:59:04+00:00,TH,0.35,Thai VTuber Ranking,2026-09-06T15:07:31.314068+00:00,Thai confidence: 0.35; Sources: Thai VTuber Ranking; Hiatus / Inactive for 1832 days (> 180d),True
UC_BZjak0ArVzJ-8yjUUaTqg,SaiMaiZ さいまい ⌜VZ⌟,@saimaiz,https://www.youtube.com/channel/UC_BZjak0ArVzJ-8yjUUaTqg,Virtual Zeven (VZ),active,CONFIRMED,vtuber_saimaiz,SaiMaiZ さいまい ⌜VZ⌟,main,10000,1274,967970,2026-09-03T15:30:34+00:00,TH,0.8,Thai VTuber Ranking,2026-09-06T15:07:31.314139+00:00,"VTuber signals: vtuber, vtuberth; Thai confidence: 0.80; Sources: Thai VTuber Ranking; Active (last video published 2 days ago)",True
UC_4Kw9UFTDz_Hv7K_rH9DQg,I'm a Mee,@imapbear,https://www.youtube.com/channel/UC_4Kw9UFTDz_Hv7K_rH9DQg,Independent,hiatus,CONFIRMED,vtuber_imapbear,I'm a Mee,main,815,95,30388,2022-07-07T21:51:13+00:00,TH,0.8,Thai VTuber Ranking,2026-09-06T15:07:31.314196+00:00,VTuber signals: vtuber; Thai confidence: 0.80; Sources: Thai VTuber Ranking; Hiatus / Inactive for 1521 days (> 180d),True
UCZhewVQstdQB87rdWwIRHzg,MEILIN CH.,@meilinvtuber,https://www.youtube.com/channel/UCZhewVQstdQB87rdWwIRHzg,Independent,active,CONFIRMED,vtuber_meilinvtuber,MEILIN CH.,main,2950,450,138651,2026-09-04T05:15:39+00:00,,0.45,Thai VTuber Ranking,2026-09-06T15:07:31.314233+00:00,Thai confidence: 0.45; Sources: Thai VTuber Ranking; Active (last video published 2 days ago),True
UCZ8gzZWoN9B6GhlVOwnj0aQ,Ririka ch. / ริริกะ【SSR】,@ririka_ssr,https://www.youtube.com/channel/UCZ8gzZWoN9B6GhlVOwnj0aQ,Independent,active,CONFIRMED,vtuber_ririka_ssr,Ririka ch. / ริริกะ【SSR】,main,5180,288,458302,2026-09-03T16:06:42+00:00,,0.45,Thai VTuber Ranking,2026-09-06T15:07:31.314308+00:00,VTuber signals: vtuber; Thai confidence: 0.45; Sources: Thai VTuber Ranking; Active (last video published 2 days ago),True
UCZxNaWG_8Br9q1eTLSG5wPg,Blu-Chan GMOT ⌜VZ⌟,@bluchangmot,https://www.youtube.com/channel/UCZxNaWG_8Br9q1eTLSG5wPg,Virtual Zeven (VZ),active,CONFIRMED,vtuber_bluchangmot,Blu-Chan GMOT ⌜VZ⌟,main,24900,491,284592,2026-05-01T19:01:46+00:00,TH,0.35,Thai VTuber Ranking; Virtual YouTuber Fandom Wiki,2026-09-06T15:07:31.314361+00:00,"VTuber signals: vtuber, vtuberth; Thai confidence: 0.35; Sources: Thai VTuber Ranking, Virtual YouTuber Fandom Wiki; Active (last video published 127 days ago)",True
UCZrJx0Gxf_Vv2njDwnkaHIA,แม่นิศรายงาน,@reportwanissa,https://www.youtube.com/channel/UCZrJx0Gxf_Vv2njDwnkaHIA,Independent,unknown,CONFIRMED,vtuber_reportwanissa,แม่นิศรายงาน,main,26800,0,0,,TH,1.0,Thai VTuber Ranking; Virtual YouTuber Fandom Wiki,2026-09-06T15:07:31.314386+00:00,"VTuber signals: vtuber, thai vtuber; Thai confidence: 1.00; Sources: Thai VTuber Ranking, Virtual YouTuber Fandom Wiki; No public video history recorded",False
UCYEWH_8lJYYxB_Ws5ee_ROw,Saniyah L. Ch.,@san1baebi1,https://www.youtube.com/channel/UCYEWH_8lJYYxB_Ws5ee_ROw,Independent,active,CONFIRMED,vtuber_san1baebi1,Saniyah L. Ch.,main,2570,63,45034,2026-07-28T02:56:22+00:00,,0.45,Thai VTuber Ranking,2026-09-06T15:07:31.314468+00:00,Thai confidence: 0.45; Sources: Thai VTuber Ranking; Active (last video published 40 days ago),True
UCZ0NN8Yx0Iq6RG7-hORFNbA,Heli Ch.【REC】,@helirec,https://www.youtube.com/channel/UCZ0NN8Yx0Iq6RG7-hORFNbA,Independent,active,CONFIRMED,vtuber_helirec,Heli Ch.【REC】,main,1070,140,40058,2026-03-14T15:08:39+00:00,,0.45,Thai VTuber Ranking,2026-09-06T15:07:31.314524+00:00,Thai confidence: 0.45; Sources: Thai VTuber Ranking; Active (last video published 175 days ago),True
UCYAKTFHayiQ-yvllmFmx5IA,KRATOI 《19'S》,@kratoi_26,https://www.youtube.com/channel/UCYAKTFHayiQ-yvllmFmx5IA,Independent,active,CONFIRMED,vtuber_kratoi_26,KRATOI 《19'S》,main,365,54,51355,2026-08-30T14:03:34+00:00,,0.45,Thai VTuber Ranking,2026-09-06T15:07:31.314567+00:00,Thai confidence: 0.45; Sources: Thai VTuber Ranking; Active (last video published 7 days ago),True
UCX_lpBjVENv-6AmJmtGAuig,Aoi Nekomori,@aoinekomori,https://www.youtube.com/channel/UCX_lpBjVENv-6AmJmtGAuig,Independent,active,CONFIRMED,vtuber_aoinekomori,Aoi Nekomori,main,990,99,44374,2026-08-28T13:43:41+00:00,TH,0.8,Thai VTuber Ranking,2026-09-06T15:07:31.314600+00:00,Thai confidence: 0.80; Sources: Thai VTuber Ranking; Active (last video published 9 days ago),True
UCZLcxopXBfzR1Dsu8eC1DeQ,Amy Stella Ch.,@amystl_official,https://www.youtube.com/channel/UCZLcxopXBfzR1Dsu8eC1DeQ,Independent,active,CONFIRMED,vtuber_amystl_official,Amy Stella Ch.,main,2410,133,110691,2026-08-29T03:41:28+00:00,,0.45,Thai VTuber Ranking,2026-09-06T15:07:31.314626+00:00,Thai confidence: 0.45; Sources: Thai VTuber Ranking; Active (last video published 8 days ago),True
UCvX83QsQu4NvT0pnEC6b9Hg,Daiji Inuyuki 《 OTL 》,@daiji_otl,https://www.youtube.com/channel/UCvX83QsQu4NvT0pnEC6b9Hg,Independent,active,CONFIRMED,vtuber_daiji_otl,Daiji Inuyuki 《 OTL 》,main,2280,315,79545,2026-08-29T16:30:40+00:00,,0.45,Thai VTuber Ranking,2026-09-06T15:07:31.314669+00:00,Thai confidence: 0.45; Sources: Thai VTuber Ranking; Active (last video published 7 days ago),True
UCttMAJHfOEXryNHnnDNG53g,MAMORI Ch.,@mamori,https://www.youtube.com/channel/UCttMAJHfOEXryNHnnDNG53g,Independent,hiatus,CONFIRMED,vtuber_mamori,MAMORI Ch.,main,12100,16,184948,2024-03-03T15:49:10+00:00,,0.65,Thai VTuber Ranking,2026-09-06T15:07:31.314728+00:00,VTuber signals: vtuber; Thai confidence: 0.65; Sources: Thai VTuber Ranking; Hiatus / Inactive for 916 days (> 180d),True
UCvk4wE32YLgO7MhSBNDx2Xw,RIPry - ริบหรี่,@ripryofficial,https://www.youtube.com/channel/UCvk4wE32YLgO7MhSBNDx2Xw,Independent,active,CONFIRMED,vtuber_ripryofficial,RIPry - ริบหรี่,main,11000,869,1183582,2026-09-05T04:49:21+00:00,TH,0.8,Thai VTuber Ranking,2026-09-06T15:07:31.314770+00:00,Thai confidence: 0.80; Sources: Thai VTuber Ranking; Active (last video published 1 days ago),True
UCu5HHrUzCcFmIgeIqImDUhQ,Rubii Ch.,@rubiich,https://www.youtube.com/channel/UCu5HHrUzCcFmIgeIqImDUhQ,Independent,hiatus,CONFIRMED,vtuber_rubiich,Rubii Ch.,main,1340,54,25311,2022-07-16T11:30:32+00:00,,0.45,Thai VTuber Ranking,2026-09-06T15:07:31.314807+00:00,Thai confidence: 0.45; Sources: Thai VTuber Ranking; Hiatus / Inactive for 1513 days (> 180d),True
UCuMlvjC3BwkkmdLerrcFzrg,Nebula Faragonda 【 V-DragQueen 】,@nebulafaragonda,https://www.youtube.com/channel/UCuMlvjC3BwkkmdLerrcFzrg,Independent,active,CONFIRMED,vtuber_nebulafaragonda,Nebula Faragonda 【 V-DragQueen 】,main,3300,339,94653,2026-09-05T04:07:34+00:00,,0.3,Thai VTuber Ranking,2026-09-06T15:07:31.314852+00:00,Thai confidence: 0.30; Sources: Thai VTuber Ranking; Active (last video published 1 days ago),True
UCvob8U-yjPS-fSf5bq7jvGw,Umino Ciala Ch. Pixela Legends,@uminociala,https://www.youtube.com/channel/UCvob8U-yjPS-fSf5bq7jvGw,Pixela Project,active,CONFIRMED,vtuber_uminociala,Umino Ciala Ch. Pixela Legends,main,83900,1316,9612720,2026-09-04T14:21:24+00:00,TH,0.8,Thai VTuber Ranking,2026-09-06T15:07:31.314892+00:00,VTuber signals: agency:Pixela Project; Agency: Pixela Project; Thai confidence: 0.80; Sources: Thai VTuber Ranking; Active (last video published 2 days ago),True
UCuwUVa1uz28eLDxeoe-CDCQ,SUMM3R ⌜VZ⌟,@summ3r_vz,https://www.youtube.com/channel/UCuwUVa1uz28eLDxeoe-CDCQ,Virtual Zeven (VZ),hiatus,CONFIRMED,vtuber_summ3r_vz,SUMM3R ⌜VZ⌟,main,10300,409,598348,2026-02-23T04:41:51+00:00,TH,0.35,Thai VTuber Ranking,2026-09-06T15:07:31.314944+00:00,"VTuber signals: vtuber, virtual idol, vtuberth; Thai confidence: 0.35; Sources: Thai VTuber Ranking; Hiatus / Inactive for 195 days (> 180d)",True
UCwUOnMoqNijxs5e6GbfRJ3Q,ANT4ZIN,@ant4zin,https://www.youtube.com/channel/UCwUOnMoqNijxs5e6GbfRJ3Q,Independent,active,CONFIRMED,vtuber_ant4zin,ANT4ZIN,main,1530,187,164417,2026-09-03T17:16:05+00:00,,0.45,Thai VTuber Ranking,2026-09-06T15:07:31.314978+00:00,Thai confidence: 0.45; Sources: Thai VTuber Ranking; Active (last video published 2 days ago),True
UCv6T5E7meuUtXHOAg_jQonQ,Leona Channel『VW』,@leonachannel,https://www.youtube.com/channel/UCv6T5E7meuUtXHOAg_jQonQ,Independent,active,CONFIRMED,vtuber_leonachannel,Leona Channel『VW』,main,7720,771,382195,2026-09-04T16:45:07+00:00,TH,1.0,Thai VTuber Ranking,2026-09-06T15:07:31.315030+00:00,"VTuber signals: vtuber, vtuberth; Thai confidence: 1.00; Sources: Thai VTuber Ranking; Active (last video published 1 days ago)",True
UCvbHZ8Ye_C0BHMLVU9F9nuA,NALIKA Vtuber,@nalika_vtuber,https://www.youtube.com/channel/UCvbHZ8Ye_C0BHMLVU9F9nuA,Independent,active,CONFIRMED,vtuber_nalika_vtuber,NALIKA Vtuber,main,9250,96,1814115,2026-09-05T02:00:16+00:00,,0.2,Thai VTuber Ranking,2026-09-06T15:07:31.315059+00:00,"VTuber signals: vtuber, thai vtuber; Sources: Thai VTuber Ranking; Active (last video published 1 days ago)",True
UCvAjpLYnhtnZn-6UDT4rraQ,TOMA Ch.,@slushytoma,https://www.youtube.com/channel/UCvAjpLYnhtnZn-6UDT4rraQ,Independent,active,CONFIRMED,vtuber_slushytoma,TOMA Ch.,main,2510,33,113731,2026-09-02T14:04:43+00:00,,0.45,Thai VTuber Ranking,2026-09-06T15:07:31.315087+00:00,Thai confidence: 0.45; Sources: Thai VTuber Ranking; Active (last video published 4 days ago),True
UCv8Jc5Icn5MIoBC1g-dXH8Q,- MINTKUNG XD -,@mintkungxd,https://www.youtube.com/channel/UCv8Jc5Icn5MIoBC1g-dXH8Q,Independent,active,CONFIRMED,vtuber_mintkungxd,- MINTKUNG XD -,main,6160,166,127087,2026-08-31T20:40:57+00:00,TH,0.65,Thai VTuber Ranking,2026-09-06T15:07:31.315141+00:00,Thai confidence: 0.65; Sources: Thai VTuber Ranking; Active (last video published 5 days ago),True
UCtqg53LG-0LfkUn5PssQr_g,Kumi Chan「クミちゃん」,@kitsunekumichan,https://www.youtube.com/channel/UCtqg53LG-0LfkUn5PssQr_g,Independent,active,CONFIRMED,vtuber_kitsunekumichan,Kumi Chan「クミちゃん」,main,3360,344,158779,2026-07-15T18:39:41+00:00,,0.45,Thai VTuber Ranking,2026-09-06T15:07:31.315229+00:00,Thai confidence: 0.45; Sources: Thai VTuber Ranking; Active (last video published 52 days ago),True
UCtwkgAaBfYn8dGavjDAITxg,Kitsunebana Aiku Ch.,@kitsuaiku_th,https://www.youtube.com/channel/UCtwkgAaBfYn8dGavjDAITxg,Independent,active,CONFIRMED,vtuber_kitsuaiku_th,Kitsunebana Aiku Ch.,main,387,97,21991,2026-09-04T18:37:45+00:00,TH,0.5,Thai VTuber Ranking,2026-09-06T15:07:31.315257+00:00,VTuber signals: virtual idol; Thai confidence: 0.50; Sources: Thai VTuber Ranking; Active (last video published 1 days ago),True
UCtzBNRsOnn_xYOmXm09YAMw,Tanujo [ECR],@aredhantanujo,https://www.youtube.com/channel/UCtzBNRsOnn_xYOmXm09YAMw,Independent,active,CONFIRMED,vtuber_aredhantanujo,Tanujo [ECR],main,7140,332,584859,2026-09-03T11:32:39+00:00,TH,0.8,Thai VTuber Ranking,2026-09-06T15:07:31.315366+00:00,Thai confidence: 0.80; Sources: Thai VTuber Ranking; Active (last video published 3 days ago),True
UCu5cg0PIbWKd3VuBgu6KDIA,Natsu Ch.,@taka_natsu23,https://www.youtube.com/channel/UCu5cg0PIbWKd3VuBgu6KDIA,Independent,active,CONFIRMED,vtuber_taka_natsu23,Natsu Ch.,main,229,98,7758,2026-08-31T16:07:37+00:00,TH,0.8,Thai VTuber Ranking,2026-09-06T15:07:31.315415+00:00,Thai confidence: 0.80; Sources: Thai VTuber Ranking; Active (last video published 5 days ago),True
UCvxN2R4-6hqHGYX-AL8Q7Qw,Owen Zwei Ch.,@owenzwei,https://www.youtube.com/channel/UCvxN2R4-6hqHGYX-AL8Q7Qw,Independent,hiatus,CONFIRMED,vtuber_owenzwei,Owen Zwei Ch.,main,2030,206,56303,2026-02-28T16:19:57+00:00,,0.45,Thai VTuber Ranking,2026-09-06T15:07:31.315568+00:00,Thai confidence: 0.45; Sources: Thai VTuber Ranking; Hiatus / Inactive for 189 days (> 180d),True
UCvHE7qpAydoWR1vhT2-ZHFg,Taki Fugu Ch.,@takifuguch,https://www.youtube.com/channel/UCvHE7qpAydoWR1vhT2-ZHFg,Independent,active,CONFIRMED,vtuber_takifuguch,Taki Fugu Ch.,main,25800,599,2692892,2026-09-05T14:47:58+00:00,,0.45,Thai VTuber Ranking,2026-09-06T15:07:31.315626+00:00,Thai confidence: 0.45; Sources: Thai VTuber Ranking; Active (last video published 1 days ago),True
UCuGrBxlTZGYY7dpx9eLFsZw,Bak Land,@bakland_der,https://www.youtube.com/channel/UCuGrBxlTZGYY7dpx9eLFsZw,Independent,active,CONFIRMED,vtuber_bakland_der,Bak Land,main,2450,557,442198,2026-09-05T11:00:10+00:00,,0.45,Thai VTuber Ranking,2026-09-06T15:07:31.315657+00:00,Thai confidence: 0.45; Sources: Thai VTuber Ranking; Active (last video published 1 days ago),True
UCw5SDGBx4mHpBtBj_qfupWg,Bunana (old channel),@bunana,https://www.youtube.com/channel/UCw5SDGBx4mHpBtBj_qfupWg,Independent,hiatus,CONFIRMED,vtuber_bunana,Bunana (old channel),main,4930,307,384376,2024-05-02T01:44:05+00:00,TH,0.8,Thai VTuber Ranking,2026-09-06T15:07:31.315688+00:00,Thai confidence: 0.80; Sources: Thai VTuber Ranking; Hiatus / Inactive for 857 days (> 180d),True
UCwLCMt4wN6dTIWvxt0w95rQ,Alvina Ch,@alvina-ch,https://www.youtube.com/channel/UCwLCMt4wN6dTIWvxt0w95rQ,Independent,active,CONFIRMED,vtuber_alvina-ch,Alvina Ch,main,15200,267,1120107,2026-09-04T15:57:47+00:00,TH,0.8,Thai VTuber Ranking,2026-09-06T15:07:31.315733+00:00,Thai confidence: 0.80; Sources: Thai VTuber Ranking; Active (last video published 1 days ago),True
UCw-oKO2PVt2CvgcEjuODDRw,Yukito - ユキト,@yukito-3595,https://www.youtube.com/channel/UCw-oKO2PVt2CvgcEjuODDRw,Independent,hiatus,CONFIRMED,vtuber_yukito-3595,Yukito - ユキト,main,1210,104,95399,2022-04-17T03:00:50+00:00,TH,0.8,Thai VTuber Ranking,2026-09-06T15:07:31.315768+00:00,Thai confidence: 0.80; Sources: Thai VTuber Ranking; Hiatus / Inactive for 1603 days (> 180d),True
UCvWAlkD3Aguu5zAh7X3ZPPA,Miguel Noxz,@miguelnoxz,https://www.youtube.com/channel/UCvWAlkD3Aguu5zAh7X3ZPPA,Independent,active,CONFIRMED,vtuber_miguelnoxz,Miguel Noxz,main,8390,177,96573,2026-08-16T14:37:41+00:00,TH,0.35,Thai VTuber Ranking,2026-09-06T15:07:31.315800+00:00,Thai confidence: 0.35; Sources: Thai VTuber Ranking; Active (last video published 21 days ago),True
UCtunm6uij5wVkzTAfcH0aig,Dalphon_Vtuber ,@dalphonvtuber,https://www.youtube.com/channel/UCtunm6uij5wVkzTAfcH0aig,Independent,active,CONFIRMED,vtuber_dalphonvtuber,Dalphon_Vtuber ,main,997,168,196127,2026-08-15T11:50:43+00:00,,0.45,Thai VTuber Ranking,2026-09-06T15:07:31.315832+00:00,VTuber signals: vtuber; Thai confidence: 0.45; Sources: Thai VTuber Ranking; Active (last video published 22 days ago),True
UCv4vY8ecIowhnHMvuNt7ywg,Evelyn Treeswift,@evelyntreeswift,https://www.youtube.com/channel/UCv4vY8ecIowhnHMvuNt7ywg,Independent,active,CONFIRMED,vtuber_evelyntreeswift,Evelyn Treeswift,main,11900,329,944089,2026-09-01T03:42:21+00:00,,0.45,Thai VTuber Ranking,2026-09-06T15:07:31.315864+00:00,Thai confidence: 0.45; Sources: Thai VTuber Ranking; Active (last video published 5 days ago),True
UCtXAgf3uaHnIZyLr3fF8Fnw,Faribell SEIREKI [ 西暦 ],@faribellseireki,https://www.youtube.com/channel/UCtXAgf3uaHnIZyLr3fF8Fnw,Independent,active,CONFIRMED,vtuber_faribellseireki,Faribell SEIREKI [ 西暦 ],main,6480,631,200685,2026-08-30T16:31:04+00:00,TH,0.55,Thai VTuber Ranking,2026-09-06T15:07:31.315890+00:00,"VTuber signals: vtuber, thai vtuber; Thai confidence: 0.55; Sources: Thai VTuber Ranking; Active (last video published 6 days ago)",True
UCvJ9kX_3beaSWPPfHPBq8Uw,Rong da Ferret ,@rong_ferrettie,https://www.youtube.com/channel/UCvJ9kX_3beaSWPPfHPBq8Uw,Independent,active,CONFIRMED,vtuber_rong_ferrettie,Rong da Ferret ,main,8190,78,71957,2026-06-06T11:00:21+00:00,TH,0.8,Thai VTuber Ranking,2026-09-06T15:07:31.315943+00:00,Thai confidence: 0.80; Sources: Thai VTuber Ranking; Active (last video published 92 days ago),True
UCuyrIzf_bCTnyJHktJVpe4g,Atlanteia Sireen Ch. Lumina-First-Myth,@atlanteiasireen,https://www.youtube.com/channel/UCuyrIzf_bCTnyJHktJVpe4g,Lumina Live,active,CONFIRMED,vtuber_atlanteiasireen,Atlanteia Sireen Ch. Lumina-First-Myth,main,29200,885,2095109,2026-09-05T11:37:37+00:00,TH,0.8,Thai VTuber Ranking,2026-09-06T15:07:31.315992+00:00,VTuber signals: agency:Lumina Live; Agency: Lumina Live; Thai confidence: 0.80; Sources: Thai VTuber Ranking; Active (last video published 1 days ago),True
UCvTchQs3VuPF74Y3e6pPAMQ,SwordAce,@swordace,https://www.youtube.com/channel/UCvTchQs3VuPF74Y3e6pPAMQ,Independent,active,CONFIRMED,vtuber_swordace,SwordAce,main,153000,1631,20439913,2026-09-05T14:46:30+00:00,TH,0.35,Thai VTuber Ranking,2026-09-06T15:07:31.316020+00:00,Thai confidence: 0.35; Sources: Thai VTuber Ranking; Active (last video published 1 days ago),True
UCvjP5hF6Z7o8C4HWEVZmVSQ,Amello,@amello_channel,https://www.youtube.com/channel/UCvjP5hF6Z7o8C4HWEVZmVSQ,Independent,active,CONFIRMED,vtuber_amello_channel,Amello,main,928,218,91911,2026-09-04T15:53:27+00:00,,0.0,Thai VTuber Ranking,2026-09-06T15:07:31.316056+00:00,VTuber signals: vtuber; Sources: Thai VTuber Ranking; Active (last video published 1 days ago),True
UCwKydIfpAlllZap4K7dzJ4g,HyougaAlpha Ch.【ARP】,@hyougaalpha_arp,https://www.youtube.com/channel/UCwKydIfpAlllZap4K7dzJ4g,Algorhythm Project,active,CONFIRMED,vtuber_hyougaalpha_arp,HyougaAlpha Ch.【ARP】,main,35200,509,1545404,2026-09-01T08:38:04+00:00,TH,0.8,Thai VTuber Ranking,2026-09-06T15:07:31.316121+00:00,"VTuber signals: vtuber, vtuberth, agency:Algorhythm Project; Agency: Algorhythm Project; Thai confidence: 0.80; Sources: Thai VTuber Ranking; Active (last video published 5 days ago)",True
UCtiDekGvmiFPVU6hfUDprcw,TIWa_SAMA Ch.,@tiwasama,https://www.youtube.com/channel/UCtiDekGvmiFPVU6hfUDprcw,Independent,active,CONFIRMED,vtuber_tiwasama,TIWa_SAMA Ch.,main,510,211,50331,2026-09-03T01:00:25+00:00,,0.45,Thai VTuber Ranking,2026-09-06T15:07:31.316186+00:00,Thai confidence: 0.45; Sources: Thai VTuber Ranking; Active (last video published 3 days ago),True
UCw64ItsCX0Cb4lCjb68oTpw,Eileennoir Ch.,@eileennoir,https://www.youtube.com/channel/UCw64ItsCX0Cb4lCjb68oTpw,Independent,active,CONFIRMED,vtuber_eileennoir,Eileennoir Ch.,main,134000,784,14710865,2026-09-04T17:08:04+00:00,TH,0.85,Thai VTuber Ranking; Virtual YouTuber Fandom Wiki,2026-09-06T15:07:31.316240+00:00,"VTuber signals: vtuber; Thai confidence: 0.85; Sources: Thai VTuber Ranking, Virtual YouTuber Fandom Wiki; Active (last video published 1 days ago)",True
UCuZ1ajvlGFUMCHZAPdetKHw,Dacapo Ch.【ARP】,@dacapo_arp,https://www.youtube.com/channel/UCuZ1ajvlGFUMCHZAPdetKHw,Algorhythm Project,active,CONFIRMED,vtuber_dacapo,Dacapo ARP,main,453000,541,61195213,2026-09-05T05:41:19+00:00,TH,0.35,Thai VTuber Ranking; Virtual YouTuber Fandom Wiki,2026-09-06T15:07:31.316262+00:00,"VTuber signals: agency:Algorhythm Project; Agency: Algorhythm Project; Thai confidence: 0.35; Sources: Thai VTuber Ranking, Virtual YouTuber Fandom Wiki; Active (last video published 1 days ago)",True
UCvOrkbDoUwKzbtODiiU8YXg,Mirae Solstice🌌VtuberTH🌅,@miraesolstice,https://www.youtube.com/channel/UCvOrkbDoUwKzbtODiiU8YXg,Independent,active,CONFIRMED,vtuber_miraesolstice,Mirae Solstice🌌VtuberTH🌅,main,1060,458,281028,2026-09-05T06:46:34+00:00,TH,1.0,Thai VTuber Ranking,2026-09-06T15:07:31.316343+00:00,"VTuber signals: vtuber, วีทูป, vtuberth; Thai confidence: 1.00; Sources: Thai VTuber Ranking; Active (last video published 1 days ago)",True
UCvZWxyOOheSuqwVVIT-lJjw,It's SouYuu vtb,@itssouyuuvtuber,https://www.youtube.com/channel/UCvZWxyOOheSuqwVVIT-lJjw,Independent,hiatus,CONFIRMED,vtuber_itssouyuuvtuber,It's SouYuu vtb,main,2910,53,231070,2026-02-25T11:30:50+00:00,TH,0.35,Thai VTuber Ranking,2026-09-06T15:07:31.316376+00:00,VTuber signals: vtuber; Thai confidence: 0.35; Sources: Thai VTuber Ranking; Hiatus / Inactive for 193 days (> 180d),True
UCuSeRbNKfziUQdW6hZgiZjw,Lu Yao Ch.,@luyaoch,https://www.youtube.com/channel/UCuSeRbNKfziUQdW6hZgiZjw,Independent,active,CONFIRMED,vtuber_luyaoch,Lu Yao Ch.,main,13400,479,506743,2026-08-17T14:49:51+00:00,TH,0.8,Thai VTuber Ranking,2026-09-06T15:07:31.316404+00:00,Thai confidence: 0.80; Sources: Thai VTuber Ranking; Active (last video published 20 days ago),True
UCw79Wj7JKNTtBiVqA8OJlSg,Geno Ch.『TST』,@geno_tst,https://www.youtube.com/channel/UCw79Wj7JKNTtBiVqA8OJlSg,Independent,active,CONFIRMED,vtuber_geno_tst,Geno Ch.『TST』,main,2350,305,107658,2026-09-01T13:56:00+00:00,TH,0.35,Thai VTuber Ranking,2026-09-06T15:07:31.316434+00:00,"VTuber signals: vtuber, live2d; Thai confidence: 0.35; Sources: Thai VTuber Ranking; Active (last video published 5 days ago)",True
UCw7YDtEaJFn1cOoQdBx3lIA,Rainnimin,@rainnimin,https://www.youtube.com/channel/UCw7YDtEaJFn1cOoQdBx3lIA,Independent,active,CONFIRMED,vtuber_rainnimin,Rainnimin,main,3000,340,152360,2026-09-03T03:12:38+00:00,TH,1.0,Thai VTuber Ranking,2026-09-06T15:07:31.316510+00:00,"VTuber signals: vtuber, วีทูปเบอร์, วีทูป, live2d, vtuberth; Thai confidence: 1.00; Sources: Thai VTuber Ranking; Active (last video published 3 days ago)",True
UCvQ3ivV2lcNxaSr66Xl_Kcw,【แวมเป้า】- Vampaow,@vampaowch,https://www.youtube.com/channel/UCvQ3ivV2lcNxaSr66Xl_Kcw,Independent,active,CONFIRMED,vtuber_vampaowch,【แวมเป้า】- Vampaow,main,965,88,101637,2026-09-05T02:57:48+00:00,,0.45,Thai VTuber Ranking,2026-09-06T15:07:31.316546+00:00,Thai confidence: 0.45; Sources: Thai VTuber Ranking; Active (last video published 1 days ago),True
UCtPjQ122cAR7pcv0NiSPhyQ,Thara Ocean Fae ,@tharaoceanfae,https://www.youtube.com/channel/UCtPjQ122cAR7pcv0NiSPhyQ,Independent,active,CONFIRMED,vtuber_tharaoceanfae,Thara Ocean Fae ,main,2470,374,131070,2026-09-05T07:33:46+00:00,TH,0.5,Thai VTuber Ranking,2026-09-06T15:07:31.316573+00:00,Thai confidence: 0.50; Sources: Thai VTuber Ranking; Active (last video published 1 days ago),True
UCuknM_MfOGBZgedmcu8sf-w,•Battosenpai•,@battosenpai,https://www.youtube.com/channel/UCuknM_MfOGBZgedmcu8sf-w,Independent,active,CONFIRMED,vtuber_battosenpai,•Battosenpai•,main,943,661,34633,2026-07-18T15:21:19+00:00,TH,0.8,Thai VTuber Ranking,2026-09-06T15:07:31.316606+00:00,Thai confidence: 0.80; Sources: Thai VTuber Ranking; Active (last video published 49 days ago),True
UCvHE8ZCOcfZR_8HvmBA9JBw,Kapz,@kapz_vvn,https://www.youtube.com/channel/UCvHE8ZCOcfZR_8HvmBA9JBw,Independent,active,CONFIRMED,vtuber_kapz_vvn,Kapz,main,2040,126,230143,2026-09-02T12:53:03+00:00,TH,0.35,Thai VTuber Ranking,2026-09-06T15:07:31.316638+00:00,Thai confidence: 0.35; Sources: Thai VTuber Ranking; Active (last video published 4 days ago),True
UCus7FjtV4qGWS1v1GIhfZaQ,Wallace VV,@wallacevv3521,https://www.youtube.com/channel/UCus7FjtV4qGWS1v1GIhfZaQ,Independent,hiatus,CONFIRMED,vtuber_wallacevv3521,Wallace VV,main,2820,6,3842,2025-04-05T14:55:39+00:00,TH,0.55,Thai VTuber Ranking,2026-09-06T15:07:31.316666+00:00,"VTuber signals: vtuber, thai vtuber; Thai confidence: 0.55; Sources: Thai VTuber Ranking; Hiatus / Inactive for 519 days (> 180d)",True
UCutz6S1DcEHPnEb_r9ztkzg,Hinabe HongFei Ch. Pixela Project,@hinabehongfei,https://www.youtube.com/channel/UCutz6S1DcEHPnEb_r9ztkzg,Pixela Project,hiatus,CONFIRMED,vtuber_hinabehongfei,Hinabe HongFei Ch. Pixela Project,main,127000,665,8082993,2023-12-10T11:00:10+00:00,TH,0.8,Thai VTuber Ranking; Virtual YouTuber Fandom Wiki,2026-09-06T15:07:31.316693+00:00,"VTuber signals: agency:Pixela Project; Agency: Pixela Project; Thai confidence: 0.80; Sources: Thai VTuber Ranking, Virtual YouTuber Fandom Wiki; Hiatus / Inactive for 1001 days (> 180d)",True
UCOY60szLyP_E8RuT6jVAVHg,Aruna Shuun Ch. Pixela Destiny,@shuunaruna,https://www.youtube.com/channel/UCOY60szLyP_E8RuT6jVAVHg,Pixela Project,hiatus,CONFIRMED,vtuber_shuunaruna,Aruna Shuun Ch. Pixela Destiny,main,43500,429,5275393,2025-06-08T13:13:45+00:00,TH,0.35,Thai VTuber Ranking,2026-09-06T15:07:31.316716+00:00,VTuber signals: agency:Pixela Project; Agency: Pixela Project; Thai confidence: 0.35; Sources: Thai VTuber Ranking; Hiatus / Inactive for 455 days (> 180d),True
UCP8f5nq2YdKUmHmLUCkroSw,Nx-Aji,@nxaji,https://www.youtube.com/channel/UCP8f5nq2YdKUmHmLUCkroSw,Independent,unknown,CONFIRMED,vtuber_nxaji,Nx-Aji,main,11900,0,0,,TH,0.8,Thai VTuber Ranking; Virtual YouTuber Fandom Wiki,2026-09-06T15:07:31.316756+00:00,"VTuber signals: vtuber, vtuberth; Thai confidence: 0.80; Sources: Thai VTuber Ranking, Virtual YouTuber Fandom Wiki; No public video history recorded",False
UCQGAawBLXuFEodAGOANkAdQ,J U $ T - Virtual7『TH』,@just_007,https://www.youtube.com/channel/UCQGAawBLXuFEodAGOANkAdQ,Independent,hiatus,CONFIRMED,vtuber_just_007,J U $ T - Virtual7『TH』,main,21500,428,2829022,2025-09-09T08:14:08+00:00,TH,0.85,Thai VTuber Ranking,2026-09-06T15:07:31.316796+00:00,"VTuber signals: vtuber, vtuberth; Thai confidence: 0.85; Sources: Thai VTuber Ranking; Hiatus / Inactive for 362 days (> 180d)",True
UCPf8rkZeeiHlQUC0CMgxPQw,MOHOMI,@mohomiz,https://www.youtube.com/channel/UCPf8rkZeeiHlQUC0CMgxPQw,Independent,active,CONFIRMED,vtuber_mohomiz,MOHOMI,main,12400,176,185638,2026-08-25T18:48:20+00:00,,0.45,Thai VTuber Ranking,2026-09-06T15:07:31.316837+00:00,"VTuber signals: วีทูปเบอร์, วีทูป; Thai confidence: 0.45; Sources: Thai VTuber Ranking; Active (last video published 11 days ago)",True
UCQf7QAgBILAuLKG0Eg_WLBw,SayJifuyuV,@jifuyuv,https://www.youtube.com/channel/UCQf7QAgBILAuLKG0Eg_WLBw,Independent,active,CONFIRMED,vtuber_jifuyuv,SayJifuyuV,main,2040,302,330205,2026-09-01T22:17:10+00:00,TH,0.8,Thai VTuber Ranking,2026-09-06T15:07:31.316861+00:00,Thai confidence: 0.80; Sources: Thai VTuber Ranking; Active (last video published 4 days ago),True
UCOuX_UFS7o1y-JJN7cmHl1A,YotChi,@yotchich,https://www.youtube.com/channel/UCOuX_UFS7o1y-JJN7cmHl1A,Independent,active,CONFIRMED,vtuber_yotchich,YotChi,main,2090,686,118794,2026-09-03T10:43:37+00:00,TH,1.0,Thai VTuber Ranking,2026-09-06T15:07:31.316898+00:00,VTuber signals: virtual youtuber; Thai confidence: 1.00; Sources: Thai VTuber Ranking; Active (last video published 3 days ago),True
UCQs4BC3S0KSw7i0ggHXn8TA,Quentin Ch.【ARP】,@quentin_arp,https://www.youtube.com/channel/UCQs4BC3S0KSw7i0ggHXn8TA,Algorhythm Project,hiatus,CONFIRMED,vtuber_quentin_arp,Quentin Ch.【ARP】,main,59700,138,4385252,2025-04-02T16:43:45+00:00,,0.0,Thai VTuber Ranking,2026-09-06T15:07:31.316945+00:00,VTuber signals: agency:Algorhythm Project; Agency: Algorhythm Project; Sources: Thai VTuber Ranking; Hiatus / Inactive for 521 days (> 180d),True
UCQClP6HJ_vecN7W2YmTnLmg,Ricotta Ch.【ARP】,@ricotta_arp,https://www.youtube.com/channel/UCQClP6HJ_vecN7W2YmTnLmg,Algorhythm Project,hiatus,CONFIRMED,vtuber_ricotta_arp,Ricotta Ch.【ARP】,main,13300,58,139754,2025-04-02T18:09:38+00:00,TH,0.35,Thai VTuber Ranking,2026-09-06T15:07:31.317001+00:00,"VTuber signals: live2d, agency:Algorhythm Project; Agency: Algorhythm Project; Thai confidence: 0.35; Sources: Thai VTuber Ranking; Hiatus / Inactive for 521 days (> 180d)",True
UCOv7oTy19P_uD5LmMFP9qUA,Rinna Rin,@rinnarinrn,https://www.youtube.com/channel/UCOv7oTy19P_uD5LmMFP9qUA,Independent,active,CONFIRMED,vtuber_rinnarinrn,Rinna Rin,main,3270,1068,215297,2026-09-03T16:16:44+00:00,TH,0.8,Thai VTuber Ranking,2026-09-06T15:07:31.317045+00:00,Thai confidence: 0.80; Sources: Thai VTuber Ranking; Active (last video published 2 days ago),True
UCQSPYuDISdhcuvXsAhn3BTQ,Lunatrix Ch.,@lunatrixch,https://www.youtube.com/channel/UCQSPYuDISdhcuvXsAhn3BTQ,Independent,active,CONFIRMED,vtuber_lunatrixch,Lunatrix Ch.,main,138000,763,33507325,2026-09-03T17:24:08+00:00,TH,0.8,Thai VTuber Ranking; Virtual YouTuber Fandom Wiki,2026-09-06T15:07:31.317077+00:00,"VTuber signals: วีทูบเบอร์; Thai confidence: 0.80; Sources: Thai VTuber Ranking, Virtual YouTuber Fandom Wiki; Active (last video published 2 days ago)",True
UCQkOhOg9Q1uYjfHSvuHMX6w,Jiah ch. Euphora,@jiahepr,https://www.youtube.com/channel/UCQkOhOg9Q1uYjfHSvuHMX6w,Euphora Project,active,CONFIRMED,vtuber_jiahepr,Jiah ch. Euphora,main,22700,136,121843,2026-06-13T12:12:32+00:00,TH,0.8,Thai VTuber Ranking,2026-09-06T15:07:31.317121+00:00,"VTuber signals: vtuber, agency:Euphora Project; Agency: Euphora Project; Thai confidence: 0.80; Sources: Thai VTuber Ranking; Active (last video published 85 days ago)",True
UCOuVBxzBW503oxpubfVEF3Q,Just ONELL,@onell_oa,https://www.youtube.com/channel/UCOuVBxzBW503oxpubfVEF3Q,Independent,active,CONFIRMED,vtuber_onell_oa,Just ONELL,main,513,172,47150,2026-09-04T09:00:05+00:00,,0.45,Thai VTuber Ranking,2026-09-06T15:07:31.317164+00:00,Thai confidence: 0.45; Sources: Thai VTuber Ranking; Active (last video published 2 days ago),True
UCPVWE9LAQH_Tttu3bHT8puQ,ขนปุย,@fluffy_beary,https://www.youtube.com/channel/UCPVWE9LAQH_Tttu3bHT8puQ,Independent,active,CONFIRMED,vtuber_fluffy_beary,ขนปุย,main,3600,69,141245,2026-07-26T18:33:54+00:00,,0.45,Thai VTuber Ranking,2026-09-06T15:07:31.317191+00:00,Thai confidence: 0.45; Sources: Thai VTuber Ranking; Active (last video published 41 days ago),True
UCPiTBgk5j5A8wDdoyJ-01iA,Hoshino Tamami Ch. 【POLYGON】,@tamamiplg,https://www.youtube.com/channel/UCPiTBgk5j5A8wDdoyJ-01iA,Polygon Official,active,CONFIRMED,vtuber_tamamiplg,Hoshino Tamami Ch. 【POLYGON】,main,16600,567,824151,2026-05-21T10:00:12+00:00,TH,0.8,Thai VTuber Ranking; Virtual YouTuber Fandom Wiki,2026-09-06T15:07:31.317261+00:00,"VTuber signals: agency:Polygon Official; Agency: Polygon Official; Thai confidence: 0.80; Sources: Thai VTuber Ranking, Virtual YouTuber Fandom Wiki; Active (last video published 108 days ago)",True
UCPdYJjRagj71zeEgh3v0R6Q,KuraAlan,@alanchkurayami,https://www.youtube.com/channel/UCPdYJjRagj71zeEgh3v0R6Q,Independent,active,CONFIRMED,vtuber_alanchkurayami,KuraAlan,main,8420,406,196560,2026-05-31T16:43:18+00:00,TH,0.55,Thai VTuber Ranking; Virtual YouTuber Fandom Wiki,2026-09-06T15:07:31.317284+00:00,"VTuber signals: vtuber, thai vtuber; Thai confidence: 0.55; Sources: Thai VTuber Ranking, Virtual YouTuber Fandom Wiki; Active (last video published 97 days ago)",True
UCPgZ3g9jYeuj5mLBJ5APp0A,Sasaささ-Lucix,@saluicx,https://www.youtube.com/channel/UCPgZ3g9jYeuj5mLBJ5APp0A,Independent,hiatus,CONFIRMED,vtuber_saluicx,Sasaささ-Lucix,main,8440,126,251305,2024-11-05T06:21:57+00:00,TH,0.8,Thai VTuber Ranking; Virtual YouTuber Fandom Wiki,2026-09-06T15:07:31.317322+00:00,"Thai confidence: 0.80; Sources: Thai VTuber Ranking, Virtual YouTuber Fandom Wiki; Hiatus / Inactive for 670 days (> 180d)",True
UCP1bDt91t4IsUJ4EgPBg1Og,SWITCHIZ,@switchiz,https://www.youtube.com/channel/UCP1bDt91t4IsUJ4EgPBg1Og,Independent,active,CONFIRMED,vtuber_switchiz,SWITCHIZ,main,1780,594,120734,2026-08-20T10:57:45+00:00,TH,0.8,Thai VTuber Ranking,2026-09-06T15:07:31.317363+00:00,Thai confidence: 0.80; Sources: Thai VTuber Ranking; Active (last video published 17 days ago),True
UCR-zVE5eBtbAnTHlZFz5Pzg,Npc•Artist ,@npc.artist,https://www.youtube.com/channel/UCR-zVE5eBtbAnTHlZFz5Pzg,Independent,hiatus,CONFIRMED,vtuber_npc.artist,Npc•Artist ,main,4140,73,24619,2025-02-14T06:29:58+00:00,TH,0.55,Thai VTuber Ranking,2026-09-06T15:07:31.317397+00:00,VTuber signals: vtuber; Thai confidence: 0.55; Sources: Thai VTuber Ranking; Hiatus / Inactive for 569 days (> 180d),True
UCQV-OVdAFkMRyZyotBxX6TQ,Melanox Lunix「ALF」,@melanox_alf,https://www.youtube.com/channel/UCQV-OVdAFkMRyZyotBxX6TQ,ALF,active,CONFIRMED,vtuber_melanox_alf,Melanox Lunix「ALF」,main,2570,151,207845,2026-09-05T07:09:02+00:00,,0.45,Thai VTuber Ranking,2026-09-06T15:07:31.317428+00:00,Thai confidence: 0.45; Sources: Thai VTuber Ranking; Active (last video published 1 days ago),True
UCQMHAPgxhO634HZIJraHPTA,Linden Emilio,@lindenemilio4523,https://www.youtube.com/channel/UCQMHAPgxhO634HZIJraHPTA,Independent,hiatus,CONFIRMED,vtuber_lindenemilio4523,Linden Emilio,main,2860,175,77062,2022-05-16T16:14:04+00:00,,0.2,Thai VTuber Ranking,2026-09-06T15:07:31.317449+00:00,"VTuber signals: vtuber, thai vtuber; Sources: Thai VTuber Ranking; Hiatus / Inactive for 1573 days (> 180d)",True
UCQsrKHkR4lZpdKVL8QOgtgg,Akihira Ch.- あきひら -,@akihira_ch,https://www.youtube.com/channel/UCQsrKHkR4lZpdKVL8QOgtgg,Independent,active,CONFIRMED,vtuber_akihira_ch,Akihira Ch.- あきひら -,main,9850,875,820861,2026-09-03T13:13:23+00:00,,0.45,Thai VTuber Ranking,2026-09-06T15:07:31.317483+00:00,Thai confidence: 0.45; Sources: Thai VTuber Ranking; Active (last video published 3 days ago),True
UCPtilLPQCGVrhxeuu7nbxRQ,Antia Ch. 【Mystery】,@antiavtuber,https://www.youtube.com/channel/UCPtilLPQCGVrhxeuu7nbxRQ,Independent,active,CONFIRMED,vtuber_antiavtuber,Antia Ch. 【Mystery】,main,2370,234,112218,2026-09-03T14:32:46+00:00,TH,0.8,Thai VTuber Ranking,2026-09-06T15:07:31.317512+00:00,"VTuber signals: วีทูปเบอร์, วีทูป; Thai confidence: 0.80; Sources: Thai VTuber Ranking; Active (last video published 3 days ago)",True
UCQ6O2psxMSAQ5Tt2DUp3_Rg,Night Nai ナイトナイ,@nightnightpngtuber,https://www.youtube.com/channel/UCQ6O2psxMSAQ5Tt2DUp3_Rg,Independent,active,CONFIRMED,vtuber_nightnightpngtuber,Night Nai ナイトナイ,main,3010,693,216539,2026-09-03T14:38:02+00:00,TH,0.8,Thai VTuber Ranking,2026-09-06T15:07:31.317576+00:00,VTuber signals: vtuber; Thai confidence: 0.80; Sources: Thai VTuber Ranking; Active (last video published 3 days ago),True
UCQMUyz21FbKDC_8o-5iQ7ZA,ZhenLinxing ch. PowerPay,@zhenlinxing,https://www.youtube.com/channel/UCQMUyz21FbKDC_8o-5iQ7ZA,Independent,hiatus,CONFIRMED,vtuber_zhenlinxing,ZhenLinxing ch. PowerPay,main,7790,70,74654,2022-12-15T01:30:34+00:00,,0.45,Thai VTuber Ranking,2026-09-06T15:07:31.317621+00:00,VTuber signals: virtual idol; Thai confidence: 0.45; Sources: Thai VTuber Ranking; Hiatus / Inactive for 1361 days (> 180d),True
UCPb2Vtt7YjjaNsqlk3Za9-A,Gojila Ch. ก็อตจิ,@gojilagodji,https://www.youtube.com/channel/UCPb2Vtt7YjjaNsqlk3Za9-A,Independent,active,CONFIRMED,vtuber_gojilagodji,Gojila Ch. ก็อตจิ,main,5080,651,173811,2026-08-13T03:55:42+00:00,TH,0.8,Thai VTuber Ranking,2026-09-06T15:07:31.317673+00:00,Thai confidence: 0.80; Sources: Thai VTuber Ranking; Active (last video published 24 days ago),True
UCP9x4Ib5jyCiZTjcRY8HTsg,【Madoka to Nihongo!】まどかと にほんご!,@madokatonihongo1761,https://www.youtube.com/channel/UCP9x4Ib5jyCiZTjcRY8HTsg,Independent,hiatus,CONFIRMED,vtuber_madokatonihongo1761,【Madoka to Nihongo!】まどかと にほんご!,main,1750,37,32085,2021-02-16T02:41:33+00:00,JP,0.65,Thai VTuber Ranking,2026-09-06T15:07:31.317745+00:00,VTuber signals: vtuber; Thai confidence: 0.65; Sources: Thai VTuber Ranking; Hiatus / Inactive for 2028 days (> 180d),True
UCPMOk4hbIh5A-_6uNhzAvDg,Kitsuneko Mewten Ch. Pixela-Isekai,@kitsunekomewten,https://www.youtube.com/channel/UCPMOk4hbIh5A-_6uNhzAvDg,Pixela Project,active,CONFIRMED,vtuber_kitsunekomewten,Kitsuneko Mewten Ch. Pixela-Isekai,main,36300,1059,2630958,2026-09-03T10:00:26+00:00,TH,0.8,Thai VTuber Ranking; Virtual YouTuber Fandom Wiki,2026-09-06T15:07:31.317789+00:00,"VTuber signals: agency:Pixela Project; Agency: Pixela Project; Thai confidence: 0.80; Sources: Thai VTuber Ranking, Virtual YouTuber Fandom Wiki; Active (last video published 3 days ago)",True
UCPHqJsNtOp94Vcol4DPKpSA,SiamNeko Ch.【ARP】,@siamneko_arp,https://www.youtube.com/channel/UCPHqJsNtOp94Vcol4DPKpSA,Algorhythm Project,active,CONFIRMED,vtuber_siamneko_arp,SiamNeko Ch.【ARP】,main,47000,130,1141943,2026-05-28T15:09:52+00:00,JP,0.45,Thai VTuber Ranking,2026-09-06T15:07:31.317823+00:00,"VTuber signals: vtuber, agency:Algorhythm Project; Agency: Algorhythm Project; Thai confidence: 0.45; Sources: Thai VTuber Ranking; Active (last video published 100 days ago)",True
UCPb3O6Vqyk7b5b1cpYXGxhQ,Moonique Ch.,@mooniquevt,https://www.youtube.com/channel/UCPb3O6Vqyk7b5b1cpYXGxhQ,Independent,active,CONFIRMED,vtuber_mooniquevt,Moonique Ch.,main,14400,373,707288,2026-09-02T16:53:40+00:00,TH,0.55,Thai VTuber Ranking,2026-09-06T15:07:31.317845+00:00,"VTuber signals: vtuber, thai vtuber; Thai confidence: 0.55; Sources: Thai VTuber Ranking; Active (last video published 3 days ago)",True
UCOX-wAA5Yzn1JPt6MsgO8VQ,Letia ch.【FIXIX VT】,@letiach.fixixvt,https://www.youtube.com/channel/UCOX-wAA5Yzn1JPt6MsgO8VQ,Independent,active,CONFIRMED,vtuber_letiach.fixixvt,Letia ch.【FIXIX VT】,main,1570,94,61747,2026-09-03T12:58:22+00:00,,0.45,Thai VTuber Ranking,2026-09-06T15:07:31.317872+00:00,Thai confidence: 0.45; Sources: Thai VTuber Ranking; Active (last video published 3 days ago),True
UCQVYQZO7SBMPXHNvKxE16Gg,Wizteria Ch.,@fujinowizteria,https://www.youtube.com/channel/UCQVYQZO7SBMPXHNvKxE16Gg,Independent,hiatus,CONFIRMED,vtuber_fujinowizteria,Wizteria Ch.,main,2250,0,0,2022-01-20T13:48:14+00:00,TH,0.55,Thai VTuber Ranking,2026-09-06T15:07:31.317894+00:00,VTuber signals: vtuber; Thai confidence: 0.55; Sources: Thai VTuber Ranking; Hiatus / Inactive for 1690 days (> 180d),True
UCQGzkjj0cgwm5pOGVhzUs3A,Willow Ch.【 HZ 】,@willowhz,https://www.youtube.com/channel/UCQGzkjj0cgwm5pOGVhzUs3A,HZ,active,CONFIRMED,vtuber_willowhz,Willow Ch.【 HZ 】,main,1670,310,98964,2026-08-29T11:46:24+00:00,TH,0.8,Thai VTuber Ranking,2026-09-06T15:07:31.317932+00:00,Thai confidence: 0.80; Sources: Thai VTuber Ranking; Active (last video published 8 days ago),True
UCR1Htb-H1-tus7UPotPh69A,Laibaht Ch. / หลายบาท,@laibaht,https://www.youtube.com/channel/UCR1Htb-H1-tus7UPotPh69A,Independent,active,CONFIRMED,vtuber_laibaht,Laibaht Ch. / หลายบาท,main,288000,1106,51901028,2026-09-03T19:24:44+00:00,TH,0.8,Thai VTuber Ranking; Virtual YouTuber Fandom Wiki,2026-09-06T15:07:31.317996+00:00,"VTuber signals: วีทูบเบอร์; Thai confidence: 0.80; Sources: Thai VTuber Ranking, Virtual YouTuber Fandom Wiki; Active (last video published 2 days ago)",True
UCQlpWpnmSm9wn3L1eTVWnbA,Amywitch,@amywitch,https://www.youtube.com/channel/UCQlpWpnmSm9wn3L1eTVWnbA,Independent,hiatus,CONFIRMED,vtuber_amywitch,Amywitch,main,7230,1,1053,2025-09-05T03:08:24+00:00,,0.45,Thai VTuber Ranking,2026-09-06T15:07:31.318022+00:00,Thai confidence: 0.45; Sources: Thai VTuber Ranking; Hiatus / Inactive for 366 days (> 180d),True
UCQWJr6Du-UVmOwuEzDzfk_w,Junely Vtuber Ch.,@junelyvtuberch,https://www.youtube.com/channel/UCQWJr6Du-UVmOwuEzDzfk_w,Independent,hiatus,CONFIRMED,vtuber_junelyvtuberch,Junely Vtuber Ch.,main,1380,52,34775,2022-01-16T19:45:01+00:00,TH,0.8,Thai VTuber Ranking,2026-09-06T15:07:31.318072+00:00,VTuber signals: vtuber; Thai confidence: 0.80; Sources: Thai VTuber Ranking; Hiatus / Inactive for 1693 days (> 180d),True
UCPtSgQ5-yCPl9wbo5w7tmWQ,Evalia Ch.【ARP】,@evalia_arp,https://www.youtube.com/channel/UCPtSgQ5-yCPl9wbo5w7tmWQ,Algorhythm Project,active,CONFIRMED,vtuber_evalia_arp,Evalia Ch.【ARP】,main,308000,833,56534467,2026-08-29T10:32:28+00:00,TH,0.8,Thai VTuber Ranking; Virtual YouTuber Fandom Wiki,2026-09-06T15:07:31.318153+00:00,"VTuber signals: vtuber, virtual youtuber, วีทูบเบอร์, agency:Algorhythm Project; Agency: Algorhythm Project; Thai confidence: 0.80; Sources: Thai VTuber Ranking, Virtual YouTuber Fandom Wiki; Active (last video published 8 days ago)",True
UCQ71gJATjZSuE2-jCvBddog,Furorin Ch. ,@furorinlor,https://www.youtube.com/channel/UCQ71gJATjZSuE2-jCvBddog,Independent,active,CONFIRMED,vtuber_furorinlor,Furorin Ch. ,main,4290,122,105086,2026-07-16T05:40:24+00:00,,0.45,Thai VTuber Ranking,2026-09-06T15:07:31.318198+00:00,"VTuber signals: วีทูปเบอร์, วีทูป; Thai confidence: 0.45; Sources: Thai VTuber Ranking; Active (last video published 52 days ago)",True
UCPkvqo6J3A8Y2_mCQmUl-zA,Melinoir Ch.,@melinoir-ch,https://www.youtube.com/channel/UCPkvqo6J3A8Y2_mCQmUl-zA,Independent,active,CONFIRMED,vtuber_melinoir-ch,Melinoir Ch.,main,2420,39,836840,2026-08-09T16:39:12+00:00,TH,0.8,Thai VTuber Ranking,2026-09-06T15:07:31.318228+00:00,VTuber signals: vtuber; Thai confidence: 0.80; Sources: Thai VTuber Ranking; Active (last video published 27 days ago),True
UCPfqcgrqpaSMqxezIqf7DuQ,LilInk【VJN】,@lilinkalonewerewolf,https://www.youtube.com/channel/UCPfqcgrqpaSMqxezIqf7DuQ,Independent,active,CONFIRMED,vtuber_lilinkalonewerewolf,LilInk【VJN】,main,415,212,45532,2026-08-20T16:27:38+00:00,,0.2,Thai VTuber Ranking,2026-09-06T15:07:31.318251+00:00,"VTuber signals: vtuber, thai vtuber; Sources: Thai VTuber Ranking; Active (last video published 16 days ago)",True
UCQS3nybcx-p4g8oFidDRMXA,Xyne Valdreth「ZTP」,@xyne_ztp,https://www.youtube.com/channel/UCQS3nybcx-p4g8oFidDRMXA,Independent,active,CONFIRMED,vtuber_xyne_ztp,Xyne Valdreth「ZTP」,main,869,179,142472,2026-09-03T16:48:42+00:00,,0.45,Thai VTuber Ranking,2026-09-06T15:07:31.318305+00:00,Thai confidence: 0.45; Sources: Thai VTuber Ranking; Active (last video published 2 days ago),True
UCQdJThdCgaDzgk0je69GfhQ,Gaogi Gyaruoji,@gaogigyaruoji,https://www.youtube.com/channel/UCQdJThdCgaDzgk0je69GfhQ,Independent,active,CONFIRMED,vtuber_gaogigyaruoji,Gaogi Gyaruoji,main,639,543,37823,2026-09-03T14:38:07+00:00,,0.2,Thai VTuber Ranking,2026-09-06T15:07:31.318327+00:00,"VTuber signals: vtuber, thai vtuber; Sources: Thai VTuber Ranking; Active (last video published 3 days ago)",True
UCOzFeOVoXq-E_8ClgO16msg,Ryuji Ch.,@ryujich,https://www.youtube.com/channel/UCOzFeOVoXq-E_8ClgO16msg,Independent,active,CONFIRMED,vtuber_ryujich,Ryuji Ch.,main,1140,231,32882,2026-08-02T03:51:26+00:00,TH,0.8,Thai VTuber Ranking,2026-09-06T15:07:31.318362+00:00,VTuber signals: vtuber; Thai confidence: 0.80; Sources: Thai VTuber Ranking; Active (last video published 35 days ago),True
UCPKp1agiHSOwu9iPyb6WSNw,「トイイ」TOii,@toiivt,https://www.youtube.com/channel/UCPKp1agiHSOwu9iPyb6WSNw,Independent,active,CONFIRMED,vtuber_toiivt,「トイイ」TOii,main,1760,284,98583,2026-08-18T10:42:50+00:00,TH,1.0,Thai VTuber Ranking,2026-09-06T15:07:31.318395+00:00,Thai confidence: 1.00; Sources: Thai VTuber Ranking; Active (last video published 19 days ago),True
UCPLU2nDo8FV9JAyXLAcTsCw,Risa Ch.,@risaaphiwat,https://www.youtube.com/channel/UCPLU2nDo8FV9JAyXLAcTsCw,Independent,active,CONFIRMED,vtuber_risaaphiwat,Risa Ch.,main,1860,215,250655,2026-09-01T14:16:39+00:00,TH,0.8,Thai VTuber Ranking,2026-09-06T15:07:31.318424+00:00,Thai confidence: 0.80; Sources: Thai VTuber Ranking; Active (last video published 5 days ago),True
UCPtO4Ttn7kqIaxDHBr15fNQ,Zelycia Le Chantel,@zelycialechantel,https://www.youtube.com/channel/UCPtO4Ttn7kqIaxDHBr15fNQ,Independent,active,CONFIRMED,vtuber_zelycialechantel,Zelycia Le Chantel,main,1670,522,58025,2026-07-18T16:57:47+00:00,TH,0.8,Thai VTuber Ranking,2026-09-06T15:07:31.318459+00:00,"VTuber signals: วีทูปเบอร์, วีทูป; Thai confidence: 0.80; Sources: Thai VTuber Ranking; Active (last video published 49 days ago)",True
UCPuf-39u2U7T-5ClpMYQgWA,Fautier Owiwi Ch.,@fautierowiwi,https://www.youtube.com/channel/UCPuf-39u2U7T-5ClpMYQgWA,Independent,active,CONFIRMED,vtuber_fautierowiwi,Fautier Owiwi Ch.,main,3740,220,164342,2026-08-13T19:35:48+00:00,TH,0.8,Thai VTuber Ranking,2026-09-06T15:07:31.318526+00:00,Thai confidence: 0.80; Sources: Thai VTuber Ranking; Active (last video published 23 days ago),True
UCOaTgKPjI9cgXLoDW7XFDDw,Princess Zelina Ch. Pixela Project,@princesszelina,https://www.youtube.com/channel/UCOaTgKPjI9cgXLoDW7XFDDw,Pixela Project,hiatus,CONFIRMED,vtuber_princesszelina,Princess Zelina Ch. Pixela Project,main,94800,934,7753437,2025-05-09T17:51:10+00:00,TH,0.8,Thai VTuber Ranking; Virtual YouTuber Fandom Wiki,2026-09-06T15:07:31.318554+00:00,"VTuber signals: agency:Pixela Project; Agency: Pixela Project; Thai confidence: 0.80; Sources: Thai VTuber Ranking, Virtual YouTuber Fandom Wiki; Hiatus / Inactive for 484 days (> 180d)",True
UCAOMy65Qod9DDOU40mWsXdA,Athrun Ch. ,@athruntytoalba,https://www.youtube.com/channel/UCAOMy65Qod9DDOU40mWsXdA,Independent,active,CONFIRMED,vtuber_athruntytoalba,Athrun Ch. ,main,828,433,104428,2026-09-05T05:40:40+00:00,,0.45,Thai VTuber Ranking,2026-09-06T15:07:31.318608+00:00,Thai confidence: 0.45; Sources: Thai VTuber Ranking; Active (last video published 1 days ago),True
UC8xrzfcBL_42uWEf-8pO6og,土曜日関根 Doyoubi Sekine [ECR],@doyoubisekine,https://www.youtube.com/channel/UC8xrzfcBL_42uWEf-8pO6og,Independent,active,CONFIRMED,vtuber_doyoubisekine,土曜日関根 Doyoubi Sekine [ECR],main,2250,395,171703,2026-09-04T15:47:57+00:00,TH,0.8,Thai VTuber Ranking,2026-09-06T15:07:31.318739+00:00,Thai confidence: 0.80; Sources: Thai VTuber Ranking; Active (last video published 1 days ago),True
UC9PtF5-uRTZEUuOS5tr1Gxg,นางิริน | Nagirin 【RE:S】,@nagirin_res,https://www.youtube.com/channel/UC9PtF5-uRTZEUuOS5tr1Gxg,Independent,active,CONFIRMED,vtuber_nagirin_res,นางิริน | Nagirin 【RE:S】,main,3900,275,176557,2026-08-26T15:17:57+00:00,TH,0.8,Thai VTuber Ranking,2026-09-06T15:07:31.318835+00:00,Thai confidence: 0.80; Sources: Thai VTuber Ranking; Active (last video published 10 days ago),True
UC9dolQobrGWzLP2UNrkUbEw,Liz's | WISLIVE,@lizs-wis,https://www.youtube.com/channel/UC9dolQobrGWzLP2UNrkUbEw,Independent,active,CONFIRMED,vtuber_lizs-wis,Liz's | WISLIVE,main,48800,134,1783145,2026-09-05T09:18:06+00:00,TH,0.8,Thai VTuber Ranking,2026-09-06T15:07:31.318898+00:00,"VTuber signals: วีทูปเบอร์, วีทูป; Thai confidence: 0.80; Sources: Thai VTuber Ranking; Active (last video published 1 days ago)",True
UC9TMDpET50CJkgQnB56Xj5g,Tsuruko ch.【SOA】,@s.k.tsuruko,https://www.youtube.com/channel/UC9TMDpET50CJkgQnB56Xj5g,Independent,active,CONFIRMED,vtuber_s.k.tsuruko,Tsuruko ch.【SOA】,main,1880,1009,251395,2026-08-05T03:58:56+00:00,TH,0.8,Thai VTuber Ranking,2026-09-06T15:07:31.318961+00:00,VTuber signals: vtuber; Thai confidence: 0.80; Sources: Thai VTuber Ranking; Active (last video published 32 days ago),True
UCAPbXyM7sw0_6VMcrWeX7Ug,Meiiyume Ch.,@meiiyume,https://www.youtube.com/channel/UCAPbXyM7sw0_6VMcrWeX7Ug,Independent,active,CONFIRMED,vtuber_meiiyume,Meiiyume Ch.,main,2650,322,164935,2026-08-28T20:45:36+00:00,TH,0.8,Thai VTuber Ranking,2026-09-06T15:07:31.319010+00:00,Thai confidence: 0.80; Sources: Thai VTuber Ranking; Active (last video published 8 days ago),True
UCBTCAyvs7TAzghRqideHGzw,Anemizz,@anemizz,https://www.youtube.com/channel/UCBTCAyvs7TAzghRqideHGzw,Independent,active,CONFIRMED,vtuber_anemizz,Anemizz,main,1410,73,16040,2026-03-22T17:39:17+00:00,TH,0.35,Thai VTuber Ranking,2026-09-06T15:07:31.319102+00:00,VTuber signals: vtuber; Thai confidence: 0.35; Sources: Thai VTuber Ranking; Active (last video published 167 days ago),True
UCArXPBCsEt2_rDC63tPLYmg,GIN,@gintheyuk,https://www.youtube.com/channel/UCArXPBCsEt2_rDC63tPLYmg,Independent,active,CONFIRMED,vtuber_gintheyuk,GIN,main,4630,660,306194,2026-09-04T19:04:11+00:00,,0.65,Thai VTuber Ranking,2026-09-06T15:07:31.319143+00:00,"VTuber signals: vtuber, วีทูปเบอร์, วีทูป, thai vtuber; Thai confidence: 0.65; Sources: Thai VTuber Ranking; Active (last video published 1 days ago)",True
UC9uFujZvbTm3PpTycIz5Z0w,Aelios Ch.,@aeliosofficial,https://www.youtube.com/channel/UC9uFujZvbTm3PpTycIz5Z0w,Independent,active,CONFIRMED,vtuber_aeliosofficial,Aelios Ch.,main,4940,78,57064,2026-04-18T15:18:49+00:00,TH,0.35,Thai VTuber Ranking,2026-09-06T15:07:31.319231+00:00,Thai confidence: 0.35; Sources: Thai VTuber Ranking; Active (last video published 140 days ago),True
UC8lQ60XP8szvj0GHwxYUS2Q,Kyomu Ch.,@kyomuch,https://www.youtube.com/channel/UC8lQ60XP8szvj0GHwxYUS2Q,Independent,active,CONFIRMED,vtuber_kyomuch,Kyomu Ch.,main,55200,787,4361160,2026-09-06T04:57:03+00:00,TH,0.35,Thai VTuber Ranking,2026-09-06T15:07:31.319271+00:00,Thai confidence: 0.35; Sources: Thai VTuber Ranking; Active (last video published 0 days ago),True
UC90zZA9j8jdWVb5NNqddKQQ,OkiChinaToy,@okitoy112,https://www.youtube.com/channel/UC90zZA9j8jdWVb5NNqddKQQ,Independent,active,CONFIRMED,vtuber_okitoy112,OkiChinaToy,main,1190,356,79008,2026-09-05T16:36:41+00:00,TH,0.8,Thai VTuber Ranking,2026-09-06T15:07:31.319316+00:00,Thai confidence: 0.80; Sources: Thai VTuber Ranking; Active (last video published 0 days ago),True
UCAj8NHkWEqbJ2er8Umbpoog,BoomVtube Ch.,@boomvtubech,https://www.youtube.com/channel/UCAj8NHkWEqbJ2er8Umbpoog,Independent,active,CONFIRMED,vtuber_boomvtubech,BoomVtube Ch.,main,832,557,187919,2026-09-03T05:17:16+00:00,TH,0.8,Thai VTuber Ranking,2026-09-06T15:07:31.319388+00:00,Thai confidence: 0.80; Sources: Thai VTuber Ranking; Active (last video published 3 days ago),True
UC8xAtvAk_HX1j3egTO7ylIQ,Roselia de Magentia Ch. Pixela S,@roseliademagentia,https://www.youtube.com/channel/UC8xAtvAk_HX1j3egTO7ylIQ,Pixela Project,active,CONFIRMED,vtuber_roseliademagentia,Roselia de Magentia Ch. Pixela S,main,29300,973,2290084,2026-09-05T04:59:44+00:00,TH,0.8,Thai VTuber Ranking,2026-09-06T15:07:31.319487+00:00,VTuber signals: agency:Pixela Project; Agency: Pixela Project; Thai confidence: 0.80; Sources: Thai VTuber Ranking; Active (last video published 1 days ago),True
UCAV2_Jxxt-JJ08v77lNLBtg,มาลัยเดวา,@malai_deva,https://www.youtube.com/channel/UCAV2_Jxxt-JJ08v77lNLBtg,Independent,active,CONFIRMED,vtuber_malai_deva,มาลัยเดวา,main,4580,352,406825,2026-09-06T04:05:07+00:00,TH,1.0,Thai VTuber Ranking,2026-09-06T15:07:31.319526+00:00,"VTuber signals: vtuber, thai vtuber; Thai confidence: 1.00; Sources: Thai VTuber Ranking; Active (last video published 0 days ago)",True
UCApZxq6J3R2XNqhzKiBv5mg,Zandy,@zandy31a,https://www.youtube.com/channel/UCApZxq6J3R2XNqhzKiBv5mg,Independent,active,CONFIRMED,vtuber_zandy31a,Zandy,main,28100,727,4844888,2026-09-02T13:46:29+00:00,TH,1.0,Thai VTuber Ranking,2026-09-06T15:07:31.319578+00:00,VTuber signals: vtuber; Thai confidence: 1.00; Sources: Thai VTuber Ranking; Active (last video published 4 days ago),True
UCAO6vSguYeBGpQvn3D9fpdw,Lanka Vtuber,@lanka_lh,https://www.youtube.com/channel/UCAO6vSguYeBGpQvn3D9fpdw,Independent,active,CONFIRMED,vtuber_lanka_lh,Lanka Vtuber,main,2730,308,138976,2026-09-03T19:43:27+00:00,TH,0.35,Thai VTuber Ranking,2026-09-06T15:07:31.319618+00:00,VTuber signals: vtuber; Thai confidence: 0.35; Sources: Thai VTuber Ranking; Active (last video published 2 days ago),True
UC8fneiVrSectPFlnumDMFaw,FuMoon Dayooo,@fumoondayo,https://www.youtube.com/channel/UC8fneiVrSectPFlnumDMFaw,Independent,active,CONFIRMED,vtuber_fumoondayo,FuMoon Dayooo,main,2260,622,124185,2026-09-05T19:21:17+00:00,TH,0.35,Thai VTuber Ranking,2026-09-06T15:07:31.319652+00:00,VTuber signals: vtuber; Thai confidence: 0.35; Sources: Thai VTuber Ranking; Active (last video published 0 days ago),True
UC9b9Qttg1NHYSPmKu9mb3iw,Asher Dawnbaker,@asherdawnbaker,https://www.youtube.com/channel/UC9b9Qttg1NHYSPmKu9mb3iw,Independent,active,CONFIRMED,vtuber_asherdawnbaker,Asher Dawnbaker,main,6510,175,2287939,2026-09-04T10:45:16+00:00,,0.5,Thai VTuber Ranking,2026-09-06T15:07:31.319694+00:00,Thai confidence: 0.50; Sources: Thai VTuber Ranking; Active (last video published 2 days ago),True
UC8bJCt2cONnB9AooIC6fomw,Lucid Ch.,@lucidvtuber,https://www.youtube.com/channel/UC8bJCt2cONnB9AooIC6fomw,Independent,active,CONFIRMED,vtuber_lucidvtuber,Lucid Ch.,main,12100,288,991058,2026-09-06T09:31:12+00:00,TH,0.35,Thai VTuber Ranking,2026-09-06T15:07:31.319730+00:00,Thai confidence: 0.35; Sources: Thai VTuber Ranking; Active (last video published 0 days ago),True
UCASVAAgvntOrwRgVeMAkIPg,MMD Takumi Ch.,@mmdtakumi,https://www.youtube.com/channel/UCASVAAgvntOrwRgVeMAkIPg,Independent,hiatus,CONFIRMED,vtuber_mmdtakumi,MMD Takumi Ch.,main,13700,188,1484170,2024-08-04T01:55:09+00:00,TH,0.8,Thai VTuber Ranking,2026-09-06T15:07:31.319797+00:00,Thai confidence: 0.80; Sources: Thai VTuber Ranking; Hiatus / Inactive for 763 days (> 180d),True
UCA8IZ8dlQc70uzP8WYsFE-w,FAYUUCHAN CHANNEL,@fayuuchan,https://www.youtube.com/channel/UCA8IZ8dlQc70uzP8WYsFE-w,Independent,active,CONFIRMED,vtuber_fayuuchan,FAYUUCHAN CHANNEL,main,5880,1344,447587,2026-09-04T21:18:08+00:00,TH,0.8,Thai VTuber Ranking,2026-09-06T15:07:31.319895+00:00,Thai confidence: 0.80; Sources: Thai VTuber Ranking; Active (last video published 1 days ago),True
UC9tPom2jf2B1qPCTOJ2o2uw,SakiMori Mikan,@sakimorimikannn,https://www.youtube.com/channel/UC9tPom2jf2B1qPCTOJ2o2uw,Independent,active,CONFIRMED,vtuber_sakimorimikannn,SakiMori Mikan,main,907,133,19012,2026-09-01T15:46:11+00:00,TH,1.0,Thai VTuber Ranking,2026-09-06T15:07:31.319962+00:00,Thai confidence: 1.00; Sources: Thai VTuber Ranking; Active (last video published 4 days ago),True
UCASukO4m2BR4uqZH0XlH1IA,AlpacaALAL Ch.,@alalannika,https://www.youtube.com/channel/UCASukO4m2BR4uqZH0XlH1IA,Independent,active,CONFIRMED,vtuber_alalannika,AlpacaALAL Ch.,main,6910,947,281540,2026-09-05T22:28:10+00:00,TH,0.8,Thai VTuber Ranking,2026-09-06T15:07:31.320005+00:00,Thai confidence: 0.80; Sources: Thai VTuber Ranking; Active (last video published 0 days ago),True
UC8iTIbRueIONUDDgHN74JHw,MikiVtuber,@mikivtuber,https://www.youtube.com/channel/UC8iTIbRueIONUDDgHN74JHw,Independent,hiatus,CONFIRMED,vtuber_mikivtuber,MikiVtuber,main,11700,338,359526,2024-10-31T14:00:06+00:00,TH,0.55,Thai VTuber Ranking; Virtual YouTuber Fandom Wiki,2026-09-06T15:07:31.320041+00:00,"VTuber signals: vtuber, thai vtuber; Thai confidence: 0.55; Sources: Thai VTuber Ranking, Virtual YouTuber Fandom Wiki; Hiatus / Inactive for 675 days (> 180d)",True
UCAvQO1F-w6NELewvcDFupmw,MaewUVChan Channel,@maewuvchanchannel,https://www.youtube.com/channel/UCAvQO1F-w6NELewvcDFupmw,Independent,active,CONFIRMED,vtuber_maewuvchanchannel,MaewUVChan Channel,main,2920,618,140849,2026-09-06T08:16:47+00:00,,0.45,Thai VTuber Ranking,2026-09-06T15:07:31.320128+00:00,Thai confidence: 0.45; Sources: Thai VTuber Ranking; Active (last video published 0 days ago),True
UCAoZkJiB43mNUD6aadeozRw,Asatsuyu Ch.,@asatsuyuchannel,https://www.youtube.com/channel/UCAoZkJiB43mNUD6aadeozRw,Independent,hiatus,CONFIRMED,vtuber_asatsuyuchannel,Asatsuyu Ch.,main,1250,189,37931,2023-10-03T15:31:25+00:00,TH,1.0,Thai VTuber Ranking,2026-09-06T15:07:31.320205+00:00,VTuber signals: vtuber; Thai confidence: 1.00; Sources: Thai VTuber Ranking; Hiatus / Inactive for 1068 days (> 180d),True
UCB5KUWdc5ttyglIgCYLLOJg,Zia Sylph Ch. / AStars Amakara,@ziasylph_as,https://www.youtube.com/channel/UCB5KUWdc5ttyglIgCYLLOJg,AStars Production,active,CONFIRMED,vtuber_ziasylph_as,Zia Sylph Ch. / AStars Amakara,main,18000,527,684776,2026-09-04T16:42:19+00:00,TH,0.55,Thai VTuber Ranking; Virtual YouTuber Fandom Wiki,2026-09-06T15:07:31.320241+00:00,"VTuber signals: vtuber, thai vtuber; Thai confidence: 0.55; Sources: Thai VTuber Ranking, Virtual YouTuber Fandom Wiki; Active (last video published 1 days ago)",True
UCAKxVqeGyZTrxYwg3p3xUAg,Tsontaya Knox Ch.,@tsontayaknox,https://www.youtube.com/channel/UCAKxVqeGyZTrxYwg3p3xUAg,Independent,hiatus,CONFIRMED,vtuber_tsontayaknox,Tsontaya Knox Ch.,main,2340,5,4949,2025-04-27T13:08:17+00:00,TH,0.8,Thai VTuber Ranking; Virtual YouTuber Fandom Wiki,2026-09-06T15:07:31.320317+00:00,"VTuber signals: virtual youtuber, วีทูปเบอร์, วีทูป; Thai confidence: 0.80; Sources: Thai VTuber Ranking, Virtual YouTuber Fandom Wiki; Hiatus / Inactive for 497 days (> 180d)",True
UC9CzeQQnApnpW8-KIsqKwWQ,Anya Smith,@anya_smith,https://www.youtube.com/channel/UC9CzeQQnApnpW8-KIsqKwWQ,Independent,active,CONFIRMED,vtuber_anya_smith,Anya Smith,main,3810,403,142850,2026-08-22T15:46:06+00:00,,0.6,Thai VTuber Ranking,2026-09-06T15:07:31.320393+00:00,Thai confidence: 0.60; Sources: Thai VTuber Ranking; Active (last video published 14 days ago),True
UCB2UBUgwjQ7y8k3JNEFEVaQ,Nagumo ⛈️,@nagumoiscool,https://www.youtube.com/channel/UCB2UBUgwjQ7y8k3JNEFEVaQ,Independent,active,CONFIRMED,vtuber_nagumoiscool,Nagumo ⛈️,main,14400,206,1640854,2026-09-04T14:00:11+00:00,TH,0.8,Thai VTuber Ranking,2026-09-06T15:07:31.320444+00:00,Thai confidence: 0.80; Sources: Thai VTuber Ranking; Active (last video published 2 days ago),True
UCAQnqwL4eytWAamhZs18ovw,Raizuu,@rakumitsuraizuu,https://www.youtube.com/channel/UCAQnqwL4eytWAamhZs18ovw,Independent,active,CONFIRMED,vtuber_rakumitsuraizuu,Raizuu,main,6800,194,150257,2026-08-26T12:14:31+00:00,TH,0.8,Thai VTuber Ranking,2026-09-06T15:07:31.320482+00:00,Thai confidence: 0.80; Sources: Thai VTuber Ranking; Active (last video published 11 days ago),True
UCAzfyfbQ7XHmznbOKinAunQ,MeltildaVT Ch.,@meltildavt,https://www.youtube.com/channel/UCAzfyfbQ7XHmznbOKinAunQ,Independent,active,CONFIRMED,vtuber_meltildavt,MeltildaVT Ch.,main,3190,436,122465,2026-09-02T17:12:59+00:00,TH,0.35,Thai VTuber Ranking,2026-09-06T15:07:31.320526+00:00,Thai confidence: 0.35; Sources: Thai VTuber Ranking; Active (last video published 3 days ago),True
UCAv_XjRwhU7sMl3YlM0WoJw,ShiroiKumaTan Ch.,@kumatanch,https://www.youtube.com/channel/UCAv_XjRwhU7sMl3YlM0WoJw,Independent,hiatus,CONFIRMED,vtuber_kumatanch,ShiroiKumaTan Ch.,main,1260,41,46002,2026-01-02T11:00:06+00:00,TH,1.0,Thai VTuber Ranking,2026-09-06T15:07:31.320579+00:00,Thai confidence: 1.00; Sources: Thai VTuber Ranking; Hiatus / Inactive for 247 days (> 180d),True
UCASpA6_BQVi6LpuBRdSxfmw,ALThiMa-NigHT,@althima-night,https://www.youtube.com/channel/UCASpA6_BQVi6LpuBRdSxfmw,Independent,active,CONFIRMED,vtuber_althima-night,ALThiMa-NigHT,main,27900,1282,1355573,2026-09-06T04:13:19+00:00,,0.45,Thai VTuber Ranking,2026-09-06T15:07:31.320685+00:00,Thai confidence: 0.45; Sources: Thai VTuber Ranking; Active (last video published 0 days ago),True
UC8hIV_IaH0IIObGBw0engEQ,Haru CH.,@harurei_vtuber,https://www.youtube.com/channel/UC8hIV_IaH0IIObGBw0engEQ,Independent,active,CONFIRMED,vtuber_harurei_vtuber,Haru CH.,main,2280,267,133712,2026-09-05T16:50:40+00:00,,0.45,Thai VTuber Ranking,2026-09-06T15:07:31.320738+00:00,VTuber signals: วีทูป; Thai confidence: 0.45; Sources: Thai VTuber Ranking; Active (last video published 0 days ago),True
UCBQi4hldyh7jrIU07hL_EbQ,MaewBaew,@maewbaew,https://www.youtube.com/channel/UCBQi4hldyh7jrIU07hL_EbQ,Independent,active,CONFIRMED,vtuber_maewbaew,MaewBaew,main,3860,444,130445,2026-09-05T03:22:51+00:00,TH,0.8,Thai VTuber Ranking,2026-09-06T15:07:31.320838+00:00,Thai confidence: 0.80; Sources: Thai VTuber Ranking; Active (last video published 1 days ago),True
UCAnKhwx493i5myddnJFF_gg,Pengu Ch.【Ti19t】,@penguv,https://www.youtube.com/channel/UCAnKhwx493i5myddnJFF_gg,Ti19t,active,CONFIRMED,vtuber_penguv,Pengu Ch.【Ti19t】,main,37200,627,1707752,2026-06-17T14:21:11+00:00,TH,0.8,Thai VTuber Ranking; Virtual YouTuber Fandom Wiki,2026-09-06T15:07:31.320893+00:00,"VTuber signals: vtuber; Thai confidence: 0.80; Sources: Thai VTuber Ranking, Virtual YouTuber Fandom Wiki; Active (last video published 81 days ago)",True
UC9yPUw_aebcLI_oXNNh1wwQ,Ureinaz,@ureinaz,https://www.youtube.com/channel/UC9yPUw_aebcLI_oXNNh1wwQ,Independent,active,CONFIRMED,vtuber_ureinaz,Ureinaz,main,27800,135,652045,2026-07-29T10:30:06+00:00,TH,1.0,Thai VTuber Ranking,2026-09-06T15:07:31.320937+00:00,Thai confidence: 1.00; Sources: Thai VTuber Ranking; Active (last video published 39 days ago),True
UC8cpV2XY6w58Ftbx_yMBc6w,Soleil Ch.,@soleildesu,https://www.youtube.com/channel/UC8cpV2XY6w58Ftbx_yMBc6w,Independent,unknown,CONFIRMED,vtuber_soleildesu,Soleil Ch.,main,1500,0,0,,TH,0.35,Thai VTuber Ranking; Virtual YouTuber Fandom Wiki,2026-09-06T15:07:31.320970+00:00,"Thai confidence: 0.35; Sources: Thai VTuber Ranking, Virtual YouTuber Fandom Wiki; No public video history recorded",False
UC93X4Rs0vDthp-qsZu4TQpg,Allure TND.【Mystery】,@allure_tnd,https://www.youtube.com/channel/UC93X4Rs0vDthp-qsZu4TQpg,Independent,active,CONFIRMED,vtuber_allure_tnd,Allure TND.【Mystery】,main,2750,243,79733,2026-07-24T23:35:24+00:00,TH,0.8,Thai VTuber Ranking,2026-09-06T15:07:31.321060+00:00,Thai confidence: 0.80; Sources: Thai VTuber Ranking; Active (last video published 43 days ago),True
UCBLV-Zv25LzajWyKEofqvVQ,[ปิดตัว],@gracechu,https://www.youtube.com/channel/UCBLV-Zv25LzajWyKEofqvVQ,Independent,unknown,CONFIRMED,vtuber_gracechu,[ปิดตัว],main,34800,0,0,,TH,1.0,Thai VTuber Ranking,2026-09-06T15:07:31.321097+00:00,"VTuber signals: vtuber, thai vtuber; Thai confidence: 1.00; Sources: Thai VTuber Ranking; No public video history recorded",False
UCAvKK8pzAthBfVeXq_Bj4Ow,Maewmon ch.,@maewmon,https://www.youtube.com/channel/UCAvKK8pzAthBfVeXq_Bj4Ow,Independent,active,CONFIRMED,vtuber_maewmon,Maewmon ch.,main,1770,263,67071,2026-09-05T17:32:07+00:00,TH,0.8,Thai VTuber Ranking,2026-09-06T15:07:31.321146+00:00,Thai confidence: 0.80; Sources: Thai VTuber Ranking; Active (last video published 0 days ago),True
UC9WXRLLO7DrcJvUTg69_lkA,Leox Ch. Genesis Project,@leoxchannel,https://www.youtube.com/channel/UC9WXRLLO7DrcJvUTg69_lkA,Genesis Project,hiatus,CONFIRMED,vtuber_leoxchannel,Leox Ch. Genesis Project,main,5860,261,299448,2025-12-31T12:00:05+00:00,TH,0.8,Thai VTuber Ranking,2026-09-06T15:07:31.321195+00:00,Thai confidence: 0.80; Sources: Thai VTuber Ranking; Hiatus / Inactive for 249 days (> 180d),True
UCBSiJy11yFeJsCRdZ3ZtfBw,Vellva Koray Ch.,@vellvakoray,https://www.youtube.com/channel/UCBSiJy11yFeJsCRdZ3ZtfBw,Independent,active,CONFIRMED,vtuber_vellvakoray,Vellva Koray Ch.,main,8090,781,424767,2026-09-05T10:13:35+00:00,,0.45,Thai VTuber Ranking,2026-09-06T15:07:31.321263+00:00,Thai confidence: 0.45; Sources: Thai VTuber Ranking; Active (last video published 1 days ago),True
UCAr4U_HGMYXn1EZjdWiGSLQ,Baabel Ch.【ARP】,@baabel_arp,https://www.youtube.com/channel/UCAr4U_HGMYXn1EZjdWiGSLQ,Algorhythm Project,active,CONFIRMED,vtuber_baabel,Baabel ARP,main,281000,189,16169523,2026-08-22T17:01:57+00:00,,0.0,Thai VTuber Ranking; Virtual YouTuber Fandom Wiki,2026-09-06T15:07:31.321312+00:00,"VTuber signals: vtuber, agency:Algorhythm Project; Agency: Algorhythm Project; Sources: Thai VTuber Ranking, Virtual YouTuber Fandom Wiki; Active (last video published 14 days ago)",True
UC9owX01ODpgeUePEIdC_qlA,R Y O S H I ch.,@ryoshi_artist,https://www.youtube.com/channel/UC9owX01ODpgeUePEIdC_qlA,Independent,active,CONFIRMED,vtuber_ryoshi_artist,R Y O S H I ch.,main,2610,816,233463,2026-09-06T07:38:43+00:00,TH,0.8,Thai VTuber Ranking,2026-09-06T15:07:31.321461+00:00,Thai confidence: 0.80; Sources: Thai VTuber Ranking; Active (last video published 0 days ago),True
UC8pTkUvJe50zHIbl8LkZphQ,SeraPhyne Ch【ECR】,@seraphynech,https://www.youtube.com/channel/UC8pTkUvJe50zHIbl8LkZphQ,Independent,active,CONFIRMED,vtuber_seraphynech,SeraPhyne Ch【ECR】,main,889,180,72762,2026-09-05T22:39:55+00:00,TH,0.8,Thai VTuber Ranking,2026-09-06T15:07:31.321564+00:00,VTuber signals: vtuber; Thai confidence: 0.80; Sources: Thai VTuber Ranking; Active (last video published 0 days ago),True
UCBDu-HE-uL4a-SqH9q5ZZ6g,Hengkungpen,@hengkungpen,https://www.youtube.com/channel/UCBDu-HE-uL4a-SqH9q5ZZ6g,Independent,active,CONFIRMED,vtuber_hengkungpen,Hengkungpen,main,2570,1500,977414,2026-09-06T10:36:50+00:00,TH,0.8,Thai VTuber Ranking,2026-09-06T15:07:31.321755+00:00,Thai confidence: 0.80; Sources: Thai VTuber Ranking; Active (last video published 0 days ago),True
UCiayPBsTG18EBsORDWmBOXQ,VitaOvO💊,@vitaovo,https://www.youtube.com/channel/UCiayPBsTG18EBsORDWmBOXQ,Independent,active,CONFIRMED,vtuber_vitaovo,VitaOvO💊,main,9410,253,100558,2026-06-07T02:45:49+00:00,TH,0.8,Thai VTuber Ranking,2026-09-06T15:07:31.321824+00:00,Thai confidence: 0.80; Sources: Thai VTuber Ranking; Active (last video published 91 days ago),True
UCkFFuJTqPWwFZ5I0smL8NrQ,Aikon (ไอ่ก้อน) 〖ST〗,@aikon_st,https://www.youtube.com/channel/UCkFFuJTqPWwFZ5I0smL8NrQ,Independent,active,CONFIRMED,vtuber_aikon_st,Aikon (ไอ่ก้อน) 〖ST〗,main,1560,357,151925,2026-09-04T15:34:02+00:00,TH,0.8,Thai VTuber Ranking,2026-09-06T15:07:31.321883+00:00,Thai confidence: 0.80; Sources: Thai VTuber Ranking; Active (last video published 1 days ago),True
UCkEcY4RbLYs2AF45nhkyjtw,Jolly Estaa Ch. Pixela-Isekai,@jollyestaa,https://www.youtube.com/channel/UCkEcY4RbLYs2AF45nhkyjtw,Pixela Project,active,CONFIRMED,vtuber_jollyestaa,Jolly Estaa Ch. Pixela-Isekai,main,63600,1118,4407863,2026-09-03T13:21:43+00:00,TH,0.8,Thai VTuber Ranking; Virtual YouTuber Fandom Wiki,2026-09-06T15:07:31.321955+00:00,"VTuber signals: agency:Pixela Project; Agency: Pixela Project; Thai confidence: 0.80; Sources: Thai VTuber Ranking, Virtual YouTuber Fandom Wiki; Active (last video published 3 days ago)",True
UCkNTg_9AatcdDorXO0ijfYQ,Fuyu Kaida,@fuyukaida,https://www.youtube.com/channel/UCkNTg_9AatcdDorXO0ijfYQ,Independent,active,CONFIRMED,vtuber_fuyukaida,Fuyu Kaida,main,2660,627,144914,2026-08-15T11:00:22+00:00,TH,1.0,Thai VTuber Ranking,2026-09-06T15:07:31.322028+00:00,Thai confidence: 1.00; Sources: Thai VTuber Ranking; Active (last video published 22 days ago),True
UCjrs5Sse402rafaOP-k37Xw,Sisira Hydrangea Ch. Pixela S,@sisirahydrangea,https://www.youtube.com/channel/UCjrs5Sse402rafaOP-k37Xw,Pixela Project,active,CONFIRMED,vtuber_sisirahydrangea,Sisira Hydrangea Ch. Pixela S,main,58700,2279,5347417,2026-09-04T11:23:40+00:00,TH,0.8,Thai VTuber Ranking; Virtual YouTuber Fandom Wiki,2026-09-06T15:07:31.322071+00:00,"VTuber signals: vtuber, agency:Pixela Project; Agency: Pixela Project; Thai confidence: 0.80; Sources: Thai VTuber Ranking, Virtual YouTuber Fandom Wiki; Active (last video published 2 days ago)",True
UCjygfNCaicPNiP8HZyXY08w,Mina Nekogaki / 猫垣ミナ【MSV】,@mina_msv,https://www.youtube.com/channel/UCjygfNCaicPNiP8HZyXY08w,Independent,hiatus,CONFIRMED,vtuber_mina_msv,Mina Nekogaki / 猫垣ミナ【MSV】,main,1450,47,50874,2024-09-01T02:44:42+00:00,,0.45,Thai VTuber Ranking,2026-09-06T15:07:31.322117+00:00,Thai confidence: 0.45; Sources: Thai VTuber Ranking; Hiatus / Inactive for 735 days (> 180d),True
UCk0bJC1-V_BIE-FY8qYrVQA,Bingsujuseyo Ch.,@bingsujuseyo,https://www.youtube.com/channel/UCk0bJC1-V_BIE-FY8qYrVQA,Independent,active,CONFIRMED,vtuber_bingsujuseyo,Bingsujuseyo Ch.,main,3370,415,182557,2026-09-02T16:34:33+00:00,TH,0.8,Thai VTuber Ranking,2026-09-06T15:07:31.322180+00:00,Thai confidence: 0.80; Sources: Thai VTuber Ranking; Active (last video published 3 days ago),True
UCjgyitv53-dae3SMkKwruGw,MELBEZ,@melbez_bookie,https://www.youtube.com/channel/UCjgyitv53-dae3SMkKwruGw,Independent,active,CONFIRMED,vtuber_melbez_bookie,MELBEZ,main,436,191,33753,2026-08-18T15:35:16+00:00,TH,0.8,Thai VTuber Ranking,2026-09-06T15:07:31.322233+00:00,Thai confidence: 0.80; Sources: Thai VTuber Ranking; Active (last video published 18 days ago),True
UCihXBP7iwDIIkzbTbUR4jXg,Krynaydin 「ZTP」,@krynaydin_ztp,https://www.youtube.com/channel/UCihXBP7iwDIIkzbTbUR4jXg,Independent,active,CONFIRMED,vtuber_krynaydin_ztp,Krynaydin 「ZTP」,main,1230,127,130954,2026-09-04T04:06:14+00:00,TH,0.8,Thai VTuber Ranking,2026-09-06T15:07:31.322305+00:00,"VTuber signals: วีทูปเบอร์, วีทูป; Thai confidence: 0.80; Sources: Thai VTuber Ranking; Active (last video published 2 days ago)",True
UCjGGp-gPhMgxgIKxjShbYtA,Terios Ch.,@teriosdemon,https://www.youtube.com/channel/UCjGGp-gPhMgxgIKxjShbYtA,Independent,active,CONFIRMED,vtuber_teriosdemon,Terios Ch.,main,94400,351,1889327,2026-08-28T11:56:33+00:00,TH,0.8,Thai VTuber Ranking,2026-09-06T15:07:31.322347+00:00,Thai confidence: 0.80; Sources: Thai VTuber Ranking; Active (last video published 9 days ago),True
UCjr1VnM1LBRp9Ez2JGNndaA,Aosora Popo Ch.,@aosorapopo,https://www.youtube.com/channel/UCjr1VnM1LBRp9Ez2JGNndaA,Independent,active,CONFIRMED,vtuber_aosorapopo,Aosora Popo Ch.,main,66200,1043,4991501,2026-09-04T13:09:30+00:00,TH,0.8,Thai VTuber Ranking,2026-09-06T15:07:31.322403+00:00,Thai confidence: 0.80; Sources: Thai VTuber Ranking; Active (last video published 2 days ago),True
UCk1dqQF3v91PtquvzNf151g,Aiboh Canis (ไอโบ),@aibohcanis,https://www.youtube.com/channel/UCk1dqQF3v91PtquvzNf151g,Independent,active,CONFIRMED,vtuber_aibohcanis,Aiboh Canis (ไอโบ),main,3650,771,174522,2026-09-04T03:43:07+00:00,TH,1.0,Thai VTuber Ranking,2026-09-06T15:07:31.322466+00:00,"VTuber signals: vtuber, vtuberth; Thai confidence: 1.00; Sources: Thai VTuber Ranking; Active (last video published 2 days ago)",True
UCj9iuFhj63MZfS8ANBzBd9w,Renia Marinette Ch.【PSM】,@reniamarinette,https://www.youtube.com/channel/UCj9iuFhj63MZfS8ANBzBd9w,Independent,active,CONFIRMED,vtuber_reniamarinette,Renia Marinette Ch.【PSM】,main,2320,293,153098,2026-08-05T04:49:12+00:00,TH,0.8,Thai VTuber Ranking,2026-09-06T15:07:31.322532+00:00,Thai confidence: 0.80; Sources: Thai VTuber Ranking; Active (last video published 32 days ago),True
UCiM8hgTBL6sBMugCDBlij6A,Sen Koretane Ch.,@senkoretane,https://www.youtube.com/channel/UCiM8hgTBL6sBMugCDBlij6A,Independent,active,CONFIRMED,vtuber_senkoretane,Sen Koretane Ch.,main,1640,517,128117,2026-09-04T11:58:24+00:00,,0.45,Thai VTuber Ranking,2026-09-06T15:07:31.322590+00:00,VTuber signals: vtuber; Thai confidence: 0.45; Sources: Thai VTuber Ranking; Active (last video published 2 days ago),True
UCjK-ZpWlurxanrP62Di8HkA,Momay infinite,@momayinfinite,https://www.youtube.com/channel/UCjK-ZpWlurxanrP62Di8HkA,Independent,active,CONFIRMED,vtuber_momayinfinite,Momay infinite,main,3920,19,1711,2026-09-02T03:21:29+00:00,TH,0.8,Thai VTuber Ranking,2026-09-06T15:07:31.322629+00:00,Thai confidence: 0.80; Sources: Thai VTuber Ranking; Active (last video published 4 days ago),True
UCkU6YBCs4dPsn1FlVzNVqNw,Punquix,@punquix,https://www.youtube.com/channel/UCkU6YBCs4dPsn1FlVzNVqNw,Independent,active,CONFIRMED,vtuber_punquix,Punquix,main,5280,158,281226,2026-09-04T11:58:28+00:00,TH,0.8,Thai VTuber Ranking,2026-09-06T15:07:31.322702+00:00,Thai confidence: 0.80; Sources: Thai VTuber Ranking; Active (last video published 2 days ago),True
UCiYFmDfFBoAP2yk9yuXBTTg,S1R Ch.【ARP】,@s1r_arp,https://www.youtube.com/channel/UCiYFmDfFBoAP2yk9yuXBTTg,Algorhythm Project,active,CONFIRMED,vtuber_s1r_arp,S1R Ch.【ARP】,main,40800,1319,5088219,2026-09-04T19:49:04+00:00,TH,0.8,Thai VTuber Ranking; Virtual YouTuber Fandom Wiki,2026-09-06T15:07:31.322765+00:00,"VTuber signals: vtuber, live2d, agency:Algorhythm Project; Agency: Algorhythm Project; Thai confidence: 0.80; Sources: Thai VTuber Ranking, Virtual YouTuber Fandom Wiki; Active (last video published 1 days ago)",True
UCkL-uaHGA8xe516I3y00OZA,IsitTime,@isittimeofficial,https://www.youtube.com/channel/UCkL-uaHGA8xe516I3y00OZA,Independent,active,CONFIRMED,vtuber_isittimeofficial,IsitTime,main,14100,98,547260,2026-08-30T05:49:13+00:00,TH,0.8,Thai VTuber Ranking,2026-09-06T15:07:31.322813+00:00,Thai confidence: 0.80; Sources: Thai VTuber Ranking; Active (last video published 7 days ago),True
UCj3jRZ4HHn1hZtwzs5Sw2KQ,- BURN -,@bburn_out,https://www.youtube.com/channel/UCj3jRZ4HHn1hZtwzs5Sw2KQ,Independent,active,CONFIRMED,vtuber_bburn_out,- BURN -,main,1150,554,96674,2026-09-04T03:56:45+00:00,TH,0.8,Thai VTuber Ranking,2026-09-06T15:07:31.322866+00:00,Thai confidence: 0.80; Sources: Thai VTuber Ranking; Active (last video published 2 days ago),True
UCjiIfHN3nlU80_DgNz-5qlA,Mitsuki Vtuber,@mitsukirinna_lh,https://www.youtube.com/channel/UCjiIfHN3nlU80_DgNz-5qlA,Independent,active,CONFIRMED,vtuber_mitsukirinna_lh,Mitsuki Vtuber,main,5060,922,195422,2026-08-29T03:12:37+00:00,TH,1.0,Thai VTuber Ranking,2026-09-06T15:07:31.322933+00:00,"VTuber signals: vtuber, vtuberth; Thai confidence: 1.00; Sources: Thai VTuber Ranking; Active (last video published 8 days ago)",True
UCiZG4hoElnNYefqCSu5MC5A,Midori,@msandori,https://www.youtube.com/channel/UCiZG4hoElnNYefqCSu5MC5A,Independent,active,CONFIRMED,vtuber_msandori,Midori,main,1360,801,75839,2026-08-28T19:22:36+00:00,TH,0.8,Thai VTuber Ranking,2026-09-06T15:07:31.323001+00:00,Thai confidence: 0.80; Sources: Thai VTuber Ranking; Active (last video published 8 days ago),True
UCjeOlTHXWFsFfQ6o6Y_Dlsw,MaewLham,@maewlham,https://www.youtube.com/channel/UCjeOlTHXWFsFfQ6o6Y_Dlsw,Independent,active,CONFIRMED,vtuber_maewlham,MaewLham,main,580,320,173394,2026-09-03T20:20:49+00:00,TH,0.8,Thai VTuber Ranking,2026-09-06T15:07:31.323054+00:00,Thai confidence: 0.80; Sources: Thai VTuber Ranking; Active (last video published 2 days ago),True
UCjGFO21Jia-O4vL-KSHO44Q,Odiare Ch ,@odiarech,https://www.youtube.com/channel/UCjGFO21Jia-O4vL-KSHO44Q,Independent,active,CONFIRMED,vtuber_odiarech,Odiare Ch ,main,2500,532,155538,2026-08-27T16:29:07+00:00,TH,0.8,Thai VTuber Ranking,2026-09-06T15:07:31.323115+00:00,Thai confidence: 0.80; Sources: Thai VTuber Ranking; Active (last video published 9 days ago),True
UCkDoqvUkpbGqskcODT-S0ag,Fazia,@faziafazia-u3k,https://www.youtube.com/channel/UCkDoqvUkpbGqskcODT-S0ag,Independent,hiatus,CONFIRMED,vtuber_faziafazia-u3k,Fazia,main,1370,146,33191,2023-04-22T11:27:50+00:00,TH,0.8,Thai VTuber Ranking,2026-09-06T15:07:31.323155+00:00,Thai confidence: 0.80; Sources: Thai VTuber Ranking; Hiatus / Inactive for 1233 days (> 180d),True
UCivtAz2MHfiy-HC0VW9fR2Q,วาฬ くじら,@วาฬch,https://www.youtube.com/channel/UCivtAz2MHfiy-HC0VW9fR2Q,Independent,active,CONFIRMED,vtuber_วาฬch,วาฬ くじら,main,423,116,80980,2026-08-24T23:16:02+00:00,TH,0.8,Thai VTuber Ranking,2026-09-06T15:07:31.323244+00:00,Thai confidence: 0.80; Sources: Thai VTuber Ranking; Active (last video published 12 days ago),True
UCj0_mU0sUlDnVfoaOT6ve_A,เคอเรนเซียวีปกติɞ,@kungphaokung,https://www.youtube.com/channel/UCj0_mU0sUlDnVfoaOT6ve_A,Independent,active,CONFIRMED,vtuber_kungphaokung,เคอเรนเซียวีปกติɞ,main,24100,791,2268950,2026-09-04T10:22:14+00:00,TH,0.8,Thai VTuber Ranking,2026-09-06T15:07:31.323317+00:00,Thai confidence: 0.80; Sources: Thai VTuber Ranking; Active (last video published 2 days ago),True
UCj2sbvVwAQFjHPLZ47RoTOA,Tama OniiSan 【21PM】,@tamaoniisan21pm,https://www.youtube.com/channel/UCj2sbvVwAQFjHPLZ47RoTOA,Independent,active,CONFIRMED,vtuber_tamaoniisan21pm,Tama OniiSan 【21PM】,main,524,309,38109,2026-08-29T17:06:37+00:00,TH,0.8,Thai VTuber Ranking,2026-09-06T15:07:31.323368+00:00,Thai confidence: 0.80; Sources: Thai VTuber Ranking; Active (last video published 7 days ago),True
UCjNcr0lsW_G8u6zJjjHlBXw,Veena - OWG,@veena-owg7783,https://www.youtube.com/channel/UCjNcr0lsW_G8u6zJjjHlBXw,Independent,hiatus,CONFIRMED,vtuber_veena-owg7783,Veena - OWG,main,1900,45,20305,2023-03-26T12:20:40+00:00,,0.2,Thai VTuber Ranking,2026-09-06T15:07:31.323410+00:00,VTuber signals: vtuber; Sources: Thai VTuber Ranking; Hiatus / Inactive for 1260 days (> 180d),True
UCjpsxqVVjdZWy5eW5-ZkbcA,Amnuai CH,@amnuaich,https://www.youtube.com/channel/UCjpsxqVVjdZWy5eW5-ZkbcA,Independent,active,CONFIRMED,vtuber_amnuaich,Amnuai CH,main,34900,297,2060741,2026-09-04T05:32:00+00:00,,0.45,Thai VTuber Ranking,2026-09-06T15:07:31.323479+00:00,Thai confidence: 0.45; Sources: Thai VTuber Ranking; Active (last video published 2 days ago),True
UCjgbkv8rEi3oBPjhsCRUWsA,Shunka INE [NEX],@inenex,https://www.youtube.com/channel/UCjgbkv8rEi3oBPjhsCRUWsA,Independent,active,CONFIRMED,vtuber_inenex,Shunka INE [NEX],main,6740,346,285293,2026-09-04T17:28:04+00:00,TH,1.0,Thai VTuber Ranking,2026-09-06T15:07:31.323544+00:00,Thai confidence: 1.00; Sources: Thai VTuber Ranking; Active (last video published 1 days ago),True
UCk5hcuReSItZee785U4jMDA,Dear_759TH ◤VTP◢,@dear759th_vtp,https://www.youtube.com/channel/UCk5hcuReSItZee785U4jMDA,Independent,active,CONFIRMED,vtuber_dear759th_vtp,Dear_759TH ◤VTP◢,main,2750,88,94398,2026-07-25T04:29:52+00:00,TH,0.8,Thai VTuber Ranking,2026-09-06T15:07:31.323599+00:00,Thai confidence: 0.80; Sources: Thai VTuber Ranking; Active (last video published 43 days ago),True
UCiK62ZOsD7vMwTw0MJiYDLw,Kikuhara Himegu Ch.,@kikuharahimegu,https://www.youtube.com/channel/UCiK62ZOsD7vMwTw0MJiYDLw,Independent,active,CONFIRMED,vtuber_kikuharahimegu,Kikuhara Himegu Ch.,main,2460,17,253864,2026-09-04T04:17:53+00:00,TH,0.8,Thai VTuber Ranking,2026-09-06T15:07:31.323655+00:00,Thai confidence: 0.80; Sources: Thai VTuber Ranking; Active (last video published 2 days ago),True
UCkWqUSYGks1CqOcCm-zwfzw,Lalia,@lalia_channel,https://www.youtube.com/channel/UCkWqUSYGks1CqOcCm-zwfzw,Independent,active,CONFIRMED,vtuber_lalia_channel,Lalia,main,4760,233,67065,2026-09-04T04:54:38+00:00,TH,0.8,Thai VTuber Ranking,2026-09-06T15:07:31.323785+00:00,VTuber signals: vtuber; Thai confidence: 0.80; Sources: Thai VTuber Ranking; Active (last video published 2 days ago),True
UCijixp2pBTNrgkF5pDw0wPg,Neris Ch.,@thelittlenelle,https://www.youtube.com/channel/UCijixp2pBTNrgkF5pDw0wPg,Independent,active,CONFIRMED,vtuber_thelittlenelle,Neris Ch.,main,1530,365,68281,2026-08-12T05:00:37+00:00,,0.45,Thai VTuber Ranking,2026-09-06T15:07:31.323898+00:00,VTuber signals: vtuber; Thai confidence: 0.45; Sources: Thai VTuber Ranking; Active (last video published 25 days ago),True
UCjQS71kGf-Ph6uy08IEG2bg,WalkyTalky Vber Ch.,@walkytalky404,https://www.youtube.com/channel/UCjQS71kGf-Ph6uy08IEG2bg,Independent,active,CONFIRMED,vtuber_walkytalky404,WalkyTalky Vber Ch.,main,4630,773,488673,2026-09-02T05:00:01+00:00,TH,1.0,Thai VTuber Ranking,2026-09-06T15:07:31.324008+00:00,VTuber signals: vtuber; Thai confidence: 1.00; Sources: Thai VTuber Ranking; Active (last video published 4 days ago),True
UCiVx0R2pqr8Zg-tivdPDgig,Sarnna Black Herbilrah |【SH】,@sarnnabhbr_ch,https://www.youtube.com/channel/UCiVx0R2pqr8Zg-tivdPDgig,Independent,active,CONFIRMED,vtuber_sarnnabhbr_ch,Sarnna Black Herbilrah |【SH】,main,5110,1027,411982,2026-09-03T16:46:02+00:00,TH,0.8,Thai VTuber Ranking,2026-09-06T15:07:31.324098+00:00,Thai confidence: 0.80; Sources: Thai VTuber Ranking; Active (last video published 2 days ago),True
UCjnKbgxO0tCXzNlSsnYjdyg,Kerori Raika,@keroriraika,https://www.youtube.com/channel/UCjnKbgxO0tCXzNlSsnYjdyg,Independent,active,CONFIRMED,vtuber_keroriraika,Kerori Raika,main,131,83,26242,2026-09-03T17:47:25+00:00,,0.45,Thai VTuber Ranking,2026-09-06T15:07:31.324150+00:00,Thai confidence: 0.45; Sources: Thai VTuber Ranking; Active (last video published 2 days ago),True
UCiZyQDO7v9UY_-Q24VsSLlQ,Antolnette the Magnificent Ch. Lumina-Muse,@antolnettethemagnificent,https://www.youtube.com/channel/UCiZyQDO7v9UY_-Q24VsSLlQ,Lumina Live,active,CONFIRMED,vtuber_antolnettethemagnificent,Antolnette the Magnificent Ch. Lumina-Muse,main,13800,146,1121748,2026-09-05T09:15:30+00:00,TH,0.8,Thai VTuber Ranking,2026-09-06T15:07:31.324223+00:00,VTuber signals: agency:Lumina Live; Agency: Lumina Live; Thai confidence: 0.80; Sources: Thai VTuber Ranking; Active (last video published 1 days ago),True
UCjD3GQq05AJ2Hwh0wDkiV4w,CIEL Chouette ch. Euphora,@cielepr,https://www.youtube.com/channel/UCjD3GQq05AJ2Hwh0wDkiV4w,Euphora Project,active,CONFIRMED,vtuber_cielepr,CIEL Chouette ch. Euphora,main,2880,271,129737,2026-08-31T03:29:56+00:00,TH,0.65,Thai VTuber Ranking,2026-09-06T15:07:31.324267+00:00,"VTuber signals: vtuber, vtuberth, agency:Euphora Project; Agency: Euphora Project; Thai confidence: 0.65; Sources: Thai VTuber Ranking; Active (last video published 6 days ago)",True
UCkYpaS7iE8B6r8xPBeo4sOg,Pinku no Megami - Virtual7『TH』,@pinkumegami,https://www.youtube.com/channel/UCkYpaS7iE8B6r8xPBeo4sOg,Independent,hiatus,CONFIRMED,vtuber_pinkumegami,Pinku no Megami - Virtual7『TH』,main,15500,176,239444,2025-03-15T17:43:20+00:00,TH,0.55,Thai VTuber Ranking,2026-09-06T15:07:31.324328+00:00,"VTuber signals: vtuber, vtuberth; Thai confidence: 0.55; Sources: Thai VTuber Ranking; Hiatus / Inactive for 539 days (> 180d)",True
UCkF8r4_wvBnMm2mrdvcxU_g,Sunfish Ch.,@sunfishch,https://www.youtube.com/channel/UCkF8r4_wvBnMm2mrdvcxU_g,Independent,active,CONFIRMED,vtuber_sunfishch,Sunfish Ch.,main,5560,567,245513,2026-09-01T16:24:20+00:00,TH,0.35,Thai VTuber Ranking,2026-09-06T15:07:31.324363+00:00,Thai confidence: 0.35; Sources: Thai VTuber Ranking; Active (last video published 4 days ago),True
UCiVNJohfCMYogqJ4EB6fB1g,Dragooooon Vtuber,@dragooooon_lh,https://www.youtube.com/channel/UCiVNJohfCMYogqJ4EB6fB1g,Independent,active,CONFIRMED,vtuber_dragooooon_lh,Dragooooon Vtuber,main,1750,282,283651,2026-08-28T10:12:38+00:00,TH,0.8,Thai VTuber Ranking,2026-09-06T15:07:31.324474+00:00,VTuber signals: vtuber; Thai confidence: 0.80; Sources: Thai VTuber Ranking; Active (last video published 9 days ago),True
UCjw7DQp5uNND5qMyyhtOpdQ,RaFa DXD,@rafadxd,https://www.youtube.com/channel/UCjw7DQp5uNND5qMyyhtOpdQ,Independent,active,CONFIRMED,vtuber_rafadxd,RaFa DXD,main,36400,648,12515497,2026-09-04T05:00:33+00:00,TH,0.8,Thai VTuber Ranking,2026-09-06T15:07:31.324524+00:00,"VTuber signals: วีทูปเบอร์, วีทูป; Thai confidence: 0.80; Sources: Thai VTuber Ranking; Active (last video published 2 days ago)",True
UCjQxLH9yqYXowVtH7a-6L-Q,MikuRu-0 Project,@mikuru0project,https://www.youtube.com/channel/UCjQxLH9yqYXowVtH7a-6L-Q,Independent,active,CONFIRMED,vtuber_mikuru0project,MikuRu-0 Project,main,52900,809,1913675,2026-08-05T12:40:11+00:00,TH,0.8,Thai VTuber Ranking; Virtual YouTuber Fandom Wiki,2026-09-06T15:07:31.324584+00:00,"VTuber signals: virtual youtuber; Thai confidence: 0.80; Sources: Thai VTuber Ranking, Virtual YouTuber Fandom Wiki; Active (last video published 32 days ago)",True
UCjgiHXaBeeuWfxZpNMCJioQ,Galactic Lunarr,@galacticlunarr,https://www.youtube.com/channel/UCjgiHXaBeeuWfxZpNMCJioQ,Independent,active,CONFIRMED,vtuber_galacticlunarr,Galactic Lunarr,main,4210,287,450810,2026-09-02T15:44:48+00:00,,0.2,Thai VTuber Ranking,2026-09-06T15:07:31.324615+00:00,"VTuber signals: vtuber, thai vtuber; Sources: Thai VTuber Ranking; Active (last video published 3 days ago)",True
UCkLlWzLdsqNdEaW9QYRbZCw,Zynlyp,@zynlyp,https://www.youtube.com/channel/UCkLlWzLdsqNdEaW9QYRbZCw,Independent,active,CONFIRMED,vtuber_zynlyp,Zynlyp,main,10100,667,3103793,2026-09-03T10:00:22+00:00,TH,0.8,Thai VTuber Ranking,2026-09-06T15:07:31.324673+00:00,Thai confidence: 0.80; Sources: Thai VTuber Ranking; Active (last video published 3 days ago),True
UCjtjNwzYjmM3PQkMWTP3MNw,Yusha | V.W.Y,@yushachvwy,https://www.youtube.com/channel/UCjtjNwzYjmM3PQkMWTP3MNw,V.W.Y,active,CONFIRMED,vtuber_yushachvwy,Yusha | V.W.Y,main,18200,213,513275,2026-09-04T05:54:34+00:00,,0.45,Thai VTuber Ranking,2026-09-06T15:07:31.324715+00:00,Thai confidence: 0.45; Sources: Thai VTuber Ranking; Active (last video published 2 days ago),True
UCiggUCFZrCho_ZtAMxSYx0Q,AlexisWolf,@itsalexiswolf,https://www.youtube.com/channel/UCiggUCFZrCho_ZtAMxSYx0Q,Independent,active,CONFIRMED,vtuber_itsalexiswolf,AlexisWolf,main,816,308,106999,2026-09-04T20:09:25+00:00,TH,0.8,Thai VTuber Ranking,2026-09-06T15:07:31.324821+00:00,Thai confidence: 0.80; Sources: Thai VTuber Ranking; Active (last video published 1 days ago),True
UCikyhPyuEu3rn1izGOGxZcg,Aranis Elvene Ch. Pixela-Isekai,@araniselvene,https://www.youtube.com/channel/UCikyhPyuEu3rn1izGOGxZcg,Pixela Project,active,CONFIRMED,vtuber_araniselvene,Aranis Elvene Ch. Pixela-Isekai,main,70400,1088,5863449,2026-09-04T03:58:01+00:00,TH,0.8,Thai VTuber Ranking; Virtual YouTuber Fandom Wiki,2026-09-06T15:07:31.324897+00:00,"VTuber signals: agency:Pixela Project; Agency: Pixela Project; Thai confidence: 0.80; Sources: Thai VTuber Ranking, Virtual YouTuber Fandom Wiki; Active (last video published 2 days ago)",True
UChgmNRdjJHlFaSm_xGmue9g,Konpe Ch. [Autumnia],@konpe,https://www.youtube.com/channel/UChgmNRdjJHlFaSm_xGmue9g,Autumnia,hiatus,CONFIRMED,vtuber_konpe,Konpe Ch. [Autumnia],main,1620,101,29590,2023-12-21T03:15:31+00:00,,0.45,Thai VTuber Ranking,2026-09-06T15:07:31.324962+00:00,Thai confidence: 0.45; Sources: Thai VTuber Ranking; Hiatus / Inactive for 990 days (> 180d),True
UCgRxjdx4-ZMtmhjyl2N27nw,Blinkdraws ,@blinkdraws,https://www.youtube.com/channel/UCgRxjdx4-ZMtmhjyl2N27nw,Independent,active,CONFIRMED,vtuber_blinkdraws,Blinkdraws ,main,64,45,6333,2026-08-10T18:42:22+00:00,TH,0.35,Thai VTuber Ranking,2026-09-06T15:07:31.325026+00:00,VTuber signals: vtuber; Thai confidence: 0.35; Sources: Thai VTuber Ranking; Active (last video published 26 days ago),True
UChZv4NseLfZ98PmCA-gii7A,Grazia Ch.,@grazia_vtuber,https://www.youtube.com/channel/UChZv4NseLfZ98PmCA-gii7A,Independent,active,CONFIRMED,vtuber_grazia_vtuber,Grazia Ch.,main,2830,145,20771,2026-08-02T12:30:08+00:00,TH,1.0,Thai VTuber Ranking,2026-09-06T15:07:31.325088+00:00,VTuber signals: vtuber; Thai confidence: 1.00; Sources: Thai VTuber Ranking; Active (last video published 35 days ago),True
UCgfEMiBgW-JSS3qksegDo3Q,Rlanzshino,@rlanzshino,https://www.youtube.com/channel/UCgfEMiBgW-JSS3qksegDo3Q,Independent,active,CONFIRMED,vtuber_rlanzshino,Rlanzshino,main,111,108,47342,2026-09-02T02:26:13+00:00,TH,0.8,Thai VTuber Ranking,2026-09-06T15:07:31.325155+00:00,Thai confidence: 0.80; Sources: Thai VTuber Ranking; Active (last video published 4 days ago),True
UChmC0OWdqJFyrdKQtseamJA,Killa ch.,@killach,https://www.youtube.com/channel/UChmC0OWdqJFyrdKQtseamJA,Independent,unknown,CONFIRMED,vtuber_killach,Killa ch.,main,14000,2,439,,TH,0.8,Thai VTuber Ranking,2026-09-06T15:07:31.325235+00:00,Thai confidence: 0.80; Sources: Thai VTuber Ranking; No public video history recorded,False
UCghRTkqCoqGGmq9s8z7muLg,G RED,@gredch,https://www.youtube.com/channel/UCghRTkqCoqGGmq9s8z7muLg,Independent,active,CONFIRMED,vtuber_gredch,G RED,main,141,85,52700,2026-08-29T15:15:28+00:00,TH,0.8,Thai VTuber Ranking,2026-09-06T15:07:31.325281+00:00,Thai confidence: 0.80; Sources: Thai VTuber Ranking; Active (last video published 7 days ago),True
UCgLadXz0sJbHQL98eoAd9ag,【graduated】Ice Shirakoi Ch. / AStars Amakara,@iceshirakoi_as,https://www.youtube.com/channel/UCgLadXz0sJbHQL98eoAd9ag,AStars Production,hiatus,CONFIRMED,vtuber_iceshirakoi_as,【graduated】Ice Shirakoi Ch. / AStars Amakara,main,24000,280,628823,2025-04-30T11:00:06+00:00,TH,0.35,Thai VTuber Ranking,2026-09-06T15:07:31.325321+00:00,Thai confidence: 0.35; Sources: Thai VTuber Ranking; Hiatus / Inactive for 494 days (> 180d),True
UCi2T9exDdJRTsxL1vnNV9gQ,Nanino Channel,@naninonaninona,https://www.youtube.com/channel/UCi2T9exDdJRTsxL1vnNV9gQ,Independent,active,CONFIRMED,vtuber_naninonaninona,Nanino Channel,main,231000,754,28220383,2026-08-27T08:50:36+00:00,TH,0.35,Thai VTuber Ranking,2026-09-06T15:07:31.325362+00:00,Thai confidence: 0.35; Sources: Thai VTuber Ranking; Active (last video published 10 days ago),True
UCi201iDULX3c5VXIlh65zOA,Bunnieskisses ch. | VtuberTH,@bunnieskisses.vtuber,https://www.youtube.com/channel/UCi201iDULX3c5VXIlh65zOA,Independent,active,CONFIRMED,vtuber_bunnieskisses.vtuber,Bunnieskisses ch. | VtuberTH,main,5410,99,26389,2026-09-03T03:58:33+00:00,TH,0.8,Thai VTuber Ranking,2026-09-06T15:07:31.325405+00:00,"VTuber signals: vtuber, vtuberth; Thai confidence: 0.80; Sources: Thai VTuber Ranking; Active (last video published 3 days ago)",True
UCgM2ZDG20kYbeYrG1wy1MSQ,Norma Ch.,@normach,https://www.youtube.com/channel/UCgM2ZDG20kYbeYrG1wy1MSQ,Independent,active,CONFIRMED,vtuber_normach,Norma Ch.,main,1080,258,48731,2026-09-04T15:50:59+00:00,,0.45,Thai VTuber Ranking,2026-09-06T15:07:31.325470+00:00,"VTuber signals: วีทูปเบอร์, วีทูป; Thai confidence: 0.45; Sources: Thai VTuber Ranking; Active (last video published 1 days ago)",True
UCi0lsSeXkSUuFwWTdhk73IA,Homooto the gang (โฮมู่โตะ),@homooto,https://www.youtube.com/channel/UCi0lsSeXkSUuFwWTdhk73IA,Independent,active,CONFIRMED,vtuber_homooto,Homooto the gang (โฮมู่โตะ),main,1720,24,20762,2026-09-04T10:00:16+00:00,TH,0.8,Thai VTuber Ranking,2026-09-06T15:07:31.325511+00:00,Thai confidence: 0.80; Sources: Thai VTuber Ranking; Active (last video published 2 days ago),True
UCh27XHdphGUo6meLoVblIoQ,Kevara ch. Euphora,@kevaraepr,https://www.youtube.com/channel/UCh27XHdphGUo6meLoVblIoQ,Euphora Project,active,CONFIRMED,vtuber_kevaraepr,Kevara ch. Euphora,main,13500,351,197199,2026-09-04T18:08:53+00:00,TH,0.8,Thai VTuber Ranking,2026-09-06T15:07:31.325574+00:00,"VTuber signals: virtual idol, agency:Euphora Project; Agency: Euphora Project; Thai confidence: 0.80; Sources: Thai VTuber Ranking; Active (last video published 1 days ago)",True
UCgnavpGZUMzWODQB_daHZbQ,Listen Ch.【ARP】,@listen_arp,https://www.youtube.com/channel/UCgnavpGZUMzWODQB_daHZbQ,Algorhythm Project,active,CONFIRMED,vtuber_listen_arp,Listen Ch.【ARP】,main,54000,476,7326256,2026-09-01T05:15:38+00:00,TH,1.0,Thai VTuber Ranking,2026-09-06T15:07:31.325633+00:00,VTuber signals: agency:Algorhythm Project; Agency: Algorhythm Project; Thai confidence: 1.00; Sources: Thai VTuber Ranking; Active (last video published 5 days ago),True
UCgQHTHlOXAX0PEVBeHTlSnA,Nero Ch.《CodeCreation》,@shirokaminero,https://www.youtube.com/channel/UCgQHTHlOXAX0PEVBeHTlSnA,Independent,active,CONFIRMED,vtuber_shirokaminero,Nero Ch.《CodeCreation》,main,2890,368,77575,2026-08-30T16:16:48+00:00,JP,0.65,Thai VTuber Ranking,2026-09-06T15:07:31.325702+00:00,Thai confidence: 0.65; Sources: Thai VTuber Ranking; Active (last video published 6 days ago),True
UCiFkwxPLkte3F9h7cgo3tOg,DubeDuck ,@dubeduck,https://www.youtube.com/channel/UCiFkwxPLkte3F9h7cgo3tOg,Independent,unknown,CONFIRMED,vtuber_dubeduck,DubeDuck ,main,2620,0,0,,,0.45,Thai VTuber Ranking,2026-09-06T15:07:31.325741+00:00,Thai confidence: 0.45; Sources: Thai VTuber Ranking; No public video history recorded,False
UChSGIJlrLUI1UVds38w2Obg,Leon Ch.,@leon_thepinklion,https://www.youtube.com/channel/UChSGIJlrLUI1UVds38w2Obg,Independent,active,CONFIRMED,vtuber_leon_thepinklion,Leon Ch.,main,1260,573,134524,2026-09-04T16:54:15+00:00,,0.2,Thai VTuber Ranking,2026-09-06T15:07:31.325775+00:00,"VTuber signals: vtuber, thai vtuber; Sources: Thai VTuber Ranking; Active (last video published 1 days ago)",True
UChgltsIqf_o4bFSKd9dVE5A,Ramirez Svensons,@ramirezvtuber,https://www.youtube.com/channel/UChgltsIqf_o4bFSKd9dVE5A,Independent,active,CONFIRMED,vtuber_ramirezvtuber,Ramirez Svensons,main,28600,628,3261923,2026-09-01T02:09:32+00:00,,0.65,Thai VTuber Ranking,2026-09-06T15:07:31.325822+00:00,VTuber signals: vtuber; Thai confidence: 0.65; Sources: Thai VTuber Ranking; Active (last video published 5 days ago),True
UChF6_MAcqWD8q-mnRoDViEQ,KNIGHT BARLET Ch.,@knightbarlet5751,https://www.youtube.com/channel/UChF6_MAcqWD8q-mnRoDViEQ,Independent,active,CONFIRMED,vtuber_knightbarlet5751,KNIGHT BARLET Ch.,main,7610,1144,708274,2026-09-02T04:52:37+00:00,TH,0.8,Thai VTuber Ranking,2026-09-06T15:07:31.325887+00:00,"VTuber signals: vtuber, วีทูปเบอร์, วีทูป, vtuberth; Thai confidence: 0.80; Sources: Thai VTuber Ranking; Active (last video published 4 days ago)",True
UCh3KvFEZOwMfaFYMzvdznRA,Kyofu Akari Ch.,@kyofuakari,https://www.youtube.com/channel/UCh3KvFEZOwMfaFYMzvdznRA,Independent,active,CONFIRMED,vtuber_kyofuakari,Kyofu Akari Ch.,main,8770,154,430078,2026-08-31T21:32:49+00:00,,0.45,Thai VTuber Ranking,2026-09-06T15:07:31.325942+00:00,VTuber signals: vtuber; Thai confidence: 0.45; Sources: Thai VTuber Ranking; Active (last video published 5 days ago),True
UCgyDesMB7dtmRf5O8WCbsgQ,Fynn Ch.,@fynnvtuber,https://www.youtube.com/channel/UCgyDesMB7dtmRf5O8WCbsgQ,Independent,hiatus,CONFIRMED,vtuber_fynnvtuber,Fynn Ch.,main,1690,14,24061,2024-09-21T17:55:58+00:00,TH,0.35,Thai VTuber Ranking,2026-09-06T15:07:31.325975+00:00,Thai confidence: 0.35; Sources: Thai VTuber Ranking; Hiatus / Inactive for 714 days (> 180d),True
UCh-ktlPulzCBs5S1Ynk3UOg,Faye Ashefort,@fayeashefort,https://www.youtube.com/channel/UCh-ktlPulzCBs5S1Ynk3UOg,Independent,hiatus,CONFIRMED,vtuber_fayeashefort,Faye Ashefort,main,4490,1,8983,2023-01-30T15:13:08+00:00,TH,0.35,Thai VTuber Ranking,2026-09-06T15:07:31.326011+00:00,Thai confidence: 0.35; Sources: Thai VTuber Ranking; Hiatus / Inactive for 1314 days (> 180d),True
UCg53fzp6UNYvsyAg8UoNXCA,Draki Kona Ch. Lumina-First-Myth,@drakikona,https://www.youtube.com/channel/UCg53fzp6UNYvsyAg8UoNXCA,Lumina Live,active,CONFIRMED,vtuber_drakikona,Draki Kona Ch. Lumina-First-Myth,main,248000,1251,14725867,2026-09-04T13:23:15+00:00,TH,0.8,Thai VTuber Ranking; Virtual YouTuber Fandom Wiki,2026-09-06T15:07:31.326097+00:00,"VTuber signals: agency:Lumina Live; Agency: Lumina Live; Thai confidence: 0.80; Sources: Thai VTuber Ranking, Virtual YouTuber Fandom Wiki; Active (last video published 2 days ago)",True
UChgVLsZjY0Pzzm5CZ-8a6MQ,PingPingko【REC】,@pingpingko,https://www.youtube.com/channel/UChgVLsZjY0Pzzm5CZ-8a6MQ,Independent,active,CONFIRMED,vtuber_pingpingko,PingPingko【REC】,main,4320,264,210190,2026-09-04T14:24:21+00:00,TH,0.8,Thai VTuber Ranking,2026-09-06T15:07:31.326207+00:00,Thai confidence: 0.80; Sources: Thai VTuber Ranking; Active (last video published 2 days ago),True
UCgMHb11ydIWSAgvzrxOPjRg,Arcanon Tarotar Ch. Lumina-Mutelu,@arcanontarotar,https://www.youtube.com/channel/UCgMHb11ydIWSAgvzrxOPjRg,Lumina Live,active,CONFIRMED,vtuber_arcanontarotar,Arcanon Tarotar Ch. Lumina-Mutelu,main,7110,209,770982,2026-09-02T16:15:24+00:00,TH,0.8,Thai VTuber Ranking,2026-09-06T15:07:31.326288+00:00,VTuber signals: agency:Lumina Live; Agency: Lumina Live; Thai confidence: 0.80; Sources: Thai VTuber Ranking; Active (last video published 3 days ago),True
UCgxuLWOuU5QX8ReEFthb_lA,อยากเปลี่ยนชื่ออะ อดีตตามหลอกหลอนอย่างมาก,@ookamichannel,https://www.youtube.com/channel/UCgxuLWOuU5QX8ReEFthb_lA,Independent,hiatus,CONFIRMED,vtuber_ookamichannel,อยากเปลี่ยนชื่ออะ อดีตตามหลอกหลอนอย่างมาก,main,3690,7,2759,2022-07-26T02:00:23+00:00,TH,0.8,Thai VTuber Ranking; Virtual YouTuber Fandom Wiki,2026-09-06T15:07:31.326317+00:00,"Thai confidence: 0.80; Sources: Thai VTuber Ranking, Virtual YouTuber Fandom Wiki; Hiatus / Inactive for 1503 days (> 180d)",True
UCgiEVQfolrB4MExyzxq_L5Q,AquaMarinia 【BLP】,@aquamarinia_blp,https://www.youtube.com/channel/UCgiEVQfolrB4MExyzxq_L5Q,Independent,active,CONFIRMED,vtuber_aquamarinia_blp,AquaMarinia 【BLP】,main,1860,305,84571,2026-08-27T18:37:39+00:00,TH,0.35,Thai VTuber Ranking,2026-09-06T15:07:31.326346+00:00,Thai confidence: 0.35; Sources: Thai VTuber Ranking; Active (last video published 9 days ago),True
UCgXcfaWl68A1gHWm4AiJXAQ,Yoshie Ch. Yoshie Teriri,@yoshiechyoshieteriri,https://www.youtube.com/channel/UCgXcfaWl68A1gHWm4AiJXAQ,Independent,hiatus,CONFIRMED,vtuber_yoshiechyoshieteriri,Yoshie Ch. Yoshie Teriri,main,1430,59,30197,2020-12-26T12:43:57+00:00,TH,0.55,Thai VTuber Ranking,2026-09-06T15:07:31.326371+00:00,"VTuber signals: vtuber, thai vtuber; Thai confidence: 0.55; Sources: Thai VTuber Ranking; Hiatus / Inactive for 2080 days (> 180d)",True
UCgwH2no530s8Ios2doKELKw,DanDan,@dantedesperadoofficial,https://www.youtube.com/channel/UCgwH2no530s8Ios2doKELKw,Independent,hiatus,CONFIRMED,vtuber_dantedesperadoofficial,DanDan,main,1590,87,53743,2025-05-04T03:02:33+00:00,TH,0.35,Thai VTuber Ranking,2026-09-06T15:07:31.326394+00:00,Thai confidence: 0.35; Sources: Thai VTuber Ranking; Hiatus / Inactive for 490 days (> 180d),True
UChBuxXl8poN1Jz8kZDdsfhw,Selene Ch.【ARP】,@selene_arp,https://www.youtube.com/channel/UChBuxXl8poN1Jz8kZDdsfhw,Algorhythm Project,active,CONFIRMED,vtuber_selene_arp,Selene Ch.【ARP】,main,32200,574,2806910,2026-08-27T21:04:00+00:00,TH,0.35,Thai VTuber Ranking; Virtual YouTuber Fandom Wiki,2026-09-06T15:07:31.326423+00:00,"VTuber signals: vtuber, vtuberth, agency:Algorhythm Project; Agency: Algorhythm Project; Thai confidence: 0.35; Sources: Thai VTuber Ranking, Virtual YouTuber Fandom Wiki; Active (last video published 9 days ago)",True
UCg7LMUxDiwIDngWPjo60iTw,Killian Mare,@killian_marexoxo,https://www.youtube.com/channel/UCg7LMUxDiwIDngWPjo60iTw,Independent,active,CONFIRMED,vtuber_killian_marexoxo,Killian Mare,main,1020,166,72260,2026-09-04T04:00:36+00:00,,0.45,Thai VTuber Ranking,2026-09-06T15:07:31.326534+00:00,"VTuber signals: vtuber, วีทูปเบอร์, วีทูป, vtuberth; Thai confidence: 0.45; Sources: Thai VTuber Ranking; Active (last video published 2 days ago)",True
UCgZt2jUdPnEVCKQtnzS0ywg,Klangkhuen / กลางคืน,@klangkhuen,https://www.youtube.com/channel/UCgZt2jUdPnEVCKQtnzS0ywg,Independent,active,CONFIRMED,vtuber_klangkhuen,Klangkhuen / กลางคืน,main,8470,662,356580,2026-08-14T05:40:00+00:00,,0.45,Thai VTuber Ranking,2026-09-06T15:07:31.326591+00:00,Thai confidence: 0.45; Sources: Thai VTuber Ranking; Active (last video published 23 days ago),True
UCgFEQdBjM12Cg-IY5tFzU_g,TOP【PRIME】,@ursungtheo,https://www.youtube.com/channel/UCgFEQdBjM12Cg-IY5tFzU_g,Independent,active,CONFIRMED,vtuber_ursungtheo,TOP【PRIME】,main,2090,112,26306,2026-05-01T17:55:59+00:00,TH,0.35,Thai VTuber Ranking,2026-09-06T15:07:31.326628+00:00,Thai confidence: 0.35; Sources: Thai VTuber Ranking; Active (last video published 127 days ago),True
UCgq-rIElYiBFQnxgMnkojwg,Padzang Channel,@padzangchannel,https://www.youtube.com/channel/UCgq-rIElYiBFQnxgMnkojwg,Independent,active,CONFIRMED,vtuber_padzangchannel,Padzang Channel,main,50400,2212,7992053,2026-09-03T17:42:41+00:00,TH,0.8,Thai VTuber Ranking,2026-09-06T15:07:31.326706+00:00,VTuber signals: vtuber; Thai confidence: 0.80; Sources: Thai VTuber Ranking; Active (last video published 2 days ago),True
UCgJiSmkfl1jCbczrs6kDWVw,DuziHa DuDu Ch.,@duziha,https://www.youtube.com/channel/UCgJiSmkfl1jCbczrs6kDWVw,Independent,active,CONFIRMED,vtuber_duziha,DuziHa DuDu Ch.,main,1350,660,136734,2026-09-04T15:57:19+00:00,,0.2,Thai VTuber Ranking,2026-09-06T15:07:31.326737+00:00,"VTuber signals: vtuber, thai vtuber; Sources: Thai VTuber Ranking; Active (last video published 1 days ago)",True
UChNALrBJanqhbKasT0tgajQ,Honoru Ch. โฮโนรุ,@honorulynn,https://www.youtube.com/channel/UChNALrBJanqhbKasT0tgajQ,Independent,active,CONFIRMED,vtuber_honorulynn,Honoru Ch. โฮโนรุ,main,4190,42,72512,2026-05-20T02:13:43+00:00,,0.45,Thai VTuber Ranking,2026-09-06T15:07:31.326785+00:00,Thai confidence: 0.45; Sources: Thai VTuber Ranking; Active (last video published 109 days ago),True
UCgkQ3ELvRzik3JDfc4o4S_g,Mor9an ՞·ᴥ·՞ (มอร์แกน)『VFree』,@mor9an_m,https://www.youtube.com/channel/UCgkQ3ELvRzik3JDfc4o4S_g,Independent,active,CONFIRMED,vtuber_mor9an_m,Mor9an ՞·ᴥ·՞ (มอร์แกน)『VFree』,main,674,204,69408,2026-08-22T12:58:42+00:00,TH,0.8,Thai VTuber Ranking,2026-09-06T15:07:31.326831+00:00,Thai confidence: 0.80; Sources: Thai VTuber Ranking; Active (last video published 15 days ago),True
UCgmytgwJVDe74ewiHklGcBA,Minato Hatsuki【JVP】,@minatohatsukich,https://www.youtube.com/channel/UCgmytgwJVDe74ewiHklGcBA,Independent,active,CONFIRMED,vtuber_minatohatsukich,Minato Hatsuki【JVP】,main,1350,238,141639,2026-08-16T06:45:50+00:00,TH,1.0,Thai VTuber Ranking,2026-09-06T15:07:31.326865+00:00,VTuber signals: vtuber; Thai confidence: 1.00; Sources: Thai VTuber Ranking; Active (last video published 21 days ago),True
UChAhP23slVdjdrpt4aRukIw,Daddy Evil Ch.,@daddyevilch,https://www.youtube.com/channel/UChAhP23slVdjdrpt4aRukIw,Independent,active,CONFIRMED,vtuber_daddyevilch,Daddy Evil Ch.,main,9010,866,449015,2026-09-04T15:37:46+00:00,TH,0.55,Thai VTuber Ranking,2026-09-06T15:07:31.326901+00:00,"VTuber signals: vtuber, thai vtuber; Thai confidence: 0.55; Sources: Thai VTuber Ranking; Active (last video published 1 days ago)",True
UChJCeUsXs42TOe1m4LZ_lJg,Cynthia Tepes Ch. [Autumnia],@cynthiatepes,https://www.youtube.com/channel/UChJCeUsXs42TOe1m4LZ_lJg,Autumnia,hiatus,CONFIRMED,vtuber_cynthiatepes,Cynthia Tepes Ch. [Autumnia],main,1860,153,49108,2025-01-31T19:15:24+00:00,TH,0.8,Thai VTuber Ranking,2026-09-06T15:07:31.326965+00:00,Thai confidence: 0.80; Sources: Thai VTuber Ranking; Hiatus / Inactive for 582 days (> 180d),True
UChNrxGsRq7xpntwWcI-h5Hg,Yuitoku Ch.,@yuitoku_woof,https://www.youtube.com/channel/UChNrxGsRq7xpntwWcI-h5Hg,Independent,active,CONFIRMED,vtuber_yuitoku_woof,Yuitoku Ch.,main,1420,432,113007,2026-09-03T04:12:38+00:00,TH,1.0,Thai VTuber Ranking,2026-09-06T15:07:31.326995+00:00,Thai confidence: 1.00; Sources: Thai VTuber Ranking; Active (last video published 3 days ago),True
UChy20fuMn3c_rB2NEZLQecA,Charlotty Ch. ,@charlottych.9815,https://www.youtube.com/channel/UChy20fuMn3c_rB2NEZLQecA,Independent,hiatus,CONFIRMED,vtuber_charlottych.9815,Charlotty Ch. ,main,1580,48,25350,2022-10-19T21:37:14+00:00,TH,0.55,Thai VTuber Ranking,2026-09-06T15:07:31.327020+00:00,VTuber signals: vtuber; Thai confidence: 0.55; Sources: Thai VTuber Ranking; Hiatus / Inactive for 1417 days (> 180d),True
UCgqsGN6McgMtc-Xz50MsG9w,Uniwii Ch.【ARP】,@uniwii_arp,https://www.youtube.com/channel/UCgqsGN6McgMtc-Xz50MsG9w,Algorhythm Project,hiatus,CONFIRMED,vtuber_uniwii_arp,Uniwii Ch.【ARP】,main,25200,258,1636526,2025-10-23T07:18:04+00:00,,0.45,Thai VTuber Ranking,2026-09-06T15:07:31.327050+00:00,"VTuber signals: วีทูบเบอร์, agency:Algorhythm Project; Agency: Algorhythm Project; Thai confidence: 0.45; Sources: Thai VTuber Ranking; Hiatus / Inactive for 318 days (> 180d)",True
UChrGwUGm1puXFhoC0lC7LFQ,Yukino Taifu Ch. ,@yukino-taifu,https://www.youtube.com/channel/UChrGwUGm1puXFhoC0lC7LFQ,Independent,active,CONFIRMED,vtuber_yukino-taifu,Yukino Taifu Ch. ,main,783,289,26348,2026-09-04T12:07:33+00:00,,0.2,Thai VTuber Ranking,2026-09-06T15:07:31.327079+00:00,"VTuber signals: vtuber, thai vtuber; Sources: Thai VTuber Ranking; Active (last video published 2 days ago)",True
UCg5zRBCc-X-O4ZPQQ3jDAIg,Estelle Wil Ch.,@estellewil,https://www.youtube.com/channel/UCg5zRBCc-X-O4ZPQQ3jDAIg,Independent,active,CONFIRMED,vtuber_estellewil,Estelle Wil Ch.,main,1640,442,73773,2026-08-11T04:14:33+00:00,TH,0.8,Thai VTuber Ranking,2026-09-06T15:07:31.327165+00:00,VTuber signals: vtuber; Thai confidence: 0.80; Sources: Thai VTuber Ranking; Active (last video published 26 days ago),True
UCiHID_2M0x_oEo62Kate2jQ,Zoomdesu,@zoomdesu,https://www.youtube.com/channel/UCiHID_2M0x_oEo62Kate2jQ,Independent,hiatus,CONFIRMED,vtuber_zoomdesu,Zoomdesu,main,2620,208,65269,2025-10-29T16:21:48+00:00,TH,0.8,Thai VTuber Ranking,2026-09-06T15:07:31.327221+00:00,Thai confidence: 0.80; Sources: Thai VTuber Ranking; Hiatus / Inactive for 311 days (> 180d),True
UCgSsXxQ71nScJ-GIc90ZkYw,Cerafine Mikael Ch. Lumina-First-Myth,@cerafinemikael,https://www.youtube.com/channel/UCgSsXxQ71nScJ-GIc90ZkYw,Lumina Live,active,CONFIRMED,vtuber_cerafinemikael,Cerafine Mikael Ch. Lumina-First-Myth,main,34800,914,3427915,2026-09-04T13:00:38+00:00,TH,0.8,Thai VTuber Ranking,2026-09-06T15:07:31.327269+00:00,VTuber signals: agency:Lumina Live; Agency: Lumina Live; Thai confidence: 0.80; Sources: Thai VTuber Ranking; Active (last video published 2 days ago),True
UCf0WmZk5F5_1Qm9CNgEZNuA,WATCH,@watch,https://www.youtube.com/channel/UCf0WmZk5F5_1Qm9CNgEZNuA,Independent,unknown,CONFIRMED,vtuber_watch,WATCH,main,3320,10,40515,,US,0.0,Virtual YouTuber Fandom Wiki,2026-09-06T15:07:31.327292+00:00,VTuber signals: virtual youtuber; Sources: Virtual YouTuber Fandom Wiki; No public video history recorded,False
UCVjpFP1_Ny3PUoE26r4ITaw,Bunana Vtuber,@bunana_vtuber,https://www.youtube.com/channel/UCVjpFP1_Ny3PUoE26r4ITaw,Independent,unknown,CONFIRMED,vtuber_bunana_vtuber,Bunana Vtuber,main,15200,1102,1569488,,US,0.0,Virtual YouTuber Fandom Wiki,2026-09-06T15:07:31.327356+00:00,VTuber signals: vtuber; Sources: Virtual YouTuber Fandom Wiki; No public video history recorded,False
UC-qBbCCqtD2H4WSs9m978Ow,Cazzie K. Monie,@cazziekmonie,https://www.youtube.com/channel/UC-qBbCCqtD2H4WSs9m978Ow,Independent,unknown,CONFIRMED,vtuber_cazziekmonie,Cazzie K. Monie,main,35000,21,5322,,TH,0.35,Virtual YouTuber Fandom Wiki,2026-09-06T15:07:31.327385+00:00,Thai confidence: 0.35; Sources: Virtual YouTuber Fandom Wiki; No public video history recorded,False
UCh4SV9jjhMTFd8QRBh0IegA,Cream Stew,@creamysteww,https://www.youtube.com/channel/UCh4SV9jjhMTFd8QRBh0IegA,Independent,unknown,CONFIRMED,vtuber_creamysteww,Cream Stew,main,765,0,0,,,0.0,Virtual YouTuber Fandom Wiki,2026-09-06T15:07:31.327408+00:00,VTuber signals: virtual youtuber; Sources: Virtual YouTuber Fandom Wiki; No public video history recorded,False
UClEcDlghI58w28f7H9pO-7Q,EC19 Projekt Official,@ec19projektofficial29,https://www.youtube.com/channel/UClEcDlghI58w28f7H9pO-7Q,Independent,unknown,CONFIRMED,vtuber_ec19projektofficial29,EC19 Projekt Official,main,702,1,1801,,,0.45,Virtual YouTuber Fandom Wiki,2026-09-06T15:07:31.327514+00:00,"VTuber signals: virtual youtuber, virtual streamer; Thai confidence: 0.45; Sources: Virtual YouTuber Fandom Wiki; No public video history recorded",False
UCPzpIPohJ6axdgSWGyCNmHg,Veera Ch.,@veerach.3467,https://www.youtube.com/channel/UCPzpIPohJ6axdgSWGyCNmHg,Independent,unknown,CONFIRMED,vtuber_veerach.3467,Veera Ch.,main,214,0,0,,TH,0.35,Virtual YouTuber Fandom Wiki,2026-09-06T15:07:31.327544+00:00,VTuber signals: virtual youtuber; Thai confidence: 0.35; Sources: Virtual YouTuber Fandom Wiki; No public video history recorded,False
UC6lZLAOgSYgJ6ZkW2ZTI75Q,Effy Ch.【ARP】,@effy_arp,https://www.youtube.com/channel/UC6lZLAOgSYgJ6ZkW2ZTI75Q,Algorhythm Project,unknown,CONFIRMED,vtuber_effy_arp,Effy Ch.【ARP】,main,47600,241,1337930,,,0.0,Virtual YouTuber Fandom Wiki,2026-09-06T15:07:31.327589+00:00,VTuber signals: agency:Algorhythm Project; Agency: Algorhythm Project; Sources: Virtual YouTuber Fandom Wiki; No public video history recorded,False
UCkEgF0BmvRD2QKETDKoIzdQ,Fernis Esme,@fernisesme815,https://www.youtube.com/channel/UCkEgF0BmvRD2QKETDKoIzdQ,Independent,unknown,CONFIRMED,vtuber_fernisesme815,Fernis Esme,main,2520,0,0,,,0.0,Virtual YouTuber Fandom Wiki,2026-09-06T15:07:31.327611+00:00,VTuber signals: virtual youtuber; Sources: Virtual YouTuber Fandom Wiki; No public video history recorded,False
UCaNo5k03dtYzsJ3TqL3JPUw,HirabikiVR,@hirabikivr7944,https://www.youtube.com/channel/UCaNo5k03dtYzsJ3TqL3JPUw,Independent,unknown,CONFIRMED,vtuber_hirabikivr7944,HirabikiVR,main,1720,68,176029,,TH,0.35,Virtual YouTuber Fandom Wiki,2026-09-06T15:07:31.327648+00:00,Thai confidence: 0.35; Sources: Virtual YouTuber Fandom Wiki; No public video history recorded,False
UCV04Z1PL6HevUdDeHDHwkDw,MeiLi,@MeiLiChParabellum2,https://www.youtube.com/channel/UCV04Z1PL6HevUdDeHDHwkDw,Independent,unknown,CONFIRMED,vtuber_meilichparabellum2,MeiLi,main,0,0,0,,,0.0,Virtual YouTuber Fandom Wiki,2026-09-06T15:07:31.327836+00:00,VTuber signals: virtual youtuber; Sources: Virtual YouTuber Fandom Wiki; No public video history recorded,False
UC2GaO3oPD_bkDMtLLRHnJgw,Nelynn,@UC2GaO3oPD_bkDMtLLRHnJgw,https://www.youtube.com/channel/UC2GaO3oPD_bkDMtLLRHnJgw,Independent,unknown,CONFIRMED,vtuber_uc2gao3opd_bkdmtllrhnjgw,Nelynn,main,0,0,0,,,0.0,Virtual YouTuber Fandom Wiki,2026-09-06T15:07:31.327882+00:00,VTuber signals: virtual youtuber; Sources: Virtual YouTuber Fandom Wiki; No public video history recorded,False
UClSlkwPIViMrT4Mj_8enkew,Ning Ning,@UClSlkwPIViMrT4Mj_8enkew,https://www.youtube.com/channel/UClSlkwPIViMrT4Mj_8enkew,Independent,unknown,CONFIRMED,vtuber_uclslkwpivimrt4mj_8enkew,Ning Ning,main,0,0,0,,,0.0,Virtual YouTuber Fandom Wiki,2026-09-06T15:07:31.327906+00:00,VTuber signals: virtual youtuber; Sources: Virtual YouTuber Fandom Wiki; No public video history recorded,False
UC3qWSgyoIB-pyGhjTBUwQww,Zoel Ch.,@novicezoel,https://www.youtube.com/channel/UC3qWSgyoIB-pyGhjTBUwQww,Independent,unknown,CONFIRMED,vtuber_novicezoel,Zoel Ch.,main,7520,398,188437,,TH,0.35,Virtual YouTuber Fandom Wiki,2026-09-06T15:07:31.327929+00:00,VTuber signals: virtual youtuber; Thai confidence: 0.35; Sources: Virtual YouTuber Fandom Wiki; No public video history recorded,False
UCmvFibZ6umhTdyUpLya_vLg,Nyeeeon,@nyeeeon,https://www.youtube.com/channel/UCmvFibZ6umhTdyUpLya_vLg,Independent,unknown,CONFIRMED,vtuber_nyeeeon,Nyeeeon,main,2570,391,212703,,TH,0.35,Virtual YouTuber Fandom Wiki,2026-09-06T15:07:31.327951+00:00,Thai confidence: 0.35; Sources: Virtual YouTuber Fandom Wiki; No public video history recorded,False
UCcRaKGCG3RFenb8D2php_Jw,Pixela Official,@pixelaofficial,https://www.youtube.com/channel/UCcRaKGCG3RFenb8D2php_Jw,Pixela Project,unknown,CONFIRMED,vtuber_pixelaofficial,Pixela Official,main,74400,141,9602992,,TH,0.8,Virtual YouTuber Fandom Wiki,2026-09-06T15:07:31.327986+00:00,"VTuber signals: virtual youtuber, agency:Pixela Project; Agency: Pixela Project; Thai confidence: 0.80; Sources: Virtual YouTuber Fandom Wiki; No public video history recorded",False
UCbJzR2e_KQAATjnkddLTL9A,Polygon Official,@polygonofficial,https://www.youtube.com/channel/UCbJzR2e_KQAATjnkddLTL9A,Polygon Official,unknown,CONFIRMED,vtuber_polygonofficial,Polygon Official,main,29500,254,3279686,,TH,0.8,Virtual YouTuber Fandom Wiki,2026-09-06T15:07:31.328044+00:00,"VTuber signals: virtual idol, agency:Polygon Official; Agency: Polygon Official; Thai confidence: 0.80; Sources: Virtual YouTuber Fandom Wiki; No public video history recorded",False
UCa7Slk7_l3qK3YFGZWa2IsQ,Ponya Ch. - Parabellum,@ponyachparabellum,https://www.youtube.com/channel/UCa7Slk7_l3qK3YFGZWa2IsQ,Independent,unknown,CONFIRMED,vtuber_ponyachparabellum,Ponya Ch. - Parabellum,main,1180,92,23185,,,0.2,Virtual YouTuber Fandom Wiki,2026-09-06T15:07:31.328093+00:00,VTuber signals: vtuber; Sources: Virtual YouTuber Fandom Wiki; No public video history recorded,False
UCXtQTtPJedfjqEPysorbsMg,久檻夜くぅ / Qualia Qu Ch.,@qualiaquch.5487,https://www.youtube.com/channel/UCXtQTtPJedfjqEPysorbsMg,Independent,unknown,CONFIRMED,vtuber_qualiaquch.5487,久檻夜くぅ / Qualia Qu Ch.,main,134000,39,7675178,,JP,0.65,Virtual YouTuber Fandom Wiki,2026-09-06T15:07:31.328171+00:00,VTuber signals: vtuber; Thai confidence: 0.65; Sources: Virtual YouTuber Fandom Wiki; No public video history recorded,False
UCyC0qxWVTV7Aq0WdyBkeypw,Rera Drago ch. AKD,@reradragoakd,https://www.youtube.com/channel/UCyC0qxWVTV7Aq0WdyBkeypw,Independent,unknown,CONFIRMED,vtuber_reradragoakd,Rera Drago ch. AKD,main,3760,6,16062,,TH,0.8,Virtual YouTuber Fandom Wiki,2026-09-06T15:07:31.328228+00:00,Thai confidence: 0.80; Sources: Virtual YouTuber Fandom Wiki; No public video history recorded,False
UC0vtaaMk6-hGYcx4QWoMymg,Toru Kuma,@torukuma,https://www.youtube.com/channel/UC0vtaaMk6-hGYcx4QWoMymg,Independent,unknown,CONFIRMED,vtuber_torukuma,Toru Kuma,main,0,0,0,,,0.0,Virtual YouTuber Fandom Wiki,2026-09-06T15:07:31.328404+00:00,VTuber signals: virtual youtuber; Sources: Virtual YouTuber Fandom Wiki; No public video history recorded,False
UCrIs26bEKOvA_lRnO2Hgscw,Unnämed,@unnamednow00,https://www.youtube.com/channel/UCrIs26bEKOvA_lRnO2Hgscw,Independent,unknown,CONFIRMED,vtuber_unnamednow00,Unnämed,main,476000,199,46915234,,JP,0.0,Virtual YouTuber Fandom Wiki,2026-09-06T15:07:31.328477+00:00,VTuber signals: live2d; Sources: Virtual YouTuber Fandom Wiki; No public video history recorded,False
UC_XyNfXasr_yngj3VOJU3dg,Ursa Scorpio,@ursa_vtuber,https://www.youtube.com/channel/UC_XyNfXasr_yngj3VOJU3dg,Independent,unknown,CONFIRMED,vtuber_ursa_vtuber,Ursa Scorpio,main,4770,343,673093,,TH,0.8,Virtual YouTuber Fandom Wiki,2026-09-06T15:07:31.328571+00:00,Thai confidence: 0.80; Sources: Virtual YouTuber Fandom Wiki; No public video history recorded,False
UCSdV0wKlfljMvRY3mFVn1ZQ,Vanila Mali,@UCSdV0wKlfljMvRY3mFVn1ZQ,https://www.youtube.com/channel/UCSdV0wKlfljMvRY3mFVn1ZQ,Independent,unknown,CONFIRMED,vtuber_ucsdv0wklfljmvry3mfvn1zq,Vanila Mali,main,0,0,0,,,0.0,Virtual YouTuber Fandom Wiki,2026-09-06T15:07:31.328629+00:00,VTuber signals: virtual youtuber; Sources: Virtual YouTuber Fandom Wiki; No public video history recorded,False
UCtorf7cuSwiGmA2lEuuubCQ,LUNA NENE ◤VTP◢,@nene_vtp,https://www.youtube.com/channel/UCtorf7cuSwiGmA2lEuuubCQ,Independent,unknown,CONFIRMED,vtuber_nene_vtp,LUNA NENE ◤VTP◢,main,524,0,0,,TH,1.0,Virtual YouTuber Fandom Wiki,2026-09-06T15:07:31.328675+00:00,"VTuber signals: vtuber, vtuberth; Thai confidence: 1.00; Sources: Virtual YouTuber Fandom Wiki; No public video history recorded",False
UC6jEdLoM959IpJeDP5sYgaQ,Wan Jan,@wanjan,https://www.youtube.com/channel/UC6jEdLoM959IpJeDP5sYgaQ,Independent,unknown,CONFIRMED,vtuber_wanjan,Wan Jan,main,0,0,0,,,0.0,Virtual YouTuber Fandom Wiki,2026-09-06T15:07:31.328699+00:00,VTuber signals: virtual youtuber; Sources: Virtual YouTuber Fandom Wiki; No public video history recorded,False
UCvsZDzO8ATDZJJgkhVlWopg,Xeno Horizon,@UCvsZDzO8ATDZJJgkhVlWopg,https://www.youtube.com/channel/UCvsZDzO8ATDZJJgkhVlWopg,Independent,unknown,CONFIRMED,vtuber_ucvszdzo8atdzjjgkhvlwopg,Xeno Horizon,main,0,0,0,,,0.0,Virtual YouTuber Fandom Wiki,2026-09-06T15:07:31.328722+00:00,VTuber signals: virtual youtuber; Sources: Virtual YouTuber Fandom Wiki; No public video history recorded,False
UC31u9DPv_zbrasL8FTH7K5g,Reiden_R Ch.,@reiden_r,https://www.youtube.com/channel/UC31u9DPv_zbrasL8FTH7K5g,Independent,active,CONFIRMED,vtuber_reiden_r,Reiden_R Ch.,main,2160,570,85013,2026-07-03T18:50:15+00:00,,1.0,Manual Audit; Thai VTuber Ranking,2026-09-06T15:23:57.357290+00:00,"Verified Thai VTuber via User Manual Audit; Agency: Independent; Status: Active; Subs: 2,160; Views: 85,013",True
UCGAYOnH9azmAmcHpzRWZsOg,NoA Noaris,@noa_noaris,https://www.youtube.com/channel/UCGAYOnH9azmAmcHpzRWZsOg,Independent,active,CONFIRMED,vtuber_noa_noaris,NoA Noaris,main,5760,958,262416,2026-09-02T13:00:18+00:00,,1.0,Manual Audit; Thai VTuber Ranking,2026-09-06T15:23:57.357290+00:00,"Verified Thai VTuber via User Manual Audit; Agency: Independent; Status: Active; Subs: 5,760; Views: 262,416",True
UCH3mEs_fK3r0M2hJ9NsgNPg,fxoverpur,@fxoverpur,https://www.youtube.com/channel/UCH3mEs_fK3r0M2hJ9NsgNPg,Independent,active,CONFIRMED,vtuber_fxoverpur,fxoverpur,main,10300,196,430346,2026-09-02T20:29:58+00:00,,1.0,Manual Audit; Thai VTuber Ranking,2026-09-06T15:23:57.357290+00:00,"Verified Thai VTuber via User Manual Audit; Agency: Independent; Status: Active; Subs: 10,300; Views: 430,346",True
UCUOVWfFzNwIfu3_MfXegyPA,Akaku Mikoni | V.W.Y,@akakumikoni,https://www.youtube.com/channel/UCUOVWfFzNwIfu3_MfXegyPA,V.W.Y,active,CONFIRMED,vtuber_akakumikoni,Akaku Mikoni | V.W.Y,main,10100,779,429878,2026-08-30T20:05:00+00:00,,1.0,Manual Audit; Thai VTuber Ranking,2026-09-06T15:23:57.357290+00:00,"Verified Thai VTuber via User Manual Audit; Agency: V.W.Y; Status: Active; Subs: 10,100; Views: 429,878",True
UCUlc9fwNihOqufbS8KtakvA,Koharu Channel,@koharuchannel,https://www.youtube.com/channel/UCUlc9fwNihOqufbS8KtakvA,Independent,hiatus,CONFIRMED,vtuber_koharuchannel,Koharu Channel,main,4680,0,0,2020-08-10T12:24:14+00:00,,1.0,Manual Audit; Thai VTuber Ranking,2026-09-06T15:23:57.357290+00:00,"Verified Thai VTuber via User Manual Audit; Agency: Independent; Status: Hiatus (>180 วัน); Subs: 4,680; Views: 0",True
UCaCHWJ4_dp4ovreQ91lp3Iw,Lyrics 🌙,@moonshinelyrics_z,https://www.youtube.com/channel/UCaCHWJ4_dp4ovreQ91lp3Iw,Independent,active,CONFIRMED,vtuber_moonshinelyrics_z,Lyrics 🌙,main,1170,106,20780,2026-09-02T17:43:21+00:00,,1.0,Manual Audit; Thai VTuber Ranking,2026-09-06T15:23:57.357290+00:00,"Verified Thai VTuber via User Manual Audit; Agency: Independent; Status: Active; Subs: 1,170; Views: 20,780",True
UC_nmh9XycGlquouvai2UC6g,Newzkung Raccoonza,@newzkungraccoon,https://www.youtube.com/channel/UC_nmh9XycGlquouvai2UC6g,Independent,active,CONFIRMED,vtuber_newzkungraccoon,Newzkung Raccoonza,main,781000,6845,172194304,2026-09-04T11:05:18+00:00,,1.0,Manual Audit; Thai VTuber Ranking,2026-09-06T15:23:57.357290+00:00,"Verified Thai VTuber via User Manual Audit; Agency: Independent; Status: Active; Subs: 781,000; Views: 172,194,304",True
UCsB043n4HJ1SfywowZACmug,Ané Monie Ch. | OAL,@monie_oal,https://www.youtube.com/channel/UCsB043n4HJ1SfywowZACmug,OAL,active,CONFIRMED,vtuber_monie_oal,Ané Monie Ch. | OAL,main,1430,232,148159,2026-08-31T03:44:37+00:00,,1.0,Manual Audit; Thai VTuber Ranking,2026-09-06T15:23:57.357290+00:00,"Verified Thai VTuber via User Manual Audit; Agency: OAL; Status: Active; Subs: 1,430; Views: 148,159",True
UCtECeyZ_Uc-oE4fJCt3YPoA,Byte001_SLR,@byte001_slr,https://www.youtube.com/channel/UCtECeyZ_Uc-oE4fJCt3YPoA,Independent,active,CONFIRMED,vtuber_byte001_slr,Byte001_SLR,main,301,67,11756,2026-08-31T17:15:17+00:00,,1.0,Manual Audit; Thai VTuber Ranking,2026-09-06T15:23:57.357290+00:00,"Verified Thai VTuber via User Manual Audit; Agency: Independent; Status: Active; Subs: 301; Views: 11,756",True
UCtHdI-Bb1OWP9VaQpBHy7kg,Titorch Ch.,@titorch_ch,https://www.youtube.com/channel/UCtHdI-Bb1OWP9VaQpBHy7kg,Independent,active,CONFIRMED,vtuber_titorch_ch,Titorch Ch.,main,1270,221,52981,2026-09-05T03:22:48+00:00,,1.0,Manual Audit; Thai VTuber Ranking,2026-09-06T15:23:57.357290+00:00,"Verified Thai VTuber via User Manual Audit; Agency: Independent; Status: Active; Subs: 1,270; Views: 52,981",True
UCONVwO_B2jxgzpbsVopQ6fw,Zion《ATX》,@zion_atx,https://www.youtube.com/channel/UCONVwO_B2jxgzpbsVopQ6fw,ATX,active,CONFIRMED,vtuber_zion_atx,Zion《ATX》,main,4740,28,109675,2026-07-31T04:21:37+00:00,,1.0,Manual Audit; Thai VTuber Ranking,2026-09-06T15:23:57.357290+00:00,"Verified Thai VTuber via User Manual Audit; Agency: ATX; Status: Active; Subs: 4,740; Views: 109,675",True
UCNaHMNS61Q1f1nIRDS0429A,Weiß,@lalalost8e,https://www.youtube.com/channel/UCNaHMNS61Q1f1nIRDS0429A,Independent,hiatus,CONFIRMED,vtuber_lalalost8e,Weiß,main,15900,1,1452,2024-02-23T17:39:22+00:00,,1.0,Manual Audit; Thai VTuber Ranking,2026-09-06T15:23:57.357290+00:00,"Verified Thai VTuber via User Manual Audit; Agency: Independent; Status: Hiatus (>180 วัน); Subs: 15,900; Views: 1,452",True
UCOFHRsSrDPOcdiz3Crc2ZBw,Hatsu ch〖DPX〗,@hatsuxch,https://www.youtube.com/channel/UCOFHRsSrDPOcdiz3Crc2ZBw,DPX,active,CONFIRMED,vtuber_hatsuxch,Hatsu ch〖DPX〗,main,1850,259,58846,2026-08-21T16:51:39+00:00,,1.0,Manual Audit; Thai VTuber Ranking,2026-09-06T15:23:57.357290+00:00,"Verified Thai VTuber via User Manual Audit; Agency: DPX; Status: Active; Subs: 1,850; Views: 58,846",True
UC82qGW5XAba3LYqMEmiVBgg,Naoki Yuuto Ch.,@naokiyuuto,https://www.youtube.com/channel/UC82qGW5XAba3LYqMEmiVBgg,Independent,hiatus,CONFIRMED,vtuber_naokiyuuto,Naoki Yuuto Ch.,main,3620,86,1189528,2025-07-08T00:00:08+00:00,,1.0,Manual Audit; Thai VTuber Ranking,2026-09-06T15:23:57.357290+00:00,"Verified Thai VTuber via User Manual Audit; Agency: Independent; Status: Hiatus (>180 วัน); Subs: 3,620; Views: 1,189,528",True
UCDmay2oK3RLbl8ooxYv-wJg,CHALONETTA | VArtisit,@chalonettavamp,https://www.youtube.com/channel/UCDmay2oK3RLbl8ooxYv-wJg,Independent,active,CONFIRMED,vtuber_chalonettavamp,CHALONETTA | VArtisit,main,5170,1,6163,2026-07-26T09:15:06+00:00,,1.0,Manual Audit; Thai VTuber Ranking,2026-09-06T15:23:57.357290+00:00,"Verified Thai VTuber via User Manual Audit; Agency: Independent; Status: Active; Subs: 5,170; Views: 6,163",True
UCEL3qsIRdudjSuFHMHUxi0Q,Rui Kazu 《 EXia 》,@ruikazu_exia,https://www.youtube.com/channel/UCEL3qsIRdudjSuFHMHUxi0Q,EXia,active,CONFIRMED,vtuber_ruikazu_exia,Rui Kazu 《 EXia 》,main,814,206,45690,2026-08-28T04:21:44+00:00,,1.0,Manual Audit; Thai VTuber Ranking,2026-09-06T15:23:57.357290+00:00,"Verified Thai VTuber via User Manual Audit; Agency: EXia; Status: Active; Subs: 814; Views: 45,690",True
UCyv2oEiAXQp9xLlBr1Tn6Vg,Yokina Saori,@yokinasaori,https://www.youtube.com/channel/UCyv2oEiAXQp9xLlBr1Tn6Vg,Independent,active,CONFIRMED,vtuber_yokinasaori,Yokina Saori,main,1010,41,29581,2026-08-15T15:00:26+00:00,,1.0,Manual Audit; Thai VTuber Ranking,2026-09-06T15:23:57.357290+00:00,"Verified Thai VTuber via User Manual Audit; Agency: Independent; Status: Active; Subs: 1,010; Views: 29,581",True
UCHhEdxjXqC8sbAj7a-PVFlg,LUM1N S.,@lum1ns,https://www.youtube.com/channel/UCHhEdxjXqC8sbAj7a-PVFlg,Independent,active,CONFIRMED,vtuber_lum1ns,LUM1N S.,main,2310,245,174735,2026-09-01T16:59:18+00:00,,1.0,Manual Audit; Thai VTuber Ranking,2026-09-06T15:23:57.357290+00:00,"Verified Thai VTuber via User Manual Audit; Agency: Independent; Status: Active; Subs: 2,310; Views: 174,735",True
UCpD_Ds-YEOOhPobh2xOGBHA,ZAIN Ch.,@zainvtuber,https://www.youtube.com/channel/UCpD_Ds-YEOOhPobh2xOGBHA,Independent,active,CONFIRMED,vtuber_zainvtuber,ZAIN Ch.,main,1710,410,296746,2026-08-30T15:46:24+00:00,,1.0,Manual Audit; Thai VTuber Ranking,2026-09-06T15:23:57.357290+00:00,"Verified Thai VTuber via User Manual Audit; Agency: Independent; Status: Active; Subs: 1,710; Views: 296,746",True
UCpfWYM5nNmWfroMIXBk3Gug,Jozetté Wrasset Ch. | OAL,@jozette_oal,https://www.youtube.com/channel/UCpfWYM5nNmWfroMIXBk3Gug,OAL,active,CONFIRMED,vtuber_jozette_oal,Jozetté Wrasset Ch. | OAL,main,916,149,116338,2026-08-22T10:54:54+00:00,,1.0,Manual Audit; Thai VTuber Ranking,2026-09-06T15:23:57.357290+00:00,"Verified Thai VTuber via User Manual Audit; Agency: OAL; Status: Active; Subs: 916; Views: 116,338",True
UCqUHXBufAIuF9KI-OoMFUQw,EikiShiro ch.,@eikishiro,https://www.youtube.com/channel/UCqUHXBufAIuF9KI-OoMFUQw,Independent,active,CONFIRMED,vtuber_eikishiro,EikiShiro ch.,main,821,172,37454,2026-09-03T03:46:16+00:00,,1.0,Manual Audit; Thai VTuber Ranking,2026-09-06T15:23:57.357290+00:00,"Verified Thai VTuber via User Manual Audit; Agency: Independent; Status: Active; Subs: 821; Views: 37,454",True
UCpbHtJERmEP-GZJeSpziqCQ,Zuruya Ch.,@zuruya-zip,https://www.youtube.com/channel/UCpbHtJERmEP-GZJeSpziqCQ,Independent,active,CONFIRMED,vtuber_zuruya-zip,Zuruya Ch.,main,1610,511,133187,2026-07-06T17:51:13+00:00,,1.0,Manual Audit; Thai VTuber Ranking,2026-09-06T15:23:57.357290+00:00,"Verified Thai VTuber via User Manual Audit; Agency: Independent; Status: Active; Subs: 1,610; Views: 133,187",True
UCT0u795YFp9O_k9cL5d0RZg,Z,@user-wj8iv9im1u,https://www.youtube.com/channel/UCT0u795YFp9O_k9cL5d0RZg,Independent,hiatus,CONFIRMED,vtuber_user-wj8iv9im1u,Z,main,2920,1,5570,2022-05-15T16:11:05+00:00,,1.0,Manual Audit; Thai VTuber Ranking,2026-09-06T15:23:57.357290+00:00,"Verified Thai VTuber via User Manual Audit; Agency: Independent; Status: Hiatus (>180 วัน); Subs: 2,920; Views: 5,570",True
UCRjdIz5ngcJVDZ-bjs2mEzg,shiorichan,@shiorichanvt,https://www.youtube.com/channel/UCRjdIz5ngcJVDZ-bjs2mEzg,Independent,active,CONFIRMED,vtuber_shiorichanvt,shiorichan,main,16700,345,1323861,2026-09-01T06:01:35+00:00,,1.0,Manual Audit; Thai VTuber Ranking,2026-09-06T15:23:57.357290+00:00,"Verified Thai VTuber via User Manual Audit; Agency: Independent; Status: Active; Subs: 16,700; Views: 1,323,861",True
UCSpIYbnsnaXgRpIpipxJRcw,Laychlype「ALF」,@laychlype_alf,https://www.youtube.com/channel/UCSpIYbnsnaXgRpIpipxJRcw,ALF,active,CONFIRMED,vtuber_laychlype_alf,Laychlype「ALF」,main,806,113,32276,2026-08-22T01:32:50+00:00,,1.0,Manual Audit; Thai VTuber Ranking,2026-09-06T15:23:57.357290+00:00,"Verified Thai VTuber via User Manual Audit; Agency: ALF; Status: Active; Subs: 806; Views: 32,276",True
UCKuzX7wNaRVXEI9a81xeNfA,Minami Lollipopza Ch. ʕ •ᴥ•ʔ,@minamilollipopzach,https://www.youtube.com/channel/UCKuzX7wNaRVXEI9a81xeNfA,Independent,active,CONFIRMED,vtuber_minamilollipopzach,Minami Lollipopza Ch. ʕ •ᴥ•ʔ,main,2320,293,56291,2026-06-23T04:28:05+00:00,,1.0,Manual Audit; Thai VTuber Ranking,2026-09-06T15:23:57.357290+00:00,"Verified Thai VTuber via User Manual Audit; Agency: Independent; Status: Active; Subs: 2,320; Views: 56,291",True
UCKg9vWWT_2yK3FFNNnnhhLw,Goozilla Ily Ch. [Autumnia],@goozillaily,https://www.youtube.com/channel/UCKg9vWWT_2yK3FFNNnnhhLw,Autumnia,hiatus,CONFIRMED,vtuber_goozillaily,Goozilla Ily Ch. [Autumnia],main,1570,187,43852,2025-08-31T17:31:40+00:00,,1.0,Manual Audit; Thai VTuber Ranking,2026-09-06T15:23:57.357290+00:00,"Verified Thai VTuber via User Manual Audit; Agency: Autumnia; Status: Hiatus (>180 วัน); Subs: 1,570; Views: 43,852",True
UCLT-U861QLvJmrlP7K6kv2w,Vulgtmnahog,@vulgt_bgp,https://www.youtube.com/channel/UCLT-U861QLvJmrlP7K6kv2w,Independent,active,CONFIRMED,vtuber_vulgt_bgp,Vulgtmnahog,main,276,461,68697,2026-09-02T19:28:55+00:00,,1.0,Manual Audit; Thai VTuber Ranking,2026-09-06T15:23:57.357290+00:00,"Verified Thai VTuber via User Manual Audit; Agency: Independent; Status: Active; Subs: 276; Views: 68,697",True
UC4Ty5GzSA5YjeXN-DqPIWfA,Rewarin Ch.,@rewarinrei,https://www.youtube.com/channel/UC4Ty5GzSA5YjeXN-DqPIWfA,Independent,active,CONFIRMED,vtuber_rewarinrei,Rewarin Ch.,main,1300,135,55080,2026-08-31T08:44:36+00:00,,1.0,Manual Audit; Thai VTuber Ranking,2026-09-06T15:23:57.357290+00:00,"Verified Thai VTuber via User Manual Audit; Agency: Independent; Status: Active; Subs: 1,300; Views: 55,080",True
UCc6hwdN1yu2QT9o4yIHUPnQ,Vermillion Ch. Flora Project,@vermillvt,https://www.youtube.com/channel/UCc6hwdN1yu2QT9o4yIHUPnQ,Flora Project,unknown,CONFIRMED,vtuber_vermillvt,Vermillion Ch. Flora Project,main,31700,0,0,2022-08-09T09:57:56.3503Z,,1.0,Manual Audit; Thai VTuber Ranking,2026-09-06T15:23:57.357290+00:00,"Verified Thai VTuber via User Manual Audit; Agency: Flora Project; Status: ไม่มีคลิปสาธารณะ; Subs: 31,700; Views: 0",False
UCmLd6QDRBcD9TfFrThJucng,Haine『Paralist』,@haineinwza,https://www.youtube.com/channel/UCmLd6QDRBcD9TfFrThJucng,Paralist,hiatus,CONFIRMED,vtuber_haineinwza,Haine『Paralist』,main,1980,94,46622,2026-01-22T22:13:47+00:00,,1.0,Manual Audit; Thai VTuber Ranking,2026-09-06T15:23:57.357290+00:00,"Verified Thai VTuber via User Manual Audit; Agency: Paralist; Status: Hiatus (>180 วัน); Subs: 1,980; Views: 46,622",True
UCkjQ55wHjS7cQ9Xol9qW7Ow,東雲こね / Shinonome Kone ⌜VZ⌟,@shinonomekone,https://www.youtube.com/channel/UCkjQ55wHjS7cQ9Xol9qW7Ow,Virtual Zeven (VZ),active,CONFIRMED,vtuber_shinonomekone,東雲こね / Shinonome Kone ⌜VZ⌟,main,10200,42,320899,2026-09-04T06:50:51+00:00,KR,1.0,Manual Audit; Thai VTuber Ranking,2026-09-06T15:23:57.357290+00:00,"Verified Thai VTuber via User Manual Audit; Agency: VZ; Status: Active; Subs: 10,200; Views: 320,899",True
UCVogMqMZimg5YbPE48oPrlg,Mysterica X. Ch. | RPG,@mystyrelife,https://www.youtube.com/channel/UCVogMqMZimg5YbPE48oPrlg,RPG,graduated,CONFIRMED,vtuber_mystyrelife,Mysterica X. Ch. | RPG,main,877,0,0,2024-09-03T11:26:58+00:00,,1.0,Manual Audit; Thai VTuber Ranking,2026-09-06T15:23:57.357290+00:00,Verified Thai VTuber via User Manual Audit; Agency: RPG; Status: Graduated (Hiatus); Subs: 877; Views: 0,False
UCWp6-EK_2seNDN_HN3mo9gA,^-Maru Chan-^,@marukomaruchan,https://www.youtube.com/channel/UCWp6-EK_2seNDN_HN3mo9gA,Independent,active,CONFIRMED,vtuber_marukomaruchan,^-Maru Chan-^,main,2950,799,177497,2026-08-31T17:55:03+00:00,,1.0,Manual Audit; Thai VTuber Ranking,2026-09-06T15:23:57.357290+00:00,"Verified Thai VTuber via User Manual Audit; Agency: Independent; Status: Active; Subs: 2,950; Views: 177,497",True
UCD2BJUqKTEPOkxdTyxfvCuQ,AzuruVT,@azuruvt,https://www.youtube.com/channel/UCD2BJUqKTEPOkxdTyxfvCuQ,Independent,active,CONFIRMED,vtuber_azuruvt,AzuruVT,main,17500,372,695894,2026-07-07T16:01:25+00:00,,1.0,Manual Audit; Thai VTuber Ranking,2026-09-06T15:23:57.357290+00:00,"Verified Thai VTuber via User Manual Audit; Agency: Independent; Status: Active; Subs: 17,500; Views: 695,894",True
UCCwDLJmhL5pYyXzN7coVwTw,Hajikeru Haruno Ch,@hajikeruharuno,https://www.youtube.com/channel/UCCwDLJmhL5pYyXzN7coVwTw,Independent,active,CONFIRMED,vtuber_hajikeruharuno,Hajikeru Haruno Ch,main,4060,64,47523,2026-06-03T06:36:34+00:00,,1.0,Manual Audit; Thai VTuber Ranking,2026-09-06T15:23:57.357290+00:00,"Verified Thai VTuber via User Manual Audit; Agency: Independent; Status: Active; Subs: 4,060; Views: 47,523",True
UCZq9-nxDs5XXEtAPzAuBnhQ,Wynn Carwin Ch. | OAL,@wynn_oal,https://www.youtube.com/channel/UCZq9-nxDs5XXEtAPzAuBnhQ,OAL,active,CONFIRMED,vtuber_wynn_oal,Wynn Carwin Ch. | OAL,main,1150,141,96993,2026-07-10T09:55:32+00:00,,1.0,Manual Audit; Thai VTuber Ranking,2026-09-06T15:23:57.357290+00:00,"Verified Thai VTuber via User Manual Audit; Agency: OAL; Status: Active; Subs: 1,150; Views: 96,993",True
UCZsXl4d82Yx76SeGNtWGjlQ,Fusui Ch.,@fusuich,https://www.youtube.com/channel/UCZsXl4d82Yx76SeGNtWGjlQ,Independent,hiatus,CONFIRMED,vtuber_fusuich,Fusui Ch.,main,6940,69,74599,2026-02-10T18:43:47+00:00,,1.0,Manual Audit; Thai VTuber Ranking,2026-09-06T15:23:57.357290+00:00,"Verified Thai VTuber via User Manual Audit; Agency: Independent; Status: Hiatus (>180 วัน); Subs: 6,940; Views: 74,599",True
UCtk8lcwk_Gx9egTljfiCMYw,Qmulaz,@qmulaz_vt,https://www.youtube.com/channel/UCtk8lcwk_Gx9egTljfiCMYw,Independent,active,CONFIRMED,vtuber_qmulaz_vt,Qmulaz,main,2170,289,68452,2026-05-29T01:11:13+00:00,,1.0,Manual Audit; Thai VTuber Ranking,2026-09-06T15:23:57.357290+00:00,"Verified Thai VTuber via User Manual Audit; Agency: Independent; Status: Active; Subs: 2,170; Views: 68,452",True
UCwSohSYD00uLV-kq_UFJb4g,Folpuzx Ch.,@folpuzx,https://www.youtube.com/channel/UCwSohSYD00uLV-kq_UFJb4g,Independent,active,CONFIRMED,vtuber_folpuzx,Folpuzx Ch.,main,4200,238,124900,2026-05-31T16:17:36+00:00,,1.0,Manual Audit; Thai VTuber Ranking,2026-09-06T15:23:57.357290+00:00,"Verified Thai VTuber via User Manual Audit; Agency: Independent; Status: Active; Subs: 4,200; Views: 124,900",True
UCvYUivIS4WcgfACH3xBJ0DQ,Zayn Ch【 HZ 】,@zayngloucesterchannel,https://www.youtube.com/channel/UCvYUivIS4WcgfACH3xBJ0DQ,HZ,active,CONFIRMED,vtuber_zayngloucesterchannel,Zayn Ch【 HZ 】,main,3860,242,65327,2026-09-05T14:53:41+00:00,,1.0,Manual Audit; Thai VTuber Ranking,2026-09-06T15:23:57.357290+00:00,"Verified Thai VTuber via User Manual Audit; Agency: HZ; Status: Active; Subs: 3,860; Views: 65,327",True
UCPh5ZGdw9LkBXxpCAdSaCrw,Vivera Carmine,@vivera_eylz,https://www.youtube.com/channel/UCPh5ZGdw9LkBXxpCAdSaCrw,EYLZ,active,CONFIRMED,vtuber_vivera_eylz,Vivera Carmine,main,622,159,36293,2026-09-03T13:03:44+00:00,,1.0,Manual Audit; Thai VTuber Ranking,2026-09-06T15:23:57.357290+00:00,"Verified Thai VTuber via User Manual Audit; Agency: EYLZ; Status: Active; Subs: 622; Views: 36,293",True
UCPW4hvhGciPdGqcsM1OCZ-Q,Avele Ch. [Pandora],@avele_pdr,https://www.youtube.com/channel/UCPW4hvhGciPdGqcsM1OCZ-Q,Pandora,unknown,CONFIRMED,vtuber_avele_pdr,Avele Ch. [Pandora],main,1390,0,0,2022-08-24T09:07:13.318139Z,,1.0,Manual Audit; Thai VTuber Ranking,2026-09-06T15:23:57.357290+00:00,"Verified Thai VTuber via User Manual Audit; Agency: Pandora; Status: ไม่มีคลิปสาธารณะ; Subs: 1,390; Views: 0",False
UCAid1uC5pxxvPasgFTJZEAw,Miledy Z.Devlin ch.,@miledyz_ch,https://www.youtube.com/channel/UCAid1uC5pxxvPasgFTJZEAw,Independent,active,CONFIRMED,vtuber_miledyz_ch,Miledy Z.Devlin ch.,main,2180,319,109377,2026-09-02T10:00:39+00:00,,1.0,Manual Audit; Thai VTuber Ranking,2026-09-06T15:23:57.357290+00:00,"Verified Thai VTuber via User Manual Audit; Agency: Independent; Status: Active; Subs: 2,180; Views: 109,377",True
UChd2cJe7HuTYbZGkOO-QKwg,Xen Ch. 【Ti19t】,@xen_desu,https://www.youtube.com/channel/UChd2cJe7HuTYbZGkOO-QKwg,Ti19t,active,CONFIRMED,vtuber_xen_desu,Xen Ch. 【Ti19t】,main,1740,429,74158,2026-08-21T19:25:54+00:00,,1.0,Manual Audit; Thai VTuber Ranking,2026-09-06T15:23:57.357290+00:00,"Verified Thai VTuber via User Manual Audit; Agency: Ti19t; Status: Active; Subs: 1,740; Views: 74,158",True
UCiG3hDSyLNx-tani2z03_Zg,AmiLLy,@amillyarchive,https://www.youtube.com/channel/UCiG3hDSyLNx-tani2z03_Zg,Independent,active,CONFIRMED,vtuber_amillyarchive,AmiLLy,main,20000,369,3748742,2026-08-12T18:31:32+00:00,,1.0,Manual Audit; Thai VTuber Ranking,2026-09-06T15:23:57.357290+00:00,"Verified Thai VTuber via User Manual Audit; Agency: Independent; Status: Active; Subs: 20,000; Views: 3,748,742",True
UChW_l65xozteVRme3mFE0Jg,Melantha Vtopia,@melanthavtopia705,https://www.youtube.com/channel/UChW_l65xozteVRme3mFE0Jg,Vtopia,hiatus,CONFIRMED,vtuber_melanthavtopia705,Melantha Vtopia,main,1030,0,0,2021-11-12T15:09:22+00:00,,1.0,Manual Audit; Thai VTuber Ranking,2026-09-06T15:23:57.357290+00:00,"Verified Thai VTuber via User Manual Audit; Agency: Vtopia; Status: Hiatus (>180 วัน); Subs: 1,030; Views: 0",True
UCt8vlwt6qi6P1mz5uuStJCA,Shimonz,@shimonnnnn,https://www.youtube.com/channel/UCt8vlwt6qi6P1mz5uuStJCA,Independent,graduated,CONFIRMED,vtuber_shimonz,Shimonz,main,1580,205,111492,2020-06-04T10:46:22.967512Z,,1.0,Manual Audit; Virtual YouTuber Fandom Wiki,2026-09-06T15:23:57.357290+00:00,"Verified Thai VTuber via User Manual Audit; Agency: Independent; Status: Retired / Fandom (นกฮูกไดมอนด์); Subs: 1,580; Views: 111,492",False
UCFSkExeBcqI4nb_ArHeByNw,シノライラ - Shino Laila【WACTOR】,@-shinolailawactor5871,https://www.youtube.com/channel/UCFSkExeBcqI4nb_ArHeByNw,WACTOR,graduated,CONFIRMED,vtuber_shino_laila,Shino Laila,main,100000,0,0,2021-05-07T11:05:15.020925Z,JP,1.0,Manual Audit; Virtual YouTuber Fandom Wiki,2026-09-06T15:23:57.357290+00:00,"Verified Thai VTuber via User Manual Audit; Agency: WACTOR; Status: Fandom Wiki (Thai VA); Subs: 100,000; Views: 0",False
UCkvce0jZJYBWJLTuKoLIvLA,Noeluc,@noeluc_,https://www.youtube.com/channel/UCkvce0jZJYBWJLTuKoLIvLA,Independent,active,CONFIRMED,vtuber_noeluc_,Noeluc,main,498,89,0,2026-09-01T00:00:00+00:00,TH,1.0,User Verification; YouTube Channel,2026-09-06T16:16:30.762110+00:00,VTuber ปีศาจแมว (Bakeneko) สายร้องเพลง/พูดคุยภาษาไทย; Thai VTuber confirmed,True
UCtJXU7YRwS-Cc8pu8U8bicg,Chiziz R Fa,@ChizizFa,https://www.youtube.com/channel/UCtJXU7YRwS-Cc8pu8U8bicg,Independent,active,CONFIRMED,vtuber_ChizizFa,Chiziz R Fa,main,1360,64,0,2026-09-01T00:00:00+00:00,TH,1.0,User Verification; YouTube Channel,2026-09-06T16:16:30.762110+00:00,VTuber เอลฟ์แห่งทะเลทราย ผู้ถือครองพลัง Anubis & Ra; Thai VTuber confirmed,True
UCP8tsYT8efX32P4WUlNrFOA,Aozora Sukai Ch.,@SukaiVtuber,https://www.youtube.com/channel/UCP8tsYT8efX32P4WUlNrFOA,Independent,active,CONFIRMED,vtuber_SukaiVtuber,Aozora Sukai Ch.,main,1260,82,4981,2026-09-01T00:00:00+00:00,TH,1.0,User Verification; YouTube Channel,2026-09-06T16:16:30.762110+00:00,VTuber ชายไทย (โอโซระ สุไค) สายเล่นเกม/ร้องเพลง; Thai VTuber confirmed,True
UC2q-fPPrsyKOjRpmm--vzPQ,Kuroyoru Yami,@kuroyoruyami,https://www.youtube.com/channel/UC2q-fPPrsyKOjRpmm--vzPQ,Independent,active,CONFIRMED,vtuber_kuroyoruyami,Kuroyoru Yami,main,1240,35,10728,2026-09-01T00:00:00+00:00,TH,1.0,User Verification; YouTube Channel,2026-09-06T16:16:30.762110+00:00,VTuber ชายไทย (คุโรโยรุ ยามิ) นินจาแห่งความมืด; Thai VTuber confirmed,True
UCfIXIjmCUKMBdmB2EspTygw,crazyghsot,@crazyghsot,https://www.youtube.com/channel/UCfIXIjmCUKMBdmB2EspTygw,Independent,active,CONFIRMED,vtuber_crazyghsot,crazyghsot,main,2240,113,0,2026-09-01T00:00:00+00:00,TH,1.0,User Verification; YouTube Channel,2026-09-06T16:16:30.762110+00:00,VTuber & สายวาด/กราฟิกไทย (เคยร่วมงานอีเวนต์ไทยอย่าง Maruya); Thai VTuber confirmed,True
UCOv6QnpFZfsVsOfh581sFrA,KitadesuS,@KitadesuS_MDZ,https://www.youtube.com/channel/UCOv6QnpFZfsVsOfh581sFrA,Independent,active,CONFIRMED,vtuber_KitadesuS_MDZ,KitadesuS,main,102,256,239,2026-09-01T00:00:00+00:00,TH,1.0,User Verification; YouTube Channel,2026-09-06T16:16:30.762110+00:00,VTuber ชายไทย (คิตะเดสสึ / หมาพุดดิ้ง) สายเกม FPS/ร้องเพลง; Thai VTuber confirmed,True
UCobiRetMOLHDrdLfLQzGiAw,Elsenia Volentia,@ElseniaVolentia,https://www.youtube.com/channel/UCobiRetMOLHDrdLfLQzGiAw,Independent,active,CONFIRMED,vtuber_ElseniaVolentia,Elsenia Volentia,main,411,55,0,2026-09-01T00:00:00+00:00,TH,1.0,User Verification; YouTube Channel,2026-09-06T16:16:30.762110+00:00,VTuber ชายไทย; Thai VTuber confirmed,True
