video_id,channel_id,channel_name,title,published_at,video_type,access_status,duration_seconds,view_count,like_count,comment_count,cataloged_at
ej-KxkWC5B8,UC1s5T_9sfGrRxHJhjEceVSg,Kafune CH.,คิดถึงทุกๆคนอยากคุยด้วยจัง,2024-05-11T01:02:42Z,replay_vod,public,3270,836,59,0,2026-09-06T15:07:39.783722+00:00
5-xNNzIfsXA,UC1s5T_9sfGrRxHJhjEceVSg,Kafune CH.,"Asterisk school ""ตัวตนที่สอง""",2024-04-30T04:45:00Z,shorts,public,17,5010,283,1,2026-09-06T15:07:39.783733+00:00
QwJYpzheVDY,UC1s5T_9sfGrRxHJhjEceVSg,Kafune CH.,เหตุผลว่าทำไมผมไม่อยากพูดภาษาอังกฤษ #valorant #valorantclips,2023-12-12T05:00:13Z,shorts,public,32,756,40,7,2026-09-06T15:07:39.783736+00:00
v5UJAXIS8pY,UC1s5T_9sfGrRxHJhjEceVSg,Kafune CH.,พูดคุยแลกเปลี่ยน w/@LucenePLG,2023-12-11T15:09:49Z,replay_vod,public,7437,989,59,3,2026-09-06T15:07:39.783738+00:00
Rdu99AdzK8I,UC1s5T_9sfGrRxHJhjEceVSg,Kafune CH.,jett มาพร้อมพลังย้อนเวลา #valorant #valorantclips,2023-12-10T05:00:11Z,shorts,public,52,766,38,2,2026-09-06T15:07:39.783740+00:00
HTyZMHqRd7I,UC1s5T_9sfGrRxHJhjEceVSg,Kafune CH.,ทำไรอ่ะ Sage....? #valorant #valorantclips,2023-12-09T03:00:08Z,shorts,public,42,821,54,3,2026-09-06T15:07:39.783741+00:00
MZTmZY_6h5c,UC1s5T_9sfGrRxHJhjEceVSg,Kafune CH.,มือใหม่หัดกู้ w/@momone_SRV,2023-11-06T03:08:16Z,replay_vod,public,6500,374,26,1,2026-09-06T15:07:39.783743+00:00
bxV8NNlFRYY,UC1s5T_9sfGrRxHJhjEceVSg,Kafune CH.,FreeTalk - เล่าประสบการณ์ไปเที่ยวที่เฟลที่สุด,2023-10-26T02:10:51Z,replay_vod,public,3641,260,17,1,2026-09-06T15:07:39.783744+00:00
ZHlxs0PFOsI,UC1s5T_9sfGrRxHJhjEceVSg,Kafune CH.,Maimai Festival ตบตู้ก่อนหนีไปเที่ยวยาวๆ,2023-10-19T03:15:48Z,replay_vod,public,5248,394,25,0,2026-09-06T15:07:39.783746+00:00
VyFReovwphI,UC1s5T_9sfGrRxHJhjEceVSg,Kafune CH.,FreeTalk - เหงาคิดถึงงงงงง,2023-10-13T02:42:33Z,replay_vod,public,4615,240,21,1,2026-09-06T15:07:39.783747+00:00
doc06CqZ0Gc,UC1s5T_9sfGrRxHJhjEceVSg,Kafune CH.,ถ่านผมใครอย่าแตะ,2023-10-04T05:00:14Z,normal_video,public,391,875,53,9,2026-09-06T15:07:39.783749+00:00
vP0WynNFaZo,UC1s5T_9sfGrRxHJhjEceVSg,Kafune CH.,Hack ใน Valorant? w/@mollyehe,2023-10-01T05:00:29Z,normal_video,public,217,2801,76,4,2026-09-06T15:07:39.783750+00:00
MPUwpaH6Kkk,UC1s5T_9sfGrRxHJhjEceVSg,Kafune CH.,พ่อมดอยากลองเล่าเรื่อง - Storyteller,2023-10-01T01:43:51Z,replay_vod,public,4686,188,18,0,2026-09-06T15:07:39.783752+00:00
zznSHjhdrPw,UC1s5T_9sfGrRxHJhjEceVSg,Kafune CH.,เหงาแหละเลยไลฟ์ตอนนี้,2023-09-17T12:56:31Z,replay_vod,public,9670,282,21,0,2026-09-06T15:07:39.783753+00:00
au2iPvQppe4,UC1s5T_9sfGrRxHJhjEceVSg,Kafune CH.,กองโจร - Valorant มาเล่นกับใครไม่รู้เล่นไปเรื่อย w/@mollyehe,2023-09-15T03:18:17Z,replay_vod,public,9615,155,18,2,2026-09-06T15:07:39.783754+00:00
ih4_lBDHTjg,UC1s5T_9sfGrRxHJhjEceVSg,Kafune CH.,Million mirror - ayna「 Cover Kafune 」,2023-08-25T14:59:22Z,normal_video,public,208,2915,143,11,2026-09-06T15:07:39.783756+00:00
KhlxPL8LK6c,UC1s5T_9sfGrRxHJhjEceVSg,Kafune CH.,แอบหลังห้อง - อัพเดทหลังบ้านระบบคะแนน,2023-08-22T02:50:07Z,replay_vod,public,6459,348,26,2,2026-09-06T15:07:39.783757+00:00
JHI07nHqCfw,UC1s5T_9sfGrRxHJhjEceVSg,Kafune CH.,Blessing of the Nephilim Short Cover #kafune #vtuberth #vtuber #cover,2023-08-13T09:35:32Z,shorts,public,60,2898,344,9,2026-09-06T15:07:39.783759+00:00
z7uSpdKJRPI,UC1s5T_9sfGrRxHJhjEceVSg,Kafune CH.,กองโจร - เป็ดย่างน่าสนใจนะ,2023-08-13T02:52:07Z,replay_vod,public,6428,299,26,0,2026-09-06T15:07:39.783760+00:00
ykvnL4B-X5E,UC1s5T_9sfGrRxHJhjEceVSg,Kafune CH.,เมื่อทำ unique key แต่ผิดที่ไปหน่อย,2023-08-07T06:04:54Z,shorts,public,21,3616,161,5,2026-09-06T15:07:39.783761+00:00
CC4zc7_NOfw,UC2IZur8-GAsn7gHQNTNOOgQ,Potia PBT,[🔴กองกระต่ายโจร ] คิดถึงพี่ดารา,2026-05-15T08:42:00Z,replay_vod,public,15711,69,5,0,2026-09-06T15:07:40.939032+00:00
97ioll0nBEA,UC2IZur8-GAsn7gHQNTNOOgQ,Potia PBT,"ลิขิต (UNDER THE MOONLIGHT) - Boun Noppanut , Prem Warut | Covered By Potia",2026-05-07T10:27:05Z,normal_video,public,217,126,9,1,2026-09-06T15:07:40.939043+00:00
XPQpV4KSI88,UC2IZur8-GAsn7gHQNTNOOgQ,Potia PBT,[🔴กองกระต่ายโจร ] คาราโอเกะตามใจฉัน,2026-04-17T17:18:00Z,replay_vod,public,8481,49,3,0,2026-09-06T15:07:40.939046+00:00
ZC4-rltWJ_k,UC2IZur8-GAsn7gHQNTNOOgQ,Potia PBT,[🔴karaoke ]  กลับยุคเก่าๆของเรากันเถิด,2026-03-25T20:43:27Z,replay_vod,public,8927,42,5,0,2026-09-06T15:07:40.939048+00:00
sjiJlTcAU08,UC2IZur8-GAsn7gHQNTNOOgQ,Potia PBT,[🔴กองกระต่ายโจร ] วันเหงาๆกับผองเพื่อน,2026-02-21T04:17:03Z,replay_vod,public,6455,54,4,0,2026-09-06T15:07:40.939050+00:00
iBn1MSkU3K0,UC2IZur8-GAsn7gHQNTNOOgQ,Potia PBT,[🔴Gartic Phone ] เด็กอนุบาล2หัดวาดรูป,2026-02-11T04:01:21Z,replay_vod,public,5846,111,7,0,2026-09-06T15:07:40.939052+00:00
UUy0DSCwA3Y,UC2IZur8-GAsn7gHQNTNOOgQ,Potia PBT,[🔴House Flipper ] ไหน ใครยังไม่กวาดบ้าน,2026-02-09T17:37:55Z,replay_vod,public,5147,68,5,0,2026-09-06T15:07:40.939055+00:00
gcMUWZFr91U,UC2IZur8-GAsn7gHQNTNOOgQ,Potia PBT,[🔴Don't drop the cake ] เค้กมาส่งแล้วจ้า,2026-01-30T18:06:29Z,replay_vod,public,9097,50,3,0,2026-09-06T15:07:40.939056+00:00
rL_QOf_xp5Q,UC2IZur8-GAsn7gHQNTNOOgQ,Potia PBT,[🔴กองกระต่ายโจร ] คาราโอเกะตามใจฉัน,2025-12-26T04:28:48Z,replay_vod,public,7951,44,1,0,2026-09-06T15:07:40.939059+00:00
cKqYwxizfdw,UC2IZur8-GAsn7gHQNTNOOgQ,Potia PBT,[🔴Tier List ] จัดตามใจ แต่ตามใจใครนะ?,2025-12-16T04:08:46Z,replay_vod,public,8246,67,6,0,2026-09-06T15:07:40.939060+00:00
n_tvEk5TLOM,UC2IZur8-GAsn7gHQNTNOOgQ,Potia PBT,[🔴กองกระต่ายโจร ] ดีดก่อนนอน,2025-12-02T06:02:40Z,replay_vod,public,5835,35,0,0,2026-09-06T15:07:40.939062+00:00
DCVI16eLjms,UC2IZur8-GAsn7gHQNTNOOgQ,Potia PBT,[🔴กองกระต่ายโจร ] กระโดดกัดคอบุคคลหนึ่ง,2025-11-17T21:12:59Z,replay_vod,public,11606,39,3,0,2026-09-06T15:07:40.939064+00:00
iVgj2wGSOho,UC2IZur8-GAsn7gHQNTNOOgQ,Potia PBT,[🔴กองกระต่ายโจร ] ร้องต้อนรับการกลับมาทำงานวีของโพเทีย,2025-10-24T20:46:17Z,replay_vod,public,14334,54,5,0,2026-09-06T15:07:40.939066+00:00
RgBtXd4U_nI,UC2IZur8-GAsn7gHQNTNOOgQ,Potia PBT,[🔴กองกระต่ายโจร ]  สะสมการันตี,2025-10-22T19:30:41Z,replay_vod,public,7582,60,2,2,2026-09-06T15:07:40.939067+00:00
j38B59YbBy0,UC2IZur8-GAsn7gHQNTNOOgQ,Potia PBT,วีกับเมเนศีลเสมอกันค่ะ5555เข้ารพ.ทั้งคู่55555 #vtuber #PotiaPBT #fypシ,2025-10-22T15:38:47Z,shorts,public,57,280,4,0,2026-09-06T15:07:40.939069+00:00
_Hi9yY1Aou4,UC2IZur8-GAsn7gHQNTNOOgQ,Potia PBT,POV : เมื่อคุณเหงาจนต้องขอโมเดลโอนี่จังมาวาดเล่น @V8tie.V,2025-10-20T14:06:37Z,shorts,public,21,644,4,2,2026-09-06T15:07:40.939071+00:00
AQLzxCFXTMg,UC2IZur8-GAsn7gHQNTNOOgQ,Potia PBT,徐佳瑩 - 喜欢你 XIHUANNI By Potia,2025-10-11T14:30:07Z,shorts,public,37,420,10,4,2026-09-06T15:07:40.939073+00:00
1DWkf6PFevI,UC2IZur8-GAsn7gHQNTNOOgQ,Potia PBT,[🔴Q&A with บุคคลปริศนา ]  นักร้องเสียงเพราะคนนั้นคือใครกัน,2025-09-12T22:52:24Z,replay_vod,public,10955,114,3,0,2026-09-06T15:07:40.939074+00:00
_PzqVwmFt8E,UC2IZur8-GAsn7gHQNTNOOgQ,Potia PBT,[🔴Novel ]  นิยายเสียงแบบแปกๆ Part 3,2025-09-12T04:21:52Z,replay_vod,public,5162,45,3,0,2026-09-06T15:07:40.939076+00:00
GBZHUAbhMdE,UC2IZur8-GAsn7gHQNTNOOgQ,Potia PBT,[🔴กองกระต่ายโจร ]  คลายเครียด,2025-09-08T20:07:39Z,replay_vod,public,7350,42,2,0,2026-09-06T15:07:40.939078+00:00
-03j1S4aW9Y,UC25e5qEqvVaG_VKrkTmJBmw,Lucene Ch.,🔴LIVE | ปั้นม้าลง CM Scorpio Cup อีกแล้วววว ฮืออออ🐴 [ Umamusume: Pretty Derby ] | LUCENE 🌜,2026-09-06T15:02:05Z,livestream,public,0,23,12,0,2026-09-06T15:07:43.583844+00:00
MnwyoNZeLUM,UC25e5qEqvVaG_VKrkTmJBmw,Lucene Ch.,🔴LIVE | ขนมเบื้องเบรกแตกจากน้องเมด🐰[ PolyFlavor ] | LUCENE 🌜,2026-09-05T17:08:55Z,replay_vod,public,18432,1872,112,4,2026-09-06T15:07:43.583858+00:00
dcBjbp1DwOI,UC25e5qEqvVaG_VKrkTmJBmw,Lucene Ch.,กาชาแบบนี้หนูไหว้ละพี่🐴 [ Umamusume: Pretty Derby ] #shorts #gacha #umamusume | LUCENE 🌜,2026-09-05T08:00:14Z,shorts,public,52,726,81,4,2026-09-06T15:07:43.583863+00:00
kPMC10Rm7mE,UC25e5qEqvVaG_VKrkTmJBmw,Lucene Ch.,🔴LIVE | 🎤ร้องเพลงต้อนรับวันเสาร์ #lunelaby | LUCENE 🌜,2026-09-04T13:24:52Z,replay_vod,public,8138,1348,91,3,2026-09-06T15:07:43.583866+00:00
OuePEgg95yI,UC25e5qEqvVaG_VKrkTmJBmw,Lucene Ch.,🔴LIVE | คืนพุธมุดหลุมกระต่าย มัดเรื่องหลอนฉบับอัปเดต | LUCENE 🌜,2026-09-02T16:35:21Z,replay_vod,public,8455,1707,129,5,2026-09-06T15:07:43.583870+00:00
776ZjXRwDWE,UC25e5qEqvVaG_VKrkTmJBmw,Lucene Ch.,🔴LIVE | เดือน 9 ก็ต้องเลข 9 ใช่ไหมล่ะค่ะ [สลากกินแบ่งรัฐบาลงวดวันที่ 1 ก.ย. 2569] | LUCENE 🌜,2026-09-01T21:24:46Z,replay_vod,public,6224,1716,86,2,2026-09-06T15:07:43.583873+00:00
XObaY--Vsrw,UC25e5qEqvVaG_VKrkTmJBmw,Lucene Ch.,🔴LIVE | 🎤วันอาทิตย์สีแดง แต่เน่สีท่าจะฮ้องเพลง #lunelaby | LUCENE 🌜,2026-08-30T16:06:17Z,replay_vod,public,8719,1552,108,5,2026-09-06T15:07:43.583876+00:00
c0zoRFZ8mUU,UC25e5qEqvVaG_VKrkTmJBmw,Lucene Ch.,🔴LIVE | เน่สี่หมี่เกี๊ยว🍜 [ KuloNiku: Bowl Up! ] | LUCENE 🌜,2026-08-28T17:37:51Z,replay_vod,public,8743,962,84,2,2026-09-06T15:07:43.583879+00:00
KLGNTSEI1uM,UC25e5qEqvVaG_VKrkTmJBmw,Lucene Ch.,🔴LIVE | รับออราเคิลจากเน่สักใบไหมคะ🃏 | LUCENE 🌜,2026-08-27T17:03:36Z,replay_vod,public,13754,1610,111,2,2026-09-06T15:07:43.583883+00:00
HZys-1tBkh4,UC25e5qEqvVaG_VKrkTmJBmw,Lucene Ch.,🔴LIVE | Q&A เรื่องความเครียดในมุมมองของเน่🔍 | LUCENE 🌜,2026-08-26T18:49:34Z,replay_vod,public,13005,1067,112,4,2026-09-06T15:07:43.583887+00:00
DHavc6Tvydg,UC25e5qEqvVaG_VKrkTmJBmw,Lucene Ch.,🔴LIVE | [ แสร้งว่า ASMR🎧 ] เติมพลังให้พี่สาวที่ทำงานหนักหน่อยนะคะ | LUCENE 🌜,2026-08-24T05:34:17Z,replay_vod,public,6538,997,128,5,2026-09-06T15:07:43.583890+00:00
TOegx7XgHTk,UC25e5qEqvVaG_VKrkTmJBmw,Lucene Ch.,🔴LIVE | ปั้นม้าลง CM โหมด Our Grand Concert (Grand Live)🐴 [ Umamusume: Pretty Derby ] | LUCENE 🌜,2026-08-22T13:55:50Z,replay_vod,public,8026,872,74,4,2026-09-06T15:07:43.583894+00:00
TGhemwelrss,UC25e5qEqvVaG_VKrkTmJBmw,Lucene Ch.,[ Thai Version ] Haiiro to Ao (灰色と青) - Yonezu Kenshi + Suda Masaki ft. @VinXIIIPLG | LUCENE 🌜,2026-08-21T09:32:25Z,shorts,public,25,2304,55,2,2026-09-06T15:07:43.583897+00:00
2WHhbFSyuRQ,UC25e5qEqvVaG_VKrkTmJBmw,Lucene Ch.,🔴LIVE | บาป VS บุญ คุณอยู่ฝั่งไหนล่ะคะ👿👼 | LUCENE 🌜,2026-08-20T15:43:47Z,replay_vod,public,16009,979,101,3,2026-09-06T15:07:43.583900+00:00
mcxNCwqxiYM,UC25e5qEqvVaG_VKrkTmJBmw,Lucene Ch.,🔴LIVE | 🎤คืนพุธมุดเข้าคาราโอเกะ #lunelaby | LUCENE 🌜,2026-08-19T16:27:25Z,replay_vod,public,10025,944,108,5,2026-09-06T15:07:43.583903+00:00
lTAa2ZWfHRs,UC25e5qEqvVaG_VKrkTmJBmw,Lucene Ch.,[ Thai Version ] Haiiro to Ao (灰色と青) - Yonezu Kenshi + Suda Masaki ft. @VinXIIIPLG | LUCENE 🌜,2026-08-19T10:00:06Z,replay_vod,public,335,1901,177,14,2026-09-06T15:07:43.583906+00:00
ThvKoD51cjs,UC25e5qEqvVaG_VKrkTmJBmw,Lucene Ch.,🔴LIVE | Q&A ความกลัวในมุมมองของเน่🔍 | LUCENE 🌜,2026-08-17T18:29:16Z,replay_vod,public,11961,953,115,5,2026-09-06T15:07:43.583909+00:00
nAJXbrZEGhM,UC25e5qEqvVaG_VKrkTmJBmw,Lucene Ch.,🔴LIVE | ฝันเห็นเลขรอบที่ล้าน ขอสักทีเถอะพี่ [สลากกินแบ่งรัฐบาลงวดวันที่ 16 ส.ค. 2569] | LUCENE 🌜,2026-08-16T21:20:25Z,replay_vod,public,5569,935,96,4,2026-09-06T15:07:43.583912+00:00
1uT3G3T_YYY,UC25e5qEqvVaG_VKrkTmJBmw,Lucene Ch.,🔴LIVE | 🎤Karaoke ร้องเพลงฉบับเข้าเกะ #lunelaby | LUCENE 🌜,2026-08-15T15:50:50Z,replay_vod,public,7603,605,96,3,2026-09-06T15:07:43.583915+00:00
kKBEhdHt7p4,UC25e5qEqvVaG_VKrkTmJBmw,Lucene Ch.,🔴LIVE | เติมตู้ปลาด้วยปลายปากกา 🐟 | LUCENE 🌜,2026-08-13T16:56:48Z,replay_vod,public,16454,975,119,1,2026-09-06T15:07:43.583918+00:00
fNpWZidpJi8,UC2AmIPun8jDuz1ksnxQTtcw,sunraindre,ล็อคเป้าเธอแล้ว ได้มั้ยคะ #sunraindre #pngtuberth #vtuberth,2026-09-06T11:27:07Z,shorts,public,45,760,62,2,2026-09-06T15:07:44.840950+00:00
PUkMP__8xZs,UC2AmIPun8jDuz1ksnxQTtcw,sunraindre,【 The Room 4 】ห้องสุดท้าย ร้ายสุดรึป่าว | sunraindre,2026-09-05T20:12:14Z,replay_vod,public,21366,342,18,0,2026-09-06T15:07:44.840961+00:00
zTHXlZx9_eY,UC2AmIPun8jDuz1ksnxQTtcw,sunraindre,【 Core Keeper #03 】มอร์เนลเลิกแกงมังกรได้มั้ย | sunraindre,2026-09-04T22:17:56Z,replay_vod,public,28697,450,15,0,2026-09-06T15:07:44.840964+00:00
WFcaudnStY0,UC2AmIPun8jDuz1ksnxQTtcw,sunraindre,ไม่รักดีกว่า #sunraindre #pngtuberth #vtuberth,2026-09-04T10:30:14Z,shorts,public,46,1062,61,8,2026-09-06T15:07:44.840966+00:00
9LW9LO845xE,UC2AmIPun8jDuz1ksnxQTtcw,sunraindre,【 มังโจร 】วาดรูปเล่นละม้าง | sunraindre,2026-09-03T19:48:54Z,replay_vod,public,18415,430,25,0,2026-09-06T15:07:44.840968+00:00
NGou_36jy0M,UC2AmIPun8jDuz1ksnxQTtcw,sunraindre,จกเห็ด #sunraindre #pngtuberth #vtuberth,2026-09-03T10:10:52Z,shorts,public,55,1621,110,0,2026-09-06T15:07:44.840970+00:00
aGuiIgXCkCs,UC2AmIPun8jDuz1ksnxQTtcw,sunraindre,【 Mall: Tidy Up 】สินค้าลงแล้ว | sunraindre,2026-09-02T17:08:29Z,replay_vod,public,10587,157,15,0,2026-09-06T15:07:44.840972+00:00
q0dy_rk9GxU,UC2AmIPun8jDuz1ksnxQTtcw,sunraindre,ทำได้มั้ยไม่รู้แต่ทำไปแล้ว #sunraindre #pngtuberth #vtuberth,2026-09-01T10:38:25Z,shorts,public,38,2703,68,2,2026-09-06T15:07:44.840974+00:00
iE4WVeH9w4M,UC2AmIPun8jDuz1ksnxQTtcw,sunraindre,【 MECCHA CHAMELEON 】ซ่อนท้ายเดือน | sunraindre,2026-08-31T16:26:19Z,replay_vod,public,9860,165,14,0,2026-09-06T15:07:44.840976+00:00
42ZkZeZxGl8,UC2AmIPun8jDuz1ksnxQTtcw,sunraindre,【 Librarian: Tidy Up #02 】เอ้าขยันหน่อยเผื่อได้โอที | sunraindre,2026-08-30T17:38:51Z,replay_vod,public,12384,288,31,0,2026-09-06T15:07:44.840978+00:00
aFhsGLlWHZE,UC2AmIPun8jDuz1ksnxQTtcw,sunraindre,【 มังโจร 】เคลียร์อย่างเดียว ไม่มีให้เพิ่ม | sunraindre,2026-08-29T20:04:24Z,replay_vod,public,16636,1014,33,0,2026-09-06T15:07:44.840979+00:00
BIsx9uZ4f6w,UC2AmIPun8jDuz1ksnxQTtcw,sunraindre,【 birthday 】มังกรจีนหนีไปนอน | sunraindre,2026-08-28T19:58:58Z,replay_vod,public,21842,1012,57,0,2026-09-06T15:07:44.840981+00:00
yLFIERimVFw,UC2AmIPun8jDuz1ksnxQTtcw,sunraindre,เพลงประจำวัน - PiXXiE |【 cover by sunraindre 】,2026-08-28T11:00:06Z,replay_vod,public,174,786,22,14,2026-09-06T15:07:44.840983+00:00
5wWlmzFAZXE,UC2AmIPun8jDuz1ksnxQTtcw,sunraindre,【 Librarian: Tidy Up #01 】ทำไมหนังสือไม่จัดตัวเอง | sunraindre,2026-08-26T19:40:18Z,replay_vod,public,19441,255,29,0,2026-09-06T15:07:44.840985+00:00
u7yUjvEYgvs,UC2AmIPun8jDuz1ksnxQTtcw,sunraindre,อนุญาตให้เอาจริง #sunraindre #pngtuber #pngtuberth #vtuberth,2026-08-25T10:32:21Z,shorts,public,50,1832,71,6,2026-09-06T15:07:44.840987+00:00
ISDfoYPMeUM,UC2AmIPun8jDuz1ksnxQTtcw,sunraindre,【 Raft #04 】แพยังไม่จม ลมอย่าพึ่งจับ | sunraindre,2026-08-22T16:26:02Z,replay_vod,public,11620,124,13,0,2026-09-06T15:07:44.840989+00:00
9lNJsNAS4XQ,UC2AmIPun8jDuz1ksnxQTtcw,sunraindre,【 free talk 】เห้ยอะไรอ่ะ | sunraindre ( mini - donothon ),2026-08-21T18:42:25Z,replay_vod,public,15401,288,30,0,2026-09-06T15:07:44.840991+00:00
b-FAHx8WKHQ,UC2AmIPun8jDuz1ksnxQTtcw,sunraindre,【 Core Keeper #02 】มอร์เนลทำอะไรทำเลย มังกรจะตกปลา | sunraindre,2026-08-20T21:46:49Z,replay_vod,public,26800,284,29,0,2026-09-06T15:07:44.840993+00:00
XQiMJM1ablY,UC2AmIPun8jDuz1ksnxQTtcw,sunraindre,พูดรู้เรื่องมั้ยไม่รู้ แต่ขำเกือบสิ้นแน่นอน #sunraindre #pngtuber #pngtuberth #vtuberth,2026-08-19T10:25:42Z,shorts,public,33,1759,166,5,2026-09-06T15:07:44.840994+00:00
4nTcoJQ9yb8,UC2AmIPun8jDuz1ksnxQTtcw,sunraindre,【 Fresh Start #02 】อีก 6 ที่ที่เหลือต้องสะอาด | sunraindre,2026-08-18T17:44:26Z,replay_vod,public,12785,145,26,0,2026-09-06T15:07:44.840996+00:00
ExGqwzD_DAs,UC2kjsGpKTwnFKZLLTUkK4Gw,BRRWYN Ch. / QURSE,【🔴LIVE】Fears to Fathom: Scratch Creek พาป้ามาเที่ยว ft.Shua🦫💛｜#BrrwynVibeENT,2026-09-03T04:16:29Z,replay_vod,public,9975,480,26,0,2026-09-06T15:07:45.872868+00:00
ATMt-397kyc,UC2kjsGpKTwnFKZLLTUkK4Gw,BRRWYN Ch. / QURSE,【🔴LIVE】Nerdie Time! รวมมิตรบวิ้นสายเนิร์ด🦫💛｜#BrrwynVibeENT,2026-08-29T03:19:46Z,replay_vod,public,5696,263,16,0,2026-09-06T15:07:45.872880+00:00
KoV8R-eR-VQ,UC2kjsGpKTwnFKZLLTUkK4Gw,BRRWYN Ch. / QURSE,【🔴LIVE】อัปเดตชีวิตก่อนสิ้นปี 2026🦫💛｜#BrrwynVibeENT,2026-08-21T03:45:34Z,replay_vod,public,4696,199,18,0,2026-09-06T15:07:45.872884+00:00
ZNunfRtWZKI,UC2kjsGpKTwnFKZLLTUkK4Gw,BRRWYN Ch. / QURSE,【🔴Graveyard Shift】แม่จ๋าเอาหนูมาทำรัย🦫💛｜#BrrwynVibeENT,2026-08-18T09:16:19Z,replay_vod,public,7816,235,31,1,2026-09-06T15:07:45.872887+00:00
PlxSBjA51MQ,UC2kjsGpKTwnFKZLLTUkK4Gw,BRRWYN Ch. / QURSE,【🔴Overwatch】วันแม่กับบวิ้งง💛｜#BrrwynVibeENT,2026-08-13T04:00:19Z,replay_vod,public,7891,165,24,0,2026-09-06T15:07:45.872890+00:00
bE4fgy0PvAA,UC2kjsGpKTwnFKZLLTUkK4Gw,BRRWYN Ch. / QURSE,【🔴กองโจร】เม้ามอย ร้องเพลง ต้อนรับสิงหาคมม💛｜#BrrwynVibeENT,2026-08-06T04:10:57Z,replay_vod,public,9351,250,32,2,2026-09-06T15:07:45.872892+00:00
Ya1kIqDT3IQ,UC2kjsGpKTwnFKZLLTUkK4Gw,BRRWYN Ch. / QURSE,【🔴RAFT】เล่นลาฟ feat.Shua Hexo💛｜#BrrwynVibeENT,2026-07-24T03:28:16Z,replay_vod,public,6935,191,21,0,2026-09-06T15:07:45.872895+00:00
_eTrSYjp4-4,UC2kjsGpKTwnFKZLLTUkK4Gw,BRRWYN Ch. / QURSE,【🔴KARAOKE】เพลงญี่ปุ่นกับเบอร์วินนน💛｜#BrrwynVibeENT,2026-07-17T03:44:11Z,replay_vod,public,5180,236,31,1,2026-09-06T15:07:45.872897+00:00
T5Qic8JklPw,UC2kjsGpKTwnFKZLLTUkK4Gw,BRRWYN Ch. / QURSE,【🔴Game of Thrones Kingroad】EP.2 ผมจะฟาดให้หมดเลอะฮ์💛｜#BrrwynVibeENT,2026-07-11T06:49:43Z,replay_vod,public,7826,105,14,0,2026-09-06T15:07:45.872899+00:00
VfvcZQLX6OQ,UC2kjsGpKTwnFKZLLTUkK4Gw,BRRWYN Ch. / QURSE,【🔴กองโจร】เกะ ของขวัญ🎤💛｜#BrrwynVibeENT,2026-07-04T04:46:06Z,replay_vod,public,12449,246,29,0,2026-09-06T15:07:45.872902+00:00
AVzhIrPQ98Q,UC2kjsGpKTwnFKZLLTUkK4Gw,BRRWYN Ch. / QURSE,【🔴Game of Thrones Kingroad】บวิร สโนว์มาแว้ว💛｜#BrrwynVibeENT,2026-07-02T08:04:23Z,replay_vod,public,10401,136,19,0,2026-09-06T15:07:45.872905+00:00
uliZSQilSRM,UC2kjsGpKTwnFKZLLTUkK4Gw,BRRWYN Ch. / QURSE,【🔴KARAOKE】วงล้อเพลงที่...ที่สุด!💛｜#BrrwynVibeENT,2026-06-26T05:29:53Z,replay_vod,public,6481,240,23,0,2026-09-06T15:07:45.872908+00:00
1ID2-FWOki8,UC2kjsGpKTwnFKZLLTUkK4Gw,BRRWYN Ch. / QURSE,【🔴THE SIMS 4】ผมมาแก้มือ! 💛｜#BrrwynVibeENT,2026-06-25T05:02:04Z,replay_vod,public,6440,172,17,0,2026-09-06T15:07:45.872910+00:00
HyBRJOji8yM,UC2kjsGpKTwnFKZLLTUkK4Gw,BRRWYN Ch. / QURSE,【🔴กองโจร】เลทไนท์คาราเกะ 💛｜#BrrwynVibeENT,2026-06-24T14:48:46Z,livestream,public,0,0,0,0,2026-09-06T15:07:45.872912+00:00
vjmLfVCGEZI,UC2kjsGpKTwnFKZLLTUkK4Gw,BRRWYN Ch. / QURSE,【🔴กองโจร】เลทไนท์คาราเกะ 💛｜#BrrwynVibeENT,2026-06-18T07:43:08Z,replay_vod,public,6997,309,34,0,2026-09-06T15:07:45.872915+00:00
tLDQ94DmRMo,UC2kjsGpKTwnFKZLLTUkK4Gw,BRRWYN Ch. / QURSE,【🔴VALORANT】มือปืนมาแล้วฮ้าฟ 🦫💛｜#BrrwynVibeENT,2026-06-17T01:14:41Z,replay_vod,public,6871,219,28,0,2026-09-06T15:07:45.872917+00:00
AC3BNZ-5_co,UC2kjsGpKTwnFKZLLTUkK4Gw,BRRWYN Ch. / QURSE,"【🔴KARAOKE】เพลงที่มีคำว่า ""แม่แอ๊ว"" 💛｜#BrrwynVibeENT",2026-06-06T06:15:22Z,replay_vod,public,9216,258,27,1,2026-09-06T15:07:45.872919+00:00
pOp4Rz8DXm8,UC2kjsGpKTwnFKZLLTUkK4Gw,BRRWYN Ch. / QURSE,【🔴LIVE】Q&A ถามตอบกับเบอร์วิน💛 #BrrwynVibeENT,2026-05-28T01:51:20Z,replay_vod,public,6001,257,23,0,2026-09-06T15:07:45.872922+00:00
v-LvfU7Y60g,UC2kjsGpKTwnFKZLLTUkK4Gw,BRRWYN Ch. / QURSE,【🔴HOGWARTS LEGACY】EP.3.5 Hi P'Lookbas🦫｜#BrrwynVibeENT｜#BrrwynVibeENT,2026-05-26T21:46:53Z,replay_vod,public,5950,149,26,0,2026-09-06T15:07:45.872924+00:00
fCvwIvELe7g,UC2kjsGpKTwnFKZLLTUkK4Gw,BRRWYN Ch. / QURSE,【🔴KARAOKE】Late Night กับบวิ้นค้าบ 💛｜#BrrwynVibeENT,2026-05-23T06:40:42Z,replay_vod,public,7471,401,33,1,2026-09-06T15:07:45.872926+00:00
VkPQWkhMVOY,UC32lsx7u7vqy63SguuuzmVg,Narelle ch. 【FIXIX VT】,เ พ  ื่ อ น ก ัน ต ล อ ด ไ ป,2025-12-22T06:00:06Z,replay_vod,public,259,478,53,5,2026-09-06T15:07:48.997529+00:00
vHirCruDCY0,UC32lsx7u7vqy63SguuuzmVg,Narelle ch. 【FIXIX VT】,【Original Song】FRIEND.exe   | Narelle ch. 【FIXIX VT】,2025-12-21T21:08:06Z,replay_vod,public,210,1056,80,9,2026-09-06T15:07:48.997538+00:00
SWNcXyJBzDY,UC32lsx7u7vqy63SguuuzmVg,Narelle ch. 【FIXIX VT】,【🔴[Graduation]  Last Expedition —เพราะเราเดินทางด้วยกัน  Narelle ch. ‪【FIXIX VT】,2025-12-20T18:49:42Z,replay_vod,public,20021,1815,140,10,2026-09-06T15:07:48.997541+00:00
WhD2uqRZiO8,UC32lsx7u7vqy63SguuuzmVg,Narelle ch. 【FIXIX VT】,【🔴[Roblox] 99 night ที่ผมจะหลอนเอง Narelle ch. ‪【FIXIX VT】,2025-12-18T03:51:17Z,replay_vod,public,7317,123,14,0,2026-09-06T15:07:48.997543+00:00
7G1YgrtWGoY,UC32lsx7u7vqy63SguuuzmVg,Narelle ch. 【FIXIX VT】,【🔴[กองยา] ผมาทักทาย มวลมนุษย์ Narelle ch. ‪【FIXIX VT】,2025-12-17T06:10:31Z,replay_vod,public,6731,102,18,1,2026-09-06T15:07:48.997544+00:00
NZhZk-cyH5Y,UC32lsx7u7vqy63SguuuzmVg,Narelle ch. 【FIXIX VT】,【🔴[Assemble with care] ปริศนานี้ ผมตอบไม่ได้  Narelle ch. ‪【FIXIX VT】,2025-12-15T05:18:06Z,replay_vod,public,11191,142,12,1,2026-09-06T15:07:48.997546+00:00
UMoHhF8-bek,UC32lsx7u7vqy63SguuuzmVg,Narelle ch. 【FIXIX VT】,【🔴[Unpacking] ลุยต่อ สร้างห้องเช่าร้าง Narelle ch. ‪【FIXIX VT】,2025-12-05T05:42:52Z,replay_vod,public,14406,110,18,0,2026-09-06T15:07:48.997548+00:00
ZRmprkJD7uk,UC32lsx7u7vqy63SguuuzmVg,Narelle ch. 【FIXIX VT】,【🔴[Unpacking] เก็บของ ย้ายแมงกะพรุนเข้าอยู่ Narelle ch. ‪【FIXIX VT】,2025-12-04T17:42:23Z,replay_vod,public,11704,99,18,2,2026-09-06T15:07:48.997549+00:00
_AuJ1Ekj2uc,UC32lsx7u7vqy63SguuuzmVg,Narelle ch. 【FIXIX VT】,【🔴[Muse Dash] กดทุกปุ่ม ที่คีย์บอร์ดที่มี Narelle ch. ‪【FIXIX VT】,2025-12-03T04:22:59Z,replay_vod,public,8072,84,8,0,2026-09-06T15:07:48.997670+00:00
1rKp3NsGVcs,UC32lsx7u7vqy63SguuuzmVg,Narelle ch. 【FIXIX VT】,【🔴[Repoจำเป็น] พวกพี่มาเป็นแก๊งค์! ft.สามหนุ่มหล่อดาเมจแรง Narelle ch. ‪【FIXIX VT】,2025-11-15T05:44:15Z,replay_vod,public,11034,102,10,1,2026-09-06T15:07:48.997675+00:00
Xxib6pjUlxU,UC32lsx7u7vqy63SguuuzmVg,Narelle ch. 【FIXIX VT】,【🔴[Karaoke] คืนนี้เน้นจอยๆฮะ Narelle ch. ‪【FIXIX VT】,2025-11-05T02:56:17Z,replay_vod,public,5066,77,11,2,2026-09-06T15:07:48.997677+00:00
Ve2Jc1njl14,UC32lsx7u7vqy63SguuuzmVg,Narelle ch. 【FIXIX VT】,【🔴 Arcanum Academy EP1 ]  อีวานพึ่งตื่นมาไลฟ์ครับ  Narelle ch. ‪【FIXIX VT】,2025-10-18T05:09:24Z,replay_vod,public,14236,157,14,0,2026-09-06T15:07:48.997679+00:00
sjd8GcqBa7I,UC32lsx7u7vqy63SguuuzmVg,Narelle ch. 【FIXIX VT】,【🔴[กองยา] peakปะ Narelle ch. ‪【FIXIX VT】,2025-10-06T04:42:14Z,replay_vod,public,7246,70,7,2,2026-09-06T15:07:48.997681+00:00
aAhOutnArhk,UC32lsx7u7vqy63SguuuzmVg,Narelle ch. 【FIXIX VT】,【🔴[กองยา]  สุ่มวันไลฟ์ ได้เป็นวันนี้  Narelle ch. ‪【FIXIX VT】,2025-09-25T16:13:07Z,replay_vod,public,7296,104,12,0,2026-09-06T15:07:48.997683+00:00
rUAdy3NqquA,UC32lsx7u7vqy63SguuuzmVg,Narelle ch. 【FIXIX VT】,【🔴[1 YEAR ANNIVERSARY!] นี่เราเป็นวีมา1ปีแล้วหรอ... พึ่งมารู้ตัวฮะ Narelle ch. ‪【FIXIX VT】,2025-09-08T03:00:03Z,replay_vod,public,5536,126,27,2,2026-09-06T15:07:48.997684+00:00
EG618EDChrg,UC32lsx7u7vqy63SguuuzmVg,Narelle ch. 【FIXIX VT】,"【🔴[LOL] ปกผมไม่ปัง แต่จะพังมากๆ  Narelle ch.  fts.พี่,น้อง,เพื่อน‪【FIXIX VT】",2025-09-07T04:56:50Z,replay_vod,public,8601,245,12,0,2026-09-06T15:07:48.997686+00:00
7AFRZURaur4,UC32lsx7u7vqy63SguuuzmVg,Narelle ch. 【FIXIX VT】,【🔴[Homicipher]  แปลภาษายังไง ให้เป็นภาษารัก Narelle ch. ‪【FIXIX VT】,2025-09-01T04:34:42Z,replay_vod,public,7575,108,16,2,2026-09-06T15:07:48.997688+00:00
65NaXFfejRU,UC32lsx7u7vqy63SguuuzmVg,Narelle ch. 【FIXIX VT】,【🔴[กองยา]  FREE TALK กับไก่ย่าง Narelle ch. ‪【FIXIX VT】,2025-08-28T01:50:37Z,replay_vod,public,12101,180,22,2,2026-09-06T15:07:48.997689+00:00
9z0i_NXto54,UC32lsx7u7vqy63SguuuzmVg,Narelle ch. 【FIXIX VT】,【🔴[PEAK]  ตกเขาไม่ดี มาตกหลุมรักผมดีกว่า Narelle ch. ‪【FIXIX VT】,2025-08-25T03:44:47Z,replay_vod,public,7511,69,10,3,2026-09-06T15:07:48.997691+00:00
Env3o0fJ4iI,UC32lsx7u7vqy63SguuuzmVg,Narelle ch. 【FIXIX VT】,【🔴[กองยา]  ร้องเพลงจนกว่าเราจะหลับกันไปข้าง Narelle ch. ‪【FIXIX VT】,2025-08-16T07:37:34Z,replay_vod,public,4501,104,14,2,2026-09-06T15:07:48.997692+00:00
jCIEmbCB9vk,UC3gREX7tB8vEhPFgAOGr9xg,1KFuu Ch.,ไดโนเสาร์ยังไม่นอน,2026-09-05T16:13:12Z,replay_vod,public,15991,754,33,2,2026-09-06T15:07:50.113902+00:00
VEbsy8uHwG0,UC3gREX7tB8vEhPFgAOGr9xg,1KFuu Ch.,ไหนว่าจะไปตี T-rex ไง #theisle #vtuber  #vtuberth  #vtuberclips,2026-09-05T09:40:26Z,shorts,public,47,3247,149,8,2026-09-06T15:07:50.113912+00:00
1JpKIlOn15Q,UC3gREX7tB8vEhPFgAOGr9xg,1KFuu Ch.,พาเพื่อนไพม์,2026-09-04T21:41:34Z,replay_vod,public,19233,1180,38,0,2026-09-06T15:07:50.113915+00:00
8BpBrAcB_dc,UC3gREX7tB8vEhPFgAOGr9xg,1KFuu Ch.,แรปเตอร์ๆๆๆๆ,2026-09-03T22:29:56Z,replay_vod,public,21008,1876,50,1,2026-09-06T15:07:50.113917+00:00
cciYWd2SYeQ,UC3gREX7tB8vEhPFgAOGr9xg,1KFuu Ch.,แรปเตอร์ๆ,2026-09-02T03:38:34Z,replay_vod,public,25237,2419,62,1,2026-09-06T15:07:50.113919+00:00
kPSEwjRth_c,UC3gREX7tB8vEhPFgAOGr9xg,1KFuu Ch.,ตื่นแมะ,2026-08-29T23:16:49Z,replay_vod,public,16361,964,32,0,2026-09-06T15:07:50.113920+00:00
cF-MrTSo7IY,UC3gREX7tB8vEhPFgAOGr9xg,1KFuu Ch.,ฟูเล่นได้ เล่นทัั้งวัน,2026-08-29T00:11:18Z,replay_vod,public,28019,2088,57,0,2026-09-06T15:07:50.113922+00:00
5j4PBV6bMKA,UC3gREX7tB8vEhPFgAOGr9xg,1KFuu Ch.,ผมแก้แวนกาดตั้งแต่ตี 3 ยัน 11 โมงเช้า,2026-08-28T00:01:37Z,replay_vod,public,28609,1636,52,0,2026-09-06T15:07:50.113923+00:00
_GjuendstyI,UC3gREX7tB8vEhPFgAOGr9xg,1KFuu Ch.,เจ็บคอพูดน้อยแล้วกัน,2026-08-25T18:48:17Z,replay_vod,public,11113,284,32,0,2026-09-06T15:07:50.113925+00:00
yuH1CwyJ2m0,UC3gREX7tB8vEhPFgAOGr9xg,1KFuu Ch.,Apex | ฟูมาอีกรึเปล่า,2026-08-23T00:55:12Z,replay_vod,public,30286,766,55,0,2026-09-06T15:07:50.113927+00:00
avQ7xrJBpJE,UC3gREX7tB8vEhPFgAOGr9xg,1KFuu Ch.,Apex | ฟูมาาาาาาาาาาาาา,2026-08-22T03:41:05Z,replay_vod,public,42674,924,65,0,2026-09-06T15:07:50.113928+00:00
yUKnI8hZBOY,UC3gREX7tB8vEhPFgAOGr9xg,1KFuu Ch.,Palworld | ฟักไข่ๆ EP.5,2026-08-20T18:08:45Z,replay_vod,public,12486,305,45,0,2026-09-06T15:07:50.113930+00:00
9KXbHL8zi9w,UC3gREX7tB8vEhPFgAOGr9xg,1KFuu Ch.,Apex | กลับวูปของเรา,2026-08-19T05:51:34Z,replay_vod,public,42900,1053,79,0,2026-09-06T15:07:50.113931+00:00
QuI7GcaezvU,UC3gREX7tB8vEhPFgAOGr9xg,1KFuu Ch.,Apex | เกมนี้มันเล่นยังไงนะ,2026-08-17T01:31:00Z,replay_vod,public,33031,903,78,0,2026-09-06T15:07:50.113933+00:00
C-DjOk6waLs,UC3gREX7tB8vEhPFgAOGr9xg,1KFuu Ch.,ตื่นมา ว๊อบแว๊บๆ,2026-08-15T18:33:40Z,replay_vod,public,20534,555,59,0,2026-09-06T15:07:50.113934+00:00
K7LWNjohf5U,UC3gREX7tB8vEhPFgAOGr9xg,1KFuu Ch.,Palworld | ยาวปายยยยยยยยยย EP.3,2026-08-12T18:54:56Z,replay_vod,public,20314,409,41,0,2026-09-06T15:07:50.113936+00:00
jfwa1abuy1I,UC3gREX7tB8vEhPFgAOGr9xg,1KFuu Ch.,Freetalk | ขึ้นจากหลุมแปปนึง,2026-08-12T03:02:45Z,replay_vod,public,5476,335,40,0,2026-09-06T15:07:50.113937+00:00
g4uLXW4wCLk,UC3gREX7tB8vEhPFgAOGr9xg,1KFuu Ch.,Palworld | มาเควสต่อแล้ว EP.2,2026-08-09T18:00:44Z,replay_vod,public,14764,445,52,0,2026-09-06T15:07:50.113939+00:00
TBOXbplQNG0,UC3gREX7tB8vEhPFgAOGr9xg,1KFuu Ch.,Palworld | ผมอยู่ที่ไหน,2026-08-08T19:35:40Z,replay_vod,public,21263,618,49,1,2026-09-06T15:07:50.113940+00:00
08eFvseoJOs,UC3gREX7tB8vEhPFgAOGr9xg,1KFuu Ch.,ลบ 100 ช.ม. ทำได้เปล่า,2026-08-07T20:30:22Z,replay_vod,public,25749,1246,62,0,2026-09-06T15:07:50.113942+00:00
yVoNF5dS1Ic,UC35EDRwjO07DpevXGxo3Y0g,IKUTO ch.,🔴 [ Whitechapel ] จะคิดถึงคุณตลอดไป. Evander EP: END,2026-05-31T15:00:35Z,replay_vod,public,7971,88,6,0,2026-09-06T15:07:51.355881+00:00
arrRQpJ2Fkg,UC35EDRwjO07DpevXGxo3Y0g,IKUTO ch.,🔴 [ Whitechapel ] คุณแม่รึป่าวหนะ Evander EP:11,2026-05-28T16:09:39Z,replay_vod,public,11448,23,3,0,2026-09-06T15:07:51.355891+00:00
PF2JPCzgxZE,UC35EDRwjO07DpevXGxo3Y0g,IKUTO ch.,🔴 [ Whitechapel ] ไม่จริงใช่ไหม... Evander EP:10,2026-05-24T15:25:11Z,replay_vod,public,8741,50,4,0,2026-09-06T15:07:51.355893+00:00
9HBsKfTpx7w,UC35EDRwjO07DpevXGxo3Y0g,IKUTO ch.,🔴 [ Whitechapel ] มีอีแวนกินกับอะไรก็อร่อย Evander EP:9,2026-05-18T03:29:15Z,replay_vod,public,4202,69,8,0,2026-09-06T15:07:51.355895+00:00
35Vs5o7s3HI,UC35EDRwjO07DpevXGxo3Y0g,IKUTO ch.,🔴 [ Whitechapel ] อะไรซักอย่าง Evander EP:8,2026-05-14T15:23:27Z,replay_vod,public,9935,94,4,0,2026-09-06T15:07:51.355897+00:00
pn-85lEk0W0,UC35EDRwjO07DpevXGxo3Y0g,IKUTO ch.,🔴 [ Whitechapel ] อะไรซักอย่าง Evander EP:7,2026-05-12T15:58:54Z,replay_vod,public,11433,60,5,0,2026-09-06T15:07:51.355898+00:00
BJI_OaycPzQ,UC35EDRwjO07DpevXGxo3Y0g,IKUTO ch.,🔴 [ Whitechapel ] . . . Evander EP:6,2026-05-10T16:00:29Z,replay_vod,public,11976,95,4,0,2026-09-06T15:07:51.355900+00:00
9JG6ozi94A4,UC35EDRwjO07DpevXGxo3Y0g,IKUTO ch.,🔴 [ Whitechapel ] นี่คุณเนียนะ . Evander EP:5,2026-05-07T15:35:42Z,replay_vod,public,10238,75,4,0,2026-09-06T15:07:51.355901+00:00
jl6r5pjj7ns,UC35EDRwjO07DpevXGxo3Y0g,IKUTO ch.,🔴 [ Whitechapel ] ใครทำอะไรแบบนี้เนีย!!! . Evander EP:4,2026-05-06T02:27:15Z,replay_vod,public,5957,49,3,0,2026-09-06T15:07:51.355903+00:00
8mSckte-hnI,UC35EDRwjO07DpevXGxo3Y0g,IKUTO ch.,🔴 [ Whitechapel ] ยาทดลอง . Evander EP:3,2026-05-03T15:35:08Z,replay_vod,public,10541,82,4,0,2026-09-06T15:07:51.355905+00:00
_GSkIJHqZ7s,UC35EDRwjO07DpevXGxo3Y0g,IKUTO ch.,🔴 [ Whitechapel ] ก็มัน . Evander EP:2,2026-04-30T15:45:21Z,replay_vod,public,7461,86,5,0,2026-09-06T15:07:51.355906+00:00
Gn0MytPfm5E,UC35EDRwjO07DpevXGxo3Y0g,IKUTO ch.,🔴 [ Whitechapel ] ครอบครัวของผมหนะ . Evander EP:1,2026-04-28T16:39:38Z,replay_vod,public,13766,120,6,0,2026-09-06T15:07:51.355908+00:00
gxisE47j4eE,UC35EDRwjO07DpevXGxo3Y0g,IKUTO ch.,🔴 คนหล่อคนนี้กลับมาได้ไงก่อน,2026-04-28T11:51:38Z,livestream,public,0,0,0,0,2026-09-06T15:07:51.355909+00:00
VpEkX1t-hzA,UC35EDRwjO07DpevXGxo3Y0g,IKUTO ch.,🔴 คนหล่อคนนี้กลับมาได้ไงก่อน,2026-04-27T11:38:46Z,replay_vod,public,893,27,4,0,2026-09-06T15:07:51.355911+00:00
OXIo8us4ViQ,UC35EDRwjO07DpevXGxo3Y0g,IKUTO ch.,🔴 [ Archangel Academy ] Jilares EP:8,2026-03-14T22:01:37Z,replay_vod,public,9957,57,4,0,2026-09-06T15:07:51.355912+00:00
beSIRyyWti8,UC35EDRwjO07DpevXGxo3Y0g,IKUTO ch.,🔴 [ Archangel Academy ] Jilares นี้นายทำแบบนี้ทำไม ? EP:7,2026-03-05T16:14:25Z,replay_vod,public,9668,54,4,0,2026-09-06T15:07:51.355914+00:00
Zm1uTSPC9Hs,UC35EDRwjO07DpevXGxo3Y0g,IKUTO ch.,🔴 [ Archangel Academy ] Jilares อะไรหนะะ! EP:06,2026-03-03T16:34:27Z,replay_vod,public,13517,55,5,0,2026-09-06T15:07:51.355916+00:00
-2J_yVltPVU,UC35EDRwjO07DpevXGxo3Y0g,IKUTO ch.,🔴 [ Archangel Academy ] Jilares ดันเจี้ยนส์ EP:05,2026-02-26T16:09:28Z,replay_vod,public,11262,67,3,0,2026-09-06T15:07:51.355917+00:00
W_06aETFgC0,UC35EDRwjO07DpevXGxo3Y0g,IKUTO ch.,🔴 [ Archangel Academy ] Jilares สหายรัก EP:04,2026-02-24T16:27:02Z,replay_vod,public,12125,51,6,0,2026-09-06T15:07:51.355919+00:00
G1Xqu2ThuEY,UC35EDRwjO07DpevXGxo3Y0g,IKUTO ch.,🔴 [ Archangel Academy ] Jilares ชีวิตเริ่มแปลกไป EP:03,2026-02-10T16:18:33Z,replay_vod,public,12537,78,4,0,2026-09-06T15:07:51.355920+00:00
wGzYSYLurMo,UC3ZglUA0HEUCuGbe5b8zXKw,The Lupas,🔴LIVE【Phasmophobia : มาให้ผีล่า 】│ Lupas FT คูมโบ้ อูเคะ และ 1 ตัวละครลับ│[VtuberTH],2022-05-13T01:27:03Z,replay_vod,public,1488,156,8,0,2026-09-06T15:07:52.499307+00:00
noT_npib5M0,UC3ZglUA0HEUCuGbe5b8zXKw,The Lupas,🔴LIVE【Lupas : หนังหรือคอมมิค Super hero ที่เราประทับใจ】│ Lupas │[VtuberTH],2022-05-06T02:09:54Z,replay_vod,public,3865,111,7,0,2026-09-06T15:07:52.499316+00:00
0W5fUvk5-M4,UC3ZglUA0HEUCuGbe5b8zXKw,The Lupas,🔴LIVE【Lupas : เมาท์มอยไปเรื่อย ไม่ได้คุยนาน】│ Lupas │[VtuberTH],2022-04-22T02:16:37Z,replay_vod,public,4195,126,9,2,2026-09-06T15:07:52.499319+00:00
ECqjBNul9CU,UC3ZglUA0HEUCuGbe5b8zXKw,The Lupas,🔴LIVE【Lupas : เมาท์มอยกันเรื่องไรเดอร์สักนิด】│ Lupas │[VtuberTH],2022-03-16T02:46:19Z,replay_vod,public,6005,145,14,0,2026-09-06T15:07:52.499321+00:00
Wsdki5Lsm3g,UC3ZglUA0HEUCuGbe5b8zXKw,The Lupas,🔴LIVE【Roleplay  : เรียกลุงกันนักใช่ไหมได้!!! วันนี้่จะเป็น Uncle Lupas 】│ Lupas │[VtuberTH],2022-03-12T02:13:13Z,replay_vod,public,4144,129,13,0,2026-09-06T15:07:52.499323+00:00
U0zu5aiFYi4,UC3ZglUA0HEUCuGbe5b8zXKw,The Lupas,Cover คิดไม่ออก TangBadVoice  Billkin (By Lupas and Salsa),2022-03-10T12:45:36Z,normal_video,public,209,1193,44,28,2026-09-06T15:07:52.499324+00:00
nLX7ojhkCdo,UC3ZglUA0HEUCuGbe5b8zXKw,The Lupas,🔴LIVE【Lupas : Yugi oh Master Deul ผมจะเป็นราชาดูเอลลิสให้ได้เลย】│ Lupas │[VtuberTH],2022-03-09T02:10:05Z,replay_vod,public,3841,86,8,0,2026-09-06T15:07:52.499326+00:00
kmDzrXvA4Lc,UC3ZglUA0HEUCuGbe5b8zXKw,The Lupas,🔴LIVE【Lupas : เอาให้เข้าใจตรงกับสรุปว่าลูปัสเป็นตัวอะไร】│ Lupas │[VtuberTH],2022-03-04T02:09:14Z,replay_vod,public,3835,143,15,0,2026-09-06T15:07:52.499327+00:00
bGZHJwBr8E4,UC3ZglUA0HEUCuGbe5b8zXKw,The Lupas,🔴LIVE【Lupas  Overwatch อ่อนแอก็แพ้ไปครับ feat. พรี่ รจ.】│ Lupas │[VtuberTH],2022-03-02T02:35:20Z,replay_vod,public,5481,99,11,0,2026-09-06T15:07:52.499329+00:00
amckEE2XpOE,UC3ZglUA0HEUCuGbe5b8zXKw,The Lupas,🔴LIVE【Lupas : ใครชอบ Toku มานั่งคุยกันตรงนี้มามะ】│ Lupas │[VtuberTH],2022-02-26T02:11:33Z,replay_vod,public,4066,177,16,0,2026-09-06T15:07:52.499330+00:00
Ju3oBEz_TGI,UC3ZglUA0HEUCuGbe5b8zXKw,The Lupas,🔴LIVE【Lupas : เรื่องเรียน กับช่วงเวลาแห่งการไม่ไลฟ์ 】│ Lupas │[VtuberTH],2022-02-24T02:08:50Z,replay_vod,public,3901,179,20,0,2026-09-06T15:07:52.499332+00:00
-PZhQFYOndE,UC3ZglUA0HEUCuGbe5b8zXKw,The Lupas,【Re-Debut : การกลับมาของลูปัสแอลลล】│ Lupas L. Carnidel │Arcania│[VtuberTH],2022-01-17T02:05:55Z,replay_vod,public,3866,496,40,9,2026-09-06T15:07:52.499333+00:00
MGD8o-Rozsg,UC3ZglUA0HEUCuGbe5b8zXKw,The Lupas,🔴LIVE【Dota 2 Day 1 : Dota 2 เกมดีย์   】│ Lupas │[VtuberTH],2021-10-26T02:30:15Z,replay_vod,public,4841,268,18,3,2026-09-06T15:07:52.499335+00:00
vO1zM7V_IUA,UC3ZglUA0HEUCuGbe5b8zXKw,The Lupas,🔴LIVE ว่าด้วยเรื่องการออกจากกลุ่มของคาโยะ,2021-09-27T23:56:22Z,replay_vod,public,1615,1074,80,5,2026-09-06T15:07:52.499336+00:00
9UvtwtsJBe4,UC3ZglUA0HEUCuGbe5b8zXKw,The Lupas,🔴LIVE【Phasmophobia : สี่กุมารหาญกล้าล่าท้าผี 】│ Lupas FT Aurano Asshe Ishiyama│[VtuberTH],2021-09-24T00:34:07Z,replay_vod,public,3610,286,20,1,2026-09-06T15:07:52.499338+00:00
Y7Kd7XSXK2w,UC3ZglUA0HEUCuGbe5b8zXKw,The Lupas,🔴LIVE【Free Talk : ฟื้นคืนจากความตายแล้ววววววว】│ Lupas│[VtuberTH],2021-09-07T00:35:39Z,replay_vod,public,3721,283,30,3,2026-09-06T15:07:52.499339+00:00
m_2VHT-EBfE,UC3ZglUA0HEUCuGbe5b8zXKw,The Lupas,🔴LIVE【Duo Week : วันนี้สองหนุ่มอยากชวนคุย 】│ Lupas/Aura│[VtuberTH],2021-07-13T02:12:29Z,replay_vod,public,4317,471,40,0,2026-09-06T15:07:52.499341+00:00
z74g9j1-dW0,UC3ZglUA0HEUCuGbe5b8zXKw,The Lupas,🔴LIVE【Free Talk : วันนี้ลูปัสขอยืมไมค์แปบหนึ่ง Ft.Aurano】│ Lupas│[VtuberTH],2021-07-11T02:03:20Z,replay_vod,public,3906,316,32,0,2026-09-06T15:07:52.499343+00:00
Yt_hzja2VeA,UC3ZglUA0HEUCuGbe5b8zXKw,The Lupas,🔴LIVE【Free Talk : นั่งคุยกันในวันเกิดหมา 】│ Lupas│[VtuberTH],2021-07-08T02:08:18Z,replay_vod,public,3781,325,35,6,2026-09-06T15:07:52.499344+00:00
1FLSmzLW9No,UC3ZglUA0HEUCuGbe5b8zXKw,The Lupas,🔴LIVE【Free Talk : หมาอยากพูดกับทุกๆคน】│ Lupas│[VtuberTH],2021-06-27T02:04:52Z,replay_vod,public,3826,352,22,2,2026-09-06T15:07:52.499346+00:00
5qyVoSl02d8,UC2uv9lpMiz72v_qPVFDSZmA,Suiren Ch. ◣PLO◥,เด็กหลังห้องกับ@yoinmori and เดอะแก๊ง,2026-09-06T13:27:02Z,livestream,public,0,68,3,0,2026-09-06T15:07:53.635323+00:00
Mt9UCs0rlAU,UC2uv9lpMiz72v_qPVFDSZmA,Suiren Ch. ◣PLO◥,#howtofish #drivinginmycar #rightafterabeer #memes,2026-09-05T10:00:39Z,shorts,public,60,2172,120,3,2026-09-06T15:07:53.635334+00:00
nBYMSUVm98A,UC2uv9lpMiz72v_qPVFDSZmA,Suiren Ch. ◣PLO◥,นี้แหละคือ HOW TO FISH,2026-09-05T10:00:01Z,normal_video,public,1136,246,17,4,2026-09-06T15:07:53.635337+00:00
BoAvskJDHq0,UC2uv9lpMiz72v_qPVFDSZmA,Suiren Ch. ◣PLO◥,MAN FARH THAT FISH,2026-08-31T17:32:35Z,replay_vod,public,14186,364,12,0,2026-09-06T15:07:53.635339+00:00
eWPjYSE0_YQ,UC2uv9lpMiz72v_qPVFDSZmA,Suiren Ch. ◣PLO◥,pov:god has blessed your skills for both sides,2026-08-31T08:38:24Z,normal_video,public,499,187,5,3,2026-09-06T15:07:53.635341+00:00
NtLfavo64xs,UC2uv9lpMiz72v_qPVFDSZmA,Suiren Ch. ◣PLO◥,แก่ขึ้นแล้ววววว | FREETALK,2026-08-30T15:02:14Z,replay_vod,public,5148,207,6,0,2026-09-06T15:07:53.635343+00:00
fTw97zYhZcU,UC2uv9lpMiz72v_qPVFDSZmA,Suiren Ch. ◣PLO◥,จะดูไหลาหม่ามี๊  #vtuber #suirenvtuder #mommy,2026-08-29T09:00:20Z,shorts,public,38,3132,140,5,2026-09-06T15:07:53.635345+00:00
dmFo_HceDdM,UC2uv9lpMiz72v_qPVFDSZmA,Suiren Ch. ◣PLO◥,apec,2026-08-23T18:07:07Z,normal_video,public,338,89,1,4,2026-09-06T15:07:53.635346+00:00
pv9TtWgs7y0,UC2uv9lpMiz72v_qPVFDSZmA,Suiren Ch. ◣PLO◥,RUDE!,2026-08-23T10:15:03Z,normal_video,public,224,198,2,4,2026-09-06T15:07:53.635348+00:00
vgbzeUoTeZQ,UC2uv9lpMiz72v_qPVFDSZmA,Suiren Ch. ◣PLO◥,จู่ๆอยากจะมาก็มาอะไรของลุงแกก็ไม่รู้,2026-08-22T04:27:44Z,replay_vod,public,5995,121,6,0,2026-09-06T15:07:53.635350+00:00
bVkEN9WL71M,UC2uv9lpMiz72v_qPVFDSZmA,Suiren Ch. ◣PLO◥,ส่งของในคืนที่หลอนที่สุด - NightDelivery 例外配達,2026-08-21T11:00:25Z,replay_vod,public,957,1145,21,1,2026-09-06T15:07:53.635352+00:00
C-BkBAl3Gmc,UC2uv9lpMiz72v_qPVFDSZmA,Suiren Ch. ◣PLO◥,ลูกเสือในฐานใหม่กับ @OmariYumi @SeaseenLe - PEAK,2026-08-17T15:50:02Z,replay_vod,public,8033,340,6,0,2026-09-06T15:07:53.635354+00:00
dLLsJvXe5bc,UC2uv9lpMiz72v_qPVFDSZmA,Suiren Ch. ◣PLO◥,สงคามส่งด่วนในโลกอิมาเดโมะ,2026-08-16T00:59:59Z,replay_vod,public,1690,120,9,0,2026-09-06T15:07:53.635356+00:00
1KSIlCBgjq0,UC2uv9lpMiz72v_qPVFDSZmA,Suiren Ch. ◣PLO◥,เมื่อคืนผมนอนไม่หลับ #ซุยเรน #เมื่อคืนผมนอนไม่หลับ #meme,2026-08-11T22:00:21Z,shorts,public,14,3098,141,3,2026-09-06T15:07:53.635359+00:00
aenBeZWK370,UC2uv9lpMiz72v_qPVFDSZmA,Suiren Ch. ◣PLO◥,กิจกรรมที่พวกลุงๆเขาทำกัน | VRChat,2026-08-09T07:01:31Z,replay_vod,public,13183,424,15,1,2026-09-06T15:07:53.635362+00:00
1DowPtPW6Wc,UC2uv9lpMiz72v_qPVFDSZmA,Suiren Ch. ◣PLO◥,ร้องคาราโอะเกค่ะะะะ,2026-08-08T04:54:21Z,replay_vod,public,8151,257,13,0,2026-09-06T15:07:53.635365+00:00
7nytz33b_Mk,UC2uv9lpMiz72v_qPVFDSZmA,Suiren Ch. ◣PLO◥,ลุงเองก็ต้องทำงานเสริมนะ | The Convenience Store 夜勤事件 w/@KayoCh,2026-08-07T02:07:40Z,replay_vod,public,5521,148,15,0,2026-09-06T15:07:53.635367+00:00
eS00WH2JusA,UC2uv9lpMiz72v_qPVFDSZmA,Suiren Ch. ◣PLO◥,แอบgrinding |Omari SMP,2026-08-04T20:38:57Z,replay_vod,public,9222,283,18,0,2026-09-06T15:07:53.635370+00:00
H6oq0Tqj7Ok,UC2uv9lpMiz72v_qPVFDSZmA,Suiren Ch. ◣PLO◥,GRINDING DAY#1 |Omari SMP,2026-08-04T13:26:19Z,replay_vod,public,20959,161,18,0,2026-09-06T15:07:53.635373+00:00
DNgTUfYxhII,UC2uv9lpMiz72v_qPVFDSZmA,Suiren Ch. ◣PLO◥,มารคราฟเดยยยย | Minecraft,2026-07-30T15:17:14Z,replay_vod,public,9556,268,16,0,2026-09-06T15:07:53.635376+00:00
ox68UhwKaVU,UC3OnR-Tqd8dHmY-XNHO4iZw,kukiko hikaru,มาวาดกันเถอะ,2026-08-14T16:32:42Z,livestream,public,0,0,0,0,2026-09-06T15:07:56.889645+00:00
CMlNWs45YIU,UC3OnR-Tqd8dHmY-XNHO4iZw,kukiko hikaru,มาวาดกันเถอะ,2026-02-05T17:12:18Z,replay_vod,public,9764,62,6,0,2026-09-06T15:07:56.889657+00:00
YEhmXzfuQQE,UC3OnR-Tqd8dHmY-XNHO4iZw,kukiko hikaru,มาทำงานกันเถอะ,2026-01-17T04:03:45Z,replay_vod,public,8019,177,12,0,2026-09-06T15:07:56.889661+00:00
5gp98kK8u80,UC3OnR-Tqd8dHmY-XNHO4iZw,kukiko hikaru,มาทำงานกันเถอะ,2026-01-15T06:28:51Z,replay_vod,public,5180,55,4,0,2026-09-06T15:07:56.889663+00:00
a-gqbQvk4BE,UC3OnR-Tqd8dHmY-XNHO4iZw,kukiko hikaru,kukiko hikaru กำลังถ่ายทอดสด!,2026-01-13T06:44:46Z,replay_vod,public,7156,261,15,0,2026-09-06T15:07:56.889666+00:00
ZL26NN_ShkE,UC3OnR-Tqd8dHmY-XNHO4iZw,kukiko hikaru,ชีวิตชิวๆกับฟาร์มผัก 3  [ Stardew Valley ],2025-08-23T18:42:58Z,replay_vod,public,7037,216,12,0,2026-09-06T15:07:56.889669+00:00
DZkh2-CUuFU,UC3OnR-Tqd8dHmY-XNHO4iZw,kukiko hikaru,ชีวิตชิวๆกับฟาร์มผัก 2  [ Stardew Valley ],2025-08-19T23:21:31Z,replay_vod,public,4453,69,7,0,2026-09-06T15:07:56.889671+00:00
np7duRHyRps,UC3OnR-Tqd8dHmY-XNHO4iZw,kukiko hikaru,ชีวิตชิวๆกับฟาร์มผัก  [ Stardew Valley ],2025-08-15T06:20:55Z,replay_vod,public,4223,153,12,0,2026-09-06T15:07:56.889677+00:00
xQHA0h4LuAk,UC3OnR-Tqd8dHmY-XNHO4iZw,kukiko hikaru,ยังคิดไม่ออกเดียวค่อยมาเปลี่ยน,2025-02-27T00:17:06Z,replay_vod,public,4712,216,30,0,2026-09-06T15:07:56.889679+00:00
IWmc6y_GL7E,UC3OnR-Tqd8dHmY-XNHO4iZw,kukiko hikaru,ผี ลูกเกด คนแก่  black hole ภาษี,2025-02-25T21:54:31Z,replay_vod,public,4971,133,27,0,2026-09-06T15:07:56.889682+00:00
KDpkQwZ5baI,UC3OnR-Tqd8dHmY-XNHO4iZw,kukiko hikaru,จะมาบ่นขนส่งที่ห่วยโคตรๆมาให้ฟัง (เล่าเรื่อง),2024-10-10T13:26:27Z,replay_vod,public,805,97,7,0,2026-09-06T15:07:56.889686+00:00
7HFDJcEQgHE,UC3OnR-Tqd8dHmY-XNHO4iZw,kukiko hikaru,พูดคุยหลายๆเรื่อง,2024-09-17T21:13:16Z,replay_vod,public,3797,172,19,0,2026-09-06T15:07:56.889688+00:00
9grCvZZogdo,UC3OnR-Tqd8dHmY-XNHO4iZw,kukiko hikaru,วาดรูป (งาน),2024-09-06T21:38:59Z,replay_vod,public,5127,129,16,0,2026-09-06T15:07:56.889691+00:00
o4GGfUqvl34,UC3OnR-Tqd8dHmY-XNHO4iZw,kukiko hikaru,Genshin Impact ว่าง,2024-09-03T07:29:37Z,replay_vod,public,8358,89,5,0,2026-09-06T15:07:56.889694+00:00
wLBJrt2JGIY,UC3OnR-Tqd8dHmY-XNHO4iZw,kukiko hikaru,กองโจร อีกแล้ว,2024-08-05T16:08:32Z,replay_vod,public,944,70,4,0,2026-09-06T15:07:56.889696+00:00
gnAnfaPaNaQ,UC3OnR-Tqd8dHmY-XNHO4iZw,kukiko hikaru,กองโจร (เป็นนักวาดนะเนี้ยยังไม่เคยอะไรแบบนี้มาก่อนเลย),2024-08-05T07:03:20Z,replay_vod,public,4281,148,19,0,2026-09-06T15:07:56.889701+00:00
O8CJnQ0e3Cc,UC3OnR-Tqd8dHmY-XNHO4iZw,kukiko hikaru,กองโจร,2024-04-10T05:45:57Z,replay_vod,public,4876,157,25,0,2026-09-06T15:07:56.889704+00:00
-7xUJOLfx3I,UC3OnR-Tqd8dHmY-XNHO4iZw,kukiko hikaru,[VALORANT ],2024-03-27T03:53:24Z,replay_vod,public,6771,79,12,0,2026-09-06T15:07:56.889707+00:00
OKNQ_SPs-fs,UC3OnR-Tqd8dHmY-XNHO4iZw,kukiko hikaru,เรื่องที่ทำให้โมโห,2024-03-23T20:19:44Z,replay_vod,public,1403,105,14,2,2026-09-06T15:07:56.889710+00:00
BmHkvdt3ay0,UC3OnR-Tqd8dHmY-XNHO4iZw,kukiko hikaru,พูดคุยไปเรื่อย,2024-03-23T03:51:16Z,replay_vod,public,4672,106,14,0,2026-09-06T15:07:56.889712+00:00
dMcDNYkIxQg,UC1pYd8HCTuc8Kdh_8m_znpA,Freyrina,OBS เลิกแกงได้ยัง #vtuber #shorts #วีทูปเบอร์,2026-09-03T10:12:11Z,shorts,public,58,1156,66,8,2026-09-06T15:07:57.916423+00:00
m6_VWad2BD8,UC1pYd8HCTuc8Kdh_8m_znpA,Freyrina,ไม่ให้ดู! #vtuber #shorts #gaming #วีทูปเบอร์,2026-08-28T10:05:16Z,shorts,public,40,1697,113,13,2026-09-06T15:07:57.916436+00:00
pum4FikDuw8,UC1pYd8HCTuc8Kdh_8m_znpA,Freyrina,ยาเมะเตะ คุดาไซ (ヤメテクダサイ) covered by Freyrina & @hannieshanari ​,2026-08-24T04:51:51Z,normal_video,public,231,1065,71,27,2026-09-06T15:07:57.916439+00:00
bMyvtlskci0,UC1pYd8HCTuc8Kdh_8m_znpA,Freyrina,ロクデナシ「スピカ」short covered by Freyrina,2026-08-18T00:17:01Z,normal_video,public,81,177,27,8,2026-09-06T15:07:57.916442+00:00
AqgnFPFDvbc,UC1pYd8HCTuc8Kdh_8m_znpA,Freyrina,เมื่อหนูไม่มีบัตรเครดิต.. #vtuber #วีทูปเบอร์ #shorts #vtuberth,2026-07-28T13:37:37Z,shorts,public,50,2069,162,14,2026-09-06T15:07:57.916444+00:00
U4H2dR6KLSw,UC1pYd8HCTuc8Kdh_8m_znpA,Freyrina,"เล่าเล็กๆตอนหนู ""หัดเล่น Apex Legends"" #vtuber #apexlegends #วีทูปเบอร์ #shorts",2026-07-15T11:04:04Z,shorts,public,45,1475,114,6,2026-09-06T15:07:57.916446+00:00
tHhlp8DHXUM,UC1pYd8HCTuc8Kdh_8m_znpA,Freyrina,เพิ่งรู้ว่าเดี๋ยวนี้ สนามบินเพิ่มกฎมา #vtuber #วีทูปเบอร์ #shorts #vtuberth,2026-07-08T10:38:38Z,shorts,public,57,1676,128,2,2026-09-06T15:07:57.916448+00:00
fgVijAR5_0g,UC1pYd8HCTuc8Kdh_8m_znpA,Freyrina,"ครั้งนึงเคยแต่งตัวดีๆไป ""สนามบิน"" #vtuber #วีทูปเบอร์ #shorts #vtuberth",2026-07-04T10:05:15Z,shorts,public,25,3424,237,7,2026-09-06T15:07:57.916452+00:00
iwOfoa-IMhA,UC1pYd8HCTuc8Kdh_8m_znpA,Freyrina,75% มันจะไปยากอะไร #hsr #วีทูปเบอร์  #shorts #vtuber,2026-06-16T10:14:42Z,shorts,public,42,1225,97,4,2026-09-06T15:07:57.916455+00:00
DsF1FWsueRU,UC1pYd8HCTuc8Kdh_8m_znpA,Freyrina,นอนน้อย แต่นอนนะ #vtuber #วีทูปเบอร์ #valorant #shorts,2026-06-12T10:15:10Z,shorts,public,34,2834,347,15,2026-09-06T15:07:57.916457+00:00
uZuKKoyDQeI,UC1pYd8HCTuc8Kdh_8m_znpA,Freyrina,ทำไมใช้ Asset โบว์บ่อยจัง?? #vtuber #วีทูปเบอร์ #shorts #vtuberth,2026-06-10T10:40:39Z,shorts,public,56,2192,241,14,2026-09-06T15:07:57.916460+00:00
Q5R9XH-nVpY,UC1pYd8HCTuc8Kdh_8m_znpA,Freyrina,ถ้าเชื่อใจกันจริง ต้องไม่ทำงี้เว้ย #vtuber #วีทูปเบอร์ #hsr #shorts,2026-06-06T12:37:06Z,shorts,public,30,6990,482,21,2026-09-06T15:07:57.916464+00:00
hKa64TvT6pE,UC1pYd8HCTuc8Kdh_8m_znpA,Freyrina,ก็บอกว่า ไม่ต้องมาแล้ว!! #vtuber #วีทูปเบอร์ #hsr #shorts,2026-06-03T10:11:14Z,shorts,public,55,15868,1088,30,2026-09-06T15:07:57.916467+00:00
YvdeeAwNn4g,UC1pYd8HCTuc8Kdh_8m_znpA,Freyrina,หนูลองมาร์คเท้า ครั้งแรก!! #vtuber #วีทูปเบอร์ #shorts #vtuberth,2026-05-29T10:22:34Z,shorts,public,50,11674,1553,34,2026-09-06T15:07:57.916469+00:00
Bo20GF7axk0,UC1pYd8HCTuc8Kdh_8m_znpA,Freyrina,เจอคนรู้จักในเกม ทักแล้ว แต่ว่า.. #vtuber #shorts #overwatch #วีทูปเบอร์,2026-05-24T10:23:34Z,shorts,public,50,1688,144,4,2026-09-06T15:07:57.916472+00:00
pMVnX55IKmg,UC1pYd8HCTuc8Kdh_8m_znpA,Freyrina,แม่หนูเป็นคนอัธยาศัยดี... #vtuber #shorts #วีทูปเบอร์ #vtuberth,2026-05-22T10:29:16Z,shorts,public,26,15016,955,13,2026-09-06T15:07:57.916475+00:00
bqaw3MDoNHg,UC1pYd8HCTuc8Kdh_8m_znpA,Freyrina,"มีใครมองเห็น ""เป้า"" นุมั้ย #valorant #shorts #vtuber #วีทูปเบอร์",2026-05-19T10:37:06Z,shorts,public,30,17361,589,15,2026-09-06T15:07:57.916478+00:00
OzWlwrc4tEc,UC1pYd8HCTuc8Kdh_8m_znpA,Freyrina,ครั้งแรก! ที่หนูลองดีลของชิ้นนี้ Part 2 #vtuber #วีทูปเบอร์ #shorts #vtuberth,2026-05-17T10:18:12Z,normal_video,public,102,557,60,2,2026-09-06T15:07:57.916481+00:00
x5dX88WXtf8,UC1pYd8HCTuc8Kdh_8m_znpA,Freyrina,ครั้งแรก! ที่หนูลองดีลของชิ้นนี้ (รีอัพโหลด) #vtuber #shorts #วีทูปเบอร์ #vtuberth,2026-05-17T10:17:19Z,normal_video,public,93,421,43,5,2026-09-06T15:07:57.916485+00:00
NEghpQbsWU0,UC1pYd8HCTuc8Kdh_8m_znpA,Freyrina,สีเหลือง เป็นแก๊ส ก็คล้ายอยู่น้าา #วีทูปเบอร์ #vtuber #vtuberth #overwatch #ow,2026-05-15T11:42:28Z,shorts,public,26,2348,112,5,2026-09-06T15:07:57.916488+00:00
fGP3Gb9uZZ4,UC3H7_4Gz8PhHeMz0hHwuFTw,Morika Rei【ARRI】[Graduated],プロポーズ / propose 【cover】|| MorikaRei  #プロポーズ #propose #歌ってみた #cover #morikarei #vtuber #shorts,2025-12-28T16:17:43Z,shorts,public,39,71,10,0,2026-09-06T15:07:59.003684+00:00
ELmpBXRJ3l4,UC3H7_4Gz8PhHeMz0hHwuFTw,Morika Rei【ARRI】[Graduated],プロポーズ / propose 【cover】|| MorikaRei,2025-12-28T15:55:17Z,normal_video,public,241,350,23,4,2026-09-06T15:07:59.003696+00:00
1yK771PYqA4,UC3H7_4Gz8PhHeMz0hHwuFTw,Morika Rei【ARRI】[Graduated],夜明けと蛍 (Dawn and Fireflies) / n-buna 【cover】|| MorikaRei #夜明けと蛍 #nbuna#morikarei#歌ってみた#cover#shorts,2025-12-25T06:00:06Z,shorts,public,52,544,13,0,2026-09-06T15:07:59.003700+00:00
AU3twQidRvo,UC3H7_4Gz8PhHeMz0hHwuFTw,Morika Rei【ARRI】[Graduated],夜明けと蛍 (Dawn and Fireflies) / n-buna 【cover】|| MorikaRei,2025-12-25T06:00:06Z,replay_vod,public,310,178,23,8,2026-09-06T15:07:59.003702+00:00
I_adp9VOmDE,UC3H7_4Gz8PhHeMz0hHwuFTw,Morika Rei【ARRI】[Graduated],冬のプレゼント / もさを【cover】|| MorikaRei #FuyunoPresent#mosawo#もさを#morikarei#歌ってみた#cover#shorts#vtuber,2025-12-24T03:16:30Z,normal_video,public,61,535,17,4,2026-09-06T15:07:59.003704+00:00
67CkoiURJHM,UC3H7_4Gz8PhHeMz0hHwuFTw,Morika Rei【ARRI】[Graduated],チェリーポップ / DECO*27【cover】|| MorikaRei #初音ミク #DECO27 #チェリーポップ #morikarei #歌ってみた #cover #shorts #vtuber,2025-12-07T11:00:20Z,shorts,public,34,1538,87,0,2026-09-06T15:07:59.003705+00:00
zQssINnhedw,UC3H7_4Gz8PhHeMz0hHwuFTw,Morika Rei【ARRI】[Graduated],チェリーポップ / DECO*27 feat. Hatsune Miku 【cover】|| MorikaRei,2025-12-07T11:00:06Z,replay_vod,public,141,631,35,11,2026-09-06T15:07:59.003707+00:00
_QjIG8q0FYM,UC3H7_4Gz8PhHeMz0hHwuFTw,Morika Rei【ARRI】[Graduated],プロポーズ - なとり【cover】|| MorikaRei #歌ってみた #cover #プロポーズ #なとり#natori #vtuber #morikarei,2025-12-01T17:05:29Z,shorts,public,58,1776,79,8,2026-09-06T15:07:59.003711+00:00
7ku_2o3lqTs,UC3H7_4Gz8PhHeMz0hHwuFTw,Morika Rei【ARRI】[Graduated],ファンサ - HoneyWorks 【cover】|| MorikaRei #歌ってみた #cover #ファンサ #honeyworks #vtuber #morikarei,2025-11-03T14:30:12Z,shorts,public,45,1476,34,0,2026-09-06T15:07:59.003713+00:00
1tmplzjHtbc,UC3H7_4Gz8PhHeMz0hHwuFTw,Morika Rei【ARRI】[Graduated],Happy Halloween【cover】|| MorikaRei #happyhalloween #vocaloid #shorts #vtuber #歌ってみた #cover#morikarei,2025-10-31T15:27:23Z,shorts,public,45,513,15,0,2026-09-06T15:07:59.003715+00:00
CX7yBuhdX3I,UC3H7_4Gz8PhHeMz0hHwuFTw,Morika Rei【ARRI】[Graduated],IRIS OUT - 米津玄師【cover】|| MorikaRei #IRISOUT#米津玄師 #チェンソーマン #chainsawman #shorts #vtuber #歌ってみた #cover,2025-09-20T19:44:55Z,shorts,public,60,2313,86,6,2026-09-06T15:07:59.003716+00:00
fMZrZtjssRo,UC3H7_4Gz8PhHeMz0hHwuFTw,Morika Rei【ARRI】[Graduated],かくれんぼ (Kakurenbo)【cover】|| MorikaRei w/ Eonica #かくれんぼ  #alia #jpop #morikarei  #歌ってみた #cover #vtuber,2025-08-28T12:01:16Z,shorts,public,44,2420,60,3,2026-09-06T15:07:59.003718+00:00
us2ph1Db7oI,UC3H7_4Gz8PhHeMz0hHwuFTw,Morika Rei【ARRI】[Graduated],かくれんぼ (Kakurenbo) / AliA【cover】|| MorikaRei w/ Eonica,2025-08-28T12:00:06Z,replay_vod,public,301,2789,102,20,2026-09-06T15:07:59.003720+00:00
otyl14U3XKA,UC3H7_4Gz8PhHeMz0hHwuFTw,Morika Rei【ARRI】[Graduated],Golden 【short cover】|| MorikaRei #golden #kpophunters #huntrix  #netflix #morikarei #cover #vtuber,2025-08-27T15:24:45Z,shorts,public,53,2153,137,5,2026-09-06T15:07:59.003722+00:00
UZm18DYhXV0,UC3H7_4Gz8PhHeMz0hHwuFTw,Morika Rei【ARRI】[Graduated],Golden / KPop Demon Hunters【short cover】|| MorikaRei,2025-08-27T14:37:02Z,normal_video,public,85,1657,70,14,2026-09-06T15:07:59.003723+00:00
FyKE-bJWwSI,UC3H7_4Gz8PhHeMz0hHwuFTw,Morika Rei【ARRI】[Graduated],Soda Pop / KPop Demon Hunters【cover】|| MorikaRei #sodapop #kpop #sajaboys #cover #vtuber #vsinger,2025-08-01T11:00:34Z,shorts,public,33,193,14,3,2026-09-06T15:07:59.003725+00:00
aWTIOp2HTrA,UC3H7_4Gz8PhHeMz0hHwuFTw,Morika Rei【ARRI】[Graduated],Soda Pop / KPop Demon Hunters【cover】|| MorikaRei,2025-08-01T11:00:06Z,replay_vod,public,143,39299,1571,73,2026-09-06T15:07:59.003727+00:00
rRkArLkE4GM,UC3H7_4Gz8PhHeMz0hHwuFTw,Morika Rei【ARRI】[Graduated],Sweet Talk (โม้) / Poru【cover】|| MorikaRei #sweettalk #ขี้โม้ของวายร้าย #morikarei #cover #VTuberTH,2025-06-27T11:01:47Z,shorts,public,52,764,44,2,2026-09-06T15:07:59.003729+00:00
8g-6W9KzM8g,UC3H7_4Gz8PhHeMz0hHwuFTw,Morika Rei【ARRI】[Graduated],Sweet Talk (โม้) / Poru【cover】|| MorikaRei,2025-06-27T11:00:06Z,replay_vod,public,215,8184,315,60,2026-09-06T15:07:59.003730+00:00
BH3mZVu5tLA,UC3H7_4Gz8PhHeMz0hHwuFTw,Morika Rei【ARRI】[Graduated],プレイ (PLAY) - Giga 【cover】|| MorikaRei #play #プレイ#hatsunemiku  #giga#morikarei#歌ってみた#cover#vtuber,2025-05-22T15:55:57Z,shorts,public,55,287,19,0,2026-09-06T15:07:59.003732+00:00
aeK23Aorf2w,UC1ypugJJiDakFeDlxQO2Tew,Smokesword Channel,Mafia 2 Definitive Edition MOD ภาษาไทย - Chapter 8 [Smokesword],2026-09-06T13:00:06Z,replay_vod,public,2435,0,0,0,2026-09-06T15:08:00.209092+00:00
SBiIDUdXI10,UC1ypugJJiDakFeDlxQO2Tew,Smokesword Channel,Mafia 2 Definitive Edition MOD ภาษาไทย - Chapter 7 [Smokesword],2026-09-05T10:00:28Z,replay_vod,public,1614,2,0,0,2026-09-06T15:08:00.209102+00:00
bK--H98kaeY,UC1ypugJJiDakFeDlxQO2Tew,Smokesword Channel,Mafia 2 Definitive Edition MOD ภาษาไทย - Chapter 6 [Smokesword],2026-09-02T13:00:06Z,replay_vod,public,1935,10,0,0,2026-09-06T15:08:00.209105+00:00
z1igDj9kwaQ,UC1ypugJJiDakFeDlxQO2Tew,Smokesword Channel,Mafia 2 Definitive Edition MOD ภาษาไทย - Chapter 5 [Smokesword],2026-08-30T13:00:06Z,replay_vod,public,1895,16,0,0,2026-09-06T15:08:00.209108+00:00
RTH__e9EGiQ,UC1ypugJJiDakFeDlxQO2Tew,Smokesword Channel,Mafia 2 Definitive Edition MOD ภาษาไทย - Chapter 4 [Smokesword],2026-08-29T13:00:06Z,replay_vod,public,997,17,0,0,2026-09-06T15:08:00.209110+00:00
_l0dvflBdIg,UC1ypugJJiDakFeDlxQO2Tew,Smokesword Channel,Left 4 Dead 2 Livestream - Pearl River Rage [Smokesword],2026-08-29T02:00:53Z,replay_vod,public,3165,21,0,0,2026-09-06T15:08:00.209113+00:00
yy8mqx_Ykpg,UC1ypugJJiDakFeDlxQO2Tew,Smokesword Channel,Left 4 Dead 2 : Zombie Army Campaign - Custom Campaign [Smokesword],2026-08-27T04:43:42Z,normal_video,public,2826,7,0,0,2026-09-06T15:08:00.209116+00:00
xN0vySsRuYQ,UC1ypugJJiDakFeDlxQO2Tew,Smokesword Channel,Mafia 2 Definitive Edition MOD ภาษาไทย - Chapter 3 [Smokesword],2026-08-26T13:00:06Z,replay_vod,public,3091,92,1,0,2026-09-06T15:08:00.209122+00:00
f2r5bwH94B0,UC1ypugJJiDakFeDlxQO2Tew,Smokesword Channel,Mafia 2 Definitive Edition MOD ภาษาไทย - Chapter 2 [Smokesword],2026-08-23T13:00:06Z,replay_vod,public,2504,15,0,0,2026-09-06T15:08:00.209125+00:00
7Ni58wux9xw,UC1ypugJJiDakFeDlxQO2Tew,Smokesword Channel,Mafia 2 Definitive Edition MOD ภาษาไทย - Chapter 1 [Smokesword],2026-08-22T12:00:06Z,replay_vod,public,603,54,0,0,2026-09-06T15:08:00.209128+00:00
KJjxSkZwhfA,UC1ypugJJiDakFeDlxQO2Tew,Smokesword Channel,Left 4 Dead 2 Livestream - Vox Aeterna [Smokesword],2026-08-21T20:20:17Z,replay_vod,public,2714,27,0,0,2026-09-06T15:08:00.209131+00:00
xE2anWEy3NA,UC1ypugJJiDakFeDlxQO2Tew,Smokesword Channel,Left 4 Dead 2 Livestream - Lima Infection [Smokesword],2026-08-20T03:14:43Z,replay_vod,public,3056,15,0,0,2026-09-06T15:08:00.209135+00:00
BZcCBDvWZ1U,UC1ypugJJiDakFeDlxQO2Tew,Smokesword Channel,Left 4 Dead 2 Livestream - Brutalism [Smokesword],2026-08-17T02:43:04Z,replay_vod,public,3206,20,0,0,2026-09-06T15:08:00.209138+00:00
DmDh7Ftj118,UC1ypugJJiDakFeDlxQO2Tew,Smokesword Channel,GTA San Andreas - MOD [Improved and Better Drive-By] ยิงปืนขณะขับรถ #gta #gtasa #gtasanandreas,2026-08-13T13:00:16Z,shorts,public,53,780,4,1,2026-09-06T15:08:00.209141+00:00
M0BCXK3LtZk,UC1ypugJJiDakFeDlxQO2Tew,Smokesword Channel,Left 4 Dead 2 Livestream - Stormed City [Smokesword],2026-08-12T03:48:08Z,replay_vod,public,3635,15,0,0,2026-09-06T15:08:00.209144+00:00
Qq9zN0Y41Xk,UC1ypugJJiDakFeDlxQO2Tew,Smokesword Channel,Left 4 Dead 2 : No Mercy: Mirror - Custom Campaign [Smokesword],2026-08-05T12:00:06Z,replay_vod,public,1627,24,1,0,2026-09-06T15:08:00.209148+00:00
iqn8uEEvd80,UC1ypugJJiDakFeDlxQO2Tew,Smokesword Channel,Left 4 Dead 2 : Foxriver Prison - Custom Campaign [Smokesword],2026-08-03T09:00:06Z,replay_vod,public,499,12,2,0,2026-09-06T15:08:00.209151+00:00
11HAUj4OE1I,UC1ypugJJiDakFeDlxQO2Tew,Smokesword Channel,GTA San Andreas - MOD [ToonFX - Cartoony Effect] เอฟเฟคแบบการ์ตูน #gta #gtasa #gtasanandreas,2026-08-02T12:00:37Z,shorts,public,53,586,0,1,2026-09-06T15:08:00.209155+00:00
S9uls6ihF_M,UC1ypugJJiDakFeDlxQO2Tew,Smokesword Channel,Left 4 Dead 2 : DIZTRITO - Custom Campaign [Smokesword],2026-07-30T12:30:06Z,replay_vod,public,2064,20,0,0,2026-09-06T15:08:00.209158+00:00
p8hrql-plKA,UC1ypugJJiDakFeDlxQO2Tew,Smokesword Channel,GTA San Andreas - MOD ภาพสวย Proper Shaders #gta #gtasa #gtasan,2026-07-25T11:00:19Z,shorts,public,53,416,4,1,2026-09-06T15:08:00.209161+00:00
86lAJA9LxD8,UC3QTic1iBGQN_LzWo7JfDKQ,CallistoSoCool Ch.,【🔴】โรบูด | กองโจร「#11」,2026-09-06T15:01:23Z,livestream,public,0,4,2,0,2026-09-06T15:08:01.296775+00:00
w0or8RIfnLI,UC3QTic1iBGQN_LzWo7JfDKQ,CallistoSoCool Ch.,【🔴】มาทำน้ำมะนาวกันเถอะ (LEMONADE - aespa) 🎹🎵 | Piano Arranging「#1」,2026-09-06T07:29:09Z,livestream,public,0,0,0,0,2026-09-06T15:08:01.296785+00:00
ag6Zglhdfvk,UC3QTic1iBGQN_LzWo7JfDKQ,CallistoSoCool Ch.,【🔴COLLAB】เกมเป็ดหรรษามาอีกแล้ว 🦆🔍 | Goose Goose Duck「#2」,2026-09-06T07:25:45Z,livestream,public,0,0,0,0,2026-09-06T15:08:01.296788+00:00
AhpxJrRhAjA,UC3QTic1iBGQN_LzWo7JfDKQ,CallistoSoCool Ch.,【🔴】สถานีวิทยุแห่งดาวจูปิเตอร์  📻🎵 | 24_7MHz「#7」,2026-09-06T07:24:33Z,livestream,public,0,0,0,0,2026-09-06T15:08:01.296790+00:00
cBt9lHObeto,UC3QTic1iBGQN_LzWo7JfDKQ,CallistoSoCool Ch.,【🔴】หาแมพเล่นกัน 🎮🖥️ | Roblox,2026-09-04T03:38:14Z,replay_vod,public,4070,41,2,0,2026-09-06T15:08:01.296792+00:00
wGPDltL6hN4,UC3QTic1iBGQN_LzWo7JfDKQ,CallistoSoCool Ch.,【🔴】อีก 1 เดือนจะครบรอบ 1 ปีแล้ว! 🗣️💬 | Free Talk「#30」,2026-09-02T04:47:21Z,replay_vod,public,7208,110,5,0,2026-09-06T15:08:01.296794+00:00
afYVchWuNVw,UC3QTic1iBGQN_LzWo7JfDKQ,CallistoSoCool Ch.,Vencent - Iron Tide (from Rolling Sky) | Piano Arr. by CallistoSoCool,2026-08-31T12:00:22Z,normal_video,public,129,50,3,0,2026-09-06T15:08:01.296796+00:00
p2d5A55cV5Y,UC3QTic1iBGQN_LzWo7JfDKQ,CallistoSoCool Ch.,【🔴】หาแมพเล่นกัน 🎮🖥️ | Roblox,2026-08-30T04:34:55Z,replay_vod,public,7208,43,5,0,2026-09-06T15:08:01.296798+00:00
hC-gSs-A1ek,UC3QTic1iBGQN_LzWo7JfDKQ,CallistoSoCool Ch.,Vencent - Iron Tide (from Rolling Sky) Piano Arrangement by CallistoSoCool #callistosocool #piano,2026-08-29T17:11:07Z,normal_video,public,125,69,3,0,2026-09-06T15:08:01.296800+00:00
tJAf8UpS54c,UC3QTic1iBGQN_LzWo7JfDKQ,CallistoSoCool Ch.,【🔴】เอ๊ะ? เอ็งใครวะเนี่ย! 😵‍💫🤔 | ????? ?????「#?」,2026-08-28T03:40:43Z,replay_vod,public,4265,47,7,0,2026-09-06T15:08:01.296802+00:00
NTGv9XQctas,UC3QTic1iBGQN_LzWo7JfDKQ,CallistoSoCool Ch.,วันเดย์วิทมีกับน้องโต้ #1 #vtuberth #callistosocool #vtuber,2026-08-26T15:28:19Z,normal_video,public,61,779,15,0,2026-09-06T15:08:01.296804+00:00
DLg2FlJY2d8,UC3QTic1iBGQN_LzWo7JfDKQ,CallistoSoCool Ch.,【🔴】กลับมาหาเกมเหลี่ยมได้ซักที ⚔️💎 | Minecraft Survival SS2「#3」,2026-08-25T02:56:53Z,replay_vod,public,2982,22,3,1,2026-09-06T15:08:01.296806+00:00
eNKesx5KIOI,UC3QTic1iBGQN_LzWo7JfDKQ,CallistoSoCool Ch.,【🔴COLLAB】เกมเป็ดหรรษาที่ได้เล่นซักทีนะ 🦆🔍 | Goose Goose Duck「#1」,2026-08-22T04:18:49Z,replay_vod,public,7348,94,6,0,2026-09-06T15:08:01.296807+00:00
XZdsSV8HPFU,UC3QTic1iBGQN_LzWo7JfDKQ,CallistoSoCool Ch.,POV : เมื่อคุณโดนโอชิคุณตกเป็นรอบที่ล้านแปด #vtuberth #callistosocool #vtuber,2026-08-20T15:59:38Z,normal_video,public,62,1157,28,0,2026-09-06T15:08:01.296809+00:00
KFlaI3BRNhQ,UC3QTic1iBGQN_LzWo7JfDKQ,CallistoSoCool Ch.,"【🔴】มาฟังซิงล่าสุดของเอเคบีกัน! ⭐🖥️ | ""Suki-ish"" Single Reaction",2026-08-20T03:05:06Z,replay_vod,public,3561,54,3,0,2026-09-06T15:08:01.296811+00:00
FrfY2unlOiA,UC3QTic1iBGQN_LzWo7JfDKQ,CallistoSoCool Ch.,【🔴】หายไปวีคนึง เป็นยังไงกันบ้าง? 🗣️💬 | Free Talk「#29」,2026-08-18T04:53:13Z,replay_vod,public,7478,87,18,0,2026-09-06T15:08:01.296813+00:00
p1hrKwJksGk,UC3QTic1iBGQN_LzWo7JfDKQ,CallistoSoCool Ch.,Switchblade - aespa「Cover by CallistoSoCool」,2026-08-16T12:00:00Z,normal_video,public,126,14,4,2,2026-09-06T15:08:01.296818+00:00
XjbMz4RRO6w,UC3QTic1iBGQN_LzWo7JfDKQ,CallistoSoCool Ch.,ดวงจันทร์ของดาวพฤหัสฯ : คาลิสโต้   #vtuberth #callistosocool #vtuber,2026-08-16T11:20:39Z,shorts,public,50,380,15,0,2026-09-06T15:08:01.296820+00:00
A-vg-XNAyjw,UC3QTic1iBGQN_LzWo7JfDKQ,CallistoSoCool Ch.,【🔴】กลับมาอีกครั้ง ✍🏻📖 | Reading with Callisto「#12」,2026-08-09T04:14:24Z,replay_vod,public,5526,25,3,0,2026-09-06T15:08:01.296822+00:00
4A-q6qlqYio,UC3QTic1iBGQN_LzWo7JfDKQ,CallistoSoCool Ch.,【🔴】เริ่ดเชิ่ดหยิ่ง 👠👗 | Dress to Impress「#1」,2026-08-07T04:37:37Z,replay_vod,public,7321,41,5,0,2026-09-06T15:08:01.296824+00:00
-1sG-ceojww,UC3aHMGHRuQAonBUpE2a94bA,Ryoukatsu Ch.,ชัดแหละ,2026-09-06T10:01:56Z,replay_vod,public,15655,335,10,0,2026-09-06T15:08:02.475228+00:00
KWXVBk-pyoU,UC3aHMGHRuQAonBUpE2a94bA,Ryoukatsu Ch.,มาได้ยังไง,2026-09-03T14:35:52Z,replay_vod,public,7824,192,5,0,2026-09-06T15:08:02.475240+00:00
7wW1Cd6jyF4,UC3aHMGHRuQAonBUpE2a94bA,Ryoukatsu Ch.,ทามมมมมถูกกกกแล้ววววว,2026-09-02T15:54:25Z,replay_vod,public,7902,184,6,0,2026-09-06T15:08:02.475243+00:00
bsp_Tn00MCw,UC3aHMGHRuQAonBUpE2a94bA,Ryoukatsu Ch.,ฟามเพชรรรแบบบ้าคลั่งในทุกเกม!!!,2026-08-31T17:10:16Z,replay_vod,public,7740,223,8,0,2026-09-06T15:08:02.475245+00:00
7MMn_In9c4I,UC3aHMGHRuQAonBUpE2a94bA,Ryoukatsu Ch.,【🔴Honkai Starrail】แล้วผมมาต่อแล้วไง【Ryoukatsu】,2026-08-30T15:16:48Z,replay_vod,public,9107,215,4,0,2026-09-06T15:08:02.475247+00:00
UKR1LR1bW-A,UC3aHMGHRuQAonBUpE2a94bA,Ryoukatsu Ch.,【🔴กองตัดสี】เอาล่ะครับพี่น้อง【Ryoukatsu】,2026-08-29T19:46:16Z,replay_vod,public,21901,1142,8,0,2026-09-06T15:08:02.475249+00:00
MiicCupMy68,UC3aHMGHRuQAonBUpE2a94bA,Ryoukatsu Ch.,【🔴Karaoke】เน้นมันไม่เน้นน้ำ【Ryoukatsu】,2026-08-27T03:18:17Z,replay_vod,public,5361,78,6,0,2026-09-06T15:08:02.475251+00:00
jy4B9Q-t6aY,UC3aHMGHRuQAonBUpE2a94bA,Ryoukatsu Ch.,【🔴Honkai Starrail】เนื้อเรื่องจ้าา【Ryoukatsu】,2026-08-25T16:16:23Z,replay_vod,public,9184,115,8,0,2026-09-06T15:08:02.475255+00:00
h2FKsMNXh8k,UC3aHMGHRuQAonBUpE2a94bA,Ryoukatsu Ch.,【🔴Fears to Fathom Scratch Creek】ใครอยู่ก็อยู่ ไกปู!!!【Ryoukatsu】,2026-08-23T16:23:19Z,replay_vod,public,9787,156,7,0,2026-09-06T15:08:02.475257+00:00
tGZ_sLMN1QE,UC3aHMGHRuQAonBUpE2a94bA,Ryoukatsu Ch.,【🔴กองตัดสี】555555555555555【Ryoukatsu】,2026-08-23T08:15:59Z,replay_vod,public,10481,129,8,0,2026-09-06T15:08:02.475259+00:00
4E7run_dwo4,UC3aHMGHRuQAonBUpE2a94bA,Ryoukatsu Ch.,【🔴Honkai Starrail】ระดับหมอลํา【Ryoukatsu】,2026-08-22T16:46:08Z,replay_vod,public,11254,261,6,0,2026-09-06T15:08:02.475261+00:00
Z2q6H8scEac,UC3aHMGHRuQAonBUpE2a94bA,Ryoukatsu Ch.,【 🔴BIRTHDAY 】ผมเกิดบ่อแล้วว【Ryoukatsu】,2026-08-19T15:40:56Z,replay_vod,public,7874,146,15,0,2026-09-06T15:08:02.475263+00:00
XpMY4nd4dyo,UC3aHMGHRuQAonBUpE2a94bA,Ryoukatsu Ch.,【🔴Honkai Starrail】ถึงไหนกันแล้วนะ?【Ryoukatsu】,2026-08-18T16:44:54Z,replay_vod,public,11026,108,4,0,2026-09-06T15:08:02.475265+00:00
c4h9TWYN50A,UC3aHMGHRuQAonBUpE2a94bA,Ryoukatsu Ch.,【🔴Wuthering waves】เนื้อหมู【Ryoukatsu】,2026-08-15T16:04:57Z,replay_vod,public,8475,111,7,0,2026-09-06T15:08:02.475267+00:00
wOXBGqf95pc,UC3aHMGHRuQAonBUpE2a94bA,Ryoukatsu Ch.,【Thai Version】Mekakucity Actors「days」| Ryoukatsu,2026-08-15T12:30:06Z,replay_vod,public,347,179,20,6,2026-09-06T15:08:02.475269+00:00
4RV8X4vY7D4,UC3aHMGHRuQAonBUpE2a94bA,Ryoukatsu Ch.,【🔴กองตัดสี】ปีนอะไรร เก็บของขาย【Ryoukatsu】,2026-08-14T16:14:31Z,replay_vod,public,9089,135,5,0,2026-09-06T15:08:02.475271+00:00
Q8PHxiD7jrI,UC3aHMGHRuQAonBUpE2a94bA,Ryoukatsu Ch.,【🔴Valorant】เนี้ยยยยย【Ryoukatsu】,2026-08-14T03:40:21Z,replay_vod,public,5916,86,8,0,2026-09-06T15:08:02.475274+00:00
nWbVLdXDjJw,UC3aHMGHRuQAonBUpE2a94bA,Ryoukatsu Ch.,【🔴League Of Legends】กับข้าวครับกับข้าว【Ryoukatsu】,2026-08-12T16:46:33Z,replay_vod,public,12144,77,3,0,2026-09-06T15:08:02.475276+00:00
eLxbbMy8sTs,UC3aHMGHRuQAonBUpE2a94bA,Ryoukatsu Ch.,【🔴กองตัดสี】หาของมายคราฟครับ【Ryoukatsu】,2026-08-09T13:55:58Z,replay_vod,public,8668,161,5,0,2026-09-06T15:08:02.475278+00:00
wnSUAwH4LLE,UC3aHMGHRuQAonBUpE2a94bA,Ryoukatsu Ch.,【🔴Wuthering waves】ไปกันต่อคร้าบบบ【Ryoukatsu】,2026-08-08T17:33:19Z,replay_vod,public,13767,137,9,0,2026-09-06T15:08:02.475280+00:00
eYUxnRJh5Fo,UC3TQ2myWZR8pZiUZ6Cs0-Sw,Bianca Ch. 【ARP】,Bianca Ch. 【ARP】 Live Stream,2024-04-13T13:38:54Z,livestream,public,0,0,14,0,2026-09-06T15:08:03.463375+00:00
JuC7pjvC5e0,UC1o-4IZwxHOxGyUKN6xpNZA,KIMEWA_YUKI 【SOA】,[🔴𝐋𝐈𝐕𝐄 ] แอ๊ะ  KIMEWA YUKI,2026-08-30T06:28:35Z,replay_vod,public,4595,53,3,0,2026-09-06T15:08:04.497542+00:00
I4J7tdtns44,UC1o-4IZwxHOxGyUKN6xpNZA,KIMEWA_YUKI 【SOA】,[🔴𝐋𝐈𝐕𝐄 ] แอ๊ะ  KIMEWA YUKI,2026-08-23T07:14:57Z,replay_vod,public,4265,46,7,0,2026-09-06T15:08:04.497552+00:00
DBRVqeMFzXs,UC1o-4IZwxHOxGyUKN6xpNZA,KIMEWA_YUKI 【SOA】,[🔴𝐋𝐈𝐕𝐄 ] กองโจรกุจะบ้า!!!!  KIMEWA YUKI,2026-08-08T13:38:38Z,replay_vod,public,16076,71,3,0,2026-09-06T15:08:04.497555+00:00
vrVZ3nVnlUo,UC1o-4IZwxHOxGyUKN6xpNZA,KIMEWA_YUKI 【SOA】,[🔴𝐋𝐈𝐕𝐄 ] กองโจรกุจะบ้า!!!!  KIMEWA YUKI,2026-08-02T06:41:59Z,replay_vod,public,13855,68,6,0,2026-09-06T15:08:04.497557+00:00
ZkgjTkZ-K6g,UC1o-4IZwxHOxGyUKN6xpNZA,KIMEWA_YUKI 【SOA】,[🔴𝐋𝐈𝐕𝐄 ] กองโจรกับคนโรล  KIMEWA YUKI,2026-07-31T16:53:13Z,replay_vod,public,16220,68,0,1,2026-09-06T15:08:04.497559+00:00
mnanYbqx9e0,UC1o-4IZwxHOxGyUKN6xpNZA,KIMEWA_YUKI 【SOA】,[🔴𝐋𝐈𝐕𝐄 ] กองโจรกับคนไม่มีโรล  KIMEWA YUKI,2026-07-26T03:20:41Z,replay_vod,public,7151,46,4,0,2026-09-06T15:08:04.497560+00:00
cC1csTiOUMU,UC1o-4IZwxHOxGyUKN6xpNZA,KIMEWA_YUKI 【SOA】,[🔴𝐋𝐈𝐕𝐄 ] ตายยกทีม.. | Akito x Neko x Saki [ Left 4 Dead 2 ],2026-07-25T08:44:25Z,replay_vod,public,8090,92,5,0,2026-09-06T15:08:04.497563+00:00
6Fr-lHy9rds,UC1o-4IZwxHOxGyUKN6xpNZA,KIMEWA_YUKI 【SOA】,[🔴𝐋𝐈𝐕𝐄 ] กองโจร  KIMEWA YUKI,2026-07-18T23:52:33Z,replay_vod,public,10520,44,4,0,2026-09-06T15:08:04.497565+00:00
n8sI-LWUN4g,UC1o-4IZwxHOxGyUKN6xpNZA,KIMEWA_YUKI 【SOA】,มันเอาแล้วววววววววววววววววววววววว #yukilive #minecraft #vtuber,2026-07-14T02:39:15Z,replay_vod,public,75,1023,33,2,2026-09-06T15:08:04.497566+00:00
2pGPIUsCrW0,UC1o-4IZwxHOxGyUKN6xpNZA,KIMEWA_YUKI 【SOA】,[🔴𝐋𝐈𝐕𝐄 ] Strangehighschool [ ริชาร์ด  ],2026-07-12T04:49:03Z,replay_vod,public,11793,37,1,0,2026-09-06T15:08:04.497574+00:00
fr1jKpQZzMs,UC1o-4IZwxHOxGyUKN6xpNZA,KIMEWA_YUKI 【SOA】,[🔴𝐋𝐈𝐕𝐄 ] Strangehighschool [ ริชาร์ด  ],2026-07-05T05:01:42Z,replay_vod,public,7170,53,3,0,2026-09-06T15:08:04.497576+00:00
1PxNXaM8tfQ,UC1o-4IZwxHOxGyUKN6xpNZA,KIMEWA_YUKI 【SOA】,pink  #yukilive #minecraft #vtuber,2026-07-04T03:56:48Z,shorts,public,59,674,14,2,2026-09-06T15:08:04.497577+00:00
HOSCn4uI00c,UC1o-4IZwxHOxGyUKN6xpNZA,KIMEWA_YUKI 【SOA】,[🔴𝐋𝐈𝐕𝐄 ] Strangehighschool [ ริชาร์ด แอลเจเนีย ],2026-06-28T04:40:58Z,replay_vod,public,12640,71,4,0,2026-09-06T15:08:04.497579+00:00
_2KNbI8fNIk,UC1o-4IZwxHOxGyUKN6xpNZA,KIMEWA_YUKI 【SOA】,[🔴𝐋𝐈𝐕𝐄 ] กองโจร,2026-06-21T04:53:26Z,replay_vod,public,5305,25,2,0,2026-09-06T15:08:04.497581+00:00
5wev4Yr2t5Q,UC1o-4IZwxHOxGyUKN6xpNZA,KIMEWA_YUKI 【SOA】,หมากับช๊อก #vtuber #minecraft,2026-06-19T17:28:42Z,normal_video,public,61,881,21,0,2026-09-06T15:08:04.497582+00:00
z9MLuBiF_LI,UC1o-4IZwxHOxGyUKN6xpNZA,KIMEWA_YUKI 【SOA】,[🔴𝐋𝐈𝐕𝐄 ] กองโจร  KIMEWA YUKI,2026-06-06T09:54:30Z,replay_vod,public,15646,94,6,0,2026-09-06T15:08:04.497585+00:00
odETlb8Bhdw,UC1o-4IZwxHOxGyUKN6xpNZA,KIMEWA_YUKI 【SOA】,[🔴𝐋𝐈𝐕𝐄 ] REPO บางระจันกับการหาของ กับ @YuzuAkarika,2026-05-24T05:56:05Z,replay_vod,public,8395,60,4,0,2026-09-06T15:08:04.497745+00:00
g611bAIME58,UC1o-4IZwxHOxGyUKN6xpNZA,KIMEWA_YUKI 【SOA】,[🔴𝐋𝐈𝐕𝐄 ] เที่ยวป่ากับแก๊ง SOA,2026-05-23T06:50:15Z,replay_vod,public,1824,15,0,0,2026-09-06T15:08:04.497748+00:00
vV_oP0U0MWg,UC1o-4IZwxHOxGyUKN6xpNZA,KIMEWA_YUKI 【SOA】,[🔴𝐋𝐈𝐕𝐄 ] บางระจันกับการหาของแก๊ง SOA & Kiranabix3,2026-05-17T09:25:57Z,replay_vod,public,7705,41,3,0,2026-09-06T15:08:04.497750+00:00
Q1TC8gzYu_Q,UC1o-4IZwxHOxGyUKN6xpNZA,KIMEWA_YUKI 【SOA】,[🔴𝐋𝐈𝐕𝐄 ] มายคราฟฟฟฟฟ,2026-05-17T04:13:09Z,replay_vod,public,10786,33,3,0,2026-09-06T15:08:04.497752+00:00
J6AdN0iYiVo,UC2z7pz25bgnqLHdTd7EvVoQ,Shishiou Seito Ch. / AStars,【Sunday Night】คืนวันอาทิตย์ นิดหน่อย(?)【Shishiou Seito | AETHERNIS】,2026-09-06T12:59:58Z,livestream,public,0,73,21,0,2026-09-06T15:08:05.799927+00:00
DRsiLIKQYiM,UC2z7pz25bgnqLHdTd7EvVoQ,Shishiou Seito Ch. / AStars,【KARAOKE】ร้องเพลงในไลฟ์ในรอบกี่เดือน【Shishiou Seito | AETHERNIS】,2026-09-05T19:22:10Z,replay_vod,public,21218,556,42,0,2026-09-06T15:08:05.799940+00:00
BtuwAAwnj7E,UC2z7pz25bgnqLHdTd7EvVoQ,Shishiou Seito Ch. / AStars,【ไลฟ์คืนวันศุกร์】คิดถึงแมวอ้วม【Shishiou Seito | AETHERNIS】,2026-09-04T16:58:33Z,replay_vod,public,12982,421,29,0,2026-09-06T15:08:05.799943+00:00
ECd1UhUeF_c,UC2z7pz25bgnqLHdTd7EvVoQ,Shishiou Seito Ch. / AStars,【THE END OF Seito's Month #SeitoBD2026】ปิดจบเดือนเกิดปีนี้ ไม่มีที่คั้น【Shishiou Seito | AETHERNIS】,2026-08-31T17:50:53Z,replay_vod,public,12908,615,33,0,2026-09-06T15:08:05.799946+00:00
U7z72R3HKVM,UC2z7pz25bgnqLHdTd7EvVoQ,Shishiou Seito Ch. / AStars,【Unboxing】เปิดกล่องของอุ้ง แต่ไม่เปิดกล้อง【Shishiou Seito | AETHERNIS】,2026-08-30T18:44:56Z,replay_vod,public,19589,974,41,2,2026-09-06T15:08:05.799949+00:00
EvVDyoROdiM,UC2z7pz25bgnqLHdTd7EvVoQ,Shishiou Seito Ch. / AStars,【APEX】สวัสดี เกมที่เรารัก【Shishiou Seito】,2026-08-28T20:46:15Z,replay_vod,public,17646,949,40,0,2026-09-06T15:08:05.799952+00:00
Xt6dVplYuHc,UC2z7pz25bgnqLHdTd7EvVoQ,Shishiou Seito Ch. / AStars,【APEX】กองโจร เพราะว่าผมคิดว่าคอมผมเล่นเอเปกได้【Shishiou Seito】,2026-08-27T18:49:17Z,replay_vod,public,18544,804,27,0,2026-09-06T15:08:05.799955+00:00
WDv7ba65EnU,UC2z7pz25bgnqLHdTd7EvVoQ,Shishiou Seito Ch. / AStars,【ชดใช้หนี้กรรม-ทำเวลา #3】ทำงาน ทำง๊าน ทำงาน【Shishiou Seito】,2026-08-23T17:29:13Z,replay_vod,public,18644,375,42,1,2026-09-06T15:08:05.799958+00:00
nXn53g4IPCk,UC2z7pz25bgnqLHdTd7EvVoQ,Shishiou Seito Ch. / AStars,【ชดใช้หนี้กรรม-ทำเวลา #2】เมื่อวานคอมคุงมีปัญหา วันนี้ก้คงไม่【Shishiou Seito】,2026-08-22T17:24:16Z,replay_vod,public,16593,358,34,0,2026-09-06T15:08:05.799961+00:00
vF90Hb8jpnY,UC2z7pz25bgnqLHdTd7EvVoQ,Shishiou Seito Ch. / AStars,【ชดใช้หนี้กรรม-ทำเวลา #1】นี่ย์ ละชื่อไลฟ์อย่างคล้องจอง【Shishiou Seito】,2026-08-21T15:09:47Z,replay_vod,public,10646,360,39,0,2026-09-06T15:08:05.799963+00:00
cBV1gmqEifc,UC2z7pz25bgnqLHdTd7EvVoQ,Shishiou Seito Ch. / AStars,【Mixing Breaking Down】อะๆ เปิดโปรเจ็คก้ได้ โปรเจ็คมิกซ์【Shishiou Seito】,2026-08-20T16:24:19Z,replay_vod,public,11565,479,46,0,2026-09-06T15:08:05.799966+00:00
vw0yfu6O6Ag,UC2z7pz25bgnqLHdTd7EvVoQ,Shishiou Seito Ch. / AStars,アウターサイエンス ／ Outer Science - じん【Covered by Shishiou Seito】#vtuberth #vtuber #shorts #anime #kagepro,2026-08-17T11:54:00Z,shorts,public,23,568,34,3,2026-09-06T15:08:05.799968+00:00
wfnzfb5nBFI,UC2z7pz25bgnqLHdTd7EvVoQ,Shishiou Seito Ch. / AStars,アウターサイエンス ／ Outer Science - じん【Covered by Shishiou Seito】,2026-08-16T10:00:34Z,normal_video,public,217,2441,240,46,2026-09-06T15:08:05.799971+00:00
pASyMxzf9o4,UC2z7pz25bgnqLHdTd7EvVoQ,Shishiou Seito Ch. / AStars,【Donothon #3】ปิดโดเนทต่อเวลา วันนี้ ที่นี่ ตอนนี้เลยเหรอไรเนอร์【Shishiou Seito】,2026-08-13T18:14:50Z,replay_vod,public,21236,362,49,0,2026-09-06T15:08:05.799973+00:00
fntG_6Y_CAY,UC2z7pz25bgnqLHdTd7EvVoQ,Shishiou Seito Ch. / AStars,【OVERWATCH】เล่นกับเพื่อนๆ เหล่าคนเท่【Shishiou Seito】,2026-08-12T15:21:10Z,replay_vod,public,7946,248,29,1,2026-09-06T15:08:05.799976+00:00
u-HGobbeaXQ,UC2z7pz25bgnqLHdTd7EvVoQ,Shishiou Seito Ch. / AStars,【Shishiou Seito's Birthday】วันเกิดปีนี้อยากเป็นคนบ้า【Birthday Event】#SeitoBD2026,2026-08-10T17:21:11Z,replay_vod,public,18164,1086,106,0,2026-09-06T15:08:05.799978+00:00
jaxkMXsuVVc,UC2z7pz25bgnqLHdTd7EvVoQ,Shishiou Seito Ch. / AStars,【Pre-BD Donothon #2】พบกับวงล้อมหาสนุกสุดหรรษา【Shishiou Seito】,2026-08-08T17:23:10Z,replay_vod,public,18096,346,37,0,2026-09-06T15:08:05.799981+00:00
lixsl14bT8I,UC2z7pz25bgnqLHdTd7EvVoQ,Shishiou Seito Ch. / AStars,【Pre-BD Donothon】โดเนทต่อเวลา ตาต่อตา ฟันต่อฟัน【Shishiou Seito】,2026-08-07T22:35:18Z,replay_vod,public,36426,636,56,0,2026-09-06T15:08:05.799983+00:00
aKvua8ydo0g,UC2z7pz25bgnqLHdTd7EvVoQ,Shishiou Seito Ch. / AStars,【วันพฤหัสสระบ่อดี】วันนี้มาไลฟ์ เพราะไม่ใช่วันนี้ลา(?)【Shishiou Seito】,2026-08-06T15:22:04Z,replay_vod,public,8116,204,36,0,2026-09-06T15:08:05.799986+00:00
CPFKrdIkqs0,UC2z7pz25bgnqLHdTd7EvVoQ,Shishiou Seito Ch. / AStars,【BOMBANANA!】ไอ้ลิงเจนสอง【Shishiou Seito】,2026-08-05T15:27:26Z,replay_vod,public,8267,321,28,0,2026-09-06T15:08:05.799988+00:00
QkZqE6OAJsE,UC3it6w4G8eUA98J2w60gBDQ,Orca-Okaru CH,◄Live!!!!► [Roblox] เล่นอะไรไปเรื่อย,2026-09-06T13:46:32Z,livestream,public,0,29,7,0,2026-09-06T15:08:06.903276+00:00
MFwLyIn5eRY,UC3it6w4G8eUA98J2w60gBDQ,Orca-Okaru CH,◄Live!!!!► [Free Talk] 4 คน 4คน 4คน อ้ายมา4คน,2026-09-05T04:21:26Z,replay_vod,public,5845,83,4,0,2026-09-06T15:08:06.903289+00:00
kgscEozioAs,UC3it6w4G8eUA98J2w60gBDQ,Orca-Okaru CH,◄Guerilla Live!!!!► Roblox ตลอดไปเพราะไม่รู้จะเล่นอะไรดี,2026-09-02T15:40:31Z,replay_vod,public,8459,167,5,0,2026-09-06T15:08:06.903292+00:00
7pL8NpCva0k,UC3it6w4G8eUA98J2w60gBDQ,Orca-Okaru CH,◄Guerilla Live!!!!► Roblox ตลอดไปเพราะไม่รู้จะเล่นอะไรดี,2026-09-02T15:24:14Z,livestream,public,0,0,0,0,2026-09-06T15:08:06.903295+00:00
c2LLRT8O-Wc,UC3it6w4G8eUA98J2w60gBDQ,Orca-Okaru CH,◄Guerilla Live!!!!► มาสร้างร้านอาหารใน Roblox กันเตอะ,2026-08-29T15:40:30Z,replay_vod,public,7634,117,4,0,2026-09-06T15:08:06.903298+00:00
bVd7maRS1io,UC3it6w4G8eUA98J2w60gBDQ,Orca-Okaru CH,◄Guerilla Live!!!!► กองโจรอีกแล้วกับเกม Overwatch FT @PoodLenLen,2026-08-29T04:00:33Z,replay_vod,public,5568,127,4,0,2026-09-06T15:08:06.903301+00:00
PRWYZvqWz0U,UC3it6w4G8eUA98J2w60gBDQ,Orca-Okaru CH,เมื่อหลานคุณบอกว่าเมื่อตอนเด็กเคยเป็นไร #vtuber #VtuberTh #vtuberthai #funny #หาทําไปเรื่อย,2026-08-26T13:31:49Z,shorts,public,27,1257,13,0,2026-09-06T15:08:06.903304+00:00
xOQHRF7RQzY,UC3it6w4G8eUA98J2w60gBDQ,Orca-Okaru CH,◄Guerilla Live!!!!► มาไลฟ์เล่นRoblox อีกแล้ว!!!!!!,2026-08-26T00:24:32Z,replay_vod,public,6756,81,5,0,2026-09-06T15:08:06.903307+00:00
SIymwwDQ1tg,UC3it6w4G8eUA98J2w60gBDQ,Orca-Okaru CH,◄Guerilla Live!!!!► มาไลฟ์เล่นRoblox อีกแล้ว!!!!!!,2026-08-25T22:23:07Z,replay_vod,public,1654,134,2,0,2026-09-06T15:08:06.903310+00:00
Yb3dwLE-Kiw,UC3it6w4G8eUA98J2w60gBDQ,Orca-Okaru CH,เมื่อราชาโดนแย่งมงกุฎใน Roblox!! # #vtuber #vtuberclips #vtuberth #roblox #funny,2026-08-25T17:15:26Z,shorts,public,30,72,4,0,2026-09-06T15:08:06.903312+00:00
aiEEx_S0nMQ,UC3it6w4G8eUA98J2w60gBDQ,Orca-Okaru CH,◄Guerilla Live!!!!► ไม่มีอะไรไลฟ์ ก็ไลฟ์Elsword ยาวไปปปป,2026-08-23T22:12:20Z,replay_vod,public,5146,82,5,0,2026-09-06T15:08:06.903315+00:00
KJpsLNn89aI,UC3it6w4G8eUA98J2w60gBDQ,Orca-Okaru CH,◄Live!!!!► [Overwatch] เอามาแทนgeoguessr เพราะคิดไม่ออกแล้วจะเอาไรมาแทน,2026-08-23T03:05:33Z,replay_vod,public,5271,71,4,0,2026-09-06T15:08:06.903318+00:00
6N7FyEEQqw0,UC3it6w4G8eUA98J2w60gBDQ,Orca-Okaru CH,◄Live!!!!► [Free Talk] อาหาร อาหาร และ อาหาร!!!,2026-08-22T02:42:19Z,replay_vod,public,4015,57,5,0,2026-09-06T15:08:06.903321+00:00
-Lis7x3PIEs,UC3it6w4G8eUA98J2w60gBDQ,Orca-Okaru CH,◄Guerilla Live!!!!► มาเล่นโรบูดกันเถอะ,2026-08-21T05:01:11Z,replay_vod,public,4955,48,7,0,2026-09-06T15:08:06.903324+00:00
uRTX4zgDQ4c,UC3it6w4G8eUA98J2w60gBDQ,Orca-Okaru CH,◄Live!!!!► [Free Talk] เรื่อยๆเปื่อยๆไหลเรื่อยๆพูดไปเรื่อย,2026-08-16T03:44:57Z,replay_vod,public,4925,62,10,0,2026-09-06T15:08:06.903327+00:00
OiQ7m0N2jC4,UC3it6w4G8eUA98J2w60gBDQ,Orca-Okaru CH,◄Live!!!!► [House Filpper] บริษัททำความสะอาดออก้าจำกัดมาแล้ว!!!,2026-08-12T03:42:24Z,replay_vod,public,5601,60,7,0,2026-09-06T15:08:06.903334+00:00
Z9tWUF2tzbc,UC3it6w4G8eUA98J2w60gBDQ,Orca-Okaru CH,◄Guerilla Live!!!!► พักแบบใดมีกองโจร,2026-08-10T14:02:05Z,replay_vod,public,7629,58,2,0,2026-09-06T15:08:06.903336+00:00
nEQQRcXshtI,UC3it6w4G8eUA98J2w60gBDQ,Orca-Okaru CH,◄Live!!!!► [Karaoke] ร้อง Karaoke BNK48 กับCGM48 กันดีกว่า!!,2026-08-10T04:28:12Z,replay_vod,public,7410,109,6,0,2026-09-06T15:08:06.903339+00:00
0nCXL5_Q6ME,UC3it6w4G8eUA98J2w60gBDQ,Orca-Okaru CH,◄ Live!!!!► [กองโจร] กองโจรอีกแล้วหรอ!! ใช่มาอีกแล้ว!!,2026-08-09T02:01:31Z,replay_vod,public,4779,73,2,0,2026-09-06T15:08:06.903341+00:00
PgZa70qp7xE,UC3it6w4G8eUA98J2w60gBDQ,Orca-Okaru CH,◄ Live!!!!► [กองโจร] กองโจรในเช้า(แบบใด)อันแสนสดใสส,2026-08-08T09:44:06Z,replay_vod,public,8155,80,2,0,2026-09-06T15:08:06.903343+00:00
8JeNLsffz2E,UC2iD3jxz5srvHoV7gXtBYvQ,Davina V.,Play with Davina - Marvel rivals ep.01 [EN/TH],2025-01-08T17:25:00Z,replay_vod,public,9809,145,21,1,2026-09-06T15:08:08.066084+00:00
ccznjQ2xk70,UC2iD3jxz5srvHoV7gXtBYvQ,Davina V.,DavinaV THE LAND Red panda Highlight 01,2025-01-08T11:08:58Z,shorts,public,25,57,7,3,2026-09-06T15:08:08.066096+00:00
7lTZpVwMv1U,UC2iD3jxz5srvHoV7gXtBYvQ,Davina V.,#vtuber #hny2025 #davinaV #redpanda,2025-01-01T09:04:09Z,shorts,public,33,263,32,9,2026-09-06T15:08:08.066099+00:00
2vJcqxG9wDE,UC2iD3jxz5srvHoV7gXtBYvQ,Davina V.,กองโจรรรรร,2024-12-29T19:23:52Z,replay_vod,public,8242,186,23,2,2026-09-06T15:08:08.066101+00:00
JgBfa6FFRb8,UC2iD3jxz5srvHoV7gXtBYvQ,Davina V.,Merry Kidmak!!,2024-12-28T19:27:56Z,replay_vod,public,9349,146,28,3,2026-09-06T15:08:08.066104+00:00
cM0fkJy3Kp8,UC2iD3jxz5srvHoV7gXtBYvQ,Davina V.,HBD @jimmyd.journey8703 น้ายามมมม,2023-10-28T16:28:14Z,shorts,public,49,116,12,8,2026-09-06T15:08:08.066106+00:00
GVPCPosT6d0,UC2iD3jxz5srvHoV7gXtBYvQ,Davina V.,แพนด้าแดงหมอรัก v.2,2023-03-09T14:50:16Z,shorts,public,56,343,36,8,2026-09-06T15:08:08.066108+00:00
2yTVAe6sdKw,UC2iD3jxz5srvHoV7gXtBYvQ,Davina V.,คิดถึงทุกคนจังเลยงะ แต่คุณหมอไม่เข้าใจ!!!,2023-03-06T09:31:28Z,shorts,public,15,121,17,3,2026-09-06T15:08:08.066109+00:00
vdS9ZSianwY,UC2iD3jxz5srvHoV7gXtBYvQ,Davina V.,Yo!! และนี่คือเสียงของเด็กหมอรัก,2023-03-05T02:19:17Z,shorts,public,11,789,48,1,2026-09-06T15:08:08.066111+00:00
4NCicSekUBk,UC2iD3jxz5srvHoV7gXtBYvQ,Davina V.,19 February BE 2566,2023-02-19T03:15:31Z,shorts,public,16,88,13,3,2026-09-06T15:08:08.066113+00:00
X9ORfXNlMwk,UC2iD3jxz5srvHoV7gXtBYvQ,Davina V.,เลือดกรุ๊ปวี่!! (เลือดกรุ๊ปบี),2023-02-18T00:25:11Z,shorts,public,46,1301,85,15,2026-09-06T15:08:08.066115+00:00
8bGKcTmvGRw,UC2iD3jxz5srvHoV7gXtBYvQ,Davina V.,"🔴｢LIVE｣#COLLAB ""PACIFY"" @Sovonch @JingJibara @Mallow_Ham  !!!!!",2023-02-07T17:19:43Z,replay_vod,public,7207,394,27,4,2026-09-06T15:08:08.066117+00:00
RLsbHuOm4CM,UC2iD3jxz5srvHoV7gXtBYvQ,Davina V.,🔴 [ LIVE กองโจร ] #วี่อยากเล่น - PLATE UP! - with ADMIN,2023-01-31T17:44:14Z,replay_vod,public,14489,209,19,2,2026-09-06T15:08:08.066119+00:00
NiQ-GaHZwAs,UC2iD3jxz5srvHoV7gXtBYvQ,Davina V.,"🔴｢LIVE｣#COLLAB ""OVERWATCH 2"" วี่มาฮิล!!!!!",2023-01-18T15:50:03Z,replay_vod,public,8079,111,13,2,2026-09-06T15:08:08.066121+00:00
6JeGwb7Gbqk,UC2iD3jxz5srvHoV7gXtBYvQ,Davina V.,🔴 [ LIVE กองโจร ] #เม้าส์กับวี่ - MerryXmas & งาน MARUYA -,2022-12-25T17:27:32Z,replay_vod,public,7364,236,28,5,2026-09-06T15:08:08.066123+00:00
VbWzBQYxaBs,UC2iD3jxz5srvHoV7gXtBYvQ,Davina V.,"🔴｢LIVE｣#กองโจร ""HSHS"" เอ๋...เล่นกับใครน้าาาา!! #hshs #hshsurvive #hshsv",2022-12-05T15:29:06Z,replay_vod,public,7577,281,20,1,2026-09-06T15:08:08.066125+00:00
ne8_A4MOdQ0,UC2iD3jxz5srvHoV7gXtBYvQ,Davina V.,"🔴｢LIVE｣#กองโจร ""HSHS"" ลองทำเควส WARDEN!! #hshs #hshsurvive #hshsv",2022-12-03T17:23:20Z,replay_vod,public,7911,254,19,1,2026-09-06T15:08:08.066127+00:00
kVcht4RmgyA,UC2iD3jxz5srvHoV7gXtBYvQ,Davina V.,"🔴｢LIVE｣#กองโจร ""HSHS"" เลือกตัวตามโดเนท!! #hshs #hshsurvive #hshsv",2022-12-02T17:43:06Z,replay_vod,public,15351,492,33,0,2026-09-06T15:08:08.066128+00:00
3euQbOT33-w,UC2iD3jxz5srvHoV7gXtBYvQ,Davina V.,"🔴｢LIVE｣#กองโจร ""HSHS"" AISHA ของวี่นะ กุ๊ปป้าาาาา!! #hshs #hshsurvive #hshsv",2022-11-24T17:05:55Z,replay_vod,public,15537,1177,42,6,2026-09-06T15:08:08.066130+00:00
brpHMhvavGk,UC2iD3jxz5srvHoV7gXtBYvQ,Davina V.,"🔴｢LIVE｣#กองโจร ""Pokemon VIOLET ep.01"" เป็นหวัด แต่....จะดื้อ!! #pokemonviolet",2022-11-20T09:22:36Z,replay_vod,public,7705,175,22,0,2026-09-06T15:08:08.066132+00:00
7zkICvR5bOw,UC3JqFoY66A90sdqe46mvbTA,Eli Aharon 「イーライ」,เกมที่ไม่ได้อยากให้คุณ “รอด” l LONA RPG,2026-09-05T11:30:29Z,normal_video,public,1670,14567,568,23,2026-09-06T15:08:09.502996+00:00
Y8h3-2aq87Y,UC3JqFoY66A90sdqe46mvbTA,Eli Aharon 「イーライ」,[ 🔴DestinyTalk ] เปิดไพ่ พูดคุย พร้อมลุยเดือนกันยายน l Eli Aharon ☕,2026-09-03T05:06:13Z,replay_vod,public,5672,361,28,0,2026-09-06T15:08:09.503006+00:00
tkB6RSRYt2s,UC3JqFoY66A90sdqe46mvbTA,Eli Aharon 「イーライ」,"[ 🔴Talkshow ] เรื่องราวของเซฟมหาจักรพรรดิใน ""โลกกระจก"" l Eli Aharon ☕",2026-09-03T02:56:16Z,livestream,public,0,0,3,0,2026-09-06T15:08:09.503009+00:00
61mO5O_pPmI,UC3JqFoY66A90sdqe46mvbTA,Eli Aharon 「イーライ」,[ 🔴BIRTHDAY STREAM ] พ่อบ้านกับความหลอนที่เพิ่มขึ้น 1 ปี | #AhrBirthday2026 ☕,2026-08-30T02:44:22Z,replay_vod,public,3840,409,29,3,2026-09-06T15:08:09.503012+00:00
YoHWtXY0Gjg,UC3JqFoY66A90sdqe46mvbTA,Eli Aharon 「イーライ」,💀ฆาตกรที่หายไปจากบ้านหลังนี้💀#Villisca #horror #vtuberth,2026-08-20T11:30:38Z,shorts,public,44,2666,99,2,2026-09-06T15:08:09.503014+00:00
18wEyg8r3Ws,UC3JqFoY66A90sdqe46mvbTA,Eli Aharon 「イーライ」,ฝันร้ายที่เกิดจาก “ความจริง” | Before Analog Horror,2026-08-13T11:30:29Z,normal_video,public,1554,1053,65,5,2026-09-06T15:08:09.503016+00:00
xL3t5yqXj4s,UC3JqFoY66A90sdqe46mvbTA,Eli Aharon 「イーライ」,💀ถ้ากะพริบตา...มันจะขยับ💀#scp173 #horror #vtuberth,2026-08-12T11:30:14Z,shorts,public,38,5434,232,10,2026-09-06T15:08:09.503018+00:00
o3C4U8J6Thw,UC3JqFoY66A90sdqe46mvbTA,Eli Aharon 「イーライ」,💀อย่าไปอุโมงค์นี้ตอนกลางคืน💀#TheBunnyMan #horror #vtuberth,2026-08-09T11:30:11Z,shorts,public,37,2525,151,7,2026-09-06T15:08:09.503020+00:00
c-WBtgHVvkw,UC3JqFoY66A90sdqe46mvbTA,Eli Aharon 「イーライ」,💀กล่องต้องคำสาปที่ไม่มีใครกล้าเปิด💀 #DybbukBox #horror #vtuberth,2026-08-08T11:30:13Z,shorts,public,37,2332,76,1,2026-09-06T15:08:09.503022+00:00
wamhd_GndKU,UC3JqFoY66A90sdqe46mvbTA,Eli Aharon 「イーライ」,💀ชายไร้หน้าที่ถูกพบในภาพถ่าย💀#SlenderMan #horror #vtuberth,2026-08-07T11:30:32Z,shorts,public,51,2345,103,2,2026-09-06T15:08:09.503024+00:00
_R1vK4Ml67c,UC3JqFoY66A90sdqe46mvbTA,Eli Aharon 「イーライ」,💀หญิงสาวที่โลกเชื่อว่าถูกปีศาจสิง💀#AnnelieseMichel #horror #vtuberth,2026-08-06T11:30:09Z,shorts,public,46,2143,48,0,2026-09-06T15:08:09.503026+00:00
oA0J34FgDpQ,UC3JqFoY66A90sdqe46mvbTA,Eli Aharon 「イーライ」,💀ถ้าคุณเห็นมัน...อาจสายเกินไป💀#TheRake #horror #vtuberth,2026-08-04T11:30:11Z,shorts,public,42,2216,136,6,2026-09-06T15:08:09.503028+00:00
KNqa7llxOKo,UC3JqFoY66A90sdqe46mvbTA,Eli Aharon 「イーライ」,💀สิ่งมีชีวิตที่มักปรากฏก่อนหายนะ💀 #Mothman #horror #vtuberth,2026-08-03T11:30:31Z,shorts,public,40,2053,111,4,2026-09-06T15:08:09.503030+00:00
pOGagc_MPCI,UC3JqFoY66A90sdqe46mvbTA,Eli Aharon 「イーライ」,💀ภาพต้องคำสาปที่ห้ามเปิดดู💀#SmileDog #horror #vtuberth,2026-08-02T11:30:17Z,shorts,public,40,3654,198,10,2026-09-06T15:08:09.503032+00:00
5hfte7zlCPM,UC3JqFoY66A90sdqe46mvbTA,Eli Aharon 「イーライ」,💀เกมที่ไม่ควรมีอยู่จริง💀#Polybius #horror #vtuberth,2026-08-01T11:30:03Z,shorts,public,45,1744,94,1,2026-09-06T15:08:09.503033+00:00
Hkfxn55wwmA,UC3JqFoY66A90sdqe46mvbTA,Eli Aharon 「イーライ」,💀บ้านที่ไม่มีใครกล้าอยู่ต่อ💀#TheWatcherHouse #horror #vtuberth,2026-07-31T11:30:31Z,shorts,public,50,2787,239,4,2026-09-06T15:08:09.503036+00:00
p6otsJ8pwDw,UC3JqFoY66A90sdqe46mvbTA,Eli Aharon 「イーライ」,💀ถ้าคุณหลุดเข้าที่นี่...ทุกอย่างจบแล้ว💀#Backroom #horror #vtuberth,2026-07-30T11:00:14Z,shorts,public,53,11846,960,31,2026-09-06T15:08:09.503038+00:00
4KfXhK_FIFk,UC3JqFoY66A90sdqe46mvbTA,Eli Aharon 「イーライ」,💀คุณได้ยินมันไหม💀#TheHum #horror #vtuberth,2026-07-29T11:30:21Z,shorts,public,37,15159,926,21,2026-09-06T15:08:09.503040+00:00
XmAdrBsW8_Y,UC3JqFoY66A90sdqe46mvbTA,Eli Aharon 「イーライ」,💀คนที่ลงสถานีนี้...ไม่เคยกลับมา💀#kisaragistation #horror #vtuberth,2026-07-28T11:30:13Z,shorts,public,46,8268,589,4,2026-09-06T15:08:09.503042+00:00
IrEyoUc_Prc,UC3JqFoY66A90sdqe46mvbTA,Eli Aharon 「イーライ」,💀เธอเห็นอะไร?💀#ElisaLam #horror #vtuberth,2026-07-27T11:30:28Z,shorts,public,40,22607,1169,13,2026-09-06T15:08:09.503044+00:00
dW9wFmHl11I,UC2sAw3h-IzU3JOtvXVzTjxw,叶龙 Yelong CH.,[ กองโจรอะจิ ] MINECRAFT ใครจะยิงปืนก็ยิง ผมจะขุดดิน #Yelongvth,2026-08-29T21:08:46Z,replay_vod,public,28755,91,4,0,2026-09-06T15:08:11.807799+00:00
yZVUSQq0dv0,UC2sAw3h-IzU3JOtvXVzTjxw,叶龙 Yelong CH.,[ กองโจรอะจิ ] VALORANT เล่นเป็นอยู่เกมเดียว #Yelongvth,2026-08-27T05:04:02Z,replay_vod,public,10640,35,3,0,2026-09-06T15:08:11.807809+00:00
DnBKc5ju4iA,UC2sAw3h-IzU3JOtvXVzTjxw,叶龙 Yelong CH.,[ กองโจรอะจิ ] VALORANT ในวันที่ปวดท้อง #Yelongvth,2026-08-20T05:55:27Z,replay_vod,public,12680,47,6,1,2026-09-06T15:08:11.807812+00:00
37b8vq7zrhY,UC2sAw3h-IzU3JOtvXVzTjxw,叶龙 Yelong CH.,[ กองโจรอะจิ ] VALORANT แบบป่วยๆ #Yelongvth,2026-08-13T03:34:53Z,replay_vod,public,7751,36,1,0,2026-09-06T15:08:11.807814+00:00
oO46Rrl_yV0,UC2sAw3h-IzU3JOtvXVzTjxw,叶龙 Yelong CH.,[ LIVE GAMING ] Road to Empress I ข้านี่แหละฮ่องเต้เย่หลง Ep.4 #Yelongvth,2026-08-07T04:10:40Z,replay_vod,public,7155,26,2,0,2026-09-06T15:08:11.807817+00:00
_1rvUJYNO90,UC2sAw3h-IzU3JOtvXVzTjxw,叶龙 Yelong CH.,[ LIVE GAMING ] Road to Empress I ข้านี่แหละฮ่องเต้เย่หลง Ep.3 #Yelongvth,2026-08-06T03:30:11Z,replay_vod,public,5005,20,1,0,2026-09-06T15:08:11.807819+00:00
81ZXJXZ0tIk,UC2sAw3h-IzU3JOtvXVzTjxw,叶龙 Yelong CH.,[ LIVE FREETALK ] มาคุยเรื่องชาบูกันเถอะ #Yelongvth,2026-08-05T03:54:43Z,replay_vod,public,6184,41,4,0,2026-09-06T15:08:11.807821+00:00
Y5mZ-ntVqwg,UC2sAw3h-IzU3JOtvXVzTjxw,叶龙 Yelong CH.,[ LIVE GAMING ] VALORANT ก็ JETT ดิว้า #Yelongvth,2026-08-01T06:36:04Z,replay_vod,public,13748,68,4,0,2026-09-06T15:08:11.807822+00:00
uFiwWwfV744,UC2sAw3h-IzU3JOtvXVzTjxw,叶龙 Yelong CH.,[ LIVE GAMING ] Road to Empress I ข้านี่แหละฮ่องเต้เย่หลง Ep.2 #Yelongvth,2026-07-31T03:46:19Z,replay_vod,public,7368,31,3,0,2026-09-06T15:08:11.807824+00:00
yRpn2FnhEDQ,UC2sAw3h-IzU3JOtvXVzTjxw,叶龙 Yelong CH.,[ LIVE GAMING ] Road to Empress I ข้านี่แหละฮ่องเต้เย่หลง Ep.1 #Yelongvth,2026-07-30T04:57:26Z,replay_vod,public,8416,35,6,0,2026-09-06T15:08:11.807826+00:00
m44s4tBJEQQ,UC2sAw3h-IzU3JOtvXVzTjxw,叶龙 Yelong CH.,[ LIVE FREETALK ] อัพเดตชีวิตมังกร #Yelongvth,2026-07-29T03:46:33Z,replay_vod,public,7335,65,7,0,2026-09-06T15:08:11.807828+00:00
raWTffMYJ5Q,UC2sAw3h-IzU3JOtvXVzTjxw,叶龙 Yelong CH.,【COVER】NuNew feat. Tan Lipta - เอ๊ะ!  (Yelong & MAKU),2026-07-06T10:00:12Z,normal_video,public,197,75,7,2,2026-09-06T15:08:11.807830+00:00
iIfYR3qqxrM,UC2sAw3h-IzU3JOtvXVzTjxw,叶龙 Yelong CH.,【SHORT COVER】ALIE BLACKCOBRA - มือเปล่า (叶龙 Yelong),2026-05-11T13:33:46Z,shorts,public,49,53,8,3,2026-09-06T15:08:11.807831+00:00
ROY7rK0WLBo,UC2sAw3h-IzU3JOtvXVzTjxw,叶龙 Yelong CH.,[ LIVEGAMING ] MISIDE EP.3 มิตะอย่าทำพรี่!!! #Yelongvth,2026-05-08T02:28:23Z,replay_vod,public,4381,19,2,0,2026-09-06T15:08:11.807833+00:00
DFA3roRKZYY,UC2sAw3h-IzU3JOtvXVzTjxw,叶龙 Yelong CH.,[ LIVE GAMING ] MISIDE EP.2 พี่จะพาผมไปไหนค้าบ #Yelongvth,2026-05-06T03:40:56Z,replay_vod,public,7216,14,4,2,2026-09-06T15:08:11.807836+00:00
RxVffgN8aCk,UC2sAw3h-IzU3JOtvXVzTjxw,叶龙 Yelong CH.,[ LIVE GAMING ] PEAK มังกรป่วนพิชิตภูเขา #Yelongvth,2026-05-03T09:39:52Z,replay_vod,public,12911,20,1,0,2026-09-06T15:08:11.807837+00:00
L0svjLVv4SU,UC2sAw3h-IzU3JOtvXVzTjxw,叶龙 Yelong CH.,【COVER】ASIA7 -  เซปโตวินาที Zeptosecond (叶龙 Yelong),2026-04-19T07:30:10Z,normal_video,public,273,45,5,0,2026-09-06T15:08:11.807840+00:00
o61FiNe98DQ,UC2sAw3h-IzU3JOtvXVzTjxw,叶龙 Yelong CH.,[ LIVE GAMING ] VALORANT ไอโซ vs ไอเย่ #Yelongvth,2026-04-19T03:58:09Z,replay_vod,public,9102,55,1,0,2026-09-06T15:08:11.807842+00:00
_csGCqKpvLY,UC2sAw3h-IzU3JOtvXVzTjxw,叶龙 Yelong CH.,[ LIVE FREETALK ] จิบชาและพูดคุยกับเย่หลง #Yelongvth,2026-04-18T02:57:43Z,replay_vod,public,5971,40,3,0,2026-09-06T15:08:11.807843+00:00
wiLlNU4L6wE,UC2sAw3h-IzU3JOtvXVzTjxw,叶龙 Yelong CH.,[ LIVE GAMING ] MISIDE EP.1 ทดสอบเล่นเกมส์จีบสาว #Yelongvth,2026-04-17T03:16:49Z,replay_vod,public,7496,17,2,0,2026-09-06T15:08:11.807845+00:00
mbe4JCjh3Ws,UC2mSWpVqjjQ7G7gEIfQ7p9w,Zeraphina Hana,ปากร้องเพลง มือเล่นเกม | #Streamer #Vtuber #zeraphinahn #howtofish,2026-09-02T10:00:08Z,shorts,public,60,1354,37,3,2026-09-06T15:08:12.923954+00:00
q1urQYvfpvU,UC2mSWpVqjjQ7G7gEIfQ7p9w,Zeraphina Hana,【ครั้งแรกกับเกมแข่งรถ】Newbie Driver | NFS:Unbound,2026-09-01T07:45:14Z,normal_video,public,16759,23,3,0,2026-09-06T15:08:12.923965+00:00
o-77tTE-6e4,UC2mSWpVqjjQ7G7gEIfQ7p9w,Zeraphina Hana,ลองดูๆ | #zeraphinahn #Vtuber #streamer #valorant,2026-08-31T11:23:55Z,shorts,public,35,1161,8,1,2026-09-06T15:08:12.923968+00:00
BrB7Qmj-t_k,UC2mSWpVqjjQ7G7gEIfQ7p9w,Zeraphina Hana,เห็ดนี้ของดีย | PEAK,2026-08-31T10:20:06Z,normal_video,public,6525,41,3,0,2026-09-06T15:08:12.923970+00:00
zYnnm_-LyIU,UC2mSWpVqjjQ7G7gEIfQ7p9w,Zeraphina Hana,รอดแล้ว | @Jorrajayjija  #zeraphinahn #Vtuber #streamer,2026-08-30T08:30:23Z,shorts,public,34,1524,45,2,2026-09-06T15:08:12.923972+00:00
h8lxySDHAfM,UC2mSWpVqjjQ7G7gEIfQ7p9w,Zeraphina Hana,เต็มๆ | #Streamer #Vtuber #Zeraphinahn #Peak,2026-08-29T11:37:11Z,shorts,public,22,1306,25,1,2026-09-06T15:08:12.923974+00:00
JD0YNnCiqw0,UC2mSWpVqjjQ7G7gEIfQ7p9w,Zeraphina Hana,เหมียวฮ์ | #zeraphinahn #vtuber #streamer,2026-08-26T09:21:22Z,shorts,public,25,1594,80,1,2026-09-06T15:08:12.923976+00:00
4BErkzMtWks,UC2mSWpVqjjQ7G7gEIfQ7p9w,Zeraphina Hana,【4】กลับบ้านกัน | Resident Evil 7,2026-08-25T10:00:10Z,normal_video,public,5669,20,3,0,2026-09-06T15:08:12.923978+00:00
OrETW85cU7E,UC2mSWpVqjjQ7G7gEIfQ7p9w,Zeraphina Hana,สังคมหล่อหลอม @Jorrajayjija  | #zeraphinahn #Vtuber #streamer,2026-08-24T12:03:16Z,shorts,public,43,1360,71,1,2026-09-06T15:08:12.923980+00:00
IK0w0o0-3g4,UC2mSWpVqjjQ7G7gEIfQ7p9w,Zeraphina Hana,Vtuber vs Exercise [16shots] | #Vtuber #Dance #Streamer #challenge,2026-08-21T10:00:04Z,shorts,public,27,1343,25,1,2026-09-06T15:08:12.923982+00:00
Y_2_Kf8dRNM,UC2mSWpVqjjQ7G7gEIfQ7p9w,Zeraphina Hana,Mabataki | #vtuber #zeraphinahn #streamer #KARAOKE,2026-08-20T11:00:04Z,shorts,public,31,1248,16,0,2026-09-06T15:08:12.923984+00:00
cIzoKcs2X3k,UC2mSWpVqjjQ7G7gEIfQ7p9w,Zeraphina Hana,สำเนาถูกต้อง! | #zeraphinahn #vtuber #streamer,2026-08-19T14:34:59Z,shorts,public,49,653,35,0,2026-09-06T15:08:12.923986+00:00
y2rtBJzZWlI,UC2mSWpVqjjQ7G7gEIfQ7p9w,Zeraphina Hana,Today Im Gonna Turn Into... | #zeraphinahn #Vtuber #streamer #fyp #trend,2026-08-19T13:00:13Z,shorts,public,7,3984,135,6,2026-09-06T15:08:12.923988+00:00
zGDKdNDfrtE,UC2mSWpVqjjQ7G7gEIfQ7p9w,Zeraphina Hana,เกมนี้ ต้องปิดตาเล่น | Cling to Blindness,2026-08-17T12:00:18Z,normal_video,public,7511,16,3,0,2026-09-06T15:08:12.923990+00:00
0Bhw1u3IpQA,UC2mSWpVqjjQ7G7gEIfQ7p9w,Zeraphina Hana,แชทส่งเกมไรมา | Kritsana กฤษณะ,2026-08-16T12:00:21Z,normal_video,public,2080,15,1,0,2026-09-06T15:08:12.923992+00:00
5ZyhOZIqilA,UC2mSWpVqjjQ7G7gEIfQ7p9w,Zeraphina Hana,【RECAP】My first FAN Meet event!!!  | V:WORLD #3,2026-08-16T12:00:03Z,normal_video,public,17713,21,1,0,2026-09-06T15:08:12.923997+00:00
p0P5j9wlNI4,UC2mSWpVqjjQ7G7gEIfQ7p9w,Zeraphina Hana,【3】ไปกันต่อ | Resident Evil 7,2026-08-15T12:00:03Z,normal_video,public,12341,11,2,0,2026-09-06T15:08:12.924001+00:00
LkhrTJsn8so,UC2mSWpVqjjQ7G7gEIfQ7p9w,Zeraphina Hana,【CHAT】แชทโดเนทให้กินผัก,2026-08-15T12:00:02Z,normal_video,public,8713,28,1,2,2026-09-06T15:08:12.924004+00:00
240_T0FHHvI,UC2mSWpVqjjQ7G7gEIfQ7p9w,Zeraphina Hana,【 2】ครอบครัวนี้ดุจิง | Resident Evil 7,2026-08-14T12:00:40Z,normal_video,public,7963,4,1,0,2026-09-06T15:08:12.924007+00:00
A5dWTqgO5Ks,UC2mSWpVqjjQ7G7gEIfQ7p9w,Zeraphina Hana,【1】ยอมเล่นก็ได้ | Resident Evil 7,2026-08-13T12:00:11Z,normal_video,public,9301,10,0,0,2026-09-06T15:08:12.924010+00:00
RwyP7wt57ig,UC3D2LNEOdYQq5mu9hjoQTZQ,ROOKCAN ch〖DPX〗,อู้ ฮ่า อู้ ฮ่า #vtuberth #dance #cosplay #sparxie #วีทูปเบอร์ #vtuber #anime #jpop #idol,2026-08-20T14:51:20Z,shorts,public,16,771,35,2,2026-09-06T15:08:13.945234+00:00
Q9915XY0BrA,UC3D2LNEOdYQq5mu9hjoQTZQ,ROOKCAN ch〖DPX〗,ROOKCAN ch〖DPX〗 กำลังถ่ายทอดสด!,2026-08-19T20:32:16Z,replay_vod,public,3605,188,17,1,2026-09-06T15:08:13.945245+00:00
t0ASpxK1Rbw,UC3D2LNEOdYQq5mu9hjoQTZQ,ROOKCAN ch〖DPX〗,คิดแคปชั่นไม่ออก #vtuberth #vtuber #sparxie #cosplay #hsr #dance #วีทูปเบอร์,2026-08-19T11:54:59Z,shorts,public,12,3753,305,11,2026-09-06T15:08:13.945248+00:00
kmkPODLRpLg,UC3D2LNEOdYQq5mu9hjoQTZQ,ROOKCAN ch〖DPX〗,ROOKCAN ch〖DPX〗 is live!,2026-08-19T07:25:37Z,replay_vod,public,261,39,2,0,2026-09-06T15:08:13.945250+00:00
nYUKnLHcCrI,UC3D2LNEOdYQq5mu9hjoQTZQ,ROOKCAN ch〖DPX〗,￼ แมวงงแม่หายไปไหนอีนี่ใคร #vtuberth #cosplay #sparxie #vtuber #วีทูปเบอร์ #dance #caramelldansen,2026-08-17T14:20:47Z,shorts,public,16,1734,51,5,2026-09-06T15:08:13.945252+00:00
Fug-9ZjZzc0,UC3D2LNEOdYQq5mu9hjoQTZQ,ROOKCAN ch〖DPX〗,หาบูทไม่เจอเอารองเท้ามอมๆไปก่อนนะ #cosplay #sparxie #honkaistarrail #vtuber #vtuberth #dance,2026-08-16T10:49:53Z,shorts,public,15,5436,161,4,2026-09-06T15:08:13.945254+00:00
tAeY8ktXCpE,UC3D2LNEOdYQq5mu9hjoQTZQ,ROOKCAN ch〖DPX〗,มองตามองแมว #vtuberth #vtuber #วีทูปเบอร์ไทย #วีทูปเบอร์ #cat #dance #jiraikei,2026-08-11T05:00:12Z,shorts,public,11,2634,151,3,2026-09-06T15:08:13.945256+00:00
1iEKhLVYXH8,UC3D2LNEOdYQq5mu9hjoQTZQ,ROOKCAN ch〖DPX〗,มิวสิค มิวสิค #vtuberth #vtuber #วีทูปเบอร์ #วีทูปเบอร์ไทย #kawaiilab #dance #morestar #cat,2026-08-10T10:00:10Z,shorts,public,16,2029,43,1,2026-09-06T15:08:13.945258+00:00
9xZZ5QenOug,UC3D2LNEOdYQq5mu9hjoQTZQ,ROOKCAN ch〖DPX〗,ROOKCAN ch〖DPX〗 กำลังถ่ายทอดสด!,2026-08-08T19:08:22Z,replay_vod,public,2451,255,19,0,2026-09-06T15:08:13.945260+00:00
fzzXOYrOw3w,UC3D2LNEOdYQq5mu9hjoQTZQ,ROOKCAN ch〖DPX〗,คนอวดแมว #vtuberth #วีทูปเบอร์ #dance #jiraikei #ilife #cat,2026-08-08T12:47:30Z,shorts,public,13,898,26,4,2026-09-06T15:08:13.945262+00:00
fa79NWfQzqU,UC3D2LNEOdYQq5mu9hjoQTZQ,ROOKCAN ch〖DPX〗,{เปิดกล้องร่าง3d} หาของกิน+เติมแมว,2026-08-08T05:56:25Z,replay_vod,public,126,377,11,1,2026-09-06T15:08:13.945264+00:00
PRGEyf7yWWM,UC3D2LNEOdYQq5mu9hjoQTZQ,ROOKCAN ch〖DPX〗,เซฟเพลงนี้นานแล้วพึ่งได้เล่น #vtuberth #วีทูปเบอร์ #dance #jiraikei #vtuber #weeping,2026-08-07T04:51:26Z,shorts,public,11,1949,81,7,2026-09-06T15:08:13.945266+00:00
typQsq-ZtKA,UC3D2LNEOdYQq5mu9hjoQTZQ,ROOKCAN ch〖DPX〗,มารุยะที่เหนื่อยที่สุด,2026-07-24T19:27:26Z,replay_vod,public,7316,316,26,0,2026-09-06T15:08:13.945268+00:00
-DjhX_CgX7s,UC3D2LNEOdYQq5mu9hjoQTZQ,ROOKCAN ch〖DPX〗,ร้องเกะ,2026-07-21T22:08:56Z,replay_vod,public,5179,275,26,1,2026-09-06T15:08:13.945270+00:00
dnfNmoZmaRA,UC3D2LNEOdYQq5mu9hjoQTZQ,ROOKCAN ch〖DPX〗,มาเจอรูคแคนร่าง3d,2026-07-18T02:03:01Z,replay_vod,public,2808,167,22,4,2026-09-06T15:08:13.945271+00:00
F3QuzvPfkMc,UC3D2LNEOdYQq5mu9hjoQTZQ,ROOKCAN ch〖DPX〗,เตรียมพร้อมมารุยะกับของใหญ่ยาว,2026-07-17T13:07:41Z,replay_vod,public,281,47,10,0,2026-09-06T15:08:13.945274+00:00
VK6dvTMI5Dg,UC3D2LNEOdYQq5mu9hjoQTZQ,ROOKCAN ch〖DPX〗,มาเจอกันที่งาน Maruya บูธ i15 19ก.ค.Samyan Midtown ชั้น5 #maruya #vtuber #vtuberth #dance #aiscream,2026-07-17T12:41:52Z,shorts,public,16,581,23,2,2026-09-06T15:08:13.945276+00:00
Lycv4P_Hsi4,UC3D2LNEOdYQq5mu9hjoQTZQ,ROOKCAN ch〖DPX〗,มาเจอกันที่งาน Maruya บูธ i15 19ก.ค.Samyan Midtown ชั้น5 #maruya #vtuber #vtuberth #ใจบาง #dance,2026-07-16T12:42:59Z,shorts,public,16,2211,89,5,2026-09-06T15:08:13.945278+00:00
HCwyBocW9vM,UC3D2LNEOdYQq5mu9hjoQTZQ,ROOKCAN ch〖DPX〗,มาเจอกันที่งานมารุยะอยู่บูธตลอด Maruya บูธ i15 19ก.ค.Samyan Midtown ชั้น5 #maruya #vtuber #vtuberth,2026-07-09T13:31:13Z,shorts,public,16,1030,66,4,2026-09-06T15:08:13.945280+00:00
fiB-_K3E9E0,UC3D2LNEOdYQq5mu9hjoQTZQ,ROOKCAN ch〖DPX〗,{เปิดกล้องร่างมักเกิล} ขายของ #maruya46,2026-07-06T21:19:43Z,replay_vod,public,4999,784,30,0,2026-09-06T15:08:13.945282+00:00
A0OOd0qtQTQ,UC2eai5waelgobAHgp20DEYg,Ardalita Lilibelle Ch. Lumina-First-Myth,รับออกแบบงานวันเกิดให้คุณ,2026-09-05T19:19:37Z,replay_vod,public,18112,3736,174,3,2026-09-06T15:08:15.057060+00:00
HWhJpboIP34,UC2eai5waelgobAHgp20DEYg,Ardalita Lilibelle Ch. Lumina-First-Myth,แสงสว่างในโลกปีศาจ,2026-09-05T11:00:15Z,shorts,public,42,2557,226,1,2026-09-06T15:08:15.057073+00:00
TsrH7gyRoQo,UC2eai5waelgobAHgp20DEYg,Ardalita Lilibelle Ch. Lumina-First-Myth,"ทีม เบียว vs คนปกติ ft.@TsururuWorldEnd ,@EveshaiahMiraclover ,@LunessaFlorynne",2026-09-02T15:39:55Z,replay_vod,public,8875,6945,280,3,2026-09-06T15:08:15.057077+00:00
C32iZYAsVfE,UC2eai5waelgobAHgp20DEYg,Ardalita Lilibelle Ch. Lumina-First-Myth,【 Sins of Sinister: The Viscera-Eater】ข่อยบ่อยากเชื่อสายตา!,2026-08-30T16:57:05Z,replay_vod,public,8327,3798,168,1,2026-09-06T15:08:15.057080+00:00
x94o5MmNrjE,UC2eai5waelgobAHgp20DEYg,Ardalita Lilibelle Ch. Lumina-First-Myth,【Genshin Impact】เนื้อเรื่อง Snezhnaya บทที่2,2026-08-30T11:25:07Z,replay_vod,public,18347,3746,181,3,2026-09-06T15:08:15.057083+00:00
vUdofnnNq-k,UC2eai5waelgobAHgp20DEYg,Ardalita Lilibelle Ch. Lumina-First-Myth,เปิดแผ่นป้ายปริศนา,2026-08-29T18:26:01Z,replay_vod,public,15257,4031,179,3,2026-09-06T15:08:15.057086+00:00
yM-nGXicF-w,UC2eai5waelgobAHgp20DEYg,Ardalita Lilibelle Ch. Lumina-First-Myth,เมื่อครู่...ข้าเท่หรือไม่ ft.@KryspeiaCosmelis,2026-08-29T11:30:25Z,normal_video,public,546,13052,472,8,2026-09-06T15:08:15.057088+00:00
4VOMrPr0SZE,UC2eai5waelgobAHgp20DEYg,Ardalita Lilibelle Ch. Lumina-First-Myth,【日本事故物件監視協会3 -Japan Stigmatized Property-】จับตาดูให้ดี!,2026-08-26T15:56:57Z,replay_vod,public,9928,3957,217,6,2026-09-06T15:08:15.057091+00:00
ufztTy6abnQ,UC2eai5waelgobAHgp20DEYg,Ardalita Lilibelle Ch. Lumina-First-Myth,จงอ้อนวอนข้า ฮะฮ่า!,2026-08-23T15:54:36Z,replay_vod,public,9657,2443,224,5,2026-09-06T15:08:15.057094+00:00
6BStCfkpW7I,UC2eai5waelgobAHgp20DEYg,Ardalita Lilibelle Ch. Lumina-First-Myth,กล้ามั้ยท้าทายฉัน!,2026-08-21T17:48:06Z,replay_vod,public,11117,2021,173,6,2026-09-06T15:08:15.057097+00:00
1MkKPBu9Zkg,UC2eai5waelgobAHgp20DEYg,Ardalita Lilibelle Ch. Lumina-First-Myth,ความลับของตาข้างซ้าย,2026-08-21T11:00:30Z,shorts,public,51,6080,587,5,2026-09-06T15:08:15.057099+00:00
DgoJ4xth9Tc,UC2eai5waelgobAHgp20DEYg,Ardalita Lilibelle Ch. Lumina-First-Myth,ลุงลี่ลาโมะๆๆ,2026-08-19T11:00:00Z,shorts,public,38,5096,567,8,2026-09-06T15:08:15.057102+00:00
sAGQRC02D_k,UC2eai5waelgobAHgp20DEYg,Ardalita Lilibelle Ch. Lumina-First-Myth,พบคนเบียวในลูมิน่าเพิ่ม!!?,2026-08-17T11:00:14Z,shorts,public,47,4512,608,6,2026-09-06T15:08:15.057105+00:00
04ePJLuwzzE,UC2eai5waelgobAHgp20DEYg,Ardalita Lilibelle Ch. Lumina-First-Myth,【That's Not My Mom】ชะ..ใช่คุณแม่มั้ยคะ?,2026-08-16T18:11:48Z,replay_vod,public,12610,2393,192,2,2026-09-06T15:08:15.057108+00:00
Sylekwi50uM,UC2eai5waelgobAHgp20DEYg,Ardalita Lilibelle Ch. Lumina-First-Myth,อาจารย์ภูมิใจในศิษย์,2026-08-15T11:00:19Z,shorts,public,54,2426,274,5,2026-09-06T15:08:15.057110+00:00
4lEl3znM3Ug,UC2eai5waelgobAHgp20DEYg,Ardalita Lilibelle Ch. Lumina-First-Myth,"【Genshin Impact】มาล่าหิมะฝากคุณลูกกวาด ""เนื้อเรื่อง Snezhnaya บทที่1""",2026-08-13T18:55:46Z,replay_vod,public,18310,1923,160,4,2026-09-06T15:08:15.057115+00:00
i2hO6rND_UI,UC2eai5waelgobAHgp20DEYg,Ardalita Lilibelle Ch. Lumina-First-Myth,ศาสตราจารย์เบียวศาสตร์,2026-08-13T11:00:02Z,shorts,public,52,3639,386,3,2026-09-06T15:08:15.057118+00:00
hnYPx06Crac,UC2eai5waelgobAHgp20DEYg,Ardalita Lilibelle Ch. Lumina-First-Myth,เตรียมพร้อมเป็นหนึ่งเดียวกับความมืด!!,2026-08-11T11:00:28Z,shorts,public,31,9772,842,4,2026-09-06T15:08:15.057121+00:00
oAwaj-t1JXU,UC2eai5waelgobAHgp20DEYg,Ardalita Lilibelle Ch. Lumina-First-Myth,รวมพลคนสู้แฟนคลับ ft.@XonebuWorldEnd,2026-08-10T15:52:29Z,replay_vod,public,7946,2977,223,5,2026-09-06T15:08:15.057124+00:00
YexIFMEYays,UC2eai5waelgobAHgp20DEYg,Ardalita Lilibelle Ch. Lumina-First-Myth,ปล่อยท่าพลังปราณใส่คุณ,2026-08-08T17:20:21Z,replay_vod,public,11028,1900,177,5,2026-09-06T15:08:15.057126+00:00
t4SHH3G-5Mc,UC33VkaWtUAg84eE1BfScpZg,PanBiBi,เมื่อคุณแพ้เสียงในหัว #kuukiyomi #panbibi #vtuber #vtuberth #shorts,2026-01-23T13:05:30Z,normal_video,public,65,14396,1121,12,2026-09-06T15:08:16.393290+00:00
5DaqfPWaFos,UC33VkaWtUAg84eE1BfScpZg,PanBiBi,"【Cover】พิษรัก (Poisonous Love) - BOWKYLION Covered by PanBiBi, Moonique",2026-01-07T13:30:20Z,normal_video,public,247,829,60,4,2026-09-06T15:08:16.393302+00:00
T-pb0pgorDs,UC33VkaWtUAg84eE1BfScpZg,PanBiBi,HNYด้วยกันกับLygus #honkaistarrail #hoyocreators #panbibi #vtuber #vtuberth #shorts #lygus #hsr,2026-01-01T13:00:14Z,normal_video,public,80,18905,2038,29,2026-09-06T15:08:16.393305+00:00
9VDwSvPmTds,UC33VkaWtUAg84eE1BfScpZg,PanBiBi,ไอ้แพนช่วยใครไว้ไม่ได้เลย #fatetrigger #panbibi #vtuber #vtuberth #shorts,2025-12-25T13:02:06Z,shorts,public,38,1941,81,2,2026-09-06T15:08:16.393308+00:00
qJqGuNgS_Q0,UC33VkaWtUAg84eE1BfScpZg,PanBiBi,เกมกลคนขี้โกง #vgdd2 #cardfightvanguard #カードファイトヴァンガード #vtuber #panbibi #vtuberth #shorts,2025-12-24T13:00:21Z,normal_video,public,65,3525,199,11,2026-09-06T15:08:16.393310+00:00
T--lelLolEI,UC33VkaWtUAg84eE1BfScpZg,PanBiBi,ไอ้แพนดีใจเก้อเลย #wherewindsmeet #wwm #panbibi #vtuber #vtuberth #shorts,2025-12-18T13:00:56Z,shorts,public,50,5743,152,5,2026-09-06T15:08:16.393313+00:00
1LvToAcacTk,UC33VkaWtUAg84eE1BfScpZg,PanBiBi,แรดร้องยังไง???? #myvoicezoo #panbibi #vtuber #vtuberth,2025-12-11T13:00:07Z,shorts,public,37,31245,1733,16,2026-09-06T15:08:16.393315+00:00
qmVoPx0E1Mw,UC33VkaWtUAg84eE1BfScpZg,PanBiBi,เกิดแต่กับแพน #wherewindsmeet #wwm #panbibi #vtuber #vtuberth,2025-12-10T13:10:30Z,shorts,public,32,2576,99,4,2026-09-06T15:08:16.393317+00:00
i7Bzt2mjT4k,UC33VkaWtUAg84eE1BfScpZg,PanBiBi,"【歌ってみた】BAD SURPRISE / 天狼群【covered by PanBiBi, ureinaz, xozxls., sais】",2025-12-06T11:01:13Z,normal_video,public,234,1949,101,9,2026-09-06T15:08:16.393319+00:00
lr9ytTUrRBk,UC33VkaWtUAg84eE1BfScpZg,PanBiBi,ตีบอสเพลินไประวังจะเป็นแบบนี้ #wherewindsmeet #wwm #panbibi #vtuber #vtuberth,2025-11-22T13:06:13Z,shorts,public,59,2023,71,5,2026-09-06T15:08:16.393321+00:00
7YIvxW50jiw,UC33VkaWtUAg84eE1BfScpZg,PanBiBi,ตายจนเกมสมเพช #silenthillf  #panbibi #vtuber #vtuberth #サイレントヒルf,2025-11-19T13:00:15Z,shorts,public,31,3608,114,1,2026-09-06T15:08:16.393323+00:00
oxM18qrdYjM,UC33VkaWtUAg84eE1BfScpZg,PanBiBi,เกม40บาทเกือบทำคอมพัง! #StoneSimulator #panbibi #vtuber #vtuberth,2025-11-16T12:26:20Z,shorts,public,59,22629,957,10,2026-09-06T15:08:16.393325+00:00
quc9oJH6cp4,UC33VkaWtUAg84eE1BfScpZg,PanBiBi,ดิตโตะบุก,2025-10-27T06:58:22Z,livestream,public,0,0,0,0,2026-09-06T15:08:16.393327+00:00
40z4W9l75kM,UC33VkaWtUAg84eE1BfScpZg,PanBiBi,【歌ってみた】ハッピーラッキーチャッピー / ano【covered by PanBiBi】,2025-09-20T11:00:06Z,replay_vod,public,186,1558,104,11,2026-09-06T15:08:16.393328+00:00
hxXqF7gAj5Q,UC33VkaWtUAg84eE1BfScpZg,PanBiBi,สงครามโลกเวทมนตร์  #panbibi #vtuber #vtuberth #fatetrigger,2025-08-17T12:00:22Z,shorts,public,30,1974,62,1,2026-09-06T15:08:16.393330+00:00
YwF5-_hfWnk,UC33VkaWtUAg84eE1BfScpZg,PanBiBi,Let's Play Goo Goo Baby with me #panbibi #vtuber #vtuberth #ウマ娘 #umamusume #SuperCreek,2025-08-16T12:00:31Z,normal_video,public,93,1793,120,6,2026-09-06T15:08:16.393332+00:00
taAoEpJ-nXA,UC33VkaWtUAg84eE1BfScpZg,PanBiBi,โทไค เทโอชื่อนี้มีแต่ความน่ารัก #panbibi #vtuber #vtuberth #ウマ娘 #umamusume #tokaiteio #トウカイテイオー,2025-08-04T13:41:11Z,normal_video,public,89,2235,180,6,2026-09-06T15:08:16.393334+00:00
_FJUGqaS4io,UC33VkaWtUAg84eE1BfScpZg,PanBiBi,เมื่อไอแพนเปิดกาชาม้า #panbibi #vtuber #vtuberth #ウマ娘 #umamusume,2025-07-27T11:12:08Z,normal_video,public,75,7234,310,4,2026-09-06T15:08:16.393336+00:00
_RQ6mFeQURc,UC33VkaWtUAg84eE1BfScpZg,PanBiBi,วีทูปเบอร์โดนเตือนเรื่องเสียงดังออกไลฟ์!! | #leagueoflegends #lol #panbibi #vtuber #vtuberth,2025-07-11T13:00:10Z,shorts,public,32,2227,151,6,2026-09-06T15:08:16.393338+00:00
ZEgnCN1yJG4,UC33VkaWtUAg84eE1BfScpZg,PanBiBi,เมื่อบอกให้แชทสร้างอะไรก็ได้ในเซิร์ฟ Minecraft #panbibi #minecraft #vtuber #vtuberth,2025-07-03T12:20:45Z,shorts,public,37,2300,33,0,2026-09-06T15:08:16.393340+00:00
rpjW00wVouo,UC1miE8rA7u3-CVPpuZGUT7g,Frozy Ch.,กองโจร (ตลอดปัย),2025-02-22T13:36:46Z,livestream,public,0,0,0,0,2026-09-06T15:08:17.483878+00:00
gzbp4OG4pnk,UC1miE8rA7u3-CVPpuZGUT7g,Frozy Ch.,🎤「 Cover by Frozy 」Magnetic  ( Thai Version ),2024-10-22T12:00:07Z,replay_vod,public,162,2508,158,28,2026-09-06T15:08:17.483890+00:00
m5RfC410L3A,UC1miE8rA7u3-CVPpuZGUT7g,Frozy Ch.,【 Original Song 】วันเกิดปีนี้ดีกว่าปีไหนๆ (HBD to Me and You) - Frozy,2024-08-04T12:00:07Z,replay_vod,public,195,3838,280,37,2026-09-06T15:08:17.483894+00:00
-5nVWKCsfb8,UC1miE8rA7u3-CVPpuZGUT7g,Frozy Ch.,【 Instrumental 】น่ารักชะมัด (So Cute) - Frozy,2024-04-17T17:58:24Z,normal_video,public,207,403,29,9,2026-09-06T15:08:17.483896+00:00
ES8ymvT36ho,UC1miE8rA7u3-CVPpuZGUT7g,Frozy Ch.,#รถไฟบนฟ้า #galaxyexpress #รถไฟบนฟ้าchallenge #dgerrard #ดีเจอร์ราร์ด #shorts,2024-02-13T00:00:06Z,shorts,public,48,2638,255,15,2026-09-06T15:08:17.483899+00:00
zy_X5SoAtiw,UC1miE8rA7u3-CVPpuZGUT7g,Frozy Ch.,#น่ารักชะมัด ฟังเพลงเต็มได้ในแชแนล #frozyforry,2024-02-11T12:00:58Z,shorts,public,46,626,66,4,2026-09-06T15:08:17.483901+00:00
pDUqq5glubU,UC1miE8rA7u3-CVPpuZGUT7g,Frozy Ch.,#น่ารักชะมัด ฟังเพลงเต็มได้ในแชแนล #frozyforry,2024-02-11T05:00:22Z,shorts,public,46,496,74,4,2026-09-06T15:08:17.483902+00:00
_VJ73QMIJGM,UC1miE8rA7u3-CVPpuZGUT7g,Frozy Ch.,#น่ารักชะมัด ฟังเพลงเต็มได้ในแชแนล #frozyforry,2024-02-11T03:00:28Z,shorts,public,45,590,72,2,2026-09-06T15:08:17.483904+00:00
4kjjd8jQ8GI,UC1miE8rA7u3-CVPpuZGUT7g,Frozy Ch.,ร้องเพลงกับโฟรหน่อยยย #น่ารักชะมัด #ทำเพลงให้คนน่ารัก,2024-02-10T12:21:25Z,shorts,public,60,3806,342,19,2026-09-06T15:08:17.483907+00:00
I0kY55Xzmkc,UC1miE8rA7u3-CVPpuZGUT7g,Frozy Ch.,【 Original Song 】น่ารักชะมัด (So Cute) - Frozy,2024-02-10T12:00:07Z,replay_vod,public,207,36489,986,109,2026-09-06T15:08:17.483908+00:00
zBnhLj6BFmc,UC1miE8rA7u3-CVPpuZGUT7g,Frozy Ch.,แนะนำระบบเมมเบอร์,2024-01-06T21:33:28Z,shorts,public,44,1033,68,10,2026-09-06T15:08:17.483911+00:00
iJXlj9GEiuo,UC1miE8rA7u3-CVPpuZGUT7g,Frozy Ch.,"🎤「 Cover by Frozy 」Ditto ( Thai, Korean & English Version )",2023-12-24T13:00:08Z,replay_vod,public,208,660,60,17,2026-09-06T15:08:17.483913+00:00
ARgBLXGYABw,UC1miE8rA7u3-CVPpuZGUT7g,Frozy Ch.,คงคา (Endless Echo) - เอวารินทร์ ฝึกฝนขับร้องโดย โฟรศรี ( Mini Cover By Frozy ),2023-11-28T11:00:08Z,normal_video,public,75,1381,88,13,2026-09-06T15:08:17.483915+00:00
uJ-Er7xUWeA,UC1miE8rA7u3-CVPpuZGUT7g,Frozy Ch.,🎤 คนหรือไมโครเวฟ - Bell Warisara ( Cover By Frozy Forry ) #shorts #คนหรือไมโครเวฟ #bellwarisara,2023-10-26T12:56:50Z,shorts,public,60,758,123,5,2026-09-06T15:08:17.483916+00:00
OIb23e5Mfog,UC1miE8rA7u3-CVPpuZGUT7g,Frozy Ch.,🎤 You Are My Everything - Gummy ( Cover By Frozy ) #youaremyeverything #gummy #descendantsofthesun,2023-10-19T00:00:19Z,shorts,public,60,537,65,13,2026-09-06T15:08:17.483918+00:00
uURVAerqxiE,UC1miE8rA7u3-CVPpuZGUT7g,Frozy Ch.,🎤1001 (You’re Lovely) - SERIOUS BACON ( Cover By Frozy ) #1001youarelovely #seriousbacon,2023-10-12T14:09:17Z,shorts,public,60,353,54,10,2026-09-06T15:08:17.483920+00:00
A0mtdkQ-XZY,UC1miE8rA7u3-CVPpuZGUT7g,Frozy Ch.,🎤 ดาวหางฮัลเลย์ - fellow fellow ( Cover By Frozy ) #ดาวหางฮัลเลย์ #fellowfellow #frozysing,2023-10-05T01:00:11Z,replay_vod,public,53,1095,158,17,2026-09-06T15:08:17.483922+00:00
xms3ovkcr0Q,UC1miE8rA7u3-CVPpuZGUT7g,Frozy Ch.,「 Cover by Frozy 」Unholy - Sam Smith & Kim Petras,2023-10-01T12:00:09Z,replay_vod,public,159,1936,110,16,2026-09-06T15:08:17.483924+00:00
JUo2VnB17ts,UC1miE8rA7u3-CVPpuZGUT7g,Frozy Ch.,🎤 จังหวะตกหลุมรัก - didixdada Cover By Frozy Forry #จังหวะตกหลุมรัก #didixdada,2023-09-08T17:54:05Z,shorts,public,49,451,65,9,2026-09-06T15:08:17.483926+00:00
6rkmltou4fU,UC1miE8rA7u3-CVPpuZGUT7g,Frozy Ch.,🎤 ยินดี - sarahsalola Cover By Frozy Forry #ยินดี #sarahsalola,2023-09-08T13:55:00Z,shorts,public,60,458,69,3,2026-09-06T15:08:17.483928+00:00
8rxtwP2971g,UC31Hn_T44_qvI_yTY-BFbPw,LIN Darling Ch.,[❤Live ] MECCHA CHAMELEON | คอลแลปนี้มีคนตาไม่ดี,2026-07-12T10:28:45Z,replay_vod,public,8159,131,14,0,2026-09-06T15:08:18.732706+00:00
Fm4u8rlTXmo,UC31Hn_T44_qvI_yTY-BFbPw,LIN Darling Ch.,[❤Live ] Overwatch | สมหมวกมิสึกิมาแล้ว!,2026-07-05T17:23:45Z,replay_vod,public,10567,179,19,0,2026-09-06T15:08:18.732718+00:00
FkrU9kgb-N0,UC31Hn_T44_qvI_yTY-BFbPw,LIN Darling Ch.,[❤Live ] MECCHA CHAMELEON | มาเล่นกันเถอะ เหล่าคนเหลี่ยม,2026-06-21T17:46:09Z,replay_vod,public,11455,200,20,0,2026-09-06T15:08:18.732722+00:00
R6xWRZjPYKA,UC31Hn_T44_qvI_yTY-BFbPw,LIN Darling Ch.,[❤Live ] FreeTalk | ลาก่อน Tipme เอายังไงกันต่อ!,2026-05-31T17:15:33Z,replay_vod,public,8407,109,20,0,2026-09-06T15:08:18.732724+00:00
Lf5Cblac0_4,UC31Hn_T44_qvI_yTY-BFbPw,LIN Darling Ch.,[❤Live ] FreeTalk | มาคุยกับมาเทส Apex,2026-05-01T18:00:05Z,replay_vod,public,14963,204,24,0,2026-09-06T15:08:18.732726+00:00
v1-0gHzy6U4,UC31Hn_T44_qvI_yTY-BFbPw,LIN Darling Ch.,[❤Live ] Overwatch | มาเป็นแงว แหง่ว แงว,2026-03-22T17:12:11Z,replay_vod,public,10571,232,18,1,2026-09-06T15:08:18.732729+00:00
4-qKMk7IbM0,UC31Hn_T44_qvI_yTY-BFbPw,LIN Darling Ch.,[❤Live ] Overwatch | เลข 2 หายไปไหน,2026-02-21T18:21:20Z,replay_vod,public,17359,200,15,0,2026-09-06T15:08:18.732731+00:00
Jp1jN9a21Ns,UC31Hn_T44_qvI_yTY-BFbPw,LIN Darling Ch.,[❤Live ] Zenless Zone Zero | คนจน(เกลือ) หัวใจยิ่งใหญ่,2026-01-25T18:00:35Z,replay_vod,public,12298,184,18,2,2026-09-06T15:08:18.732733+00:00
NmhJ9NIXKV8,UC31Hn_T44_qvI_yTY-BFbPw,LIN Darling Ch.,[❤Live ] FreeTalk | เล่นไปคุยไป เอลฟ์เครียด,2025-12-14T15:43:21Z,replay_vod,public,8235,111,22,0,2026-09-06T15:08:18.732735+00:00
2ehNFvQF1DA,UC31Hn_T44_qvI_yTY-BFbPw,LIN Darling Ch.,[❤Live ] FreeTalk | มาน้อยแต่มานะ,2025-11-24T03:55:36Z,replay_vod,public,4735,105,16,2,2026-09-06T15:08:18.732737+00:00
Zp8ag-UNV8k,UC31Hn_T44_qvI_yTY-BFbPw,LIN Darling Ch.,[❤Live ] Valorant | ยิงปิ้วโดนลม,2025-10-26T15:37:28Z,replay_vod,public,10269,143,15,0,2026-09-06T15:08:18.732739+00:00
e-3gNMyNgck,UC31Hn_T44_qvI_yTY-BFbPw,LIN Darling Ch.,[❤Live ] Valorant | เกมที่เรารัก แต่ทีมที่เรารักกลับบ้านไปแล้ว,2025-10-04T17:33:54Z,replay_vod,public,11821,194,12,0,2026-09-06T15:08:18.732741+00:00
sa1MuoPIaAQ,UC31Hn_T44_qvI_yTY-BFbPw,LIN Darling Ch.,[❤Live ] FreeTalk | มาวาดแล้ว ไม่ได้บิดนะ [EP2],2025-09-13T17:22:54Z,replay_vod,public,10317,164,18,0,2026-09-06T15:08:18.732744+00:00
McRFJb7_aDw,UC31Hn_T44_qvI_yTY-BFbPw,LIN Darling Ch.,[❤Live ] FreeTalk | โปรไฟล์ใหม่ให้คนกาจอก [EP1],2025-08-09T16:55:29Z,replay_vod,public,13267,155,20,0,2026-09-06T15:08:18.732747+00:00
ZptfnredaC8,UC31Hn_T44_qvI_yTY-BFbPw,LIN Darling Ch.,[❤Live ] FreeTalk | Anniversary 4 Years ไม่นะ 4 ปีแล้วหรอ!,2025-07-30T18:56:36Z,replay_vod,public,13541,199,35,0,2026-09-06T15:08:18.732750+00:00
jQXXkGe-cK4,UC31Hn_T44_qvI_yTY-BFbPw,LIN Darling Ch.,[❤Live ] FreeTalk | แอบมาเป็นนักวาด,2025-07-29T07:44:14Z,replay_vod,public,5782,99,19,2,2026-09-06T15:08:18.732753+00:00
kTS9qdGKqN0,UC31Hn_T44_qvI_yTY-BFbPw,LIN Darling Ch.,[❤Live ] FreeTalk | หม่ำข้าวด้วยกันมั้ย หรือจะกินหมัดแทน,2025-07-12T03:56:09Z,replay_vod,public,6455,99,13,0,2026-09-06T15:08:18.732755+00:00
H9Iyr2CIf9g,UC31Hn_T44_qvI_yTY-BFbPw,LIN Darling Ch.,[❤Live ] Marvel Rivals | เตรียมพร้อม ลุยกันเลย,2025-06-29T15:38:58Z,replay_vod,public,8719,102,11,0,2026-09-06T15:08:18.732757+00:00
jVAA6ay7T2c,UC31Hn_T44_qvI_yTY-BFbPw,LIN Darling Ch.,[❤Live ] Marvel Rivals | เกมที่เรารักเกมใหม่,2025-06-16T15:12:37Z,replay_vod,public,10739,127,18,0,2026-09-06T15:08:18.732759+00:00
_fO9AH31uwg,UC31Hn_T44_qvI_yTY-BFbPw,LIN Darling Ch.,[❤Live ] FreeTalk | Comeback หลังจากหนีตุยแผ่นดินไหว!,2025-06-07T15:50:33Z,replay_vod,public,9599,146,26,0,2026-09-06T15:08:18.732763+00:00
C_JzVVh0tc8,UC2mkbeIUVeIZeV7E2_dNCSg,Cersei Lezlie,( project zomboid 42) ซีรีส์หลบหนีออกจากหลุยวิลกับแก๊ง?,2026-08-28T02:49:06Z,replay_vod,public,6159,144,6,0,2026-09-06T15:08:19.708833+00:00
TY_PF0ptetM,UC2mkbeIUVeIZeV7E2_dNCSg,Cersei Lezlie,[ The Room 4 ]  EP.2  เกมกวนติง,2026-03-04T15:31:39Z,replay_vod,public,9714,118,9,0,2026-09-06T15:08:19.708847+00:00
Yk42X4YHTps,UC2mkbeIUVeIZeV7E2_dNCSg,Cersei Lezlie,[ The Room 4 ] แวะมาเล่น,2026-02-27T15:05:59Z,replay_vod,public,7386,98,10,0,2026-09-06T15:08:19.708850+00:00
frXMAJWwR_0,UC2mkbeIUVeIZeV7E2_dNCSg,Cersei Lezlie,[ Happy Birthday ] 20 อีกครั้ง,2025-09-28T02:17:43Z,replay_vod,public,5522,239,26,1,2026-09-06T15:08:19.708853+00:00
NUIhggt-KMs,UC2mkbeIUVeIZeV7E2_dNCSg,Cersei Lezlie,มาเป็นแม่ค้า ep.4 วันหวยออก,2025-08-01T21:37:51Z,replay_vod,public,4076,282,17,0,2026-09-06T15:08:19.708856+00:00
iHmPCIaO-pA,UC2mkbeIUVeIZeV7E2_dNCSg,Cersei Lezlie,มาเป็นแม่ค้า ep.3 ไหนรำวงย้อนยุค?,2025-07-19T00:43:58Z,replay_vod,public,3414,360,17,0,2026-09-06T15:08:19.708858+00:00
fN7XUWmR-Ec,UC2mkbeIUVeIZeV7E2_dNCSg,Cersei Lezlie,[ Hand Cam ] ต่อบ้านให้เป็นหลัง,2025-07-12T15:04:13Z,replay_vod,public,8322,153,13,0,2026-09-06T15:08:19.708861+00:00
7c_dVedqXWY,UC2mkbeIUVeIZeV7E2_dNCSg,Cersei Lezlie,มาเป็นแม่ค้า ep.2 ฝนตกอะ,2025-07-12T00:16:55Z,replay_vod,public,4257,311,20,0,2026-09-06T15:08:19.708864+00:00
sHB77ZhiG6Y,UC2mkbeIUVeIZeV7E2_dNCSg,Cersei Lezlie,ASMR ทุ่งนาชิลๆ (ไม่พูด),2025-07-08T03:08:11Z,replay_vod,public,4158,165,9,0,2026-09-06T15:08:19.708867+00:00
Xk2qgF4W5yQ,UC2mkbeIUVeIZeV7E2_dNCSg,Cersei Lezlie,หลังฝนตก,2025-07-07T00:16:08Z,replay_vod,public,4492,208,13,0,2026-09-06T15:08:19.708869+00:00
Tct5s9bwoVY,UC2mkbeIUVeIZeV7E2_dNCSg,Cersei Lezlie,เสียงเวอร์ชั่น 0.2 ของคนป่วย #cerseilive #vtuber,2025-07-06T03:00:37Z,shorts,public,24,444,19,1,2026-09-06T15:08:19.708872+00:00
QTwD2-x70_k,UC2mkbeIUVeIZeV7E2_dNCSg,Cersei Lezlie,ขายของตลาดนัด ep.1,2025-07-04T01:05:03Z,replay_vod,public,2942,213,13,0,2026-09-06T15:08:19.708875+00:00
WCpOIJFa7F4,UC2mkbeIUVeIZeV7E2_dNCSg,Cersei Lezlie,กรรมติดจรวด!! #cerseilive #vtuber #vtuberclips,2025-07-02T11:33:35Z,shorts,public,33,695,16,0,2026-09-06T15:08:19.708877+00:00
Wl-U2qwiC4A,UC2mkbeIUVeIZeV7E2_dNCSg,Cersei Lezlie,[ Free Talk ]   มาแปปๆ อัพเดทคอ,2025-06-29T01:47:18Z,replay_vod,public,4626,108,8,0,2026-09-06T15:08:19.708880+00:00
wzqpJPM-aTI,UC2mkbeIUVeIZeV7E2_dNCSg,Cersei Lezlie,[ แผงลอย ]  อัพเดทเสียงแพทใหม่? มาแปปๆ,2025-06-22T02:11:07Z,replay_vod,public,2330,82,16,3,2026-09-06T15:08:19.708882+00:00
DVcS4ieevGU,UC2mkbeIUVeIZeV7E2_dNCSg,Cersei Lezlie,เอล์ฟสายแง้น แง้นนน #วีทูปเบอร์ไทย #cerseilive #vtuber,2025-06-17T06:21:45Z,shorts,public,28,2156,39,0,2026-09-06T15:08:19.708889+00:00
TYXHGMduKrI,UC2mkbeIUVeIZeV7E2_dNCSg,Cersei Lezlie,[ roleplay ]  เปิดร้านโรลเพลย์ตามสั่ง,2025-06-12T03:44:16Z,replay_vod,public,6846,153,13,0,2026-09-06T15:08:19.708892+00:00
ptBI-Ze6Sz4,UC2mkbeIUVeIZeV7E2_dNCSg,Cersei Lezlie,[ FREE TALK ]  ตั้งสติก่อนฟัง,2025-06-11T04:00:07Z,replay_vod,public,7146,127,12,0,2026-09-06T15:08:19.708894+00:00
5NTnxU7VLmQ,UC2mkbeIUVeIZeV7E2_dNCSg,Cersei Lezlie,[ TALK ]  ไปงาน Multi Cospaly เป็นไงบ้าง,2025-06-04T04:09:53Z,replay_vod,public,6919,100,5,0,2026-09-06T15:08:19.708897+00:00
Q3iR5Ag3BLk,UC2mkbeIUVeIZeV7E2_dNCSg,Cersei Lezlie,ดูคนเดินไปมา งาน Multi Cosplay,2025-06-01T18:35:41Z,replay_vod,public,2392,214,15,2,2026-09-06T15:08:19.708900+00:00
