channel_id,year,video_count
UC-1J1TwDCLKe2p4HVchqGiw,2023,51
UC-1J1TwDCLKe2p4HVchqGiw,2024,216
UC-1J1TwDCLKe2p4HVchqGiw,2025,240
UC-1J1TwDCLKe2p4HVchqGiw,2026,193
UC-4w5VWWZRCK_wg9EJ-lr1w,2023,1
UC-7KSYyqZ5FthXGj4R1nVbw,2020,17
UC-7KSYyqZ5FthXGj4R1nVbw,2021,49
UC-7KSYyqZ5FthXGj4R1nVbw,2022,10
UC-7KSYyqZ5FthXGj4R1nVbw,2024,1
UC-7KSYyqZ5FthXGj4R1nVbw,2026,9
UC-8ovOIio6IUT-2DFsZvnMw,2022,120
UC-8ovOIio6IUT-2DFsZvnMw,2023,116
UC-8ovOIio6IUT-2DFsZvnMw,2024,1
UC-FO1d6VYrHvbPjzr4Fuwgg,2022,1
UC-FSZsfcwy_e-gRtYr8ns5A,2025,3
UC-FSZsfcwy_e-gRtYr8ns5A,2026,27
UC-KEm4E7Yp_t0Gzix4SwkwA,2026,152
UC-KdQvTPC9k3pLjy4Y1PBkg,2022,106
UC-KdQvTPC9k3pLjy4Y1PBkg,2023,107
UC-KdQvTPC9k3pLjy4Y1PBkg,2024,139
UC-KdQvTPC9k3pLjy4Y1PBkg,2025,63
UC-KdQvTPC9k3pLjy4Y1PBkg,2026,43
UC-Xb3VhAajR8bir4XpgtZNA,2026,52
UC-ZDJww4irljOotrkMG0FeA,2020,1
UC-ZDJww4irljOotrkMG0FeA,2022,2
UC-ZDJww4irljOotrkMG0FeA,2024,19
UC-ZDJww4irljOotrkMG0FeA,2025,20
UC-ZDJww4irljOotrkMG0FeA,2026,14
UC-e-7z5tyBNm8M0XxySq0lg,2025,24
UC-e-7z5tyBNm8M0XxySq0lg,2026,18
UC-hRgpBR4P_7FAf_73rEfAA,2022,4
UC-hRgpBR4P_7FAf_73rEfAA,2023,81
UC-hRgpBR4P_7FAf_73rEfAA,2024,39
UC-hRgpBR4P_7FAf_73rEfAA,2025,3
UC-qpvnKJF0bd-r10dtgkXyg,2024,25
UC-qpvnKJF0bd-r10dtgkXyg,2025,87
UC-qpvnKJF0bd-r10dtgkXyg,2026,138
UC-rl31Wigrn8iexKkpNl7jg,2021,9
UC-rl31Wigrn8iexKkpNl7jg,2022,2
UC-rl31Wigrn8iexKkpNl7jg,2023,97
UC-rl31Wigrn8iexKkpNl7jg,2024,111
UC-rl31Wigrn8iexKkpNl7jg,2025,123
UC-rl31Wigrn8iexKkpNl7jg,2026,83
UC-uDG_nIZg8zySZPAJ1Ex2Q,2025,207
UC-uDG_nIZg8zySZPAJ1Ex2Q,2026,96
UC-z7X8ICz1T-5gAJLgvYWCQ,2020,19
UC-z7X8ICz1T-5gAJLgvYWCQ,2021,18
UC-z7X8ICz1T-5gAJLgvYWCQ,2022,8
UC-z7X8ICz1T-5gAJLgvYWCQ,2023,30
UC05R2CcQn2TqvrgZRp-RF6w,2024,214
UC05R2CcQn2TqvrgZRp-RF6w,2025,117
UC05R2CcQn2TqvrgZRp-RF6w,2026,7
UC06ZTttwwgmmMdc6ZMkOOgg,2021,45
UC06ZTttwwgmmMdc6ZMkOOgg,2022,50
UC06ZTttwwgmmMdc6ZMkOOgg,2023,7
UC06ZTttwwgmmMdc6ZMkOOgg,2024,4
UC06xwFlEkBFdtxqV0WpVcqg,2025,83
UC06xwFlEkBFdtxqV0WpVcqg,2026,69
UC0C2fagfuiXuEgVCHEkJi4Q,2022,8
UC0C2fagfuiXuEgVCHEkJi4Q,2023,25
UC0C2fagfuiXuEgVCHEkJi4Q,2024,11
UC0C6NAfPq2HMMqxO4hXyG-g,2024,57
UC0C6NAfPq2HMMqxO4hXyG-g,2025,109
UC0C6NAfPq2HMMqxO4hXyG-g,2026,43
UC0C_CplF_fwd1hEZuIE6VIw,2020,16
UC0C_CplF_fwd1hEZuIE6VIw,2021,100
UC0C_CplF_fwd1hEZuIE6VIw,2022,105
UC0C_CplF_fwd1hEZuIE6VIw,2023,62
UC0C_CplF_fwd1hEZuIE6VIw,2024,8
UC0CvHQnIDi7-Pk5nyc09EYw,2022,20
UC0CvHQnIDi7-Pk5nyc09EYw,2023,202
UC0CvHQnIDi7-Pk5nyc09EYw,2024,98
UC0CvHQnIDi7-Pk5nyc09EYw,2025,1
UC0D7SuIVLYoD1hU3dxNxdMg,2023,65
UC0D7SuIVLYoD1hU3dxNxdMg,2024,205
UC0D7SuIVLYoD1hU3dxNxdMg,2025,203
UC0D7SuIVLYoD1hU3dxNxdMg,2026,80
UC0FTyntIoEvvpfQOe75zJXA,2023,86
UC0FTyntIoEvvpfQOe75zJXA,2024,126
UC0FTyntIoEvvpfQOe75zJXA,2025,172
UC0FTyntIoEvvpfQOe75zJXA,2026,71
UC0HGT-zZVzNq5JGOJOGYfJA,2024,6
UC0HGT-zZVzNq5JGOJOGYfJA,2025,102
UC0HGT-zZVzNq5JGOJOGYfJA,2026,83
UC0J6pp9DfQIKE0ZP7nHq7oA,2026,5
UC0Ky1U__7T2Z5SOZCvNlJ-Q,2020,17
UC0Ky1U__7T2Z5SOZCvNlJ-Q,2021,8
UC0Ky1U__7T2Z5SOZCvNlJ-Q,2022,7
UC0Ky1U__7T2Z5SOZCvNlJ-Q,2023,3
UC0Ky1U__7T2Z5SOZCvNlJ-Q,2024,13
UC0Ky1U__7T2Z5SOZCvNlJ-Q,2025,6
UC0OQFhAPY9bgfKqi6u8MI7Q,2024,32
UC0OQFhAPY9bgfKqi6u8MI7Q,2025,58
UC0OQFhAPY9bgfKqi6u8MI7Q,2026,10
UC0WohB8vCmGDUn1q67z8kTA,2024,18
UC0WohB8vCmGDUn1q67z8kTA,2025,4
UC0WohB8vCmGDUn1q67z8kTA,2026,89
UC0XEfbSBJTqH5sH79R7ZXKw,2024,105
UC0XEfbSBJTqH5sH79R7ZXKw,2025,95
UC0XEfbSBJTqH5sH79R7ZXKw,2026,31
UC0XMhMMHSxNWG2wz38VRpiA,2025,1
UC0Zn4uhb90EBb5e3NlvuS1g,2025,27
UC0Zn4uhb90EBb5e3NlvuS1g,2026,177
UC0ZulKukNQiTsA2r7dEL0OA,2022,2
UC0ZulKukNQiTsA2r7dEL0OA,2023,45
UC0ZulKukNQiTsA2r7dEL0OA,2024,157
UC0ZulKukNQiTsA2r7dEL0OA,2025,268
UC0ZulKukNQiTsA2r7dEL0OA,2026,129
UC0_VlKMxJuvQm5lZnG5AT4g,2022,73
UC0_VlKMxJuvQm5lZnG5AT4g,2023,54
UC0_VlKMxJuvQm5lZnG5AT4g,2024,49
UC0_VlKMxJuvQm5lZnG5AT4g,2025,40
UC0_VlKMxJuvQm5lZnG5AT4g,2026,7
UC0bsrd1M3gCF6XqT_pBobjg,2022,35
UC0bsrd1M3gCF6XqT_pBobjg,2023,155
UC0bsrd1M3gCF6XqT_pBobjg,2024,181
UC0bsrd1M3gCF6XqT_pBobjg,2025,155
UC0bsrd1M3gCF6XqT_pBobjg,2026,174
UC0cpWaYfZHppuIXGN6on59Q,2021,9
UC0cpWaYfZHppuIXGN6on59Q,2022,21
UC0cpWaYfZHppuIXGN6on59Q,2023,19
UC0cpWaYfZHppuIXGN6on59Q,2024,54
UC0cpWaYfZHppuIXGN6on59Q,2025,24
UC0cpWaYfZHppuIXGN6on59Q,2026,3
UC0j83REEO0vmUB6UOJpC5EA,2023,11
UC0j83REEO0vmUB6UOJpC5EA,2024,34
UC0j83REEO0vmUB6UOJpC5EA,2025,105
UC0j83REEO0vmUB6UOJpC5EA,2026,47
UC0nW1honcPC62DD5Qkv3NAw,2025,101
UC0nW1honcPC62DD5Qkv3NAw,2026,221
UC0sN779hXum_LluFaWfJjcw,2025,1
UC0sN779hXum_LluFaWfJjcw,2026,151
UC16UwMg_siDFehWYFcjZhDQ,2024,1
UC16UwMg_siDFehWYFcjZhDQ,2025,119
UC16UwMg_siDFehWYFcjZhDQ,2026,93
UC1893R8hjcc2zIu1KPT4MGw,2024,190
UC1893R8hjcc2zIu1KPT4MGw,2025,155
UC1893R8hjcc2zIu1KPT4MGw,2026,62
UC19G1A17yxePMyLJqcNBN7Q,2020,1
UC19G1A17yxePMyLJqcNBN7Q,2021,30
UC19G1A17yxePMyLJqcNBN7Q,2022,10
UC19G1A17yxePMyLJqcNBN7Q,2023,1
UC1FwYKHZnh2Qrj4GVbes9zQ,2024,211
UC1FwYKHZnh2Qrj4GVbes9zQ,2025,267
UC1FwYKHZnh2Qrj4GVbes9zQ,2026,222
UC1Ow3RRt6TlD5__a3t-UYLQ,2022,38
UC1Ow3RRt6TlD5__a3t-UYLQ,2023,9
UC1Ow3RRt6TlD5__a3t-UYLQ,2024,40
UC1Ow3RRt6TlD5__a3t-UYLQ,2025,36
UC1Ow3RRt6TlD5__a3t-UYLQ,2026,20
UC1W2400L97Bwe2leu7eXEzA,2022,230
UC1W2400L97Bwe2leu7eXEzA,2023,155
UC1W2400L97Bwe2leu7eXEzA,2024,136
UC1W2400L97Bwe2leu7eXEzA,2025,86
UC1W2400L97Bwe2leu7eXEzA,2026,93
UC1_PguMZvyU9DhFVuwuUgTw,2023,23
UC1_PguMZvyU9DhFVuwuUgTw,2024,29
UC1_PguMZvyU9DhFVuwuUgTw,2025,35
UC1_PguMZvyU9DhFVuwuUgTw,2026,39
UC1ibZkqGoK8pSctzOwXUcWA,2023,23
UC1ibZkqGoK8pSctzOwXUcWA,2024,238
UC1ibZkqGoK8pSctzOwXUcWA,2025,244
UC1ibZkqGoK8pSctzOwXUcWA,2026,195
UC1jZ0KuzFRgWD_s9E-KLcFQ,2025,27
UC1jZ0KuzFRgWD_s9E-KLcFQ,2026,105
UC1miE8rA7u3-CVPpuZGUT7g,2022,5
UC1miE8rA7u3-CVPpuZGUT7g,2023,23
UC1miE8rA7u3-CVPpuZGUT7g,2024,10
UC1miE8rA7u3-CVPpuZGUT7g,2025,1
UC1o-4IZwxHOxGyUKN6xpNZA,2023,1
UC1o-4IZwxHOxGyUKN6xpNZA,2025,21
UC1o-4IZwxHOxGyUKN6xpNZA,2026,56
UC1pSe5kxpCK1BwA_bZQ97-g,2021,63
UC1pSe5kxpCK1BwA_bZQ97-g,2022,31
UC1pSe5kxpCK1BwA_bZQ97-g,2023,6
UC1pSe5kxpCK1BwA_bZQ97-g,2024,15
UC1pYd8HCTuc8Kdh_8m_znpA,2023,6
UC1pYd8HCTuc8Kdh_8m_znpA,2024,160
UC1pYd8HCTuc8Kdh_8m_znpA,2025,130
UC1pYd8HCTuc8Kdh_8m_znpA,2026,57
UC1s5T_9sfGrRxHJhjEceVSg,2022,9
UC1s5T_9sfGrRxHJhjEceVSg,2023,77
UC1s5T_9sfGrRxHJhjEceVSg,2024,2
UC1xmO5jVjOCeo02XCpq4WFA,2020,9
UC1xmO5jVjOCeo02XCpq4WFA,2021,14
UC1xmO5jVjOCeo02XCpq4WFA,2022,15
UC1xmO5jVjOCeo02XCpq4WFA,2023,27
UC1xmO5jVjOCeo02XCpq4WFA,2024,17
UC1xmO5jVjOCeo02XCpq4WFA,2025,29
UC1xmO5jVjOCeo02XCpq4WFA,2026,2
UC1ypugJJiDakFeDlxQO2Tew,2022,145
UC1ypugJJiDakFeDlxQO2Tew,2023,187
UC1ypugJJiDakFeDlxQO2Tew,2024,37
UC1ypugJJiDakFeDlxQO2Tew,2025,39
UC1ypugJJiDakFeDlxQO2Tew,2026,111
UC2109-BUhq7iEs9k9PlCzsw,2020,15
UC2109-BUhq7iEs9k9PlCzsw,2021,142
UC2109-BUhq7iEs9k9PlCzsw,2022,94
UC2109-BUhq7iEs9k9PlCzsw,2023,81
UC2109-BUhq7iEs9k9PlCzsw,2024,59
UC2109-BUhq7iEs9k9PlCzsw,2025,59
UC2109-BUhq7iEs9k9PlCzsw,2026,38
UC238YXwPe4b4T57pFWioIfA,2021,1
UC238YXwPe4b4T57pFWioIfA,2022,137
UC238YXwPe4b4T57pFWioIfA,2023,93
UC238YXwPe4b4T57pFWioIfA,2024,101
UC238YXwPe4b4T57pFWioIfA,2025,115
UC25e5qEqvVaG_VKrkTmJBmw,2024,131
UC25e5qEqvVaG_VKrkTmJBmw,2025,369
UC25e5qEqvVaG_VKrkTmJBmw,2026,200
UC2AmIPun8jDuz1ksnxQTtcw,2025,218
UC2AmIPun8jDuz1ksnxQTtcw,2026,208
UC2IZur8-GAsn7gHQNTNOOgQ,2024,10
UC2IZur8-GAsn7gHQNTNOOgQ,2025,44
UC2IZur8-GAsn7gHQNTNOOgQ,2026,8
UC2eai5waelgobAHgp20DEYg,2024,254
UC2eai5waelgobAHgp20DEYg,2025,285
UC2eai5waelgobAHgp20DEYg,2026,161
UC2erQwP2foSQARjw5zUbrnQ,2024,41
UC2erQwP2foSQARjw5zUbrnQ,2025,157
UC2erQwP2foSQARjw5zUbrnQ,2026,91
UC2iD3jxz5srvHoV7gXtBYvQ,2021,226
UC2iD3jxz5srvHoV7gXtBYvQ,2022,98
UC2iD3jxz5srvHoV7gXtBYvQ,2023,9
UC2iD3jxz5srvHoV7gXtBYvQ,2024,2
UC2iD3jxz5srvHoV7gXtBYvQ,2025,3
UC2kjsGpKTwnFKZLLTUkK4Gw,2025,38
UC2kjsGpKTwnFKZLLTUkK4Gw,2026,40
UC2mSWpVqjjQ7G7gEIfQ7p9w,2024,84
UC2mSWpVqjjQ7G7gEIfQ7p9w,2025,121
UC2mSWpVqjjQ7G7gEIfQ7p9w,2026,137
UC2mkbeIUVeIZeV7E2_dNCSg,2024,67
UC2mkbeIUVeIZeV7E2_dNCSg,2025,114
UC2mkbeIUVeIZeV7E2_dNCSg,2026,3
UC2q-fPPrsyKOjRpmm--vzPQ,2024,1
UC2q-fPPrsyKOjRpmm--vzPQ,2026,42
UC2sAw3h-IzU3JOtvXVzTjxw,2024,31
UC2sAw3h-IzU3JOtvXVzTjxw,2025,84
UC2sAw3h-IzU3JOtvXVzTjxw,2026,45
UC2uv9lpMiz72v_qPVFDSZmA,2025,25
UC2uv9lpMiz72v_qPVFDSZmA,2026,51
UC2z7pz25bgnqLHdTd7EvVoQ,2025,133
UC2z7pz25bgnqLHdTd7EvVoQ,2026,96
UC31Hn_T44_qvI_yTY-BFbPw,2021,117
UC31Hn_T44_qvI_yTY-BFbPw,2022,223
UC31Hn_T44_qvI_yTY-BFbPw,2023,204
UC31Hn_T44_qvI_yTY-BFbPw,2024,59
UC31Hn_T44_qvI_yTY-BFbPw,2025,17
UC31Hn_T44_qvI_yTY-BFbPw,2026,8
UC31u9DPv_zbrasL8FTH7K5g,2020,1
UC31u9DPv_zbrasL8FTH7K5g,2021,69
UC31u9DPv_zbrasL8FTH7K5g,2022,131
UC31u9DPv_zbrasL8FTH7K5g,2023,146
UC31u9DPv_zbrasL8FTH7K5g,2024,108
UC31u9DPv_zbrasL8FTH7K5g,2025,83
UC31u9DPv_zbrasL8FTH7K5g,2026,32
UC32lsx7u7vqy63SguuuzmVg,2024,49
UC32lsx7u7vqy63SguuuzmVg,2025,79
UC33VkaWtUAg84eE1BfScpZg,2020,1
UC33VkaWtUAg84eE1BfScpZg,2021,3
UC33VkaWtUAg84eE1BfScpZg,2022,1
UC33VkaWtUAg84eE1BfScpZg,2023,1
UC33VkaWtUAg84eE1BfScpZg,2024,14
UC33VkaWtUAg84eE1BfScpZg,2025,31
UC33VkaWtUAg84eE1BfScpZg,2026,3
UC35EDRwjO07DpevXGxo3Y0g,2022,117
UC35EDRwjO07DpevXGxo3Y0g,2023,104
UC35EDRwjO07DpevXGxo3Y0g,2024,57
UC35EDRwjO07DpevXGxo3Y0g,2025,20
UC35EDRwjO07DpevXGxo3Y0g,2026,22
UC3D2LNEOdYQq5mu9hjoQTZQ,2021,1
UC3D2LNEOdYQq5mu9hjoQTZQ,2022,13
UC3D2LNEOdYQq5mu9hjoQTZQ,2023,64
UC3D2LNEOdYQq5mu9hjoQTZQ,2024,74
UC3D2LNEOdYQq5mu9hjoQTZQ,2025,111
UC3D2LNEOdYQq5mu9hjoQTZQ,2026,199
UC3DORp_0MHcP00w2JxQ88_Q,2022,4
UC3DORp_0MHcP00w2JxQ88_Q,2023,116
UC3DORp_0MHcP00w2JxQ88_Q,2024,124
UC3DORp_0MHcP00w2JxQ88_Q,2025,101
UC3DORp_0MHcP00w2JxQ88_Q,2026,44
UC3H7_4Gz8PhHeMz0hHwuFTw,2024,13
UC3H7_4Gz8PhHeMz0hHwuFTw,2025,24
UC3HM8L5j53x0WsliGNTXhbQ,2017,2
UC3HM8L5j53x0WsliGNTXhbQ,2020,70
UC3HM8L5j53x0WsliGNTXhbQ,2021,173
UC3HM8L5j53x0WsliGNTXhbQ,2022,118
UC3HM8L5j53x0WsliGNTXhbQ,2023,83
UC3HM8L5j53x0WsliGNTXhbQ,2024,42
UC3HM8L5j53x0WsliGNTXhbQ,2025,5
UC3JqFoY66A90sdqe46mvbTA,2023,64
UC3JqFoY66A90sdqe46mvbTA,2024,151
UC3JqFoY66A90sdqe46mvbTA,2025,353
UC3JqFoY66A90sdqe46mvbTA,2026,132
UC3K3Crh966nzLx41obfJhaA,2024,189
UC3K3Crh966nzLx41obfJhaA,2025,407
UC3K3Crh966nzLx41obfJhaA,2026,104
UC3O5wAgEVyNA1Jw3gyi-_jA,2022,8
UC3O5wAgEVyNA1Jw3gyi-_jA,2023,160
UC3O5wAgEVyNA1Jw3gyi-_jA,2024,125
UC3O5wAgEVyNA1Jw3gyi-_jA,2025,72
UC3O5wAgEVyNA1Jw3gyi-_jA,2026,42
UC3OnR-Tqd8dHmY-XNHO4iZw,2022,1
UC3OnR-Tqd8dHmY-XNHO4iZw,2023,6
UC3OnR-Tqd8dHmY-XNHO4iZw,2024,13
UC3OnR-Tqd8dHmY-XNHO4iZw,2025,5
UC3OnR-Tqd8dHmY-XNHO4iZw,2026,5
UC3PeUyEXBffDBFpOiuk0odQ,2020,1
UC3PeUyEXBffDBFpOiuk0odQ,2023,6
UC3PeUyEXBffDBFpOiuk0odQ,2024,97
UC3PeUyEXBffDBFpOiuk0odQ,2025,188
UC3PeUyEXBffDBFpOiuk0odQ,2026,171
UC3QIcnp1II_iCt-_JG8btKQ,2025,106
UC3QIcnp1II_iCt-_JG8btKQ,2026,86
UC3QTic1iBGQN_LzWo7JfDKQ,2025,74
UC3QTic1iBGQN_LzWo7JfDKQ,2026,188
UC3TQ2myWZR8pZiUZ6Cs0-Sw,2024,1
UC3ZglUA0HEUCuGbe5b8zXKw,2020,1
UC3ZglUA0HEUCuGbe5b8zXKw,2021,17
UC3ZglUA0HEUCuGbe5b8zXKw,2022,12
UC3aHMGHRuQAonBUpE2a94bA,2025,177
UC3aHMGHRuQAonBUpE2a94bA,2026,179
UC3cucsq4iSW-mU8-E18ESCQ,2022,1
UC3cucsq4iSW-mU8-E18ESCQ,2023,16
UC3cucsq4iSW-mU8-E18ESCQ,2024,12
UC3cucsq4iSW-mU8-E18ESCQ,2026,2
UC3ea-AGQlCDx_XOMO58C0Jg,2025,44
UC3ea-AGQlCDx_XOMO58C0Jg,2026,44
UC3gREX7tB8vEhPFgAOGr9xg,2024,213
UC3gREX7tB8vEhPFgAOGr9xg,2025,293
UC3gREX7tB8vEhPFgAOGr9xg,2026,194
UC3it6w4G8eUA98J2w60gBDQ,2022,144
UC3it6w4G8eUA98J2w60gBDQ,2023,100
UC3it6w4G8eUA98J2w60gBDQ,2024,13
UC3it6w4G8eUA98J2w60gBDQ,2026,22
UC3lFI2WTG-d0KrTRwAbjAlw,2024,5
UC3lFI2WTG-d0KrTRwAbjAlw,2025,12
UC3lFI2WTG-d0KrTRwAbjAlw,2026,1
UC3qWSgyoIB-pyGhjTBUwQww,2023,133
UC3qWSgyoIB-pyGhjTBUwQww,2024,176
UC3qWSgyoIB-pyGhjTBUwQww,2025,63
UC3qWSgyoIB-pyGhjTBUwQww,2026,12
UC3qnb4Sgo4QtiOi8iS7jOsQ,2024,172
UC3qnb4Sgo4QtiOi8iS7jOsQ,2025,334
UC3qnb4Sgo4QtiOi8iS7jOsQ,2026,167
UC3rL0_fwhvTx0zpFj4pn5Dw,2024,143
UC3rL0_fwhvTx0zpFj4pn5Dw,2025,70
UC3rL0_fwhvTx0zpFj4pn5Dw,2026,21
UC3sqLdjV0uxXfAzLE-fJeXw,2023,83
UC3sqLdjV0uxXfAzLE-fJeXw,2024,55
UC3sqLdjV0uxXfAzLE-fJeXw,2025,3
UC4194MxDKFwBEFtaFbwwM7g,2022,1
UC4194MxDKFwBEFtaFbwwM7g,2023,1
UC4194MxDKFwBEFtaFbwwM7g,2025,92
UC4194MxDKFwBEFtaFbwwM7g,2026,39
UC42syJbZL4oBacK-QFTie6w,2022,10
UC42syJbZL4oBacK-QFTie6w,2023,27
UC42syJbZL4oBacK-QFTie6w,2024,45
UC42syJbZL4oBacK-QFTie6w,2025,186
UC42syJbZL4oBacK-QFTie6w,2026,218
UC48D7EILUGrBeffDrXXJAIQ,2024,74
UC48D7EILUGrBeffDrXXJAIQ,2025,26
UC4CQvHd-rReEpxE43dluLYQ,2025,39
UC4CQvHd-rReEpxE43dluLYQ,2026,20
UC4Ceq8atGdQu58Dn3YKF1Ig,2021,21
UC4Ceq8atGdQu58Dn3YKF1Ig,2022,91
UC4Ceq8atGdQu58Dn3YKF1Ig,2023,58
UC4Ceq8atGdQu58Dn3YKF1Ig,2024,42
UC4Ceq8atGdQu58Dn3YKF1Ig,2025,28
UC4Ceq8atGdQu58Dn3YKF1Ig,2026,39
UC4EiUVIMjw-SE6_6Kt0Mk-g,2024,41
UC4EiUVIMjw-SE6_6Kt0Mk-g,2025,173
UC4EiUVIMjw-SE6_6Kt0Mk-g,2026,214
UC4IVinDrDxJGqolrsYSwnnw,2025,122
UC4IVinDrDxJGqolrsYSwnnw,2026,138
UC4JQ9apR_7oHuqn05Zzy1KA,2022,5
UC4JQ9apR_7oHuqn05Zzy1KA,2023,22
UC4JQ9apR_7oHuqn05Zzy1KA,2024,1
UC4JQ9apR_7oHuqn05Zzy1KA,2025,249
UC4JQ9apR_7oHuqn05Zzy1KA,2026,190
UC4P6ez9eO2Lv8Jun5zXaVMg,2021,4
UC4P6ez9eO2Lv8Jun5zXaVMg,2022,4
UC4P6ez9eO2Lv8Jun5zXaVMg,2023,11
UC4P6ez9eO2Lv8Jun5zXaVMg,2024,53
UC4P6ez9eO2Lv8Jun5zXaVMg,2025,108
UC4P6ez9eO2Lv8Jun5zXaVMg,2026,44
UC4QiJt8a2VjOnwI-0zzMsKA,2020,8
UC4QiJt8a2VjOnwI-0zzMsKA,2021,7
UC4QiJt8a2VjOnwI-0zzMsKA,2025,1
UC4QwUkFO1_JJe_TTN5jYoyA,2021,8
UC4QwUkFO1_JJe_TTN5jYoyA,2022,2
UC4QwUkFO1_JJe_TTN5jYoyA,2023,4
UC4QwUkFO1_JJe_TTN5jYoyA,2024,13
UC4QwUkFO1_JJe_TTN5jYoyA,2025,99
UC4QwUkFO1_JJe_TTN5jYoyA,2026,77
UC4Ty5GzSA5YjeXN-DqPIWfA,2025,25
UC4Ty5GzSA5YjeXN-DqPIWfA,2026,113
UC4fR2AniBIratHesKgQyHiw,2024,22
UC4fR2AniBIratHesKgQyHiw,2025,42
UC4fR2AniBIratHesKgQyHiw,2026,24
UC4g_aNYnbZ564FUrzHvoFQA,2023,62
UC4g_aNYnbZ564FUrzHvoFQA,2024,197
UC4g_aNYnbZ564FUrzHvoFQA,2025,104
UC4gflcsvblzsnCtNddgDSQA,2025,90
UC4gflcsvblzsnCtNddgDSQA,2026,77
UC4kKR_Kstzo__dyqZa-95Ig,2023,3
UC4kKR_Kstzo__dyqZa-95Ig,2024,62
UC4kKR_Kstzo__dyqZa-95Ig,2025,96
UC4kKR_Kstzo__dyqZa-95Ig,2026,68
UC4kzIt5iyX7QC27TTKfUnXA,2024,16
UC4kzIt5iyX7QC27TTKfUnXA,2025,167
UC4kzIt5iyX7QC27TTKfUnXA,2026,73
UC4nsIGJlPXdVHJ61TQdEzfQ,2024,253
UC4nsIGJlPXdVHJ61TQdEzfQ,2025,255
UC4nsIGJlPXdVHJ61TQdEzfQ,2026,192
UC4plXkAtJdWilZ7-YqWT7Zw,2021,125
UC4plXkAtJdWilZ7-YqWT7Zw,2022,226
UC4plXkAtJdWilZ7-YqWT7Zw,2023,68
UC4plXkAtJdWilZ7-YqWT7Zw,2025,3
UC4sCp51x2lBXf7x2Uy_fj_A,2024,91
UC4sCp51x2lBXf7x2Uy_fj_A,2025,115
UC4sCp51x2lBXf7x2Uy_fj_A,2026,60
UC4t1p_Eg0GcjdrdctUIAaug,2024,104
UC4t1p_Eg0GcjdrdctUIAaug,2025,84
UC4t1p_Eg0GcjdrdctUIAaug,2026,61
UC4x2o7dyxOqFLoA9NKxf0Iw,2023,64
UC4x2o7dyxOqFLoA9NKxf0Iw,2024,131
UC4x2o7dyxOqFLoA9NKxf0Iw,2025,90
UC4x2o7dyxOqFLoA9NKxf0Iw,2026,7
UC4zIwNmfURhIO5Pj-ccmKBA,2021,180
UC4zIwNmfURhIO5Pj-ccmKBA,2022,118
UC4zIwNmfURhIO5Pj-ccmKBA,2023,49
UC4zIwNmfURhIO5Pj-ccmKBA,2024,34
UC51b_p9sAVzl9PIwnVe0Wnw,2023,131
UC51b_p9sAVzl9PIwnVe0Wnw,2024,262
UC51b_p9sAVzl9PIwnVe0Wnw,2025,202
UC51b_p9sAVzl9PIwnVe0Wnw,2026,105
UC52dzPlsz8jN2hIevufKCHA,2025,37
UC52dzPlsz8jN2hIevufKCHA,2026,68
UC5FZBzrjJ0DQwkP6D91M-0g,2025,1
UC5HQtSunzJjhS-XcBdbUC6Q,2020,61
UC5HQtSunzJjhS-XcBdbUC6Q,2021,2
UC5HQtSunzJjhS-XcBdbUC6Q,2022,29
UC5HQtSunzJjhS-XcBdbUC6Q,2023,82
UC5HQtSunzJjhS-XcBdbUC6Q,2024,45
UC5HQtSunzJjhS-XcBdbUC6Q,2025,98
UC5HQtSunzJjhS-XcBdbUC6Q,2026,34
UC5I-HucSFSRsYl3HYMxtgEA,2022,57
UC5I-HucSFSRsYl3HYMxtgEA,2023,83
UC5I-HucSFSRsYl3HYMxtgEA,2024,77
UC5I-HucSFSRsYl3HYMxtgEA,2025,100
UC5I-HucSFSRsYl3HYMxtgEA,2026,4
UC5JlD3YtvbCaAeU3TWSpW6A,2021,50
UC5JlD3YtvbCaAeU3TWSpW6A,2022,60
UC5JlD3YtvbCaAeU3TWSpW6A,2023,23
UC5JlD3YtvbCaAeU3TWSpW6A,2024,19
UC5JlD3YtvbCaAeU3TWSpW6A,2025,16
UC5JlD3YtvbCaAeU3TWSpW6A,2026,33
UC5N4WI1wHPrffHY-r1FtnIw,2021,5
UC5N4WI1wHPrffHY-r1FtnIw,2022,2
UC5N4WI1wHPrffHY-r1FtnIw,2023,7
UC5N4WI1wHPrffHY-r1FtnIw,2024,1
UC5NrMFPWAtcfNH8ibcBlWhQ,2024,2
UC5NrMFPWAtcfNH8ibcBlWhQ,2025,64
UC5NrMFPWAtcfNH8ibcBlWhQ,2026,15
UC5NtCgUU-vQC_GrtzSUeSZA,2024,83
UC5NtCgUU-vQC_GrtzSUeSZA,2025,99
UC5NtCgUU-vQC_GrtzSUeSZA,2026,44
UC5OXcxq6ab6RlhHqNyHws_w,2021,38
UC5OXcxq6ab6RlhHqNyHws_w,2022,59
UC5OXcxq6ab6RlhHqNyHws_w,2023,16
UC5OXcxq6ab6RlhHqNyHws_w,2024,14
UC5OXcxq6ab6RlhHqNyHws_w,2025,8
UC5OXcxq6ab6RlhHqNyHws_w,2026,2
UC5RdVorohRmiGKHN4VHYZJg,2022,147
UC5RdVorohRmiGKHN4VHYZJg,2023,160
UC5RdVorohRmiGKHN4VHYZJg,2024,138
UC5RdVorohRmiGKHN4VHYZJg,2025,151
UC5RdVorohRmiGKHN4VHYZJg,2026,104
UC5TnSrUJmrC_KFW9VLi37lA,2020,2
UC5TnSrUJmrC_KFW9VLi37lA,2021,11
UC5TnSrUJmrC_KFW9VLi37lA,2022,4
UC5TnSrUJmrC_KFW9VLi37lA,2023,3
UC5VPIoY1j_x9UZSqkpwg8jw,2020,5
UC5VPIoY1j_x9UZSqkpwg8jw,2021,17
UC5VPIoY1j_x9UZSqkpwg8jw,2022,41
UC5ZB56gBvLOM3e_eVioCrCQ,2021,21
UC5ZB56gBvLOM3e_eVioCrCQ,2022,212
UC5ZB56gBvLOM3e_eVioCrCQ,2023,66
UC5ZB56gBvLOM3e_eVioCrCQ,2024,155
UC5ZB56gBvLOM3e_eVioCrCQ,2025,142
UC5ZB56gBvLOM3e_eVioCrCQ,2026,104
UC5ZH6Ynk7iBN4wJBanvhXcg,2024,15
UC5ZH6Ynk7iBN4wJBanvhXcg,2025,106
UC5ZH6Ynk7iBN4wJBanvhXcg,2026,56
UC5cOcO_LxT0ZQ7Q2qQEM4Og,2024,49
UC5cOcO_LxT0ZQ7Q2qQEM4Og,2025,47
UC5cOcO_LxT0ZQ7Q2qQEM4Og,2026,54
UC5hOgx6yvYrY8Rn1zaxAY1A,2025,2
UC5hOgx6yvYrY8Rn1zaxAY1A,2026,58
UC5iFCwUMeeZX9KLCTOIKItQ,2022,110
UC5iFCwUMeeZX9KLCTOIKItQ,2023,135
UC5iFCwUMeeZX9KLCTOIKItQ,2024,132
UC5iFCwUMeeZX9KLCTOIKItQ,2025,44
UC5kkY1f25n1e9KYxSKVtUpg,2025,26
UC5kkY1f25n1e9KYxSKVtUpg,2026,48
UC5lHMQtDJF1h2-s0nCBQpoA,2025,107
UC5lHMQtDJF1h2-s0nCBQpoA,2026,99
UC5wA30Tc9ONbRjj6QNinH9w,2022,230
UC5wA30Tc9ONbRjj6QNinH9w,2023,121
UC5wA30Tc9ONbRjj6QNinH9w,2024,140
UC5wA30Tc9ONbRjj6QNinH9w,2025,150
UC5wA30Tc9ONbRjj6QNinH9w,2026,59
UC5x2tcpXNa1dZx035isZKWQ,2024,6
UC5x2tcpXNa1dZx035isZKWQ,2025,19
UC5x2tcpXNa1dZx035isZKWQ,2026,8
UC5zC3ZIFihxnJBNaJU9cZcQ,2023,2
UC5zC3ZIFihxnJBNaJU9cZcQ,2024,246
UC5zC3ZIFihxnJBNaJU9cZcQ,2025,248
UC5zC3ZIFihxnJBNaJU9cZcQ,2026,121
UC60htQi5nenKGnv6lEdGF_g,2023,46
UC60htQi5nenKGnv6lEdGF_g,2024,28
UC61qTNWVk4mkDXe01xgudpA,2024,163
UC61qTNWVk4mkDXe01xgudpA,2025,78
UC61qTNWVk4mkDXe01xgudpA,2026,10
UC64_YFnoPvaGUSv4fpozr1w,2022,42
UC64_YFnoPvaGUSv4fpozr1w,2023,75
UC64_YFnoPvaGUSv4fpozr1w,2024,180
UC64_YFnoPvaGUSv4fpozr1w,2025,235
UC64_YFnoPvaGUSv4fpozr1w,2026,168
UC65MNFVWnrkOpg04LBHVvzw,2024,102
UC65MNFVWnrkOpg04LBHVvzw,2025,216
UC65MNFVWnrkOpg04LBHVvzw,2026,149
UC66RiI-qzUfCiZzcmjU8T3A,2021,1
UC66RiI-qzUfCiZzcmjU8T3A,2022,35
UC66RiI-qzUfCiZzcmjU8T3A,2023,22
UC66RiI-qzUfCiZzcmjU8T3A,2024,6
UC66RiI-qzUfCiZzcmjU8T3A,2025,4
UC66RiI-qzUfCiZzcmjU8T3A,2026,36
UC68XQCQ4MOys5hfxi3jW34g,2021,42
UC68XQCQ4MOys5hfxi3jW34g,2022,33
UC68XQCQ4MOys5hfxi3jW34g,2023,49
UC68XQCQ4MOys5hfxi3jW34g,2024,76
UC68XQCQ4MOys5hfxi3jW34g,2025,31
UC68XQCQ4MOys5hfxi3jW34g,2026,17
UC6Dl6t5ceRRpRx5VwkQWPTw,2025,200
UC6Dl6t5ceRRpRx5VwkQWPTw,2026,362
UC6Ea68DSHlXrcy9uIw4oUIg,2023,101
UC6Ea68DSHlXrcy9uIw4oUIg,2024,277
UC6Ea68DSHlXrcy9uIw4oUIg,2025,202
UC6Ea68DSHlXrcy9uIw4oUIg,2026,120
UC6JIG9kjnF3ml6gLudTyzuA,2021,1
UC6KTB79XRwx_iwxnrIEvHQA,2020,78
UC6KTB79XRwx_iwxnrIEvHQA,2021,1
UC6KkQjryShrw6MRBPX6XMmw,2024,42
UC6KkQjryShrw6MRBPX6XMmw,2025,132
UC6KkQjryShrw6MRBPX6XMmw,2026,39
UC6Q4UI5mEjeZOIRoTtRoFJA,2021,107
UC6Q4UI5mEjeZOIRoTtRoFJA,2022,134
UC6Q4UI5mEjeZOIRoTtRoFJA,2023,51
UC6Q4UI5mEjeZOIRoTtRoFJA,2024,100
UC6Q4UI5mEjeZOIRoTtRoFJA,2025,112
UC6Q4UI5mEjeZOIRoTtRoFJA,2026,46
UC6TOqqD-TLbPlnV5i3DiIrw,2015,6
UC6TOqqD-TLbPlnV5i3DiIrw,2016,11
UC6TOqqD-TLbPlnV5i3DiIrw,2017,14
UC6TOqqD-TLbPlnV5i3DiIrw,2018,21
UC6TOqqD-TLbPlnV5i3DiIrw,2019,3
UC6TOqqD-TLbPlnV5i3DiIrw,2020,4
UC6TOqqD-TLbPlnV5i3DiIrw,2021,87
UC6TOqqD-TLbPlnV5i3DiIrw,2022,32
UC6TOqqD-TLbPlnV5i3DiIrw,2023,38
UC6TOqqD-TLbPlnV5i3DiIrw,2024,13
UC6TOqqD-TLbPlnV5i3DiIrw,2025,9
UC6TOqqD-TLbPlnV5i3DiIrw,2026,2
UC6V9R4VQTjewZj-xfnqrO_g,2025,26
UC6V9R4VQTjewZj-xfnqrO_g,2026,46
UC6Zrmc0VG4gqQJ4jS58iKGw,2021,76
UC6Zrmc0VG4gqQJ4jS58iKGw,2022,23
UC6iflr_8DNUZl0hY0FUXWbQ,2024,11
UC6iflr_8DNUZl0hY0FUXWbQ,2025,31
UC6iflr_8DNUZl0hY0FUXWbQ,2026,43
UC6kddWCoJL4IneTbHRFnViQ,2015,169
UC6kddWCoJL4IneTbHRFnViQ,2016,86
UC6kddWCoJL4IneTbHRFnViQ,2017,13
UC6kddWCoJL4IneTbHRFnViQ,2018,128
UC6kddWCoJL4IneTbHRFnViQ,2019,8
UC6kddWCoJL4IneTbHRFnViQ,2020,24
UC6kddWCoJL4IneTbHRFnViQ,2021,32
UC6kddWCoJL4IneTbHRFnViQ,2022,94
UC6kddWCoJL4IneTbHRFnViQ,2023,31
UC6kddWCoJL4IneTbHRFnViQ,2024,51
UC6kddWCoJL4IneTbHRFnViQ,2025,64
UC6lZLAOgSYgJ6ZkW2ZTI75Q,2023,92
UC6lZLAOgSYgJ6ZkW2ZTI75Q,2024,86
UC6lZLAOgSYgJ6ZkW2ZTI75Q,2025,43
UC6lZLAOgSYgJ6ZkW2ZTI75Q,2026,10
UC6mMhtBN142AdbakQVDricQ,2023,111
UC6mMhtBN142AdbakQVDricQ,2024,73
UC6mMhtBN142AdbakQVDricQ,2025,18
UC6mMhtBN142AdbakQVDricQ,2026,2
UC6o7pFz9U9kcE9d8op_eUQQ,2024,12
UC6o7pFz9U9kcE9d8op_eUQQ,2025,17
UC6o7pFz9U9kcE9d8op_eUQQ,2026,7
UC6uFH49ET-CCA_a4rMdfBdA,2026,7
UC6zUAJO-4874qj9agP7idbg,2024,128
UC7-ZM8Wi1U6yerqHSEq5tlA,2026,80
UC72_UWR1CAQhC-Kg48e5mjA,2021,34
UC72_UWR1CAQhC-Kg48e5mjA,2022,112
UC72_UWR1CAQhC-Kg48e5mjA,2023,63
UC72_UWR1CAQhC-Kg48e5mjA,2024,42
UC72_UWR1CAQhC-Kg48e5mjA,2025,42
UC72_UWR1CAQhC-Kg48e5mjA,2026,7
UC7BIFEORuYKNyE9d_Y2-sVw,2022,6
UC7BIFEORuYKNyE9d_Y2-sVw,2023,1
UC7BIFEORuYKNyE9d_Y2-sVw,2025,1
UC7BIFEORuYKNyE9d_Y2-sVw,2026,3
UC7BTojsUPC4JhxDYRgmuz2Q,2022,68
UC7BTojsUPC4JhxDYRgmuz2Q,2023,158
UC7BTojsUPC4JhxDYRgmuz2Q,2024,163
UC7BTojsUPC4JhxDYRgmuz2Q,2025,190
UC7BTojsUPC4JhxDYRgmuz2Q,2026,10
UC7FpwTuRGribXTefl5SMkAg,2023,121
UC7FpwTuRGribXTefl5SMkAg,2024,144
UC7FpwTuRGribXTefl5SMkAg,2025,70
UC7FpwTuRGribXTefl5SMkAg,2026,37
UC7QHNjS_btGI8AhRkju_NxQ,2021,30
UC7QHNjS_btGI8AhRkju_NxQ,2022,66
UC7QHNjS_btGI8AhRkju_NxQ,2023,17
UC7TOQpHWGhZ_mJ_KkdUazFg,2021,44
UC7TOQpHWGhZ_mJ_KkdUazFg,2022,192
UC7TOQpHWGhZ_mJ_KkdUazFg,2023,179
UC7TOQpHWGhZ_mJ_KkdUazFg,2024,126
UC7TOQpHWGhZ_mJ_KkdUazFg,2025,83
UC7TOQpHWGhZ_mJ_KkdUazFg,2026,40
UC7ZDXfdtafyoSwxXysGJU3A,2024,34
UC7ZDXfdtafyoSwxXysGJU3A,2025,56
UC7ZDXfdtafyoSwxXysGJU3A,2026,22
UC7_cZ5j3JJRERezE3YHnm5w,2023,26
UC7_cZ5j3JJRERezE3YHnm5w,2024,107
UC7_cZ5j3JJRERezE3YHnm5w,2025,69
UC7iCSRt7Jej2XE0MaM9gPgg,2020,1
UC7kqvU3tDlBUJlkpcB7252A,2024,5
UC7kqvU3tDlBUJlkpcB7252A,2025,60
UC7kqvU3tDlBUJlkpcB7252A,2026,1
UC7ks6YhbNxNIJzJUKRH0OQA,2017,5
UC7ks6YhbNxNIJzJUKRH0OQA,2018,14
UC7ks6YhbNxNIJzJUKRH0OQA,2019,1
UC7ks6YhbNxNIJzJUKRH0OQA,2020,8
UC7ks6YhbNxNIJzJUKRH0OQA,2021,8
UC7mdtnzH9kw4sBoZvmfcI9Q,2020,58
UC7mdtnzH9kw4sBoZvmfcI9Q,2021,58
UC7rJN7zzIdUfNogj1RnTXDw,2020,141
UC7rJN7zzIdUfNogj1RnTXDw,2021,148
UC7rJN7zzIdUfNogj1RnTXDw,2022,80
UC7rJN7zzIdUfNogj1RnTXDw,2023,96
UC7rJN7zzIdUfNogj1RnTXDw,2024,119
UC7rJN7zzIdUfNogj1RnTXDw,2025,89
UC7rJN7zzIdUfNogj1RnTXDw,2026,15
UC7txsIaSjDTuvN7h9BzVAsw,2023,1
UC7txsIaSjDTuvN7h9BzVAsw,2024,3
UC7txsIaSjDTuvN7h9BzVAsw,2025,22
UC7txsIaSjDTuvN7h9BzVAsw,2026,31
UC7uttDpQDJ3bdnU8u8gZzbQ,2020,54
UC7uttDpQDJ3bdnU8u8gZzbQ,2021,66
UC7uttDpQDJ3bdnU8u8gZzbQ,2022,13
UC7uttDpQDJ3bdnU8u8gZzbQ,2023,2
UC8-JXAccuh7DvI_A_lObw-w,2024,305
UC8-JXAccuh7DvI_A_lObw-w,2025,210
UC8-JXAccuh7DvI_A_lObw-w,2026,70
UC82qGW5XAba3LYqMEmiVBgg,2023,2
UC82qGW5XAba3LYqMEmiVBgg,2024,52
UC82qGW5XAba3LYqMEmiVBgg,2025,33
UC89-GlmTgO8a9QyE0QL0q1w,2021,11
UC89-GlmTgO8a9QyE0QL0q1w,2022,91
UC89-GlmTgO8a9QyE0QL0q1w,2023,30
UC89-GlmTgO8a9QyE0QL0q1w,2024,17
UC8A9JEM4P4ywcQvqo2ZDX-A,2023,39
UC8A9JEM4P4ywcQvqo2ZDX-A,2024,22
UC8A9JEM4P4ywcQvqo2ZDX-A,2025,27
UC8A9JEM4P4ywcQvqo2ZDX-A,2026,8
UC8DTBPbQq0NZNo2RtCtTXuw,2021,6
UC8DTBPbQq0NZNo2RtCtTXuw,2022,23
UC8DTBPbQq0NZNo2RtCtTXuw,2023,158
UC8DTBPbQq0NZNo2RtCtTXuw,2024,4
UC8DTBPbQq0NZNo2RtCtTXuw,2025,1
UC8F193K1kmD8_MB2F3wLVXQ,2022,21
UC8F193K1kmD8_MB2F3wLVXQ,2023,112
UC8F193K1kmD8_MB2F3wLVXQ,2024,169
UC8F193K1kmD8_MB2F3wLVXQ,2025,174
UC8F193K1kmD8_MB2F3wLVXQ,2026,90
UC8GsIgxeIHQMaTQgkEUXhMw,2022,52
UC8GsIgxeIHQMaTQgkEUXhMw,2023,48
UC8GsIgxeIHQMaTQgkEUXhMw,2024,8
UC8JQQZeNeEmiFbgtYmuFTVQ,2022,1
UC8JQQZeNeEmiFbgtYmuFTVQ,2023,8
UC8JQQZeNeEmiFbgtYmuFTVQ,2024,21
UC8JQQZeNeEmiFbgtYmuFTVQ,2025,87
UC8JQQZeNeEmiFbgtYmuFTVQ,2026,37
UC8Qt3A_iRI_ShDDCtfHpZaA,2024,83
UC8Qt3A_iRI_ShDDCtfHpZaA,2025,67
UC8Wd2kN3xc_c8ppnBON_luw,2025,122
UC8Wd2kN3xc_c8ppnBON_luw,2026,241
UC8bJCt2cONnB9AooIC6fomw,2025,70
UC8bJCt2cONnB9AooIC6fomw,2026,192
UC8fneiVrSectPFlnumDMFaw,2021,1
UC8fneiVrSectPFlnumDMFaw,2022,41
UC8fneiVrSectPFlnumDMFaw,2023,161
UC8fneiVrSectPFlnumDMFaw,2024,144
UC8fneiVrSectPFlnumDMFaw,2025,66
UC8fneiVrSectPFlnumDMFaw,2026,172
UC8hIV_IaH0IIObGBw0engEQ,2025,130
UC8hIV_IaH0IIObGBw0engEQ,2026,134
UC8iTIbRueIONUDDgHN74JHw,2020,76
UC8iTIbRueIONUDDgHN74JHw,2021,115
UC8iTIbRueIONUDDgHN74JHw,2022,84
UC8iTIbRueIONUDDgHN74JHw,2023,50
UC8iTIbRueIONUDDgHN74JHw,2024,12
UC8lQ60XP8szvj0GHwxYUS2Q,2020,50
UC8lQ60XP8szvj0GHwxYUS2Q,2021,209
UC8lQ60XP8szvj0GHwxYUS2Q,2022,159
UC8lQ60XP8szvj0GHwxYUS2Q,2023,73
UC8lQ60XP8szvj0GHwxYUS2Q,2024,99
UC8lQ60XP8szvj0GHwxYUS2Q,2025,49
UC8lQ60XP8szvj0GHwxYUS2Q,2026,61
UC8pTkUvJe50zHIbl8LkZphQ,2025,47
UC8pTkUvJe50zHIbl8LkZphQ,2026,138
UC8xAtvAk_HX1j3egTO7ylIQ,2023,17
UC8xAtvAk_HX1j3egTO7ylIQ,2024,192
UC8xAtvAk_HX1j3egTO7ylIQ,2025,352
UC8xAtvAk_HX1j3egTO7ylIQ,2026,139
UC8xrzfcBL_42uWEf-8pO6og,2025,115
UC8xrzfcBL_42uWEf-8pO6og,2026,211
UC90zZA9j8jdWVb5NNqddKQQ,2023,25
UC90zZA9j8jdWVb5NNqddKQQ,2024,87
UC90zZA9j8jdWVb5NNqddKQQ,2025,134
UC90zZA9j8jdWVb5NNqddKQQ,2026,112
UC93X4Rs0vDthp-qsZu4TQpg,2023,76
UC93X4Rs0vDthp-qsZu4TQpg,2024,43
UC93X4Rs0vDthp-qsZu4TQpg,2025,40
UC93X4Rs0vDthp-qsZu4TQpg,2026,23
UC9CzeQQnApnpW8-KIsqKwWQ,2022,8
UC9CzeQQnApnpW8-KIsqKwWQ,2023,208
UC9CzeQQnApnpW8-KIsqKwWQ,2024,74
UC9CzeQQnApnpW8-KIsqKwWQ,2025,40
UC9CzeQQnApnpW8-KIsqKwWQ,2026,46
UC9PtF5-uRTZEUuOS5tr1Gxg,2025,74
UC9PtF5-uRTZEUuOS5tr1Gxg,2026,197
UC9TMDpET50CJkgQnB56Xj5g,2023,301
UC9TMDpET50CJkgQnB56Xj5g,2024,209
UC9TMDpET50CJkgQnB56Xj5g,2025,171
UC9TMDpET50CJkgQnB56Xj5g,2026,19
UC9WXRLLO7DrcJvUTg69_lkA,2024,156
UC9WXRLLO7DrcJvUTg69_lkA,2025,92
UC9b9Qttg1NHYSPmKu9mb3iw,2026,172
UC9dolQobrGWzLP2UNrkUbEw,2022,2
UC9dolQobrGWzLP2UNrkUbEw,2023,47
UC9dolQobrGWzLP2UNrkUbEw,2024,11
UC9dolQobrGWzLP2UNrkUbEw,2025,49
UC9dolQobrGWzLP2UNrkUbEw,2026,26
UC9owX01ODpgeUePEIdC_qlA,2023,115
UC9owX01ODpgeUePEIdC_qlA,2024,200
UC9owX01ODpgeUePEIdC_qlA,2025,231
UC9owX01ODpgeUePEIdC_qlA,2026,154
UC9tPom2jf2B1qPCTOJ2o2uw,2024,64
UC9tPom2jf2B1qPCTOJ2o2uw,2025,52
UC9tPom2jf2B1qPCTOJ2o2uw,2026,22
UC9uFujZvbTm3PpTycIz5Z0w,2025,64
UC9uFujZvbTm3PpTycIz5Z0w,2026,14
UC9yPUw_aebcLI_oXNNh1wwQ,2023,22
UC9yPUw_aebcLI_oXNNh1wwQ,2024,55
UC9yPUw_aebcLI_oXNNh1wwQ,2025,42
UC9yPUw_aebcLI_oXNNh1wwQ,2026,15
UCA8IZ8dlQc70uzP8WYsFE-w,2023,64
UCA8IZ8dlQc70uzP8WYsFE-w,2024,265
UCA8IZ8dlQc70uzP8WYsFE-w,2025,229
UCA8IZ8dlQc70uzP8WYsFE-w,2026,142
UCAKxVqeGyZTrxYwg3p3xUAg,2020,1
UCAKxVqeGyZTrxYwg3p3xUAg,2021,1
UCAKxVqeGyZTrxYwg3p3xUAg,2022,1
UCAKxVqeGyZTrxYwg3p3xUAg,2023,1
UCAKxVqeGyZTrxYwg3p3xUAg,2024,1
UCAKxVqeGyZTrxYwg3p3xUAg,2025,1
UCAO6vSguYeBGpQvn3D9fpdw,2022,79
UCAO6vSguYeBGpQvn3D9fpdw,2023,50
UCAO6vSguYeBGpQvn3D9fpdw,2024,54
UCAO6vSguYeBGpQvn3D9fpdw,2025,46
UCAO6vSguYeBGpQvn3D9fpdw,2026,78
UCAOMy65Qod9DDOU40mWsXdA,2024,203
UCAOMy65Qod9DDOU40mWsXdA,2025,120
UCAOMy65Qod9DDOU40mWsXdA,2026,114
UCAPbXyM7sw0_6VMcrWeX7Ug,2024,68
UCAPbXyM7sw0_6VMcrWeX7Ug,2025,147
UCAPbXyM7sw0_6VMcrWeX7Ug,2026,93
UCAQnqwL4eytWAamhZs18ovw,2025,130
UCAQnqwL4eytWAamhZs18ovw,2026,61
UCASVAAgvntOrwRgVeMAkIPg,2013,10
UCASVAAgvntOrwRgVeMAkIPg,2014,11
UCASVAAgvntOrwRgVeMAkIPg,2015,13
UCASVAAgvntOrwRgVeMAkIPg,2016,15
UCASVAAgvntOrwRgVeMAkIPg,2017,25
UCASVAAgvntOrwRgVeMAkIPg,2018,15
UCASVAAgvntOrwRgVeMAkIPg,2019,15
UCASVAAgvntOrwRgVeMAkIPg,2020,30
UCASVAAgvntOrwRgVeMAkIPg,2021,27
UCASVAAgvntOrwRgVeMAkIPg,2022,12
UCASVAAgvntOrwRgVeMAkIPg,2023,14
UCASVAAgvntOrwRgVeMAkIPg,2024,2
UCASpA6_BQVi6LpuBRdSxfmw,2026,700
UCASukO4m2BR4uqZH0XlH1IA,2022,105
UCASukO4m2BR4uqZH0XlH1IA,2023,173
UCASukO4m2BR4uqZH0XlH1IA,2024,183
UCASukO4m2BR4uqZH0XlH1IA,2025,125
UCASukO4m2BR4uqZH0XlH1IA,2026,114
UCAV2_Jxxt-JJ08v77lNLBtg,2023,11
UCAV2_Jxxt-JJ08v77lNLBtg,2024,1
UCAV2_Jxxt-JJ08v77lNLBtg,2025,101
UCAV2_Jxxt-JJ08v77lNLBtg,2026,249
UCAid1uC5pxxvPasgFTJZEAw,2024,38
UCAid1uC5pxxvPasgFTJZEAw,2025,168
UCAid1uC5pxxvPasgFTJZEAw,2026,99
UCAj8NHkWEqbJ2er8Umbpoog,2018,1
UCAj8NHkWEqbJ2er8Umbpoog,2020,54
UCAj8NHkWEqbJ2er8Umbpoog,2021,118
UCAj8NHkWEqbJ2er8Umbpoog,2022,110
UCAj8NHkWEqbJ2er8Umbpoog,2023,65
UCAj8NHkWEqbJ2er8Umbpoog,2024,40
UCAj8NHkWEqbJ2er8Umbpoog,2025,89
UCAj8NHkWEqbJ2er8Umbpoog,2026,83
UCAnKhwx493i5myddnJFF_gg,2020,1
UCAnKhwx493i5myddnJFF_gg,2021,147
UCAnKhwx493i5myddnJFF_gg,2022,120
UCAnKhwx493i5myddnJFF_gg,2023,79
UCAnKhwx493i5myddnJFF_gg,2024,174
UCAnKhwx493i5myddnJFF_gg,2025,78
UCAnKhwx493i5myddnJFF_gg,2026,10
UCAoZkJiB43mNUD6aadeozRw,2021,33
UCAoZkJiB43mNUD6aadeozRw,2022,140
UCAoZkJiB43mNUD6aadeozRw,2023,16
UCApZxq6J3R2XNqhzKiBv5mg,2023,8
UCApZxq6J3R2XNqhzKiBv5mg,2024,98
UCApZxq6J3R2XNqhzKiBv5mg,2025,307
UCApZxq6J3R2XNqhzKiBv5mg,2026,264
UCAr4U_HGMYXn1EZjdWiGSLQ,2023,53
UCAr4U_HGMYXn1EZjdWiGSLQ,2024,54
UCAr4U_HGMYXn1EZjdWiGSLQ,2025,31
UCAr4U_HGMYXn1EZjdWiGSLQ,2026,19
UCArXPBCsEt2_rDC63tPLYmg,2024,173
UCArXPBCsEt2_rDC63tPLYmg,2025,280
UCArXPBCsEt2_rDC63tPLYmg,2026,153
UCAvKK8pzAthBfVeXq_Bj4Ow,2024,54
UCAvKK8pzAthBfVeXq_Bj4Ow,2025,103
UCAvKK8pzAthBfVeXq_Bj4Ow,2026,108
UCAvQO1F-w6NELewvcDFupmw,2020,92
UCAvQO1F-w6NELewvcDFupmw,2021,95
UCAvQO1F-w6NELewvcDFupmw,2022,122
UCAvQO1F-w6NELewvcDFupmw,2023,67
UCAvQO1F-w6NELewvcDFupmw,2024,87
UCAvQO1F-w6NELewvcDFupmw,2025,97
UCAvQO1F-w6NELewvcDFupmw,2026,60
UCAv_XjRwhU7sMl3YlM0WoJw,2014,2
UCAv_XjRwhU7sMl3YlM0WoJw,2015,3
UCAv_XjRwhU7sMl3YlM0WoJw,2020,1
UCAv_XjRwhU7sMl3YlM0WoJw,2024,31
UCAv_XjRwhU7sMl3YlM0WoJw,2025,4
UCAv_XjRwhU7sMl3YlM0WoJw,2026,1
UCAzfyfbQ7XHmznbOKinAunQ,2023,52
UCAzfyfbQ7XHmznbOKinAunQ,2024,136
UCAzfyfbQ7XHmznbOKinAunQ,2025,129
UCAzfyfbQ7XHmznbOKinAunQ,2026,117
UCB2UBUgwjQ7y8k3JNEFEVaQ,2022,4
UCB2UBUgwjQ7y8k3JNEFEVaQ,2023,3
UCB2UBUgwjQ7y8k3JNEFEVaQ,2025,44
UCB2UBUgwjQ7y8k3JNEFEVaQ,2026,73
UCB5KUWdc5ttyglIgCYLLOJg,2024,81
UCB5KUWdc5ttyglIgCYLLOJg,2025,300
UCB5KUWdc5ttyglIgCYLLOJg,2026,120
UCBDu-HE-uL4a-SqH9q5ZZ6g,2025,196
UCBDu-HE-uL4a-SqH9q5ZZ6g,2026,504
UCBQi4hldyh7jrIU07hL_EbQ,2023,72
UCBQi4hldyh7jrIU07hL_EbQ,2024,117
UCBQi4hldyh7jrIU07hL_EbQ,2025,151
UCBQi4hldyh7jrIU07hL_EbQ,2026,104
UCBSiJy11yFeJsCRdZ3ZtfBw,2022,72
UCBSiJy11yFeJsCRdZ3ZtfBw,2023,158
UCBSiJy11yFeJsCRdZ3ZtfBw,2024,187
UCBSiJy11yFeJsCRdZ3ZtfBw,2025,182
UCBSiJy11yFeJsCRdZ3ZtfBw,2026,100
UCBTCAyvs7TAzghRqideHGzw,2021,13
UCBTCAyvs7TAzghRqideHGzw,2022,13
UCBTCAyvs7TAzghRqideHGzw,2023,28
UCBTCAyvs7TAzghRqideHGzw,2024,7
UCBTCAyvs7TAzghRqideHGzw,2025,5
UCBTCAyvs7TAzghRqideHGzw,2026,7
UCBUEDay6omiIO9XebzcButg,2025,206
UCBUEDay6omiIO9XebzcButg,2026,49
UCBXpnfoHqIZRqi3ex50bB4w,2022,1
UCBXpnfoHqIZRqi3ex50bB4w,2024,4
UCBXpnfoHqIZRqi3ex50bB4w,2025,20
UCBXpnfoHqIZRqi3ex50bB4w,2026,40
UCB_Ooo_Eanv8LHYUGqMMDjg,2017,13
UCB_Ooo_Eanv8LHYUGqMMDjg,2018,13
UCB_Ooo_Eanv8LHYUGqMMDjg,2019,1
UCB_Ooo_Eanv8LHYUGqMMDjg,2021,1
UCB_Ooo_Eanv8LHYUGqMMDjg,2022,2
UCB_Ooo_Eanv8LHYUGqMMDjg,2023,10
UCB_Ooo_Eanv8LHYUGqMMDjg,2024,78
UCB_Ooo_Eanv8LHYUGqMMDjg,2025,86
UCB_Ooo_Eanv8LHYUGqMMDjg,2026,47
UCBbXLmauGSmFdQakk2dS8Rw,2016,35
UCBbXLmauGSmFdQakk2dS8Rw,2017,3
UCBbXLmauGSmFdQakk2dS8Rw,2018,1
UCBbXLmauGSmFdQakk2dS8Rw,2023,240
UCBbXLmauGSmFdQakk2dS8Rw,2024,262
UCBbXLmauGSmFdQakk2dS8Rw,2025,136
UCBbXLmauGSmFdQakk2dS8Rw,2026,23
UCBev9yAPNYhFM4ORPQb_LYQ,2024,130
UCBev9yAPNYhFM4ORPQb_LYQ,2025,238
UCBev9yAPNYhFM4ORPQb_LYQ,2026,115
UCBi2sDv2HYYnCtEqldp0RFA,2024,72
UCBi2sDv2HYYnCtEqldp0RFA,2025,193
UCBi2sDv2HYYnCtEqldp0RFA,2026,122
UCBjUiJxMKaM2YTIo3r4KdHA,2025,98
UCBjUiJxMKaM2YTIo3r4KdHA,2026,87
UCBmXZKNg_Tsy-r5pZsBPVVA,2026,105
UCBq8wrxx6gPxxmZwDnZEEYA,2022,14
UCBq8wrxx6gPxxmZwDnZEEYA,2023,27
UCBq8wrxx6gPxxmZwDnZEEYA,2024,67
UCBq8wrxx6gPxxmZwDnZEEYA,2025,94
UCBq8wrxx6gPxxmZwDnZEEYA,2026,92
UCBsUODmi56ijq4o4imeZuwg,2024,5
UCBsUODmi56ijq4o4imeZuwg,2025,121
UCBsUODmi56ijq4o4imeZuwg,2026,72
UCC3IBnXJb8xYdg-_MMh1qNg,2024,100
UCC3IBnXJb8xYdg-_MMh1qNg,2025,323
UCC3IBnXJb8xYdg-_MMh1qNg,2026,277
UCC4Wb_x57Ks43GRJ6x_wT5Q,2025,371
UCC4Wb_x57Ks43GRJ6x_wT5Q,2026,329
UCC5q6CpuDflPvO7pNn52RGQ,2023,105
UCC5q6CpuDflPvO7pNn52RGQ,2024,249
UCC5q6CpuDflPvO7pNn52RGQ,2025,229
UCC5q6CpuDflPvO7pNn52RGQ,2026,117
UCC8N_hO-iyfkS2uaJqkxfMA,2022,126
UCC8N_hO-iyfkS2uaJqkxfMA,2023,145
UCC8N_hO-iyfkS2uaJqkxfMA,2024,115
UCC8N_hO-iyfkS2uaJqkxfMA,2025,16
UCC8N_hO-iyfkS2uaJqkxfMA,2026,4
UCCCOpUUMaweGiTZ_vNSdh1w,2024,2
UCCCOpUUMaweGiTZ_vNSdh1w,2025,98
UCCCOpUUMaweGiTZ_vNSdh1w,2026,64
UCCDb84g4xtJYE0bOJ6BLwJg,2022,7
UCCDb84g4xtJYE0bOJ6BLwJg,2023,81
UCCDb84g4xtJYE0bOJ6BLwJg,2024,115
UCCDb84g4xtJYE0bOJ6BLwJg,2025,33
UCCDb84g4xtJYE0bOJ6BLwJg,2026,98
UCCEHpnzn37K8kQv2QtybE2w,2025,191
UCCEHpnzn37K8kQv2QtybE2w,2026,132
UCCKvp_oV10qcK5Abjaz4FrA,2021,26
UCCKvp_oV10qcK5Abjaz4FrA,2022,34
UCCKvp_oV10qcK5Abjaz4FrA,2023,5
UCCKvp_oV10qcK5Abjaz4FrA,2025,2
UCCM6yLTh1Ep5rlwrapyyNOQ,2025,85
UCCM6yLTh1Ep5rlwrapyyNOQ,2026,57
UCCQd9y8LSnnp09dF7Mrp5Jg,2024,183
UCCQd9y8LSnnp09dF7Mrp5Jg,2025,307
UCCQd9y8LSnnp09dF7Mrp5Jg,2026,166
UCCTu-nYFSFerCTEAQLwyRgA,2021,73
UCCTu-nYFSFerCTEAQLwyRgA,2022,40
UCCTu-nYFSFerCTEAQLwyRgA,2023,22
UCCTu-nYFSFerCTEAQLwyRgA,2024,2
UCCTu-nYFSFerCTEAQLwyRgA,2025,4
UCCXtKBc_KnKRtT-9qXu5Y7A,2021,19
UCCXtKBc_KnKRtT-9qXu5Y7A,2022,21
UCCXtKBc_KnKRtT-9qXu5Y7A,2023,3
UCC_P34t35REbiPzbHO_bifA,2022,21
UCC_P34t35REbiPzbHO_bifA,2023,58
UCC_P34t35REbiPzbHO_bifA,2024,146
UCC_P34t35REbiPzbHO_bifA,2025,467
UCC_P34t35REbiPzbHO_bifA,2026,8
UCCa03c0JD-H5AoJ_a6PuQrA,2025,203
UCCa03c0JD-H5AoJ_a6PuQrA,2026,65
UCCcZmve86N8WakyfYRqc0uA,2025,93
UCCcZmve86N8WakyfYRqc0uA,2026,58
UCCjunxHiL2OHhNDl4sdD1bg,2021,2
UCCjunxHiL2OHhNDl4sdD1bg,2022,50
UCCjunxHiL2OHhNDl4sdD1bg,2023,135
UCCjunxHiL2OHhNDl4sdD1bg,2024,60
UCCjunxHiL2OHhNDl4sdD1bg,2025,26
UCCjunxHiL2OHhNDl4sdD1bg,2026,15
UCCmBL9p7d1a0aBjZSPF8QpQ,2023,7
UCCnI25SLttKYJdVgno6qkYg,2024,132
UCCnI25SLttKYJdVgno6qkYg,2025,33
UCCo8rdZh_V_irwScgnHJb2Q,2023,1
UCCo8rdZh_V_irwScgnHJb2Q,2025,191
UCCo8rdZh_V_irwScgnHJb2Q,2026,114
UCCptqrhEdtJGBer1qWWRLnA,2020,195
UCCptqrhEdtJGBer1qWWRLnA,2021,179
UCCptqrhEdtJGBer1qWWRLnA,2022,106
UCCptqrhEdtJGBer1qWWRLnA,2023,10
UCCsgAS-uqrGRdmvJzvfAXsw,2022,14
UCCwDLJmhL5pYyXzN7coVwTw,2023,1
UCCwDLJmhL5pYyXzN7coVwTw,2025,41
UCCwDLJmhL5pYyXzN7coVwTw,2026,22
UCD0aj_PFkBK-LGaDIiXvBww,2024,27
UCD0aj_PFkBK-LGaDIiXvBww,2025,78
UCD0aj_PFkBK-LGaDIiXvBww,2026,10
UCD2BJUqKTEPOkxdTyxfvCuQ,2022,81
UCD2BJUqKTEPOkxdTyxfvCuQ,2023,120
UCD2BJUqKTEPOkxdTyxfvCuQ,2024,108
UCD2BJUqKTEPOkxdTyxfvCuQ,2025,23
UCD2BJUqKTEPOkxdTyxfvCuQ,2026,7
UCD5-go4VNzPs044VuPf2-uA,2021,5
UCD5-go4VNzPs044VuPf2-uA,2022,39
UCD5-go4VNzPs044VuPf2-uA,2023,65
UCD5-go4VNzPs044VuPf2-uA,2024,54
UCD5-go4VNzPs044VuPf2-uA,2025,79
UCD5-go4VNzPs044VuPf2-uA,2026,24
UCD67JYizIZGNc-1Dsn9eu3A,2025,57
UCD67JYizIZGNc-1Dsn9eu3A,2026,154
UCDCOWpzyBFsavT-K7AmN3MQ,2023,80
UCDCOWpzyBFsavT-K7AmN3MQ,2024,389
UCDCOWpzyBFsavT-K7AmN3MQ,2025,185
UCDCOWpzyBFsavT-K7AmN3MQ,2026,46
UCDH0eXdMf-vFqvTtjADsOcw,2018,3
UCDH0eXdMf-vFqvTtjADsOcw,2019,21
UCDH0eXdMf-vFqvTtjADsOcw,2023,8
UCDH0eXdMf-vFqvTtjADsOcw,2024,21
UCDH0eXdMf-vFqvTtjADsOcw,2025,46
UCDH0eXdMf-vFqvTtjADsOcw,2026,27
UCDSn4Ql7fuyjxsSNOws81iQ,2023,51
UCDSn4Ql7fuyjxsSNOws81iQ,2024,248
UCDSn4Ql7fuyjxsSNOws81iQ,2025,235
UCDSn4Ql7fuyjxsSNOws81iQ,2026,166
UCDUFEQDrHUjO5vAVwPPiG3Q,2021,19
UCDUFEQDrHUjO5vAVwPPiG3Q,2022,20
UCDUFEQDrHUjO5vAVwPPiG3Q,2023,1
UCDUFEQDrHUjO5vAVwPPiG3Q,2024,6
UCDUFEQDrHUjO5vAVwPPiG3Q,2025,6
UCDUdT8_IEOY-Z9KfLiCOfuQ,2023,2
UCDUdT8_IEOY-Z9KfLiCOfuQ,2024,68
UCDUdT8_IEOY-Z9KfLiCOfuQ,2025,146
UCDUdT8_IEOY-Z9KfLiCOfuQ,2026,134
UCDVOWB_Fi5jmi6o-x5_uV8g,2020,103
UCDVOWB_Fi5jmi6o-x5_uV8g,2021,171
UCDVOWB_Fi5jmi6o-x5_uV8g,2022,122
UCDVOWB_Fi5jmi6o-x5_uV8g,2023,96
UCDVOWB_Fi5jmi6o-x5_uV8g,2024,62
UCDVOWB_Fi5jmi6o-x5_uV8g,2025,31
UCDVOWB_Fi5jmi6o-x5_uV8g,2026,15
UCDWp89OUkBRM9cDmOXHT6bw,2021,1
UCDWp89OUkBRM9cDmOXHT6bw,2022,3
UCDWp89OUkBRM9cDmOXHT6bw,2023,1
UCDWp89OUkBRM9cDmOXHT6bw,2024,22
UCDWp89OUkBRM9cDmOXHT6bw,2025,237
UCDWp89OUkBRM9cDmOXHT6bw,2026,126
UCDXW5zG-2aZXL9K1bkV3Ajw,2021,20
UCDXW5zG-2aZXL9K1bkV3Ajw,2022,19
UCDXW5zG-2aZXL9K1bkV3Ajw,2023,36
UCDXW5zG-2aZXL9K1bkV3Ajw,2024,7
UCDXW5zG-2aZXL9K1bkV3Ajw,2025,32
UCDXW5zG-2aZXL9K1bkV3Ajw,2026,19
UCDXhbquWzQvdwZC1yVUmxAA,2025,3
UCDYy9EVjkBym7bUYwTKzugA,2020,14
UCDYy9EVjkBym7bUYwTKzugA,2021,114
UCD_aBWFE2nsQB0Pb6Hj8Ksg,2021,17
UCD_aBWFE2nsQB0Pb6Hj8Ksg,2022,20
UCD_aBWFE2nsQB0Pb6Hj8Ksg,2024,1
UCD_aBWFE2nsQB0Pb6Hj8Ksg,2025,1
UCD_y0feXuBuX9z6RAxz4afg,2022,117
UCD_y0feXuBuX9z6RAxz4afg,2023,79
UCD_y0feXuBuX9z6RAxz4afg,2024,110
UCD_y0feXuBuX9z6RAxz4afg,2025,92
UCD_y0feXuBuX9z6RAxz4afg,2026,48
UCDb3FYf93LJEcswNeZ05uag,2024,4
UCDb3FYf93LJEcswNeZ05uag,2025,140
UCDb3FYf93LJEcswNeZ05uag,2026,124
UCDcMQuBXmp3NByn3wD5lZog,2022,6
UCDcMQuBXmp3NByn3wD5lZog,2023,1
UCDdYlO59uiphs8QUL7I88Rg,2022,2
UCDdYlO59uiphs8QUL7I88Rg,2023,39
UCDdYlO59uiphs8QUL7I88Rg,2024,207
UCDdYlO59uiphs8QUL7I88Rg,2025,206
UCDdYlO59uiphs8QUL7I88Rg,2026,159
UCDgEY3e3hNge2XzFhFuYPYw,2024,67
UCDgEY3e3hNge2XzFhFuYPYw,2025,328
UCDgEY3e3hNge2XzFhFuYPYw,2026,168
UCDgptjggm1YvNSn7GQ19sEA,2021,5
UCDgptjggm1YvNSn7GQ19sEA,2022,2
UCDgptjggm1YvNSn7GQ19sEA,2025,1
UCDhUZlrVbcdvac4SRLi3tXA,2017,1
UCDhUZlrVbcdvac4SRLi3tXA,2018,1
UCDhUZlrVbcdvac4SRLi3tXA,2021,14
UCDhUZlrVbcdvac4SRLi3tXA,2022,61
UCDhUZlrVbcdvac4SRLi3tXA,2023,66
UCDhUZlrVbcdvac4SRLi3tXA,2024,44
UCDhUZlrVbcdvac4SRLi3tXA,2025,40
UCDhUZlrVbcdvac4SRLi3tXA,2026,16
UCDiyOEC0TGng4cudBJbMyWg,2023,5
UCDiyOEC0TGng4cudBJbMyWg,2024,195
UCDiyOEC0TGng4cudBJbMyWg,2025,108
UCDiyOEC0TGng4cudBJbMyWg,2026,110
UCDki34ncCre0xPgf1JCkqCA,2023,187
UCDki34ncCre0xPgf1JCkqCA,2024,199
UCDki34ncCre0xPgf1JCkqCA,2025,156
UCDki34ncCre0xPgf1JCkqCA,2026,158
UCDmay2oK3RLbl8ooxYv-wJg,2026,2
UCDmlKuJkE2tIR-Q8bSWPvDw,2025,30
UCDmlKuJkE2tIR-Q8bSWPvDw,2026,54
UCDrFZpqKkgV27Q1NcYYYU2w,2021,3
UCDrFZpqKkgV27Q1NcYYYU2w,2022,16
UCDrFZpqKkgV27Q1NcYYYU2w,2023,198
UCDrFZpqKkgV27Q1NcYYYU2w,2024,141
UCDrFZpqKkgV27Q1NcYYYU2w,2025,95
UCDuv12N1-maTw7eemVA2hgQ,2021,79
UCDuv12N1-maTw7eemVA2hgQ,2022,205
UCDuv12N1-maTw7eemVA2hgQ,2023,77
UCDuv12N1-maTw7eemVA2hgQ,2024,7
UCDuv12N1-maTw7eemVA2hgQ,2025,69
UCDuv12N1-maTw7eemVA2hgQ,2026,32
UCDwExMfrKLpB6j0vDUW-0WA,2025,23
UCDwExMfrKLpB6j0vDUW-0WA,2026,19
UCDwGQS9PGoUV-yMRsQ5pBxw,2026,332
UCDx_VxFnDh_yxtff1akPpvg,2022,91
UCDx_VxFnDh_yxtff1akPpvg,2023,29
UCDx_VxFnDh_yxtff1akPpvg,2024,28
UCDx_VxFnDh_yxtff1akPpvg,2025,85
UCDx_VxFnDh_yxtff1akPpvg,2026,46
UCDzIAHQJv3O2IN0u26bHlaw,2022,5
UCDzIAHQJv3O2IN0u26bHlaw,2023,24
UCDzIAHQJv3O2IN0u26bHlaw,2024,20
UCDzIAHQJv3O2IN0u26bHlaw,2025,82
UCDzIAHQJv3O2IN0u26bHlaw,2026,57
UCE010cVAgWFD24wIJ95sDKw,2025,440
UCE010cVAgWFD24wIJ95sDKw,2026,260
UCE46-Cb8vr2ra-YAJ7UoOcA,2024,70
UCE46-Cb8vr2ra-YAJ7UoOcA,2025,111
UCE46-Cb8vr2ra-YAJ7UoOcA,2026,133
UCEAweQRj86ga-ymLA_L50BA,2022,2
UCEI_LsIHnvFh0dN8KmVy7hg,2022,9
UCEI_LsIHnvFh0dN8KmVy7hg,2023,4
UCEI_LsIHnvFh0dN8KmVy7hg,2024,2
UCEI_LsIHnvFh0dN8KmVy7hg,2025,1
UCEL3qsIRdudjSuFHMHUxi0Q,2025,114
UCEL3qsIRdudjSuFHMHUxi0Q,2026,95
UCEMqL-RYgeAEhTMUJeHfkaw,2021,17
UCEMqL-RYgeAEhTMUJeHfkaw,2022,215
UCEMqL-RYgeAEhTMUJeHfkaw,2023,157
UCEMqL-RYgeAEhTMUJeHfkaw,2024,120
UCEMqL-RYgeAEhTMUJeHfkaw,2025,110
UCEMqL-RYgeAEhTMUJeHfkaw,2026,81
UCEQ28ZgkC47h0jG8CWN_V2Q,2024,43
UCEQ28ZgkC47h0jG8CWN_V2Q,2025,66
UCEQ28ZgkC47h0jG8CWN_V2Q,2026,44
UCER-4jqj3kUgY36i3FPAtJA,2023,19
UCER-4jqj3kUgY36i3FPAtJA,2024,263
UCER-4jqj3kUgY36i3FPAtJA,2025,266
UCER-4jqj3kUgY36i3FPAtJA,2026,152
UCEZZl5ozactQATI4iIx2mOg,2025,94
UCEZZl5ozactQATI4iIx2mOg,2026,39
UCEZl6aWM_c93GHtB12UfxNA,2023,192
UCEZl6aWM_c93GHtB12UfxNA,2024,150
UCEZl6aWM_c93GHtB12UfxNA,2025,34
UCEZl6aWM_c93GHtB12UfxNA,2026,23
UCEbwSVZLmNpdgZPbeFL7chg,2024,5
UCEbwSVZLmNpdgZPbeFL7chg,2025,487
UCEbwSVZLmNpdgZPbeFL7chg,2026,208
UCEcSxWcQiyfpx7mRAdb_emg,2021,3
UCEcSxWcQiyfpx7mRAdb_emg,2022,1
UCEcSxWcQiyfpx7mRAdb_emg,2023,3
UCEcSxWcQiyfpx7mRAdb_emg,2024,15
UCEcSxWcQiyfpx7mRAdb_emg,2025,223
UCEcSxWcQiyfpx7mRAdb_emg,2026,54
UCEjF-FvkrvMhQ7b6KT5UCAw,2024,34
UCEjF-FvkrvMhQ7b6KT5UCAw,2025,162
UCEjF-FvkrvMhQ7b6KT5UCAw,2026,95
UCEk6QSUJhVf56A_VznMpKpg,2021,94
UCEk6QSUJhVf56A_VznMpKpg,2022,5
UCEpxkPOevg0ItmSknvEcngg,2022,5
UCEpxkPOevg0ItmSknvEcngg,2023,101
UCEpxkPOevg0ItmSknvEcngg,2024,99
UCEpxkPOevg0ItmSknvEcngg,2025,90
UCEpxkPOevg0ItmSknvEcngg,2026,79
UCEuU0EQj7eWL2-vf5hGFwXg,2023,14
UCEuU0EQj7eWL2-vf5hGFwXg,2024,208
UCEuU0EQj7eWL2-vf5hGFwXg,2025,223
UCEuU0EQj7eWL2-vf5hGFwXg,2026,255
UCEvyDOkcGkzCTo62d9BrhkA,2023,46
UCEvyDOkcGkzCTo62d9BrhkA,2024,268
UCEvyDOkcGkzCTo62d9BrhkA,2025,294
UCEvyDOkcGkzCTo62d9BrhkA,2026,92
UCF19DHmsDiaB3P3Cbpdp14g,2023,39
UCF19DHmsDiaB3P3Cbpdp14g,2024,285
UCF19DHmsDiaB3P3Cbpdp14g,2025,171
UCF19DHmsDiaB3P3Cbpdp14g,2026,117
UCF81ZEcn0aKct7TJPZVINAw,2025,141
UCF81ZEcn0aKct7TJPZVINAw,2026,31
UCFB-5_h8i1373WvI7ElG2FA,2021,3
UCFB-5_h8i1373WvI7ElG2FA,2022,12
UCFB-5_h8i1373WvI7ElG2FA,2023,5
UCFB-5_h8i1373WvI7ElG2FA,2024,4
UCFB-5_h8i1373WvI7ElG2FA,2025,5
UCFBj6s8uT6nphkbV7UMVGsQ,2025,128
UCFBj6s8uT6nphkbV7UMVGsQ,2026,150
UCFKBoyzpTZdu20o-O5XUf8g,2021,42
UCFKBoyzpTZdu20o-O5XUf8g,2022,33
UCFKBoyzpTZdu20o-O5XUf8g,2023,5
UCFKBoyzpTZdu20o-O5XUf8g,2024,3
UCFLR42m7vGHPi3wSROWaepA,2023,43
UCFLR42m7vGHPi3wSROWaepA,2024,144
UCFLR42m7vGHPi3wSROWaepA,2025,115
UCFLR42m7vGHPi3wSROWaepA,2026,62
UCFN4mdxw4ss6DMB6ZYPXPuw,2023,56
UCFN4mdxw4ss6DMB6ZYPXPuw,2024,267
UCFN4mdxw4ss6DMB6ZYPXPuw,2025,269
UCFN4mdxw4ss6DMB6ZYPXPuw,2026,100
UCFNsc_xre9fXD0-f8kyrUTQ,2022,4
UCFNsc_xre9fXD0-f8kyrUTQ,2023,15
UCFNsc_xre9fXD0-f8kyrUTQ,2024,1
UCFRCQhHa_MUmmRaGUJVN8zA,2018,4
UCFRCQhHa_MUmmRaGUJVN8zA,2019,10
UCFRCQhHa_MUmmRaGUJVN8zA,2020,60
UCFRCQhHa_MUmmRaGUJVN8zA,2021,49
UCFRCQhHa_MUmmRaGUJVN8zA,2022,36
UCFRCQhHa_MUmmRaGUJVN8zA,2023,70
UCFRCQhHa_MUmmRaGUJVN8zA,2024,52
UCFRCQhHa_MUmmRaGUJVN8zA,2025,56
UCFRCQhHa_MUmmRaGUJVN8zA,2026,40
UCFVbcS05rXwR7iLPl2K82Kw,2024,1
UCFVbcS05rXwR7iLPl2K82Kw,2025,96
UCFVbcS05rXwR7iLPl2K82Kw,2026,149
UCFcV8AGufMRT7is-GX1Y9gQ,2024,10
UCFcV8AGufMRT7is-GX1Y9gQ,2025,17
UCFcV8AGufMRT7is-GX1Y9gQ,2026,2
UCFd3ivp0P8uWR-SdnMLWDoQ,2026,200
UCFjBM9wvCqb5wBLpp_cHxfA,2022,57
UCFjBM9wvCqb5wBLpp_cHxfA,2023,99
UCFjBM9wvCqb5wBLpp_cHxfA,2024,126
UCFjBM9wvCqb5wBLpp_cHxfA,2025,126
UCFjBM9wvCqb5wBLpp_cHxfA,2026,110
UCFkljb428Byj00FxL_kwYyA,2021,159
UCFkljb428Byj00FxL_kwYyA,2022,92
UCFkljb428Byj00FxL_kwYyA,2023,18
UCFkljb428Byj00FxL_kwYyA,2024,7
UCFkljb428Byj00FxL_kwYyA,2025,2
UCFkljb428Byj00FxL_kwYyA,2026,2
UCFr02a1OIuA1yrnJuB2dSpw,2024,12
UCFr02a1OIuA1yrnJuB2dSpw,2025,175
UCFr02a1OIuA1yrnJuB2dSpw,2026,92
UCFuUpyt6u2UC90h1nAWuXkw,2026,6
UCG-PEjbBmm82pBvWvJJfxgQ,2025,84
UCG-PEjbBmm82pBvWvJJfxgQ,2026,49
UCG04BGkyQFQPV3jl5ANHPZA,2022,39
UCG04BGkyQFQPV3jl5ANHPZA,2023,46
UCG04BGkyQFQPV3jl5ANHPZA,2024,23
UCG04BGkyQFQPV3jl5ANHPZA,2025,11
UCG04BGkyQFQPV3jl5ANHPZA,2026,6
UCG1Dk3994tPaCIBJp8Cu2pg,2015,1
UCG1Dk3994tPaCIBJp8Cu2pg,2016,1
UCG1Dk3994tPaCIBJp8Cu2pg,2019,11
UCG1Dk3994tPaCIBJp8Cu2pg,2020,11
UCG1Dk3994tPaCIBJp8Cu2pg,2021,13
UCG1Dk3994tPaCIBJp8Cu2pg,2022,42
UCG1Dk3994tPaCIBJp8Cu2pg,2023,50
UCG1Dk3994tPaCIBJp8Cu2pg,2024,48
UCG1Dk3994tPaCIBJp8Cu2pg,2025,61
UCG1Dk3994tPaCIBJp8Cu2pg,2026,149
UCG1UqDhwKiOIHHAhwZqJGQg,2025,291
UCG1UqDhwKiOIHHAhwZqJGQg,2026,295
UCGAYOnH9azmAmcHpzRWZsOg,2022,93
UCGAYOnH9azmAmcHpzRWZsOg,2023,230
UCGAYOnH9azmAmcHpzRWZsOg,2024,222
UCGAYOnH9azmAmcHpzRWZsOg,2025,93
UCGAYOnH9azmAmcHpzRWZsOg,2026,62
UCGAtHjeWWgyWboVQ33ZQX6Q,2021,54
UCGAtHjeWWgyWboVQ33ZQX6Q,2022,96
UCGAtHjeWWgyWboVQ33ZQX6Q,2023,94
UCGAtHjeWWgyWboVQ33ZQX6Q,2024,85
UCGAtHjeWWgyWboVQ33ZQX6Q,2025,70
UCGAtHjeWWgyWboVQ33ZQX6Q,2026,26
UCGAxNdaCC9RI6-u3QabJ8Fg,2024,25
UCGAxNdaCC9RI6-u3QabJ8Fg,2025,88
UCGAxNdaCC9RI6-u3QabJ8Fg,2026,130
UCGBkYTR4tMKS38TQHGWWLjg,2023,103
UCGBkYTR4tMKS38TQHGWWLjg,2024,292
UCGBkYTR4tMKS38TQHGWWLjg,2025,178
UCGBkYTR4tMKS38TQHGWWLjg,2026,127
UCGFON7MMs-K2rmM_TjNG82A,2021,1
UCGFON7MMs-K2rmM_TjNG82A,2022,67
UCGFON7MMs-K2rmM_TjNG82A,2023,12
UCGFON7MMs-K2rmM_TjNG82A,2024,6
UCGFON7MMs-K2rmM_TjNG82A,2025,6
UCGFON7MMs-K2rmM_TjNG82A,2026,26
UCGFX2NZhsWp_hpZiYmyJnRQ,2023,85
UCGFX2NZhsWp_hpZiYmyJnRQ,2024,84
UCGFX2NZhsWp_hpZiYmyJnRQ,2025,134
UCGFX2NZhsWp_hpZiYmyJnRQ,2026,31
UCGGJmwrqz9q6BAVK0VWYE8g,2022,130
UCGGJmwrqz9q6BAVK0VWYE8g,2023,150
UCGGJmwrqz9q6BAVK0VWYE8g,2024,109
UCGGJmwrqz9q6BAVK0VWYE8g,2025,209
UCGGJmwrqz9q6BAVK0VWYE8g,2026,102
UCGIDvgCG2v47r33D14QlasA,2024,210
UCGIDvgCG2v47r33D14QlasA,2025,281
UCGIDvgCG2v47r33D14QlasA,2026,119
UCGIo_THCq5eGbEdb8f0z10Q,2024,17
UCGIo_THCq5eGbEdb8f0z10Q,2025,50
UCGIo_THCq5eGbEdb8f0z10Q,2026,29
UCGMSJFuXdNmswEPX4X6NnLQ,2023,155
UCGMSJFuXdNmswEPX4X6NnLQ,2024,196
UCGMSJFuXdNmswEPX4X6NnLQ,2025,243
UCGMSJFuXdNmswEPX4X6NnLQ,2026,106
UCGMiAEmU8MB1-2abX_Tjkyw,2025,122
UCGMiAEmU8MB1-2abX_Tjkyw,2026,9
UCGOkjVQVJivJxDN7iSdQuLA,2024,51
UCGOkjVQVJivJxDN7iSdQuLA,2025,125
UCGOkjVQVJivJxDN7iSdQuLA,2026,131
UCGRF7CYtM2Qvevmach7enPA,2024,3
UCGRF7CYtM2Qvevmach7enPA,2025,104
UCGRF7CYtM2Qvevmach7enPA,2026,14
UCGSthfh4W439C_2cQloVocw,2017,1
UCGSthfh4W439C_2cQloVocw,2021,4
UCGSthfh4W439C_2cQloVocw,2022,98
UCGSthfh4W439C_2cQloVocw,2023,4
UCGWwz0WBEcGozJ6yZNGIsPw,2024,108
UCGWwz0WBEcGozJ6yZNGIsPw,2025,185
UCGWwz0WBEcGozJ6yZNGIsPw,2026,182
UCGXguhCIYycPMOTZN9s4x6A,2025,118
UCGbMin84xisO1Yuq_guVlFA,2025,42
UCGbMin84xisO1Yuq_guVlFA,2026,2
UCGc2qf0Pkl7RyvqTyyP_o9w,2023,157
UCGc2qf0Pkl7RyvqTyyP_o9w,2024,214
UCGc2qf0Pkl7RyvqTyyP_o9w,2025,183
UCGc2qf0Pkl7RyvqTyyP_o9w,2026,146
UCGgUYt_n_Uzi5xYAS12XDww,2023,3
UCGgUYt_n_Uzi5xYAS12XDww,2024,2
UCGgUYt_n_Uzi5xYAS12XDww,2025,1
UCGhWfzi-1RoI9mJKzrCJGHQ,2016,1
UCGhWfzi-1RoI9mJKzrCJGHQ,2021,35
UCGhWfzi-1RoI9mJKzrCJGHQ,2022,14
UCGhWfzi-1RoI9mJKzrCJGHQ,2023,5
UCGhWfzi-1RoI9mJKzrCJGHQ,2024,40
UCGhWfzi-1RoI9mJKzrCJGHQ,2025,75
UCGhWfzi-1RoI9mJKzrCJGHQ,2026,6
UCGi7W6vbEJjPi1nzJfW-zOQ,2022,51
UCGi7W6vbEJjPi1nzJfW-zOQ,2023,107
UCGi7W6vbEJjPi1nzJfW-zOQ,2024,29
UCGjZDsjGu_BzQ_hPKTRBLLw,2021,1
UCGjZDsjGu_BzQ_hPKTRBLLw,2022,12
UCGjZDsjGu_BzQ_hPKTRBLLw,2023,25
UCGjZDsjGu_BzQ_hPKTRBLLw,2024,74
UCGjZDsjGu_BzQ_hPKTRBLLw,2025,152
UCGjZDsjGu_BzQ_hPKTRBLLw,2026,73
UCGkGWo40A2iZKQl9ug1oXoA,2023,198
UCGkGWo40A2iZKQl9ug1oXoA,2024,174
UCGkGWo40A2iZKQl9ug1oXoA,2025,100
UCGkGWo40A2iZKQl9ug1oXoA,2026,24
UCGmm95ZgqXrfS-0pu980_tA,2024,40
UCGmm95ZgqXrfS-0pu980_tA,2025,106
UCGmm95ZgqXrfS-0pu980_tA,2026,64
UCGmvJX9TaHps4LB-J-cR6bQ,2025,50
UCGmvJX9TaHps4LB-J-cR6bQ,2026,99
UCGo7fnmWfGQewxZVDmC3iJQ,2024,234
UCGo7fnmWfGQewxZVDmC3iJQ,2025,317
UCGo7fnmWfGQewxZVDmC3iJQ,2026,149
UCGofntRkNUAgXGqimLtLy4g,2021,20
UCGofntRkNUAgXGqimLtLy4g,2022,123
UCGofntRkNUAgXGqimLtLy4g,2023,170
UCGofntRkNUAgXGqimLtLy4g,2024,153
UCGofntRkNUAgXGqimLtLy4g,2025,130
UCGofntRkNUAgXGqimLtLy4g,2026,104
UCGtHn0fmqCAp_8AzV_PWd6A,2025,13
UCGtHn0fmqCAp_8AzV_PWd6A,2026,191
UCGtjAVYcncs1AJ5hQY0gASQ,2024,7
UCGtjAVYcncs1AJ5hQY0gASQ,2025,88
UCGtjAVYcncs1AJ5hQY0gASQ,2026,49
UCGwh4Fq6iBno7cSieXcgh0w,2021,2
UCGwh4Fq6iBno7cSieXcgh0w,2022,114
UCH3mEs_fK3r0M2hJ9NsgNPg,2020,1
UCH3mEs_fK3r0M2hJ9NsgNPg,2021,2
UCH3mEs_fK3r0M2hJ9NsgNPg,2023,4
UCH3mEs_fK3r0M2hJ9NsgNPg,2024,46
UCH3mEs_fK3r0M2hJ9NsgNPg,2025,81
UCH3mEs_fK3r0M2hJ9NsgNPg,2026,61
UCH6Fib1kQUaR2qurlEXnZMA,2022,17
UCH6Fib1kQUaR2qurlEXnZMA,2023,15
UCH7h3T7J1ck7YgjbI2YPR7g,2024,21
UCH7h3T7J1ck7YgjbI2YPR7g,2025,164
UCH7h3T7J1ck7YgjbI2YPR7g,2026,92
UCH9YSRP3hG56bs2lzmMoOVw,2020,16
UCH9YSRP3hG56bs2lzmMoOVw,2021,117
UCH9YSRP3hG56bs2lzmMoOVw,2022,94
UCH9YSRP3hG56bs2lzmMoOVw,2023,91
UCH9YSRP3hG56bs2lzmMoOVw,2024,87
UCH9YSRP3hG56bs2lzmMoOVw,2025,97
UCH9YSRP3hG56bs2lzmMoOVw,2026,69
UCHBOkil-h2JiTQ2LEJtG7FA,2024,116
UCHBOkil-h2JiTQ2LEJtG7FA,2025,107
UCHBOkil-h2JiTQ2LEJtG7FA,2026,83
UCHCvUUDxEP1ve9Zg_tZP5ug,2025,54
UCHCvUUDxEP1ve9Zg_tZP5ug,2026,26
UCHEnKuFdHAKL20IpCTi8l9Q,2023,42
UCHEnKuFdHAKL20IpCTi8l9Q,2024,31
UCHEnKuFdHAKL20IpCTi8l9Q,2025,14
UCHEnKuFdHAKL20IpCTi8l9Q,2026,13
UCHGviQ_8o_ZLS_k1vpFOtmQ,2023,2
UCHGviQ_8o_ZLS_k1vpFOtmQ,2025,269
UCHGviQ_8o_ZLS_k1vpFOtmQ,2026,55
UCHJyN2D9QrjAujzsrDkguRA,2021,60
UCHJyN2D9QrjAujzsrDkguRA,2022,69
UCHJyN2D9QrjAujzsrDkguRA,2023,16
UCHJyN2D9QrjAujzsrDkguRA,2024,2
UCHJyN2D9QrjAujzsrDkguRA,2025,3
UCHJyN2D9QrjAujzsrDkguRA,2026,5
UCHL4mRfm4hZgmg4sPYRiYkg,2022,52
UCHL4mRfm4hZgmg4sPYRiYkg,2023,14
UCHL4mRfm4hZgmg4sPYRiYkg,2024,33
UCHL4mRfm4hZgmg4sPYRiYkg,2025,14
UCHNUhekh0u_TuF6vZ5S5j8w,2020,36
UCHNUhekh0u_TuF6vZ5S5j8w,2021,117
UCHNUhekh0u_TuF6vZ5S5j8w,2022,151
UCHNUhekh0u_TuF6vZ5S5j8w,2023,123
UCHNUhekh0u_TuF6vZ5S5j8w,2024,102
UCHNUhekh0u_TuF6vZ5S5j8w,2025,85
UCHNUhekh0u_TuF6vZ5S5j8w,2026,86
UCHONh9zedNOSdzUqUbSUQ-Q,2023,36
UCHONh9zedNOSdzUqUbSUQ-Q,2024,237
UCHONh9zedNOSdzUqUbSUQ-Q,2025,254
UCHONh9zedNOSdzUqUbSUQ-Q,2026,173
UCHRq9JfoPNIg5p1rMG02oqA,2025,119
UCHRq9JfoPNIg5p1rMG02oqA,2026,18
UCHUHJ0riRQWzPWdAchy6D4w,2024,23
UCHUHJ0riRQWzPWdAchy6D4w,2025,140
UCHUHJ0riRQWzPWdAchy6D4w,2026,61
UCHYMhyLCSsaZCRPzov6tHLg,2024,17
UCHYMhyLCSsaZCRPzov6tHLg,2025,52
UCHYMhyLCSsaZCRPzov6tHLg,2026,2
UCHa6wMUGqyur-ZWsUwDeQOg,2026,68
UCHeMMokpj5MpPVZwS121gZw,2023,1
UCHhEdxjXqC8sbAj7a-PVFlg,2025,207
UCHhEdxjXqC8sbAj7a-PVFlg,2026,42
UCHhIQk2SuVBxR4H2PH_3j2Q,2021,1
UCHhIQk2SuVBxR4H2PH_3j2Q,2022,1
UCHhIQk2SuVBxR4H2PH_3j2Q,2023,1
UCHhIQk2SuVBxR4H2PH_3j2Q,2024,181
UCHhIQk2SuVBxR4H2PH_3j2Q,2025,144
UCHhIQk2SuVBxR4H2PH_3j2Q,2026,60
UCHhUajhm4zRg-_Ubw11otfw,2025,82
UCHhUajhm4zRg-_Ubw11otfw,2026,77
UCHhj6UP01456AHTAZkrKDrg,2025,76
UCHhj6UP01456AHTAZkrKDrg,2026,51
UCHkNbiqY3dc4AcaiGxSq2_Q,2024,17
UCHkNbiqY3dc4AcaiGxSq2_Q,2025,145
UCHkNbiqY3dc4AcaiGxSq2_Q,2026,59
UCHlFbiJk0VWcT2dPwTqXcxw,2025,84
UCHlFbiJk0VWcT2dPwTqXcxw,2026,31
UCHomiuTL8mMUPtDIbJw_TFg,2024,14
UCHomiuTL8mMUPtDIbJw_TFg,2025,22
UCHomiuTL8mMUPtDIbJw_TFg,2026,14
UCHudKjxLpwqHoqV-57uTRFw,2025,264
UCHudKjxLpwqHoqV-57uTRFw,2026,436
UCHyAFq-CHcgrOte84Wvmorw,2021,9
UCHyAFq-CHcgrOte84Wvmorw,2022,65
UCHyAFq-CHcgrOte84Wvmorw,2023,11
UCHyAFq-CHcgrOte84Wvmorw,2024,7
UCHyAFq-CHcgrOte84Wvmorw,2025,3
UCHyAFq-CHcgrOte84Wvmorw,2026,1
UCHzQgT7k-UHxSo8oLQlf6Qg,2022,41
UCHzQgT7k-UHxSo8oLQlf6Qg,2023,25
UCHzQgT7k-UHxSo8oLQlf6Qg,2024,4
UCHzQgT7k-UHxSo8oLQlf6Qg,2025,2
UCI-P6wAQOviwsqMuVTVYKPQ,2023,42
UCI-P6wAQOviwsqMuVTVYKPQ,2024,18
UCI-P6wAQOviwsqMuVTVYKPQ,2025,1
UCI-P6wAQOviwsqMuVTVYKPQ,2026,30
UCI0fG0fCTx3iyzC6wv_hI3g,2025,32
UCI0fG0fCTx3iyzC6wv_hI3g,2026,147
UCI1SAgyaSIwdGf2uVbcmuvQ,2024,114
UCI1SAgyaSIwdGf2uVbcmuvQ,2025,312
UCI1SAgyaSIwdGf2uVbcmuvQ,2026,274
UCI38FHfSdCBRlD90Np1mGSQ,2025,87
UCI38FHfSdCBRlD90Np1mGSQ,2026,106
UCI7HyoyonuN4gh_Mgu6Kzbg,2024,90
UCI7HyoyonuN4gh_Mgu6Kzbg,2025,364
UCI7HyoyonuN4gh_Mgu6Kzbg,2026,246
UCI9bNMcvSiuq-bfjsPNomTA,2023,152
UCI9bNMcvSiuq-bfjsPNomTA,2024,244
UCI9bNMcvSiuq-bfjsPNomTA,2025,185
UCI9bNMcvSiuq-bfjsPNomTA,2026,119
UCIBdFlC2Fk3rID8CAETV35g,2025,12
UCIBdFlC2Fk3rID8CAETV35g,2026,201
UCIDkMzUr_JW5yoiq_Nx35_A,2025,6
UCIDkMzUr_JW5yoiq_Nx35_A,2026,15
UCIGChk_c7ZNdtpOrmbHr2NA,2024,1
UCIGChk_c7ZNdtpOrmbHr2NA,2026,5
UCIJlMF7bynSgi0G8Hy6j94g,2023,12
UCIJlMF7bynSgi0G8Hy6j94g,2024,80
UCIJlMF7bynSgi0G8Hy6j94g,2025,93
UCIJlMF7bynSgi0G8Hy6j94g,2026,55
UCIMFIkXOGA7dWA903WdRKKg,2023,3
UCIMFIkXOGA7dWA903WdRKKg,2024,310
UCIMFIkXOGA7dWA903WdRKKg,2025,239
UCIMFIkXOGA7dWA903WdRKKg,2026,148
UCINPv9Ffoo7mgvEfKY8Ks2A,2023,80
UCINPv9Ffoo7mgvEfKY8Ks2A,2024,122
UCINPv9Ffoo7mgvEfKY8Ks2A,2025,99
UCINPv9Ffoo7mgvEfKY8Ks2A,2026,61
UCINz9FJcpcedlGsYKXQkopA,2022,125
UCINz9FJcpcedlGsYKXQkopA,2023,170
UCINz9FJcpcedlGsYKXQkopA,2024,172
UCINz9FJcpcedlGsYKXQkopA,2025,135
UCINz9FJcpcedlGsYKXQkopA,2026,98
UCIWrMTsjxdx_V1zlBkbCVCg,2022,5
UCIWrMTsjxdx_V1zlBkbCVCg,2024,1
UCIc2CW34mQ6eAlJoPV2Un4Q,2022,153
UCIc2CW34mQ6eAlJoPV2Un4Q,2023,179
UCIc2CW34mQ6eAlJoPV2Un4Q,2024,145
UCIc2CW34mQ6eAlJoPV2Un4Q,2025,164
UCIc2CW34mQ6eAlJoPV2Un4Q,2026,59
UCIcJV6J1HFf0cHKeswvTyaw,2023,1
UCIcJV6J1HFf0cHKeswvTyaw,2024,4
UCIcJV6J1HFf0cHKeswvTyaw,2025,25
UCIcJV6J1HFf0cHKeswvTyaw,2026,29
UCIgXtat0bKE5e8sXtUgutOw,2021,1
UCIgXtat0bKE5e8sXtUgutOw,2022,13
UCIgXtat0bKE5e8sXtUgutOw,2023,14
UCIgXtat0bKE5e8sXtUgutOw,2024,5
UCIgXtat0bKE5e8sXtUgutOw,2025,282
UCIgXtat0bKE5e8sXtUgutOw,2026,234
UCIh-YIiPfxN0qPWAvIpfBXQ,2022,1
UCIh-YIiPfxN0qPWAvIpfBXQ,2023,1
UCIh-YIiPfxN0qPWAvIpfBXQ,2025,4
UCIxWJ7k2MWKT6sIg3mLjkTg,2025,28
UCIxWJ7k2MWKT6sIg3mLjkTg,2026,51
UCJ2Ahrr9QYJnrjYJkWccSzg,2025,75
UCJ2Ahrr9QYJnrjYJkWccSzg,2026,49
UCJ6HUQOWSjCHHdOgz13zFlA,2015,6
UCJ6HUQOWSjCHHdOgz13zFlA,2017,32
UCJ6HUQOWSjCHHdOgz13zFlA,2018,37
UCJ6HUQOWSjCHHdOgz13zFlA,2019,11
UCJ6HUQOWSjCHHdOgz13zFlA,2021,1
UCJ6HUQOWSjCHHdOgz13zFlA,2024,46
UCJ6HUQOWSjCHHdOgz13zFlA,2025,46
UCJ6HUQOWSjCHHdOgz13zFlA,2026,26
UCJ6kqLPI4aALUa0p3kJJUKQ,2023,1
UCJ6kqLPI4aALUa0p3kJJUKQ,2024,104
UCJ6kqLPI4aALUa0p3kJJUKQ,2025,241
UCJ6kqLPI4aALUa0p3kJJUKQ,2026,126
UCJ8R9I1AWV94psG7gxLiU5Q,2025,105
UCJ8R9I1AWV94psG7gxLiU5Q,2026,1
UCJ8hefgtMDAtBo7NRSa90Zg,2024,4
UCJ8hefgtMDAtBo7NRSa90Zg,2025,90
UCJ8hefgtMDAtBo7NRSa90Zg,2026,66
UCJ9STJzDqEexCPnqAAHe5Cw,2021,130
UCJ9STJzDqEexCPnqAAHe5Cw,2022,58
UCJ9STJzDqEexCPnqAAHe5Cw,2023,2
UCJAI6tpsee_w0sMV7-NB_Tw,2023,3
UCJAI6tpsee_w0sMV7-NB_Tw,2024,43
UCJAI6tpsee_w0sMV7-NB_Tw,2025,27
UCJAI6tpsee_w0sMV7-NB_Tw,2026,25
UCJCORIrObs3iTzSzCHHvlCA,2021,9
UCJCORIrObs3iTzSzCHHvlCA,2022,79
UCJCORIrObs3iTzSzCHHvlCA,2023,109
UCJCORIrObs3iTzSzCHHvlCA,2024,100
UCJCORIrObs3iTzSzCHHvlCA,2025,46
UCJCORIrObs3iTzSzCHHvlCA,2026,33
UCJEy_y-4fO4j2D6RLANc25Q,2022,5
UCJEy_y-4fO4j2D6RLANc25Q,2023,13
UCJEy_y-4fO4j2D6RLANc25Q,2024,53
UCJEy_y-4fO4j2D6RLANc25Q,2025,125
UCJEy_y-4fO4j2D6RLANc25Q,2026,21
UCJFoHpvvS4MLNsq0VeiEAyg,2024,137
UCJFoHpvvS4MLNsq0VeiEAyg,2025,269
UCJFoHpvvS4MLNsq0VeiEAyg,2026,183
UCJH6IzDkIlz5Dw93LzEC_Nw,2022,13
UCJL3R_l2-sxDQelzyQ6fHug,2024,2
UCJL3R_l2-sxDQelzyQ6fHug,2025,115
UCJL3R_l2-sxDQelzyQ6fHug,2026,99
UCJMSZ92fkCAzyWmkdpvCuQA,2021,26
UCJMSZ92fkCAzyWmkdpvCuQA,2022,26
UCJMSZ92fkCAzyWmkdpvCuQA,2023,40
UCJMSZ92fkCAzyWmkdpvCuQA,2024,37
UCJMSZ92fkCAzyWmkdpvCuQA,2025,65
UCJMSZ92fkCAzyWmkdpvCuQA,2026,59
UCJMtmiajwsQXE4rpd2wuEyg,2025,31
UCJMtmiajwsQXE4rpd2wuEyg,2026,34
UCJNuYG7F5YzslTSYChWcKBw,2021,119
UCJNuYG7F5YzslTSYChWcKBw,2022,140
UCJNuYG7F5YzslTSYChWcKBw,2023,125
UCJNuYG7F5YzslTSYChWcKBw,2024,40
UCJNuYG7F5YzslTSYChWcKBw,2025,10
UCJNuYG7F5YzslTSYChWcKBw,2026,9
UCJVNjk7J4WxX4ccFl11SzDw,2025,22
UCJZdSYHLTvG4d3yVd-NyasA,2025,40
UCJZdSYHLTvG4d3yVd-NyasA,2026,47
UCJcUPyHbfB_4evd9PhFyfXQ,2025,16
UCJcUPyHbfB_4evd9PhFyfXQ,2026,35
UCJcfB-86rWM0NF2li1CqNNw,2022,27
UCJcfB-86rWM0NF2li1CqNNw,2023,147
UCJcfB-86rWM0NF2li1CqNNw,2024,137
UCJcfB-86rWM0NF2li1CqNNw,2025,190
UCJcfB-86rWM0NF2li1CqNNw,2026,198
UCJdXesaZYrQVSjhlYhme8rQ,2022,86
UCJdXesaZYrQVSjhlYhme8rQ,2023,102
UCJdXesaZYrQVSjhlYhme8rQ,2024,135
UCJdXesaZYrQVSjhlYhme8rQ,2025,28
UCJh1yHdhK6XA2brZ8EIuaaw,2025,1
UCJh1yHdhK6XA2brZ8EIuaaw,2026,38
UCJu3OL7duainSbXcDvU-bUA,2024,10
UCJu3OL7duainSbXcDvU-bUA,2025,84
UCJu3OL7duainSbXcDvU-bUA,2026,113
UCJxIZZSfV0u2b7p_bK7jOjw,2026,78
UCK0yR420GTebrHIJy1-ND2g,2025,18
UCK0yR420GTebrHIJy1-ND2g,2026,164
UCK8GmjIUCbl_qlRCfAR3yaA,2020,1
UCKCL2NsTO_FOaWHEE6OiHoA,2023,50
UCKCL2NsTO_FOaWHEE6OiHoA,2024,31
UCKCL2NsTO_FOaWHEE6OiHoA,2025,68
UCKCL2NsTO_FOaWHEE6OiHoA,2026,34
UCKE7TdJhSFGM6eBxAOZrw8g,2022,2
UCKE7TdJhSFGM6eBxAOZrw8g,2023,119
UCKE7TdJhSFGM6eBxAOZrw8g,2024,141
UCKE7TdJhSFGM6eBxAOZrw8g,2025,112
UCKE7TdJhSFGM6eBxAOZrw8g,2026,70
UCKKPleoe-EdGryxMCf0i9UA,2024,178
UCKKPleoe-EdGryxMCf0i9UA,2025,75
UCKKPleoe-EdGryxMCf0i9UA,2026,1
UCKPcwla_mvpdBnyjHYTiwoQ,2021,11
UCKPcwla_mvpdBnyjHYTiwoQ,2022,49
UCKPcwla_mvpdBnyjHYTiwoQ,2023,306
UCKPcwla_mvpdBnyjHYTiwoQ,2024,149
UCKPcwla_mvpdBnyjHYTiwoQ,2025,73
UCKPcwla_mvpdBnyjHYTiwoQ,2026,3
UCKSfn-s6fgSVkkNGcPPUuBQ,2025,142
UCKSfn-s6fgSVkkNGcPPUuBQ,2026,39
UCKg9vWWT_2yK3FFNNnnhhLw,2023,40
UCKg9vWWT_2yK3FFNNnnhhLw,2024,142
UCKg9vWWT_2yK3FFNNnnhhLw,2025,5
UCKlC3deRExVS_eCuFg2ec2g,2025,23
UCKlC3deRExVS_eCuFg2ec2g,2026,37
UCKlrZ_Pp4UE8miUIbC3kFjg,2016,28
UCKlrZ_Pp4UE8miUIbC3kFjg,2017,15
UCKlrZ_Pp4UE8miUIbC3kFjg,2020,1
UCKlrZ_Pp4UE8miUIbC3kFjg,2021,114
UCKlrZ_Pp4UE8miUIbC3kFjg,2022,237
UCKlrZ_Pp4UE8miUIbC3kFjg,2023,60
UCKlrZ_Pp4UE8miUIbC3kFjg,2024,9
UCKuzX7wNaRVXEI9a81xeNfA,2020,1
UCKuzX7wNaRVXEI9a81xeNfA,2021,47
UCKuzX7wNaRVXEI9a81xeNfA,2022,121
UCKuzX7wNaRVXEI9a81xeNfA,2023,66
UCKuzX7wNaRVXEI9a81xeNfA,2024,35
UCKuzX7wNaRVXEI9a81xeNfA,2025,16
UCKuzX7wNaRVXEI9a81xeNfA,2026,9
UCL0LiR5zg3vRnIHp-CowVBg,2024,54
UCL0LiR5zg3vRnIHp-CowVBg,2025,149
UCL0LiR5zg3vRnIHp-CowVBg,2026,108
UCL1yaSZue9dW_zyvhdI8C3w,2023,45
UCL1yaSZue9dW_zyvhdI8C3w,2024,7
UCL1yaSZue9dW_zyvhdI8C3w,2025,136
UCL1yaSZue9dW_zyvhdI8C3w,2026,152
UCL2geAXXebwlFLe-dokNCkw,2023,1
UCL4nWmMsqtYKN6OvcmskNtg,2022,6
UCL4nWmMsqtYKN6OvcmskNtg,2023,339
UCL4nWmMsqtYKN6OvcmskNtg,2024,203
UCL4nWmMsqtYKN6OvcmskNtg,2025,133
UCL4nWmMsqtYKN6OvcmskNtg,2026,19
UCL6YKqCxZoo1ecno9Zn6RDg,2024,1
UCL6YKqCxZoo1ecno9Zn6RDg,2025,100
UCL6YKqCxZoo1ecno9Zn6RDg,2026,103
UCL7lolCifod5V21pPzR3K-w,2023,63
UCL7lolCifod5V21pPzR3K-w,2024,96
UCL7lolCifod5V21pPzR3K-w,2025,141
UCL7lolCifod5V21pPzR3K-w,2026,39
UCL9pGQHePabm2RkTgbFR7YQ,2016,8
UCL9pGQHePabm2RkTgbFR7YQ,2017,25
UCL9pGQHePabm2RkTgbFR7YQ,2018,13
UCL9pGQHePabm2RkTgbFR7YQ,2019,40
UCL9pGQHePabm2RkTgbFR7YQ,2020,14
UCL9pGQHePabm2RkTgbFR7YQ,2021,22
UCL9pGQHePabm2RkTgbFR7YQ,2022,14
UCL9pGQHePabm2RkTgbFR7YQ,2023,8
UCL9pGQHePabm2RkTgbFR7YQ,2024,7
UCL9pGQHePabm2RkTgbFR7YQ,2025,2
UCL9pGQHePabm2RkTgbFR7YQ,2026,4
UCLEOU6NgYYoVmPV8MwbwOkg,2017,1
UCLEOU6NgYYoVmPV8MwbwOkg,2018,2
UCLEOU6NgYYoVmPV8MwbwOkg,2019,2
UCLEOU6NgYYoVmPV8MwbwOkg,2021,168
UCLEOU6NgYYoVmPV8MwbwOkg,2022,62
UCLEOU6NgYYoVmPV8MwbwOkg,2023,26
UCLEOU6NgYYoVmPV8MwbwOkg,2024,24
UCLEOU6NgYYoVmPV8MwbwOkg,2025,23
UCLEOU6NgYYoVmPV8MwbwOkg,2026,19
UCLEtK3UynAZPM7ODwPeveEw,2022,110
UCLEtK3UynAZPM7ODwPeveEw,2023,92
UCLEtK3UynAZPM7ODwPeveEw,2024,58
UCLEtK3UynAZPM7ODwPeveEw,2025,27
UCLEtK3UynAZPM7ODwPeveEw,2026,3
UCLH2yQZY_yG165dVqtabtYw,2024,133
UCLH2yQZY_yG165dVqtabtYw,2025,292
UCLH2yQZY_yG165dVqtabtYw,2026,199
UCLNBff3KDEUxdfH_lkvyOKQ,2023,29
UCLNBff3KDEUxdfH_lkvyOKQ,2024,218
UCLNBff3KDEUxdfH_lkvyOKQ,2025,273
UCLNBff3KDEUxdfH_lkvyOKQ,2026,180
UCLT-U861QLvJmrlP7K6kv2w,2024,79
UCLT-U861QLvJmrlP7K6kv2w,2025,186
UCLT-U861QLvJmrlP7K6kv2w,2026,202
UCLUmZp46kwJs1YENDLsGV9A,2025,110
UCLUmZp46kwJs1YENDLsGV9A,2026,109
UCLWpw8jaGYOVXV8cIu1WMqw,2022,57
UCLWpw8jaGYOVXV8cIu1WMqw,2023,48
UCLWpw8jaGYOVXV8cIu1WMqw,2024,90
UCLWpw8jaGYOVXV8cIu1WMqw,2025,115
UCLWpw8jaGYOVXV8cIu1WMqw,2026,67
UCLWuDHSv5EWSQqAxar2YTlw,2022,24
UCLWuDHSv5EWSQqAxar2YTlw,2023,141
UCLWuDHSv5EWSQqAxar2YTlw,2024,64
UCLWuDHSv5EWSQqAxar2YTlw,2025,33
UCLWuDHSv5EWSQqAxar2YTlw,2026,16
UCLplEzbrp6AFeZIyVp9EnRA,2023,5
UCLplEzbrp6AFeZIyVp9EnRA,2024,3
UCLplEzbrp6AFeZIyVp9EnRA,2025,2
UCLplEzbrp6AFeZIyVp9EnRA,2026,7
UCLrFWzD0xA5nDt4ZYUnbGew,2024,61
UCLrFWzD0xA5nDt4ZYUnbGew,2025,63
UCM69uU9b_raR3mcACHeivgg,2021,6
UCM69uU9b_raR3mcACHeivgg,2022,7
UCM69uU9b_raR3mcACHeivgg,2023,5
UCM69uU9b_raR3mcACHeivgg,2024,4
UCM69uU9b_raR3mcACHeivgg,2025,1
UCM69uU9b_raR3mcACHeivgg,2026,2
UCM7lej36ZymXK4KGygFQN8w,2025,82
UCM7lej36ZymXK4KGygFQN8w,2026,110
UCM96L0HabMkeIGyBViLZ4YQ,2025,346
UCM96L0HabMkeIGyBViLZ4YQ,2026,353
UCMBxPwSlBQz2TxRnA2ogq0w,2024,1
UCMBxPwSlBQz2TxRnA2ogq0w,2025,29
UCMBxPwSlBQz2TxRnA2ogq0w,2026,35
UCMHyqlEwC-IdXCQZht8g44w,2023,65
UCMHyqlEwC-IdXCQZht8g44w,2024,241
UCMHyqlEwC-IdXCQZht8g44w,2025,237
UCMHyqlEwC-IdXCQZht8g44w,2026,157
UCMJcr4CRojJ_0Qkyd1a5ULQ,2023,7
UCMJcr4CRojJ_0Qkyd1a5ULQ,2024,106
UCMJcr4CRojJ_0Qkyd1a5ULQ,2025,135
UCMJcr4CRojJ_0Qkyd1a5ULQ,2026,94
UCMQ21qN4qXA0sJf-kUK9ZjQ,2020,81
UCMQ21qN4qXA0sJf-kUK9ZjQ,2021,209
UCMQ21qN4qXA0sJf-kUK9ZjQ,2022,5
UCMQ21qN4qXA0sJf-kUK9ZjQ,2023,7
UCMQ21qN4qXA0sJf-kUK9ZjQ,2024,5
UCMQwItTmnjFp1VK-v6aR15g,2022,48
UCMQwItTmnjFp1VK-v6aR15g,2023,139
UCMQwItTmnjFp1VK-v6aR15g,2024,160
UCMQwItTmnjFp1VK-v6aR15g,2025,178
UCMQwItTmnjFp1VK-v6aR15g,2026,97
UCMUtWzsjAQJgp6UlkbVSo1w,2021,187
UCMUtWzsjAQJgp6UlkbVSo1w,2022,199
UCMUtWzsjAQJgp6UlkbVSo1w,2023,171
UCMVdzsLwVWc241rrjK78aXA,2024,43
UCMVdzsLwVWc241rrjK78aXA,2025,32
UCMVdzsLwVWc241rrjK78aXA,2026,3
UCMZkIRSYq4NX-rBGs7n-3-g,2021,25
UCMZkIRSYq4NX-rBGs7n-3-g,2022,106
UCMZkIRSYq4NX-rBGs7n-3-g,2023,33
UCMZkIRSYq4NX-rBGs7n-3-g,2024,4
UCMdzC45Herdf2KXfEyhAjLg,2025,201
UCMdzC45Herdf2KXfEyhAjLg,2026,58
UCMh4voylnr9h_UVZWJI5Vew,2022,10
UCMh4voylnr9h_UVZWJI5Vew,2023,12
UCMh4voylnr9h_UVZWJI5Vew,2024,48
UCMh4voylnr9h_UVZWJI5Vew,2025,121
UCMh4voylnr9h_UVZWJI5Vew,2026,91
UCMhUWTKBjrRSacizvjq3HLg,2019,1
UCMhUWTKBjrRSacizvjq3HLg,2020,3
UCMhUWTKBjrRSacizvjq3HLg,2021,21
UCMhUWTKBjrRSacizvjq3HLg,2022,8
UCMhUWTKBjrRSacizvjq3HLg,2023,1
UCMhUWTKBjrRSacizvjq3HLg,2024,7
UCMhUWTKBjrRSacizvjq3HLg,2025,1
UCMhUWTKBjrRSacizvjq3HLg,2026,11
UCMoP04hETQT8gYkfCI675EQ,2025,6
UCMoP04hETQT8gYkfCI675EQ,2026,3
UCMrMIuX-WYd9Tpr8E1-ryKQ,2021,34
UCMs5aPn2oecJGX0siIC3q0Q,2020,3
UCMs5aPn2oecJGX0siIC3q0Q,2021,3
UCMs5aPn2oecJGX0siIC3q0Q,2022,2
UCMs5aPn2oecJGX0siIC3q0Q,2023,19
UCMs5aPn2oecJGX0siIC3q0Q,2024,8
UCMs5aPn2oecJGX0siIC3q0Q,2025,9
UCMs5aPn2oecJGX0siIC3q0Q,2026,12
UCMvIUZRjMYx-_U7_RRlQYqw,2021,1
UCMvIUZRjMYx-_U7_RRlQYqw,2022,1
UCMvc8BlQ7r5gRbz-D2EY0LA,2021,80
UCMvc8BlQ7r5gRbz-D2EY0LA,2022,243
UCMvc8BlQ7r5gRbz-D2EY0LA,2023,94
UCMvc8BlQ7r5gRbz-D2EY0LA,2024,106
UCMvc8BlQ7r5gRbz-D2EY0LA,2025,131
UCMvc8BlQ7r5gRbz-D2EY0LA,2026,46
UCN0m7R88NRnqBdjIPcloOnw,2025,7
UCN0m7R88NRnqBdjIPcloOnw,2026,20
UCN2h2ov92AeTDv60a1mUr0g,2023,100
UCN2h2ov92AeTDv60a1mUr0g,2024,88
UCN2h2ov92AeTDv60a1mUr0g,2025,33
UCN2h2ov92AeTDv60a1mUr0g,2026,19
UCN2uHnFKm8CTbjFQ9H7Uotg,2021,7
UCN2uHnFKm8CTbjFQ9H7Uotg,2022,30
UCN2uHnFKm8CTbjFQ9H7Uotg,2023,17
UCN2uHnFKm8CTbjFQ9H7Uotg,2024,19
UCN2uHnFKm8CTbjFQ9H7Uotg,2025,43
UCN2uHnFKm8CTbjFQ9H7Uotg,2026,99
UCN3A90FXb4u4ZirE2LmB_9Q,2021,115
UCN3A90FXb4u4ZirE2LmB_9Q,2022,141
UCN3A90FXb4u4ZirE2LmB_9Q,2023,106
UCN3A90FXb4u4ZirE2LmB_9Q,2024,77
UCN3A90FXb4u4ZirE2LmB_9Q,2025,2
UCN3A90FXb4u4ZirE2LmB_9Q,2026,1
UCN3ujjUVCDcAjX-wfkU00SQ,2024,141
UCN3ujjUVCDcAjX-wfkU00SQ,2025,104
UCN3ujjUVCDcAjX-wfkU00SQ,2026,22
UCN5KfrZRFVu6QbnPC3bl9qA,2023,52
UCN5KfrZRFVu6QbnPC3bl9qA,2024,176
UCN5KfrZRFVu6QbnPC3bl9qA,2025,121
UCN5KfrZRFVu6QbnPC3bl9qA,2026,22
UCN6506blTCjlsfwnRBMRB0Q,2021,70
UCN6506blTCjlsfwnRBMRB0Q,2022,107
UCN6506blTCjlsfwnRBMRB0Q,2023,16
UCN6506blTCjlsfwnRBMRB0Q,2024,11
UCN6506blTCjlsfwnRBMRB0Q,2025,28
UCN6506blTCjlsfwnRBMRB0Q,2026,23
UCN9xSRO9lXdzO3mM3BCEt9w,2022,47
UCN9xSRO9lXdzO3mM3BCEt9w,2023,66
UCN9xSRO9lXdzO3mM3BCEt9w,2024,55
UCN9xSRO9lXdzO3mM3BCEt9w,2025,26
UCN9xSRO9lXdzO3mM3BCEt9w,2026,13
UCNDYUXSVC7ffBAGEktilzUQ,2024,198
UCNDYUXSVC7ffBAGEktilzUQ,2025,239
UCNDYUXSVC7ffBAGEktilzUQ,2026,263
UCNEjPeYZ1R9xQEjHFU__Nhw,2021,99
UCNEjPeYZ1R9xQEjHFU__Nhw,2022,27
UCNEjPeYZ1R9xQEjHFU__Nhw,2023,1
UCNEjPeYZ1R9xQEjHFU__Nhw,2024,11
UCNEjPeYZ1R9xQEjHFU__Nhw,2026,34
UCNGyEYW2pFjhR_YqSuC4zjg,2023,160
UCNGyEYW2pFjhR_YqSuC4zjg,2024,264
UCNGyEYW2pFjhR_YqSuC4zjg,2025,160
UCNGyEYW2pFjhR_YqSuC4zjg,2026,116
UCNLRchQpCrJaUvYo731Y_vg,2024,97
UCNLRchQpCrJaUvYo731Y_vg,2025,131
UCNLRchQpCrJaUvYo731Y_vg,2026,39
UCNLd5kFDUcQyiiiV8f56Tlw,2024,47
UCNLd5kFDUcQyiiiV8f56Tlw,2025,178
UCNLd5kFDUcQyiiiV8f56Tlw,2026,113
UCNMSbSb456HB-QHasfl7dtg,2024,11
UCNMSbSb456HB-QHasfl7dtg,2025,101
UCNMSbSb456HB-QHasfl7dtg,2026,36
UCNRhbYsDR35KlFvAeP_WmrA,2020,9
UCNRhbYsDR35KlFvAeP_WmrA,2021,58
UCNRhbYsDR35KlFvAeP_WmrA,2022,20
UCNRhbYsDR35KlFvAeP_WmrA,2023,99
UCNRhbYsDR35KlFvAeP_WmrA,2024,39
UCNRhbYsDR35KlFvAeP_WmrA,2025,2
UCNTEr2_96vJnXNazr5MwNLA,2023,127
UCNTEr2_96vJnXNazr5MwNLA,2024,123
UCNTEr2_96vJnXNazr5MwNLA,2025,102
UCNTEr2_96vJnXNazr5MwNLA,2026,65
UCNW0brB5G5GcBDXuJ1iDglw,2024,60
UCNW0brB5G5GcBDXuJ1iDglw,2025,27
UCNW0brB5G5GcBDXuJ1iDglw,2026,1
UCNak-g6_mKH-UkDLnrvjyzw,2025,73
UCNak-g6_mKH-UkDLnrvjyzw,2026,32
UCNbXahoA48lOdkSS9fAWmcQ,2024,167
UCNbXahoA48lOdkSS9fAWmcQ,2025,381
UCNbXahoA48lOdkSS9fAWmcQ,2026,152
UCNmZMq-4asLHHd0WvdO2iRQ,2026,4
UCNvLBLJ0HtlmeEKsGC5F4PQ,2021,1
UCNvLBLJ0HtlmeEKsGC5F4PQ,2022,136
UCNvLBLJ0HtlmeEKsGC5F4PQ,2023,7
UCNvLBLJ0HtlmeEKsGC5F4PQ,2025,5
UCNxjqm_u1zOpgisojN5WoSw,2022,51
UCNxjqm_u1zOpgisojN5WoSw,2023,184
UCNxjqm_u1zOpgisojN5WoSw,2024,58
UCNxjqm_u1zOpgisojN5WoSw,2025,33
UCNxjqm_u1zOpgisojN5WoSw,2026,16
UCNy9BIHfr9iuvGdeQ0jm1gA,2025,64
UCNy9BIHfr9iuvGdeQ0jm1gA,2026,142
UCO-cQ0fuaInGZHIxSn9iO3g,2023,10
UCO-cQ0fuaInGZHIxSn9iO3g,2024,49
UCO-cQ0fuaInGZHIxSn9iO3g,2025,46
UCO-cQ0fuaInGZHIxSn9iO3g,2026,25
UCO16Msf-IqFupuEiRYbmC7A,2021,1
UCO6R8Pc5g2R7ObJQPBGppdg,2022,72
UCO6R8Pc5g2R7ObJQPBGppdg,2023,170
UCO6R8Pc5g2R7ObJQPBGppdg,2024,95
UCO6R8Pc5g2R7ObJQPBGppdg,2025,69
UCO6R8Pc5g2R7ObJQPBGppdg,2026,40
UCO87oFEFK06LeevWL4WYEEA,2015,1
UCO87oFEFK06LeevWL4WYEEA,2016,12
UCO87oFEFK06LeevWL4WYEEA,2017,63
UCO87oFEFK06LeevWL4WYEEA,2018,24
UCO87oFEFK06LeevWL4WYEEA,2019,11
UCO87oFEFK06LeevWL4WYEEA,2020,61
UCO87oFEFK06LeevWL4WYEEA,2021,114
UCO87oFEFK06LeevWL4WYEEA,2022,29
UCO87oFEFK06LeevWL4WYEEA,2023,21
UCO87oFEFK06LeevWL4WYEEA,2026,11
UCO8YcEfbe_-_WlX9QTU6b0Q,2021,2
UCOFHRsSrDPOcdiz3Crc2ZBw,2022,1
UCOFHRsSrDPOcdiz3Crc2ZBw,2023,2
UCOFHRsSrDPOcdiz3Crc2ZBw,2024,118
UCOFHRsSrDPOcdiz3Crc2ZBw,2025,87
UCOFHRsSrDPOcdiz3Crc2ZBw,2026,52
UCOGGZpm2i6PXFI9yBvEueRA,2024,16
UCOGGZpm2i6PXFI9yBvEueRA,2025,23
UCOGGZpm2i6PXFI9yBvEueRA,2026,9
UCOH1TjDVrc5Mds_Xv3J8RFg,2024,109
UCOH1TjDVrc5Mds_Xv3J8RFg,2025,144
UCOH1TjDVrc5Mds_Xv3J8RFg,2026,44
UCOHKuZWqnh7JOMMGn7tVlLw,2022,77
UCOHKuZWqnh7JOMMGn7tVlLw,2023,21
UCOHKuZWqnh7JOMMGn7tVlLw,2024,24
UCOHKuZWqnh7JOMMGn7tVlLw,2025,59
UCOHKuZWqnh7JOMMGn7tVlLw,2026,79
UCOJiQA9afDpohgpxgKIKljA,2020,1
UCOJiQA9afDpohgpxgKIKljA,2023,117
UCOJiQA9afDpohgpxgKIKljA,2024,61
UCOJiQA9afDpohgpxgKIKljA,2025,4
UCOJiQA9afDpohgpxgKIKljA,2026,14
UCOMnre_EA7EoOVQEkBwWKRA,2025,374
UCOMnre_EA7EoOVQEkBwWKRA,2026,326
UCONVwO_B2jxgzpbsVopQ6fw,2023,6
UCONVwO_B2jxgzpbsVopQ6fw,2024,5
UCONVwO_B2jxgzpbsVopQ6fw,2026,1
UCOQXDZCXXd-05ikdDsNaPEQ,2020,3
UCOQXDZCXXd-05ikdDsNaPEQ,2021,1
UCOQXDZCXXd-05ikdDsNaPEQ,2022,14
UCOQXDZCXXd-05ikdDsNaPEQ,2023,14
UCOQXDZCXXd-05ikdDsNaPEQ,2024,1
UCOQXDZCXXd-05ikdDsNaPEQ,2025,1
UCOQXDZCXXd-05ikdDsNaPEQ,2026,1
UCOVpD7MesZKe44ZvLVuwXvA,2022,73
UCOVpD7MesZKe44ZvLVuwXvA,2023,172
UCOVpD7MesZKe44ZvLVuwXvA,2024,246
UCOVpD7MesZKe44ZvLVuwXvA,2025,209
UCOWt5oD4DqoGowGNz0F6Gkw,2021,19
UCOWt5oD4DqoGowGNz0F6Gkw,2022,105
UCOWt5oD4DqoGowGNz0F6Gkw,2023,61
UCOWt5oD4DqoGowGNz0F6Gkw,2024,6
UCOWt5oD4DqoGowGNz0F6Gkw,2026,132
UCOX-wAA5Yzn1JPt6MsgO8VQ,2025,28
UCOX-wAA5Yzn1JPt6MsgO8VQ,2026,68
UCOY60szLyP_E8RuT6jVAVHg,2023,43
UCOY60szLyP_E8RuT6jVAVHg,2024,251
UCOY60szLyP_E8RuT6jVAVHg,2025,86
UCOaTgKPjI9cgXLoDW7XFDDw,2021,127
UCOaTgKPjI9cgXLoDW7XFDDw,2022,192
UCOaTgKPjI9cgXLoDW7XFDDw,2023,164
UCOaTgKPjI9cgXLoDW7XFDDw,2024,164
UCOaTgKPjI9cgXLoDW7XFDDw,2025,53
UCOuVBxzBW503oxpubfVEF3Q,2023,1
UCOuVBxzBW503oxpubfVEF3Q,2024,8
UCOuVBxzBW503oxpubfVEF3Q,2025,59
UCOuVBxzBW503oxpubfVEF3Q,2026,105
UCOuX_UFS7o1y-JJN7cmHl1A,2021,38
UCOuX_UFS7o1y-JJN7cmHl1A,2022,73
UCOuX_UFS7o1y-JJN7cmHl1A,2023,142
UCOuX_UFS7o1y-JJN7cmHl1A,2024,212
UCOuX_UFS7o1y-JJN7cmHl1A,2025,130
UCOuX_UFS7o1y-JJN7cmHl1A,2026,70
UCOv6QnpFZfsVsOfh581sFrA,2022,1
UCOv6QnpFZfsVsOfh581sFrA,2023,7
UCOv6QnpFZfsVsOfh581sFrA,2024,80
UCOv6QnpFZfsVsOfh581sFrA,2025,80
UCOv6QnpFZfsVsOfh581sFrA,2026,89
UCOv7oTy19P_uD5LmMFP9qUA,2023,35
UCOv7oTy19P_uD5LmMFP9qUA,2024,182
UCOv7oTy19P_uD5LmMFP9qUA,2025,261
UCOv7oTy19P_uD5LmMFP9qUA,2026,222
UCOzFeOVoXq-E_8ClgO16msg,2020,6
UCOzFeOVoXq-E_8ClgO16msg,2021,82
UCOzFeOVoXq-E_8ClgO16msg,2022,59
UCOzFeOVoXq-E_8ClgO16msg,2023,41
UCOzFeOVoXq-E_8ClgO16msg,2024,40
UCOzFeOVoXq-E_8ClgO16msg,2025,2
UCOzFeOVoXq-E_8ClgO16msg,2026,1
UCP1bDt91t4IsUJ4EgPBg1Og,2022,76
UCP1bDt91t4IsUJ4EgPBg1Og,2023,139
UCP1bDt91t4IsUJ4EgPBg1Og,2024,97
UCP1bDt91t4IsUJ4EgPBg1Og,2025,163
UCP1bDt91t4IsUJ4EgPBg1Og,2026,103
UCP8tsYT8efX32P4WUlNrFOA,2021,5
UCP8tsYT8efX32P4WUlNrFOA,2022,49
UCP8tsYT8efX32P4WUlNrFOA,2023,4
UCP8tsYT8efX32P4WUlNrFOA,2024,9
UCP8tsYT8efX32P4WUlNrFOA,2025,11
UCP8tsYT8efX32P4WUlNrFOA,2026,6
UCP9x4Ib5jyCiZTjcRY8HTsg,2020,31
UCP9x4Ib5jyCiZTjcRY8HTsg,2021,6
UCPHqJsNtOp94Vcol4DPKpSA,2021,21
UCPHqJsNtOp94Vcol4DPKpSA,2022,17
UCPHqJsNtOp94Vcol4DPKpSA,2023,26
UCPHqJsNtOp94Vcol4DPKpSA,2024,42
UCPHqJsNtOp94Vcol4DPKpSA,2025,17
UCPHqJsNtOp94Vcol4DPKpSA,2026,1
UCPKp1agiHSOwu9iPyb6WSNw,2020,8
UCPKp1agiHSOwu9iPyb6WSNw,2021,30
UCPKp1agiHSOwu9iPyb6WSNw,2022,59
UCPKp1agiHSOwu9iPyb6WSNw,2023,98
UCPKp1agiHSOwu9iPyb6WSNw,2024,48
UCPKp1agiHSOwu9iPyb6WSNw,2025,36
UCPKp1agiHSOwu9iPyb6WSNw,2026,4
UCPLU2nDo8FV9JAyXLAcTsCw,2019,2
UCPLU2nDo8FV9JAyXLAcTsCw,2020,1
UCPLU2nDo8FV9JAyXLAcTsCw,2021,1
UCPLU2nDo8FV9JAyXLAcTsCw,2022,16
UCPLU2nDo8FV9JAyXLAcTsCw,2023,27
UCPLU2nDo8FV9JAyXLAcTsCw,2024,70
UCPLU2nDo8FV9JAyXLAcTsCw,2025,83
UCPLU2nDo8FV9JAyXLAcTsCw,2026,16
UCPMOk4hbIh5A-_6uNhzAvDg,2022,12
UCPMOk4hbIh5A-_6uNhzAvDg,2023,190
UCPMOk4hbIh5A-_6uNhzAvDg,2024,186
UCPMOk4hbIh5A-_6uNhzAvDg,2025,177
UCPMOk4hbIh5A-_6uNhzAvDg,2026,135
UCPVWE9LAQH_Tttu3bHT8puQ,2026,69
UCPb2Vtt7YjjaNsqlk3Za9-A,2022,185
UCPb2Vtt7YjjaNsqlk3Za9-A,2023,185
UCPb2Vtt7YjjaNsqlk3Za9-A,2024,177
UCPb2Vtt7YjjaNsqlk3Za9-A,2025,59
UCPb2Vtt7YjjaNsqlk3Za9-A,2026,47
UCPb3O6Vqyk7b5b1cpYXGxhQ,2023,3
UCPb3O6Vqyk7b5b1cpYXGxhQ,2024,185
UCPb3O6Vqyk7b5b1cpYXGxhQ,2025,104
UCPb3O6Vqyk7b5b1cpYXGxhQ,2026,59
UCPdYJjRagj71zeEgh3v0R6Q,2022,56
UCPdYJjRagj71zeEgh3v0R6Q,2023,94
UCPdYJjRagj71zeEgh3v0R6Q,2024,98
UCPdYJjRagj71zeEgh3v0R6Q,2025,128
UCPdYJjRagj71zeEgh3v0R6Q,2026,31
UCPf8rkZeeiHlQUC0CMgxPQw,2023,31
UCPf8rkZeeiHlQUC0CMgxPQw,2024,72
UCPf8rkZeeiHlQUC0CMgxPQw,2025,31
UCPf8rkZeeiHlQUC0CMgxPQw,2026,40
UCPfqcgrqpaSMqxezIqf7DuQ,2024,47
UCPfqcgrqpaSMqxezIqf7DuQ,2025,132
UCPfqcgrqpaSMqxezIqf7DuQ,2026,34
UCPgZ3g9jYeuj5mLBJ5APp0A,2021,51
UCPgZ3g9jYeuj5mLBJ5APp0A,2022,46
UCPgZ3g9jYeuj5mLBJ5APp0A,2023,16
UCPgZ3g9jYeuj5mLBJ5APp0A,2024,4
UCPh5ZGdw9LkBXxpCAdSaCrw,2025,124
UCPh5ZGdw9LkBXxpCAdSaCrw,2026,40
UCPiTBgk5j5A8wDdoyJ-01iA,2023,223
UCPiTBgk5j5A8wDdoyJ-01iA,2024,171
UCPiTBgk5j5A8wDdoyJ-01iA,2025,112
UCPiTBgk5j5A8wDdoyJ-01iA,2026,15
UCPkvqo6J3A8Y2_mCQmUl-zA,2025,23
UCPkvqo6J3A8Y2_mCQmUl-zA,2026,17
UCPtO4Ttn7kqIaxDHBr15fNQ,2021,1
UCPtO4Ttn7kqIaxDHBr15fNQ,2022,144
UCPtO4Ttn7kqIaxDHBr15fNQ,2023,178
UCPtO4Ttn7kqIaxDHBr15fNQ,2024,137
UCPtO4Ttn7kqIaxDHBr15fNQ,2025,55
UCPtO4Ttn7kqIaxDHBr15fNQ,2026,8
UCPtSgQ5-yCPl9wbo5w7tmWQ,2021,74
UCPtSgQ5-yCPl9wbo5w7tmWQ,2022,63
UCPtSgQ5-yCPl9wbo5w7tmWQ,2023,157
UCPtSgQ5-yCPl9wbo5w7tmWQ,2024,157
UCPtSgQ5-yCPl9wbo5w7tmWQ,2025,175
UCPtSgQ5-yCPl9wbo5w7tmWQ,2026,74
UCPtilLPQCGVrhxeuu7nbxRQ,2025,144
UCPtilLPQCGVrhxeuu7nbxRQ,2026,82
UCPuf-39u2U7T-5ClpMYQgWA,2022,32
UCPuf-39u2U7T-5ClpMYQgWA,2023,15
UCPuf-39u2U7T-5ClpMYQgWA,2025,103
UCPuf-39u2U7T-5ClpMYQgWA,2026,72
UCQ6O2psxMSAQ5Tt2DUp3_Rg,2025,1
UCQ6O2psxMSAQ5Tt2DUp3_Rg,2026,3
UCQ71gJATjZSuE2-jCvBddog,2024,75
UCQ71gJATjZSuE2-jCvBddog,2025,28
UCQ71gJATjZSuE2-jCvBddog,2026,13
UCQClP6HJ_vecN7W2YmTnLmg,2022,30
UCQClP6HJ_vecN7W2YmTnLmg,2023,15
UCQClP6HJ_vecN7W2YmTnLmg,2024,12
UCQClP6HJ_vecN7W2YmTnLmg,2025,1
UCQGAawBLXuFEodAGOANkAdQ,2023,70
UCQGAawBLXuFEodAGOANkAdQ,2024,215
UCQGAawBLXuFEodAGOANkAdQ,2025,121
UCQGzkjj0cgwm5pOGVhzUs3A,2024,69
UCQGzkjj0cgwm5pOGVhzUs3A,2025,203
UCQGzkjj0cgwm5pOGVhzUs3A,2026,37
UCQMHAPgxhO634HZIJraHPTA,2021,137
UCQMHAPgxhO634HZIJraHPTA,2022,38
UCQMUyz21FbKDC_8o-5iQ7ZA,2022,70
UCQS3nybcx-p4g8oFidDRMXA,2025,77
UCQS3nybcx-p4g8oFidDRMXA,2026,107
UCQSPYuDISdhcuvXsAhn3BTQ,2022,82
UCQSPYuDISdhcuvXsAhn3BTQ,2023,100
UCQSPYuDISdhcuvXsAhn3BTQ,2024,320
UCQSPYuDISdhcuvXsAhn3BTQ,2025,139
UCQSPYuDISdhcuvXsAhn3BTQ,2026,59
UCQV-OVdAFkMRyZyotBxX6TQ,2026,154
UCQVYQZO7SBMPXHNvKxE16Gg,2022,1
UCQWJr6Du-UVmOwuEzDzfk_w,2021,50
UCQWJr6Du-UVmOwuEzDzfk_w,2022,3
UCQdJThdCgaDzgk0je69GfhQ,2025,314
UCQdJThdCgaDzgk0je69GfhQ,2026,233
UCQf7QAgBILAuLKG0Eg_WLBw,2023,51
UCQf7QAgBILAuLKG0Eg_WLBw,2024,51
UCQf7QAgBILAuLKG0Eg_WLBw,2025,116
UCQf7QAgBILAuLKG0Eg_WLBw,2026,81
UCQkOhOg9Q1uYjfHSvuHMX6w,2025,101
UCQkOhOg9Q1uYjfHSvuHMX6w,2026,23
UCQlpWpnmSm9wn3L1eTVWnbA,2025,1
UCQs4BC3S0KSw7i0ggHXn8TA,2024,94
UCQs4BC3S0KSw7i0ggHXn8TA,2025,22
UCQsrKHkR4lZpdKVL8QOgtgg,2022,87
UCQsrKHkR4lZpdKVL8QOgtgg,2023,91
UCQsrKHkR4lZpdKVL8QOgtgg,2024,170
UCQsrKHkR4lZpdKVL8QOgtgg,2025,196
UCQsrKHkR4lZpdKVL8QOgtgg,2026,156
UCR-zVE5eBtbAnTHlZFz5Pzg,2021,24
UCR-zVE5eBtbAnTHlZFz5Pzg,2022,16
UCR-zVE5eBtbAnTHlZFz5Pzg,2023,2
UCR-zVE5eBtbAnTHlZFz5Pzg,2024,29
UCR-zVE5eBtbAnTHlZFz5Pzg,2025,2
UCR1Htb-H1-tus7UPotPh69A,2022,173
UCR1Htb-H1-tus7UPotPh69A,2023,106
UCR1Htb-H1-tus7UPotPh69A,2024,152
UCR1Htb-H1-tus7UPotPh69A,2025,175
UCR1Htb-H1-tus7UPotPh69A,2026,94
UCR4Vap93GIkE4zA4DrMW-Rw,2024,121
UCR4Vap93GIkE4zA4DrMW-Rw,2025,374
UCR4Vap93GIkE4zA4DrMW-Rw,2026,205
UCRG5fX1v4b-3sUyKfAAtxxA,2024,262
UCRG5fX1v4b-3sUyKfAAtxxA,2025,286
UCRG5fX1v4b-3sUyKfAAtxxA,2026,152
UCRGaEF2NMlp0n3gTlPFj27Q,2024,45
UCRGaEF2NMlp0n3gTlPFj27Q,2025,173
UCRGaEF2NMlp0n3gTlPFj27Q,2026,127
UCRNJOb6iROvOKqWiB9H1lBg,2017,1
UCRNJOb6iROvOKqWiB9H1lBg,2018,10
UCRNJOb6iROvOKqWiB9H1lBg,2019,28
UCRNJOb6iROvOKqWiB9H1lBg,2020,49
UCRNJOb6iROvOKqWiB9H1lBg,2021,36
UCRNJOb6iROvOKqWiB9H1lBg,2022,15
UCRNJOb6iROvOKqWiB9H1lBg,2023,10
UCRNJOb6iROvOKqWiB9H1lBg,2024,9
UCRNJOb6iROvOKqWiB9H1lBg,2025,8
UCRNJOb6iROvOKqWiB9H1lBg,2026,4
UCRYa4rXZl4M4aXDVdRWamZA,2025,83
UCRYa4rXZl4M4aXDVdRWamZA,2026,64
UCRZE5IMKRUpTgfjaniVKpbg,2024,19
UCRZE5IMKRUpTgfjaniVKpbg,2025,34
UCRZE5IMKRUpTgfjaniVKpbg,2026,9
UCRaAduo6w37DoPahoaiVbTg,2022,232
UCRaAduo6w37DoPahoaiVbTg,2023,58
UCRiS4VWQedLfgE1g1AKD1DQ,2023,57
UCRiS4VWQedLfgE1g1AKD1DQ,2024,239
UCRiS4VWQedLfgE1g1AKD1DQ,2025,61
UCRjdIz5ngcJVDZ-bjs2mEzg,2022,13
UCRjdIz5ngcJVDZ-bjs2mEzg,2023,25
UCRjdIz5ngcJVDZ-bjs2mEzg,2024,43
UCRjdIz5ngcJVDZ-bjs2mEzg,2025,44
UCRjdIz5ngcJVDZ-bjs2mEzg,2026,222
UCRldXR7ASrCYYoxeqOU-_og,2020,1
UCRldXR7ASrCYYoxeqOU-_og,2021,13
UCRldXR7ASrCYYoxeqOU-_og,2022,32
UCRldXR7ASrCYYoxeqOU-_og,2023,5
UCRldXR7ASrCYYoxeqOU-_og,2025,2
UCRldXR7ASrCYYoxeqOU-_og,2026,1
UCRpEzYWkJforn6YhvaSVXtA,2023,44
UCRpEzYWkJforn6YhvaSVXtA,2024,100
UCRpEzYWkJforn6YhvaSVXtA,2025,39
UCRpX7uvjkoy3-j_U_3atvog,2024,46
UCRpX7uvjkoy3-j_U_3atvog,2025,127
UCRpX7uvjkoy3-j_U_3atvog,2026,4
UCRq6GGcCP8sjIRfzIhfmv4w,2025,10
UCRq6GGcCP8sjIRfzIhfmv4w,2026,63
UCRyGfYHjCHIeWZQRpdnDKMg,2024,112
UCRyGfYHjCHIeWZQRpdnDKMg,2025,360
UCRyGfYHjCHIeWZQRpdnDKMg,2026,129
UCS1PrWcX95lKikSMIsm6eRg,2021,13
UCS1PrWcX95lKikSMIsm6eRg,2022,119
UCS1PrWcX95lKikSMIsm6eRg,2023,74
UCS1PrWcX95lKikSMIsm6eRg,2024,55
UCS1PrWcX95lKikSMIsm6eRg,2025,49
UCS1PrWcX95lKikSMIsm6eRg,2026,18
UCS2-t9SC5UZ9kS_bhbAxPaw,2021,26
UCS2-t9SC5UZ9kS_bhbAxPaw,2022,57
UCS2-t9SC5UZ9kS_bhbAxPaw,2023,51
UCS2-t9SC5UZ9kS_bhbAxPaw,2024,53
UCS2-t9SC5UZ9kS_bhbAxPaw,2025,102
UCS2-t9SC5UZ9kS_bhbAxPaw,2026,58
UCS2xtM_DkvYKVxBEQxIf2-g,2021,28
UCS2xtM_DkvYKVxBEQxIf2-g,2022,70
UCS2xtM_DkvYKVxBEQxIf2-g,2023,4
UCS2xtM_DkvYKVxBEQxIf2-g,2026,18
UCS7XTVaCOg-rBOEM6Lyw5Jg,2023,4
UCS7XTVaCOg-rBOEM6Lyw5Jg,2024,13
UCS7XTVaCOg-rBOEM6Lyw5Jg,2025,1
UCS9vgAEQSQDhgTRIskKA2tA,2023,52
UCS9vgAEQSQDhgTRIskKA2tA,2024,189
UCS9vgAEQSQDhgTRIskKA2tA,2025,160
UCS9vgAEQSQDhgTRIskKA2tA,2026,102
UCSB3FXovZ5GLLAIfYyuXYJg,2024,94
UCSB3FXovZ5GLLAIfYyuXYJg,2025,150
UCSB3FXovZ5GLLAIfYyuXYJg,2026,54
UCSFXk1n7GTDk6x_7HWlopjA,2022,24
UCSFXk1n7GTDk6x_7HWlopjA,2023,9
UCSFXk1n7GTDk6x_7HWlopjA,2024,29
UCSFXk1n7GTDk6x_7HWlopjA,2025,71
UCSFXk1n7GTDk6x_7HWlopjA,2026,3
UCSG5e3zBiGSZRvD42HSnbxw,2023,1
UCSG5e3zBiGSZRvD42HSnbxw,2024,111
UCSG5e3zBiGSZRvD42HSnbxw,2025,24
UCSG5e3zBiGSZRvD42HSnbxw,2026,50
UCSMH958kINERMdSx7u76Fmg,2025,5
UCSMH958kINERMdSx7u76Fmg,2026,53
UCSOxauTBY7eKbUnQ86W708Q,2019,2
UCSOxauTBY7eKbUnQ86W708Q,2020,6
UCSOxauTBY7eKbUnQ86W708Q,2021,6
UCSOxauTBY7eKbUnQ86W708Q,2022,14
UCSOxauTBY7eKbUnQ86W708Q,2023,12
UCSOxauTBY7eKbUnQ86W708Q,2024,28
UCSOxauTBY7eKbUnQ86W708Q,2025,21
UCSOxauTBY7eKbUnQ86W708Q,2026,16
UCSPAN-WjdncItj4wMfi451g,2024,132
UCSPAN-WjdncItj4wMfi451g,2025,147
UCSPAN-WjdncItj4wMfi451g,2026,78
UCSR9HXXmM7Er6ebxyIoBgpw,2025,41
UCSR9HXXmM7Er6ebxyIoBgpw,2026,658
UCSXwfOj8mTDxE1ZaIEHXN2w,2022,16
UCSXwfOj8mTDxE1ZaIEHXN2w,2023,11
UCSZe92Gr5MIRyGSokkfOOzg,2026,14
UCSaQSMvF2aOoz6GTnrb6VXw,2024,2
UCSaQSMvF2aOoz6GTnrb6VXw,2025,1
UCSaQSMvF2aOoz6GTnrb6VXw,2026,42
UCSdtAY_t7uWTGhzka8QEO4Q,2024,56
UCSdtAY_t7uWTGhzka8QEO4Q,2025,102
UCSdtAY_t7uWTGhzka8QEO4Q,2026,37
UCSjgfxkp4S7l1BrUObNUzzw,2025,100
UCSjgfxkp4S7l1BrUObNUzzw,2026,46
UCSlT8Mc_dty5c_cFmi1zz4Q,2025,12
UCSlT8Mc_dty5c_cFmi1zz4Q,2026,200
UCSmwbpH_ZvRCn8-gbggGfTw,2021,44
UCSmwbpH_ZvRCn8-gbggGfTw,2022,27
UCSmwbpH_ZvRCn8-gbggGfTw,2023,38
UCSmwbpH_ZvRCn8-gbggGfTw,2024,15
UCSmwbpH_ZvRCn8-gbggGfTw,2025,6
UCSmwbpH_ZvRCn8-gbggGfTw,2026,3
UCSoFIMz3y6jOVMg8nggpcMQ,2025,12
UCSoFIMz3y6jOVMg8nggpcMQ,2026,198
UCSpIYbnsnaXgRpIpipxJRcw,2024,32
UCSpIYbnsnaXgRpIpipxJRcw,2025,62
UCSpIYbnsnaXgRpIpipxJRcw,2026,18
UCSqQDeXi3tLW_MyHnwTgvDA,2020,28
UCSqQDeXi3tLW_MyHnwTgvDA,2021,114
UCSqQDeXi3tLW_MyHnwTgvDA,2022,67
UCSqQDeXi3tLW_MyHnwTgvDA,2023,15
UCSqQDeXi3tLW_MyHnwTgvDA,2024,10
UCSqQDeXi3tLW_MyHnwTgvDA,2025,3
UCSqQDeXi3tLW_MyHnwTgvDA,2026,3
UCSus3TGWTuMjiQWycSI1CaA,2025,28
UCSus3TGWTuMjiQWycSI1CaA,2026,12
UCSviD27_MRT7oAdJUi0StPQ,2024,203
UCSviD27_MRT7oAdJUi0StPQ,2025,67
UCSviD27_MRT7oAdJUi0StPQ,2026,155
UCSxxTmjwf04nMcIALS1RyMQ,2024,187
UCSxxTmjwf04nMcIALS1RyMQ,2025,301
UCSxxTmjwf04nMcIALS1RyMQ,2026,212
UCSy4T_D4xz0IcnrAoNKd8Sw,2022,1
UCSy4T_D4xz0IcnrAoNKd8Sw,2024,125
UCSy4T_D4xz0IcnrAoNKd8Sw,2025,51
UCSy4T_D4xz0IcnrAoNKd8Sw,2026,2
UCSyG0x9lhNOi6hbyVy7hZ7g,2021,3
UCSyG0x9lhNOi6hbyVy7hZ7g,2022,7
UCSyG0x9lhNOi6hbyVy7hZ7g,2023,87
UCSyG0x9lhNOi6hbyVy7hZ7g,2024,95
UCSyG0x9lhNOi6hbyVy7hZ7g,2025,270
UCSyG0x9lhNOi6hbyVy7hZ7g,2026,142
UCT-XhKtg0Ld-uAjsdf-qFMA,2026,67
UCT0u795YFp9O_k9cL5d0RZg,2022,1
UCT6AsljeggMR6rqkQ5NSeRA,2024,18
UCT6AsljeggMR6rqkQ5NSeRA,2025,98
UCT6AsljeggMR6rqkQ5NSeRA,2026,43
UCT6E1GD1uAXAG6fWQCGPVXA,2022,85
UCT6E1GD1uAXAG6fWQCGPVXA,2023,122
UCT6E1GD1uAXAG6fWQCGPVXA,2024,106
UCT6E1GD1uAXAG6fWQCGPVXA,2025,90
UCT6E1GD1uAXAG6fWQCGPVXA,2026,76
UCTAEz5besWbmV4xp13zc0HA,2023,47
UCTAEz5besWbmV4xp13zc0HA,2024,213
UCTAEz5besWbmV4xp13zc0HA,2025,240
UCTAEz5besWbmV4xp13zc0HA,2026,200
UCTD-nm97tb5Sh7_ou7LFSUQ,2023,36
UCTD-nm97tb5Sh7_ou7LFSUQ,2024,228
UCTD-nm97tb5Sh7_ou7LFSUQ,2025,39
UCTE0_50-t5vJqrC832LV2eQ,2024,118
UCTE0_50-t5vJqrC832LV2eQ,2025,3
UCTIi4NC8SvzUZDMExjCscVA,2020,1
UCTJ1Zw4hW6L7iZ1i9aaIF7A,2025,54
UCTJ1Zw4hW6L7iZ1i9aaIF7A,2026,50
UCTPI0_Vjw_vnKlbHXN1H-Tw,2024,1
UCTPI0_Vjw_vnKlbHXN1H-Tw,2025,39
UCTPI0_Vjw_vnKlbHXN1H-Tw,2026,11
UCTRQ7X-nxix3gjjXUb6ylvA,2024,166
UCTRQ7X-nxix3gjjXUb6ylvA,2025,90
UCTRQ7X-nxix3gjjXUb6ylvA,2026,75
UCTSWYTxXHbb_9sbz84xSR8Q,2024,83
UCTSWYTxXHbb_9sbz84xSR8Q,2025,269
UCTSWYTxXHbb_9sbz84xSR8Q,2026,122
UCTb15SroUenoP9Ckboz6s3g,2024,20
UCTb15SroUenoP9Ckboz6s3g,2025,393
UCTb15SroUenoP9Ckboz6s3g,2026,286
UCTbgUT9_ipoQbiC7IxhJdoQ,2021,37
UCTbgUT9_ipoQbiC7IxhJdoQ,2022,49
UCTbgUT9_ipoQbiC7IxhJdoQ,2023,19
UCTbgUT9_ipoQbiC7IxhJdoQ,2024,8
UCTbgUT9_ipoQbiC7IxhJdoQ,2025,13
UCTbgUT9_ipoQbiC7IxhJdoQ,2026,6
UCTc2h8nlS0U1LhCjMgHVFzw,2023,15
UCTc2h8nlS0U1LhCjMgHVFzw,2024,39
UCTc2h8nlS0U1LhCjMgHVFzw,2025,53
UCTc2h8nlS0U1LhCjMgHVFzw,2026,28
UCTpRi8YKKMNfY_YviDeFNig,2024,4
UCTpRi8YKKMNfY_YviDeFNig,2025,196
UCTpRi8YKKMNfY_YviDeFNig,2026,112
UCTt2KsR8ZwnsTyoebl3eXsQ,2025,86
UCTt2KsR8ZwnsTyoebl3eXsQ,2026,39
UCTtgiI6vO_zxlcOBLd3P7Jg,2023,16
UCTtgiI6vO_zxlcOBLd3P7Jg,2024,74
UCTtgiI6vO_zxlcOBLd3P7Jg,2025,54
UCTtgiI6vO_zxlcOBLd3P7Jg,2026,22
UCTuKqG6tWqVKKWMGO1Uhdsg,2024,15
UCTuKqG6tWqVKKWMGO1Uhdsg,2025,17
UCTuKqG6tWqVKKWMGO1Uhdsg,2026,19
UCTxCJt6jtRKeLJys0AaSUew,2022,16
UCTxCJt6jtRKeLJys0AaSUew,2023,20
UCTxCJt6jtRKeLJys0AaSUew,2024,90
UCTxCJt6jtRKeLJys0AaSUew,2025,134
UCTxCJt6jtRKeLJys0AaSUew,2026,436
UCTygto_BZDamXNv2YRqPNKg,2021,1
UCTygto_BZDamXNv2YRqPNKg,2025,2
UCU-O713Qgg5-OKKlt6nceiQ,2023,34
UCU-O713Qgg5-OKKlt6nceiQ,2024,67
UCU-O713Qgg5-OKKlt6nceiQ,2025,50
UCU-O713Qgg5-OKKlt6nceiQ,2026,36
UCU17NWo-I4dIYYbWBjU2cHg,2023,2
UCU17NWo-I4dIYYbWBjU2cHg,2024,1
UCU17NWo-I4dIYYbWBjU2cHg,2025,12
UCU17NWo-I4dIYYbWBjU2cHg,2026,18
UCU1t3KkZ6-ytH1stNylfv1Q,2025,141
UCU1t3KkZ6-ytH1stNylfv1Q,2026,72
UCU5Bt3GkZmiYkazw37gJqIw,2025,2
UCU5Bt3GkZmiYkazw37gJqIw,2026,93
UCU6UxFBQ19d2otSnCPeyykg,2023,11
UCU6UxFBQ19d2otSnCPeyykg,2024,121
UCU6UxFBQ19d2otSnCPeyykg,2025,48
UCU6UxFBQ19d2otSnCPeyykg,2026,46
UCU8-PjzR1iFtqdmATtRrYYQ,2024,126
UCU8-PjzR1iFtqdmATtRrYYQ,2025,210
UCU8-PjzR1iFtqdmATtRrYYQ,2026,142
UCUBooBbB6GNYvQJEna3eRBQ,2023,85
UCUBooBbB6GNYvQJEna3eRBQ,2024,180
UCUBooBbB6GNYvQJEna3eRBQ,2025,39
UCUBooBbB6GNYvQJEna3eRBQ,2026,9
UCUGwdp5xDeKhuhHBgZLX_ng,2018,5
UCUGwdp5xDeKhuhHBgZLX_ng,2019,3
UCUGwdp5xDeKhuhHBgZLX_ng,2020,3
UCUGwdp5xDeKhuhHBgZLX_ng,2021,5
UCUGwdp5xDeKhuhHBgZLX_ng,2022,27
UCUGwdp5xDeKhuhHBgZLX_ng,2023,12
UCUGwdp5xDeKhuhHBgZLX_ng,2024,97
UCUGwdp5xDeKhuhHBgZLX_ng,2025,112
UCUGwdp5xDeKhuhHBgZLX_ng,2026,71
UCUH2P2QP0-0wbHJkOQbK5WQ,2023,8
UCUH2P2QP0-0wbHJkOQbK5WQ,2024,13
UCUH2P2QP0-0wbHJkOQbK5WQ,2025,18
UCUH2P2QP0-0wbHJkOQbK5WQ,2026,83
UCUHopfMWIslGzHiNMs-vtVw,2022,56
UCUHopfMWIslGzHiNMs-vtVw,2023,62
UCUHopfMWIslGzHiNMs-vtVw,2024,77
UCUHopfMWIslGzHiNMs-vtVw,2025,169
UCUHopfMWIslGzHiNMs-vtVw,2026,13
UCULjjXc2IgdCBaEVD-Qgaqw,2023,2
UCUOVWfFzNwIfu3_MfXegyPA,2023,60
UCUOVWfFzNwIfu3_MfXegyPA,2024,254
UCUOVWfFzNwIfu3_MfXegyPA,2025,236
UCUOVWfFzNwIfu3_MfXegyPA,2026,149
UCUPi3XlTX0rLUWjFHifNl-Q,2009,22
UCUPi3XlTX0rLUWjFHifNl-Q,2010,9
UCUPi3XlTX0rLUWjFHifNl-Q,2011,15
UCUPi3XlTX0rLUWjFHifNl-Q,2012,12
UCUPi3XlTX0rLUWjFHifNl-Q,2013,8
UCUPi3XlTX0rLUWjFHifNl-Q,2014,11
UCUPi3XlTX0rLUWjFHifNl-Q,2015,1
UCUPi3XlTX0rLUWjFHifNl-Q,2016,2
UCUPi3XlTX0rLUWjFHifNl-Q,2017,5
UCUPi3XlTX0rLUWjFHifNl-Q,2018,8
UCUPi3XlTX0rLUWjFHifNl-Q,2019,3
UCUPi3XlTX0rLUWjFHifNl-Q,2021,9
UCUPi3XlTX0rLUWjFHifNl-Q,2022,80
UCUPi3XlTX0rLUWjFHifNl-Q,2023,76
UCUPi3XlTX0rLUWjFHifNl-Q,2024,67
UCUPi3XlTX0rLUWjFHifNl-Q,2025,75
UCUPi3XlTX0rLUWjFHifNl-Q,2026,88
UCUR0HEtdHk4nx2WddW0Qthg,2020,54
UCUR0HEtdHk4nx2WddW0Qthg,2021,241
UCUR0HEtdHk4nx2WddW0Qthg,2022,220
UCUR0HEtdHk4nx2WddW0Qthg,2023,142
UCURO2Hz8CWn0knwFbNTo2ng,2024,93
UCURO2Hz8CWn0knwFbNTo2ng,2025,131
UCURO2Hz8CWn0knwFbNTo2ng,2026,115
UCURSzDgzFhYWhKDySspPisA,2022,69
UCURSzDgzFhYWhKDySspPisA,2023,141
UCURSzDgzFhYWhKDySspPisA,2024,221
UCURSzDgzFhYWhKDySspPisA,2025,171
UCURSzDgzFhYWhKDySspPisA,2026,97
UCUTA8ZrTOZGUNezeAYWrajg,2025,120
UCUUiRsJXOGaGUMsgwX1h_5g,2021,27
UCUUiRsJXOGaGUMsgwX1h_5g,2022,28
UCUUiRsJXOGaGUMsgwX1h_5g,2023,43
UCUUiRsJXOGaGUMsgwX1h_5g,2024,219
UCUUiRsJXOGaGUMsgwX1h_5g,2025,203
UCUUiRsJXOGaGUMsgwX1h_5g,2026,91
UCUUvW_FwpvBRsubHH7loRFA,2020,1
UCUUvW_FwpvBRsubHH7loRFA,2021,40
UCUUvW_FwpvBRsubHH7loRFA,2022,76
UCUUvW_FwpvBRsubHH7loRFA,2023,104
UCUUvW_FwpvBRsubHH7loRFA,2024,53
UCUUvW_FwpvBRsubHH7loRFA,2025,59
UCUUvW_FwpvBRsubHH7loRFA,2026,11
UCUXyd8UJv3jOudmtabpsRfQ,2024,7
UCUYOr3CaHR0XIv0FfM22CyA,2017,4
UCUYOr3CaHR0XIv0FfM22CyA,2018,3
UCUYOr3CaHR0XIv0FfM22CyA,2021,3
UCUYOr3CaHR0XIv0FfM22CyA,2023,11
UCUYOr3CaHR0XIv0FfM22CyA,2024,19
UCUYOr3CaHR0XIv0FfM22CyA,2025,106
UCUYOr3CaHR0XIv0FfM22CyA,2026,73
UCUaWCz3UX9XNdA97qPHuAYg,2025,111
UCUaWCz3UX9XNdA97qPHuAYg,2026,72
UCUajlJqlGrWNNdCUEwgvI0g,2022,5
UCUec0cPy5IPOXNODqho9wNw,2021,5
UCUec0cPy5IPOXNODqho9wNw,2022,133
UCUec0cPy5IPOXNODqho9wNw,2023,81
UCUec0cPy5IPOXNODqho9wNw,2024,86
UCUec0cPy5IPOXNODqho9wNw,2025,160
UCUec0cPy5IPOXNODqho9wNw,2026,101
UCUf34M2JBvh6JK-fNR34d6w,2022,30
UCUf34M2JBvh6JK-fNR34d6w,2023,151
UCUf34M2JBvh6JK-fNR34d6w,2024,63
UCUf34M2JBvh6JK-fNR34d6w,2025,104
UCUf34M2JBvh6JK-fNR34d6w,2026,24
UCUfM5IcATD5-AB1If9v7wTA,2025,104
UCUfM5IcATD5-AB1If9v7wTA,2026,56
UCUhJEHIfPOZorfvJmvgievA,2021,12
UCUhJEHIfPOZorfvJmvgievA,2022,47
UCUhJEHIfPOZorfvJmvgievA,2023,26
UCUhJEHIfPOZorfvJmvgievA,2024,8
UCUhJEHIfPOZorfvJmvgievA,2025,39
UCUhJEHIfPOZorfvJmvgievA,2026,71
UCUlc9fwNihOqufbS8KtakvA,2020,1
UCUlyl-zRpqE1Dm0GYoKFEJw,2020,1
UCUlyl-zRpqE1Dm0GYoKFEJw,2021,109
UCUlyl-zRpqE1Dm0GYoKFEJw,2022,72
UCUlyl-zRpqE1Dm0GYoKFEJw,2023,14
UCUlyl-zRpqE1Dm0GYoKFEJw,2024,6
UCUlyl-zRpqE1Dm0GYoKFEJw,2025,2
UCUmR1YXqxbx1NXusY2ugj8A,2024,35
UCUmR1YXqxbx1NXusY2ugj8A,2025,90
UCUmR1YXqxbx1NXusY2ugj8A,2026,57
UCUqKneO3jlE5_HS6leBiXOw,2021,14
UCUqKneO3jlE5_HS6leBiXOw,2022,222
UCUqKneO3jlE5_HS6leBiXOw,2023,215
UCUqKneO3jlE5_HS6leBiXOw,2024,108
UCUqKneO3jlE5_HS6leBiXOw,2025,94
UCUqKneO3jlE5_HS6leBiXOw,2026,47
UCUz8QMqTQYtmKprSeGGKEkw,2021,1
UCUz8QMqTQYtmKprSeGGKEkw,2022,86
UCUz8QMqTQYtmKprSeGGKEkw,2023,61
UCUz8QMqTQYtmKprSeGGKEkw,2024,86
UCUz8QMqTQYtmKprSeGGKEkw,2025,152
UCUz8QMqTQYtmKprSeGGKEkw,2026,105
UCV3mg1zXhXfWHcL2iq3z-Aw,2023,1
UCV3mg1zXhXfWHcL2iq3z-Aw,2024,18
UCV3mg1zXhXfWHcL2iq3z-Aw,2025,179
UCV3mg1zXhXfWHcL2iq3z-Aw,2026,101
UCV7dVXp53A48-Iwqg5BezQA,2021,1
UCV7dVXp53A48-Iwqg5BezQA,2025,3
UCV7dVXp53A48-Iwqg5BezQA,2026,1
UCVAsOHcLLGVQq6aOpesOwBQ,2022,135
UCVAsOHcLLGVQq6aOpesOwBQ,2023,140
UCVAsOHcLLGVQq6aOpesOwBQ,2024,148
UCVAsOHcLLGVQq6aOpesOwBQ,2025,164
UCVAsOHcLLGVQq6aOpesOwBQ,2026,113
UCVBaM-3Ot6LmwX1cbhqQvVw,2023,1
UCVBaM-3Ot6LmwX1cbhqQvVw,2024,7
UCVBaM-3Ot6LmwX1cbhqQvVw,2025,1
UCVBaM-3Ot6LmwX1cbhqQvVw,2026,102
UCVEL1jAgCQNQcRN9Ble6lMw,2022,59
UCVEL1jAgCQNQcRN9Ble6lMw,2023,167
UCVEL1jAgCQNQcRN9Ble6lMw,2024,152
UCVEL1jAgCQNQcRN9Ble6lMw,2025,85
UCVEL1jAgCQNQcRN9Ble6lMw,2026,41
UCVKmkTCnz56PpKQFxYMuAHg,2024,51
UCVKmkTCnz56PpKQFxYMuAHg,2025,102
UCVKmkTCnz56PpKQFxYMuAHg,2026,39
UCVLZI8sZ1J1PDVHdPLgnChw,2025,120
UCVLZI8sZ1J1PDVHdPLgnChw,2026,114
UCVQrivN2wzHYLNrsAquYjhg,2024,120
UCVQrivN2wzHYLNrsAquYjhg,2025,153
UCVQrivN2wzHYLNrsAquYjhg,2026,108
UCVX1q9x58mqu12j94cAwr0w,2021,22
UCVX1q9x58mqu12j94cAwr0w,2022,240
UCVX1q9x58mqu12j94cAwr0w,2023,229
UCVX1q9x58mqu12j94cAwr0w,2024,111
UCVX1q9x58mqu12j94cAwr0w,2025,60
UCVX1q9x58mqu12j94cAwr0w,2026,34
UCVY-v0sCwEjE3V7dUOqkFZg,2022,177
UCVY-v0sCwEjE3V7dUOqkFZg,2023,56
UCVY-v0sCwEjE3V7dUOqkFZg,2024,45
UCVY-v0sCwEjE3V7dUOqkFZg,2025,48
UCVY-v0sCwEjE3V7dUOqkFZg,2026,41
UCVa_b2jriwKJLcS4CP9Pq3w,2023,1
UCVa_b2jriwKJLcS4CP9Pq3w,2025,132
UCVa_b2jriwKJLcS4CP9Pq3w,2026,78
UCVfj4ZZ02FyqOracLd7r5oQ,2025,5
UCVfj4ZZ02FyqOracLd7r5oQ,2026,28
UCVgbTA9qzHDr3nPsN3-Nsuw,2025,12
UCVgbTA9qzHDr3nPsN3-Nsuw,2026,144
UCVgoTNEZIS4UVoe2M4CSc4w,2024,116
UCVgoTNEZIS4UVoe2M4CSc4w,2025,424
UCVgoTNEZIS4UVoe2M4CSc4w,2026,160
UCVhHSmzes15AABN5pKcq7bQ,2025,268
UCVhHSmzes15AABN5pKcq7bQ,2026,142
UCVhMzJhna39ULdMowQAE-uQ,2018,1
UCVhMzJhna39ULdMowQAE-uQ,2021,3
UCVhMzJhna39ULdMowQAE-uQ,2022,84
UCVhMzJhna39ULdMowQAE-uQ,2023,108
UCVhMzJhna39ULdMowQAE-uQ,2024,169
UCVhMzJhna39ULdMowQAE-uQ,2025,177
UCVhMzJhna39ULdMowQAE-uQ,2026,120
UCVjCtqjlMB3S0UpsJsC9_xA,2023,21
UCVjCtqjlMB3S0UpsJsC9_xA,2024,83
UCVjCtqjlMB3S0UpsJsC9_xA,2025,118
UCVjCtqjlMB3S0UpsJsC9_xA,2026,102
UCVjZjOsH1_hkjhOkYkylAmg,2025,45
UCVjZjOsH1_hkjhOkYkylAmg,2026,48
UCVjhbrfJG9GX2sXsl7B3AIg,2023,3
UCVjhbrfJG9GX2sXsl7B3AIg,2025,5
UCVjpFP1_Ny3PUoE26r4ITaw,2025,440
UCVjpFP1_Ny3PUoE26r4ITaw,2026,260
UCVlgCh9B_0PI7COJ2tJ7hIw,2024,41
UCVlgCh9B_0PI7COJ2tJ7hIw,2025,159
UCVlgCh9B_0PI7COJ2tJ7hIw,2026,125
UCVmZ-RvoPuxk9siBRctLwsA,2024,57
UCVmZ-RvoPuxk9siBRctLwsA,2025,63
UCVmZ-RvoPuxk9siBRctLwsA,2026,15
UCVogMqMZimg5YbPE48oPrlg,2024,1
UCVvTvmP37h2C2NuHqB_Uekg,2025,1
UCVxEGzv2qEyFXQAsqgjuIog,2022,9
UCVxEGzv2qEyFXQAsqgjuIog,2023,22
UCVxEGzv2qEyFXQAsqgjuIog,2024,22
UCVxEGzv2qEyFXQAsqgjuIog,2025,50
UCVxEGzv2qEyFXQAsqgjuIog,2026,43
UCVxPzerhZ7g_OL_5okEk08g,2024,31
UCVxPzerhZ7g_OL_5okEk08g,2025,74
UCVxPzerhZ7g_OL_5okEk08g,2026,35
UCVzwh-Nav8BxYbm-Vt6xQYg,2025,372
UCVzwh-Nav8BxYbm-Vt6xQYg,2026,328
UCW0EhUBJrTtjSywG4-MGgrQ,2023,33
UCW0EhUBJrTtjSywG4-MGgrQ,2024,234
UCW0EhUBJrTtjSywG4-MGgrQ,2025,211
UCW0EhUBJrTtjSywG4-MGgrQ,2026,71
UCW5ZZhibxHgZ6wLzqXK97XQ,2025,351
UCW5ZZhibxHgZ6wLzqXK97XQ,2026,349
UCWGL-srZbmgncoJ9YKJrdAg,2023,1
UCWLGTmRYmq283VD3QreyyLg,2024,21
UCWLGTmRYmq283VD3QreyyLg,2025,71
UCWLGTmRYmq283VD3QreyyLg,2026,32
UCWM76ZPAZqDNOAp5AKn9uIw,2023,98
UCWM76ZPAZqDNOAp5AKn9uIw,2024,122
UCWM76ZPAZqDNOAp5AKn9uIw,2025,44
UCWM76ZPAZqDNOAp5AKn9uIw,2026,8
UCWNVjAzZmYUni8YBXYiy01w,2019,4
UCWNVjAzZmYUni8YBXYiy01w,2020,10
UCWNVjAzZmYUni8YBXYiy01w,2022,30
UCWNVjAzZmYUni8YBXYiy01w,2023,72
UCWNVjAzZmYUni8YBXYiy01w,2024,44
UCWNVjAzZmYUni8YBXYiy01w,2025,177
UCWNVjAzZmYUni8YBXYiy01w,2026,177
UCWRc7m30K-4jNCyVnWh_a-w,2024,80
UCWRc7m30K-4jNCyVnWh_a-w,2025,309
UCWRc7m30K-4jNCyVnWh_a-w,2026,311
UCWS53JU_S79XyN9KKOCOCHw,2025,96
UCWS53JU_S79XyN9KKOCOCHw,2026,31
UCWU7kvLd_JBaBqO_ilTYd_A,2021,17
UCWU7kvLd_JBaBqO_ilTYd_A,2022,115
UCWU7kvLd_JBaBqO_ilTYd_A,2023,163
UCWU7kvLd_JBaBqO_ilTYd_A,2024,150
UCWU7kvLd_JBaBqO_ilTYd_A,2025,158
UCWU7kvLd_JBaBqO_ilTYd_A,2026,97
UCWa0z5W_t2B46XB3a5OKU0Q,2026,14
UCWe8lxEFSt84vZ7srlHySVw,2023,1
UCWe8lxEFSt84vZ7srlHySVw,2024,2
UCWe8lxEFSt84vZ7srlHySVw,2025,137
UCWe8lxEFSt84vZ7srlHySVw,2026,59
UCWjaqaEssIOviThtKEtBvsw,2024,12
UCWjaqaEssIOviThtKEtBvsw,2025,89
UCWjaqaEssIOviThtKEtBvsw,2026,31
UCWm99dEdWyZR-jWLyzzOIZA,2024,79
UCWm99dEdWyZR-jWLyzzOIZA,2025,96
UCWm99dEdWyZR-jWLyzzOIZA,2026,43
UCWp6-EK_2seNDN_HN3mo9gA,2024,138
UCWp6-EK_2seNDN_HN3mo9gA,2025,289
UCWp6-EK_2seNDN_HN3mo9gA,2026,273
UCWw9JzEA7hdBnSFR-_Y0DlA,2024,199
UCWw9JzEA7hdBnSFR-_Y0DlA,2025,195
UCWw9JzEA7hdBnSFR-_Y0DlA,2026,100
UCX5Qv6nz_HUVKtaDiMEReyQ,2020,1
UCX5Qv6nz_HUVKtaDiMEReyQ,2021,87
UCX5Qv6nz_HUVKtaDiMEReyQ,2022,89
UCX5Qv6nz_HUVKtaDiMEReyQ,2023,6
UCX5Qv6nz_HUVKtaDiMEReyQ,2025,7
UCX5Qv6nz_HUVKtaDiMEReyQ,2026,28
UCX709cHEHWW3QU1qSA_dyVA,2025,224
UCX709cHEHWW3QU1qSA_dyVA,2026,196
UCXG9ZvdggOsj5kb996vbYPg,2024,124
UCXG9ZvdggOsj5kb996vbYPg,2025,336
UCXG9ZvdggOsj5kb996vbYPg,2026,240
UCXIVuxD2sPqxESwVEUtGPuA,2023,1
UCXOGcY1DJ8uohGI3KTPue-g,2025,194
UCXOGcY1DJ8uohGI3KTPue-g,2026,69
UCXORtYHsd6uxJK15JvHzxvA,2022,50
UCXORtYHsd6uxJK15JvHzxvA,2023,247
UCXORtYHsd6uxJK15JvHzxvA,2024,199
UCXORtYHsd6uxJK15JvHzxvA,2025,137
UCXORtYHsd6uxJK15JvHzxvA,2026,67
UCXOcqHz5rj8NGhNvAQfManw,2023,62
UCXOcqHz5rj8NGhNvAQfManw,2024,30
UCXTC545Ye8-2RFdSZ4LXoSg,2024,203
UCXTC545Ye8-2RFdSZ4LXoSg,2025,257
UCXTC545Ye8-2RFdSZ4LXoSg,2026,240
UCXWwuHiYZepNhYk3lBrj2pg,2023,21
UCXWwuHiYZepNhYk3lBrj2pg,2024,96
UCXWwuHiYZepNhYk3lBrj2pg,2025,163
UCXWwuHiYZepNhYk3lBrj2pg,2026,121
UCX_lpBjVENv-6AmJmtGAuig,2025,27
UCX_lpBjVENv-6AmJmtGAuig,2026,72
UCXddo8vgPHBsEkDMqRwcYSQ,2022,90
UCXddo8vgPHBsEkDMqRwcYSQ,2023,35
UCXddo8vgPHBsEkDMqRwcYSQ,2024,6
UCXddo8vgPHBsEkDMqRwcYSQ,2025,3
UCXkoAHy8rg9tryYsD61IXOg,2024,125
UCXkoAHy8rg9tryYsD61IXOg,2025,138
UCXkoAHy8rg9tryYsD61IXOg,2026,53
UCXl3UWVn6XXFSNM5YNHlSCw,2021,1
UCXtQTtPJedfjqEPysorbsMg,2020,10
UCXtQTtPJedfjqEPysorbsMg,2021,16
UCXtQTtPJedfjqEPysorbsMg,2022,14
UCXuiHw-k05CnSu5_DjKUytw,2022,86
UCXuiHw-k05CnSu5_DjKUytw,2023,165
UCXuiHw-k05CnSu5_DjKUytw,2024,173
UCXuiHw-k05CnSu5_DjKUytw,2025,164
UCXuiHw-k05CnSu5_DjKUytw,2026,112
UCXwc3r1q3yyxugIq2KM9K7A,2025,246
UCXwc3r1q3yyxugIq2KM9K7A,2026,453
UCXyk13M_Y892ar9xTPNF75w,2022,13
UCXyk13M_Y892ar9xTPNF75w,2023,73
UCXyk13M_Y892ar9xTPNF75w,2024,50
UCXyk13M_Y892ar9xTPNF75w,2025,2
UCXyk13M_Y892ar9xTPNF75w,2026,3
UCY-5Lf7AJKFj4fudzFi1AZw,2021,46
UCY-5Lf7AJKFj4fudzFi1AZw,2022,53
UCY-5Lf7AJKFj4fudzFi1AZw,2023,39
UCY-5Lf7AJKFj4fudzFi1AZw,2025,124
UCY-5Lf7AJKFj4fudzFi1AZw,2026,26
UCY3reV-jwagniwcghy1B4VA,2007,2
UCY3reV-jwagniwcghy1B4VA,2010,1
UCY3reV-jwagniwcghy1B4VA,2011,1
UCY3reV-jwagniwcghy1B4VA,2012,5
UCY3reV-jwagniwcghy1B4VA,2013,4
UCY3reV-jwagniwcghy1B4VA,2014,2
UCY3reV-jwagniwcghy1B4VA,2015,3
UCY3reV-jwagniwcghy1B4VA,2016,3
UCY3reV-jwagniwcghy1B4VA,2017,2
UCY3reV-jwagniwcghy1B4VA,2019,9
UCY3reV-jwagniwcghy1B4VA,2020,66
UCY3reV-jwagniwcghy1B4VA,2021,172
UCY3reV-jwagniwcghy1B4VA,2022,7
UCY3reV-jwagniwcghy1B4VA,2023,1
UCY3reV-jwagniwcghy1B4VA,2024,11
UCY3reV-jwagniwcghy1B4VA,2025,3
UCY5HIZ97IaqeUGCQCh5yDpA,2022,46
UCY5HIZ97IaqeUGCQCh5yDpA,2023,95
UCY5HIZ97IaqeUGCQCh5yDpA,2024,194
UCY5HIZ97IaqeUGCQCh5yDpA,2025,110
UCY5HIZ97IaqeUGCQCh5yDpA,2026,66
UCY8j33h1epfkBEkIv_K5WKg,2022,1
UCYAKTFHayiQ-yvllmFmx5IA,2025,8
UCYAKTFHayiQ-yvllmFmx5IA,2026,46
UCYEWH_8lJYYxB_Ws5ee_ROw,2024,24
UCYEWH_8lJYYxB_Ws5ee_ROw,2025,21
UCYEWH_8lJYYxB_Ws5ee_ROw,2026,18
UCYJ82i8mzIoGAyzIY4gLZKA,2017,1
UCYJ82i8mzIoGAyzIY4gLZKA,2020,1
UCYJ82i8mzIoGAyzIY4gLZKA,2022,24
UCYJ82i8mzIoGAyzIY4gLZKA,2023,3
UCYJ82i8mzIoGAyzIY4gLZKA,2024,31
UCYJ82i8mzIoGAyzIY4gLZKA,2025,197
UCYJ82i8mzIoGAyzIY4gLZKA,2026,166
UCYWG9ZKz94VcpEqvvhBXk0A,2020,1
UCYWG9ZKz94VcpEqvvhBXk0A,2021,18
UCYWG9ZKz94VcpEqvvhBXk0A,2022,30
UCYWG9ZKz94VcpEqvvhBXk0A,2023,53
UCYWG9ZKz94VcpEqvvhBXk0A,2024,95
UCYWG9ZKz94VcpEqvvhBXk0A,2025,128
UCYWG9ZKz94VcpEqvvhBXk0A,2026,96
UCYXMY8jostUgR-jf0tJD5dQ,2024,77
UCYXMY8jostUgR-jf0tJD5dQ,2025,48
UCYhbR4N_I_P5zMpK1rAR8Cw,2025,248
UCYhbR4N_I_P5zMpK1rAR8Cw,2026,204
UCYknXN1ydnhJACllweXGd-w,2022,1
UCYknXN1ydnhJACllweXGd-w,2023,1
UCYknXN1ydnhJACllweXGd-w,2024,11
UCYknXN1ydnhJACllweXGd-w,2025,49
UCYknXN1ydnhJACllweXGd-w,2026,39
UCYo4x86C700J5ivxg98oOtw,2022,1
UCYo4x86C700J5ivxg98oOtw,2023,5
UCYo4x86C700J5ivxg98oOtw,2024,99
UCYo4x86C700J5ivxg98oOtw,2025,60
UCYo4x86C700J5ivxg98oOtw,2026,7
UCYtNZ8-aeaazi3ImKB6y8aQ,2022,49
UCYtNZ8-aeaazi3ImKB6y8aQ,2023,163
UCYtNZ8-aeaazi3ImKB6y8aQ,2024,178
UCYtNZ8-aeaazi3ImKB6y8aQ,2025,162
UCYtNZ8-aeaazi3ImKB6y8aQ,2026,75
UCYu6kxGsCK2-LcCmydfajgg,2025,86
UCYu6kxGsCK2-LcCmydfajgg,2026,54
UCYu6pahmFwIki35ru8s62pQ,2020,1
UCYu6pahmFwIki35ru8s62pQ,2021,4
UCZ-Vbihp3Y84EzwVVd2GjDQ,2020,1
UCZ-Vbihp3Y84EzwVVd2GjDQ,2021,6
UCZ0NN8Yx0Iq6RG7-hORFNbA,2023,16
UCZ0NN8Yx0Iq6RG7-hORFNbA,2024,7
UCZ0NN8Yx0Iq6RG7-hORFNbA,2025,79
UCZ0NN8Yx0Iq6RG7-hORFNbA,2026,38
UCZ3R0yNb7ktPu1hdjbyQ2lg,2023,133
UCZ3R0yNb7ktPu1hdjbyQ2lg,2024,19
UCZ3R0yNb7ktPu1hdjbyQ2lg,2025,1
UCZ8gzZWoN9B6GhlVOwnj0aQ,2025,40
UCZ8gzZWoN9B6GhlVOwnj0aQ,2026,227
UCZBylMHjwaeTNJTLPxl6VgA,2022,50
UCZBylMHjwaeTNJTLPxl6VgA,2023,101
UCZBylMHjwaeTNJTLPxl6VgA,2024,51
UCZBylMHjwaeTNJTLPxl6VgA,2025,55
UCZBylMHjwaeTNJTLPxl6VgA,2026,4
UCZHQ9zIKFuUEtoFd2c6yjwA,2024,1
UCZHQ9zIKFuUEtoFd2c6yjwA,2025,62
UCZHQ9zIKFuUEtoFd2c6yjwA,2026,27
UCZLcxopXBfzR1Dsu8eC1DeQ,2023,20
UCZLcxopXBfzR1Dsu8eC1DeQ,2024,40
UCZLcxopXBfzR1Dsu8eC1DeQ,2025,52
UCZLcxopXBfzR1Dsu8eC1DeQ,2026,23
UCZSudswFZkaARozAZPFoC2Q,2021,23
UCZSudswFZkaARozAZPFoC2Q,2022,3
UCZSudswFZkaARozAZPFoC2Q,2023,1
UCZSudswFZkaARozAZPFoC2Q,2024,1
UCZYLQLIIviw56yaDcA9-VwA,2020,2
UCZYLQLIIviw56yaDcA9-VwA,2021,2
UCZYLQLIIviw56yaDcA9-VwA,2022,8
UCZYLQLIIviw56yaDcA9-VwA,2023,10
UCZYLQLIIviw56yaDcA9-VwA,2024,17
UCZYLQLIIviw56yaDcA9-VwA,2025,83
UCZYLQLIIviw56yaDcA9-VwA,2026,81
UCZYTMrnVmu1iUVyGeqB6zJQ,2024,153
UCZYTMrnVmu1iUVyGeqB6zJQ,2025,291
UCZYTMrnVmu1iUVyGeqB6zJQ,2026,146
UCZgkeKMeSJ5-ETLvt1KGgmg,2020,1
UCZgkeKMeSJ5-ETLvt1KGgmg,2021,25
UCZgkeKMeSJ5-ETLvt1KGgmg,2022,2
UCZhewVQstdQB87rdWwIRHzg,2023,101
UCZhewVQstdQB87rdWwIRHzg,2024,133
UCZhewVQstdQB87rdWwIRHzg,2025,142
UCZhewVQstdQB87rdWwIRHzg,2026,76
UCZilc7jP-X_92Fii1uTIs0Q,2025,447
UCZilc7jP-X_92Fii1uTIs0Q,2026,253
UCZmQjdEL_PAGWvFlAm4hQMg,2022,5
UCZmQjdEL_PAGWvFlAm4hQMg,2023,114
UCZmQjdEL_PAGWvFlAm4hQMg,2024,295
UCZmQjdEL_PAGWvFlAm4hQMg,2025,184
UCZmQjdEL_PAGWvFlAm4hQMg,2026,102
UCZmw6cMeVaCMtL_NhybhWJw,2023,188
UCZmw6cMeVaCMtL_NhybhWJw,2024,123
UCZmw6cMeVaCMtL_NhybhWJw,2025,172
UCZmw6cMeVaCMtL_NhybhWJw,2026,217
UCZq9-nxDs5XXEtAPzAuBnhQ,2025,96
UCZq9-nxDs5XXEtAPzAuBnhQ,2026,45
UCZsXl4d82Yx76SeGNtWGjlQ,2022,2
UCZsXl4d82Yx76SeGNtWGjlQ,2023,11
UCZsXl4d82Yx76SeGNtWGjlQ,2024,1
UCZsXl4d82Yx76SeGNtWGjlQ,2025,46
UCZsXl4d82Yx76SeGNtWGjlQ,2026,8
UCZwx1KhdoiqQsoZAqCRbApw,2024,12
UCZwx1KhdoiqQsoZAqCRbApw,2025,189
UCZwx1KhdoiqQsoZAqCRbApw,2026,20
UCZxNaWG_8Br9q1eTLSG5wPg,2024,187
UCZxNaWG_8Br9q1eTLSG5wPg,2025,227
UCZxNaWG_8Br9q1eTLSG5wPg,2026,55
UC_4Kw9UFTDz_Hv7K_rH9DQg,2021,1
UC_4Kw9UFTDz_Hv7K_rH9DQg,2022,95
UC_BZjak0ArVzJ-8yjUUaTqg,2024,284
UC_BZjak0ArVzJ-8yjUUaTqg,2025,197
UC_BZjak0ArVzJ-8yjUUaTqg,2026,219
UC_JCN1qZMnnFzgzD_iTqrsg,2022,20
UC_JCN1qZMnnFzgzD_iTqrsg,2023,93
UC_JCN1qZMnnFzgzD_iTqrsg,2024,146
UC_JCN1qZMnnFzgzD_iTqrsg,2025,141
UC_JCN1qZMnnFzgzD_iTqrsg,2026,59
UC_LTVw7bj_wFH4n8POeSNbw,2023,47
UC_LTVw7bj_wFH4n8POeSNbw,2024,71
UC_LTVw7bj_wFH4n8POeSNbw,2025,76
UC_LTVw7bj_wFH4n8POeSNbw,2026,49
UC_PZp8aADgJ9tiWMT44eUMg,2025,85
UC_PZp8aADgJ9tiWMT44eUMg,2026,38
UC_QxfkQ4RrWkiQmGeyYa1tQ,2025,445
UC_QxfkQ4RrWkiQmGeyYa1tQ,2026,255
UC_RrxXP6eSLxgYYmoV4QdmA,2023,135
UC_RrxXP6eSLxgYYmoV4QdmA,2024,207
UC_RrxXP6eSLxgYYmoV4QdmA,2025,19
UC_RvJQOjfm-vgtMRRXeq7mQ,2023,17
UC_RvJQOjfm-vgtMRRXeq7mQ,2024,24
UC_RvJQOjfm-vgtMRRXeq7mQ,2025,44
UC_RvJQOjfm-vgtMRRXeq7mQ,2026,20
UC_Tz70m-NMqHHkblzKa9v6A,2024,165
UC_Tz70m-NMqHHkblzKa9v6A,2025,444
UC_Tz70m-NMqHHkblzKa9v6A,2026,84
UC_VUntI6UYF-qEB0k9VRWoQ,2022,1
UC_VUntI6UYF-qEB0k9VRWoQ,2023,176
UC_VUntI6UYF-qEB0k9VRWoQ,2024,186
UC_VUntI6UYF-qEB0k9VRWoQ,2025,125
UC_VUntI6UYF-qEB0k9VRWoQ,2026,26
UC_Wo8eYbNSxzzeIke7_ssSQ,2023,55
UC_Wo8eYbNSxzzeIke7_ssSQ,2024,113
UC_Wo8eYbNSxzzeIke7_ssSQ,2025,188
UC_Wo8eYbNSxzzeIke7_ssSQ,2026,135
UC_XPgDT6i9evZc5uJF1tc8g,2023,7
UC_XPgDT6i9evZc5uJF1tc8g,2024,28
UC_XPgDT6i9evZc5uJF1tc8g,2025,115
UC_XPgDT6i9evZc5uJF1tc8g,2026,179
UC_XyNfXasr_yngj3VOJU3dg,2022,53
UC_XyNfXasr_yngj3VOJU3dg,2023,149
UC_XyNfXasr_yngj3VOJU3dg,2024,100
UC_XyNfXasr_yngj3VOJU3dg,2025,21
UC_XyNfXasr_yngj3VOJU3dg,2026,21
UC_djfyZ7N_-hPSxtrSsBNfQ,2020,1
UC_djfyZ7N_-hPSxtrSsBNfQ,2021,2
UC_djfyZ7N_-hPSxtrSsBNfQ,2022,25
UC_djfyZ7N_-hPSxtrSsBNfQ,2023,6
UC_djfyZ7N_-hPSxtrSsBNfQ,2024,10
UC_djfyZ7N_-hPSxtrSsBNfQ,2025,11
UC_hrRvjp0dzI0W6goBxRMPA,2024,3
UC_hrRvjp0dzI0W6goBxRMPA,2025,155
UC_hrRvjp0dzI0W6goBxRMPA,2026,45
UC_nmh9XycGlquouvai2UC6g,2024,92
UC_nmh9XycGlquouvai2UC6g,2025,366
UC_nmh9XycGlquouvai2UC6g,2026,241
UC_oH76DShLob3sbdod-RF6Q,2025,37
UC_oH76DShLob3sbdod-RF6Q,2026,46
UC_qD5kQNDIWdfeAR5pH3bBA,2025,74
UC_qD5kQNDIWdfeAR5pH3bBA,2026,15
UC_s_7eBay8mKkA8L7HBtzHQ,2022,28
UC_s_7eBay8mKkA8L7HBtzHQ,2023,153
UC_s_7eBay8mKkA8L7HBtzHQ,2024,93
UC_s_7eBay8mKkA8L7HBtzHQ,2025,2
UC_yoxmr7vWS7wD_ashIMaWg,2021,25
UC_yoxmr7vWS7wD_ashIMaWg,2022,157
UC_yoxmr7vWS7wD_ashIMaWg,2023,131
UC_yoxmr7vWS7wD_ashIMaWg,2024,68
UCa-B3lVdQB9UOCAfVVoVcIA,2021,34
UCa-B3lVdQB9UOCAfVVoVcIA,2022,8
UCa-B3lVdQB9UOCAfVVoVcIA,2023,3
UCa-B3lVdQB9UOCAfVVoVcIA,2024,1
UCa-B3lVdQB9UOCAfVVoVcIA,2025,29
UCa-n4r4lWEWFcAT95ptx44w,2021,25
UCa-n4r4lWEWFcAT95ptx44w,2022,46
UCa-n4r4lWEWFcAT95ptx44w,2023,7
UCa-n4r4lWEWFcAT95ptx44w,2024,61
UCa-n4r4lWEWFcAT95ptx44w,2025,37
UCa2Cm1mnIXZqcUkGBvOEAKw,2026,76
UCa4xya8876A35_fQCrjO46g,2024,3
UCa4xya8876A35_fQCrjO46g,2025,4
UCa4xya8876A35_fQCrjO46g,2026,1
UCa6vtZqjqy-qr4dOZty6xtQ,2021,6
UCa6vtZqjqy-qr4dOZty6xtQ,2022,16
UCa6vtZqjqy-qr4dOZty6xtQ,2023,7
UCa6vtZqjqy-qr4dOZty6xtQ,2024,115
UCa6vtZqjqy-qr4dOZty6xtQ,2025,58
UCa6vtZqjqy-qr4dOZty6xtQ,2026,107
UCa7Slk7_l3qK3YFGZWa2IsQ,2022,30
UCa7Slk7_l3qK3YFGZWa2IsQ,2023,62
UCa8ILv94qHT6oar_jVzg9sQ,2024,163
UCa8ILv94qHT6oar_jVzg9sQ,2025,281
UCa8ILv94qHT6oar_jVzg9sQ,2026,156
UCaCHWJ4_dp4ovreQ91lp3Iw,2024,4
UCaCHWJ4_dp4ovreQ91lp3Iw,2025,29
UCaCHWJ4_dp4ovreQ91lp3Iw,2026,75
UCaCZ78DoDsPxejb_azg1hog,2020,1
UCaCZ78DoDsPxejb_azg1hog,2021,45
UCaCZ78DoDsPxejb_azg1hog,2022,65
UCaCZ78DoDsPxejb_azg1hog,2023,86
UCaCZ78DoDsPxejb_azg1hog,2024,45
UCaCZ78DoDsPxejb_azg1hog,2025,21
UCaCZ78DoDsPxejb_azg1hog,2026,5
UCaGeOrKAIDWkmwp4MvPXVtg,2024,40
UCaGeOrKAIDWkmwp4MvPXVtg,2025,111
UCaGeOrKAIDWkmwp4MvPXVtg,2026,32
UCaK_8j3AfLucrbABPzoqG8w,2022,4
UCaK_8j3AfLucrbABPzoqG8w,2024,5
UCaKlXG2ijXoovTEOlSBRTHA,2024,11
UCaKlXG2ijXoovTEOlSBRTHA,2025,105
UCaKlXG2ijXoovTEOlSBRTHA,2026,48
UCaM7hDc5B6kte2T7P6_Fpnw,2023,27
UCaM7hDc5B6kte2T7P6_Fpnw,2024,211
UCaM7hDc5B6kte2T7P6_Fpnw,2025,187
UCaM7hDc5B6kte2T7P6_Fpnw,2026,73
UCaMhj4Q6-bx1IZE3izVtk6A,2024,92
UCaMhj4Q6-bx1IZE3izVtk6A,2025,106
UCaNQI1xcU1ZC4W0guaIMgTg,2025,235
UCaNQI1xcU1ZC4W0guaIMgTg,2026,465
UCaNo5k03dtYzsJ3TqL3JPUw,2020,4
UCaNo5k03dtYzsJ3TqL3JPUw,2021,21
UCaNo5k03dtYzsJ3TqL3JPUw,2022,21
UCaNo5k03dtYzsJ3TqL3JPUw,2023,16
UCaNo5k03dtYzsJ3TqL3JPUw,2024,5
UCaNo5k03dtYzsJ3TqL3JPUw,2025,1
UCaO7dcbFuHSol9_4g1driVg,2022,117
UCaO7dcbFuHSol9_4g1driVg,2023,163
UCaO7dcbFuHSol9_4g1driVg,2024,120
UCaO7dcbFuHSol9_4g1driVg,2025,111
UCaO7dcbFuHSol9_4g1driVg,2026,83
UCaazykhRsTDHw7zxowhbpiw,2020,3
UCaazykhRsTDHw7zxowhbpiw,2021,7
UCaazykhRsTDHw7zxowhbpiw,2024,1
UCaazykhRsTDHw7zxowhbpiw,2025,1
UCaazykhRsTDHw7zxowhbpiw,2026,1
UCacSkKAhjz4pDmyee5IiL5A,2023,86
UCacSkKAhjz4pDmyee5IiL5A,2024,196
UCacSkKAhjz4pDmyee5IiL5A,2025,166
UCacSkKAhjz4pDmyee5IiL5A,2026,131
UCadBHNCSacgE3vePH8UtbMA,2021,31
UCadBHNCSacgE3vePH8UtbMA,2022,81
UCadBHNCSacgE3vePH8UtbMA,2023,60
UCadBHNCSacgE3vePH8UtbMA,2024,21
UCadBHNCSacgE3vePH8UtbMA,2025,24
UCadBHNCSacgE3vePH8UtbMA,2026,7
UCafG1bj6Qtcbn4bozcicWfA,2024,162
UCafG1bj6Qtcbn4bozcicWfA,2025,338
UCafG1bj6Qtcbn4bozcicWfA,2026,200
UCahw5ZcdjoFfS6WlfJButNg,2026,181
UCalvpWY2A2P4-h5UIs1jGgA,2024,1
UCalvpWY2A2P4-h5UIs1jGgA,2025,246
UCalvpWY2A2P4-h5UIs1jGgA,2026,453
UCantL0_E-ATsKZTmZmZ51tw,2025,73
UCantL0_E-ATsKZTmZmZ51tw,2026,49
UCapmEuEA_aL81YaihYO27vQ,2021,27
UCapmEuEA_aL81YaihYO27vQ,2022,1
UCaq7JU0j74R0TsjlViB_-MA,2024,15
UCaq7JU0j74R0TsjlViB_-MA,2025,180
UCaq7JU0j74R0TsjlViB_-MA,2026,109
UCatSdbBdnsXgFpCyhJ7jYGg,2020,17
UCatSdbBdnsXgFpCyhJ7jYGg,2021,69
UCatSdbBdnsXgFpCyhJ7jYGg,2022,36
UCatSdbBdnsXgFpCyhJ7jYGg,2023,18
UCatSdbBdnsXgFpCyhJ7jYGg,2024,11
UCatSdbBdnsXgFpCyhJ7jYGg,2025,33
UCatSdbBdnsXgFpCyhJ7jYGg,2026,31
UCawpXTKN_jWyTXG97-DD1zQ,2026,20
UCb6cL1o1-78FjrUOR-AVqMw,2024,35
UCb6cL1o1-78FjrUOR-AVqMw,2025,134
UCb6cL1o1-78FjrUOR-AVqMw,2026,53
UCbD0eVN3O-T7iBszxoBYwdA,2021,59
UCbD0eVN3O-T7iBszxoBYwdA,2022,201
UCbD0eVN3O-T7iBszxoBYwdA,2023,157
UCbD0eVN3O-T7iBszxoBYwdA,2024,187
UCbD0eVN3O-T7iBszxoBYwdA,2025,63
UCbD0eVN3O-T7iBszxoBYwdA,2026,33
UCbE22G3pUiL9j0mY0-XAl7w,2024,151
UCbE22G3pUiL9j0mY0-XAl7w,2025,136
UCbE22G3pUiL9j0mY0-XAl7w,2026,127
UCbE5PSt6dbI8_URxa7tl_TA,2025,87
UCbE5PSt6dbI8_URxa7tl_TA,2026,49
UCbEkHjG43yPMGq5W08jq1TQ,2022,130
UCbEkHjG43yPMGq5W08jq1TQ,2023,183
UCbEkHjG43yPMGq5W08jq1TQ,2024,146
UCbEkHjG43yPMGq5W08jq1TQ,2025,77
UCbEkHjG43yPMGq5W08jq1TQ,2026,114
UCbFDpdmVcTy1weHo1KDU9uQ,2022,2
UCbFDpdmVcTy1weHo1KDU9uQ,2023,3
UCbFDpdmVcTy1weHo1KDU9uQ,2024,4
UCbFDpdmVcTy1weHo1KDU9uQ,2025,14
UCbFDpdmVcTy1weHo1KDU9uQ,2026,10
UCbHVEzb9fr8DxWPUxCAEOVQ,2024,85
UCbHVEzb9fr8DxWPUxCAEOVQ,2025,111
UCbHVEzb9fr8DxWPUxCAEOVQ,2026,101
UCbJzR2e_KQAATjnkddLTL9A,2020,13
UCbJzR2e_KQAATjnkddLTL9A,2021,22
UCbJzR2e_KQAATjnkddLTL9A,2022,14
UCbJzR2e_KQAATjnkddLTL9A,2023,25
UCbJzR2e_KQAATjnkddLTL9A,2024,29
UCbJzR2e_KQAATjnkddLTL9A,2025,117
UCbJzR2e_KQAATjnkddLTL9A,2026,31
UCbLBp0DgOr1ryQBdYp-AGcQ,2022,46
UCbLBp0DgOr1ryQBdYp-AGcQ,2023,49
UCbLBp0DgOr1ryQBdYp-AGcQ,2024,51
UCbLBp0DgOr1ryQBdYp-AGcQ,2025,15
UCbLBp0DgOr1ryQBdYp-AGcQ,2026,1
UCbS8T1ffrgNRkvRy11KbnHQ,2022,1
UCbS8T1ffrgNRkvRy11KbnHQ,2023,89
UCbS8T1ffrgNRkvRy11KbnHQ,2024,60
UCbS8T1ffrgNRkvRy11KbnHQ,2025,65
UCbS8T1ffrgNRkvRy11KbnHQ,2026,62
UCbTN1R7AbdA1vICChlVDaYg,2022,1
UCbTN1R7AbdA1vICChlVDaYg,2023,42
UCbTN1R7AbdA1vICChlVDaYg,2024,4
UCbTN1R7AbdA1vICChlVDaYg,2025,1
UCbTN1R7AbdA1vICChlVDaYg,2026,10
UCbXO3ON6BR4-lhx5Yd4yzKA,2023,129
UCbXO3ON6BR4-lhx5Yd4yzKA,2024,123
UCbXO3ON6BR4-lhx5Yd4yzKA,2025,238
UCbXO3ON6BR4-lhx5Yd4yzKA,2026,160
UCbXXQtmpcBI8GtO2Xg5pYuw,2023,75
UCbXXQtmpcBI8GtO2Xg5pYuw,2024,242
UCbXXQtmpcBI8GtO2Xg5pYuw,2025,136
UCbXXQtmpcBI8GtO2Xg5pYuw,2026,197
UCbXZ2JNCFUc5cMWO0480grA,2025,2
UCbXZ2JNCFUc5cMWO0480grA,2026,6
UCbZDGjLa_Rc3TfPVXMR1Tog,2023,47
UCbZDGjLa_Rc3TfPVXMR1Tog,2024,236
UCbZDGjLa_Rc3TfPVXMR1Tog,2025,215
UCbZDGjLa_Rc3TfPVXMR1Tog,2026,145
UCbbK8AskO_4tRrs0yc7bQXQ,2020,6
UCbbK8AskO_4tRrs0yc7bQXQ,2021,21
UCbbK8AskO_4tRrs0yc7bQXQ,2022,3
UCbbK8AskO_4tRrs0yc7bQXQ,2023,11
UCbbK8AskO_4tRrs0yc7bQXQ,2024,91
UCbbK8AskO_4tRrs0yc7bQXQ,2025,11
UCbbK8AskO_4tRrs0yc7bQXQ,2026,65
UCbd5WWyYS2WBMNNxfVEBQQg,2025,106
UCbd5WWyYS2WBMNNxfVEBQQg,2026,69
UCbdwIhYMC977P-Fk6d0utoQ,2022,54
UCbdwIhYMC977P-Fk6d0utoQ,2023,114
UCbdwIhYMC977P-Fk6d0utoQ,2024,116
UCbdwIhYMC977P-Fk6d0utoQ,2025,69
UCbdwIhYMC977P-Fk6d0utoQ,2026,16
UCbeaB9MoD9IyXqBshyQuNRQ,2019,5
UCbeaB9MoD9IyXqBshyQuNRQ,2020,4
UCbeaB9MoD9IyXqBshyQuNRQ,2021,5
UCbeaB9MoD9IyXqBshyQuNRQ,2023,9
UCbeaB9MoD9IyXqBshyQuNRQ,2024,31
UCbeaB9MoD9IyXqBshyQuNRQ,2025,251
UCbeaB9MoD9IyXqBshyQuNRQ,2026,323
UCbfARUSxU4X2o5_PwjRXezw,2021,118
UCbfARUSxU4X2o5_PwjRXezw,2022,88
UCbfqosxk1LXHk3pW1p3G0GA,2025,38
UCbfqosxk1LXHk3pW1p3G0GA,2026,45
UCbwvKxA5KSud4jcaD5g5ukQ,2022,292
UCbwvKxA5KSud4jcaD5g5ukQ,2023,171
UCbwvKxA5KSud4jcaD5g5ukQ,2024,95
UCbwvKxA5KSud4jcaD5g5ukQ,2025,25
UCbypR_t0teWxIdrQ9i83XiQ,2025,2
UCbypR_t0teWxIdrQ9i83XiQ,2026,145
UCbzEo3V4jrYslgsDPXUV8-A,2022,11
UCbzEo3V4jrYslgsDPXUV8-A,2023,10
UCbzEo3V4jrYslgsDPXUV8-A,2024,28
UCbzEo3V4jrYslgsDPXUV8-A,2025,76
UCbzEo3V4jrYslgsDPXUV8-A,2026,5
UCc31qMp87wZnOpcxkQB7Prw,2020,36
UCc31qMp87wZnOpcxkQB7Prw,2021,153
UCc31qMp87wZnOpcxkQB7Prw,2022,98
UCc31qMp87wZnOpcxkQB7Prw,2023,53
UCc31qMp87wZnOpcxkQB7Prw,2024,76
UCc31qMp87wZnOpcxkQB7Prw,2025,87
UCc31qMp87wZnOpcxkQB7Prw,2026,79
UCc3SW0RuO0pK4n1jYmDvGKw,2018,1
UCc3SW0RuO0pK4n1jYmDvGKw,2019,1
UCc3SW0RuO0pK4n1jYmDvGKw,2021,3
UCc3SW0RuO0pK4n1jYmDvGKw,2024,21
UCc3SW0RuO0pK4n1jYmDvGKw,2025,114
UCc3SW0RuO0pK4n1jYmDvGKw,2026,97
UCc6ilVu6_FK9y_9qMMh4WMQ,2021,23
UCc6ilVu6_FK9y_9qMMh4WMQ,2022,30
UCc6ilVu6_FK9y_9qMMh4WMQ,2023,26
UCc6ilVu6_FK9y_9qMMh4WMQ,2024,10
UCc6ilVu6_FK9y_9qMMh4WMQ,2025,13
UCc6ilVu6_FK9y_9qMMh4WMQ,2026,6
UCc9W8GnDEHPNgt6eshaAvQw,2025,111
UCc9W8GnDEHPNgt6eshaAvQw,2026,62
UCcEeR95bngZpdswBuEWJ0DQ,2022,1
UCcFIthTrwa6N-1ri9sQZstw,2023,34
UCcFIthTrwa6N-1ri9sQZstw,2024,170
UCcFIthTrwa6N-1ri9sQZstw,2025,164
UCcFIthTrwa6N-1ri9sQZstw,2026,112
UCcG3H4vlPyThp_yQpySo0gw,2023,5
UCcG3H4vlPyThp_yQpySo0gw,2024,2
UCcG3H4vlPyThp_yQpySo0gw,2025,34
UCcG3H4vlPyThp_yQpySo0gw,2026,17
UCcJnP0qoimAQg8L3sTJ1O_Q,2022,8
UCcJnP0qoimAQg8L3sTJ1O_Q,2023,101
UCcJnP0qoimAQg8L3sTJ1O_Q,2024,59
UCcJnP0qoimAQg8L3sTJ1O_Q,2025,40
UCcJnP0qoimAQg8L3sTJ1O_Q,2026,26
UCcKP-pSFONm5IMA-GdikUEQ,2025,57
UCcKP-pSFONm5IMA-GdikUEQ,2026,3
UCcKPhwmHkBGaYKBp50jPzzg,2023,85
UCcKPhwmHkBGaYKBp50jPzzg,2024,102
UCcKPhwmHkBGaYKBp50jPzzg,2025,111
UCcKPhwmHkBGaYKBp50jPzzg,2026,74
UCcLO1hhvvD6AKtDayqDABpA,2018,7
UCcLO1hhvvD6AKtDayqDABpA,2019,33
UCcLO1hhvvD6AKtDayqDABpA,2020,10
UCcLO1hhvvD6AKtDayqDABpA,2021,6
UCcLO1hhvvD6AKtDayqDABpA,2022,11
UCcM1cUyEXYmm13DgfwXS-oQ,2022,79
UCcM1cUyEXYmm13DgfwXS-oQ,2023,109
UCcM1cUyEXYmm13DgfwXS-oQ,2024,110
UCcM1cUyEXYmm13DgfwXS-oQ,2025,66
UCcM1cUyEXYmm13DgfwXS-oQ,2026,24
UCcPlWQeuFutZ8VllrN_O2YA,2021,48
UCcPlWQeuFutZ8VllrN_O2YA,2022,82
UCcRaKGCG3RFenb8D2php_Jw,2020,1
UCcRaKGCG3RFenb8D2php_Jw,2021,2
UCcRaKGCG3RFenb8D2php_Jw,2022,8
UCcRaKGCG3RFenb8D2php_Jw,2023,45
UCcRaKGCG3RFenb8D2php_Jw,2024,74
UCcRaKGCG3RFenb8D2php_Jw,2025,8
UCcRaKGCG3RFenb8D2php_Jw,2026,3
UCcTGGIt4hirVXIxUHPxIvXw,2023,223
UCcTGGIt4hirVXIxUHPxIvXw,2024,183
UCcTGGIt4hirVXIxUHPxIvXw,2025,165
UCcTGGIt4hirVXIxUHPxIvXw,2026,79
UCcbMfHO8TX8mQ9LEi4zs5Zw,2022,32
UCcbMfHO8TX8mQ9LEi4zs5Zw,2023,103
UCcbMfHO8TX8mQ9LEi4zs5Zw,2024,182
UCcbMfHO8TX8mQ9LEi4zs5Zw,2025,193
UCcbMfHO8TX8mQ9LEi4zs5Zw,2026,140
UCcdu_2oQRES4yHL98BC4_fw,2022,1
UCcdu_2oQRES4yHL98BC4_fw,2023,218
UCcdu_2oQRES4yHL98BC4_fw,2024,123
UCcdu_2oQRES4yHL98BC4_fw,2025,129
UCcdu_2oQRES4yHL98BC4_fw,2026,48
UCcfkeut6fAXSfuT1AmFi2cA,2023,91
UCcfkeut6fAXSfuT1AmFi2cA,2024,99
UCcfkeut6fAXSfuT1AmFi2cA,2025,60
UCcfkeut6fAXSfuT1AmFi2cA,2026,40
UCcgDP2RmeCqW1GTms1mkUlQ,2023,31
UCcgDP2RmeCqW1GTms1mkUlQ,2024,201
UCcgDP2RmeCqW1GTms1mkUlQ,2025,203
UCcgDP2RmeCqW1GTms1mkUlQ,2026,133
UCchEIVkQk2tgdHiSc0LxGJQ,2024,85
UCchEIVkQk2tgdHiSc0LxGJQ,2025,63
UCchEIVkQk2tgdHiSc0LxGJQ,2026,2
UCcjjQNj_XUhM1dH9TEXEpAg,2022,79
UCcjjQNj_XUhM1dH9TEXEpAg,2023,95
UCcjjQNj_XUhM1dH9TEXEpAg,2024,60
UCcjjQNj_XUhM1dH9TEXEpAg,2025,73
UCcjjQNj_XUhM1dH9TEXEpAg,2026,47
UCcmmL4Bdgf1tvkAm8C57_rg,2024,8
UCcmmL4Bdgf1tvkAm8C57_rg,2025,125
UCcmmL4Bdgf1tvkAm8C57_rg,2026,85
UCcrJWJBgpZ1A-EoFKqRRzOg,2020,1
UCcrJWJBgpZ1A-EoFKqRRzOg,2021,161
UCcrJWJBgpZ1A-EoFKqRRzOg,2022,122
UCcrJWJBgpZ1A-EoFKqRRzOg,2023,104
UCcrJWJBgpZ1A-EoFKqRRzOg,2024,6
UCctSbuyO_J73eUqGUesZotw,2022,3
UCctSbuyO_J73eUqGUesZotw,2023,3
UCd6Tzh7ZpVnCysNMt4nPjAg,2023,16
UCd6Tzh7ZpVnCysNMt4nPjAg,2024,115
UCd6Tzh7ZpVnCysNMt4nPjAg,2025,145
UCd6Tzh7ZpVnCysNMt4nPjAg,2026,100
UCdF31qg1W2KsKxSuSFECflA,2023,46
UCdF31qg1W2KsKxSuSFECflA,2024,8
UCdF31qg1W2KsKxSuSFECflA,2025,41
UCdF31qg1W2KsKxSuSFECflA,2026,55
UCdGC8XH74o6QTavyXw-5q2w,2019,1
UCdGC8XH74o6QTavyXw-5q2w,2020,34
UCdGC8XH74o6QTavyXw-5q2w,2021,11
UCdGC8XH74o6QTavyXw-5q2w,2022,21
UCdGC8XH74o6QTavyXw-5q2w,2023,43
UCdGC8XH74o6QTavyXw-5q2w,2024,67
UCdGC8XH74o6QTavyXw-5q2w,2025,37
UCdGC8XH74o6QTavyXw-5q2w,2026,27
UCdPOgLoE_grESHHrpHDNsEg,2019,10
UCdPOgLoE_grESHHrpHDNsEg,2021,40
UCdPOgLoE_grESHHrpHDNsEg,2022,196
UCdPOgLoE_grESHHrpHDNsEg,2023,88
UCdPOgLoE_grESHHrpHDNsEg,2024,50
UCdPOgLoE_grESHHrpHDNsEg,2026,21
UCdVlryCezLzVh74qwUfrL6Q,2025,228
UCdYlA3Qi1TnZwThS9Rb7dog,2023,225
UCdYlA3Qi1TnZwThS9Rb7dog,2024,257
UCdYlA3Qi1TnZwThS9Rb7dog,2025,115
UCdYlA3Qi1TnZwThS9Rb7dog,2026,39
UCddeSRGyCRq2K8k_NPprI-g,2022,30
UCddeSRGyCRq2K8k_NPprI-g,2023,85
UCddeSRGyCRq2K8k_NPprI-g,2024,108
UCddeSRGyCRq2K8k_NPprI-g,2025,44
UCddeSRGyCRq2K8k_NPprI-g,2026,12
UCdgjIr2R7jAjCO-62Y4nMoQ,2025,77
UCdgjIr2R7jAjCO-62Y4nMoQ,2026,60
UCdlJxYXr4eh44NeCSjOe_Fg,2024,190
UCdlJxYXr4eh44NeCSjOe_Fg,2025,249
UCdlJxYXr4eh44NeCSjOe_Fg,2026,211
UCdlpXdGT3nGDTqIlxUcufCQ,2025,333
UCdlpXdGT3nGDTqIlxUcufCQ,2026,316
UCdlsSG0fa6l_BQ9otNkHjMg,2021,23
UCdoQwqmi-QKjHOJnvg0wm4Q,2021,2
UCdoQwqmi-QKjHOJnvg0wm4Q,2023,21
UCdoQwqmi-QKjHOJnvg0wm4Q,2024,6
UCdoQwqmi-QKjHOJnvg0wm4Q,2025,12
UCdr7zWq0TdPTK-kp2hxUIVg,2021,1
UCdr7zWq0TdPTK-kp2hxUIVg,2022,15
UCdr7zWq0TdPTK-kp2hxUIVg,2023,13
UCdr7zWq0TdPTK-kp2hxUIVg,2024,6
UCdr7zWq0TdPTK-kp2hxUIVg,2025,5
UCdxaZWWFBl3N7Ollc3EwZAw,2021,78
UCdxaZWWFBl3N7Ollc3EwZAw,2022,88
UCdxaZWWFBl3N7Ollc3EwZAw,2023,83
UCdxaZWWFBl3N7Ollc3EwZAw,2024,95
UCdxaZWWFBl3N7Ollc3EwZAw,2025,198
UCdxaZWWFBl3N7Ollc3EwZAw,2026,108
UCe33CjMy_3DqvmKMMqEjWDQ,2020,9
UCe33CjMy_3DqvmKMMqEjWDQ,2021,75
UCe33CjMy_3DqvmKMMqEjWDQ,2022,95
UCe33CjMy_3DqvmKMMqEjWDQ,2023,51
UCe33CjMy_3DqvmKMMqEjWDQ,2024,80
UCe33CjMy_3DqvmKMMqEjWDQ,2025,26
UCe33CjMy_3DqvmKMMqEjWDQ,2026,5
UCe7hiXgbk4K2XB677rqeOjA,2023,87
UCe7hiXgbk4K2XB677rqeOjA,2024,96
UCe7hiXgbk4K2XB677rqeOjA,2025,49
UCe7hiXgbk4K2XB677rqeOjA,2026,16
UCe9-AfWL4jLg9CQC7QWa0_g,2022,2
UCe9-AfWL4jLg9CQC7QWa0_g,2023,177
UCe9-AfWL4jLg9CQC7QWa0_g,2024,110
UCe9-AfWL4jLg9CQC7QWa0_g,2025,28
UCe9-AfWL4jLg9CQC7QWa0_g,2026,9
UCe9JOhIANHHvJovOdv-0r8A,2025,114
UCe9JOhIANHHvJovOdv-0r8A,2026,103
UCeC8cJfqtHYl7w-0AoLApHQ,2023,31
UCeC8cJfqtHYl7w-0AoLApHQ,2024,110
UCeC8cJfqtHYl7w-0AoLApHQ,2025,99
UCeC8cJfqtHYl7w-0AoLApHQ,2026,68
UCeI78GYlqHWzmWvjGmcjDsA,2025,125
UCeI78GYlqHWzmWvjGmcjDsA,2026,64
UCeKUKj8zu8QI_8Zidqgw1Kg,2022,1
UCeKUKj8zu8QI_8Zidqgw1Kg,2023,27
UCeKUKj8zu8QI_8Zidqgw1Kg,2024,23
UCeKUKj8zu8QI_8Zidqgw1Kg,2025,82
UCeKUKj8zu8QI_8Zidqgw1Kg,2026,100
UCeLJ2rBYZwPrb5hbKY5X5eg,2023,153
UCeLJ2rBYZwPrb5hbKY5X5eg,2024,70
UCeLJ2rBYZwPrb5hbKY5X5eg,2025,31
UCeMd3ACzZD2sVn2fYYWcuMQ,2024,177
UCeMd3ACzZD2sVn2fYYWcuMQ,2025,199
UCeMd3ACzZD2sVn2fYYWcuMQ,2026,78
UCeTNHgOSMMFQTlWbJwpex_g,2024,138
UCeTNHgOSMMFQTlWbJwpex_g,2025,272
UCeTNHgOSMMFQTlWbJwpex_g,2026,240
UCeY7KQH92GvxRR4F0YWbknA,2025,109
UCeY7KQH92GvxRR4F0YWbknA,2026,103
UCeZoMTRssGhbl9vS5lvYsQg,2023,13
UCeZoMTRssGhbl9vS5lvYsQg,2024,43
UCeZoMTRssGhbl9vS5lvYsQg,2025,93
UCeZoMTRssGhbl9vS5lvYsQg,2026,94
UCei3lo9UhW4K9QE26iwuVjg,2021,83
UCei3lo9UhW4K9QE26iwuVjg,2022,129
UCei3lo9UhW4K9QE26iwuVjg,2023,68
UCei3lo9UhW4K9QE26iwuVjg,2024,49
UCei3lo9UhW4K9QE26iwuVjg,2025,20
UCei3lo9UhW4K9QE26iwuVjg,2026,19
UCeijqgCP9z3zLJ-uwQzvFtQ,2019,21
UCeijqgCP9z3zLJ-uwQzvFtQ,2020,117
UCeijqgCP9z3zLJ-uwQzvFtQ,2021,122
UCeijqgCP9z3zLJ-uwQzvFtQ,2022,115
UCeijqgCP9z3zLJ-uwQzvFtQ,2023,139
UCeijqgCP9z3zLJ-uwQzvFtQ,2024,95
UCeijqgCP9z3zLJ-uwQzvFtQ,2025,40
UCeijqgCP9z3zLJ-uwQzvFtQ,2026,1
UCeoHajHKBl5q-UvfIEeOm3g,2021,41
UCeoHajHKBl5q-UvfIEeOm3g,2022,30
UCeoHajHKBl5q-UvfIEeOm3g,2023,64
UCeoHajHKBl5q-UvfIEeOm3g,2024,52
UCeoHajHKBl5q-UvfIEeOm3g,2025,13
UCeoR2ozI_rHNtMZyWyYWI6Q,2021,2
UCeoR2ozI_rHNtMZyWyYWI6Q,2022,3
UCeoR2ozI_rHNtMZyWyYWI6Q,2023,4
UCeoR2ozI_rHNtMZyWyYWI6Q,2024,24
UCeoR2ozI_rHNtMZyWyYWI6Q,2025,33
UCeoR2ozI_rHNtMZyWyYWI6Q,2026,35
UCeogDPUhePBegonMId-BM_Q,2021,89
UCeogDPUhePBegonMId-BM_Q,2022,290
UCeogDPUhePBegonMId-BM_Q,2023,92
UCeogDPUhePBegonMId-BM_Q,2024,114
UCeogDPUhePBegonMId-BM_Q,2025,50
UCeogDPUhePBegonMId-BM_Q,2026,15
UCepIXUC8KUvonowbahgMsQA,2020,21
UCepIXUC8KUvonowbahgMsQA,2021,64
UCepIXUC8KUvonowbahgMsQA,2022,67
UCepIXUC8KUvonowbahgMsQA,2023,10
UCepQ5leDU2_KgTVOsD4so7A,2025,29
UCepQ5leDU2_KgTVOsD4so7A,2026,16
UCeze7PeKkKYEkDmdPuNQOhQ,2026,144
UCf-29F7w_0xRTXVDFol0spQ,2025,39
UCf-29F7w_0xRTXVDFol0spQ,2026,51
UCf-P7yTlHAJlVwxzwHu915Q,2008,1
UCf-P7yTlHAJlVwxzwHu915Q,2020,1
UCf-P7yTlHAJlVwxzwHu915Q,2022,107
UCf-P7yTlHAJlVwxzwHu915Q,2023,82
UCf-P7yTlHAJlVwxzwHu915Q,2024,24
UCf-P7yTlHAJlVwxzwHu915Q,2025,69
UCf-P7yTlHAJlVwxzwHu915Q,2026,119
UCf0WmZk5F5_1Qm9CNgEZNuA,2026,10
UCf1aJaf0L0SXieSscG0qA9A,2019,1
UCf1aJaf0L0SXieSscG0qA9A,2024,49
UCf1aJaf0L0SXieSscG0qA9A,2025,243
UCf1aJaf0L0SXieSscG0qA9A,2026,183
UCf4ma6wZwlPor4Q9uvHUvDQ,2022,122
UCf4ma6wZwlPor4Q9uvHUvDQ,2023,94
UCf4ma6wZwlPor4Q9uvHUvDQ,2025,14
UCf4ma6wZwlPor4Q9uvHUvDQ,2026,12
UCf6P5ojQTWAgVNUvlu08DNw,2023,78
UCf6P5ojQTWAgVNUvlu08DNw,2024,10
UCfDCemDzrBpQoZMIajLeI-w,2024,467
UCfDCemDzrBpQoZMIajLeI-w,2025,133
UCfDCemDzrBpQoZMIajLeI-w,2026,50
UCfEcgIyELdrDcSbH6frZslg,2023,38
UCfEcgIyELdrDcSbH6frZslg,2024,42
UCfEcgIyELdrDcSbH6frZslg,2025,31
UCfEcgIyELdrDcSbH6frZslg,2026,8
UCfI5PfgpNZ3a2p7MS-m5gPA,2023,24
UCfI5PfgpNZ3a2p7MS-m5gPA,2024,242
UCfI5PfgpNZ3a2p7MS-m5gPA,2025,250
UCfI5PfgpNZ3a2p7MS-m5gPA,2026,134
UCfIXIjmCUKMBdmB2EspTygw,2023,11
UCfIXIjmCUKMBdmB2EspTygw,2024,23
UCfIXIjmCUKMBdmB2EspTygw,2025,26
UCfIXIjmCUKMBdmB2EspTygw,2026,54
UCfPOynlPffrryH8JAsHOmJA,2023,96
UCfPOynlPffrryH8JAsHOmJA,2024,97
UCfPOynlPffrryH8JAsHOmJA,2025,104
UCfPOynlPffrryH8JAsHOmJA,2026,51
UCfPtDFCs4PzDU_hy0usORnw,2023,5
UCfPtDFCs4PzDU_hy0usORnw,2024,23
UCfPtDFCs4PzDU_hy0usORnw,2025,208
UCfPtDFCs4PzDU_hy0usORnw,2026,199
UCfSvuVrYSKM3RgdEjl7iVxQ,2022,3
UCfSvuVrYSKM3RgdEjl7iVxQ,2023,14
UCfSvuVrYSKM3RgdEjl7iVxQ,2024,9
UCfSvuVrYSKM3RgdEjl7iVxQ,2025,20
UCfSvuVrYSKM3RgdEjl7iVxQ,2026,3
UCfTaHjdctcy9veUwXK_GDBg,2024,100
UCfTaHjdctcy9veUwXK_GDBg,2025,77
UCfTaHjdctcy9veUwXK_GDBg,2026,21
UCfaZG-sf7NrY3RBmoHBSOcg,2025,250
UCfaZG-sf7NrY3RBmoHBSOcg,2026,400
UCfcNIwkAhHcDTP1rQg2n5nw,2023,133
UCfcNIwkAhHcDTP1rQg2n5nw,2024,221
UCfcNIwkAhHcDTP1rQg2n5nw,2025,209
UCfcNIwkAhHcDTP1rQg2n5nw,2026,87
UCfe7Lxdn2PDp_xnnrC_RSzA,2024,61
UCfe7Lxdn2PDp_xnnrC_RSzA,2025,3
UCfiD6DpIwPP4lQ4NPqZNOHg,2021,34
UCfiD6DpIwPP4lQ4NPqZNOHg,2022,47
UCfiD6DpIwPP4lQ4NPqZNOHg,2023,19
UCfiD6DpIwPP4lQ4NPqZNOHg,2024,25
UCfiD6DpIwPP4lQ4NPqZNOHg,2025,32
UCfiD6DpIwPP4lQ4NPqZNOHg,2026,26
UCfpH7l2htEr8t_l6D3MbLpQ,2023,163
UCfpH7l2htEr8t_l6D3MbLpQ,2024,219
UCfpH7l2htEr8t_l6D3MbLpQ,2025,91
UCfpH7l2htEr8t_l6D3MbLpQ,2026,55
UCfuH_6QxAjJXM_9q8-iRqQQ,2023,1
UCfuH_6QxAjJXM_9q8-iRqQQ,2024,19
UCfuH_6QxAjJXM_9q8-iRqQQ,2025,28
UCfuH_6QxAjJXM_9q8-iRqQQ,2026,17
UCfw10eIAXlZOWbJAZBySdcA,2025,30
UCfw10eIAXlZOWbJAZBySdcA,2026,10
UCfx7DcAIytFlHnLK3riX7BQ,2024,1
UCfx7DcAIytFlHnLK3riX7BQ,2026,1
UCfxVeSpEx_K1VwHIcdNX0rw,2019,11
UCfxVeSpEx_K1VwHIcdNX0rw,2020,135
UCfxVeSpEx_K1VwHIcdNX0rw,2021,227
UCfxVeSpEx_K1VwHIcdNX0rw,2022,142
UCg--DR1FShlr9BKjJ9OQc5g,2024,74
UCg--DR1FShlr9BKjJ9OQc5g,2025,177
UCg--DR1FShlr9BKjJ9OQc5g,2026,130
UCg1lfyLDBsy0INi17egh6IA,2023,2
UCg1lfyLDBsy0INi17egh6IA,2024,92
UCg1lfyLDBsy0INi17egh6IA,2025,127
UCg1lfyLDBsy0INi17egh6IA,2026,95
UCg53fzp6UNYvsyAg8UoNXCA,2023,18
UCg53fzp6UNYvsyAg8UoNXCA,2024,193
UCg53fzp6UNYvsyAg8UoNXCA,2025,278
UCg53fzp6UNYvsyAg8UoNXCA,2026,161
UCg5zRBCc-X-O4ZPQQ3jDAIg,2021,35
UCg5zRBCc-X-O4ZPQQ3jDAIg,2022,281
UCg5zRBCc-X-O4ZPQQ3jDAIg,2023,68
UCg5zRBCc-X-O4ZPQQ3jDAIg,2024,11
UCg5zRBCc-X-O4ZPQQ3jDAIg,2025,32
UCg5zRBCc-X-O4ZPQQ3jDAIg,2026,10
UCg7LMUxDiwIDngWPjo60iTw,2026,170
UCgFEQdBjM12Cg-IY5tFzU_g,2024,42
UCgFEQdBjM12Cg-IY5tFzU_g,2025,56
UCgFEQdBjM12Cg-IY5tFzU_g,2026,15
UCgJiSmkfl1jCbczrs6kDWVw,2024,62
UCgJiSmkfl1jCbczrs6kDWVw,2025,363
UCgJiSmkfl1jCbczrs6kDWVw,2026,225
UCgLadXz0sJbHQL98eoAd9ag,2023,75
UCgLadXz0sJbHQL98eoAd9ag,2024,166
UCgLadXz0sJbHQL98eoAd9ag,2025,38
UCgM2ZDG20kYbeYrG1wy1MSQ,2022,57
UCgM2ZDG20kYbeYrG1wy1MSQ,2023,86
UCgM2ZDG20kYbeYrG1wy1MSQ,2024,39
UCgM2ZDG20kYbeYrG1wy1MSQ,2025,38
UCgM2ZDG20kYbeYrG1wy1MSQ,2026,38
UCgMHb11ydIWSAgvzrxOPjRg,2025,12
UCgMHb11ydIWSAgvzrxOPjRg,2026,184
UCgQHTHlOXAX0PEVBeHTlSnA,2021,121
UCgQHTHlOXAX0PEVBeHTlSnA,2022,155
UCgQHTHlOXAX0PEVBeHTlSnA,2023,77
UCgQHTHlOXAX0PEVBeHTlSnA,2024,4
UCgQHTHlOXAX0PEVBeHTlSnA,2025,5
UCgQHTHlOXAX0PEVBeHTlSnA,2026,7
UCgRxjdx4-ZMtmhjyl2N27nw,2024,1
UCgRxjdx4-ZMtmhjyl2N27nw,2025,13
UCgRxjdx4-ZMtmhjyl2N27nw,2026,31
UCgSsXxQ71nScJ-GIc90ZkYw,2024,196
UCgSsXxQ71nScJ-GIc90ZkYw,2025,288
UCgSsXxQ71nScJ-GIc90ZkYw,2026,166
UCgXcfaWl68A1gHWm4AiJXAQ,2020,60
UCgZt2jUdPnEVCKQtnzS0ywg,2022,12
UCgZt2jUdPnEVCKQtnzS0ywg,2023,108
UCgZt2jUdPnEVCKQtnzS0ywg,2024,102
UCgZt2jUdPnEVCKQtnzS0ywg,2025,98
UCgZt2jUdPnEVCKQtnzS0ywg,2026,256
UCgfEMiBgW-JSS3qksegDo3Q,2025,3
UCgfEMiBgW-JSS3qksegDo3Q,2026,107
UCghRTkqCoqGGmq9s8z7muLg,2025,57
UCghRTkqCoqGGmq9s8z7muLg,2026,29
UCgiEVQfolrB4MExyzxq_L5Q,2022,18
UCgiEVQfolrB4MExyzxq_L5Q,2023,27
UCgiEVQfolrB4MExyzxq_L5Q,2024,87
UCgiEVQfolrB4MExyzxq_L5Q,2025,82
UCgiEVQfolrB4MExyzxq_L5Q,2026,93
UCgkQ3ELvRzik3JDfc4o4S_g,2024,53
UCgkQ3ELvRzik3JDfc4o4S_g,2025,113
UCgkQ3ELvRzik3JDfc4o4S_g,2026,39
UCgmytgwJVDe74ewiHklGcBA,2023,5
UCgmytgwJVDe74ewiHklGcBA,2024,107
UCgmytgwJVDe74ewiHklGcBA,2025,61
UCgmytgwJVDe74ewiHklGcBA,2026,67
UCgnavpGZUMzWODQB_daHZbQ,2022,83
UCgnavpGZUMzWODQB_daHZbQ,2023,97
UCgnavpGZUMzWODQB_daHZbQ,2024,76
UCgnavpGZUMzWODQB_daHZbQ,2025,77
UCgnavpGZUMzWODQB_daHZbQ,2026,47
UCgq-rIElYiBFQnxgMnkojwg,2024,92
UCgq-rIElYiBFQnxgMnkojwg,2025,323
UCgq-rIElYiBFQnxgMnkojwg,2026,235
UCgqsGN6McgMtc-Xz50MsG9w,2022,29
UCgqsGN6McgMtc-Xz50MsG9w,2023,128
UCgqsGN6McgMtc-Xz50MsG9w,2024,68
UCgqsGN6McgMtc-Xz50MsG9w,2025,23
UCgwH2no530s8Ios2doKELKw,2022,51
UCgwH2no530s8Ios2doKELKw,2023,24
UCgwH2no530s8Ios2doKELKw,2024,8
UCgwH2no530s8Ios2doKELKw,2025,5
UCgxuLWOuU5QX8ReEFthb_lA,2022,2
UCh-ktlPulzCBs5S1Ynk3UOg,2023,1
UCh27XHdphGUo6meLoVblIoQ,2023,1
UCh27XHdphGUo6meLoVblIoQ,2025,207
UCh27XHdphGUo6meLoVblIoQ,2026,123
UCh3KvFEZOwMfaFYMzvdznRA,2021,1
UCh3KvFEZOwMfaFYMzvdznRA,2023,1
UCh3KvFEZOwMfaFYMzvdznRA,2024,41
UCh3KvFEZOwMfaFYMzvdznRA,2025,53
UCh3KvFEZOwMfaFYMzvdznRA,2026,42
UCh4SV9jjhMTFd8QRBh0IegA,2021,1
UChAhP23slVdjdrpt4aRukIw,2024,173
UChAhP23slVdjdrpt4aRukIw,2025,354
UChAhP23slVdjdrpt4aRukIw,2026,123
UChBuxXl8poN1Jz8kZDdsfhw,2021,48
UChBuxXl8poN1Jz8kZDdsfhw,2022,119
UChBuxXl8poN1Jz8kZDdsfhw,2023,104
UChBuxXl8poN1Jz8kZDdsfhw,2024,79
UChBuxXl8poN1Jz8kZDdsfhw,2025,80
UChBuxXl8poN1Jz8kZDdsfhw,2026,68
UChF6_MAcqWD8q-mnRoDViEQ,2023,124
UChF6_MAcqWD8q-mnRoDViEQ,2024,209
UChF6_MAcqWD8q-mnRoDViEQ,2025,208
UChF6_MAcqWD8q-mnRoDViEQ,2026,109
UChJCeUsXs42TOe1m4LZ_lJg,2023,35
UChJCeUsXs42TOe1m4LZ_lJg,2024,103
UChJCeUsXs42TOe1m4LZ_lJg,2025,16
UChNALrBJanqhbKasT0tgajQ,2024,6
UChNALrBJanqhbKasT0tgajQ,2025,26
UChNALrBJanqhbKasT0tgajQ,2026,10
UChNrxGsRq7xpntwWcI-h5Hg,2025,293
UChNrxGsRq7xpntwWcI-h5Hg,2026,142
UChSGIJlrLUI1UVds38w2Obg,2020,8
UChSGIJlrLUI1UVds38w2Obg,2021,53
UChSGIJlrLUI1UVds38w2Obg,2022,8
UChSGIJlrLUI1UVds38w2Obg,2023,56
UChSGIJlrLUI1UVds38w2Obg,2024,90
UChSGIJlrLUI1UVds38w2Obg,2025,240
UChSGIJlrLUI1UVds38w2Obg,2026,121
UChW_l65xozteVRme3mFE0Jg,2021,1
UChZv4NseLfZ98PmCA-gii7A,2023,28
UChZv4NseLfZ98PmCA-gii7A,2024,63
UChZv4NseLfZ98PmCA-gii7A,2025,41
UChZv4NseLfZ98PmCA-gii7A,2026,12
UChd2cJe7HuTYbZGkOO-QKwg,2024,101
UChd2cJe7HuTYbZGkOO-QKwg,2025,242
UChd2cJe7HuTYbZGkOO-QKwg,2026,73
UChgVLsZjY0Pzzm5CZ-8a6MQ,2025,135
UChgVLsZjY0Pzzm5CZ-8a6MQ,2026,108
UChgltsIqf_o4bFSKd9dVE5A,2022,194
UChgltsIqf_o4bFSKd9dVE5A,2023,125
UChgltsIqf_o4bFSKd9dVE5A,2024,121
UChgltsIqf_o4bFSKd9dVE5A,2025,53
UChgltsIqf_o4bFSKd9dVE5A,2026,48
UChgmNRdjJHlFaSm_xGmue9g,2022,7
UChgmNRdjJHlFaSm_xGmue9g,2023,94
UChrGwUGm1puXFhoC0lC7LFQ,2024,37
UChrGwUGm1puXFhoC0lC7LFQ,2025,174
UChrGwUGm1puXFhoC0lC7LFQ,2026,83
UChy20fuMn3c_rB2NEZLQecA,2021,36
UChy20fuMn3c_rB2NEZLQecA,2022,12
UCi0lsSeXkSUuFwWTdhk73IA,2022,1
UCi0lsSeXkSUuFwWTdhk73IA,2026,28
UCi201iDULX3c5VXIlh65zOA,2024,5
UCi201iDULX3c5VXIlh65zOA,2025,11
UCi201iDULX3c5VXIlh65zOA,2026,65
UCi2T9exDdJRTsxL1vnNV9gQ,2023,232
UCi2T9exDdJRTsxL1vnNV9gQ,2024,283
UCi2T9exDdJRTsxL1vnNV9gQ,2025,110
UCi2T9exDdJRTsxL1vnNV9gQ,2026,25
UCiG3hDSyLNx-tani2z03_Zg,2022,18
UCiG3hDSyLNx-tani2z03_Zg,2023,175
UCiG3hDSyLNx-tani2z03_Zg,2024,107
UCiG3hDSyLNx-tani2z03_Zg,2025,32
UCiG3hDSyLNx-tani2z03_Zg,2026,21
UCiHID_2M0x_oEo62Kate2jQ,2023,1
UCiHID_2M0x_oEo62Kate2jQ,2024,110
UCiHID_2M0x_oEo62Kate2jQ,2025,81
UCiK62ZOsD7vMwTw0MJiYDLw,2025,14
UCiK62ZOsD7vMwTw0MJiYDLw,2026,3
UCiM8hgTBL6sBMugCDBlij6A,2023,439
UCiM8hgTBL6sBMugCDBlij6A,2024,47
UCiM8hgTBL6sBMugCDBlij6A,2025,8
UCiM8hgTBL6sBMugCDBlij6A,2026,22
UCiVNJohfCMYogqJ4EB6fB1g,2022,1
UCiVNJohfCMYogqJ4EB6fB1g,2023,24
UCiVNJohfCMYogqJ4EB6fB1g,2024,114
UCiVNJohfCMYogqJ4EB6fB1g,2025,108
UCiVNJohfCMYogqJ4EB6fB1g,2026,36
UCiVx0R2pqr8Zg-tivdPDgig,2022,3
UCiVx0R2pqr8Zg-tivdPDgig,2023,3
UCiVx0R2pqr8Zg-tivdPDgig,2024,5
UCiVx0R2pqr8Zg-tivdPDgig,2025,237
UCiVx0R2pqr8Zg-tivdPDgig,2026,233
UCiYFmDfFBoAP2yk9yuXBTTg,2023,57
UCiYFmDfFBoAP2yk9yuXBTTg,2024,210
UCiYFmDfFBoAP2yk9yuXBTTg,2025,224
UCiYFmDfFBoAP2yk9yuXBTTg,2026,159
UCiZG4hoElnNYefqCSu5MC5A,2021,6
UCiZG4hoElnNYefqCSu5MC5A,2022,102
UCiZG4hoElnNYefqCSu5MC5A,2023,128
UCiZG4hoElnNYefqCSu5MC5A,2024,169
UCiZG4hoElnNYefqCSu5MC5A,2025,141
UCiZG4hoElnNYefqCSu5MC5A,2026,104
UCiZyQDO7v9UY_-Q24VsSLlQ,2026,145
UCiayPBsTG18EBsORDWmBOXQ,2023,2
UCiayPBsTG18EBsORDWmBOXQ,2024,92
UCiayPBsTG18EBsORDWmBOXQ,2025,77
UCiayPBsTG18EBsORDWmBOXQ,2026,27
UCiggUCFZrCho_ZtAMxSYx0Q,2025,159
UCiggUCFZrCho_ZtAMxSYx0Q,2026,151
UCihXBP7iwDIIkzbTbUR4jXg,2025,39
UCihXBP7iwDIIkzbTbUR4jXg,2026,93
UCijixp2pBTNrgkF5pDw0wPg,2023,104
UCijixp2pBTNrgkF5pDw0wPg,2024,149
UCijixp2pBTNrgkF5pDw0wPg,2025,80
UCijixp2pBTNrgkF5pDw0wPg,2026,32
UCikyhPyuEu3rn1izGOGxZcg,2023,140
UCikyhPyuEu3rn1izGOGxZcg,2024,171
UCikyhPyuEu3rn1izGOGxZcg,2025,200
UCikyhPyuEu3rn1izGOGxZcg,2026,139
UCivtAz2MHfiy-HC0VW9fR2Q,2025,41
UCivtAz2MHfiy-HC0VW9fR2Q,2026,75
UCj0_mU0sUlDnVfoaOT6ve_A,2025,368
UCj0_mU0sUlDnVfoaOT6ve_A,2026,282
UCj2sbvVwAQFjHPLZ47RoTOA,2022,1
UCj2sbvVwAQFjHPLZ47RoTOA,2023,53
UCj2sbvVwAQFjHPLZ47RoTOA,2024,89
UCj2sbvVwAQFjHPLZ47RoTOA,2025,129
UCj2sbvVwAQFjHPLZ47RoTOA,2026,39
UCj3jRZ4HHn1hZtwzs5Sw2KQ,2024,21
UCj3jRZ4HHn1hZtwzs5Sw2KQ,2025,369
UCj3jRZ4HHn1hZtwzs5Sw2KQ,2026,166
UCj9iuFhj63MZfS8ANBzBd9w,2024,161
UCj9iuFhj63MZfS8ANBzBd9w,2025,93
UCj9iuFhj63MZfS8ANBzBd9w,2026,40
UCjD3GQq05AJ2Hwh0wDkiV4w,2025,171
UCjD3GQq05AJ2Hwh0wDkiV4w,2026,90
UCjGFO21Jia-O4vL-KSHO44Q,2023,219
UCjGFO21Jia-O4vL-KSHO44Q,2024,171
UCjGFO21Jia-O4vL-KSHO44Q,2025,82
UCjGFO21Jia-O4vL-KSHO44Q,2026,58
UCjGGp-gPhMgxgIKxjShbYtA,2016,7
UCjGGp-gPhMgxgIKxjShbYtA,2017,111
UCjGGp-gPhMgxgIKxjShbYtA,2018,54
UCjGGp-gPhMgxgIKxjShbYtA,2019,54
UCjGGp-gPhMgxgIKxjShbYtA,2020,24
UCjGGp-gPhMgxgIKxjShbYtA,2021,82
UCjGGp-gPhMgxgIKxjShbYtA,2022,4
UCjGGp-gPhMgxgIKxjShbYtA,2023,2
UCjGGp-gPhMgxgIKxjShbYtA,2024,9
UCjGGp-gPhMgxgIKxjShbYtA,2025,1
UCjGGp-gPhMgxgIKxjShbYtA,2026,3
UCjK-ZpWlurxanrP62Di8HkA,2025,3
UCjK-ZpWlurxanrP62Di8HkA,2026,19
UCjNcr0lsW_G8u6zJjjHlBXw,2022,41
UCjNcr0lsW_G8u6zJjjHlBXw,2023,5
UCjQS71kGf-Ph6uy08IEG2bg,2023,1
UCjQS71kGf-Ph6uy08IEG2bg,2024,219
UCjQS71kGf-Ph6uy08IEG2bg,2025,264
UCjQS71kGf-Ph6uy08IEG2bg,2026,166
UCjQxLH9yqYXowVtH7a-6L-Q,2020,54
UCjQxLH9yqYXowVtH7a-6L-Q,2021,149
UCjQxLH9yqYXowVtH7a-6L-Q,2022,170
UCjQxLH9yqYXowVtH7a-6L-Q,2023,82
UCjQxLH9yqYXowVtH7a-6L-Q,2024,129
UCjQxLH9yqYXowVtH7a-6L-Q,2025,48
UCjQxLH9yqYXowVtH7a-6L-Q,2026,18
UCjeOlTHXWFsFfQ6o6Y_Dlsw,2024,68
UCjeOlTHXWFsFfQ6o6Y_Dlsw,2025,141
UCjeOlTHXWFsFfQ6o6Y_Dlsw,2026,111
UCjgbkv8rEi3oBPjhsCRUWsA,2025,198
UCjgbkv8rEi3oBPjhsCRUWsA,2026,147
UCjgiHXaBeeuWfxZpNMCJioQ,2023,59
UCjgiHXaBeeuWfxZpNMCJioQ,2024,82
UCjgiHXaBeeuWfxZpNMCJioQ,2025,57
UCjgiHXaBeeuWfxZpNMCJioQ,2026,60
UCjgyitv53-dae3SMkKwruGw,2020,16
UCjgyitv53-dae3SMkKwruGw,2022,71
UCjgyitv53-dae3SMkKwruGw,2023,45
UCjgyitv53-dae3SMkKwruGw,2024,12
UCjgyitv53-dae3SMkKwruGw,2025,30
UCjgyitv53-dae3SMkKwruGw,2026,18
UCjiIfHN3nlU80_DgNz-5qlA,2023,163
UCjiIfHN3nlU80_DgNz-5qlA,2024,234
UCjiIfHN3nlU80_DgNz-5qlA,2025,153
UCjiIfHN3nlU80_DgNz-5qlA,2026,100
UCjnKbgxO0tCXzNlSsnYjdyg,2026,86
UCjpsxqVVjdZWy5eW5-ZkbcA,2023,15
UCjpsxqVVjdZWy5eW5-ZkbcA,2024,112
UCjpsxqVVjdZWy5eW5-ZkbcA,2025,71
UCjpsxqVVjdZWy5eW5-ZkbcA,2026,108
UCjr1VnM1LBRp9Ez2JGNndaA,2022,4
UCjr1VnM1LBRp9Ez2JGNndaA,2023,129
UCjr1VnM1LBRp9Ez2JGNndaA,2024,184
UCjr1VnM1LBRp9Ez2JGNndaA,2025,232
UCjr1VnM1LBRp9Ez2JGNndaA,2026,101
UCjrs5Sse402rafaOP-k37Xw,2025,429
UCjrs5Sse402rafaOP-k37Xw,2026,221
UCjtjNwzYjmM3PQkMWTP3MNw,2025,111
UCjtjNwzYjmM3PQkMWTP3MNw,2026,110
UCjw7DQp5uNND5qMyyhtOpdQ,2018,1
UCjw7DQp5uNND5qMyyhtOpdQ,2020,16
UCjw7DQp5uNND5qMyyhtOpdQ,2021,28
UCjw7DQp5uNND5qMyyhtOpdQ,2022,77
UCjw7DQp5uNND5qMyyhtOpdQ,2023,46
UCjw7DQp5uNND5qMyyhtOpdQ,2024,139
UCjw7DQp5uNND5qMyyhtOpdQ,2025,179
UCjw7DQp5uNND5qMyyhtOpdQ,2026,55
UCjygfNCaicPNiP8HZyXY08w,2023,5
UCjygfNCaicPNiP8HZyXY08w,2024,43
UCk0bJC1-V_BIE-FY8qYrVQA,2024,7
UCk0bJC1-V_BIE-FY8qYrVQA,2025,164
UCk0bJC1-V_BIE-FY8qYrVQA,2026,151
UCk1dqQF3v91PtquvzNf151g,2022,120
UCk1dqQF3v91PtquvzNf151g,2023,160
UCk1dqQF3v91PtquvzNf151g,2024,142
UCk1dqQF3v91PtquvzNf151g,2025,154
UCk1dqQF3v91PtquvzNf151g,2026,74
UCk5hcuReSItZee785U4jMDA,2023,1
UCk5hcuReSItZee785U4jMDA,2024,31
UCk5hcuReSItZee785U4jMDA,2025,27
UCk5hcuReSItZee785U4jMDA,2026,30
UCkDoqvUkpbGqskcODT-S0ag,2022,127
UCkDoqvUkpbGqskcODT-S0ag,2023,19
UCkEcY4RbLYs2AF45nhkyjtw,2023,90
UCkEcY4RbLYs2AF45nhkyjtw,2024,180
UCkEcY4RbLYs2AF45nhkyjtw,2025,219
UCkEcY4RbLYs2AF45nhkyjtw,2026,161
UCkEgF0BmvRD2QKETDKoIzdQ,2023,1
UCkF8r4_wvBnMm2mrdvcxU_g,2021,45
UCkF8r4_wvBnMm2mrdvcxU_g,2022,108
UCkF8r4_wvBnMm2mrdvcxU_g,2023,142
UCkF8r4_wvBnMm2mrdvcxU_g,2024,119
UCkF8r4_wvBnMm2mrdvcxU_g,2025,69
UCkF8r4_wvBnMm2mrdvcxU_g,2026,71
UCkFFuJTqPWwFZ5I0smL8NrQ,2025,199
UCkFFuJTqPWwFZ5I0smL8NrQ,2026,161
UCkL-uaHGA8xe516I3y00OZA,2026,101
UCkLlWzLdsqNdEaW9QYRbZCw,2025,260
UCkLlWzLdsqNdEaW9QYRbZCw,2026,390
UCkNTg_9AatcdDorXO0ijfYQ,2021,71
UCkNTg_9AatcdDorXO0ijfYQ,2022,198
UCkNTg_9AatcdDorXO0ijfYQ,2023,94
UCkNTg_9AatcdDorXO0ijfYQ,2024,147
UCkNTg_9AatcdDorXO0ijfYQ,2025,80
UCkNTg_9AatcdDorXO0ijfYQ,2026,36
UCkU6YBCs4dPsn1FlVzNVqNw,2023,6
UCkU6YBCs4dPsn1FlVzNVqNw,2024,32
UCkU6YBCs4dPsn1FlVzNVqNw,2025,10
UCkU6YBCs4dPsn1FlVzNVqNw,2026,111
UCkWqUSYGks1CqOcCm-zwfzw,2023,36
UCkWqUSYGks1CqOcCm-zwfzw,2024,96
UCkWqUSYGks1CqOcCm-zwfzw,2025,34
UCkWqUSYGks1CqOcCm-zwfzw,2026,67
UCkYpaS7iE8B6r8xPBeo4sOg,2023,34
UCkYpaS7iE8B6r8xPBeo4sOg,2024,106
UCkYpaS7iE8B6r8xPBeo4sOg,2025,22
UCkf9IC_RAo1SSj4BvR7ahOA,2024,124
UCkf9IC_RAo1SSj4BvR7ahOA,2025,186
UCkf9IC_RAo1SSj4BvR7ahOA,2026,93
UCkfMOc9cpO2jNCQcr_9nnKw,2024,34
UCkfMOc9cpO2jNCQcr_9nnKw,2025,234
UCkfMOc9cpO2jNCQcr_9nnKw,2026,170
UCkjQ55wHjS7cQ9Xol9qW7Ow,2024,1
UCkjQ55wHjS7cQ9Xol9qW7Ow,2025,1
UCkjQ55wHjS7cQ9Xol9qW7Ow,2026,47
UCklpP4KpgJdCfz4XVe0Nhvg,2020,1
UCklpP4KpgJdCfz4XVe0Nhvg,2021,3
UCklpP4KpgJdCfz4XVe0Nhvg,2023,1
UCklpP4KpgJdCfz4XVe0Nhvg,2024,1
UCkmdieFgz-8jWHBE1OlucAA,2025,29
UCkmdieFgz-8jWHBE1OlucAA,2026,8
UCknOyz3O0-G6w5SJNAgO7uQ,2024,169
UCknOyz3O0-G6w5SJNAgO7uQ,2025,236
UCknOyz3O0-G6w5SJNAgO7uQ,2026,146
UCkrja0w7A6MHJ5UAxjTgH7Q,2021,7
UCkrja0w7A6MHJ5UAxjTgH7Q,2022,6
UCkrja0w7A6MHJ5UAxjTgH7Q,2023,13
UCkrja0w7A6MHJ5UAxjTgH7Q,2024,5
UCkrja0w7A6MHJ5UAxjTgH7Q,2025,14
UCkrja0w7A6MHJ5UAxjTgH7Q,2026,60
UCktUGMC7AKl1e8n20Ys8w0Q,2023,132
UCktUGMC7AKl1e8n20Ys8w0Q,2024,156
UCktUGMC7AKl1e8n20Ys8w0Q,2025,212
UCktUGMC7AKl1e8n20Ys8w0Q,2026,150
UCktowrrd3HTEugAQdKeuZOQ,2024,87
UCktowrrd3HTEugAQdKeuZOQ,2025,312
UCktowrrd3HTEugAQdKeuZOQ,2026,66
UCkvce0jZJYBWJLTuKoLIvLA,2023,1
UCkvce0jZJYBWJLTuKoLIvLA,2024,11
UCkvce0jZJYBWJLTuKoLIvLA,2025,15
UCkvce0jZJYBWJLTuKoLIvLA,2026,67
UCkwcFk8UHZO0ANkB6aBCo2w,2022,27
UCkwcFk8UHZO0ANkB6aBCo2w,2023,192
UCkwcFk8UHZO0ANkB6aBCo2w,2024,195
UCkwcFk8UHZO0ANkB6aBCo2w,2025,167
UCkwcFk8UHZO0ANkB6aBCo2w,2026,69
UCkxYPkvxIhorqG9577J0KGg,2024,3
UCkxYPkvxIhorqG9577J0KGg,2025,1
UCkxYPkvxIhorqG9577J0KGg,2026,13
UCl-gN216hlPiOzGOm_Jkosg,2025,11
UCl-gN216hlPiOzGOm_Jkosg,2026,30
UClBbcA64ikRSXTijItUQ-OA,2025,24
UClBbcA64ikRSXTijItUQ-OA,2026,34
UClCLRJrlg3F9FOPnUfItZSw,2021,52
UClCLRJrlg3F9FOPnUfItZSw,2022,14
UClENshywr_HiWzG7WHnBUDQ,2025,20
UClENshywr_HiWzG7WHnBUDQ,2026,2
UClEcDlghI58w28f7H9pO-7Q,2022,1
UClFQeZMVqFVZonqSYk0l-Og,2026,112
UClGxY7R31Snisoccta9uByg,2024,1
UClGxY7R31Snisoccta9uByg,2026,9
UClHAmzOCBWpIxaeLoB1C3WQ,2022,1
UClHAmzOCBWpIxaeLoB1C3WQ,2023,6
UClHAmzOCBWpIxaeLoB1C3WQ,2025,1
UClHAmzOCBWpIxaeLoB1C3WQ,2026,98
UClIlMpdlevmQHyd7qQLLNWA,2022,8
UClIlMpdlevmQHyd7qQLLNWA,2023,152
UClIlMpdlevmQHyd7qQLLNWA,2024,113
UClIlMpdlevmQHyd7qQLLNWA,2025,139
UClIlMpdlevmQHyd7qQLLNWA,2026,99
UClKBrxMxPf1-104BQRNkDYw,2023,75
UClKBrxMxPf1-104BQRNkDYw,2024,176
UClKBrxMxPf1-104BQRNkDYw,2025,185
UClKBrxMxPf1-104BQRNkDYw,2026,112
UClKKLcJYu3P7VdVVc4H8fUQ,2023,112
UClKKLcJYu3P7VdVVc4H8fUQ,2024,173
UClKKLcJYu3P7VdVVc4H8fUQ,2025,121
UClKKLcJYu3P7VdVVc4H8fUQ,2026,73
UClLePWOXDCn6ZxhcM3jjPBw,2023,3
UClLePWOXDCn6ZxhcM3jjPBw,2024,21
UClLePWOXDCn6ZxhcM3jjPBw,2025,96
UClLePWOXDCn6ZxhcM3jjPBw,2026,124
UClOemvfyX_2oQPj-foZu5jw,2021,31
UClOemvfyX_2oQPj-foZu5jw,2022,85
UClOemvfyX_2oQPj-foZu5jw,2023,139
UClOemvfyX_2oQPj-foZu5jw,2024,158
UClOemvfyX_2oQPj-foZu5jw,2025,21
UClOemvfyX_2oQPj-foZu5jw,2026,54
UClXPm_54oaVwVPKhewoDSQw,2022,236
UClXPm_54oaVwVPKhewoDSQw,2023,142
UClXPm_54oaVwVPKhewoDSQw,2024,33
UClXPm_54oaVwVPKhewoDSQw,2025,120
UClXPm_54oaVwVPKhewoDSQw,2026,119
UClbr2Ml5EXjoAysIGi65z4w,2021,1
UClbr2Ml5EXjoAysIGi65z4w,2026,1
UCldD-XczW0-Frlbo11CIqfg,2023,21
UCldD-XczW0-Frlbo11CIqfg,2024,152
UCldD-XczW0-Frlbo11CIqfg,2025,121
UCldD-XczW0-Frlbo11CIqfg,2026,25
UClfz6OCQ6Lic7BGFsn1q0Ww,2024,5
UClfz6OCQ6Lic7BGFsn1q0Ww,2025,32
UClfz6OCQ6Lic7BGFsn1q0Ww,2026,25
UClkwdtOk6yQekM-UsoJNErg,2025,79
UClkwdtOk6yQekM-UsoJNErg,2026,112
UClsYXk5BW7YOdB9mnGzikyQ,2014,4
UClsYXk5BW7YOdB9mnGzikyQ,2016,1
UClsYXk5BW7YOdB9mnGzikyQ,2020,4
UClsYXk5BW7YOdB9mnGzikyQ,2021,102
UClsYXk5BW7YOdB9mnGzikyQ,2022,74
UClsYXk5BW7YOdB9mnGzikyQ,2023,74
UClsYXk5BW7YOdB9mnGzikyQ,2024,50
UClsYXk5BW7YOdB9mnGzikyQ,2025,38
UClsYXk5BW7YOdB9mnGzikyQ,2026,43
UClsrtReeDeC9WGR926fICZA,2025,153
UClsrtReeDeC9WGR926fICZA,2026,55
UCm0b6rM-6um9H8ZIiljKncg,2024,6
UCm0b6rM-6um9H8ZIiljKncg,2025,71
UCm0b6rM-6um9H8ZIiljKncg,2026,56
UCm4MvNX1EORDR3dgOxLhcJQ,2026,126
UCm5SLUk640GMLdp6ePCaXHQ,2022,58
UCm5SLUk640GMLdp6ePCaXHQ,2023,89
UCm5SLUk640GMLdp6ePCaXHQ,2024,116
UCm5SLUk640GMLdp6ePCaXHQ,2025,235
UCm5SLUk640GMLdp6ePCaXHQ,2026,152
UCm7uL6HoDxrJ7aJm7HMacQA,2016,7
UCm7uL6HoDxrJ7aJm7HMacQA,2017,16
UCm7uL6HoDxrJ7aJm7HMacQA,2019,55
UCm7uL6HoDxrJ7aJm7HMacQA,2020,50
UCm7uL6HoDxrJ7aJm7HMacQA,2021,53
UCm7uL6HoDxrJ7aJm7HMacQA,2022,148
UCm7uL6HoDxrJ7aJm7HMacQA,2023,40
UCm7uL6HoDxrJ7aJm7HMacQA,2024,25
UCm7uL6HoDxrJ7aJm7HMacQA,2025,1
UCmAObfjMAwE-nqr9D0ISAFw,2021,1
UCmAObfjMAwE-nqr9D0ISAFw,2022,56
UCmAObfjMAwE-nqr9D0ISAFw,2023,47
UCmAObfjMAwE-nqr9D0ISAFw,2024,109
UCmAObfjMAwE-nqr9D0ISAFw,2025,117
UCmAObfjMAwE-nqr9D0ISAFw,2026,28
UCmBtZhaKjvZ6zotSOuOMnwQ,2022,227
UCmBtZhaKjvZ6zotSOuOMnwQ,2023,96
UCmBtZhaKjvZ6zotSOuOMnwQ,2024,51
UCmBtZhaKjvZ6zotSOuOMnwQ,2025,66
UCmDDNnaWA_lEL4rpWqD4nSA,2025,96
UCmDDNnaWA_lEL4rpWqD4nSA,2026,12
UCmEBfH-cA250fGCvUb9CIGA,2024,1
UCmEBfH-cA250fGCvUb9CIGA,2025,7
UCmEBfH-cA250fGCvUb9CIGA,2026,27
UCmE_BKy2qSzjCC9HyRrxcqA,2024,28
UCmE_BKy2qSzjCC9HyRrxcqA,2025,117
UCmE_BKy2qSzjCC9HyRrxcqA,2026,62
UCmKiQxuXbizCEo77GCBTOig,2024,69
UCmKiQxuXbizCEo77GCBTOig,2025,121
UCmKiQxuXbizCEo77GCBTOig,2026,45
UCmLd6QDRBcD9TfFrThJucng,2024,13
UCmLd6QDRBcD9TfFrThJucng,2025,82
UCmLd6QDRBcD9TfFrThJucng,2026,2
UCmN7K6QnC46aah-_69EGksw,2021,19
UCmN7K6QnC46aah-_69EGksw,2022,15
UCmN7K6QnC46aah-_69EGksw,2023,97
UCmN7K6QnC46aah-_69EGksw,2024,82
UCmN7K6QnC46aah-_69EGksw,2025,45
UCmN7K6QnC46aah-_69EGksw,2026,12
UCmNHaTv_3klfUfaokHoXWJQ,2021,7
UCmNHaTv_3klfUfaokHoXWJQ,2022,20
UCmNHaTv_3klfUfaokHoXWJQ,2023,18
UCmNHaTv_3klfUfaokHoXWJQ,2024,128
UCmNHaTv_3klfUfaokHoXWJQ,2025,170
UCmNHaTv_3klfUfaokHoXWJQ,2026,57
UCmR_ysVFhbwdrh080o1MuMQ,2025,42
UCmR_ysVFhbwdrh080o1MuMQ,2026,99
UCmTbPJp-N5R1KFvMO51giCg,2022,46
UCmTbPJp-N5R1KFvMO51giCg,2023,316
UCmTbPJp-N5R1KFvMO51giCg,2024,76
UCmTbPJp-N5R1KFvMO51giCg,2025,23
UCmU2ZpoUQNii8DSKuWR3qLQ,2022,96
UCmU2ZpoUQNii8DSKuWR3qLQ,2023,76
UCmU2ZpoUQNii8DSKuWR3qLQ,2024,25
UCmU2ZpoUQNii8DSKuWR3qLQ,2025,19
UCmU2ZpoUQNii8DSKuWR3qLQ,2026,4
UCmVx2k5Qcsmk8qGbZEBZGCw,2020,7
UCmVx2k5Qcsmk8qGbZEBZGCw,2021,8
UCmVx2k5Qcsmk8qGbZEBZGCw,2022,9
UCmVx2k5Qcsmk8qGbZEBZGCw,2023,23
UCmVx2k5Qcsmk8qGbZEBZGCw,2024,35
UCmVx2k5Qcsmk8qGbZEBZGCw,2025,47
UCmVx2k5Qcsmk8qGbZEBZGCw,2026,12
UCmWdh_wjFaSdX7sZUWGNuDQ,2024,75
UCmWdh_wjFaSdX7sZUWGNuDQ,2025,71
UCmWdh_wjFaSdX7sZUWGNuDQ,2026,25
UCmeYkTj7_pBYgWSJmM_eJPQ,2020,1
UCmeYkTj7_pBYgWSJmM_eJPQ,2022,202
UCmeYkTj7_pBYgWSJmM_eJPQ,2023,82
UCmeYkTj7_pBYgWSJmM_eJPQ,2024,38
UCmeYkTj7_pBYgWSJmM_eJPQ,2025,54
UCmeYkTj7_pBYgWSJmM_eJPQ,2026,60
UCmfo9Rqc55Hpb5x_Cu2FrFw,2024,1
UCmfo9Rqc55Hpb5x_Cu2FrFw,2025,12
UCmfo9Rqc55Hpb5x_Cu2FrFw,2026,45
UCmg0gZHGn-zuq1JnYPB_EjQ,2021,1
UCmg0gZHGn-zuq1JnYPB_EjQ,2023,26
UCmg0gZHGn-zuq1JnYPB_EjQ,2024,126
UCmi6wrDDb_2qXsMK4nyLgjA,2025,1
UCmi6wrDDb_2qXsMK4nyLgjA,2026,5
UCmiO2DRc4e80eWfElzQfWyA,2024,7
UCmiO2DRc4e80eWfElzQfWyA,2025,21
UCmiO2DRc4e80eWfElzQfWyA,2026,34
UCmmq-jL8gjo_J-KHYIXcLMQ,2021,47
UCmmq-jL8gjo_J-KHYIXcLMQ,2022,8
UCmmq-jL8gjo_J-KHYIXcLMQ,2024,1
UCmn9plmPAP1BsFyLe-Ji13g,2023,30
UCmn9plmPAP1BsFyLe-Ji13g,2024,63
UCmn9plmPAP1BsFyLe-Ji13g,2025,107
UCmn9plmPAP1BsFyLe-Ji13g,2026,72
UCmnSx_jWSZKAlYUtutvY3dQ,2025,44
UCmnSx_jWSZKAlYUtutvY3dQ,2026,29
UCmo490psosEoBDv_hNHmmng,2025,42
UCmo490psosEoBDv_hNHmmng,2026,3
UCmrINu03JIZLU04794Ril2w,2023,2
UCmrINu03JIZLU04794Ril2w,2024,39
UCmrINu03JIZLU04794Ril2w,2025,102
UCmrINu03JIZLU04794Ril2w,2026,42
UCmrTXPnIhAm-hosYsZ8rAHg,2024,122
UCmrTXPnIhAm-hosYsZ8rAHg,2025,215
UCmrTXPnIhAm-hosYsZ8rAHg,2026,75
UCmrnmSL4OHsw_i0a5d2RUpg,2020,1
UCmrnmSL4OHsw_i0a5d2RUpg,2024,87
UCmrnmSL4OHsw_i0a5d2RUpg,2025,118
UCmrnmSL4OHsw_i0a5d2RUpg,2026,57
UCmuDlfckZosXYzs1B6Fyuyg,2025,204
UCmuDlfckZosXYzs1B6Fyuyg,2026,146
UCmvFibZ6umhTdyUpLya_vLg,2022,1
UCmvFibZ6umhTdyUpLya_vLg,2024,2
UCmvFibZ6umhTdyUpLya_vLg,2025,59
UCmvFibZ6umhTdyUpLya_vLg,2026,334
UCn1m7XGKGyJ1B1Y_SRkISRA,2024,12
UCn1m7XGKGyJ1B1Y_SRkISRA,2025,22
UCn1m7XGKGyJ1B1Y_SRkISRA,2026,12
UCn1sslufP5oBkTGkIqL72ZQ,2026,60
UCn3Svapu91rgZVUsBajKTuA,2024,3
UCn3Svapu91rgZVUsBajKTuA,2025,68
UCn3Svapu91rgZVUsBajKTuA,2026,48
UCn7M5AjjaC3Ajftlx9GMVLg,2022,2
UCn7M5AjjaC3Ajftlx9GMVLg,2023,2
UCn7M5AjjaC3Ajftlx9GMVLg,2024,1
UCn7M5AjjaC3Ajftlx9GMVLg,2025,3
UCn7S0uvqI3_5NYli07qxZCA,2022,4
UCn7S0uvqI3_5NYli07qxZCA,2023,138
UCn7S0uvqI3_5NYli07qxZCA,2024,24
UCn9yL4ihVNU-IxPRmpXDivg,2023,1
UCn9yL4ihVNU-IxPRmpXDivg,2024,63
UCn9yL4ihVNU-IxPRmpXDivg,2025,165
UCn9yL4ihVNU-IxPRmpXDivg,2026,100
UCnE5l4nDqoRA84HT5ZRXbig,2021,60
UCnE5l4nDqoRA84HT5ZRXbig,2022,80
UCnE5l4nDqoRA84HT5ZRXbig,2023,54
UCnE5l4nDqoRA84HT5ZRXbig,2024,72
UCnE5l4nDqoRA84HT5ZRXbig,2025,85
UCnE5l4nDqoRA84HT5ZRXbig,2026,55
UCnH5yoBy1jRySZ4uLcdX5Tw,2024,156
UCnH5yoBy1jRySZ4uLcdX5Tw,2025,113
UCnH5yoBy1jRySZ4uLcdX5Tw,2026,54
UCnJIpwyhPbMxAw2qdaQ8a2g,2022,3
UCnJIpwyhPbMxAw2qdaQ8a2g,2023,136
UCnJIpwyhPbMxAw2qdaQ8a2g,2024,6
UCnNZtWXxIpMK02DYkPMq8vA,2025,34
UCnNZtWXxIpMK02DYkPMq8vA,2026,155
UCnOY70F34J77m2YzkW7B5qw,2020,1
UCnOY70F34J77m2YzkW7B5qw,2021,38
UCnOY70F34J77m2YzkW7B5qw,2022,106
UCnOY70F34J77m2YzkW7B5qw,2023,92
UCnOY70F34J77m2YzkW7B5qw,2024,32
UCnOY70F34J77m2YzkW7B5qw,2025,66
UCnOY70F34J77m2YzkW7B5qw,2026,53
UCnPvPjGOanX6I3aqPNNJ-PA,2024,1
UCnPvPjGOanX6I3aqPNNJ-PA,2025,136
UCnPvPjGOanX6I3aqPNNJ-PA,2026,71
UCneBNeVOlRm-gHbSrqC9DYg,2025,4
UCneBNeVOlRm-gHbSrqC9DYg,2026,24
UCni4SBfvmKlD7bu_ZWDmKiQ,2020,268
UCni4SBfvmKlD7bu_ZWDmKiQ,2021,222
UCni4SBfvmKlD7bu_ZWDmKiQ,2022,100
UCni4SBfvmKlD7bu_ZWDmKiQ,2023,54
UCni4SBfvmKlD7bu_ZWDmKiQ,2024,6
UCnmykXkj5SVMQf75oyp7Lkg,2021,1
UCnmykXkj5SVMQf75oyp7Lkg,2022,21
UCnmykXkj5SVMQf75oyp7Lkg,2023,1
UCnmykXkj5SVMQf75oyp7Lkg,2024,39
UCnmykXkj5SVMQf75oyp7Lkg,2025,55
UCnmykXkj5SVMQf75oyp7Lkg,2026,52
UCo6cNRSdO6tsZ4IW-aMmsZg,2024,176
UCo6cNRSdO6tsZ4IW-aMmsZg,2025,312
UCo6cNRSdO6tsZ4IW-aMmsZg,2026,162
UCoBGfXR9OWCgLbsm01o55ZA,2022,2
UCoBGfXR9OWCgLbsm01o55ZA,2023,6
UCoBGfXR9OWCgLbsm01o55ZA,2024,12
UCoBGfXR9OWCgLbsm01o55ZA,2025,44
UCoBGfXR9OWCgLbsm01o55ZA,2026,47
UCoOMJUZ5plQtVQDYbicD3dw,2020,1
UCoOMJUZ5plQtVQDYbicD3dw,2021,1
UCoOMJUZ5plQtVQDYbicD3dw,2022,110
UCoOMJUZ5plQtVQDYbicD3dw,2023,44
UCoOMJUZ5plQtVQDYbicD3dw,2024,1
UCoOMJUZ5plQtVQDYbicD3dw,2025,1
UCoR4fWv6I7yN9uVgSO1hc1w,2021,1
UCoR4fWv6I7yN9uVgSO1hc1w,2022,77
UCoR4fWv6I7yN9uVgSO1hc1w,2023,122
UCoR4fWv6I7yN9uVgSO1hc1w,2024,86
UCoR4fWv6I7yN9uVgSO1hc1w,2025,102
UCoR4fWv6I7yN9uVgSO1hc1w,2026,21
UCoTx4fCYIuOBrdK_rWGjqbA,2022,39
UCoTx4fCYIuOBrdK_rWGjqbA,2023,4
UCoVDjNrJWdIZ65qITyrseng,2013,1
UCoVDjNrJWdIZ65qITyrseng,2014,1
UCoVDjNrJWdIZ65qITyrseng,2015,6
UCoVDjNrJWdIZ65qITyrseng,2016,1
UCoVDjNrJWdIZ65qITyrseng,2021,118
UCoVDjNrJWdIZ65qITyrseng,2022,105
UCoVDjNrJWdIZ65qITyrseng,2023,125
UCoVDjNrJWdIZ65qITyrseng,2024,69
UCoVDjNrJWdIZ65qITyrseng,2025,90
UCoVDjNrJWdIZ65qITyrseng,2026,66
UCoVpEObbNlG_AVSz-K8yYTg,2021,1
UCoVpEObbNlG_AVSz-K8yYTg,2022,6
UCoVpEObbNlG_AVSz-K8yYTg,2023,2
UCoVpEObbNlG_AVSz-K8yYTg,2024,1
UCoVpEObbNlG_AVSz-K8yYTg,2026,3
UCoWVH0zHK4XpY8oqEWZ1Thw,2022,76
UCoWVH0zHK4XpY8oqEWZ1Thw,2023,158
UCoWVH0zHK4XpY8oqEWZ1Thw,2024,173
UCoWVH0zHK4XpY8oqEWZ1Thw,2025,144
UCoWVH0zHK4XpY8oqEWZ1Thw,2026,99
UCoWrleC-JaPnJLGU87F8OxQ,2023,105
UCoWrleC-JaPnJLGU87F8OxQ,2024,193
UCoWrleC-JaPnJLGU87F8OxQ,2025,223
UCoWrleC-JaPnJLGU87F8OxQ,2026,129
UCobiRetMOLHDrdLfLQzGiAw,2025,24
UCobiRetMOLHDrdLfLQzGiAw,2026,33
UCoc4ArTO-yJUzpqufus_Pdg,2024,37
UCoc4ArTO-yJUzpqufus_Pdg,2025,121
UCoc4ArTO-yJUzpqufus_Pdg,2026,36
UCoekpBaMC20hpELSXrqRTzg,2013,9
UCoekpBaMC20hpELSXrqRTzg,2014,1
UCoekpBaMC20hpELSXrqRTzg,2015,5
UCoekpBaMC20hpELSXrqRTzg,2016,42
UCoekpBaMC20hpELSXrqRTzg,2017,30
UCoekpBaMC20hpELSXrqRTzg,2018,21
UCoekpBaMC20hpELSXrqRTzg,2019,35
UCoekpBaMC20hpELSXrqRTzg,2020,46
UCoekpBaMC20hpELSXrqRTzg,2021,19
UCoekpBaMC20hpELSXrqRTzg,2022,91
UCoekpBaMC20hpELSXrqRTzg,2023,108
UCoekpBaMC20hpELSXrqRTzg,2024,67
UCoekpBaMC20hpELSXrqRTzg,2025,15
UCoekpBaMC20hpELSXrqRTzg,2026,12
UCoiKcLNgt7N9KIoBL-fx2YA,2021,221
UCoiKcLNgt7N9KIoBL-fx2YA,2022,134
UCoiKcLNgt7N9KIoBL-fx2YA,2023,96
UCoiKcLNgt7N9KIoBL-fx2YA,2024,54
UCoiKcLNgt7N9KIoBL-fx2YA,2025,103
UCoiKcLNgt7N9KIoBL-fx2YA,2026,28
UCompe4fS2oUss8CGTuhOSxA,2021,178
UCompe4fS2oUss8CGTuhOSxA,2022,85
UCompe4fS2oUss8CGTuhOSxA,2023,70
UCompe4fS2oUss8CGTuhOSxA,2024,110
UCompe4fS2oUss8CGTuhOSxA,2025,101
UCompe4fS2oUss8CGTuhOSxA,2026,106
UCongbtOF4PDmJ-HOXx0jSIQ,2024,75
UCongbtOF4PDmJ-HOXx0jSIQ,2025,286
UCongbtOF4PDmJ-HOXx0jSIQ,2026,289
UCopYEIEfBeNiGMuDACD61xA,2023,2
UCopYEIEfBeNiGMuDACD61xA,2024,4
UCopYEIEfBeNiGMuDACD61xA,2025,129
UCopYEIEfBeNiGMuDACD61xA,2026,22
UCot8DHNnZ2X0ARgaNYZopjw,2024,174
UCot8DHNnZ2X0ARgaNYZopjw,2025,247
UCot8DHNnZ2X0ARgaNYZopjw,2026,153
UCoyNRGf27kjzfmJiuXNLwrQ,2021,7
UCoyNRGf27kjzfmJiuXNLwrQ,2022,77
UCoyNRGf27kjzfmJiuXNLwrQ,2023,14
UCoyNRGf27kjzfmJiuXNLwrQ,2024,20
UCoyNRGf27kjzfmJiuXNLwrQ,2025,29
UCoyNRGf27kjzfmJiuXNLwrQ,2026,24
UCoz4Uka8Yrr2SM8Ml_shIhg,2022,36
UCoz4Uka8Yrr2SM8Ml_shIhg,2023,55
UCoz4Uka8Yrr2SM8Ml_shIhg,2024,71
UCoz4Uka8Yrr2SM8Ml_shIhg,2025,56
UCoz4Uka8Yrr2SM8Ml_shIhg,2026,32
UCp3WxJ4-xF8C9vJfvFs4ioQ,2024,15
UCp3WxJ4-xF8C9vJfvFs4ioQ,2025,206
UCp3WxJ4-xF8C9vJfvFs4ioQ,2026,8
UCp6qRWhZi2nDUSWKwV_V08Q,2022,25
UCp6qRWhZi2nDUSWKwV_V08Q,2023,52
UCp6qRWhZi2nDUSWKwV_V08Q,2024,32
UCp6qRWhZi2nDUSWKwV_V08Q,2025,42
UCpBjGiBLFJ8x-7kHDtPY74g,2020,1
UCpBjGiBLFJ8x-7kHDtPY74g,2021,54
UCpBjGiBLFJ8x-7kHDtPY74g,2022,46
UCpD_Ds-YEOOhPobh2xOGBHA,2024,87
UCpD_Ds-YEOOhPobh2xOGBHA,2025,213
UCpD_Ds-YEOOhPobh2xOGBHA,2026,114
UCpDj-ctDxLn5M5H5G_UxuRA,2025,174
UCpDj-ctDxLn5M5H5G_UxuRA,2026,265
UCpGtwNmbOtgmcKIY81MIX_w,2024,116
UCpGtwNmbOtgmcKIY81MIX_w,2025,296
UCpGtwNmbOtgmcKIY81MIX_w,2026,238
UCpIlOwUGihEx-Qzie2JiMWw,2024,16
UCpIlOwUGihEx-Qzie2JiMWw,2025,66
UCpIlOwUGihEx-Qzie2JiMWw,2026,76
UCpMuWBxMa6ttNgtylPTn3Hg,2023,105
UCpMuWBxMa6ttNgtylPTn3Hg,2024,220
UCpMuWBxMa6ttNgtylPTn3Hg,2025,180
UCpMuWBxMa6ttNgtylPTn3Hg,2026,119
UCpNAFq_PANbmcdfhzfuiekA,2023,134
UCpNAFq_PANbmcdfhzfuiekA,2024,202
UCpNAFq_PANbmcdfhzfuiekA,2025,157
UCpNAFq_PANbmcdfhzfuiekA,2026,157
UCpNkVsMlsJRF792H-1_1vPA,2021,178
UCpNkVsMlsJRF792H-1_1vPA,2022,212
UCpNkVsMlsJRF792H-1_1vPA,2023,143
UCpSsKMbL7zvD87O8-57Mg7A,2024,192
UCpSsKMbL7zvD87O8-57Mg7A,2025,188
UCpSsKMbL7zvD87O8-57Mg7A,2026,9
UCpWF1pMyJtMvlynspGnThdw,2021,56
UCpWF1pMyJtMvlynspGnThdw,2022,27
UCpWoDWpQSzhs3PMMU4WrfiQ,2023,76
UCpWoDWpQSzhs3PMMU4WrfiQ,2024,160
UCpWoDWpQSzhs3PMMU4WrfiQ,2025,268
UCpWoDWpQSzhs3PMMU4WrfiQ,2026,146
UCpXRdlZ-aGpd9s2gFVl63lg,2024,3
UCpXRdlZ-aGpd9s2gFVl63lg,2025,100
UCpXRdlZ-aGpd9s2gFVl63lg,2026,60
UCpZhmRU3HDKMau3Tv0_DsGg,2020,3
UCpZhmRU3HDKMau3Tv0_DsGg,2021,99
UCpZhmRU3HDKMau3Tv0_DsGg,2022,66
UCpZhmRU3HDKMau3Tv0_DsGg,2023,82
UCpZhmRU3HDKMau3Tv0_DsGg,2024,82
UCpZhmRU3HDKMau3Tv0_DsGg,2025,58
UCpZhmRU3HDKMau3Tv0_DsGg,2026,25
UCpaaIu52BVuInfJkO0-Ft3Q,2024,3
UCpaaIu52BVuInfJkO0-Ft3Q,2025,31
UCpaaIu52BVuInfJkO0-Ft3Q,2026,58
UCpbHtJERmEP-GZJeSpziqCQ,2023,12
UCpbHtJERmEP-GZJeSpziqCQ,2024,11
UCpbHtJERmEP-GZJeSpziqCQ,2025,274
UCpbHtJERmEP-GZJeSpziqCQ,2026,29
UCpfWYM5nNmWfroMIXBk3Gug,2025,82
UCpfWYM5nNmWfroMIXBk3Gug,2026,66
UCph_3mJbLtVYMFr4-n_rRgw,2024,264
UCph_3mJbLtVYMFr4-n_rRgw,2025,233
UCph_3mJbLtVYMFr4-n_rRgw,2026,132
UCpke74KAbZIIj7KrNdPgxow,2023,154
UCpke74KAbZIIj7KrNdPgxow,2024,169
UCpke74KAbZIIj7KrNdPgxow,2025,132
UCpke74KAbZIIj7KrNdPgxow,2026,85
UCprsCfEbSQRzd-mK4Cgd1Rg,2022,1
UCprsCfEbSQRzd-mK4Cgd1Rg,2025,1
UCpuk3ld3rGWSsLOhuVlOFBQ,2020,10
UCpuk3ld3rGWSsLOhuVlOFBQ,2021,109
UCpuk3ld3rGWSsLOhuVlOFBQ,2022,12
UCpuk3ld3rGWSsLOhuVlOFBQ,2023,9
UCpv77tyTG6nJlO9oBIFZ5xQ,2023,21
UCpv77tyTG6nJlO9oBIFZ5xQ,2024,114
UCpv77tyTG6nJlO9oBIFZ5xQ,2025,141
UCpv77tyTG6nJlO9oBIFZ5xQ,2026,197
UCpwaMGj7IdlttM_bP2iKZmw,2021,1
UCq0Nq6SwDplj3OcuvwkE1Mg,2023,31
UCq0Nq6SwDplj3OcuvwkE1Mg,2024,99
UCq0Nq6SwDplj3OcuvwkE1Mg,2025,55
UCq0Nq6SwDplj3OcuvwkE1Mg,2026,22
UCq1-zScAqUHmGQO9SYI5pIg,2022,100
UCq1-zScAqUHmGQO9SYI5pIg,2023,121
UCq1-zScAqUHmGQO9SYI5pIg,2024,210
UCq1-zScAqUHmGQO9SYI5pIg,2025,158
UCq1-zScAqUHmGQO9SYI5pIg,2026,26
UCqBG-DyjOA-llSpScSDOxqA,2024,52
UCqBG-DyjOA-llSpScSDOxqA,2025,21
UCqBG-DyjOA-llSpScSDOxqA,2026,1
UCqCI_qpXBTlVO0kZhB51I6w,2024,5
UCqCI_qpXBTlVO0kZhB51I6w,2025,54
UCqCI_qpXBTlVO0kZhB51I6w,2026,51
UCqCv5pUmAMeoQMushiW3Csg,2021,83
UCqCv5pUmAMeoQMushiW3Csg,2022,223
UCqCv5pUmAMeoQMushiW3Csg,2023,128
UCqCv5pUmAMeoQMushiW3Csg,2024,67
UCqCv5pUmAMeoQMushiW3Csg,2025,103
UCqCv5pUmAMeoQMushiW3Csg,2026,46
UCqDHOqlcApniKvQAPW2LlMQ,2023,63
UCqDHOqlcApniKvQAPW2LlMQ,2024,42
UCqKKqKP-G8LYkWMQeJAc2vA,2023,74
UCqKKqKP-G8LYkWMQeJAc2vA,2024,207
UCqKKqKP-G8LYkWMQeJAc2vA,2025,150
UCqKKqKP-G8LYkWMQeJAc2vA,2026,31
UCqMmxgXhKhZxIeIXSxho6mw,2023,27
UCqMmxgXhKhZxIeIXSxho6mw,2024,83
UCqMmxgXhKhZxIeIXSxho6mw,2025,50
UCqMmxgXhKhZxIeIXSxho6mw,2026,18
UCqTbc_8tl7ZFcEEuZtzfr2w,2023,68
UCqTbc_8tl7ZFcEEuZtzfr2w,2024,42
UCqTbc_8tl7ZFcEEuZtzfr2w,2025,117
UCqTbc_8tl7ZFcEEuZtzfr2w,2026,112
UCqUHXBufAIuF9KI-OoMFUQw,2024,79
UCqUHXBufAIuF9KI-OoMFUQw,2025,79
UCqUHXBufAIuF9KI-OoMFUQw,2026,15
UCqUKFVHfbb0ujmoxNfGSu1w,2023,88
UCqUKFVHfbb0ujmoxNfGSu1w,2024,192
UCqUKFVHfbb0ujmoxNfGSu1w,2025,242
UCqUKFVHfbb0ujmoxNfGSu1w,2026,128
UCqVbto9IH79DiJQab1nZ8CA,2024,19
UCqVbto9IH79DiJQab1nZ8CA,2025,128
UCqVbto9IH79DiJQab1nZ8CA,2026,46
UCq_POu51qgVp0O9EgcJgsDw,2021,46
UCq_POu51qgVp0O9EgcJgsDw,2022,96
UCq_POu51qgVp0O9EgcJgsDw,2023,98
UCq_POu51qgVp0O9EgcJgsDw,2024,99
UCq_POu51qgVp0O9EgcJgsDw,2025,87
UCq_POu51qgVp0O9EgcJgsDw,2026,40
UCqbax9GTF0U2i7Fzk7HjOyg,2024,22
UCqbax9GTF0U2i7Fzk7HjOyg,2025,71
UCqbax9GTF0U2i7Fzk7HjOyg,2026,17
UCqfR7Nkz-wkfQgcMDsU7HnA,2024,2
UCqfR7Nkz-wkfQgcMDsU7HnA,2025,118
UCqfR7Nkz-wkfQgcMDsU7HnA,2026,93
UCqhhWjpw23dWhJ5rRwCCrMA,2022,59
UCqhhWjpw23dWhJ5rRwCCrMA,2023,318
UCqhhWjpw23dWhJ5rRwCCrMA,2024,162
UCqhhWjpw23dWhJ5rRwCCrMA,2025,110
UCqhhWjpw23dWhJ5rRwCCrMA,2026,1
UCqlIHZinRgdevuHuCILlgjA,2024,37
UCqlIHZinRgdevuHuCILlgjA,2025,40
UCqlIHZinRgdevuHuCILlgjA,2026,24
UCqozdR0DYubMg22jJV2eThQ,2025,32
UCqozdR0DYubMg22jJV2eThQ,2026,51
UCqq085DI0tDBblF3Q1nsdcg,2022,37
UCqq085DI0tDBblF3Q1nsdcg,2023,132
UCqq085DI0tDBblF3Q1nsdcg,2024,161
UCqq085DI0tDBblF3Q1nsdcg,2025,174
UCqq085DI0tDBblF3Q1nsdcg,2026,86
UCqsUkQeicv0nEs5_d6DXYvQ,2023,6
UCqsUkQeicv0nEs5_d6DXYvQ,2024,167
UCqsUkQeicv0nEs5_d6DXYvQ,2025,72
UCqsUkQeicv0nEs5_d6DXYvQ,2026,56
UCqu5twYqzKGrRyIrcvg4YXA,2021,36
UCqu5twYqzKGrRyIrcvg4YXA,2022,58
UCqu5twYqzKGrRyIrcvg4YXA,2023,6
UCqu5twYqzKGrRyIrcvg4YXA,2025,1
UCqu5twYqzKGrRyIrcvg4YXA,2026,1
UCqxS4qNzJUWdPgR2UdLpemA,2022,31
UCqxS4qNzJUWdPgR2UdLpemA,2023,252
UCqxS4qNzJUWdPgR2UdLpemA,2024,167
UCqxS4qNzJUWdPgR2UdLpemA,2025,181
UCqxS4qNzJUWdPgR2UdLpemA,2026,19
UCr0-V3nBW3klbNrklD_1TPg,2025,143
UCr0-V3nBW3klbNrklD_1TPg,2026,48
UCr6JjOIjCAYFGJIW3_BznmA,2024,159
UCr6JjOIjCAYFGJIW3_BznmA,2025,304
UCr6JjOIjCAYFGJIW3_BznmA,2026,187
UCrDlc3CYB6TXFoU01jw0XPg,2022,83
UCrDlc3CYB6TXFoU01jw0XPg,2023,130
UCrDlc3CYB6TXFoU01jw0XPg,2024,158
UCrDlc3CYB6TXFoU01jw0XPg,2025,170
UCrDlc3CYB6TXFoU01jw0XPg,2026,109
UCrICh9KpS2QHVWOkfJ7GO1g,2021,1
UCrICh9KpS2QHVWOkfJ7GO1g,2022,42
UCrICh9KpS2QHVWOkfJ7GO1g,2023,15
UCrICh9KpS2QHVWOkfJ7GO1g,2024,20
UCrICh9KpS2QHVWOkfJ7GO1g,2025,57
UCrICh9KpS2QHVWOkfJ7GO1g,2026,17
UCrIs26bEKOvA_lRnO2Hgscw,2023,54
UCrIs26bEKOvA_lRnO2Hgscw,2024,38
UCrIs26bEKOvA_lRnO2Hgscw,2025,84
UCrIs26bEKOvA_lRnO2Hgscw,2026,26
UCrKgRzwdpFIyoYBvyuacmPg,2023,68
UCrKgRzwdpFIyoYBvyuacmPg,2024,69
UCrKgRzwdpFIyoYBvyuacmPg,2025,17
UCrOhfmfkwCUS5ibUehZpJtA,2023,11
UCrOhfmfkwCUS5ibUehZpJtA,2024,2
UCrQORO4YG9kd7FXl9nB-_Bw,2023,7
UCrQORO4YG9kd7FXl9nB-_Bw,2024,8
UCrQORO4YG9kd7FXl9nB-_Bw,2025,14
UCrUmEIK7jOgqVw5BPEDfQdQ,2020,96
UCrUmEIK7jOgqVw5BPEDfQdQ,2021,61
UCrUmEIK7jOgqVw5BPEDfQdQ,2022,1
UCrUmEIK7jOgqVw5BPEDfQdQ,2023,1
UCrVrg-DbNYlz-1TMgthXWRA,2024,2
UCrVrg-DbNYlz-1TMgthXWRA,2025,345
UCrVrg-DbNYlz-1TMgthXWRA,2026,88
UCrYkQnbL_OiYyGuiZyvcO7g,2021,35
UCrYkQnbL_OiYyGuiZyvcO7g,2022,58
UCrYkQnbL_OiYyGuiZyvcO7g,2024,4
UCrZZ55RSNNZvURxjffvIDng,2020,34
UCrZZ55RSNNZvURxjffvIDng,2021,22
UCrZZ55RSNNZvURxjffvIDng,2022,154
UCrZZ55RSNNZvURxjffvIDng,2023,116
UCrZZ55RSNNZvURxjffvIDng,2024,206
UCrZZ55RSNNZvURxjffvIDng,2025,118
UCriNq8O70ubJVbUtJ9yoGNw,2021,144
UCriNq8O70ubJVbUtJ9yoGNw,2022,88
UCriNq8O70ubJVbUtJ9yoGNw,2023,63
UCriNq8O70ubJVbUtJ9yoGNw,2024,109
UCriNq8O70ubJVbUtJ9yoGNw,2025,24
UCriNq8O70ubJVbUtJ9yoGNw,2026,1
UCrkWEJaRE2eCpEpGZbpNhIQ,2022,110
UCrkWEJaRE2eCpEpGZbpNhIQ,2023,100
UCrkWEJaRE2eCpEpGZbpNhIQ,2024,10
UCrkWEJaRE2eCpEpGZbpNhIQ,2026,13
UCrkmFl9WbotWvZMH8wQM2mw,2024,106
UCrkmFl9WbotWvZMH8wQM2mw,2025,254
UCrkmFl9WbotWvZMH8wQM2mw,2026,109
UCroF8LjEdRGOerNXLR0ddLA,2021,1
UCroF8LjEdRGOerNXLR0ddLA,2022,1
UCrpZITOa4ElrYQ7bjSXn75w,2025,117
UCrpZITOa4ElrYQ7bjSXn75w,2026,122
UCrrhPvH5ZB7UBcjCajs9OmQ,2024,85
UCrrhPvH5ZB7UBcjCajs9OmQ,2025,96
UCrrhPvH5ZB7UBcjCajs9OmQ,2026,31
UCrsyP6H1Ftqt503xKE7_CUg,2023,135
UCrsyP6H1Ftqt503xKE7_CUg,2024,205
UCrsyP6H1Ftqt503xKE7_CUg,2025,189
UCrsyP6H1Ftqt503xKE7_CUg,2026,121
UCrv90qmK4-Yxj_QyNMqBVQA,2025,87
UCrv90qmK4-Yxj_QyNMqBVQA,2026,150
UCrvgFjRmdALKWipRU1MQBsQ,2022,22
UCrvgFjRmdALKWipRU1MQBsQ,2023,156
UCrvgFjRmdALKWipRU1MQBsQ,2024,98
UCrvgFjRmdALKWipRU1MQBsQ,2025,97
UCrvgFjRmdALKWipRU1MQBsQ,2026,39
UCs3O6VR89_-NPCUSj29jY3Q,2019,1
UCs3O6VR89_-NPCUSj29jY3Q,2021,26
UCs3O6VR89_-NPCUSj29jY3Q,2022,174
UCs3O6VR89_-NPCUSj29jY3Q,2023,153
UCs3O6VR89_-NPCUSj29jY3Q,2024,74
UCs3O6VR89_-NPCUSj29jY3Q,2025,26
UCsB043n4HJ1SfywowZACmug,2025,107
UCsB043n4HJ1SfywowZACmug,2026,124
UCsBCAX4sd9ro4MhqVTyfOwg,2022,1
UCsBCAX4sd9ro4MhqVTyfOwg,2026,14
UCsI6assrGUpDX_TmSK4zehg,2024,95
UCsI6assrGUpDX_TmSK4zehg,2025,256
UCsI6assrGUpDX_TmSK4zehg,2026,188
UCsMUB8xL0-TcsBxpfb7LA8w,2021,54
UCsMUB8xL0-TcsBxpfb7LA8w,2022,9
UCsO3bLRlRtET6FMH0KIWvYQ,2021,1
UCsO3bLRlRtET6FMH0KIWvYQ,2022,3
UCsPn9TRLJIGDWPnfa32EX7Q,2022,100
UCsPn9TRLJIGDWPnfa32EX7Q,2023,152
UCsPn9TRLJIGDWPnfa32EX7Q,2024,140
UCsPn9TRLJIGDWPnfa32EX7Q,2025,148
UCsPn9TRLJIGDWPnfa32EX7Q,2026,99
UCsQphFL62QU4XfvjN4B0kAQ,2025,8
UCsQphFL62QU4XfvjN4B0kAQ,2026,189
UCsQqb5obLoEfcDoiaZFM7LA,2023,15
UCsQqb5obLoEfcDoiaZFM7LA,2024,17
UCsQqb5obLoEfcDoiaZFM7LA,2025,10
UCsQqb5obLoEfcDoiaZFM7LA,2026,1
UCsZSZCsOh_00oTBLdk2w-GA,2020,2
UCsZSZCsOh_00oTBLdk2w-GA,2021,16
UCsZSZCsOh_00oTBLdk2w-GA,2022,8
UCsZSZCsOh_00oTBLdk2w-GA,2023,5
UCsZSZCsOh_00oTBLdk2w-GA,2024,37
UCsZSZCsOh_00oTBLdk2w-GA,2025,32
UCsZSZCsOh_00oTBLdk2w-GA,2026,34
UCsg4TnP4vfR82IvQ5FKC9Cg,2025,71
UCsg4TnP4vfR82IvQ5FKC9Cg,2026,119
UCsopSzBjIt3naRqabJrXpRA,2025,72
UCsopSzBjIt3naRqabJrXpRA,2026,38
UCsqbAJWvp5DMgg69Clc81pA,2014,2
UCsqbAJWvp5DMgg69Clc81pA,2015,4
UCsqbAJWvp5DMgg69Clc81pA,2016,3
UCsqbAJWvp5DMgg69Clc81pA,2022,1
UCsqbAJWvp5DMgg69Clc81pA,2023,155
UCsqbAJWvp5DMgg69Clc81pA,2024,171
UCsqbAJWvp5DMgg69Clc81pA,2025,129
UCsqbAJWvp5DMgg69Clc81pA,2026,80
UCsrQN_xHHIOLkPfQ-uP1zag,2024,106
UCsrQN_xHHIOLkPfQ-uP1zag,2025,118
UCsrQN_xHHIOLkPfQ-uP1zag,2026,22
UCsrs6PQ6BxBGZbDuuD8i6iA,2024,1
UCsrs6PQ6BxBGZbDuuD8i6iA,2025,94
UCsrs6PQ6BxBGZbDuuD8i6iA,2026,175
UCsvM-x2McjES-pJMGfq8PuA,2025,428
UCsvM-x2McjES-pJMGfq8PuA,2026,222
UCsyvaOTDKdgG_iglzRnWzOQ,2021,61
UCsyvaOTDKdgG_iglzRnWzOQ,2022,24
UCsyvaOTDKdgG_iglzRnWzOQ,2023,2
UCsyvaOTDKdgG_iglzRnWzOQ,2024,7
UCt-_7LOFGUhAQGzePZtbYZg,2020,1
UCt-_7LOFGUhAQGzePZtbYZg,2022,1
UCt-_7LOFGUhAQGzePZtbYZg,2024,3
UCt-_7LOFGUhAQGzePZtbYZg,2025,4
UCt-_7LOFGUhAQGzePZtbYZg,2026,4
UCt1L2vxqFD0xZeYHeHPZQoQ,2020,28
UCt1L2vxqFD0xZeYHeHPZQoQ,2021,113
UCt1L2vxqFD0xZeYHeHPZQoQ,2022,77
UCt1L2vxqFD0xZeYHeHPZQoQ,2023,113
UCt1L2vxqFD0xZeYHeHPZQoQ,2024,40
UCt1L2vxqFD0xZeYHeHPZQoQ,2025,88
UCt1L2vxqFD0xZeYHeHPZQoQ,2026,191
UCt27auVkfJgmTnKJI6UAZwg,2026,19
UCt2nUyG9wE579wkiik-bfHQ,2022,37
UCt2nUyG9wE579wkiik-bfHQ,2023,94
UCt2nUyG9wE579wkiik-bfHQ,2024,74
UCt2nUyG9wE579wkiik-bfHQ,2025,75
UCt2nUyG9wE579wkiik-bfHQ,2026,14
UCt3VBRNF3sR05y763RZx2xw,2022,101
UCt3VBRNF3sR05y763RZx2xw,2023,121
UCt3VBRNF3sR05y763RZx2xw,2024,115
UCt3VBRNF3sR05y763RZx2xw,2025,139
UCt3VBRNF3sR05y763RZx2xw,2026,64
UCt483dpJFmpjRjADkNCWj1A,2023,45
UCt483dpJFmpjRjADkNCWj1A,2024,225
UCt483dpJFmpjRjADkNCWj1A,2025,276
UCt483dpJFmpjRjADkNCWj1A,2026,104
UCt5N-YObN60x8TQTMh6mvbw,2025,291
UCt5N-YObN60x8TQTMh6mvbw,2026,359
UCt6FZvZeGX7_0dFT5bibXig,2015,1
UCt6FZvZeGX7_0dFT5bibXig,2018,1
UCt6FZvZeGX7_0dFT5bibXig,2020,1
UCt6FZvZeGX7_0dFT5bibXig,2022,29
UCt6FZvZeGX7_0dFT5bibXig,2023,57
UCt6FZvZeGX7_0dFT5bibXig,2024,117
UCt6FZvZeGX7_0dFT5bibXig,2025,285
UCt8NgIONfmrNcyJt26ntJQg,2022,35
UCt8NgIONfmrNcyJt26ntJQg,2023,44
UCt8NgIONfmrNcyJt26ntJQg,2024,12
UCt8NgIONfmrNcyJt26ntJQg,2025,31
UCt8NgIONfmrNcyJt26ntJQg,2026,20
UCt8vlwt6qi6P1mz5uuStJCA,2021,95
UCt8vlwt6qi6P1mz5uuStJCA,2022,110
UCtAwmDprhStjmfRwyF3znsQ,2021,51
UCtAwmDprhStjmfRwyF3znsQ,2022,23
UCtD7KwwGOSgFu4FEd46msMg,2024,83
UCtD7KwwGOSgFu4FEd46msMg,2025,143
UCtD7KwwGOSgFu4FEd46msMg,2026,64
UCtECeyZ_Uc-oE4fJCt3YPoA,2025,27
UCtECeyZ_Uc-oE4fJCt3YPoA,2026,44
UCtGhO6z6GxqtBZ4gP-3rUpA,2021,1
UCtGhO6z6GxqtBZ4gP-3rUpA,2022,9
UCtGhO6z6GxqtBZ4gP-3rUpA,2023,2
UCtGhO6z6GxqtBZ4gP-3rUpA,2024,35
UCtGhO6z6GxqtBZ4gP-3rUpA,2025,152
UCtGhO6z6GxqtBZ4gP-3rUpA,2026,322
UCtHdI-Bb1OWP9VaQpBHy7kg,2025,86
UCtHdI-Bb1OWP9VaQpBHy7kg,2026,138
UCtI52RQ3VagjRMERxov_OxA,2022,73
UCtI52RQ3VagjRMERxov_OxA,2023,99
UCtI52RQ3VagjRMERxov_OxA,2024,34
UCtI52RQ3VagjRMERxov_OxA,2025,28
UCtI52RQ3VagjRMERxov_OxA,2026,61
UCtJXU7YRwS-Cc8pu8U8bicg,2025,64
UCtJXU7YRwS-Cc8pu8U8bicg,2026,1
UCtPjQ122cAR7pcv0NiSPhyQ,2023,9
UCtPjQ122cAR7pcv0NiSPhyQ,2024,69
UCtPjQ122cAR7pcv0NiSPhyQ,2025,183
UCtPjQ122cAR7pcv0NiSPhyQ,2026,115
UCtXAgf3uaHnIZyLr3fF8Fnw,2021,35
UCtXAgf3uaHnIZyLr3fF8Fnw,2022,196
UCtXAgf3uaHnIZyLr3fF8Fnw,2023,148
UCtXAgf3uaHnIZyLr3fF8Fnw,2024,133
UCtXAgf3uaHnIZyLr3fF8Fnw,2025,61
UCtXAgf3uaHnIZyLr3fF8Fnw,2026,36
UCtiDekGvmiFPVU6hfUDprcw,2025,114
UCtiDekGvmiFPVU6hfUDprcw,2026,99
UCtk8lcwk_Gx9egTljfiCMYw,2021,3
UCtk8lcwk_Gx9egTljfiCMYw,2022,77
UCtk8lcwk_Gx9egTljfiCMYw,2023,62
UCtk8lcwk_Gx9egTljfiCMYw,2024,78
UCtk8lcwk_Gx9egTljfiCMYw,2025,66
UCtk8lcwk_Gx9egTljfiCMYw,2026,3
UCtqg53LG-0LfkUn5PssQr_g,2021,1
UCtqg53LG-0LfkUn5PssQr_g,2022,2
UCtqg53LG-0LfkUn5PssQr_g,2023,53
UCtqg53LG-0LfkUn5PssQr_g,2024,50
UCtqg53LG-0LfkUn5PssQr_g,2025,155
UCtqg53LG-0LfkUn5PssQr_g,2026,76
UCttMAJHfOEXryNHnnDNG53g,2021,5
UCttMAJHfOEXryNHnnDNG53g,2022,7
UCttMAJHfOEXryNHnnDNG53g,2023,1
UCttMAJHfOEXryNHnnDNG53g,2024,3
UCtunm6uij5wVkzTAfcH0aig,2023,5
UCtunm6uij5wVkzTAfcH0aig,2024,86
UCtunm6uij5wVkzTAfcH0aig,2025,66
UCtunm6uij5wVkzTAfcH0aig,2026,12
UCtwkgAaBfYn8dGavjDAITxg,2025,48
UCtwkgAaBfYn8dGavjDAITxg,2026,49
UCtzBNRsOnn_xYOmXm09YAMw,2023,35
UCtzBNRsOnn_xYOmXm09YAMw,2024,76
UCtzBNRsOnn_xYOmXm09YAMw,2025,126
UCtzBNRsOnn_xYOmXm09YAMw,2026,96
UCu5HHrUzCcFmIgeIqImDUhQ,2021,21
UCu5HHrUzCcFmIgeIqImDUhQ,2022,33
UCu5cg0PIbWKd3VuBgu6KDIA,2025,43
UCu5cg0PIbWKd3VuBgu6KDIA,2026,57
UCuGrBxlTZGYY7dpx9eLFsZw,2024,77
UCuGrBxlTZGYY7dpx9eLFsZw,2025,321
UCuGrBxlTZGYY7dpx9eLFsZw,2026,161
UCuMlvjC3BwkkmdLerrcFzrg,2024,100
UCuMlvjC3BwkkmdLerrcFzrg,2025,141
UCuMlvjC3BwkkmdLerrcFzrg,2026,98
UCuSeRbNKfziUQdW6hZgiZjw,2021,73
UCuSeRbNKfziUQdW6hZgiZjw,2022,95
UCuSeRbNKfziUQdW6hZgiZjw,2023,105
UCuSeRbNKfziUQdW6hZgiZjw,2024,98
UCuSeRbNKfziUQdW6hZgiZjw,2025,69
UCuSeRbNKfziUQdW6hZgiZjw,2026,22
UCuZ1ajvlGFUMCHZAPdetKHw,2023,150
UCuZ1ajvlGFUMCHZAPdetKHw,2024,101
UCuZ1ajvlGFUMCHZAPdetKHw,2025,96
UCuZ1ajvlGFUMCHZAPdetKHw,2026,44
UCuknM_MfOGBZgedmcu8sf-w,2021,133
UCuknM_MfOGBZgedmcu8sf-w,2022,127
UCuknM_MfOGBZgedmcu8sf-w,2023,175
UCuknM_MfOGBZgedmcu8sf-w,2024,140
UCuknM_MfOGBZgedmcu8sf-w,2025,55
UCuknM_MfOGBZgedmcu8sf-w,2026,20
UCus7FjtV4qGWS1v1GIhfZaQ,2023,2
UCus7FjtV4qGWS1v1GIhfZaQ,2024,3
UCus7FjtV4qGWS1v1GIhfZaQ,2025,1
UCutz6S1DcEHPnEb_r9ztkzg,2021,181
UCutz6S1DcEHPnEb_r9ztkzg,2022,195
UCutz6S1DcEHPnEb_r9ztkzg,2023,162
UCuwUVa1uz28eLDxeoe-CDCQ,2024,233
UCuwUVa1uz28eLDxeoe-CDCQ,2025,148
UCuwUVa1uz28eLDxeoe-CDCQ,2026,9
UCuyrIzf_bCTnyJHktJVpe4g,2023,4
UCuyrIzf_bCTnyJHktJVpe4g,2024,190
UCuyrIzf_bCTnyJHktJVpe4g,2025,282
UCuyrIzf_bCTnyJHktJVpe4g,2026,174
UCv4vY8ecIowhnHMvuNt7ywg,2022,2
UCv4vY8ecIowhnHMvuNt7ywg,2023,76
UCv4vY8ecIowhnHMvuNt7ywg,2024,85
UCv4vY8ecIowhnHMvuNt7ywg,2025,116
UCv4vY8ecIowhnHMvuNt7ywg,2026,47
UCv6T5E7meuUtXHOAg_jQonQ,2021,1
UCv6T5E7meuUtXHOAg_jQonQ,2022,9
UCv6T5E7meuUtXHOAg_jQonQ,2023,155
UCv6T5E7meuUtXHOAg_jQonQ,2024,162
UCv6T5E7meuUtXHOAg_jQonQ,2025,124
UCv6T5E7meuUtXHOAg_jQonQ,2026,157
UCv8Jc5Icn5MIoBC1g-dXH8Q,2017,10
UCv8Jc5Icn5MIoBC1g-dXH8Q,2018,4
UCv8Jc5Icn5MIoBC1g-dXH8Q,2019,1
UCv8Jc5Icn5MIoBC1g-dXH8Q,2020,16
UCv8Jc5Icn5MIoBC1g-dXH8Q,2021,30
UCv8Jc5Icn5MIoBC1g-dXH8Q,2022,11
UCv8Jc5Icn5MIoBC1g-dXH8Q,2023,35
UCv8Jc5Icn5MIoBC1g-dXH8Q,2024,43
UCv8Jc5Icn5MIoBC1g-dXH8Q,2025,10
UCv8Jc5Icn5MIoBC1g-dXH8Q,2026,8
UCvAjpLYnhtnZn-6UDT4rraQ,2025,7
UCvAjpLYnhtnZn-6UDT4rraQ,2026,27
UCvHE7qpAydoWR1vhT2-ZHFg,2021,11
UCvHE7qpAydoWR1vhT2-ZHFg,2022,108
UCvHE7qpAydoWR1vhT2-ZHFg,2023,150
UCvHE7qpAydoWR1vhT2-ZHFg,2024,126
UCvHE7qpAydoWR1vhT2-ZHFg,2025,110
UCvHE7qpAydoWR1vhT2-ZHFg,2026,83
UCvHE8ZCOcfZR_8HvmBA9JBw,2025,90
UCvHE8ZCOcfZR_8HvmBA9JBw,2026,39
UCvJ9kX_3beaSWPPfHPBq8Uw,2022,3
UCvJ9kX_3beaSWPPfHPBq8Uw,2023,12
UCvJ9kX_3beaSWPPfHPBq8Uw,2024,60
UCvJ9kX_3beaSWPPfHPBq8Uw,2026,3
UCvOrkbDoUwKzbtODiiU8YXg,2025,203
UCvOrkbDoUwKzbtODiiU8YXg,2026,256
UCvQ3ivV2lcNxaSr66Xl_Kcw,2025,31
UCvQ3ivV2lcNxaSr66Xl_Kcw,2026,58
UCvTchQs3VuPF74Y3e6pPAMQ,2024,239
UCvTchQs3VuPF74Y3e6pPAMQ,2025,223
UCvTchQs3VuPF74Y3e6pPAMQ,2026,188
UCvWAlkD3Aguu5zAh7X3ZPPA,2024,8
UCvWAlkD3Aguu5zAh7X3ZPPA,2025,105
UCvWAlkD3Aguu5zAh7X3ZPPA,2026,64
UCvX83QsQu4NvT0pnEC6b9Hg,2024,35
UCvX83QsQu4NvT0pnEC6b9Hg,2025,125
UCvX83QsQu4NvT0pnEC6b9Hg,2026,43
UCvYUivIS4WcgfACH3xBJ0DQ,2024,22
UCvYUivIS4WcgfACH3xBJ0DQ,2025,128
UCvYUivIS4WcgfACH3xBJ0DQ,2026,94
UCvZWxyOOheSuqwVVIT-lJjw,2021,3
UCvZWxyOOheSuqwVVIT-lJjw,2022,12
UCvZWxyOOheSuqwVVIT-lJjw,2024,3
UCvZWxyOOheSuqwVVIT-lJjw,2025,24
UCvZWxyOOheSuqwVVIT-lJjw,2026,4
UCvbHZ8Ye_C0BHMLVU9F9nuA,2025,3
UCvbHZ8Ye_C0BHMLVU9F9nuA,2026,94
UCvjP5hF6Z7o8C4HWEVZmVSQ,2025,144
UCvjP5hF6Z7o8C4HWEVZmVSQ,2026,77
UCvk4wE32YLgO7MhSBNDx2Xw,2024,68
UCvk4wE32YLgO7MhSBNDx2Xw,2025,319
UCvk4wE32YLgO7MhSBNDx2Xw,2026,263
UCvob8U-yjPS-fSf5bq7jvGw,2024,226
UCvob8U-yjPS-fSf5bq7jvGw,2025,269
UCvob8U-yjPS-fSf5bq7jvGw,2026,155
UCvxN2R4-6hqHGYX-AL8Q7Qw,2023,37
UCvxN2R4-6hqHGYX-AL8Q7Qw,2024,108
UCvxN2R4-6hqHGYX-AL8Q7Qw,2025,56
UCvxN2R4-6hqHGYX-AL8Q7Qw,2026,4
UCw-oKO2PVt2CvgcEjuODDRw,2020,91
UCw-oKO2PVt2CvgcEjuODDRw,2021,3
UCw-oKO2PVt2CvgcEjuODDRw,2022,8
UCw5SDGBx4mHpBtBj_qfupWg,2021,27
UCw5SDGBx4mHpBtBj_qfupWg,2022,75
UCw5SDGBx4mHpBtBj_qfupWg,2023,44
UCw5SDGBx4mHpBtBj_qfupWg,2024,21
UCw64ItsCX0Cb4lCjb68oTpw,2022,61
UCw64ItsCX0Cb4lCjb68oTpw,2023,160
UCw64ItsCX0Cb4lCjb68oTpw,2024,118
UCw64ItsCX0Cb4lCjb68oTpw,2025,64
UCw64ItsCX0Cb4lCjb68oTpw,2026,128
UCw79Wj7JKNTtBiVqA8OJlSg,2024,57
UCw79Wj7JKNTtBiVqA8OJlSg,2025,148
UCw79Wj7JKNTtBiVqA8OJlSg,2026,103
UCw7YDtEaJFn1cOoQdBx3lIA,2023,3
UCw7YDtEaJFn1cOoQdBx3lIA,2024,91
UCw7YDtEaJFn1cOoQdBx3lIA,2025,144
UCw7YDtEaJFn1cOoQdBx3lIA,2026,52
UCwKydIfpAlllZap4K7dzJ4g,2022,34
UCwKydIfpAlllZap4K7dzJ4g,2023,84
UCwKydIfpAlllZap4K7dzJ4g,2024,130
UCwKydIfpAlllZap4K7dzJ4g,2025,137
UCwKydIfpAlllZap4K7dzJ4g,2026,71
UCwLCMt4wN6dTIWvxt0w95rQ,2024,77
UCwLCMt4wN6dTIWvxt0w95rQ,2025,114
UCwLCMt4wN6dTIWvxt0w95rQ,2026,45
UCwSohSYD00uLV-kq_UFJb4g,2024,105
UCwSohSYD00uLV-kq_UFJb4g,2025,110
UCwSohSYD00uLV-kq_UFJb4g,2026,21
UCwUOnMoqNijxs5e6GbfRJ3Q,2024,2
UCwUOnMoqNijxs5e6GbfRJ3Q,2025,99
UCwUOnMoqNijxs5e6GbfRJ3Q,2026,89
UCwUlSrFBV74QvDBE112cibw,2023,144
UCwUlSrFBV74QvDBE112cibw,2024,344
UCwUlSrFBV74QvDBE112cibw,2025,105
UCwUlSrFBV74QvDBE112cibw,2026,57
UCwV_WXNH4iIvUJIVddjyhbg,2024,71
UCwV_WXNH4iIvUJIVddjyhbg,2025,176
UCwV_WXNH4iIvUJIVddjyhbg,2026,94
UCw_7F4A38u-T_craqX6_OpQ,2024,115
UCw_7F4A38u-T_craqX6_OpQ,2025,95
UCw_7F4A38u-T_craqX6_OpQ,2026,8
UCwhHNYldCXfIX6UtRY0VTjw,2021,86
UCwhHNYldCXfIX6UtRY0VTjw,2022,103
UCwhHNYldCXfIX6UtRY0VTjw,2023,61
UCwhHNYldCXfIX6UtRY0VTjw,2024,11
UCwhHNYldCXfIX6UtRY0VTjw,2025,15
UCwhHNYldCXfIX6UtRY0VTjw,2026,14
UCwtyxO7B0xIv3XdtSvdnYgQ,2020,4
UCwtyxO7B0xIv3XdtSvdnYgQ,2021,5
UCwtyxO7B0xIv3XdtSvdnYgQ,2022,86
UCwtyxO7B0xIv3XdtSvdnYgQ,2023,92
UCwtyxO7B0xIv3XdtSvdnYgQ,2024,104
UCwtyxO7B0xIv3XdtSvdnYgQ,2025,182
UCwtyxO7B0xIv3XdtSvdnYgQ,2026,99
UCwv0DTchQQhKo7-C0VPu9yA,2022,5
UCwv0DTchQQhKo7-C0VPu9yA,2023,10
UCwv0DTchQQhKo7-C0VPu9yA,2024,166
UCwv0DTchQQhKo7-C0VPu9yA,2025,109
UCwv0DTchQQhKo7-C0VPu9yA,2026,43
UCx0dAEK6I00_Q7l9HJN86bQ,2022,4
UCx1g_QQFax29m6z1UXLTI3g,2023,79
UCx1g_QQFax29m6z1UXLTI3g,2024,92
UCx1g_QQFax29m6z1UXLTI3g,2025,94
UCx1g_QQFax29m6z1UXLTI3g,2026,44
UCx4qz8NiVkQQj4x-7mhS9Dg,2022,2
UCx4qz8NiVkQQj4x-7mhS9Dg,2023,100
UCx4qz8NiVkQQj4x-7mhS9Dg,2024,101
UCx4qz8NiVkQQj4x-7mhS9Dg,2025,63
UCx4qz8NiVkQQj4x-7mhS9Dg,2026,41
UCx5NsY_dUUU2NHK2P8u10xQ,2023,1
UCx5NsY_dUUU2NHK2P8u10xQ,2024,255
UCx5NsY_dUUU2NHK2P8u10xQ,2025,133
UCx5NsY_dUUU2NHK2P8u10xQ,2026,18
UCxI2vEES81ViqI4xs7dnsnA,2019,2
UCxI2vEES81ViqI4xs7dnsnA,2020,10
UCxIaiSqWfGmUoAkcT6A8LAA,2022,1
UCxIaiSqWfGmUoAkcT6A8LAA,2023,1
UCxLMvBlryxSsteqI9L8RmZg,2024,127
UCxLMvBlryxSsteqI9L8RmZg,2025,33
UCxLMvBlryxSsteqI9L8RmZg,2026,1
UCxMjBu1cPzJpPWmGd0UdUhA,2022,12
UCxMjBu1cPzJpPWmGd0UdUhA,2023,166
UCxMjBu1cPzJpPWmGd0UdUhA,2024,164
UCxMjBu1cPzJpPWmGd0UdUhA,2025,120
UCxMjBu1cPzJpPWmGd0UdUhA,2026,96
UCxYJqN90g84gIwfCO2bUKLA,2023,100
UCxYJqN90g84gIwfCO2bUKLA,2024,61
UCx_2bHOqtU_pUtB62VDRF8Q,2024,195
UCx_2bHOqtU_pUtB62VDRF8Q,2025,333
UCx_2bHOqtU_pUtB62VDRF8Q,2026,122
UCx_E2v60IowRRNd5nb-4uBQ,2022,1
UCx_E2v60IowRRNd5nb-4uBQ,2023,132
UCx_E2v60IowRRNd5nb-4uBQ,2024,29
UCx_E2v60IowRRNd5nb-4uBQ,2025,117
UCx_E2v60IowRRNd5nb-4uBQ,2026,43
UCxaiTOKjBqy0b9am_EGvexA,2024,2
UCxaiTOKjBqy0b9am_EGvexA,2025,131
UCxaiTOKjBqy0b9am_EGvexA,2026,79
UCxcmm1lpyL1Z3o7SgPAM1nw,2021,176
UCxcmm1lpyL1Z3o7SgPAM1nw,2022,119
UCxcmm1lpyL1Z3o7SgPAM1nw,2023,71
UCxcmm1lpyL1Z3o7SgPAM1nw,2024,79
UCxcmm1lpyL1Z3o7SgPAM1nw,2025,50
UCxcmm1lpyL1Z3o7SgPAM1nw,2026,18
UCxfx5BudsoFOV-TLl0RdFNw,2019,17
UCxfx5BudsoFOV-TLl0RdFNw,2020,32
UCxfx5BudsoFOV-TLl0RdFNw,2021,45
UCxfx5BudsoFOV-TLl0RdFNw,2022,39
UCxfx5BudsoFOV-TLl0RdFNw,2023,12
UCxfx5BudsoFOV-TLl0RdFNw,2024,3
UCxfx5BudsoFOV-TLl0RdFNw,2025,41
UCxfx5BudsoFOV-TLl0RdFNw,2026,18
UCxhTc8KCXqpWtvpBqx_Yi8g,2023,1
UCxhTc8KCXqpWtvpBqx_Yi8g,2024,119
UCxhTc8KCXqpWtvpBqx_Yi8g,2025,238
UCxhTc8KCXqpWtvpBqx_Yi8g,2026,137
UCxk5wi2uWUh2hVlTuP7dW4A,2024,1
UCxn_EkDl0yi45LN2H00ddiQ,2022,150
UCxn_EkDl0yi45LN2H00ddiQ,2023,207
UCxn_EkDl0yi45LN2H00ddiQ,2024,121
UCxn_EkDl0yi45LN2H00ddiQ,2025,111
UCxn_EkDl0yi45LN2H00ddiQ,2026,61
UCxnehbcB4sU8tjcfRsKxqGw,2022,1
UCxsvotVZGKCimeSlzK9bSzA,2023,164
UCxsvotVZGKCimeSlzK9bSzA,2024,89
UCxsvotVZGKCimeSlzK9bSzA,2025,89
UCxsvotVZGKCimeSlzK9bSzA,2026,60
UCxsyPoIG4fruqHyq91UwIMQ,2025,168
UCxsyPoIG4fruqHyq91UwIMQ,2026,80
UCxvd3oONCAAlvj5E6sbniuQ,2021,28
UCxvd3oONCAAlvj5E6sbniuQ,2022,65
UCxvd3oONCAAlvj5E6sbniuQ,2023,10
UCxvd3oONCAAlvj5E6sbniuQ,2024,5
UCxvd3oONCAAlvj5E6sbniuQ,2025,2
UCxvd3oONCAAlvj5E6sbniuQ,2026,2
UCxvs-I90Ta71nqbT62ATU2A,2022,31
UCxvs-I90Ta71nqbT62ATU2A,2023,48
UCxvs-I90Ta71nqbT62ATU2A,2024,20
UCxvs-I90Ta71nqbT62ATU2A,2025,96
UCxvs-I90Ta71nqbT62ATU2A,2026,30
UCyA1KEXjcq2za_bsJp9KmZQ,2020,126
UCyA1KEXjcq2za_bsJp9KmZQ,2021,150
UCyA1KEXjcq2za_bsJp9KmZQ,2022,30
UCyA1KEXjcq2za_bsJp9KmZQ,2023,130
UCyA1KEXjcq2za_bsJp9KmZQ,2024,87
UCyA1KEXjcq2za_bsJp9KmZQ,2025,75
UCyA1KEXjcq2za_bsJp9KmZQ,2026,52
UCyBovYeA-FnqRz8sigBql8w,2021,10
UCyBovYeA-FnqRz8sigBql8w,2022,5
UCyBovYeA-FnqRz8sigBql8w,2023,3
UCyBovYeA-FnqRz8sigBql8w,2024,1
UCyC0qxWVTV7Aq0WdyBkeypw,2022,5
UCyC0qxWVTV7Aq0WdyBkeypw,2023,1
UCyHbGgiIiuzrZUX-VKVsmcw,2023,72
UCyHbGgiIiuzrZUX-VKVsmcw,2024,58
UCyHbGgiIiuzrZUX-VKVsmcw,2025,34
UCyHbGgiIiuzrZUX-VKVsmcw,2026,17
UCyHu19qHV0hFQyK3ZOhtcnA,2024,100
UCyHu19qHV0hFQyK3ZOhtcnA,2025,85
UCyHu19qHV0hFQyK3ZOhtcnA,2026,144
UCyJplWD3_LWpNMOOkiVVurg,2025,177
UCyJplWD3_LWpNMOOkiVVurg,2026,103
UCyMsZpmjEnQxpem3QEJ1G4Q,2020,18
UCyMsZpmjEnQxpem3QEJ1G4Q,2021,27
UCyMsZpmjEnQxpem3QEJ1G4Q,2022,1
UCyPXMeC0RCQPGlImQXmN8xg,2023,40
UCyPXMeC0RCQPGlImQXmN8xg,2024,7
UCyPXMeC0RCQPGlImQXmN8xg,2025,13
UCyPXMeC0RCQPGlImQXmN8xg,2026,1
UCySlA9Pv5IVXvkW_lN_NXRw,2022,72
UCySlA9Pv5IVXvkW_lN_NXRw,2023,73
UCySlA9Pv5IVXvkW_lN_NXRw,2024,155
UCySlA9Pv5IVXvkW_lN_NXRw,2025,192
UCySlA9Pv5IVXvkW_lN_NXRw,2026,89
UCyTfmwqdhzlv9YD6-vmz2tQ,2021,5
UCyTfmwqdhzlv9YD6-vmz2tQ,2022,26
UCyTfmwqdhzlv9YD6-vmz2tQ,2023,128
UCyTfmwqdhzlv9YD6-vmz2tQ,2024,157
UCyTfmwqdhzlv9YD6-vmz2tQ,2025,156
UCyTfmwqdhzlv9YD6-vmz2tQ,2026,105
UCyVnAtNZMl0S4x6F3msaElg,2022,9
UCyVnAtNZMl0S4x6F3msaElg,2023,42
UCyVnAtNZMl0S4x6F3msaElg,2024,56
UCyVnAtNZMl0S4x6F3msaElg,2025,44
UCyVnAtNZMl0S4x6F3msaElg,2026,34
UCyXcXkTe7XZYGvX7A3_f3Jw,2024,63
UCyXcXkTe7XZYGvX7A3_f3Jw,2025,371
UCyXcXkTe7XZYGvX7A3_f3Jw,2026,216
UCyZOcyIIrCmWMWlZCbPL9kw,2023,5
UCyZOcyIIrCmWMWlZCbPL9kw,2024,1
UCyZOcyIIrCmWMWlZCbPL9kw,2025,103
UCyZOcyIIrCmWMWlZCbPL9kw,2026,105
UCydCZ9HbM9TbvXwsoI8rSdQ,2023,94
UCydCZ9HbM9TbvXwsoI8rSdQ,2024,225
UCydCZ9HbM9TbvXwsoI8rSdQ,2025,193
UCydCZ9HbM9TbvXwsoI8rSdQ,2026,138
UCyjuanhJSwS5h6edhGKmMbQ,2025,45
UCyjuanhJSwS5h6edhGKmMbQ,2026,18
UCysbx8fVJc92SL4KtsakA8Q,2023,40
UCyv2oEiAXQp9xLlBr1Tn6Vg,2022,6
UCyv2oEiAXQp9xLlBr1Tn6Vg,2023,10
UCyv2oEiAXQp9xLlBr1Tn6Vg,2024,11
UCyv2oEiAXQp9xLlBr1Tn6Vg,2025,6
UCyv2oEiAXQp9xLlBr1Tn6Vg,2026,8
UCz-_0-a_GPsU1-lrJJfYz7w,2025,374
UCz-_0-a_GPsU1-lrJJfYz7w,2026,276
UCz8nJz2tNY6dbNiQ0JlZnnw,2024,9
UCz8nJz2tNY6dbNiQ0JlZnnw,2025,4
UCzH5tEYALkblyTy99n3-YEA,2022,71
UCzH5tEYALkblyTy99n3-YEA,2023,107
UCzH5tEYALkblyTy99n3-YEA,2024,54
UCzH5tEYALkblyTy99n3-YEA,2025,115
UCzH5tEYALkblyTy99n3-YEA,2026,149
UCzHbS7cXhke4di7y2RV8wyw,2022,70
UCzHbS7cXhke4di7y2RV8wyw,2023,111
UCzHbS7cXhke4di7y2RV8wyw,2024,13
UCzHbS7cXhke4di7y2RV8wyw,2025,1
UCzM-6yhdmR4UGS_g_zzSf5Q,2023,21
UCzM-6yhdmR4UGS_g_zzSf5Q,2024,53
UCzM-6yhdmR4UGS_g_zzSf5Q,2025,51
UCzM-6yhdmR4UGS_g_zzSf5Q,2026,40
UCzOlFrxT8PsxRRA5E4MiMUQ,2020,3
UCzOlFrxT8PsxRRA5E4MiMUQ,2021,4
UCzVku8IXYwuk04hCXUh6nng,2024,132
UCzVku8IXYwuk04hCXUh6nng,2025,336
UCzVku8IXYwuk04hCXUh6nng,2026,181
UCzXQmOiroz8RwldLOFiuVAw,2021,74
UCzXQmOiroz8RwldLOFiuVAw,2022,157
UCzXQmOiroz8RwldLOFiuVAw,2023,155
UCzXQmOiroz8RwldLOFiuVAw,2024,156
UCzXQmOiroz8RwldLOFiuVAw,2025,81
UCzXQmOiroz8RwldLOFiuVAw,2026,27
UCzYQq6dHfzsNqBOwK1nw07A,2021,103
UCzYQq6dHfzsNqBOwK1nw07A,2022,62
UCzc8C1vlN6t3ZfAkQLemjIg,2023,1
UCzc8C1vlN6t3ZfAkQLemjIg,2024,6
UCzc8C1vlN6t3ZfAkQLemjIg,2025,75
UCzc8C1vlN6t3ZfAkQLemjIg,2026,19
UCzfzVFRd81VcN7mseTpusIg,2025,59
UCzfzVFRd81VcN7mseTpusIg,2026,42
UCzgxF7sRv7n4V8l7uU-tdYQ,2021,15
UCzgxF7sRv7n4V8l7uU-tdYQ,2022,159
UCzgxF7sRv7n4V8l7uU-tdYQ,2023,43
UCzgxF7sRv7n4V8l7uU-tdYQ,2024,6
UCziNHXJm0dWUHoi6d0lfGXQ,2021,2
UCziNHXJm0dWUHoi6d0lfGXQ,2022,33
UCziNHXJm0dWUHoi6d0lfGXQ,2023,10
UCziNHXJm0dWUHoi6d0lfGXQ,2024,14
UCziNHXJm0dWUHoi6d0lfGXQ,2025,88
UCziNHXJm0dWUHoi6d0lfGXQ,2026,123
UCzpxNuttbdXvtmZH4w5kRnA,2023,140
UCzpxNuttbdXvtmZH4w5kRnA,2024,132
UCzpxNuttbdXvtmZH4w5kRnA,2025,272
UCzpxNuttbdXvtmZH4w5kRnA,2026,58
UCzqqEpXJN-HMmFp-_hHyHGA,2021,101
UCzqqEpXJN-HMmFp-_hHyHGA,2022,129
UCzqqEpXJN-HMmFp-_hHyHGA,2023,66
UCzqqEpXJN-HMmFp-_hHyHGA,2024,29
UCzqqEpXJN-HMmFp-_hHyHGA,2025,14
UCzyUybcviqNk9YXKuMhCXqQ,2024,199
UCzyUybcviqNk9YXKuMhCXqQ,2025,300
UCzyUybcviqNk9YXKuMhCXqQ,2026,151
