channel_id,video_count,exact_timestamps,missing_timestamps,oldest,newest,at_or_before_2020,catalog_status,error_category,inaccessible_unique,inaccessible_encounters,duplicates,ordering,near_cap,remaining_depth_known,remaining_first_pass_allowance,recheck_eligible
UC-1J1TwDCLKe2p4HVchqGiw,700,700,0,2023-09-11T01:00:19+00:00,2026-09-04T19:27:27+00:00,False,PENDING,PENDING_PAGINATION,0,0,0,NOT_VALIDATED,False,,300,
UC-4w5VWWZRCK_wg9EJ-lr1w,1,1,0,2023-08-31T10:00:01+00:00,2023-08-31T10:00:01+00:00,False,PLAYLIST_EXHAUSTED,TERMINAL,0,0,0,NOT_VALIDATED,False,0,999,
UC-7KSYyqZ5FthXGj4R1nVbw,86,86,0,2020-08-30T05:51:45+00:00,2026-07-11T18:23:45+00:00,True,PLAYLIST_EXHAUSTED,TERMINAL,0,0,0,NOT_VALIDATED,False,0,914,
UC-8ovOIio6IUT-2DFsZvnMw,237,237,0,2022-06-26T18:29:01+00:00,2024-01-21T09:25:28+00:00,False,PLAYLIST_EXHAUSTED,TERMINAL,0,0,0,NOT_VALIDATED,False,0,763,
UC-FO1d6VYrHvbPjzr4Fuwgg,1,1,0,2022-05-12T10:16:35+00:00,2022-05-12T10:16:35+00:00,False,PLAYLIST_EXHAUSTED,TERMINAL,0,0,0,NOT_VALIDATED,False,0,999,
UC-FSZsfcwy_e-gRtYr8ns5A,30,30,0,2025-12-21T04:37:09+00:00,2026-08-06T03:41:31+00:00,False,PLAYLIST_EXHAUSTED,TERMINAL,0,0,0,NOT_VALIDATED,False,0,970,
UC-KEm4E7Yp_t0Gzix4SwkwA,152,152,0,2026-04-17T13:00:06+00:00,2026-09-09T09:00:21+00:00,False,PLAYLIST_EXHAUSTED,TERMINAL,0,0,1,NOT_VALIDATED,False,0,848,
UC-KdQvTPC9k3pLjy4Y1PBkg,458,458,0,2022-04-30T04:20:34+00:00,2026-09-04T15:58:07+00:00,False,PLAYLIST_EXHAUSTED,TERMINAL,0,0,0,NOT_VALIDATED,False,0,542,
UC-Xb3VhAajR8bir4XpgtZNA,52,52,0,2026-02-02T13:22:01+00:00,2026-08-01T12:03:08+00:00,False,PLAYLIST_EXHAUSTED,TERMINAL,0,0,0,NOT_VALIDATED,False,0,948,
UC-ZDJww4irljOotrkMG0FeA,56,56,0,2020-07-19T12:37:03+00:00,2026-05-27T03:54:28+00:00,True,PLAYLIST_EXHAUSTED,TERMINAL,0,0,0,NOT_VALIDATED,False,0,944,
UC-e-7z5tyBNm8M0XxySq0lg,42,42,0,2025-05-03T02:52:26+00:00,2026-09-09T03:04:18+00:00,False,PLAYLIST_EXHAUSTED,TERMINAL,0,0,0,NOT_VALIDATED,False,0,958,
UC-hRgpBR4P_7FAf_73rEfAA,127,127,0,2022-05-25T10:58:39+00:00,2025-02-21T14:00:35+00:00,False,PLAYLIST_EXHAUSTED,TERMINAL,0,0,0,NOT_VALIDATED,False,0,873,
UC-qBbCCqtD2H4WSs9m978Ow,0,0,0,,,False,PARTIAL_ERROR,NOT_FOUND,0,0,0,NOT_VALIDATED,False,,1000,False
UC-qpvnKJF0bd-r10dtgkXyg,250,250,0,2024-10-05T16:00:25+00:00,2026-09-09T06:00:34+00:00,False,PLAYLIST_EXHAUSTED,TERMINAL,0,0,0,NOT_VALIDATED,False,0,750,
UC-rl31Wigrn8iexKkpNl7jg,425,425,0,2021-05-17T02:36:36+00:00,2026-09-03T17:24:08+00:00,False,PLAYLIST_EXHAUSTED,TERMINAL,0,0,0,NOT_VALIDATED,False,0,575,
UC-uDG_nIZg8zySZPAJ1Ex2Q,303,303,0,2025-07-01T13:52:56+00:00,2026-07-25T14:45:48+00:00,False,PLAYLIST_EXHAUSTED,TERMINAL,0,0,0,NOT_VALIDATED,False,0,697,
UC-z7X8ICz1T-5gAJLgvYWCQ,75,75,0,2020-06-21T11:30:00+00:00,2023-03-08T15:52:29+00:00,True,PLAYLIST_EXHAUSTED,TERMINAL,0,0,0,NOT_VALIDATED,False,0,925,
UC05R2CcQn2TqvrgZRp-RF6w,338,338,0,2024-02-07T11:00:25+00:00,2026-03-06T04:30:43+00:00,False,PLAYLIST_EXHAUSTED,TERMINAL,0,0,0,NOT_VALIDATED,False,0,662,
UC06ZTttwwgmmMdc6ZMkOOgg,106,106,0,2021-02-19T03:12:01+00:00,2024-06-08T17:30:07+00:00,False,PLAYLIST_EXHAUSTED,TERMINAL,0,0,0,NOT_VALIDATED,False,0,894,
UC06xwFlEkBFdtxqV0WpVcqg,152,152,0,2025-05-29T09:00:44+00:00,2026-09-08T12:55:17+00:00,False,PLAYLIST_EXHAUSTED,TERMINAL,0,0,0,NOT_VALIDATED,False,0,848,
UC0C2fagfuiXuEgVCHEkJi4Q,44,44,0,2022-10-20T17:16:44+00:00,2024-11-05T14:00:06+00:00,False,PLAYLIST_EXHAUSTED,TERMINAL,0,0,0,NOT_VALIDATED,False,0,956,
UC0C6NAfPq2HMMqxO4hXyG-g,209,209,0,2024-04-28T05:00:08+00:00,2026-09-03T06:31:25+00:00,False,PLAYLIST_EXHAUSTED,TERMINAL,0,0,0,NOT_VALIDATED,False,0,791,
UC0C_CplF_fwd1hEZuIE6VIw,291,291,0,2020-11-17T11:00:04+00:00,2024-03-15T15:59:21+00:00,True,PLAYLIST_EXHAUSTED,TERMINAL,0,0,0,NOT_VALIDATED,False,0,709,
UC0CvHQnIDi7-Pk5nyc09EYw,321,321,0,2022-12-04T05:00:53+00:00,2025-07-14T11:01:44+00:00,False,PLAYLIST_EXHAUSTED,TERMINAL,0,0,0,NOT_VALIDATED,False,0,679,
UC0D7SuIVLYoD1hU3dxNxdMg,553,553,0,2023-05-03T08:27:39+00:00,2026-09-08T03:14:38+00:00,False,PLAYLIST_EXHAUSTED,TERMINAL,0,0,0,NOT_VALIDATED,False,0,447,
UC0FTyntIoEvvpfQOe75zJXA,455,455,0,2023-04-05T02:00:10+00:00,2026-09-09T09:20:12+00:00,False,PLAYLIST_EXHAUSTED,TERMINAL,0,0,0,NOT_VALIDATED,False,0,545,
UC0HGT-zZVzNq5JGOJOGYfJA,191,191,0,2024-10-28T04:45:00+00:00,2026-09-10T07:57:31+00:00,False,PLAYLIST_EXHAUSTED,TERMINAL,0,0,0,NOT_VALIDATED,False,0,809,
UC0J6pp9DfQIKE0ZP7nHq7oA,5,5,0,2026-04-22T12:21:49+00:00,2026-09-03T11:51:02+00:00,False,PLAYLIST_EXHAUSTED,TERMINAL,0,0,0,NOT_VALIDATED,False,0,995,
UC0Ky1U__7T2Z5SOZCvNlJ-Q,54,54,0,2020-02-15T15:08:45+00:00,2025-10-13T02:56:11+00:00,True,PLAYLIST_EXHAUSTED,TERMINAL,0,0,0,NOT_VALIDATED,False,0,946,
UC0OQFhAPY9bgfKqi6u8MI7Q,100,100,0,2024-08-05T09:00:42+00:00,2026-07-16T03:08:44+00:00,False,PLAYLIST_EXHAUSTED,TERMINAL,0,0,0,NOT_VALIDATED,False,0,900,
UC0WohB8vCmGDUn1q67z8kTA,111,111,0,2024-11-07T08:19:30+00:00,2026-09-09T09:00:16+00:00,False,PLAYLIST_EXHAUSTED,TERMINAL,0,0,0,NOT_VALIDATED,False,0,889,
UC0XEfbSBJTqH5sH79R7ZXKw,231,231,0,2024-03-22T11:19:54+00:00,2026-08-16T10:00:28+00:00,False,PLAYLIST_EXHAUSTED,TERMINAL,0,0,0,NOT_VALIDATED,False,0,769,
UC0XMhMMHSxNWG2wz38VRpiA,1,1,0,2025-06-06T12:33:08+00:00,2025-06-06T12:33:08+00:00,False,PLAYLIST_EXHAUSTED,TERMINAL,0,0,0,NOT_VALIDATED,False,0,999,
UC0Zn4uhb90EBb5e3NlvuS1g,204,204,0,2025-09-07T03:11:05+00:00,2026-09-08T12:24:06+00:00,False,PLAYLIST_EXHAUSTED,TERMINAL,0,0,0,NOT_VALIDATED,False,0,796,
UC0ZulKukNQiTsA2r7dEL0OA,601,601,0,2022-11-17T19:30:58+00:00,2026-09-08T03:44:27+00:00,False,PLAYLIST_EXHAUSTED,TERMINAL,0,0,0,NOT_VALIDATED,False,0,399,
UC0_VlKMxJuvQm5lZnG5AT4g,223,223,0,2022-04-10T17:17:43+00:00,2026-03-27T18:51:28+00:00,False,PLAYLIST_EXHAUSTED,TERMINAL,0,0,0,NOT_VALIDATED,False,0,777,
UC0bsrd1M3gCF6XqT_pBobjg,700,700,0,2022-08-21T16:20:47+00:00,2026-09-10T08:05:35+00:00,False,PENDING,PENDING_PAGINATION,0,0,0,NOT_VALIDATED,False,,300,
UC0cpWaYfZHppuIXGN6on59Q,130,130,0,2021-05-09T03:00:24+00:00,2026-06-01T15:12:46+00:00,False,PLAYLIST_EXHAUSTED,TERMINAL,0,0,0,NOT_VALIDATED,False,0,870,
UC0fZ_5Kil9VctNzpYo4vpLg,0,0,0,,,False,PARTIAL_ERROR,NOT_FOUND,0,0,0,NOT_VALIDATED,False,,1000,False
UC0j83REEO0vmUB6UOJpC5EA,197,197,0,2023-10-02T00:10:09+00:00,2026-09-10T05:14:49+00:00,False,PLAYLIST_EXHAUSTED,TERMINAL,0,0,0,NOT_VALIDATED,False,0,803,
UC0nW1honcPC62DD5Qkv3NAw,322,322,0,2025-04-21T05:54:01+00:00,2026-09-10T02:57:05+00:00,False,PLAYLIST_EXHAUSTED,TERMINAL,0,0,0,NOT_VALIDATED,False,0,678,
UC0sN779hXum_LluFaWfJjcw,152,152,0,2025-05-30T15:00:06+00:00,2026-09-09T09:30:36+00:00,False,PLAYLIST_EXHAUSTED,TERMINAL,0,0,0,NOT_VALIDATED,False,0,848,
UC0vtaaMk6-hGYcx4QWoMymg,0,0,0,,,False,PARTIAL_ERROR,NOT_FOUND,0,0,0,NOT_VALIDATED,False,,1000,False
UC16UwMg_siDFehWYFcjZhDQ,213,213,0,2024-06-30T12:54:19+00:00,2026-09-08T17:39:57+00:00,False,PLAYLIST_EXHAUSTED,TERMINAL,0,0,0,NOT_VALIDATED,False,0,787,
UC1893R8hjcc2zIu1KPT4MGw,407,407,0,2024-04-12T09:58:01+00:00,2026-05-01T18:05:25+00:00,False,PLAYLIST_EXHAUSTED,TERMINAL,0,0,0,NOT_VALIDATED,False,0,593,
UC19G1A17yxePMyLJqcNBN7Q,42,42,0,2020-12-19T03:21:48+00:00,2023-01-06T19:21:06+00:00,True,PLAYLIST_EXHAUSTED,TERMINAL,0,0,0,NOT_VALIDATED,False,0,958,
UC1FwYKHZnh2Qrj4GVbes9zQ,700,700,0,2024-04-24T11:13:51+00:00,2026-09-09T17:54:25+00:00,False,PENDING,PENDING_PAGINATION,0,0,0,NOT_VALIDATED,False,,300,
UC1Ow3RRt6TlD5__a3t-UYLQ,143,143,0,2022-01-30T04:22:57+00:00,2026-08-23T15:11:20+00:00,False,PLAYLIST_EXHAUSTED,TERMINAL,0,0,0,NOT_VALIDATED,False,0,857,
UC1W2400L97Bwe2leu7eXEzA,700,700,0,2022-02-01T15:30:07+00:00,2026-09-09T16:26:04+00:00,False,PENDING,PENDING_PAGINATION,0,0,0,NOT_VALIDATED,False,,300,
UC1_PguMZvyU9DhFVuwuUgTw,126,126,0,2023-04-25T18:07:29+00:00,2026-09-08T18:42:12+00:00,False,PLAYLIST_EXHAUSTED,TERMINAL,0,0,0,NOT_VALIDATED,False,0,874,
UC1ibZkqGoK8pSctzOwXUcWA,700,700,0,2023-11-30T14:10:40+00:00,2026-09-10T05:05:50+00:00,False,PENDING,PENDING_PAGINATION,0,0,0,NOT_VALIDATED,False,,300,
UC1jZ0KuzFRgWD_s9E-KLcFQ,132,132,0,2025-03-14T00:45:03+00:00,2026-09-07T07:41:16+00:00,False,PLAYLIST_EXHAUSTED,TERMINAL,0,0,0,NOT_VALIDATED,False,0,868,
UC1miE8rA7u3-CVPpuZGUT7g,39,39,0,2022-10-29T20:54:21+00:00,2025-02-22T13:36:46+00:00,False,PLAYLIST_EXHAUSTED,TERMINAL,0,0,0,NOT_VALIDATED,False,0,961,
UC1o-4IZwxHOxGyUKN6xpNZA,78,78,0,2023-05-10T17:45:25+00:00,2026-09-09T17:43:25+00:00,False,PLAYLIST_EXHAUSTED,TERMINAL,0,0,0,NOT_VALIDATED,False,0,922,
UC1pSe5kxpCK1BwA_bZQ97-g,115,115,0,2021-03-21T15:34:55+00:00,2024-07-31T17:09:26+00:00,False,PLAYLIST_EXHAUSTED,TERMINAL,0,0,0,NOT_VALIDATED,False,0,885,
UC1pYd8HCTuc8Kdh_8m_znpA,353,353,0,2023-04-01T07:00:06+00:00,2026-09-03T10:12:11+00:00,False,PLAYLIST_EXHAUSTED,TERMINAL,0,0,0,NOT_VALIDATED,False,0,647,
UC1s5T_9sfGrRxHJhjEceVSg,88,88,0,2022-04-17T13:59:48+00:00,2024-05-11T01:02:42+00:00,False,PLAYLIST_EXHAUSTED,TERMINAL,0,0,0,NOT_VALIDATED,False,0,912,
UC1xmO5jVjOCeo02XCpq4WFA,113,113,0,2020-03-02T11:45:12+00:00,2026-07-04T16:43:27+00:00,True,PLAYLIST_EXHAUSTED,TERMINAL,0,0,0,NOT_VALIDATED,False,0,887,
UC1ypugJJiDakFeDlxQO2Tew,519,519,0,2022-09-02T02:41:16+00:00,2026-09-10T07:16:25+00:00,False,PLAYLIST_EXHAUSTED,TERMINAL,0,0,0,NOT_VALIDATED,False,0,481,
UC1z-ybaAe5LYfcnDdzp9SGw,0,0,0,,,False,PARTIAL_ERROR,NOT_FOUND,0,0,0,NOT_VALIDATED,False,,1000,False
UC2109-BUhq7iEs9k9PlCzsw,488,488,0,2020-11-18T09:50:14+00:00,2026-09-10T04:09:16+00:00,True,PLAYLIST_EXHAUSTED,TERMINAL,0,0,0,NOT_VALIDATED,False,0,512,
UC238YXwPe4b4T57pFWioIfA,447,447,0,2021-11-16T10:30:22+00:00,2025-11-14T17:41:08+00:00,False,PLAYLIST_EXHAUSTED,TERMINAL,0,0,0,NOT_VALIDATED,False,0,553,
UC25e5qEqvVaG_VKrkTmJBmw,700,700,0,2024-09-22T12:07:21+00:00,2026-09-10T05:15:15+00:00,False,PENDING,PENDING_PAGINATION,0,0,0,NOT_VALIDATED,False,,300,
UC27OebwwE2AWaJF8fUSkDcA,0,0,0,,,False,PARTIAL_ERROR,NOT_FOUND,0,0,0,NOT_VALIDATED,False,,1000,False
UC2AmIPun8jDuz1ksnxQTtcw,426,426,0,2025-04-19T12:00:06+00:00,2026-09-09T18:19:37+00:00,False,PLAYLIST_EXHAUSTED,TERMINAL,0,0,0,NOT_VALIDATED,False,0,574,
UC2GaO3oPD_bkDMtLLRHnJgw,0,0,0,,,False,PARTIAL_ERROR,NOT_FOUND,0,0,0,NOT_VALIDATED,False,,1000,False
UC2IZur8-GAsn7gHQNTNOOgQ,62,62,0,2024-08-02T06:21:57+00:00,2026-05-15T08:42:00+00:00,False,PLAYLIST_EXHAUSTED,TERMINAL,0,0,0,NOT_VALIDATED,False,0,938,
UC2eai5waelgobAHgp20DEYg,700,700,0,2024-03-06T16:01:32+00:00,2026-09-09T11:00:22+00:00,False,PENDING,PENDING_PAGINATION,0,0,0,NOT_VALIDATED,False,,300,
UC2erQwP2foSQARjw5zUbrnQ,289,289,0,2024-10-20T08:00:05+00:00,2026-09-10T04:18:38+00:00,False,PLAYLIST_EXHAUSTED,TERMINAL,0,0,0,NOT_VALIDATED,False,0,711,
UC2iD3jxz5srvHoV7gXtBYvQ,338,338,0,2021-02-28T06:32:49+00:00,2025-01-08T17:25:00+00:00,False,PLAYLIST_EXHAUSTED,TERMINAL,0,0,0,NOT_VALIDATED,False,0,662,
UC2kjsGpKTwnFKZLLTUkK4Gw,78,78,0,2025-08-11T14:51:18+00:00,2026-09-03T04:16:29+00:00,False,PLAYLIST_EXHAUSTED,TERMINAL,0,0,0,NOT_VALIDATED,False,0,922,
UC2mSWpVqjjQ7G7gEIfQ7p9w,342,342,0,2024-06-21T04:05:08+00:00,2026-09-08T11:00:22+00:00,False,PLAYLIST_EXHAUSTED,TERMINAL,0,0,0,NOT_VALIDATED,False,0,658,
UC2mkbeIUVeIZeV7E2_dNCSg,184,184,0,2024-10-08T11:00:06+00:00,2026-08-28T02:49:06+00:00,False,PLAYLIST_EXHAUSTED,TERMINAL,0,0,0,NOT_VALIDATED,False,0,816,
UC2q-fPPrsyKOjRpmm--vzPQ,43,43,0,2024-03-08T11:43:39+00:00,2026-09-10T05:00:24+00:00,False,PLAYLIST_EXHAUSTED,TERMINAL,0,0,0,NOT_VALIDATED,False,0,957,
UC2sAw3h-IzU3JOtvXVzTjxw,160,160,0,2024-10-23T02:40:45+00:00,2026-08-29T21:08:46+00:00,False,PLAYLIST_EXHAUSTED,TERMINAL,0,0,0,NOT_VALIDATED,False,0,840,
UC2uv9lpMiz72v_qPVFDSZmA,76,76,0,2025-02-12T15:48:45+00:00,2026-09-06T17:47:16+00:00,False,PLAYLIST_EXHAUSTED,TERMINAL,0,0,0,NOT_VALIDATED,False,0,924,
UC2z7pz25bgnqLHdTd7EvVoQ,229,229,0,2025-05-25T11:00:06+00:00,2026-09-06T15:34:59+00:00,False,PLAYLIST_EXHAUSTED,TERMINAL,0,0,0,NOT_VALIDATED,False,0,771,
UC31Hn_T44_qvI_yTY-BFbPw,628,628,0,2021-07-21T09:21:33+00:00,2026-07-12T10:28:45+00:00,False,PLAYLIST_EXHAUSTED,TERMINAL,0,0,0,NOT_VALIDATED,False,0,372,
UC31u9DPv_zbrasL8FTH7K5g,570,570,0,2020-12-19T04:26:15+00:00,2026-07-03T18:50:15+00:00,True,PLAYLIST_EXHAUSTED,TERMINAL,0,0,0,NOT_VALIDATED,False,0,430,
UC32lsx7u7vqy63SguuuzmVg,128,128,0,2024-08-31T04:53:33+00:00,2025-12-22T06:00:06+00:00,False,PLAYLIST_EXHAUSTED,TERMINAL,0,0,0,NOT_VALIDATED,False,0,872,
UC33VkaWtUAg84eE1BfScpZg,54,54,0,2020-06-23T10:28:53+00:00,2026-01-23T13:05:30+00:00,True,PLAYLIST_EXHAUSTED,TERMINAL,0,0,0,NOT_VALIDATED,False,0,946,
UC35EDRwjO07DpevXGxo3Y0g,320,320,0,2022-05-15T14:31:38+00:00,2026-05-31T15:00:35+00:00,False,PLAYLIST_EXHAUSTED,TERMINAL,0,0,0,NOT_VALIDATED,False,0,680,
UC3D2LNEOdYQq5mu9hjoQTZQ,462,462,0,2021-08-24T12:30:48+00:00,2026-08-20T14:51:20+00:00,False,PLAYLIST_EXHAUSTED,TERMINAL,0,0,0,NOT_VALIDATED,False,0,538,
UC3DORp_0MHcP00w2JxQ88_Q,389,389,0,2022-04-18T13:58:25+00:00,2026-08-30T15:21:57+00:00,False,PLAYLIST_EXHAUSTED,TERMINAL,0,0,0,NOT_VALIDATED,False,0,611,
UC3H7_4Gz8PhHeMz0hHwuFTw,37,37,0,2024-07-07T10:00:06+00:00,2025-12-28T16:17:43+00:00,False,PLAYLIST_EXHAUSTED,TERMINAL,0,0,0,NOT_VALIDATED,False,0,963,
UC3HM8L5j53x0WsliGNTXhbQ,493,493,0,2017-04-02T16:38:35+00:00,2025-10-08T02:55:03+00:00,True,PLAYLIST_EXHAUSTED,TERMINAL,0,0,0,NOT_VALIDATED,False,0,507,
UC3JqFoY66A90sdqe46mvbTA,700,700,0,2023-09-09T04:03:11+00:00,2026-09-05T11:30:29+00:00,False,PENDING,PENDING_PAGINATION,0,0,0,NOT_VALIDATED,False,,300,
UC3K3Crh966nzLx41obfJhaA,700,700,0,2024-06-15T17:20:52+00:00,2026-08-26T00:00:57+00:00,False,PENDING,PENDING_PAGINATION,0,0,0,NOT_VALIDATED,False,,300,
UC3O5wAgEVyNA1Jw3gyi-_jA,407,407,0,2022-12-19T06:47:19+00:00,2026-09-09T15:04:42+00:00,False,PLAYLIST_EXHAUSTED,TERMINAL,0,0,0,NOT_VALIDATED,False,0,593,
UC3OnR-Tqd8dHmY-XNHO4iZw,30,30,0,2022-09-05T12:56:05+00:00,2026-08-14T16:32:42+00:00,False,PLAYLIST_EXHAUSTED,TERMINAL,0,0,0,NOT_VALIDATED,False,0,970,
UC3PeUyEXBffDBFpOiuk0odQ,463,463,0,2020-04-14T07:51:21+00:00,2026-09-10T06:54:33+00:00,True,PLAYLIST_EXHAUSTED,TERMINAL,0,0,1,NOT_VALIDATED,False,0,537,
UC3QIcnp1II_iCt-_JG8btKQ,192,192,0,2025-02-06T12:01:06+00:00,2026-09-09T07:12:57+00:00,False,PLAYLIST_EXHAUSTED,TERMINAL,0,0,0,NOT_VALIDATED,False,0,808,
UC3QTic1iBGQN_LzWo7JfDKQ,262,262,0,2025-09-15T08:52:11+00:00,2026-09-09T04:46:51+00:00,False,PLAYLIST_EXHAUSTED,TERMINAL,0,0,0,NOT_VALIDATED,False,0,738,
UC3TQ2myWZR8pZiUZ6Cs0-Sw,1,1,0,2024-04-13T13:38:54+00:00,2024-04-13T13:38:54+00:00,False,PLAYLIST_EXHAUSTED,TERMINAL,0,0,0,NOT_VALIDATED,False,0,999,
UC3ZglUA0HEUCuGbe5b8zXKw,30,30,0,2020-08-13T09:37:19+00:00,2022-05-13T01:27:03+00:00,True,PLAYLIST_EXHAUSTED,TERMINAL,0,0,0,NOT_VALIDATED,False,0,970,
UC3aHMGHRuQAonBUpE2a94bA,356,356,0,2025-01-31T15:50:25+00:00,2026-09-10T05:33:47+00:00,False,PLAYLIST_EXHAUSTED,TERMINAL,0,0,0,NOT_VALIDATED,False,0,644,
UC3cucsq4iSW-mU8-E18ESCQ,31,31,0,2022-10-31T16:45:00+00:00,2026-09-03T15:05:00+00:00,False,PLAYLIST_EXHAUSTED,TERMINAL,0,0,0,NOT_VALIDATED,False,0,969,
UC3ea-AGQlCDx_XOMO58C0Jg,88,88,0,2025-04-27T12:00:34+00:00,2026-09-03T12:19:18+00:00,False,PLAYLIST_EXHAUSTED,TERMINAL,0,0,0,NOT_VALIDATED,False,0,912,
UC3gREX7tB8vEhPFgAOGr9xg,700,700,0,2024-05-01T16:23:38+00:00,2026-09-09T00:04:22+00:00,False,PENDING,PENDING_PAGINATION,0,0,0,NOT_VALIDATED,False,,300,
UC3it6w4G8eUA98J2w60gBDQ,279,279,0,2022-02-10T16:59:34+00:00,2026-09-07T03:26:33+00:00,False,PLAYLIST_EXHAUSTED,TERMINAL,0,0,0,NOT_VALIDATED,False,0,721,
UC3lFI2WTG-d0KrTRwAbjAlw,18,18,0,2024-02-15T10:00:11+00:00,2026-02-04T15:30:47+00:00,False,PLAYLIST_EXHAUSTED,TERMINAL,0,0,0,NOT_VALIDATED,False,0,982,
UC3qWSgyoIB-pyGhjTBUwQww,384,384,0,2023-05-29T00:18:02+00:00,2026-06-04T15:30:47+00:00,False,PLAYLIST_EXHAUSTED,TERMINAL,0,0,0,NOT_VALIDATED,False,0,616,
UC3qnb4Sgo4QtiOi8iS7jOsQ,673,673,0,2024-05-15T08:00:17+00:00,2026-09-09T02:52:15+00:00,False,PLAYLIST_EXHAUSTED,TERMINAL,0,0,0,NOT_VALIDATED,False,0,327,
UC3rL0_fwhvTx0zpFj4pn5Dw,234,234,0,2024-05-21T13:55:25+00:00,2026-08-06T16:51:18+00:00,False,PLAYLIST_EXHAUSTED,TERMINAL,0,0,0,NOT_VALIDATED,False,0,766,
UC3sqLdjV0uxXfAzLE-fJeXw,141,141,0,2023-01-05T09:09:27+00:00,2025-03-29T04:41:31+00:00,False,PLAYLIST_EXHAUSTED,TERMINAL,0,0,0,NOT_VALIDATED,False,0,859,
UC4194MxDKFwBEFtaFbwwM7g,133,133,0,2022-11-16T08:19:54+00:00,2026-07-30T14:26:03+00:00,False,PLAYLIST_EXHAUSTED,TERMINAL,0,0,0,NOT_VALIDATED,False,0,867,
UC42syJbZL4oBacK-QFTie6w,486,486,0,2022-08-13T12:10:11+00:00,2026-09-09T16:55:01+00:00,False,PLAYLIST_EXHAUSTED,TERMINAL,0,0,0,NOT_VALIDATED,False,0,514,
UC48D7EILUGrBeffDrXXJAIQ,100,100,0,2024-06-17T01:06:03+00:00,2025-09-21T01:46:56+00:00,False,PLAYLIST_EXHAUSTED,TERMINAL,0,0,0,NOT_VALIDATED,False,0,900,
UC4CQvHd-rReEpxE43dluLYQ,59,59,0,2025-06-25T17:50:01+00:00,2026-09-01T11:23:45+00:00,False,PLAYLIST_EXHAUSTED,TERMINAL,0,0,0,NOT_VALIDATED,False,0,941,
UC4Ceq8atGdQu58Dn3YKF1Ig,279,279,0,2021-11-23T09:24:06+00:00,2026-09-05T03:00:20+00:00,False,PLAYLIST_EXHAUSTED,TERMINAL,0,0,0,NOT_VALIDATED,False,0,721,
UC4EiUVIMjw-SE6_6Kt0Mk-g,428,428,0,2024-03-22T09:29:21+00:00,2026-09-09T11:00:16+00:00,False,PLAYLIST_EXHAUSTED,TERMINAL,0,0,0,NOT_VALIDATED,False,0,572,
UC4IVinDrDxJGqolrsYSwnnw,260,260,0,2025-04-07T14:56:16+00:00,2026-09-06T02:44:30+00:00,False,PLAYLIST_EXHAUSTED,TERMINAL,0,0,0,NOT_VALIDATED,False,0,740,
UC4JQ9apR_7oHuqn05Zzy1KA,467,467,0,2022-06-10T09:38:51+00:00,2026-09-01T05:52:12+00:00,False,PLAYLIST_EXHAUSTED,TERMINAL,0,0,0,NOT_VALIDATED,False,0,533,
UC4P6ez9eO2Lv8Jun5zXaVMg,224,224,0,2021-04-09T09:38:15+00:00,2026-09-07T07:00:37+00:00,False,PLAYLIST_EXHAUSTED,TERMINAL,0,0,0,NOT_VALIDATED,False,0,776,
UC4QiJt8a2VjOnwI-0zzMsKA,16,16,0,2020-06-10T13:01:56+00:00,2025-01-12T13:30:06+00:00,True,PLAYLIST_EXHAUSTED,TERMINAL,0,0,0,NOT_VALIDATED,False,0,984,
UC4QwUkFO1_JJe_TTN5jYoyA,203,203,0,2021-05-04T13:39:25+00:00,2026-09-06T15:43:41+00:00,False,PLAYLIST_EXHAUSTED,TERMINAL,0,0,0,NOT_VALIDATED,False,0,797,
UC4Ty5GzSA5YjeXN-DqPIWfA,138,138,0,2025-06-20T09:00:03+00:00,2026-09-06T18:29:03+00:00,False,PLAYLIST_EXHAUSTED,TERMINAL,0,0,0,NOT_VALIDATED,False,0,862,
UC4fR2AniBIratHesKgQyHiw,88,88,0,2024-11-09T03:06:49+00:00,2026-09-09T01:00:10+00:00,False,PLAYLIST_EXHAUSTED,TERMINAL,0,0,0,NOT_VALIDATED,False,0,912,
UC4g_aNYnbZ564FUrzHvoFQA,363,363,0,2023-04-19T14:36:30+00:00,2025-09-12T07:20:57+00:00,False,PLAYLIST_EXHAUSTED,TERMINAL,0,0,0,NOT_VALIDATED,False,0,637,
UC4gflcsvblzsnCtNddgDSQA,167,167,0,2025-06-19T03:28:39+00:00,2026-09-09T15:57:20+00:00,False,PLAYLIST_EXHAUSTED,TERMINAL,0,0,0,NOT_VALIDATED,False,0,833,
UC4kKR_Kstzo__dyqZa-95Ig,229,229,0,2023-07-25T23:29:19+00:00,2026-09-02T05:42:43+00:00,False,PLAYLIST_EXHAUSTED,TERMINAL,0,0,0,NOT_VALIDATED,False,0,771,
UC4kzIt5iyX7QC27TTKfUnXA,256,256,0,2024-10-20T11:51:51+00:00,2026-09-09T09:42:08+00:00,False,PLAYLIST_EXHAUSTED,TERMINAL,0,0,0,NOT_VALIDATED,False,0,744,
UC4nsIGJlPXdVHJ61TQdEzfQ,700,700,0,2024-05-04T14:14:03+00:00,2026-09-10T06:05:40+00:00,False,PENDING,PENDING_PAGINATION,0,0,0,NON_MONOTONIC,False,,300,
UC4plXkAtJdWilZ7-YqWT7Zw,422,422,0,2021-08-27T13:54:14+00:00,2025-05-14T09:01:33+00:00,False,PLAYLIST_EXHAUSTED,TERMINAL,0,0,0,NOT_VALIDATED,False,0,578,
UC4sCp51x2lBXf7x2Uy_fj_A,266,266,0,2024-04-27T13:00:18+00:00,2026-09-04T16:27:53+00:00,False,PLAYLIST_EXHAUSTED,TERMINAL,0,0,0,NOT_VALIDATED,False,0,734,
UC4t1p_Eg0GcjdrdctUIAaug,249,249,0,2024-04-20T02:34:48+00:00,2026-09-06T01:54:13+00:00,False,PLAYLIST_EXHAUSTED,TERMINAL,0,0,0,NOT_VALIDATED,False,0,751,
UC4x2o7dyxOqFLoA9NKxf0Iw,292,292,0,2023-08-06T11:14:20+00:00,2026-09-10T03:07:25+00:00,False,PLAYLIST_EXHAUSTED,TERMINAL,0,0,0,NOT_VALIDATED,False,0,708,
UC4zIwNmfURhIO5Pj-ccmKBA,381,381,0,2021-04-25T04:27:19+00:00,2024-11-01T22:53:06+00:00,False,PLAYLIST_EXHAUSTED,TERMINAL,0,0,0,NOT_VALIDATED,False,0,619,
UC51b_p9sAVzl9PIwnVe0Wnw,700,700,0,2023-08-25T15:36:08+00:00,2026-09-09T16:32:53+00:00,False,PENDING,PENDING_PAGINATION,0,0,0,NOT_VALIDATED,False,,300,
UC52dzPlsz8jN2hIevufKCHA,105,105,0,2025-09-22T02:02:09+00:00,2026-09-08T18:55:20+00:00,False,PLAYLIST_EXHAUSTED,TERMINAL,0,0,0,NOT_VALIDATED,False,0,895,
UC548-tLEd7-0kgzXGeSdUtw,0,0,0,,,False,PARTIAL_ERROR,NOT_FOUND,0,0,0,NOT_VALIDATED,False,,1000,False
UC5FZBzrjJ0DQwkP6D91M-0g,1,1,0,2025-05-23T09:34:25+00:00,2025-05-23T09:34:25+00:00,False,PLAYLIST_EXHAUSTED,TERMINAL,0,0,0,NOT_VALIDATED,False,0,999,
UC5HQtSunzJjhS-XcBdbUC6Q,351,351,0,2020-01-26T21:41:44+00:00,2026-08-30T14:35:06+00:00,True,PLAYLIST_EXHAUSTED,TERMINAL,0,0,0,NOT_VALIDATED,False,0,649,
UC5I-HucSFSRsYl3HYMxtgEA,321,321,0,2022-09-22T13:33:05+00:00,2026-08-12T03:02:03+00:00,False,PLAYLIST_EXHAUSTED,TERMINAL,0,0,0,NOT_VALIDATED,False,0,679,
UC5JlD3YtvbCaAeU3TWSpW6A,201,201,0,2021-07-15T15:42:54+00:00,2026-08-14T06:31:26+00:00,False,PLAYLIST_EXHAUSTED,TERMINAL,0,0,0,NOT_VALIDATED,False,0,799,
UC5N4WI1wHPrffHY-r1FtnIw,15,15,0,2021-08-26T21:35:44+00:00,2024-11-20T03:24:51+00:00,False,PLAYLIST_EXHAUSTED,TERMINAL,0,0,0,NOT_VALIDATED,False,0,985,
UC5NrMFPWAtcfNH8ibcBlWhQ,81,81,0,2024-06-26T16:00:45+00:00,2026-09-09T20:20:58+00:00,False,PLAYLIST_EXHAUSTED,TERMINAL,0,0,0,NOT_VALIDATED,False,0,919,
UC5NtCgUU-vQC_GrtzSUeSZA,226,226,0,2024-04-09T14:14:22+00:00,2026-09-10T05:42:55+00:00,False,PLAYLIST_EXHAUSTED,TERMINAL,0,0,0,NOT_VALIDATED,False,0,774,
UC5OXcxq6ab6RlhHqNyHws_w,137,137,0,2021-06-21T09:15:18+00:00,2026-02-16T02:41:38+00:00,False,PLAYLIST_EXHAUSTED,TERMINAL,0,0,0,NOT_VALIDATED,False,0,863,
UC5RdVorohRmiGKHN4VHYZJg,700,700,0,2022-02-24T16:49:04+00:00,2026-09-09T16:49:58+00:00,False,PENDING,PENDING_PAGINATION,0,0,0,NOT_VALIDATED,False,,300,
UC5TnSrUJmrC_KFW9VLi37lA,20,20,0,2020-08-04T13:39:36+00:00,2023-08-22T12:29:54+00:00,True,PLAYLIST_EXHAUSTED,TERMINAL,0,0,0,NOT_VALIDATED,False,0,980,
UC5VPIoY1j_x9UZSqkpwg8jw,63,63,0,2020-10-23T05:00:04+00:00,2022-12-24T16:11:27+00:00,True,PLAYLIST_EXHAUSTED,TERMINAL,0,0,0,NOT_VALIDATED,False,0,937,
UC5ZB56gBvLOM3e_eVioCrCQ,700,700,0,2021-10-23T21:01:21+00:00,2026-09-10T07:14:55+00:00,False,PENDING,PENDING_PAGINATION,0,0,0,NOT_VALIDATED,False,,300,
UC5ZH6Ynk7iBN4wJBanvhXcg,177,177,0,2024-11-26T07:59:15+00:00,2026-09-09T15:06:41+00:00,False,PLAYLIST_EXHAUSTED,TERMINAL,0,0,0,NOT_VALIDATED,False,0,823,
UC5cOcO_LxT0ZQ7Q2qQEM4Og,150,150,0,2024-04-22T01:26:34+00:00,2026-09-06T02:09:41+00:00,False,PLAYLIST_EXHAUSTED,TERMINAL,0,0,0,NOT_VALIDATED,False,0,850,
UC5hOgx6yvYrY8Rn1zaxAY1A,60,60,0,2025-06-11T04:18:47+00:00,2026-09-09T16:57:34+00:00,False,PLAYLIST_EXHAUSTED,TERMINAL,0,0,0,NOT_VALIDATED,False,0,940,
UC5iFCwUMeeZX9KLCTOIKItQ,421,421,0,2022-05-30T16:30:21+00:00,2025-12-11T16:53:22+00:00,False,PLAYLIST_EXHAUSTED,TERMINAL,0,0,0,NOT_VALIDATED,False,0,579,
UC5kkY1f25n1e9KYxSKVtUpg,74,74,0,2025-08-09T14:04:34+00:00,2026-09-09T16:46:24+00:00,False,PLAYLIST_EXHAUSTED,TERMINAL,0,0,0,NOT_VALIDATED,False,0,926,
UC5lHMQtDJF1h2-s0nCBQpoA,206,206,0,2025-04-29T04:44:43+00:00,2026-09-07T03:32:51+00:00,False,PLAYLIST_EXHAUSTED,TERMINAL,0,0,0,NOT_VALIDATED,False,0,794,
UC5wA30Tc9ONbRjj6QNinH9w,700,700,0,2022-01-04T15:54:47+00:00,2026-09-04T04:48:25+00:00,False,PENDING,PENDING_PAGINATION,0,0,0,NOT_VALIDATED,False,,300,
UC5x2tcpXNa1dZx035isZKWQ,33,33,0,2024-03-06T14:18:18+00:00,2026-09-10T03:04:51+00:00,False,PLAYLIST_EXHAUSTED,TERMINAL,0,0,0,NOT_VALIDATED,False,0,967,
UC5zC3ZIFihxnJBNaJU9cZcQ,617,617,0,2023-12-29T06:15:02+00:00,2026-09-10T06:15:30+00:00,False,PLAYLIST_EXHAUSTED,TERMINAL,0,0,0,NOT_VALIDATED,False,0,383,
UC60htQi5nenKGnv6lEdGF_g,74,74,0,2023-04-15T11:44:48+00:00,2024-06-23T18:02:37+00:00,False,PLAYLIST_EXHAUSTED,TERMINAL,0,0,0,NOT_VALIDATED,False,0,926,
UC61qTNWVk4mkDXe01xgudpA,251,251,0,2024-03-31T09:02:01+00:00,2026-03-17T21:35:51+00:00,False,PLAYLIST_EXHAUSTED,TERMINAL,0,0,0,NOT_VALIDATED,False,0,749,
UC64_YFnoPvaGUSv4fpozr1w,700,700,0,2022-06-21T06:44:50+00:00,2026-09-08T08:45:30+00:00,False,PENDING,PENDING_PAGINATION,0,0,0,NOT_VALIDATED,False,,300,
UC65MNFVWnrkOpg04LBHVvzw,467,467,0,2024-07-23T12:00:06+00:00,2026-09-09T10:00:07+00:00,False,PLAYLIST_EXHAUSTED,TERMINAL,0,0,0,NOT_VALIDATED,False,0,533,
UC66RiI-qzUfCiZzcmjU8T3A,104,104,0,2021-10-25T11:30:10+00:00,2026-08-04T05:31:31+00:00,False,PLAYLIST_EXHAUSTED,TERMINAL,0,0,0,NOT_VALIDATED,False,0,896,
UC68XQCQ4MOys5hfxi3jW34g,248,248,0,2021-03-30T10:29:14+00:00,2026-07-17T19:34:07+00:00,False,PLAYLIST_EXHAUSTED,TERMINAL,0,0,0,NOT_VALIDATED,False,0,752,
UC6Dl6t5ceRRpRx5VwkQWPTw,562,562,0,2025-09-03T11:03:29+00:00,2026-09-10T07:00:33+00:00,False,PLAYLIST_EXHAUSTED,TERMINAL,0,0,1,NOT_VALIDATED,False,0,438,
UC6Ea68DSHlXrcy9uIw4oUIg,700,700,0,2023-08-23T08:40:02+00:00,2026-09-09T22:00:18+00:00,False,PENDING,PENDING_PAGINATION,0,0,0,NOT_VALIDATED,False,,300,
UC6JIG9kjnF3ml6gLudTyzuA,1,1,0,2021-02-25T22:59:29+00:00,2021-02-25T22:59:29+00:00,False,PLAYLIST_EXHAUSTED,TERMINAL,0,0,0,NOT_VALIDATED,False,0,999,
UC6KTB79XRwx_iwxnrIEvHQA,79,79,0,2020-03-11T14:18:40+00:00,2021-03-02T16:00:16+00:00,True,PLAYLIST_EXHAUSTED,TERMINAL,0,0,0,NOT_VALIDATED,False,0,921,
UC6KkQjryShrw6MRBPX6XMmw,213,213,0,2024-09-15T05:14:50+00:00,2026-09-09T15:33:39+00:00,False,PLAYLIST_EXHAUSTED,TERMINAL,0,0,0,NOT_VALIDATED,False,0,787,
UC6Q4UI5mEjeZOIRoTtRoFJA,550,550,0,2021-03-18T03:43:31+00:00,2026-09-05T17:33:01+00:00,False,PLAYLIST_EXHAUSTED,TERMINAL,0,0,0,NOT_VALIDATED,False,0,450,
UC6TOqqD-TLbPlnV5i3DiIrw,240,240,0,2015-12-11T18:38:22+00:00,2026-03-25T20:26:32+00:00,True,PLAYLIST_EXHAUSTED,TERMINAL,0,0,0,NOT_VALIDATED,False,0,760,
UC6V9R4VQTjewZj-xfnqrO_g,72,72,0,2025-08-07T14:55:11+00:00,2026-08-31T12:55:42+00:00,False,PLAYLIST_EXHAUSTED,TERMINAL,0,0,0,NOT_VALIDATED,False,0,928,
UC6Zrmc0VG4gqQJ4jS58iKGw,99,99,0,2021-08-13T17:02:15+00:00,2022-02-16T18:00:58+00:00,False,PLAYLIST_EXHAUSTED,TERMINAL,0,0,0,NOT_VALIDATED,False,0,901,
UC6iflr_8DNUZl0hY0FUXWbQ,85,85,0,2024-02-29T15:13:11+00:00,2026-09-06T17:40:11+00:00,False,PLAYLIST_EXHAUSTED,TERMINAL,0,0,0,NOT_VALIDATED,False,0,915,
UC6jEdLoM959IpJeDP5sYgaQ,0,0,0,,,False,PARTIAL_ERROR,NOT_FOUND,0,0,0,NOT_VALIDATED,False,,1000,False
UC6kddWCoJL4IneTbHRFnViQ,700,700,0,2015-03-24T12:03:30+00:00,2025-11-06T08:00:50+00:00,True,PENDING,PENDING_PAGINATION,0,0,0,NOT_VALIDATED,False,,300,
UC6lZLAOgSYgJ6ZkW2ZTI75Q,231,231,0,2023-06-08T15:29:15+00:00,2026-08-15T16:34:27+00:00,False,PLAYLIST_EXHAUSTED,TERMINAL,0,0,0,NOT_VALIDATED,False,0,769,
UC6mMhtBN142AdbakQVDricQ,204,204,0,2023-02-28T01:47:07+00:00,2026-04-04T21:13:49+00:00,False,PLAYLIST_EXHAUSTED,TERMINAL,0,0,0,NOT_VALIDATED,False,0,796,
UC6o7pFz9U9kcE9d8op_eUQQ,36,36,0,2024-09-27T11:00:06+00:00,2026-08-31T16:59:57+00:00,False,PLAYLIST_EXHAUSTED,TERMINAL,0,0,0,NOT_VALIDATED,False,0,964,
UC6uFH49ET-CCA_a4rMdfBdA,7,7,0,2026-03-18T11:58:30+00:00,2026-08-25T20:07:29+00:00,False,PLAYLIST_EXHAUSTED,TERMINAL,0,0,0,NOT_VALIDATED,False,0,993,
UC6zUAJO-4874qj9agP7idbg,128,128,0,2024-03-21T03:47:24+00:00,2024-06-30T12:44:33+00:00,False,PLAYLIST_EXHAUSTED,TERMINAL,0,0,0,NOT_VALIDATED,False,0,872,
UC7-ZM8Wi1U6yerqHSEq5tlA,80,80,0,2026-03-02T15:42:12+00:00,2026-08-30T12:33:41+00:00,False,PLAYLIST_EXHAUSTED,TERMINAL,0,0,0,NOT_VALIDATED,False,0,920,
UC72_UWR1CAQhC-Kg48e5mjA,300,300,0,2021-10-16T08:15:16+00:00,2026-07-03T14:46:28+00:00,False,PLAYLIST_EXHAUSTED,TERMINAL,0,0,0,NOT_VALIDATED,False,0,700,
UC7BIFEORuYKNyE9d_Y2-sVw,11,11,0,2022-02-06T03:22:15+00:00,2026-08-30T19:20:52+00:00,False,PLAYLIST_EXHAUSTED,TERMINAL,0,0,0,NOT_VALIDATED,False,0,989,
UC7BTojsUPC4JhxDYRgmuz2Q,589,589,0,2022-08-06T03:50:12+00:00,2026-01-31T22:33:26+00:00,False,PLAYLIST_EXHAUSTED,TERMINAL,0,0,0,NOT_VALIDATED,False,0,411,
UC7FpwTuRGribXTefl5SMkAg,372,372,0,2023-03-13T03:00:17+00:00,2026-08-19T16:17:58+00:00,False,PLAYLIST_EXHAUSTED,TERMINAL,0,0,0,NOT_VALIDATED,False,0,628,
UC7QHNjS_btGI8AhRkju_NxQ,113,113,0,2021-09-13T02:12:16+00:00,2023-10-13T15:06:20+00:00,False,PLAYLIST_EXHAUSTED,TERMINAL,0,0,0,NOT_VALIDATED,False,0,887,
UC7TOQpHWGhZ_mJ_KkdUazFg,664,664,0,2021-10-10T16:22:00+00:00,2026-08-30T15:25:16+00:00,False,PLAYLIST_EXHAUSTED,TERMINAL,0,0,0,NOT_VALIDATED,False,0,336,
UC7ZDXfdtafyoSwxXysGJU3A,112,112,0,2024-09-01T12:00:15+00:00,2026-08-07T06:41:10+00:00,False,PLAYLIST_EXHAUSTED,TERMINAL,0,0,0,NOT_VALIDATED,False,0,888,
UC7_cZ5j3JJRERezE3YHnm5w,202,202,0,2023-10-23T17:41:27+00:00,2025-08-01T17:33:22+00:00,False,PLAYLIST_EXHAUSTED,TERMINAL,0,0,0,NOT_VALIDATED,False,0,798,
UC7iCSRt7Jej2XE0MaM9gPgg,1,1,0,2020-09-28T16:24:25+00:00,2020-09-28T16:24:25+00:00,True,PLAYLIST_EXHAUSTED,TERMINAL,0,0,0,NOT_VALIDATED,False,0,999,
UC7kqvU3tDlBUJlkpcB7252A,66,66,0,2024-12-14T03:12:57+00:00,2026-01-26T04:54:06+00:00,False,PLAYLIST_EXHAUSTED,TERMINAL,0,0,0,NOT_VALIDATED,False,0,934,
UC7ks6YhbNxNIJzJUKRH0OQA,36,36,0,2017-05-28T13:19:37+00:00,2021-11-21T09:49:46+00:00,True,PLAYLIST_EXHAUSTED,TERMINAL,0,0,0,NOT_VALIDATED,False,0,964,
UC7mdtnzH9kw4sBoZvmfcI9Q,116,116,0,2020-06-14T07:14:40+00:00,2021-12-24T03:00:38+00:00,True,PLAYLIST_EXHAUSTED,TERMINAL,0,0,0,NOT_VALIDATED,False,0,884,
UC7rJN7zzIdUfNogj1RnTXDw,688,688,0,2020-06-22T02:51:26+00:00,2026-09-08T16:20:10+00:00,True,PLAYLIST_EXHAUSTED,TERMINAL,0,0,0,NOT_VALIDATED,False,0,312,
UC7txsIaSjDTuvN7h9BzVAsw,57,57,0,2023-12-08T12:00:12+00:00,2026-09-10T02:38:11+00:00,False,PLAYLIST_EXHAUSTED,TERMINAL,0,0,0,NOT_VALIDATED,False,0,943,
UC7uttDpQDJ3bdnU8u8gZzbQ,135,135,0,2020-03-16T06:00:12+00:00,2023-09-02T02:46:49+00:00,True,PLAYLIST_EXHAUSTED,TERMINAL,0,0,0,NOT_VALIDATED,False,0,865,
UC8-JXAccuh7DvI_A_lObw-w,585,585,0,2024-04-22T13:29:47+00:00,2026-09-08T16:18:49+00:00,False,PLAYLIST_EXHAUSTED,TERMINAL,0,0,0,NOT_VALIDATED,False,0,415,
UC82qGW5XAba3LYqMEmiVBgg,87,87,0,2023-04-04T03:47:16+00:00,2025-07-08T00:00:08+00:00,False,PLAYLIST_EXHAUSTED,TERMINAL,0,0,0,NOT_VALIDATED,False,0,913,
UC89-GlmTgO8a9QyE0QL0q1w,149,149,0,2021-12-08T05:00:09+00:00,2024-11-01T08:38:50+00:00,False,PLAYLIST_EXHAUSTED,TERMINAL,0,0,0,NOT_VALIDATED,False,0,851,
UC8A9JEM4P4ywcQvqo2ZDX-A,96,96,0,2023-09-04T02:36:43+00:00,2026-09-07T10:36:49+00:00,False,PLAYLIST_EXHAUSTED,TERMINAL,0,0,0,NOT_VALIDATED,False,0,904,
UC8DTBPbQq0NZNo2RtCtTXuw,192,192,0,2021-10-30T11:30:11+00:00,2025-01-06T12:00:06+00:00,False,PLAYLIST_EXHAUSTED,TERMINAL,0,0,0,NOT_VALIDATED,False,0,808,
UC8F193K1kmD8_MB2F3wLVXQ,566,566,0,2022-09-16T12:00:08+00:00,2026-09-08T02:49:58+00:00,False,PLAYLIST_EXHAUSTED,TERMINAL,0,0,0,NOT_VALIDATED,False,0,434,
UC8GsIgxeIHQMaTQgkEUXhMw,108,108,0,2022-07-09T15:03:25+00:00,2024-05-02T03:51:12+00:00,False,PLAYLIST_EXHAUSTED,TERMINAL,0,0,0,NOT_VALIDATED,False,0,892,
UC8JQQZeNeEmiFbgtYmuFTVQ,154,154,0,2022-05-28T11:13:32+00:00,2026-09-09T15:51:14+00:00,False,PLAYLIST_EXHAUSTED,TERMINAL,0,0,0,NOT_VALIDATED,False,0,846,
UC8Qt3A_iRI_ShDDCtfHpZaA,150,150,0,2024-03-21T06:00:07+00:00,2025-10-23T16:55:26+00:00,False,PLAYLIST_EXHAUSTED,TERMINAL,0,0,0,NOT_VALIDATED,False,0,850,
UC8Wd2kN3xc_c8ppnBON_luw,363,363,0,2025-09-02T22:54:23+00:00,2026-09-09T14:56:09+00:00,False,PLAYLIST_EXHAUSTED,TERMINAL,0,0,0,NOT_VALIDATED,False,0,637,
UC8bJCt2cONnB9AooIC6fomw,262,262,0,2025-06-11T11:11:00+00:00,2026-09-09T17:34:42+00:00,False,PLAYLIST_EXHAUSTED,TERMINAL,0,0,0,NOT_VALIDATED,False,0,738,
UC8cpV2XY6w58Ftbx_yMBc6w,0,0,0,,,False,PARTIAL_ERROR,NOT_FOUND,0,0,0,NOT_VALIDATED,False,,1000,False
UC8fneiVrSectPFlnumDMFaw,585,585,0,2021-08-25T14:17:31+00:00,2026-09-09T19:22:34+00:00,False,PLAYLIST_EXHAUSTED,TERMINAL,0,0,0,NOT_VALIDATED,False,0,415,
UC8hIV_IaH0IIObGBw0engEQ,264,264,0,2025-04-15T16:37:57+00:00,2026-09-10T05:52:21+00:00,False,PLAYLIST_EXHAUSTED,TERMINAL,0,0,0,NOT_VALIDATED,False,0,736,
UC8iTIbRueIONUDDgHN74JHw,337,337,0,2020-05-16T04:36:31+00:00,2024-10-31T14:00:06+00:00,True,PLAYLIST_EXHAUSTED,TERMINAL,0,0,0,NOT_VALIDATED,False,0,663,
UC8lQ60XP8szvj0GHwxYUS2Q,700,700,0,2020-10-30T18:22:57+00:00,2026-09-06T14:44:31+00:00,True,PENDING,PENDING_PAGINATION,0,0,0,NOT_VALIDATED,False,,300,
UC8pTkUvJe50zHIbl8LkZphQ,185,185,0,2025-08-10T13:30:35+00:00,2026-09-09T21:13:42+00:00,False,PLAYLIST_EXHAUSTED,TERMINAL,0,0,0,NOT_VALIDATED,False,0,815,
UC8xAtvAk_HX1j3egTO7ylIQ,700,700,0,2023-12-05T04:23:04+00:00,2026-09-09T02:55:50+00:00,False,PENDING,PENDING_PAGINATION,0,0,0,NOT_VALIDATED,False,,300,
UC8xrzfcBL_42uWEf-8pO6og,326,326,0,2025-01-07T07:24:48+00:00,2026-09-09T03:15:37+00:00,False,PLAYLIST_EXHAUSTED,TERMINAL,0,0,0,NOT_VALIDATED,False,0,674,
UC90zZA9j8jdWVb5NNqddKQQ,358,358,0,2023-09-29T00:00:02+00:00,2026-09-09T08:31:54+00:00,False,PLAYLIST_EXHAUSTED,TERMINAL,0,0,0,NOT_VALIDATED,False,0,642,
UC93X4Rs0vDthp-qsZu4TQpg,182,182,0,2023-03-17T13:51:37+00:00,2026-07-24T23:35:24+00:00,False,PLAYLIST_EXHAUSTED,TERMINAL,0,0,0,NOT_VALIDATED,False,0,818,
UC9CzeQQnApnpW8-KIsqKwWQ,376,376,0,2022-12-20T15:00:24+00:00,2026-08-22T15:46:06+00:00,False,PLAYLIST_EXHAUSTED,TERMINAL,0,0,0,NOT_VALIDATED,False,0,624,
UC9PtF5-uRTZEUuOS5tr1Gxg,271,271,0,2025-09-03T11:00:36+00:00,2026-09-10T00:24:52+00:00,False,PLAYLIST_EXHAUSTED,TERMINAL,0,0,0,NOT_VALIDATED,False,0,729,
UC9TMDpET50CJkgQnB56Xj5g,700,700,0,2023-03-06T11:21:04+00:00,2026-08-05T03:58:56+00:00,False,PENDING,PENDING_PAGINATION,0,0,0,NOT_VALIDATED,False,,300,
UC9WXRLLO7DrcJvUTg69_lkA,248,248,0,2024-01-02T12:09:25+00:00,2025-12-31T12:00:05+00:00,False,PLAYLIST_EXHAUSTED,TERMINAL,0,0,0,NOT_VALIDATED,False,0,752,
UC9b9Qttg1NHYSPmKu9mb3iw,172,172,0,2026-03-07T09:00:47+00:00,2026-09-08T11:15:20+00:00,False,PLAYLIST_EXHAUSTED,TERMINAL,0,0,0,NOT_VALIDATED,False,0,828,
UC9dolQobrGWzLP2UNrkUbEw,135,135,0,2022-06-23T11:00:45+00:00,2026-09-05T09:18:06+00:00,False,PLAYLIST_EXHAUSTED,TERMINAL,0,0,0,NOT_VALIDATED,False,0,865,
UC9owX01ODpgeUePEIdC_qlA,700,700,0,2023-04-28T17:48:50+00:00,2026-09-09T17:25:59+00:00,False,PENDING,PENDING_PAGINATION,0,0,0,NOT_VALIDATED,False,,300,
UC9tPom2jf2B1qPCTOJ2o2uw,138,138,0,2024-03-23T02:26:55+00:00,2026-09-09T15:30:42+00:00,False,PLAYLIST_EXHAUSTED,TERMINAL,0,0,0,NOT_VALIDATED,False,0,862,
UC9uFujZvbTm3PpTycIz5Z0w,78,78,0,2025-05-28T10:00:27+00:00,2026-04-18T15:18:49+00:00,False,PLAYLIST_EXHAUSTED,TERMINAL,0,0,0,NOT_VALIDATED,False,0,922,
UC9yPUw_aebcLI_oXNNh1wwQ,134,134,0,2023-05-05T10:30:29+00:00,2026-07-29T10:30:06+00:00,False,PLAYLIST_EXHAUSTED,TERMINAL,0,0,0,NOT_VALIDATED,False,0,866,
UCA8IZ8dlQc70uzP8WYsFE-w,700,700,0,2023-09-06T21:53:39+00:00,2026-09-09T22:31:19+00:00,False,PENDING,PENDING_PAGINATION,0,0,0,NOT_VALIDATED,False,,300,
UCAKxVqeGyZTrxYwg3p3xUAg,6,6,0,2020-11-21T14:43:40+00:00,2025-04-27T13:08:17+00:00,True,PLAYLIST_EXHAUSTED,TERMINAL,0,0,0,NOT_VALIDATED,False,0,994,
UCAO6vSguYeBGpQvn3D9fpdw,307,307,0,2022-06-03T15:01:31+00:00,2026-08-20T04:13:09+00:00,False,PLAYLIST_EXHAUSTED,TERMINAL,0,0,0,NOT_VALIDATED,False,0,693,
UCAOMy65Qod9DDOU40mWsXdA,437,437,0,2024-01-12T03:29:35+00:00,2026-09-09T21:45:09+00:00,False,PLAYLIST_EXHAUSTED,TERMINAL,0,0,0,NOT_VALIDATED,False,0,563,
UCAPbXyM7sw0_6VMcrWeX7Ug,308,308,0,2024-05-18T03:41:59+00:00,2026-08-28T20:45:36+00:00,False,PLAYLIST_EXHAUSTED,TERMINAL,0,0,0,NOT_VALIDATED,False,0,692,
UCAQnqwL4eytWAamhZs18ovw,191,191,0,2025-01-18T12:05:03+00:00,2026-09-09T17:19:53+00:00,False,PLAYLIST_EXHAUSTED,TERMINAL,0,0,0,NOT_VALIDATED,False,0,809,
UCASVAAgvntOrwRgVeMAkIPg,189,189,0,2013-10-26T09:23:47+00:00,2024-08-04T01:55:09+00:00,True,PLAYLIST_EXHAUSTED,TERMINAL,0,0,0,NOT_VALIDATED,False,0,811,
UCASpA6_BQVi6LpuBRdSxfmw,700,700,0,2026-01-12T19:35:05+00:00,2026-09-10T03:08:54+00:00,False,PENDING,PENDING_PAGINATION,0,0,0,NOT_VALIDATED,False,,300,
UCASukO4m2BR4uqZH0XlH1IA,700,700,0,2022-04-29T15:46:17+00:00,2026-09-10T03:00:15+00:00,False,PENDING,PENDING_PAGINATION,0,0,0,NOT_VALIDATED,False,,300,
UCAV2_Jxxt-JJ08v77lNLBtg,362,362,0,2023-05-27T12:59:09+00:00,2026-09-10T03:39:18+00:00,False,PLAYLIST_EXHAUSTED,TERMINAL,0,0,2,NOT_VALIDATED,False,0,638,
UCAid1uC5pxxvPasgFTJZEAw,305,305,0,2024-07-16T10:00:25+00:00,2026-09-07T15:30:55+00:00,False,PLAYLIST_EXHAUSTED,TERMINAL,0,0,0,NOT_VALIDATED,False,0,695,
UCAj8NHkWEqbJ2er8Umbpoog,560,560,0,2018-05-09T12:00:30+00:00,2026-09-09T12:04:36+00:00,True,PLAYLIST_EXHAUSTED,TERMINAL,0,0,0,NOT_VALIDATED,False,0,440,
UCAnKhwx493i5myddnJFF_gg,609,609,0,2020-12-13T14:31:40+00:00,2026-06-17T14:21:11+00:00,True,PLAYLIST_EXHAUSTED,TERMINAL,0,0,0,NOT_VALIDATED,False,0,391,
UCAoZkJiB43mNUD6aadeozRw,189,189,0,2021-11-04T10:50:45+00:00,2023-10-03T15:31:25+00:00,False,PLAYLIST_EXHAUSTED,TERMINAL,0,0,0,NOT_VALIDATED,False,0,811,
UCApZxq6J3R2XNqhzKiBv5mg,677,677,0,2023-06-26T16:08:28+00:00,2026-09-09T20:06:29+00:00,False,PLAYLIST_EXHAUSTED,TERMINAL,0,0,0,NOT_VALIDATED,False,0,323,
UCAr4U_HGMYXn1EZjdWiGSLQ,157,157,0,2023-03-15T10:09:18+00:00,2026-08-22T17:01:57+00:00,False,PLAYLIST_EXHAUSTED,TERMINAL,0,0,0,NOT_VALIDATED,False,0,843,
UCArXPBCsEt2_rDC63tPLYmg,606,606,0,2024-06-23T17:07:11+00:00,2026-09-09T17:33:45+00:00,False,PLAYLIST_EXHAUSTED,TERMINAL,0,0,0,NOT_VALIDATED,False,0,394,
UCAvKK8pzAthBfVeXq_Bj4Ow,265,265,0,2024-08-08T17:54:45+00:00,2026-09-10T04:20:38+00:00,False,PLAYLIST_EXHAUSTED,TERMINAL,0,0,0,NOT_VALIDATED,False,0,735,
UCAvQO1F-w6NELewvcDFupmw,620,620,0,2020-05-11T10:38:42+00:00,2026-09-06T08:16:47+00:00,True,PLAYLIST_EXHAUSTED,TERMINAL,0,0,0,NOT_VALIDATED,False,0,380,
UCAv_XjRwhU7sMl3YlM0WoJw,42,42,0,2014-09-24T13:24:22+00:00,2026-01-02T11:00:06+00:00,True,PLAYLIST_EXHAUSTED,TERMINAL,0,0,0,NOT_VALIDATED,False,0,958,
UCAzfyfbQ7XHmznbOKinAunQ,434,434,0,2023-09-08T00:18:35+00:00,2026-09-02T17:12:59+00:00,False,PLAYLIST_EXHAUSTED,TERMINAL,0,0,0,NOT_VALIDATED,False,0,566,
UCB2UBUgwjQ7y8k3JNEFEVaQ,124,124,0,2022-07-03T13:00:11+00:00,2026-09-09T19:33:26+00:00,False,PLAYLIST_EXHAUSTED,TERMINAL,0,0,0,NOT_VALIDATED,False,0,876,
UCB5KUWdc5ttyglIgCYLLOJg,501,501,0,2024-08-28T12:15:00+00:00,2026-09-09T16:46:29+00:00,False,PLAYLIST_EXHAUSTED,TERMINAL,0,0,0,NOT_VALIDATED,False,0,499,
UCBDu-HE-uL4a-SqH9q5ZZ6g,700,700,0,2025-08-10T10:13:06+00:00,2026-09-10T07:35:06+00:00,False,PENDING,PENDING_PAGINATION,0,0,0,NOT_VALIDATED,False,,300,
UCBLV-Zv25LzajWyKEofqvVQ,0,0,0,,,False,PARTIAL_ERROR,NOT_FOUND,0,0,0,NOT_VALIDATED,False,,1000,False
UCBQi4hldyh7jrIU07hL_EbQ,444,444,0,2023-06-29T14:47:07+00:00,2026-09-07T02:35:43+00:00,False,PLAYLIST_EXHAUSTED,TERMINAL,0,0,0,NOT_VALIDATED,False,0,556,
UCBSiJy11yFeJsCRdZ3ZtfBw,699,699,0,2022-08-25T01:13:57+00:00,2026-09-10T03:29:54+00:00,False,PENDING,PENDING_PAGINATION,0,0,1,NOT_VALIDATED,False,,301,
UCBTCAyvs7TAzghRqideHGzw,73,73,0,2021-03-19T14:00:08+00:00,2026-03-22T17:39:17+00:00,False,PLAYLIST_EXHAUSTED,TERMINAL,0,0,0,NOT_VALIDATED,False,0,927,
UCBUEDay6omiIO9XebzcButg,255,255,0,2025-01-28T11:00:38+00:00,2026-07-28T01:51:17+00:00,False,PLAYLIST_EXHAUSTED,TERMINAL,0,0,0,NOT_VALIDATED,False,0,745,
UCBXpnfoHqIZRqi3ex50bB4w,65,65,0,2022-11-30T11:00:08+00:00,2026-09-07T05:30:19+00:00,False,PLAYLIST_EXHAUSTED,TERMINAL,0,0,0,NOT_VALIDATED,False,0,935,
UCB_Ooo_Eanv8LHYUGqMMDjg,251,251,0,2017-11-29T13:00:26+00:00,2026-09-06T10:00:06+00:00,True,PLAYLIST_EXHAUSTED,TERMINAL,0,0,0,NOT_VALIDATED,False,0,749,
UCBbXLmauGSmFdQakk2dS8Rw,700,700,0,2016-02-20T10:31:28+00:00,2026-04-10T10:06:37+00:00,True,PENDING,PENDING_PAGINATION,0,0,0,NOT_VALIDATED,False,,300,
UCBev9yAPNYhFM4ORPQb_LYQ,483,483,0,2024-07-28T00:05:34+00:00,2026-09-09T16:00:25+00:00,False,PLAYLIST_EXHAUSTED,TERMINAL,0,0,0,NOT_VALIDATED,False,0,517,
UCBi2sDv2HYYnCtEqldp0RFA,387,387,0,2024-06-03T01:23:08+00:00,2026-09-09T15:24:45+00:00,False,PLAYLIST_EXHAUSTED,TERMINAL,0,0,0,NOT_VALIDATED,False,0,613,
UCBjUiJxMKaM2YTIo3r4KdHA,185,185,0,2025-02-12T23:04:19+00:00,2026-09-08T16:19:00+00:00,False,PLAYLIST_EXHAUSTED,TERMINAL,0,0,0,NOT_VALIDATED,False,0,815,
UCBmXZKNg_Tsy-r5pZsBPVVA,105,105,0,2026-05-04T11:37:49+00:00,2026-09-09T16:16:05+00:00,False,PLAYLIST_EXHAUSTED,TERMINAL,0,0,0,NOT_VALIDATED,False,0,895,
UCBq8wrxx6gPxxmZwDnZEEYA,294,294,0,2022-09-23T09:00:14+00:00,2026-09-06T05:41:31+00:00,False,PLAYLIST_EXHAUSTED,TERMINAL,0,0,0,NOT_VALIDATED,False,0,706,
UCBsUODmi56ijq4o4imeZuwg,198,198,0,2024-11-05T16:23:11+00:00,2026-08-30T22:46:50+00:00,False,PLAYLIST_EXHAUSTED,TERMINAL,0,0,0,NOT_VALIDATED,False,0,802,
UCC3IBnXJb8xYdg-_MMh1qNg,700,700,0,2024-10-03T08:21:47+00:00,2026-09-10T04:53:51+00:00,False,PENDING,PENDING_PAGINATION,0,0,0,NOT_VALIDATED,False,,300,
UCC4Wb_x57Ks43GRJ6x_wT5Q,700,700,0,2025-02-27T11:57:19+00:00,2026-09-09T11:27:05+00:00,False,PENDING,PENDING_PAGINATION,0,0,0,NOT_VALIDATED,False,,300,
UCC5q6CpuDflPvO7pNn52RGQ,700,700,0,2023-07-10T04:53:48+00:00,2026-09-07T04:30:32+00:00,False,PENDING,PENDING_PAGINATION,0,0,0,NOT_VALIDATED,False,,300,
UCC8N_hO-iyfkS2uaJqkxfMA,406,406,0,2022-07-17T16:54:14+00:00,2026-04-16T01:50:16+00:00,False,PLAYLIST_EXHAUSTED,TERMINAL,0,0,0,NOT_VALIDATED,False,0,594,
UCCCOpUUMaweGiTZ_vNSdh1w,164,164,0,2024-02-26T18:08:24+00:00,2026-09-09T10:21:45+00:00,False,PLAYLIST_EXHAUSTED,TERMINAL,0,0,0,NON_MONOTONIC,False,0,836,
UCCDb84g4xtJYE0bOJ6BLwJg,334,334,0,2022-10-31T06:15:20+00:00,2026-09-01T05:33:18+00:00,False,PLAYLIST_EXHAUSTED,TERMINAL,0,0,0,NOT_VALIDATED,False,0,666,
UCCEHpnzn37K8kQv2QtybE2w,323,323,0,2025-03-06T01:06:56+00:00,2026-09-09T16:57:00+00:00,False,PLAYLIST_EXHAUSTED,TERMINAL,0,0,0,NOT_VALIDATED,False,0,677,
UCCKvp_oV10qcK5Abjaz4FrA,67,67,0,2021-06-21T01:46:10+00:00,2025-05-17T02:15:21+00:00,False,PLAYLIST_EXHAUSTED,TERMINAL,0,0,0,NOT_VALIDATED,False,0,933,
UCCM6yLTh1Ep5rlwrapyyNOQ,142,142,0,2025-05-25T12:00:06+00:00,2026-09-08T15:16:43+00:00,False,PLAYLIST_EXHAUSTED,TERMINAL,0,0,0,NOT_VALIDATED,False,0,858,
UCCQd9y8LSnnp09dF7Mrp5Jg,656,656,0,2024-05-26T03:27:23+00:00,2026-09-09T16:50:42+00:00,False,PLAYLIST_EXHAUSTED,TERMINAL,0,0,0,NOT_VALIDATED,False,0,344,
UCCTu-nYFSFerCTEAQLwyRgA,141,141,0,2021-03-22T03:40:43+00:00,2025-09-24T06:05:23+00:00,False,PLAYLIST_EXHAUSTED,TERMINAL,0,0,0,NOT_VALIDATED,False,0,859,
UCCXtKBc_KnKRtT-9qXu5Y7A,43,43,0,2021-08-13T19:12:55+00:00,2023-04-26T07:09:52+00:00,False,PLAYLIST_EXHAUSTED,TERMINAL,0,0,0,NOT_VALIDATED,False,0,957,
UCC_P34t35REbiPzbHO_bifA,700,700,0,2022-08-14T19:48:22+00:00,2026-01-07T00:00:39+00:00,False,PENDING,PENDING_PAGINATION,0,0,0,NOT_VALIDATED,False,,300,
UCCa03c0JD-H5AoJ_a6PuQrA,268,268,0,2025-02-01T04:30:15+00:00,2026-09-07T11:07:22+00:00,False,PLAYLIST_EXHAUSTED,TERMINAL,0,0,0,NOT_VALIDATED,False,0,732,
UCCcZmve86N8WakyfYRqc0uA,151,151,0,2025-05-16T13:33:02+00:00,2026-08-09T00:57:07+00:00,False,PLAYLIST_EXHAUSTED,TERMINAL,0,0,0,NOT_VALIDATED,False,0,849,
UCCjunxHiL2OHhNDl4sdD1bg,288,288,0,2021-09-19T16:30:52+00:00,2026-06-13T12:15:16+00:00,False,PLAYLIST_EXHAUSTED,TERMINAL,0,0,0,NOT_VALIDATED,False,0,712,
UCCmBL9p7d1a0aBjZSPF8QpQ,7,7,0,2023-06-28T07:22:33+00:00,2023-09-20T12:00:10+00:00,False,PLAYLIST_EXHAUSTED,TERMINAL,0,0,0,NOT_VALIDATED,False,0,993,
UCCnI25SLttKYJdVgno6qkYg,165,165,0,2024-04-28T13:00:07+00:00,2025-12-30T21:01:57+00:00,False,PLAYLIST_EXHAUSTED,TERMINAL,0,0,0,NOT_VALIDATED,False,0,835,
UCCo8rdZh_V_irwScgnHJb2Q,306,306,0,2023-08-01T21:06:33+00:00,2026-09-08T23:36:50+00:00,False,PLAYLIST_EXHAUSTED,TERMINAL,0,0,0,NOT_VALIDATED,False,0,694,
UCCptqrhEdtJGBer1qWWRLnA,490,490,0,2020-06-11T06:34:46+00:00,2023-08-12T03:22:14+00:00,True,PLAYLIST_EXHAUSTED,TERMINAL,0,0,0,NOT_VALIDATED,False,0,510,
UCCsgAS-uqrGRdmvJzvfAXsw,14,14,0,2022-05-04T09:47:39+00:00,2022-09-07T17:52:52+00:00,False,PLAYLIST_EXHAUSTED,TERMINAL,0,0,0,NOT_VALIDATED,False,0,986,
UCCwDLJmhL5pYyXzN7coVwTw,64,64,0,2023-09-15T07:34:43+00:00,2026-06-03T06:36:34+00:00,False,PLAYLIST_EXHAUSTED,TERMINAL,0,0,0,NOT_VALIDATED,False,0,936,
UCD0aj_PFkBK-LGaDIiXvBww,115,115,0,2024-04-22T17:55:33+00:00,2026-09-08T14:59:23+00:00,False,PLAYLIST_EXHAUSTED,TERMINAL,0,0,0,NOT_VALIDATED,False,0,885,
UCD2BJUqKTEPOkxdTyxfvCuQ,339,339,0,2022-09-27T14:00:19+00:00,2026-07-07T16:01:25+00:00,False,PLAYLIST_EXHAUSTED,TERMINAL,0,0,0,NOT_VALIDATED,False,0,661,
UCD5-go4VNzPs044VuPf2-uA,266,266,0,2021-09-22T10:00:20+00:00,2026-09-07T14:49:06+00:00,False,PLAYLIST_EXHAUSTED,TERMINAL,0,0,0,NOT_VALIDATED,False,0,734,
UCD67JYizIZGNc-1Dsn9eu3A,211,211,0,2025-09-03T11:01:18+00:00,2026-09-08T15:18:25+00:00,False,PLAYLIST_EXHAUSTED,TERMINAL,0,0,0,NOT_VALIDATED,False,0,789,
UCDCOWpzyBFsavT-K7AmN3MQ,700,700,0,2023-07-29T15:24:09+00:00,2026-09-08T21:23:50+00:00,False,PENDING,PENDING_PAGINATION,0,0,0,NOT_VALIDATED,False,,300,
UCDH0eXdMf-vFqvTtjADsOcw,126,126,0,2018-07-14T18:30:37+00:00,2026-09-10T00:39:32+00:00,True,PLAYLIST_EXHAUSTED,TERMINAL,0,0,0,NOT_VALIDATED,False,0,874,
UCDSn4Ql7fuyjxsSNOws81iQ,700,700,0,2023-11-21T12:00:05+00:00,2026-09-09T11:00:19+00:00,False,PENDING,PENDING_PAGINATION,0,0,0,NOT_VALIDATED,False,,300,
UCDUFEQDrHUjO5vAVwPPiG3Q,52,52,0,2021-03-01T08:30:02+00:00,2025-12-02T12:06:40+00:00,False,PLAYLIST_EXHAUSTED,TERMINAL,0,0,0,NOT_VALIDATED,False,0,948,
UCDUdT8_IEOY-Z9KfLiCOfuQ,350,350,0,2023-03-01T12:20:00+00:00,2026-09-05T03:30:38+00:00,False,PLAYLIST_EXHAUSTED,TERMINAL,0,0,0,NOT_VALIDATED,False,0,650,
UCDVOWB_Fi5jmi6o-x5_uV8g,600,600,0,2020-07-10T04:59:58+00:00,2026-09-05T04:59:34+00:00,True,PLAYLIST_EXHAUSTED,TERMINAL,0,0,0,NOT_VALIDATED,False,0,400,
UCDWp89OUkBRM9cDmOXHT6bw,390,390,0,2021-12-10T09:15:11+00:00,2026-09-09T17:58:27+00:00,False,PLAYLIST_EXHAUSTED,TERMINAL,0,0,0,NOT_VALIDATED,False,0,610,
UCDXW5zG-2aZXL9K1bkV3Ajw,133,133,0,2021-09-11T04:50:37+00:00,2026-08-26T03:15:40+00:00,False,PLAYLIST_EXHAUSTED,TERMINAL,0,0,0,NOT_VALIDATED,False,0,867,
UCDXhbquWzQvdwZC1yVUmxAA,3,3,0,2025-05-07T04:11:58+00:00,2025-05-13T03:26:01+00:00,False,PLAYLIST_EXHAUSTED,TERMINAL,0,0,0,NOT_VALIDATED,False,0,997,
UCDYy9EVjkBym7bUYwTKzugA,128,128,0,2020-11-05T10:45:01+00:00,2021-09-02T10:56:54+00:00,True,PLAYLIST_EXHAUSTED,TERMINAL,0,0,0,NOT_VALIDATED,False,0,872,
UCD_aBWFE2nsQB0Pb6Hj8Ksg,39,39,0,2021-07-23T18:18:53+00:00,2025-04-12T04:08:10+00:00,False,PLAYLIST_EXHAUSTED,TERMINAL,0,0,0,NOT_VALIDATED,False,0,961,
UCD_y0feXuBuX9z6RAxz4afg,446,446,0,2022-01-30T03:55:49+00:00,2026-06-01T04:40:37+00:00,False,PLAYLIST_EXHAUSTED,TERMINAL,0,0,0,NOT_VALIDATED,False,0,554,
UCDb3FYf93LJEcswNeZ05uag,268,268,0,2024-12-14T03:29:38+00:00,2026-09-05T15:11:57+00:00,False,PLAYLIST_EXHAUSTED,TERMINAL,0,0,0,NOT_VALIDATED,False,0,732,
UCDcMQuBXmp3NByn3wD5lZog,7,7,0,2022-05-30T11:00:23+00:00,2023-03-16T14:43:33+00:00,False,PLAYLIST_EXHAUSTED,TERMINAL,0,0,0,NOT_VALIDATED,False,0,993,
UCDdYlO59uiphs8QUL7I88Rg,613,613,0,2022-07-29T16:00:15+00:00,2026-09-08T18:38:16+00:00,False,PLAYLIST_EXHAUSTED,TERMINAL,0,0,1,NOT_VALIDATED,False,0,387,
UCDgD6lN0SQJTfiy0y-7oFzw,0,0,0,,,False,PARTIAL_ERROR,NOT_FOUND,0,0,0,NOT_VALIDATED,False,,1000,False
UCDgEY3e3hNge2XzFhFuYPYw,563,563,0,2024-05-15T15:37:21+00:00,2026-09-09T16:13:01+00:00,False,PLAYLIST_EXHAUSTED,TERMINAL,0,0,0,NOT_VALIDATED,False,0,437,
UCDgptjggm1YvNSn7GQ19sEA,8,8,0,2021-09-21T03:10:44+00:00,2025-05-08T12:56:40+00:00,False,PLAYLIST_EXHAUSTED,TERMINAL,0,0,0,NOT_VALIDATED,False,0,992,
UCDhUZlrVbcdvac4SRLi3tXA,243,243,0,2017-05-23T14:59:23+00:00,2026-05-27T17:21:21+00:00,True,PLAYLIST_EXHAUSTED,TERMINAL,0,0,0,NOT_VALIDATED,False,0,757,
UCDiyOEC0TGng4cudBJbMyWg,418,418,0,2023-12-24T03:52:49+00:00,2026-09-10T05:00:30+00:00,False,PLAYLIST_EXHAUSTED,TERMINAL,0,0,0,NOT_VALIDATED,False,0,582,
UCDki34ncCre0xPgf1JCkqCA,700,700,0,2023-03-09T15:37:22+00:00,2026-09-09T16:50:20+00:00,False,PENDING,PENDING_PAGINATION,0,0,0,NOT_VALIDATED,False,,300,
UCDmay2oK3RLbl8ooxYv-wJg,2,2,0,2026-02-10T19:00:53+00:00,2026-07-26T09:15:06+00:00,False,PLAYLIST_EXHAUSTED,TERMINAL,0,0,0,NOT_VALIDATED,False,0,998,
UCDmlKuJkE2tIR-Q8bSWPvDw,84,84,0,2025-08-10T14:28:47+00:00,2026-09-10T04:55:35+00:00,False,PLAYLIST_EXHAUSTED,TERMINAL,0,0,0,NOT_VALIDATED,False,0,916,
UCDrFZpqKkgV27Q1NcYYYU2w,453,453,0,2021-08-24T15:24:34+00:00,2025-08-19T04:42:29+00:00,False,PLAYLIST_EXHAUSTED,TERMINAL,0,0,0,NOT_VALIDATED,False,0,547,
UCDuv12N1-maTw7eemVA2hgQ,469,469,0,2021-07-11T16:33:07+00:00,2026-09-03T01:55:32+00:00,False,PLAYLIST_EXHAUSTED,TERMINAL,0,0,0,NOT_VALIDATED,False,0,531,
UCDwExMfrKLpB6j0vDUW-0WA,42,42,0,2025-05-16T16:12:17+00:00,2026-09-05T15:47:04+00:00,False,PLAYLIST_EXHAUSTED,TERMINAL,0,0,0,NOT_VALIDATED,False,0,958,
UCDwGQS9PGoUV-yMRsQ5pBxw,332,332,0,2026-03-20T12:24:12+00:00,2026-09-10T03:31:44+00:00,False,PLAYLIST_EXHAUSTED,TERMINAL,0,0,0,NOT_VALIDATED,False,0,668,
UCDx_VxFnDh_yxtff1akPpvg,279,279,0,2022-04-23T08:30:21+00:00,2026-09-06T18:40:22+00:00,False,PLAYLIST_EXHAUSTED,TERMINAL,0,0,0,NOT_VALIDATED,False,0,721,
UCDzIAHQJv3O2IN0u26bHlaw,188,188,0,2022-07-11T02:01:35+00:00,2026-09-03T23:00:06+00:00,False,PLAYLIST_EXHAUSTED,TERMINAL,0,0,0,NOT_VALIDATED,False,0,812,
UCE010cVAgWFD24wIJ95sDKw,700,700,0,2025-02-07T09:29:36+00:00,2026-09-09T12:35:43+00:00,False,PENDING,PENDING_PAGINATION,0,0,0,NOT_VALIDATED,False,,300,
UCE46-Cb8vr2ra-YAJ7UoOcA,314,314,0,2024-02-10T18:30:33+00:00,2026-09-09T16:06:27+00:00,False,PLAYLIST_EXHAUSTED,TERMINAL,0,0,0,NOT_VALIDATED,False,0,686,
UCEAweQRj86ga-ymLA_L50BA,2,2,0,2022-07-21T10:32:30+00:00,2022-09-01T06:19:21+00:00,False,PLAYLIST_EXHAUSTED,TERMINAL,0,0,0,NOT_VALIDATED,False,0,998,
UCEI_LsIHnvFh0dN8KmVy7hg,16,16,0,2022-02-19T14:09:18+00:00,2025-11-13T16:33:39+00:00,False,PLAYLIST_EXHAUSTED,TERMINAL,0,0,0,NOT_VALIDATED,False,0,984,
UCEL3qsIRdudjSuFHMHUxi0Q,209,209,0,2025-02-18T13:18:06+00:00,2026-09-10T04:56:44+00:00,False,PLAYLIST_EXHAUSTED,TERMINAL,0,0,0,NOT_VALIDATED,False,0,791,
UCEMqL-RYgeAEhTMUJeHfkaw,700,700,0,2021-12-04T19:52:55+00:00,2026-09-09T16:28:28+00:00,False,PENDING,PENDING_PAGINATION,0,0,0,NOT_VALIDATED,False,,300,
UCEQ28ZgkC47h0jG8CWN_V2Q,153,153,0,2024-02-17T13:40:40+00:00,2026-09-08T15:12:52+00:00,False,PLAYLIST_EXHAUSTED,TERMINAL,0,0,0,NOT_VALIDATED,False,0,847,
UCER-4jqj3kUgY36i3FPAtJA,700,700,0,2023-12-06T15:42:17+00:00,2026-09-09T18:11:42+00:00,False,PENDING,PENDING_PAGINATION,0,0,0,NOT_VALIDATED,False,,300,
UCEXxxuO6GnVJmwqIz9etkKA,0,0,0,,,False,PARTIAL_ERROR,NOT_FOUND,0,0,0,NOT_VALIDATED,False,,1000,False
UCEZZl5ozactQATI4iIx2mOg,133,133,0,2025-04-10T12:45:03+00:00,2026-08-18T16:31:08+00:00,False,PLAYLIST_EXHAUSTED,TERMINAL,0,0,0,NOT_VALIDATED,False,0,867,
UCEZl6aWM_c93GHtB12UfxNA,399,399,0,2023-02-03T06:45:58+00:00,2026-09-08T11:30:20+00:00,False,PLAYLIST_EXHAUSTED,TERMINAL,0,0,0,NOT_VALIDATED,False,0,601,
UCEbwSVZLmNpdgZPbeFL7chg,700,700,0,2024-12-26T12:31:57+00:00,2026-09-10T05:41:07+00:00,False,PENDING,PENDING_PAGINATION,0,0,0,NON_MONOTONIC,False,,300,
UCEcSxWcQiyfpx7mRAdb_emg,299,299,0,2021-02-07T10:00:19+00:00,2026-08-30T07:37:35+00:00,False,PLAYLIST_EXHAUSTED,TERMINAL,0,0,0,NOT_VALIDATED,False,0,701,
UCEjF-FvkrvMhQ7b6KT5UCAw,291,291,0,2024-10-18T13:00:06+00:00,2026-09-09T11:24:44+00:00,False,PLAYLIST_EXHAUSTED,TERMINAL,0,0,0,NOT_VALIDATED,False,0,709,
UCEk6QSUJhVf56A_VznMpKpg,99,99,0,2021-02-01T00:00:01+00:00,2022-01-14T08:00:23+00:00,False,PLAYLIST_EXHAUSTED,TERMINAL,0,0,0,NOT_VALIDATED,False,0,901,
UCEpxkPOevg0ItmSknvEcngg,374,374,0,2022-03-30T00:25:53+00:00,2026-09-09T01:06:30+00:00,False,PLAYLIST_EXHAUSTED,TERMINAL,0,0,0,NOT_VALIDATED,False,0,626,
UCEuU0EQj7eWL2-vf5hGFwXg,700,700,0,2023-11-14T17:11:09+00:00,2026-09-09T10:33:26+00:00,False,PENDING,PENDING_PAGINATION,0,0,0,NOT_VALIDATED,False,,300,
UCEvyDOkcGkzCTo62d9BrhkA,700,700,0,2023-10-22T11:00:15+00:00,2026-03-31T12:00:00+00:00,False,PENDING,PENDING_PAGINATION,0,0,0,NOT_VALIDATED,False,,300,
UCF19DHmsDiaB3P3Cbpdp14g,612,612,0,2023-03-03T13:44:59+00:00,2026-09-09T06:16:04+00:00,False,PLAYLIST_EXHAUSTED,TERMINAL,0,0,0,NOT_VALIDATED,False,0,388,
UCF81ZEcn0aKct7TJPZVINAw,172,172,0,2025-02-17T01:19:11+00:00,2026-09-02T12:42:37+00:00,False,PLAYLIST_EXHAUSTED,TERMINAL,0,0,0,NOT_VALIDATED,False,0,828,
UCFB-5_h8i1373WvI7ElG2FA,29,29,0,2021-12-19T15:02:05+00:00,2025-09-04T10:24:27+00:00,False,PLAYLIST_EXHAUSTED,TERMINAL,0,0,0,NOT_VALIDATED,False,0,971,
UCFBj6s8uT6nphkbV7UMVGsQ,278,278,0,2025-05-07T23:24:21+00:00,2026-09-09T16:19:29+00:00,False,PLAYLIST_EXHAUSTED,TERMINAL,0,0,0,NOT_VALIDATED,False,0,722,
UCFKBoyzpTZdu20o-O5XUf8g,83,83,0,2021-06-05T04:05:18+00:00,2024-09-30T05:22:43+00:00,False,PLAYLIST_EXHAUSTED,TERMINAL,0,0,0,NOT_VALIDATED,False,0,917,
UCFLR42m7vGHPi3wSROWaepA,364,364,0,2023-04-27T05:34:51+00:00,2026-09-05T19:54:16+00:00,False,PLAYLIST_EXHAUSTED,TERMINAL,0,0,0,NOT_VALIDATED,False,0,636,
UCFN4mdxw4ss6DMB6ZYPXPuw,692,692,0,2023-10-05T02:40:05+00:00,2026-09-08T09:44:30+00:00,False,PLAYLIST_EXHAUSTED,TERMINAL,0,0,0,NOT_VALIDATED,False,0,308,
UCFNsc_xre9fXD0-f8kyrUTQ,20,20,0,2022-07-27T11:30:20+00:00,2024-08-29T22:22:53+00:00,False,PLAYLIST_EXHAUSTED,TERMINAL,0,0,0,NOT_VALIDATED,False,0,980,
UCFRCQhHa_MUmmRaGUJVN8zA,377,377,0,2018-10-16T08:28:29+00:00,2026-07-17T15:50:12+00:00,True,PLAYLIST_EXHAUSTED,TERMINAL,0,0,0,NOT_VALIDATED,False,0,623,
UCFSkExeBcqI4nb_ArHeByNw,0,0,0,,,False,PARTIAL_ERROR,NOT_FOUND,0,0,0,NOT_VALIDATED,False,,1000,False
UCFVbcS05rXwR7iLPl2K82Kw,246,246,0,2024-12-16T11:56:38+00:00,2026-09-06T10:18:27+00:00,False,PLAYLIST_EXHAUSTED,TERMINAL,0,0,0,NOT_VALIDATED,False,0,754,
UCFXP-2Bob2gW8rlEffW1hgA,0,0,0,,,False,PARTIAL_ERROR,NOT_FOUND,0,0,0,NOT_VALIDATED,False,,1000,False
UCF_-M79ivR0lBcxI4VcYiWg,0,0,0,,,False,PARTIAL_ERROR,NOT_FOUND,0,0,0,NOT_VALIDATED,False,,1000,False
UCFcV8AGufMRT7is-GX1Y9gQ,29,29,0,2024-07-07T03:00:29+00:00,2026-02-05T10:15:01+00:00,False,PLAYLIST_EXHAUSTED,TERMINAL,0,0,0,NOT_VALIDATED,False,0,971,
UCFd3ivp0P8uWR-SdnMLWDoQ,200,200,0,2026-03-09T23:22:30+00:00,2026-09-09T15:49:17+00:00,False,PLAYLIST_EXHAUSTED,TERMINAL,0,0,0,NOT_VALIDATED,False,0,800,
UCFjBM9wvCqb5wBLpp_cHxfA,518,518,0,2022-03-22T01:10:59+00:00,2026-09-10T00:15:03+00:00,False,PLAYLIST_EXHAUSTED,TERMINAL,0,0,0,NOT_VALIDATED,False,0,482,
UCFkljb428Byj00FxL_kwYyA,280,280,0,2021-07-10T11:00:14+00:00,2026-02-17T15:15:37+00:00,False,PLAYLIST_EXHAUSTED,TERMINAL,0,0,0,NOT_VALIDATED,False,0,720,
UCFr02a1OIuA1yrnJuB2dSpw,279,279,0,2024-10-23T06:00:06+00:00,2026-08-30T04:16:14+00:00,False,PLAYLIST_EXHAUSTED,TERMINAL,0,0,0,NOT_VALIDATED,False,0,721,
UCFuUpyt6u2UC90h1nAWuXkw,6,6,0,2026-06-27T10:13:44+00:00,2026-09-08T10:03:05+00:00,False,PLAYLIST_EXHAUSTED,TERMINAL,0,0,0,NOT_VALIDATED,False,0,994,
UCFycFPpGcrne7rAp_Xa6tbg,0,0,0,,,False,PARTIAL_ERROR,NOT_FOUND,0,0,0,NOT_VALIDATED,False,,1000,False
UCG-PEjbBmm82pBvWvJJfxgQ,133,133,0,2025-05-28T08:00:08+00:00,2026-09-08T16:24:54+00:00,False,PLAYLIST_EXHAUSTED,TERMINAL,0,0,0,NOT_VALIDATED,False,0,867,
UCG04BGkyQFQPV3jl5ANHPZA,125,125,0,2022-07-31T04:10:36+00:00,2026-08-16T19:22:09+00:00,False,PLAYLIST_EXHAUSTED,TERMINAL,0,0,0,NOT_VALIDATED,False,0,875,
UCG1Dk3994tPaCIBJp8Cu2pg,387,387,0,2015-12-28T22:17:31+00:00,2026-09-07T17:15:11+00:00,True,PLAYLIST_EXHAUSTED,TERMINAL,0,0,1,NOT_VALIDATED,False,0,613,
UCG1UqDhwKiOIHHAhwZqJGQg,586,586,0,2025-03-08T16:40:43+00:00,2026-09-09T10:00:27+00:00,False,PLAYLIST_EXHAUSTED,TERMINAL,0,0,0,NOT_VALIDATED,False,0,414,
UCGAYOnH9azmAmcHpzRWZsOg,700,700,0,2022-07-31T06:41:10+00:00,2026-09-09T13:00:25+00:00,False,PENDING,PENDING_PAGINATION,0,0,0,NOT_VALIDATED,False,,300,
UCGAtHjeWWgyWboVQ33ZQX6Q,425,425,0,2021-09-05T14:02:23+00:00,2026-09-05T14:20:36+00:00,False,PLAYLIST_EXHAUSTED,TERMINAL,0,0,0,NOT_VALIDATED,False,0,575,
UCGAxNdaCC9RI6-u3QabJ8Fg,243,243,0,2024-09-26T02:00:21+00:00,2026-09-08T13:00:28+00:00,False,PLAYLIST_EXHAUSTED,TERMINAL,0,0,0,NOT_VALIDATED,False,0,757,
UCGBkYTR4tMKS38TQHGWWLjg,700,700,0,2023-09-01T09:53:50+00:00,2026-09-09T10:00:27+00:00,False,PENDING,PENDING_PAGINATION,0,0,0,NOT_VALIDATED,False,,300,
UCGFON7MMs-K2rmM_TjNG82A,118,118,0,2021-11-06T11:44:45+00:00,2026-05-27T15:36:41+00:00,False,PLAYLIST_EXHAUSTED,TERMINAL,0,0,0,NOT_VALIDATED,False,0,882,
UCGFX2NZhsWp_hpZiYmyJnRQ,334,334,0,2023-04-17T02:00:12+00:00,2026-06-12T03:27:42+00:00,False,PLAYLIST_EXHAUSTED,TERMINAL,0,0,0,NOT_VALIDATED,False,0,666,
UCGGJmwrqz9q6BAVK0VWYE8g,700,700,0,2022-06-14T12:52:28+00:00,2026-09-10T04:04:26+00:00,False,PENDING,PENDING_PAGINATION,0,0,0,NOT_VALIDATED,False,,300,
UCGIDvgCG2v47r33D14QlasA,610,610,0,2024-02-02T04:34:13+00:00,2026-09-10T07:15:03+00:00,False,PLAYLIST_EXHAUSTED,TERMINAL,0,0,0,NOT_VALIDATED,False,0,390,
UCGIo_THCq5eGbEdb8f0z10Q,96,96,0,2024-05-31T13:00:07+00:00,2026-09-08T14:17:18+00:00,False,PLAYLIST_EXHAUSTED,TERMINAL,0,0,0,NOT_VALIDATED,False,0,904,
UCGMSJFuXdNmswEPX4X6NnLQ,700,700,0,2023-04-15T14:38:39+00:00,2026-09-10T05:01:02+00:00,False,PENDING,PENDING_PAGINATION,0,0,0,NOT_VALIDATED,False,,300,
UCGMiAEmU8MB1-2abX_Tjkyw,131,131,0,2025-01-07T10:31:15+00:00,2026-06-12T05:30:56+00:00,False,PLAYLIST_EXHAUSTED,TERMINAL,0,0,0,NOT_VALIDATED,False,0,869,
UCGOkjVQVJivJxDN7iSdQuLA,307,307,0,2024-10-28T15:22:54+00:00,2026-09-10T03:49:26+00:00,False,PLAYLIST_EXHAUSTED,TERMINAL,0,0,0,NOT_VALIDATED,False,0,693,
UCGRF7CYtM2Qvevmach7enPA,121,121,0,2024-01-14T11:38:08+00:00,2026-03-27T14:43:40+00:00,False,PLAYLIST_EXHAUSTED,TERMINAL,0,0,0,NOT_VALIDATED,False,0,879,
UCGSthfh4W439C_2cQloVocw,107,107,0,2017-01-21T11:14:36+00:00,2023-04-01T04:01:24+00:00,True,PLAYLIST_EXHAUSTED,TERMINAL,0,0,0,NOT_VALIDATED,False,0,893,
UCGWwz0WBEcGozJ6yZNGIsPw,475,475,0,2024-02-06T18:46:12+00:00,2026-09-07T03:00:35+00:00,False,PLAYLIST_EXHAUSTED,TERMINAL,0,0,0,NOT_VALIDATED,False,0,525,
UCGXguhCIYycPMOTZN9s4x6A,118,118,0,2025-03-03T11:01:14+00:00,2025-10-24T13:48:14+00:00,False,PLAYLIST_EXHAUSTED,TERMINAL,0,0,0,NOT_VALIDATED,False,0,882,
UCGbMin84xisO1Yuq_guVlFA,44,44,0,2025-07-03T13:06:23+00:00,2026-01-22T02:08:42+00:00,False,PLAYLIST_EXHAUSTED,TERMINAL,0,0,0,NOT_VALIDATED,False,0,956,
UCGc2qf0Pkl7RyvqTyyP_o9w,700,700,0,2023-03-21T14:39:04+00:00,2026-09-09T16:41:56+00:00,False,PENDING,PENDING_PAGINATION,0,0,0,NOT_VALIDATED,False,,300,
UCGgUYt_n_Uzi5xYAS12XDww,6,6,0,2023-12-06T12:11:21+00:00,2025-01-01T05:42:48+00:00,False,PLAYLIST_EXHAUSTED,TERMINAL,0,0,0,NOT_VALIDATED,False,0,994,
UCGhWfzi-1RoI9mJKzrCJGHQ,176,176,0,2016-01-19T14:13:50+00:00,2026-08-12T22:10:37+00:00,True,PLAYLIST_EXHAUSTED,TERMINAL,0,0,0,NOT_VALIDATED,False,0,824,
UCGi7W6vbEJjPi1nzJfW-zOQ,187,187,0,2022-07-12T10:00:38+00:00,2024-07-31T04:26:41+00:00,False,PLAYLIST_EXHAUSTED,TERMINAL,0,0,0,NOT_VALIDATED,False,0,813,
UCGjZDsjGu_BzQ_hPKTRBLLw,337,337,0,2021-12-31T16:45:14+00:00,2026-09-09T11:37:08+00:00,False,PLAYLIST_EXHAUSTED,TERMINAL,0,0,0,NOT_VALIDATED,False,0,663,
UCGkGWo40A2iZKQl9ug1oXoA,496,496,0,2023-01-28T14:30:13+00:00,2026-09-09T17:35:15+00:00,False,PLAYLIST_EXHAUSTED,TERMINAL,0,0,0,NOT_VALIDATED,False,0,504,
UCGmm95ZgqXrfS-0pu980_tA,210,210,0,2024-09-01T11:15:04+00:00,2026-08-12T20:36:47+00:00,False,PLAYLIST_EXHAUSTED,TERMINAL,0,0,0,NOT_VALIDATED,False,0,790,
UCGmvJX9TaHps4LB-J-cR6bQ,149,149,0,2025-02-16T16:28:50+00:00,2026-09-08T05:39:35+00:00,False,PLAYLIST_EXHAUSTED,TERMINAL,0,0,0,NOT_VALIDATED,False,0,851,
UCGo7fnmWfGQewxZVDmC3iJQ,700,700,0,2024-05-21T14:46:04+00:00,2026-09-08T16:54:29+00:00,False,PENDING,PENDING_PAGINATION,0,0,0,NOT_VALIDATED,False,,300,
UCGofntRkNUAgXGqimLtLy4g,700,700,0,2021-11-13T16:23:58+00:00,2026-09-10T06:09:17+00:00,False,PENDING,PENDING_PAGINATION,0,0,0,NOT_VALIDATED,False,,300,
UCGtHn0fmqCAp_8AzV_PWd6A,204,204,0,2025-11-19T13:17:47+00:00,2026-09-09T17:29:14+00:00,False,PLAYLIST_EXHAUSTED,TERMINAL,0,0,0,NOT_VALIDATED,False,0,796,
UCGtjAVYcncs1AJ5hQY0gASQ,144,144,0,2024-11-23T05:00:22+00:00,2026-09-07T16:38:28+00:00,False,PLAYLIST_EXHAUSTED,TERMINAL,0,0,0,NOT_VALIDATED,False,0,856,
UCGwh4Fq6iBno7cSieXcgh0w,116,116,0,2021-12-13T07:10:40+00:00,2022-09-01T04:45:09+00:00,False,PLAYLIST_EXHAUSTED,TERMINAL,0,0,0,NOT_VALIDATED,False,0,884,
UCH3mEs_fK3r0M2hJ9NsgNPg,195,195,0,2020-01-10T12:26:08+00:00,2026-09-08T16:19:45+00:00,True,PLAYLIST_EXHAUSTED,TERMINAL,0,0,0,NOT_VALIDATED,False,0,805,
UCH6Fib1kQUaR2qurlEXnZMA,32,32,0,2022-12-03T11:00:08+00:00,2023-02-15T12:00:08+00:00,False,PLAYLIST_EXHAUSTED,TERMINAL,0,0,0,NOT_VALIDATED,False,0,968,
UCH7h3T7J1ck7YgjbI2YPR7g,277,277,0,2024-11-16T16:25:44+00:00,2026-09-06T14:45:49+00:00,False,PLAYLIST_EXHAUSTED,TERMINAL,0,0,0,NOT_VALIDATED,False,0,723,
UCH9YSRP3hG56bs2lzmMoOVw,571,571,0,2020-10-04T09:04:52+00:00,2026-09-09T15:49:44+00:00,True,PLAYLIST_EXHAUSTED,TERMINAL,0,0,0,NOT_VALIDATED,False,0,429,
UCHBOkil-h2JiTQ2LEJtG7FA,306,306,0,2024-02-22T06:05:45+00:00,2026-08-30T09:45:14+00:00,False,PLAYLIST_EXHAUSTED,TERMINAL,0,0,0,NOT_VALIDATED,False,0,694,
UCHCvUUDxEP1ve9Zg_tZP5ug,80,80,0,2025-03-07T01:05:49+00:00,2026-07-13T01:07:54+00:00,False,PLAYLIST_EXHAUSTED,TERMINAL,0,0,0,NOT_VALIDATED,False,0,920,
UCHEnKuFdHAKL20IpCTi8l9Q,100,100,0,2023-02-14T10:00:08+00:00,2026-09-08T18:01:41+00:00,False,PLAYLIST_EXHAUSTED,TERMINAL,0,0,0,NOT_VALIDATED,False,0,900,
UCHGviQ_8o_ZLS_k1vpFOtmQ,326,326,0,2023-05-30T13:55:30+00:00,2026-09-07T04:49:42+00:00,False,PLAYLIST_EXHAUSTED,TERMINAL,0,0,0,NOT_VALIDATED,False,0,674,
UCHJyN2D9QrjAujzsrDkguRA,155,155,0,2021-07-20T19:59:45+00:00,2026-09-09T14:05:09+00:00,False,PLAYLIST_EXHAUSTED,TERMINAL,0,0,0,NOT_VALIDATED,False,0,845,
UCHL4mRfm4hZgmg4sPYRiYkg,113,113,0,2022-04-26T05:04:48+00:00,2025-06-01T09:30:12+00:00,False,PLAYLIST_EXHAUSTED,TERMINAL,0,0,0,NOT_VALIDATED,False,0,887,
UCHNUhekh0u_TuF6vZ5S5j8w,700,700,0,2020-08-23T12:53:42+00:00,2026-09-05T13:00:12+00:00,True,PENDING,PENDING_PAGINATION,0,0,0,NOT_VALIDATED,False,,300,
UCHONh9zedNOSdzUqUbSUQ-Q,700,700,0,2023-11-03T16:13:02+00:00,2026-09-09T15:49:54+00:00,False,PENDING,PENDING_PAGINATION,0,0,0,NOT_VALIDATED,False,,300,
UCHRq9JfoPNIg5p1rMG02oqA,137,137,0,2025-01-06T02:25:00+00:00,2026-07-27T04:18:31+00:00,False,PLAYLIST_EXHAUSTED,TERMINAL,0,0,0,NOT_VALIDATED,False,0,863,
UCHUHJ0riRQWzPWdAchy6D4w,224,224,0,2024-10-03T12:37:09+00:00,2026-08-27T03:35:17+00:00,False,PLAYLIST_EXHAUSTED,TERMINAL,0,0,0,NOT_VALIDATED,False,0,776,
UCHYMhyLCSsaZCRPzov6tHLg,71,71,0,2024-06-30T11:00:07+00:00,2026-08-28T10:59:59+00:00,False,PLAYLIST_EXHAUSTED,TERMINAL,0,0,0,NOT_VALIDATED,False,0,929,
UCHa6wMUGqyur-ZWsUwDeQOg,68,68,0,2026-04-22T11:19:01+00:00,2026-09-10T03:21:22+00:00,False,PLAYLIST_EXHAUSTED,TERMINAL,0,0,0,NOT_VALIDATED,False,0,932,
UCHeMMokpj5MpPVZwS121gZw,1,1,0,2023-05-01T15:30:26+00:00,2023-05-01T15:30:26+00:00,False,PLAYLIST_EXHAUSTED,TERMINAL,0,0,0,NOT_VALIDATED,False,0,999,
UCHhEdxjXqC8sbAj7a-PVFlg,249,249,0,2025-01-03T00:40:48+00:00,2026-09-09T06:16:47+00:00,False,PLAYLIST_EXHAUSTED,TERMINAL,0,0,0,NOT_VALIDATED,False,0,751,
UCHhIQk2SuVBxR4H2PH_3j2Q,388,388,0,2021-12-11T05:30:01+00:00,2026-09-08T17:25:59+00:00,False,PLAYLIST_EXHAUSTED,TERMINAL,0,0,0,NOT_VALIDATED,False,0,612,
UCHhUajhm4zRg-_Ubw11otfw,159,159,0,2025-04-20T01:28:28+00:00,2026-09-08T04:49:19+00:00,False,PLAYLIST_EXHAUSTED,TERMINAL,0,0,0,NOT_VALIDATED,False,0,841,
UCHhj6UP01456AHTAZkrKDrg,127,127,0,2025-02-14T13:00:06+00:00,2026-09-09T02:48:04+00:00,False,PLAYLIST_EXHAUSTED,TERMINAL,0,0,0,NOT_VALIDATED,False,0,873,
UCHkNbiqY3dc4AcaiGxSq2_Q,221,221,0,2024-11-10T05:46:19+00:00,2026-09-10T04:32:46+00:00,False,PLAYLIST_EXHAUSTED,TERMINAL,0,0,0,NOT_VALIDATED,False,0,779,
UCHlFbiJk0VWcT2dPwTqXcxw,115,115,0,2025-04-11T14:00:53+00:00,2026-07-28T05:32:17+00:00,False,PLAYLIST_EXHAUSTED,TERMINAL,0,0,0,NOT_VALIDATED,False,0,885,
UCHomiuTL8mMUPtDIbJw_TFg,50,50,0,2024-09-07T12:40:33+00:00,2026-08-13T19:29:03+00:00,False,PLAYLIST_EXHAUSTED,TERMINAL,0,0,0,NOT_VALIDATED,False,0,950,
UCHudKjxLpwqHoqV-57uTRFw,700,700,0,2025-08-30T01:59:02+00:00,2026-09-09T23:23:42+00:00,False,PENDING,PENDING_PAGINATION,0,0,0,NOT_VALIDATED,False,,300,
UCHyAFq-CHcgrOte84Wvmorw,96,96,0,2021-12-11T12:40:54+00:00,2026-06-20T10:03:32+00:00,False,PLAYLIST_EXHAUSTED,TERMINAL,0,0,0,NOT_VALIDATED,False,0,904,
UCHzQgT7k-UHxSo8oLQlf6Qg,72,72,0,2022-03-12T15:20:49+00:00,2025-12-03T17:43:50+00:00,False,PLAYLIST_EXHAUSTED,TERMINAL,0,0,0,NOT_VALIDATED,False,0,928,
UCI-P6wAQOviwsqMuVTVYKPQ,91,91,0,2023-05-08T06:09:17+00:00,2026-08-22T16:20:54+00:00,False,PLAYLIST_EXHAUSTED,TERMINAL,0,0,0,NOT_VALIDATED,False,0,909,
UCI0fG0fCTx3iyzC6wv_hI3g,179,179,0,2025-08-09T05:56:20+00:00,2026-09-06T02:11:13+00:00,False,PLAYLIST_EXHAUSTED,TERMINAL,0,0,0,NOT_VALIDATED,False,0,821,
UCI1SAgyaSIwdGf2uVbcmuvQ,700,700,0,2024-08-24T05:27:45+00:00,2026-09-09T17:13:11+00:00,False,PENDING,PENDING_PAGINATION,0,0,0,NOT_VALIDATED,False,,300,
UCI38FHfSdCBRlD90Np1mGSQ,193,193,0,2025-07-18T17:07:19+00:00,2026-09-07T12:53:27+00:00,False,PLAYLIST_EXHAUSTED,TERMINAL,0,0,0,NOT_VALIDATED,False,0,807,
UCI7HyoyonuN4gh_Mgu6Kzbg,700,700,0,2024-06-23T17:09:45+00:00,2026-09-10T04:26:27+00:00,False,PENDING,PENDING_PAGINATION,0,0,0,NOT_VALIDATED,False,,300,
UCI9bNMcvSiuq-bfjsPNomTA,700,700,0,2023-05-22T15:41:58+00:00,2026-09-09T05:38:05+00:00,False,PENDING,PENDING_PAGINATION,0,0,0,NOT_VALIDATED,False,,300,
UCIBdFlC2Fk3rID8CAETV35g,213,213,0,2025-12-11T09:01:10+00:00,2026-09-09T12:26:40+00:00,False,PLAYLIST_EXHAUSTED,TERMINAL,0,0,0,NOT_VALIDATED,False,0,787,
UCIDkMzUr_JW5yoiq_Nx35_A,21,21,0,2025-12-17T15:34:31+00:00,2026-03-06T10:45:00+00:00,False,PLAYLIST_EXHAUSTED,TERMINAL,0,0,0,NOT_VALIDATED,False,0,979,
UCIGChk_c7ZNdtpOrmbHr2NA,6,6,0,2024-01-26T07:04:26+00:00,2026-04-15T10:00:06+00:00,False,PLAYLIST_EXHAUSTED,TERMINAL,0,0,0,NOT_VALIDATED,False,0,994,
UCIJlMF7bynSgi0G8Hy6j94g,240,240,0,2023-07-29T15:24:45+00:00,2026-08-12T18:26:21+00:00,False,PLAYLIST_EXHAUSTED,TERMINAL,0,0,0,NOT_VALIDATED,False,0,760,
UCIMFIkXOGA7dWA903WdRKKg,700,700,0,2023-12-30T16:33:28+00:00,2026-09-10T05:19:25+00:00,False,PENDING,PENDING_PAGINATION,0,0,0,NOT_VALIDATED,False,,300,
UCINPv9Ffoo7mgvEfKY8Ks2A,362,362,0,2023-03-11T15:25:30+00:00,2026-09-03T15:23:05+00:00,False,PLAYLIST_EXHAUSTED,TERMINAL,0,0,0,NOT_VALIDATED,False,0,638,
UCINz9FJcpcedlGsYKXQkopA,700,700,0,2022-04-24T10:22:51+00:00,2026-09-08T12:00:37+00:00,False,PENDING,PENDING_PAGINATION,0,0,0,NOT_VALIDATED,False,,300,
UCIWrMTsjxdx_V1zlBkbCVCg,6,6,0,2022-08-03T10:57:26+00:00,2024-04-03T20:23:54+00:00,False,PLAYLIST_EXHAUSTED,TERMINAL,0,0,0,NOT_VALIDATED,False,0,994,
UCIc2CW34mQ6eAlJoPV2Un4Q,700,700,0,2022-02-01T07:05:23+00:00,2026-09-10T01:00:18+00:00,False,PENDING,PENDING_PAGINATION,0,0,0,NOT_VALIDATED,False,,300,
UCIcJV6J1HFf0cHKeswvTyaw,59,59,0,2023-08-01T14:31:29+00:00,2026-08-05T11:31:47+00:00,False,PLAYLIST_EXHAUSTED,TERMINAL,0,0,0,NOT_VALIDATED,False,0,941,
UCIgXtat0bKE5e8sXtUgutOw,549,549,0,2021-02-12T03:58:54+00:00,2026-09-10T01:59:59+00:00,False,PLAYLIST_EXHAUSTED,TERMINAL,0,0,0,NOT_VALIDATED,False,0,451,
UCIh-YIiPfxN0qPWAvIpfBXQ,6,6,0,2022-12-31T01:10:00+00:00,2025-08-26T12:59:40+00:00,False,PLAYLIST_EXHAUSTED,TERMINAL,0,0,0,NOT_VALIDATED,False,0,994,
UCIxWJ7k2MWKT6sIg3mLjkTg,79,79,0,2025-07-10T16:12:02+00:00,2026-09-03T03:00:51+00:00,False,PLAYLIST_EXHAUSTED,TERMINAL,0,0,0,NOT_VALIDATED,False,0,921,
UCJ2Ahrr9QYJnrjYJkWccSzg,124,124,0,2025-02-03T16:32:01+00:00,2026-09-03T11:00:28+00:00,False,PLAYLIST_EXHAUSTED,TERMINAL,0,0,0,NOT_VALIDATED,False,0,876,
UCJ6HUQOWSjCHHdOgz13zFlA,205,205,0,2015-02-14T12:30:43+00:00,2026-09-06T11:45:39+00:00,True,PLAYLIST_EXHAUSTED,TERMINAL,0,0,0,NOT_VALIDATED,False,0,795,
UCJ6kqLPI4aALUa0p3kJJUKQ,472,472,0,2023-12-19T19:14:04+00:00,2026-09-08T15:05:13+00:00,False,PLAYLIST_EXHAUSTED,TERMINAL,0,0,0,NOT_VALIDATED,False,0,528,
UCJ8R9I1AWV94psG7gxLiU5Q,106,106,0,2025-02-13T08:00:27+00:00,2026-06-09T05:06:24+00:00,False,PLAYLIST_EXHAUSTED,TERMINAL,0,0,0,NOT_VALIDATED,False,0,894,
UCJ8hefgtMDAtBo7NRSa90Zg,160,160,0,2024-05-08T04:55:09+00:00,2026-08-19T17:11:55+00:00,False,PLAYLIST_EXHAUSTED,TERMINAL,0,0,0,NOT_VALIDATED,False,0,840,
UCJ9STJzDqEexCPnqAAHe5Cw,190,190,0,2021-03-22T12:35:09+00:00,2023-01-18T16:12:33+00:00,False,PLAYLIST_EXHAUSTED,TERMINAL,0,0,0,NOT_VALIDATED,False,0,810,
UCJAI6tpsee_w0sMV7-NB_Tw,98,98,0,2023-01-03T14:01:36+00:00,2026-08-15T10:37:17+00:00,False,PLAYLIST_EXHAUSTED,TERMINAL,0,0,0,NOT_VALIDATED,False,0,902,
UCJCORIrObs3iTzSzCHHvlCA,376,376,0,2021-12-24T03:50:48+00:00,2026-09-01T07:00:48+00:00,False,PLAYLIST_EXHAUSTED,TERMINAL,0,0,0,NON_MONOTONIC,False,0,624,
UCJEy_y-4fO4j2D6RLANc25Q,217,217,0,2022-04-12T23:28:38+00:00,2026-08-25T15:11:31+00:00,False,PLAYLIST_EXHAUSTED,TERMINAL,0,0,0,NOT_VALIDATED,False,0,783,
UCJFoHpvvS4MLNsq0VeiEAyg,589,589,0,2024-03-10T03:16:35+00:00,2026-09-06T18:24:38+00:00,False,PLAYLIST_EXHAUSTED,TERMINAL,0,0,0,NOT_VALIDATED,False,0,411,
UCJH6IzDkIlz5Dw93LzEC_Nw,13,13,0,2022-03-08T10:30:03+00:00,2022-04-23T15:22:32+00:00,False,PLAYLIST_EXHAUSTED,TERMINAL,0,0,0,NOT_VALIDATED,False,0,987,
UCJL3R_l2-sxDQelzyQ6fHug,216,216,0,2024-12-26T14:25:26+00:00,2026-08-31T17:05:24+00:00,False,PLAYLIST_EXHAUSTED,TERMINAL,0,0,0,NOT_VALIDATED,False,0,784,
UCJMSZ92fkCAzyWmkdpvCuQA,253,253,0,2021-01-29T03:30:25+00:00,2026-09-07T00:33:39+00:00,False,PLAYLIST_EXHAUSTED,TERMINAL,0,0,0,NOT_VALIDATED,False,0,747,
UCJMtmiajwsQXE4rpd2wuEyg,65,65,0,2025-10-25T16:25:21+00:00,2026-07-28T23:44:35+00:00,False,PLAYLIST_EXHAUSTED,TERMINAL,0,0,0,NOT_VALIDATED,False,0,935,
UCJNuYG7F5YzslTSYChWcKBw,443,443,0,2021-01-27T09:15:12+00:00,2026-08-12T05:05:57+00:00,False,PLAYLIST_EXHAUSTED,TERMINAL,0,0,0,NOT_VALIDATED,False,0,557,
UCJVNjk7J4WxX4ccFl11SzDw,22,22,0,2025-04-16T17:11:15+00:00,2025-10-09T03:55:01+00:00,False,PLAYLIST_EXHAUSTED,TERMINAL,0,0,0,NOT_VALIDATED,False,0,978,
UCJV_fi2dwgLJLLkIIzsT4hg,0,0,0,,,False,PARTIAL_ERROR,NOT_FOUND,0,0,0,NOT_VALIDATED,False,,1000,False
UCJZdSYHLTvG4d3yVd-NyasA,87,87,0,2025-06-15T03:49:48+00:00,2026-08-16T05:08:37+00:00,False,PLAYLIST_EXHAUSTED,TERMINAL,0,0,0,NOT_VALIDATED,False,0,913,
UCJcUPyHbfB_4evd9PhFyfXQ,51,51,0,2025-09-24T02:33:58+00:00,2026-09-05T08:20:57+00:00,False,PLAYLIST_EXHAUSTED,TERMINAL,0,0,0,NOT_VALIDATED,False,0,949,
UCJcfB-86rWM0NF2li1CqNNw,699,699,0,2022-11-15T02:00:05+00:00,2026-09-09T17:37:28+00:00,False,PENDING,PENDING_PAGINATION,0,0,1,NOT_VALIDATED,False,,301,
UCJdXesaZYrQVSjhlYhme8rQ,351,351,0,2022-02-18T13:44:55+00:00,2025-04-04T17:45:43+00:00,False,PLAYLIST_EXHAUSTED,TERMINAL,0,0,0,NOT_VALIDATED,False,0,649,
UCJh1yHdhK6XA2brZ8EIuaaw,39,39,0,2025-12-31T17:57:12+00:00,2026-09-07T07:18:04+00:00,False,PLAYLIST_EXHAUSTED,TERMINAL,0,0,0,NOT_VALIDATED,False,0,961,
UCJu3OL7duainSbXcDvU-bUA,207,207,0,2024-04-26T20:59:42+00:00,2026-09-09T12:10:01+00:00,False,PLAYLIST_EXHAUSTED,TERMINAL,0,0,0,NOT_VALIDATED,False,0,793,
UCJxIZZSfV0u2b7p_bK7jOjw,78,78,0,2026-01-11T04:45:00+00:00,2026-09-10T05:45:10+00:00,False,PLAYLIST_EXHAUSTED,TERMINAL,0,0,0,NOT_VALIDATED,False,0,922,
UCK0yR420GTebrHIJy1-ND2g,182,182,0,2025-12-07T12:30:06+00:00,2026-09-10T05:16:56+00:00,False,PLAYLIST_EXHAUSTED,TERMINAL,0,0,0,NOT_VALIDATED,False,0,818,
UCK8GmjIUCbl_qlRCfAR3yaA,1,1,0,2020-09-19T19:31:40+00:00,2020-09-19T19:31:40+00:00,True,PLAYLIST_EXHAUSTED,TERMINAL,0,0,0,NOT_VALIDATED,False,0,999,
UCKCL2NsTO_FOaWHEE6OiHoA,183,183,0,2023-03-25T13:30:13+00:00,2026-09-09T17:13:28+00:00,False,PLAYLIST_EXHAUSTED,TERMINAL,0,0,0,NOT_VALIDATED,False,0,817,
UCKE7TdJhSFGM6eBxAOZrw8g,444,444,0,2022-09-30T06:00:11+00:00,2026-09-09T16:08:33+00:00,False,PLAYLIST_EXHAUSTED,TERMINAL,0,0,0,NOT_VALIDATED,False,0,556,
UCKKPleoe-EdGryxMCf0i9UA,254,254,0,2024-05-02T09:14:29+00:00,2026-05-09T04:01:03+00:00,False,PLAYLIST_EXHAUSTED,TERMINAL,0,0,0,NOT_VALIDATED,False,0,746,
UCKPcwla_mvpdBnyjHYTiwoQ,591,591,0,2021-11-08T07:24:42+00:00,2026-09-09T17:42:12+00:00,False,PLAYLIST_EXHAUSTED,TERMINAL,0,0,0,NOT_VALIDATED,False,0,409,
UCKSfn-s6fgSVkkNGcPPUuBQ,181,181,0,2025-01-07T13:04:55+00:00,2026-08-24T00:20:17+00:00,False,PLAYLIST_EXHAUSTED,TERMINAL,0,0,0,NOT_VALIDATED,False,0,819,
UCKg9vWWT_2yK3FFNNnnhhLw,187,187,0,2023-10-20T12:04:02+00:00,2025-08-31T17:31:40+00:00,False,PLAYLIST_EXHAUSTED,TERMINAL,0,0,0,NOT_VALIDATED,False,0,813,
UCKlC3deRExVS_eCuFg2ec2g,60,60,0,2025-01-01T00:51:28+00:00,2026-09-05T10:00:20+00:00,False,PLAYLIST_EXHAUSTED,TERMINAL,0,0,0,NOT_VALIDATED,False,0,940,
UCKlrZ_Pp4UE8miUIbC3kFjg,464,464,0,2016-02-02T18:53:04+00:00,2024-03-28T02:30:05+00:00,True,PLAYLIST_EXHAUSTED,TERMINAL,0,0,0,NOT_VALIDATED,False,0,536,
UCKuzX7wNaRVXEI9a81xeNfA,295,295,0,2020-12-07T15:49:52+00:00,2026-06-23T04:28:05+00:00,True,PLAYLIST_EXHAUSTED,TERMINAL,0,0,0,NOT_VALIDATED,False,0,705,
UCL0LiR5zg3vRnIHp-CowVBg,311,311,0,2024-09-08T02:51:10+00:00,2026-08-29T16:52:14+00:00,False,PLAYLIST_EXHAUSTED,TERMINAL,0,0,0,NOT_VALIDATED,False,0,689,
UCL0sord1bwoWcg2M2WExpiA,0,0,0,,,False,PARTIAL_ERROR,NOT_FOUND,0,0,0,NOT_VALIDATED,False,,1000,False
UCL1yaSZue9dW_zyvhdI8C3w,340,340,0,2023-03-22T09:00:08+00:00,2026-09-09T16:54:03+00:00,False,PLAYLIST_EXHAUSTED,TERMINAL,0,0,0,NOT_VALIDATED,False,0,660,
UCL2geAXXebwlFLe-dokNCkw,1,1,0,2023-08-02T18:51:39+00:00,2023-08-02T18:51:39+00:00,False,PLAYLIST_EXHAUSTED,TERMINAL,0,0,0,NOT_VALIDATED,False,0,999,
UCL4nWmMsqtYKN6OvcmskNtg,700,700,0,2022-12-13T22:21:24+00:00,2026-07-13T09:00:29+00:00,False,PENDING,PENDING_PAGINATION,0,0,0,NOT_VALIDATED,False,,300,
UCL6YKqCxZoo1ecno9Zn6RDg,204,204,0,2024-11-21T13:22:02+00:00,2026-09-07T19:57:28+00:00,False,PLAYLIST_EXHAUSTED,TERMINAL,0,0,0,NOT_VALIDATED,False,0,796,
UCL7lolCifod5V21pPzR3K-w,339,339,0,2023-08-06T09:06:34+00:00,2026-08-31T10:20:38+00:00,False,PLAYLIST_EXHAUSTED,TERMINAL,0,0,0,NOT_VALIDATED,False,0,661,
UCL9pGQHePabm2RkTgbFR7YQ,157,157,0,2016-04-04T14:47:49+00:00,2026-09-07T17:29:20+00:00,True,PLAYLIST_EXHAUSTED,TERMINAL,0,0,0,NOT_VALIDATED,False,0,843,
UCLEOU6NgYYoVmPV8MwbwOkg,327,327,0,2017-12-24T15:16:58+00:00,2026-09-09T22:19:04+00:00,True,PLAYLIST_EXHAUSTED,TERMINAL,0,0,0,NOT_VALIDATED,False,0,673,
UCLEtK3UynAZPM7ODwPeveEw,290,290,0,2022-01-21T17:14:06+00:00,2026-08-18T14:52:30+00:00,False,PLAYLIST_EXHAUSTED,TERMINAL,0,0,0,NOT_VALIDATED,False,0,710,
UCLH2yQZY_yG165dVqtabtYw,624,624,0,2024-07-16T13:17:43+00:00,2026-09-10T08:34:05+00:00,False,PLAYLIST_EXHAUSTED,TERMINAL,0,0,0,NOT_VALIDATED,False,0,376,
UCLNBff3KDEUxdfH_lkvyOKQ,700,700,0,2023-11-06T15:33:40+00:00,2026-09-10T08:38:52+00:00,False,PENDING,PENDING_PAGINATION,0,0,0,NOT_VALIDATED,False,,300,
UCLT-U861QLvJmrlP7K6kv2w,467,467,0,2024-05-25T02:13:28+00:00,2026-09-09T16:29:11+00:00,False,PLAYLIST_EXHAUSTED,TERMINAL,0,0,0,NOT_VALIDATED,False,0,533,
UCLUmZp46kwJs1YENDLsGV9A,219,219,0,2025-02-25T11:00:05+00:00,2026-09-06T12:26:00+00:00,False,PLAYLIST_EXHAUSTED,TERMINAL,0,0,0,NOT_VALIDATED,False,0,781,
UCLWpw8jaGYOVXV8cIu1WMqw,377,377,0,2022-07-12T08:00:01+00:00,2026-09-10T07:17:50+00:00,False,PLAYLIST_EXHAUSTED,TERMINAL,0,0,0,NOT_VALIDATED,False,0,623,
UCLWuDHSv5EWSQqAxar2YTlw,278,278,0,2022-11-02T02:01:37+00:00,2026-08-29T04:16:19+00:00,False,PLAYLIST_EXHAUSTED,TERMINAL,0,0,0,NOT_VALIDATED,False,0,722,
UCLplEzbrp6AFeZIyVp9EnRA,17,17,0,2023-04-20T10:18:52+00:00,2026-07-28T01:08:20+00:00,False,PLAYLIST_EXHAUSTED,TERMINAL,0,0,0,NOT_VALIDATED,False,0,983,
UCLrFWzD0xA5nDt4ZYUnbGew,124,124,0,2024-10-09T12:00:18+00:00,2025-08-21T16:28:36+00:00,False,PLAYLIST_EXHAUSTED,TERMINAL,0,0,0,NOT_VALIDATED,False,0,876,
UCM69uU9b_raR3mcACHeivgg,25,25,0,2021-09-04T14:00:11+00:00,2026-04-04T15:48:57+00:00,False,PLAYLIST_EXHAUSTED,TERMINAL,0,0,0,NOT_VALIDATED,False,0,975,
UCM7lej36ZymXK4KGygFQN8w,192,192,0,2025-06-09T11:38:40+00:00,2026-09-09T10:42:17+00:00,False,PLAYLIST_EXHAUSTED,TERMINAL,0,0,0,NOT_VALIDATED,False,0,808,
UCM96L0HabMkeIGyBViLZ4YQ,699,699,0,2025-02-27T06:00:27+00:00,2026-09-10T04:37:26+00:00,False,PENDING,PENDING_PAGINATION,0,0,1,NOT_VALIDATED,False,,301,
UCMBxPwSlBQz2TxRnA2ogq0w,65,65,0,2024-03-23T11:50:07+00:00,2026-09-03T17:31:15+00:00,False,PLAYLIST_EXHAUSTED,TERMINAL,0,0,0,NOT_VALIDATED,False,0,935,
UCMDaeugSCq7jNvWma9pa0ZQ,0,0,0,,,False,PARTIAL_ERROR,NOT_FOUND,0,0,0,NOT_VALIDATED,False,,1000,False
UCMHyqlEwC-IdXCQZht8g44w,700,700,0,2023-08-19T18:23:15+00:00,2026-09-06T13:00:37+00:00,False,PENDING,PENDING_PAGINATION,0,0,0,NOT_VALIDATED,False,,300,
UCMJcr4CRojJ_0Qkyd1a5ULQ,342,342,0,2023-11-14T03:44:40+00:00,2026-09-09T03:24:01+00:00,False,PLAYLIST_EXHAUSTED,TERMINAL,0,0,0,NOT_VALIDATED,False,0,658,
UCMQ21qN4qXA0sJf-kUK9ZjQ,307,307,0,2020-03-22T18:52:24+00:00,2024-03-09T05:44:02+00:00,True,PLAYLIST_EXHAUSTED,TERMINAL,0,0,0,NOT_VALIDATED,False,0,693,
UCMQwItTmnjFp1VK-v6aR15g,622,622,0,2022-08-30T02:05:03+00:00,2026-09-10T04:10:29+00:00,False,PLAYLIST_EXHAUSTED,TERMINAL,0,0,0,NOT_VALIDATED,False,0,378,
UCMUtWzsjAQJgp6UlkbVSo1w,557,557,0,2021-03-14T09:31:21+00:00,2023-11-29T16:11:45+00:00,False,PLAYLIST_EXHAUSTED,TERMINAL,0,0,0,NOT_VALIDATED,False,0,443,
UCMVdzsLwVWc241rrjK78aXA,78,78,0,2024-02-03T16:25:22+00:00,2026-02-08T09:53:29+00:00,False,PLAYLIST_EXHAUSTED,TERMINAL,0,0,0,NOT_VALIDATED,False,0,922,
UCMZkIRSYq4NX-rBGs7n-3-g,168,168,0,2021-10-05T02:43:01+00:00,2024-09-07T01:36:09+00:00,False,PLAYLIST_EXHAUSTED,TERMINAL,0,0,0,NOT_VALIDATED,False,0,832,
UCMdzC45Herdf2KXfEyhAjLg,259,259,0,2025-06-11T10:45:05+00:00,2026-09-04T05:00:10+00:00,False,PLAYLIST_EXHAUSTED,TERMINAL,0,0,0,NOT_VALIDATED,False,0,741,
UCMh4voylnr9h_UVZWJI5Vew,282,282,0,2022-06-18T11:07:59+00:00,2026-09-09T05:10:46+00:00,False,PLAYLIST_EXHAUSTED,TERMINAL,0,0,0,NOT_VALIDATED,False,0,718,
UCMhUWTKBjrRSacizvjq3HLg,53,53,0,2019-04-12T08:56:08+00:00,2026-08-22T22:13:50+00:00,True,PLAYLIST_EXHAUSTED,TERMINAL,0,0,0,NOT_VALIDATED,False,0,947,
UCMoP04hETQT8gYkfCI675EQ,9,9,0,2025-05-19T10:00:06+00:00,2026-03-25T15:24:08+00:00,False,PLAYLIST_EXHAUSTED,TERMINAL,0,0,0,NOT_VALIDATED,False,0,991,
UCMrMIuX-WYd9Tpr8E1-ryKQ,34,34,0,2021-07-10T15:07:14+00:00,2021-12-02T18:04:28+00:00,False,PLAYLIST_EXHAUSTED,TERMINAL,0,0,0,NOT_VALIDATED,False,0,966,
UCMs5aPn2oecJGX0siIC3q0Q,56,56,0,2020-06-01T16:40:38+00:00,2026-09-01T04:12:49+00:00,True,PLAYLIST_EXHAUSTED,TERMINAL,0,0,0,NOT_VALIDATED,False,0,944,
UCMvIUZRjMYx-_U7_RRlQYqw,2,2,0,2021-02-16T13:00:16+00:00,2022-02-18T11:00:12+00:00,False,PLAYLIST_EXHAUSTED,TERMINAL,0,0,0,NOT_VALIDATED,False,0,998,
UCMvc8BlQ7r5gRbz-D2EY0LA,700,700,0,2021-10-25T09:11:04+00:00,2026-09-03T11:11:46+00:00,False,PENDING,PENDING_PAGINATION,0,0,0,NOT_VALIDATED,False,,300,
UCN0m7R88NRnqBdjIPcloOnw,27,27,0,2025-10-20T11:08:03+00:00,2026-06-17T05:34:50+00:00,False,PLAYLIST_EXHAUSTED,TERMINAL,0,0,0,NOT_VALIDATED,False,0,973,
UCN2h2ov92AeTDv60a1mUr0g,240,240,0,2023-04-09T03:49:27+00:00,2026-08-28T04:29:48+00:00,False,PLAYLIST_EXHAUSTED,TERMINAL,0,0,0,NOT_VALIDATED,False,0,760,
UCN2uHnFKm8CTbjFQ9H7Uotg,215,215,0,2021-07-08T19:02:01+00:00,2026-09-06T17:20:37+00:00,False,PLAYLIST_EXHAUSTED,TERMINAL,0,0,0,NOT_VALIDATED,False,0,785,
UCN3A90FXb4u4ZirE2LmB_9Q,442,442,0,2021-04-11T14:31:48+00:00,2026-04-30T03:50:13+00:00,False,PLAYLIST_EXHAUSTED,TERMINAL,0,0,0,NOT_VALIDATED,False,0,558,
UCN3ujjUVCDcAjX-wfkU00SQ,267,267,0,2024-01-13T17:58:06+00:00,2026-08-18T03:03:06+00:00,False,PLAYLIST_EXHAUSTED,TERMINAL,0,0,0,NOT_VALIDATED,False,0,733,
UCN5KfrZRFVu6QbnPC3bl9qA,371,371,0,2023-08-27T15:14:41+00:00,2026-05-17T17:09:39+00:00,False,PLAYLIST_EXHAUSTED,TERMINAL,0,0,0,NOT_VALIDATED,False,0,629,
UCN6506blTCjlsfwnRBMRB0Q,255,255,0,2021-04-30T14:35:08+00:00,2026-06-10T02:33:34+00:00,False,PLAYLIST_EXHAUSTED,TERMINAL,0,0,0,NOT_VALIDATED,False,0,745,
UCN9xSRO9lXdzO3mM3BCEt9w,207,207,0,2022-07-24T00:57:55+00:00,2026-09-09T16:55:21+00:00,False,PLAYLIST_EXHAUSTED,TERMINAL,0,0,0,NOT_VALIDATED,False,0,793,
UCNDYUXSVC7ffBAGEktilzUQ,700,700,0,2024-04-27T18:15:26+00:00,2026-09-09T20:14:05+00:00,False,PENDING,PENDING_PAGINATION,0,0,0,NOT_VALIDATED,False,,300,
UCNEjPeYZ1R9xQEjHFU__Nhw,172,172,0,2021-03-02T20:30:16+00:00,2026-07-23T12:41:36+00:00,False,PLAYLIST_EXHAUSTED,TERMINAL,0,0,0,NOT_VALIDATED,False,0,828,
UCNGyEYW2pFjhR_YqSuC4zjg,700,700,0,2023-06-02T11:00:12+00:00,2026-09-05T06:50:17+00:00,False,PENDING,PENDING_PAGINATION,0,0,0,NOT_VALIDATED,False,,300,
UCNLRchQpCrJaUvYo731Y_vg,267,267,0,2024-02-02T21:54:51+00:00,2026-08-20T16:26:19+00:00,False,PLAYLIST_EXHAUSTED,TERMINAL,0,0,0,NOT_VALIDATED,False,0,733,
UCNLd5kFDUcQyiiiV8f56Tlw,338,338,0,2024-08-02T05:30:14+00:00,2026-09-09T17:39:07+00:00,False,PLAYLIST_EXHAUSTED,TERMINAL,0,0,0,NOT_VALIDATED,False,0,662,
UCNMSbSb456HB-QHasfl7dtg,148,148,0,2024-03-06T09:05:05+00:00,2026-09-09T10:07:29+00:00,False,PLAYLIST_EXHAUSTED,TERMINAL,0,0,0,NOT_VALIDATED,False,0,852,
UCNRhbYsDR35KlFvAeP_WmrA,227,227,0,2020-09-12T07:15:36+00:00,2025-01-12T02:09:29+00:00,True,PLAYLIST_EXHAUSTED,TERMINAL,0,0,0,NOT_VALIDATED,False,0,773,
UCNTEr2_96vJnXNazr5MwNLA,417,417,0,2023-03-16T08:03:54+00:00,2026-09-09T15:47:12+00:00,False,PLAYLIST_EXHAUSTED,TERMINAL,0,0,0,NOT_VALIDATED,False,0,583,
UCNW0brB5G5GcBDXuJ1iDglw,88,88,0,2024-04-18T16:55:55+00:00,2026-07-14T12:00:06+00:00,False,PLAYLIST_EXHAUSTED,TERMINAL,0,0,0,NOT_VALIDATED,False,0,912,
UCNaHMNS61Q1f1nIRDS0429A,0,0,0,,,False,PARTIAL_ERROR,NOT_FOUND,0,0,0,NOT_VALIDATED,False,,1000,False
UCNak-g6_mKH-UkDLnrvjyzw,105,105,0,2025-07-13T10:02:13+00:00,2026-09-06T11:17:00+00:00,False,PLAYLIST_EXHAUSTED,TERMINAL,0,0,0,NOT_VALIDATED,False,0,895,
UCNbXahoA48lOdkSS9fAWmcQ,700,700,0,2024-08-26T15:19:56+00:00,2026-09-09T15:12:04+00:00,False,PENDING,PENDING_PAGINATION,0,0,0,NOT_VALIDATED,False,,300,
UCNmZMq-4asLHHd0WvdO2iRQ,4,4,0,2026-08-27T15:41:21+00:00,2026-09-08T17:40:16+00:00,False,PLAYLIST_EXHAUSTED,TERMINAL,0,0,0,NOT_VALIDATED,False,0,996,
UCNvLBLJ0HtlmeEKsGC5F4PQ,149,149,0,2021-10-11T04:14:02+00:00,2025-02-16T03:00:38+00:00,False,PLAYLIST_EXHAUSTED,TERMINAL,0,0,0,NOT_VALIDATED,False,0,851,
UCNxjqm_u1zOpgisojN5WoSw,342,342,0,2022-11-24T13:00:50+00:00,2026-07-11T19:36:48+00:00,False,PLAYLIST_EXHAUSTED,TERMINAL,0,0,0,NOT_VALIDATED,False,0,658,
UCNy9BIHfr9iuvGdeQ0jm1gA,206,206,0,2025-06-21T02:31:52+00:00,2026-09-10T05:04:38+00:00,False,PLAYLIST_EXHAUSTED,TERMINAL,0,0,0,NOT_VALIDATED,False,0,794,
UCO-cQ0fuaInGZHIxSn9iO3g,130,130,0,2023-08-28T11:32:09+00:00,2026-09-03T14:15:22+00:00,False,PLAYLIST_EXHAUSTED,TERMINAL,0,0,0,NOT_VALIDATED,False,0,870,
UCO16Msf-IqFupuEiRYbmC7A,1,1,0,2021-04-20T13:32:28+00:00,2021-04-20T13:32:28+00:00,False,PLAYLIST_EXHAUSTED,TERMINAL,0,0,0,NOT_VALIDATED,False,0,999,
UCO6R8Pc5g2R7ObJQPBGppdg,446,446,0,2022-02-20T13:39:42+00:00,2026-08-09T18:39:37+00:00,False,PLAYLIST_EXHAUSTED,TERMINAL,0,0,0,NOT_VALIDATED,False,0,554,
UCO87oFEFK06LeevWL4WYEEA,347,347,0,2015-04-20T23:25:52+00:00,2026-08-23T04:54:01+00:00,True,PLAYLIST_EXHAUSTED,TERMINAL,0,0,0,NOT_VALIDATED,False,0,653,
UCO8YcEfbe_-_WlX9QTU6b0Q,2,2,0,2021-02-19T06:43:18+00:00,2021-12-04T12:20:50+00:00,False,PLAYLIST_EXHAUSTED,TERMINAL,0,0,0,NOT_VALIDATED,False,0,998,
UCOFHRsSrDPOcdiz3Crc2ZBw,260,260,0,2022-12-25T11:00:36+00:00,2026-08-21T16:51:39+00:00,False,PLAYLIST_EXHAUSTED,TERMINAL,0,0,0,NOT_VALIDATED,False,0,740,
UCOGGZpm2i6PXFI9yBvEueRA,48,48,0,2024-09-29T10:04:17+00:00,2026-08-09T06:08:14+00:00,False,PLAYLIST_EXHAUSTED,TERMINAL,0,0,0,NOT_VALIDATED,False,0,952,
UCOH1TjDVrc5Mds_Xv3J8RFg,297,297,0,2024-04-10T01:00:27+00:00,2026-08-20T09:01:48+00:00,False,PLAYLIST_EXHAUSTED,TERMINAL,0,0,0,NOT_VALIDATED,False,0,703,
UCOHKuZWqnh7JOMMGn7tVlLw,260,260,0,2022-02-08T09:49:47+00:00,2026-09-07T23:15:39+00:00,False,PLAYLIST_EXHAUSTED,TERMINAL,0,0,0,NOT_VALIDATED,False,0,740,
UCOJiQA9afDpohgpxgKIKljA,197,197,0,2020-12-10T14:06:50+00:00,2026-09-03T06:17:35+00:00,True,PLAYLIST_EXHAUSTED,TERMINAL,0,0,0,NOT_VALIDATED,False,0,803,
UCOMnre_EA7EoOVQEkBwWKRA,700,700,0,2025-04-13T03:00:50+00:00,2026-09-09T19:01:57+00:00,False,PENDING,PENDING_PAGINATION,0,0,0,NOT_VALIDATED,False,,300,
UCONVwO_B2jxgzpbsVopQ6fw,12,12,0,2023-08-04T17:00:36+00:00,2026-07-31T04:21:37+00:00,False,PLAYLIST_EXHAUSTED,TERMINAL,0,0,0,NOT_VALIDATED,False,0,988,
UCOQXDZCXXd-05ikdDsNaPEQ,35,35,0,2020-05-06T12:17:28+00:00,2026-01-02T10:28:49+00:00,True,PLAYLIST_EXHAUSTED,TERMINAL,0,0,0,NOT_VALIDATED,False,0,965,
UCOVpD7MesZKe44ZvLVuwXvA,700,700,0,2022-07-30T12:12:39+00:00,2025-09-12T02:11:32+00:00,False,PENDING,PENDING_PAGINATION,0,0,0,NOT_VALIDATED,False,,300,
UCOWt5oD4DqoGowGNz0F6Gkw,323,323,0,2021-11-12T00:14:31+00:00,2026-09-10T04:00:11+00:00,False,PLAYLIST_EXHAUSTED,TERMINAL,0,0,0,NOT_VALIDATED,False,0,677,
UCOX-wAA5Yzn1JPt6MsgO8VQ,96,96,0,2025-06-23T16:52:49+00:00,2026-09-07T01:28:06+00:00,False,PLAYLIST_EXHAUSTED,TERMINAL,0,0,0,NOT_VALIDATED,False,0,904,
UCOY60szLyP_E8RuT6jVAVHg,380,380,0,2023-11-11T10:00:29+00:00,2025-06-08T13:13:45+00:00,False,PLAYLIST_EXHAUSTED,TERMINAL,0,0,0,NOT_VALIDATED,False,0,620,
UCOaTgKPjI9cgXLoDW7XFDDw,700,700,0,2021-07-14T13:00:05+00:00,2025-05-09T17:51:10+00:00,False,PENDING,PENDING_PAGINATION,0,0,0,NOT_VALIDATED,False,,300,
UCOuVBxzBW503oxpubfVEF3Q,173,173,0,2023-09-10T20:55:58+00:00,2026-09-04T09:00:05+00:00,False,PLAYLIST_EXHAUSTED,TERMINAL,0,0,0,NOT_VALIDATED,False,0,827,
UCOuX_UFS7o1y-JJN7cmHl1A,665,665,0,2021-09-10T00:31:08+00:00,2026-09-09T17:03:20+00:00,False,PLAYLIST_EXHAUSTED,TERMINAL,0,0,0,NOT_VALIDATED,False,0,335,
UCOv6QnpFZfsVsOfh581sFrA,257,257,0,2022-07-28T16:31:30+00:00,2026-09-05T23:31:51+00:00,False,PLAYLIST_EXHAUSTED,TERMINAL,0,0,0,NOT_VALIDATED,False,0,743,
UCOv7oTy19P_uD5LmMFP9qUA,700,700,0,2023-10-08T02:34:20+00:00,2026-09-09T16:36:06+00:00,False,PENDING,PENDING_PAGINATION,0,0,0,NOT_VALIDATED,False,,300,
UCOzFeOVoXq-E_8ClgO16msg,231,231,0,2020-12-22T00:36:24+00:00,2026-08-02T03:51:26+00:00,True,PLAYLIST_EXHAUSTED,TERMINAL,0,0,0,NOT_VALIDATED,False,0,769,
UCP1bDt91t4IsUJ4EgPBg1Og,578,578,0,2022-03-05T08:57:58+00:00,2026-08-20T10:57:45+00:00,False,PLAYLIST_EXHAUSTED,TERMINAL,0,0,0,NOT_VALIDATED,False,0,422,
UCP8f5nq2YdKUmHmLUCkroSw,0,0,0,,,False,PARTIAL_ERROR,NOT_FOUND,0,0,0,NOT_VALIDATED,False,,1000,False
UCP8tsYT8efX32P4WUlNrFOA,84,84,0,2021-11-28T01:40:59+00:00,2026-09-08T14:25:55+00:00,False,PLAYLIST_EXHAUSTED,TERMINAL,0,0,0,NOT_VALIDATED,False,0,916,
UCP9x4Ib5jyCiZTjcRY8HTsg,37,37,0,2020-07-11T08:32:57+00:00,2021-02-16T02:41:33+00:00,True,PLAYLIST_EXHAUSTED,TERMINAL,0,0,0,NOT_VALIDATED,False,0,963,
UCPHqJsNtOp94Vcol4DPKpSA,124,124,0,2021-06-23T06:01:52+00:00,2026-05-28T15:09:52+00:00,False,PLAYLIST_EXHAUSTED,TERMINAL,0,0,0,NOT_VALIDATED,False,0,876,
UCPKp1agiHSOwu9iPyb6WSNw,283,283,0,2020-09-02T14:30:14+00:00,2026-08-18T10:42:50+00:00,True,PLAYLIST_EXHAUSTED,TERMINAL,0,0,0,NOT_VALIDATED,False,0,717,
UCPLU2nDo8FV9JAyXLAcTsCw,216,216,0,2019-02-14T02:51:10+00:00,2026-09-01T14:16:39+00:00,True,PLAYLIST_EXHAUSTED,TERMINAL,0,0,0,NOT_VALIDATED,False,0,784,
UCPMOk4hbIh5A-_6uNhzAvDg,700,700,0,2022-12-08T17:00:43+00:00,2026-09-10T03:41:51+00:00,False,PENDING,PENDING_PAGINATION,0,0,0,NOT_VALIDATED,False,,300,
UCPVWE9LAQH_Tttu3bHT8puQ,69,69,0,2026-01-03T19:08:01+00:00,2026-07-26T18:33:54+00:00,False,PLAYLIST_EXHAUSTED,TERMINAL,0,0,0,NOT_VALIDATED,False,0,931,
UCPW4hvhGciPdGqcsM1OCZ-Q,0,0,0,,,False,PARTIAL_ERROR,NOT_FOUND,0,0,0,NOT_VALIDATED,False,,1000,False
UCPb2Vtt7YjjaNsqlk3Za9-A,653,653,0,2022-03-26T02:18:47+00:00,2026-09-09T18:24:09+00:00,False,PLAYLIST_EXHAUSTED,TERMINAL,0,0,0,NOT_VALIDATED,False,0,347,
UCPb3O6Vqyk7b5b1cpYXGxhQ,351,351,0,2023-12-24T06:49:48+00:00,2026-09-09T16:04:14+00:00,False,PLAYLIST_EXHAUSTED,TERMINAL,0,0,0,NOT_VALIDATED,False,0,649,
UCPdYJjRagj71zeEgh3v0R6Q,407,407,0,2022-03-14T13:30:11+00:00,2026-05-31T16:43:18+00:00,False,PLAYLIST_EXHAUSTED,TERMINAL,0,0,0,NOT_VALIDATED,False,0,593,
UCPf8rkZeeiHlQUC0CMgxPQw,174,174,0,2023-07-08T06:00:11+00:00,2026-08-25T18:48:20+00:00,False,PLAYLIST_EXHAUSTED,TERMINAL,0,0,0,NOT_VALIDATED,False,0,826,
UCPfqcgrqpaSMqxezIqf7DuQ,213,213,0,2024-02-26T03:01:43+00:00,2026-08-20T16:27:38+00:00,False,PLAYLIST_EXHAUSTED,TERMINAL,0,0,0,NOT_VALIDATED,False,0,787,
UCPgZ3g9jYeuj5mLBJ5APp0A,117,117,0,2021-04-16T12:47:04+00:00,2024-11-05T06:21:57+00:00,False,PLAYLIST_EXHAUSTED,TERMINAL,0,0,0,NOT_VALIDATED,False,0,883,
UCPh5ZGdw9LkBXxpCAdSaCrw,164,164,0,2025-02-22T13:50:24+00:00,2026-09-09T17:15:45+00:00,False,PLAYLIST_EXHAUSTED,TERMINAL,0,0,0,NOT_VALIDATED,False,0,836,
UCPiTBgk5j5A8wDdoyJ-01iA,521,521,0,2023-01-27T08:18:43+00:00,2026-09-05T06:43:32+00:00,False,PLAYLIST_EXHAUSTED,TERMINAL,0,0,0,NOT_VALIDATED,False,0,479,
UCPkvqo6J3A8Y2_mCQmUl-zA,40,40,0,2025-07-07T16:50:57+00:00,2026-08-09T16:39:12+00:00,False,PLAYLIST_EXHAUSTED,TERMINAL,0,0,0,NOT_VALIDATED,False,0,960,
UCPtO4Ttn7kqIaxDHBr15fNQ,523,523,0,2021-12-20T12:31:33+00:00,2026-09-07T17:47:32+00:00,False,PLAYLIST_EXHAUSTED,TERMINAL,0,0,0,NOT_VALIDATED,False,0,477,
UCPtSgQ5-yCPl9wbo5w7tmWQ,700,700,0,2021-04-14T14:21:00+00:00,2026-09-09T10:20:37+00:00,False,PENDING,PENDING_PAGINATION,0,0,0,NOT_VALIDATED,False,,300,
UCPtilLPQCGVrhxeuu7nbxRQ,226,226,0,2025-03-16T02:34:00+00:00,2026-09-09T16:40:47+00:00,False,PLAYLIST_EXHAUSTED,TERMINAL,0,0,0,NOT_VALIDATED,False,0,774,
UCPuf-39u2U7T-5ClpMYQgWA,222,222,0,2022-05-20T08:31:36+00:00,2026-09-08T10:27:26+00:00,False,PLAYLIST_EXHAUSTED,TERMINAL,0,0,0,NOT_VALIDATED,False,0,778,
UCPzpIPohJ6axdgSWGyCNmHg,0,0,0,,,False,PARTIAL_ERROR,NOT_FOUND,0,0,0,NOT_VALIDATED,False,,1000,False
UCQ6O2psxMSAQ5Tt2DUp3_Rg,4,4,0,2025-10-02T16:47:45+00:00,2026-09-09T15:00:11+00:00,False,PLAYLIST_EXHAUSTED,TERMINAL,0,0,0,NOT_VALIDATED,False,0,996,
UCQ71gJATjZSuE2-jCvBddog,116,116,0,2024-02-29T18:01:46+00:00,2026-07-16T05:40:24+00:00,False,PLAYLIST_EXHAUSTED,TERMINAL,0,0,0,NOT_VALIDATED,False,0,884,
UCQClP6HJ_vecN7W2YmTnLmg,58,58,0,2022-01-15T12:33:57+00:00,2025-04-02T18:09:38+00:00,False,PLAYLIST_EXHAUSTED,TERMINAL,0,0,0,NOT_VALIDATED,False,0,942,
UCQGAawBLXuFEodAGOANkAdQ,406,406,0,2023-02-07T12:30:31+00:00,2025-09-09T08:14:08+00:00,False,PLAYLIST_EXHAUSTED,TERMINAL,0,0,0,NOT_VALIDATED,False,0,594,
UCQGzkjj0cgwm5pOGVhzUs3A,309,309,0,2024-09-23T08:00:08+00:00,2026-09-06T16:59:06+00:00,False,PLAYLIST_EXHAUSTED,TERMINAL,0,0,0,NOT_VALIDATED,False,0,691,
UCQMHAPgxhO634HZIJraHPTA,175,175,0,2021-06-17T08:00:59+00:00,2022-05-16T16:14:04+00:00,False,PLAYLIST_EXHAUSTED,TERMINAL,0,0,0,NOT_VALIDATED,False,0,825,
UCQMUyz21FbKDC_8o-5iQ7ZA,70,70,0,2022-08-06T03:21:42+00:00,2022-12-15T01:30:34+00:00,False,PLAYLIST_EXHAUSTED,TERMINAL,0,0,0,NOT_VALIDATED,False,0,930,
UCQS3nybcx-p4g8oFidDRMXA,184,184,0,2025-05-21T12:37:38+00:00,2026-09-10T05:14:18+00:00,False,PLAYLIST_EXHAUSTED,TERMINAL,0,0,0,NOT_VALIDATED,False,0,816,
UCQSPYuDISdhcuvXsAhn3BTQ,700,700,0,2022-07-04T05:00:14+00:00,2026-09-08T21:24:26+00:00,False,PENDING,PENDING_PAGINATION,0,0,0,NOT_VALIDATED,False,,300,
UCQV-OVdAFkMRyZyotBxX6TQ,154,154,0,2026-01-15T05:01:09+00:00,2026-09-08T16:27:01+00:00,False,PLAYLIST_EXHAUSTED,TERMINAL,0,0,0,NOT_VALIDATED,False,0,846,
UCQVYQZO7SBMPXHNvKxE16Gg,1,1,0,2022-01-20T13:48:14+00:00,2022-01-20T13:48:14+00:00,False,PLAYLIST_EXHAUSTED,TERMINAL,0,0,0,NOT_VALIDATED,False,0,999,
UCQWJr6Du-UVmOwuEzDzfk_w,53,53,0,2021-06-27T14:16:41+00:00,2022-01-16T19:45:01+00:00,False,PLAYLIST_EXHAUSTED,TERMINAL,0,0,0,NOT_VALIDATED,False,0,947,
UCQdJThdCgaDzgk0je69GfhQ,547,547,0,2025-01-31T16:47:03+00:00,2026-09-09T11:37:25+00:00,False,PLAYLIST_EXHAUSTED,TERMINAL,0,0,0,NOT_VALIDATED,False,0,453,
UCQf7QAgBILAuLKG0Eg_WLBw,299,299,0,2023-05-06T08:24:53+00:00,2026-09-09T01:21:56+00:00,False,PLAYLIST_EXHAUSTED,TERMINAL,0,0,0,NOT_VALIDATED,False,0,701,
UCQkOhOg9Q1uYjfHSvuHMX6w,124,124,0,2025-06-01T12:19:45+00:00,2026-06-13T12:12:32+00:00,False,PLAYLIST_EXHAUSTED,TERMINAL,0,0,0,NOT_VALIDATED,False,0,876,
UCQlpWpnmSm9wn3L1eTVWnbA,1,1,0,2025-09-05T03:08:24+00:00,2025-09-05T03:08:24+00:00,False,PLAYLIST_EXHAUSTED,TERMINAL,0,0,0,NOT_VALIDATED,False,0,999,
UCQs4BC3S0KSw7i0ggHXn8TA,116,116,0,2024-06-09T10:07:25+00:00,2025-04-02T16:43:45+00:00,False,PLAYLIST_EXHAUSTED,TERMINAL,0,0,0,NOT_VALIDATED,False,0,884,
UCQsrKHkR4lZpdKVL8QOgtgg,700,700,0,2022-06-12T16:20:40+00:00,2026-09-10T05:43:00+00:00,False,PENDING,PENDING_PAGINATION,0,0,0,NOT_VALIDATED,False,,300,
UCR-zVE5eBtbAnTHlZFz5Pzg,73,73,0,2021-07-17T08:11:11+00:00,2025-02-14T06:29:58+00:00,False,PLAYLIST_EXHAUSTED,TERMINAL,0,0,0,NOT_VALIDATED,False,0,927,
UCR1Htb-H1-tus7UPotPh69A,700,700,0,2022-01-21T15:05:00+00:00,2026-09-09T17:15:17+00:00,False,PENDING,PENDING_PAGINATION,0,0,0,NOT_VALIDATED,False,,300,
UCR4Vap93GIkE4zA4DrMW-Rw,700,700,0,2024-07-27T12:41:47+00:00,2026-09-09T13:21:36+00:00,False,PENDING,PENDING_PAGINATION,0,0,0,NOT_VALIDATED,False,,300,
UCRG5fX1v4b-3sUyKfAAtxxA,700,700,0,2024-01-20T11:00:26+00:00,2026-09-10T03:35:41+00:00,False,PENDING,PENDING_PAGINATION,0,0,0,NOT_VALIDATED,False,,300,
UCRGaEF2NMlp0n3gTlPFj27Q,345,345,0,2024-10-18T19:00:04+00:00,2026-09-06T05:22:52+00:00,False,PLAYLIST_EXHAUSTED,TERMINAL,0,0,0,NOT_VALIDATED,False,0,655,
UCRNJOb6iROvOKqWiB9H1lBg,170,170,0,2017-09-25T11:15:34+00:00,2026-06-05T06:38:37+00:00,True,PLAYLIST_EXHAUSTED,TERMINAL,0,0,0,NOT_VALIDATED,False,0,830,
UCRYa4rXZl4M4aXDVdRWamZA,147,147,0,2025-03-07T02:50:50+00:00,2026-08-29T03:59:46+00:00,False,PLAYLIST_EXHAUSTED,TERMINAL,0,0,0,NOT_VALIDATED,False,0,853,
UCRZE5IMKRUpTgfjaniVKpbg,62,62,0,2024-09-15T12:57:49+00:00,2026-08-29T20:03:01+00:00,False,PLAYLIST_EXHAUSTED,TERMINAL,0,0,0,NOT_VALIDATED,False,0,938,
UCRaAduo6w37DoPahoaiVbTg,290,290,0,2022-03-22T14:09:56+00:00,2023-03-31T17:36:49+00:00,False,PLAYLIST_EXHAUSTED,TERMINAL,0,0,0,NOT_VALIDATED,False,0,710,
UCRiS4VWQedLfgE1g1AKD1DQ,357,357,0,2023-10-15T17:46:51+00:00,2025-05-31T19:48:35+00:00,False,PLAYLIST_EXHAUSTED,TERMINAL,0,0,0,NOT_VALIDATED,False,0,643,
UCRjdIz5ngcJVDZ-bjs2mEzg,347,347,0,2022-01-14T09:00:12+00:00,2026-09-09T14:13:10+00:00,False,PLAYLIST_EXHAUSTED,TERMINAL,0,0,0,NOT_VALIDATED,False,0,653,
UCRk9GF8RknJ1tfcgP2Rr2Vw,0,0,0,,,False,PARTIAL_ERROR,NOT_FOUND,0,0,0,NOT_VALIDATED,False,,1000,False
UCRldXR7ASrCYYoxeqOU-_og,54,54,0,2020-08-04T14:30:27+00:00,2026-03-15T03:31:38+00:00,True,PLAYLIST_EXHAUSTED,TERMINAL,0,0,0,NOT_VALIDATED,False,0,946,
UCRpEzYWkJforn6YhvaSVXtA,183,183,0,2023-09-26T06:12:00+00:00,2025-10-24T17:12:27+00:00,False,PLAYLIST_EXHAUSTED,TERMINAL,0,0,0,NOT_VALIDATED,False,0,817,
UCRpX7uvjkoy3-j_U_3atvog,177,177,0,2024-08-18T16:38:39+00:00,2026-02-17T15:39:24+00:00,False,PLAYLIST_EXHAUSTED,TERMINAL,0,0,0,NOT_VALIDATED,False,0,823,
UCRq6GGcCP8sjIRfzIhfmv4w,73,73,0,2025-10-31T12:00:06+00:00,2026-09-07T13:51:07+00:00,False,PLAYLIST_EXHAUSTED,TERMINAL,0,0,0,NOT_VALIDATED,False,0,927,
UCRyGfYHjCHIeWZQRpdnDKMg,601,601,0,2024-04-05T21:11:46+00:00,2026-08-31T17:26:58+00:00,False,PLAYLIST_EXHAUSTED,TERMINAL,0,0,0,NOT_VALIDATED,False,0,399,
UCS1PrWcX95lKikSMIsm6eRg,328,328,0,2021-11-17T17:20:17+00:00,2026-09-03T14:21:37+00:00,False,PLAYLIST_EXHAUSTED,TERMINAL,0,0,0,NOT_VALIDATED,False,0,672,
UCS2-t9SC5UZ9kS_bhbAxPaw,347,347,0,2021-02-07T10:50:45+00:00,2026-09-06T03:58:01+00:00,False,PLAYLIST_EXHAUSTED,TERMINAL,0,0,0,NOT_VALIDATED,False,0,653,
UCS2xtM_DkvYKVxBEQxIf2-g,120,120,0,2021-10-16T09:35:13+00:00,2026-07-15T20:59:03+00:00,False,PLAYLIST_EXHAUSTED,TERMINAL,0,0,0,NOT_VALIDATED,False,0,880,
UCS7BVBZ3itZ0wqlEX8a2UBA,0,0,0,,,False,PARTIAL_ERROR,NOT_FOUND,0,0,0,NOT_VALIDATED,False,,1000,False
UCS7XTVaCOg-rBOEM6Lyw5Jg,18,18,0,2023-10-18T15:17:07+00:00,2025-05-31T16:35:32+00:00,False,PLAYLIST_EXHAUSTED,TERMINAL,0,0,0,NOT_VALIDATED,False,0,982,
UCS9vgAEQSQDhgTRIskKA2tA,503,503,0,2023-08-06T12:04:15+00:00,2026-09-08T15:59:02+00:00,False,PLAYLIST_EXHAUSTED,TERMINAL,0,0,0,NOT_VALIDATED,False,0,497,
UCSB3FXovZ5GLLAIfYyuXYJg,298,298,0,2024-07-23T11:00:23+00:00,2026-09-10T08:40:17+00:00,False,PLAYLIST_EXHAUSTED,TERMINAL,0,0,0,NOT_VALIDATED,False,0,702,
UCSFXk1n7GTDk6x_7HWlopjA,136,136,0,2022-06-14T05:15:14+00:00,2026-03-30T03:52:50+00:00,False,PLAYLIST_EXHAUSTED,TERMINAL,0,0,0,NOT_VALIDATED,False,0,864,
UCSG5e3zBiGSZRvD42HSnbxw,186,186,0,2023-12-19T16:26:41+00:00,2026-09-08T03:32:07+00:00,False,PLAYLIST_EXHAUSTED,TERMINAL,0,0,0,NOT_VALIDATED,False,0,814,
UCSMH958kINERMdSx7u76Fmg,58,58,0,2025-12-08T12:00:06+00:00,2026-09-04T08:23:57+00:00,False,PLAYLIST_EXHAUSTED,TERMINAL,0,0,0,NOT_VALIDATED,False,0,942,
UCSOxauTBY7eKbUnQ86W708Q,105,105,0,2019-10-01T12:52:06+00:00,2026-08-30T15:53:34+00:00,True,PLAYLIST_EXHAUSTED,TERMINAL,0,0,0,NOT_VALIDATED,False,0,895,
UCSPAN-WjdncItj4wMfi451g,357,357,0,2024-04-04T07:09:46+00:00,2026-09-04T11:36:38+00:00,False,PLAYLIST_EXHAUSTED,TERMINAL,0,0,0,NOT_VALIDATED,False,0,643,
UCSQCuMGGicyB_QqG_mApH7w,0,0,0,,,False,PARTIAL_ERROR,NOT_FOUND,0,0,0,NOT_VALIDATED,False,,1000,False
UCSR9HXXmM7Er6ebxyIoBgpw,699,699,0,2025-12-19T10:30:37+00:00,2026-09-10T01:58:09+00:00,False,PENDING,PENDING_PAGINATION,0,0,1,NOT_VALIDATED,False,,301,
UCSXwfOj8mTDxE1ZaIEHXN2w,27,27,0,2022-05-26T05:10:07+00:00,2023-08-01T08:00:01+00:00,False,PLAYLIST_EXHAUSTED,TERMINAL,0,0,0,NOT_VALIDATED,False,0,973,
UCSZe92Gr5MIRyGSokkfOOzg,14,14,0,2026-04-17T09:51:20+00:00,2026-09-10T05:37:38+00:00,False,PLAYLIST_EXHAUSTED,TERMINAL,0,0,0,NON_MONOTONIC,False,0,986,
UCSaQSMvF2aOoz6GTnrb6VXw,45,45,0,2024-06-02T15:42:24+00:00,2026-09-10T06:19:11+00:00,False,PLAYLIST_EXHAUSTED,TERMINAL,0,0,0,NOT_VALIDATED,False,0,955,
UCSdV0wKlfljMvRY3mFVn1ZQ,0,0,0,,,False,PARTIAL_ERROR,NOT_FOUND,0,0,0,NOT_VALIDATED,False,,1000,False
UCSdtAY_t7uWTGhzka8QEO4Q,195,195,0,2024-08-18T03:17:38+00:00,2026-08-22T17:32:34+00:00,False,PLAYLIST_EXHAUSTED,TERMINAL,0,0,0,NOT_VALIDATED,False,0,805,
UCSjgfxkp4S7l1BrUObNUzzw,146,146,0,2025-03-21T10:33:58+00:00,2026-09-03T16:28:22+00:00,False,PLAYLIST_EXHAUSTED,TERMINAL,0,0,0,NOT_VALIDATED,False,0,854,
UCSlT8Mc_dty5c_cFmi1zz4Q,212,212,0,2025-11-19T14:45:00+00:00,2026-09-09T17:08:34+00:00,False,PLAYLIST_EXHAUSTED,TERMINAL,0,0,0,NOT_VALIDATED,False,0,788,
UCSmwbpH_ZvRCn8-gbggGfTw,133,133,0,2021-02-02T18:04:28+00:00,2026-07-30T10:00:15+00:00,False,PLAYLIST_EXHAUSTED,TERMINAL,0,0,0,NOT_VALIDATED,False,0,867,
UCSoFIMz3y6jOVMg8nggpcMQ,210,210,0,2025-11-23T14:00:10+00:00,2026-09-09T09:26:11+00:00,False,PLAYLIST_EXHAUSTED,TERMINAL,0,0,0,NOT_VALIDATED,False,0,790,
UCSpIYbnsnaXgRpIpipxJRcw,112,112,0,2024-08-03T04:35:28+00:00,2026-08-22T01:32:50+00:00,False,PLAYLIST_EXHAUSTED,TERMINAL,0,0,0,NOT_VALIDATED,False,0,888,
UCSqQDeXi3tLW_MyHnwTgvDA,240,240,0,2020-10-07T09:16:10+00:00,2026-04-18T00:06:48+00:00,True,PLAYLIST_EXHAUSTED,TERMINAL,0,0,0,NOT_VALIDATED,False,0,760,
UCSus3TGWTuMjiQWycSI1CaA,40,40,0,2025-07-26T04:37:41+00:00,2026-09-07T09:30:18+00:00,False,PLAYLIST_EXHAUSTED,TERMINAL,0,0,0,NOT_VALIDATED,False,0,960,
UCSviD27_MRT7oAdJUi0StPQ,425,425,0,2024-01-14T07:54:58+00:00,2026-09-10T03:42:25+00:00,False,PLAYLIST_EXHAUSTED,TERMINAL,0,0,0,NOT_VALIDATED,False,0,575,
UCSxxTmjwf04nMcIALS1RyMQ,700,700,0,2024-05-28T22:21:03+00:00,2026-09-07T20:27:02+00:00,False,PENDING,PENDING_PAGINATION,0,0,0,NOT_VALIDATED,False,,300,
UCSy4T_D4xz0IcnrAoNKd8Sw,179,179,0,2022-04-17T12:49:01+00:00,2026-01-04T04:07:26+00:00,False,PLAYLIST_EXHAUSTED,TERMINAL,0,0,0,NOT_VALIDATED,False,0,821,
UCSyG0x9lhNOi6hbyVy7hZ7g,604,604,0,2021-10-03T10:29:37+00:00,2026-09-10T06:43:41+00:00,False,PLAYLIST_EXHAUSTED,TERMINAL,0,0,0,NOT_VALIDATED,False,0,396,
UCT-XhKtg0Ld-uAjsdf-qFMA,67,67,0,2026-02-07T10:12:59+00:00,2026-09-10T02:52:07+00:00,False,PLAYLIST_EXHAUSTED,TERMINAL,0,0,0,NOT_VALIDATED,False,0,933,
UCT0u795YFp9O_k9cL5d0RZg,1,1,0,2022-05-15T16:11:05+00:00,2022-05-15T16:11:05+00:00,False,PLAYLIST_EXHAUSTED,TERMINAL,0,0,0,NOT_VALIDATED,False,0,999,
UCT6AsljeggMR6rqkQ5NSeRA,159,159,0,2024-03-30T03:30:15+00:00,2026-09-09T13:42:17+00:00,False,PLAYLIST_EXHAUSTED,TERMINAL,0,0,0,NOT_VALIDATED,False,0,841,
UCT6E1GD1uAXAG6fWQCGPVXA,479,479,0,2022-05-18T06:00:56+00:00,2026-09-04T18:16:02+00:00,False,PLAYLIST_EXHAUSTED,TERMINAL,0,0,0,NOT_VALIDATED,False,0,521,
UCTAEz5besWbmV4xp13zc0HA,700,700,0,2023-11-20T17:43:47+00:00,2026-09-10T04:00:14+00:00,False,PENDING,PENDING_PAGINATION,0,0,0,NOT_VALIDATED,False,,300,
UCTD-nm97tb5Sh7_ou7LFSUQ,303,303,0,2023-11-11T10:08:09+00:00,2025-04-11T11:00:07+00:00,False,PLAYLIST_EXHAUSTED,TERMINAL,0,0,0,NOT_VALIDATED,False,0,697,
UCTE0_50-t5vJqrC832LV2eQ,121,121,0,2024-01-02T12:00:10+00:00,2025-12-13T05:58:56+00:00,False,PLAYLIST_EXHAUSTED,TERMINAL,0,0,0,NOT_VALIDATED,False,0,879,
UCTIi4NC8SvzUZDMExjCscVA,1,1,0,2020-08-13T14:51:46+00:00,2020-08-13T14:51:46+00:00,True,PLAYLIST_EXHAUSTED,TERMINAL,0,0,0,NOT_VALIDATED,False,0,999,
UCTJ1Zw4hW6L7iZ1i9aaIF7A,104,104,0,2025-06-10T11:01:28+00:00,2026-08-22T04:00:33+00:00,False,PLAYLIST_EXHAUSTED,TERMINAL,0,0,0,NOT_VALIDATED,False,0,896,
UCTME5FbcsqcbWSZVIapkchA,0,0,0,,,False,PARTIAL_ERROR,NOT_FOUND,0,0,0,NOT_VALIDATED,False,,1000,False
UCTPI0_Vjw_vnKlbHXN1H-Tw,51,51,0,2024-10-05T10:30:07+00:00,2026-08-14T05:03:51+00:00,False,PLAYLIST_EXHAUSTED,TERMINAL,0,0,0,NOT_VALIDATED,False,0,949,
UCTRQ7X-nxix3gjjXUb6ylvA,331,331,0,2024-06-09T11:12:04+00:00,2026-09-09T18:27:54+00:00,False,PLAYLIST_EXHAUSTED,TERMINAL,0,0,0,NOT_VALIDATED,False,0,669,
UCTSWYTxXHbb_9sbz84xSR8Q,474,474,0,2024-10-05T10:00:24+00:00,2026-09-10T00:15:37+00:00,False,PLAYLIST_EXHAUSTED,TERMINAL,0,0,0,NOT_VALIDATED,False,0,526,
UCTb15SroUenoP9Ckboz6s3g,699,699,0,2024-12-04T05:15:00+00:00,2026-09-09T16:43:09+00:00,False,PENDING,PENDING_PAGINATION,0,0,1,NOT_VALIDATED,False,,301,
UCTbgUT9_ipoQbiC7IxhJdoQ,132,132,0,2021-07-26T04:54:06+00:00,2026-06-07T15:29:03+00:00,False,PLAYLIST_EXHAUSTED,TERMINAL,0,0,0,NOT_VALIDATED,False,0,868,
UCTc2h8nlS0U1LhCjMgHVFzw,135,135,0,2023-04-15T04:15:26+00:00,2026-08-10T16:08:52+00:00,False,PLAYLIST_EXHAUSTED,TERMINAL,0,0,0,NOT_VALIDATED,False,0,865,
UCTpRi8YKKMNfY_YviDeFNig,312,312,0,2024-12-24T17:00:41+00:00,2026-09-02T08:02:48+00:00,False,PLAYLIST_EXHAUSTED,TERMINAL,0,0,0,NOT_VALIDATED,False,0,688,
UCTt2KsR8ZwnsTyoebl3eXsQ,125,125,0,2025-06-03T07:35:32+00:00,2026-09-09T05:02:56+00:00,False,PLAYLIST_EXHAUSTED,TERMINAL,0,0,0,NOT_VALIDATED,False,0,875,
UCTtgiI6vO_zxlcOBLd3P7Jg,166,166,0,2023-11-01T01:50:13+00:00,2026-09-09T11:00:23+00:00,False,PLAYLIST_EXHAUSTED,TERMINAL,0,0,0,NOT_VALIDATED,False,0,834,
UCTuKqG6tWqVKKWMGO1Uhdsg,51,51,0,2024-04-12T10:00:48+00:00,2026-09-06T06:57:43+00:00,False,PLAYLIST_EXHAUSTED,TERMINAL,0,0,0,NOT_VALIDATED,False,0,949,
UCTxCJt6jtRKeLJys0AaSUew,696,696,0,2022-06-09T11:57:52+00:00,2026-09-10T05:17:30+00:00,False,PLAYLIST_EXHAUSTED,TERMINAL,0,0,0,NOT_VALIDATED,False,0,304,
UCTygto_BZDamXNv2YRqPNKg,3,3,0,2021-08-11T07:17:45+00:00,2025-09-09T12:07:05+00:00,False,PLAYLIST_EXHAUSTED,TERMINAL,0,0,0,NOT_VALIDATED,False,0,997,
UCU-O713Qgg5-OKKlt6nceiQ,187,187,0,2023-07-27T03:40:17+00:00,2026-09-05T04:29:34+00:00,False,PLAYLIST_EXHAUSTED,TERMINAL,0,0,0,NOT_VALIDATED,False,0,813,
UCU17NWo-I4dIYYbWBjU2cHg,33,33,0,2023-03-04T11:00:12+00:00,2026-08-31T13:33:02+00:00,False,PLAYLIST_EXHAUSTED,TERMINAL,0,0,0,NOT_VALIDATED,False,0,967,
UCU1t3KkZ6-ytH1stNylfv1Q,213,213,0,2025-01-19T12:00:28+00:00,2026-09-08T15:35:59+00:00,False,PLAYLIST_EXHAUSTED,TERMINAL,0,0,0,NOT_VALIDATED,False,0,787,
UCU5Bt3GkZmiYkazw37gJqIw,95,95,0,2025-07-29T12:54:35+00:00,2026-09-09T15:58:25+00:00,False,PLAYLIST_EXHAUSTED,TERMINAL,0,0,0,NOT_VALIDATED,False,0,905,
UCU6UxFBQ19d2otSnCPeyykg,226,226,0,2023-12-08T05:02:59+00:00,2026-09-04T15:45:51+00:00,False,PLAYLIST_EXHAUSTED,TERMINAL,0,0,0,NOT_VALIDATED,False,0,774,
UCU8-PjzR1iFtqdmATtRrYYQ,478,478,0,2024-08-26T03:00:17+00:00,2026-08-14T01:53:02+00:00,False,PLAYLIST_EXHAUSTED,TERMINAL,0,0,0,NOT_VALIDATED,False,0,522,
UCUBooBbB6GNYvQJEna3eRBQ,313,313,0,2023-01-30T14:09:30+00:00,2026-05-29T12:39:36+00:00,False,PLAYLIST_EXHAUSTED,TERMINAL,0,0,0,NOT_VALIDATED,False,0,687,
UCUGwdp5xDeKhuhHBgZLX_ng,335,335,0,2018-03-07T16:03:37+00:00,2026-09-03T16:45:57+00:00,True,PLAYLIST_EXHAUSTED,TERMINAL,0,0,0,NOT_VALIDATED,False,0,665,
UCUH2P2QP0-0wbHJkOQbK5WQ,122,122,0,2023-08-31T11:00:12+00:00,2026-09-08T12:13:04+00:00,False,PLAYLIST_EXHAUSTED,TERMINAL,0,0,0,NOT_VALIDATED,False,0,878,
UCUHopfMWIslGzHiNMs-vtVw,377,377,0,2022-05-01T17:00:19+00:00,2026-04-30T09:45:07+00:00,False,PLAYLIST_EXHAUSTED,TERMINAL,0,0,0,NOT_VALIDATED,False,0,623,
UCULjjXc2IgdCBaEVD-Qgaqw,2,2,0,2023-01-12T10:49:07+00:00,2023-01-30T11:45:54+00:00,False,PLAYLIST_EXHAUSTED,TERMINAL,0,0,0,NOT_VALIDATED,False,0,998,
UCUOVWfFzNwIfu3_MfXegyPA,699,699,0,2023-10-15T18:55:21+00:00,2026-09-08T17:35:34+00:00,False,PENDING,PENDING_PAGINATION,0,0,1,NOT_VALIDATED,False,,301,
UCUPi3XlTX0rLUWjFHifNl-Q,491,491,0,2009-06-27T13:43:39+00:00,2026-09-06T03:18:14+00:00,True,PLAYLIST_EXHAUSTED,TERMINAL,0,0,0,NOT_VALIDATED,False,0,509,
UCUR0HEtdHk4nx2WddW0Qthg,657,657,0,2020-10-03T11:05:49+00:00,2023-09-27T14:56:07+00:00,True,PLAYLIST_EXHAUSTED,TERMINAL,0,0,0,NOT_VALIDATED,False,0,343,
UCURO2Hz8CWn0knwFbNTo2ng,339,339,0,2024-06-15T03:04:25+00:00,2026-09-09T04:48:09+00:00,False,PLAYLIST_EXHAUSTED,TERMINAL,0,0,0,NOT_VALIDATED,False,0,661,
UCURSzDgzFhYWhKDySspPisA,699,699,0,2022-06-25T09:21:08+00:00,2026-09-09T11:05:46+00:00,False,PENDING,PENDING_PAGINATION,0,0,1,NOT_VALIDATED,False,,301,
UCUTA8ZrTOZGUNezeAYWrajg,120,120,0,2025-03-10T04:45:36+00:00,2025-10-10T00:07:39+00:00,False,PLAYLIST_EXHAUSTED,TERMINAL,0,0,0,NOT_VALIDATED,False,0,880,
UCUUiRsJXOGaGUMsgwX1h_5g,611,611,0,2021-02-18T05:57:51+00:00,2026-09-08T07:56:26+00:00,False,PLAYLIST_EXHAUSTED,TERMINAL,0,0,0,NOT_VALIDATED,False,0,389,
UCUUvW_FwpvBRsubHH7loRFA,344,344,0,2020-10-31T13:00:11+00:00,2026-08-29T19:20:17+00:00,True,PLAYLIST_EXHAUSTED,TERMINAL,0,0,0,NOT_VALIDATED,False,0,656,
UCUXyd8UJv3jOudmtabpsRfQ,7,7,0,2024-04-22T18:34:31+00:00,2024-04-28T18:04:55+00:00,False,PLAYLIST_EXHAUSTED,TERMINAL,0,0,0,NOT_VALIDATED,False,0,993,
UCUYOr3CaHR0XIv0FfM22CyA,219,219,0,2017-01-08T07:45:09+00:00,2026-09-09T11:56:07+00:00,True,PLAYLIST_EXHAUSTED,TERMINAL,0,0,0,NOT_VALIDATED,False,0,781,
UCUaWCz3UX9XNdA97qPHuAYg,183,183,0,2025-01-11T05:00:25+00:00,2026-09-09T15:50:22+00:00,False,PLAYLIST_EXHAUSTED,TERMINAL,0,0,0,NOT_VALIDATED,False,0,817,
UCUajlJqlGrWNNdCUEwgvI0g,5,5,0,2022-04-12T12:38:51+00:00,2022-04-28T10:28:23+00:00,False,PLAYLIST_EXHAUSTED,TERMINAL,0,0,0,NOT_VALIDATED,False,0,995,
UCUec0cPy5IPOXNODqho9wNw,566,566,0,2021-12-18T15:27:20+00:00,2026-09-02T16:06:40+00:00,False,PLAYLIST_EXHAUSTED,TERMINAL,0,0,0,NOT_VALIDATED,False,0,434,
UCUf34M2JBvh6JK-fNR34d6w,372,372,0,2022-09-06T16:12:49+00:00,2026-04-05T18:40:02+00:00,False,PLAYLIST_EXHAUSTED,TERMINAL,0,0,0,NOT_VALIDATED,False,0,628,
UCUfM5IcATD5-AB1If9v7wTA,160,160,0,2025-06-06T06:03:19+00:00,2026-06-21T01:59:59+00:00,False,PLAYLIST_EXHAUSTED,TERMINAL,0,0,0,NOT_VALIDATED,False,0,840,
UCUhJEHIfPOZorfvJmvgievA,203,203,0,2021-06-10T11:00:12+00:00,2026-09-09T22:48:40+00:00,False,PLAYLIST_EXHAUSTED,TERMINAL,0,0,0,NOT_VALIDATED,False,0,797,
UCUlc9fwNihOqufbS8KtakvA,1,1,0,2020-08-10T12:24:14+00:00,2020-08-10T12:24:14+00:00,True,PLAYLIST_EXHAUSTED,TERMINAL,0,0,0,NOT_VALIDATED,False,0,999,
UCUlyl-zRpqE1Dm0GYoKFEJw,204,204,0,2020-12-26T23:26:34+00:00,2025-11-05T13:18:24+00:00,True,PLAYLIST_EXHAUSTED,TERMINAL,0,0,0,NOT_VALIDATED,False,0,796,
UCUmR1YXqxbx1NXusY2ugj8A,182,182,0,2024-10-22T11:00:36+00:00,2026-09-04T10:06:16+00:00,False,PLAYLIST_EXHAUSTED,TERMINAL,0,0,0,NOT_VALIDATED,False,0,818,
UCUqKneO3jlE5_HS6leBiXOw,700,700,0,2021-12-01T18:22:41+00:00,2026-09-06T23:02:47+00:00,False,PENDING,PENDING_PAGINATION,0,0,0,NOT_VALIDATED,False,,300,
UCUz8QMqTQYtmKprSeGGKEkw,491,491,0,2021-12-24T13:59:53+00:00,2026-09-01T03:16:05+00:00,False,PLAYLIST_EXHAUSTED,TERMINAL,0,0,0,NOT_VALIDATED,False,0,509,
UCV04Z1PL6HevUdDeHDHwkDw,0,0,0,,,False,PARTIAL_ERROR,NOT_FOUND,0,0,0,NOT_VALIDATED,False,,1000,False
UCV3mg1zXhXfWHcL2iq3z-Aw,299,299,0,2023-11-27T14:15:42+00:00,2026-09-09T16:54:01+00:00,False,PLAYLIST_EXHAUSTED,TERMINAL,0,0,0,NOT_VALIDATED,False,0,701,
UCV7dVXp53A48-Iwqg5BezQA,5,5,0,2021-06-09T13:43:38+00:00,2026-03-24T20:54:26+00:00,False,PLAYLIST_EXHAUSTED,TERMINAL,0,0,0,NOT_VALIDATED,False,0,995,
UCVAsOHcLLGVQq6aOpesOwBQ,700,700,0,2022-04-26T12:02:59+00:00,2026-09-08T12:00:14+00:00,False,PENDING,PENDING_PAGINATION,0,0,0,NOT_VALIDATED,False,,300,
UCVBaM-3Ot6LmwX1cbhqQvVw,111,111,0,2023-12-25T23:00:14+00:00,2026-09-10T03:53:18+00:00,False,PLAYLIST_EXHAUSTED,TERMINAL,0,0,0,NOT_VALIDATED,False,0,889,
UCVEL1jAgCQNQcRN9Ble6lMw,504,504,0,2022-09-26T02:20:31+00:00,2026-08-31T14:30:47+00:00,False,PLAYLIST_EXHAUSTED,TERMINAL,0,0,0,NOT_VALIDATED,False,0,496,
UCVKmkTCnz56PpKQFxYMuAHg,192,192,0,2024-08-25T03:30:54+00:00,2026-09-04T16:16:49+00:00,False,PLAYLIST_EXHAUSTED,TERMINAL,0,0,0,NOT_VALIDATED,False,0,808,
UCVLZI8sZ1J1PDVHdPLgnChw,234,234,0,2025-05-21T12:00:52+00:00,2026-09-10T07:02:37+00:00,False,PLAYLIST_EXHAUSTED,TERMINAL,0,0,0,NOT_VALIDATED,False,0,766,
UCVQrivN2wzHYLNrsAquYjhg,381,381,0,2024-04-04T13:41:08+00:00,2026-09-10T05:19:41+00:00,False,PLAYLIST_EXHAUSTED,TERMINAL,0,0,0,NOT_VALIDATED,False,0,619,
UCVX1q9x58mqu12j94cAwr0w,696,696,0,2021-11-30T11:50:39+00:00,2026-09-04T17:08:36+00:00,False,PLAYLIST_EXHAUSTED,TERMINAL,0,0,0,NOT_VALIDATED,False,0,304,
UCVY-v0sCwEjE3V7dUOqkFZg,367,367,0,2022-02-25T15:52:40+00:00,2026-09-08T17:50:12+00:00,False,PLAYLIST_EXHAUSTED,TERMINAL,0,0,0,NOT_VALIDATED,False,0,633,
UCVa_b2jriwKJLcS4CP9Pq3w,211,211,0,2023-07-16T14:56:48+00:00,2026-09-05T16:40:06+00:00,False,PLAYLIST_EXHAUSTED,TERMINAL,0,0,0,NOT_VALIDATED,False,0,789,
UCVfj4ZZ02FyqOracLd7r5oQ,33,33,0,2025-08-12T06:56:40+00:00,2026-08-30T03:59:10+00:00,False,PLAYLIST_EXHAUSTED,TERMINAL,0,0,0,NOT_VALIDATED,False,0,967,
UCVgbTA9qzHDr3nPsN3-Nsuw,156,156,0,2025-08-19T17:00:51+00:00,2026-09-09T18:49:18+00:00,False,PLAYLIST_EXHAUSTED,TERMINAL,0,0,0,NOT_VALIDATED,False,0,844,
UCVgoTNEZIS4UVoe2M4CSc4w,700,700,0,2024-08-27T12:02:22+00:00,2026-09-10T03:47:39+00:00,False,PENDING,PENDING_PAGINATION,0,0,0,NOT_VALIDATED,False,,300,
UCVhHSmzes15AABN5pKcq7bQ,410,410,0,2025-01-14T14:49:55+00:00,2026-09-09T17:51:37+00:00,False,PLAYLIST_EXHAUSTED,TERMINAL,0,0,0,NOT_VALIDATED,False,0,590,
UCVhMzJhna39ULdMowQAE-uQ,662,662,0,2018-02-17T15:00:39+00:00,2026-09-10T03:02:11+00:00,True,PLAYLIST_EXHAUSTED,TERMINAL,0,0,0,NOT_VALIDATED,False,0,338,
UCVjCtqjlMB3S0UpsJsC9_xA,324,324,0,2023-09-09T12:47:16+00:00,2026-08-29T02:18:18+00:00,False,PLAYLIST_EXHAUSTED,TERMINAL,0,0,0,NOT_VALIDATED,False,0,676,
UCVjZjOsH1_hkjhOkYkylAmg,93,93,0,2025-06-13T13:01:36+00:00,2026-08-21T02:34:34+00:00,False,PLAYLIST_EXHAUSTED,TERMINAL,0,0,0,NOT_VALIDATED,False,0,907,
UCVjhbrfJG9GX2sXsl7B3AIg,8,8,0,2023-04-19T18:07:25+00:00,2025-12-15T19:18:03+00:00,False,PLAYLIST_EXHAUSTED,TERMINAL,0,0,0,NOT_VALIDATED,False,0,992,
UCVjpFP1_Ny3PUoE26r4ITaw,700,700,0,2025-02-13T03:58:27+00:00,2026-09-10T05:59:59+00:00,False,PENDING,PENDING_PAGINATION,0,0,0,NOT_VALIDATED,False,,300,
UCVlgCh9B_0PI7COJ2tJ7hIw,325,325,0,2024-09-23T03:06:00+00:00,2026-09-09T04:19:46+00:00,False,PLAYLIST_EXHAUSTED,TERMINAL,0,0,0,NOT_VALIDATED,False,0,675,
UCVmZ-RvoPuxk9siBRctLwsA,135,135,0,2024-02-18T03:05:28+00:00,2026-09-07T10:00:37+00:00,False,PLAYLIST_EXHAUSTED,TERMINAL,0,0,0,NOT_VALIDATED,False,0,865,
UCVogMqMZimg5YbPE48oPrlg,1,1,0,2024-09-03T11:26:58+00:00,2024-09-03T11:26:58+00:00,False,PLAYLIST_EXHAUSTED,TERMINAL,0,0,0,NOT_VALIDATED,False,0,999,
UCVvTvmP37h2C2NuHqB_Uekg,1,1,0,2025-06-28T17:47:25+00:00,2025-06-28T17:47:25+00:00,False,PLAYLIST_EXHAUSTED,TERMINAL,0,0,0,NOT_VALIDATED,False,0,999,
UCVxEGzv2qEyFXQAsqgjuIog,146,146,0,2022-03-14T16:36:06+00:00,2026-08-22T04:13:48+00:00,False,PLAYLIST_EXHAUSTED,TERMINAL,0,0,0,NOT_VALIDATED,False,0,854,
UCVxPzerhZ7g_OL_5okEk08g,140,140,0,2024-10-21T04:25:30+00:00,2026-09-08T15:06:16+00:00,False,PLAYLIST_EXHAUSTED,TERMINAL,0,0,0,NOT_VALIDATED,False,0,860,
UCVzwh-Nav8BxYbm-Vt6xQYg,700,700,0,2025-02-21T20:03:35+00:00,2026-09-09T16:31:18+00:00,False,PENDING,PENDING_PAGINATION,0,0,0,NOT_VALIDATED,False,,300,
UCW0EhUBJrTtjSywG4-MGgrQ,549,549,0,2023-11-11T10:00:09+00:00,2026-05-11T14:12:28+00:00,False,PLAYLIST_EXHAUSTED,TERMINAL,0,0,0,NOT_VALIDATED,False,0,451,
UCW5ZZhibxHgZ6wLzqXK97XQ,700,700,0,2025-03-13T09:31:52+00:00,2026-09-10T05:10:15+00:00,False,PENDING,PENDING_PAGINATION,0,0,0,NON_MONOTONIC,False,,300,
UCWGL-srZbmgncoJ9YKJrdAg,1,1,0,2023-05-09T07:34:45+00:00,2023-05-09T07:34:45+00:00,False,PLAYLIST_EXHAUSTED,TERMINAL,0,0,0,NOT_VALIDATED,False,0,999,
UCWLGTmRYmq283VD3QreyyLg,124,124,0,2024-10-19T04:00:32+00:00,2026-08-27T04:27:10+00:00,False,PLAYLIST_EXHAUSTED,TERMINAL,0,0,0,NOT_VALIDATED,False,0,876,
UCWM76ZPAZqDNOAp5AKn9uIw,272,272,0,2023-03-08T16:30:47+00:00,2026-05-11T09:20:00+00:00,False,PLAYLIST_EXHAUSTED,TERMINAL,0,0,0,NOT_VALIDATED,False,0,728,
UCWNVjAzZmYUni8YBXYiy01w,514,514,0,2019-10-06T22:15:16+00:00,2026-09-02T15:23:49+00:00,True,PLAYLIST_EXHAUSTED,TERMINAL,0,0,0,NOT_VALIDATED,False,0,486,
UCWO1YqwwjkAk2aXp8y-Qo8g,0,0,0,,,False,PARTIAL_ERROR,NOT_FOUND,0,0,0,NOT_VALIDATED,False,,1000,False
UCWRc7m30K-4jNCyVnWh_a-w,700,700,0,2024-09-21T16:52:10+00:00,2026-09-10T03:03:08+00:00,False,PENDING,PENDING_PAGINATION,0,0,0,NOT_VALIDATED,False,,300,
UCWS53JU_S79XyN9KKOCOCHw,127,127,0,2025-03-07T01:46:16+00:00,2026-07-10T17:10:01+00:00,False,PLAYLIST_EXHAUSTED,TERMINAL,0,0,0,NOT_VALIDATED,False,0,873,
UCWU7kvLd_JBaBqO_ilTYd_A,700,700,0,2021-11-30T11:00:14+00:00,2026-09-03T16:32:18+00:00,False,PENDING,PENDING_PAGINATION,0,0,0,NOT_VALIDATED,False,,300,
UCWa0z5W_t2B46XB3a5OKU0Q,14,14,0,2026-07-19T06:03:05+00:00,2026-09-09T22:16:23+00:00,False,PLAYLIST_EXHAUSTED,TERMINAL,0,0,0,NOT_VALIDATED,False,0,986,
UCWe8lxEFSt84vZ7srlHySVw,199,199,0,2023-12-17T16:26:53+00:00,2026-09-07T13:13:38+00:00,False,PLAYLIST_EXHAUSTED,TERMINAL,0,0,0,NOT_VALIDATED,False,0,801,
UCWjaqaEssIOviThtKEtBvsw,132,132,0,2024-11-24T01:37:47+00:00,2026-08-13T03:32:16+00:00,False,PLAYLIST_EXHAUSTED,TERMINAL,0,0,0,NOT_VALIDATED,False,0,868,
UCWm99dEdWyZR-jWLyzzOIZA,218,218,0,2024-06-01T06:25:39+00:00,2026-07-24T05:52:06+00:00,False,PLAYLIST_EXHAUSTED,TERMINAL,0,0,0,NOT_VALIDATED,False,0,782,
UCWp6-EK_2seNDN_HN3mo9gA,700,700,0,2024-04-05T20:16:00+00:00,2026-09-10T03:43:40+00:00,False,PENDING,PENDING_PAGINATION,0,0,0,NOT_VALIDATED,False,,300,
UCWw9JzEA7hdBnSFR-_Y0DlA,494,494,0,2024-04-20T15:47:22+00:00,2026-09-07T03:50:34+00:00,False,PLAYLIST_EXHAUSTED,TERMINAL,0,0,0,NOT_VALIDATED,False,0,506,
UCX5Qv6nz_HUVKtaDiMEReyQ,218,218,0,2020-12-12T20:12:03+00:00,2026-09-09T10:00:34+00:00,True,PLAYLIST_EXHAUSTED,TERMINAL,0,0,0,NOT_VALIDATED,False,0,782,
UCX709cHEHWW3QU1qSA_dyVA,420,420,0,2025-06-29T10:54:28+00:00,2026-09-09T22:32:54+00:00,False,PLAYLIST_EXHAUSTED,TERMINAL,0,0,0,NOT_VALIDATED,False,0,580,
UCXBd37-oAdMimpTzXN9WtVQ,0,0,0,,,False,PARTIAL_ERROR,NOT_FOUND,0,0,0,NOT_VALIDATED,False,,1000,False
UCXG9ZvdggOsj5kb996vbYPg,700,700,0,2024-07-18T12:00:05+00:00,2026-09-10T05:00:38+00:00,False,PENDING,PENDING_PAGINATION,0,0,0,NOT_VALIDATED,False,,300,
UCXIVuxD2sPqxESwVEUtGPuA,1,1,0,2023-05-27T17:32:13+00:00,2023-05-27T17:32:13+00:00,False,PLAYLIST_EXHAUSTED,TERMINAL,0,0,0,NOT_VALIDATED,False,0,999,
UCXOGcY1DJ8uohGI3KTPue-g,263,263,0,2025-05-26T02:22:28+00:00,2026-09-08T07:15:52+00:00,False,PLAYLIST_EXHAUSTED,TERMINAL,0,0,0,NOT_VALIDATED,False,0,737,
UCXORtYHsd6uxJK15JvHzxvA,700,700,0,2022-10-08T10:00:22+00:00,2026-09-06T20:34:33+00:00,False,PENDING,PENDING_PAGINATION,0,0,0,NOT_VALIDATED,False,,300,
UCXOcqHz5rj8NGhNvAQfManw,92,92,0,2023-08-03T15:31:31+00:00,2024-06-25T03:20:43+00:00,False,PLAYLIST_EXHAUSTED,TERMINAL,0,0,0,NOT_VALIDATED,False,0,908,
UCXTC545Ye8-2RFdSZ4LXoSg,700,700,0,2024-04-16T15:00:26+00:00,2026-08-15T08:49:28+00:00,False,PENDING,PENDING_PAGINATION,0,0,0,NOT_VALIDATED,False,,300,
UCXWwuHiYZepNhYk3lBrj2pg,401,401,0,2023-06-04T11:00:13+00:00,2026-09-09T18:25:36+00:00,False,PLAYLIST_EXHAUSTED,TERMINAL,0,0,0,NOT_VALIDATED,False,0,599,
UCX_lpBjVENv-6AmJmtGAuig,99,99,0,2025-09-11T11:00:14+00:00,2026-09-06T12:01:33+00:00,False,PLAYLIST_EXHAUSTED,TERMINAL,0,0,0,NOT_VALIDATED,False,0,901,
UCXddo8vgPHBsEkDMqRwcYSQ,134,134,0,2022-02-18T14:40:37+00:00,2025-06-01T13:49:43+00:00,False,PLAYLIST_EXHAUSTED,TERMINAL,0,0,0,NOT_VALIDATED,False,0,866,
UCXkoAHy8rg9tryYsD61IXOg,316,316,0,2024-06-09T12:03:29+00:00,2026-08-30T11:15:38+00:00,False,PLAYLIST_EXHAUSTED,TERMINAL,0,0,0,NOT_VALIDATED,False,0,684,
UCXl3UWVn6XXFSNM5YNHlSCw,1,1,0,2021-08-31T11:59:04+00:00,2021-08-31T11:59:04+00:00,False,PLAYLIST_EXHAUSTED,TERMINAL,0,0,0,NOT_VALIDATED,False,0,999,
UCXtQTtPJedfjqEPysorbsMg,40,40,0,2020-06-29T11:00:09+00:00,2022-03-26T11:26:32+00:00,True,PLAYLIST_EXHAUSTED,TERMINAL,0,0,0,NOT_VALIDATED,False,0,960,
UCXuiHw-k05CnSu5_DjKUytw,700,700,0,2022-05-30T05:37:24+00:00,2026-09-10T05:05:58+00:00,False,PENDING,PENDING_PAGINATION,0,0,0,NOT_VALIDATED,False,,300,
UCXwc3r1q3yyxugIq2KM9K7A,699,699,0,2025-08-13T20:41:22+00:00,2026-09-08T19:58:41+00:00,False,PENDING,PENDING_PAGINATION,0,0,1,NOT_VALIDATED,False,,301,
UCXyk13M_Y892ar9xTPNF75w,141,141,0,2022-10-13T13:17:55+00:00,2026-05-23T16:43:29+00:00,False,PLAYLIST_EXHAUSTED,TERMINAL,0,0,0,NOT_VALIDATED,False,0,859,
UCY-5Lf7AJKFj4fudzFi1AZw,288,288,0,2021-08-24T09:29:48+00:00,2026-05-27T12:22:06+00:00,False,PLAYLIST_EXHAUSTED,TERMINAL,0,0,0,NOT_VALIDATED,False,0,712,
UCY2VnFiaqNirU_QKxqgR96w,0,0,0,,,False,PARTIAL_ERROR,NOT_FOUND,0,0,0,NOT_VALIDATED,False,,1000,False
UCY3reV-jwagniwcghy1B4VA,292,292,0,2007-02-09T08:08:49+00:00,2025-03-26T10:08:26+00:00,True,PLAYLIST_EXHAUSTED,TERMINAL,0,0,0,NOT_VALIDATED,False,0,708,
UCY5HIZ97IaqeUGCQCh5yDpA,511,511,0,2022-04-06T19:24:08+00:00,2026-09-10T03:22:42+00:00,False,PLAYLIST_EXHAUSTED,TERMINAL,0,0,0,NOT_VALIDATED,False,0,489,
UCY8j33h1epfkBEkIv_K5WKg,1,1,0,2022-05-05T04:40:07+00:00,2022-05-05T04:40:07+00:00,False,PLAYLIST_EXHAUSTED,TERMINAL,0,0,0,NOT_VALIDATED,False,0,999,
UCYAKTFHayiQ-yvllmFmx5IA,54,54,0,2025-06-24T04:06:05+00:00,2026-08-30T14:03:34+00:00,False,PLAYLIST_EXHAUSTED,TERMINAL,0,0,0,NOT_VALIDATED,False,0,946,
UCYEWH_8lJYYxB_Ws5ee_ROw,63,63,0,2024-03-20T08:03:45+00:00,2026-07-28T02:56:22+00:00,False,PLAYLIST_EXHAUSTED,TERMINAL,0,0,0,NOT_VALIDATED,False,0,937,
UCYJ82i8mzIoGAyzIY4gLZKA,423,423,0,2017-11-07T09:49:03+00:00,2026-09-10T03:23:22+00:00,True,PLAYLIST_EXHAUSTED,TERMINAL,0,0,0,NOT_VALIDATED,False,0,577,
UCYWG9ZKz94VcpEqvvhBXk0A,421,421,0,2020-06-05T14:26:22+00:00,2026-09-08T16:47:20+00:00,True,PLAYLIST_EXHAUSTED,TERMINAL,0,0,0,NOT_VALIDATED,False,0,579,
UCYXMY8jostUgR-jf0tJD5dQ,125,125,0,2024-05-26T13:19:57+00:00,2025-12-26T03:58:14+00:00,False,PLAYLIST_EXHAUSTED,TERMINAL,0,0,0,NOT_VALIDATED,False,0,875,
UCYhbR4N_I_P5zMpK1rAR8Cw,452,452,0,2025-03-25T03:50:29+00:00,2026-09-06T03:00:19+00:00,False,PLAYLIST_EXHAUSTED,TERMINAL,0,0,0,NOT_VALIDATED,False,0,548,
UCYknXN1ydnhJACllweXGd-w,101,101,0,2022-11-12T07:25:27+00:00,2026-09-06T16:39:16+00:00,False,PLAYLIST_EXHAUSTED,TERMINAL,0,0,0,NOT_VALIDATED,False,0,899,
UCYo4x86C700J5ivxg98oOtw,172,172,0,2022-12-25T10:20:03+00:00,2026-08-30T16:34:48+00:00,False,PLAYLIST_EXHAUSTED,TERMINAL,0,0,0,NOT_VALIDATED,False,0,828,
UCYtNZ8-aeaazi3ImKB6y8aQ,627,627,0,2022-08-13T07:00:00+00:00,2026-09-09T21:52:29+00:00,False,PLAYLIST_EXHAUSTED,TERMINAL,0,0,0,NOT_VALIDATED,False,0,373,
UCYu6kxGsCK2-LcCmydfajgg,140,140,0,2025-07-10T11:00:53+00:00,2026-05-08T12:08:27+00:00,False,PLAYLIST_EXHAUSTED,TERMINAL,0,0,0,NOT_VALIDATED,False,0,860,
UCYu6pahmFwIki35ru8s62pQ,5,5,0,2020-12-31T14:30:38+00:00,2021-02-07T08:10:30+00:00,True,PLAYLIST_EXHAUSTED,TERMINAL,0,0,0,NOT_VALIDATED,False,0,995,
UCZ-Vbihp3Y84EzwVVd2GjDQ,7,7,0,2020-05-03T10:28:13+00:00,2021-11-20T07:20:15+00:00,True,PLAYLIST_EXHAUSTED,TERMINAL,0,0,0,NOT_VALIDATED,False,0,993,
UCZ0NN8Yx0Iq6RG7-hORFNbA,140,140,0,2023-09-15T14:18:19+00:00,2026-03-14T15:08:39+00:00,False,PLAYLIST_EXHAUSTED,TERMINAL,0,0,0,NOT_VALIDATED,False,0,860,
UCZ3R0yNb7ktPu1hdjbyQ2lg,153,153,0,2023-02-26T12:00:10+00:00,2025-01-30T03:40:28+00:00,False,PLAYLIST_EXHAUSTED,TERMINAL,0,0,0,NOT_VALIDATED,False,0,847,
UCZ8gzZWoN9B6GhlVOwnj0aQ,267,267,0,2025-11-18T05:36:33+00:00,2026-09-07T15:54:26+00:00,False,PLAYLIST_EXHAUSTED,TERMINAL,0,0,0,NOT_VALIDATED,False,0,733,
UCZBylMHjwaeTNJTLPxl6VgA,261,261,0,2022-08-19T11:00:10+00:00,2026-02-21T13:00:14+00:00,False,PLAYLIST_EXHAUSTED,TERMINAL,0,0,0,NOT_VALIDATED,False,0,739,
UCZHQ9zIKFuUEtoFd2c6yjwA,90,90,0,2024-12-24T17:17:18+00:00,2026-08-15T04:19:27+00:00,False,PLAYLIST_EXHAUSTED,TERMINAL,0,0,0,NOT_VALIDATED,False,0,910,
UCZLcxopXBfzR1Dsu8eC1DeQ,135,135,0,2023-08-05T03:51:29+00:00,2026-09-10T06:19:12+00:00,False,PLAYLIST_EXHAUSTED,TERMINAL,0,0,0,NOT_VALIDATED,False,0,865,
UCZSudswFZkaARozAZPFoC2Q,28,28,0,2021-08-09T04:30:03+00:00,2024-02-13T07:51:04+00:00,False,PLAYLIST_EXHAUSTED,TERMINAL,0,0,0,NOT_VALIDATED,False,0,972,
UCZYLQLIIviw56yaDcA9-VwA,203,203,0,2020-07-05T17:27:43+00:00,2026-09-09T15:16:22+00:00,True,PLAYLIST_EXHAUSTED,TERMINAL,0,0,0,NOT_VALIDATED,False,0,797,
UCZYTMrnVmu1iUVyGeqB6zJQ,590,590,0,2024-05-15T08:00:09+00:00,2026-09-09T14:09:00+00:00,False,PLAYLIST_EXHAUSTED,TERMINAL,0,0,0,NOT_VALIDATED,False,0,410,
UCZgkeKMeSJ5-ETLvt1KGgmg,28,28,0,2020-10-24T16:05:52+00:00,2022-06-24T17:59:17+00:00,True,PLAYLIST_EXHAUSTED,TERMINAL,0,0,0,NOT_VALIDATED,False,0,972,
UCZhewVQstdQB87rdWwIRHzg,452,452,0,2023-01-04T02:22:18+00:00,2026-09-07T16:13:56+00:00,False,PLAYLIST_EXHAUSTED,TERMINAL,0,0,0,NOT_VALIDATED,False,0,548,
UCZilc7jP-X_92Fii1uTIs0Q,700,700,0,2025-03-03T11:01:13+00:00,2026-09-07T15:00:02+00:00,False,PENDING,PENDING_PAGINATION,0,0,0,NOT_VALIDATED,False,,300,
UCZmQjdEL_PAGWvFlAm4hQMg,700,700,0,2022-12-12T03:00:31+00:00,2026-07-20T16:38:18+00:00,False,PLAYLIST_EXHAUSTED,TERMINAL,0,0,0,NOT_VALIDATED,False,0,300,
UCZmw6cMeVaCMtL_NhybhWJw,700,700,0,2023-01-22T01:29:54+00:00,2026-09-09T23:42:43+00:00,False,PENDING,PENDING_PAGINATION,0,0,0,NOT_VALIDATED,False,,300,
UCZq9-nxDs5XXEtAPzAuBnhQ,141,141,0,2025-06-04T07:13:04+00:00,2026-07-10T09:55:32+00:00,False,PLAYLIST_EXHAUSTED,TERMINAL,0,0,0,NOT_VALIDATED,False,0,859,
UCZrJx0Gxf_Vv2njDwnkaHIA,0,0,0,,,False,PARTIAL_ERROR,NOT_FOUND,0,0,0,NOT_VALIDATED,False,,1000,False
UCZsXl4d82Yx76SeGNtWGjlQ,68,68,0,2022-10-29T20:52:36+00:00,2026-02-10T18:43:47+00:00,False,PLAYLIST_EXHAUSTED,TERMINAL,0,0,0,NOT_VALIDATED,False,0,932,
UCZwx1KhdoiqQsoZAqCRbApw,221,221,0,2024-10-15T21:36:33+00:00,2026-07-16T22:55:38+00:00,False,PLAYLIST_EXHAUSTED,TERMINAL,0,0,0,NOT_VALIDATED,False,0,779,
UCZxNaWG_8Br9q1eTLSG5wPg,469,469,0,2024-04-12T10:07:54+00:00,2026-05-01T19:01:46+00:00,False,PLAYLIST_EXHAUSTED,TERMINAL,0,0,0,NOT_VALIDATED,False,0,531,
UC_4Kw9UFTDz_Hv7K_rH9DQg,96,96,0,2021-11-20T11:00:13+00:00,2022-07-07T21:51:13+00:00,False,PLAYLIST_EXHAUSTED,TERMINAL,0,0,0,NOT_VALIDATED,False,0,904,
UC_BZjak0ArVzJ-8yjUUaTqg,700,700,0,2024-02-02T11:00:39+00:00,2026-09-09T23:40:26+00:00,False,PENDING,PENDING_PAGINATION,0,0,0,NOT_VALIDATED,False,,300,
UC_JCN1qZMnnFzgzD_iTqrsg,459,459,0,2022-11-05T06:09:42+00:00,2026-09-06T18:15:04+00:00,False,PLAYLIST_EXHAUSTED,TERMINAL,0,0,0,NOT_VALIDATED,False,0,541,
UC_LTVw7bj_wFH4n8POeSNbw,243,243,0,2023-08-06T10:07:45+00:00,2026-08-29T16:04:40+00:00,False,PLAYLIST_EXHAUSTED,TERMINAL,0,0,0,NOT_VALIDATED,False,0,757,
UC_PZp8aADgJ9tiWMT44eUMg,123,123,0,2025-03-09T16:24:35+00:00,2026-08-13T10:40:46+00:00,False,PLAYLIST_EXHAUSTED,TERMINAL,0,0,0,NOT_VALIDATED,False,0,877,
UC_QxfkQ4RrWkiQmGeyYa1tQ,700,700,0,2025-04-08T10:10:44+00:00,2026-09-10T08:38:48+00:00,False,PENDING,PENDING_PAGINATION,0,0,0,NOT_VALIDATED,False,,300,
UC_RrxXP6eSLxgYYmoV4QdmA,361,361,0,2023-05-22T10:25:10+00:00,2025-02-03T14:39:16+00:00,False,PLAYLIST_EXHAUSTED,TERMINAL,0,0,0,NOT_VALIDATED,False,0,639,
UC_RvJQOjfm-vgtMRRXeq7mQ,105,105,0,2023-03-03T03:47:12+00:00,2026-08-31T01:40:34+00:00,False,PLAYLIST_EXHAUSTED,TERMINAL,0,0,0,NOT_VALIDATED,False,0,895,
UC_Tz70m-NMqHHkblzKa9v6A,693,693,0,2024-07-03T16:59:35+00:00,2026-08-29T10:45:32+00:00,False,PLAYLIST_EXHAUSTED,TERMINAL,0,0,0,NOT_VALIDATED,False,0,307,
UC_VUntI6UYF-qEB0k9VRWoQ,514,514,0,2022-11-28T14:02:14+00:00,2026-09-10T06:28:17+00:00,False,PLAYLIST_EXHAUSTED,TERMINAL,0,0,0,NOT_VALIDATED,False,0,486,
UC_Wo8eYbNSxzzeIke7_ssSQ,491,491,0,2023-02-14T17:42:57+00:00,2026-09-09T19:07:48+00:00,False,PLAYLIST_EXHAUSTED,TERMINAL,0,0,0,NOT_VALIDATED,False,0,509,
UC_XPgDT6i9evZc5uJF1tc8g,329,329,0,2023-10-06T10:00:11+00:00,2026-09-09T18:56:41+00:00,False,PLAYLIST_EXHAUSTED,TERMINAL,0,0,1,NOT_VALIDATED,False,0,671,
UC_XyNfXasr_yngj3VOJU3dg,344,344,0,2022-09-20T05:00:05+00:00,2026-08-10T10:30:30+00:00,False,PLAYLIST_EXHAUSTED,TERMINAL,0,0,0,NOT_VALIDATED,False,0,656,
UC_djfyZ7N_-hPSxtrSsBNfQ,55,55,0,2020-12-30T12:00:13+00:00,2025-09-20T16:59:00+00:00,True,PLAYLIST_EXHAUSTED,TERMINAL,0,0,0,NOT_VALIDATED,False,0,945,
UC_f-4lGvlAXpBrN9vHertvA,0,0,0,,,False,PARTIAL_ERROR,NOT_FOUND,0,0,0,NOT_VALIDATED,False,,1000,False
UC_hrRvjp0dzI0W6goBxRMPA,203,203,0,2024-10-14T10:39:56+00:00,2026-08-14T03:53:25+00:00,False,PLAYLIST_EXHAUSTED,TERMINAL,0,0,0,NOT_VALIDATED,False,0,797,
UC_nmh9XycGlquouvai2UC6g,699,699,0,2024-10-04T16:22:52+00:00,2026-09-08T09:30:21+00:00,False,PENDING,PENDING_PAGINATION,0,0,1,NOT_VALIDATED,False,,301,
UC_oH76DShLob3sbdod-RF6Q,83,83,0,2025-08-10T16:12:19+00:00,2026-09-09T08:32:45+00:00,False,PLAYLIST_EXHAUSTED,TERMINAL,0,0,0,NOT_VALIDATED,False,0,917,
UC_qD5kQNDIWdfeAR5pH3bBA,89,89,0,2025-01-21T05:49:46+00:00,2026-04-12T14:32:17+00:00,False,PLAYLIST_EXHAUSTED,TERMINAL,0,0,0,NOT_VALIDATED,False,0,911,
UC_s_7eBay8mKkA8L7HBtzHQ,276,276,0,2022-10-15T16:48:18+00:00,2025-03-14T14:50:00+00:00,False,PLAYLIST_EXHAUSTED,TERMINAL,0,0,0,NOT_VALIDATED,False,0,724,
UC_yoxmr7vWS7wD_ashIMaWg,381,381,0,2021-07-13T13:25:39+00:00,2024-12-31T16:01:00+00:00,False,PLAYLIST_EXHAUSTED,TERMINAL,0,0,0,NOT_VALIDATED,False,0,619,
UCa-B3lVdQB9UOCAfVVoVcIA,75,75,0,2021-08-01T02:57:45+00:00,2025-09-09T19:13:06+00:00,False,PLAYLIST_EXHAUSTED,TERMINAL,0,0,0,NOT_VALIDATED,False,0,925,
UCa-n4r4lWEWFcAT95ptx44w,176,176,0,2021-09-21T17:34:49+00:00,2025-08-18T09:24:38+00:00,False,PLAYLIST_EXHAUSTED,TERMINAL,0,0,0,NOT_VALIDATED,False,0,824,
UCa2Cm1mnIXZqcUkGBvOEAKw,76,76,0,2026-03-17T11:43:09+00:00,2026-09-09T15:48:07+00:00,False,PLAYLIST_EXHAUSTED,TERMINAL,0,0,0,NOT_VALIDATED,False,0,924,
UCa4xya8876A35_fQCrjO46g,8,8,0,2024-10-20T16:09:21+00:00,2026-04-11T03:13:54+00:00,False,PLAYLIST_EXHAUSTED,TERMINAL,0,0,0,NOT_VALIDATED,False,0,992,
UCa6vtZqjqy-qr4dOZty6xtQ,309,309,0,2021-11-27T19:21:17+00:00,2026-09-09T22:45:58+00:00,False,PLAYLIST_EXHAUSTED,TERMINAL,0,0,0,NOT_VALIDATED,False,0,691,
UCa7Slk7_l3qK3YFGZWa2IsQ,92,92,0,2022-09-19T12:44:19+00:00,2023-06-28T08:13:20+00:00,False,PLAYLIST_EXHAUSTED,TERMINAL,0,0,0,NOT_VALIDATED,False,0,908,
UCa8ILv94qHT6oar_jVzg9sQ,600,600,0,2024-05-15T08:00:32+00:00,2026-09-10T00:01:55+00:00,False,PLAYLIST_EXHAUSTED,TERMINAL,0,0,0,NOT_VALIDATED,False,0,400,
UCaCHWJ4_dp4ovreQ91lp3Iw,108,108,0,2024-06-21T13:09:56+00:00,2026-09-08T16:46:45+00:00,False,PLAYLIST_EXHAUSTED,TERMINAL,0,0,0,NOT_VALIDATED,False,0,892,
UCaCZ78DoDsPxejb_azg1hog,268,268,0,2020-10-27T01:03:37+00:00,2026-05-23T05:00:33+00:00,True,PLAYLIST_EXHAUSTED,TERMINAL,0,0,0,NOT_VALIDATED,False,0,732,
UCaGeOrKAIDWkmwp4MvPXVtg,183,183,0,2024-10-05T02:47:00+00:00,2026-09-10T05:47:15+00:00,False,PLAYLIST_EXHAUSTED,TERMINAL,0,0,0,NOT_VALIDATED,False,0,817,
UCaK_8j3AfLucrbABPzoqG8w,9,9,0,2022-08-15T13:47:42+00:00,2024-08-11T10:00:55+00:00,False,PLAYLIST_EXHAUSTED,TERMINAL,0,0,0,NOT_VALIDATED,False,0,991,
UCaKlXG2ijXoovTEOlSBRTHA,164,164,0,2024-09-29T13:00:52+00:00,2026-09-10T08:40:55+00:00,False,PLAYLIST_EXHAUSTED,TERMINAL,0,0,0,NOT_VALIDATED,False,0,836,
UCaM7hDc5B6kte2T7P6_Fpnw,498,498,0,2023-08-30T15:02:03+00:00,2026-09-07T12:00:33+00:00,False,PLAYLIST_EXHAUSTED,TERMINAL,0,0,0,NOT_VALIDATED,False,0,502,
UCaMhj4Q6-bx1IZE3izVtk6A,198,198,0,2024-04-28T12:47:27+00:00,2025-12-07T17:02:26+00:00,False,PLAYLIST_EXHAUSTED,TERMINAL,0,0,0,NOT_VALIDATED,False,0,802,
UCaNQI1xcU1ZC4W0guaIMgTg,700,700,0,2025-07-30T02:02:04+00:00,2026-09-10T06:05:36+00:00,False,PENDING,PENDING_PAGINATION,0,0,0,NOT_VALIDATED,False,,300,
UCaNo5k03dtYzsJ3TqL3JPUw,68,68,0,2020-10-09T08:54:16+00:00,2025-06-27T13:33:16+00:00,True,PLAYLIST_EXHAUSTED,TERMINAL,0,0,0,NOT_VALIDATED,False,0,932,
UCaO7dcbFuHSol9_4g1driVg,594,594,0,2022-08-18T13:08:20+00:00,2026-09-08T16:30:54+00:00,False,PLAYLIST_EXHAUSTED,TERMINAL,0,0,0,NOT_VALIDATED,False,0,406,
UCaazykhRsTDHw7zxowhbpiw,13,13,0,2020-06-17T16:08:00+00:00,2026-06-23T11:06:55+00:00,True,PLAYLIST_EXHAUSTED,TERMINAL,0,0,0,NOT_VALIDATED,False,0,987,
UCacSkKAhjz4pDmyee5IiL5A,579,579,0,2023-03-26T10:17:49+00:00,2026-09-09T11:00:32+00:00,False,PLAYLIST_EXHAUSTED,TERMINAL,0,0,0,NOT_VALIDATED,False,0,421,
UCadBHNCSacgE3vePH8UtbMA,224,224,0,2021-05-15T02:27:17+00:00,2026-08-01T18:21:53+00:00,False,PLAYLIST_EXHAUSTED,TERMINAL,0,0,0,NOT_VALIDATED,False,0,776,
UCafG1bj6Qtcbn4bozcicWfA,700,700,0,2024-07-24T00:45:27+00:00,2026-09-09T17:56:32+00:00,False,PENDING,PENDING_PAGINATION,0,0,0,NOT_VALIDATED,False,,300,
UCahw5ZcdjoFfS6WlfJButNg,181,181,0,2026-01-10T13:00:54+00:00,2026-09-10T08:15:21+00:00,False,PLAYLIST_EXHAUSTED,TERMINAL,0,0,1,NOT_VALIDATED,False,0,819,
UCalvpWY2A2P4-h5UIs1jGgA,700,700,0,2024-04-09T03:30:11+00:00,2026-09-09T13:15:20+00:00,False,PENDING,PENDING_PAGINATION,0,0,0,NOT_VALIDATED,False,,300,
UCantL0_E-ATsKZTmZmZ51tw,122,122,0,2025-02-06T12:00:26+00:00,2026-09-10T04:28:56+00:00,False,PLAYLIST_EXHAUSTED,TERMINAL,0,0,0,NOT_VALIDATED,False,0,878,
UCapmEuEA_aL81YaihYO27vQ,28,28,0,2021-06-26T02:25:44+00:00,2022-01-18T22:03:18+00:00,False,PLAYLIST_EXHAUSTED,TERMINAL,0,0,0,NOT_VALIDATED,False,0,972,
UCaq7JU0j74R0TsjlViB_-MA,304,304,0,2024-11-21T15:54:31+00:00,2026-09-06T02:59:12+00:00,False,PLAYLIST_EXHAUSTED,TERMINAL,0,0,0,NOT_VALIDATED,False,0,696,
UCatSdbBdnsXgFpCyhJ7jYGg,215,215,0,2020-03-17T09:00:02+00:00,2026-08-15T15:45:13+00:00,True,PLAYLIST_EXHAUSTED,TERMINAL,0,0,0,NOT_VALIDATED,False,0,785,
UCawpXTKN_jWyTXG97-DD1zQ,20,20,0,2026-04-17T16:23:02+00:00,2026-09-05T14:13:03+00:00,False,PLAYLIST_EXHAUSTED,TERMINAL,0,0,0,NOT_VALIDATED,False,0,980,
UCb6cL1o1-78FjrUOR-AVqMw,222,222,0,2024-07-17T15:35:30+00:00,2026-09-09T17:16:05+00:00,False,PLAYLIST_EXHAUSTED,TERMINAL,0,0,0,NOT_VALIDATED,False,0,778,
UCbD0eVN3O-T7iBszxoBYwdA,700,700,0,2021-10-01T01:15:47+00:00,2026-09-07T10:41:17+00:00,False,PENDING,PENDING_PAGINATION,0,0,0,NOT_VALIDATED,False,,300,
UCbE22G3pUiL9j0mY0-XAl7w,414,414,0,2024-02-02T05:48:02+00:00,2026-09-10T03:56:27+00:00,False,PLAYLIST_EXHAUSTED,TERMINAL,0,0,0,NOT_VALIDATED,False,0,586,
UCbE5PSt6dbI8_URxa7tl_TA,136,136,0,2025-03-10T13:55:44+00:00,2026-09-10T06:43:05+00:00,False,PLAYLIST_EXHAUSTED,TERMINAL,0,0,0,NOT_VALIDATED,False,0,864,
UCbEkHjG43yPMGq5W08jq1TQ,650,650,0,2022-04-29T17:45:45+00:00,2026-09-07T17:04:04+00:00,False,PENDING,PENDING_PAGINATION,0,0,0,NOT_VALIDATED,False,,350,
UCbFDpdmVcTy1weHo1KDU9uQ,33,33,0,2022-09-14T04:29:03+00:00,2026-06-14T16:56:20+00:00,False,PLAYLIST_EXHAUSTED,TERMINAL,0,0,0,NOT_VALIDATED,False,0,967,
UCbHVEzb9fr8DxWPUxCAEOVQ,297,297,0,2024-07-28T22:01:11+00:00,2026-09-10T08:41:55+00:00,False,PLAYLIST_EXHAUSTED,TERMINAL,0,0,0,NOT_VALIDATED,False,0,703,
UCbJzR2e_KQAATjnkddLTL9A,251,251,0,2020-09-13T07:15:00+00:00,2026-09-05T05:00:29+00:00,True,PLAYLIST_EXHAUSTED,TERMINAL,0,0,0,NOT_VALIDATED,False,0,749,
UCbLBp0DgOr1ryQBdYp-AGcQ,162,162,0,2022-06-23T12:00:12+00:00,2026-07-25T14:40:54+00:00,False,PLAYLIST_EXHAUSTED,TERMINAL,0,0,0,NOT_VALIDATED,False,0,838,
UCbS8T1ffrgNRkvRy11KbnHQ,277,277,0,2022-12-09T04:30:01+00:00,2026-09-04T02:34:23+00:00,False,PLAYLIST_EXHAUSTED,TERMINAL,0,0,0,NOT_VALIDATED,False,0,723,
UCbTN1R7AbdA1vICChlVDaYg,58,58,0,2022-09-08T05:07:40+00:00,2026-09-09T04:37:03+00:00,False,PLAYLIST_EXHAUSTED,TERMINAL,0,0,0,NOT_VALIDATED,False,0,942,
UCbXO3ON6BR4-lhx5Yd4yzKA,650,650,0,2023-03-20T16:16:50+00:00,2026-09-09T15:52:14+00:00,False,PENDING,PENDING_PAGINATION,0,0,0,NOT_VALIDATED,False,,350,
UCbXXQtmpcBI8GtO2Xg5pYuw,650,650,0,2023-02-03T02:56:09+00:00,2026-09-08T16:28:54+00:00,False,PENDING,PENDING_PAGINATION,0,0,0,NOT_VALIDATED,False,,350,
UCbXZ2JNCFUc5cMWO0480grA,8,8,0,2025-01-27T14:19:12+00:00,2026-08-12T21:01:26+00:00,False,PLAYLIST_EXHAUSTED,TERMINAL,0,0,0,NOT_VALIDATED,False,0,992,
UCbZDGjLa_Rc3TfPVXMR1Tog,643,643,0,2023-11-11T10:12:14+00:00,2026-09-10T01:04:04+00:00,False,PLAYLIST_EXHAUSTED,TERMINAL,0,0,0,NOT_VALIDATED,False,0,357,
UCbbK8AskO_4tRrs0yc7bQXQ,208,208,0,2020-12-06T17:09:55+00:00,2026-09-10T03:50:42+00:00,True,PLAYLIST_EXHAUSTED,TERMINAL,0,0,0,NOT_VALIDATED,False,0,792,
UCbd5WWyYS2WBMNNxfVEBQQg,175,175,0,2025-04-21T03:34:38+00:00,2026-09-05T10:05:30+00:00,False,PLAYLIST_EXHAUSTED,TERMINAL,0,0,0,NOT_VALIDATED,False,0,825,
UCbdwIhYMC977P-Fk6d0utoQ,369,369,0,2022-06-28T11:46:44+00:00,2026-06-16T15:13:29+00:00,False,PLAYLIST_EXHAUSTED,TERMINAL,0,0,0,NOT_VALIDATED,False,0,631,
UCbeaB9MoD9IyXqBshyQuNRQ,628,628,0,2019-08-23T21:57:42+00:00,2026-09-09T11:00:27+00:00,True,PLAYLIST_EXHAUSTED,TERMINAL,0,0,0,NOT_VALIDATED,False,0,372,
UCbfARUSxU4X2o5_PwjRXezw,206,206,0,2021-06-23T05:00:13+00:00,2022-06-30T02:08:11+00:00,False,PLAYLIST_EXHAUSTED,TERMINAL,0,0,0,NOT_VALIDATED,False,0,794,
UCbfqosxk1LXHk3pW1p3G0GA,83,83,0,2025-04-19T13:01:04+00:00,2026-09-03T18:37:59+00:00,False,PLAYLIST_EXHAUSTED,TERMINAL,0,0,0,NOT_VALIDATED,False,0,917,
UCbwvKxA5KSud4jcaD5g5ukQ,583,583,0,2022-02-27T19:45:55+00:00,2025-08-09T03:14:16+00:00,False,PLAYLIST_EXHAUSTED,TERMINAL,0,0,0,NOT_VALIDATED,False,0,417,
UCbypR_t0teWxIdrQ9i83XiQ,147,147,0,2025-06-06T14:30:06+00:00,2026-09-09T09:45:38+00:00,False,PLAYLIST_EXHAUSTED,TERMINAL,0,0,0,NOT_VALIDATED,False,0,853,
UCbzEo3V4jrYslgsDPXUV8-A,130,130,0,2022-08-13T08:21:37+00:00,2026-09-05T03:42:20+00:00,False,PLAYLIST_EXHAUSTED,TERMINAL,0,0,0,NOT_VALIDATED,False,0,870,
UCc31qMp87wZnOpcxkQB7Prw,582,582,0,2020-10-06T08:45:12+00:00,2026-09-08T17:02:11+00:00,True,PLAYLIST_EXHAUSTED,TERMINAL,0,0,0,NOT_VALIDATED,False,0,418,
UCc3SW0RuO0pK4n1jYmDvGKw,237,237,0,2018-10-02T06:13:22+00:00,2026-09-09T15:10:09+00:00,True,PLAYLIST_EXHAUSTED,TERMINAL,0,0,0,NOT_VALIDATED,False,0,763,
UCc6hwdN1yu2QT9o4yIHUPnQ,0,0,0,,,False,PARTIAL_ERROR,NOT_FOUND,0,0,0,NOT_VALIDATED,False,,1000,False
UCc6ilVu6_FK9y_9qMMh4WMQ,108,108,0,2021-06-29T04:27:32+00:00,2026-09-05T08:00:36+00:00,False,PLAYLIST_EXHAUSTED,TERMINAL,0,0,0,NOT_VALIDATED,False,0,892,
UCc9W8GnDEHPNgt6eshaAvQw,173,173,0,2025-02-06T12:00:14+00:00,2026-09-09T16:26:15+00:00,False,PLAYLIST_EXHAUSTED,TERMINAL,0,0,0,NOT_VALIDATED,False,0,827,
UCcEeR95bngZpdswBuEWJ0DQ,1,1,0,2022-05-08T02:02:04+00:00,2022-05-08T02:02:04+00:00,False,PLAYLIST_EXHAUSTED,TERMINAL,0,0,0,NOT_VALIDATED,False,0,999,
UCcFIthTrwa6N-1ri9sQZstw,480,480,0,2023-12-11T12:30:25+00:00,2026-09-07T17:38:34+00:00,False,PLAYLIST_EXHAUSTED,TERMINAL,0,0,0,NOT_VALIDATED,False,0,520,
UCcG3H4vlPyThp_yQpySo0gw,58,58,0,2023-10-12T08:57:21+00:00,2026-05-23T16:08:09+00:00,False,PLAYLIST_EXHAUSTED,TERMINAL,0,0,0,NOT_VALIDATED,False,0,942,
UCcJnP0qoimAQg8L3sTJ1O_Q,234,234,0,2022-10-18T02:10:20+00:00,2026-08-31T15:12:41+00:00,False,PLAYLIST_EXHAUSTED,TERMINAL,0,0,0,NOT_VALIDATED,False,0,766,
UCcKP-pSFONm5IMA-GdikUEQ,60,60,0,2025-02-28T12:00:06+00:00,2026-06-04T05:00:16+00:00,False,PLAYLIST_EXHAUSTED,TERMINAL,0,0,0,NOT_VALIDATED,False,0,940,
UCcKPhwmHkBGaYKBp50jPzzg,372,372,0,2023-02-05T02:50:00+00:00,2026-09-05T17:13:25+00:00,False,PLAYLIST_EXHAUSTED,TERMINAL,0,0,0,NOT_VALIDATED,False,0,628,
UCcLO1hhvvD6AKtDayqDABpA,67,67,0,2018-11-11T16:52:29+00:00,2022-10-22T14:05:52+00:00,True,PLAYLIST_EXHAUSTED,TERMINAL,0,0,0,NOT_VALIDATED,False,0,933,
UCcM1cUyEXYmm13DgfwXS-oQ,388,388,0,2022-04-26T18:48:38+00:00,2026-08-12T04:21:07+00:00,False,PLAYLIST_EXHAUSTED,TERMINAL,0,0,0,NOT_VALIDATED,False,0,612,
UCcPlWQeuFutZ8VllrN_O2YA,130,130,0,2021-06-26T14:04:19+00:00,2022-10-01T10:50:02+00:00,False,PLAYLIST_EXHAUSTED,TERMINAL,0,0,0,NOT_VALIDATED,False,0,870,
UCcRaKGCG3RFenb8D2php_Jw,141,141,0,2020-11-04T04:56:30+00:00,2026-07-20T14:00:22+00:00,True,PLAYLIST_EXHAUSTED,TERMINAL,0,0,0,NOT_VALIDATED,False,0,859,
UCcTGGIt4hirVXIxUHPxIvXw,650,650,0,2023-01-14T03:00:31+00:00,2026-09-09T15:45:01+00:00,False,PENDING,PENDING_PAGINATION,0,0,0,NOT_VALIDATED,False,,350,
UCcbMfHO8TX8mQ9LEi4zs5Zw,650,650,0,2022-09-13T01:42:26+00:00,2026-09-09T16:22:31+00:00,False,PENDING,PENDING_PAGINATION,0,0,0,NOT_VALIDATED,False,,350,
UCcdu_2oQRES4yHL98BC4_fw,519,519,0,2022-11-21T13:30:10+00:00,2026-09-08T01:48:22+00:00,False,PLAYLIST_EXHAUSTED,TERMINAL,0,0,0,NOT_VALIDATED,False,0,481,
UCcfkeut6fAXSfuT1AmFi2cA,290,290,0,2023-03-30T02:35:08+00:00,2026-09-05T16:54:27+00:00,False,PLAYLIST_EXHAUSTED,TERMINAL,0,0,0,NOT_VALIDATED,False,0,710,
UCcgDP2RmeCqW1GTms1mkUlQ,568,568,0,2023-12-11T11:22:52+00:00,2026-09-09T06:06:13+00:00,False,PLAYLIST_EXHAUSTED,TERMINAL,0,0,0,NOT_VALIDATED,False,0,432,
UCchEIVkQk2tgdHiSc0LxGJQ,150,150,0,2024-09-01T02:36:09+00:00,2026-08-23T03:30:24+00:00,False,PLAYLIST_EXHAUSTED,TERMINAL,0,0,0,NOT_VALIDATED,False,0,850,
UCcjjQNj_XUhM1dH9TEXEpAg,354,354,0,2022-06-07T09:00:28+00:00,2026-09-05T20:30:52+00:00,False,PLAYLIST_EXHAUSTED,TERMINAL,0,0,0,NOT_VALIDATED,False,0,646,
UCcmmL4Bdgf1tvkAm8C57_rg,218,218,0,2024-11-17T13:33:34+00:00,2026-09-05T11:00:21+00:00,False,PLAYLIST_EXHAUSTED,TERMINAL,0,0,0,NOT_VALIDATED,False,0,782,
UCcrJWJBgpZ1A-EoFKqRRzOg,394,394,0,2020-11-15T15:40:44+00:00,2024-12-25T20:14:22+00:00,True,PLAYLIST_EXHAUSTED,TERMINAL,0,0,0,NOT_VALIDATED,False,0,606,
UCctSbuyO_J73eUqGUesZotw,6,6,0,2022-07-03T18:00:45+00:00,2023-01-23T05:35:03+00:00,False,PLAYLIST_EXHAUSTED,TERMINAL,0,0,0,NOT_VALIDATED,False,0,994,
UCd6Tzh7ZpVnCysNMt4nPjAg,376,376,0,2023-03-22T15:32:35+00:00,2026-09-09T14:36:53+00:00,False,PLAYLIST_EXHAUSTED,TERMINAL,0,0,0,NOT_VALIDATED,False,0,624,
UCdF31qg1W2KsKxSuSFECflA,150,150,0,2023-06-28T03:06:30+00:00,2026-09-05T01:42:28+00:00,False,PLAYLIST_EXHAUSTED,TERMINAL,0,0,0,NOT_VALIDATED,False,0,850,
UCdGC8XH74o6QTavyXw-5q2w,241,241,0,2019-09-28T05:00:00+00:00,2026-09-03T16:54:07+00:00,True,PLAYLIST_EXHAUSTED,TERMINAL,0,0,0,NOT_VALIDATED,False,0,759,
UCdPOgLoE_grESHHrpHDNsEg,405,405,0,2019-06-22T07:10:06+00:00,2026-09-04T16:32:00+00:00,True,PLAYLIST_EXHAUSTED,TERMINAL,0,0,0,NOT_VALIDATED,False,0,595,
UCdVlryCezLzVh74qwUfrL6Q,228,228,0,2025-03-02T11:00:01+00:00,2025-11-05T11:01:12+00:00,False,PLAYLIST_EXHAUSTED,TERMINAL,0,0,0,NOT_VALIDATED,False,0,772,
UCdYlA3Qi1TnZwThS9Rb7dog,636,636,0,2023-03-02T12:39:03+00:00,2026-04-23T07:00:22+00:00,False,PLAYLIST_EXHAUSTED,TERMINAL,0,0,0,NOT_VALIDATED,False,0,364,
UCddeSRGyCRq2K8k_NPprI-g,279,279,0,2022-03-06T02:16:44+00:00,2026-08-12T15:29:50+00:00,False,PLAYLIST_EXHAUSTED,TERMINAL,0,0,0,NOT_VALIDATED,False,0,721,
UCdgjIr2R7jAjCO-62Y4nMoQ,137,137,0,2025-05-28T11:01:00+00:00,2026-08-23T16:06:18+00:00,False,PLAYLIST_EXHAUSTED,TERMINAL,0,0,0,NOT_VALIDATED,False,0,863,
UCdlJxYXr4eh44NeCSjOe_Fg,650,650,0,2024-08-24T01:40:38+00:00,2026-09-10T05:41:46+00:00,False,PENDING,PENDING_PAGINATION,0,0,0,NOT_VALIDATED,False,,350,
UCdlpXdGT3nGDTqIlxUcufCQ,649,649,0,2025-04-05T01:00:02+00:00,2026-09-08T09:00:11+00:00,False,PENDING,PENDING_PAGINATION,0,0,1,NOT_VALIDATED,False,,351,
UCdlsSG0fa6l_BQ9otNkHjMg,23,23,0,2021-05-12T17:00:17+00:00,2021-07-19T12:35:40+00:00,False,PLAYLIST_EXHAUSTED,TERMINAL,0,0,0,NOT_VALIDATED,False,0,977,
UCdoQwqmi-QKjHOJnvg0wm4Q,41,41,0,2021-01-07T10:17:17+00:00,2025-10-19T11:43:34+00:00,False,PLAYLIST_EXHAUSTED,TERMINAL,0,0,0,NOT_VALIDATED,False,0,959,
UCdr7zWq0TdPTK-kp2hxUIVg,40,40,0,2021-11-23T18:01:39+00:00,2025-07-26T10:00:06+00:00,False,PLAYLIST_EXHAUSTED,TERMINAL,0,0,0,NOT_VALIDATED,False,0,960,
UCdxaZWWFBl3N7Ollc3EwZAw,650,650,0,2021-02-10T04:41:33+00:00,2026-09-09T02:30:21+00:00,False,PENDING,PENDING_PAGINATION,0,0,0,NOT_VALIDATED,False,,350,
UCe33CjMy_3DqvmKMMqEjWDQ,341,341,0,2020-11-11T02:13:59+00:00,2026-05-13T03:11:30+00:00,True,PLAYLIST_EXHAUSTED,TERMINAL,0,0,0,NOT_VALIDATED,False,0,659,
UCe7hiXgbk4K2XB677rqeOjA,248,248,0,2023-05-24T09:15:01+00:00,2026-07-26T05:32:07+00:00,False,PLAYLIST_EXHAUSTED,TERMINAL,0,0,0,NOT_VALIDATED,False,0,752,
UCe9-AfWL4jLg9CQC7QWa0_g,326,326,0,2022-08-24T06:57:18+00:00,2026-09-07T06:00:08+00:00,False,PLAYLIST_EXHAUSTED,TERMINAL,0,0,0,NOT_VALIDATED,False,0,674,
UCe9JOhIANHHvJovOdv-0r8A,217,217,0,2025-05-20T18:07:58+00:00,2026-09-09T03:37:01+00:00,False,PLAYLIST_EXHAUSTED,TERMINAL,0,0,0,NOT_VALIDATED,False,0,783,
UCeC8cJfqtHYl7w-0AoLApHQ,308,308,0,2023-02-21T16:16:56+00:00,2026-09-08T13:11:21+00:00,False,PLAYLIST_EXHAUSTED,TERMINAL,0,0,0,NOT_VALIDATED,False,0,692,
UCeI78GYlqHWzmWvjGmcjDsA,189,189,0,2025-05-12T05:18:47+00:00,2026-09-05T13:31:54+00:00,False,PLAYLIST_EXHAUSTED,TERMINAL,0,0,0,NOT_VALIDATED,False,0,811,
UCeKUKj8zu8QI_8Zidqgw1Kg,233,233,0,2022-09-13T12:28:07+00:00,2026-09-09T15:23:39+00:00,False,PLAYLIST_EXHAUSTED,TERMINAL,0,0,0,NOT_VALIDATED,False,0,767,
UCeLJ2rBYZwPrb5hbKY5X5eg,254,254,0,2023-01-24T03:46:16+00:00,2025-10-02T05:24:39+00:00,False,PLAYLIST_EXHAUSTED,TERMINAL,0,0,0,NOT_VALIDATED,False,0,746,
UCeMd3ACzZD2sVn2fYYWcuMQ,454,454,0,2024-05-22T22:32:37+00:00,2026-09-09T19:37:22+00:00,False,PLAYLIST_EXHAUSTED,TERMINAL,0,0,0,NOT_VALIDATED,False,0,546,
UCeTNHgOSMMFQTlWbJwpex_g,650,650,0,2024-03-23T05:57:08+00:00,2026-09-10T01:15:32+00:00,False,PENDING,PENDING_PAGINATION,0,0,0,NOT_VALIDATED,False,,350,
UCeY7KQH92GvxRR4F0YWbknA,212,212,0,2025-05-15T02:16:48+00:00,2026-09-09T16:59:12+00:00,False,PLAYLIST_EXHAUSTED,TERMINAL,0,0,0,NOT_VALIDATED,False,0,788,
UCeZoMTRssGhbl9vS5lvYsQg,243,243,0,2023-08-20T02:30:30+00:00,2026-09-09T12:07:49+00:00,False,PLAYLIST_EXHAUSTED,TERMINAL,0,0,0,NOT_VALIDATED,False,0,757,
UCei3lo9UhW4K9QE26iwuVjg,368,368,0,2021-09-13T08:39:35+00:00,2026-09-09T18:58:55+00:00,False,PLAYLIST_EXHAUSTED,TERMINAL,0,0,0,NOT_VALIDATED,False,0,632,
UCeijqgCP9z3zLJ-uwQzvFtQ,650,650,0,2019-10-13T05:00:01+00:00,2026-04-13T04:30:00+00:00,True,PENDING,PENDING_PAGINATION,0,0,0,NOT_VALIDATED,False,,350,
UCeoHajHKBl5q-UvfIEeOm3g,200,200,0,2021-04-14T08:30:00+00:00,2025-10-08T04:38:47+00:00,False,PLAYLIST_EXHAUSTED,TERMINAL,0,0,0,NOT_VALIDATED,False,0,800,
UCeoR2ozI_rHNtMZyWyYWI6Q,101,101,0,2021-09-19T04:29:53+00:00,2026-09-04T21:44:13+00:00,False,PLAYLIST_EXHAUSTED,TERMINAL,0,0,0,NOT_VALIDATED,False,0,899,
UCeogDPUhePBegonMId-BM_Q,650,650,0,2021-09-06T05:30:14+00:00,2026-08-15T21:46:26+00:00,False,PENDING,PENDING_PAGINATION,0,0,0,NOT_VALIDATED,False,,350,
UCepIXUC8KUvonowbahgMsQA,162,162,0,2020-12-07T08:48:54+00:00,2023-11-09T12:38:44+00:00,True,PLAYLIST_EXHAUSTED,TERMINAL,0,0,0,NOT_VALIDATED,False,0,838,
UCepQ5leDU2_KgTVOsD4so7A,45,45,0,2025-02-27T08:33:33+00:00,2026-09-01T11:21:35+00:00,False,PLAYLIST_EXHAUSTED,TERMINAL,0,0,0,NOT_VALIDATED,False,0,955,
UCeze7PeKkKYEkDmdPuNQOhQ,144,144,0,2026-01-22T09:20:03+00:00,2026-09-09T15:29:22+00:00,False,PLAYLIST_EXHAUSTED,TERMINAL,0,0,0,NOT_VALIDATED,False,0,856,
UCf-29F7w_0xRTXVDFol0spQ,90,90,0,2025-06-19T01:30:11+00:00,2026-08-28T11:30:02+00:00,False,PLAYLIST_EXHAUSTED,TERMINAL,0,0,0,NOT_VALIDATED,False,0,910,
UCf-P7yTlHAJlVwxzwHu915Q,403,403,0,2008-07-31T14:26:26+00:00,2026-09-03T17:00:34+00:00,True,PLAYLIST_EXHAUSTED,TERMINAL,0,0,0,NOT_VALIDATED,False,0,597,
UCf0WmZk5F5_1Qm9CNgEZNuA,10,10,0,2026-07-13T18:44:02+00:00,2026-07-19T15:58:18+00:00,False,PLAYLIST_EXHAUSTED,TERMINAL,0,0,0,NOT_VALIDATED,False,0,990,
UCf1aJaf0L0SXieSscG0qA9A,476,476,0,2019-08-20T11:44:49+00:00,2026-09-08T03:46:22+00:00,True,PLAYLIST_EXHAUSTED,TERMINAL,0,0,0,NOT_VALIDATED,False,0,524,
UCf4ma6wZwlPor4Q9uvHUvDQ,242,242,0,2022-06-08T12:00:01+00:00,2026-07-29T02:02:05+00:00,False,PLAYLIST_EXHAUSTED,TERMINAL,0,0,0,NOT_VALIDATED,False,0,758,
UCf6P5ojQTWAgVNUvlu08DNw,88,88,0,2023-03-11T03:40:29+00:00,2024-05-07T03:23:17+00:00,False,PLAYLIST_EXHAUSTED,TERMINAL,0,0,0,NOT_VALIDATED,False,0,912,
UCfDCemDzrBpQoZMIajLeI-w,650,650,0,2024-01-05T16:41:49+00:00,2026-09-10T01:34:05+00:00,False,PENDING,PENDING_PAGINATION,0,0,0,NOT_VALIDATED,False,,350,
UCfEcgIyELdrDcSbH6frZslg,119,119,0,2023-04-09T22:46:07+00:00,2026-08-19T16:08:26+00:00,False,PLAYLIST_EXHAUSTED,TERMINAL,0,0,0,NOT_VALIDATED,False,0,881,
UCfI5PfgpNZ3a2p7MS-m5gPA,650,650,0,2023-07-08T15:02:34+00:00,2026-09-09T04:30:24+00:00,False,PENDING,PENDING_PAGINATION,0,0,0,NOT_VALIDATED,False,,350,
UCfIXIjmCUKMBdmB2EspTygw,114,114,0,2023-10-12T09:00:58+00:00,2026-09-08T17:23:05+00:00,False,PLAYLIST_EXHAUSTED,TERMINAL,0,0,0,NOT_VALIDATED,False,0,886,
UCfPOynlPffrryH8JAsHOmJA,348,348,0,2023-02-24T13:00:11+00:00,2026-09-05T14:37:06+00:00,False,PLAYLIST_EXHAUSTED,TERMINAL,0,0,0,NOT_VALIDATED,False,0,652,
UCfPtDFCs4PzDU_hy0usORnw,435,435,0,2023-12-07T16:16:02+00:00,2026-09-04T09:07:07+00:00,False,PLAYLIST_EXHAUSTED,TERMINAL,0,0,0,NOT_VALIDATED,False,0,565,
UCfSvuVrYSKM3RgdEjl7iVxQ,49,49,0,2022-05-14T08:30:34+00:00,2026-04-06T13:22:47+00:00,False,PLAYLIST_EXHAUSTED,TERMINAL,0,0,0,NOT_VALIDATED,False,0,951,
UCfTaHjdctcy9veUwXK_GDBg,198,198,0,2024-02-06T13:10:21+00:00,2026-09-09T17:29:48+00:00,False,PLAYLIST_EXHAUSTED,TERMINAL,0,0,0,NOT_VALIDATED,False,0,802,
UCfaZG-sf7NrY3RBmoHBSOcg,650,650,0,2025-08-19T14:55:41+00:00,2026-09-09T03:49:31+00:00,False,PENDING,PENDING_PAGINATION,0,0,0,NOT_VALIDATED,False,,350,
UCfcNIwkAhHcDTP1rQg2n5nw,650,650,0,2023-05-13T05:28:20+00:00,2026-06-03T11:00:11+00:00,False,PENDING,PENDING_PAGINATION,0,0,0,NOT_VALIDATED,False,,350,
UCfe7Lxdn2PDp_xnnrC_RSzA,64,64,0,2024-08-28T12:15:09+00:00,2025-02-14T03:08:12+00:00,False,PLAYLIST_EXHAUSTED,TERMINAL,0,0,0,NOT_VALIDATED,False,0,936,
UCfiD6DpIwPP4lQ4NPqZNOHg,183,183,0,2021-09-04T12:37:36+00:00,2026-09-04T17:51:59+00:00,False,PLAYLIST_EXHAUSTED,TERMINAL,0,0,0,NOT_VALIDATED,False,0,817,
UCfpH7l2htEr8t_l6D3MbLpQ,528,528,0,2023-02-08T03:37:39+00:00,2026-09-08T18:41:40+00:00,False,PLAYLIST_EXHAUSTED,TERMINAL,0,0,0,NOT_VALIDATED,False,0,472,
UCfuH_6QxAjJXM_9q8-iRqQQ,65,65,0,2023-04-30T04:38:42+00:00,2026-05-11T01:55:30+00:00,False,PLAYLIST_EXHAUSTED,TERMINAL,0,0,0,NOT_VALIDATED,False,0,935,
UCfw10eIAXlZOWbJAZBySdcA,40,40,0,2025-05-31T08:00:35+00:00,2026-05-12T02:38:17+00:00,False,PLAYLIST_EXHAUSTED,TERMINAL,0,0,0,NOT_VALIDATED,False,0,960,
UCfx7DcAIytFlHnLK3riX7BQ,2,2,0,2024-11-08T04:00:29+00:00,2026-09-02T06:35:26+00:00,False,PLAYLIST_EXHAUSTED,TERMINAL,0,0,0,NOT_VALIDATED,False,0,998,
UCfxVeSpEx_K1VwHIcdNX0rw,515,515,0,2019-04-11T19:56:32+00:00,2022-10-31T14:02:39+00:00,True,PLAYLIST_EXHAUSTED,TERMINAL,0,0,0,NOT_VALIDATED,False,0,485,
UCg--DR1FShlr9BKjJ9OQc5g,381,381,0,2024-07-02T10:42:51+00:00,2026-09-09T16:06:15+00:00,False,PLAYLIST_EXHAUSTED,TERMINAL,0,0,0,NOT_VALIDATED,False,0,619,
UCg1lfyLDBsy0INi17egh6IA,316,316,0,2023-12-11T16:07:41+00:00,2026-09-04T16:51:26+00:00,False,PLAYLIST_EXHAUSTED,TERMINAL,0,0,0,NOT_VALIDATED,False,0,684,
UCg53fzp6UNYvsyAg8UoNXCA,650,650,0,2023-12-03T12:03:35+00:00,2026-09-08T00:47:36+00:00,False,PENDING,PENDING_PAGINATION,0,0,0,NOT_VALIDATED,False,,350,
UCg5zRBCc-X-O4ZPQQ3jDAIg,437,437,0,2021-08-01T16:45:15+00:00,2026-08-11T04:14:33+00:00,False,PLAYLIST_EXHAUSTED,TERMINAL,0,0,0,NOT_VALIDATED,False,0,563,
UCg7LMUxDiwIDngWPjo60iTw,170,170,0,2026-01-06T13:00:56+00:00,2026-09-09T15:32:38+00:00,False,PLAYLIST_EXHAUSTED,TERMINAL,0,0,0,NOT_VALIDATED,False,0,830,
UCgFEQdBjM12Cg-IY5tFzU_g,113,113,0,2024-10-09T13:00:08+00:00,2026-05-01T17:55:59+00:00,False,PLAYLIST_EXHAUSTED,TERMINAL,0,0,0,NOT_VALIDATED,False,0,887,
UCgJiSmkfl1jCbczrs6kDWVw,650,650,0,2024-01-26T12:28:21+00:00,2026-09-08T14:16:01+00:00,False,PENDING,PENDING_PAGINATION,0,0,0,NOT_VALIDATED,False,,350,
UCgLadXz0sJbHQL98eoAd9ag,279,279,0,2023-09-01T04:28:48+00:00,2025-04-30T11:00:06+00:00,False,PLAYLIST_EXHAUSTED,TERMINAL,0,0,0,NOT_VALIDATED,False,0,721,
UCgM2ZDG20kYbeYrG1wy1MSQ,258,258,0,2022-07-20T02:00:24+00:00,2026-09-05T17:29:54+00:00,False,PLAYLIST_EXHAUSTED,TERMINAL,0,0,0,NOT_VALIDATED,False,0,742,
UCgMHb11ydIWSAgvzrxOPjRg,196,196,0,2025-12-11T09:00:50+00:00,2026-09-08T16:14:24+00:00,False,PLAYLIST_EXHAUSTED,TERMINAL,0,0,0,NOT_VALIDATED,False,0,804,
UCgQHTHlOXAX0PEVBeHTlSnA,369,369,0,2021-05-08T04:50:08+00:00,2026-09-05T17:24:56+00:00,False,PLAYLIST_EXHAUSTED,TERMINAL,0,0,0,NOT_VALIDATED,False,0,631,
UCgRxjdx4-ZMtmhjyl2N27nw,45,45,0,2024-04-24T02:35:59+00:00,2026-08-10T18:42:22+00:00,False,PLAYLIST_EXHAUSTED,TERMINAL,0,0,0,NOT_VALIDATED,False,0,955,
UCgSsXxQ71nScJ-GIc90ZkYw,650,650,0,2024-02-10T16:13:04+00:00,2026-09-10T02:51:36+00:00,False,PENDING,PENDING_PAGINATION,0,0,0,NOT_VALIDATED,False,,350,
UCgXcfaWl68A1gHWm4AiJXAQ,60,60,0,2020-07-10T09:07:44+00:00,2020-12-26T12:43:57+00:00,True,PLAYLIST_EXHAUSTED,TERMINAL,0,0,0,NOT_VALIDATED,False,0,940,
UCgZt2jUdPnEVCKQtnzS0ywg,576,576,0,2022-11-15T03:47:02+00:00,2026-08-14T05:40:00+00:00,False,PLAYLIST_EXHAUSTED,TERMINAL,0,0,0,NOT_VALIDATED,False,0,424,
UCgfEMiBgW-JSS3qksegDo3Q,110,110,0,2025-10-26T08:30:22+00:00,2026-09-02T02:26:13+00:00,False,PLAYLIST_EXHAUSTED,TERMINAL,0,0,0,NOT_VALIDATED,False,0,890,
UCghRTkqCoqGGmq9s8z7muLg,86,86,0,2025-07-27T04:38:00+00:00,2026-09-06T02:47:15+00:00,False,PLAYLIST_EXHAUSTED,TERMINAL,0,0,0,NOT_VALIDATED,False,0,914,
UCgiEVQfolrB4MExyzxq_L5Q,307,307,0,2022-06-02T08:05:52+00:00,2026-09-09T16:43:46+00:00,False,PLAYLIST_EXHAUSTED,TERMINAL,0,0,0,NOT_VALIDATED,False,0,693,
UCgkQ3ELvRzik3JDfc4o4S_g,205,205,0,2024-10-03T01:33:45+00:00,2026-08-22T12:58:42+00:00,False,PLAYLIST_EXHAUSTED,TERMINAL,0,0,0,NOT_VALIDATED,False,0,795,
UCgmytgwJVDe74ewiHklGcBA,240,240,0,2023-06-10T19:23:07+00:00,2026-09-08T17:28:03+00:00,False,PLAYLIST_EXHAUSTED,TERMINAL,0,0,0,NOT_VALIDATED,False,0,760,
UCgnavpGZUMzWODQB_daHZbQ,380,380,0,2022-02-19T13:36:49+00:00,2026-09-09T07:24:22+00:00,False,PLAYLIST_EXHAUSTED,TERMINAL,0,0,0,NOT_VALIDATED,False,0,620,
UCgq-rIElYiBFQnxgMnkojwg,650,650,0,2024-08-11T13:14:44+00:00,2026-09-09T15:48:43+00:00,False,PENDING,PENDING_PAGINATION,0,0,0,NOT_VALIDATED,False,,350,
UCgqsGN6McgMtc-Xz50MsG9w,248,248,0,2022-08-30T18:57:30+00:00,2025-10-23T07:18:04+00:00,False,PLAYLIST_EXHAUSTED,TERMINAL,0,0,0,NOT_VALIDATED,False,0,752,
UCgwH2no530s8Ios2doKELKw,88,88,0,2022-01-26T14:50:02+00:00,2025-05-04T03:02:33+00:00,False,PLAYLIST_EXHAUSTED,TERMINAL,0,0,0,NOT_VALIDATED,False,0,912,
UCgxuLWOuU5QX8ReEFthb_lA,2,2,0,2022-05-14T09:00:13+00:00,2022-07-26T02:00:23+00:00,False,PLAYLIST_EXHAUSTED,TERMINAL,0,0,0,NOT_VALIDATED,False,0,998,
UCgyDesMB7dtmRf5O8WCbsgQ,0,0,0,,,False,PARTIAL_ERROR,NOT_FOUND,0,0,0,NOT_VALIDATED,False,,1000,False
UCh-ktlPulzCBs5S1Ynk3UOg,1,1,0,2023-01-30T15:13:08+00:00,2023-01-30T15:13:08+00:00,False,PLAYLIST_EXHAUSTED,TERMINAL,0,0,0,NOT_VALIDATED,False,0,999,
UCh27XHdphGUo6meLoVblIoQ,331,331,0,2023-07-28T07:05:56+00:00,2026-09-10T08:38:48+00:00,False,PLAYLIST_EXHAUSTED,TERMINAL,0,0,0,NOT_VALIDATED,False,0,669,
UCh3KvFEZOwMfaFYMzvdznRA,138,138,0,2021-11-07T11:26:53+00:00,2026-09-09T12:53:59+00:00,False,PLAYLIST_EXHAUSTED,TERMINAL,0,0,0,NOT_VALIDATED,False,0,862,
UCh4SV9jjhMTFd8QRBh0IegA,1,1,0,2021-06-05T11:11:09+00:00,2021-06-05T11:11:09+00:00,False,PLAYLIST_EXHAUSTED,TERMINAL,0,0,0,NOT_VALIDATED,False,0,999,
UChAhP23slVdjdrpt4aRukIw,650,650,0,2024-08-18T16:20:00+00:00,2026-09-08T16:30:28+00:00,False,PENDING,PENDING_PAGINATION,0,0,0,NOT_VALIDATED,False,,350,
UChBuxXl8poN1Jz8kZDdsfhw,498,498,0,2021-09-06T14:06:42+00:00,2026-09-09T19:57:12+00:00,False,PLAYLIST_EXHAUSTED,TERMINAL,0,0,0,NOT_VALIDATED,False,0,502,
UChF6_MAcqWD8q-mnRoDViEQ,650,650,0,2023-04-18T03:11:43+00:00,2026-09-10T06:34:35+00:00,False,PENDING,PENDING_PAGINATION,0,0,0,NOT_VALIDATED,False,,350,
UChJCeUsXs42TOe1m4LZ_lJg,154,154,0,2023-10-15T18:12:51+00:00,2025-01-31T19:15:24+00:00,False,PLAYLIST_EXHAUSTED,TERMINAL,0,0,0,NOT_VALIDATED,False,0,846,
UChNALrBJanqhbKasT0tgajQ,42,42,0,2024-12-28T23:41:36+00:00,2026-05-20T02:13:43+00:00,False,PLAYLIST_EXHAUSTED,TERMINAL,0,0,0,NOT_VALIDATED,False,0,958,
UChNrxGsRq7xpntwWcI-h5Hg,435,435,0,2025-01-29T10:20:09+00:00,2026-09-09T16:35:18+00:00,False,PLAYLIST_EXHAUSTED,TERMINAL,0,0,0,NOT_VALIDATED,False,0,565,
UChSGIJlrLUI1UVds38w2Obg,576,576,0,2020-09-21T01:08:52+00:00,2026-09-09T17:10:42+00:00,True,PLAYLIST_EXHAUSTED,TERMINAL,0,0,0,NOT_VALIDATED,False,0,424,
UChW_l65xozteVRme3mFE0Jg,1,1,0,2021-11-12T15:09:22+00:00,2021-11-12T15:09:22+00:00,False,PLAYLIST_EXHAUSTED,TERMINAL,0,0,0,NOT_VALIDATED,False,0,999,
UChZv4NseLfZ98PmCA-gii7A,144,144,0,2023-05-30T19:02:53+00:00,2026-08-02T12:30:08+00:00,False,PLAYLIST_EXHAUSTED,TERMINAL,0,0,0,NOT_VALIDATED,False,0,856,
UChd2cJe7HuTYbZGkOO-QKwg,416,416,0,2024-06-01T13:08:16+00:00,2026-08-21T19:25:54+00:00,False,PLAYLIST_EXHAUSTED,TERMINAL,0,0,0,NOT_VALIDATED,False,0,584,
UChgVLsZjY0Pzzm5CZ-8a6MQ,243,243,0,2025-04-19T06:02:45+00:00,2026-09-09T02:47:11+00:00,False,PLAYLIST_EXHAUSTED,TERMINAL,0,0,0,NOT_VALIDATED,False,0,757,
UChgltsIqf_o4bFSKd9dVE5A,541,541,0,2022-01-05T12:00:14+00:00,2026-09-01T02:09:32+00:00,False,PLAYLIST_EXHAUSTED,TERMINAL,0,0,0,NOT_VALIDATED,False,0,459,
UChgmNRdjJHlFaSm_xGmue9g,101,101,0,2022-12-11T08:00:08+00:00,2023-12-21T03:15:31+00:00,False,PLAYLIST_EXHAUSTED,TERMINAL,0,0,0,NOT_VALIDATED,False,0,899,
UChmC0OWdqJFyrdKQtseamJA,0,0,0,,,False,PARTIAL_ERROR,NOT_FOUND,0,0,0,NOT_VALIDATED,False,,1000,False
UChrGwUGm1puXFhoC0lC7LFQ,294,294,0,2024-11-03T16:34:46+00:00,2026-09-09T16:10:03+00:00,False,PLAYLIST_EXHAUSTED,TERMINAL,0,0,0,NOT_VALIDATED,False,0,706,
UChy20fuMn3c_rB2NEZLQecA,48,48,0,2021-05-28T15:43:27+00:00,2022-10-19T21:37:14+00:00,False,PLAYLIST_EXHAUSTED,TERMINAL,0,0,0,NOT_VALIDATED,False,0,952,
UCi0lsSeXkSUuFwWTdhk73IA,29,29,0,2022-05-01T03:46:46+00:00,2026-09-10T06:00:39+00:00,False,PLAYLIST_EXHAUSTED,TERMINAL,0,0,0,NOT_VALIDATED,False,0,971,
UCi201iDULX3c5VXIlh65zOA,81,81,0,2024-10-06T16:40:15+00:00,2026-09-08T04:47:27+00:00,False,PLAYLIST_EXHAUSTED,TERMINAL,0,0,0,NOT_VALIDATED,False,0,919,
UCi2T9exDdJRTsxL1vnNV9gQ,650,650,0,2023-01-22T11:45:01+00:00,2026-09-05T12:43:45+00:00,False,PENDING,PENDING_PAGINATION,0,0,0,NOT_VALIDATED,False,,350,
UCiFkwxPLkte3F9h7cgo3tOg,0,0,0,,,False,PARTIAL_ERROR,NOT_FOUND,0,0,0,NOT_VALIDATED,False,,1000,False
UCiG3hDSyLNx-tani2z03_Zg,353,353,0,2022-05-22T11:24:26+00:00,2026-08-12T18:31:32+00:00,False,PLAYLIST_EXHAUSTED,TERMINAL,0,0,0,NOT_VALIDATED,False,0,647,
UCiHID_2M0x_oEo62Kate2jQ,192,192,0,2023-12-16T11:00:09+00:00,2025-10-29T16:21:48+00:00,False,PLAYLIST_EXHAUSTED,TERMINAL,0,0,0,NOT_VALIDATED,False,0,808,
UCiK62ZOsD7vMwTw0MJiYDLw,17,17,0,2025-08-23T05:00:20+00:00,2026-09-04T04:17:53+00:00,False,PLAYLIST_EXHAUSTED,TERMINAL,0,0,0,NOT_VALIDATED,False,0,983,
UCiM8hgTBL6sBMugCDBlij6A,516,516,0,2023-04-19T13:33:10+00:00,2026-09-05T05:38:33+00:00,False,PLAYLIST_EXHAUSTED,TERMINAL,0,0,0,NOT_VALIDATED,False,0,484,
UCiVNJohfCMYogqJ4EB6fB1g,283,283,0,2022-11-10T23:00:12+00:00,2026-08-28T10:12:38+00:00,False,PLAYLIST_EXHAUSTED,TERMINAL,0,0,0,NOT_VALIDATED,False,0,717,
UCiVx0R2pqr8Zg-tivdPDgig,481,481,0,2022-09-30T15:36:01+00:00,2026-09-10T03:30:35+00:00,False,PLAYLIST_EXHAUSTED,TERMINAL,0,0,0,NOT_VALIDATED,False,0,519,
UCiYFmDfFBoAP2yk9yuXBTTg,650,650,0,2023-09-20T20:29:53+00:00,2026-09-09T14:49:41+00:00,False,PENDING,PENDING_PAGINATION,0,0,0,NOT_VALIDATED,False,,350,
UCiZG4hoElnNYefqCSu5MC5A,650,650,0,2021-12-01T05:14:58+00:00,2026-08-28T19:22:36+00:00,False,PENDING,PENDING_PAGINATION,0,0,0,NOT_VALIDATED,False,,350,
UCiZyQDO7v9UY_-Q24VsSLlQ,145,145,0,2026-03-26T13:48:29+00:00,2026-09-09T17:25:52+00:00,False,PLAYLIST_EXHAUSTED,TERMINAL,0,0,0,NOT_VALIDATED,False,0,855,
UCiayPBsTG18EBsORDWmBOXQ,198,198,0,2023-12-20T13:01:53+00:00,2026-06-07T02:45:49+00:00,False,PLAYLIST_EXHAUSTED,TERMINAL,0,0,0,NOT_VALIDATED,False,0,802,
UCiggUCFZrCho_ZtAMxSYx0Q,310,310,0,2025-05-18T19:06:55+00:00,2026-09-09T21:19:51+00:00,False,PLAYLIST_EXHAUSTED,TERMINAL,0,0,0,NOT_VALIDATED,False,0,690,
UCihXBP7iwDIIkzbTbUR4jXg,132,132,0,2025-05-20T15:20:58+00:00,2026-09-10T05:43:29+00:00,False,PLAYLIST_EXHAUSTED,TERMINAL,0,0,0,NOT_VALIDATED,False,0,868,
UCijixp2pBTNrgkF5pDw0wPg,365,365,0,2023-06-26T11:08:15+00:00,2026-08-12T05:00:37+00:00,False,PLAYLIST_EXHAUSTED,TERMINAL,0,0,0,NOT_VALIDATED,False,0,635,
UCikyhPyuEu3rn1izGOGxZcg,650,650,0,2023-04-14T08:00:00+00:00,2026-09-09T16:06:30+00:00,False,PENDING,PENDING_PAGINATION,0,0,0,NOT_VALIDATED,False,,350,
UCivtAz2MHfiy-HC0VW9fR2Q,116,116,0,2025-02-20T10:30:23+00:00,2026-09-05T22:40:36+00:00,False,PLAYLIST_EXHAUSTED,TERMINAL,0,0,0,NOT_VALIDATED,False,0,884,
UCj0_mU0sUlDnVfoaOT6ve_A,650,650,0,2025-03-02T03:48:13+00:00,2026-09-08T10:13:07+00:00,False,PENDING,PENDING_PAGINATION,0,0,0,NOT_VALIDATED,False,,350,
UCj2sbvVwAQFjHPLZ47RoTOA,311,311,0,2022-06-27T02:48:05+00:00,2026-09-08T16:34:30+00:00,False,PLAYLIST_EXHAUSTED,TERMINAL,0,0,0,NOT_VALIDATED,False,0,689,
UCj3jRZ4HHn1hZtwzs5Sw2KQ,556,556,0,2024-11-28T13:05:30+00:00,2026-09-09T19:01:19+00:00,False,PLAYLIST_EXHAUSTED,TERMINAL,0,0,0,NOT_VALIDATED,False,0,444,
UCj9iuFhj63MZfS8ANBzBd9w,294,294,0,2024-01-28T01:14:39+00:00,2026-08-05T04:49:12+00:00,False,PLAYLIST_EXHAUSTED,TERMINAL,0,0,1,NOT_VALIDATED,False,0,706,
UCjD3GQq05AJ2Hwh0wDkiV4w,261,261,0,2025-06-29T11:20:18+00:00,2026-09-10T07:23:48+00:00,False,PLAYLIST_EXHAUSTED,TERMINAL,0,0,0,NOT_VALIDATED,False,0,739,
UCjGFO21Jia-O4vL-KSHO44Q,530,530,0,2023-06-04T02:46:48+00:00,2026-09-08T17:15:27+00:00,False,PLAYLIST_EXHAUSTED,TERMINAL,0,0,0,NOT_VALIDATED,False,0,470,
UCjGGp-gPhMgxgIKxjShbYtA,351,351,0,2016-04-30T03:30:01+00:00,2026-08-28T11:56:33+00:00,True,PLAYLIST_EXHAUSTED,TERMINAL,0,0,0,NOT_VALIDATED,False,0,649,
UCjK-ZpWlurxanrP62Di8HkA,22,22,0,2025-11-01T00:47:51+00:00,2026-09-08T01:51:05+00:00,False,PLAYLIST_EXHAUSTED,TERMINAL,0,0,0,NOT_VALIDATED,False,0,978,
UCjNcr0lsW_G8u6zJjjHlBXw,46,46,0,2022-07-19T11:00:15+00:00,2023-03-26T12:20:40+00:00,False,PLAYLIST_EXHAUSTED,TERMINAL,0,0,0,NOT_VALIDATED,False,0,954,
UCjQS71kGf-Ph6uy08IEG2bg,650,650,0,2023-12-31T04:56:27+00:00,2026-09-10T07:48:58+00:00,False,PENDING,PENDING_PAGINATION,0,0,0,NOT_VALIDATED,False,,350,
UCjQxLH9yqYXowVtH7a-6L-Q,650,650,0,2020-08-30T16:28:16+00:00,2026-08-05T12:40:11+00:00,True,PENDING,PENDING_PAGINATION,0,0,0,NOT_VALIDATED,False,,350,
UCjeOlTHXWFsFfQ6o6Y_Dlsw,320,320,0,2024-01-01T13:08:10+00:00,2026-09-03T20:20:49+00:00,False,PLAYLIST_EXHAUSTED,TERMINAL,0,0,0,NOT_VALIDATED,False,0,680,
UCjgbkv8rEi3oBPjhsCRUWsA,345,345,0,2025-02-14T11:00:26+00:00,2026-09-09T17:33:35+00:00,False,PLAYLIST_EXHAUSTED,TERMINAL,0,0,0,NOT_VALIDATED,False,0,655,
UCjgiHXaBeeuWfxZpNMCJioQ,258,258,0,2023-03-30T21:01:20+00:00,2026-09-02T15:44:48+00:00,False,PLAYLIST_EXHAUSTED,TERMINAL,0,0,0,NOT_VALIDATED,False,0,742,
UCjgyitv53-dae3SMkKwruGw,192,192,0,2020-09-25T08:26:25+00:00,2026-08-18T15:35:16+00:00,True,PLAYLIST_EXHAUSTED,TERMINAL,0,0,0,NOT_VALIDATED,False,0,808,
UCjiIfHN3nlU80_DgNz-5qlA,650,650,0,2023-03-11T04:53:06+00:00,2026-09-09T17:31:23+00:00,False,PENDING,PENDING_PAGINATION,0,0,0,NOT_VALIDATED,False,,350,
UCjnKbgxO0tCXzNlSsnYjdyg,86,86,0,2026-03-22T01:39:20+00:00,2026-09-08T17:42:30+00:00,False,PLAYLIST_EXHAUSTED,TERMINAL,0,0,0,NOT_VALIDATED,False,0,914,
UCjpsxqVVjdZWy5eW5-ZkbcA,306,306,0,2023-02-18T12:50:49+00:00,2026-09-09T22:38:00+00:00,False,PLAYLIST_EXHAUSTED,TERMINAL,0,0,0,NOT_VALIDATED,False,0,694,
UCjr1VnM1LBRp9Ez2JGNndaA,650,650,0,2022-12-19T13:49:20+00:00,2026-09-09T16:40:31+00:00,False,PENDING,PENDING_PAGINATION,0,0,0,NOT_VALIDATED,False,,350,
UCjrs5Sse402rafaOP-k37Xw,650,650,0,2025-01-28T12:26:39+00:00,2026-09-09T19:44:09+00:00,False,PENDING,PENDING_PAGINATION,0,0,0,NON_MONOTONIC,False,,350,
UCjtjNwzYjmM3PQkMWTP3MNw,221,221,0,2025-04-17T05:35:47+00:00,2026-09-10T05:41:09+00:00,False,PLAYLIST_EXHAUSTED,TERMINAL,0,0,0,NOT_VALIDATED,False,0,779,
UCjw7DQp5uNND5qMyyhtOpdQ,541,541,0,2018-01-24T17:08:21+00:00,2026-09-08T14:46:40+00:00,True,PLAYLIST_EXHAUSTED,TERMINAL,0,0,0,NOT_VALIDATED,False,0,459,
UCjygfNCaicPNiP8HZyXY08w,48,48,0,2023-12-03T11:00:08+00:00,2024-09-01T02:44:42+00:00,False,PLAYLIST_EXHAUSTED,TERMINAL,0,0,0,NOT_VALIDATED,False,0,952,
UCk0bJC1-V_BIE-FY8qYrVQA,322,322,0,2024-06-08T05:13:46+00:00,2026-09-07T17:20:08+00:00,False,PLAYLIST_EXHAUSTED,TERMINAL,0,0,0,NOT_VALIDATED,False,0,678,
UCk1dqQF3v91PtquvzNf151g,650,650,0,2022-06-13T15:51:06+00:00,2026-09-09T17:00:30+00:00,False,PENDING,PENDING_PAGINATION,0,0,0,NOT_VALIDATED,False,,350,
UCk5hcuReSItZee785U4jMDA,89,89,0,2023-10-14T09:26:58+00:00,2026-07-25T04:29:52+00:00,False,PLAYLIST_EXHAUSTED,TERMINAL,0,0,0,NOT_VALIDATED,False,0,911,
UCkDoqvUkpbGqskcODT-S0ag,146,146,0,2022-04-24T06:15:14+00:00,2023-04-22T11:27:50+00:00,False,PLAYLIST_EXHAUSTED,TERMINAL,0,0,0,NOT_VALIDATED,False,0,854,
UCkEcY4RbLYs2AF45nhkyjtw,650,650,0,2023-07-14T10:46:11+00:00,2026-09-09T13:52:49+00:00,False,PENDING,PENDING_PAGINATION,0,0,0,NOT_VALIDATED,False,,350,
UCkEgF0BmvRD2QKETDKoIzdQ,1,1,0,2023-08-04T13:03:27+00:00,2023-08-04T13:03:27+00:00,False,PLAYLIST_EXHAUSTED,TERMINAL,0,0,0,NOT_VALIDATED,False,0,999,
UCkF8r4_wvBnMm2mrdvcxU_g,554,554,0,2021-05-21T16:07:31+00:00,2026-09-05T15:53:01+00:00,False,PLAYLIST_EXHAUSTED,TERMINAL,0,0,0,NOT_VALIDATED,False,0,446,
UCkFFuJTqPWwFZ5I0smL8NrQ,360,360,0,2025-02-21T15:34:59+00:00,2026-09-09T15:10:49+00:00,False,PLAYLIST_EXHAUSTED,TERMINAL,0,0,0,NOT_VALIDATED,False,0,640,
UCkL-uaHGA8xe516I3y00OZA,101,101,0,2026-05-07T10:26:54+00:00,2026-09-09T16:46:47+00:00,False,PLAYLIST_EXHAUSTED,TERMINAL,0,0,0,NOT_VALIDATED,False,0,899,
UCkLlWzLdsqNdEaW9QYRbZCw,650,650,0,2025-06-25T18:13:25+00:00,2026-09-09T23:00:22+00:00,False,PENDING,PENDING_PAGINATION,0,0,0,NOT_VALIDATED,False,,350,
UCkNTg_9AatcdDorXO0ijfYQ,626,626,0,2021-10-22T09:24:16+00:00,2026-08-15T11:00:22+00:00,False,PLAYLIST_EXHAUSTED,TERMINAL,0,0,0,NOT_VALIDATED,False,0,374,
UCkU6YBCs4dPsn1FlVzNVqNw,159,159,0,2023-11-25T04:13:54+00:00,2026-09-09T14:19:15+00:00,False,PLAYLIST_EXHAUSTED,TERMINAL,0,0,0,NOT_VALIDATED,False,0,841,
UCkWqUSYGks1CqOcCm-zwfzw,233,233,0,2023-03-12T01:48:33+00:00,2026-09-04T04:54:38+00:00,False,PLAYLIST_EXHAUSTED,TERMINAL,0,0,0,NOT_VALIDATED,False,0,767,
UCkYpaS7iE8B6r8xPBeo4sOg,162,162,0,2023-08-29T12:27:44+00:00,2025-03-15T17:43:20+00:00,False,PLAYLIST_EXHAUSTED,TERMINAL,0,0,0,NOT_VALIDATED,False,0,838,
UCkf9IC_RAo1SSj4BvR7ahOA,403,403,0,2024-03-24T03:37:46+00:00,2026-09-06T20:16:48+00:00,False,PLAYLIST_EXHAUSTED,TERMINAL,0,0,0,NOT_VALIDATED,False,0,597,
UCkfMOc9cpO2jNCQcr_9nnKw,438,438,0,2024-09-30T11:00:16+00:00,2026-09-09T18:45:08+00:00,False,PLAYLIST_EXHAUSTED,TERMINAL,0,0,0,NOT_VALIDATED,False,0,562,
UCkjQ55wHjS7cQ9Xol9qW7Ow,49,49,0,2024-06-29T10:30:13+00:00,2026-09-09T03:20:56+00:00,False,PLAYLIST_EXHAUSTED,TERMINAL,0,0,0,NON_MONOTONIC,False,0,951,
UCklpP4KpgJdCfz4XVe0Nhvg,6,6,0,2020-08-29T12:44:24+00:00,2024-05-31T10:59:00+00:00,True,PLAYLIST_EXHAUSTED,TERMINAL,0,0,0,NOT_VALIDATED,False,0,994,
UCkmdieFgz-8jWHBE1OlucAA,37,37,0,2025-09-03T11:01:45+00:00,2026-04-02T16:17:01+00:00,False,PLAYLIST_EXHAUSTED,TERMINAL,0,0,0,NOT_VALIDATED,False,0,963,
UCknOyz3O0-G6w5SJNAgO7uQ,551,551,0,2024-03-28T09:54:54+00:00,2026-09-09T11:15:38+00:00,False,PLAYLIST_EXHAUSTED,TERMINAL,0,0,0,NOT_VALIDATED,False,0,449,
UCkrja0w7A6MHJ5UAxjTgH7Q,105,105,0,2021-10-10T07:44:04+00:00,2026-09-09T11:04:39+00:00,False,PLAYLIST_EXHAUSTED,TERMINAL,0,0,0,NOT_VALIDATED,False,0,895,
UCktUGMC7AKl1e8n20Ys8w0Q,650,650,0,2023-04-04T11:00:35+00:00,2026-09-10T05:09:38+00:00,False,PENDING,PENDING_PAGINATION,0,0,0,NOT_VALIDATED,False,,350,
UCktowrrd3HTEugAQdKeuZOQ,465,465,0,2024-03-07T17:29:02+00:00,2026-08-08T03:19:28+00:00,False,PLAYLIST_EXHAUSTED,TERMINAL,0,0,0,NOT_VALIDATED,False,0,535,
UCkvce0jZJYBWJLTuKoLIvLA,94,94,0,2023-07-27T09:40:32+00:00,2026-09-10T07:57:54+00:00,False,PLAYLIST_EXHAUSTED,TERMINAL,0,0,0,NOT_VALIDATED,False,0,906,
UCkwcFk8UHZO0ANkB6aBCo2w,650,650,0,2022-11-14T17:10:05+00:00,2026-08-28T18:15:21+00:00,False,PENDING,PENDING_PAGINATION,0,0,0,NOT_VALIDATED,False,,350,
UCkxYPkvxIhorqG9577J0KGg,17,17,0,2024-09-23T18:15:35+00:00,2026-08-14T14:50:13+00:00,False,PLAYLIST_EXHAUSTED,TERMINAL,0,0,0,NOT_VALIDATED,False,0,983,
UCl-gN216hlPiOzGOm_Jkosg,41,41,0,2025-12-01T08:33:44+00:00,2026-05-03T09:24:43+00:00,False,PLAYLIST_EXHAUSTED,TERMINAL,0,0,0,NOT_VALIDATED,False,0,959,
UClBbcA64ikRSXTijItUQ-OA,58,58,0,2025-06-16T02:52:23+00:00,2026-09-09T06:21:29+00:00,False,PLAYLIST_EXHAUSTED,TERMINAL,0,0,0,NOT_VALIDATED,False,0,942,
UClCLRJrlg3F9FOPnUfItZSw,66,66,0,2021-06-21T09:13:58+00:00,2022-11-06T10:53:34+00:00,False,PLAYLIST_EXHAUSTED,TERMINAL,0,0,0,NOT_VALIDATED,False,0,934,
UClENshywr_HiWzG7WHnBUDQ,22,22,0,2025-06-15T05:45:00+00:00,2026-07-30T22:55:31+00:00,False,PLAYLIST_EXHAUSTED,TERMINAL,0,0,0,NOT_VALIDATED,False,0,978,
UClEcDlghI58w28f7H9pO-7Q,1,1,0,2022-06-12T17:08:13+00:00,2022-06-12T17:08:13+00:00,False,PLAYLIST_EXHAUSTED,TERMINAL,0,0,0,NOT_VALIDATED,False,0,999,
UClFQeZMVqFVZonqSYk0l-Og,112,112,0,2026-02-09T13:30:22+00:00,2026-09-02T17:21:51+00:00,False,PLAYLIST_EXHAUSTED,TERMINAL,0,0,0,NOT_VALIDATED,False,0,888,
UClGxY7R31Snisoccta9uByg,10,10,0,2024-08-16T01:42:13+00:00,2026-09-09T19:45:36+00:00,False,PLAYLIST_EXHAUSTED,TERMINAL,0,0,0,NOT_VALIDATED,False,0,990,
UClHAmzOCBWpIxaeLoB1C3WQ,106,106,0,2022-06-10T06:06:01+00:00,2026-09-09T17:27:46+00:00,False,PLAYLIST_EXHAUSTED,TERMINAL,0,0,0,NOT_VALIDATED,False,0,894,
UClIlMpdlevmQHyd7qQLLNWA,511,511,0,2022-07-10T14:09:36+00:00,2026-09-08T15:39:21+00:00,False,PLAYLIST_EXHAUSTED,TERMINAL,0,0,0,NOT_VALIDATED,False,0,489,
UClKBrxMxPf1-104BQRNkDYw,548,548,0,2023-07-20T16:16:00+00:00,2026-09-09T07:13:16+00:00,False,PLAYLIST_EXHAUSTED,TERMINAL,0,0,0,NOT_VALIDATED,False,0,452,
UClKKLcJYu3P7VdVVc4H8fUQ,479,479,0,2023-02-10T10:04:58+00:00,2026-08-30T15:12:15+00:00,False,PLAYLIST_EXHAUSTED,TERMINAL,0,0,0,NOT_VALIDATED,False,0,521,
UClLePWOXDCn6ZxhcM3jjPBw,244,244,0,2023-05-02T09:28:46+00:00,2026-08-31T22:13:13+00:00,False,PLAYLIST_EXHAUSTED,TERMINAL,0,0,0,NOT_VALIDATED,False,0,756,
UClOemvfyX_2oQPj-foZu5jw,488,488,0,2021-10-17T15:51:46+00:00,2026-07-29T03:38:10+00:00,False,PLAYLIST_EXHAUSTED,TERMINAL,0,0,0,NOT_VALIDATED,False,0,512,
UClSlkwPIViMrT4Mj_8enkew,0,0,0,,,False,PARTIAL_ERROR,NOT_FOUND,0,0,0,NOT_VALIDATED,False,,1000,False
UClXPm_54oaVwVPKhewoDSQw,650,650,0,2022-02-05T04:05:05+00:00,2026-08-29T01:50:16+00:00,False,PENDING,PENDING_PAGINATION,0,0,0,NOT_VALIDATED,False,,350,
UClbr2Ml5EXjoAysIGi65z4w,2,2,0,2021-07-03T07:33:59+00:00,2026-08-27T04:13:34+00:00,False,PLAYLIST_EXHAUSTED,TERMINAL,0,0,0,NOT_VALIDATED,False,0,998,
UCldD-XczW0-Frlbo11CIqfg,319,319,0,2023-06-05T11:42:34+00:00,2026-08-08T03:00:33+00:00,False,PLAYLIST_EXHAUSTED,TERMINAL,0,0,0,NOT_VALIDATED,False,0,681,
UClfz6OCQ6Lic7BGFsn1q0Ww,62,62,0,2024-09-29T09:34:44+00:00,2026-07-25T12:53:00+00:00,False,PLAYLIST_EXHAUSTED,TERMINAL,0,0,0,NOT_VALIDATED,False,0,938,
UClkwdtOk6yQekM-UsoJNErg,191,191,0,2025-05-12T12:00:43+00:00,2026-09-07T03:59:14+00:00,False,PLAYLIST_EXHAUSTED,TERMINAL,0,0,0,NOT_VALIDATED,False,0,809,
UClsYXk5BW7YOdB9mnGzikyQ,390,390,0,2014-10-15T10:50:01+00:00,2026-09-09T16:25:49+00:00,True,PLAYLIST_EXHAUSTED,TERMINAL,0,0,0,NOT_VALIDATED,False,0,610,
UClsrtReeDeC9WGR926fICZA,208,208,0,2025-02-03T14:31:22+00:00,2026-09-09T18:23:53+00:00,False,PLAYLIST_EXHAUSTED,TERMINAL,0,0,0,NOT_VALIDATED,False,0,792,
UCm0b6rM-6um9H8ZIiljKncg,133,133,0,2024-09-22T06:17:49+00:00,2026-09-08T02:11:32+00:00,False,PLAYLIST_EXHAUSTED,TERMINAL,0,0,0,NOT_VALIDATED,False,0,867,
UCm4MvNX1EORDR3dgOxLhcJQ,126,126,0,2026-06-01T02:50:06+00:00,2026-09-10T07:12:38+00:00,False,PLAYLIST_EXHAUSTED,TERMINAL,0,0,0,NOT_VALIDATED,False,0,874,
UCm5SLUk640GMLdp6ePCaXHQ,650,650,0,2022-05-25T03:13:39+00:00,2026-09-09T16:58:12+00:00,False,PENDING,PENDING_PAGINATION,0,0,0,NOT_VALIDATED,False,,350,
UCm7uL6HoDxrJ7aJm7HMacQA,395,395,0,2016-06-30T11:54:46+00:00,2025-08-08T13:22:20+00:00,True,PLAYLIST_EXHAUSTED,TERMINAL,0,0,0,NOT_VALIDATED,False,0,605,
UCmAObfjMAwE-nqr9D0ISAFw,358,358,0,2021-11-08T17:22:51+00:00,2026-09-08T16:10:22+00:00,False,PLAYLIST_EXHAUSTED,TERMINAL,0,0,0,NOT_VALIDATED,False,0,642,
UCmBtZhaKjvZ6zotSOuOMnwQ,440,440,0,2022-06-08T17:09:46+00:00,2025-12-28T17:42:59+00:00,False,PLAYLIST_EXHAUSTED,TERMINAL,0,0,0,NOT_VALIDATED,False,0,560,
UCmDDNnaWA_lEL4rpWqD4nSA,108,108,0,2025-03-23T17:12:08+00:00,2026-08-15T10:26:52+00:00,False,PLAYLIST_EXHAUSTED,TERMINAL,0,0,0,NOT_VALIDATED,False,0,892,
UCmEBfH-cA250fGCvUb9CIGA,35,35,0,2024-12-18T09:57:28+00:00,2026-04-09T14:31:49+00:00,False,PLAYLIST_EXHAUSTED,TERMINAL,0,0,0,NOT_VALIDATED,False,0,965,
UCmE_BKy2qSzjCC9HyRrxcqA,207,207,0,2024-09-27T02:24:47+00:00,2026-09-10T08:44:15+00:00,False,PLAYLIST_EXHAUSTED,TERMINAL,0,0,0,NOT_VALIDATED,False,0,793,
UCmKiQxuXbizCEo77GCBTOig,235,235,0,2024-07-08T02:53:43+00:00,2026-09-09T05:00:02+00:00,False,PLAYLIST_EXHAUSTED,TERMINAL,0,0,0,NOT_VALIDATED,False,0,765,
UCmLd6QDRBcD9TfFrThJucng,97,97,0,2024-03-31T11:13:39+00:00,2026-01-22T22:13:47+00:00,False,PLAYLIST_EXHAUSTED,TERMINAL,0,0,0,NOT_VALIDATED,False,0,903,
UCmN7K6QnC46aah-_69EGksw,270,270,0,2021-10-10T10:00:15+00:00,2026-09-08T22:50:26+00:00,False,PLAYLIST_EXHAUSTED,TERMINAL,0,0,0,NOT_VALIDATED,False,0,730,
UCmNHaTv_3klfUfaokHoXWJQ,400,400,0,2021-10-26T04:27:56+00:00,2026-08-29T02:24:25+00:00,False,PLAYLIST_EXHAUSTED,TERMINAL,0,0,0,NOT_VALIDATED,False,0,600,
UCmR_ysVFhbwdrh080o1MuMQ,141,141,0,2025-10-24T10:00:36+00:00,2026-09-09T04:01:33+00:00,False,PLAYLIST_EXHAUSTED,TERMINAL,0,0,0,NOT_VALIDATED,False,0,859,
UCmTbPJp-N5R1KFvMO51giCg,461,461,0,2022-08-15T13:00:10+00:00,2025-11-04T13:42:39+00:00,False,PLAYLIST_EXHAUSTED,TERMINAL,0,0,0,NOT_VALIDATED,False,0,539,
UCmU2ZpoUQNii8DSKuWR3qLQ,220,220,0,2022-03-22T17:30:35+00:00,2026-08-02T17:49:47+00:00,False,PLAYLIST_EXHAUSTED,TERMINAL,0,0,0,NOT_VALIDATED,False,0,780,
UCmVx2k5Qcsmk8qGbZEBZGCw,141,141,0,2020-06-13T16:15:16+00:00,2026-08-27T07:35:31+00:00,True,PLAYLIST_EXHAUSTED,TERMINAL,0,0,0,NOT_VALIDATED,False,0,859,
UCmWdh_wjFaSdX7sZUWGNuDQ,171,171,0,2024-06-15T01:14:07+00:00,2026-09-05T04:09:58+00:00,False,PLAYLIST_EXHAUSTED,TERMINAL,0,0,0,NOT_VALIDATED,False,0,829,
UCmeYkTj7_pBYgWSJmM_eJPQ,437,437,0,2020-02-29T21:15:32+00:00,2026-09-08T15:08:48+00:00,True,PLAYLIST_EXHAUSTED,TERMINAL,0,0,0,NOT_VALIDATED,False,0,563,
UCmfo9Rqc55Hpb5x_Cu2FrFw,58,58,0,2024-12-12T19:11:57+00:00,2026-09-09T09:30:11+00:00,False,PLAYLIST_EXHAUSTED,TERMINAL,0,0,0,NOT_VALIDATED,False,0,942,
UCmg0gZHGn-zuq1JnYPB_EjQ,153,153,0,2021-10-25T10:44:32+00:00,2024-11-03T14:24:47+00:00,False,PLAYLIST_EXHAUSTED,TERMINAL,0,0,0,NOT_VALIDATED,False,0,847,
UCmi6wrDDb_2qXsMK4nyLgjA,6,6,0,2025-04-17T18:15:00+00:00,2026-07-09T05:50:08+00:00,False,PLAYLIST_EXHAUSTED,TERMINAL,0,0,0,NOT_VALIDATED,False,0,994,
UCmiO2DRc4e80eWfElzQfWyA,62,62,0,2024-10-24T13:42:06+00:00,2026-09-05T11:24:09+00:00,False,PLAYLIST_EXHAUSTED,TERMINAL,0,0,0,NOT_VALIDATED,False,0,938,
UCmmq-jL8gjo_J-KHYIXcLMQ,56,56,0,2021-07-09T02:49:30+00:00,2024-11-29T03:24:14+00:00,False,PLAYLIST_EXHAUSTED,TERMINAL,0,0,0,NOT_VALIDATED,False,0,944,
UCmn9plmPAP1BsFyLe-Ji13g,272,272,0,2023-08-05T01:52:58+00:00,2026-09-08T20:54:40+00:00,False,PLAYLIST_EXHAUSTED,TERMINAL,0,0,0,NOT_VALIDATED,False,0,728,
UCmnSx_jWSZKAlYUtutvY3dQ,73,73,0,2025-04-17T01:20:31+00:00,2026-08-29T04:32:10+00:00,False,PLAYLIST_EXHAUSTED,TERMINAL,0,0,0,NOT_VALIDATED,False,0,927,
UCmo490psosEoBDv_hNHmmng,45,45,0,2025-01-16T09:31:49+00:00,2026-04-04T06:51:51+00:00,False,PLAYLIST_EXHAUSTED,TERMINAL,0,0,0,NOT_VALIDATED,False,0,955,
UCmrINu03JIZLU04794Ril2w,185,185,0,2023-12-21T12:50:15+00:00,2026-08-29T02:48:19+00:00,False,PLAYLIST_EXHAUSTED,TERMINAL,0,0,0,NOT_VALIDATED,False,0,815,
UCmrTXPnIhAm-hosYsZ8rAHg,412,412,0,2024-07-23T07:59:27+00:00,2026-06-01T02:15:25+00:00,False,PLAYLIST_EXHAUSTED,TERMINAL,0,0,0,NOT_VALIDATED,False,0,588,
UCmrnmSL4OHsw_i0a5d2RUpg,263,263,0,2020-02-14T03:38:04+00:00,2026-09-07T10:46:45+00:00,True,PLAYLIST_EXHAUSTED,TERMINAL,0,0,0,NOT_VALIDATED,False,0,737,
UCmuDlfckZosXYzs1B6Fyuyg,350,350,0,2025-03-08T01:09:54+00:00,2026-09-09T10:20:40+00:00,False,PLAYLIST_EXHAUSTED,TERMINAL,0,0,0,NOT_VALIDATED,False,0,650,
UCmvFibZ6umhTdyUpLya_vLg,396,396,0,2022-09-25T14:30:06+00:00,2026-09-08T15:19:37+00:00,False,PLAYLIST_EXHAUSTED,TERMINAL,0,0,0,NOT_VALIDATED,False,0,604,
UCn1m7XGKGyJ1B1Y_SRkISRA,46,46,0,2024-07-16T23:31:43+00:00,2026-09-09T20:49:00+00:00,False,PLAYLIST_EXHAUSTED,TERMINAL,0,0,0,NOT_VALIDATED,False,0,954,
UCn1sslufP5oBkTGkIqL72ZQ,60,60,0,2026-04-20T11:00:37+00:00,2026-08-27T06:36:11+00:00,False,PLAYLIST_EXHAUSTED,TERMINAL,0,0,0,NOT_VALIDATED,False,0,940,
UCn3Svapu91rgZVUsBajKTuA,119,119,0,2024-12-10T12:00:44+00:00,2026-09-09T11:00:20+00:00,False,PLAYLIST_EXHAUSTED,TERMINAL,0,0,0,NOT_VALIDATED,False,0,881,
UCn7M5AjjaC3Ajftlx9GMVLg,8,8,0,2022-09-07T12:30:19+00:00,2025-12-19T03:19:46+00:00,False,PLAYLIST_EXHAUSTED,TERMINAL,0,0,0,NOT_VALIDATED,False,0,992,
UCn7S0uvqI3_5NYli07qxZCA,166,166,0,2022-12-05T15:55:28+00:00,2024-04-04T16:12:09+00:00,False,PLAYLIST_EXHAUSTED,TERMINAL,0,0,0,NOT_VALIDATED,False,0,834,
UCn9yL4ihVNU-IxPRmpXDivg,329,329,0,2023-05-10T10:27:42+00:00,2026-07-21T14:34:04+00:00,False,PLAYLIST_EXHAUSTED,TERMINAL,0,0,0,NOT_VALIDATED,False,0,671,
UCnE5l4nDqoRA84HT5ZRXbig,406,406,0,2021-06-18T02:34:07+00:00,2026-09-04T16:27:22+00:00,False,PLAYLIST_EXHAUSTED,TERMINAL,0,0,0,NOT_VALIDATED,False,0,594,
UCnH5yoBy1jRySZ4uLcdX5Tw,323,323,0,2024-02-06T14:15:07+00:00,2026-09-08T19:17:36+00:00,False,PLAYLIST_EXHAUSTED,TERMINAL,0,0,0,NOT_VALIDATED,False,0,677,
UCnJIpwyhPbMxAw2qdaQ8a2g,145,145,0,2022-12-23T03:14:55+00:00,2024-01-22T04:32:36+00:00,False,PLAYLIST_EXHAUSTED,TERMINAL,0,0,0,NOT_VALIDATED,False,0,855,
UCnNZtWXxIpMK02DYkPMq8vA,189,189,0,2025-11-17T12:47:54+00:00,2026-09-10T03:48:20+00:00,False,PLAYLIST_EXHAUSTED,TERMINAL,0,0,0,NOT_VALIDATED,False,0,811,
UCnOY70F34J77m2YzkW7B5qw,388,388,0,2020-10-03T19:01:06+00:00,2026-09-04T17:26:51+00:00,True,PLAYLIST_EXHAUSTED,TERMINAL,0,0,0,NOT_VALIDATED,False,0,612,
UCnPvPjGOanX6I3aqPNNJ-PA,208,208,0,2024-12-30T05:27:03+00:00,2026-08-24T17:03:05+00:00,False,PLAYLIST_EXHAUSTED,TERMINAL,0,0,0,NOT_VALIDATED,False,0,792,
UCneBNeVOlRm-gHbSrqC9DYg,28,28,0,2025-11-24T04:09:45+00:00,2026-08-16T01:07:01+00:00,False,PLAYLIST_EXHAUSTED,TERMINAL,0,0,0,NOT_VALIDATED,False,0,972,
UCnfKwU2JKvFnZzjQGmzM2Kw,0,0,0,,,False,PARTIAL_ERROR,NOT_FOUND,0,0,0,NOT_VALIDATED,False,,1000,False
UCni4SBfvmKlD7bu_ZWDmKiQ,650,650,0,2020-01-12T14:19:01+00:00,2024-02-13T15:12:33+00:00,True,PENDING,PENDING_PAGINATION,0,0,0,NOT_VALIDATED,False,,350,
UCnmykXkj5SVMQf75oyp7Lkg,169,169,0,2021-01-20T11:19:58+00:00,2026-07-08T11:15:36+00:00,False,PLAYLIST_EXHAUSTED,TERMINAL,0,0,0,NOT_VALIDATED,False,0,831,
UCnvBsJQ0TztZ4Mq7qDaL_FA,0,0,0,,,False,PARTIAL_ERROR,NOT_FOUND,0,0,0,NOT_VALIDATED,False,,1000,False
UCo6cNRSdO6tsZ4IW-aMmsZg,650,650,0,2024-08-27T10:00:25+00:00,2026-09-09T03:26:58+00:00,False,PENDING,PENDING_PAGINATION,0,0,0,NOT_VALIDATED,False,,350,
UCoBGfXR9OWCgLbsm01o55ZA,111,111,0,2022-05-21T06:05:58+00:00,2026-09-10T05:16:34+00:00,False,PLAYLIST_EXHAUSTED,TERMINAL,0,0,0,NOT_VALIDATED,False,0,889,
UCoOMJUZ5plQtVQDYbicD3dw,158,158,0,2020-08-20T10:07:06+00:00,2025-06-22T03:31:44+00:00,True,PLAYLIST_EXHAUSTED,TERMINAL,0,0,0,NOT_VALIDATED,False,0,842,
UCoR4fWv6I7yN9uVgSO1hc1w,409,409,0,2021-12-08T12:18:38+00:00,2026-05-28T23:33:16+00:00,False,PLAYLIST_EXHAUSTED,TERMINAL,0,0,0,NOT_VALIDATED,False,0,591,
UCoTx4fCYIuOBrdK_rWGjqbA,43,43,0,2022-08-06T13:17:34+00:00,2023-01-24T10:12:39+00:00,False,PLAYLIST_EXHAUSTED,TERMINAL,0,0,0,NOT_VALIDATED,False,0,957,
UCoVDjNrJWdIZ65qITyrseng,582,582,0,2013-06-26T14:19:57+00:00,2026-09-09T15:38:47+00:00,True,PLAYLIST_EXHAUSTED,TERMINAL,0,0,0,NOT_VALIDATED,False,0,418,
UCoVpEObbNlG_AVSz-K8yYTg,13,13,0,2021-11-22T12:00:58+00:00,2026-07-04T13:00:27+00:00,False,PLAYLIST_EXHAUSTED,TERMINAL,0,0,0,NOT_VALIDATED,False,0,987,
UCoWVH0zHK4XpY8oqEWZ1Thw,650,650,0,2022-06-28T14:31:12+00:00,2026-09-10T06:41:37+00:00,False,PENDING,PENDING_PAGINATION,0,0,0,NOT_VALIDATED,False,,350,
UCoWrleC-JaPnJLGU87F8OxQ,650,650,0,2023-08-11T17:28:19+00:00,2026-09-09T18:02:24+00:00,False,PENDING,PENDING_PAGINATION,0,0,0,NOT_VALIDATED,False,,350,
UCobiRetMOLHDrdLfLQzGiAw,57,57,0,2025-06-09T04:52:08+00:00,2026-09-03T01:52:23+00:00,False,PLAYLIST_EXHAUSTED,TERMINAL,0,0,0,NOT_VALIDATED,False,0,943,
UCoc4ArTO-yJUzpqufus_Pdg,194,194,0,2024-10-19T13:00:06+00:00,2026-08-22T11:00:35+00:00,False,PLAYLIST_EXHAUSTED,TERMINAL,0,0,0,NOT_VALIDATED,False,0,806,
UCoekpBaMC20hpELSXrqRTzg,501,501,0,2013-05-01T14:03:11+00:00,2026-08-05T12:30:06+00:00,True,PLAYLIST_EXHAUSTED,TERMINAL,0,0,0,NOT_VALIDATED,False,0,499,
UCoiKcLNgt7N9KIoBL-fx2YA,636,636,0,2021-01-30T06:17:21+00:00,2026-09-07T03:33:59+00:00,False,PLAYLIST_EXHAUSTED,TERMINAL,0,0,0,NOT_VALIDATED,False,0,364,
UCompe4fS2oUss8CGTuhOSxA,650,650,0,2021-01-21T15:28:45+00:00,2026-09-06T10:10:50+00:00,False,PENDING,PENDING_PAGINATION,0,0,0,NOT_VALIDATED,False,,350,
UCongbtOF4PDmJ-HOXx0jSIQ,650,650,0,2024-09-22T12:00:07+00:00,2026-09-10T02:23:58+00:00,False,PENDING,PENDING_PAGINATION,0,0,0,NOT_VALIDATED,False,,350,
UCopYEIEfBeNiGMuDACD61xA,157,157,0,2023-11-30T09:00:10+00:00,2026-09-04T20:43:59+00:00,False,PLAYLIST_EXHAUSTED,TERMINAL,0,0,0,NOT_VALIDATED,False,0,843,
UCot8DHNnZ2X0ARgaNYZopjw,574,574,0,2024-05-15T08:00:26+00:00,2026-09-09T17:24:39+00:00,False,PLAYLIST_EXHAUSTED,TERMINAL,0,0,0,NOT_VALIDATED,False,0,426,
UCoyNRGf27kjzfmJiuXNLwrQ,171,171,0,2021-12-02T11:00:00+00:00,2026-09-08T16:31:14+00:00,False,PLAYLIST_EXHAUSTED,TERMINAL,0,0,0,NOT_VALIDATED,False,0,829,
UCoz4Uka8Yrr2SM8Ml_shIhg,250,250,0,2022-10-11T05:42:07+00:00,2026-09-04T09:28:16+00:00,False,PLAYLIST_EXHAUSTED,TERMINAL,0,0,0,NOT_VALIDATED,False,0,750,
UCp3WxJ4-xF8C9vJfvFs4ioQ,229,229,0,2024-11-11T04:08:16+00:00,2026-09-05T16:27:01+00:00,False,PLAYLIST_EXHAUSTED,TERMINAL,0,0,0,NOT_VALIDATED,False,0,771,
UCp6qRWhZi2nDUSWKwV_V08Q,151,151,0,2022-04-10T14:51:04+00:00,2025-11-01T16:27:20+00:00,False,PLAYLIST_EXHAUSTED,TERMINAL,0,0,0,NOT_VALIDATED,False,0,849,
UCpBjGiBLFJ8x-7kHDtPY74g,101,101,0,2020-12-29T19:26:21+00:00,2022-12-28T07:12:04+00:00,True,PLAYLIST_EXHAUSTED,TERMINAL,0,0,0,NOT_VALIDATED,False,0,899,
UCpD_Ds-YEOOhPobh2xOGBHA,414,414,0,2024-08-07T12:54:27+00:00,2026-09-08T03:43:30+00:00,False,PLAYLIST_EXHAUSTED,TERMINAL,0,0,0,NOT_VALIDATED,False,0,586,
UCpDj-ctDxLn5M5H5G_UxuRA,439,439,0,2025-03-25T04:11:18+00:00,2026-09-10T04:59:49+00:00,False,PLAYLIST_EXHAUSTED,TERMINAL,0,0,0,NOT_VALIDATED,False,0,561,
UCpGtwNmbOtgmcKIY81MIX_w,650,650,0,2024-08-10T11:00:48+00:00,2026-09-08T11:00:27+00:00,False,PENDING,PENDING_PAGINATION,0,0,0,NOT_VALIDATED,False,,350,
UCpIlOwUGihEx-Qzie2JiMWw,158,158,0,2024-09-28T03:00:46+00:00,2026-09-08T12:00:39+00:00,False,PLAYLIST_EXHAUSTED,TERMINAL,0,0,0,NOT_VALIDATED,False,0,842,
UCpMuWBxMa6ttNgtylPTn3Hg,624,624,0,2023-07-12T08:28:10+00:00,2026-09-10T07:10:19+00:00,False,PLAYLIST_EXHAUSTED,TERMINAL,0,0,0,NOT_VALIDATED,False,0,376,
UCpNAFq_PANbmcdfhzfuiekA,650,650,0,2023-01-31T18:24:12+00:00,2026-09-10T03:36:24+00:00,False,PENDING,PENDING_PAGINATION,0,0,0,NOT_VALIDATED,False,,350,
UCpNkVsMlsJRF792H-1_1vPA,533,533,0,2021-03-12T13:28:46+00:00,2023-11-30T16:58:02+00:00,False,PLAYLIST_EXHAUSTED,TERMINAL,0,0,0,NOT_VALIDATED,False,0,467,
UCpSsKMbL7zvD87O8-57Mg7A,389,389,0,2024-05-20T19:51:58+00:00,2026-07-12T03:24:53+00:00,False,PLAYLIST_EXHAUSTED,TERMINAL,0,0,0,NOT_VALIDATED,False,0,611,
UCpWF1pMyJtMvlynspGnThdw,83,83,0,2021-03-21T13:52:56+00:00,2022-06-18T02:18:46+00:00,False,PLAYLIST_EXHAUSTED,TERMINAL,0,0,0,NOT_VALIDATED,False,0,917,
UCpWoDWpQSzhs3PMMU4WrfiQ,650,650,0,2023-07-09T01:06:15+00:00,2026-09-09T11:26:33+00:00,False,PENDING,PENDING_PAGINATION,0,0,0,NOT_VALIDATED,False,,350,
UCpXRdlZ-aGpd9s2gFVl63lg,163,163,0,2024-12-15T02:55:37+00:00,2026-09-10T04:59:41+00:00,False,PLAYLIST_EXHAUSTED,TERMINAL,0,0,0,NOT_VALIDATED,False,0,837,
UCpZhmRU3HDKMau3Tv0_DsGg,415,415,0,2020-12-26T02:28:39+00:00,2026-09-06T15:23:54+00:00,True,PLAYLIST_EXHAUSTED,TERMINAL,0,0,0,NOT_VALIDATED,False,0,585,
UCpaaIu52BVuInfJkO0-Ft3Q,92,92,0,2024-08-21T12:29:23+00:00,2026-09-06T06:13:38+00:00,False,PLAYLIST_EXHAUSTED,TERMINAL,0,0,0,NOT_VALIDATED,False,0,908,
UCpbHtJERmEP-GZJeSpziqCQ,326,326,0,2023-08-19T03:30:01+00:00,2026-09-04T18:21:28+00:00,False,PLAYLIST_EXHAUSTED,TERMINAL,0,0,0,NOT_VALIDATED,False,0,674,
UCpfWYM5nNmWfroMIXBk3Gug,148,148,0,2025-06-06T08:35:56+00:00,2026-09-04T15:03:01+00:00,False,PLAYLIST_EXHAUSTED,TERMINAL,0,0,0,NOT_VALIDATED,False,0,852,
UCph_3mJbLtVYMFr4-n_rRgw,629,629,0,2024-01-23T12:36:20+00:00,2026-09-08T12:17:10+00:00,False,PLAYLIST_EXHAUSTED,TERMINAL,0,0,0,NOT_VALIDATED,False,0,371,
UCpke74KAbZIIj7KrNdPgxow,540,540,0,2023-03-27T01:42:12+00:00,2026-09-07T03:07:29+00:00,False,PLAYLIST_EXHAUSTED,TERMINAL,0,0,0,NOT_VALIDATED,False,0,460,
UCprsCfEbSQRzd-mK4Cgd1Rg,2,2,0,2022-05-16T13:22:38+00:00,2025-06-07T10:00:36+00:00,False,PLAYLIST_EXHAUSTED,TERMINAL,0,0,0,NOT_VALIDATED,False,0,998,
UCpuk3ld3rGWSsLOhuVlOFBQ,140,140,0,2020-08-28T11:29:48+00:00,2023-03-07T02:33:29+00:00,True,PLAYLIST_EXHAUSTED,TERMINAL,0,0,0,NOT_VALIDATED,False,0,860,
UCpv77tyTG6nJlO9oBIFZ5xQ,473,473,0,2023-01-19T06:25:34+00:00,2026-09-09T14:19:03+00:00,False,PLAYLIST_EXHAUSTED,TERMINAL,0,0,0,NOT_VALIDATED,False,0,527,
UCpwaMGj7IdlttM_bP2iKZmw,1,1,0,2021-04-07T11:47:58+00:00,2021-04-07T11:47:58+00:00,False,PLAYLIST_EXHAUSTED,TERMINAL,0,0,0,NOT_VALIDATED,False,0,999,
UCq0Nq6SwDplj3OcuvwkE1Mg,207,207,0,2023-04-23T00:46:39+00:00,2026-09-03T03:29:42+00:00,False,PLAYLIST_EXHAUSTED,TERMINAL,0,0,0,NOT_VALIDATED,False,0,793,
UCq1-zScAqUHmGQO9SYI5pIg,615,615,0,2022-04-13T00:18:55+00:00,2026-08-16T12:29:43+00:00,False,PLAYLIST_EXHAUSTED,TERMINAL,0,0,0,NOT_VALIDATED,False,0,385,
UCq97LOtWB1CgRVFzDF3FSSA,0,0,0,,,False,PARTIAL_ERROR,NOT_FOUND,0,0,0,NOT_VALIDATED,False,,1000,False
UCqBG-DyjOA-llSpScSDOxqA,74,74,0,2024-04-29T10:00:07+00:00,2026-08-24T14:09:07+00:00,False,PLAYLIST_EXHAUSTED,TERMINAL,0,0,0,NOT_VALIDATED,False,0,926,
UCqCI_qpXBTlVO0kZhB51I6w,110,110,0,2024-12-22T04:02:45+00:00,2026-09-06T23:56:59+00:00,False,PLAYLIST_EXHAUSTED,TERMINAL,0,0,0,NOT_VALIDATED,False,0,890,
UCqCv5pUmAMeoQMushiW3Csg,650,650,0,2021-06-16T03:38:03+00:00,2026-09-04T01:30:01+00:00,False,PENDING,PENDING_PAGINATION,0,0,0,NOT_VALIDATED,False,,350,
UCqDHOqlcApniKvQAPW2LlMQ,105,105,0,2023-05-28T02:08:26+00:00,2024-06-27T01:00:07+00:00,False,PLAYLIST_EXHAUSTED,TERMINAL,0,0,0,NOT_VALIDATED,False,0,895,
UCqKKqKP-G8LYkWMQeJAc2vA,462,462,0,2023-08-20T10:00:05+00:00,2026-03-09T19:13:41+00:00,False,PLAYLIST_EXHAUSTED,TERMINAL,0,0,0,NOT_VALIDATED,False,0,538,
UCqMmxgXhKhZxIeIXSxho6mw,178,178,0,2023-09-09T04:38:39+00:00,2026-08-31T22:31:10+00:00,False,PLAYLIST_EXHAUSTED,TERMINAL,0,0,0,NOT_VALIDATED,False,0,822,
UCqTbc_8tl7ZFcEEuZtzfr2w,339,339,0,2023-01-22T02:00:08+00:00,2026-09-08T11:00:32+00:00,False,PLAYLIST_EXHAUSTED,TERMINAL,0,0,0,NOT_VALIDATED,False,0,661,
UCqUHXBufAIuF9KI-OoMFUQw,173,173,0,2024-07-02T14:27:50+00:00,2026-09-03T03:46:16+00:00,False,PLAYLIST_EXHAUSTED,TERMINAL,0,0,0,NOT_VALIDATED,False,0,827,
UCqUKFVHfbb0ujmoxNfGSu1w,650,650,0,2023-08-25T04:18:23+00:00,2026-09-07T04:41:57+00:00,False,PENDING,PENDING_PAGINATION,0,0,0,NOT_VALIDATED,False,,350,
UCqVbto9IH79DiJQab1nZ8CA,193,193,0,2024-01-15T08:07:34+00:00,2026-08-08T18:28:15+00:00,False,PLAYLIST_EXHAUSTED,TERMINAL,0,0,0,NOT_VALIDATED,False,0,807,
UCq_POu51qgVp0O9EgcJgsDw,466,466,0,2021-07-19T02:00:00+00:00,2026-08-22T21:37:32+00:00,False,PLAYLIST_EXHAUSTED,TERMINAL,0,0,0,NOT_VALIDATED,False,0,534,
UCqbax9GTF0U2i7Fzk7HjOyg,110,110,0,2024-05-30T14:50:56+00:00,2026-09-05T14:43:19+00:00,False,PLAYLIST_EXHAUSTED,TERMINAL,0,0,0,NOT_VALIDATED,False,0,890,
UCqfR7Nkz-wkfQgcMDsU7HnA,213,213,0,2024-05-05T02:00:22+00:00,2026-09-06T05:00:06+00:00,False,PLAYLIST_EXHAUSTED,TERMINAL,0,0,0,NOT_VALIDATED,False,0,787,
UCqhhWjpw23dWhJ5rRwCCrMA,650,650,0,2022-10-12T11:00:13+00:00,2026-06-12T11:00:15+00:00,False,PENDING,PENDING_PAGINATION,0,0,0,NOT_VALIDATED,False,,350,
UCqlIHZinRgdevuHuCILlgjA,101,101,0,2024-02-22T15:22:00+00:00,2026-09-01T12:20:33+00:00,False,PLAYLIST_EXHAUSTED,TERMINAL,0,0,0,NOT_VALIDATED,False,0,899,
UCqozdR0DYubMg22jJV2eThQ,83,83,0,2025-10-26T02:42:00+00:00,2026-07-30T02:45:59+00:00,False,PLAYLIST_EXHAUSTED,TERMINAL,0,0,0,NOT_VALIDATED,False,0,917,
UCqq085DI0tDBblF3Q1nsdcg,590,590,0,2022-01-07T14:31:11+00:00,2026-09-09T17:10:40+00:00,False,PLAYLIST_EXHAUSTED,TERMINAL,0,0,0,NOT_VALIDATED,False,0,410,
UCqsUkQeicv0nEs5_d6DXYvQ,301,301,0,2023-11-15T03:28:30+00:00,2026-09-09T04:58:29+00:00,False,PLAYLIST_EXHAUSTED,TERMINAL,0,0,0,NOT_VALIDATED,False,0,699,
UCqu5twYqzKGrRyIrcvg4YXA,102,102,0,2021-05-04T07:52:39+00:00,2026-05-21T08:54:56+00:00,False,PLAYLIST_EXHAUSTED,TERMINAL,0,0,0,NOT_VALIDATED,False,0,898,
UCqxS4qNzJUWdPgR2UdLpemA,650,650,0,2022-11-11T00:33:02+00:00,2026-08-30T22:42:31+00:00,False,PENDING,PENDING_PAGINATION,0,0,0,NOT_VALIDATED,False,,350,
UCr0-V3nBW3klbNrklD_1TPg,191,191,0,2025-01-31T11:30:11+00:00,2026-09-10T05:54:31+00:00,False,PLAYLIST_EXHAUSTED,TERMINAL,0,0,0,NOT_VALIDATED,False,0,809,
UCr6JjOIjCAYFGJIW3_BznmA,650,650,0,2024-08-19T22:04:08+00:00,2026-09-09T14:07:24+00:00,False,PENDING,PENDING_PAGINATION,0,0,0,NOT_VALIDATED,False,,350,
UCrDlc3CYB6TXFoU01jw0XPg,650,650,0,2022-01-18T03:51:04+00:00,2026-09-10T03:56:56+00:00,False,PENDING,PENDING_PAGINATION,0,0,0,NOT_VALIDATED,False,,350,
UCrICh9KpS2QHVWOkfJ7GO1g,152,152,0,2021-03-24T12:19:48+00:00,2026-07-28T15:19:26+00:00,False,PLAYLIST_EXHAUSTED,TERMINAL,0,0,0,NOT_VALIDATED,False,0,848,
UCrIs26bEKOvA_lRnO2Hgscw,202,202,0,2023-02-05T15:00:07+00:00,2026-09-09T12:00:36+00:00,False,PLAYLIST_EXHAUSTED,TERMINAL,0,0,0,NOT_VALIDATED,False,0,798,
UCrKHJptt9n65z_2UFZc-aMg,0,0,0,,,False,PARTIAL_ERROR,NOT_FOUND,0,0,0,NOT_VALIDATED,False,,1000,False
UCrKgRzwdpFIyoYBvyuacmPg,154,154,0,2023-01-22T12:00:33+00:00,2025-11-26T12:02:48+00:00,False,PLAYLIST_EXHAUSTED,TERMINAL,0,0,0,NOT_VALIDATED,False,0,846,
UCrOhfmfkwCUS5ibUehZpJtA,13,13,0,2023-02-14T10:00:08+00:00,2024-06-04T17:06:08+00:00,False,PLAYLIST_EXHAUSTED,TERMINAL,0,0,0,NOT_VALIDATED,False,0,987,
UCrQORO4YG9kd7FXl9nB-_Bw,29,29,0,2023-09-27T06:50:58+00:00,2025-09-15T14:35:57+00:00,False,PLAYLIST_EXHAUSTED,TERMINAL,0,0,0,NOT_VALIDATED,False,0,971,
UCrUmEIK7jOgqVw5BPEDfQdQ,159,159,0,2020-08-09T00:15:13+00:00,2023-09-19T09:02:19+00:00,True,PLAYLIST_EXHAUSTED,TERMINAL,0,0,0,NOT_VALIDATED,False,0,841,
UCrVrg-DbNYlz-1TMgthXWRA,435,435,0,2024-10-25T10:00:02+00:00,2026-09-08T08:23:13+00:00,False,PLAYLIST_EXHAUSTED,TERMINAL,0,0,0,NOT_VALIDATED,False,0,565,
UCrYkQnbL_OiYyGuiZyvcO7g,97,97,0,2021-08-27T02:00:17+00:00,2024-08-27T11:00:07+00:00,False,PLAYLIST_EXHAUSTED,TERMINAL,0,0,0,NOT_VALIDATED,False,0,903,
UCrZZ55RSNNZvURxjffvIDng,650,650,0,2020-08-17T19:12:54+00:00,2025-12-01T01:52:05+00:00,True,PENDING,PENDING_PAGINATION,0,0,0,NOT_VALIDATED,False,,350,
UCriNq8O70ubJVbUtJ9yoGNw,429,429,0,2021-03-06T01:28:17+00:00,2026-05-31T09:46:35+00:00,False,PLAYLIST_EXHAUSTED,TERMINAL,0,0,0,NOT_VALIDATED,False,0,571,
UCrkWEJaRE2eCpEpGZbpNhIQ,233,233,0,2022-07-21T12:57:11+00:00,2026-09-09T16:00:38+00:00,False,PLAYLIST_EXHAUSTED,TERMINAL,0,0,0,NOT_VALIDATED,False,0,767,
UCrkmFl9WbotWvZMH8wQM2mw,469,469,0,2024-08-26T11:30:00+00:00,2026-06-19T08:00:05+00:00,False,PLAYLIST_EXHAUSTED,TERMINAL,0,0,0,NOT_VALIDATED,False,0,531,
UCroF8LjEdRGOerNXLR0ddLA,2,2,0,2021-07-13T18:58:23+00:00,2022-05-12T22:40:06+00:00,False,PLAYLIST_EXHAUSTED,TERMINAL,0,0,0,NOT_VALIDATED,False,0,998,
UCrpZITOa4ElrYQ7bjSXn75w,239,239,0,2025-02-16T15:47:41+00:00,2026-09-03T15:24:13+00:00,False,PLAYLIST_EXHAUSTED,TERMINAL,0,0,0,NOT_VALIDATED,False,0,761,
UCrrhPvH5ZB7UBcjCajs9OmQ,212,212,0,2024-06-16T01:37:22+00:00,2026-09-07T19:18:36+00:00,False,PLAYLIST_EXHAUSTED,TERMINAL,0,0,0,NOT_VALIDATED,False,0,788,
UCrsyP6H1Ftqt503xKE7_CUg,650,650,0,2023-06-08T17:06:53+00:00,2026-09-10T05:38:15+00:00,False,PENDING,PENDING_PAGINATION,0,0,0,NOT_VALIDATED,False,,350,
UCrv90qmK4-Yxj_QyNMqBVQA,237,237,0,2025-09-15T05:16:28+00:00,2026-09-07T11:00:29+00:00,False,PLAYLIST_EXHAUSTED,TERMINAL,0,0,0,NOT_VALIDATED,False,0,763,
UCrvgFjRmdALKWipRU1MQBsQ,412,412,0,2022-09-14T16:57:28+00:00,2026-08-16T20:59:35+00:00,False,PLAYLIST_EXHAUSTED,TERMINAL,0,0,0,NOT_VALIDATED,False,0,588,
UCs3O6VR89_-NPCUSj29jY3Q,454,454,0,2019-06-25T11:31:42+00:00,2025-12-15T18:42:02+00:00,True,PLAYLIST_EXHAUSTED,TERMINAL,0,0,0,NOT_VALIDATED,False,0,546,
UCsB043n4HJ1SfywowZACmug,231,231,0,2025-05-30T18:06:09+00:00,2026-09-07T03:09:52+00:00,False,PLAYLIST_EXHAUSTED,TERMINAL,0,0,0,NOT_VALIDATED,False,0,769,
UCsBCAX4sd9ro4MhqVTyfOwg,15,15,0,2022-10-23T12:04:54+00:00,2026-07-15T06:12:58+00:00,False,PLAYLIST_EXHAUSTED,TERMINAL,0,0,0,NOT_VALIDATED,False,0,985,
UCsI6assrGUpDX_TmSK4zehg,539,539,0,2024-07-31T17:23:38+00:00,2026-09-08T11:00:08+00:00,False,PLAYLIST_EXHAUSTED,TERMINAL,0,0,0,NOT_VALIDATED,False,0,461,
UCsMUB8xL0-TcsBxpfb7LA8w,63,63,0,2021-07-11T17:35:16+00:00,2022-11-25T12:59:04+00:00,False,PLAYLIST_EXHAUSTED,TERMINAL,0,0,0,NOT_VALIDATED,False,0,937,
UCsO3bLRlRtET6FMH0KIWvYQ,4,4,0,2021-06-19T17:03:38+00:00,2022-02-27T03:00:15+00:00,False,PLAYLIST_EXHAUSTED,TERMINAL,0,0,0,NOT_VALIDATED,False,0,996,
UCsPn9TRLJIGDWPnfa32EX7Q,639,639,0,2022-07-04T12:00:36+00:00,2026-09-06T04:55:47+00:00,False,PLAYLIST_EXHAUSTED,TERMINAL,0,0,0,NOT_VALIDATED,False,0,361,
UCsQphFL62QU4XfvjN4B0kAQ,197,197,0,2025-12-16T20:48:22+00:00,2026-09-09T18:21:03+00:00,False,PLAYLIST_EXHAUSTED,TERMINAL,0,0,0,NOT_VALIDATED,False,0,803,
UCsQqb5obLoEfcDoiaZFM7LA,43,43,0,2023-10-19T11:28:05+00:00,2026-07-20T20:38:10+00:00,False,PLAYLIST_EXHAUSTED,TERMINAL,0,0,0,NOT_VALIDATED,False,0,957,
UCsZSZCsOh_00oTBLdk2w-GA,134,134,0,2020-09-30T17:08:30+00:00,2026-08-31T11:24:00+00:00,True,PLAYLIST_EXHAUSTED,TERMINAL,0,0,0,NOT_VALIDATED,False,0,866,
UCsg4TnP4vfR82IvQ5FKC9Cg,190,190,0,2025-09-16T11:00:06+00:00,2026-09-02T11:00:06+00:00,False,PLAYLIST_EXHAUSTED,TERMINAL,0,0,0,NOT_VALIDATED,False,0,810,
UCsopSzBjIt3naRqabJrXpRA,110,110,0,2025-04-01T15:10:01+00:00,2026-08-17T02:00:35+00:00,False,PLAYLIST_EXHAUSTED,TERMINAL,0,0,0,NOT_VALIDATED,False,0,890,
UCsqbAJWvp5DMgg69Clc81pA,545,545,0,2014-04-26T06:28:33+00:00,2026-09-05T19:08:41+00:00,True,PLAYLIST_EXHAUSTED,TERMINAL,0,0,0,NOT_VALIDATED,False,0,455,
UCsrQN_xHHIOLkPfQ-uP1zag,246,246,0,2024-06-14T00:57:50+00:00,2026-07-18T04:26:08+00:00,False,PLAYLIST_EXHAUSTED,TERMINAL,0,0,0,NOT_VALIDATED,False,0,754,
UCsrs6PQ6BxBGZbDuuD8i6iA,270,270,0,2024-06-19T02:59:56+00:00,2026-09-10T05:40:19+00:00,False,PLAYLIST_EXHAUSTED,TERMINAL,0,0,0,NOT_VALIDATED,False,0,730,
UCsvM-x2McjES-pJMGfq8PuA,650,650,0,2025-01-27T17:40:16+00:00,2026-09-09T17:05:46+00:00,False,PENDING,PENDING_PAGINATION,0,0,0,NOT_VALIDATED,False,,350,
UCsyvaOTDKdgG_iglzRnWzOQ,94,94,0,2021-03-07T17:06:42+00:00,2024-05-23T15:29:42+00:00,False,PLAYLIST_EXHAUSTED,TERMINAL,0,0,0,NOT_VALIDATED,False,0,906,
UCt-_7LOFGUhAQGzePZtbYZg,13,13,0,2020-12-18T15:41:18+00:00,2026-08-12T14:30:28+00:00,True,PLAYLIST_EXHAUSTED,TERMINAL,0,0,0,NOT_VALIDATED,False,0,987,
UCt1L2vxqFD0xZeYHeHPZQoQ,650,650,0,2020-11-14T06:00:01+00:00,2026-09-10T04:51:17+00:00,True,PENDING,PENDING_PAGINATION,0,0,0,NOT_VALIDATED,False,,350,
UCt27auVkfJgmTnKJI6UAZwg,19,19,0,2026-07-11T13:45:50+00:00,2026-09-09T13:00:00+00:00,False,PLAYLIST_EXHAUSTED,TERMINAL,0,0,0,NOT_VALIDATED,False,0,981,
UCt2nUyG9wE579wkiik-bfHQ,294,294,0,2022-10-14T01:50:55+00:00,2026-08-23T09:48:23+00:00,False,PLAYLIST_EXHAUSTED,TERMINAL,0,0,0,NOT_VALIDATED,False,0,706,
UCt3VBRNF3sR05y763RZx2xw,540,540,0,2022-06-08T09:28:09+00:00,2026-09-04T17:01:34+00:00,False,PLAYLIST_EXHAUSTED,TERMINAL,0,0,0,NOT_VALIDATED,False,0,460,
UCt483dpJFmpjRjADkNCWj1A,650,650,0,2023-04-24T19:48:29+00:00,2026-09-03T23:44:20+00:00,False,PENDING,PENDING_PAGINATION,0,0,0,NOT_VALIDATED,False,,350,
UCt5N-YObN60x8TQTMh6mvbw,650,650,0,2025-07-16T03:11:51+00:00,2026-09-09T08:11:34+00:00,False,PENDING,PENDING_PAGINATION,0,0,0,NOT_VALIDATED,False,,350,
UCt6FZvZeGX7_0dFT5bibXig,491,491,0,2015-12-12T05:59:57+00:00,2025-10-24T14:50:42+00:00,True,PLAYLIST_EXHAUSTED,TERMINAL,0,0,0,NOT_VALIDATED,False,0,509,
UCt8NgIONfmrNcyJt26ntJQg,142,142,0,2022-10-05T10:30:14+00:00,2026-09-09T19:05:11+00:00,False,PLAYLIST_EXHAUSTED,TERMINAL,0,0,0,NOT_VALIDATED,False,0,858,
UCt8vlwt6qi6P1mz5uuStJCA,205,205,0,2021-03-30T15:30:15+00:00,2022-10-16T12:00:18+00:00,False,PLAYLIST_EXHAUSTED,TERMINAL,0,0,0,NOT_VALIDATED,False,0,795,
UCtAwmDprhStjmfRwyF3znsQ,74,74,0,2021-07-04T12:00:15+00:00,2022-06-23T18:23:37+00:00,False,PLAYLIST_EXHAUSTED,TERMINAL,0,0,0,NOT_VALIDATED,False,0,926,
UCtD7KwwGOSgFu4FEd46msMg,290,290,0,2024-08-01T08:00:37+00:00,2026-09-09T14:34:12+00:00,False,PLAYLIST_EXHAUSTED,TERMINAL,0,0,0,NOT_VALIDATED,False,0,710,
UCtECeyZ_Uc-oE4fJCt3YPoA,71,71,0,2025-10-22T05:04:01+00:00,2026-09-07T17:35:08+00:00,False,PLAYLIST_EXHAUSTED,TERMINAL,0,0,0,NOT_VALIDATED,False,0,929,
UCtGhO6z6GxqtBZ4gP-3rUpA,521,521,0,2021-02-10T00:00:04+00:00,2026-09-09T12:49:08+00:00,False,PLAYLIST_EXHAUSTED,TERMINAL,0,0,0,NOT_VALIDATED,False,0,479,
UCtHdI-Bb1OWP9VaQpBHy7kg,224,224,0,2025-08-01T17:03:53+00:00,2026-09-09T16:13:46+00:00,False,PLAYLIST_EXHAUSTED,TERMINAL,0,0,0,NOT_VALIDATED,False,0,776,
UCtI52RQ3VagjRMERxov_OxA,295,295,0,2022-02-11T13:30:14+00:00,2026-08-26T02:12:50+00:00,False,PLAYLIST_EXHAUSTED,TERMINAL,0,0,0,NOT_VALIDATED,False,0,705,
UCtJXU7YRwS-Cc8pu8U8bicg,65,65,0,2025-02-16T15:55:21+00:00,2026-05-08T01:01:02+00:00,False,PLAYLIST_EXHAUSTED,TERMINAL,0,0,0,NOT_VALIDATED,False,0,935,
UCtPjQ122cAR7pcv0NiSPhyQ,376,376,0,2023-05-31T11:13:36+00:00,2026-09-09T15:20:01+00:00,False,PLAYLIST_EXHAUSTED,TERMINAL,0,0,1,NOT_VALIDATED,False,0,624,
UCtXAgf3uaHnIZyLr3fF8Fnw,609,609,0,2021-08-22T15:26:31+00:00,2026-08-30T16:31:04+00:00,False,PLAYLIST_EXHAUSTED,TERMINAL,0,0,0,NOT_VALIDATED,False,0,391,
UCtiDekGvmiFPVU6hfUDprcw,213,213,0,2025-07-12T07:30:43+00:00,2026-09-09T18:38:13+00:00,False,PLAYLIST_EXHAUSTED,TERMINAL,0,0,0,NOT_VALIDATED,False,0,787,
UCtk8lcwk_Gx9egTljfiCMYw,289,289,0,2021-12-16T03:21:12+00:00,2026-05-29T01:11:13+00:00,False,PLAYLIST_EXHAUSTED,TERMINAL,0,0,0,NOT_VALIDATED,False,0,711,
UCtorf7cuSwiGmA2lEuuubCQ,0,0,0,,,False,PARTIAL_ERROR,NOT_FOUND,0,0,0,NOT_VALIDATED,False,,1000,False
UCtqg53LG-0LfkUn5PssQr_g,337,337,0,2021-08-21T22:52:53+00:00,2026-07-15T18:39:41+00:00,False,PLAYLIST_EXHAUSTED,TERMINAL,0,0,0,NOT_VALIDATED,False,0,663,
UCttMAJHfOEXryNHnnDNG53g,16,16,0,2021-12-01T13:39:35+00:00,2024-03-03T15:49:10+00:00,False,PLAYLIST_EXHAUSTED,TERMINAL,0,0,0,NOT_VALIDATED,False,0,984,
UCtunm6uij5wVkzTAfcH0aig,169,169,0,2023-12-25T14:04:18+00:00,2026-08-15T11:50:43+00:00,False,PLAYLIST_EXHAUSTED,TERMINAL,0,0,0,NOT_VALIDATED,False,0,831,
UCtwkgAaBfYn8dGavjDAITxg,97,97,0,2025-09-22T04:45:25+00:00,2026-09-05T20:19:39+00:00,False,PLAYLIST_EXHAUSTED,TERMINAL,0,0,0,NOT_VALIDATED,False,0,903,
UCtzBNRsOnn_xYOmXm09YAMw,333,333,0,2023-03-04T06:38:18+00:00,2026-09-10T06:17:40+00:00,False,PLAYLIST_EXHAUSTED,TERMINAL,0,0,0,NOT_VALIDATED,False,0,667,
UCu5HHrUzCcFmIgeIqImDUhQ,54,54,0,2021-09-15T11:00:14+00:00,2022-07-16T11:30:32+00:00,False,PLAYLIST_EXHAUSTED,TERMINAL,0,0,0,NOT_VALIDATED,False,0,946,
UCu5cg0PIbWKd3VuBgu6KDIA,100,100,0,2025-04-11T16:39:18+00:00,2026-08-31T16:07:37+00:00,False,PLAYLIST_EXHAUSTED,TERMINAL,0,0,0,NOT_VALIDATED,False,0,900,
UCuGrBxlTZGYY7dpx9eLFsZw,559,559,0,2024-07-28T21:18:36+00:00,2026-09-08T11:00:32+00:00,False,PLAYLIST_EXHAUSTED,TERMINAL,0,0,0,NOT_VALIDATED,False,0,441,
UCuMlvjC3BwkkmdLerrcFzrg,339,339,0,2024-02-18T11:00:08+00:00,2026-09-05T04:07:34+00:00,False,PLAYLIST_EXHAUSTED,TERMINAL,0,0,0,NOT_VALIDATED,False,0,661,
UCuSeRbNKfziUQdW6hZgiZjw,462,462,0,2021-05-15T22:01:35+00:00,2026-08-17T14:49:51+00:00,False,PLAYLIST_EXHAUSTED,TERMINAL,0,0,0,NOT_VALIDATED,False,0,538,
UCuZ1ajvlGFUMCHZAPdetKHw,391,391,0,2023-03-17T08:19:46+00:00,2026-09-08T14:03:24+00:00,False,PLAYLIST_EXHAUSTED,TERMINAL,0,0,0,NOT_VALIDATED,False,0,609,
UCuknM_MfOGBZgedmcu8sf-w,650,650,0,2021-02-28T02:08:19+00:00,2026-07-18T15:21:19+00:00,False,PENDING,PENDING_PAGINATION,0,0,0,NOT_VALIDATED,False,,350,
UCus7FjtV4qGWS1v1GIhfZaQ,6,6,0,2023-08-26T02:07:18+00:00,2025-04-05T14:55:39+00:00,False,PLAYLIST_EXHAUSTED,TERMINAL,0,0,0,NOT_VALIDATED,False,0,994,
UCutz6S1DcEHPnEb_r9ztkzg,538,538,0,2021-03-10T13:21:36+00:00,2023-12-10T11:00:10+00:00,False,PLAYLIST_EXHAUSTED,TERMINAL,0,0,0,NOT_VALIDATED,False,0,462,
UCuwUVa1uz28eLDxeoe-CDCQ,390,390,0,2024-01-23T12:33:11+00:00,2026-02-23T04:41:51+00:00,False,PLAYLIST_EXHAUSTED,TERMINAL,0,0,0,NOT_VALIDATED,False,0,610,
UCuyrIzf_bCTnyJHktJVpe4g,650,650,0,2023-12-24T02:55:12+00:00,2026-09-10T00:27:37+00:00,False,PENDING,PENDING_PAGINATION,0,0,0,NOT_VALIDATED,False,,350,
UCv4vY8ecIowhnHMvuNt7ywg,326,326,0,2022-12-02T16:25:24+00:00,2026-09-01T03:42:21+00:00,False,PLAYLIST_EXHAUSTED,TERMINAL,0,0,0,NOT_VALIDATED,False,0,674,
UCv6T5E7meuUtXHOAg_jQonQ,608,608,0,2021-11-18T11:00:11+00:00,2026-09-09T04:45:27+00:00,False,PLAYLIST_EXHAUSTED,TERMINAL,0,0,0,NOT_VALIDATED,False,0,392,
UCv8Jc5Icn5MIoBC1g-dXH8Q,168,168,0,2017-04-17T07:42:54+00:00,2026-08-31T20:40:57+00:00,True,PLAYLIST_EXHAUSTED,TERMINAL,0,0,0,NOT_VALIDATED,False,0,832,
UCvAjpLYnhtnZn-6UDT4rraQ,34,34,0,2025-05-10T04:00:12+00:00,2026-09-02T14:04:43+00:00,False,PLAYLIST_EXHAUSTED,TERMINAL,0,0,0,NOT_VALIDATED,False,0,966,
UCvHE7qpAydoWR1vhT2-ZHFg,588,588,0,2021-11-13T04:05:00+00:00,2026-09-05T14:47:58+00:00,False,PLAYLIST_EXHAUSTED,TERMINAL,0,0,0,NOT_VALIDATED,False,0,412,
UCvHE8ZCOcfZR_8HvmBA9JBw,129,129,0,2025-02-15T12:34:24+00:00,2026-09-07T14:30:03+00:00,False,PLAYLIST_EXHAUSTED,TERMINAL,0,0,0,NOT_VALIDATED,False,0,871,
UCvJ9kX_3beaSWPPfHPBq8Uw,78,78,0,2022-09-02T04:00:14+00:00,2026-06-06T11:00:21+00:00,False,PLAYLIST_EXHAUSTED,TERMINAL,0,0,0,NOT_VALIDATED,False,0,922,
UCvOrkbDoUwKzbtODiiU8YXg,459,459,0,2025-07-24T11:00:04+00:00,2026-09-07T09:59:36+00:00,False,PLAYLIST_EXHAUSTED,TERMINAL,0,0,0,NOT_VALIDATED,False,0,541,
UCvQ3ivV2lcNxaSr66Xl_Kcw,89,89,0,2025-08-14T13:03:13+00:00,2026-09-09T03:22:19+00:00,False,PLAYLIST_EXHAUSTED,TERMINAL,0,0,0,NOT_VALIDATED,False,0,911,
UCvTchQs3VuPF74Y3e6pPAMQ,650,650,0,2024-06-13T09:00:23+00:00,2026-09-08T09:00:10+00:00,False,PENDING,PENDING_PAGINATION,0,0,0,NOT_VALIDATED,False,,350,
UCvWAlkD3Aguu5zAh7X3ZPPA,177,177,0,2024-09-22T22:26:51+00:00,2026-08-16T14:37:41+00:00,False,PLAYLIST_EXHAUSTED,TERMINAL,0,0,0,NOT_VALIDATED,False,0,823,
UCvX83QsQu4NvT0pnEC6b9Hg,203,203,0,2024-10-20T13:00:06+00:00,2026-08-29T16:30:40+00:00,False,PLAYLIST_EXHAUSTED,TERMINAL,0,0,0,NOT_VALIDATED,False,0,797,
UCvYUivIS4WcgfACH3xBJ0DQ,244,244,0,2024-10-30T11:00:31+00:00,2026-09-09T16:00:54+00:00,False,PLAYLIST_EXHAUSTED,TERMINAL,0,0,0,NOT_VALIDATED,False,0,756,
UCvZWxyOOheSuqwVVIT-lJjw,46,46,0,2021-08-05T06:50:35+00:00,2026-02-25T11:30:50+00:00,False,PLAYLIST_EXHAUSTED,TERMINAL,0,0,0,NOT_VALIDATED,False,0,954,
UCvbHZ8Ye_C0BHMLVU9F9nuA,97,97,0,2025-05-30T12:00:05+00:00,2026-09-06T02:00:14+00:00,False,PLAYLIST_EXHAUSTED,TERMINAL,0,0,0,NOT_VALIDATED,False,0,903,
UCvjP5hF6Z7o8C4HWEVZmVSQ,221,221,0,2025-01-17T14:55:33+00:00,2026-09-04T15:53:27+00:00,False,PLAYLIST_EXHAUSTED,TERMINAL,0,0,0,NOT_VALIDATED,False,0,779,
UCvk4wE32YLgO7MhSBNDx2Xw,650,650,0,2024-10-18T19:37:14+00:00,2026-09-09T18:50:11+00:00,False,PENDING,PENDING_PAGINATION,0,0,0,NOT_VALIDATED,False,,350,
UCvob8U-yjPS-fSf5bq7jvGw,650,650,0,2024-01-17T12:00:08+00:00,2026-09-09T10:26:01+00:00,False,PENDING,PENDING_PAGINATION,0,0,0,NOT_VALIDATED,False,,350,
UCvsZDzO8ATDZJJgkhVlWopg,0,0,0,,,False,PARTIAL_ERROR,NOT_FOUND,0,0,0,NOT_VALIDATED,False,,1000,False
UCvxN2R4-6hqHGYX-AL8Q7Qw,205,205,0,2023-09-19T13:00:08+00:00,2026-02-28T16:19:57+00:00,False,PLAYLIST_EXHAUSTED,TERMINAL,0,0,0,NOT_VALIDATED,False,0,795,
UCw-oKO2PVt2CvgcEjuODDRw,102,102,0,2020-02-10T10:00:06+00:00,2022-04-17T03:00:50+00:00,True,PLAYLIST_EXHAUSTED,TERMINAL,0,0,0,NOT_VALIDATED,False,0,898,
UCw5SDGBx4mHpBtBj_qfupWg,167,167,0,2021-05-20T02:32:43+00:00,2024-05-02T01:44:05+00:00,False,PLAYLIST_EXHAUSTED,TERMINAL,0,0,0,NOT_VALIDATED,False,0,833,
UCw64ItsCX0Cb4lCjb68oTpw,531,531,0,2022-06-30T15:09:57+00:00,2026-09-08T05:50:27+00:00,False,PLAYLIST_EXHAUSTED,TERMINAL,0,0,0,NOT_VALIDATED,False,0,469,
UCw79Wj7JKNTtBiVqA8OJlSg,308,308,0,2024-08-20T02:14:29+00:00,2026-09-10T03:32:34+00:00,False,PLAYLIST_EXHAUSTED,TERMINAL,0,0,0,NOT_VALIDATED,False,0,692,
UCw7YDtEaJFn1cOoQdBx3lIA,290,290,0,2023-11-03T03:00:19+00:00,2026-09-03T03:12:38+00:00,False,PLAYLIST_EXHAUSTED,TERMINAL,0,0,0,NOT_VALIDATED,False,0,710,
UCwKydIfpAlllZap4K7dzJ4g,456,456,0,2022-04-02T06:22:04+00:00,2026-09-07T17:24:50+00:00,False,PLAYLIST_EXHAUSTED,TERMINAL,0,0,0,NOT_VALIDATED,False,0,544,
UCwLCMt4wN6dTIWvxt0w95rQ,236,236,0,2024-04-20T08:00:06+00:00,2026-09-09T16:23:18+00:00,False,PLAYLIST_EXHAUSTED,TERMINAL,0,0,0,NOT_VALIDATED,False,0,764,
UCwSohSYD00uLV-kq_UFJb4g,236,236,0,2024-06-16T01:16:10+00:00,2026-05-31T16:17:36+00:00,False,PLAYLIST_EXHAUSTED,TERMINAL,0,0,0,NOT_VALIDATED,False,0,764,
UCwUOnMoqNijxs5e6GbfRJ3Q,190,190,0,2024-08-06T09:00:36+00:00,2026-09-09T18:22:48+00:00,False,PLAYLIST_EXHAUSTED,TERMINAL,0,0,0,NOT_VALIDATED,False,0,810,
UCwUlSrFBV74QvDBE112cibw,650,650,0,2023-10-05T08:53:51+00:00,2026-09-06T20:59:01+00:00,False,PENDING,PENDING_PAGINATION,0,0,0,NOT_VALIDATED,False,,350,
UCwV_WXNH4iIvUJIVddjyhbg,341,341,0,2024-08-20T09:10:41+00:00,2026-09-01T03:31:00+00:00,False,PLAYLIST_EXHAUSTED,TERMINAL,0,0,0,NOT_VALIDATED,False,0,659,
UCw_7F4A38u-T_craqX6_OpQ,218,218,0,2024-04-07T10:37:25+00:00,2026-08-09T03:04:32+00:00,False,PLAYLIST_EXHAUSTED,TERMINAL,0,0,0,NOT_VALIDATED,False,0,782,
UCwhHNYldCXfIX6UtRY0VTjw,290,290,0,2021-04-23T02:56:53+00:00,2026-09-06T20:02:51+00:00,False,PLAYLIST_EXHAUSTED,TERMINAL,0,0,0,NOT_VALIDATED,False,0,710,
UCwtyxO7B0xIv3XdtSvdnYgQ,572,572,0,2020-07-13T14:45:15+00:00,2026-09-04T17:25:54+00:00,True,PLAYLIST_EXHAUSTED,TERMINAL,0,0,0,NOT_VALIDATED,False,0,428,
UCwv0DTchQQhKo7-C0VPu9yA,333,333,0,2022-04-26T21:05:28+00:00,2026-09-03T00:49:37+00:00,False,PLAYLIST_EXHAUSTED,TERMINAL,0,0,0,NOT_VALIDATED,False,0,667,
UCx0dAEK6I00_Q7l9HJN86bQ,4,4,0,2022-05-07T11:00:08+00:00,2022-10-30T15:10:20+00:00,False,PLAYLIST_EXHAUSTED,TERMINAL,0,0,0,NOT_VALIDATED,False,0,996,
UCx1g_QQFax29m6z1UXLTI3g,309,309,0,2023-05-30T10:22:06+00:00,2026-09-06T03:11:48+00:00,False,PLAYLIST_EXHAUSTED,TERMINAL,0,0,0,NOT_VALIDATED,False,0,691,
UCx4qz8NiVkQQj4x-7mhS9Dg,307,307,0,2022-12-22T06:43:45+00:00,2026-09-02T15:44:24+00:00,False,PLAYLIST_EXHAUSTED,TERMINAL,0,0,0,NOT_VALIDATED,False,0,693,
UCx5NsY_dUUU2NHK2P8u10xQ,407,407,0,2023-12-21T02:54:06+00:00,2026-08-26T04:14:28+00:00,False,PLAYLIST_EXHAUSTED,TERMINAL,0,0,0,NOT_VALIDATED,False,0,593,
UCxH2k-7jm1hMVcujrnMMj0A,0,0,0,,,False,PARTIAL_ERROR,NOT_FOUND,0,0,0,NOT_VALIDATED,False,,1000,False
UCxI2vEES81ViqI4xs7dnsnA,12,12,0,2019-12-21T12:46:51+00:00,2020-08-29T04:16:29+00:00,True,PLAYLIST_EXHAUSTED,TERMINAL,0,0,0,NOT_VALIDATED,False,0,988,
UCxIaiSqWfGmUoAkcT6A8LAA,2,2,0,2022-04-14T03:30:04+00:00,2023-01-21T07:21:35+00:00,False,PLAYLIST_EXHAUSTED,TERMINAL,0,0,0,NOT_VALIDATED,False,0,998,
UCxLACuzMdL0qGzmXBu1VwJg,0,0,0,,,False,PARTIAL_ERROR,NOT_FOUND,0,0,0,NOT_VALIDATED,False,,1000,False
UCxLMvBlryxSsteqI9L8RmZg,161,161,0,2024-02-03T09:37:57+00:00,2026-02-03T22:19:51+00:00,False,PLAYLIST_EXHAUSTED,TERMINAL,0,0,0,NOT_VALIDATED,False,0,839,
UCxMjBu1cPzJpPWmGd0UdUhA,558,558,0,2022-11-23T11:00:06+00:00,2026-09-08T18:54:59+00:00,False,PLAYLIST_EXHAUSTED,TERMINAL,0,0,0,NOT_VALIDATED,False,0,442,
UCxWsr2bxzcNitGtnPk9hRbQ,0,0,0,,,False,PARTIAL_ERROR,NOT_FOUND,0,0,0,NOT_VALIDATED,False,,1000,False
UCxYJqN90g84gIwfCO2bUKLA,161,161,0,2023-05-22T10:24:53+00:00,2024-06-01T03:15:00+00:00,False,PLAYLIST_EXHAUSTED,TERMINAL,0,0,0,NOT_VALIDATED,False,0,839,
UCx_2bHOqtU_pUtB62VDRF8Q,650,650,0,2024-04-14T11:00:20+00:00,2026-09-09T10:21:25+00:00,False,PENDING,PENDING_PAGINATION,0,0,0,NOT_VALIDATED,False,,350,
UCx_E2v60IowRRNd5nb-4uBQ,322,322,0,2022-11-26T16:42:35+00:00,2026-07-31T16:42:12+00:00,False,PLAYLIST_EXHAUSTED,TERMINAL,0,0,0,NOT_VALIDATED,False,0,678,
UCxaiTOKjBqy0b9am_EGvexA,212,212,0,2024-06-22T07:58:35+00:00,2026-09-06T07:58:13+00:00,False,PLAYLIST_EXHAUSTED,TERMINAL,0,0,0,NOT_VALIDATED,False,0,788,
UCxcmm1lpyL1Z3o7SgPAM1nw,513,513,0,2021-01-18T03:25:51+00:00,2026-08-29T17:52:25+00:00,False,PLAYLIST_EXHAUSTED,TERMINAL,0,0,0,NOT_VALIDATED,False,0,487,
UCxfx5BudsoFOV-TLl0RdFNw,207,207,0,2019-07-07T11:00:05+00:00,2026-07-23T12:26:50+00:00,True,PLAYLIST_EXHAUSTED,TERMINAL,0,0,0,NOT_VALIDATED,False,0,793,
UCxhTc8KCXqpWtvpBqx_Yi8g,495,495,0,2023-10-26T16:04:45+00:00,2026-09-09T15:33:48+00:00,False,PLAYLIST_EXHAUSTED,TERMINAL,0,0,0,NOT_VALIDATED,False,0,505,
UCxk5wi2uWUh2hVlTuP7dW4A,1,1,0,2024-09-17T12:11:14+00:00,2024-09-17T12:11:14+00:00,False,PLAYLIST_EXHAUSTED,TERMINAL,0,0,0,NOT_VALIDATED,False,0,999,
UCxn_EkDl0yi45LN2H00ddiQ,650,650,0,2022-04-21T00:35:19+00:00,2026-09-09T16:16:27+00:00,False,PENDING,PENDING_PAGINATION,0,0,0,NOT_VALIDATED,False,,350,
UCxnehbcB4sU8tjcfRsKxqGw,1,1,0,2022-01-16T16:58:54+00:00,2022-01-16T16:58:54+00:00,False,PLAYLIST_EXHAUSTED,TERMINAL,0,0,0,NOT_VALIDATED,False,0,999,
UCxsvotVZGKCimeSlzK9bSzA,402,402,0,2023-04-18T02:26:38+00:00,2026-08-30T15:01:32+00:00,False,PLAYLIST_EXHAUSTED,TERMINAL,0,0,0,NOT_VALIDATED,False,0,598,
UCxsyPoIG4fruqHyq91UwIMQ,248,248,0,2025-03-02T12:41:42+00:00,2026-09-09T13:55:46+00:00,False,PLAYLIST_EXHAUSTED,TERMINAL,0,0,0,NOT_VALIDATED,False,0,752,
UCxvd3oONCAAlvj5E6sbniuQ,112,112,0,2021-11-26T08:18:20+00:00,2026-03-28T08:15:12+00:00,False,PLAYLIST_EXHAUSTED,TERMINAL,0,0,0,NOT_VALIDATED,False,0,888,
UCxvs-I90Ta71nqbT62ATU2A,225,225,0,2022-08-25T17:27:06+00:00,2026-09-09T12:46:00+00:00,False,PLAYLIST_EXHAUSTED,TERMINAL,0,0,0,NOT_VALIDATED,False,0,775,
UCyA1KEXjcq2za_bsJp9KmZQ,650,650,0,2020-07-12T08:57:11+00:00,2026-08-21T04:13:37+00:00,True,PENDING,PENDING_PAGINATION,0,0,0,NOT_VALIDATED,False,,350,
UCyBovYeA-FnqRz8sigBql8w,19,19,0,2021-07-28T14:00:12+00:00,2024-04-20T17:31:17+00:00,False,PLAYLIST_EXHAUSTED,TERMINAL,0,0,0,NOT_VALIDATED,False,0,981,
UCyC0qxWVTV7Aq0WdyBkeypw,6,6,0,2022-05-22T11:00:13+00:00,2023-02-28T19:24:51+00:00,False,PLAYLIST_EXHAUSTED,TERMINAL,0,0,0,NOT_VALIDATED,False,0,994,
UCyHbGgiIiuzrZUX-VKVsmcw,181,181,0,2023-03-07T08:17:09+00:00,2026-09-07T13:00:06+00:00,False,PLAYLIST_EXHAUSTED,TERMINAL,0,0,0,NOT_VALIDATED,False,0,819,
UCyHu19qHV0hFQyK3ZOhtcnA,329,329,0,2024-01-21T03:21:16+00:00,2026-09-09T17:18:04+00:00,False,PLAYLIST_EXHAUSTED,TERMINAL,0,0,0,NOT_VALIDATED,False,0,671,
UCyJplWD3_LWpNMOOkiVVurg,280,280,0,2025-02-06T12:01:15+00:00,2026-09-03T02:24:40+00:00,False,PLAYLIST_EXHAUSTED,TERMINAL,0,0,0,NOT_VALIDATED,False,0,720,
UCyMsZpmjEnQxpem3QEJ1G4Q,46,46,0,2020-07-05T11:00:12+00:00,2022-03-27T13:08:46+00:00,True,PLAYLIST_EXHAUSTED,TERMINAL,0,0,0,NOT_VALIDATED,False,0,954,
UCyPXMeC0RCQPGlImQXmN8xg,61,61,0,2023-07-08T10:38:54+00:00,2026-05-06T13:00:06+00:00,False,PLAYLIST_EXHAUSTED,TERMINAL,0,0,0,NOT_VALIDATED,False,0,939,
UCySlA9Pv5IVXvkW_lN_NXRw,581,581,0,2022-01-19T14:06:48+00:00,2026-09-06T13:09:38+00:00,False,PLAYLIST_EXHAUSTED,TERMINAL,0,0,0,NOT_VALIDATED,False,0,419,
UCyTfmwqdhzlv9YD6-vmz2tQ,577,577,0,2021-12-11T08:40:03+00:00,2026-09-09T09:00:03+00:00,False,PLAYLIST_EXHAUSTED,TERMINAL,0,0,0,NOT_VALIDATED,False,0,423,
UCyVnAtNZMl0S4x6F3msaElg,185,185,0,2022-07-04T21:13:16+00:00,2026-09-09T14:25:40+00:00,False,PLAYLIST_EXHAUSTED,TERMINAL,0,0,0,NOT_VALIDATED,False,0,815,
UCyXcXkTe7XZYGvX7A3_f3Jw,650,650,0,2024-11-15T11:33:35+00:00,2026-09-09T15:49:08+00:00,False,PENDING,PENDING_PAGINATION,0,0,0,NOT_VALIDATED,False,,350,
UCyZOcyIIrCmWMWlZCbPL9kw,214,214,0,2023-01-01T03:20:37+00:00,2026-09-10T06:11:09+00:00,False,PLAYLIST_EXHAUSTED,TERMINAL,0,0,0,NOT_VALIDATED,False,0,786,
UCydCZ9HbM9TbvXwsoI8rSdQ,650,650,0,2023-08-08T10:49:26+00:00,2026-09-08T00:00:25+00:00,False,PENDING,PENDING_PAGINATION,0,0,0,NOT_VALIDATED,False,,350,
UCyjuanhJSwS5h6edhGKmMbQ,63,63,0,2025-04-28T10:01:09+00:00,2026-09-08T13:56:14+00:00,False,PLAYLIST_EXHAUSTED,TERMINAL,0,0,0,NOT_VALIDATED,False,0,937,
UCysbx8fVJc92SL4KtsakA8Q,40,40,0,2023-01-01T06:15:12+00:00,2023-10-15T03:07:06+00:00,False,PLAYLIST_EXHAUSTED,TERMINAL,0,0,0,NOT_VALIDATED,False,0,960,
UCyv2oEiAXQp9xLlBr1Tn6Vg,41,41,0,2022-01-30T01:49:57+00:00,2026-08-15T15:00:26+00:00,False,PLAYLIST_EXHAUSTED,TERMINAL,0,0,0,NOT_VALIDATED,False,0,959,
UCz-_0-a_GPsU1-lrJJfYz7w,650,650,0,2025-01-30T15:16:01+00:00,2026-09-09T18:18:53+00:00,False,PENDING,PENDING_PAGINATION,0,0,0,NOT_VALIDATED,False,,350,
UCz8nJz2tNY6dbNiQ0JlZnnw,13,13,0,2024-03-24T09:41:57+00:00,2025-03-09T18:06:56+00:00,False,PLAYLIST_EXHAUSTED,TERMINAL,0,0,0,NOT_VALIDATED,False,0,987,
UCzH5tEYALkblyTy99n3-YEA,496,496,0,2022-05-29T18:00:05+00:00,2026-09-10T04:04:14+00:00,False,PLAYLIST_EXHAUSTED,TERMINAL,0,0,0,NOT_VALIDATED,False,0,504,
UCzHbS7cXhke4di7y2RV8wyw,195,195,0,2022-05-10T05:00:13+00:00,2025-01-05T06:11:46+00:00,False,PLAYLIST_EXHAUSTED,TERMINAL,0,0,0,NOT_VALIDATED,False,0,805,
UCzM-6yhdmR4UGS_g_zzSf5Q,165,165,0,2023-07-21T15:53:27+00:00,2026-09-05T16:20:18+00:00,False,PLAYLIST_EXHAUSTED,TERMINAL,0,0,0,NOT_VALIDATED,False,0,835,
UCzOlFrxT8PsxRRA5E4MiMUQ,7,7,0,2020-08-09T10:06:38+00:00,2021-07-28T17:00:21+00:00,True,PLAYLIST_EXHAUSTED,TERMINAL,0,0,0,NOT_VALIDATED,False,0,993,
UCzVku8IXYwuk04hCXUh6nng,649,649,0,2024-07-15T17:39:31+00:00,2026-09-01T13:58:52+00:00,False,PENDING,PENDING_PAGINATION,0,0,1,NOT_VALIDATED,False,,351,
UCzXQmOiroz8RwldLOFiuVAw,650,650,0,2021-09-01T17:53:17+00:00,2026-09-09T17:54:54+00:00,False,PENDING,PENDING_PAGINATION,0,0,0,NOT_VALIDATED,False,,350,
UCzYPCWp1tiIXgQ_aj39Oddw,0,0,0,,,False,PARTIAL_ERROR,NOT_FOUND,0,0,0,NOT_VALIDATED,False,,1000,False
UCzYQq6dHfzsNqBOwK1nw07A,165,165,0,2021-06-17T09:07:29+00:00,2022-08-18T11:00:20+00:00,False,PLAYLIST_EXHAUSTED,TERMINAL,0,0,0,NOT_VALIDATED,False,0,835,
UCzc8C1vlN6t3ZfAkQLemjIg,101,101,0,2023-12-25T14:55:23+00:00,2026-09-10T08:43:41+00:00,False,PLAYLIST_EXHAUSTED,TERMINAL,0,0,0,NOT_VALIDATED,False,0,899,
UCzfzVFRd81VcN7mseTpusIg,101,101,0,2025-03-16T04:22:22+00:00,2026-09-06T18:08:42+00:00,False,PLAYLIST_EXHAUSTED,TERMINAL,0,0,0,NOT_VALIDATED,False,0,899,
UCzgxF7sRv7n4V8l7uU-tdYQ,223,223,0,2021-08-23T10:45:54+00:00,2024-07-22T10:44:37+00:00,False,PLAYLIST_EXHAUSTED,TERMINAL,0,0,0,NOT_VALIDATED,False,0,777,
UCziNHXJm0dWUHoi6d0lfGXQ,270,270,0,2021-10-10T16:18:55+00:00,2026-09-10T03:00:21+00:00,False,PLAYLIST_EXHAUSTED,TERMINAL,0,0,0,NOT_VALIDATED,False,0,730,
UCzpxNuttbdXvtmZH4w5kRnA,602,602,0,2023-05-04T06:30:10+00:00,2026-08-10T09:42:10+00:00,False,PLAYLIST_EXHAUSTED,TERMINAL,0,0,0,NOT_VALIDATED,False,0,398,
UCzqqEpXJN-HMmFp-_hHyHGA,339,339,0,2021-05-27T02:24:53+00:00,2025-10-08T05:09:12+00:00,False,PLAYLIST_EXHAUSTED,TERMINAL,0,0,0,NOT_VALIDATED,False,0,661,
UCzyUybcviqNk9YXKuMhCXqQ,650,650,0,2024-02-29T15:12:24+00:00,2026-09-08T20:10:38+00:00,False,PENDING,PENDING_PAGINATION,0,0,0,NOT_VALIDATED,False,,350,
